type,project_id,project_name,id,label,amount,amount_ex_vat,vat_rate,percent,due_date,actual_date,milestone_id,created_at,contract_value,contract_signed_date,expenses,expected_profit,max_materials_expense,max_man_hr_expense,opex_value,opex_expense_percent,warranty_years,system_lifetime_years,milestone_kind,milestone_note,month,status,opening_cash,opening_cash_as_of,min_working_capital,prob_cold_lead,prob_hot_lead,prob_under_development,prob_commissioned,fixed_monthly,category,subcategory,warehouse_lot_id,warehouse_item_id,qty,is_maintenance,is_opex,budget_amount,source_sklad,wh_site,wh_slot,event_id,intentional,actor_user_id,actor_name,action,field,old_value,new_value,summary,occurred_at,entity_type,entity_id
company,,,,,,,,,,,,,,,,,,,,,,,,,,,630000,2026-07,200000,10,40,100,100,,,,,,,,,,,,,,,,,,,,,,,,
company_opex,,,,,220000,,,,,,,,,,,,,,,,,,,,2026-08,projected,,,,,,,,220000,,,,,,,,,,,,,,,,,,,,,,,
company_opex,,,,,220000,,,,,,,,,,,,,,,,,,,,2026-09,projected,,,,,,,,220000,,,,,,,,,,,,,,,,,,,,,,,
company_opex,,,,,220000,,,,,,,,,,,,,,,,,,,,2026-10,projected,,,,,,,,220000,,,,,,,,,,,,,,,,,,,,,,,
company_opex,,,,,220000,,,,,,,,,,,,,,,,,,,,2026-11,projected,,,,,,,,220000,,,,,,,,,,,,,,,,,,,,,,,
company_opex,,,,,220000,,,,,,,,,,,,,,,,,,,,2026-12,projected,,,,,,,,220000,,,,,,,,,,,,,,,,,,,,,,,
company_opex,,,,,220000,,,,,,,,,,,,,,,,,,,,2027-01,projected,,,,,,,,220000,,,,,,,,,,,,,,,,,,,,,,,
company_opex,,,,,220000,,,,,,,,,,,,,,,,,,,,2027-02,projected,,,,,,,,220000,,,,,,,,,,,,,,,,,,,,,,,
company_opex,,,,,220000,,,,,,,,,,,,,,,,,,,,2027-03,projected,,,,,,,,220000,,,,,,,,,,,,,,,,,,,,,,,
company_opex,,,,,220000,,,,,,,,,,,,,,,,,,,,2027-04,projected,,,,,,,,220000,,,,,,,,,,,,,,,,,,,,,,,
company_opex,,,,,220000,,,,,,,,,,,,,,,,,,,,2027-05,projected,,,,,,,,220000,,,,,,,,,,,,,,,,,,,,,,,
company_opex,,,,,220000,,,,,,,,,,,,,,,,,,,,2027-06,projected,,,,,,,,220000,,,,,,,,,,,,,,,,,,,,,,,
company_opex,,,,,220000,,,,,,,,,,,,,,,,,,,,2027-07,projected,,,,,,,,220000,,,,,,,,,,,,,,,,,,,,,,,
company_opex,,,,,220000,,,,,,,,,,,,,,,,,,,,2027-08,projected,,,,,,,,220000,,,,,,,,,,,,,,,,,,,,,,,
company_opex,,,,,220000,,,,,,,,,,,,,,,,,,,,2027-09,projected,,,,,,,,220000,,,,,,,,,,,,,,,,,,,,,,,
company_opex,,,,,220000,,,,,,,,,,,,,,,,,,,,2027-10,projected,,,,,,,,220000,,,,,,,,,,,,,,,,,,,,,,,
company_opex,,,,,220000,,,,,,,,,,,,,,,,,,,,2027-11,projected,,,,,,,,220000,,,,,,,,,,,,,,,,,,,,,,,
company_opex,,,,,220000,,,,,,,,,,,,,,,,,,,,2027-12,projected,,,,,,,,220000,,,,,,,,,,,,,,,,,,,,,,,
company_opex,,,,,220000,,,,,,,,,,,,,,,,,,,,2028-01,projected,,,,,,,,220000,,,,,,,,,,,,,,,,,,,,,,,
company_opex,,,,,220000,,,,,,,,,,,,,,,,,,,,2028-02,projected,,,,,,,,220000,,,,,,,,,,,,,,,,,,,,,,,
company_opex,,,,,220000,,,,,,,,,,,,,,,,,,,,2028-03,projected,,,,,,,,220000,,,,,,,,,,,,,,,,,,,,,,,
company_opex,,,,,220000,,,,,,,,,,,,,,,,,,,,2028-04,projected,,,,,,,,220000,,,,,,,,,,,,,,,,,,,,,,,
company_opex,,,,,220000,,,,,,,,,,,,,,,,,,,,2028-05,projected,,,,,,,,220000,,,,,,,,,,,,,,,,,,,,,,,
company_opex,,,,,220000,,,,,,,,,,,,,,,,,,,,2028-06,projected,,,,,,,,220000,,,,,,,,,,,,,,,,,,,,,,,
company_opex,,,,,220000,,,,,,,,,,,,,,,,,,,,2028-07,projected,,,,,,,,220000,,,,,,,,,,,,,,,,,,,,,,,
company_opex,,,,,220000,,,,,,,,,,,,,,,,,,,,2028-08,projected,,,,,,,,220000,,,,,,,,,,,,,,,,,,,,,,,
company_opex,,,,,220000,,,,,,,,,,,,,,,,,,,,2028-09,projected,,,,,,,,220000,,,,,,,,,,,,,,,,,,,,,,,
company_opex,,,,,220000,,,,,,,,,,,,,,,,,,,,2028-10,projected,,,,,,,,220000,,,,,,,,,,,,,,,,,,,,,,,
company_opex,,,,,220000,,,,,,,,,,,,,,,,,,,,2028-11,projected,,,,,,,,220000,,,,,,,,,,,,,,,,,,,,,,,
company_opex,,,,,220000,,,,,,,,,,,,,,,,,,,,2028-12,projected,,,,,,,,220000,,,,,,,,,,,,,,,,,,,,,,,
company_opex,,,,,220000,,,,,,,,,,,,,,,,,,,,2029-01,projected,,,,,,,,220000,,,,,,,,,,,,,,,,,,,,,,,
company_opex,,,,,220000,,,,,,,,,,,,,,,,,,,,2029-02,projected,,,,,,,,220000,,,,,,,,,,,,,,,,,,,,,,,
company_opex,,,,,220000,,,,,,,,,,,,,,,,,,,,2029-03,projected,,,,,,,,220000,,,,,,,,,,,,,,,,,,,,,,,
company_opex,,,,,220000,,,,,,,,,,,,,,,,,,,,2029-04,projected,,,,,,,,220000,,,,,,,,,,,,,,,,,,,,,,,
company_opex,,,,,220000,,,,,,,,,,,,,,,,,,,,2029-05,projected,,,,,,,,220000,,,,,,,,,,,,,,,,,,,,,,,
company_opex,,,,,220000,,,,,,,,,,,,,,,,,,,,2029-06,projected,,,,,,,,220000,,,,,,,,,,,,,,,,,,,,,,,
company_opex,,,,,220000,,,,,,,,,,,,,,,,,,,,2029-07,projected,,,,,,,,220000,,,,,,,,,,,,,,,,,,,,,,,
company_opex,,,,,220000,,,,,,,,,,,,,,,,,,,,2029-08,projected,,,,,,,,220000,,,,,,,,,,,,,,,,,,,,,,,
company_opex,,,,,220000,,,,,,,,,,,,,,,,,,,,2029-09,projected,,,,,,,,220000,,,,,,,,,,,,,,,,,,,,,,,
company_opex,,,,,220000,,,,,,,,,,,,,,,,,,,,2029-10,projected,,,,,,,,220000,,,,,,,,,,,,,,,,,,,,,,,
project,9c7b4861-6f89-41a6-9812-498dc6641eb7,EDIBON - MH Study Lab,,,,,,,,,,,,,,,,,,,,,,,,,,,,,,,,,,,,,,,,,,,,,,,,,,,,,,,
expense,9c7b4861-6f89-41a6-9812-498dc6641eb7,EDIBON - MH Study Lab,1ef4b539-4cce-4c61-b073-d82df8ed32c1,cyl LXF 1L L6X 200bar 17E/mill finish all over + EAC stamping [TV.874],292,292,0.2,,2026-08-18,2026-08-18,,2026-08-25T12:38:08.352Z,,,,,,,,,,,,,,,,,,,,,,,materials,,1f356ab3-7a6e-448d-b178-c75cefc5d416,,,,,,,,,,,,,,,,,,,,
expense,9c7b4861-6f89-41a6-9812-498dc6641eb7,EDIBON - MH Study Lab,08b3ce6d-6010-478d-b4e1-af3bdfbd4127,"Valve GCE H2 DIN01 17E-W21,8x1/14"" LH 200bar / H2 DIN01 25E-W21,8x1/14"" LH 200bar [TV.6336]",92,92,0.2,,2026-08-18,2026-08-18,,2026-08-25T12:38:08.352Z,,,,,,,,,,,,,,,,,,,,,,,materials,,2d25f7e0-e0e3-4f93-8a8d-8f450c3dc953,,,,,,,,,,,,,,,,,,,,
expense,9c7b4861-6f89-41a6-9812-498dc6641eb7,EDIBON - MH Study Lab,fbffb8ea-d600-4a51-8438-575d4edb52fd,cyl LXF 3L L6X 200bar 25E/mill finish all over [TV.5130],419.32,419.32,0.2,,2026-08-18,2026-08-18,,2026-08-25T12:38:08.352Z,,,,,,,,,,,,,,,,,,,,,,,materials,,f71c8aad-8f83-4723-9f6e-c15ca0224c71,,,,,,,,,,,,,,,,,,,,
expense,9c7b4861-6f89-41a6-9812-498dc6641eb7,EDIBON - MH Study Lab,bf325155-23ea-4ab0-87e3-0153fb0e4544,"Valve GCE H2 DIN01 25E-W21,8x1/14"" LH 200bar / H2 DIN01 25E-W21,8x1/14"" LH 200bar [TV.2872]",78.4,78.4,0.2,,2026-08-18,2026-08-18,,2026-08-25T12:38:08.352Z,,,,,,,,,,,,,,,,,,,,,,,materials,,5f787a8c-a688-4dfb-b730-86c7fc58e128,,,,,,,,,,,,,,,,,,,,
expense,9c7b4861-6f89-41a6-9812-498dc6641eb7,EDIBON - MH Study Lab,afb6cb97-4f91-4599-b10c-f7fd58b521e2,Plastic Cage W80 [TV.3814],30,30,0.2,,2026-08-18,2026-08-18,,2026-08-25T12:38:08.352Z,,,,,,,,,,,,,,,,,,,,,,,materials,,a2c169b8-1389-48d8-b614-7a5640a21438,,,,,,,,,,,,,,,,,,,,
expense,9c7b4861-6f89-41a6-9812-498dc6641eb7,EDIBON - MH Study Lab,fea58506-7833-4bde-a584-9b8fb0a7353d,Packing in box /over160mm dia/ [TV.4857],30,30,0.2,,2026-08-18,2026-08-18,,2026-08-25T12:38:08.352Z,,,,,,,,,,,,,,,,,,,,,,,materials,,e7755f92-92c3-4c12-8ca0-42fc974d7fde,,,,,,,,,,,,,,,,,,,,
expense,9c7b4861-6f89-41a6-9812-498dc6641eb7,EDIBON - MH Study Lab,3d5b73fc-e869-42d3-9cbe-bdd69ae73fba,Transport cost (OC EGZ26-01867-1) [TV.5278],75,75,0.2,,2026-08-18,2026-08-18,,2026-08-25T12:38:08.352Z,,,,,,,,,,,,,,,,,,,,,,,materials,,cca14ed6-1d32-4053-928e-ddec1ff1e426,,,,,,,,,,,,,,,,,,,,
project,1652c35c-ec28-4d2d-a24b-481767ffa4f6,H2Go Portable Recharging Station,,,,,,,,,,,,,,,,,,,,,,,,,,,,,,,,,,,,,,,,,,,,,,,,,,,,,,,
project,54a52555-9309-41fe-8e37-bacbb90670c3,Example 500kW Z-Series,,,,,,,,,,,,,,,,,,,,,,,,,,,,,,,,,,,,,,,,,,,,,,,,,,,,,,,
project,5ce014c6-ac45-463f-9bb5-ad585f5c31ef,Kozloduy Nuclear Power Plant,,,,,,,,,,,,,,,,,,,,,,,,,,,,,,,,,,,,,,,,,,,,,,,,,,,,,,,
project,727137a6-df5f-4052-beed-f773c926d116,Drees&Sommer Tender,,,,,,,,,,,,,,,,,,,,,,,,,,,,,,,,,,,,,,,,,,,,,,,,,,,,,,,
project,cdbdf854-4a8c-4396-a379-d01553ea19ee,H2Go Portable Recharging Station,,,,,,,,,,,,,,,,,,,,,,,,,,,,,,,,,,,,,,,,,,,,,,,,,,,,,,,
project,764b4dfb-2829-4bb9-a87a-c986baaf5293,20MW Project with N1 and Stargate,,,,,,,,,,,,,,,,,,,,,,,,,,,,,,,,,,,,,,,,,,,,,,,,,,,,,,,
project,026abed1-da54-4f08-bd47-506a47758333,Algeria 1MW with Stargate,,,,,,,,,,,1250000,,,,800000,,,,,,,,,,,,,,,,,,,,,,,,,,,,,,,,,,,,,,,,
payment,026abed1-da54-4f08-bd47-506a47758333,Algeria 1MW with Stargate,382735ff-3600-4886-aa43-d2b1e9dcec9d,,750000,,,60,2026-09-15,,a9e4cb35-9de3-469b-b33e-67a2b7853395,2026-08-24T12:41:02.638Z,,,,,,,,,,,,,,,,,,,,,,,,,,,,,,,,,,,,,,,,,,,,,
payment,026abed1-da54-4f08-bd47-506a47758333,Algeria 1MW with Stargate,d907cf92-00ea-4e36-aceb-79e371554acc,,125000,,,10,2026-10-30,,2058a3ac-426a-4a85-b32c-36046e90e195,2026-08-24T12:43:00.964Z,,,,,,,,,,,,,,,,,,,,,,,,,,,,,,,,,,,,,,,,,,,,,
payment,026abed1-da54-4f08-bd47-506a47758333,Algeria 1MW with Stargate,cb8f7f16-72eb-4fbc-9de2-d47714d0e7b2,,125000,,,10,2026-11-14,,d3b2d43a-b9fe-485f-b2c2-6078c3775560,2026-08-24T12:43:07.954Z,,,,,,,,,,,,,,,,,,,,,,,,,,,,,,,,,,,,,,,,,,,,,
payment,026abed1-da54-4f08-bd47-506a47758333,Algeria 1MW with Stargate,aa93e760-fa03-4eca-be28-cd72a7b0e37c,,125000,,,10,2027-04-14,,3c1c5346-0122-4095-b269-0c23a2b24b67,2026-08-24T12:43:12.847Z,,,,,,,,,,,,,,,,,,,,,,,,,,,,,,,,,,,,,,,,,,,,,
payment,026abed1-da54-4f08-bd47-506a47758333,Algeria 1MW with Stargate,ca54fd18-7837-4407-a53a-4023fd5ecf8c,,62500,,,5,2027-05-03,,afdd74e4-0949-4b8c-a5a6-091e15bd95cc,2026-08-24T12:43:54.488Z,,,,,,,,,,,,,,,,,,,,,,,,,,,,,,,,,,,,,,,,,,,,,
payment,026abed1-da54-4f08-bd47-506a47758333,Algeria 1MW with Stargate,2f8e7a3b-e5fb-4c29-8894-fd9c08cb6649,,62500,,,5,2027-06-13,,8e898c71-25de-4591-a51c-6c94cdbc869f,2026-08-24T12:43:59.859Z,,,,,,,,,,,,,,,,,,,,,,,,,,,,,,,,,,,,,,,,,,,,,
expense,026abed1-da54-4f08-bd47-506a47758333,Algeria 1MW with Stargate,7f775cc9-bb96-44e0-9395-79eadb28397b,Manufacture materials,480000,400000,0.2,60,2026-09-15,,a9e4cb35-9de3-469b-b33e-67a2b7853395,2026-08-24T13:26:20.473Z,,,,,,,,,,,,,,,,,,,,,,,materials,,,,,,,,,,,,,,,,,,,,,,
expense,026abed1-da54-4f08-bd47-506a47758333,Algeria 1MW with Stargate,9bdaf3f7-fe3a-43c8-80d8-c27d3ddf1733,Manufacture materials,80000,66666.67,0.2,10,2026-10-30,,2058a3ac-426a-4a85-b32c-36046e90e195,2026-08-24T13:26:20.473Z,,,,,,,,,,,,,,,,,,,,,,,materials,,,,,,,,,,,,,,,,,,,,,,
expense,026abed1-da54-4f08-bd47-506a47758333,Algeria 1MW with Stargate,3c7f7da4-82ab-4f9d-bc94-711ed485c735,Manufacture materials,80000,66666.67,0.2,10,2026-11-14,,d3b2d43a-b9fe-485f-b2c2-6078c3775560,2026-08-24T13:26:20.473Z,,,,,,,,,,,,,,,,,,,,,,,materials,,,,,,,,,,,,,,,,,,,,,,
expense,026abed1-da54-4f08-bd47-506a47758333,Algeria 1MW with Stargate,4edad7c2-3730-480d-a718-8629ed75afab,Manufacture materials,80000,66666.67,0.2,10,2027-04-14,,3c1c5346-0122-4095-b269-0c23a2b24b67,2026-08-24T13:26:20.473Z,,,,,,,,,,,,,,,,,,,,,,,materials,,,,,,,,,,,,,,,,,,,,,,
expense,026abed1-da54-4f08-bd47-506a47758333,Algeria 1MW with Stargate,268604ba-36c5-42f5-ae20-a7704bb298bb,Manufacture materials,40000,33333.33,0.2,5,2027-05-03,,afdd74e4-0949-4b8c-a5a6-091e15bd95cc,2026-08-24T13:26:20.473Z,,,,,,,,,,,,,,,,,,,,,,,materials,,,,,,,,,,,,,,,,,,,,,,
expense,026abed1-da54-4f08-bd47-506a47758333,Algeria 1MW with Stargate,3cf401e5-d07b-43f7-8919-9445c051124c,Manufacture materials,40000,33333.33,0.2,5,2027-06-13,,8e898c71-25de-4591-a51c-6c94cdbc869f,2026-08-24T13:26:20.473Z,,,,,,,,,,,,,,,,,,,,,,,materials,,,,,,,,,,,,,,,,,,,,,,
project,07cda257-fbf6-4e75-8854-4a821d67387c,IHMIE H2 Powered UAV,,,,,,,,,,,,,,,,,,,,,,,,,,,,,,,,,,,,,,,,,,,,,,,,,,,,,,,
project,d38d2ca5-53ca-4423-87f0-08a785fa05e4,ETEM Gestamp CNG Burners Optimisation,,,,,,,,,,,,,,,,,,,,,,,,,,,,,,,,,,,,,,,,,,,,,,,,,,,,,,,
project,ab827b1d-b692-42ce-9b0e-265e34358715,ICODOS w/ Stargate,,,,,,,,,,,700000,,,,380000,,,,,,,,,,,,,,,,,,,,,,,,,,,,,,,,,,,,,,,,
payment,ab827b1d-b692-42ce-9b0e-265e34358715,ICODOS w/ Stargate,40783b41-367c-44e7-8e21-8bfa0baed809,,420000,,,60,2027-03-01,,a7f656ac-40c3-4dc0-9ebf-071f70b43ff5,2026-08-24T13:00:49.435Z,,,,,,,,,,,,,,,,,,,,,,,,,,,,,,,,,,,,,,,,,,,,,
payment,ab827b1d-b692-42ce-9b0e-265e34358715,ICODOS w/ Stargate,06e921c5-f69e-4abf-b223-99215404ab7d,,70000,,,10,2027-04-10,,58065d40-bd51-4afd-919e-f98258a6dab2,2026-08-24T13:01:10.176Z,,,,,,,,,,,,,,,,,,,,,,,,,,,,,,,,,,,,,,,,,,,,,
payment,ab827b1d-b692-42ce-9b0e-265e34358715,ICODOS w/ Stargate,af396fd1-e9a4-472e-b30b-875fec832aa9,,70000,,,10,2027-04-30,,e72b6bc6-ea90-4f56-92a2-c8735340bd68,2026-08-24T13:01:18.291Z,,,,,,,,,,,,,,,,,,,,,,,,,,,,,,,,,,,,,,,,,,,,,
payment,ab827b1d-b692-42ce-9b0e-265e34358715,ICODOS w/ Stargate,3b48f2c8-8cac-4e0d-8c15-2e83d314c9c9,,70000,,,10,2027-08-30,,1efb11cb-9716-4db5-b27a-35681f1640b4,2026-08-24T13:01:26.124Z,,,,,,,,,,,,,,,,,,,,,,,,,,,,,,,,,,,,,,,,,,,,,
payment,ab827b1d-b692-42ce-9b0e-265e34358715,ICODOS w/ Stargate,ad5853e5-4777-40ce-81f3-e363b309071b,,35000,,,5,2027-09-18,,c87ac13a-d494-420c-8c7f-952642d29b8c,2026-08-24T13:01:43.548Z,,,,,,,,,,,,,,,,,,,,,,,,,,,,,,,,,,,,,,,,,,,,,
payment,ab827b1d-b692-42ce-9b0e-265e34358715,ICODOS w/ Stargate,85ed1576-ccb8-4594-a657-d7122adde169,,35000,,,5,2027-10-29,,f7c383fe-b41e-431d-9cfc-f124b98fa115,2026-08-24T13:01:48.191Z,,,,,,,,,,,,,,,,,,,,,,,,,,,,,,,,,,,,,,,,,,,,,
expense,ab827b1d-b692-42ce-9b0e-265e34358715,ICODOS w/ Stargate,e1d19d1a-6f9f-465e-9ece-9ccd000c2b7f,Manufacture materials,228000,190000,0.2,60,2027-03-01,,a7f656ac-40c3-4dc0-9ebf-071f70b43ff5,2026-08-24T13:29:31.124Z,,,,,,,,,,,,,,,,,,,,,,,materials,,,,,,,,,,,,,,,,,,,,,,
expense,ab827b1d-b692-42ce-9b0e-265e34358715,ICODOS w/ Stargate,4118a8ba-9874-40f4-b56d-1b03fa984784,Manufacture materials,38000,31666.67,0.2,10,2027-04-10,,58065d40-bd51-4afd-919e-f98258a6dab2,2026-08-24T13:29:31.124Z,,,,,,,,,,,,,,,,,,,,,,,materials,,,,,,,,,,,,,,,,,,,,,,
expense,ab827b1d-b692-42ce-9b0e-265e34358715,ICODOS w/ Stargate,f0849536-0342-4866-9e88-8813fe53d1fb,Manufacture materials,38000,31666.67,0.2,10,2027-04-30,,e72b6bc6-ea90-4f56-92a2-c8735340bd68,2026-08-24T13:29:31.124Z,,,,,,,,,,,,,,,,,,,,,,,materials,,,,,,,,,,,,,,,,,,,,,,
expense,ab827b1d-b692-42ce-9b0e-265e34358715,ICODOS w/ Stargate,8e5bf016-2ec4-489b-a6cf-f23c3073e708,Manufacture materials,38000,31666.67,0.2,10,2027-08-30,,1efb11cb-9716-4db5-b27a-35681f1640b4,2026-08-24T13:29:31.124Z,,,,,,,,,,,,,,,,,,,,,,,materials,,,,,,,,,,,,,,,,,,,,,,
expense,ab827b1d-b692-42ce-9b0e-265e34358715,ICODOS w/ Stargate,1a621075-9910-47cc-9e7f-ede045db3f96,Manufacture materials,19000,15833.33,0.2,5,2027-09-18,,c87ac13a-d494-420c-8c7f-952642d29b8c,2026-08-24T13:29:31.124Z,,,,,,,,,,,,,,,,,,,,,,,materials,,,,,,,,,,,,,,,,,,,,,,
expense,ab827b1d-b692-42ce-9b0e-265e34358715,ICODOS w/ Stargate,5d104098-c130-4f48-ac7b-a5852c4884ba,Manufacture materials,19000,15833.33,0.2,5,2027-10-29,,f7c383fe-b41e-431d-9cfc-f124b98fa115,2026-08-24T13:29:31.124Z,,,,,,,,,,,,,,,,,,,,,,,materials,,,,,,,,,,,,,,,,,,,,,,
project,1d8bc7da-e246-43a2-b451-8399548bb049,ENSA,,,,,,,,,,,308450.93,,,,,,,,,,,,,,,,,,,,,,,,,,,,,,,,,,,,,,,,,,,,
payment,1d8bc7da-e246-43a2-b451-8399548bb049,ENSA,e1f1603a-655c-44e7-8902-ddac82a5ddd3,Prepayment,215915.65,,,70,2026-09-15,,,2026-08-11T10:46:23.680Z,,,,,,,,,,,,,,,,,,,,,,,,,,,,,,,,,,,,,,,,,,,,,
expense,1d8bc7da-e246-43a2-b451-8399548bb049,ENSA,707d5446-519b-44e4-92fd-063e62d64dd6,Material purchase,100000,83333.33,0.2,,2026-10-01,,,2026-08-11T13:35:15.708Z,,,,,,,,,,,,,,,,,,,,,,,materials,,,,,,,,,,,,,,,,,,,,,,
expense,1d8bc7da-e246-43a2-b451-8399548bb049,ENSA,bd76c1e0-464e-4dae-9ffd-087ec5245aba,Comission,80000,66666.67,0.2,,2026-10-01,,,2026-08-13T07:57:09.162Z,,,,,,,,,,,,,,,,,,,,,,,admin,,,,,,,,,,,,,,,,,,,,,,
project,721b9904-5a51-4584-872b-2606f5bb9c7a,Afrisam Plant - South Africa,,,,,,,,,,,,,,,,,,,,,,,,,,,,,,,,,,,,,,,,,,,,,,,,,,,,,,,
project,2a26c93a-d972-445e-b673-e0cf8b3b7c1f,LE Electrolyzer H2 Wind Saar GmbH,,,,,,,,,,,,,,,,,,,,,,,,,,,,,,,,,,,,,,,,,,,,,,,,,,,,,,,
project,449ed1ad-f491-47e9-b448-3a99003244c8,Power Box for Film Industry,,,,,,,,,,,,,,,,,,,,,,,,,,,,,,,,,,,,,,,,,,,,,,,,,,,,,,,
project,e74987ce-e334-4f35-ae8c-f05d28c9760e,HYPERGRID,,,,,,,,,,,,,,,,,,,,,,,,,,,,,,,,,,,,,,,,,,,,,,,,,,,,,,,
project,15f20fea-518c-468f-a52f-592a8348c6f1,Maple Leaf Coal-fired Steam Power Plant,,,,,,,,,,,,,,,,,,,,,,,,,,,,,,,,,,,,,,,,,,,,,,,,,,,,,,,
project,9a47e289-8702-4908-8f16-fe0ead38d16a,Calcit,,,,,,,,,,,,,,,,,,,,,,,,,,,,,,,,,,,,,,,,,,,,,,,,,,,,,,,
project,4ec92b16-dcaf-4348-9e47-69d06802758f,Royal Cement Line 2 in Egypt,,,,,,,,,,,3250000,,,,,,,,,,,,,,,,,,,,,,,,,,,,,,,,,,,,,,,,,,,,
project,5be79015-4859-473a-be38-10cabff0b0af,Italy 10kW,,,,,,,,,,,,,,,,,,,,,,,,,,,,,,,,,,,,,,,,,,,,,,,,,,,,,,,
expense,5be79015-4859-473a-be38-10cabff0b0af,Italy 10kW,8764ceb8-c1d0-4147-8e8d-519f84027972,Manufacture materials (warehouse),3518.94,2932.56,0.2,,2026-08-08,2026-08-08,,2026-08-08T08:03:55.021Z,,,,,,,,,,,,,,,,,,,,,,,materials,,,,,,,4077.95,,,,,,,,,,,,,,,
project,176df9ba-e086-4e65-b29f-4029300364e0,Warehouse / Central stock,,,,,,,,,,,,,,,,,,,,,,,,,,,,,,,,,,,,,,,,,,,,,,,,,,,,,,,
project,9cdc40c6-77b8-4bf4-8610-83e21cfd85e7,BA Glass Sofia,,,,,,,,,,,,,,,,,,,,,,,,,,,,,,,,,,,,,,,,,,,,,,,,,,,,,,,
project,28bd60c4-becc-4311-a9db-62917590546d,Royal Cement Line 1 in Egypt,,,,,,,,,,,3250000,,,,,,,,,,,,,,,,,,,,,,,,,,,,,,,,,,,,,,,,,,,,
project,b2fd32ac-9d24-4ac4-8092-a5a106618c96,Ceramika PARADYŻ from Jersey,,,,,,,,,,,1000000,,,,260000,,,,,,,,,,,,,,,,,,,,,,,,,,,,,,,,,,,,,,,,
payment,b2fd32ac-9d24-4ac4-8092-a5a106618c96,Ceramika PARADYŻ from Jersey,1d574f83-2744-4b39-9b70-7bb301da0aef,Prepayment,600000,,,60,2026-09-01,,c8976971-9ef2-4729-b433-61037833ad99,2026-08-24T13:26:49.593Z,,,,,,,,,,,,,,,,,,,,,,,,,,,,,,,,,,,,,,,,,,,,,
payment,b2fd32ac-9d24-4ac4-8092-a5a106618c96,Ceramika PARADYŻ from Jersey,61c07641-1a5d-439f-abcc-bb1ebff4512b,Design approval,100000,,,10,2026-10-01,,2ff98b0a-e8f6-40be-88f2-4e55fc2b4d11,2026-08-24T13:26:49.593Z,,,,,,,,,,,,,,,,,,,,,,,,,,,,,,,,,,,,,,,,,,,,,
payment,b2fd32ac-9d24-4ac4-8092-a5a106618c96,Ceramika PARADYŻ from Jersey,da87937c-199f-4ea7-943e-e1e73696e6d6,Engineering done,100000,,,10,2026-10-01,,5b0f2026-0473-4010-bb57-d077d1ea27ff,2026-08-24T13:26:49.593Z,,,,,,,,,,,,,,,,,,,,,,,,,,,,,,,,,,,,,,,,,,,,,
payment,b2fd32ac-9d24-4ac4-8092-a5a106618c96,Ceramika PARADYŻ from Jersey,0ebf6e09-2ac2-4c41-8490-a4503349a251,FAT,100000,,,10,2027-03-01,,4f384ce9-4fb2-46eb-98c0-18e166332291,2026-08-24T13:26:49.593Z,,,,,,,,,,,,,,,,,,,,,,,,,,,,,,,,,,,,,,,,,,,,,
payment,b2fd32ac-9d24-4ac4-8092-a5a106618c96,Ceramika PARADYŻ from Jersey,9a672002-d54d-4eaf-9740-f538c48d3d27,Site prep and delivery,50000,,,5,2027-03-01,,,2026-08-24T13:26:49.593Z,,,,,,,,,,,,,,,,,,,,,,,,,,,,,,,,,,,,,,,,,,,,,
payment,b2fd32ac-9d24-4ac4-8092-a5a106618c96,Ceramika PARADYŻ from Jersey,ac489556-b86a-41b3-9156-3d4b5d041470,Final certificate,50000,,,5,2027-05-01,,0637c335-54e9-4be8-825f-a6d3820e0172,2026-08-24T13:26:49.593Z,,,,,,,,,,,,,,,,,,,,,,,,,,,,,,,,,,,,,,,,,,,,,
expense,b2fd32ac-9d24-4ac4-8092-a5a106618c96,Ceramika PARADYŻ from Jersey,764337ab-de52-4d7b-8789-b13565db946a,Manufacture materials · Prepayment,156000,130000,0.2,60,2026-09-01,,c8976971-9ef2-4729-b433-61037833ad99,2026-08-24T13:28:07.344Z,,,,,,,,,,,,,,,,,,,,,,,materials,,,,,,,,,,,,,,,,,,,,,,
expense,b2fd32ac-9d24-4ac4-8092-a5a106618c96,Ceramika PARADYŻ from Jersey,47ce8011-3901-4073-8684-1cc1decd15a8,Manufacture materials · Design approval,26000,21666.67,0.2,10,2026-10-01,,2ff98b0a-e8f6-40be-88f2-4e55fc2b4d11,2026-08-24T13:28:07.344Z,,,,,,,,,,,,,,,,,,,,,,,materials,,,,,,,,,,,,,,,,,,,,,,
expense,b2fd32ac-9d24-4ac4-8092-a5a106618c96,Ceramika PARADYŻ from Jersey,6f4b4ba6-5ba2-40ec-8034-a499ef47abfd,Manufacture materials · Engineering done,26000,21666.67,0.2,10,2026-10-01,,5b0f2026-0473-4010-bb57-d077d1ea27ff,2026-08-24T13:28:07.344Z,,,,,,,,,,,,,,,,,,,,,,,materials,,,,,,,,,,,,,,,,,,,,,,
expense,b2fd32ac-9d24-4ac4-8092-a5a106618c96,Ceramika PARADYŻ from Jersey,ef8a21c8-f53e-434f-a036-6844cb303d5b,Manufacture materials · FAT,26000,21666.67,0.2,10,2027-03-01,,4f384ce9-4fb2-46eb-98c0-18e166332291,2026-08-24T13:28:07.344Z,,,,,,,,,,,,,,,,,,,,,,,materials,,,,,,,,,,,,,,,,,,,,,,
expense,b2fd32ac-9d24-4ac4-8092-a5a106618c96,Ceramika PARADYŻ from Jersey,5b567dcc-8b4d-4a3d-995c-9b2b03fe23b6,Manufacture materials · Site prep and delivery,13000,10833.33,0.2,5,2027-03-01,,,2026-08-24T13:28:07.344Z,,,,,,,,,,,,,,,,,,,,,,,materials,,,,,,,,,,,,,,,,,,,,,,
expense,b2fd32ac-9d24-4ac4-8092-a5a106618c96,Ceramika PARADYŻ from Jersey,66405377-eaa8-411d-a07f-9e071ac6b2de,Manufacture materials · Final certificate,13000,10833.33,0.2,5,2027-05-01,,0637c335-54e9-4be8-825f-a6d3820e0172,2026-08-24T13:28:07.344Z,,,,,,,,,,,,,,,,,,,,,,,materials,,,,,,,,,,,,,,,,,,,,,,
project,ffa5c116-6ce2-4653-9508-1da0bb910a53,Titan Zlatna Panega,,,,,,,,,,,800000,,,,,,,,,,,,,,,,,,,,,,,,,,,,,,,,,,,,,,,,,,,,
payment,ffa5c116-6ce2-4653-9508-1da0bb910a53,Titan Zlatna Panega,9adf0324-5c13-4fb9-9bcf-d8f7f9c95158,Price to install the system back to their plant after the trials,800000,,,100,2026-11-30,,,2026-08-24T12:30:06.411Z,,,,,,,,,,,,,,,,,,,,,,,,,,,,,,,,,,,,,,,,,,,,,
expense,ffa5c116-6ce2-4653-9508-1da0bb910a53,Titan Zlatna Panega,c5c5376a-37c5-4d91-bbe2-9f1d8d8cfd28,Manufacture materials (warehouse),7645.92,6374.57,0.2,,2026-08-08,2026-08-08,,2026-08-08T08:03:55.021Z,,,,,,,,,,,,,,,,,,,,,,,materials,,,,,,,7472.67,,,,,,,,,,,,,,,
project,00dfd447-c3fa-4085-b87d-c73a96520219,Brikel,,,,,,,,,,,142500,,,,,,3750,50,1,15,,,,,,,,,,,,,,,,,,,,,,,,,,,,,,,,,,,
payment,00dfd447-c3fa-4085-b87d-c73a96520219,Brikel,59947235-3cf9-43ae-b8e8-ffc2f8513c7f,OPEX · Year 2,3750,,,,2028-05-28,,,2026-08-24T14:37:30.952Z,,,,,,,,,,,,,,,,,,,,,,,,,,,,,true,,,,,,,,,,,,,,,,
payment,00dfd447-c3fa-4085-b87d-c73a96520219,Brikel,bf2a17a7-6769-429c-9b7b-092e50f7ead8,OPEX · Year 3,3750,,,,2029-05-28,,,2026-08-24T14:37:30.952Z,,,,,,,,,,,,,,,,,,,,,,,,,,,,,true,,,,,,,,,,,,,,,,
payment,00dfd447-c3fa-4085-b87d-c73a96520219,Brikel,47c40f79-5c4f-4d5e-a763-40f58d215710,OPEX · Year 4,3750,,,,2030-05-28,,,2026-08-24T14:37:30.952Z,,,,,,,,,,,,,,,,,,,,,,,,,,,,,true,,,,,,,,,,,,,,,,
payment,00dfd447-c3fa-4085-b87d-c73a96520219,Brikel,bf949ab3-f7af-43a3-8489-b0d85cd54357,OPEX · Year 5,3750,,,,2031-05-28,,,2026-08-24T14:37:30.952Z,,,,,,,,,,,,,,,,,,,,,,,,,,,,,true,,,,,,,,,,,,,,,,
payment,00dfd447-c3fa-4085-b87d-c73a96520219,Brikel,f9cb3982-b716-4670-95a3-8878e5dfa1ad,OPEX · Year 6,3750,,,,2032-05-28,,,2026-08-24T14:37:30.952Z,,,,,,,,,,,,,,,,,,,,,,,,,,,,,true,,,,,,,,,,,,,,,,
payment,00dfd447-c3fa-4085-b87d-c73a96520219,Brikel,89be29e3-4680-4f45-9336-6b7f72647aa5,OPEX · Year 7,3750,,,,2033-05-28,,,2026-08-24T14:37:30.952Z,,,,,,,,,,,,,,,,,,,,,,,,,,,,,true,,,,,,,,,,,,,,,,
payment,00dfd447-c3fa-4085-b87d-c73a96520219,Brikel,d51a3cce-5d9f-4f38-b534-8c6d53a97107,OPEX · Year 8,3750,,,,2034-05-28,,,2026-08-24T14:37:30.952Z,,,,,,,,,,,,,,,,,,,,,,,,,,,,,true,,,,,,,,,,,,,,,,
payment,00dfd447-c3fa-4085-b87d-c73a96520219,Brikel,eccc674e-48b6-439c-851c-d6482701ab7a,OPEX · Year 9,3750,,,,2035-05-28,,,2026-08-24T14:37:30.952Z,,,,,,,,,,,,,,,,,,,,,,,,,,,,,true,,,,,,,,,,,,,,,,
payment,00dfd447-c3fa-4085-b87d-c73a96520219,Brikel,3ed37071-29f5-4477-84d9-65b68671a51d,OPEX · Year 10,3750,,,,2036-05-28,,,2026-08-24T14:37:30.952Z,,,,,,,,,,,,,,,,,,,,,,,,,,,,,true,,,,,,,,,,,,,,,,
payment,00dfd447-c3fa-4085-b87d-c73a96520219,Brikel,65a717a8-6008-4438-bed2-2180ea3d5be2,OPEX · Year 11,3750,,,,2037-05-28,,,2026-08-24T14:37:30.952Z,,,,,,,,,,,,,,,,,,,,,,,,,,,,,true,,,,,,,,,,,,,,,,
payment,00dfd447-c3fa-4085-b87d-c73a96520219,Brikel,80fb24e8-4ffc-42ea-b417-a8b3650ceeb1,OPEX · Year 12,3750,,,,2038-05-28,,,2026-08-24T14:37:30.952Z,,,,,,,,,,,,,,,,,,,,,,,,,,,,,true,,,,,,,,,,,,,,,,
payment,00dfd447-c3fa-4085-b87d-c73a96520219,Brikel,029e119d-45a2-4328-9efa-9ec4e86b13a1,OPEX · Year 13,3750,,,,2039-05-28,,,2026-08-24T14:37:30.952Z,,,,,,,,,,,,,,,,,,,,,,,,,,,,,true,,,,,,,,,,,,,,,,
payment,00dfd447-c3fa-4085-b87d-c73a96520219,Brikel,9a569126-4335-4046-a332-3c5ecfafa164,OPEX · Year 14,3750,,,,2040-05-28,,,2026-08-24T14:37:30.952Z,,,,,,,,,,,,,,,,,,,,,,,,,,,,,true,,,,,,,,,,,,,,,,
payment,00dfd447-c3fa-4085-b87d-c73a96520219,Brikel,df52b2ae-f890-447d-97a2-c4ee04054147,OPEX · Year 15,3750,,,,2041-05-28,,,2026-08-24T14:37:30.952Z,,,,,,,,,,,,,,,,,,,,,,,,,,,,,true,,,,,,,,,,,,,,,,
expense,00dfd447-c3fa-4085-b87d-c73a96520219,Brikel,c7e70934-c398-4b1e-a6f4-e67553203629,Manufacture materials (warehouse),27678.6,23069.41,0.2,,2026-08-08,2026-08-08,,2026-08-08T08:03:55.021Z,,,,,,,,,,,,,,,,,,,,,,,materials,,,,,,,15290.59,,,,,,,,,,,,,,,
expense,00dfd447-c3fa-4085-b87d-c73a96520219,Brikel,3eec5124-9e26-4c28-818b-54b5299d1881,OPEX · Year 1 (warranty),1875,1562.5,0.2,50,2027-05-28,,,2026-08-24T14:37:30.952Z,,,,,,,,,,,,,,,,,,,,,,,maintenance,,,,,,true,,,,,,,,,,,,,,,,
expense,00dfd447-c3fa-4085-b87d-c73a96520219,Brikel,b40d89d9-1a71-424d-8b2f-34d361329dec,OPEX · Year 2,1875,1562.5,0.2,50,2028-05-28,,,2026-08-24T14:37:30.952Z,,,,,,,,,,,,,,,,,,,,,,,maintenance,,,,,,true,,,,,,,,,,,,,,,,
expense,00dfd447-c3fa-4085-b87d-c73a96520219,Brikel,e2c7dba1-c674-4fba-a725-1b6baae79e84,OPEX · Year 3,1875,1562.5,0.2,50,2029-05-28,,,2026-08-24T14:37:30.952Z,,,,,,,,,,,,,,,,,,,,,,,maintenance,,,,,,true,,,,,,,,,,,,,,,,
expense,00dfd447-c3fa-4085-b87d-c73a96520219,Brikel,e64e5a4f-50ef-49c3-9062-c346e3b144ac,OPEX · Year 4,1875,1562.5,0.2,50,2030-05-28,,,2026-08-24T14:37:30.952Z,,,,,,,,,,,,,,,,,,,,,,,maintenance,,,,,,true,,,,,,,,,,,,,,,,
expense,00dfd447-c3fa-4085-b87d-c73a96520219,Brikel,46a1afcf-07fc-4ea3-a9e6-27d12aedc637,OPEX · Year 5,1875,1562.5,0.2,50,2031-05-28,,,2026-08-24T14:37:30.952Z,,,,,,,,,,,,,,,,,,,,,,,maintenance,,,,,,true,,,,,,,,,,,,,,,,
expense,00dfd447-c3fa-4085-b87d-c73a96520219,Brikel,9377e82c-29a2-4c37-b7bb-1e63ac962f6d,OPEX · Year 6,1875,1562.5,0.2,50,2032-05-28,,,2026-08-24T14:37:30.952Z,,,,,,,,,,,,,,,,,,,,,,,maintenance,,,,,,true,,,,,,,,,,,,,,,,
expense,00dfd447-c3fa-4085-b87d-c73a96520219,Brikel,dee42bfa-80e7-4d2f-a25e-673228cb54c3,OPEX · Year 7,1875,1562.5,0.2,50,2033-05-28,,,2026-08-24T14:37:30.952Z,,,,,,,,,,,,,,,,,,,,,,,maintenance,,,,,,true,,,,,,,,,,,,,,,,
expense,00dfd447-c3fa-4085-b87d-c73a96520219,Brikel,dfa543e9-178e-432b-8ad6-8c598e12ffdf,OPEX · Year 8,1875,1562.5,0.2,50,2034-05-28,,,2026-08-24T14:37:30.952Z,,,,,,,,,,,,,,,,,,,,,,,maintenance,,,,,,true,,,,,,,,,,,,,,,,
expense,00dfd447-c3fa-4085-b87d-c73a96520219,Brikel,1aecc2a8-8c4f-470d-a7b1-1caee004ecf3,OPEX · Year 9,1875,1562.5,0.2,50,2035-05-28,,,2026-08-24T14:37:30.952Z,,,,,,,,,,,,,,,,,,,,,,,maintenance,,,,,,true,,,,,,,,,,,,,,,,
expense,00dfd447-c3fa-4085-b87d-c73a96520219,Brikel,582be75c-8815-4609-8401-6d98c99de7f2,OPEX · Year 10,1875,1562.5,0.2,50,2036-05-28,,,2026-08-24T14:37:30.952Z,,,,,,,,,,,,,,,,,,,,,,,maintenance,,,,,,true,,,,,,,,,,,,,,,,
expense,00dfd447-c3fa-4085-b87d-c73a96520219,Brikel,20ed6c3f-12eb-450e-a7ae-0d29a8db22bb,OPEX · Year 11,1875,1562.5,0.2,50,2037-05-28,,,2026-08-24T14:37:30.952Z,,,,,,,,,,,,,,,,,,,,,,,maintenance,,,,,,true,,,,,,,,,,,,,,,,
expense,00dfd447-c3fa-4085-b87d-c73a96520219,Brikel,55038b30-d1f4-4bad-b09f-b716149be5fe,OPEX · Year 12,1875,1562.5,0.2,50,2038-05-28,,,2026-08-24T14:37:30.952Z,,,,,,,,,,,,,,,,,,,,,,,maintenance,,,,,,true,,,,,,,,,,,,,,,,
expense,00dfd447-c3fa-4085-b87d-c73a96520219,Brikel,b27b05ab-51e1-451a-9aba-62d9c6067e88,OPEX · Year 13,1875,1562.5,0.2,50,2039-05-28,,,2026-08-24T14:37:30.952Z,,,,,,,,,,,,,,,,,,,,,,,maintenance,,,,,,true,,,,,,,,,,,,,,,,
expense,00dfd447-c3fa-4085-b87d-c73a96520219,Brikel,1d53f0b3-bcfb-4e6e-bf9d-0d06094b7222,OPEX · Year 14,1875,1562.5,0.2,50,2040-05-28,,,2026-08-24T14:37:30.952Z,,,,,,,,,,,,,,,,,,,,,,,maintenance,,,,,,true,,,,,,,,,,,,,,,,
expense,00dfd447-c3fa-4085-b87d-c73a96520219,Brikel,9f8ffb59-ead2-4737-8659-204d108a2cd4,OPEX · Year 15,1875,1562.5,0.2,50,2041-05-28,,,2026-08-24T14:37:30.952Z,,,,,,,,,,,,,,,,,,,,,,,maintenance,,,,,,true,,,,,,,,,,,,,,,,
project,ee994a13-e24f-453e-bf8f-8c43f0c1b6db,FBK,,,,,,,,,,,583000,,,,,,34250,80,0,2,,,,,,,,,,,,,,,,,,,,,,,,,,,,,,,,,,,
payment,ee994a13-e24f-453e-bf8f-8c43f0c1b6db,FBK,40bcc400-c787-439f-b44e-94780173a38d,,174900,,,30,2026-02-02,2026-02-02,e30352de-fb84-4f14-9faa-96f945514280,2026-08-04T05:39:46.127Z,,,,,,,,,,,,,,,,,,,,,,,,,,,,,,,,,,,,,,,,,,,,,
payment,ee994a13-e24f-453e-bf8f-8c43f0c1b6db,FBK,c2d90f8f-2ea1-4189-9841-11f68402c709,,174900,,,30,2027-10-01,,b37f49c3-343a-4d73-bfde-c469f21e7462,2026-08-04T05:40:11.363Z,,,,,,,,,,,,,,,,,,,,,,,,,,,,,,,,,,,,,,,,,,,,,
payment,ee994a13-e24f-453e-bf8f-8c43f0c1b6db,FBK,55229b88-f6e8-41dc-befd-207de2979672,,174900,,,30,2027-10-22,,6c043b2a-7558-4262-93da-7cedc77f972d,2026-08-04T05:41:05.091Z,,,,,,,,,,,,,,,,,,,,,,,,,,,,,,,,,,,,,,,,,,,,,
payment,ee994a13-e24f-453e-bf8f-8c43f0c1b6db,FBK,26e0931e-d33b-4520-b7dc-1ca5178a5aa2,,58300,,,10,2027-11-30,,0ff4e688-ffc7-46b0-b7ba-02065613c085,2026-08-04T05:41:18.599Z,,,,,,,,,,,,,,,,,,,,,,,,,,,,,,,,,,,,,,,,,,,,,
payment,ee994a13-e24f-453e-bf8f-8c43f0c1b6db,FBK,e46adb24-b4b0-4c0c-b3a5-3d8cc8dafd9c,OPEX · Year 1,34250,,,,2028-08-31,,,2026-08-24T14:38:00.507Z,,,,,,,,,,,,,,,,,,,,,,,,,,,,,true,,,,,,,,,,,,,,,,
payment,ee994a13-e24f-453e-bf8f-8c43f0c1b6db,FBK,ca97eed2-adad-4186-b26c-49253bb9d018,OPEX · Year 2,34250,,,,2029-08-31,,,2026-08-24T14:38:00.507Z,,,,,,,,,,,,,,,,,,,,,,,,,,,,,true,,,,,,,,,,,,,,,,
expense,ee994a13-e24f-453e-bf8f-8c43f0c1b6db,FBK,fb169941-66bd-464b-9dc2-2463f5bcbb11,Stargate Stack Paymetn 1/2,52000,43333.33,0.2,,2026-09-01,,,2026-08-04T05:43:16.281Z,,,,,,,,,,,,,,,,,,,,,,,materials,,,,,,,,,,,,,,,,,,,,,,
expense,ee994a13-e24f-453e-bf8f-8c43f0c1b6db,FBK,7201c602-0e4a-4a54-96b7-f99ab1312457,Â· Stargate Stack Paymetn 2/2,52000,43333.33,0.2,,2026-12-01,,,2026-08-04T05:43:37.331Z,,,,,,,,,,,,,,,,,,,,,,,materials,,,,,,,,,,,,,,,,,,,,,,
expense,ee994a13-e24f-453e-bf8f-8c43f0c1b6db,FBK,0e3b260e-ef43-4280-ac7c-c8de26badd88,OPEX · Year 1,27400,22833.33,0.2,80,2028-08-31,,,2026-08-24T14:38:00.507Z,,,,,,,,,,,,,,,,,,,,,,,maintenance,,,,,,true,,,,,,,,,,,,,,,,
expense,ee994a13-e24f-453e-bf8f-8c43f0c1b6db,FBK,72da9fc8-a785-4a84-9e3b-c51750ae2344,OPEX · Year 2,27400,22833.33,0.2,80,2029-08-31,,,2026-08-24T14:38:00.507Z,,,,,,,,,,,,,,,,,,,,,,,maintenance,,,,,,true,,,,,,,,,,,,,,,,
project,140dfb68-fb1b-482c-8ba4-34d6c389028a,Metlen,,,,,,,,,,,8000000,,6400000,1600000,,,,,,,,,,,,,,,,,,,,,,,,,,,,,,,,,,,,,,,,,
payment,140dfb68-fb1b-482c-8ba4-34d6c389028a,Metlen,63817e9e-4e22-4a31-8f35-0114b16b6dc3,Prepayment,4800000,,,60,2026-12-01,,b9e98095-fe04-4016-958a-47c550d620cb,2026-08-04T06:19:11.411Z,,,,,,,,,,,,,,,,,,,,,,,,,,,,,,,,,,,,,,,,,,,,,
payment,140dfb68-fb1b-482c-8ba4-34d6c389028a,Metlen,886ff57b-51e6-433f-b34a-c714e5c3f1ef,Engineering approval,800000,,,10,2027-02-01,,438dce7c-76d7-4aa0-b4f8-c7d04a22af19,2026-08-04T06:22:55.232Z,,,,,,,,,,,,,,,,,,,,,,,,,,,,,,,,,,,,,,,,,,,,,
payment,140dfb68-fb1b-482c-8ba4-34d6c389028a,Metlen,887ac5a9-3073-43ef-9688-66e22a2fd3b3,Engineering done,800000,,,10,2027-03-15,,a95b0e3a-d529-40b0-b7bb-cacd0ba348e8,2026-08-04T06:23:37.313Z,,,,,,,,,,,,,,,,,,,,,,,,,,,,,,,,,,,,,,,,,,,,,
payment,140dfb68-fb1b-482c-8ba4-34d6c389028a,Metlen,58c4a1c7-3086-46da-bc44-053f17153724,FAT 4MW 1/2,400000,,,5,2028-01-04,,03080915-6989-4232-a9b0-0c037f5a4241,2026-08-04T06:25:38.965Z,,,,,,,,,,,,,,,,,,,,,,,,,,,,,,,,,,,,,,,,,,,,,
payment,140dfb68-fb1b-482c-8ba4-34d6c389028a,Metlen,e041b483-cfeb-4880-b12f-4ef10cd9a88f,FAT 4MW 2/2,400000,,,5,2028-05-15,,efced869-796b-46fa-aab0-4cde491758a7,2026-08-04T06:26:32.477Z,,,,,,,,,,,,,,,,,,,,,,,,,,,,,,,,,,,,,,,,,,,,,
payment,140dfb68-fb1b-482c-8ba4-34d6c389028a,Metlen,8eaf4be8-78b7-4185-9713-1a7a443c1faf,SAT 4MW 1/2,200000,,,2.5,2028-07-04,,31d24a73-27d8-43a5-81f3-76e5877d8bc6,2026-08-04T06:27:26.747Z,,,,,,,,,,,,,,,,,,,,,,,,,,,,,,,,,,,,,,,,,,,,,
payment,140dfb68-fb1b-482c-8ba4-34d6c389028a,Metlen,0a64471c-0ad5-474c-8660-b37494840d4b,SAT 4MW 2/2,200000,,,2.5,2028-11-04,,6258aa14-55f7-4b90-98e8-36a3f5eef1e0,2026-08-04T06:27:55.198Z,,,,,,,,,,,,,,,,,,,,,,,,,,,,,,,,,,,,,,,,,,,,,
payment,140dfb68-fb1b-482c-8ba4-34d6c389028a,Metlen,420458ea-c227-49ec-895f-a2f3fdba7f9e,FAC,400000,,,5,2028-12-05,,a0ed2b1c-ef92-4c53-ae52-d700437dc7f2,2026-08-04T06:28:37.770Z,,,,,,,,,,,,,,,,,,,,,,,,,,,,,,,,,,,,,,,,,,,,,
expense,140dfb68-fb1b-482c-8ba4-34d6c389028a,Metlen,c0aeeb27-eb97-42cc-9296-58cd3f98e254,Costs Â· Prepayment,3840000,3200000,0.2,60,2027-01-01,,b9e98095-fe04-4016-958a-47c550d620cb,2026-08-04T21:02:00.000Z,,,,,,,,,,,,,,,,,,,,,,,materials,,,,,,,,,,,,,,,,,,,,,,
expense,140dfb68-fb1b-482c-8ba4-34d6c389028a,Metlen,f5c94817-8686-48a4-80d7-0d9dc1c54e4f,Engineering approval,640000,533333.33,0.2,10,2027-02-01,,438dce7c-76d7-4aa0-b4f8-c7d04a22af19,2026-08-04T21:02:00.000Z,,,,,,,,,,,,,,,,,,,,,,,materials,,,,,,,,,,,,,,,,,,,,,,
expense,140dfb68-fb1b-482c-8ba4-34d6c389028a,Metlen,fadd98ee-1943-4092-b3a6-4aab11f5886e,Engineering done,640000,533333.33,0.2,10,2027-03-15,,a95b0e3a-d529-40b0-b7bb-cacd0ba348e8,2026-08-04T21:02:00.000Z,,,,,,,,,,,,,,,,,,,,,,,materials,,,,,,,,,,,,,,,,,,,,,,
expense,140dfb68-fb1b-482c-8ba4-34d6c389028a,Metlen,1ef5cf1c-cc9d-418b-8760-7ecd19cea2cc,FAT 4MW 1/2,320000,266666.67,0.2,5,2028-01-04,,03080915-6989-4232-a9b0-0c037f5a4241,2026-08-04T21:02:00.000Z,,,,,,,,,,,,,,,,,,,,,,,materials,,,,,,,,,,,,,,,,,,,,,,
expense,140dfb68-fb1b-482c-8ba4-34d6c389028a,Metlen,4d855702-63c4-4ac1-8767-904a30b094c9,FAT 4MW 2/2,320000,266666.67,0.2,5,2028-05-15,,efced869-796b-46fa-aab0-4cde491758a7,2026-08-04T21:02:00.000Z,,,,,,,,,,,,,,,,,,,,,,,materials,,,,,,,,,,,,,,,,,,,,,,
expense,140dfb68-fb1b-482c-8ba4-34d6c389028a,Metlen,ac241365-5509-44c6-a9ef-f55a0e8650d8,SAT 4MW 1/2,160000,133333.33,0.2,2.5,2028-07-04,,31d24a73-27d8-43a5-81f3-76e5877d8bc6,2026-08-04T21:02:00.000Z,,,,,,,,,,,,,,,,,,,,,,,materials,,,,,,,,,,,,,,,,,,,,,,
expense,140dfb68-fb1b-482c-8ba4-34d6c389028a,Metlen,05e44880-b496-448a-be8d-b11da5692eed,SAT 4MW 2/2,160000,133333.33,0.2,2.5,2028-11-04,,6258aa14-55f7-4b90-98e8-36a3f5eef1e0,2026-08-04T21:02:00.000Z,,,,,,,,,,,,,,,,,,,,,,,materials,,,,,,,,,,,,,,,,,,,,,,
expense,140dfb68-fb1b-482c-8ba4-34d6c389028a,Metlen,da3f50aa-d922-4ebb-9c61-3a0c5499efb7,FAC,320000,266666.67,0.2,5,2028-12-05,,a0ed2b1c-ef92-4c53-ae52-d700437dc7f2,2026-08-04T21:02:00.000Z,,,,,,,,,,,,,,,,,,,,,,,materials,,,,,,,,,,,,,,,,,,,,,,
project,fb6aa2a2-46a3-48dd-bf78-d162a7a38219,VW Poznan,,,,,,,,,,,750000,,380000,370000,,,,,,,,,,,,,,,,,,,,,,,,,,,,,,,,,,,,,,,,,
payment,fb6aa2a2-46a3-48dd-bf78-d162a7a38219,VW Poznan,c19e1e38-b205-4dd6-9e85-0d165fce8f9b,Prepayment,450000,,,60,2026-11-05,,184353bc-b2da-4d45-89e2-5f5acb92b3ec,2026-08-04T07:02:12.391Z,,,,,,,,,,,,,,,,,,,,,,,,,,,,,,,,,,,,,,,,,,,,,
payment,fb6aa2a2-46a3-48dd-bf78-d162a7a38219,VW Poznan,d178e4ae-21aa-46a1-bd30-baf09edb9579,Design done,75000,,,10,2027-01-01,,16a049fc-3365-4740-890c-312bed713690,2026-08-04T07:04:59.459Z,,,,,,,,,,,,,,,,,,,,,,,,,,,,,,,,,,,,,,,,,,,,,
payment,fb6aa2a2-46a3-48dd-bf78-d162a7a38219,VW Poznan,831a3573-6556-4c05-b1aa-5530cbbbbe04,Engineering done,75000,,,10,2027-02-01,,cc57191d-525d-4fbc-8afb-ea07775cc950,2026-08-04T07:05:21.010Z,,,,,,,,,,,,,,,,,,,,,,,,,,,,,,,,,,,,,,,,,,,,,
payment,fb6aa2a2-46a3-48dd-bf78-d162a7a38219,VW Poznan,ee3cbd14-2253-4414-92db-b995067b806a,FAT,75000,,,10,2027-05-03,,4c33b7f2-b0e1-4b94-ad1e-64ec7c162f5f,2026-08-04T07:05:39.927Z,,,,,,,,,,,,,,,,,,,,,,,,,,,,,,,,,,,,,,,,,,,,,
payment,fb6aa2a2-46a3-48dd-bf78-d162a7a38219,VW Poznan,3f508ea1-2e44-4eba-9a1a-9cbd9fbc837d,SAT,37500,,,5,2027-07-01,,0b5184d5-3750-44c5-b286-16cb5cd621f8,2026-08-04T07:06:07.399Z,,,,,,,,,,,,,,,,,,,,,,,,,,,,,,,,,,,,,,,,,,,,,
payment,fb6aa2a2-46a3-48dd-bf78-d162a7a38219,VW Poznan,5a47686d-7987-4cbd-809f-289c6a0d048d,FAC,37500,,,5,2027-08-02,,5086c146-63f3-4131-b898-fcb60ded447a,2026-08-04T07:06:36.530Z,,,,,,,,,,,,,,,,,,,,,,,,,,,,,,,,,,,,,,,,,,,,,
expense,fb6aa2a2-46a3-48dd-bf78-d162a7a38219,VW Poznan,5317aa2d-b1ae-4ac2-96bd-a38d74aaf9aa,Costs Â· Prepayment,228000,190000,0.2,60,2026-12-05,,184353bc-b2da-4d45-89e2-5f5acb92b3ec,2026-08-04T21:02:00.000Z,,,,,,,,,,,,,,,,,,,,,,,materials,,,,,,,,,,,,,,,,,,,,,,
expense,fb6aa2a2-46a3-48dd-bf78-d162a7a38219,VW Poznan,a95e4270-868b-431c-ba02-069e41ce0a6f,Design done,38000,31666.67,0.2,10,2027-01-01,,16a049fc-3365-4740-890c-312bed713690,2026-08-04T21:02:00.000Z,,,,,,,,,,,,,,,,,,,,,,,materials,,,,,,,,,,,,,,,,,,,,,,
expense,fb6aa2a2-46a3-48dd-bf78-d162a7a38219,VW Poznan,b54ea12b-b27c-4208-9344-5e45c6d120e5,Engineering done,38000,31666.67,0.2,10,2027-02-01,,cc57191d-525d-4fbc-8afb-ea07775cc950,2026-08-04T21:02:00.000Z,,,,,,,,,,,,,,,,,,,,,,,materials,,,,,,,,,,,,,,,,,,,,,,
expense,fb6aa2a2-46a3-48dd-bf78-d162a7a38219,VW Poznan,7f08416b-9e05-4144-b58b-53ee5ef8cb34,FAT,38000,31666.67,0.2,10,2027-05-03,,4c33b7f2-b0e1-4b94-ad1e-64ec7c162f5f,2026-08-04T21:02:00.000Z,,,,,,,,,,,,,,,,,,,,,,,materials,,,,,,,,,,,,,,,,,,,,,,
expense,fb6aa2a2-46a3-48dd-bf78-d162a7a38219,VW Poznan,3155206a-924e-465d-9091-d34c8733bc2f,SAT,19000,15833.33,0.2,5,2027-07-01,,0b5184d5-3750-44c5-b286-16cb5cd621f8,2026-08-04T21:02:00.000Z,,,,,,,,,,,,,,,,,,,,,,,materials,,,,,,,,,,,,,,,,,,,,,,
expense,fb6aa2a2-46a3-48dd-bf78-d162a7a38219,VW Poznan,7ea7219f-2579-4c20-9e65-7345c30041bc,FAC,19000,15833.33,0.2,5,2027-08-02,,5086c146-63f3-4131-b898-fcb60ded447a,2026-08-04T21:02:00.000Z,,,,,,,,,,,,,,,,,,,,,,,materials,,,,,,,,,,,,,,,,,,,,,,
project,6371ba92-ec34-41d1-94ac-e3e9dd0cde4f,UBE Spain,,,,,,,,,,,300000,,190000,110000,,,,,,,,,,,,,,,,,,,,,,,,,,,,,,,,,,,,,,,,,
payment,6371ba92-ec34-41d1-94ac-e3e9dd0cde4f,UBE Spain,388aded7-4ee4-474e-967a-bcc213e38673,Prepayment,180000,,,60,2026-12-07,,2c0cd5ad-58c4-45dc-af29-b2e8bdf5eb7e,2026-08-04T07:16:24.168Z,,,,,,,,,,,,,,,,,,,,,,,,,,,,,,,,,,,,,,,,,,,,,
payment,6371ba92-ec34-41d1-94ac-e3e9dd0cde4f,UBE Spain,5bb3b285-aca2-454c-99e7-b802f347a7d9,Design approval,30000,,,10,2027-03-01,,1141ffec-28ef-4687-a5f4-8de86b938cf7,2026-08-04T07:16:55.429Z,,,,,,,,,,,,,,,,,,,,,,,,,,,,,,,,,,,,,,,,,,,,,
payment,6371ba92-ec34-41d1-94ac-e3e9dd0cde4f,UBE Spain,022eb4e2-3e3e-4a53-86b5-f387a846f0ac,Engineering done,30000,,,10,2027-05-03,,fa16988e-6a63-4d3c-be53-54567f5bebe8,2026-08-04T07:17:10.620Z,,,,,,,,,,,,,,,,,,,,,,,,,,,,,,,,,,,,,,,,,,,,,
payment,6371ba92-ec34-41d1-94ac-e3e9dd0cde4f,UBE Spain,e37f46d5-f777-4e19-9f59-14ff9a68ed52,FAT,30000,,,10,2027-10-01,,783b486b-9a11-44c1-acc7-42d71d597370,2026-08-04T07:18:10.964Z,,,,,,,,,,,,,,,,,,,,,,,,,,,,,,,,,,,,,,,,,,,,,
payment,6371ba92-ec34-41d1-94ac-e3e9dd0cde4f,UBE Spain,ee2ed293-e128-41c8-8b84-050f223c97f4,SAT,15000,,,5,2027-11-01,,a6cdefb2-8d75-4ad4-a0f2-3ec867936a22,2026-08-04T07:18:29.483Z,,,,,,,,,,,,,,,,,,,,,,,,,,,,,,,,,,,,,,,,,,,,,
payment,6371ba92-ec34-41d1-94ac-e3e9dd0cde4f,UBE Spain,90d63ae5-aed5-40dc-8ccc-4165f746d366,FAC,15000,,,5,2027-12-01,,8ffe8b79-9e09-481f-8552-7e786a0c5bd3,2026-08-04T07:18:39.905Z,,,,,,,,,,,,,,,,,,,,,,,,,,,,,,,,,,,,,,,,,,,,,
expense,6371ba92-ec34-41d1-94ac-e3e9dd0cde4f,UBE Spain,8c07a0f6-1491-47f7-9a97-4712d2ae3e32,Prepayment,114000,95000,0.2,60,2026-12-07,,2c0cd5ad-58c4-45dc-af29-b2e8bdf5eb7e,2026-08-04T21:02:00.000Z,,,,,,,,,,,,,,,,,,,,,,,materials,,,,,,,,,,,,,,,,,,,,,,
expense,6371ba92-ec34-41d1-94ac-e3e9dd0cde4f,UBE Spain,1ca56e0e-204c-4596-b64f-dbb9483cea8a,Costs Â· Design approval,19000,15833.33,0.2,10,2027-04-01,,1141ffec-28ef-4687-a5f4-8de86b938cf7,2026-08-04T21:02:00.000Z,,,,,,,,,,,,,,,,,,,,,,,materials,,,,,,,,,,,,,,,,,,,,,,
expense,6371ba92-ec34-41d1-94ac-e3e9dd0cde4f,UBE Spain,d3cc07c5-4430-401f-b5b8-c7961042b87e,Engineering done,19000,15833.33,0.2,10,2027-05-03,,fa16988e-6a63-4d3c-be53-54567f5bebe8,2026-08-04T21:02:00.000Z,,,,,,,,,,,,,,,,,,,,,,,materials,,,,,,,,,,,,,,,,,,,,,,
expense,6371ba92-ec34-41d1-94ac-e3e9dd0cde4f,UBE Spain,4c210583-b81b-477a-801a-c72e7f2918b2,FAT,19000,15833.33,0.2,10,2027-10-01,,783b486b-9a11-44c1-acc7-42d71d597370,2026-08-04T21:02:00.000Z,,,,,,,,,,,,,,,,,,,,,,,materials,,,,,,,,,,,,,,,,,,,,,,
expense,6371ba92-ec34-41d1-94ac-e3e9dd0cde4f,UBE Spain,300db751-b926-4e91-857f-cd55884987d7,SAT,9500,7916.67,0.2,5,2027-11-01,,a6cdefb2-8d75-4ad4-a0f2-3ec867936a22,2026-08-04T21:02:00.000Z,,,,,,,,,,,,,,,,,,,,,,,materials,,,,,,,,,,,,,,,,,,,,,,
expense,6371ba92-ec34-41d1-94ac-e3e9dd0cde4f,UBE Spain,79a091db-b476-46e5-80f5-4cb71847e590,FAC,9500,7916.67,0.2,5,2027-12-01,,8ffe8b79-9e09-481f-8552-7e786a0c5bd3,2026-08-04T21:02:00.000Z,,,,,,,,,,,,,,,,,,,,,,,materials,,,,,,,,,,,,,,,,,,,,,,
project,63dc26f0-58e3-4160-9619-c9dcabe33e7e,5MW BoP/BoS Ushgorod with N1,,,,,,,,,,,7500000,,2000000,5500000,,,,,,,,,,,,,,,,,,,,,,,,,,,,,,,,,,,,,,,,,
payment,63dc26f0-58e3-4160-9619-c9dcabe33e7e,5MW BoP/BoS Ushgorod with N1,be8ceeae-fa0c-4ec1-b984-78871f4adc6c,Prepayment,4500000,,,60,2026-11-02,,9a24c164-6294-42de-958c-06030bb546b0,2026-08-04T07:50:02.511Z,,,,,,,,,,,,,,,,,,,,,,,,,,,,,,,,,,,,,,,,,,,,,
payment,63dc26f0-58e3-4160-9619-c9dcabe33e7e,5MW BoP/BoS Ushgorod with N1,b930e09d-6200-431c-b0c1-1d65b78edd52,Design approval,750000,,,10,2027-03-01,,9de12942-b5ad-4c22-a872-43ca34a14900,2026-08-04T07:50:34.925Z,,,,,,,,,,,,,,,,,,,,,,,,,,,,,,,,,,,,,,,,,,,,,
payment,63dc26f0-58e3-4160-9619-c9dcabe33e7e,5MW BoP/BoS Ushgorod with N1,79141cf6-d285-4ca3-9d21-b4a3da79b769,Engineering Done,750000,,,10,2027-04-01,,ec288437-dbec-4e73-9c8c-0ff0e82739cf,2026-08-04T07:51:04.416Z,,,,,,,,,,,,,,,,,,,,,,,,,,,,,,,,,,,,,,,,,,,,,
payment,63dc26f0-58e3-4160-9619-c9dcabe33e7e,5MW BoP/BoS Ushgorod with N1,6514fae8-2d42-4618-adab-dfa96b740af0,FAT,750000,,,10,2028-03-01,,b33b89b8-cd58-4308-8270-5df4ce7093f9,2026-08-04T07:51:43.947Z,,,,,,,,,,,,,,,,,,,,,,,,,,,,,,,,,,,,,,,,,,,,,
payment,63dc26f0-58e3-4160-9619-c9dcabe33e7e,5MW BoP/BoS Ushgorod with N1,67f3cfe7-6fb5-48b0-9990-3d6945ce9ad1,SAT,375000,,,5,2028-04-03,,ae1d7fb7-9b1e-4749-9a1c-04b2521076a1,2026-08-04T07:51:59.207Z,,,,,,,,,,,,,,,,,,,,,,,,,,,,,,,,,,,,,,,,,,,,,
payment,63dc26f0-58e3-4160-9619-c9dcabe33e7e,5MW BoP/BoS Ushgorod with N1,6c999119-d4eb-408f-97ac-45125c46e790,FAC,375000,,,5,2028-05-01,,28c2b51f-d309-432d-b884-4a6ac2512fe2,2026-08-04T07:52:18.384Z,,,,,,,,,,,,,,,,,,,,,,,,,,,,,,,,,,,,,,,,,,,,,
expense,63dc26f0-58e3-4160-9619-c9dcabe33e7e,5MW BoP/BoS Ushgorod with N1,5c23fb13-60a2-4600-8c78-c793e4be9f0c,Costs Â· Prepayment,1200000,1000000,0.2,60,2026-12-02,,9a24c164-6294-42de-958c-06030bb546b0,2026-08-04T21:02:00.000Z,,,,,,,,,,,,,,,,,,,,,,,materials,,,,,,,,,,,,,,,,,,,,,,
expense,63dc26f0-58e3-4160-9619-c9dcabe33e7e,5MW BoP/BoS Ushgorod with N1,fadf87a6-00d4-4942-b152-bdb37778aefd,Design approval,200000,166666.67,0.2,10,2027-03-01,,9de12942-b5ad-4c22-a872-43ca34a14900,2026-08-04T21:02:00.000Z,,,,,,,,,,,,,,,,,,,,,,,materials,,,,,,,,,,,,,,,,,,,,,,
expense,63dc26f0-58e3-4160-9619-c9dcabe33e7e,5MW BoP/BoS Ushgorod with N1,a9e8af8f-6658-4d75-8005-fc50f88050e2,Engineering Done,200000,166666.67,0.2,10,2027-04-01,,ec288437-dbec-4e73-9c8c-0ff0e82739cf,2026-08-04T21:02:00.000Z,,,,,,,,,,,,,,,,,,,,,,,materials,,,,,,,,,,,,,,,,,,,,,,
expense,63dc26f0-58e3-4160-9619-c9dcabe33e7e,5MW BoP/BoS Ushgorod with N1,a42f1374-ebce-4f09-a378-e82e99129c5b,FAT,200000,166666.67,0.2,10,2028-03-01,,b33b89b8-cd58-4308-8270-5df4ce7093f9,2026-08-04T21:02:00.000Z,,,,,,,,,,,,,,,,,,,,,,,materials,,,,,,,,,,,,,,,,,,,,,,
expense,63dc26f0-58e3-4160-9619-c9dcabe33e7e,5MW BoP/BoS Ushgorod with N1,32cde61a-fb16-4d84-819e-5840fdbf98fc,SAT,100000,83333.33,0.2,5,2028-04-03,,ae1d7fb7-9b1e-4749-9a1c-04b2521076a1,2026-08-04T21:02:00.000Z,,,,,,,,,,,,,,,,,,,,,,,materials,,,,,,,,,,,,,,,,,,,,,,
expense,63dc26f0-58e3-4160-9619-c9dcabe33e7e,5MW BoP/BoS Ushgorod with N1,6002edc1-77c7-482b-855a-254da0e04f97,FAC,100000,83333.33,0.2,5,2028-05-01,,28c2b51f-d309-432d-b884-4a6ac2512fe2,2026-08-04T21:02:00.000Z,,,,,,,,,,,,,,,,,,,,,,,materials,,,,,,,,,,,,,,,,,,,,,,
project,5b8c0672-de99-4b4d-a05f-043e2643a5c4,Burkhard H2 Bus Fueling Station,,,,,,,,,,,1000000,,520000,480000,,,,,,,,,,,,,,,,,,,,,,,,,,,,,,,,,,,,,,,,,
payment,5b8c0672-de99-4b4d-a05f-043e2643a5c4,Burkhard H2 Bus Fueling Station,326ca741-fa4e-4575-b986-7fb39e6ef994,Prepayment,600000,,,60,2026-10-05,,a875cec1-4dc7-446f-91f0-573fdcecbb04,2026-08-04T08:45:38.161Z,,,,,,,,,,,,,,,,,,,,,,,,,,,,,,,,,,,,,,,,,,,,,
payment,5b8c0672-de99-4b4d-a05f-043e2643a5c4,Burkhard H2 Bus Fueling Station,7d2f4ede-2ef3-4aeb-9795-521f1002c32a,Design approval,100000,,,10,2026-11-04,,6c14fda1-a9d4-454d-9008-7528d2abbb6b,2026-08-04T08:46:34.316Z,,,,,,,,,,,,,,,,,,,,,,,,,,,,,,,,,,,,,,,,,,,,,
payment,5b8c0672-de99-4b4d-a05f-043e2643a5c4,Burkhard H2 Bus Fueling Station,c8932c18-abeb-4977-8eda-742ee9bb414b,Engineering done,100000,,,10,2026-12-01,,08783ef1-2fe1-47f1-9ccb-033336fcb456,2026-08-04T08:46:50.675Z,,,,,,,,,,,,,,,,,,,,,,,,,,,,,,,,,,,,,,,,,,,,,
payment,5b8c0672-de99-4b4d-a05f-043e2643a5c4,Burkhard H2 Bus Fueling Station,ff7350bb-b95b-43a9-89ce-74803a0815de,FAT,100000,,,10,2027-02-01,,752aca25-64d9-4711-9bff-c4c5ba3f1779,2026-08-04T08:47:29.071Z,,,,,,,,,,,,,,,,,,,,,,,,,,,,,,,,,,,,,,,,,,,,,
payment,5b8c0672-de99-4b4d-a05f-043e2643a5c4,Burkhard H2 Bus Fueling Station,2b8d8e31-7619-44c8-a61a-e8391b11395b,SAT,50000,,,5,2027-03-01,,8184145e-90e5-4d4f-8937-5b3fd988b524,2026-08-04T08:48:07.333Z,,,,,,,,,,,,,,,,,,,,,,,,,,,,,,,,,,,,,,,,,,,,,
payment,5b8c0672-de99-4b4d-a05f-043e2643a5c4,Burkhard H2 Bus Fueling Station,38cafe2b-3c7a-4240-89c3-0f6fa92b2b48,FAC,50000,,,5,2027-04-01,,4e0fa992-f8c1-41cf-a3cc-1c437670b855,2026-08-04T08:48:26.400Z,,,,,,,,,,,,,,,,,,,,,,,,,,,,,,,,,,,,,,,,,,,,,
expense,5b8c0672-de99-4b4d-a05f-043e2643a5c4,Burkhard H2 Bus Fueling Station,4c8f8de2-fc80-4272-9c7e-a6b140d9205f,Costs Â· Prepayment,330909,275757.5,0.2,63.64,2026-11-05,,a875cec1-4dc7-446f-91f0-573fdcecbb04,2026-08-04T21:14:00.000Z,,,,,,,,,,,,,,,,,,,,,,,materials,,,,,,,,,,,,,,,,,,,,,,
expense,5b8c0672-de99-4b4d-a05f-043e2643a5c4,Burkhard H2 Bus Fueling Station,cd90824d-3868-4044-81a0-cbf24687a3bb,Costs Â· Design approval,47273,39394.17,0.2,9.09,2026-12-04,,6c14fda1-a9d4-454d-9008-7528d2abbb6b,2026-08-04T21:14:00.000Z,,,,,,,,,,,,,,,,,,,,,,,materials,,,,,,,,,,,,,,,,,,,,,,
expense,5b8c0672-de99-4b4d-a05f-043e2643a5c4,Burkhard H2 Bus Fueling Station,d7607b5e-4d9a-445b-aeb6-1c315928ac8b,Costs Â· Engineering done,47273,39394.17,0.2,9.09,2027-01-01,,08783ef1-2fe1-47f1-9ccb-033336fcb456,2026-08-04T21:14:00.000Z,,,,,,,,,,,,,,,,,,,,,,,materials,,,,,,,,,,,,,,,,,,,,,,
expense,5b8c0672-de99-4b4d-a05f-043e2643a5c4,Burkhard H2 Bus Fueling Station,bda3eab2-d029-447f-bb1d-03b7c657a41c,Costs Â· FAT,47273,39394.17,0.2,9.09,2027-03-01,,752aca25-64d9-4711-9bff-c4c5ba3f1779,2026-08-04T21:14:00.000Z,,,,,,,,,,,,,,,,,,,,,,,materials,,,,,,,,,,,,,,,,,,,,,,
expense,5b8c0672-de99-4b4d-a05f-043e2643a5c4,Burkhard H2 Bus Fueling Station,20d508de-b924-4ed8-84c9-92c10b93e6ed,SAT,23636,19696.67,0.2,4.55,2027-03-01,,8184145e-90e5-4d4f-8937-5b3fd988b524,2026-08-04T21:14:00.000Z,,,,,,,,,,,,,,,,,,,,,,,materials,,,,,,,,,,,,,,,,,,,,,,
expense,5b8c0672-de99-4b4d-a05f-043e2643a5c4,Burkhard H2 Bus Fueling Station,003039bf-0581-4d45-91ec-5683d146d7b5,FAC,23636,19696.67,0.2,4.55,2027-04-01,,4e0fa992-f8c1-41cf-a3cc-1c437670b855,2026-08-04T21:14:00.000Z,,,,,,,,,,,,,,,,,,,,,,,materials,,,,,,,,,,,,,,,,,,,,,,
project,e021f65c-b418-4103-abe0-e6e0b3b31424,Interbudkomplex Nuclear Power Plant in Ukraine,,,,,,,,,,,496000,,200000,296000,,,,,,,,,,,,,,,,,,,,,,,,,,,,,,,,,,,,,,,,,
payment,e021f65c-b418-4103-abe0-e6e0b3b31424,Interbudkomplex Nuclear Power Plant in Ukraine,efd139f0-899b-482a-aba2-77e6adb9b95a,Prepayment,297600,,,60,2027-03-20,,1b7c9990-f144-4e69-8faa-eba439f978e2,2026-08-04T11:35:23.171Z,,,,,,,,,,,,,,,,,,,,,,,,,,,,,,,,,,,,,,,,,,,,,
payment,e021f65c-b418-4103-abe0-e6e0b3b31424,Interbudkomplex Nuclear Power Plant in Ukraine,8eebac6b-3707-4c26-ab81-3b6527b7d703,Design approval,49600,,,10,2027-04-20,,e9b50aa5-d997-4377-8c1c-102e800e4f98,2026-08-04T11:35:50.564Z,,,,,,,,,,,,,,,,,,,,,,,,,,,,,,,,,,,,,,,,,,,,,
payment,e021f65c-b418-4103-abe0-e6e0b3b31424,Interbudkomplex Nuclear Power Plant in Ukraine,318478ac-9dd7-475e-a67f-b4f3388181f1,Engineering done,49600,,,10,2027-05-20,,c3f8f668-992d-415d-a8b7-08c6a84b204a,2026-08-04T11:38:02.369Z,,,,,,,,,,,,,,,,,,,,,,,,,,,,,,,,,,,,,,,,,,,,,
payment,e021f65c-b418-4103-abe0-e6e0b3b31424,Interbudkomplex Nuclear Power Plant in Ukraine,3c078b34-0b35-46e8-9b44-57538f1f8479,FAT,49600,,,10,2027-07-20,,7e83092c-58ff-4d85-a436-68a68c06500a,2026-08-04T11:39:10.657Z,,,,,,,,,,,,,,,,,,,,,,,,,,,,,,,,,,,,,,,,,,,,,
payment,e021f65c-b418-4103-abe0-e6e0b3b31424,Interbudkomplex Nuclear Power Plant in Ukraine,6f1d9b60-8938-48af-8e3c-45a545791cb5,SAT,24800,,,5,2027-08-20,,f95b5daa-6e37-4baa-a91a-a531aad98f91,2026-08-04T11:39:41.470Z,,,,,,,,,,,,,,,,,,,,,,,,,,,,,,,,,,,,,,,,,,,,,
payment,e021f65c-b418-4103-abe0-e6e0b3b31424,Interbudkomplex Nuclear Power Plant in Ukraine,798883ba-7425-407d-bfb7-6e35379c9a36,FAC,24800,,,5,2027-08-20,,b3c5dfb1-5c0b-47f5-9c8c-a277a286fe67,2026-08-04T11:39:58.656Z,,,,,,,,,,,,,,,,,,,,,,,,,,,,,,,,,,,,,,,,,,,,,
expense,e021f65c-b418-4103-abe0-e6e0b3b31424,Interbudkomplex Nuclear Power Plant in Ukraine,f3025e51-fe2b-4ac6-8d56-a51e82776d7f,Prepayment,120000,100000,0.2,60,2027-03-20,,1b7c9990-f144-4e69-8faa-eba439f978e2,2026-08-04T21:14:00.000Z,,,,,,,,,,,,,,,,,,,,,,,materials,,,,,,,,,,,,,,,,,,,,,,
expense,e021f65c-b418-4103-abe0-e6e0b3b31424,Interbudkomplex Nuclear Power Plant in Ukraine,5ca7af15-1765-47cd-ba6f-b365f8f50756,Design approval,20000,16666.67,0.2,10,2027-04-20,,e9b50aa5-d997-4377-8c1c-102e800e4f98,2026-08-04T21:14:00.000Z,,,,,,,,,,,,,,,,,,,,,,,materials,,,,,,,,,,,,,,,,,,,,,,
expense,e021f65c-b418-4103-abe0-e6e0b3b31424,Interbudkomplex Nuclear Power Plant in Ukraine,8bc5be4d-f85f-4f9c-8e60-48b3b026a567,Engineering done,20000,16666.67,0.2,10,2027-05-20,,c3f8f668-992d-415d-a8b7-08c6a84b204a,2026-08-04T21:14:00.000Z,,,,,,,,,,,,,,,,,,,,,,,materials,,,,,,,,,,,,,,,,,,,,,,
expense,e021f65c-b418-4103-abe0-e6e0b3b31424,Interbudkomplex Nuclear Power Plant in Ukraine,bd4fb2e6-ce51-4919-84c0-3ae447973dd0,FAT,20000,16666.67,0.2,10,2027-07-20,,7e83092c-58ff-4d85-a436-68a68c06500a,2026-08-04T21:14:00.000Z,,,,,,,,,,,,,,,,,,,,,,,materials,,,,,,,,,,,,,,,,,,,,,,
expense,e021f65c-b418-4103-abe0-e6e0b3b31424,Interbudkomplex Nuclear Power Plant in Ukraine,c368ecbf-fcc1-4208-a938-ce87e390da88,SAT,10000,8333.33,0.2,5,2027-08-20,,f95b5daa-6e37-4baa-a91a-a531aad98f91,2026-08-04T21:14:00.000Z,,,,,,,,,,,,,,,,,,,,,,,materials,,,,,,,,,,,,,,,,,,,,,,
expense,e021f65c-b418-4103-abe0-e6e0b3b31424,Interbudkomplex Nuclear Power Plant in Ukraine,1a05cc89-95b6-4a4a-a8c5-f1c1031c5f3a,FAC,10000,8333.33,0.2,5,2027-08-20,,b3c5dfb1-5c0b-47f5-9c8c-a277a286fe67,2026-08-04T21:14:00.000Z,,,,,,,,,,,,,,,,,,,,,,,materials,,,,,,,,,,,,,,,,,,,,,,
project,09e5e552-693f-4ece-b8f2-6e2fd6e9eeee,VW Vzesnya,,,,,,,,,,,271640,,,,,,6791,50,2,15,,,,,,,,,,,,,,,,,,,,,,,,,,,,,,,,,,,
payment,09e5e552-693f-4ece-b8f2-6e2fd6e9eeee,VW Vzesnya,801b7f28-4ff4-49c6-90db-4ebbf6cd3b4f,,81492,,,30,2025-10-15,2025-10-15,e0561d53-7e2f-4c3c-933b-61262df313bc,2026-08-04T05:30:50.320Z,,,,,,,,,,,,,,,,,,,,,,,,,,,,,,,,,,,,,,,,,,,,,
payment,09e5e552-693f-4ece-b8f2-6e2fd6e9eeee,VW Vzesnya,82cf8ce9-c50c-40cb-9b55-68484c3e97f9,,81492,,,30,2026-02-01,2026-02-01,f43ea08f-9d53-46bc-a89e-ad7b1d752f88,2026-08-04T05:31:15.117Z,,,,,,,,,,,,,,,,,,,,,,,,,,,,,,,,,,,,,,,,,,,,,
payment,09e5e552-693f-4ece-b8f2-6e2fd6e9eeee,VW Vzesnya,44007203-e843-4975-9790-7ba209b55362,,81492,,,30,2026-04-01,2026-04-01,aa22e03c-25f4-4b5a-bc15-1bf169b03733,2026-08-04T05:31:30.765Z,,,,,,,,,,,,,,,,,,,,,,,,,,,,,,,,,,,,,,,,,,,,,
payment,09e5e552-693f-4ece-b8f2-6e2fd6e9eeee,VW Vzesnya,ca39a508-6d5a-47ba-94c3-9443d23db9f3,OPEX · Year 3,6791,,,,2029-02-28,,,2026-08-24T14:38:46.451Z,,,,,,,,,,,,,,,,,,,,,,,,,,,,,true,,,,,,,,,,,,,,,,
payment,09e5e552-693f-4ece-b8f2-6e2fd6e9eeee,VW Vzesnya,0c2ab90d-5779-4dfe-a2d6-744bcc45327b,OPEX · Year 4,6791,,,,2030-02-28,,,2026-08-24T14:38:46.451Z,,,,,,,,,,,,,,,,,,,,,,,,,,,,,true,,,,,,,,,,,,,,,,
payment,09e5e552-693f-4ece-b8f2-6e2fd6e9eeee,VW Vzesnya,44cc114a-50ff-4b4c-858b-7128d36b6593,OPEX · Year 5,6791,,,,2031-02-28,,,2026-08-24T14:38:46.451Z,,,,,,,,,,,,,,,,,,,,,,,,,,,,,true,,,,,,,,,,,,,,,,
payment,09e5e552-693f-4ece-b8f2-6e2fd6e9eeee,VW Vzesnya,62bbb6c8-4863-47f3-9cb6-fe3e9af0da8a,OPEX · Year 6,6791,,,,2032-02-28,,,2026-08-24T14:38:46.451Z,,,,,,,,,,,,,,,,,,,,,,,,,,,,,true,,,,,,,,,,,,,,,,
payment,09e5e552-693f-4ece-b8f2-6e2fd6e9eeee,VW Vzesnya,923e579c-5f2a-4a55-8bf4-9cccc919a7f8,OPEX · Year 7,6791,,,,2033-02-28,,,2026-08-24T14:38:46.451Z,,,,,,,,,,,,,,,,,,,,,,,,,,,,,true,,,,,,,,,,,,,,,,
payment,09e5e552-693f-4ece-b8f2-6e2fd6e9eeee,VW Vzesnya,ea9b16bb-3569-49cf-a8a2-83637e6845b0,OPEX · Year 8,6791,,,,2034-02-28,,,2026-08-24T14:38:46.451Z,,,,,,,,,,,,,,,,,,,,,,,,,,,,,true,,,,,,,,,,,,,,,,
payment,09e5e552-693f-4ece-b8f2-6e2fd6e9eeee,VW Vzesnya,0776bc6e-6893-48ea-a237-5b0ed72695ed,OPEX · Year 9,6791,,,,2035-02-28,,,2026-08-24T14:38:46.451Z,,,,,,,,,,,,,,,,,,,,,,,,,,,,,true,,,,,,,,,,,,,,,,
payment,09e5e552-693f-4ece-b8f2-6e2fd6e9eeee,VW Vzesnya,9a2a7e10-e787-4b8c-b566-666cb647d3d7,OPEX · Year 10,6791,,,,2036-02-28,,,2026-08-24T14:38:46.451Z,,,,,,,,,,,,,,,,,,,,,,,,,,,,,true,,,,,,,,,,,,,,,,
payment,09e5e552-693f-4ece-b8f2-6e2fd6e9eeee,VW Vzesnya,9b0d5534-0a69-40ff-a42d-308d75c59b0b,OPEX · Year 11,6791,,,,2037-02-28,,,2026-08-24T14:38:46.451Z,,,,,,,,,,,,,,,,,,,,,,,,,,,,,true,,,,,,,,,,,,,,,,
payment,09e5e552-693f-4ece-b8f2-6e2fd6e9eeee,VW Vzesnya,12731f6b-f256-4953-8c66-026ab4a88d45,OPEX · Year 12,6791,,,,2038-02-28,,,2026-08-24T14:38:46.451Z,,,,,,,,,,,,,,,,,,,,,,,,,,,,,true,,,,,,,,,,,,,,,,
payment,09e5e552-693f-4ece-b8f2-6e2fd6e9eeee,VW Vzesnya,d112482d-c11a-4398-8a17-3b5b32e152c9,OPEX · Year 13,6791,,,,2039-02-28,,,2026-08-24T14:38:46.451Z,,,,,,,,,,,,,,,,,,,,,,,,,,,,,true,,,,,,,,,,,,,,,,
payment,09e5e552-693f-4ece-b8f2-6e2fd6e9eeee,VW Vzesnya,d09ca766-8906-4120-a715-088de80db4d9,OPEX · Year 14,6791,,,,2040-02-28,,,2026-08-24T14:38:46.451Z,,,,,,,,,,,,,,,,,,,,,,,,,,,,,true,,,,,,,,,,,,,,,,
payment,09e5e552-693f-4ece-b8f2-6e2fd6e9eeee,VW Vzesnya,5a9764c1-8ccb-4be4-9f4b-72826e4607f6,OPEX · Year 15,6791,,,,2041-02-28,,,2026-08-24T14:38:46.451Z,,,,,,,,,,,,,,,,,,,,,,,,,,,,,true,,,,,,,,,,,,,,,,
expense,09e5e552-693f-4ece-b8f2-6e2fd6e9eeee,VW Vzesnya,df60cf16-be2b-449e-8941-39e011ed5aae,Man-hrs,120000,100000,0.2,,2026-07-01,2026-07-01,,2026-08-04T05:32:59.077Z,,,,,,,,,,,,,,,,,,,,,,,man-hr,,,,,,,,,,,,,,,,,,,,,,
expense,09e5e552-693f-4ece-b8f2-6e2fd6e9eeee,VW Vzesnya,f04d93d4-fb64-4e21-b009-81842c5d8d59,Component costs,42083.85,35075.11,0.2,,2026-03-01,2026-03-01,,2026-08-04T05:33:54.959Z,,,,,,,,,,,,,,,,,,,,,,,materials,,,,,,,110000,,,,,,,,,,,,,,,
expense,09e5e552-693f-4ece-b8f2-6e2fd6e9eeee,VW Vzesnya,5db7b389-0acb-4e22-9852-653d94ccddb6,Fire extinguish system,34000,28333.33,0.2,,2026-08-15,,,2026-08-04T05:35:57.705Z,,,,,,,,,,,,,,,,,,,,,,,materials,,,,,,,,,,,,,,,,,,,,,,
expense,09e5e552-693f-4ece-b8f2-6e2fd6e9eeee,VW Vzesnya,6f91d0ff-8b4f-47b6-a587-806d1c0fde43,OPEX · Year 1 (warranty),3395.5,2829.58,0.2,50,2027-02-28,,,2026-08-24T14:38:46.451Z,,,,,,,,,,,,,,,,,,,,,,,maintenance,,,,,,true,,,,,,,,,,,,,,,,
expense,09e5e552-693f-4ece-b8f2-6e2fd6e9eeee,VW Vzesnya,65d57ac2-fbd1-4d12-92d1-389cc7eb81d2,OPEX · Year 2 (warranty),3395.5,2829.58,0.2,50,2028-02-28,,,2026-08-24T14:38:46.451Z,,,,,,,,,,,,,,,,,,,,,,,maintenance,,,,,,true,,,,,,,,,,,,,,,,
expense,09e5e552-693f-4ece-b8f2-6e2fd6e9eeee,VW Vzesnya,fa71fde3-7c30-4942-b2bc-1bb33e09ea21,OPEX · Year 3,3395.5,2829.58,0.2,50,2029-02-28,,,2026-08-24T14:38:46.451Z,,,,,,,,,,,,,,,,,,,,,,,maintenance,,,,,,true,,,,,,,,,,,,,,,,
expense,09e5e552-693f-4ece-b8f2-6e2fd6e9eeee,VW Vzesnya,40fe5c75-7939-47d7-9c5a-89651bc0c737,OPEX · Year 4,3395.5,2829.58,0.2,50,2030-02-28,,,2026-08-24T14:38:46.451Z,,,,,,,,,,,,,,,,,,,,,,,maintenance,,,,,,true,,,,,,,,,,,,,,,,
expense,09e5e552-693f-4ece-b8f2-6e2fd6e9eeee,VW Vzesnya,e7fa787c-a294-4428-a715-82d7053684cc,OPEX · Year 5,3395.5,2829.58,0.2,50,2031-02-28,,,2026-08-24T14:38:46.451Z,,,,,,,,,,,,,,,,,,,,,,,maintenance,,,,,,true,,,,,,,,,,,,,,,,
expense,09e5e552-693f-4ece-b8f2-6e2fd6e9eeee,VW Vzesnya,5699d5d4-47aa-4761-b9ee-9d4d0b9f28fa,OPEX · Year 6,3395.5,2829.58,0.2,50,2032-02-28,,,2026-08-24T14:38:46.451Z,,,,,,,,,,,,,,,,,,,,,,,maintenance,,,,,,true,,,,,,,,,,,,,,,,
expense,09e5e552-693f-4ece-b8f2-6e2fd6e9eeee,VW Vzesnya,56554348-a64c-4fc4-b104-7cf33bbe875e,OPEX · Year 7,3395.5,2829.58,0.2,50,2033-02-28,,,2026-08-24T14:38:46.451Z,,,,,,,,,,,,,,,,,,,,,,,maintenance,,,,,,true,,,,,,,,,,,,,,,,
expense,09e5e552-693f-4ece-b8f2-6e2fd6e9eeee,VW Vzesnya,03162f4e-e66a-4bc5-bb63-49523c458470,OPEX · Year 8,3395.5,2829.58,0.2,50,2034-02-28,,,2026-08-24T14:38:46.451Z,,,,,,,,,,,,,,,,,,,,,,,maintenance,,,,,,true,,,,,,,,,,,,,,,,
expense,09e5e552-693f-4ece-b8f2-6e2fd6e9eeee,VW Vzesnya,31b5e821-57da-4fcf-b48e-f46efbb56a8d,OPEX · Year 9,3395.5,2829.58,0.2,50,2035-02-28,,,2026-08-24T14:38:46.451Z,,,,,,,,,,,,,,,,,,,,,,,maintenance,,,,,,true,,,,,,,,,,,,,,,,
expense,09e5e552-693f-4ece-b8f2-6e2fd6e9eeee,VW Vzesnya,69418a42-4f63-487a-9822-1133f7df0a3b,OPEX · Year 10,3395.5,2829.58,0.2,50,2036-02-28,,,2026-08-24T14:38:46.451Z,,,,,,,,,,,,,,,,,,,,,,,maintenance,,,,,,true,,,,,,,,,,,,,,,,
expense,09e5e552-693f-4ece-b8f2-6e2fd6e9eeee,VW Vzesnya,b97c726d-8142-4caf-914d-7b5bbc115fc2,OPEX · Year 11,3395.5,2829.58,0.2,50,2037-02-28,,,2026-08-24T14:38:46.451Z,,,,,,,,,,,,,,,,,,,,,,,maintenance,,,,,,true,,,,,,,,,,,,,,,,
expense,09e5e552-693f-4ece-b8f2-6e2fd6e9eeee,VW Vzesnya,e292e5eb-8f8b-4954-b4bd-583bae5bc68c,OPEX · Year 12,3395.5,2829.58,0.2,50,2038-02-28,,,2026-08-24T14:38:46.451Z,,,,,,,,,,,,,,,,,,,,,,,maintenance,,,,,,true,,,,,,,,,,,,,,,,
expense,09e5e552-693f-4ece-b8f2-6e2fd6e9eeee,VW Vzesnya,88be375b-a1f4-4c04-a80d-f01bad604bea,OPEX · Year 13,3395.5,2829.58,0.2,50,2039-02-28,,,2026-08-24T14:38:46.451Z,,,,,,,,,,,,,,,,,,,,,,,maintenance,,,,,,true,,,,,,,,,,,,,,,,
expense,09e5e552-693f-4ece-b8f2-6e2fd6e9eeee,VW Vzesnya,cb227f33-a650-494c-8133-8c04d3e71ee3,OPEX · Year 14,3395.5,2829.58,0.2,50,2040-02-28,,,2026-08-24T14:38:46.451Z,,,,,,,,,,,,,,,,,,,,,,,maintenance,,,,,,true,,,,,,,,,,,,,,,,
expense,09e5e552-693f-4ece-b8f2-6e2fd6e9eeee,VW Vzesnya,5f724b0d-456f-49bb-b139-1b9f258b7987,OPEX · Year 15,3395.5,2829.58,0.2,50,2041-02-28,,,2026-08-24T14:38:46.451Z,,,,,,,,,,,,,,,,,,,,,,,maintenance,,,,,,true,,,,,,,,,,,,,,,,
project,bfb5de33-420b-4811-81e5-fab089735bd0,ZF CNG replacement with H2,,,,,,,,,,,6000000,,2280000,3720000,,,,,,,,,,,,,,,,,,,,,,,,,,,,,,,,,,,,,,,,,
payment,bfb5de33-420b-4811-81e5-fab089735bd0,ZF CNG replacement with H2,560bd2da-da9a-4cec-885a-d5b8d7249203,Prepayment,3600000,,,60,2027-02-01,,ce69224b-50df-4dfc-b30c-b6b0a9d726d0,2026-08-04T11:12:26.206Z,,,,,,,,,,,,,,,,,,,,,,,,,,,,,,,,,,,,,,,,,,,,,
payment,bfb5de33-420b-4811-81e5-fab089735bd0,ZF CNG replacement with H2,0cdbccb0-3f08-4900-be20-4b0fc4c1acf1,Design approval,600000,,,10,2027-05-03,,0e218c9e-6626-4b5e-b993-578d1d558600,2026-08-04T11:13:00.315Z,,,,,,,,,,,,,,,,,,,,,,,,,,,,,,,,,,,,,,,,,,,,,
payment,bfb5de33-420b-4811-81e5-fab089735bd0,ZF CNG replacement with H2,d42f6db7-738e-4609-b85d-10355feac880,Engineering done,600000,,,10,2027-07-01,,1aaa9b9e-5743-406f-a743-2ff9048d7d49,2026-08-04T11:13:34.475Z,,,,,,,,,,,,,,,,,,,,,,,,,,,,,,,,,,,,,,,,,,,,,
payment,bfb5de33-420b-4811-81e5-fab089735bd0,ZF CNG replacement with H2,57d0dbc4-a1aa-4cc5-ba27-0008332a5939,FAT,600000,,,10,2027-12-01,,786ecc6a-0b01-4bf9-b387-585cba9b7a53,2026-08-04T11:14:02.028Z,,,,,,,,,,,,,,,,,,,,,,,,,,,,,,,,,,,,,,,,,,,,,
payment,bfb5de33-420b-4811-81e5-fab089735bd0,ZF CNG replacement with H2,a954aa9a-afe5-44fd-b59d-75d96427e71b,SAT,300000,,,5,2028-01-01,,7f52eed7-3666-4ed6-b66e-6c11adc9316d,2026-08-04T11:14:28.813Z,,,,,,,,,,,,,,,,,,,,,,,,,,,,,,,,,,,,,,,,,,,,,
payment,bfb5de33-420b-4811-81e5-fab089735bd0,ZF CNG replacement with H2,291e08f4-d42b-4616-9b88-6738143b441c,FAC,300000,,,5,2028-02-01,,176d0d32-9f4f-4f80-9272-272c732f47c0,2026-08-04T11:14:44.794Z,,,,,,,,,,,,,,,,,,,,,,,,,,,,,,,,,,,,,,,,,,,,,
expense,bfb5de33-420b-4811-81e5-fab089735bd0,ZF CNG replacement with H2,20b1ca5a-303a-4ed4-b9a1-ecb724eaa6f0,Prepayment,1368000,1140000,0.2,60,2027-02-01,,ce69224b-50df-4dfc-b30c-b6b0a9d726d0,2026-08-04T21:14:00.000Z,,,,,,,,,,,,,,,,,,,,,,,materials,,,,,,,,,,,,,,,,,,,,,,
expense,bfb5de33-420b-4811-81e5-fab089735bd0,ZF CNG replacement with H2,a1c349e6-9da1-4eb3-b2b4-849f40b9c3a9,Design approval,228000,190000,0.2,10,2027-05-03,,0e218c9e-6626-4b5e-b993-578d1d558600,2026-08-04T21:14:00.000Z,,,,,,,,,,,,,,,,,,,,,,,materials,,,,,,,,,,,,,,,,,,,,,,
expense,bfb5de33-420b-4811-81e5-fab089735bd0,ZF CNG replacement with H2,f2dcc5ac-154c-4f02-8f17-ae8a2398885f,Engineering done,228000,190000,0.2,10,2027-07-01,,1aaa9b9e-5743-406f-a743-2ff9048d7d49,2026-08-04T21:14:00.000Z,,,,,,,,,,,,,,,,,,,,,,,materials,,,,,,,,,,,,,,,,,,,,,,
expense,bfb5de33-420b-4811-81e5-fab089735bd0,ZF CNG replacement with H2,382c4754-f84a-4b71-95b6-aeb5fc386983,FAT,228000,190000,0.2,10,2027-12-01,,786ecc6a-0b01-4bf9-b387-585cba9b7a53,2026-08-04T21:14:00.000Z,,,,,,,,,,,,,,,,,,,,,,,materials,,,,,,,,,,,,,,,,,,,,,,
expense,bfb5de33-420b-4811-81e5-fab089735bd0,ZF CNG replacement with H2,9dab7f5d-c548-4a7d-92cf-48a7f5295509,SAT,114000,95000,0.2,5,2028-01-01,,7f52eed7-3666-4ed6-b66e-6c11adc9316d,2026-08-04T21:14:00.000Z,,,,,,,,,,,,,,,,,,,,,,,materials,,,,,,,,,,,,,,,,,,,,,,
expense,bfb5de33-420b-4811-81e5-fab089735bd0,ZF CNG replacement with H2,a010d346-2abb-4c41-805f-b00069abc1e4,FAC,114000,95000,0.2,5,2028-02-01,,176d0d32-9f4f-4f80-9272-272c732f47c0,2026-08-04T21:14:00.000Z,,,,,,,,,,,,,,,,,,,,,,,materials,,,,,,,,,,,,,,,,,,,,,,
project,565a7c30-5d0d-4744-b069-a6a1ea0e4ce2,N1 - LE Power Clean H2 Production,,,,,,,,,,,2000000,,,,1150000,,50000,80,0,15,,,,,,,,,,,,,,,,,,,,,,,,,,,,,,,,,,,
payment,565a7c30-5d0d-4744-b069-a6a1ea0e4ce2,N1 - LE Power Clean H2 Production,dbcb8424-d49c-47e4-adf3-e5ebebbd619b,,800000,,,40,2026-05-01,2026-05-01,f841d3e4-700f-4952-ae7c-1a44124b943f,2026-08-04T05:45:21.985Z,,,,,,,,,,,,,,,,,,,,,,,,,,,,,,,,,,,,,,,,,,,,,
payment,565a7c30-5d0d-4744-b069-a6a1ea0e4ce2,N1 - LE Power Clean H2 Production,2d1a4a07-a375-45e5-9062-404a2fb2fc16,,200000,,,10,2026-12-01,,7af4ce42-f92e-4e21-b037-eff6d55572a9,2026-08-04T05:45:38.433Z,,,,,,,,,,,,,,,,,,,,,,,,,,,,,,,,,,,,,,,,,,,,,
payment,565a7c30-5d0d-4744-b069-a6a1ea0e4ce2,N1 - LE Power Clean H2 Production,30f118af-2048-45e2-af2e-f229f96fbd82,FAT,600000,,,30,2027-05-01,,2ade32eb-e8f9-437f-82bb-a5f1f666c7a2,2026-08-04T05:45:52.337Z,,,,,,,,,,,,,,,,,,,,,,,,,,,,,,,,,,,,,,,,,,,,,
payment,565a7c30-5d0d-4744-b069-a6a1ea0e4ce2,N1 - LE Power Clean H2 Production,1e1333d0-7088-4cfc-bd97-ed525c929d63,Done,400000,,,20,2027-06-04,,e1991f60-c3ee-4f71-9f88-ed6b147f9620,2026-08-04T05:46:09.097Z,,,,,,,,,,,,,,,,,,,,,,,,,,,,,,,,,,,,,,,,,,,,,
payment,565a7c30-5d0d-4744-b069-a6a1ea0e4ce2,N1 - LE Power Clean H2 Production,8bc45c7b-e83f-40da-bde2-4301ffdaba7a,OPEX · Year 1,50000,,,,2028-05-15,,,2026-08-24T14:39:54.417Z,,,,,,,,,,,,,,,,,,,,,,,,,,,,,true,,,,,,,,,,,,,,,,
payment,565a7c30-5d0d-4744-b069-a6a1ea0e4ce2,N1 - LE Power Clean H2 Production,afbaede8-89ae-4154-9d18-0bc0a2a06600,OPEX · Year 2,50000,,,,2029-05-15,,,2026-08-24T14:39:54.417Z,,,,,,,,,,,,,,,,,,,,,,,,,,,,,true,,,,,,,,,,,,,,,,
payment,565a7c30-5d0d-4744-b069-a6a1ea0e4ce2,N1 - LE Power Clean H2 Production,c9846643-6588-426f-831b-9427b82cb004,OPEX · Year 3,50000,,,,2030-05-15,,,2026-08-24T14:39:54.417Z,,,,,,,,,,,,,,,,,,,,,,,,,,,,,true,,,,,,,,,,,,,,,,
payment,565a7c30-5d0d-4744-b069-a6a1ea0e4ce2,N1 - LE Power Clean H2 Production,5ac02ef1-a36e-4c07-b924-147f940c49b3,OPEX · Year 4,50000,,,,2031-05-15,,,2026-08-24T14:39:54.417Z,,,,,,,,,,,,,,,,,,,,,,,,,,,,,true,,,,,,,,,,,,,,,,
payment,565a7c30-5d0d-4744-b069-a6a1ea0e4ce2,N1 - LE Power Clean H2 Production,3a55c552-1073-4c7f-a018-c158551eb7b5,OPEX · Year 5,50000,,,,2032-05-15,,,2026-08-24T14:39:54.417Z,,,,,,,,,,,,,,,,,,,,,,,,,,,,,true,,,,,,,,,,,,,,,,
payment,565a7c30-5d0d-4744-b069-a6a1ea0e4ce2,N1 - LE Power Clean H2 Production,dbdefe1a-f5d6-4aaf-9915-42e74c033bab,OPEX · Year 6,50000,,,,2033-05-15,,,2026-08-24T14:39:54.417Z,,,,,,,,,,,,,,,,,,,,,,,,,,,,,true,,,,,,,,,,,,,,,,
payment,565a7c30-5d0d-4744-b069-a6a1ea0e4ce2,N1 - LE Power Clean H2 Production,196f695d-72fa-410f-aeac-e7591dec9e75,OPEX · Year 7,50000,,,,2034-05-15,,,2026-08-24T14:39:54.417Z,,,,,,,,,,,,,,,,,,,,,,,,,,,,,true,,,,,,,,,,,,,,,,
payment,565a7c30-5d0d-4744-b069-a6a1ea0e4ce2,N1 - LE Power Clean H2 Production,33bbaf7d-654e-46ec-b97c-54b4027f98db,OPEX · Year 8,50000,,,,2035-05-15,,,2026-08-24T14:39:54.417Z,,,,,,,,,,,,,,,,,,,,,,,,,,,,,true,,,,,,,,,,,,,,,,
payment,565a7c30-5d0d-4744-b069-a6a1ea0e4ce2,N1 - LE Power Clean H2 Production,3419d4c1-db84-4d09-b970-126ae31b41b9,OPEX · Year 9,50000,,,,2036-05-15,,,2026-08-24T14:39:54.417Z,,,,,,,,,,,,,,,,,,,,,,,,,,,,,true,,,,,,,,,,,,,,,,
payment,565a7c30-5d0d-4744-b069-a6a1ea0e4ce2,N1 - LE Power Clean H2 Production,66fa0b14-6346-4c1e-86cb-6bc15e1b94fa,OPEX · Year 10,50000,,,,2037-05-15,,,2026-08-24T14:39:54.417Z,,,,,,,,,,,,,,,,,,,,,,,,,,,,,true,,,,,,,,,,,,,,,,
payment,565a7c30-5d0d-4744-b069-a6a1ea0e4ce2,N1 - LE Power Clean H2 Production,5a4cdc3a-26f7-4949-956f-f62ed15fea45,OPEX · Year 11,50000,,,,2038-05-15,,,2026-08-24T14:39:54.417Z,,,,,,,,,,,,,,,,,,,,,,,,,,,,,true,,,,,,,,,,,,,,,,
payment,565a7c30-5d0d-4744-b069-a6a1ea0e4ce2,N1 - LE Power Clean H2 Production,fd0da044-3d9c-4b83-9c26-1429777a5d1d,OPEX · Year 12,50000,,,,2039-05-15,,,2026-08-24T14:39:54.417Z,,,,,,,,,,,,,,,,,,,,,,,,,,,,,true,,,,,,,,,,,,,,,,
payment,565a7c30-5d0d-4744-b069-a6a1ea0e4ce2,N1 - LE Power Clean H2 Production,0f8c2b75-b099-4ca2-bc60-7ba2dca17110,OPEX · Year 13,50000,,,,2040-05-15,,,2026-08-24T14:39:54.417Z,,,,,,,,,,,,,,,,,,,,,,,,,,,,,true,,,,,,,,,,,,,,,,
payment,565a7c30-5d0d-4744-b069-a6a1ea0e4ce2,N1 - LE Power Clean H2 Production,422230fd-534a-411e-adcc-d9a895df1137,OPEX · Year 14,50000,,,,2041-05-15,,,2026-08-24T14:39:54.417Z,,,,,,,,,,,,,,,,,,,,,,,,,,,,,true,,,,,,,,,,,,,,,,
payment,565a7c30-5d0d-4744-b069-a6a1ea0e4ce2,N1 - LE Power Clean H2 Production,ef78f9bd-ade4-4f69-b34c-91f007bf894a,OPEX · Year 15,50000,,,,2042-05-15,,,2026-08-24T14:39:54.417Z,,,,,,,,,,,,,,,,,,,,,,,,,,,,,true,,,,,,,,,,,,,,,,
expense,565a7c30-5d0d-4744-b069-a6a1ea0e4ce2,N1 - LE Power Clean H2 Production,86e56eeb-2323-4a92-9ee8-beaed85718cc,Component costs 3/10,152000,126666.67,0.2,,2026-10-01,,,2026-08-04T05:52:17.531Z,,,,,,,,,,,,,,,,,,,,,,,materials,,,,,,,,,,,,,,,,,,,,,,
expense,565a7c30-5d0d-4744-b069-a6a1ea0e4ce2,N1 - LE Power Clean H2 Production,03d432a5-9991-4cd3-bae2-2b0e5f3ae30f,Component costs 5/10,152000,126666.67,0.2,,2026-11-01,,,2026-08-04T05:52:45.974Z,,,,,,,,,,,,,,,,,,,,,,,materials,,,,,,,,,,,,,,,,,,,,,,
expense,565a7c30-5d0d-4744-b069-a6a1ea0e4ce2,N1 - LE Power Clean H2 Production,ea878e3b-730d-4173-a4c1-15dee03ad6af,Component costs 6/10,152000,126666.67,0.2,,2026-12-01,,,2026-08-04T05:53:24.625Z,,,,,,,,,,,,,,,,,,,,,,,materials,,,,,,,,,,,,,,,,,,,,,,
expense,565a7c30-5d0d-4744-b069-a6a1ea0e4ce2,N1 - LE Power Clean H2 Production,6e8f2f6d-0756-49e3-81e0-7511a9cf9311,Component costs 7/10,152000,126666.67,0.2,,2027-01-01,,,2026-08-04T05:53:48.677Z,,,,,,,,,,,,,,,,,,,,,,,materials,,,,,,,,,,,,,,,,,,,,,,
expense,565a7c30-5d0d-4744-b069-a6a1ea0e4ce2,N1 - LE Power Clean H2 Production,c19ded40-e0d2-465e-8de5-a369a8859c03,Component costs 8/10,152000,126666.67,0.2,,2027-02-01,,,2026-08-04T05:54:04.409Z,,,,,,,,,,,,,,,,,,,,,,,materials,,,,,,,,,,,,,,,,,,,,,,
expense,565a7c30-5d0d-4744-b069-a6a1ea0e4ce2,N1 - LE Power Clean H2 Production,2e99bd74-b0af-4609-bd00-dad8b4206e8e,Component costs 9/10,152000,126666.67,0.2,,2027-03-01,,,2026-08-04T05:54:22.238Z,,,,,,,,,,,,,,,,,,,,,,,materials,,,,,,,,,,,,,,,,,,,,,,
expense,565a7c30-5d0d-4744-b069-a6a1ea0e4ce2,N1 - LE Power Clean H2 Production,4fb98863-1ee7-411c-8cc4-1e5f7b3d7c82,Component costs 10/10,152000,126666.67,0.2,,2027-04-01,,,2026-08-04T05:54:39.537Z,,,,,,,,,,,,,,,,,,,,,,,materials,,,,,,,,,,,,,,,,,,,,,,
expense,565a7c30-5d0d-4744-b069-a6a1ea0e4ce2,N1 - LE Power Clean H2 Production,18168f15-4f6d-4e11-902f-b013ad3230a0,Additional MV transformer,280000,233333.33,0.2,,2026-08-15,,,2026-08-04T05:55:46.409Z,,,,,,,,,,,,,,,,,,,,,,,materials,,,,,,,,,,,,,,,,,,,,,,
expense,565a7c30-5d0d-4744-b069-a6a1ea0e4ce2,N1 - LE Power Clean H2 Production,2fb209f8-db4c-4743-96ca-aeaba7189f86,OPEX · Year 1,40000,33333.33,0.2,80,2028-05-15,,,2026-08-24T14:39:54.417Z,,,,,,,,,,,,,,,,,,,,,,,maintenance,,,,,,true,,,,,,,,,,,,,,,,
expense,565a7c30-5d0d-4744-b069-a6a1ea0e4ce2,N1 - LE Power Clean H2 Production,92cfec44-0331-4727-a9fc-2dd3e6bb9cc2,OPEX · Year 2,40000,33333.33,0.2,80,2029-05-15,,,2026-08-24T14:39:54.417Z,,,,,,,,,,,,,,,,,,,,,,,maintenance,,,,,,true,,,,,,,,,,,,,,,,
expense,565a7c30-5d0d-4744-b069-a6a1ea0e4ce2,N1 - LE Power Clean H2 Production,2087de74-3b44-4a76-9752-6d620dc5bd15,OPEX · Year 3,40000,33333.33,0.2,80,2030-05-15,,,2026-08-24T14:39:54.417Z,,,,,,,,,,,,,,,,,,,,,,,maintenance,,,,,,true,,,,,,,,,,,,,,,,
expense,565a7c30-5d0d-4744-b069-a6a1ea0e4ce2,N1 - LE Power Clean H2 Production,ca27a51a-d596-4421-b7f5-39049d804de0,OPEX · Year 4,40000,33333.33,0.2,80,2031-05-15,,,2026-08-24T14:39:54.417Z,,,,,,,,,,,,,,,,,,,,,,,maintenance,,,,,,true,,,,,,,,,,,,,,,,
expense,565a7c30-5d0d-4744-b069-a6a1ea0e4ce2,N1 - LE Power Clean H2 Production,7cc78fe3-7a2c-41db-9cfe-34eefba0e1d5,OPEX · Year 5,40000,33333.33,0.2,80,2032-05-15,,,2026-08-24T14:39:54.417Z,,,,,,,,,,,,,,,,,,,,,,,maintenance,,,,,,true,,,,,,,,,,,,,,,,
expense,565a7c30-5d0d-4744-b069-a6a1ea0e4ce2,N1 - LE Power Clean H2 Production,45092774-4366-4b82-a52d-1f04dd478448,OPEX · Year 6,40000,33333.33,0.2,80,2033-05-15,,,2026-08-24T14:39:54.417Z,,,,,,,,,,,,,,,,,,,,,,,maintenance,,,,,,true,,,,,,,,,,,,,,,,
expense,565a7c30-5d0d-4744-b069-a6a1ea0e4ce2,N1 - LE Power Clean H2 Production,5800a2bd-f993-42df-97cb-af5259eaf057,OPEX · Year 7,40000,33333.33,0.2,80,2034-05-15,,,2026-08-24T14:39:54.417Z,,,,,,,,,,,,,,,,,,,,,,,maintenance,,,,,,true,,,,,,,,,,,,,,,,
expense,565a7c30-5d0d-4744-b069-a6a1ea0e4ce2,N1 - LE Power Clean H2 Production,9604c462-c195-4cb0-a729-30c1231912cc,OPEX · Year 8,40000,33333.33,0.2,80,2035-05-15,,,2026-08-24T14:39:54.417Z,,,,,,,,,,,,,,,,,,,,,,,maintenance,,,,,,true,,,,,,,,,,,,,,,,
expense,565a7c30-5d0d-4744-b069-a6a1ea0e4ce2,N1 - LE Power Clean H2 Production,c9bbc62e-c771-45d3-a77a-58c6e70211b0,OPEX · Year 9,40000,33333.33,0.2,80,2036-05-15,,,2026-08-24T14:39:54.417Z,,,,,,,,,,,,,,,,,,,,,,,maintenance,,,,,,true,,,,,,,,,,,,,,,,
expense,565a7c30-5d0d-4744-b069-a6a1ea0e4ce2,N1 - LE Power Clean H2 Production,7812b9b4-5a15-4595-97bd-5fa0c9ae7f61,OPEX · Year 10,40000,33333.33,0.2,80,2037-05-15,,,2026-08-24T14:39:54.417Z,,,,,,,,,,,,,,,,,,,,,,,maintenance,,,,,,true,,,,,,,,,,,,,,,,
expense,565a7c30-5d0d-4744-b069-a6a1ea0e4ce2,N1 - LE Power Clean H2 Production,9f8d3d8e-2e00-4364-abb7-1da58b1d1de0,OPEX · Year 11,40000,33333.33,0.2,80,2038-05-15,,,2026-08-24T14:39:54.417Z,,,,,,,,,,,,,,,,,,,,,,,maintenance,,,,,,true,,,,,,,,,,,,,,,,
expense,565a7c30-5d0d-4744-b069-a6a1ea0e4ce2,N1 - LE Power Clean H2 Production,448ce9d3-95ef-4211-9c38-04450c8eb607,OPEX · Year 12,40000,33333.33,0.2,80,2039-05-15,,,2026-08-24T14:39:54.417Z,,,,,,,,,,,,,,,,,,,,,,,maintenance,,,,,,true,,,,,,,,,,,,,,,,
expense,565a7c30-5d0d-4744-b069-a6a1ea0e4ce2,N1 - LE Power Clean H2 Production,90a0bfa3-65de-4da9-ae01-cf2021eb69c0,OPEX · Year 13,40000,33333.33,0.2,80,2040-05-15,,,2026-08-24T14:39:54.417Z,,,,,,,,,,,,,,,,,,,,,,,maintenance,,,,,,true,,,,,,,,,,,,,,,,
expense,565a7c30-5d0d-4744-b069-a6a1ea0e4ce2,N1 - LE Power Clean H2 Production,493e85ac-eb34-46c9-9183-809ad21c0d1e,OPEX · Year 14,40000,33333.33,0.2,80,2041-05-15,,,2026-08-24T14:39:54.417Z,,,,,,,,,,,,,,,,,,,,,,,maintenance,,,,,,true,,,,,,,,,,,,,,,,
expense,565a7c30-5d0d-4744-b069-a6a1ea0e4ce2,N1 - LE Power Clean H2 Production,4e6a20f8-cd33-41a5-a4c9-69d777b549c2,OPEX · Year 15,40000,33333.33,0.2,80,2042-05-15,,,2026-08-24T14:39:54.417Z,,,,,,,,,,,,,,,,,,,,,,,maintenance,,,,,,true,,,,,,,,,,,,,,,,
project,e1509a3b-613c-4846-a411-87e5ab388326,5MW BoS/BoP for Inver with Stargate,,,,,,,,,,,2800000,,2000000,800000,,,,,,,,,,,,,,,,,,,,,,,,,,,,,,,,,,,,,,,,,
payment,e1509a3b-613c-4846-a411-87e5ab388326,5MW BoS/BoP for Inver with Stargate,8c366f05-6f66-4e5b-a1e6-ac1717591f38,Prepayment,1680000,,,60,2026-11-02,,cea9bdda-5dd6-4b0f-a415-fb02d1dbcd63,2026-08-04T11:18:53.559Z,,,,,,,,,,,,,,,,,,,,,,,,,,,,,,,,,,,,,,,,,,,,,
payment,e1509a3b-613c-4846-a411-87e5ab388326,5MW BoS/BoP for Inver with Stargate,2a633a59-9135-4b4c-9dec-e465823bb5ec,Design approval,280000,,,10,2027-03-01,,2fca3233-6211-46f9-a617-ea7b5a74cc9c,2026-08-04T11:19:13.592Z,,,,,,,,,,,,,,,,,,,,,,,,,,,,,,,,,,,,,,,,,,,,,
payment,e1509a3b-613c-4846-a411-87e5ab388326,5MW BoS/BoP for Inver with Stargate,cd9ef615-33ec-4e49-b103-e9c37fc252b6,Engineering done,280000,,,10,2027-04-01,,27d8cc8e-6791-46bd-aaf5-1b968fb6a02b,2026-08-04T11:19:31.956Z,,,,,,,,,,,,,,,,,,,,,,,,,,,,,,,,,,,,,,,,,,,,,
payment,e1509a3b-613c-4846-a411-87e5ab388326,5MW BoS/BoP for Inver with Stargate,bbeeca8d-c96a-4d73-ad55-67718acf0041,FAT,280000,,,10,2028-03-04,,5c15462d-a84b-49f2-9df1-1c58b5d228b1,2026-08-04T11:20:06.380Z,,,,,,,,,,,,,,,,,,,,,,,,,,,,,,,,,,,,,,,,,,,,,
payment,e1509a3b-613c-4846-a411-87e5ab388326,5MW BoS/BoP for Inver with Stargate,afbe35fb-2415-4c2a-a6fd-e43b5eef75d1,SAT,140000,,,5,2028-04-03,,bf1bc35e-18a7-4a3f-8c54-2fd8f50433e5,2026-08-04T11:20:38.236Z,,,,,,,,,,,,,,,,,,,,,,,,,,,,,,,,,,,,,,,,,,,,,
payment,e1509a3b-613c-4846-a411-87e5ab388326,5MW BoS/BoP for Inver with Stargate,32561095-5614-46f8-b670-bbc7e5669564,FAC,140000,,,5,2028-05-01,,bff887e5-9d3f-4d86-ac77-4471d5fc0a75,2026-08-04T11:20:58.361Z,,,,,,,,,,,,,,,,,,,,,,,,,,,,,,,,,,,,,,,,,,,,,
expense,e1509a3b-613c-4846-a411-87e5ab388326,5MW BoS/BoP for Inver with Stargate,f2392e93-6ff6-45f2-9d19-5e46a12b7791,Costs Â· Prepayment,1200000,1000000,0.2,60,2026-12-02,,cea9bdda-5dd6-4b0f-a415-fb02d1dbcd63,2026-08-04T21:02:00.000Z,,,,,,,,,,,,,,,,,,,,,,,materials,,,,,,,,,,,,,,,,,,,,,,
expense,e1509a3b-613c-4846-a411-87e5ab388326,5MW BoS/BoP for Inver with Stargate,96c8be9b-4426-44aa-b908-f12c5cf722f9,Costs Â· Design approval,200000,166666.67,0.2,10,2027-04-01,,2fca3233-6211-46f9-a617-ea7b5a74cc9c,2026-08-04T21:02:00.000Z,,,,,,,,,,,,,,,,,,,,,,,materials,,,,,,,,,,,,,,,,,,,,,,
expense,e1509a3b-613c-4846-a411-87e5ab388326,5MW BoS/BoP for Inver with Stargate,a3fce42c-8ada-463c-81d6-c4a297a36f2a,Engineering done,200000,166666.67,0.2,10,2027-04-01,,27d8cc8e-6791-46bd-aaf5-1b968fb6a02b,2026-08-04T21:02:00.000Z,,,,,,,,,,,,,,,,,,,,,,,materials,,,,,,,,,,,,,,,,,,,,,,
expense,e1509a3b-613c-4846-a411-87e5ab388326,5MW BoS/BoP for Inver with Stargate,93f1cf3e-e835-459a-a2df-2b3915f91462,FAT,200000,166666.67,0.2,10,2028-03-04,,5c15462d-a84b-49f2-9df1-1c58b5d228b1,2026-08-04T21:02:00.000Z,,,,,,,,,,,,,,,,,,,,,,,materials,,,,,,,,,,,,,,,,,,,,,,
expense,e1509a3b-613c-4846-a411-87e5ab388326,5MW BoS/BoP for Inver with Stargate,5e5972cd-bbca-4119-b869-7399ab247a60,SAT,100000,83333.33,0.2,5,2028-04-03,,bf1bc35e-18a7-4a3f-8c54-2fd8f50433e5,2026-08-04T21:02:00.000Z,,,,,,,,,,,,,,,,,,,,,,,materials,,,,,,,,,,,,,,,,,,,,,,
expense,e1509a3b-613c-4846-a411-87e5ab388326,5MW BoS/BoP for Inver with Stargate,7c469b32-492e-4481-8a49-fcfcf0b6a671,FAC,100000,83333.33,0.2,5,2029-01-01,,bff887e5-9d3f-4d86-ac77-4471d5fc0a75,2026-08-04T21:02:00.000Z,,,,,,,,,,,,,,,,,,,,,,,materials,,,,,,,,,,,,,,,,,,,,,,
project,ee31a7e1-aefd-4127-ad3b-59b67c688e04,Bestway Chawal Cement Plant,,,,,,,,,,,3000000,,900000,2100000,780000,,,,,,,,,,,,,,,,,,,,,,,,,,,,,,,,,,,,,,,,
payment,ee31a7e1-aefd-4127-ad3b-59b67c688e04,Bestway Chawal Cement Plant,15391957-9d1c-4fbe-abc2-e06dd5f3eabc,Prepayment,1200000,,,40,2026-09-10,,ce5c636a-d0d5-4ec2-8bc1-5f9570d39434,2026-08-04T11:24:48.206Z,,,,,,,,,,,,,,,,,,,,,,,,,,,,,,,,,,,,,,,,,,,,,
payment,ee31a7e1-aefd-4127-ad3b-59b67c688e04,Bestway Chawal Cement Plant,10685556-91d1-4d36-b98a-03ccdcaffb1a,Design approval,300000,,,10,2026-09-20,,d808e64c-df35-47f4-a835-5492371ddfd3,2026-08-04T11:25:07.187Z,,,,,,,,,,,,,,,,,,,,,,,,,,,,,,,,,,,,,,,,,,,,,
payment,ee31a7e1-aefd-4127-ad3b-59b67c688e04,Bestway Chawal Cement Plant,a1a4f547-711a-4d72-bdae-f68b51795e84,Engineering done,300000,,,10,2026-09-30,,53112704-1934-4958-91e1-2bf99ada4742,2026-08-04T11:25:19.163Z,,,,,,,,,,,,,,,,,,,,,,,,,,,,,,,,,,,,,,,,,,,,,
payment,ee31a7e1-aefd-4127-ad3b-59b67c688e04,Bestway Chawal Cement Plant,1b11506b-198a-4197-b87b-a39b1688751f,FAT,600000,,,20,2026-11-02,,e61d3498-b3c7-4fb6-bf77-7e413ddbe0e4,2026-08-04T11:25:56.767Z,,,,,,,,,,,,,,,,,,,,,,,,,,,,,,,,,,,,,,,,,,,,,
payment,ee31a7e1-aefd-4127-ad3b-59b67c688e04,Bestway Chawal Cement Plant,b6e279e5-f325-4a75-88a9-5c44e9af855e,SAT,300000,,,10,2026-12-01,,380a93a4-1b17-4851-91e9-fbcfdc2a0d67,2026-08-04T11:26:24.255Z,,,,,,,,,,,,,,,,,,,,,,,,,,,,,,,,,,,,,,,,,,,,,
payment,ee31a7e1-aefd-4127-ad3b-59b67c688e04,Bestway Chawal Cement Plant,95dbd655-6f11-44d3-9145-35b250d48e0f,FAC,300000,,,10,2027-01-10,,6cd8e387-ddd2-4414-b5bd-ea9b06844448,2026-08-04T11:26:47.088Z,,,,,,,,,,,,,,,,,,,,,,,,,,,,,,,,,,,,,,,,,,,,,
expense,ee31a7e1-aefd-4127-ad3b-59b67c688e04,Bestway Chawal Cement Plant,27c73d89-59d7-434e-8690-4dde455ce267,Manufacture materials · Prepayment,312000,260000,0.2,40,2026-09-10,,ce5c636a-d0d5-4ec2-8bc1-5f9570d39434,2026-08-24T13:33:31.515Z,,,,,,,,,,,,,,,,,,,,,,,materials,,,,,,,,,,,,,,,,,,,,,,
expense,ee31a7e1-aefd-4127-ad3b-59b67c688e04,Bestway Chawal Cement Plant,cf44ac8f-0149-4659-a5b1-f46a7659ad1b,Manufacture materials · Design approval,78000,65000,0.2,10,2026-09-20,,d808e64c-df35-47f4-a835-5492371ddfd3,2026-08-24T13:33:31.515Z,,,,,,,,,,,,,,,,,,,,,,,materials,,,,,,,,,,,,,,,,,,,,,,
expense,ee31a7e1-aefd-4127-ad3b-59b67c688e04,Bestway Chawal Cement Plant,fdd24be9-9fad-4d05-922a-73f88e888e92,Manufacture materials · Engineering done,78000,65000,0.2,10,2026-09-30,,53112704-1934-4958-91e1-2bf99ada4742,2026-08-24T13:33:31.515Z,,,,,,,,,,,,,,,,,,,,,,,materials,,,,,,,,,,,,,,,,,,,,,,
expense,ee31a7e1-aefd-4127-ad3b-59b67c688e04,Bestway Chawal Cement Plant,67b64666-eab0-4917-93b2-9673bfa60aaa,Manufacture materials · FAT,156000,130000,0.2,20,2026-11-02,,e61d3498-b3c7-4fb6-bf77-7e413ddbe0e4,2026-08-24T13:33:31.515Z,,,,,,,,,,,,,,,,,,,,,,,materials,,,,,,,,,,,,,,,,,,,,,,
expense,ee31a7e1-aefd-4127-ad3b-59b67c688e04,Bestway Chawal Cement Plant,dca25e37-9be9-4a6c-9d72-76462984f927,Manufacture materials · SAT,78000,65000,0.2,10,2026-12-01,,380a93a4-1b17-4851-91e9-fbcfdc2a0d67,2026-08-24T13:33:31.515Z,,,,,,,,,,,,,,,,,,,,,,,materials,,,,,,,,,,,,,,,,,,,,,,
expense,ee31a7e1-aefd-4127-ad3b-59b67c688e04,Bestway Chawal Cement Plant,09b0dbb9-c9f3-4441-b937-3c3fcb076730,Manufacture materials · FAC,78000,65000,0.2,10,2027-01-10,,6cd8e387-ddd2-4414-b5bd-ea9b06844448,2026-08-24T13:33:31.515Z,,,,,,,,,,,,,,,,,,,,,,,materials,,,,,,,,,,,,,,,,,,,,,,
expense,ee31a7e1-aefd-4127-ad3b-59b67c688e04,Bestway Chawal Cement Plant,39f60e7e-3148-4c0d-87d0-107315d51714,Success fee,200000,166666.67,0.2,,2026-09-10,,ce5c636a-d0d5-4ec2-8bc1-5f9570d39434,2026-08-24T13:34:01.695Z,,,,,,,,,,,,,,,,,,,,,,,admin,,,,,,,,,,,,,,,,,,,,,,
expense,ee31a7e1-aefd-4127-ad3b-59b67c688e04,Bestway Chawal Cement Plant,a8f3bba9-bdca-4815-aa01-5800bc9837f1,,100000,83333.33,0.2,,2026-11-27,,ef5c829a-85fa-407a-a1ab-c1212547628e,2026-08-24T13:34:57.448Z,,,,,,,,,,,,,,,,,,,,,,,installation,installation-equipment,,,,,,,,,,,,,,,,,,,,,
warehouse_lot,565a7c30-5d0d-4744-b069-a6a1ea0e4ce2,N1 - LE Power Clean H2 Production,9558abd4-ff2b-4a7d-be44-9265169582de,ХТ Топлообменник HEXONIC H2 K,936,780,0.2,,2026-08-04,,,2026-08-19T08:09:10.13+00:00,,,,,,,,,,,,,,,,,,,,,,,materials,,9558abd4-ff2b-4a7d-be44-9265169582de,0dd0e1f5-255d-4adc-bd43-23dec3929241,2,,,,,,,,,,,,,,,,,,86e56eeb-2323-4a92-9ee8-beaed85718cc
warehouse_lot,565a7c30-5d0d-4744-b069-a6a1ea0e4ce2,N1 - LE Power Clean H2 Production,f6a0e9ae-81ae-4f56-ab1d-ea0a3e67e301,ХТ Топлообменник HEXONIC JAD X,2436,2030,0.2,,2026-08-04,,,2026-08-19T08:10:20.02+00:00,,,,,,,,,,,,,,,,,,,,,,,materials,,f6a0e9ae-81ae-4f56-ab1d-ea0a3e67e301,c0bb9b65-4e4a-4247-a494-639a7b3f1d72,2,,,,,,,,,,,,,,,,,,03d432a5-9991-4cd3-bae2-2b0e5f3ae30f
warehouse_lot,54a52555-9309-41fe-8e37-bacbb90670c3,Example 500kW Z-Series,13136982-9459-4ab3-aec2-1d23b2803a35,Example 500kW Z-Series BOM,1.36,1.135067976255605,0.2,,2026-08-24,,,2026-08-24T15:28:39.594+00:00,,,,,,,,,,,,,,,,,,,,,,,materials,,13136982-9459-4ab3-aec2-1d23b2803a35,25b296df-fef5-499a-8065-133932798aff,14,,,,,,,,,,,,,,,,,,
warehouse_lot,54a52555-9309-41fe-8e37-bacbb90670c3,Example 500kW Z-Series,762b6be4-f9f2-4097-ad1e-7308185de359,Example 500kW Z-Series BOM,6.6,5.5,0.2,,2026-08-24,,,2026-08-24T15:28:39.594+00:00,,,,,,,,,,,,,,,,,,,,,,,materials,,762b6be4-f9f2-4097-ad1e-7308185de359,1f7c625e-eae4-4dfe-b3d0-89b338196ab5,6,,,,,,,,,,,,,,,,,,
warehouse_lot,54a52555-9309-41fe-8e37-bacbb90670c3,Example 500kW Z-Series,76288a03-fb6e-4cda-80f8-b3edb77b307a,Example 500kW Z-Series BOM,5.86,4.88,0.2,,2026-08-24,,,2026-08-24T15:28:39.594+00:00,,,,,,,,,,,,,,,,,,,,,,,materials,,76288a03-fb6e-4cda-80f8-b3edb77b307a,323fd4b5-bbe4-4919-9f84-4da17791cee3,17,,,,,,,,,,,,,,,,,,
warehouse_lot,54a52555-9309-41fe-8e37-bacbb90670c3,Example 500kW Z-Series,70c1734b-6b6f-4ec5-b54a-2eef19891ec2,Example 500kW Z-Series BOM,6.26,5.215177188201428,0.2,,2026-08-24,,,2026-08-24T15:28:39.594+00:00,,,,,,,,,,,,,,,,,,,,,,,materials,,70c1734b-6b6f-4ec5-b54a-2eef19891ec2,90b3dbc6-711d-4cc4-a789-e0891d3f9267,3,,,,,,,,,,,,,,,,,,
warehouse_lot,54a52555-9309-41fe-8e37-bacbb90670c3,Example 500kW Z-Series,cd8f7027-6f82-4940-ada2-e712c440a0fd,Example 500kW Z-Series BOM,2.98,2.48,0.2,,2026-08-24,,,2026-08-24T15:28:39.594+00:00,,,,,,,,,,,,,,,,,,,,,,,materials,,cd8f7027-6f82-4940-ada2-e712c440a0fd,f7c76b4c-8762-469e-9b40-6fe18acecbfe,8,,,,,,,,,,,,,,,,,,
warehouse_lot,54a52555-9309-41fe-8e37-bacbb90670c3,Example 500kW Z-Series,42c562b7-3efb-48d6-8e88-dbd74f51dc9c,Example 500kW Z-Series BOM,0.14,0.11759713267513026,0.2,,2026-08-24,,,2026-08-24T15:28:39.594+00:00,,,,,,,,,,,,,,,,,,,,,,,materials,,42c562b7-3efb-48d6-8e88-dbd74f51dc9c,84e926cb-ba36-43ae-9a42-b99df0b5efb8,9,,,,,,,,,,,,,,,,,,
warehouse_lot,54a52555-9309-41fe-8e37-bacbb90670c3,Example 500kW Z-Series,21ac632b-9fb4-4213-b022-d655f36f1c29,Example 500kW Z-Series BOM,0.37,0.3067751287177311,0.2,,2026-08-24,,,2026-08-24T15:28:39.594+00:00,,,,,,,,,,,,,,,,,,,,,,,materials,,21ac632b-9fb4-4213-b022-d655f36f1c29,bb5f1fc0-4730-4ee6-9e3f-3ca872547388,6,,,,,,,,,,,,,,,,,,
warehouse_lot,54a52555-9309-41fe-8e37-bacbb90670c3,Example 500kW Z-Series,e1d9ab69-bddc-47d1-9a39-94e7bfac3f90,Example 500kW Z-Series BOM,8.4,7,0.2,,2026-08-24,,,2026-08-24T15:28:39.594+00:00,,,,,,,,,,,,,,,,,,,,,,,materials,,e1d9ab69-bddc-47d1-9a39-94e7bfac3f90,beed8bd0-2951-4b7f-b3a7-589b50c04d3c,3,,,,,,,,,,,,,,,,,,
warehouse_lot,54a52555-9309-41fe-8e37-bacbb90670c3,Example 500kW Z-Series,017dd791-ec9d-4e63-8234-1a6d4de068a6,Example 500kW Z-Series BOM,103.31,86.09567293680944,0.2,,2026-08-24,,,2026-08-24T15:28:39.594+00:00,,,,,,,,,,,,,,,,,,,,,,,materials,,017dd791-ec9d-4e63-8234-1a6d4de068a6,439b2030-d9f6-4903-8349-7c87247c8a27,12,,,,,,,,,,,,,,,,,,
warehouse_lot,54a52555-9309-41fe-8e37-bacbb90670c3,Example 500kW Z-Series,618de112-9eb9-40e6-8ed4-1620443b7f39,Example 500kW Z-Series BOM,38.95,32.45680861833595,0.2,,2026-08-24,,,2026-08-24T15:28:39.594+00:00,,,,,,,,,,,,,,,,,,,,,,,materials,,618de112-9eb9-40e6-8ed4-1620443b7f39,98248a8a-0989-4322-9edd-e8609f086bab,14,,,,,,,,,,,,,,,,,,
warehouse_lot,54a52555-9309-41fe-8e37-bacbb90670c3,Example 500kW Z-Series,0405712d-6c22-49cb-8b66-467c82ff5b13,Example 500kW Z-Series BOM,989.58,824.652449343757,0.2,,2026-08-24,,,2026-08-24T15:28:39.594+00:00,,,,,,,,,,,,,,,,,,,,,,,materials,,0405712d-6c22-49cb-8b66-467c82ff5b13,55912162-b0b3-40c6-af48-2c49b871ddf5,0.04,,,,,,,,,,,,,,,,,,
warehouse_lot,54a52555-9309-41fe-8e37-bacbb90670c3,Example 500kW Z-Series,1a74697e-d9b0-470d-b15a-49f2a35e3d51,Example 500kW Z-Series BOM,7.33,6.109937980294811,0.2,,2026-08-24,,,2026-08-24T15:28:39.594+00:00,,,,,,,,,,,,,,,,,,,,,,,materials,,1a74697e-d9b0-470d-b15a-49f2a35e3d51,98e502de-e6a9-4677-a0c2-07679613de9d,3.01,,,,,,,,,,,,,,,,,,
warehouse_lot,54a52555-9309-41fe-8e37-bacbb90670c3,Example 500kW Z-Series,ec5a9bf5-0b04-4272-8936-67b1f653fb4b,Example 500kW Z-Series BOM,9.77,8.144879667455761,0.2,,2026-08-24,,,2026-08-24T15:28:39.594+00:00,,,,,,,,,,,,,,,,,,,,,,,materials,,ec5a9bf5-0b04-4272-8936-67b1f653fb4b,cd278e42-8aae-468b-bece-58e3bd2449cc,95,,,,,,,,,,,,,,,,,,
warehouse_lot,54a52555-9309-41fe-8e37-bacbb90670c3,Example 500kW Z-Series,b942c1ed-20a0-4834-bfb3-1017e886a364,Example 500kW Z-Series BOM,0.49,0.41,0.2,,2026-08-24,,,2026-08-24T15:28:39.594+00:00,,,,,,,,,,,,,,,,,,,,,,,materials,,b942c1ed-20a0-4834-bfb3-1017e886a364,0d275bbd-3012-40e3-8a0a-7bb29ded1078,206,,,,,,,,,,,,,,,,,,
warehouse_lot,54a52555-9309-41fe-8e37-bacbb90670c3,Example 500kW Z-Series,3a53f5b2-fafb-4c38-9f46-19cb15fbc17a,Example 500kW Z-Series BOM,0.32,0.27,0.2,,2026-08-24,,,2026-08-24T15:28:39.594+00:00,,,,,,,,,,,,,,,,,,,,,,,materials,,3a53f5b2-fafb-4c38-9f46-19cb15fbc17a,66aadfcd-6ebe-4df2-a0d6-52555b0a512c,200,,,,,,,,,,,,,,,,,,
warehouse_lot,54a52555-9309-41fe-8e37-bacbb90670c3,Example 500kW Z-Series,a38dc66e-677b-40a8-afe2-22724372c6af,Example 500kW Z-Series BOM,1.1,0.9203253861531934,0.2,,2026-08-24,,,2026-08-24T15:28:39.594+00:00,,,,,,,,,,,,,,,,,,,,,,,materials,,a38dc66e-677b-40a8-afe2-22724372c6af,f2f1c143-8577-45e5-b2a9-7800b9503be2,40,,,,,,,,,,,,,,,,,,
warehouse_lot,54a52555-9309-41fe-8e37-bacbb90670c3,Example 500kW Z-Series,19e7a497-24a2-4016-b60b-a3f116639810,Example 500kW Z-Series BOM,4.3,3.58,0.2,,2026-08-24,,,2026-08-24T15:28:39.594+00:00,,,,,,,,,,,,,,,,,,,,,,,materials,,19e7a497-24a2-4016-b60b-a3f116639810,980e19d6-c05b-428e-96c1-ed1d67f67e3d,23,,,,,,,,,,,,,,,,,,
warehouse_lot,54a52555-9309-41fe-8e37-bacbb90670c3,Example 500kW Z-Series,84973454-c890-4bd3-9598-1b631b6ad9e9,Example 500kW Z-Series BOM,1850.48,1542.07,0.2,,2026-08-24,,,2026-08-24T15:28:39.594+00:00,,,,,,,,,,,,,,,,,,,,,,,materials,,84973454-c890-4bd3-9598-1b631b6ad9e9,f7e137c7-1574-40ef-81c3-4fbd5e2f4280,2,,,,,,,,,,,,,,,,,,
warehouse_lot,54a52555-9309-41fe-8e37-bacbb90670c3,Example 500kW Z-Series,1a79852c-6708-43ae-81d0-8b088566c639,Example 500kW Z-Series BOM,1,0.8334057663498361,0.2,,2026-08-24,,,2026-08-24T15:28:39.594+00:00,,,,,,,,,,,,,,,,,,,,,,,materials,,1a79852c-6708-43ae-81d0-8b088566c639,458c4240-0e57-4187-bf69-903b105b51a5,0.08,,,,,,,,,,,,,,,,,,
warehouse_lot,54a52555-9309-41fe-8e37-bacbb90670c3,Example 500kW Z-Series,536bdba3-b342-4320-9c59-46f7c9041e23,Example 500kW Z-Series BOM,7.2,6,0.2,,2026-08-24,,,2026-08-24T15:28:39.594+00:00,,,,,,,,,,,,,,,,,,,,,,,materials,,536bdba3-b342-4320-9c59-46f7c9041e23,7e82f815-9294-49d9-8928-51a929e7ef6e,5,,,,,,,,,,,,,,,,,,
warehouse_lot,54a52555-9309-41fe-8e37-bacbb90670c3,Example 500kW Z-Series,ef83098e-dfca-4a75-8c85-018afff6c944,Example 500kW Z-Series BOM,574.44,478.7,0.2,,2026-08-24,,,2026-08-24T15:28:39.594+00:00,,,,,,,,,,,,,,,,,,,,,,,materials,,ef83098e-dfca-4a75-8c85-018afff6c944,57e6fb1d-f277-4274-85d0-3ca3a3f5dbaa,2,,,,,,,,,,,,,,,,,,
warehouse_lot,54a52555-9309-41fe-8e37-bacbb90670c3,Example 500kW Z-Series,17144cc0-cfdd-4567-a1c2-c063fec2ff76,Example 500kW Z-Series BOM,229.78,191.48,0.2,,2026-08-24,,,2026-08-24T15:28:39.594+00:00,,,,,,,,,,,,,,,,,,,,,,,materials,,17144cc0-cfdd-4567-a1c2-c063fec2ff76,fe0b06a1-1d8d-4428-a847-4c46c8cc649e,46,,,,,,,,,,,,,,,,,,
warehouse_lot,54a52555-9309-41fe-8e37-bacbb90670c3,Example 500kW Z-Series,7d8b8ce1-4e88-49d5-9409-638420116cef,Example 500kW Z-Series BOM,103.28,86.06265,0.2,,2026-08-24,,,2026-08-24T15:28:39.594+00:00,,,,,,,,,,,,,,,,,,,,,,,materials,,7d8b8ce1-4e88-49d5-9409-638420116cef,bcc284a7-5500-436d-a548-94d11379def3,188,,,,,,,,,,,,,,,,,,
warehouse_lot,54a52555-9309-41fe-8e37-bacbb90670c3,Example 500kW Z-Series,322c4f5c-d88b-4bc6-a8ea-2b6429a7c86e,Example 500kW Z-Series BOM,13.48,11.230014878593742,0.2,,2026-08-24,,,2026-08-24T15:28:39.594+00:00,,,,,,,,,,,,,,,,,,,,,,,materials,,322c4f5c-d88b-4bc6-a8ea-2b6429a7c86e,bd6f4b12-cb01-4f5e-a8e8-21cd07242ad3,0.2,,,,,,,,,,,,,,,,,,
warehouse_lot,54a52555-9309-41fe-8e37-bacbb90670c3,Example 500kW Z-Series,519f92f5-1d6a-4fb4-9e7e-9de3a1ccb1d6,Example 500kW Z-Series BOM,13.48,11.230014878593742,0.2,,2026-08-24,,,2026-08-24T15:28:39.594+00:00,,,,,,,,,,,,,,,,,,,,,,,materials,,519f92f5-1d6a-4fb4-9e7e-9de3a1ccb1d6,95956c6e-f7c0-4044-9156-e14cd911adf2,0.08,,,,,,,,,,,,,,,,,,
warehouse_lot,54a52555-9309-41fe-8e37-bacbb90670c3,Example 500kW Z-Series,96328a05-d185-4513-8d75-58687aaf5a49,Example 500kW Z-Series BOM,13.48,11.230014878593742,0.2,,2026-08-24,,,2026-08-24T15:28:39.594+00:00,,,,,,,,,,,,,,,,,,,,,,,materials,,96328a05-d185-4513-8d75-58687aaf5a49,4d6a0ea6-9525-4120-85a5-245259f9cb97,0.08,,,,,,,,,,,,,,,,,,
warehouse_lot,54a52555-9309-41fe-8e37-bacbb90670c3,Example 500kW Z-Series,37334e5c-0c5b-448c-affe-0484781feaee,Example 500kW Z-Series BOM,69.24,57.69928879299326,0.2,,2026-08-24,,,2026-08-24T15:28:39.594+00:00,,,,,,,,,,,,,,,,,,,,,,,materials,,37334e5c-0c5b-448c-affe-0484781feaee,15061720-d243-45ec-bc1e-6b276767e1d8,282,,,,,,,,,,,,,,,,,,
warehouse_lot,54a52555-9309-41fe-8e37-bacbb90670c3,Example 500kW Z-Series,ca9166ac-4ba2-456f-95e8-57ec9c6f81be,Example 500kW Z-Series BOM,52.15,43.459809901678575,0.2,,2026-08-24,,,2026-08-24T15:28:39.594+00:00,,,,,,,,,,,,,,,,,,,,,,,materials,,ca9166ac-4ba2-456f-95e8-57ec9c6f81be,c0d273d6-e717-4c0f-8beb-2a4a5296abd4,4.8,,,,,,,,,,,,,,,,,,
warehouse_lot,54a52555-9309-41fe-8e37-bacbb90670c3,Example 500kW Z-Series,ad21ae38-5916-4a78-9af9-8619d2deae6a,Example 500kW Z-Series BOM,69.07,57.56123998507028,0.2,,2026-08-24,,,2026-08-24T15:28:39.594+00:00,,,,,,,,,,,,,,,,,,,,,,,materials,,ad21ae38-5916-4a78-9af9-8619d2deae6a,9642fa8a-fa4d-478d-ab8f-347792fbd0b0,1,,,,,,,,,,,,,,,,,,
warehouse_lot,54a52555-9309-41fe-8e37-bacbb90670c3,Example 500kW Z-Series,1fb69b21-32b0-4ecf-9aed-8b47fe36543c,Example 500kW Z-Series BOM,140.16,116.79854999999999,0.2,,2026-08-24,,,2026-08-24T15:28:39.594+00:00,,,,,,,,,,,,,,,,,,,,,,,materials,,1fb69b21-32b0-4ecf-9aed-8b47fe36543c,d49ac3bb-2eaf-40e9-946f-ec84c868ad37,90,,,,,,,,,,,,,,,,,,
warehouse_lot,54a52555-9309-41fe-8e37-bacbb90670c3,Example 500kW Z-Series,bcd8b29d-a6ac-4e69-80b8-de2fe9e428e7,Example 500kW Z-Series BOM,72.15,60.122812309863335,0.2,,2026-08-24,,,2026-08-24T15:28:39.594+00:00,,,,,,,,,,,,,,,,,,,,,,,materials,,bcd8b29d-a6ac-4e69-80b8-de2fe9e428e7,7df5cebe-cd61-4378-86e5-978f0ecf8108,90,,,,,,,,,,,,,,,,,,
warehouse_lot,54a52555-9309-41fe-8e37-bacbb90670c3,Example 500kW Z-Series,2b7f957d-66f9-4d47-8c8b-be1a186d53f4,Example 500kW Z-Series BOM,15.2,12.67,0.2,,2026-08-24,,,2026-08-24T15:28:39.594+00:00,,,,,,,,,,,,,,,,,,,,,,,materials,,2b7f957d-66f9-4d47-8c8b-be1a186d53f4,b7424f22-65c9-4c6d-b805-ef09c9291e9e,92.24,,,,,,,,,,,,,,,,,,
warehouse_lot,54a52555-9309-41fe-8e37-bacbb90670c3,Example 500kW Z-Series,8c8577d7-6710-4009-9a1b-5e46ca8bf829,Example 500kW Z-Series BOM,524.59,437.1545584227668,0.2,,2026-08-24,,,2026-08-24T15:28:39.594+00:00,,,,,,,,,,,,,,,,,,,,,,,materials,,8c8577d7-6710-4009-9a1b-5e46ca8bf829,31f24500-7ee1-4c81-a445-e1af976af1d8,0.06,,,,,,,,,,,,,,,,,,
warehouse_lot,54a52555-9309-41fe-8e37-bacbb90670c3,Example 500kW Z-Series,3bf5cec1-e5c1-41f0-9f61-69ea2525d0dc,Example 500kW Z-Series BOM,153.38,127.82,0.2,,2026-08-24,,,2026-08-24T15:28:39.594+00:00,,,,,,,,,,,,,,,,,,,,,,,materials,,3bf5cec1-e5c1-41f0-9f61-69ea2525d0dc,98baf023-ab8a-4f03-a376-9278b2f4bf35,1,,,,,,,,,,,,,,,,,,
warehouse_lot,54a52555-9309-41fe-8e37-bacbb90670c3,Example 500kW Z-Series,4e2d6504-6be5-46fd-bc38-d7ed27f07d8b,Example 500kW Z-Series BOM,3600,3000,0.2,,2026-08-24,,,2026-08-24T15:28:39.594+00:00,,,,,,,,,,,,,,,,,,,,,,,materials,,4e2d6504-6be5-46fd-bc38-d7ed27f07d8b,57a28aaa-3871-404e-b34f-8ff63656aa29,1,,,,,,,,,,,,,,,,,,
warehouse_lot,54a52555-9309-41fe-8e37-bacbb90670c3,Example 500kW Z-Series,f97a60f9-f2a7-4857-8c09-fae124866d26,Example 500kW Z-Series BOM,2658.72,2215.5964475440096,0.2,,2026-08-24,,,2026-08-24T15:28:39.594+00:00,,,,,,,,,,,,,,,,,,,,,,,materials,,f97a60f9-f2a7-4857-8c09-fae124866d26,dbd8c300-501e-41bc-8cd3-801a5b292c11,2,,,,,,,,,,,,,,,,,,
warehouse_lot,54a52555-9309-41fe-8e37-bacbb90670c3,Example 500kW Z-Series,5fffd266-7530-45b9-aed8-9aa2e776e048,Example 500kW Z-Series BOM,154.24,128.53,0.2,,2026-08-24,,,2026-08-24T15:28:39.594+00:00,,,,,,,,,,,,,,,,,,,,,,,materials,,5fffd266-7530-45b9-aed8-9aa2e776e048,58f4a4df-bd26-4219-b423-7b2780900d39,3,,,,,,,,,,,,,,,,,,
warehouse_lot,54a52555-9309-41fe-8e37-bacbb90670c3,Example 500kW Z-Series,cf60d24a-6c16-46de-921e-cceee266235d,Example 500kW Z-Series BOM,1.79,1.49,0.2,,2026-08-24,,,2026-08-24T15:28:39.594+00:00,,,,,,,,,,,,,,,,,,,,,,,materials,,cf60d24a-6c16-46de-921e-cceee266235d,878a055b-d220-4288-b2d4-fece3f7dbe5f,10,,,,,,,,,,,,,,,,,,
warehouse_lot,54a52555-9309-41fe-8e37-bacbb90670c3,Example 500kW Z-Series,602087da-2aa5-44ab-ac81-5ce91dfae738,Example 500kW Z-Series BOM,3.16,2.6331531881605255,0.2,,2026-08-24,,,2026-08-24T15:28:39.594+00:00,,,,,,,,,,,,,,,,,,,,,,,materials,,602087da-2aa5-44ab-ac81-5ce91dfae738,ca1dfd2e-01a6-4202-9868-fb8db2c468fc,0.16,,,,,,,,,,,,,,,,,,
warehouse_lot,54a52555-9309-41fe-8e37-bacbb90670c3,Example 500kW Z-Series,6d3f12c9-5d43-4558-9af4-d799ac6e949e,Example 500kW Z-Series BOM,3.18,2.6484919445964117,0.2,,2026-08-24,,,2026-08-24T15:28:39.594+00:00,,,,,,,,,,,,,,,,,,,,,,,materials,,6d3f12c9-5d43-4558-9af4-d799ac6e949e,6450c9e6-71bf-4f63-8784-a13a79694950,0.16,,,,,,,,,,,,,,,,,,
warehouse_lot,54a52555-9309-41fe-8e37-bacbb90670c3,Example 500kW Z-Series,fd33cc43-e9fa-4694-91c4-bd0de79da87d,Example 500kW Z-Series BOM,40.37,33.64300578271118,0.2,,2026-08-24,,,2026-08-24T15:28:39.594+00:00,,,,,,,,,,,,,,,,,,,,,,,materials,,fd33cc43-e9fa-4694-91c4-bd0de79da87d,5694b76c-126a-47f1-b1dc-c2b772be2c52,2.6,,,,,,,,,,,,,,,,,,
warehouse_lot,54a52555-9309-41fe-8e37-bacbb90670c3,Example 500kW Z-Series,6f68fe92-5d32-436d-b9c6-4da71ec58d9d,Example 500kW Z-Series BOM,20.2,16.83,0.2,,2026-08-24,,,2026-08-24T15:28:39.594+00:00,,,,,,,,,,,,,,,,,,,,,,,materials,,6f68fe92-5d32-436d-b9c6-4da71ec58d9d,b139d8a6-9f62-4be8-a5e0-28840453b690,10,,,,,,,,,,,,,,,,,,
warehouse_lot,54a52555-9309-41fe-8e37-bacbb90670c3,Example 500kW Z-Series,d971cb5f-f326-41a2-8fd3-936d3f4108d0,Example 500kW Z-Series BOM,98.4,82.00099190624952,0.2,,2026-08-24,,,2026-08-24T15:28:39.594+00:00,,,,,,,,,,,,,,,,,,,,,,,materials,,d971cb5f-f326-41a2-8fd3-936d3f4108d0,66f48c9b-b007-47d4-b6af-c036ee8bbcc6,6,,,,,,,,,,,,,,,,,,
warehouse_lot,54a52555-9309-41fe-8e37-bacbb90670c3,Example 500kW Z-Series,ca29784d-f725-4014-acb5-e7a2ad9c6d38,Example 500kW Z-Series BOM,31,25.83557875684492,0.2,,2026-08-24,,,2026-08-24T15:28:39.594+00:00,,,,,,,,,,,,,,,,,,,,,,,materials,,ca29784d-f725-4014-acb5-e7a2ad9c6d38,48cd3f0a-b62a-442e-a7fd-17553e9dd8e5,0.08,,,,,,,,,,,,,,,,,,
warehouse_lot,54a52555-9309-41fe-8e37-bacbb90670c3,Example 500kW Z-Series,d44ab643-d740-4e79-a382-1fff388a4281,Example 500kW Z-Series BOM,17.07,14.224140134878798,0.2,,2026-08-24,,,2026-08-24T15:28:39.594+00:00,,,,,,,,,,,,,,,,,,,,,,,materials,,d44ab643-d740-4e79-a382-1fff388a4281,566932ee-b223-451e-b190-234037f69a9f,2.6,,,,,,,,,,,,,,,,,,
warehouse_lot,54a52555-9309-41fe-8e37-bacbb90670c3,Example 500kW Z-Series,23930153-782f-4891-9188-ef67ca53fed2,Example 500kW Z-Series BOM,20.5,17.087374669577624,0.2,,2026-08-24,,,2026-08-24T15:28:39.594+00:00,,,,,,,,,,,,,,,,,,,,,,,materials,,23930153-782f-4891-9188-ef67ca53fed2,31ed1c31-fe19-4c4d-bdd5-245dd6ac56e8,0.44000000000000006,,,,,,,,,,,,,,,,,,
warehouse_lot,54a52555-9309-41fe-8e37-bacbb90670c3,Example 500kW Z-Series,fe2b2884-6519-4b0e-81aa-3ed63b5cf8fd,Example 500kW Z-Series BOM,34.22,28.51986113312507,0.2,,2026-08-24,,,2026-08-24T15:28:39.594+00:00,,,,,,,,,,,,,,,,,,,,,,,materials,,fe2b2884-6519-4b0e-81aa-3ed63b5cf8fd,c6eab61a-04ca-4926-a414-4da0fa090acb,2.8600000000000003,,,,,,,,,,,,,,,,,,
warehouse_lot,54a52555-9309-41fe-8e37-bacbb90670c3,Example 500kW Z-Series,d084010b-6d0a-424b-86a7-d4b911785eb1,Example 500kW Z-Series BOM,3.24,2.6996211327160338,0.2,,2026-08-24,,,2026-08-24T15:28:39.594+00:00,,,,,,,,,,,,,,,,,,,,,,,materials,,d084010b-6d0a-424b-86a7-d4b911785eb1,6afd6d2f-796c-4871-9ae3-7f289d2d6aba,3.0399999999999996,,,,,,,,,,,,,,,,,,
warehouse_lot,54a52555-9309-41fe-8e37-bacbb90670c3,Example 500kW Z-Series,a84e1161-6353-49c9-8947-1bd6ca7a1739,Example 500kW Z-Series BOM,7.52,6.268438463465639,0.2,,2026-08-24,,,2026-08-24T15:28:39.594+00:00,,,,,,,,,,,,,,,,,,,,,,,materials,,a84e1161-6353-49c9-8947-1bd6ca7a1739,b9030c51-1f39-4604-a31e-3ef71354520c,16,,,,,,,,,,,,,,,,,,
warehouse_lot,54a52555-9309-41fe-8e37-bacbb90670c3,Example 500kW Z-Series,25eec91f-d957-475f-abdc-e863757ba5c3,Example 500kW Z-Series BOM,1.16,0.9665461722133313,0.2,,2026-08-24,,,2026-08-24T15:28:39.594+00:00,,,,,,,,,,,,,,,,,,,,,,,materials,,25eec91f-d957-475f-abdc-e863757ba5c3,f54c635e-8bf0-41c4-afbb-83f276176e10,4,,,,,,,,,,,,,,,,,,
warehouse_lot,54a52555-9309-41fe-8e37-bacbb90670c3,Example 500kW Z-Series,548d2078-5e18-44bd-ac60-3f14b14cc60d,Example 500kW Z-Series BOM,1.18,0.9874068809661369,0.2,,2026-08-24,,,2026-08-24T15:28:39.594+00:00,,,,,,,,,,,,,,,,,,,,,,,materials,,548d2078-5e18-44bd-ac60-3f14b14cc60d,d48a96dc-eec3-49a0-966f-d65199854a4d,1,,,,,,,,,,,,,,,,,,
warehouse_lot,54a52555-9309-41fe-8e37-bacbb90670c3,Example 500kW Z-Series,31f787ef-a89f-4447-a0b2-671205d38014,Example 500kW Z-Series BOM,37.49,31.23993394108895,0.2,,2026-08-24,,,2026-08-24T15:28:39.594+00:00,,,,,,,,,,,,,,,,,,,,,,,materials,,31f787ef-a89f-4447-a0b2-671205d38014,61d403a3-73f7-4ac4-b274-d4ed6111126a,4,,,,,,,,,,,,,,,,,,
warehouse_lot,54a52555-9309-41fe-8e37-bacbb90670c3,Example 500kW Z-Series,c35cfe33-c9be-4132-bba8-a9e2e748f646,Example 500kW Z-Series BOM,9.58,7.9863791842849325,0.2,,2026-08-24,,,2026-08-24T15:28:39.594+00:00,,,,,,,,,,,,,,,,,,,,,,,materials,,c35cfe33-c9be-4132-bba8-a9e2e748f646,9a348ccc-abdb-428b-a30f-3091c4f8c48e,12,,,,,,,,,,,,,,,,,,
warehouse_lot,54a52555-9309-41fe-8e37-bacbb90670c3,Example 500kW Z-Series,575b519c-3b98-4740-89fc-8baaab582d61,Example 500kW Z-Series BOM,5,4.17,0.2,,2026-08-24,,,2026-08-24T15:28:39.594+00:00,,,,,,,,,,,,,,,,,,,,,,,materials,,575b519c-3b98-4740-89fc-8baaab582d61,6b3c5853-eb26-4ecc-b00b-ad5eee573d19,2,,,,,,,,,,,,,,,,,,
warehouse_lot,54a52555-9309-41fe-8e37-bacbb90670c3,Example 500kW Z-Series,b5e5f990-b19d-4d82-a8ae-07d2a01f173e,Example 500kW Z-Series BOM,7.4,6.17,0.2,,2026-08-24,,,2026-08-24T15:28:39.594+00:00,,,,,,,,,,,,,,,,,,,,,,,materials,,b5e5f990-b19d-4d82-a8ae-07d2a01f173e,2835aa74-634c-43f1-92d1-1f6a25467e35,2,,,,,,,,,,,,,,,,,,
warehouse_lot,54a52555-9309-41fe-8e37-bacbb90670c3,Example 500kW Z-Series,b99f46f8-0bdb-4609-b359-4da853fd5f76,Example 500kW Z-Series BOM,4.9,4.085222130757786,0.2,,2026-08-24,,,2026-08-24T15:28:39.594+00:00,,,,,,,,,,,,,,,,,,,,,,,materials,,b99f46f8-0bdb-4609-b359-4da853fd5f76,06221ee1-f393-4276-ad34-a42bd64a66aa,0.08,,,,,,,,,,,,,,,,,,
warehouse_lot,54a52555-9309-41fe-8e37-bacbb90670c3,Example 500kW Z-Series,75276df8-bcf8-4968-93a9-8dd8c98ea75f,Example 500kW Z-Series BOM,1196.4,997,0.2,,2026-08-24,,,2026-08-24T15:28:39.594+00:00,,,,,,,,,,,,,,,,,,,,,,,materials,,75276df8-bcf8-4968-93a9-8dd8c98ea75f,63c7d444-8258-4780-8b07-9e1cd3244317,1,,,,,,,,,,,,,,,,,,
warehouse_lot,54a52555-9309-41fe-8e37-bacbb90670c3,Example 500kW Z-Series,fbae123d-9c0f-49ff-8f81-a3dc498080eb,Example 500kW Z-Series BOM,13.44,11.2,0.2,,2026-08-24,,,2026-08-24T15:28:39.594+00:00,,,,,,,,,,,,,,,,,,,,,,,materials,,fbae123d-9c0f-49ff-8f81-a3dc498080eb,13003bc7-7142-45e9-9142-55a6d0a95659,0.5,,,,,,,,,,,,,,,,,,
warehouse_lot,54a52555-9309-41fe-8e37-bacbb90670c3,Example 500kW Z-Series,f92a013b-52b0-4e91-8c57-799dad5a2a4b,Example 500kW Z-Series BOM,7.92,6.6,0.2,,2026-08-24,,,2026-08-24T15:28:39.594+00:00,,,,,,,,,,,,,,,,,,,,,,,materials,,f92a013b-52b0-4e91-8c57-799dad5a2a4b,83bd4878-7735-45b8-9db3-34cf01624093,0.2,,,,,,,,,,,,,,,,,,
warehouse_lot,54a52555-9309-41fe-8e37-bacbb90670c3,Example 500kW Z-Series,fd6b6c10-dc70-4f89-80a1-721454ef7762,Example 500kW Z-Series BOM,4.56,3.8,0.2,,2026-08-24,,,2026-08-24T15:28:39.594+00:00,,,,,,,,,,,,,,,,,,,,,,,materials,,fd6b6c10-dc70-4f89-80a1-721454ef7762,d3952958-7f42-46fc-8e9a-7d92717b0643,0.2,,,,,,,,,,,,,,,,,,
warehouse_lot,54a52555-9309-41fe-8e37-bacbb90670c3,Example 500kW Z-Series,5d940a1d-3c99-4378-8929-7e1fac371357,Example 500kW Z-Series BOM,14.01,11.67790656652163,0.2,,2026-08-24,,,2026-08-24T15:28:39.594+00:00,,,,,,,,,,,,,,,,,,,,,,,materials,,5d940a1d-3c99-4378-8929-7e1fac371357,7c635721-30d5-4aeb-ad0c-67206e819ca5,17,,,,,,,,,,,,,,,,,,
warehouse_lot,54a52555-9309-41fe-8e37-bacbb90670c3,Example 500kW Z-Series,e23af27d-22ac-443e-9a0e-3243bdb0bb21,Example 500kW Z-Series BOM,15.16,12.63,0.2,,2026-08-24,,,2026-08-24T15:28:39.594+00:00,,,,,,,,,,,,,,,,,,,,,,,materials,,e23af27d-22ac-443e-9a0e-3243bdb0bb21,655b560a-d9a2-45a1-88f4-60803c491799,2,,,,,,,,,,,,,,,,,,
warehouse_lot,54a52555-9309-41fe-8e37-bacbb90670c3,Example 500kW Z-Series,7ffe8188-68a2-4a78-bb59-fb41719973ec,Example 500kW Z-Series BOM,1.1,0.9203253861531934,0.2,,2026-08-24,,,2026-08-24T15:28:39.594+00:00,,,,,,,,,,,,,,,,,,,,,,,materials,,7ffe8188-68a2-4a78-bb59-fb41719973ec,50643e90-7b59-4da4-916b-b5ab272a85a4,56,,,,,,,,,,,,,,,,,,
warehouse_lot,54a52555-9309-41fe-8e37-bacbb90670c3,Example 500kW Z-Series,cb9a9299-d771-4c96-accb-99946d7e77eb,Example 500kW Z-Series BOM,1.31,1.0890517069479453,0.2,,2026-08-24,,,2026-08-24T15:28:39.594+00:00,,,,,,,,,,,,,,,,,,,,,,,materials,,cb9a9299-d771-4c96-accb-99946d7e77eb,f573a2f4-3450-4492-9f1f-d0fa781c9ac9,64,,,,,,,,,,,,,,,,,,
warehouse_lot,54a52555-9309-41fe-8e37-bacbb90670c3,Example 500kW Z-Series,ef9f607d-9fa3-4ea7-ac42-aaafb60f328e,Example 500kW Z-Series BOM,3.26,2.7200728079638825,0.2,,2026-08-24,,,2026-08-24T15:28:39.594+00:00,,,,,,,,,,,,,,,,,,,,,,,materials,,ef9f607d-9fa3-4ea7-ac42-aaafb60f328e,5c4cf24a-a51b-444e-94eb-4380026ac068,10,,,,,,,,,,,,,,,,,,
warehouse_lot,54a52555-9309-41fe-8e37-bacbb90670c3,Example 500kW Z-Series,b07aa68b-e7d5-432e-9222-088055e393d6,Example 500kW Z-Series BOM,12.73,10.607568142425468,0.2,,2026-08-24,,,2026-08-24T15:28:39.594+00:00,,,,,,,,,,,,,,,,,,,,,,,materials,,b07aa68b-e7d5-432e-9222-088055e393d6,d657d5dd-2221-4dd1-b680-3ec223f98db2,8,,,,,,,,,,,,,,,,,,
warehouse_lot,54a52555-9309-41fe-8e37-bacbb90670c3,Example 500kW Z-Series,260df63c-5a15-411d-b343-8752f6e55cd6,Example 500kW Z-Series BOM,13.22,11.015118900926973,0.2,,2026-08-24,,,2026-08-24T15:28:39.594+00:00,,,,,,,,,,,,,,,,,,,,,,,materials,,260df63c-5a15-411d-b343-8752f6e55cd6,122a8578-1662-4f78-ab0a-8a85775f710a,58,,,,,,,,,,,,,,,,,,
warehouse_lot,54a52555-9309-41fe-8e37-bacbb90670c3,Example 500kW Z-Series,32e25762-75d8-46ec-9fca-4b48533f1f96,Example 500kW Z-Series BOM,6.82,5.682088934109815,0.2,,2026-08-24,,,2026-08-24T15:28:39.594+00:00,,,,,,,,,,,,,,,,,,,,,,,materials,,32e25762-75d8-46ec-9fca-4b48533f1f96,5072a37e-345d-4640-859b-6cf018fc8787,78,,,,,,,,,,,,,,,,,,
warehouse_lot,54a52555-9309-41fe-8e37-bacbb90670c3,Example 500kW Z-Series,0898e29b-0f19-431b-bbd8-9874aec2ecf0,Example 500kW Z-Series BOM,35.42,29.51278996640812,0.2,,2026-08-24,,,2026-08-24T15:28:39.594+00:00,,,,,,,,,,,,,,,,,,,,,,,materials,,0898e29b-0f19-431b-bbd8-9874aec2ecf0,a768fbb1-30ee-474c-8779-eeca711564f2,2,,,,,,,,,,,,,,,,,,
warehouse_lot,54a52555-9309-41fe-8e37-bacbb90670c3,Example 500kW Z-Series,78c59594-f66e-4f70-8a15-9cf99010ea1d,Example 500kW Z-Series BOM,20.6,17.166522652786796,0.2,,2026-08-24,,,2026-08-24T15:28:39.594+00:00,,,,,,,,,,,,,,,,,,,,,,,materials,,78c59594-f66e-4f70-8a15-9cf99010ea1d,d24c330c-589d-4fae-83e2-20517991edaf,6,,,,,,,,,,,,,,,,,,
warehouse_lot,54a52555-9309-41fe-8e37-bacbb90670c3,Example 500kW Z-Series,4d4d893c-3f78-47b5-872a-3015530b8564,Example 500kW Z-Series BOM,7.78,6.4831810535680505,0.2,,2026-08-24,,,2026-08-24T15:28:39.594+00:00,,,,,,,,,,,,,,,,,,,,,,,materials,,4d4d893c-3f78-47b5-872a-3015530b8564,e154ac28-080a-4f1b-a499-516fcca8aaf7,22,,,,,,,,,,,,,,,,,,
warehouse_lot,54a52555-9309-41fe-8e37-bacbb90670c3,Example 500kW Z-Series,8e5fa2bb-17c1-4c09-b597-959338480309,Example 500kW Z-Series BOM,0.53,0.4397110178287479,0.2,,2026-08-24,,,2026-08-24T15:28:39.594+00:00,,,,,,,,,,,,,,,,,,,,,,,materials,,8e5fa2bb-17c1-4c09-b597-959338480309,52339066-01e3-4ce9-9b9f-9ce34393f9ce,0.08,,,,,,,,,,,,,,,,,,
warehouse_lot,54a52555-9309-41fe-8e37-bacbb90670c3,Example 500kW Z-Series,bb1cfaeb-a722-43ea-abf2-233a35f0812d,Example 500kW Z-Series BOM,1.79,1.4929722930929579,0.2,,2026-08-24,,,2026-08-24T15:28:39.594+00:00,,,,,,,,,,,,,,,,,,,,,,,materials,,bb1cfaeb-a722-43ea-abf2-233a35f0812d,8472536d-fd22-46ce-892a-93f716bfffca,2.5600000000000005,,,,,,,,,,,,,,,,,,
warehouse_lot,54a52555-9309-41fe-8e37-bacbb90670c3,Example 500kW Z-Series,10af5ec4-5192-4268-aa3e-a0aa907af9a9,Example 500kW Z-Series BOM,458.5,382.08,0.2,,2026-08-24,,,2026-08-24T15:28:39.594+00:00,,,,,,,,,,,,,,,,,,,,,,,materials,,10af5ec4-5192-4268-aa3e-a0aa907af9a9,0c9a2446-78dd-4593-b346-2e3b022cf719,1.4,,,,,,,,,,,,,,,,,,
warehouse_lot,54a52555-9309-41fe-8e37-bacbb90670c3,Example 500kW Z-Series,b285983f-2dde-4fed-8a12-bb921032afb6,Example 500kW Z-Series BOM,3.2,2.670216736628439,0.2,,2026-08-24,,,2026-08-24T15:28:39.594+00:00,,,,,,,,,,,,,,,,,,,,,,,materials,,b285983f-2dde-4fed-8a12-bb921032afb6,7b376de3-025f-4608-82dd-c7eab7652059,6,,,,,,,,,,,,,,,,,,
warehouse_lot,54a52555-9309-41fe-8e37-bacbb90670c3,Example 500kW Z-Series,de44010d-a945-4dbf-a9b1-07310b83cfa7,Example 500kW Z-Series BOM,1.31,1.09,0.2,,2026-08-24,,,2026-08-24T15:28:39.594+00:00,,,,,,,,,,,,,,,,,,,,,,,materials,,de44010d-a945-4dbf-a9b1-07310b83cfa7,b7a3ca8a-5a1f-4327-bfdf-3d90a65fd57c,4.5,,,,,,,,,,,,,,,,,,
warehouse_lot,54a52555-9309-41fe-8e37-bacbb90670c3,Example 500kW Z-Series,47a48280-60fc-44b4-b677-78a6332a37c0,Example 500kW Z-Series BOM,10.91,9.090769647668765,0.2,,2026-08-24,,,2026-08-24T15:28:39.594+00:00,,,,,,,,,,,,,,,,,,,,,,,materials,,47a48280-60fc-44b4-b677-78a6332a37c0,11106b41-3ecc-43f3-9f6f-12a081498a30,20,,,,,,,,,,,,,,,,,,
warehouse_lot,54a52555-9309-41fe-8e37-bacbb90670c3,Example 500kW Z-Series,704bb3c3-b613-4974-a59c-3b9f0116c423,Example 500kW Z-Series BOM,5.88,4.9,0.2,,2026-08-24,,,2026-08-24T15:28:39.594+00:00,,,,,,,,,,,,,,,,,,,,,,,materials,,704bb3c3-b613-4974-a59c-3b9f0116c423,d0195e7e-16e8-483d-bd2a-a9fd48b214ad,0.2,,,,,,,,,,,,,,,,,,
warehouse_lot,54a52555-9309-41fe-8e37-bacbb90670c3,Example 500kW Z-Series,c23e6bf1-e4d8-4309-a598-94c7bd1c9c68,Example 500kW Z-Series BOM,6.3,5.25,0.2,,2026-08-24,,,2026-08-24T15:28:39.594+00:00,,,,,,,,,,,,,,,,,,,,,,,materials,,c23e6bf1-e4d8-4309-a598-94c7bd1c9c68,595831ec-491d-41ea-bffa-0affa6fde825,0.2,,,,,,,,,,,,,,,,,,
warehouse_lot,54a52555-9309-41fe-8e37-bacbb90670c3,Example 500kW Z-Series,94f53f89-6916-4258-94ed-6a76b5065a1f,Example 500kW Z-Series BOM,7.85,6.54,0.2,,2026-08-24,,,2026-08-24T15:28:39.594+00:00,,,,,,,,,,,,,,,,,,,,,,,materials,,94f53f89-6916-4258-94ed-6a76b5065a1f,0a7f0dcc-5227-4303-9627-2363fd45690a,0.5,,,,,,,,,,,,,,,,,,
warehouse_lot,54a52555-9309-41fe-8e37-bacbb90670c3,Example 500kW Z-Series,5ae21c96-260a-42f8-9e74-da0f67b5240a,Example 500kW Z-Series BOM,9.12,7.6,0.2,,2026-08-24,,,2026-08-24T15:28:39.594+00:00,,,,,,,,,,,,,,,,,,,,,,,materials,,5ae21c96-260a-42f8-9e74-da0f67b5240a,d73c9f0f-c71f-42f1-9345-7c9f5ce435cc,0.1,,,,,,,,,,,,,,,,,,
warehouse_lot,54a52555-9309-41fe-8e37-bacbb90670c3,Example 500kW Z-Series,89001197-1783-43be-b1d4-e9d254c1a790,Example 500kW Z-Series BOM,318.25,265.21,0.2,,2026-08-24,,,2026-08-24T15:28:39.594+00:00,,,,,,,,,,,,,,,,,,,,,,,materials,,89001197-1783-43be-b1d4-e9d254c1a790,9c99cf21-b471-4e8a-af42-22dc498e1ad1,20,,,,,,,,,,,,,,,,,,
warehouse_lot,54a52555-9309-41fe-8e37-bacbb90670c3,Example 500kW Z-Series,b22fe688-d8be-4876-9371-90140091231f,Example 500kW Z-Series BOM,10.07,8.39,0.2,,2026-08-24,,,2026-08-24T15:28:39.594+00:00,,,,,,,,,,,,,,,,,,,,,,,materials,,b22fe688-d8be-4876-9371-90140091231f,cbf5b6bc-6942-4c53-9043-c69686ed26d4,20,,,,,,,,,,,,,,,,,,
warehouse_lot,54a52555-9309-41fe-8e37-bacbb90670c3,Example 500kW Z-Series,bf23087a-f30e-4a0a-93a9-f062989ad956,Example 500kW Z-Series BOM,49.06,40.88,0.2,,2026-08-24,,,2026-08-24T15:28:39.594+00:00,,,,,,,,,,,,,,,,,,,,,,,materials,,bf23087a-f30e-4a0a-93a9-f062989ad956,5661a5a1-5084-4df2-85c7-83b231107919,3.2,,,,,,,,,,,,,,,,,,
warehouse_lot,54a52555-9309-41fe-8e37-bacbb90670c3,Example 500kW Z-Series,f8152492-b4c4-4e7e-a14e-87f7c6e3de29,Example 500kW Z-Series BOM,1.16,0.9665461722133313,0.2,,2026-08-24,,,2026-08-24T15:28:39.594+00:00,,,,,,,,,,,,,,,,,,,,,,,materials,,f8152492-b4c4-4e7e-a14e-87f7c6e3de29,8e5c7bd9-c85f-440c-8046-7aeff60cd301,1,,,,,,,,,,,,,,,,,,
warehouse_lot,54a52555-9309-41fe-8e37-bacbb90670c3,Example 500kW Z-Series,1b53bb96-b30a-43e4-a39d-89279921bcec,Example 500kW Z-Series BOM,1.41,1.1751532597413885,0.2,,2026-08-24,,,2026-08-24T15:28:39.594+00:00,,,,,,,,,,,,,,,,,,,,,,,materials,,1b53bb96-b30a-43e4-a39d-89279921bcec,9773739e-d7c2-4699-a1fa-9ece4ade890e,1,,,,,,,,,,,,,,,,,,
warehouse_lot,54a52555-9309-41fe-8e37-bacbb90670c3,Example 500kW Z-Series,a39a8d65-951a-4467-bb01-1216387ea9d5,Example 500kW Z-Series BOM,3.32,2.7675206945388915,0.2,,2026-08-24,,,2026-08-24T15:28:39.594+00:00,,,,,,,,,,,,,,,,,,,,,,,materials,,a39a8d65-951a-4467-bb01-1216387ea9d5,fac594bf-7f3b-45d0-bbf7-dc4eacc322af,1,,,,,,,,,,,,,,,,,,
warehouse_lot,54a52555-9309-41fe-8e37-bacbb90670c3,Example 500kW Z-Series,879e9999-aec4-46a2-a377-f62980cc03c9,Example 500kW Z-Series BOM,13.48,11.230014878593742,0.2,,2026-08-24,,,2026-08-24T15:28:39.594+00:00,,,,,,,,,,,,,,,,,,,,,,,materials,,879e9999-aec4-46a2-a377-f62980cc03c9,04304164-9fd5-4146-80bd-f6ab3565d5be,0.045,,,,,,,,,,,,,,,,,,
warehouse_lot,54a52555-9309-41fe-8e37-bacbb90670c3,Example 500kW Z-Series,15f1c37a-e3f5-4b84-aaba-64767b3886d2,Example 500kW Z-Series BOM,17.59,14.661601468430282,0.2,,2026-08-24,,,2026-08-24T15:28:39.594+00:00,,,,,,,,,,,,,,,,,,,,,,,materials,,15f1c37a-e3f5-4b84-aaba-64767b3886d2,6bbd1c24-bd34-4e4d-8009-1832dada63a7,0.16,,,,,,,,,,,,,,,,,,
warehouse_lot,54a52555-9309-41fe-8e37-bacbb90670c3,Example 500kW Z-Series,23c2ba19-aa91-49aa-88b7-f573c21a103d,Example 500kW Z-Series BOM,6.06,5.051563786218639,0.2,,2026-08-24,,,2026-08-24T15:28:39.594+00:00,,,,,,,,,,,,,,,,,,,,,,,materials,,23c2ba19-aa91-49aa-88b7-f573c21a103d,0b2e0088-ddf6-424d-bb06-7c449ff11838,14,,,,,,,,,,,,,,,,,,
warehouse_lot,54a52555-9309-41fe-8e37-bacbb90670c3,Example 500kW Z-Series,69a887ce-ec01-4216-8f1e-882f2dc3d95d,Example 500kW Z-Series BOM,8.05,6.71,0.2,,2026-08-24,,,2026-08-24T15:28:39.594+00:00,,,,,,,,,,,,,,,,,,,,,,,materials,,69a887ce-ec01-4216-8f1e-882f2dc3d95d,5b0b984a-06e6-4fb8-8020-d1f24e91fb1a,64,,,,,,,,,,,,,,,,,,
warehouse_lot,54a52555-9309-41fe-8e37-bacbb90670c3,Example 500kW Z-Series,2344a157-dbc1-4f74-b25e-854f48af3ea1,Example 500kW Z-Series BOM,17.89,14.909271255681732,0.2,,2026-08-24,,,2026-08-24T15:28:39.594+00:00,,,,,,,,,,,,,,,,,,,,,,,materials,,2344a157-dbc1-4f74-b25e-854f48af3ea1,16d28d0e-90cc-400b-a3ce-38b1fb3f6166,61.400000000000006,,,,,,,,,,,,,,,,,,
warehouse_lot,54a52555-9309-41fe-8e37-bacbb90670c3,Example 500kW Z-Series,5779dc5f-ce7c-4a47-adb0-088b4b2ed8bc,Example 500kW Z-Series BOM,14.47,12.061375477418794,0.2,,2026-08-24,,,2026-08-24T15:28:39.594+00:00,,,,,,,,,,,,,,,,,,,,,,,materials,,5779dc5f-ce7c-4a47-adb0-088b4b2ed8bc,c3cc5ee0-b6a4-4c00-aa03-0af6a84ffe48,1.6,,,,,,,,,,,,,,,,,,
warehouse_lot,54a52555-9309-41fe-8e37-bacbb90670c3,Example 500kW Z-Series,6309cb17-3da3-456c-b873-cbbb0f184da0,Example 500kW Z-Series BOM,2.99,2.4951043802375463,0.2,,2026-08-24,,,2026-08-24T15:28:39.594+00:00,,,,,,,,,,,,,,,,,,,,,,,materials,,6309cb17-3da3-456c-b873-cbbb0f184da0,1173f2b7-47e4-4512-b4f0-ae6fa7dd41a6,111,,,,,,,,,,,,,,,,,,
warehouse_lot,54a52555-9309-41fe-8e37-bacbb90670c3,Example 500kW Z-Series,4f8d29d1-ed89-48f5-affb-6ff71596cb0e,Example 500kW Z-Series BOM,4.56,3.7988986772879034,0.2,,2026-08-24,,,2026-08-24T15:28:39.594+00:00,,,,,,,,,,,,,,,,,,,,,,,materials,,4f8d29d1-ed89-48f5-affb-6ff71596cb0e,2dcc8a7c-7786-41f9-ac12-e97646c58d75,89,,,,,,,,,,,,,,,,,,
warehouse_lot,54a52555-9309-41fe-8e37-bacbb90670c3,Example 500kW Z-Series,56488001-6f3d-4b6d-ac69-e985cccdded9,Example 500kW Z-Series BOM,2.52,2.1,0.2,,2026-08-24,,,2026-08-24T15:28:39.594+00:00,,,,,,,,,,,,,,,,,,,,,,,materials,,56488001-6f3d-4b6d-ac69-e985cccdded9,44dacb78-7929-4a92-8989-effd249fd5cc,90,,,,,,,,,,,,,,,,,,
warehouse_lot,54a52555-9309-41fe-8e37-bacbb90670c3,Example 500kW Z-Series,dff414a5-a0d0-485e-8d52-c317b4aad109,Example 500kW Z-Series BOM,0.72,0.6,0.2,,2026-08-24,,,2026-08-24T15:28:39.594+00:00,,,,,,,,,,,,,,,,,,,,,,,materials,,dff414a5-a0d0-485e-8d52-c317b4aad109,146de5bc-80c7-4605-b17b-eda82529b3e2,100,,,,,,,,,,,,,,,,,,
warehouse_lot,54a52555-9309-41fe-8e37-bacbb90670c3,Example 500kW Z-Series,6c8ed482-e0a1-4b23-8d27-7f2974df09cc,Example 500kW Z-Series BOM,1.99,1.656585695075748,0.2,,2026-08-24,,,2026-08-24T15:28:39.594+00:00,,,,,,,,,,,,,,,,,,,,,,,materials,,6c8ed482-e0a1-4b23-8d27-7f2974df09cc,36515a3e-ed44-48e1-8d1a-b28e1dde548e,25,,,,,,,,,,,,,,,,,,
warehouse_lot,54a52555-9309-41fe-8e37-bacbb90670c3,Example 500kW Z-Series,e92f1ddc-ca93-4cbc-8f43-25935a22bc8c,Example 500kW Z-Series BOM,13.33,11.111804195661177,0.2,,2026-08-24,,,2026-08-24T15:28:39.594+00:00,,,,,,,,,,,,,,,,,,,,,,,materials,,e92f1ddc-ca93-4cbc-8f43-25935a22bc8c,9a06ec15-d7cf-4766-be0c-57868e6bce89,0.13,,,,,,,,,,,,,,,,,,
warehouse_lot,54a52555-9309-41fe-8e37-bacbb90670c3,Example 500kW Z-Series,4ab98c7a-3e42-46df-b8c8-b58745b9936e,Example 500kW Z-Series BOM,13.48,11.230014878593742,0.2,,2026-08-24,,,2026-08-24T15:28:39.594+00:00,,,,,,,,,,,,,,,,,,,,,,,materials,,4ab98c7a-3e42-46df-b8c8-b58745b9936e,84b23f2e-72f1-4e98-a480-cb659bb15643,0.23,,,,,,,,,,,,,,,,,,
warehouse_lot,54a52555-9309-41fe-8e37-bacbb90670c3,Example 500kW Z-Series,ec23812c-3877-4e33-8a9a-9821ed3f1543,Example 500kW Z-Series BOM,13.33,11.111804195661177,0.2,,2026-08-24,,,2026-08-24T15:28:39.594+00:00,,,,,,,,,,,,,,,,,,,,,,,materials,,ec23812c-3877-4e33-8a9a-9821ed3f1543,aeef6695-4954-4a24-9c9f-03260dbe05fd,0.145,,,,,,,,,,,,,,,,,,
warehouse_lot,54a52555-9309-41fe-8e37-bacbb90670c3,Example 500kW Z-Series,fb857602-4763-4ca8-962b-856f2065b466,Example 500kW Z-Series BOM,2.34,1.9513659162606156,0.2,,2026-08-24,,,2026-08-24T15:28:39.594+00:00,,,,,,,,,,,,,,,,,,,,,,,materials,,fb857602-4763-4ca8-962b-856f2065b466,feb90548-0c4e-40fa-a86e-423d74d6d08e,37,,,,,,,,,,,,,,,,,,
warehouse_lot,54a52555-9309-41fe-8e37-bacbb90670c3,Example 500kW Z-Series,c36d0245-2edf-4a99-a719-f6b850cefd8b,Example 500kW Z-Series BOM,1.01,0.8420977283301718,0.2,,2026-08-24,,,2026-08-24T15:28:39.594+00:00,,,,,,,,,,,,,,,,,,,,,,,materials,,c36d0245-2edf-4a99-a719-f6b850cefd8b,813686ff-b217-4f32-b9c8-2df7371c0ddf,2,,,,,,,,,,,,,,,,,,
warehouse_lot,54a52555-9309-41fe-8e37-bacbb90670c3,Example 500kW Z-Series,75fc279c-2341-46f4-b72a-693f3b1809a3,Example 500kW Z-Series BOM,443.55,369.6255999999999,0.2,,2026-08-24,,,2026-08-24T15:28:39.594+00:00,,,,,,,,,,,,,,,,,,,,,,,materials,,75fc279c-2341-46f4-b72a-693f3b1809a3,923185c5-59fa-4593-88b3-ebb5a98d1c49,2,,,,,,,,,,,,,,,,,,
warehouse_lot,54a52555-9309-41fe-8e37-bacbb90670c3,Example 500kW Z-Series,461a740d-2668-4483-8a28-b7687e6fb5a6,Example 500kW Z-Series BOM,3.84,3.2021187935556776,0.2,,2026-08-24,,,2026-08-24T15:28:39.594+00:00,,,,,,,,,,,,,,,,,,,,,,,materials,,461a740d-2668-4483-8a28-b7687e6fb5a6,e93f9125-7683-47e6-8888-1eaedcc4ed37,2,,,,,,,,,,,,,,,,,,
warehouse_lot,54a52555-9309-41fe-8e37-bacbb90670c3,Example 500kW Z-Series,2456ff1a-326c-418c-8c64-38e924c59720,Example 500kW Z-Series BOM,2.29,1.9094999999999998,0.2,,2026-08-24,,,2026-08-24T15:28:39.594+00:00,,,,,,,,,,,,,,,,,,,,,,,materials,,2456ff1a-326c-418c-8c64-38e924c59720,f088d84a-78d5-47f2-b300-b9072e650d58,1,,,,,,,,,,,,,,,,,,
warehouse_lot,54a52555-9309-41fe-8e37-bacbb90670c3,Example 500kW Z-Series,d8194823-4650-4877-b9ea-0c242313a663,Example 500kW Z-Series BOM,7.53,6.275596549802385,0.2,,2026-08-24,,,2026-08-24T15:28:39.594+00:00,,,,,,,,,,,,,,,,,,,,,,,materials,,d8194823-4650-4877-b9ea-0c242313a663,7fd0c4c6-127f-40e2-8345-62bb6413c0be,1,,,,,,,,,,,,,,,,,,
warehouse_lot,54a52555-9309-41fe-8e37-bacbb90670c3,Example 500kW Z-Series,4f466507-26a9-47e6-bea3-c13535ee0e20,Example 500kW Z-Series BOM,2.48,2.0635999999999997,0.2,,2026-08-24,,,2026-08-24T15:28:39.594+00:00,,,,,,,,,,,,,,,,,,,,,,,materials,,4f466507-26a9-47e6-bea3-c13535ee0e20,79e23f04-a94b-4294-9b43-412212c87237,3,,,,,,,,,,,,,,,,,,
warehouse_lot,54a52555-9309-41fe-8e37-bacbb90670c3,Example 500kW Z-Series,802d9bb6-7df7-434d-92a7-6b6343391e10,Example 500kW Z-Series BOM,19.21,16.0063,0.2,,2026-08-24,,,2026-08-24T15:28:39.594+00:00,,,,,,,,,,,,,,,,,,,,,,,materials,,802d9bb6-7df7-434d-92a7-6b6343391e10,3b0dfa2c-e4df-40c5-a3c3-d658ba3548e6,1,,,,,,,,,,,,,,,,,,
warehouse_lot,54a52555-9309-41fe-8e37-bacbb90670c3,Example 500kW Z-Series,86f4308f-ff85-47bf-b0bc-bc6b79e1d116,Example 500kW Z-Series BOM,1.34,1.1188999999999998,0.2,,2026-08-24,,,2026-08-24T15:28:39.594+00:00,,,,,,,,,,,,,,,,,,,,,,,materials,,86f4308f-ff85-47bf-b0bc-bc6b79e1d116,4e22bc8b-5073-4288-a36d-9f15ede2c20a,2,,,,,,,,,,,,,,,,,,
warehouse_lot,54a52555-9309-41fe-8e37-bacbb90670c3,Example 500kW Z-Series,9ad0f13f-6075-4cd7-8404-e615d6bbc06d,Example 500kW Z-Series BOM,103.99,86.65886094394708,0.2,,2026-08-24,,,2026-08-24T15:28:39.594+00:00,,,,,,,,,,,,,,,,,,,,,,,materials,,9ad0f13f-6075-4cd7-8404-e615d6bbc06d,d5286422-a49f-45e8-8ff3-1ebd7c461a85,16,,,,,,,,,,,,,,,,,,
warehouse_lot,54a52555-9309-41fe-8e37-bacbb90670c3,Example 500kW Z-Series,7ee22110-4279-440e-8ffc-f34f4deabb66,Example 500kW Z-Series BOM,187.75,156.45531564604286,0.2,,2026-08-24,,,2026-08-24T15:28:39.594+00:00,,,,,,,,,,,,,,,,,,,,,,,materials,,7ee22110-4279-440e-8ffc-f34f4deabb66,a502a68b-dd2a-4632-bbe0-fa6ca9f7656a,2,,,,,,,,,,,,,,,,,,
warehouse_lot,54a52555-9309-41fe-8e37-bacbb90670c3,Example 500kW Z-Series,8b3c42f6-c762-43fd-96a2-506a7d417a70,Example 500kW Z-Series BOM,614.72,512.2666591677191,0.2,,2026-08-24,,,2026-08-24T15:28:39.594+00:00,,,,,,,,,,,,,,,,,,,,,,,materials,,8b3c42f6-c762-43fd-96a2-506a7d417a70,89875f54-a872-4540-be40-b0c37c0dad54,2,,,,,,,,,,,,,,,,,,
warehouse_lot,54a52555-9309-41fe-8e37-bacbb90670c3,Example 500kW Z-Series,9372756f-0db6-4d5f-a50d-6e45a0beba35,Example 500kW Z-Series BOM,191.81,159.8400678995618,0.2,,2026-08-24,,,2026-08-24T15:28:39.594+00:00,,,,,,,,,,,,,,,,,,,,,,,materials,,9372756f-0db6-4d5f-a50d-6e45a0beba35,39bca4f7-e7c0-41ca-82cd-9a2286894fe7,2,,,,,,,,,,,,,,,,,,
warehouse_lot,54a52555-9309-41fe-8e37-bacbb90670c3,Example 500kW Z-Series,26a6cbe5-0d21-4928-b07b-a57040d99d4b,Example 500kW Z-Series BOM,45.37,37.804921695648396,0.2,,2026-08-24,,,2026-08-24T15:28:39.594+00:00,,,,,,,,,,,,,,,,,,,,,,,materials,,26a6cbe5-0d21-4928-b07b-a57040d99d4b,67e64796-a35e-44db-be37-501127e06c1b,0.05,,,,,,,,,,,,,,,,,,
warehouse_lot,54a52555-9309-41fe-8e37-bacbb90670c3,Example 500kW Z-Series,8ef34dc3-8710-4d0c-b46e-6ee618a49d51,Example 500kW Z-Series BOM,0.11,0.09,0.2,,2026-08-24,,,2026-08-24T15:28:39.594+00:00,,,,,,,,,,,,,,,,,,,,,,,materials,,8ef34dc3-8710-4d0c-b46e-6ee618a49d51,244ea699-f671-416d-a10f-4e8cd34feb2e,0.12,,,,,,,,,,,,,,,,,,
warehouse_lot,54a52555-9309-41fe-8e37-bacbb90670c3,Example 500kW Z-Series,573482d0-37bf-4763-8788-51c44684ae32,Example 500kW Z-Series BOM,122.71,102.2583762392437,0.2,,2026-08-24,,,2026-08-24T15:28:39.594+00:00,,,,,,,,,,,,,,,,,,,,,,,materials,,573482d0-37bf-4763-8788-51c44684ae32,9f8f8c68-5ed0-406d-b882-d12d75e0f9be,1,,,,,,,,,,,,,,,,,,
warehouse_lot,54a52555-9309-41fe-8e37-bacbb90670c3,Example 500kW Z-Series,977f5475-1a5c-469c-9f6c-26437350ce8b,Example 500kW Z-Series BOM,3067.75,2556.4594059810925,0.2,,2026-08-24,,,2026-08-24T15:28:39.594+00:00,,,,,,,,,,,,,,,,,,,,,,,materials,,977f5475-1a5c-469c-9f6c-26437350ce8b,7ceae5b7-512e-4231-abd4-c883d1deb759,2,,,,,,,,,,,,,,,,,,
warehouse_lot,54a52555-9309-41fe-8e37-bacbb90670c3,Example 500kW Z-Series,337b5b70-e60d-40a3-8f3c-6ddf9c5bc0f7,Example 500kW Z-Series BOM,306.78,255.65,0.2,,2026-08-24,,,2026-08-24T15:28:39.594+00:00,,,,,,,,,,,,,,,,,,,,,,,materials,,337b5b70-e60d-40a3-8f3c-6ddf9c5bc0f7,5de175ec-3b77-4283-9493-3a52b995d9aa,1,,,,,,,,,,,,,,,,,,
warehouse_lot,54a52555-9309-41fe-8e37-bacbb90670c3,Example 500kW Z-Series,3f5dc5a5-e091-49e2-9e24-80b6b6a80dfd,Example 500kW Z-Series BOM,49.08,40.9,0.2,,2026-08-24,,,2026-08-24T15:28:39.594+00:00,,,,,,,,,,,,,,,,,,,,,,,materials,,3f5dc5a5-e091-49e2-9e24-80b6b6a80dfd,d6f93dc4-a6e5-47fd-a4bf-cc10c39f0bed,1,,,,,,,,,,,,,,,,,,
warehouse_lot,54a52555-9309-41fe-8e37-bacbb90670c3,Example 500kW Z-Series,14c25516-2b40-4350-82f5-8992b0cf32d5,Example 500kW Z-Series BOM,44.24,36.8634,0.2,,2026-08-24,,,2026-08-24T15:28:39.594+00:00,,,,,,,,,,,,,,,,,,,,,,,materials,,14c25516-2b40-4350-82f5-8992b0cf32d5,d0a06bac-f44b-4437-9899-ac00a8322f86,1,,,,,,,,,,,,,,,,,,
warehouse_lot,54a52555-9309-41fe-8e37-bacbb90670c3,Example 500kW Z-Series,9090d34c-eaa6-46cc-9598-758da57497c7,Example 500kW Z-Series BOM,20.44,17.031399999999998,0.2,,2026-08-24,,,2026-08-24T15:28:39.594+00:00,,,,,,,,,,,,,,,,,,,,,,,materials,,9090d34c-eaa6-46cc-9598-758da57497c7,c3dd9566-d3d7-4c2c-8599-6273588935c1,2,,,,,,,,,,,,,,,,,,
warehouse_lot,54a52555-9309-41fe-8e37-bacbb90670c3,Example 500kW Z-Series,49c8bf1b-ef68-4a5f-aa24-fb6fa08ffb5f,Example 500kW Z-Series BOM,4.16,3.4638999999999998,0.2,,2026-08-24,,,2026-08-24T15:28:39.594+00:00,,,,,,,,,,,,,,,,,,,,,,,materials,,49c8bf1b-ef68-4a5f-aa24-fb6fa08ffb5f,334a88c1-f70d-48a8-988d-696560474dd6,1,,,,,,,,,,,,,,,,,,
warehouse_lot,54a52555-9309-41fe-8e37-bacbb90670c3,Example 500kW Z-Series,640dc657-52fc-4399-9118-69642803a915,Example 500kW Z-Series BOM,0.25,0.20769999999999997,0.2,,2026-08-24,,,2026-08-24T15:28:39.594+00:00,,,,,,,,,,,,,,,,,,,,,,,materials,,640dc657-52fc-4399-9118-69642803a915,2dd3eb6a-ab00-4780-b30d-db1fc688b679,7,,,,,,,,,,,,,,,,,,
warehouse_lot,54a52555-9309-41fe-8e37-bacbb90670c3,Example 500kW Z-Series,dbdae80b-6162-4872-a18d-27d27860b3e6,Example 500kW Z-Series BOM,0.4,0.33499999999999996,0.2,,2026-08-24,,,2026-08-24T15:28:39.594+00:00,,,,,,,,,,,,,,,,,,,,,,,materials,,dbdae80b-6162-4872-a18d-27d27860b3e6,2eedb54b-4891-4fb8-b026-f160c8e293fd,9,,,,,,,,,,,,,,,,,,
warehouse_lot,54a52555-9309-41fe-8e37-bacbb90670c3,Example 500kW Z-Series,6ea349be-7dad-443f-a824-0ef7b67c0130,Example 500kW Z-Series BOM,1.75,1.46,0.2,,2026-08-24,,,2026-08-24T15:28:39.594+00:00,,,,,,,,,,,,,,,,,,,,,,,materials,,6ea349be-7dad-443f-a824-0ef7b67c0130,c2f1a124-6917-47d4-93f6-f505abaadc2c,2.4400000000000004,,,,,,,,,,,,,,,,,,
warehouse_lot,54a52555-9309-41fe-8e37-bacbb90670c3,Example 500kW Z-Series,fac84d9d-6338-470f-8558-fd248af07419,Example 500kW Z-Series BOM,3.2,2.6689436198442604,0.2,,2026-08-24,,,2026-08-24T15:28:39.594+00:00,,,,,,,,,,,,,,,,,,,,,,,materials,,fac84d9d-6338-470f-8558-fd248af07419,1eac2097-36ea-4e09-b545-87ce22c44281,2.8600000000000003,,,,,,,,,,,,,,,,,,
warehouse_lot,54a52555-9309-41fe-8e37-bacbb90670c3,Example 500kW Z-Series,7d284677-c6d9-4667-90f5-803e94c06e1b,Example 500kW Z-Series BOM,131.94,109.95408598906857,0.2,,2026-08-24,,,2026-08-24T15:28:39.594+00:00,,,,,,,,,,,,,,,,,,,,,,,materials,,7d284677-c6d9-4667-90f5-803e94c06e1b,f4947ce2-7630-44d6-a892-f66ae938a93d,9,,,,,,,,,,,,,,,,,,
warehouse_lot,54a52555-9309-41fe-8e37-bacbb90670c3,Example 500kW Z-Series,58f7b5b3-b4a5-4e84-a5c7-f35f3160a856,Example 500kW Z-Series BOM,431.72,359.76899832807555,0.2,,2026-08-24,,,2026-08-24T15:28:39.594+00:00,,,,,,,,,,,,,,,,,,,,,,,materials,,58f7b5b3-b4a5-4e84-a5c7-f35f3160a856,190ef608-3766-443a-bfd2-794016a9850f,4,,,,,,,,,,,,,,,,,,
warehouse_lot,54a52555-9309-41fe-8e37-bacbb90670c3,Example 500kW Z-Series,ff5b3eac-7e83-418f-8c9d-57f914f61a0c,Example 500kW Z-Series BOM,329.49,274.57652249939923,0.2,,2026-08-24,,,2026-08-24T15:28:39.594+00:00,,,,,,,,,,,,,,,,,,,,,,,materials,,ff5b3eac-7e83-418f-8c9d-57f914f61a0c,c97687c7-c12e-409d-9d28-a40f4a59953e,6,,,,,,,,,,,,,,,,,,
warehouse_lot,54a52555-9309-41fe-8e37-bacbb90670c3,Example 500kW Z-Series,6721460c-f9b0-4ce0-b3a3-c3ee631eb9af,Example 500kW Z-Series BOM,18,15,0.2,,2026-08-24,,,2026-08-24T15:28:39.594+00:00,,,,,,,,,,,,,,,,,,,,,,,materials,,6721460c-f9b0-4ce0-b3a3-c3ee631eb9af,a166b73d-c372-4d43-b11f-0ccb003e845b,2,,,,,,,,,,,,,,,,,,
warehouse_lot,54a52555-9309-41fe-8e37-bacbb90670c3,Example 500kW Z-Series,9609da02-ff21-4552-9bde-e259834cf00e,Example 500kW Z-Series BOM,217.93,181.61241007654039,0.2,,2026-08-24,,,2026-08-24T15:28:39.594+00:00,,,,,,,,,,,,,,,,,,,,,,,materials,,9609da02-ff21-4552-9bde-e259834cf00e,cc2560ca-61b6-4230-b5cb-22282d144091,4,,,,,,,,,,,,,,,,,,
warehouse_lot,54a52555-9309-41fe-8e37-bacbb90670c3,Example 500kW Z-Series,c45df47c-390b-4953-a6b2-7485d9a93e6f,Example 500kW Z-Series BOM,46.63,38.85818297091261,0.2,,2026-08-24,,,2026-08-24T15:28:39.594+00:00,,,,,,,,,,,,,,,,,,,,,,,materials,,c45df47c-390b-4953-a6b2-7485d9a93e6f,51bba0f9-f871-48f7-8043-589eebf25885,8,,,,,,,,,,,,,,,,,,
warehouse_lot,54a52555-9309-41fe-8e37-bacbb90670c3,Example 500kW Z-Series,d7a36f3c-57d8-4d2c-a708-b07747642242,Example 500kW Z-Series BOM,1004.36,836.97,0.2,,2026-08-24,,,2026-08-24T15:28:39.594+00:00,,,,,,,,,,,,,,,,,,,,,,,materials,,d7a36f3c-57d8-4d2c-a708-b07747642242,5602b83c-e79c-4ca4-b296-963ece2cf97b,2,,,,,,,,,,,,,,,,,,
warehouse_lot,54a52555-9309-41fe-8e37-bacbb90670c3,Example 500kW Z-Series,2fd96d0a-6e69-40ab-84b8-4c5f0436a2fc,Example 500kW Z-Series BOM,526.4,438.66619286952334,0.2,,2026-08-24,,,2026-08-24T15:28:39.594+00:00,,,,,,,,,,,,,,,,,,,,,,,materials,,2fd96d0a-6e69-40ab-84b8-4c5f0436a2fc,69ba3856-6995-4423-aa8e-61c262d40bd4,2,,,,,,,,,,,,,,,,,,
warehouse_lot,54a52555-9309-41fe-8e37-bacbb90670c3,Example 500kW Z-Series,f2be3c1f-577f-47d9-b4f0-35ab1fbd62db,Example 500kW Z-Series BOM,645.39,537.8220499736684,0.2,,2026-08-24,,,2026-08-24T15:28:39.594+00:00,,,,,,,,,,,,,,,,,,,,,,,materials,,f2be3c1f-577f-47d9-b4f0-35ab1fbd62db,5c6ffddf-a956-4786-9291-0852dc1188d7,2,,,,,,,,,,,,,,,,,,
warehouse_lot,54a52555-9309-41fe-8e37-bacbb90670c3,Example 500kW Z-Series,d1dff0a3-e2f4-40aa-b614-395b76c49624,Example 500kW Z-Series BOM,3.16,2.6331531881605255,0.2,,2026-08-24,,,2026-08-24T15:28:39.594+00:00,,,,,,,,,,,,,,,,,,,,,,,materials,,d1dff0a3-e2f4-40aa-b614-395b76c49624,16cc48f5-9d5f-414c-8f93-f19e421fdf91,8,,,,,,,,,,,,,,,,,,
warehouse_lot,54a52555-9309-41fe-8e37-bacbb90670c3,Example 500kW Z-Series,19cb2c06-2eed-4726-809a-f311331e6fde,Example 500kW Z-Series BOM,4.24,3.53,0.2,,2026-08-24,,,2026-08-24T15:28:39.594+00:00,,,,,,,,,,,,,,,,,,,,,,,materials,,19cb2c06-2eed-4726-809a-f311331e6fde,145e220b-2a35-4b73-84b0-0702be8ca272,2,,,,,,,,,,,,,,,,,,
warehouse_lot,54a52555-9309-41fe-8e37-bacbb90670c3,Example 500kW Z-Series,e8b21c4c-e77a-4f90-8710-1355ce72f39f,Example 500kW Z-Series BOM,1.2,1,0.2,,2026-08-24,,,2026-08-24T15:28:39.594+00:00,,,,,,,,,,,,,,,,,,,,,,,materials,,e8b21c4c-e77a-4f90-8710-1355ce72f39f,7e7cf004-79e7-42b0-bdee-b5fce805e9d5,25,,,,,,,,,,,,,,,,,,
warehouse_lot,54a52555-9309-41fe-8e37-bacbb90670c3,Example 500kW Z-Series,d431bd6f-3e69-4848-aabe-7b95acf356e1,Example 500kW Z-Series BOM,3.56,2.970605829750029,0.2,,2026-08-24,,,2026-08-24T15:28:39.594+00:00,,,,,,,,,,,,,,,,,,,,,,,materials,,d431bd6f-3e69-4848-aabe-7b95acf356e1,7ee73263-ea79-473c-bbda-4fe1cd9ab40a,2,,,,,,,,,,,,,,,,,,
warehouse_lot,54a52555-9309-41fe-8e37-bacbb90670c3,Example 500kW Z-Series,4104fdaf-a160-4b28-a202-c834d263b165,Example 500kW Z-Series BOM,2.16,1.799747421810689,0.2,,2026-08-24,,,2026-08-24T15:28:39.594+00:00,,,,,,,,,,,,,,,,,,,,,,,materials,,4104fdaf-a160-4b28-a202-c834d263b165,34c18f10-013d-4f52-8a8d-c3f280a98733,30,,,,,,,,,,,,,,,,,,
warehouse_lot,54a52555-9309-41fe-8e37-bacbb90670c3,Example 500kW Z-Series,d4fe927f-c1fe-434b-baba-cfa6ae33fc20,Example 500kW Z-Series BOM,3.91,3.262042202031874,0.2,,2026-08-24,,,2026-08-24T15:28:39.594+00:00,,,,,,,,,,,,,,,,,,,,,,,materials,,d4fe927f-c1fe-434b-baba-cfa6ae33fc20,8bf06a76-eb23-4e81-bbbb-14d9206c1573,6,,,,,,,,,,,,,,,,,,
warehouse_lot,54a52555-9309-41fe-8e37-bacbb90670c3,Example 500kW Z-Series,437becaa-c6c8-4709-80b7-d1e18aa9ff4e,Example 500kW Z-Series BOM,8.34,6.95,0.2,,2026-08-24,,,2026-08-24T15:28:39.594+00:00,,,,,,,,,,,,,,,,,,,,,,,materials,,437becaa-c6c8-4709-80b7-d1e18aa9ff4e,86157ace-4eaa-4471-80b6-62efa703efe7,0.2,,,,,,,,,,,,,,,,,,
warehouse_lot,54a52555-9309-41fe-8e37-bacbb90670c3,Example 500kW Z-Series,c28448ca-6144-4571-88d5-b801d3ed268e,Example 500kW Z-Series BOM,2.16,1.8,0.2,,2026-08-24,,,2026-08-24T15:28:39.594+00:00,,,,,,,,,,,,,,,,,,,,,,,materials,,c28448ca-6144-4571-88d5-b801d3ed268e,f58b98bc-45fc-4638-bdab-8e076e695b8e,0.2,,,,,,,,,,,,,,,,,,
warehouse_lot,54a52555-9309-41fe-8e37-bacbb90670c3,Example 500kW Z-Series,967cf5a9-c493-43fb-bf87-94ed5c60c0ee,Example 500kW Z-Series BOM,7.12,5.936098740688097,0.2,,2026-08-24,,,2026-08-24T15:28:39.594+00:00,,,,,,,,,,,,,,,,,,,,,,,materials,,967cf5a9-c493-43fb-bf87-94ed5c60c0ee,051acef4-b1b1-48a2-9088-00b57593e140,20,,,,,,,,,,,,,,,,,,
warehouse_lot,54a52555-9309-41fe-8e37-bacbb90670c3,Example 500kW Z-Series,ad67c97f-39fc-4ae6-a8b0-ee867d02150e,Example 500kW Z-Series BOM,0.72,0.6,0.2,,2026-08-24,,,2026-08-24T15:28:39.594+00:00,,,,,,,,,,,,,,,,,,,,,,,materials,,ad67c97f-39fc-4ae6-a8b0-ee867d02150e,932480c9-baa0-4d57-a1b5-cf734c10d2d8,40,,,,,,,,,,,,,,,,,,
warehouse_lot,54a52555-9309-41fe-8e37-bacbb90670c3,Example 500kW Z-Series,45311519-9374-46bb-b952-c7d308433137,Example 500kW Z-Series BOM,0,0,0.2,,2026-08-24,,,2026-08-24T15:28:39.594+00:00,,,,,,,,,,,,,,,,,,,,,,,materials,,45311519-9374-46bb-b952-c7d308433137,13d125c5-f213-4bb0-becb-6500a550abcd,3,,,,,,,,,,,,,,,,,,
warehouse_lot,54a52555-9309-41fe-8e37-bacbb90670c3,Example 500kW Z-Series,c31a31f6-fb02-400a-ae4d-ed4b04d300b1,Example 500kW Z-Series BOM,3640.32,3033.6,0.2,,2026-08-24,,,2026-08-24T15:28:39.594+00:00,,,,,,,,,,,,,,,,,,,,,,,materials,,c31a31f6-fb02-400a-ae4d-ed4b04d300b1,60e91a3a-5e4d-45ea-bea5-5c7a8260ba4e,1,,,,,,,,,,,,,,,,,,
warehouse_lot,54a52555-9309-41fe-8e37-bacbb90670c3,Example 500kW Z-Series,0081ab75-e103-4a9b-bd2a-c1612a04fc98,Example 500kW Z-Series BOM,1833.22,1527.68,0.2,,2026-08-24,,,2026-08-24T15:28:39.594+00:00,,,,,,,,,,,,,,,,,,,,,,,materials,,0081ab75-e103-4a9b-bd2a-c1612a04fc98,98768493-1c24-413a-9d74-80f7af423e52,1,,,,,,,,,,,,,,,,,,
warehouse_lot,54a52555-9309-41fe-8e37-bacbb90670c3,Example 500kW Z-Series,9a4f634b-616a-4abd-a074-856031af3056,Example 500kW Z-Series BOM,1188.91,990.7599999999999,0.2,,2026-08-24,,,2026-08-24T15:28:39.594+00:00,,,,,,,,,,,,,,,,,,,,,,,materials,,9a4f634b-616a-4abd-a074-856031af3056,0cc64644-11ff-474b-a9a4-8c7c6ebf99ff,1,,,,,,,,,,,,,,,,,,
warehouse_lot,54a52555-9309-41fe-8e37-bacbb90670c3,Example 500kW Z-Series,4ab1216a-3554-4ca7-9fb1-fc96934177c6,Example 500kW Z-Series BOM,360.67,300.55999999999995,0.2,,2026-08-24,,,2026-08-24T15:28:39.594+00:00,,,,,,,,,,,,,,,,,,,,,,,materials,,4ab1216a-3554-4ca7-9fb1-fc96934177c6,0f829751-0fa1-4f8b-9b4e-096fb24e6552,1,,,,,,,,,,,,,,,,,,
warehouse_lot,54a52555-9309-41fe-8e37-bacbb90670c3,Example 500kW Z-Series,4c59a90f-21ee-4d58-ae29-72b4b282a625,Example 500kW Z-Series BOM,234.36,195.29999999999998,0.2,,2026-08-24,,,2026-08-24T15:28:39.594+00:00,,,,,,,,,,,,,,,,,,,,,,,materials,,4c59a90f-21ee-4d58-ae29-72b4b282a625,7d3d135f-fd17-460f-9963-6fab7471e340,2,,,,,,,,,,,,,,,,,,
warehouse_lot,54a52555-9309-41fe-8e37-bacbb90670c3,Example 500kW Z-Series,edf3f4da-77cc-4270-994b-70b7969733dd,Example 500kW Z-Series BOM,234.36,195.29999999999998,0.2,,2026-08-24,,,2026-08-24T15:28:39.594+00:00,,,,,,,,,,,,,,,,,,,,,,,materials,,edf3f4da-77cc-4270-994b-70b7969733dd,16b9d5f6-5c70-4a12-921c-34b977278b5f,1,,,,,,,,,,,,,,,,,,
warehouse_lot,54a52555-9309-41fe-8e37-bacbb90670c3,Example 500kW Z-Series,d8b9539f-c887-4aa0-ac81-7d71678ee264,Example 500kW Z-Series BOM,11.72,9.766799772986404,0.2,,2026-08-24,,,2026-08-24T15:28:39.594+00:00,,,,,,,,,,,,,,,,,,,,,,,materials,,d8b9539f-c887-4aa0-ac81-7d71678ee264,685deb66-6593-4c42-a39a-b60d7cb4b9fe,3,,,,,,,,,,,,,,,,,,
warehouse_lot,54a52555-9309-41fe-8e37-bacbb90670c3,Example 500kW Z-Series,ca34d454-8e50-4d66-9d94-5c3cc171f2d5,Example 500kW Z-Series BOM,13.73,11.437599382359409,0.2,,2026-08-24,,,2026-08-24T15:28:39.594+00:00,,,,,,,,,,,,,,,,,,,,,,,materials,,ca34d454-8e50-4d66-9d94-5c3cc171f2d5,eefd24ec-4705-4e2b-b647-b9225eccd906,6,,,,,,,,,,,,,,,,,,
warehouse_lot,54a52555-9309-41fe-8e37-bacbb90670c3,Example 500kW Z-Series,2d5b680a-f96a-42f7-a6f5-068f3cf8d6db,Example 500kW Z-Series BOM,33.21,27.676229529151307,0.2,,2026-08-24,,,2026-08-24T15:28:39.594+00:00,,,,,,,,,,,,,,,,,,,,,,,materials,,2d5b680a-f96a-42f7-a6f5-068f3cf8d6db,2126d78f-ef51-44b6-a999-1856f0629955,6,,,,,,,,,,,,,,,,,,
warehouse_lot,54a52555-9309-41fe-8e37-bacbb90670c3,Example 500kW Z-Series,61f270f2-1068-4f1a-91be-8a30f30932f3,Example 500kW Z-Series BOM,5.18,4.320416396108046,0.2,,2026-08-24,,,2026-08-24T15:28:39.594+00:00,,,,,,,,,,,,,,,,,,,,,,,materials,,61f270f2-1068-4f1a-91be-8a30f30932f3,57b18ae5-bae2-49a4-a6da-c9213be0fdf3,4,,,,,,,,,,,,,,,,,,
warehouse_lot,54a52555-9309-41fe-8e37-bacbb90670c3,Example 500kW Z-Series,2cb13177-9655-485a-8c19-4607d1fc7e65,Example 500kW Z-Series BOM,6.72,5.603759017910555,0.2,,2026-08-24,,,2026-08-24T15:28:39.594+00:00,,,,,,,,,,,,,,,,,,,,,,,materials,,2cb13177-9655-485a-8c19-4607d1fc7e65,0a512466-ef26-4890-aa92-b13286431855,5,,,,,,,,,,,,,,,,,,
warehouse_lot,54a52555-9309-41fe-8e37-bacbb90670c3,Example 500kW Z-Series,871f22c8-e29c-4d50-baa9-270fa97edb7b,Example 500kW Z-Series BOM,5.4,4.5,0.2,,2026-08-24,,,2026-08-24T15:28:39.594+00:00,,,,,,,,,,,,,,,,,,,,,,,materials,,871f22c8-e29c-4d50-baa9-270fa97edb7b,d680bb27-3e7b-41fb-bbe7-9f5711672866,1,,,,,,,,,,,,,,,,,,
warehouse_lot,54a52555-9309-41fe-8e37-bacbb90670c3,Example 500kW Z-Series,bfd465f5-0762-41b0-acfb-3ec0ee7378df,Example 500kW Z-Series BOM,46.92,39.09849015507483,0.2,,2026-08-24,,,2026-08-24T15:28:39.594+00:00,,,,,,,,,,,,,,,,,,,,,,,materials,,bfd465f5-0762-41b0-acfb-3ec0ee7378df,949bdca8-906b-40e5-baf5-34a02dd77658,3,,,,,,,,,,,,,,,,,,
warehouse_lot,54a52555-9309-41fe-8e37-bacbb90670c3,Example 500kW Z-Series,4a1cb250-4a8e-4577-8612-4bf9e789cfde,Example 500kW Z-Series BOM,19.29,16.075016744809112,0.2,,2026-08-24,,,2026-08-24T15:28:39.594+00:00,,,,,,,,,,,,,,,,,,,,,,,materials,,4a1cb250-4a8e-4577-8612-4bf9e789cfde,a602fc6f-b0a3-4aef-99eb-5242fb6a90ed,2,,,,,,,,,,,,,,,,,,
warehouse_lot,54a52555-9309-41fe-8e37-bacbb90670c3,Example 500kW Z-Series,1b95fb91-4004-492d-8e4a-69a1720da7ee,Example 500kW Z-Series BOM,45.97,38.30598773922069,0.2,,2026-08-24,,,2026-08-24T15:28:39.594+00:00,,,,,,,,,,,,,,,,,,,,,,,materials,,1b95fb91-4004-492d-8e4a-69a1720da7ee,31cabcff-3e4b-425a-aad4-3e8acff08ec2,1,,,,,,,,,,,,,,,,,,
warehouse_lot,54a52555-9309-41fe-8e37-bacbb90670c3,Example 500kW Z-Series,a5c2656e-4893-4579-bf71-a020953f28c1,Example 500kW Z-Series BOM,10.66,8.881139976378316,0.2,,2026-08-24,,,2026-08-24T15:28:39.594+00:00,,,,,,,,,,,,,,,,,,,,,,,materials,,a5c2656e-4893-4579-bf71-a020953f28c1,0490c4b9-769b-44b6-923f-0d90c385837c,4.5,,,,,,,,,,,,,,,,,,
warehouse_lot,54a52555-9309-41fe-8e37-bacbb90670c3,Example 500kW Z-Series,0832ef7e-c181-4b25-a3bf-e08515386e16,Example 500kW Z-Series BOM,2.62,2.1832163327078526,0.2,,2026-08-24,,,2026-08-24T15:28:39.594+00:00,,,,,,,,,,,,,,,,,,,,,,,materials,,0832ef7e-c181-4b25-a3bf-e08515386e16,6dab37d9-cf97-4fa6-9e08-fa222cce3452,1,,,,,,,,,,,,,,,,,,
warehouse_lot,54a52555-9309-41fe-8e37-bacbb90670c3,Example 500kW Z-Series,981fbb2e-7ed8-4cb2-9fae-b371571521aa,Example 500kW Z-Series BOM,7.68,6.3962614337646935,0.2,,2026-08-24,,,2026-08-24T15:28:39.594+00:00,,,,,,,,,,,,,,,,,,,,,,,materials,,981fbb2e-7ed8-4cb2-9fae-b371571521aa,9ecfefd0-8272-4df4-a303-b50f29145080,4,,,,,,,,,,,,,,,,,,
warehouse_lot,54a52555-9309-41fe-8e37-bacbb90670c3,Example 500kW Z-Series,ea50a4b5-c154-45d9-9913-92d246e663d8,Example 500kW Z-Series BOM,8.02,6.682584887234576,0.2,,2026-08-24,,,2026-08-24T15:28:39.594+00:00,,,,,,,,,,,,,,,,,,,,,,,materials,,ea50a4b5-c154-45d9-9913-92d246e663d8,b101fcc9-c126-43c0-af89-800bbc31d48d,2,,,,,,,,,,,,,,,,,,
warehouse_lot,54a52555-9309-41fe-8e37-bacbb90670c3,Example 500kW Z-Series,1e467228-6247-417e-843a-451689a8f91c,Example 500kW Z-Series BOM,19.27,16.05456506956126,0.2,,2026-08-24,,,2026-08-24T15:28:39.594+00:00,,,,,,,,,,,,,,,,,,,,,,,materials,,1e467228-6247-417e-843a-451689a8f91c,ca345e9f-a55f-41c3-9f31-d3d4bc853d66,1,,,,,,,,,,,,,,,,,,
warehouse_lot,54a52555-9309-41fe-8e37-bacbb90670c3,Example 500kW Z-Series,7a73a1f2-b2d6-4df8-8508-6a0702fcd92f,Example 500kW Z-Series BOM,4203.4,3502.835113481233,0.2,,2026-08-24,,,2026-08-24T15:28:39.594+00:00,,,,,,,,,,,,,,,,,,,,,,,materials,,7a73a1f2-b2d6-4df8-8508-6a0702fcd92f,3917257b-b71d-4ed6-b959-aca175cc0462,1,,,,,,,,,,,,,,,,,,
warehouse_lot,54a52555-9309-41fe-8e37-bacbb90670c3,Example 500kW Z-Series,c302e1da-e14f-43ad-a10c-c344982cd35e,Example 500kW Z-Series BOM,3807.54,3172.949591733433,0.2,,2026-08-24,,,2026-08-24T15:28:39.594+00:00,,,,,,,,,,,,,,,,,,,,,,,materials,,c302e1da-e14f-43ad-a10c-c344982cd35e,930a13f7-5803-4666-960e-ee2ead6b6a6f,1,,,,,,,,,,,,,,,,,,
warehouse_lot,54a52555-9309-41fe-8e37-bacbb90670c3,Example 500kW Z-Series,2410d4b6-028a-45fa-a389-e3c897a3502e,Example 500kW Z-Series BOM,29981.68,24984.73,0.2,,2026-08-24,,,2026-08-24T15:28:39.594+00:00,,,,,,,,,,,,,,,,,,,,,,,materials,,2410d4b6-028a-45fa-a389-e3c897a3502e,d7b7bf0b-71cd-40e0-b5be-47fcd7683c07,2,,,,,,,,,,,,,,,,,,
warehouse_lot,54a52555-9309-41fe-8e37-bacbb90670c3,Example 500kW Z-Series,a791ec4f-d64a-43da-a6de-371a14603b43,Example 500kW Z-Series BOM,483.32,402.77000000000004,0.2,,2026-08-24,,,2026-08-24T15:28:39.594+00:00,,,,,,,,,,,,,,,,,,,,,,,materials,,a791ec4f-d64a-43da-a6de-371a14603b43,91190f7e-e383-4049-bdbf-3ca04a090cb0,4,,,,,,,,,,,,,,,,,,
warehouse_lot,54a52555-9309-41fe-8e37-bacbb90670c3,Example 500kW Z-Series,362e2efa-12c4-4623-8056-801122cf80e2,Example 500kW Z-Series BOM,91.37,76.14,0.2,,2026-08-24,,,2026-08-24T15:28:39.594+00:00,,,,,,,,,,,,,,,,,,,,,,,materials,,362e2efa-12c4-4623-8056-801122cf80e2,85bd08f4-ebc0-47df-b19e-ea7eaa54d54b,4,,,,,,,,,,,,,,,,,,
warehouse_lot,54a52555-9309-41fe-8e37-bacbb90670c3,Example 500kW Z-Series,330958a8-4255-4c54-a614-b0f494635fb3,Example 500kW Z-Series BOM,425.06,354.2179023739282,0.2,,2026-08-24,,,2026-08-24T15:28:39.594+00:00,,,,,,,,,,,,,,,,,,,,,,,materials,,330958a8-4255-4c54-a614-b0f494635fb3,a8119f55-c34a-469b-9a04-46c06592c93b,2,,,,,,,,,,,,,,,,,,
warehouse_lot,54a52555-9309-41fe-8e37-bacbb90670c3,Example 500kW Z-Series,3a508128-ece3-4382-a8a4-5dfde0aeb24f,Example 500kW Z-Series BOM,5.57,4.64,0.2,,2026-08-24,,,2026-08-24T15:28:39.594+00:00,,,,,,,,,,,,,,,,,,,,,,,materials,,3a508128-ece3-4382-a8a4-5dfde0aeb24f,30773fae-1f0d-4859-8267-8e79ddacefca,14.5,,,,,,,,,,,,,,,,,,
warehouse_lot,54a52555-9309-41fe-8e37-bacbb90670c3,Example 500kW Z-Series,e00e8fc1-867a-4b87-9025-85ea307058dc,Example 500kW Z-Series BOM,22.11,18.422613417321546,0.2,,2026-08-24,,,2026-08-24T15:28:39.594+00:00,,,,,,,,,,,,,,,,,,,,,,,materials,,e00e8fc1-867a-4b87-9025-85ea307058dc,c29c0429-7d0d-4234-8e52-b6cb901c5234,1.2000000000000002,,,,,,,,,,,,,,,,,,
warehouse_lot,54a52555-9309-41fe-8e37-bacbb90670c3,Example 500kW Z-Series,e13acae1-e231-419d-80f3-73879550d321,Example 500kW Z-Series BOM,14.34,11.948891263555627,0.2,,2026-08-24,,,2026-08-24T15:28:39.594+00:00,,,,,,,,,,,,,,,,,,,,,,,materials,,e13acae1-e231-419d-80f3-73879550d321,47e5f7c9-456a-4485-829f-3f5db3622d8c,10,,,,,,,,,,,,,,,,,,
warehouse_lot,54a52555-9309-41fe-8e37-bacbb90670c3,Example 500kW Z-Series,a233ec1d-eb94-4a04-bcc6-6137ce8e4a60,Example 500kW Z-Series BOM,25.12,20.932289616173183,0.2,,2026-08-24,,,2026-08-24T15:28:39.594+00:00,,,,,,,,,,,,,,,,,,,,,,,materials,,a233ec1d-eb94-4a04-bcc6-6137ce8e4a60,ce853b96-04b7-44b8-ab65-2f9a336c17e8,12,,,,,,,,,,,,,,,,,,
warehouse_lot,54a52555-9309-41fe-8e37-bacbb90670c3,Example 500kW Z-Series,ca3d53c9-0fe0-4b6e-b913-903d01793688,Example 500kW Z-Series BOM,136.26,113.5477009760562,0.2,,2026-08-24,,,2026-08-24T15:28:39.594+00:00,,,,,,,,,,,,,,,,,,,,,,,materials,,ca3d53c9-0fe0-4b6e-b913-903d01793688,980e19d6-c05b-428e-96c1-ed1d67f67e3d,3,,,,,,,,,,,,,,,,,,
warehouse_lot,54a52555-9309-41fe-8e37-bacbb90670c3,Example 500kW Z-Series,9b1c35f5-e4e8-49bc-8c04-f840e52254a0,Example 500kW Z-Series BOM,177.02,147.51793356273296,0.2,,2026-08-24,,,2026-08-24T15:28:39.594+00:00,,,,,,,,,,,,,,,,,,,,,,,materials,,9b1c35f5-e4e8-49bc-8c04-f840e52254a0,514ead82-d1fa-43d5-ac71-a1ee3a7cfca4,3,,,,,,,,,,,,,,,,,,
warehouse_lot,54a52555-9309-41fe-8e37-bacbb90670c3,Example 500kW Z-Series,96fb416f-b4c9-4794-b24c-617a1116a4a0,Example 500kW Z-Series BOM,0.23,0.19429091485456304,0.2,,2026-08-24,,,2026-08-24T15:28:39.594+00:00,,,,,,,,,,,,,,,,,,,,,,,materials,,96fb416f-b4c9-4794-b24c-617a1116a4a0,0b632b67-8ad6-4b89-944b-fa4edb7fc68e,50,,,,,,,,,,,,,,,,,,
warehouse_lot,54a52555-9309-41fe-8e37-bacbb90670c3,Example 500kW Z-Series,824af7c7-e14c-49f5-af59-d1126e2eecf1,Example 500kW Z-Series BOM,38.47,32.05595578347811,0.2,,2026-08-24,,,2026-08-24T15:28:39.594+00:00,,,,,,,,,,,,,,,,,,,,,,,materials,,824af7c7-e14c-49f5-af59-d1126e2eecf1,1c37d54f-273a-45dc-bd3a-cf2da1346c9c,1,,,,,,,,,,,,,,,,,,
warehouse_lot,54a52555-9309-41fe-8e37-bacbb90670c3,Example 500kW Z-Series,4e489170-5c0b-4eb7-931a-dfb4dac2ebe1,Example 500kW Z-Series BOM,12.24,10.2,0.2,,2026-08-24,,,2026-08-24T15:28:39.594+00:00,,,,,,,,,,,,,,,,,,,,,,,materials,,4e489170-5c0b-4eb7-931a-dfb4dac2ebe1,401c83a8-4c1a-4d36-8d5a-7388604d15db,1,,,,,,,,,,,,,,,,,,
warehouse_lot,54a52555-9309-41fe-8e37-bacbb90670c3,Example 500kW Z-Series,95b9b2a2-8861-4d23-8b82-aee53db14248,Example 500kW Z-Series BOM,1,0.8309515653200943,0.2,,2026-08-24,,,2026-08-24T15:28:39.594+00:00,,,,,,,,,,,,,,,,,,,,,,,materials,,95b9b2a2-8861-4d23-8b82-aee53db14248,dec41ac2-4303-49d2-b888-19d401d683ed,4,,,,,,,,,,,,,,,,,,
warehouse_lot,54a52555-9309-41fe-8e37-bacbb90670c3,Example 500kW Z-Series,6f068ef2-e7df-4d20-8e35-01c53497647f,Example 500kW Z-Series BOM,17,14.164421243155079,0.2,,2026-08-24,,,2026-08-24T15:28:39.594+00:00,,,,,,,,,,,,,,,,,,,,,,,materials,,6f068ef2-e7df-4d20-8e35-01c53497647f,10b5a96a-f87e-416c-a6bd-26ebd086ba54,0.14,,,,,,,,,,,,,,,,,,
warehouse_lot,54a52555-9309-41fe-8e37-bacbb90670c3,Example 500kW Z-Series,344a8950-251c-4be6-9569-fed0b25400dd,Example 500kW Z-Series BOM,17.59,14.661601468430282,0.2,,2026-08-24,,,2026-08-24T15:28:39.594+00:00,,,,,,,,,,,,,,,,,,,,,,,materials,,344a8950-251c-4be6-9569-fed0b25400dd,9ebd9400-2239-45d0-886d-4a9f4fef36d5,0.14,,,,,,,,,,,,,,,,,,
warehouse_lot,54a52555-9309-41fe-8e37-bacbb90670c3,Example 500kW Z-Series,e79c043b-c3e3-4436-a4c1-0161629df975,Example 500kW Z-Series BOM,17.59,14.661601468430282,0.2,,2026-08-24,,,2026-08-24T15:28:39.594+00:00,,,,,,,,,,,,,,,,,,,,,,,materials,,e79c043b-c3e3-4436-a4c1-0161629df975,e48ca11c-290c-4e2b-a64c-f04c95cc740d,0.16,,,,,,,,,,,,,,,,,,
warehouse_lot,54a52555-9309-41fe-8e37-bacbb90670c3,Example 500kW Z-Series,b5c9bb4d-0fb8-4777-a9cf-1d58c595dd65,Example 500kW Z-Series BOM,5.14,4.28,0.2,,2026-08-24,,,2026-08-24T15:28:39.594+00:00,,,,,,,,,,,,,,,,,,,,,,,materials,,b5c9bb4d-0fb8-4777-a9cf-1d58c595dd65,3da2b27f-8f6c-40e3-80aa-0d2e92536851,2,,,,,,,,,,,,,,,,,,
warehouse_lot,54a52555-9309-41fe-8e37-bacbb90670c3,Example 500kW Z-Series,e1b4cb76-2d53-437e-93fd-d17738bc23f8,Example 500kW Z-Series BOM,1.55,1.2884555406144707,0.2,,2026-08-24,,,2026-08-24T15:28:39.594+00:00,,,,,,,,,,,,,,,,,,,,,,,materials,,e1b4cb76-2d53-437e-93fd-d17738bc23f8,811cde5b-d05b-4f90-934b-abc6549e5bb0,2,,,,,,,,,,,,,,,,,,
warehouse_lot,54a52555-9309-41fe-8e37-bacbb90670c3,Example 500kW Z-Series,83483540-4833-429a-8a5a-9fc592e665c4,Example 500kW Z-Series BOM,3,2.5,0.2,,2026-08-24,,,2026-08-24T15:28:39.594+00:00,,,,,,,,,,,,,,,,,,,,,,,materials,,83483540-4833-429a-8a5a-9fc592e665c4,204240f1-daea-4159-a491-3de19c211822,4,,,,,,,,,,,,,,,,,,
warehouse_lot,54a52555-9309-41fe-8e37-bacbb90670c3,Example 500kW Z-Series,4654695e-7879-4a0c-8289-8162e610f40b,Example 500kW Z-Series BOM,94.92,79.096854021055,0.2,,2026-08-24,,,2026-08-24T15:28:39.594+00:00,,,,,,,,,,,,,,,,,,,,,,,materials,,4654695e-7879-4a0c-8289-8162e610f40b,d9c77e15-eba4-485a-b2d3-2acff3fc9bcb,0.15,,,,,,,,,,,,,,,,,,
warehouse_lot,54a52555-9309-41fe-8e37-bacbb90670c3,Example 500kW Z-Series,12c17fbb-2c0e-495c-b88f-84bdda4d5645,Example 500kW Z-Series BOM,7.22,6.017905441679491,0.2,,2026-08-24,,,2026-08-24T15:28:39.594+00:00,,,,,,,,,,,,,,,,,,,,,,,materials,,12c17fbb-2c0e-495c-b88f-84bdda4d5645,4d3607b8-5121-492a-873d-6add498c69f2,15,,,,,,,,,,,,,,,,,,
warehouse_lot,54a52555-9309-41fe-8e37-bacbb90670c3,Example 500kW Z-Series,3a654562-7030-4655-af25-83e0a9bae323,Example 500kW Z-Series BOM,1.83,1.5236498059647312,0.2,,2026-08-24,,,2026-08-24T15:28:39.594+00:00,,,,,,,,,,,,,,,,,,,,,,,materials,,3a654562-7030-4655-af25-83e0a9bae323,a0ba57db-ef71-4c5d-8f05-9991b6cc6bb0,15,,,,,,,,,,,,,,,,,,
warehouse_lot,54a52555-9309-41fe-8e37-bacbb90670c3,Example 500kW Z-Series,679571a7-8ccf-4219-af0a-e9d0af65d0bf,Example 500kW Z-Series BOM,2.33,1.9377962297336682,0.2,,2026-08-24,,,2026-08-24T15:28:39.594+00:00,,,,,,,,,,,,,,,,,,,,,,,materials,,679571a7-8ccf-4219-af0a-e9d0af65d0bf,be38d600-7797-4664-84e4-60c140b688e7,15,,,,,,,,,,,,,,,,,,
warehouse_lot,54a52555-9309-41fe-8e37-bacbb90670c3,Example 500kW Z-Series,35210502-9518-46f8-a16b-f65c279f4598,Example 500kW Z-Series BOM,3.55,2.955267073314143,0.2,,2026-08-24,,,2026-08-24T15:28:39.594+00:00,,,,,,,,,,,,,,,,,,,,,,,materials,,35210502-9518-46f8-a16b-f65c279f4598,41665286-33f8-4c15-87d3-ca336a7b1024,2,,,,,,,,,,,,,,,,,,
warehouse_lot,54a52555-9309-41fe-8e37-bacbb90670c3,Example 500kW Z-Series,e4958153-530f-4532-aa47-292656cc85f7,Example 500kW Z-Series BOM,5.1,4.253948451552538,0.2,,2026-08-24,,,2026-08-24T15:28:39.594+00:00,,,,,,,,,,,,,,,,,,,,,,,materials,,e4958153-530f-4532-aa47-292656cc85f7,30b033ea-82d6-4adc-ac90-e3bc63300e7e,4.5,,,,,,,,,,,,,,,,,,
warehouse_lot,54a52555-9309-41fe-8e37-bacbb90670c3,Example 500kW Z-Series,8cbcd88f-20d9-4abd-a08c-eee1715e4c45,Example 500kW Z-Series BOM,5.98,4.985095841663131,0.2,,2026-08-24,,,2026-08-24T15:28:39.594+00:00,,,,,,,,,,,,,,,,,,,,,,,materials,,8cbcd88f-20d9-4abd-a08c-eee1715e4c45,14d885f4-3dcf-41df-bb04-acb0ad73c594,4,,,,,,,,,,,,,,,,,,
warehouse_lot,54a52555-9309-41fe-8e37-bacbb90670c3,Example 500kW Z-Series,1b0a3eba-ea7b-4d33-aa95-f9048671e845,Example 500kW Z-Series BOM,3.15,2.622927350536601,0.2,,2026-08-24,,,2026-08-24T15:28:39.594+00:00,,,,,,,,,,,,,,,,,,,,,,,materials,,1b0a3eba-ea7b-4d33-aa95-f9048671e845,b11408a5-71fe-479b-ad0b-d6fda69e1b01,2.91,,,,,,,,,,,,,,,,,,
warehouse_lot,54a52555-9309-41fe-8e37-bacbb90670c3,Example 500kW Z-Series,0ba5893b-d1d0-45a3-ba03-f238f476f91d,Example 500kW Z-Series BOM,1.34,1.1188999999999998,0.2,,2026-08-24,,,2026-08-24T15:28:39.594+00:00,,,,,,,,,,,,,,,,,,,,,,,materials,,0ba5893b-d1d0-45a3-ba03-f238f476f91d,0bae7e18-e8d0-4b2e-be67-67469ebf5be4,2,,,,,,,,,,,,,,,,,,
warehouse_lot,54a52555-9309-41fe-8e37-bacbb90670c3,Example 500kW Z-Series,f6c89f33-450a-4221-bbe0-16a743d7a890,Example 500kW Z-Series BOM,1.34,1.1188999999999998,0.2,,2026-08-24,,,2026-08-24T15:28:39.594+00:00,,,,,,,,,,,,,,,,,,,,,,,materials,,f6c89f33-450a-4221-bbe0-16a743d7a890,d6b48132-a327-483d-9407-e27dcda6ce18,3,,,,,,,,,,,,,,,,,,
warehouse_lot,54a52555-9309-41fe-8e37-bacbb90670c3,Example 500kW Z-Series,27fe9def-cd96-402e-9ea6-a583719c486e,Example 500kW Z-Series BOM,19.99,16.66,0.2,,2026-08-24,,,2026-08-24T15:28:39.594+00:00,,,,,,,,,,,,,,,,,,,,,,,materials,,27fe9def-cd96-402e-9ea6-a583719c486e,c51451a2-6e2e-4fff-b38e-cb89a81b13b5,1,,,,,,,,,,,,,,,,,,
warehouse_lot,54a52555-9309-41fe-8e37-bacbb90670c3,Example 500kW Z-Series,69c9aed0-3e77-4492-9b8c-bfd403fd9ffc,Example 500kW Z-Series BOM,165.66,138.048807922979,0.2,,2026-08-24,,,2026-08-24T15:28:39.594+00:00,,,,,,,,,,,,,,,,,,,,,,,materials,,69c9aed0-3e77-4492-9b8c-bfd403fd9ffc,e69e4f3d-71a2-4543-a053-35bcb27def28,1,,,,,,,,,,,,,,,,,,
warehouse_lot,54a52555-9309-41fe-8e37-bacbb90670c3,Example 500kW Z-Series,44e23bbb-36db-464a-9fdc-b7bcbe6bcf2c,Example 500kW Z-Series BOM,1056,880,0.2,,2026-08-24,,,2026-08-24T15:28:39.594+00:00,,,,,,,,,,,,,,,,,,,,,,,materials,,44e23bbb-36db-464a-9fdc-b7bcbe6bcf2c,eb7d6a5b-4aee-49e5-8253-e4bc93af021e,1,,,,,,,,,,,,,,,,,,
warehouse_lot,54a52555-9309-41fe-8e37-bacbb90670c3,Example 500kW Z-Series,f8e88ef7-b3b8-4666-b01e-477e9729a3ec,Example 500kW Z-Series BOM,105.6,88,0.2,,2026-08-24,,,2026-08-24T15:28:39.594+00:00,,,,,,,,,,,,,,,,,,,,,,,materials,,f8e88ef7-b3b8-4666-b01e-477e9729a3ec,ff5adc2d-e377-4084-84a8-d97d1e792898,1,,,,,,,,,,,,,,,,,,
warehouse_lot,54a52555-9309-41fe-8e37-bacbb90670c3,Example 500kW Z-Series,a904a3e7-02f1-47fe-8ef5-c83e8ee1de5c,Example 500kW Z-Series BOM,210.36,175.3,0.2,,2026-08-24,,,2026-08-24T15:28:39.594+00:00,,,,,,,,,,,,,,,,,,,,,,,materials,,a904a3e7-02f1-47fe-8ef5-c83e8ee1de5c,03ddbbd3-02ba-4af6-bb00-7d0cdbb80ce5,1,,,,,,,,,,,,,,,,,,
warehouse_lot,54a52555-9309-41fe-8e37-bacbb90670c3,Example 500kW Z-Series,fd35700a-cde7-48a2-b904-fc19e76bf795,Example 500kW Z-Series BOM,389.29,324.41,0.2,,2026-08-24,,,2026-08-24T15:28:39.594+00:00,,,,,,,,,,,,,,,,,,,,,,,materials,,fd35700a-cde7-48a2-b904-fc19e76bf795,5672da04-fbc2-4847-9c9a-d96b50420ce3,1,,,,,,,,,,,,,,,,,,
warehouse_lot,54a52555-9309-41fe-8e37-bacbb90670c3,Example 500kW Z-Series,7c45a931-cd4b-4b43-8e97-f84638190871,Example 500kW Z-Series BOM,181.2,150.9998312736792,0.2,,2026-08-24,,,2026-08-24T15:28:39.594+00:00,,,,,,,,,,,,,,,,,,,,,,,materials,,7c45a931-cd4b-4b43-8e97-f84638190871,078625da-4940-4ffd-a206-ccf80a98b9e8,1,,,,,,,,,,,,,,,,,,
warehouse_lot,54a52555-9309-41fe-8e37-bacbb90670c3,Example 500kW Z-Series,3f972bdd-75e1-4e23-9c89-c0ed310bd747,Example 500kW Z-Series BOM,162,135,0.2,,2026-08-24,,,2026-08-24T15:28:39.594+00:00,,,,,,,,,,,,,,,,,,,,,,,materials,,3f972bdd-75e1-4e23-9c89-c0ed310bd747,3f4320a3-351f-4d69-ac94-ef077d0bb9b1,1,,,,,,,,,,,,,,,,,,
warehouse_lot,54a52555-9309-41fe-8e37-bacbb90670c3,Example 500kW Z-Series,995cc181-e634-46e7-89f8-8600df8ab57f,Example 500kW Z-Series BOM,9.12,7.6,0.2,,2026-08-24,,,2026-08-24T15:28:39.594+00:00,,,,,,,,,,,,,,,,,,,,,,,materials,,995cc181-e634-46e7-89f8-8600df8ab57f,852ab9df-2924-4618-807e-e5c08a9405d9,0.1,,,,,,,,,,,,,,,,,,
warehouse_lot,54a52555-9309-41fe-8e37-bacbb90670c3,Example 500kW Z-Series,7c2e9372-059b-42e1-a2ec-04be2244fd01,Example 500kW Z-Series BOM,2.16,1.8,0.2,,2026-08-24,,,2026-08-24T15:28:39.594+00:00,,,,,,,,,,,,,,,,,,,,,,,materials,,7c2e9372-059b-42e1-a2ec-04be2244fd01,5548c218-2a68-439c-b4f5-3ba5e9b1f7f0,0.3,,,,,,,,,,,,,,,,,,
warehouse_lot,54a52555-9309-41fe-8e37-bacbb90670c3,Example 500kW Z-Series,f85c8f1c-0763-4d57-a6a7-f3500df447f4,Example 500kW Z-Series BOM,1.62,1.35,0.2,,2026-08-24,,,2026-08-24T15:28:39.594+00:00,,,,,,,,,,,,,,,,,,,,,,,materials,,f85c8f1c-0763-4d57-a6a7-f3500df447f4,954e842d-5e2d-42a0-b05a-93208e20cc47,0.2,,,,,,,,,,,,,,,,,,
warehouse_lot,54a52555-9309-41fe-8e37-bacbb90670c3,Example 500kW Z-Series,1108560f-a28c-4d95-a5d4-446158f55204,Example 500kW Z-Series BOM,9.77,8.144879667455761,0.2,,2026-08-24,,,2026-08-24T15:28:39.594+00:00,,,,,,,,,,,,,,,,,,,,,,,materials,,1108560f-a28c-4d95-a5d4-446158f55204,7c4f0621-817d-47b2-9564-e6d98b8c0e5e,95,,,,,,,,,,,,,,,,,,
warehouse_lot,54a52555-9309-41fe-8e37-bacbb90670c3,Example 500kW Z-Series,9411d9e9-1429-4033-932a-cb5820714507,Example 500kW Z-Series BOM,1.32,1.1,0.2,,2026-08-24,,,2026-08-24T15:28:39.594+00:00,,,,,,,,,,,,,,,,,,,,,,,materials,,9411d9e9-1429-4033-932a-cb5820714507,5fd02f62-648e-440e-9088-0ae10f88b6c4,80,,,,,,,,,,,,,,,,,,
warehouse_lot,54a52555-9309-41fe-8e37-bacbb90670c3,Example 500kW Z-Series,aee9ec18-df00-4411-812a-d88fcca34bdf,Example 500kW Z-Series BOM,0.94,0.7822765782302143,0.2,,2026-08-24,,,2026-08-24T15:28:39.594+00:00,,,,,,,,,,,,,,,,,,,,,,,materials,,aee9ec18-df00-4411-812a-d88fcca34bdf,8cbb17fa-88b0-465e-b559-1b3e3cb8a391,4,,,,,,,,,,,,,,,,,,
warehouse_lot,54a52555-9309-41fe-8e37-bacbb90670c3,Example 500kW Z-Series,1b77a1d4-c116-4c11-9ee9-b79790d049e9,Example 500kW Z-Series BOM,10.94,9.116334241728575,0.2,,2026-08-24,,,2026-08-24T15:28:39.594+00:00,,,,,,,,,,,,,,,,,,,,,,,materials,,1b77a1d4-c116-4c11-9ee9-b79790d049e9,60fd21aa-b7d2-4805-97da-681ddacad3f2,14,,,,,,,,,,,,,,,,,,
warehouse_lot,54a52555-9309-41fe-8e37-bacbb90670c3,Example 500kW Z-Series,e2598545-4564-41ef-9486-6a846f2c8b42,Example 500kW Z-Series BOM,21.6,18,0.2,,2026-08-24,,,2026-08-24T15:28:39.594+00:00,,,,,,,,,,,,,,,,,,,,,,,materials,,e2598545-4564-41ef-9486-6a846f2c8b42,d2019c36-d6c4-47ee-840d-b4253e883049,4,,,,,,,,,,,,,,,,,,
warehouse_lot,54a52555-9309-41fe-8e37-bacbb90670c3,Example 500kW Z-Series,4737b3e4-c084-4175-a906-888e848dab2d,Example 500kW Z-Series BOM,17.98,14.980852119049203,0.2,,2026-08-24,,,2026-08-24T15:28:39.594+00:00,,,,,,,,,,,,,,,,,,,,,,,materials,,4737b3e4-c084-4175-a906-888e848dab2d,b1a03bff-3a7e-4ac4-a719-10aa60e53dc6,4,,,,,,,,,,,,,,,,,,
warehouse_lot,54a52555-9309-41fe-8e37-bacbb90670c3,Example 500kW Z-Series,6c162491-e4e3-4700-9cf4-792f4a76524d,Example 500kW Z-Series BOM,14.15,11.790390780384797,0.2,,2026-08-24,,,2026-08-24T15:28:39.594+00:00,,,,,,,,,,,,,,,,,,,,,,,materials,,6c162491-e4e3-4700-9cf4-792f4a76524d,79209458-b388-421e-8238-632c08f429a6,2,,,,,,,,,,,,,,,,,,
warehouse_lot,54a52555-9309-41fe-8e37-bacbb90670c3,Example 500kW Z-Series,26527059-2591-4d10-9491-bc3f9a2dec3b,Example 500kW Z-Series BOM,79.76,66.46794455550841,0.2,,2026-08-24,,,2026-08-24T15:28:39.594+00:00,,,,,,,,,,,,,,,,,,,,,,,materials,,26527059-2591-4d10-9491-bc3f9a2dec3b,79e0e8bd-31ed-45bd-bb7b-6eec208f6708,4,,,,,,,,,,,,,,,,,,
warehouse_lot,54a52555-9309-41fe-8e37-bacbb90670c3,Example 500kW Z-Series,ce6b5bd0-ae2d-42e6-9f34-6017adfca240,Example 500kW Z-Series BOM,2975.72,2479.76562380166,0.2,,2026-08-24,,,2026-08-24T15:28:39.594+00:00,,,,,,,,,,,,,,,,,,,,,,,materials,,ce6b5bd0-ae2d-42e6-9f34-6017adfca240,eb8398f5-f5be-4048-bba0-38ca8cb6ae1a,2,,,,,,,,,,,,,,,,,,
warehouse_lot,54a52555-9309-41fe-8e37-bacbb90670c3,Example 500kW Z-Series,7898459e-26f4-47f6-a625-cc1400d93b69,Example 500kW Z-Series BOM,312.91,260.7588594100714,0.2,,2026-08-24,,,2026-08-24T15:28:39.594+00:00,,,,,,,,,,,,,,,,,,,,,,,materials,,7898459e-26f4-47f6-a625-cc1400d93b69,75c69461-66a8-4d80-9045-e168e1629ee8,4,,,,,,,,,,,,,,,,,,
warehouse_lot,54a52555-9309-41fe-8e37-bacbb90670c3,Example 500kW Z-Series,9b0134ef-eee4-4bbf-ac0a-5ca7054b9bb0,Example 500kW Z-Series BOM,0.35,0.29479999999999995,0.2,,2026-08-24,,,2026-08-24T15:28:39.594+00:00,,,,,,,,,,,,,,,,,,,,,,,materials,,9b0134ef-eee4-4bbf-ac0a-5ca7054b9bb0,30eb129e-42f4-4147-b3a8-17f28ddf036b,3,,,,,,,,,,,,,,,,,,
warehouse_lot,54a52555-9309-41fe-8e37-bacbb90670c3,Example 500kW Z-Series,63752aa0-18b2-4ae6-9f43-76bd5d7b2c3a,Example 500kW Z-Series BOM,0.45,0.37896954234263713,0.2,,2026-08-24,,,2026-08-24T15:28:39.594+00:00,,,,,,,,,,,,,,,,,,,,,,,materials,,63752aa0-18b2-4ae6-9f43-76bd5d7b2c3a,d8097011-fef5-4d13-ac36-47026dd0fc6b,16,,,,,,,,,,,,,,,,,,
warehouse_lot,54a52555-9309-41fe-8e37-bacbb90670c3,Example 500kW Z-Series,5c712656-1c8d-4799-9e11-d4d0a0d88854,Example 500kW Z-Series BOM,92.04,76.7,0.2,,2026-08-24,,,2026-08-24T15:28:39.594+00:00,,,,,,,,,,,,,,,,,,,,,,,materials,,5c712656-1c8d-4799-9e11-d4d0a0d88854,83e20221-6e20-447d-8006-064b195ad99f,1,,,,,,,,,,,,,,,,,,
warehouse_lot,54a52555-9309-41fe-8e37-bacbb90670c3,Example 500kW Z-Series,b24a7ae2-f3f6-42f2-87a4-357db32b513f,Example 500kW Z-Series BOM,4.34,3.618,0.2,,2026-08-24,,,2026-08-24T15:28:39.594+00:00,,,,,,,,,,,,,,,,,,,,,,,materials,,b24a7ae2-f3f6-42f2-87a4-357db32b513f,65f254d6-8f2f-40c0-ae36-87f118706ecd,4,,,,,,,,,,,,,,,,,,
warehouse_lot,54a52555-9309-41fe-8e37-bacbb90670c3,Example 500kW Z-Series,cb03ff21-f42a-429b-9764-d36320b2a7d5,Example 500kW Z-Series BOM,5.57,4.6376,0.2,,2026-08-24,,,2026-08-24T15:28:39.594+00:00,,,,,,,,,,,,,,,,,,,,,,,materials,,cb03ff21-f42a-429b-9764-d36320b2a7d5,2481fc9c-8879-4f19-88a1-38043c86de48,4,,,,,,,,,,,,,,,,,,
warehouse_lot,54a52555-9309-41fe-8e37-bacbb90670c3,Example 500kW Z-Series,6aa2da2b-754a-468e-9962-42e9e09858e5,Example 500kW Z-Series BOM,9.72,8.098799999999999,0.2,,2026-08-24,,,2026-08-24T15:28:39.594+00:00,,,,,,,,,,,,,,,,,,,,,,,materials,,6aa2da2b-754a-468e-9962-42e9e09858e5,568c5c0f-31ba-4072-9f31-af76e22242c8,4,,,,,,,,,,,,,,,,,,
warehouse_lot,54a52555-9309-41fe-8e37-bacbb90670c3,Example 500kW Z-Series,36cc8a97-2d32-4b6f-b75f-c45e65416813,Example 500kW Z-Series BOM,0.62,0.5158999999999999,0.2,,2026-08-24,,,2026-08-24T15:28:39.594+00:00,,,,,,,,,,,,,,,,,,,,,,,materials,,36cc8a97-2d32-4b6f-b75f-c45e65416813,69702cd1-13c6-4f95-ac52-11f298f09c53,2,,,,,,,,,,,,,,,,,,
warehouse_lot,54a52555-9309-41fe-8e37-bacbb90670c3,Example 500kW Z-Series,a8fae6f7-00f1-43a4-91f5-2ce157068bea,Example 500kW Z-Series BOM,1.34,1.1188999999999998,0.2,,2026-08-24,,,2026-08-24T15:28:39.594+00:00,,,,,,,,,,,,,,,,,,,,,,,materials,,a8fae6f7-00f1-43a4-91f5-2ce157068bea,0ca97eed-1222-4886-9dd9-34fe4b9165c6,2,,,,,,,,,,,,,,,,,,
warehouse_lot,54a52555-9309-41fe-8e37-bacbb90670c3,Example 500kW Z-Series,92cf7abf-cc19-45f7-9d89-635fd75845b7,Example 500kW Z-Series BOM,1.34,1.1188999999999998,0.2,,2026-08-24,,,2026-08-24T15:28:39.594+00:00,,,,,,,,,,,,,,,,,,,,,,,materials,,92cf7abf-cc19-45f7-9d89-635fd75845b7,9d4f2663-9b5b-42b7-8a94-78d873294624,2,,,,,,,,,,,,,,,,,,
warehouse_lot,54a52555-9309-41fe-8e37-bacbb90670c3,Example 500kW Z-Series,75afe89b-9b3d-4f12-baff-acb95d957827,Example 500kW Z-Series BOM,102.26,85.22,0.2,,2026-08-24,,,2026-08-24T15:28:39.594+00:00,,,,,,,,,,,,,,,,,,,,,,,materials,,75afe89b-9b3d-4f12-baff-acb95d957827,ab3960ec-d36a-47ad-bd91-d6aa3c102f74,1,,,,,,,,,,,,,,,,,,
warehouse_lot,54a52555-9309-41fe-8e37-bacbb90670c3,Example 500kW Z-Series,1689641b-50fe-4116-a0c0-671cef41affe,Example 500kW Z-Series BOM,0.33,0.27469999999999994,0.2,,2026-08-24,,,2026-08-24T15:28:39.594+00:00,,,,,,,,,,,,,,,,,,,,,,,materials,,1689641b-50fe-4116-a0c0-671cef41affe,f2a3f709-25cb-46d6-8a9c-c1b56b8acc3c,30,,,,,,,,,,,,,,,,,,
warehouse_lot,54a52555-9309-41fe-8e37-bacbb90670c3,Example 500kW Z-Series,26040e2d-363a-4485-be2f-d8e68a5548c1,Example 500kW Z-Series BOM,12.59,10.492199999999999,0.2,,2026-08-24,,,2026-08-24T15:28:39.594+00:00,,,,,,,,,,,,,,,,,,,,,,,materials,,26040e2d-363a-4485-be2f-d8e68a5548c1,08382b58-d57e-4fab-9da6-c0d1b0841109,1,,,,,,,,,,,,,,,,,,
warehouse_lot,54a52555-9309-41fe-8e37-bacbb90670c3,Example 500kW Z-Series,8be47906-d9e3-4f56-bf7d-373903bf70f1,Example 500kW Z-Series BOM,12.59,10.492199999999999,0.2,,2026-08-24,,,2026-08-24T15:28:39.594+00:00,,,,,,,,,,,,,,,,,,,,,,,materials,,8be47906-d9e3-4f56-bf7d-373903bf70f1,345a58fc-69f4-47e2-9729-b9f17997966a,1,,,,,,,,,,,,,,,,,,
warehouse_lot,54a52555-9309-41fe-8e37-bacbb90670c3,Example 500kW Z-Series,26ed4daf-bf85-4e11-8e4d-784f257fff5f,Example 500kW Z-Series BOM,12.81,10.673099999999998,0.2,,2026-08-24,,,2026-08-24T15:28:39.594+00:00,,,,,,,,,,,,,,,,,,,,,,,materials,,26ed4daf-bf85-4e11-8e4d-784f257fff5f,c27b080e-c642-4d51-b80c-f3c8e5f5c557,1,,,,,,,,,,,,,,,,,,
warehouse_lot,54a52555-9309-41fe-8e37-bacbb90670c3,Example 500kW Z-Series,97c4628d-629a-4e64-929b-cb0aae27edfa,Example 500kW Z-Series BOM,17.61,14.672999999999998,0.2,,2026-08-24,,,2026-08-24T15:28:39.594+00:00,,,,,,,,,,,,,,,,,,,,,,,materials,,97c4628d-629a-4e64-929b-cb0aae27edfa,d47fd2ae-73b6-47de-97bd-e2c570c0c6ae,1,,,,,,,,,,,,,,,,,,
warehouse_lot,54a52555-9309-41fe-8e37-bacbb90670c3,Example 500kW Z-Series,f9c211e6-0b40-499e-a1d1-98fe2444c813,Example 500kW Z-Series BOM,1.11,0.9245999999999999,0.2,,2026-08-24,,,2026-08-24T15:28:39.594+00:00,,,,,,,,,,,,,,,,,,,,,,,materials,,f9c211e6-0b40-499e-a1d1-98fe2444c813,b7f8652e-145e-4e96-bde9-e7f5e2204818,3,,,,,,,,,,,,,,,,,,
warehouse_lot,54a52555-9309-41fe-8e37-bacbb90670c3,Example 500kW Z-Series,ef87b81e-867e-46c8-9d6f-01fa1a8c6bd1,Example 500kW Z-Series BOM,1.34,1.1188999999999998,0.2,,2026-08-24,,,2026-08-24T15:28:39.594+00:00,,,,,,,,,,,,,,,,,,,,,,,materials,,ef87b81e-867e-46c8-9d6f-01fa1a8c6bd1,94c1c552-9276-48e3-98ee-6c9fe9dba0d9,2,,,,,,,,,,,,,,,,,,
warehouse_lot,54a52555-9309-41fe-8e37-bacbb90670c3,Example 500kW Z-Series,2a3f0378-7437-4719-82a8-8fb5aa95f676,Example 500kW Z-Series BOM,3156,2630,0.2,,2026-08-24,,,2026-08-24T15:28:39.594+00:00,,,,,,,,,,,,,,,,,,,,,,,materials,,2a3f0378-7437-4719-82a8-8fb5aa95f676,837acd93-68da-4b89-89c1-0a387d2dd526,1,,,,,,,,,,,,,,,,,,
warehouse_lot,54a52555-9309-41fe-8e37-bacbb90670c3,Example 500kW Z-Series,f9183219-837e-4e03-aaeb-d2d462bf6550,Example 500kW Z-Series BOM,0,0,0.2,,2026-08-24,,,2026-08-24T15:28:39.594+00:00,,,,,,,,,,,,,,,,,,,,,,,materials,,f9183219-837e-4e03-aaeb-d2d462bf6550,5c65debd-9bb4-45bb-83bc-a4129c5a125b,2,,,,,,,,,,,,,,,,,,
warehouse_lot,54a52555-9309-41fe-8e37-bacbb90670c3,Example 500kW Z-Series,26baca76-783b-4c66-8d5f-12d605bee202,Example 500kW Z-Series BOM,1.39,1.1590999999999998,0.2,,2026-08-24,,,2026-08-24T15:28:39.594+00:00,,,,,,,,,,,,,,,,,,,,,,,materials,,26baca76-783b-4c66-8d5f-12d605bee202,99bc1e60-ede7-4ffa-ad0b-cf94ca461e3a,75,,,,,,,,,,,,,,,,,,
warehouse_lot,54a52555-9309-41fe-8e37-bacbb90670c3,Example 500kW Z-Series,f527c755-6116-44ce-887e-6b6099ffb641,Example 500kW Z-Series BOM,1.93,1.6079999999999999,0.2,,2026-08-24,,,2026-08-24T15:28:39.594+00:00,,,,,,,,,,,,,,,,,,,,,,,materials,,f527c755-6116-44ce-887e-6b6099ffb641,7633e5aa-be1e-43d1-82ed-2c2ae251d0e1,20,,,,,,,,,,,,,,,,,,
warehouse_lot,54a52555-9309-41fe-8e37-bacbb90670c3,Example 500kW Z-Series,19c5c524-6597-41cb-961e-8a9a0488e4f7,Example 500kW Z-Series BOM,4.82,4.0156864349151,0.2,,2026-08-24,,,2026-08-24T15:28:39.594+00:00,,,,,,,,,,,,,,,,,,,,,,,materials,,19c5c524-6597-41cb-961e-8a9a0488e4f7,0746fd41-3d11-4bc0-b3c9-8c94e3cd02b2,20,,,,,,,,,,,,,,,,,,
warehouse_lot,54a52555-9309-41fe-8e37-bacbb90670c3,Example 500kW Z-Series,caebf93a-9b54-4e9b-a1a9-063dde32074d,Example 500kW Z-Series BOM,146.33,121.94311366529811,0.2,,2026-08-24,,,2026-08-24T15:28:39.594+00:00,,,,,,,,,,,,,,,,,,,,,,,materials,,caebf93a-9b54-4e9b-a1a9-063dde32074d,7c80adbf-a6d1-4a97-adcb-e872795c4549,1,,,,,,,,,,,,,,,,,,
warehouse_lot,54a52555-9309-41fe-8e37-bacbb90670c3,Example 500kW Z-Series,568eac1a-a342-4948-8dea-f7dd776a4aa6,Example 500kW Z-Series BOM,0,0,0.2,,2026-08-24,,,2026-08-24T15:28:39.594+00:00,,,,,,,,,,,,,,,,,,,,,,,materials,,568eac1a-a342-4948-8dea-f7dd776a4aa6,17f9b2ad-3924-4039-9767-c2025278f01a,1,,,,,,,,,,,,,,,,,,
warehouse_lot,54a52555-9309-41fe-8e37-bacbb90670c3,Example 500kW Z-Series,ed44361f-abd4-4b85-b41e-0ca99c44384a,Example 500kW Z-Series BOM,24.78,20.649399999999996,0.2,,2026-08-24,,,2026-08-24T15:28:39.594+00:00,,,,,,,,,,,,,,,,,,,,,,,materials,,ed44361f-abd4-4b85-b41e-0ca99c44384a,a3dc743b-372e-4ea6-9563-b90b4ed2d38e,1,,,,,,,,,,,,,,,,,,
warehouse_lot,54a52555-9309-41fe-8e37-bacbb90670c3,Example 500kW Z-Series,34ed8135-031e-4bbc-98d8-a69604ceb293,Example 500kW Z-Series BOM,42.24,35.2018,0.2,,2026-08-24,,,2026-08-24T15:28:39.594+00:00,,,,,,,,,,,,,,,,,,,,,,,materials,,34ed8135-031e-4bbc-98d8-a69604ceb293,37cda14e-cd9c-4759-a414-0b9dd01be745,1,,,,,,,,,,,,,,,,,,
warehouse_lot,54a52555-9309-41fe-8e37-bacbb90670c3,Example 500kW Z-Series,35950c9d-1903-4d69-985f-216fa18ea90c,Example 500kW Z-Series BOM,21.31,17.755,0.2,,2026-08-24,,,2026-08-24T15:28:39.594+00:00,,,,,,,,,,,,,,,,,,,,,,,materials,,35950c9d-1903-4d69-985f-216fa18ea90c,efbcd002-5226-49fc-a92b-81e72c4ddce1,1,,,,,,,,,,,,,,,,,,
warehouse_lot,54a52555-9309-41fe-8e37-bacbb90670c3,Example 500kW Z-Series,4b4aace0-7a16-4104-97ea-bd980e3c54b3,Example 500kW Z-Series BOM,110.44,92.03253861531933,0.2,,2026-08-24,,,2026-08-24T15:28:39.594+00:00,,,,,,,,,,,,,,,,,,,,,,,materials,,4b4aace0-7a16-4104-97ea-bd980e3c54b3,498ecd79-fe0d-4b8c-a20d-28cc52346636,4,,,,,,,,,,,,,,,,,,
warehouse_lot,54a52555-9309-41fe-8e37-bacbb90670c3,Example 500kW Z-Series,a1316367-d7a1-4080-9529-a3ffb08beada,Example 500kW Z-Series BOM,2.22,1.8503653180491146,0.2,,2026-08-24,,,2026-08-24T15:28:39.594+00:00,,,,,,,,,,,,,,,,,,,,,,,materials,,a1316367-d7a1-4080-9529-a3ffb08beada,344441e7-a46a-4549-8d8e-2fdb04a886cc,20,,,,,,,,,,,,,,,,,,
warehouse_lot,54a52555-9309-41fe-8e37-bacbb90670c3,Example 500kW Z-Series,96b4796e-7d05-4d79-88d9-9796e421a355,Example 500kW Z-Series BOM,76.83,64.02199999999999,0.2,,2026-08-24,,,2026-08-24T15:28:39.594+00:00,,,,,,,,,,,,,,,,,,,,,,,materials,,96b4796e-7d05-4d79-88d9-9796e421a355,830949f9-4e0d-4b7c-a37e-734289e10cdf,2,,,,,,,,,,,,,,,,,,
warehouse_lot,54a52555-9309-41fe-8e37-bacbb90670c3,Example 500kW Z-Series,0c348bb7-f397-4429-8336-56e910144973,Example 500kW Z-Series BOM,2095.49,1746.2399999999998,0.2,,2026-08-24,,,2026-08-24T15:28:39.594+00:00,,,,,,,,,,,,,,,,,,,,,,,materials,,0c348bb7-f397-4429-8336-56e910144973,751b15e0-44a5-41e2-9286-fe9369dbbbe8,1,,,,,,,,,,,,,,,,,,
warehouse_lot,54a52555-9309-41fe-8e37-bacbb90670c3,Example 500kW Z-Series,a31a735a-cb0a-4c5e-8831-0f7fca56b96c,Example 500kW Z-Series BOM,2095.49,1746.2399999999998,0.2,,2026-08-24,,,2026-08-24T15:28:39.594+00:00,,,,,,,,,,,,,,,,,,,,,,,materials,,a31a735a-cb0a-4c5e-8831-0f7fca56b96c,751b15e0-44a5-41e2-9286-fe9369dbbbe8,1,,,,,,,,,,,,,,,,,,
warehouse_lot,54a52555-9309-41fe-8e37-bacbb90670c3,Example 500kW Z-Series,c1be7cbb-87e9-4371-b8a7-71a57f12cfd5,Example 500kW Z-Series BOM,95.1,79.25,0.2,,2026-08-24,,,2026-08-24T15:28:39.594+00:00,,,,,,,,,,,,,,,,,,,,,,,materials,,c1be7cbb-87e9-4371-b8a7-71a57f12cfd5,37a03c3d-4ea8-4915-95da-328673d59011,2,,,,,,,,,,,,,,,,,,
warehouse_lot,54a52555-9309-41fe-8e37-bacbb90670c3,Example 500kW Z-Series,43bc3ed7-b462-483b-8fec-91704c0cd455,Example 500kW Z-Series BOM,11.75,9.79,0.2,,2026-08-24,,,2026-08-24T15:28:39.594+00:00,,,,,,,,,,,,,,,,,,,,,,,materials,,43bc3ed7-b462-483b-8fec-91704c0cd455,0c5512c3-3d30-4011-ad01-ac4296c59567,2,,,,,,,,,,,,,,,,,,
warehouse_lot,54a52555-9309-41fe-8e37-bacbb90670c3,Example 500kW Z-Series,d11a5067-b0b3-46eb-a4ec-e65e0f028c53,Example 500kW Z-Series BOM,12.04,10.03,0.2,,2026-08-24,,,2026-08-24T15:28:39.594+00:00,,,,,,,,,,,,,,,,,,,,,,,materials,,d11a5067-b0b3-46eb-a4ec-e65e0f028c53,be74bc2b-a2b6-4006-b464-ce3d692fe572,9,,,,,,,,,,,,,,,,,,
warehouse_lot,54a52555-9309-41fe-8e37-bacbb90670c3,Example 500kW Z-Series,ee9f2791-352c-411c-8898-b5ac64a2e5a1,Example 500kW Z-Series BOM,2.4,2,0.2,,2026-08-24,,,2026-08-24T15:28:39.594+00:00,,,,,,,,,,,,,,,,,,,,,,,materials,,ee9f2791-352c-411c-8898-b5ac64a2e5a1,f2184cd2-f5a4-4152-814f-7086b9b20fe0,6,,,,,,,,,,,,,,,,,,
warehouse_lot,54a52555-9309-41fe-8e37-bacbb90670c3,Example 500kW Z-Series,e9d55a15-8bdb-4483-9cab-db71751637dd,Example 500kW Z-Series BOM,161.98,134.98,0.2,,2026-08-24,,,2026-08-24T15:28:39.594+00:00,,,,,,,,,,,,,,,,,,,,,,,materials,,e9d55a15-8bdb-4483-9cab-db71751637dd,220f714a-5902-4eb4-935d-097fc57a9a47,6,,,,,,,,,,,,,,,,,,
warehouse_lot,54a52555-9309-41fe-8e37-bacbb90670c3,Example 500kW Z-Series,b56a6491-d6fb-4a09-b89e-8d1e3c9fde19,Example 500kW Z-Series BOM,6.87,5.7213561505856845,0.2,,2026-08-24,,,2026-08-24T15:28:39.594+00:00,,,,,,,,,,,,,,,,,,,,,,,materials,,b56a6491-d6fb-4a09-b89e-8d1e3c9fde19,1cd3e5b3-a85b-4d43-bf9f-aebb5d307c0f,1.01,,,,,,,,,,,,,,,,,,
warehouse_lot,54a52555-9309-41fe-8e37-bacbb90670c3,Example 500kW Z-Series,c7f04efc-81fc-41ab-903c-7bd2b32f52e8,Example 500kW Z-Series BOM,20.09,16.739696190364196,0.2,,2026-08-24,,,2026-08-24T15:28:39.594+00:00,,,,,,,,,,,,,,,,,,,,,,,materials,,c7f04efc-81fc-41ab-903c-7bd2b32f52e8,6ac31b3e-e235-4998-a531-4fa1cf4afa5c,1,,,,,,,,,,,,,,,,,,
warehouse_lot,54a52555-9309-41fe-8e37-bacbb90670c3,Example 500kW Z-Series,12400d2b-d1b0-4ca1-8ebd-e477f3961449,Example 500kW Z-Series BOM,10.69,8.906704570438126,0.2,,2026-08-24,,,2026-08-24T15:28:39.594+00:00,,,,,,,,,,,,,,,,,,,,,,,materials,,12400d2b-d1b0-4ca1-8ebd-e477f3961449,a2288bbb-7307-468f-b046-9cfe5c4cce5c,3,,,,,,,,,,,,,,,,,,
warehouse_lot,54a52555-9309-41fe-8e37-bacbb90670c3,Example 500kW Z-Series,df389634-3908-4a78-9f3f-aaa3f55d2396,Example 500kW Z-Series BOM,2.52,2.101409631716458,0.2,,2026-08-24,,,2026-08-24T15:28:39.594+00:00,,,,,,,,,,,,,,,,,,,,,,,materials,,df389634-3908-4a78-9f3f-aaa3f55d2396,c0f0f3e1-ee66-4b99-ac9f-f04b249e76ff,3,,,,,,,,,,,,,,,,,,
warehouse_lot,54a52555-9309-41fe-8e37-bacbb90670c3,Example 500kW Z-Series,85c1f60e-5900-471e-b00b-cde474dbf702,Example 500kW Z-Series BOM,0.1,0.08180670099139496,0.2,,2026-08-24,,,2026-08-24T15:28:39.594+00:00,,,,,,,,,,,,,,,,,,,,,,,materials,,85c1f60e-5900-471e-b00b-cde474dbf702,48b19f91-3fa4-47e0-a922-543eed2c7c14,50,,,,,,,,,,,,,,,,,,
warehouse_lot,54a52555-9309-41fe-8e37-bacbb90670c3,Example 500kW Z-Series,8adf53a0-2223-4117-aec6-6f8ddd0d530a,Example 500kW Z-Series BOM,7476,6230,0.2,,2026-08-24,,,2026-08-24T15:28:39.594+00:00,,,,,,,,,,,,,,,,,,,,,,,materials,,8adf53a0-2223-4117-aec6-6f8ddd0d530a,8fb738fe-493d-479d-a411-d5ba73ef2102,1,,,,,,,,,,,,,,,,,,
warehouse_lot,54a52555-9309-41fe-8e37-bacbb90670c3,Example 500kW Z-Series,e6e7ed6c-465d-4a84-9253-1a944174a582,Example 500kW Z-Series BOM,420,350,0.2,,2026-08-24,,,2026-08-24T15:28:39.594+00:00,,,,,,,,,,,,,,,,,,,,,,,materials,,e6e7ed6c-465d-4a84-9253-1a944174a582,bc32f0c8-7c6a-4609-a48e-d51b6b337ecc,1,,,,,,,,,,,,,,,,,,
warehouse_lot,54a52555-9309-41fe-8e37-bacbb90670c3,Example 500kW Z-Series,0a23bbd2-d74d-48b6-9fe1-f588bcf7d2cb,Example 500kW Z-Series BOM,744.58,620.48,0.2,,2026-08-24,,,2026-08-24T15:28:39.594+00:00,,,,,,,,,,,,,,,,,,,,,,,materials,,0a23bbd2-d74d-48b6-9fe1-f588bcf7d2cb,bc6257b9-655f-462c-98b6-f962ac8f57ad,1,,,,,,,,,,,,,,,,,,
warehouse_lot,54a52555-9309-41fe-8e37-bacbb90670c3,Example 500kW Z-Series,b49836f3-134c-4d36-8fbd-c2d1977995cb,Example 500kW Z-Series BOM,29.4,24.5,0.2,,2026-08-24,,,2026-08-24T15:28:39.594+00:00,,,,,,,,,,,,,,,,,,,,,,,materials,,b49836f3-134c-4d36-8fbd-c2d1977995cb,631d91f3-421b-4aae-85d6-400d95bc2c3b,1,,,,,,,,,,,,,,,,,,
warehouse_lot,54a52555-9309-41fe-8e37-bacbb90670c3,Example 500kW Z-Series,2edee316-9d16-44c6-953a-52c09d103f95,Example 500kW Z-Series BOM,48,40,0.2,,2026-08-24,,,2026-08-24T15:28:39.594+00:00,,,,,,,,,,,,,,,,,,,,,,,materials,,2edee316-9d16-44c6-953a-52c09d103f95,7796f3cd-9152-41df-b42a-204704d5a29d,1,,,,,,,,,,,,,,,,,,
warehouse_lot,54a52555-9309-41fe-8e37-bacbb90670c3,Example 500kW Z-Series,5dc83b5c-9a25-4941-a789-d93a022b706f,Example 500kW Z-Series BOM,4233.5,3527.9139802539075,0.2,,2026-08-24,,,2026-08-24T15:28:39.594+00:00,,,,,,,,,,,,,,,,,,,,,,,materials,,5dc83b5c-9a25-4941-a789-d93a022b706f,d566549d-ac1c-4e31-8b41-fdb0381a5ddd,1,,,,,,,,,,,,,,,,,,
warehouse_lot,54a52555-9309-41fe-8e37-bacbb90670c3,Example 500kW Z-Series,b2b71d3d-6b04-44d1-a327-a73afd516ec9,Example 500kW Z-Series BOM,128.99,107.491448643287,0.2,,2026-08-24,,,2026-08-24T15:28:39.594+00:00,,,,,,,,,,,,,,,,,,,,,,,materials,,b2b71d3d-6b04-44d1-a327-a73afd516ec9,9bddec8a-84df-45d3-95a2-dc4c6c3dbdc2,4,,,,,,,,,,,,,,,,,,
warehouse_lot,54a52555-9309-41fe-8e37-bacbb90670c3,Example 500kW Z-Series,2a390461-7ff7-4718-929e-267ce4aeb140,Example 500kW Z-Series BOM,516,429.99647208601976,0.2,,2026-08-24,,,2026-08-24T15:28:39.594+00:00,,,,,,,,,,,,,,,,,,,,,,,materials,,2a390461-7ff7-4718-929e-267ce4aeb140,df515f3f-9556-4a7d-87fa-1ffaf908c86a,2,,,,,,,,,,,,,,,,,,
warehouse_lot,54a52555-9309-41fe-8e37-bacbb90670c3,Example 500kW Z-Series,a1616029-b55d-49bd-a5bb-d62597478216,Example 500kW Z-Series BOM,936,780.0013293588911,0.2,,2026-08-24,,,2026-08-24T15:28:39.594+00:00,,,,,,,,,,,,,,,,,,,,,,,materials,,a1616029-b55d-49bd-a5bb-d62597478216,5badb81b-9bb4-4aab-901b-1b24d21d636d,4,,,,,,,,,,,,,,,,,,
warehouse_lot,54a52555-9309-41fe-8e37-bacbb90670c3,Example 500kW Z-Series,40e63541-2b14-4301-a057-ee4f98215e13,Example 500kW Z-Series BOM,7292.97,6077.470945838852,0.2,,2026-08-24,,,2026-08-24T15:28:39.594+00:00,,,,,,,,,,,,,,,,,,,,,,,materials,,40e63541-2b14-4301-a057-ee4f98215e13,980e19d6-c05b-428e-96c1-ed1d67f67e3d,1,,,,,,,,,,,,,,,,,,
warehouse_lot,54a52555-9309-41fe-8e37-bacbb90670c3,Example 500kW Z-Series,b0905e3a-cd9a-4f7b-8af8-2b3ca1b977e7,Example 500kW Z-Series BOM,5559.37,4632.81,0.2,,2026-08-24,,,2026-08-24T15:28:39.594+00:00,,,,,,,,,,,,,,,,,,,,,,,materials,,b0905e3a-cd9a-4f7b-8af8-2b3ca1b977e7,980e19d6-c05b-428e-96c1-ed1d67f67e3d,1,,,,,,,,,,,,,,,,,,
warehouse_lot,54a52555-9309-41fe-8e37-bacbb90670c3,Example 500kW Z-Series,a8caa336-c181-4459-9d0d-22aee6f82ef4,Example 500kW Z-Series BOM,9.2,7.669378217943278,0.2,,2026-08-24,,,2026-08-24T15:28:39.594+00:00,,,,,,,,,,,,,,,,,,,,,,,materials,,a8caa336-c181-4459-9d0d-22aee6f82ef4,ccc65c17-8284-4992-96c5-b89a452c6e48,450,,,,,,,,,,,,,,,,,,
warehouse_lot,54a52555-9309-41fe-8e37-bacbb90670c3,Example 500kW Z-Series,a4c774c3-41af-43fe-813a-27aa6c369403,Example 500kW Z-Series BOM,2.11,1.759,0.2,,2026-08-24,,,2026-08-24T15:28:39.594+00:00,,,,,,,,,,,,,,,,,,,,,,,materials,,a4c774c3-41af-43fe-813a-27aa6c369403,2928cafc-2fd3-4da8-8498-d2c228c7dc33,25,,,,,,,,,,,,,,,,,,
warehouse_lot,54a52555-9309-41fe-8e37-bacbb90670c3,Example 500kW Z-Series,7cebb0e3-a0f5-46de-8c3b-0f580630adf1,Example 500kW Z-Series BOM,24.54,20.45,0.2,,2026-08-24,,,2026-08-24T15:28:39.594+00:00,,,,,,,,,,,,,,,,,,,,,,,materials,,7cebb0e3-a0f5-46de-8c3b-0f580630adf1,b4422d08-48c9-4e45-a4f1-ff34c2720160,1,,,,,,,,,,,,,,,,,,
warehouse_lot,54a52555-9309-41fe-8e37-bacbb90670c3,Example 500kW Z-Series,bc6668ba-bb5f-4e0d-9bf9-1e36fe52e78f,Example 500kW Z-Series BOM,212.29,176.9069908938916,0.2,,2026-08-24,,,2026-08-24T15:28:39.594+00:00,,,,,,,,,,,,,,,,,,,,,,,materials,,bc6668ba-bb5f-4e0d-9bf9-1e36fe52e78f,1ac544b4-4f97-448f-92a4-877733e01acd,10,,,,,,,,,,,,,,,,,,
warehouse_lot,54a52555-9309-41fe-8e37-bacbb90670c3,Example 500kW Z-Series,229ff050-8c36-443b-bd9b-d54cbce254a1,Example 500kW Z-Series BOM,19.94,16.616986138877103,0.2,,2026-08-24,,,2026-08-24T15:28:39.594+00:00,,,,,,,,,,,,,,,,,,,,,,,materials,,229ff050-8c36-443b-bd9b-d54cbce254a1,39984e1b-c9cd-4510-bc77-a3bee65575a1,20,,,,,,,,,,,,,,,,,,
warehouse_lot,54a52555-9309-41fe-8e37-bacbb90670c3,Example 500kW Z-Series,e41b73c7-0a75-4e93-91df-2e980c7a4338,Example 500kW Z-Series BOM,204.53,170.43914859675945,0.2,,2026-08-24,,,2026-08-24T15:28:39.594+00:00,,,,,,,,,,,,,,,,,,,,,,,materials,,e41b73c7-0a75-4e93-91df-2e980c7a4338,29353434-1436-4e34-a2bb-648de38a5f4b,0.1,,,,,,,,,,,,,,,,,,
warehouse_lot,54a52555-9309-41fe-8e37-bacbb90670c3,Example 500kW Z-Series,fd271e01-0b95-46af-bf42-932c911a69f1,Example 500kW Z-Series BOM,4.89,4.07895,0.2,,2026-08-24,,,2026-08-24T15:28:39.594+00:00,,,,,,,,,,,,,,,,,,,,,,,materials,,fd271e01-0b95-46af-bf42-932c911a69f1,c6ad570f-75c5-4ec7-9c6c-a7a3b2a75562,200,,,,,,,,,,,,,,,,,,
warehouse_lot,54a52555-9309-41fe-8e37-bacbb90670c3,Example 500kW Z-Series,bca48be2-cd62-4a8b-ac73-aaf4bb32ab0a,Example 500kW Z-Series BOM,12.38,10.31787016253969,0.2,,2026-08-24,,,2026-08-24T15:28:39.594+00:00,,,,,,,,,,,,,,,,,,,,,,,materials,,bca48be2-cd62-4a8b-ac73-aaf4bb32ab0a,53757c6b-af94-46c0-a04b-c4bec94fd8b8,12,,,,,,,,,,,,,,,,,,
warehouse_lot,54a52555-9309-41fe-8e37-bacbb90670c3,Example 500kW Z-Series,bf8dbbd7-9541-4f21-bbab-358b8a468c29,Example 500kW Z-Series BOM,1269.19,1057.6583854424975,0.2,,2026-08-24,,,2026-08-24T15:28:39.594+00:00,,,,,,,,,,,,,,,,,,,,,,,materials,,bf8dbbd7-9541-4f21-bbab-358b8a468c29,3c7d28f2-fe25-48bb-ba3d-c3c2b9894c79,1,,,,,,,,,,,,,,,,,,
warehouse_lot,9c7b4861-6f89-41a6-9812-498dc6641eb7,EDIBON - MH Study Lab,5f787a8c-a688-4dfb-b730-86c7fc58e128,"Valve GCE H2 DIN01 25E-W21,8x1/14"" LH 200bar / H2 DIN01 25E-W21,8x1/14"" LH 200bar [TV.2872]",19.6,19.6,0.2,,2026-08-18,,,2026-08-25T12:38:08.352+00:00,,,,,,,,,,,,,,,,,,,,,,,materials,,5f787a8c-a688-4dfb-b730-86c7fc58e128,c4cd1e79-a269-475e-8985-f2f694e0cd04,4,,,,,,,,,,,,,,,,,,bf325155-23ea-4ab0-87e3-0153fb0e4544
warehouse_lot,9c7b4861-6f89-41a6-9812-498dc6641eb7,EDIBON - MH Study Lab,1f356ab3-7a6e-448d-b178-c75cefc5d416,cyl LXF 1L L6X 200bar 17E/mill finish all over + EAC stamping [TV.874],73,73,0.2,,2026-08-18,,,2026-08-25T12:38:08.352+00:00,,,,,,,,,,,,,,,,,,,,,,,materials,,1f356ab3-7a6e-448d-b178-c75cefc5d416,c171d250-f2e1-48a6-a0ad-7c12c5c51a41,4,,,,,,,,,,,,,,,,,,1ef4b539-4cce-4c61-b073-d82df8ed32c1
warehouse_lot,9c7b4861-6f89-41a6-9812-498dc6641eb7,EDIBON - MH Study Lab,a2c169b8-1389-48d8-b614-7a5640a21438,Plastic Cage W80 [TV.3814],7.5,7.5,0.2,,2026-08-18,,,2026-08-25T12:38:08.352+00:00,,,,,,,,,,,,,,,,,,,,,,,materials,,a2c169b8-1389-48d8-b614-7a5640a21438,b2847b1f-b8ac-4d7d-9e60-7c947d8f2bd2,4,,,,,,,,,,,,,,,,,,afb6cb97-4f91-4599-b10c-f7fd58b521e2
warehouse_lot,9c7b4861-6f89-41a6-9812-498dc6641eb7,EDIBON - MH Study Lab,e7755f92-92c3-4c12-8ca0-42fc974d7fde,Packing in box /over160mm dia/ [TV.4857],30,30,0.2,,2026-08-18,,,2026-08-25T12:38:08.352+00:00,,,,,,,,,,,,,,,,,,,,,,,materials,,e7755f92-92c3-4c12-8ca0-42fc974d7fde,8a4d6a82-0468-41c3-9039-802ac350b725,1,,,,,,,,,,,,,,,,,,fea58506-7833-4bde-a584-9b8fb0a7353d
warehouse_lot,9c7b4861-6f89-41a6-9812-498dc6641eb7,EDIBON - MH Study Lab,cca14ed6-1d32-4053-928e-ddec1ff1e426,Transport cost (OC EGZ26-01867-1) [TV.5278],75,75,0.2,,2026-08-18,,,2026-08-25T12:38:08.352+00:00,,,,,,,,,,,,,,,,,,,,,,,materials,,cca14ed6-1d32-4053-928e-ddec1ff1e426,3638f575-21d2-4336-9915-fd22483f9d86,1,,,,,,,,,,,,,,,,,,3d5b73fc-e869-42d3-9cbe-bdd69ae73fba
warehouse_lot,9c7b4861-6f89-41a6-9812-498dc6641eb7,EDIBON - MH Study Lab,f71c8aad-8f83-4723-9f6e-c15ca0224c71,cyl LXF 3L L6X 200bar 25E/mill finish all over [TV.5130],104.83,104.83,0.2,,2026-08-18,,,2026-08-25T12:38:08.352+00:00,,,,,,,,,,,,,,,,,,,,,,,materials,,f71c8aad-8f83-4723-9f6e-c15ca0224c71,8d21d979-2e53-4468-b1c6-b322d8acf90d,4,,,,,,,,,,,,,,,,,,fbffb8ea-d600-4a51-8438-575d4edb52fd
warehouse_lot,9c7b4861-6f89-41a6-9812-498dc6641eb7,EDIBON - MH Study Lab,2d25f7e0-e0e3-4f93-8a8d-8f450c3dc953,"Valve GCE H2 DIN01 17E-W21,8x1/14"" LH 200bar / H2 DIN01 25E-W21,8x1/14"" LH 200bar [TV.6336]",23,23,0.2,,2026-08-18,,,2026-08-25T12:38:08.352+00:00,,,,,,,,,,,,,,,,,,,,,,,materials,,2d25f7e0-e0e3-4f93-8a8d-8f450c3dc953,82afaf48-c00d-4242-b10d-0526a19722da,4,,,,,,,,,,,,,,,,,,08b3ce6d-6010-478d-b4e1-af3bdfbd4127
warehouse_sklad_map,09e5e552-693f-4ece-b8f2-6e2fd6e9eeee,VW Vzesnya,59dcc841-4a7d-46cd-ba38-3e646edf99a4,System - 90kW Volkswagen (59),,,,,,,,2026-08-25T12:43:53.286Z,,,,,,,,,,,,,,,,,,,,,,,,,,,,,,,System - 90kW Volkswagen (59),ELX,project,,,,,,,,,,,,
warehouse_sklad_map,00dfd447-c3fa-4085-b87d-c73a96520219,Brikel,54350142-e817-4b94-b50e-c42c9e53f4bc,System - 60kW Brikel (60),,,,,,,,2026-08-25T12:43:53.286Z,,,,,,,,,,,,,,,,,,,,,,,,,,,,,,,System - 60kW Brikel (60),ELX,project,,,,,,,,,,,,
warehouse_sklad_map,ffa5c116-6ce2-4653-9508-1da0bb910a53,Titan Zlatna Panega,6d463f67-e467-421b-aba7-f760a5d34119,System - 500kW Titan Zlatna Panega (58),,,,,,,,2026-08-25T12:43:53.286Z,,,,,,,,,,,,,,,,,,,,,,,,,,,,,,,System - 500kW Titan Zlatna Panega (58),ELX,project,,,,,,,,,,,,
warehouse_sklad_map,5be79015-4859-473a-be38-10cabff0b0af,Italy 10kW,313f1043-9916-4089-8b05-d53f0c26105b,System - 10kW Italy,,,,,,,,2026-08-25T12:43:53.286Z,,,,,,,,,,,,,,,,,,,,,,,,,,,,,,,System - 10kW Italy,ELX,project,,,,,,,,,,,,
warehouse_sklad_map,63dc26f0-58e3-4160-9619-c9dcabe33e7e,5MW BoP/BoS Ushgorod with N1,39c4f695-a117-4b23-8918-af5966f8b87d,System - Украйна,,,,,,,,2026-08-25T12:43:53.286Z,,,,,,,,,,,,,,,,,,,,,,,,,,,,,,,System - Украйна,ELX,project,,,,,,,,,,,,
history,,,,,,,,,,,,2026-08-06T13:28:27.029Z,,,,,,,,,,,,,,,,,,,,,,,,,,,,,,,,,,349d8a61-c547-4c6b-9629-7a8405b40a30,false,u-andrew,Ivan,import,,,17,"Imported financial CSV (17 projects matched, 0 history rows)",2026-08-06T13:28:27.029Z,financial_csv,import
history,,,,,,,,,,,,2026-08-06T13:40:25.701Z,,,,,,,,,,,,,,,,,,,,,,,,,,,,,,,,,,7216903a-5297-4038-bf1c-f0aeea5df691,false,u-andrew,Ivan,import,,,17,"Imported financial CSV (17 projects matched, 0 history rows)",2026-08-06T13:40:25.701Z,financial_csv,import
history,,,,,,,,,,,,2026-08-06T14:36:53.286Z,,,,,,,,,,,,,,,,,,,,,,,,,,,,,,,,,,6ffaaedc-7499-4b0c-89cb-65e25b7469d0,false,u-andrew,Ivan,import,,,17,"Imported financial CSV (17 projects matched, 0 history rows)",2026-08-06T14:36:53.286Z,financial_csv,import
history,9cdc40c6-77b8-4bf4-8610-83e21cfd85e7,BA Glass Sofia,,,,,,,,,,2026-08-06T14:40:23.337Z,,,,,,,,,,,,,,,,,,,,,,,,,,,,,,,,,,24eb581c-ca03-449e-91c4-bb9cd606ee45,false,u-andrew,Ivan,create,,,96,BA Glass Sofia: added expense Temp Sensors (96),2026-08-06T14:40:23.337Z,expense,ea459e2e-bfa5-408e-8dd3-826965cdbf47
history,9cdc40c6-77b8-4bf4-8610-83e21cfd85e7,BA Glass Sofia,,,,,,,,,,2026-08-06T14:42:09.731Z,,,,,,,,,,,,,,,,,,,,,,,,,,,,,,,,,,bbf3a8db-6e57-48d3-9a53-713b242b58bf,false,u-andrew,Ivan,update,amount,96,48,BA Glass Sofia: expense_amount 96 → 48,2026-08-06T14:42:09.731Z,expense,ea459e2e-bfa5-408e-8dd3-826965cdbf47
history,9cdc40c6-77b8-4bf4-8610-83e21cfd85e7,BA Glass Sofia,,,,,,,,,,2026-08-06T14:42:31.100Z,,,,,,,,,,,,,,,,,,,,,,,,,,,,,,,,,,354ebac8-c6cc-4908-b230-7a41c6a99a1e,false,u-andrew,Ivan,update,amount,48,96,BA Glass Sofia: expense_amount 48 → 96,2026-08-06T14:42:31.100Z,expense,ea459e2e-bfa5-408e-8dd3-826965cdbf47
history,9cdc40c6-77b8-4bf4-8610-83e21cfd85e7,BA Glass Sofia,,,,,,,,,,2026-08-06T14:42:34.848Z,,,,,,,,,,,,,,,,,,,,,,,,,,,,,,,,,,cbe8bf0c-9a07-4e08-a3e2-dd82eb66de9c,false,u-andrew,Ivan,update,amount,96,48,BA Glass Sofia: expense_amount 96 → 48,2026-08-06T14:42:34.848Z,expense,ea459e2e-bfa5-408e-8dd3-826965cdbf47
history,,,,,,,,,,,,2026-08-06T14:47:04.930Z,,,,,,,,,,,,,,,,,,,,,,,,,,,,,,,,,,4e7f60b7-1559-49f4-9fa4-a77859c4fa5f,false,u-andrew,Ivan,import,,,17,"Imported financial CSV (17 projects matched, 0 history rows)",2026-08-06T14:47:04.930Z,financial_csv,import
history,9cdc40c6-77b8-4bf4-8610-83e21cfd85e7,,,,,,,,,,,2026-08-06T14:52:43.724Z,,,,,,,,,,,,,,,,,,,,,,,,,,,,,,,,,,aa23bea5-53c7-4759-b90b-fd10648e01af,false,u-andrew,Ivan,delete,,0,,Deleted warehouse lot Temp Sensors (removed 0 from expenses),2026-08-06T14:52:43.724Z,expense,b049a780-a431-4ebb-8284-3b3d1473f327
history,9cdc40c6-77b8-4bf4-8610-83e21cfd85e7,BA Glass Sofia,,,,,,,,,,2026-08-06T14:53:35.976Z,,,,,,,,,,,,,,,,,,,,,,,,,,,,,,,,,,9dca5b0f-c21c-4a68-ba86-7a71d751d74e,false,u-andrew,Ivan,create,,,96,BA Glass Sofia: added expense Temp sensors (96),2026-08-06T14:53:35.976Z,expense,5a1858b7-00a1-42a8-ae5d-50488628d716
history,,,,,,,,,,,,2026-08-06T14:54:05.031Z,,,,,,,,,,,,,,,,,,,,,,,,,,,,,,,,,,6b7df0d8-5567-41a9-b37e-61fcc5385c65,false,u-andrew,Ivan,import,,,17,"Imported financial CSV (17 projects matched, 0 history rows)",2026-08-06T14:54:05.031Z,financial_csv,import
history,9cdc40c6-77b8-4bf4-8610-83e21cfd85e7,,,,,,,,,,,2026-08-06T15:06:36.026Z,,,,,,,,,,,,,,,,,,,,,,,,,,,,,,,,,,0750dbe0-d0cd-4330-9d9c-ff841dfaa9d7,false,u-andrew,Ivan,delete,,0,,Deleted warehouse lot Temp sensors (removed 0 from expenses),2026-08-06T15:06:36.026Z,expense,520eb7a5-ee6f-44e7-b0d1-63b622568aab
history,,,,,,,,,,,,2026-08-06T15:06:45.795Z,,,,,,,,,,,,,,,,,,,,,,,,,,,,,,,,,,5633d20f-c292-40d2-b5f4-8434c9445050,false,u-andrew,Ivan,import,,,17,"Imported financial CSV (17 projects matched, 0 history rows, 0 warehouse lots)",2026-08-06T15:06:45.795Z,financial_csv,import
history,9cdc40c6-77b8-4bf4-8610-83e21cfd85e7,BA Glass Sofia,,,,,,,,,,2026-08-06T15:07:12.460Z,,,,,,,,,,,,,,,,,,,,,,,,,,,,,,,,,,91296d36-93a4-4259-ae44-51f29ba77938,false,u-andrew,Ivan,create,,,96,BA Glass Sofia: added expense Temp Sens (96),2026-08-06T15:07:12.460Z,expense,fbc02dfe-5ed6-49d8-83a3-ed1d23f689cb
history,,,,,,,,,,,,2026-08-06T15:07:52.457Z,,,,,,,,,,,,,,,,,,,,,,,,,,,,,,,,,,3b263bda-79bb-4950-a33a-adedbe3a9f95,false,u-andrew,Ivan,import,,,17,"Imported financial CSV (17 projects matched, 0 history rows, 0 warehouse lots)",2026-08-06T15:07:52.457Z,financial_csv,import
history,9cdc40c6-77b8-4bf4-8610-83e21cfd85e7,,,,,,,,,,,2026-08-06T15:08:11.522Z,,,,,,,,,,,,,,,,,,,,,,,,,,,,,,,,,,93634dd4-4f06-483d-8340-f362ce3361fd,false,u-andrew,Ivan,delete,,0,,Deleted warehouse lot Temp Sens (removed 0 from expenses),2026-08-06T15:08:11.522Z,expense,9194fab7-dce1-44e5-abf5-d94abac746c7
history,,,,,,,,,,,,2026-08-06T15:08:23.146Z,,,,,,,,,,,,,,,,,,,,,,,,,,,,,,,,,,059285d2-47f3-4d1d-9b4b-291b5f30f08f,false,u-andrew,Ivan,import,,,17,"Imported financial CSV (17 projects matched, 0 history rows, 0 warehouse lots)",2026-08-06T15:08:23.146Z,financial_csv,import
history,9cdc40c6-77b8-4bf4-8610-83e21cfd85e7,BA Glass Sofia,,,,,,,,,,2026-08-06T15:08:49.808Z,,,,,,,,,,,,,,,,,,,,,,,,,,,,,,,,,,a294a0a3-2afe-4e9c-a35e-3eb2c4c0b062,false,u-andrew,Ivan,create,,,96,BA Glass Sofia: added expense Temp sens (96),2026-08-06T15:08:49.808Z,expense,f5e3b976-87ee-4f0c-8b6c-18c33ebb82d6
history,,,,,,,,,,,,2026-08-06T15:29:07.900Z,,,,,,,,,,,,,,,,,,,,,,,,,,,,,,,,,,77314dff-15db-494f-8e06-517e759a8384,false,u-andrew,Ivan,import,,,18,"Imported financial CSV (18 projects matched, 18 history rows, 1 warehouse lot)",2026-08-06T15:29:07.900Z,financial_csv,import
history,9cdc40c6-77b8-4bf4-8610-83e21cfd85e7,BA Glass Sofia,,,,,,,,,,2026-08-06T15:29:32.021Z,,,,,,,,,,,,,,,,,,,,,,,,,,,,,,,,,,d4a734ea-13d0-4579-9581-b09734904ea7,false,u-andrew,Ivan,update,amount,96,48,BA Glass Sofia: expense_amount 96 → 48,2026-08-06T15:29:32.021Z,expense,f5e3b976-87ee-4f0c-8b6c-18c33ebb82d6
history,,,,,,,,,,,,2026-08-06T15:34:38.107Z,,,,,,,,,,,,,,,,,,,,,,,,,,,,,,,,,,d700fb73-eb9c-43a6-93f3-50d182487ad4,false,u-andrew,Ivan,import,,,18,"Imported financial CSV (18 projects matched, 18 history rows, 1 warehouse lot)",2026-08-06T15:34:38.107Z,financial_csv,import
history,140dfb68-fb1b-482c-8ba4-34d6c389028a,Metlen,,,,,,,,,,2026-08-06T15:37:59.058Z,,,,,,,,,,,,,,,,,,,,,,,,,,,,,,,,,,c525fd9a-43ee-4c38-a5bc-b8e0409ccbce,false,u-andrew,Ivan,update,max_materials_expense,,400000,Metlen: max_materials_expense — → 400000,2026-08-06T15:37:59.058Z,project_financials,140dfb68-fb1b-482c-8ba4-34d6c389028a
history,,,,,,,,,,,,2026-08-06T15:40:18.243Z,,,,,,,,,,,,,,,,,,,,,,,,,,,,,,,,,,a832e3f7-3862-409f-a530-fc1190d142b2,false,u-andrew,Ivan,update,opening_cash,630000,6300000,Company: opening_cash 630000 → 6300000,2026-08-06T15:40:18.243Z,company_finance,company
history,,,,,,,,,,,,2026-08-06T15:40:18.293Z,,,,,,,,,,,,,,,,,,,,,,,,,,,,,,,,,,b1de21c0-be75-431e-a29c-d14378b95f85,false,u-andrew,Ivan,update,opening_cash,630000,6300000,Company: opening_cash 630000 → 6300000,2026-08-06T15:40:18.293Z,company_finance,company
history,63dc26f0-58e3-4160-9619-c9dcabe33e7e,5MW BoP/BoS Ushgorod with N1,,,,,,,,,,2026-08-06T16:12:46.735Z,,,,,,,,,,,,,,,,,,,,,,,,,,,,,,,,,,695e329b-2c8e-4840-8687-669e86ed8dfa,false,u-andrew,Ivan,update,amount,1200000,48,5MW BoP/BoS Ushgorod with N1: linked expense to warehouse lot (48),2026-08-06T16:12:46.735Z,expense,5c23fb13-60a2-4600-8c78-c793e4be9f0c
history,,,,,,,,,,,,2026-08-06T16:15:10.853Z,,,,,,,,,,,,,,,,,,,,,,,,,,,,,,,,,,d04f76c5-0cec-489f-b0f5-86765efd04b5,false,u-andrew,Ivan,import,,,18,"Imported financial CSV (18 projects matched, 18 history rows, 1 warehouse lot)",2026-08-06T16:15:10.853Z,financial_csv,import
history,,,,,,,,,,,,2026-08-06T16:32:09.662Z,,,,,,,,,,,,,,,,,,,,,,,,,,,,,,,,,,a0b9555d-ab4a-4e70-942b-01ff076b8663,false,u-andrew,Ivan,import,,,18,"Imported financial CSV (18 projects matched, 18 history rows, 1 warehouse lot)",2026-08-06T16:32:09.662Z,financial_csv,import
history,63dc26f0-58e3-4160-9619-c9dcabe33e7e,,,,,,,,,,,2026-08-06T16:32:40.680Z,,,,,,,,,,,,,,,,,,,,,,,,,,,,,,,,,,0843d858-4928-4146-af05-700f1409ac05,false,u-andrew,Ivan,delete,,0,,Deleted warehouse lot Temp Sensors (removed 0 from expenses),2026-08-06T16:32:40.680Z,expense,f26086e6-f98a-422d-903b-f139ddaae821
history,9cdc40c6-77b8-4bf4-8610-83e21cfd85e7,,,,,,,,,,,2026-08-06T16:32:41.983Z,,,,,,,,,,,,,,,,,,,,,,,,,,,,,,,,,,ded5bd32-64c3-4134-b34a-43e700829cb0,false,u-andrew,Ivan,delete,,0,,Deleted warehouse lot Temp sens (removed 0 from expenses),2026-08-06T16:32:41.983Z,expense,6c39fbb6-a9bb-454a-b72f-82d6641aabb2
history,,,,,,,,,,,,2026-08-06T16:40:47.304Z,,,,,,,,,,,,,,,,,,,,,,,,,,,,,,,,,,634a4639-8d22-4465-8de9-fc7cc2f88294,false,u-andrew,Ivan,import,,,18,"Imported financial CSV (18 projects matched, 29 history rows, 0 warehouse lots)",2026-08-06T16:40:47.304Z,financial_csv,import
history,63dc26f0-58e3-4160-9619-c9dcabe33e7e,5MW BoP/BoS Ushgorod with N1,,,,,,,,,,2026-08-06T16:41:23.907Z,,,,,,,,,,,,,,,,,,,,,,,,,,,,,,,,,,c32f8875-7f78-49ce-b5d0-896623a0e799,false,u-andrew,Ivan,update,amount,1200000,4800,5MW BoP/BoS Ushgorod with N1: settled predicted expense to WH spent 4800,2026-08-06T16:41:23.907Z,expense,5c23fb13-60a2-4600-8c78-c793e4be9f0c
history,,,,,,,,,,,,2026-08-06T16:48:45.402Z,,,,,,,,,,,,,,,,,,,,,,,,,,,,,,,,,,7450b774-62d9-4a66-86a3-7509f6df19c0,false,u-andrew,Ivan,import,,,18,"Imported financial CSV (18 projects matched, 29 history rows, 0 warehouse lots)",2026-08-06T16:48:45.402Z,financial_csv,import
history,63dc26f0-58e3-4160-9619-c9dcabe33e7e,5MW BoP/BoS Ushgorod with N1,,,,,,,,,,2026-08-06T16:49:44.433Z,,,,,,,,,,,,,,,,,,,,,,,,,,,,,,,,,,eaaa44a8-e0d8-466f-95b0-28ff6b043cfd,false,u-andrew,Ivan,update,amount,1200000,4800,5MW BoP/BoS Ushgorod with N1: settled predicted expense to WH spent 4800,2026-08-06T16:49:44.433Z,expense,5c23fb13-60a2-4600-8c78-c793e4be9f0c
history,,,,,,,,,,,,2026-08-06T20:13:26.177Z,,,,,,,,,,,,,,,,,,,,,,,,,,,,,,,,,,ef141f9e-4b2d-49d4-bc0d-6734260bc5e4,false,u-andrew,Ivan,import,,,18,"Imported financial CSV (18 projects matched, 29 history rows, 0 warehouse lots)",2026-08-06T20:13:26.177Z,financial_csv,import
history,,,,,,,,,,,,2026-08-06T20:15:52.105Z,,,,,,,,,,,,,,,,,,,,,,,,,,,,,,,,,,0b36c7bb-2d21-4b9d-a923-c9dbbe5f1b63,false,u-andrew,Ivan,import,,,18,"Imported financial CSV (18 projects matched, 29 history rows, 0 warehouse lots)",2026-08-06T20:15:52.105Z,financial_csv,import
history,,,,,,,,,,,,2026-08-07T07:20:07.005Z,,,,,,,,,,,,,,,,,,,,,,,,,,,,,,,,,,2b3db69c-30c5-4b50-818a-815c9a2f2fa7,false,u-andrew,Ivan,import,,,18,"Imported financial CSV (18 projects matched, 29 history rows, 0 warehouse lots)",2026-08-07T07:20:07.005Z,financial_csv,import
history,63dc26f0-58e3-4160-9619-c9dcabe33e7e,,,,,,,,,,,2026-08-08T06:38:03.751Z,,,,,,,,,,,,,,,,,,,,,,,,,,,,,,,,,,b8ae6ef7-fd1e-4cf9-ac45-8f703409e356,false,u-andrew,Ivan,delete,,0,,Deleted warehouse lot Temp Sensors (removed 0 from expenses),2026-08-08T06:38:03.751Z,expense,21671ed0-412f-4494-b2b9-07266468e197
history,63dc26f0-58e3-4160-9619-c9dcabe33e7e,,,,,,,,,,,2026-08-08T06:38:05.401Z,,,,,,,,,,,,,,,,,,,,,,,,,,,,,,,,,,1017514b-e9d3-4ef6-9216-c26bd243e1b2,false,u-andrew,Ivan,delete,,0,,Deleted warehouse lot Temp Sensors (removed 0 from expenses),2026-08-08T06:38:05.401Z,expense,c1d85573-dfc9-489f-8f88-fa7cdcee3702
history,,,,,,,,,,,,2026-08-08T07:47:51.541Z,,,,,,,,,,,,,,,,,,,,,,,,,,,,,,,,,,5d18f6bf-9285-4270-8910-ec6bc607fc03,false,u-andrew,Ivan,import,,,18,"Imported financial CSV (18 projects matched, 29 history rows, 0 warehouse lots, 4 sklad maps)",2026-08-08T07:47:51.541Z,financial_csv,import
history,,,,,,,,,,,,2026-08-08T07:51:33.757Z,,,,,,,,,,,,,,,,,,,,,,,,,,,,,,,,,,cd233c4d-6052-4878-9d08-76ea0da5f43d,false,u-andrew,Ivan,import,,,18,"Imported financial CSV (18 projects matched, 29 history rows, 0 warehouse lots, 4 sklad maps)",2026-08-08T07:51:33.757Z,financial_csv,import
history,,,,,,,,,,,,2026-08-08T08:03:37.790Z,,,,,,,,,,,,,,,,,,,,,,,,,,,,,,,,,,e6615b1e-a8a9-4c72-afdf-212b4c2d1233,false,u-andrew,Ivan,import,,,18,"Imported financial CSV (18 projects matched, 29 history rows, 0 warehouse lots, 4 sklad maps)",2026-08-08T08:03:37.790Z,financial_csv,import
history,,,,,,,,,,,,2026-08-08T08:20:18.079Z,,,,,,,,,,,,,,,,,,,,,,,,,,,,,,,,,,e54298ce-19c9-4b6b-8d0a-80f173ab8b0b,false,u-andrew,Ivan,import,,,21,"Imported financial CSV (21 projects matched, 41 history rows, 942 warehouse lots, 7 sklad maps)",2026-08-08T08:20:18.079Z,financial_csv,import
history,,,,,,,,,,,,2026-08-08T08:37:56.753Z,,,,,,,,,,,,,,,,,,,,,,,,,,,,,,,,,,a8cf7b64-e288-4cff-a9c3-659a04863b0f,false,u-andrew,Ivan,import,,,21,"Imported financial CSV (21 projects matched, 41 history rows, 942 warehouse lots, 7 sklad maps)",2026-08-08T08:37:56.753Z,financial_csv,import
history,,,,,,,,,,,,2026-08-08T08:53:28.394Z,,,,,,,,,,,,,,,,,,,,,,,,,,,,,,,,,,58cd5970-3509-47f6-9c23-1efaa1398569,false,u-andrew,Ivan,import,,,21,"Imported financial CSV (21 projects matched, 41 history rows, 942 warehouse lots, 7 sklad maps)",2026-08-08T08:53:28.394Z,financial_csv,import
history,5be79015-4859-473a-be38-10cabff0b0af,Italy 10kW,,,,,,,,,,2026-08-08T08:53:49.813Z,,,,,,,,,,,,,,,,,,,,,,,,,,,,,,,,,,dcbbe074-de4d-4b67-87d6-70eb3b95941f,false,u-andrew,Ivan,update,amount,4077.95,5483.1,Italy 10kW: settled predicted expense to WH spent 5483.1,2026-08-08T08:53:49.813Z,expense,8764ceb8-c1d0-4147-8e8d-519f84027972
history,2e85b111-5f9c-4d3d-8f17-77520b1132ac,Warsaw 20kW,,,,,,,,,,2026-08-08T08:53:49.813Z,,,,,,,,,,,,,,,,,,,,,,,,,,,,,,,,,,2f206a65-a686-4898-84dd-89eda66df8cb,false,u-andrew,Ivan,update,amount,0,221.01,Warsaw 20kW: settled predicted expense to WH spent 221.01,2026-08-08T08:53:49.813Z,expense,14435f10-f2a6-4bc5-9b04-92f4c94f0aa8
history,341b58e0-d52d-438b-bddf-8b0ca2053fe7,Workshop 30kW (Цех),,,,,,,,,,2026-08-08T08:53:49.813Z,,,,,,,,,,,,,,,,,,,,,,,,,,,,,,,,,,9761aa0b-2fd5-4efb-a788-325a618779a7,false,u-andrew,Ivan,update,amount,0,712.87,Workshop 30kW (Цех): settled predicted expense to WH spent 712.87,2026-08-08T08:53:49.813Z,expense,b1dca823-8533-4f80-8876-fbb40a0c9fc7
history,ffa5c116-6ce2-4653-9508-1da0bb910a53,Titan Zlatna Panega,,,,,,,,,,2026-08-08T08:53:49.814Z,,,,,,,,,,,,,,,,,,,,,,,,,,,,,,,,,,3ab43949-a47d-41a3-8e67-6d7ab646a694,false,u-andrew,Ivan,update,amount,7472.67,24280.61,Titan Zlatna Panega: settled predicted expense to WH spent 24280.61,2026-08-08T08:53:49.814Z,expense,c5c5376a-37c5-4d91-bbe2-9f1d8d8cfd28
history,00dfd447-c3fa-4085-b87d-c73a96520219,Brikel,,,,,,,,,,2026-08-08T08:53:49.814Z,,,,,,,,,,,,,,,,,,,,,,,,,,,,,,,,,,3e5d0f7b-15dd-47db-ad68-645a0b927a96,false,u-andrew,Ivan,update,amount,15290.59,78150.75,Brikel: settled predicted expense to WH spent 78150.75,2026-08-08T08:53:49.814Z,expense,c7e70934-c398-4b1e-a6f4-e67553203629
history,09e5e552-693f-4ece-b8f2-6e2fd6e9eeee,VW Vzesnya,,,,,,,,,,2026-08-08T08:53:49.814Z,,,,,,,,,,,,,,,,,,,,,,,,,,,,,,,,,,1bc5f7e9-79e5-4b6a-82a0-4a9651ecb91e,false,u-andrew,Ivan,update,amount,36767.03,91306.48,VW Vzesnya: settled predicted expense to WH spent 91306.48,2026-08-08T08:53:49.814Z,expense,f04d93d4-fb64-4e21-b009-81842c5d8d59
history,,,,,,,,,,,,2026-08-08T09:15:19.184Z,,,,,,,,,,,,,,,,,,,,,,,,,,,,,,,,,,b7514e95-7dc2-4b8c-a4c8-9391f0f93c01,false,u-andrew,Ivan,import,,,21,"Imported financial CSV (21 projects matched, 50 history rows, 1454 warehouse lots, 7 sklad maps)",2026-08-08T09:15:19.184Z,financial_csv,import
history,e021f65c-b418-4103-abe0-e6e0b3b31424,Interbudkomplex Nuclear Power Plant in Ukraine,,,,,,,,,,2026-08-11T06:40:12.576Z,,,,,,,,,,,,,,,,,,,,,,,,,,,,,,,,,,c05d984a-f471-4ffd-8a5e-b4e00f3215f6,false,u-andrew,Ivan,update,contract_value,,496000,Interbudkomplex Nuclear Power Plant in Ukraine: contract_value — → 496000,2026-08-11T06:40:12.576Z,project_financials,e021f65c-b418-4103-abe0-e6e0b3b31424
history,,,,,,,,,,,,2026-08-11T06:45:46.179Z,,,,,,,,,,,,,,,,,,,,,,,,,,,,,,,,,,f4a491f4-8f62-4793-9338-118b7f22a626,false,u-andrew,Ivan,import,,,19,"Imported financial CSV (19 projects matched, 50 history rows, 1454 warehouse lots, 7 sklad maps)",2026-08-11T06:45:46.179Z,financial_csv,import
history,28bd60c4-becc-4311-a9db-62917590546d,Royal Cement Line 1 in Egypt,,,,,,,,,,2026-08-11T08:03:21.698Z,,,,,,,,,,,,,,,,,,,,,,,,,,,,,,,,,,45d7dc17-bbbe-4cb5-b20f-79307d0a09e5,false,u-andrew,Ivan,update,contract_value,,3250000,Royal Cement Line 1 in Egypt: contract_value — → 3250000,2026-08-11T08:03:21.698Z,project_financials,28bd60c4-becc-4311-a9db-62917590546d
history,4ec92b16-dcaf-4348-9e47-69d06802758f,Royal Cement Line 2 in Egypt,,,,,,,,,,2026-08-11T08:03:46.174Z,,,,,,,,,,,,,,,,,,,,,,,,,,,,,,,,,,38d32a8a-90e9-4353-b4a0-1b1025582986,false,u-andrew,Ivan,update,contract_value,,3250000,Royal Cement Line 2 in Egypt: contract_value — → 3250000,2026-08-11T08:03:46.174Z,project_financials,4ec92b16-dcaf-4348-9e47-69d06802758f
history,,,,,,,,,,,,2026-08-11T08:12:49.423Z,,,,,,,,,,,,,,,,,,,,,,,,,,,,,,,,,,bc7bd090-725a-43ac-b8d1-35627009b2c4,true,u-andrew,Ivan,import,,,20,"Imported financial CSV (20 projects matched, 55 history rows, 765 warehouse lots, 5 sklad maps)",2026-08-11T08:12:49.423Z,financial_csv,import
history,b2fd32ac-9d24-4ac4-8092-a5a106618c96,Ceramika PARADYŻ from Jersey,,,,,,,,,,2026-08-11T08:14:06.669Z,,,,,,,,,,,,,,,,,,,,,,,,,,,,,,,,,,cb0bd7f9-979e-41aa-9ef3-6551f7fdfdb3,true,u-andrew,Ivan,update,contract_value,,1000000,Ceramika PARADYŻ from Jersey: contract_value — → 1000000,2026-08-11T08:14:06.669Z,project_financials,b2fd32ac-9d24-4ac4-8092-a5a106618c96
history,,,,,,,,,,,,2026-08-11T09:28:39.953Z,,,,,,,,,,,,,,,,,,,,,,,,,,,,,,,,,,2c4a93b3-1e08-45e8-bf47-b4bc740e5dc7,true,u-andrew,Ivan,import,,,21,"Imported financial CSV (21 projects matched, 57 history rows, 765 warehouse lots, 5 sklad maps)",2026-08-11T09:28:39.953Z,financial_csv,import
history,,,,,,,,,,,,2026-08-11T10:02:57.945Z,,,,,,,,,,,,,,,,,,,,,,,,,,,,,,,,,,8408a215-2984-4df0-a7c1-7e9c1bfac2db,true,u-andrew,Ivan,import,,,21,"Imported financial CSV (21 projects matched, 57 history rows, 765 warehouse lots, 5 sklad maps)",2026-08-11T10:02:57.945Z,financial_csv,import
history,1d8bc7da-e246-43a2-b451-8399548bb049,ENSA,,,,,,,,,,2026-08-11T10:45:39.016Z,,,,,,,,,,,,,,,,,,,,,,,,,,,,,,,,,,4fb5596c-8e23-4ec5-93d1-d059ba7c8ad6,true,u-andrew,Ivan,update,contract_value,,308450.93,ENSA: contract_value — → 308450.93,2026-08-11T10:45:39.016Z,project_financials,1d8bc7da-e246-43a2-b451-8399548bb049
history,1d8bc7da-e246-43a2-b451-8399548bb049,ENSA,,,,,,,,,,2026-08-11T10:46:23.680Z,,,,,,,,,,,,,,,,,,,,,,,,,,,,,,,,,,ac1d8ab0-5aaf-4b59-b5df-6e8c4d279902,true,u-andrew,Ivan,create,,,215915.65,ENSA: added payment Prepayment (215915.65),2026-08-11T10:46:23.680Z,payment,e1f1603a-655c-44e7-8902-ddac82a5ddd3
history,1d8bc7da-e246-43a2-b451-8399548bb049,ENSA,,,,,,,,,,2026-08-11T13:35:15.708Z,,,,,,,,,,,,,,,,,,,,,,,,,,,,,,,,,,b4a0622a-6c76-4e6c-8ff8-986f74453069,true,u-andrew,Ivan,create,,,100000,ENSA: added expense Material purchase (100000),2026-08-11T13:35:15.708Z,expense,707d5446-519b-44e4-92fd-063e62d64dd6
history,,,,,,,,,,,,2026-08-11T14:30:12.555Z,,,,,,,,,,,,,,,,,,,,,,,,,,,,,,,,,,815a767d-fc75-49f4-8bd7-aa886e3055bd,true,u-andrew,Ivan,import,,,28,"Imported financial CSV (28 projects matched, 62 history rows, 765 warehouse lots, 5 sklad maps)",2026-08-11T14:30:12.555Z,financial_csv,import
history,,,,,,,,,,,,2026-08-11T14:45:16.980Z,,,,,,,,,,,,,,,,,,,,,,,,,,,,,,,,,,92fc3719-de7f-4cba-85e9-eff87dce0846,true,u-andrew,Ivan,import,,,28,"Imported financial CSV (28 projects matched, 62 history rows, 765 warehouse lots, 5 sklad maps)",2026-08-11T14:45:16.980Z,financial_csv,import
history,1d8bc7da-e246-43a2-b451-8399548bb049,ENSA,,,,,,,,,,2026-08-13T07:55:55.081Z,,,,,,,,,,,,,,,,,,,,,,,,,,,,,,,,,,1af36c41-f3ed-4d79-8642-c94da8ef1aa0,true,u-andrew,Ivan,update,max_materials_expense,,80000,ENSA: max_materials_expense — → 80000,2026-08-13T07:55:55.081Z,project_financials,1d8bc7da-e246-43a2-b451-8399548bb049
history,,,,,,,,,,,,2026-08-13T07:56:15.331Z,,,,,,,,,,,,,,,,,,,,,,,,,,,,,,,,,,dfa5b962-1c1f-435a-abbb-2d91a16f4faf,true,u-andrew,Ivan,import,,,28,"Imported financial CSV (28 projects matched, 62 history rows, 765 warehouse lots, 5 sklad maps)",2026-08-13T07:56:15.331Z,financial_csv,import
history,1d8bc7da-e246-43a2-b451-8399548bb049,ENSA,,,,,,,,,,2026-08-13T07:56:30.876Z,,,,,,,,,,,,,,,,,,,,,,,,,,,,,,,,,,25cf64b5-7dfc-429f-8dae-664568129d05,true,u-andrew,Ivan,update,max_materials_expense,,80000,ENSA: max_materials_expense — → 80000,2026-08-13T07:56:30.876Z,project_financials,1d8bc7da-e246-43a2-b451-8399548bb049
history,1d8bc7da-e246-43a2-b451-8399548bb049,ENSA,,,,,,,,,,2026-08-13T07:56:37.361Z,,,,,,,,,,,,,,,,,,,,,,,,,,,,,,,,,,a01ab071-8d97-4979-8499-bef4b2156a25,true,u-andrew,Ivan,update,max_materials_expense,80000,,ENSA: max_materials_expense 80000 → —,2026-08-13T07:56:37.361Z,project_financials,1d8bc7da-e246-43a2-b451-8399548bb049
history,1d8bc7da-e246-43a2-b451-8399548bb049,ENSA,,,,,,,,,,2026-08-13T07:57:09.163Z,,,,,,,,,,,,,,,,,,,,,,,,,,,,,,,,,,93a185a2-6ba2-40fd-ae96-4574c02fabc3,true,u-andrew,Ivan,create,,,80000,ENSA: added expense Comission (80000),2026-08-13T07:57:09.163Z,expense,bd76c1e0-464e-4dae-9ffd-087ec5245aba
history,,,,,,,,,,,,2026-08-13T09:55:56.237Z,,,,,,,,,,,,,,,,,,,,,,,,,,,,,,,,,,9a8137a7-787e-497d-89e2-35dc2c86fc88,true,u-andrew,Ivan,update,opening_cash,630000,6300000,Company: opening_cash 630000 → 6300000,2026-08-13T09:55:56.237Z,company_finance,company
history,,,,,,,,,,,,2026-08-13T09:55:56.412Z,,,,,,,,,,,,,,,,,,,,,,,,,,,,,,,,,,7b31b613-50fd-4b06-a328-f8fd814e989c,true,u-andrew,Ivan,update,opening_cash,630000,6300000,Company: opening_cash 630000 → 6300000,2026-08-13T09:55:56.412Z,company_finance,company
history,,,,,,,,,,,,2026-08-13T09:56:00.032Z,,,,,,,,,,,,,,,,,,,,,,,,,,,,,,,,,,886f3a2a-6d59-48d9-a8c9-9e4c4324db00,true,u-andrew,Ivan,update,opening_cash,6300000,630000,Company: opening_cash 6300000 → 630000,2026-08-13T09:56:00.032Z,company_finance,company
history,,,,,,,,,,,,2026-08-13T09:56:00.194Z,,,,,,,,,,,,,,,,,,,,,,,,,,,,,,,,,,0dba7689-561e-49f1-b1b0-35d37a3c76fe,true,u-andrew,Ivan,update,opening_cash,6300000,630000,Company: opening_cash 6300000 → 630000,2026-08-13T09:56:00.194Z,company_finance,company
history,,,,,,,,,,,,2026-08-13T14:00:04.601Z,,,,,,,,,,,,,,,,,,,,,,,,,,,,,,,,,,81d610e7-c714-4ec6-b7fe-0ff0bff03365,true,u-andrew,Ivan,import,,,28,"Imported financial CSV (28 projects matched, 69 history rows, 765 warehouse lots, 5 sklad maps)",2026-08-13T14:00:04.601Z,financial_csv,import
history,140dfb68-fb1b-482c-8ba4-34d6c389028a,Metlen,,,,,,,,,,2026-08-13T14:11:27.117Z,,,,,,,,,,,,,,,,,,,,,,,,,,,,,,,,,,412e82bd-3db1-4f22-b17c-28511dc77266,true,u-andrew,Ivan,update,max_materials_expense,,0,Metlen: max_materials_expense — → 0,2026-08-13T14:11:27.117Z,project_financials,140dfb68-fb1b-482c-8ba4-34d6c389028a
history,140dfb68-fb1b-482c-8ba4-34d6c389028a,Metlen,,,,,,,,,,2026-08-13T14:11:32.095Z,,,,,,,,,,,,,,,,,,,,,,,,,,,,,,,,,,67881038-0bc0-4fc7-9ff8-901b60f696b9,true,u-andrew,Ivan,update,max_materials_expense,0,,Metlen: max_materials_expense 0 → —,2026-08-13T14:11:32.095Z,project_financials,140dfb68-fb1b-482c-8ba4-34d6c389028a
history,,,,,,,,,,,,2026-08-14T08:14:17.311Z,,,,,,,,,,,,,,,,,,,,,,,,,,,,,,,,,,adcde8a0-a1da-456b-8713-57bee18baedf,true,u-andrew,Ivan,import,,,30,"Imported financial CSV (30 projects matched, 76 history rows, 765 warehouse lots, 5 sklad maps)",2026-08-14T08:14:17.311Z,financial_csv,import
history,,,,,,,,,,,,2026-08-14T11:52:32.118Z,,,,,,,,,,,,,,,,,,,,,,,,,,,,,,,,,,2dc5cfd0-6df3-4b3f-a048-a06803889f56,true,u-andrew,Ivan,import,,,31,"Imported financial CSV (31 projects matched, 77 history rows, 765 warehouse lots, 5 sklad maps)",2026-08-14T11:52:32.118Z,financial_csv,import
history,,,,,,,,,,,,2026-08-14T11:53:02.857Z,,,,,,,,,,,,,,,,,,,,,,,,,,,,,,,,,,e2921a4c-61b2-4e37-8696-aa1900bcd52a,true,u-andrew,Ivan,import,,,31,"Imported financial CSV (31 projects matched, 77 history rows, 765 warehouse lots, 5 sklad maps)",2026-08-14T11:53:02.857Z,financial_csv,import
history,,,,,,,,,,,,2026-08-19T08:10:47.012Z,,,,,,,,,,,,,,,,,,,,,,,,,,,,,,,,,,898b27c1-e3ac-4476-b869-8d92d29c775c,true,u-andrew,Ivan,import,,,31,"Imported financial CSV (31 projects matched, 77 history rows, 765 warehouse lots, 5 sklad maps)",2026-08-19T08:10:47.012Z,financial_csv,import
history,,,,,,,,,,,,2026-08-24T12:28:39.130Z,,,,,,,,,,,,,,,,,,,,,,,,,,,,,,,,,,d92a3be1-989f-46c4-bb52-f7f9283db57c,true,u-andrew,Ivan,import,,,34,"Imported financial CSV (34 projects matched, 80 history rows, 2 warehouse lots, 5 sklad maps)",2026-08-24T12:28:39.130Z,financial_csv,import
history,ffa5c116-6ce2-4653-9508-1da0bb910a53,Titan Zlatna Panega,,,,,,,,,,2026-08-24T12:28:46.322Z,,,,,,,,,,,,,,,,,,,,,,,,,,,,,,,,,,7a359092-8bf4-47da-8553-43b2e91ea31e,true,u-andrew,Ivan,update,contract_value,,800000,Titan Zlatna Panega: contract_value — → 800000,2026-08-24T12:28:46.322Z,project_financials,ffa5c116-6ce2-4653-9508-1da0bb910a53
history,ffa5c116-6ce2-4653-9508-1da0bb910a53,Titan Zlatna Panega,,,,,,,,,,2026-08-24T12:30:06.411Z,,,,,,,,,,,,,,,,,,,,,,,,,,,,,,,,,,57b2b566-1489-4616-a28b-844dc28ec02b,true,u-andrew,Ivan,create,,,800000,Titan Zlatna Panega: added payment Price to install the system back to their plant after the trials (800000),2026-08-24T12:30:06.411Z,payment,9adf0324-5c13-4fb9-9bcf-d8f7f9c95158
history,026abed1-da54-4f08-bd47-506a47758333,Algeria 1MW with Stargate,,,,,,,,,,2026-08-24T12:39:57.213Z,,,,,,,,,,,,,,,,,,,,,,,,,,,,,,,,,,6c44fcb2-4430-4b0b-89bd-b564997ebf07,true,u-andrew,Ivan,update,contract_value,,1250000,Algeria 1MW with Stargate: contract_value — → 1250000,2026-08-24T12:39:57.213Z,project_financials,026abed1-da54-4f08-bd47-506a47758333
history,026abed1-da54-4f08-bd47-506a47758333,Algeria 1MW with Stargate,,,,,,,,,,2026-08-24T12:41:02.638Z,,,,,,,,,,,,,,,,,,,,,,,,,,,,,,,,,,5cc6d79f-0985-4356-8a90-be5ec7b5cace,true,u-andrew,Ivan,create,,,750000,Algeria 1MW with Stargate: added payment 382735ff-3600-4886-aa43-d2b1e9dcec9d (750000),2026-08-24T12:41:02.638Z,payment,382735ff-3600-4886-aa43-d2b1e9dcec9d
history,026abed1-da54-4f08-bd47-506a47758333,Algeria 1MW with Stargate,,,,,,,,,,2026-08-24T12:43:00.964Z,,,,,,,,,,,,,,,,,,,,,,,,,,,,,,,,,,3ca140ad-f666-454a-8ceb-8c4a8b208e7f,true,u-andrew,Ivan,create,,,125000,Algeria 1MW with Stargate: added payment d907cf92-00ea-4e36-aceb-79e371554acc (125000),2026-08-24T12:43:00.964Z,payment,d907cf92-00ea-4e36-aceb-79e371554acc
history,026abed1-da54-4f08-bd47-506a47758333,Algeria 1MW with Stargate,,,,,,,,,,2026-08-24T12:43:07.954Z,,,,,,,,,,,,,,,,,,,,,,,,,,,,,,,,,,46fb2f95-7c3d-40ed-86a1-2f75f5f64da0,true,u-andrew,Ivan,create,,,125000,Algeria 1MW with Stargate: added payment cb8f7f16-72eb-4fbc-9de2-d47714d0e7b2 (125000),2026-08-24T12:43:07.954Z,payment,cb8f7f16-72eb-4fbc-9de2-d47714d0e7b2
history,026abed1-da54-4f08-bd47-506a47758333,Algeria 1MW with Stargate,,,,,,,,,,2026-08-24T12:43:12.847Z,,,,,,,,,,,,,,,,,,,,,,,,,,,,,,,,,,990aba1a-940c-4eeb-bc54-a957a385f3c9,true,u-andrew,Ivan,create,,,125000,Algeria 1MW with Stargate: added payment aa93e760-fa03-4eca-be28-cd72a7b0e37c (125000),2026-08-24T12:43:12.847Z,payment,aa93e760-fa03-4eca-be28-cd72a7b0e37c
history,026abed1-da54-4f08-bd47-506a47758333,Algeria 1MW with Stargate,,,,,,,,,,2026-08-24T12:43:54.489Z,,,,,,,,,,,,,,,,,,,,,,,,,,,,,,,,,,e571ef39-f9b7-4403-a51f-68a3fdce4ce6,true,u-andrew,Ivan,create,,,62500,Algeria 1MW with Stargate: added payment ca54fd18-7837-4407-a53a-4023fd5ecf8c (62500),2026-08-24T12:43:54.489Z,payment,ca54fd18-7837-4407-a53a-4023fd5ecf8c
history,026abed1-da54-4f08-bd47-506a47758333,Algeria 1MW with Stargate,,,,,,,,,,2026-08-24T12:43:59.859Z,,,,,,,,,,,,,,,,,,,,,,,,,,,,,,,,,,4f4f43bd-da79-44c2-8d94-6ba840eac397,true,u-andrew,Ivan,create,,,62500,Algeria 1MW with Stargate: added payment 2f8e7a3b-e5fb-4c29-8894-fd9c08cb6649 (62500),2026-08-24T12:43:59.859Z,payment,2f8e7a3b-e5fb-4c29-8894-fd9c08cb6649
history,026abed1-da54-4f08-bd47-506a47758333,Algeria 1MW with Stargate,,,,,,,,,,2026-08-24T12:44:45.082Z,,,,,,,,,,,,,,,,,,,,,,,,,,,,,,,,,,02f3d0bb-dd66-44e8-aa05-5f9753bb743a,true,u-andrew,Ivan,update,max_materials_expense,,800000,Algeria 1MW with Stargate: max_materials_expense — → 800000,2026-08-24T12:44:45.082Z,project_financials,026abed1-da54-4f08-bd47-506a47758333
history,,,,,,,,,,,,2026-08-24T12:48:58.741Z,,,,,,,,,,,,,,,,,,,,,,,,,,,,,,,,,,d9e125f3-ec41-49e2-b52f-dc54b3559dd8,true,u-andrew,Ivan,import,,,35,"Imported financial CSV (35 projects matched, 91 history rows, 2 warehouse lots, 5 sklad maps)",2026-08-24T12:48:58.741Z,financial_csv,import
history,,,,,,,,,,,,2026-08-24T12:49:50.375Z,,,,,,,,,,,,,,,,,,,,,,,,,,,,,,,,,,bd8ac682-0b8b-45f1-ac94-b57107eac3e9,true,u-andrew,Ivan,import,,,35,"Imported financial CSV (35 projects matched, 91 history rows, 2 warehouse lots, 5 sklad maps)",2026-08-24T12:49:50.375Z,financial_csv,import
history,ab827b1d-b692-42ce-9b0e-265e34358715,ICODOS w/ Stargate,,,,,,,,,,2026-08-24T12:51:29.677Z,,,,,,,,,,,,,,,,,,,,,,,,,,,,,,,,,,ee3fd7cd-860f-4e84-af7d-51a225fc87b4,true,u-andrew,Ivan,update,contract_value,,700000,ICODOS w/ Stargate: contract_value — → 700000,2026-08-24T12:51:29.677Z,project_financials,ab827b1d-b692-42ce-9b0e-265e34358715
history,026abed1-da54-4f08-bd47-506a47758333,Algeria 1MW with Stargate,,,,,,,,,,2026-08-24T12:56:48.523Z,,,,,,,,,,,,,,,,,,,,,,,,,,,,,,,,,,13bff560-76be-4ec4-8dd5-47902f221702,true,u-andrew,Ivan,create,,,800000,Algeria 1MW with Stargate: generated 6 manufacture materials expenses from income,2026-08-24T12:56:48.523Z,expense,0c0be1bd-a604-4ae0-9958-1fce0a446145
history,,,,,,,,,,,,2026-08-24T12:59:08.489Z,,,,,,,,,,,,,,,,,,,,,,,,,,,,,,,,,,332905d9-36ed-4839-87c4-6c59e3a9aa4c,true,u-andrew,Ivan,import,,,35,"Imported financial CSV (35 projects matched, 91 history rows, 2 warehouse lots, 5 sklad maps)",2026-08-24T12:59:08.489Z,financial_csv,import
history,,,,,,,,,,,,2026-08-24T13:00:24.762Z,,,,,,,,,,,,,,,,,,,,,,,,,,,,,,,,,,c80dc2f4-0acd-4832-841f-b5f2eb9fcc02,true,u-andrew,Ivan,import,,,35,"Imported financial CSV (35 projects matched, 91 history rows, 2 warehouse lots, 5 sklad maps)",2026-08-24T13:00:24.762Z,financial_csv,import
history,ab827b1d-b692-42ce-9b0e-265e34358715,ICODOS w/ Stargate,,,,,,,,,,2026-08-24T13:00:29.283Z,,,,,,,,,,,,,,,,,,,,,,,,,,,,,,,,,,bb43bbd4-4866-4b8b-8ec1-3ed2d39242a0,true,u-andrew,Ivan,update,contract_value,,700000,ICODOS w/ Stargate: contract_value — → 700000,2026-08-24T13:00:29.283Z,project_financials,ab827b1d-b692-42ce-9b0e-265e34358715
history,,,,,,,,,,,,2026-08-24T13:00:39.315Z,,,,,,,,,,,,,,,,,,,,,,,,,,,,,,,,,,fe3ffeb0-2166-4dc6-87a6-33d69582d14f,true,u-andrew,Ivan,import,,,35,"Imported financial CSV (35 projects matched, 98 history rows, 2 warehouse lots, 5 sklad maps)",2026-08-24T13:00:39.315Z,financial_csv,import
history,ab827b1d-b692-42ce-9b0e-265e34358715,ICODOS w/ Stargate,,,,,,,,,,2026-08-24T13:00:49.435Z,,,,,,,,,,,,,,,,,,,,,,,,,,,,,,,,,,224398bf-6f77-45fe-8821-807327ab2d52,true,u-andrew,Ivan,create,,,420000,ICODOS w/ Stargate: added payment 40783b41-367c-44e7-8e21-8bfa0baed809 (420000),2026-08-24T13:00:49.435Z,payment,40783b41-367c-44e7-8e21-8bfa0baed809
history,ab827b1d-b692-42ce-9b0e-265e34358715,ICODOS w/ Stargate,,,,,,,,,,2026-08-24T13:01:10.176Z,,,,,,,,,,,,,,,,,,,,,,,,,,,,,,,,,,f0b6d9b3-9f39-4a81-82d3-84f046d6d091,true,u-andrew,Ivan,create,,,70000,ICODOS w/ Stargate: added payment 06e921c5-f69e-4abf-b223-99215404ab7d (70000),2026-08-24T13:01:10.176Z,payment,06e921c5-f69e-4abf-b223-99215404ab7d
history,ab827b1d-b692-42ce-9b0e-265e34358715,ICODOS w/ Stargate,,,,,,,,,,2026-08-24T13:01:18.291Z,,,,,,,,,,,,,,,,,,,,,,,,,,,,,,,,,,5836bd52-9463-45ee-968b-8e9007ba79b9,true,u-andrew,Ivan,create,,,70000,ICODOS w/ Stargate: added payment af396fd1-e9a4-472e-b30b-875fec832aa9 (70000),2026-08-24T13:01:18.291Z,payment,af396fd1-e9a4-472e-b30b-875fec832aa9
history,ab827b1d-b692-42ce-9b0e-265e34358715,ICODOS w/ Stargate,,,,,,,,,,2026-08-24T13:01:26.125Z,,,,,,,,,,,,,,,,,,,,,,,,,,,,,,,,,,fbd5ea02-df2c-4a03-8283-d61aef057185,true,u-andrew,Ivan,create,,,70000,ICODOS w/ Stargate: added payment 3b48f2c8-8cac-4e0d-8c15-2e83d314c9c9 (70000),2026-08-24T13:01:26.125Z,payment,3b48f2c8-8cac-4e0d-8c15-2e83d314c9c9
history,ab827b1d-b692-42ce-9b0e-265e34358715,ICODOS w/ Stargate,,,,,,,,,,2026-08-24T13:01:43.548Z,,,,,,,,,,,,,,,,,,,,,,,,,,,,,,,,,,f79992e0-6e8c-40fd-be3d-a5b888df0ee0,true,u-andrew,Ivan,create,,,35000,ICODOS w/ Stargate: added payment ad5853e5-4777-40ce-81f3-e363b309071b (35000),2026-08-24T13:01:43.548Z,payment,ad5853e5-4777-40ce-81f3-e363b309071b
history,ab827b1d-b692-42ce-9b0e-265e34358715,ICODOS w/ Stargate,,,,,,,,,,2026-08-24T13:01:48.191Z,,,,,,,,,,,,,,,,,,,,,,,,,,,,,,,,,,8045af96-c260-45c3-89d3-7419e992c36b,true,u-andrew,Ivan,create,,,35000,ICODOS w/ Stargate: added payment 85ed1576-ccb8-4594-a657-d7122adde169 (35000),2026-08-24T13:01:48.191Z,payment,85ed1576-ccb8-4594-a657-d7122adde169
history,ab827b1d-b692-42ce-9b0e-265e34358715,ICODOS w/ Stargate,,,,,,,,,,2026-08-24T13:01:54.909Z,,,,,,,,,,,,,,,,,,,,,,,,,,,,,,,,,,fbd844cc-6a05-4f65-92b2-8b10b94fbcac,true,u-andrew,Ivan,update,max_materials_expense,,0,ICODOS w/ Stargate: max_materials_expense — → 0,2026-08-24T13:01:54.909Z,project_financials,ab827b1d-b692-42ce-9b0e-265e34358715
history,ab827b1d-b692-42ce-9b0e-265e34358715,ICODOS w/ Stargate,,,,,,,,,,2026-08-24T13:02:46.992Z,,,,,,,,,,,,,,,,,,,,,,,,,,,,,,,,,,c1e29489-f491-4d25-9428-f7633a8b555f,true,u-andrew,Ivan,update,max_materials_expense,0,500000,ICODOS w/ Stargate: max_materials_expense 0 → 500000,2026-08-24T13:02:46.992Z,project_financials,ab827b1d-b692-42ce-9b0e-265e34358715
history,ab827b1d-b692-42ce-9b0e-265e34358715,ICODOS w/ Stargate,,,,,,,,,,2026-08-24T13:02:47.977Z,,,,,,,,,,,,,,,,,,,,,,,,,,,,,,,,,,9fcc66ab-b0a4-4776-863d-d79f3ab21582,true,u-andrew,Ivan,create,,,500000,ICODOS w/ Stargate: generated 6 manufacture materials expenses from income,2026-08-24T13:02:47.977Z,expense,12d8e67b-e2e5-4bb2-97b4-bf8a6afe2fc0
history,,,,,,,,,,,,2026-08-24T13:26:09.984Z,,,,,,,,,,,,,,,,,,,,,,,,,,,,,,,,,,43c49171-7a01-4726-bf7c-8b5af5a2d911,true,u-andrew,Ivan,import,,,35,"Imported financial CSV (35 projects matched, 108 history rows, 2 warehouse lots, 5 sklad maps)",2026-08-24T13:26:09.984Z,financial_csv,import
history,,,,,,,,,,,,2026-08-24T13:26:17.011Z,,,,,,,,,,,,,,,,,,,,,,,,,,,,,,,,,,3fa80401-6469-414b-9402-d3dbbc4aa171,true,u-andrew,Ivan,import,,,35,"Imported financial CSV (35 projects matched, 108 history rows, 2 warehouse lots, 5 sklad maps)",2026-08-24T13:26:17.011Z,financial_csv,import
history,026abed1-da54-4f08-bd47-506a47758333,Algeria 1MW with Stargate,,,,,,,,,,2026-08-24T13:26:20.473Z,,,,,,,,,,,,,,,,,,,,,,,,,,,,,,,,,,a0d0e36f-2b46-42f2-8446-c22332d799dc,true,u-andrew,Ivan,create,,,800000,Algeria 1MW with Stargate: generated 6 manufacture materials expenses from income,2026-08-24T13:26:20.473Z,expense,7f775cc9-bb96-44e0-9395-79eadb28397b
history,,,,,,,,,,,,2026-08-24T13:26:32.287Z,,,,,,,,,,,,,,,,,,,,,,,,,,,,,,,,,,1ebb6632-76c2-424e-a5e9-89042574222f,true,u-andrew,Ivan,import,,,35,"Imported financial CSV (35 projects matched, 111 history rows, 2 warehouse lots, 5 sklad maps)",2026-08-24T13:26:32.287Z,financial_csv,import
history,b2fd32ac-9d24-4ac4-8092-a5a106618c96,Ceramika PARADYŻ from Jersey,,,,,,,,,,2026-08-24T13:26:49.593Z,,,,,,,,,,,,,,,,,,,,,,,,,,,,,,,,,,e461979a-9cbe-431b-aa08-1089de658a4f,true,u-andrew,Ivan,create,,,1000000,Ceramika PARADYŻ from Jersey: generated 6 income lines from schedule,2026-08-24T13:26:49.593Z,payment,1d574f83-2744-4b39-9b70-7bb301da0aef
history,b2fd32ac-9d24-4ac4-8092-a5a106618c96,Ceramika PARADYŻ from Jersey,,,,,,,,,,2026-08-24T13:28:05.079Z,,,,,,,,,,,,,,,,,,,,,,,,,,,,,,,,,,9de16189-5b0a-4723-bf40-a7337e297488,true,u-andrew,Ivan,update,max_materials_expense,,260000,Ceramika PARADYŻ from Jersey: max_materials_expense — → 260000,2026-08-24T13:28:05.079Z,project_financials,b2fd32ac-9d24-4ac4-8092-a5a106618c96
history,b2fd32ac-9d24-4ac4-8092-a5a106618c96,Ceramika PARADYŻ from Jersey,,,,,,,,,,2026-08-24T13:28:07.344Z,,,,,,,,,,,,,,,,,,,,,,,,,,,,,,,,,,2df3d9e1-254f-46d9-81f8-3151afbd001c,true,u-andrew,Ivan,create,,,260000,Ceramika PARADYŻ from Jersey: generated 6 manufacture materials expenses from income,2026-08-24T13:28:07.344Z,expense,764337ab-de52-4d7b-8789-b13565db946a
history,ab827b1d-b692-42ce-9b0e-265e34358715,ICODOS w/ Stargate,,,,,,,,,,2026-08-24T13:29:02.858Z,,,,,,,,,,,,,,,,,,,,,,,,,,,,,,,,,,5c401aae-186a-44b8-a1d4-b2257ea1c595,true,u-andrew,Ivan,update,max_materials_expense,500000,380,ICODOS w/ Stargate: max_materials_expense 500000 → 380,2026-08-24T13:29:02.858Z,project_financials,ab827b1d-b692-42ce-9b0e-265e34358715
history,ab827b1d-b692-42ce-9b0e-265e34358715,ICODOS w/ Stargate,,,,,,,,,,2026-08-24T13:29:05.647Z,,,,,,,,,,,,,,,,,,,,,,,,,,,,,,,,,,3ffc1572-df03-4415-9d29-661578ba16db,true,u-andrew,Ivan,delete,,300000,,ICODOS w/ Stargate: deleted expense Manufacture materials (300000),2026-08-24T13:29:05.647Z,expense,12d8e67b-e2e5-4bb2-97b4-bf8a6afe2fc0
history,ab827b1d-b692-42ce-9b0e-265e34358715,ICODOS w/ Stargate,,,,,,,,,,2026-08-24T13:29:06.163Z,,,,,,,,,,,,,,,,,,,,,,,,,,,,,,,,,,9d02ea06-40ce-4b21-84b4-5aab02e0e172,true,u-andrew,Ivan,delete,,50000,,ICODOS w/ Stargate: deleted expense Manufacture materials (50000),2026-08-24T13:29:06.163Z,expense,e996953b-00d6-416e-bc81-82571ec9a536
history,ab827b1d-b692-42ce-9b0e-265e34358715,ICODOS w/ Stargate,,,,,,,,,,2026-08-24T13:29:06.510Z,,,,,,,,,,,,,,,,,,,,,,,,,,,,,,,,,,500ce816-a1a2-4c96-8b6a-c6a0070df795,true,u-andrew,Ivan,delete,,50000,,ICODOS w/ Stargate: deleted expense Manufacture materials (50000),2026-08-24T13:29:06.510Z,expense,eec30386-49a9-4ecf-a348-a917d334df3b
history,ab827b1d-b692-42ce-9b0e-265e34358715,ICODOS w/ Stargate,,,,,,,,,,2026-08-24T13:29:06.850Z,,,,,,,,,,,,,,,,,,,,,,,,,,,,,,,,,,25a5f924-1bf5-4730-8e8a-a2227e549cdf,true,u-andrew,Ivan,delete,,50000,,ICODOS w/ Stargate: deleted expense Manufacture materials (50000),2026-08-24T13:29:06.850Z,expense,441d4fed-e88c-4f00-b8be-e462f4703a24
history,ab827b1d-b692-42ce-9b0e-265e34358715,ICODOS w/ Stargate,,,,,,,,,,2026-08-24T13:29:07.247Z,,,,,,,,,,,,,,,,,,,,,,,,,,,,,,,,,,1f0ad399-2a21-417f-be14-6dcfb57d389d,true,u-andrew,Ivan,delete,,25000,,ICODOS w/ Stargate: deleted expense Manufacture materials (25000),2026-08-24T13:29:07.247Z,expense,14c04f84-68fc-41da-87b1-7dfaf9ebf0ff
history,ab827b1d-b692-42ce-9b0e-265e34358715,ICODOS w/ Stargate,,,,,,,,,,2026-08-24T13:29:07.650Z,,,,,,,,,,,,,,,,,,,,,,,,,,,,,,,,,,ac586ead-49b4-42ca-a088-0a4b43a2a4d7,true,u-andrew,Ivan,delete,,25000,,ICODOS w/ Stargate: deleted expense Manufacture materials (25000),2026-08-24T13:29:07.650Z,expense,b69ad975-1b4d-4740-bbbe-47971ff267d3
history,ab827b1d-b692-42ce-9b0e-265e34358715,ICODOS w/ Stargate,,,,,,,,,,2026-08-24T13:29:14.389Z,,,,,,,,,,,,,,,,,,,,,,,,,,,,,,,,,,5b9f4cc1-7127-4db0-90bd-334bb5c00ae5,true,u-andrew,Ivan,create,,,380,ICODOS w/ Stargate: generated 6 manufacture materials expenses from income,2026-08-24T13:29:14.389Z,expense,73f24ac1-0d1c-4be8-aec4-5d30ed78ab00
history,ab827b1d-b692-42ce-9b0e-265e34358715,ICODOS w/ Stargate,,,,,,,,,,2026-08-24T13:29:20.491Z,,,,,,,,,,,,,,,,,,,,,,,,,,,,,,,,,,c7b974db-28b4-4591-9f75-40cb1cb5050d,true,u-andrew,Ivan,update,max_materials_expense,380,380000,ICODOS w/ Stargate: max_materials_expense 380 → 380000,2026-08-24T13:29:20.491Z,project_financials,ab827b1d-b692-42ce-9b0e-265e34358715
history,ab827b1d-b692-42ce-9b0e-265e34358715,ICODOS w/ Stargate,,,,,,,,,,2026-08-24T13:29:21.130Z,,,,,,,,,,,,,,,,,,,,,,,,,,,,,,,,,,2f2680d9-bdb5-4fc6-ba8a-7a344b304e20,true,u-andrew,Ivan,create,,,380000,ICODOS w/ Stargate: generated 6 manufacture materials expenses from income,2026-08-24T13:29:21.130Z,expense,bcee8e8a-a2be-4dd7-89a6-b8e529ea23d9
history,ab827b1d-b692-42ce-9b0e-265e34358715,ICODOS w/ Stargate,,,,,,,,,,2026-08-24T13:29:22.922Z,,,,,,,,,,,,,,,,,,,,,,,,,,,,,,,,,,66e434dd-ef51-4128-94c9-e80751c3dc8e,true,u-andrew,Ivan,delete,,228,,ICODOS w/ Stargate: deleted expense Manufacture materials (228),2026-08-24T13:29:22.922Z,expense,73f24ac1-0d1c-4be8-aec4-5d30ed78ab00
history,ab827b1d-b692-42ce-9b0e-265e34358715,ICODOS w/ Stargate,,,,,,,,,,2026-08-24T13:29:23.322Z,,,,,,,,,,,,,,,,,,,,,,,,,,,,,,,,,,06295ab8-ca1b-409a-bae5-4d74be3bedd3,true,u-andrew,Ivan,delete,,228000,,ICODOS w/ Stargate: deleted expense Manufacture materials (228000),2026-08-24T13:29:23.322Z,expense,bcee8e8a-a2be-4dd7-89a6-b8e529ea23d9
history,ab827b1d-b692-42ce-9b0e-265e34358715,ICODOS w/ Stargate,,,,,,,,,,2026-08-24T13:29:23.594Z,,,,,,,,,,,,,,,,,,,,,,,,,,,,,,,,,,09fc42a5-a80f-4f58-969a-8f90e6a516f9,true,u-andrew,Ivan,delete,,38,,ICODOS w/ Stargate: deleted expense Manufacture materials (38),2026-08-24T13:29:23.594Z,expense,37e1a513-39f3-43fe-ac9e-7b7364d017ed
history,ab827b1d-b692-42ce-9b0e-265e34358715,ICODOS w/ Stargate,,,,,,,,,,2026-08-24T13:29:23.859Z,,,,,,,,,,,,,,,,,,,,,,,,,,,,,,,,,,670eb05b-952a-425f-b902-db3f3e8aa50d,true,u-andrew,Ivan,delete,,38000,,ICODOS w/ Stargate: deleted expense Manufacture materials (38000),2026-08-24T13:29:23.859Z,expense,9c24ef54-5ab4-47d3-923d-5fa224ac9b4f
history,ab827b1d-b692-42ce-9b0e-265e34358715,ICODOS w/ Stargate,,,,,,,,,,2026-08-24T13:29:24.078Z,,,,,,,,,,,,,,,,,,,,,,,,,,,,,,,,,,55bf273b-e58b-4de3-a355-7a2285261121,true,u-andrew,Ivan,delete,,38,,ICODOS w/ Stargate: deleted expense Manufacture materials (38),2026-08-24T13:29:24.078Z,expense,353409e8-059e-41cb-9626-7cdb00fa9ff7
history,ab827b1d-b692-42ce-9b0e-265e34358715,ICODOS w/ Stargate,,,,,,,,,,2026-08-24T13:29:24.320Z,,,,,,,,,,,,,,,,,,,,,,,,,,,,,,,,,,4d1fe29d-5cac-4e42-b77f-0cf5cd9a87b6,true,u-andrew,Ivan,delete,,38000,,ICODOS w/ Stargate: deleted expense Manufacture materials (38000),2026-08-24T13:29:24.320Z,expense,94c9b6e3-1a55-4be9-a7d1-9d38c6fa85cd
history,ab827b1d-b692-42ce-9b0e-265e34358715,ICODOS w/ Stargate,,,,,,,,,,2026-08-24T13:29:24.480Z,,,,,,,,,,,,,,,,,,,,,,,,,,,,,,,,,,891dc971-e45a-401a-9496-f0f3fb82e5ba,true,u-andrew,Ivan,delete,,38,,ICODOS w/ Stargate: deleted expense Manufacture materials (38),2026-08-24T13:29:24.480Z,expense,d3ab68bc-8e5a-4eb2-98ea-a8c1abaf621b
history,ab827b1d-b692-42ce-9b0e-265e34358715,ICODOS w/ Stargate,,,,,,,,,,2026-08-24T13:29:24.640Z,,,,,,,,,,,,,,,,,,,,,,,,,,,,,,,,,,6495405e-1443-4f78-8483-c5bd958b526a,true,u-andrew,Ivan,delete,,38000,,ICODOS w/ Stargate: deleted expense Manufacture materials (38000),2026-08-24T13:29:24.640Z,expense,10518dcd-1950-494b-8347-e2df4e74a194
history,ab827b1d-b692-42ce-9b0e-265e34358715,ICODOS w/ Stargate,,,,,,,,,,2026-08-24T13:29:25.012Z,,,,,,,,,,,,,,,,,,,,,,,,,,,,,,,,,,f1d587c1-7cab-4edd-91a2-85c96baa6ca8,true,u-andrew,Ivan,delete,,19,,ICODOS w/ Stargate: deleted expense Manufacture materials (19),2026-08-24T13:29:25.012Z,expense,2e233b54-f9a7-4103-be97-539989c0c866
history,ab827b1d-b692-42ce-9b0e-265e34358715,ICODOS w/ Stargate,,,,,,,,,,2026-08-24T13:29:25.148Z,,,,,,,,,,,,,,,,,,,,,,,,,,,,,,,,,,9d31b7b7-f71c-418c-bcd5-8b8de9b5a193,true,u-andrew,Ivan,delete,,19000,,ICODOS w/ Stargate: deleted expense Manufacture materials (19000),2026-08-24T13:29:25.148Z,expense,05a5231f-704e-4813-801d-5fd31178c0b4
history,ab827b1d-b692-42ce-9b0e-265e34358715,ICODOS w/ Stargate,,,,,,,,,,2026-08-24T13:29:25.544Z,,,,,,,,,,,,,,,,,,,,,,,,,,,,,,,,,,8d18b270-d013-42d2-b44c-d32bdb104c98,true,u-andrew,Ivan,delete,,19,,ICODOS w/ Stargate: deleted expense Manufacture materials (19),2026-08-24T13:29:25.544Z,expense,ceb67900-e629-4986-aafc-55b19f67f6a6
history,ab827b1d-b692-42ce-9b0e-265e34358715,ICODOS w/ Stargate,,,,,,,,,,2026-08-24T13:29:25.908Z,,,,,,,,,,,,,,,,,,,,,,,,,,,,,,,,,,a6b443dc-c427-46d3-805b-decbab53f85c,true,u-andrew,Ivan,delete,,19000,,ICODOS w/ Stargate: deleted expense Manufacture materials (19000),2026-08-24T13:29:25.908Z,expense,2b0b8593-8dad-4a83-8598-8dcbd8c73ed2
history,ab827b1d-b692-42ce-9b0e-265e34358715,ICODOS w/ Stargate,,,,,,,,,,2026-08-24T13:29:31.124Z,,,,,,,,,,,,,,,,,,,,,,,,,,,,,,,,,,7b3fcb04-4c14-4bd7-b90c-963d3f59590e,true,u-andrew,Ivan,create,,,380000,ICODOS w/ Stargate: generated 6 manufacture materials expenses from income,2026-08-24T13:29:31.124Z,expense,e1d19d1a-6f9f-465e-9ece-9ccd000c2b7f
history,ee31a7e1-aefd-4127-ad3b-59b67c688e04,Bestway Chawal Cement Plant,,,,,,,,,,2026-08-24T13:32:58.398Z,,,,,,,,,,,,,,,,,,,,,,,,,,,,,,,,,,7421887e-539d-4a41-8db8-440de8905697,true,u-andrew,Ivan,delete,,360000,,Bestway Chawal Cement Plant: deleted expense Costs Â· Prepayment (360000),2026-08-24T13:32:58.398Z,expense,fe63b11c-1114-448c-bbcc-b920cde3c34e
history,ee31a7e1-aefd-4127-ad3b-59b67c688e04,Bestway Chawal Cement Plant,,,,,,,,,,2026-08-24T13:32:58.790Z,,,,,,,,,,,,,,,,,,,,,,,,,,,,,,,,,,35632b57-05dc-4683-b0cc-59748bb2c1f2,true,u-andrew,Ivan,delete,,90000,,Bestway Chawal Cement Plant: deleted expense Costs Â· Design approval (90000),2026-08-24T13:32:58.790Z,expense,3f4af79f-66df-4a2d-ba9d-eda1af46008b
history,ee31a7e1-aefd-4127-ad3b-59b67c688e04,Bestway Chawal Cement Plant,,,,,,,,,,2026-08-24T13:32:58.942Z,,,,,,,,,,,,,,,,,,,,,,,,,,,,,,,,,,428f533f-33ae-41d7-a06f-407d172ebcef,true,u-andrew,Ivan,delete,,90000,,Bestway Chawal Cement Plant: deleted expense Costs Â· Engineering done (90000),2026-08-24T13:32:58.942Z,expense,f2411975-c6b5-4f77-a602-35781f786bcc
history,ee31a7e1-aefd-4127-ad3b-59b67c688e04,Bestway Chawal Cement Plant,,,,,,,,,,2026-08-24T13:32:59.098Z,,,,,,,,,,,,,,,,,,,,,,,,,,,,,,,,,,64358f8a-e7d6-4907-baec-f23e527706c0,true,u-andrew,Ivan,delete,,90000,,Bestway Chawal Cement Plant: deleted expense SAT (90000),2026-08-24T13:32:59.098Z,expense,aa479e33-4f5e-4bf6-966e-d8dfa1ddb16e
history,ee31a7e1-aefd-4127-ad3b-59b67c688e04,Bestway Chawal Cement Plant,,,,,,,,,,2026-08-24T13:32:59.474Z,,,,,,,,,,,,,,,,,,,,,,,,,,,,,,,,,,1f11b472-2900-4286-b459-08ecea95be18,true,u-andrew,Ivan,delete,,180000,,Bestway Chawal Cement Plant: deleted expense Costs Â· FAT (180000),2026-08-24T13:32:59.474Z,expense,87ce27e9-f426-4984-855b-9402dd7525f9
history,ee31a7e1-aefd-4127-ad3b-59b67c688e04,Bestway Chawal Cement Plant,,,,,,,,,,2026-08-24T13:32:59.778Z,,,,,,,,,,,,,,,,,,,,,,,,,,,,,,,,,,1b0597cf-1998-4480-9e96-3dc6056f552a,true,u-andrew,Ivan,delete,,90000,,Bestway Chawal Cement Plant: deleted expense FAC (90000),2026-08-24T13:32:59.778Z,expense,a814d5d4-1e34-4a01-b709-c92c5997bfca
history,ee31a7e1-aefd-4127-ad3b-59b67c688e04,Bestway Chawal Cement Plant,,,,,,,,,,2026-08-24T13:33:30.506Z,,,,,,,,,,,,,,,,,,,,,,,,,,,,,,,,,,c5c80b54-d788-4185-a42a-8089f4626ac9,true,u-andrew,Ivan,update,max_materials_expense,,780000,Bestway Chawal Cement Plant: max_materials_expense — → 780000,2026-08-24T13:33:30.506Z,project_financials,ee31a7e1-aefd-4127-ad3b-59b67c688e04
history,ee31a7e1-aefd-4127-ad3b-59b67c688e04,Bestway Chawal Cement Plant,,,,,,,,,,2026-08-24T13:33:31.515Z,,,,,,,,,,,,,,,,,,,,,,,,,,,,,,,,,,da5f9451-aac5-4949-8da7-27913798e91e,true,u-andrew,Ivan,create,,,780000,Bestway Chawal Cement Plant: generated 6 manufacture materials expenses from income,2026-08-24T13:33:31.515Z,expense,27c73d89-59d7-434e-8690-4dde455ce267
history,ee31a7e1-aefd-4127-ad3b-59b67c688e04,Bestway Chawal Cement Plant,,,,,,,,,,2026-08-24T13:34:01.695Z,,,,,,,,,,,,,,,,,,,,,,,,,,,,,,,,,,51af760d-4a33-40e3-a4c3-3326827bf9b0,true,u-andrew,Ivan,create,,,200000,Bestway Chawal Cement Plant: added expense Success fee (200000),2026-08-24T13:34:01.695Z,expense,39f60e7e-3148-4c0d-87d0-107315d51714
history,ee31a7e1-aefd-4127-ad3b-59b67c688e04,Bestway Chawal Cement Plant,,,,,,,,,,2026-08-24T13:34:57.448Z,,,,,,,,,,,,,,,,,,,,,,,,,,,,,,,,,,3d0bb482-fdf8-4abc-bde0-73a7379ee225,true,u-andrew,Ivan,create,,,100000,Bestway Chawal Cement Plant: added expense a8f3bba9-bdca-4815-aa01-5800bc9837f1 (100000),2026-08-24T13:34:57.448Z,expense,a8f3bba9-bdca-4815-aa01-5800bc9837f1
history,,,,,,,,,,,,2026-08-24T13:35:26.554Z,,,,,,,,,,,,,,,,,,,,,,,,,,,,,,,,,,ecf04182-dc57-412b-9386-53d41b3c5151,true,u-andrew,Ivan,import,,,35,"Imported financial CSV (35 projects matched, 148 history rows, 2 warehouse lots, 5 sklad maps)",2026-08-24T13:35:26.554Z,financial_csv,import
history,,,,,,,,,,,,2026-08-24T13:41:34.200Z,,,,,,,,,,,,,,,,,,,,,,,,,,,,,,,,,,83492393-12cd-462d-bcd3-d84f70f481a2,true,u-andrew,Ivan,import,,,35,"Imported financial CSV (35 projects matched, 148 history rows, 2 warehouse lots, 5 sklad maps)",2026-08-24T13:41:34.200Z,financial_csv,import
history,,,,,,,,,,,,2026-08-24T13:59:57.041Z,,,,,,,,,,,,,,,,,,,,,,,,,,,,,,,,,,c240319e-fbb5-4294-a5f9-97e9b7d11f7a,true,u-andrew,Ivan,import,,,35,"Imported financial CSV (35 projects matched, 150 history rows, 2 warehouse lots, 5 sklad maps)",2026-08-24T13:59:57.041Z,financial_csv,import
history,,,,,,,,,,,,2026-08-24T14:29:53.593Z,,,,,,,,,,,,,,,,,,,,,,,,,,,,,,,,,,582685b0-9f5d-4d02-9fbd-95a2a52eede8,true,u-andrew,Ivan,import,,,35,"Imported financial CSV (35 projects matched, 150 history rows, 2 warehouse lots, 5 sklad maps)",2026-08-24T14:29:53.593Z,financial_csv,import
history,,,,,,,,,,,,2026-08-24T14:30:07.291Z,,,,,,,,,,,,,,,,,,,,,,,,,,,,,,,,,,cf6251b2-a28d-49c0-8ffa-b4b848b836d3,true,u-andrew,Ivan,import,,,35,"Imported financial CSV (35 projects matched, 150 history rows, 2 warehouse lots, 5 sklad maps)",2026-08-24T14:30:07.291Z,financial_csv,import
history,00dfd447-c3fa-4085-b87d-c73a96520219,Brikel,,,,,,,,,,2026-08-24T14:31:06.582Z,,,,,,,,,,,,,,,,,,,,,,,,,,,,,,,,,,eed4942f-b518-459c-b1b4-d097eede31c3,true,u-andrew,Ivan,update,contract_value,,583,Brikel: contract_value — → 583,2026-08-24T14:31:06.582Z,project_financials,00dfd447-c3fa-4085-b87d-c73a96520219
history,00dfd447-c3fa-4085-b87d-c73a96520219,Brikel,,,,,,,,,,2026-08-24T14:32:11.627Z,,,,,,,,,,,,,,,,,,,,,,,,,,,,,,,,,,339ce4cb-dc9d-4659-b454-a2fb39c137cb,true,u-andrew,Ivan,update,opex_value,,34250,Brikel: opex_value — → 34250,2026-08-24T14:32:11.627Z,project_financials,00dfd447-c3fa-4085-b87d-c73a96520219
history,00dfd447-c3fa-4085-b87d-c73a96520219,Brikel,,,,,,,,,,2026-08-24T14:32:48.285Z,,,,,,,,,,,,,,,,,,,,,,,,,,,,,,,,,,1f200b29-620c-4736-b1ba-788c3602f2a6,true,u-andrew,Ivan,update,opex_expense_percent,,80,Brikel: opex_expense_percent — → 80,2026-08-24T14:32:48.285Z,project_financials,00dfd447-c3fa-4085-b87d-c73a96520219
history,00dfd447-c3fa-4085-b87d-c73a96520219,Brikel,,,,,,,,,,2026-08-24T14:32:55.554Z,,,,,,,,,,,,,,,,,,,,,,,,,,,,,,,,,,f9e6a8ee-6355-486a-9ae3-92fd3e888049,true,u-andrew,Ivan,update,warranty_years,,0,Brikel: warranty_years — → 0,2026-08-24T14:32:55.554Z,project_financials,00dfd447-c3fa-4085-b87d-c73a96520219
history,00dfd447-c3fa-4085-b87d-c73a96520219,Brikel,,,,,,,,,,2026-08-24T14:33:11.381Z,,,,,,,,,,,,,,,,,,,,,,,,,,,,,,,,,,e7944aa7-115e-4f86-a2de-169af2d5fc50,true,u-andrew,Ivan,update,system_lifetime_years,,2,Brikel: system_lifetime_years — → 2,2026-08-24T14:33:11.381Z,project_financials,00dfd447-c3fa-4085-b87d-c73a96520219
history,00dfd447-c3fa-4085-b87d-c73a96520219,Brikel,,,,,,,,,,2026-08-24T14:33:14.111Z,,,,,,,,,,,,,,,,,,,,,,,,,,,,,,,,,,5cb7756e-4371-402b-b8bc-73e1beb157eb,true,u-andrew,Ivan,create,,,34250,"Brikel: generated OPEX schedule (2 income, 2 expense) from installation complete",2026-08-24T14:33:14.111Z,payment,49c0b561-5772-433f-a1e8-84196d87faae
history,00dfd447-c3fa-4085-b87d-c73a96520219,Brikel,,,,,,,,,,2026-08-24T14:33:25.068Z,,,,,,,,,,,,,,,,,,,,,,,,,,,,,,,,,,110cf05a-a0a9-4db8-8c49-fd0aac5203b6,true,u-andrew,Ivan,update,system_lifetime_years,2,3,Brikel: system_lifetime_years 2 → 3,2026-08-24T14:33:25.068Z,project_financials,00dfd447-c3fa-4085-b87d-c73a96520219
history,00dfd447-c3fa-4085-b87d-c73a96520219,Brikel,,,,,,,,,,2026-08-24T14:33:25.162Z,,,,,,,,,,,,,,,,,,,,,,,,,,,,,,,,,,03b354c6-07b3-4497-bd65-174d21e0ecdc,true,u-andrew,Ivan,create,,,34250,"Brikel: generated OPEX schedule (3 income, 3 expense) from installation complete",2026-08-24T14:33:25.162Z,payment,8ac561f6-bbf4-4545-ab55-dfcfef8edc5a
history,00dfd447-c3fa-4085-b87d-c73a96520219,Brikel,,,,,,,,,,2026-08-24T14:33:30.266Z,,,,,,,,,,,,,,,,,,,,,,,,,,,,,,,,,,6711f3be-68ad-4fe0-94cc-553f1483c2a0,true,u-andrew,Ivan,update,system_lifetime_years,3,2,Brikel: system_lifetime_years 3 → 2,2026-08-24T14:33:30.266Z,project_financials,00dfd447-c3fa-4085-b87d-c73a96520219
history,00dfd447-c3fa-4085-b87d-c73a96520219,Brikel,,,,,,,,,,2026-08-24T14:33:30.358Z,,,,,,,,,,,,,,,,,,,,,,,,,,,,,,,,,,a51501ef-49ce-4f20-bf19-3ea046c37198,true,u-andrew,Ivan,create,,,34250,"Brikel: generated OPEX schedule (2 income, 2 expense) from installation complete",2026-08-24T14:33:30.358Z,payment,cfdf1009-41c7-4d25-800e-8b9056a3a3c0
history,00dfd447-c3fa-4085-b87d-c73a96520219,Brikel,,,,,,,,,,2026-08-24T14:34:46.945Z,,,,,,,,,,,,,,,,,,,,,,,,,,,,,,,,,,f237f5c9-4553-48ee-8522-a4dc18a1097b,true,u-andrew,Ivan,update,contract_value,583,142500,Brikel: contract_value 583 → 142500,2026-08-24T14:34:46.945Z,project_financials,00dfd447-c3fa-4085-b87d-c73a96520219
history,00dfd447-c3fa-4085-b87d-c73a96520219,Brikel,,,,,,,,,,2026-08-24T14:34:49.731Z,,,,,,,,,,,,,,,,,,,,,,,,,,,,,,,,,,60b42102-b06f-4e09-87e5-24d14b3f70b3,true,u-andrew,Ivan,update,opex_value,34250,,Brikel: opex_value 34250 → —,2026-08-24T14:34:49.731Z,project_financials,00dfd447-c3fa-4085-b87d-c73a96520219
history,00dfd447-c3fa-4085-b87d-c73a96520219,Brikel,,,,,,,,,,2026-08-24T14:34:58.390Z,,,,,,,,,,,,,,,,,,,,,,,,,,,,,,,,,,faf8ae9d-d21e-4c8c-8426-980aa9eb96b5,true,u-andrew,Ivan,update,opex_value,,3562.5,Brikel: opex_value — → 3562.5,2026-08-24T14:34:58.390Z,project_financials,00dfd447-c3fa-4085-b87d-c73a96520219
history,00dfd447-c3fa-4085-b87d-c73a96520219,Brikel,,,,,,,,,,2026-08-24T14:35:40.051Z,,,,,,,,,,,,,,,,,,,,,,,,,,,,,,,,,,ce4dfa7a-1a8d-45d5-b549-247733758170,true,u-andrew,Ivan,delete,,34250,,Brikel: deleted payment OPEX · Year 1 (34250),2026-08-24T14:35:40.051Z,payment,cfdf1009-41c7-4d25-800e-8b9056a3a3c0
history,00dfd447-c3fa-4085-b87d-c73a96520219,Brikel,,,,,,,,,,2026-08-24T14:35:40.561Z,,,,,,,,,,,,,,,,,,,,,,,,,,,,,,,,,,504307d8-4044-4015-b0cf-7a2a217b7925,true,u-andrew,Ivan,delete,,34250,,Brikel: deleted payment OPEX · Year 2 (34250),2026-08-24T14:35:40.561Z,payment,7c996a05-9582-4ee5-8565-1ab3f7bfa500
history,00dfd447-c3fa-4085-b87d-c73a96520219,Brikel,,,,,,,,,,2026-08-24T14:35:42.909Z,,,,,,,,,,,,,,,,,,,,,,,,,,,,,,,,,,08b1c412-cbee-4d46-bb2c-d217cc711a35,true,u-andrew,Ivan,delete,,27400,,Brikel: deleted expense OPEX · Year 1 (27400),2026-08-24T14:35:42.909Z,expense,d47f5e8c-3a2f-4222-a223-897bec1f301e
history,00dfd447-c3fa-4085-b87d-c73a96520219,Brikel,,,,,,,,,,2026-08-24T14:35:43.531Z,,,,,,,,,,,,,,,,,,,,,,,,,,,,,,,,,,f9bdf136-0534-4fec-9055-5704dc9e1bff,true,u-andrew,Ivan,delete,,27400,,Brikel: deleted expense OPEX · Year 2 (27400),2026-08-24T14:35:43.531Z,expense,f5dd0b2c-4eba-421d-a1d7-62e013c790bf
history,00dfd447-c3fa-4085-b87d-c73a96520219,Brikel,,,,,,,,,,2026-08-24T14:36:42.292Z,,,,,,,,,,,,,,,,,,,,,,,,,,,,,,,,,,2d2d5e22-e729-489e-a408-6489a13b8923,true,u-andrew,Ivan,update,opex_value,3562.5,3750,Brikel: opex_value 3562.5 → 3750,2026-08-24T14:36:42.292Z,project_financials,00dfd447-c3fa-4085-b87d-c73a96520219
history,00dfd447-c3fa-4085-b87d-c73a96520219,Brikel,,,,,,,,,,2026-08-24T14:36:51.380Z,,,,,,,,,,,,,,,,,,,,,,,,,,,,,,,,,,f7f21073-e750-47e6-a051-66f95ba24692,true,u-andrew,Ivan,update,warranty_years,0,1,Brikel: warranty_years 0 → 1,2026-08-24T14:36:51.380Z,project_financials,00dfd447-c3fa-4085-b87d-c73a96520219
history,00dfd447-c3fa-4085-b87d-c73a96520219,Brikel,,,,,,,,,,2026-08-24T14:37:01.998Z,,,,,,,,,,,,,,,,,,,,,,,,,,,,,,,,,,a3ecc989-30b2-4e48-bc33-5783d157feee,true,u-andrew,Ivan,update,system_lifetime_years,2,15,Brikel: system_lifetime_years 2 → 15,2026-08-24T14:37:01.998Z,project_financials,00dfd447-c3fa-4085-b87d-c73a96520219
history,00dfd447-c3fa-4085-b87d-c73a96520219,Brikel,,,,,,,,,,2026-08-24T14:37:05.866Z,,,,,,,,,,,,,,,,,,,,,,,,,,,,,,,,,,8a21c506-575f-4d89-8d7f-4772f2be862c,true,u-andrew,Ivan,create,,,3750,"Brikel: generated OPEX schedule (14 income, 15 expense) from installation complete",2026-08-24T14:37:05.866Z,payment,5fac2628-2b1f-42a8-ab5b-89f4af34913f
history,00dfd447-c3fa-4085-b87d-c73a96520219,Brikel,,,,,,,,,,2026-08-24T14:37:16.589Z,,,,,,,,,,,,,,,,,,,,,,,,,,,,,,,,,,93119eb1-3e0d-462b-a834-38a7e597f82c,true,u-andrew,Ivan,delete,,3750,,Brikel: deleted payment OPEX · Year 2 (3750),2026-08-24T14:37:16.589Z,payment,5fac2628-2b1f-42a8-ab5b-89f4af34913f
history,00dfd447-c3fa-4085-b87d-c73a96520219,Brikel,,,,,,,,,,2026-08-24T14:37:16.999Z,,,,,,,,,,,,,,,,,,,,,,,,,,,,,,,,,,1b452b2f-ce8d-43f3-b00f-b848c6f435c9,true,u-andrew,Ivan,delete,,3750,,Brikel: deleted payment OPEX · Year 3 (3750),2026-08-24T14:37:16.999Z,payment,efb31ab4-bb28-4f33-b78a-ceb8f0f073af
history,00dfd447-c3fa-4085-b87d-c73a96520219,Brikel,,,,,,,,,,2026-08-24T14:37:17.163Z,,,,,,,,,,,,,,,,,,,,,,,,,,,,,,,,,,44b14648-008d-4e39-aa75-488476e45eeb,true,u-andrew,Ivan,delete,,3750,,Brikel: deleted payment OPEX · Year 4 (3750),2026-08-24T14:37:17.163Z,payment,06281072-f27f-4ff7-8d5a-79ae7a6e1ec1
history,00dfd447-c3fa-4085-b87d-c73a96520219,Brikel,,,,,,,,,,2026-08-24T14:37:17.336Z,,,,,,,,,,,,,,,,,,,,,,,,,,,,,,,,,,a313cec9-2a0c-4430-9294-fcacb2bfe8f0,true,u-andrew,Ivan,delete,,3750,,Brikel: deleted payment OPEX · Year 5 (3750),2026-08-24T14:37:17.336Z,payment,ed9db66f-72d7-4d92-9309-47fbc6eaf244
history,00dfd447-c3fa-4085-b87d-c73a96520219,Brikel,,,,,,,,,,2026-08-24T14:37:17.508Z,,,,,,,,,,,,,,,,,,,,,,,,,,,,,,,,,,b3cb27e4-04b4-4db3-b2ca-ec30ea62ebfa,true,u-andrew,Ivan,delete,,3750,,Brikel: deleted payment OPEX · Year 6 (3750),2026-08-24T14:37:17.508Z,payment,895515ce-bdb5-4b4b-8a95-07feb5c25d9f
history,00dfd447-c3fa-4085-b87d-c73a96520219,Brikel,,,,,,,,,,2026-08-24T14:37:17.680Z,,,,,,,,,,,,,,,,,,,,,,,,,,,,,,,,,,fe8d0bf7-8bfd-4565-8ed0-8f1497203f2a,true,u-andrew,Ivan,delete,,3750,,Brikel: deleted payment OPEX · Year 7 (3750),2026-08-24T14:37:17.680Z,payment,342d0d65-9a83-4bf5-be65-7e54d1368965
history,00dfd447-c3fa-4085-b87d-c73a96520219,Brikel,,,,,,,,,,2026-08-24T14:37:17.845Z,,,,,,,,,,,,,,,,,,,,,,,,,,,,,,,,,,601642c2-4816-4fb7-a2eb-196b536423ab,true,u-andrew,Ivan,delete,,3750,,Brikel: deleted payment OPEX · Year 8 (3750),2026-08-24T14:37:17.845Z,payment,00842be3-f3f0-44bd-b807-423b7b170c9b
history,00dfd447-c3fa-4085-b87d-c73a96520219,Brikel,,,,,,,,,,2026-08-24T14:37:18.010Z,,,,,,,,,,,,,,,,,,,,,,,,,,,,,,,,,,eb0bfe48-66d3-48d1-ba2e-b28a7baeac8f,true,u-andrew,Ivan,delete,,3750,,Brikel: deleted payment OPEX · Year 9 (3750),2026-08-24T14:37:18.010Z,payment,cb9fe7f9-1f47-4c68-961d-7d5154677d02
history,00dfd447-c3fa-4085-b87d-c73a96520219,Brikel,,,,,,,,,,2026-08-24T14:37:18.219Z,,,,,,,,,,,,,,,,,,,,,,,,,,,,,,,,,,5c727c9c-d91e-4d10-aba3-72b28c0c7cba,true,u-andrew,Ivan,delete,,3750,,Brikel: deleted payment OPEX · Year 10 (3750),2026-08-24T14:37:18.219Z,payment,faed352f-7e4f-414e-8803-3ca35af6fa0a
history,00dfd447-c3fa-4085-b87d-c73a96520219,Brikel,,,,,,,,,,2026-08-24T14:37:18.392Z,,,,,,,,,,,,,,,,,,,,,,,,,,,,,,,,,,f976b109-a263-4e06-964f-94c0aac666a8,true,u-andrew,Ivan,delete,,3750,,Brikel: deleted payment OPEX · Year 11 (3750),2026-08-24T14:37:18.392Z,payment,ea8a9d50-6161-4bd1-b2d3-1a611551ab60
history,00dfd447-c3fa-4085-b87d-c73a96520219,Brikel,,,,,,,,,,2026-08-24T14:37:18.761Z,,,,,,,,,,,,,,,,,,,,,,,,,,,,,,,,,,d374adea-a1d2-4f8a-8416-c11f8a4c6510,true,u-andrew,Ivan,delete,,3750,,Brikel: deleted payment OPEX · Year 12 (3750),2026-08-24T14:37:18.761Z,payment,353386fe-9888-465f-92e7-72d7c5da4991
history,00dfd447-c3fa-4085-b87d-c73a96520219,Brikel,,,,,,,,,,2026-08-24T14:37:18.900Z,,,,,,,,,,,,,,,,,,,,,,,,,,,,,,,,,,04fee913-f2dc-461f-9887-37ef4031282d,true,u-andrew,Ivan,delete,,3750,,Brikel: deleted payment OPEX · Year 13 (3750),2026-08-24T14:37:18.900Z,payment,974a410d-ff20-462f-96fe-b3cee66dfffc
history,00dfd447-c3fa-4085-b87d-c73a96520219,Brikel,,,,,,,,,,2026-08-24T14:37:19.388Z,,,,,,,,,,,,,,,,,,,,,,,,,,,,,,,,,,624e1bcc-165c-4210-8fd2-4d19be4b0004,true,u-andrew,Ivan,delete,,3750,,Brikel: deleted payment OPEX · Year 14 (3750),2026-08-24T14:37:19.388Z,payment,f01017eb-e7cd-48ae-8fbd-ab72c36e9337
history,00dfd447-c3fa-4085-b87d-c73a96520219,Brikel,,,,,,,,,,2026-08-24T14:37:19.532Z,,,,,,,,,,,,,,,,,,,,,,,,,,,,,,,,,,5edbf0f4-4f5f-4e84-8982-31a1ce964757,true,u-andrew,Ivan,delete,,3750,,Brikel: deleted payment OPEX · Year 15 (3750),2026-08-24T14:37:19.532Z,payment,0bef80cf-79c6-47fa-9f8d-183b48309090
history,00dfd447-c3fa-4085-b87d-c73a96520219,Brikel,,,,,,,,,,2026-08-24T14:37:21.228Z,,,,,,,,,,,,,,,,,,,,,,,,,,,,,,,,,,4eafc0af-e495-4c30-b8c5-d66f4c61ad45,true,u-andrew,Ivan,delete,,3000,,Brikel: deleted expense OPEX · Year 1 (warranty) (3000),2026-08-24T14:37:21.228Z,expense,3015dad0-2c97-4608-8023-afc8133400d0
history,00dfd447-c3fa-4085-b87d-c73a96520219,Brikel,,,,,,,,,,2026-08-24T14:37:21.378Z,,,,,,,,,,,,,,,,,,,,,,,,,,,,,,,,,,079e61ce-9a86-401d-979c-1db8d3b3e7e4,true,u-andrew,Ivan,delete,,3000,,Brikel: deleted expense OPEX · Year 2 (3000),2026-08-24T14:37:21.378Z,expense,ba562e9c-67b8-4611-8fe7-59bfb4882887
history,00dfd447-c3fa-4085-b87d-c73a96520219,Brikel,,,,,,,,,,2026-08-24T14:37:21.522Z,,,,,,,,,,,,,,,,,,,,,,,,,,,,,,,,,,3c0d93d5-193d-416c-836e-462cde233e13,true,u-andrew,Ivan,delete,,3000,,Brikel: deleted expense OPEX · Year 3 (3000),2026-08-24T14:37:21.522Z,expense,92bafa14-9e26-4c90-936e-a4c712e708f0
history,00dfd447-c3fa-4085-b87d-c73a96520219,Brikel,,,,,,,,,,2026-08-24T14:37:21.664Z,,,,,,,,,,,,,,,,,,,,,,,,,,,,,,,,,,837df50f-c8da-48f8-992d-2f4bfd0b85b4,true,u-andrew,Ivan,delete,,3000,,Brikel: deleted expense OPEX · Year 4 (3000),2026-08-24T14:37:21.664Z,expense,045cdc9f-e3c6-46d3-ae11-f8d69c553667
history,00dfd447-c3fa-4085-b87d-c73a96520219,Brikel,,,,,,,,,,2026-08-24T14:37:21.800Z,,,,,,,,,,,,,,,,,,,,,,,,,,,,,,,,,,5be1fcbe-6a27-46cb-8dc7-817f8e63f524,true,u-andrew,Ivan,delete,,3000,,Brikel: deleted expense OPEX · Year 5 (3000),2026-08-24T14:37:21.800Z,expense,95486646-3ed9-4bb9-b68a-eab02ff7a3d4
history,00dfd447-c3fa-4085-b87d-c73a96520219,Brikel,,,,,,,,,,2026-08-24T14:37:21.950Z,,,,,,,,,,,,,,,,,,,,,,,,,,,,,,,,,,2693555f-c6cf-4835-b31f-2e0961fc342a,true,u-andrew,Ivan,delete,,3000,,Brikel: deleted expense OPEX · Year 6 (3000),2026-08-24T14:37:21.950Z,expense,75be5c38-e2fb-4b88-adb3-fde15897f3cb
history,00dfd447-c3fa-4085-b87d-c73a96520219,Brikel,,,,,,,,,,2026-08-24T14:37:22.092Z,,,,,,,,,,,,,,,,,,,,,,,,,,,,,,,,,,055b5791-aeae-40b9-8b57-f4b6943090b9,true,u-andrew,Ivan,delete,,3000,,Brikel: deleted expense OPEX · Year 7 (3000),2026-08-24T14:37:22.092Z,expense,ca6ac6fe-898b-45f9-a0b7-c8950f619a8e
history,00dfd447-c3fa-4085-b87d-c73a96520219,Brikel,,,,,,,,,,2026-08-24T14:37:22.229Z,,,,,,,,,,,,,,,,,,,,,,,,,,,,,,,,,,3441f296-0dd7-4c94-8737-5d57be97ca53,true,u-andrew,Ivan,delete,,3000,,Brikel: deleted expense OPEX · Year 8 (3000),2026-08-24T14:37:22.229Z,expense,8823cbfb-3cf4-4190-b2e2-f6872896036e
history,00dfd447-c3fa-4085-b87d-c73a96520219,Brikel,,,,,,,,,,2026-08-24T14:37:22.366Z,,,,,,,,,,,,,,,,,,,,,,,,,,,,,,,,,,8a6fe9cb-c7b1-42b5-bea5-b24e5fe598e8,true,u-andrew,Ivan,delete,,3000,,Brikel: deleted expense OPEX · Year 9 (3000),2026-08-24T14:37:22.366Z,expense,ebe5f67e-4df0-493d-82a0-f18b244a2e40
history,00dfd447-c3fa-4085-b87d-c73a96520219,Brikel,,,,,,,,,,2026-08-24T14:37:22.502Z,,,,,,,,,,,,,,,,,,,,,,,,,,,,,,,,,,b1e8d16a-0be5-4e05-a98b-411bd0543812,true,u-andrew,Ivan,delete,,3000,,Brikel: deleted expense OPEX · Year 10 (3000),2026-08-24T14:37:22.502Z,expense,745ca196-44b5-441d-90a8-99412b157044
history,00dfd447-c3fa-4085-b87d-c73a96520219,Brikel,,,,,,,,,,2026-08-24T14:37:22.832Z,,,,,,,,,,,,,,,,,,,,,,,,,,,,,,,,,,2fa923a1-e60b-41e3-9672-d273b1e245b1,true,u-andrew,Ivan,delete,,3000,,Brikel: deleted expense OPEX · Year 11 (3000),2026-08-24T14:37:22.832Z,expense,99c94cfc-e88b-40aa-a769-96f51c8f8cc1
history,00dfd447-c3fa-4085-b87d-c73a96520219,Brikel,,,,,,,,,,2026-08-24T14:37:22.982Z,,,,,,,,,,,,,,,,,,,,,,,,,,,,,,,,,,5bfa1c9b-aaf9-4d0a-bdaa-156fccb22597,true,u-andrew,Ivan,delete,,3000,,Brikel: deleted expense OPEX · Year 12 (3000),2026-08-24T14:37:22.982Z,expense,cc9abe46-4b0e-498c-b15f-d589080466a0
history,00dfd447-c3fa-4085-b87d-c73a96520219,Brikel,,,,,,,,,,2026-08-24T14:37:23.284Z,,,,,,,,,,,,,,,,,,,,,,,,,,,,,,,,,,df014d80-03a3-4535-be26-1d7e0d62576d,true,u-andrew,Ivan,delete,,3000,,Brikel: deleted expense OPEX · Year 13 (3000),2026-08-24T14:37:23.284Z,expense,01c915f8-ce2a-4b83-a949-c110c2f372e3
history,00dfd447-c3fa-4085-b87d-c73a96520219,Brikel,,,,,,,,,,2026-08-24T14:37:23.823Z,,,,,,,,,,,,,,,,,,,,,,,,,,,,,,,,,,3b2f3243-42dd-49fd-91c7-99d338d6c0aa,true,u-andrew,Ivan,delete,,3000,,Brikel: deleted expense OPEX · Year 14 (3000),2026-08-24T14:37:23.823Z,expense,8b56cc7d-4712-4488-8fc4-12fefe0fb510
history,00dfd447-c3fa-4085-b87d-c73a96520219,Brikel,,,,,,,,,,2026-08-24T14:37:24.285Z,,,,,,,,,,,,,,,,,,,,,,,,,,,,,,,,,,6187cefe-380b-4be1-928d-411d74dbf2cb,true,u-andrew,Ivan,delete,,3000,,Brikel: deleted expense OPEX · Year 15 (3000),2026-08-24T14:37:24.285Z,expense,3069a5ad-3aeb-418f-a4e3-bb18f7a3a852
history,00dfd447-c3fa-4085-b87d-c73a96520219,Brikel,,,,,,,,,,2026-08-24T14:37:28.517Z,,,,,,,,,,,,,,,,,,,,,,,,,,,,,,,,,,15a8b663-fb06-4ffa-b82c-746b2ae3fa46,true,u-andrew,Ivan,update,opex_expense_percent,80,50,Brikel: opex_expense_percent 80 → 50,2026-08-24T14:37:28.517Z,project_financials,00dfd447-c3fa-4085-b87d-c73a96520219
history,00dfd447-c3fa-4085-b87d-c73a96520219,Brikel,,,,,,,,,,2026-08-24T14:37:30.952Z,,,,,,,,,,,,,,,,,,,,,,,,,,,,,,,,,,3bf85279-5872-4165-b42a-06b0577a8e0b,true,u-andrew,Ivan,create,,,3750,"Brikel: generated OPEX schedule (14 income, 15 expense) from installation complete",2026-08-24T14:37:30.952Z,payment,59947235-3cf9-43ae-b8e8-ffc2f8513c7f
history,ee994a13-e24f-453e-bf8f-8c43f0c1b6db,FBK,,,,,,,,,,2026-08-24T14:37:53.385Z,,,,,,,,,,,,,,,,,,,,,,,,,,,,,,,,,,68a12e51-e45f-4964-9393-0c404962a0b7,true,u-andrew,Ivan,update,opex_value,,34250,FBK: opex_value — → 34250,2026-08-24T14:37:53.385Z,project_financials,ee994a13-e24f-453e-bf8f-8c43f0c1b6db
history,ee994a13-e24f-453e-bf8f-8c43f0c1b6db,FBK,,,,,,,,,,2026-08-24T14:37:57.870Z,,,,,,,,,,,,,,,,,,,,,,,,,,,,,,,,,,ad3bafa2-8e1e-4896-89f8-e5c03ad02ea4,true,u-andrew,Ivan,update,warranty_years,,0,FBK: warranty_years — → 0,2026-08-24T14:37:57.870Z,project_financials,ee994a13-e24f-453e-bf8f-8c43f0c1b6db
history,ee994a13-e24f-453e-bf8f-8c43f0c1b6db,FBK,,,,,,,,,,2026-08-24T14:37:59.726Z,,,,,,,,,,,,,,,,,,,,,,,,,,,,,,,,,,8739086f-ec00-4d8d-9caf-403f55e7e30a,true,u-andrew,Ivan,update,system_lifetime_years,,2,FBK: system_lifetime_years — → 2,2026-08-24T14:37:59.726Z,project_financials,ee994a13-e24f-453e-bf8f-8c43f0c1b6db
history,ee994a13-e24f-453e-bf8f-8c43f0c1b6db,FBK,,,,,,,,,,2026-08-24T14:38:00.507Z,,,,,,,,,,,,,,,,,,,,,,,,,,,,,,,,,,cb4b6235-3e88-4390-b2f0-8e9033a48a90,true,u-andrew,Ivan,create,,,34250,"FBK: generated OPEX schedule (2 income, 2 expense) from installation complete",2026-08-24T14:38:00.507Z,payment,e46adb24-b4b0-4c0c-b3a5-3d8cc8dafd9c
history,09e5e552-693f-4ece-b8f2-6e2fd6e9eeee,VW Vzesnya,,,,,,,,,,2026-08-24T14:38:23.330Z,,,,,,,,,,,,,,,,,,,,,,,,,,,,,,,,,,cc116632-594d-4f42-a5e6-f08b6e5bdf72,true,u-andrew,Ivan,update,opex_value,,6791,VW Vzesnya: opex_value — → 6791,2026-08-24T14:38:23.330Z,project_financials,09e5e552-693f-4ece-b8f2-6e2fd6e9eeee
history,09e5e552-693f-4ece-b8f2-6e2fd6e9eeee,VW Vzesnya,,,,,,,,,,2026-08-24T14:38:34.407Z,,,,,,,,,,,,,,,,,,,,,,,,,,,,,,,,,,f3c084e5-6755-460b-9b9c-a595f5575931,true,u-andrew,Ivan,update,opex_expense_percent,,50,VW Vzesnya: opex_expense_percent — → 50,2026-08-24T14:38:34.407Z,project_financials,09e5e552-693f-4ece-b8f2-6e2fd6e9eeee
history,09e5e552-693f-4ece-b8f2-6e2fd6e9eeee,VW Vzesnya,,,,,,,,,,2026-08-24T14:38:37.044Z,,,,,,,,,,,,,,,,,,,,,,,,,,,,,,,,,,8a66be7f-74e2-44f3-b1c1-72300a05c9c4,true,u-andrew,Ivan,update,warranty_years,,2,VW Vzesnya: warranty_years — → 2,2026-08-24T14:38:37.044Z,project_financials,09e5e552-693f-4ece-b8f2-6e2fd6e9eeee
history,09e5e552-693f-4ece-b8f2-6e2fd6e9eeee,VW Vzesnya,,,,,,,,,,2026-08-24T14:38:41.959Z,,,,,,,,,,,,,,,,,,,,,,,,,,,,,,,,,,0c232f3f-5e46-4fa3-9c70-3ab63077c215,true,u-andrew,Ivan,update,system_lifetime_years,,15,VW Vzesnya: system_lifetime_years — → 15,2026-08-24T14:38:41.959Z,project_financials,09e5e552-693f-4ece-b8f2-6e2fd6e9eeee
history,09e5e552-693f-4ece-b8f2-6e2fd6e9eeee,VW Vzesnya,,,,,,,,,,2026-08-24T14:38:46.451Z,,,,,,,,,,,,,,,,,,,,,,,,,,,,,,,,,,9c5e13d8-5d25-44ea-8594-21d603f01453,true,u-andrew,Ivan,create,,,6791,"VW Vzesnya: generated OPEX schedule (13 income, 15 expense) from installation complete",2026-08-24T14:38:46.451Z,payment,ca39a508-6d5a-47ba-94c3-9443d23db9f3
history,565a7c30-5d0d-4744-b069-a6a1ea0e4ce2,N1 - LE Power Clean H2 Production,,,,,,,,,,2026-08-24T14:39:31.700Z,,,,,,,,,,,,,,,,,,,,,,,,,,,,,,,,,,1b60830d-63ee-487a-8b9a-5a4fb1e298c7,true,u-andrew,Ivan,update,opex_value,,50000,N1 - LE Power Clean H2 Production: opex_value — → 50000,2026-08-24T14:39:31.700Z,project_financials,565a7c30-5d0d-4744-b069-a6a1ea0e4ce2
history,565a7c30-5d0d-4744-b069-a6a1ea0e4ce2,N1 - LE Power Clean H2 Production,,,,,,,,,,2026-08-24T14:39:40.121Z,,,,,,,,,,,,,,,,,,,,,,,,,,,,,,,,,,8ad0a1fb-b31e-40d3-81b3-1b0dbb626492,true,u-andrew,Ivan,update,warranty_years,,0,N1 - LE Power Clean H2 Production: warranty_years — → 0,2026-08-24T14:39:40.121Z,project_financials,565a7c30-5d0d-4744-b069-a6a1ea0e4ce2
history,565a7c30-5d0d-4744-b069-a6a1ea0e4ce2,N1 - LE Power Clean H2 Production,,,,,,,,,,2026-08-24T14:39:50.862Z,,,,,,,,,,,,,,,,,,,,,,,,,,,,,,,,,,a0c41ebc-be45-4e62-9f18-5cbb44c78831,true,u-andrew,Ivan,update,system_lifetime_years,,15,N1 - LE Power Clean H2 Production: system_lifetime_years — → 15,2026-08-24T14:39:50.862Z,project_financials,565a7c30-5d0d-4744-b069-a6a1ea0e4ce2
history,565a7c30-5d0d-4744-b069-a6a1ea0e4ce2,N1 - LE Power Clean H2 Production,,,,,,,,,,2026-08-24T14:39:54.417Z,,,,,,,,,,,,,,,,,,,,,,,,,,,,,,,,,,15a110da-712d-4bc5-b2dd-3116b869a394,true,u-andrew,Ivan,create,,,50000,"N1 - LE Power Clean H2 Production: generated OPEX schedule (15 income, 15 expense) from installation complete",2026-08-24T14:39:54.417Z,payment,8bc45c7b-e83f-40da-bde2-4301ffdaba7a
history,565a7c30-5d0d-4744-b069-a6a1ea0e4ce2,N1 - LE Power Clean H2 Production,,,,,,,,,,2026-08-24T14:40:02.082Z,,,,,,,,,,,,,,,,,,,,,,,,,,,,,,,,,,7f3a613b-a79e-4e89-a3b0-8731e03730a9,true,u-andrew,Ivan,update,opex_expense_percent,80,50,N1 - LE Power Clean H2 Production: opex_expense_percent 80 → 50,2026-08-24T14:40:02.082Z,project_financials,565a7c30-5d0d-4744-b069-a6a1ea0e4ce2
history,565a7c30-5d0d-4744-b069-a6a1ea0e4ce2,N1 - LE Power Clean H2 Production,,,,,,,,,,2026-08-24T14:40:02.924Z,,,,,,,,,,,,,,,,,,,,,,,,,,,,,,,,,,bfb17ad2-f340-41cd-a56a-e207b802d3f7,true,u-andrew,Ivan,create,,,50000,"N1 - LE Power Clean H2 Production: generated OPEX schedule (15 income, 15 expense) from installation complete",2026-08-24T14:40:02.924Z,payment,f8a218fc-2ee1-4b66-bfbe-25148562eeb1
history,,,,,,,,,,,,2026-08-25T09:04:18.321Z,,,,,,,,,,,,,,,,,,,,,,,,,,,,,,,,,,73f32c30-7648-4e48-bb54-50294648c5c6,true,u-andrew,Ivan,import,,,35,"Imported financial CSV (35 projects matched, 218 history rows, 2 warehouse lots, 5 sklad maps)",2026-08-25T09:04:18.321Z,financial_csv,import
history,,,,,,,,,,,,2026-08-25T12:33:58.287Z,,,,,,,,,,,,,,,,,,,,,,,,,,,,,,,,,,05153bfb-c106-4a3b-897c-bc87dc396657,true,u-andrew,Ivan,import,,,36,"Imported financial CSV (36 projects matched, 218 history rows, 2 warehouse lots, 5 sklad maps)",2026-08-25T12:33:58.287Z,financial_csv,import
history,9c7b4861-6f89-41a6-9812-498dc6641eb7,EDIBON - MH Study Lab,,,,,,,,,,2026-08-25T12:38:08.352Z,,,,,,,,,,,,,,,,,,,,,,,,,,,,,,,,,,920308f3-de3f-4b22-9a9e-94864a1fd1d4,true,,inject-oc-egz26-01867,create,,,1016.72,"Injected OC EGZ26-01867-1 WH lots + expenses (€1016.72, valve 776060 qty=4)",2026-08-25T12:38:08.352Z,expense,
history,,,,,,,,,,,,2026-08-25T12:39:47.696Z,,,,,,,,,,,,,,,,,,,,,,,,,,,,,,,,,,749fd1b2-1c00-490b-9641-60806951d75f,true,u-andrew,Ivan,import,,,37,"Imported financial CSV (37 projects matched, 219 history rows, 9 warehouse lots, 5 sklad maps)",2026-08-25T12:39:47.696Z,financial_csv,import
history,,,,,,,,,,,,2026-08-25T12:42:30.168Z,,,,,,,,,,,,,,,,,,,,,,,,,,,,,,,,,,120e56f7-1a24-4902-b9a8-93daa57fa497,true,u-andrew,Ivan,import,,,38,"Imported financial CSV (38 projects matched, 224 history rows, 291 warehouse lots, 5 sklad maps)",2026-08-25T12:42:30.168Z,financial_csv,import
