type,project_id,project_name,id,label,amount,amount_ex_vat,vat_rate,percent,due_date,actual_date,milestone_id,created_at,contract_value,contract_signed_date,expenses,expected_profit,max_materials_expense,max_man_hr_expense,milestone_kind,milestone_note,month,status,opening_cash,opening_cash_as_of,min_working_capital,prob_cold_lead,prob_hot_lead,prob_under_development,prob_commissioned,fixed_monthly,category,subcategory,warehouse_lot_id,warehouse_item_id,qty,is_maintenance,budget_amount,source_sklad,wh_site,wh_slot,event_id,intentional,actor_user_id,actor_name,action,field,old_value,new_value,summary,occurred_at,entity_type,entity_id
company,,,,,,,,,,,,,,,,,,,,,,,630000,2026-07,200000,10,40,100,100,,,,,,,,,,,,,,,,,,,,,,,
company_opex,,,,,220000,,,,,,,,,,,,,,,,2026-08,projected,,,,,,,,220000,,,,,,,,,,,,,,,,,,,,,,
company_opex,,,,,220000,,,,,,,,,,,,,,,,2026-09,projected,,,,,,,,220000,,,,,,,,,,,,,,,,,,,,,,
company_opex,,,,,220000,,,,,,,,,,,,,,,,2026-10,projected,,,,,,,,220000,,,,,,,,,,,,,,,,,,,,,,
company_opex,,,,,220000,,,,,,,,,,,,,,,,2026-11,projected,,,,,,,,220000,,,,,,,,,,,,,,,,,,,,,,
company_opex,,,,,220000,,,,,,,,,,,,,,,,2026-12,projected,,,,,,,,220000,,,,,,,,,,,,,,,,,,,,,,
company_opex,,,,,220000,,,,,,,,,,,,,,,,2027-01,projected,,,,,,,,220000,,,,,,,,,,,,,,,,,,,,,,
company_opex,,,,,220000,,,,,,,,,,,,,,,,2027-02,projected,,,,,,,,220000,,,,,,,,,,,,,,,,,,,,,,
company_opex,,,,,220000,,,,,,,,,,,,,,,,2027-03,projected,,,,,,,,220000,,,,,,,,,,,,,,,,,,,,,,
company_opex,,,,,220000,,,,,,,,,,,,,,,,2027-04,projected,,,,,,,,220000,,,,,,,,,,,,,,,,,,,,,,
company_opex,,,,,220000,,,,,,,,,,,,,,,,2027-05,projected,,,,,,,,220000,,,,,,,,,,,,,,,,,,,,,,
company_opex,,,,,220000,,,,,,,,,,,,,,,,2027-06,projected,,,,,,,,220000,,,,,,,,,,,,,,,,,,,,,,
company_opex,,,,,220000,,,,,,,,,,,,,,,,2027-07,projected,,,,,,,,220000,,,,,,,,,,,,,,,,,,,,,,
company_opex,,,,,220000,,,,,,,,,,,,,,,,2027-08,projected,,,,,,,,220000,,,,,,,,,,,,,,,,,,,,,,
company_opex,,,,,220000,,,,,,,,,,,,,,,,2027-09,projected,,,,,,,,220000,,,,,,,,,,,,,,,,,,,,,,
company_opex,,,,,220000,,,,,,,,,,,,,,,,2027-10,projected,,,,,,,,220000,,,,,,,,,,,,,,,,,,,,,,
company_opex,,,,,220000,,,,,,,,,,,,,,,,2027-11,projected,,,,,,,,220000,,,,,,,,,,,,,,,,,,,,,,
company_opex,,,,,220000,,,,,,,,,,,,,,,,2027-12,projected,,,,,,,,220000,,,,,,,,,,,,,,,,,,,,,,
company_opex,,,,,220000,,,,,,,,,,,,,,,,2028-01,projected,,,,,,,,220000,,,,,,,,,,,,,,,,,,,,,,
company_opex,,,,,220000,,,,,,,,,,,,,,,,2028-02,projected,,,,,,,,220000,,,,,,,,,,,,,,,,,,,,,,
company_opex,,,,,220000,,,,,,,,,,,,,,,,2028-03,projected,,,,,,,,220000,,,,,,,,,,,,,,,,,,,,,,
company_opex,,,,,220000,,,,,,,,,,,,,,,,2028-04,projected,,,,,,,,220000,,,,,,,,,,,,,,,,,,,,,,
company_opex,,,,,220000,,,,,,,,,,,,,,,,2028-05,projected,,,,,,,,220000,,,,,,,,,,,,,,,,,,,,,,
company_opex,,,,,220000,,,,,,,,,,,,,,,,2028-06,projected,,,,,,,,220000,,,,,,,,,,,,,,,,,,,,,,
company_opex,,,,,220000,,,,,,,,,,,,,,,,2028-07,projected,,,,,,,,220000,,,,,,,,,,,,,,,,,,,,,,
company_opex,,,,,220000,,,,,,,,,,,,,,,,2028-08,projected,,,,,,,,220000,,,,,,,,,,,,,,,,,,,,,,
company_opex,,,,,220000,,,,,,,,,,,,,,,,2028-09,projected,,,,,,,,220000,,,,,,,,,,,,,,,,,,,,,,
company_opex,,,,,220000,,,,,,,,,,,,,,,,2028-10,projected,,,,,,,,220000,,,,,,,,,,,,,,,,,,,,,,
company_opex,,,,,220000,,,,,,,,,,,,,,,,2028-11,projected,,,,,,,,220000,,,,,,,,,,,,,,,,,,,,,,
company_opex,,,,,220000,,,,,,,,,,,,,,,,2028-12,projected,,,,,,,,220000,,,,,,,,,,,,,,,,,,,,,,
company_opex,,,,,220000,,,,,,,,,,,,,,,,2029-01,projected,,,,,,,,220000,,,,,,,,,,,,,,,,,,,,,,
company_opex,,,,,220000,,,,,,,,,,,,,,,,2029-02,projected,,,,,,,,220000,,,,,,,,,,,,,,,,,,,,,,
company_opex,,,,,220000,,,,,,,,,,,,,,,,2029-03,projected,,,,,,,,220000,,,,,,,,,,,,,,,,,,,,,,
company_opex,,,,,220000,,,,,,,,,,,,,,,,2029-04,projected,,,,,,,,220000,,,,,,,,,,,,,,,,,,,,,,
company_opex,,,,,220000,,,,,,,,,,,,,,,,2029-05,projected,,,,,,,,220000,,,,,,,,,,,,,,,,,,,,,,
company_opex,,,,,220000,,,,,,,,,,,,,,,,2029-06,projected,,,,,,,,220000,,,,,,,,,,,,,,,,,,,,,,
company_opex,,,,,220000,,,,,,,,,,,,,,,,2029-07,projected,,,,,,,,220000,,,,,,,,,,,,,,,,,,,,,,
company_opex,,,,,220000,,,,,,,,,,,,,,,,2029-08,projected,,,,,,,,220000,,,,,,,,,,,,,,,,,,,,,,
company_opex,,,,,220000,,,,,,,,,,,,,,,,2029-09,projected,,,,,,,,220000,,,,,,,,,,,,,,,,,,,,,,
company_opex,,,,,220000,,,,,,,,,,,,,,,,2029-10,projected,,,,,,,,220000,,,,,,,,,,,,,,,,,,,,,,
project,5be79015-4859-473a-be38-10cabff0b0af,Italy 10kW,,,,,,,,,,,,,,,,,,,,,,,,,,,,,,,,,,,,,,,,,,,,,,,,,,
expense,5be79015-4859-473a-be38-10cabff0b0af,Italy 10kW,8764ceb8-c1d0-4147-8e8d-519f84027972,Manufacture materials (warehouse),4077.95,3398.38,0.2,,2026-08-08,2026-08-08,,2026-08-08T08:03:55.021Z,,,,,,,,,,,,,,,,,,,materials,,,,,,,,,,,,,,,,,,,,,
project,2e85b111-5f9c-4d3d-8f17-77520b1132ac,Warsaw 20kW,,,,,,,,,,,,,,,,,,,,,,,,,,,,,,,,,,,,,,,,,,,,,,,,,,
project,341b58e0-d52d-438b-bddf-8b0ca2053fe7,Workshop 30kW (Цех),,,,,,,,,,,,,,,,,,,,,,,,,,,,,,,,,,,,,,,,,,,,,,,,,,
project,176df9ba-e086-4e65-b29f-4029300364e0,Warehouse / Central stock,,,,,,,,,,,,,,,,,,,,,,,,,,,,,,,,,,,,,,,,,,,,,,,,,,
project,9cdc40c6-77b8-4bf4-8610-83e21cfd85e7,BA Glass Sofia,,,,,,,,,,,,,,,,,,,,,,,,,,,,,,,,,,,,,,,,,,,,,,,,,,
project,28bd60c4-becc-4311-a9db-62917590546d,Royal Cement Line 1 in Egypt,,,,,,,,,,,,,,,,,,,,,,,,,,,,,,,,,,,,,,,,,,,,,,,,,,
project,b2fd32ac-9d24-4ac4-8092-a5a106618c96,Ceramika PARADYŻ from Jersey,,,,,,,,,,,,,,,,,,,,,,,,,,,,,,,,,,,,,,,,,,,,,,,,,,
project,ffa5c116-6ce2-4653-9508-1da0bb910a53,Titan Zlatna Panega,,,,,,,,,,,,,,,,,,,,,,,,,,,,,,,,,,,,,,,,,,,,,,,,,,
expense,ffa5c116-6ce2-4653-9508-1da0bb910a53,Titan Zlatna Panega,c5c5376a-37c5-4d91-bbe2-9f1d8d8cfd28,Manufacture materials (warehouse),7472.67,6227.2,0.2,,2026-08-08,2026-08-08,,2026-08-08T08:03:55.021Z,,,,,,,,,,,,,,,,,,,materials,,,,,,,,,,,,,,,,,,,,,
project,00dfd447-c3fa-4085-b87d-c73a96520219,Brikel,,,,,,,,,,,,,,,,,,,,,,,,,,,,,,,,,,,,,,,,,,,,,,,,,,
expense,00dfd447-c3fa-4085-b87d-c73a96520219,Brikel,c7e70934-c398-4b1e-a6f4-e67553203629,Manufacture materials (warehouse),15290.59,12745.71,0.2,,2026-08-08,2026-08-08,,2026-08-08T08:03:55.021Z,,,,,,,,,,,,,,,,,,,materials,,,,,,,,,,,,,,,,,,,,,
project,ee994a13-e24f-453e-bf8f-8c43f0c1b6db,FBK,,,,,,,,,,,583000,,,,,,,,,,,,,,,,,,,,,,,,,,,,,,,,,,,,,,,
payment,ee994a13-e24f-453e-bf8f-8c43f0c1b6db,FBK,40bcc400-c787-439f-b44e-94780173a38d,,174900,,,30,2026-02-02,2026-02-02,e30352de-fb84-4f14-9faa-96f945514280,2026-08-04T05:39:46.127Z,,,,,,,,,,,,,,,,,,,,,,,,,,,,,,,,,,,,,,,,
payment,ee994a13-e24f-453e-bf8f-8c43f0c1b6db,FBK,c2d90f8f-2ea1-4189-9841-11f68402c709,,174900,,,30,2027-10-01,,b37f49c3-343a-4d73-bfde-c469f21e7462,2026-08-04T05:40:11.363Z,,,,,,,,,,,,,,,,,,,,,,,,,,,,,,,,,,,,,,,,
payment,ee994a13-e24f-453e-bf8f-8c43f0c1b6db,FBK,55229b88-f6e8-41dc-befd-207de2979672,,174900,,,30,2027-10-22,,6c043b2a-7558-4262-93da-7cedc77f972d,2026-08-04T05:41:05.091Z,,,,,,,,,,,,,,,,,,,,,,,,,,,,,,,,,,,,,,,,
payment,ee994a13-e24f-453e-bf8f-8c43f0c1b6db,FBK,26e0931e-d33b-4520-b7dc-1ca5178a5aa2,,58300,,,10,2027-11-30,,0ff4e688-ffc7-46b0-b7ba-02065613c085,2026-08-04T05:41:18.599Z,,,,,,,,,,,,,,,,,,,,,,,,,,,,,,,,,,,,,,,,
expense,ee994a13-e24f-453e-bf8f-8c43f0c1b6db,FBK,fb169941-66bd-464b-9dc2-2463f5bcbb11,Stargate Stack Paymetn 1/2,52000,43333.33,0.2,,2026-09-01,,,2026-08-04T05:43:16.281Z,,,,,,,,,,,,,,,,,,,materials,,,,,,,,,,,,,,,,,,,,,
expense,ee994a13-e24f-453e-bf8f-8c43f0c1b6db,FBK,7201c602-0e4a-4a54-96b7-f99ab1312457,Â· Stargate Stack Paymetn 2/2,52000,43333.33,0.2,,2026-12-01,,,2026-08-04T05:43:37.331Z,,,,,,,,,,,,,,,,,,,materials,,,,,,,,,,,,,,,,,,,,,
project,140dfb68-fb1b-482c-8ba4-34d6c389028a,Metlen,,,,,,,,,,,8000000,,6400000,1600000,,,,,,,,,,,,,,,,,,,,,,,,,,,,,,,,,,,,
payment,140dfb68-fb1b-482c-8ba4-34d6c389028a,Metlen,63817e9e-4e22-4a31-8f35-0114b16b6dc3,Prepayment,4800000,,,60,2026-12-01,,b9e98095-fe04-4016-958a-47c550d620cb,2026-08-04T06:19:11.411Z,,,,,,,,,,,,,,,,,,,,,,,,,,,,,,,,,,,,,,,,
payment,140dfb68-fb1b-482c-8ba4-34d6c389028a,Metlen,886ff57b-51e6-433f-b34a-c714e5c3f1ef,Engineering approval,800000,,,10,2027-02-01,,438dce7c-76d7-4aa0-b4f8-c7d04a22af19,2026-08-04T06:22:55.232Z,,,,,,,,,,,,,,,,,,,,,,,,,,,,,,,,,,,,,,,,
payment,140dfb68-fb1b-482c-8ba4-34d6c389028a,Metlen,887ac5a9-3073-43ef-9688-66e22a2fd3b3,Engineering done,800000,,,10,2027-03-15,,a95b0e3a-d529-40b0-b7bb-cacd0ba348e8,2026-08-04T06:23:37.313Z,,,,,,,,,,,,,,,,,,,,,,,,,,,,,,,,,,,,,,,,
payment,140dfb68-fb1b-482c-8ba4-34d6c389028a,Metlen,58c4a1c7-3086-46da-bc44-053f17153724,FAT 4MW 1/2,400000,,,5,2028-01-04,,03080915-6989-4232-a9b0-0c037f5a4241,2026-08-04T06:25:38.965Z,,,,,,,,,,,,,,,,,,,,,,,,,,,,,,,,,,,,,,,,
payment,140dfb68-fb1b-482c-8ba4-34d6c389028a,Metlen,e041b483-cfeb-4880-b12f-4ef10cd9a88f,FAT 4MW 2/2,400000,,,5,2028-05-15,,efced869-796b-46fa-aab0-4cde491758a7,2026-08-04T06:26:32.477Z,,,,,,,,,,,,,,,,,,,,,,,,,,,,,,,,,,,,,,,,
payment,140dfb68-fb1b-482c-8ba4-34d6c389028a,Metlen,8eaf4be8-78b7-4185-9713-1a7a443c1faf,SAT 4MW 1/2,200000,,,2.5,2028-07-04,,31d24a73-27d8-43a5-81f3-76e5877d8bc6,2026-08-04T06:27:26.747Z,,,,,,,,,,,,,,,,,,,,,,,,,,,,,,,,,,,,,,,,
payment,140dfb68-fb1b-482c-8ba4-34d6c389028a,Metlen,0a64471c-0ad5-474c-8660-b37494840d4b,SAT 4MW 2/2,200000,,,2.5,2028-11-04,,6258aa14-55f7-4b90-98e8-36a3f5eef1e0,2026-08-04T06:27:55.198Z,,,,,,,,,,,,,,,,,,,,,,,,,,,,,,,,,,,,,,,,
payment,140dfb68-fb1b-482c-8ba4-34d6c389028a,Metlen,420458ea-c227-49ec-895f-a2f3fdba7f9e,FAC,400000,,,5,2028-12-05,,a0ed2b1c-ef92-4c53-ae52-d700437dc7f2,2026-08-04T06:28:37.770Z,,,,,,,,,,,,,,,,,,,,,,,,,,,,,,,,,,,,,,,,
expense,140dfb68-fb1b-482c-8ba4-34d6c389028a,Metlen,c0aeeb27-eb97-42cc-9296-58cd3f98e254,Costs Â· Prepayment,3840000,3200000,0.2,60,2027-01-01,,b9e98095-fe04-4016-958a-47c550d620cb,2026-08-04T21:02:00.000Z,,,,,,,,,,,,,,,,,,,materials,,,,,,,,,,,,,,,,,,,,,
expense,140dfb68-fb1b-482c-8ba4-34d6c389028a,Metlen,f5c94817-8686-48a4-80d7-0d9dc1c54e4f,Engineering approval,640000,533333.33,0.2,10,2027-02-01,,438dce7c-76d7-4aa0-b4f8-c7d04a22af19,2026-08-04T21:02:00.000Z,,,,,,,,,,,,,,,,,,,materials,,,,,,,,,,,,,,,,,,,,,
expense,140dfb68-fb1b-482c-8ba4-34d6c389028a,Metlen,fadd98ee-1943-4092-b3a6-4aab11f5886e,Engineering done,640000,533333.33,0.2,10,2027-03-15,,a95b0e3a-d529-40b0-b7bb-cacd0ba348e8,2026-08-04T21:02:00.000Z,,,,,,,,,,,,,,,,,,,materials,,,,,,,,,,,,,,,,,,,,,
expense,140dfb68-fb1b-482c-8ba4-34d6c389028a,Metlen,1ef5cf1c-cc9d-418b-8760-7ecd19cea2cc,FAT 4MW 1/2,320000,266666.67,0.2,5,2028-01-04,,03080915-6989-4232-a9b0-0c037f5a4241,2026-08-04T21:02:00.000Z,,,,,,,,,,,,,,,,,,,materials,,,,,,,,,,,,,,,,,,,,,
expense,140dfb68-fb1b-482c-8ba4-34d6c389028a,Metlen,4d855702-63c4-4ac1-8767-904a30b094c9,FAT 4MW 2/2,320000,266666.67,0.2,5,2028-05-15,,efced869-796b-46fa-aab0-4cde491758a7,2026-08-04T21:02:00.000Z,,,,,,,,,,,,,,,,,,,materials,,,,,,,,,,,,,,,,,,,,,
expense,140dfb68-fb1b-482c-8ba4-34d6c389028a,Metlen,ac241365-5509-44c6-a9ef-f55a0e8650d8,SAT 4MW 1/2,160000,133333.33,0.2,2.5,2028-07-04,,31d24a73-27d8-43a5-81f3-76e5877d8bc6,2026-08-04T21:02:00.000Z,,,,,,,,,,,,,,,,,,,materials,,,,,,,,,,,,,,,,,,,,,
expense,140dfb68-fb1b-482c-8ba4-34d6c389028a,Metlen,05e44880-b496-448a-be8d-b11da5692eed,SAT 4MW 2/2,160000,133333.33,0.2,2.5,2028-11-04,,6258aa14-55f7-4b90-98e8-36a3f5eef1e0,2026-08-04T21:02:00.000Z,,,,,,,,,,,,,,,,,,,materials,,,,,,,,,,,,,,,,,,,,,
expense,140dfb68-fb1b-482c-8ba4-34d6c389028a,Metlen,da3f50aa-d922-4ebb-9c61-3a0c5499efb7,FAC,320000,266666.67,0.2,5,2028-12-05,,a0ed2b1c-ef92-4c53-ae52-d700437dc7f2,2026-08-04T21:02:00.000Z,,,,,,,,,,,,,,,,,,,materials,,,,,,,,,,,,,,,,,,,,,
project,fb6aa2a2-46a3-48dd-bf78-d162a7a38219,VW Poznan,,,,,,,,,,,750000,,380000,370000,,,,,,,,,,,,,,,,,,,,,,,,,,,,,,,,,,,,
payment,fb6aa2a2-46a3-48dd-bf78-d162a7a38219,VW Poznan,c19e1e38-b205-4dd6-9e85-0d165fce8f9b,Prepayment,450000,,,60,2026-11-05,,184353bc-b2da-4d45-89e2-5f5acb92b3ec,2026-08-04T07:02:12.391Z,,,,,,,,,,,,,,,,,,,,,,,,,,,,,,,,,,,,,,,,
payment,fb6aa2a2-46a3-48dd-bf78-d162a7a38219,VW Poznan,d178e4ae-21aa-46a1-bd30-baf09edb9579,Design done,75000,,,10,2027-01-01,,16a049fc-3365-4740-890c-312bed713690,2026-08-04T07:04:59.459Z,,,,,,,,,,,,,,,,,,,,,,,,,,,,,,,,,,,,,,,,
payment,fb6aa2a2-46a3-48dd-bf78-d162a7a38219,VW Poznan,831a3573-6556-4c05-b1aa-5530cbbbbe04,Engineering done,75000,,,10,2027-02-01,,cc57191d-525d-4fbc-8afb-ea07775cc950,2026-08-04T07:05:21.010Z,,,,,,,,,,,,,,,,,,,,,,,,,,,,,,,,,,,,,,,,
payment,fb6aa2a2-46a3-48dd-bf78-d162a7a38219,VW Poznan,ee3cbd14-2253-4414-92db-b995067b806a,FAT,75000,,,10,2027-05-03,,4c33b7f2-b0e1-4b94-ad1e-64ec7c162f5f,2026-08-04T07:05:39.927Z,,,,,,,,,,,,,,,,,,,,,,,,,,,,,,,,,,,,,,,,
payment,fb6aa2a2-46a3-48dd-bf78-d162a7a38219,VW Poznan,3f508ea1-2e44-4eba-9a1a-9cbd9fbc837d,SAT,37500,,,5,2027-07-01,,0b5184d5-3750-44c5-b286-16cb5cd621f8,2026-08-04T07:06:07.399Z,,,,,,,,,,,,,,,,,,,,,,,,,,,,,,,,,,,,,,,,
payment,fb6aa2a2-46a3-48dd-bf78-d162a7a38219,VW Poznan,5a47686d-7987-4cbd-809f-289c6a0d048d,FAC,37500,,,5,2027-08-02,,5086c146-63f3-4131-b898-fcb60ded447a,2026-08-04T07:06:36.530Z,,,,,,,,,,,,,,,,,,,,,,,,,,,,,,,,,,,,,,,,
expense,fb6aa2a2-46a3-48dd-bf78-d162a7a38219,VW Poznan,5317aa2d-b1ae-4ac2-96bd-a38d74aaf9aa,Costs Â· Prepayment,228000,190000,0.2,60,2026-12-05,,184353bc-b2da-4d45-89e2-5f5acb92b3ec,2026-08-04T21:02:00.000Z,,,,,,,,,,,,,,,,,,,materials,,,,,,,,,,,,,,,,,,,,,
expense,fb6aa2a2-46a3-48dd-bf78-d162a7a38219,VW Poznan,a95e4270-868b-431c-ba02-069e41ce0a6f,Design done,38000,31666.67,0.2,10,2027-01-01,,16a049fc-3365-4740-890c-312bed713690,2026-08-04T21:02:00.000Z,,,,,,,,,,,,,,,,,,,materials,,,,,,,,,,,,,,,,,,,,,
expense,fb6aa2a2-46a3-48dd-bf78-d162a7a38219,VW Poznan,b54ea12b-b27c-4208-9344-5e45c6d120e5,Engineering done,38000,31666.67,0.2,10,2027-02-01,,cc57191d-525d-4fbc-8afb-ea07775cc950,2026-08-04T21:02:00.000Z,,,,,,,,,,,,,,,,,,,materials,,,,,,,,,,,,,,,,,,,,,
expense,fb6aa2a2-46a3-48dd-bf78-d162a7a38219,VW Poznan,7f08416b-9e05-4144-b58b-53ee5ef8cb34,FAT,38000,31666.67,0.2,10,2027-05-03,,4c33b7f2-b0e1-4b94-ad1e-64ec7c162f5f,2026-08-04T21:02:00.000Z,,,,,,,,,,,,,,,,,,,materials,,,,,,,,,,,,,,,,,,,,,
expense,fb6aa2a2-46a3-48dd-bf78-d162a7a38219,VW Poznan,3155206a-924e-465d-9091-d34c8733bc2f,SAT,19000,15833.33,0.2,5,2027-07-01,,0b5184d5-3750-44c5-b286-16cb5cd621f8,2026-08-04T21:02:00.000Z,,,,,,,,,,,,,,,,,,,materials,,,,,,,,,,,,,,,,,,,,,
expense,fb6aa2a2-46a3-48dd-bf78-d162a7a38219,VW Poznan,7ea7219f-2579-4c20-9e65-7345c30041bc,FAC,19000,15833.33,0.2,5,2027-08-02,,5086c146-63f3-4131-b898-fcb60ded447a,2026-08-04T21:02:00.000Z,,,,,,,,,,,,,,,,,,,materials,,,,,,,,,,,,,,,,,,,,,
project,6371ba92-ec34-41d1-94ac-e3e9dd0cde4f,UBE Spain,,,,,,,,,,,300000,,190000,110000,,,,,,,,,,,,,,,,,,,,,,,,,,,,,,,,,,,,
payment,6371ba92-ec34-41d1-94ac-e3e9dd0cde4f,UBE Spain,388aded7-4ee4-474e-967a-bcc213e38673,Prepayment,180000,,,60,2026-12-07,,2c0cd5ad-58c4-45dc-af29-b2e8bdf5eb7e,2026-08-04T07:16:24.168Z,,,,,,,,,,,,,,,,,,,,,,,,,,,,,,,,,,,,,,,,
payment,6371ba92-ec34-41d1-94ac-e3e9dd0cde4f,UBE Spain,5bb3b285-aca2-454c-99e7-b802f347a7d9,Design approval,30000,,,10,2027-03-01,,1141ffec-28ef-4687-a5f4-8de86b938cf7,2026-08-04T07:16:55.429Z,,,,,,,,,,,,,,,,,,,,,,,,,,,,,,,,,,,,,,,,
payment,6371ba92-ec34-41d1-94ac-e3e9dd0cde4f,UBE Spain,022eb4e2-3e3e-4a53-86b5-f387a846f0ac,Engineering done,30000,,,10,2027-05-03,,fa16988e-6a63-4d3c-be53-54567f5bebe8,2026-08-04T07:17:10.620Z,,,,,,,,,,,,,,,,,,,,,,,,,,,,,,,,,,,,,,,,
payment,6371ba92-ec34-41d1-94ac-e3e9dd0cde4f,UBE Spain,e37f46d5-f777-4e19-9f59-14ff9a68ed52,FAT,30000,,,10,2027-10-01,,783b486b-9a11-44c1-acc7-42d71d597370,2026-08-04T07:18:10.964Z,,,,,,,,,,,,,,,,,,,,,,,,,,,,,,,,,,,,,,,,
payment,6371ba92-ec34-41d1-94ac-e3e9dd0cde4f,UBE Spain,ee2ed293-e128-41c8-8b84-050f223c97f4,SAT,15000,,,5,2027-11-01,,a6cdefb2-8d75-4ad4-a0f2-3ec867936a22,2026-08-04T07:18:29.483Z,,,,,,,,,,,,,,,,,,,,,,,,,,,,,,,,,,,,,,,,
payment,6371ba92-ec34-41d1-94ac-e3e9dd0cde4f,UBE Spain,90d63ae5-aed5-40dc-8ccc-4165f746d366,FAC,15000,,,5,2027-12-01,,8ffe8b79-9e09-481f-8552-7e786a0c5bd3,2026-08-04T07:18:39.905Z,,,,,,,,,,,,,,,,,,,,,,,,,,,,,,,,,,,,,,,,
expense,6371ba92-ec34-41d1-94ac-e3e9dd0cde4f,UBE Spain,8c07a0f6-1491-47f7-9a97-4712d2ae3e32,Prepayment,114000,95000,0.2,60,2026-12-07,,2c0cd5ad-58c4-45dc-af29-b2e8bdf5eb7e,2026-08-04T21:02:00.000Z,,,,,,,,,,,,,,,,,,,materials,,,,,,,,,,,,,,,,,,,,,
expense,6371ba92-ec34-41d1-94ac-e3e9dd0cde4f,UBE Spain,1ca56e0e-204c-4596-b64f-dbb9483cea8a,Costs Â· Design approval,19000,15833.33,0.2,10,2027-04-01,,1141ffec-28ef-4687-a5f4-8de86b938cf7,2026-08-04T21:02:00.000Z,,,,,,,,,,,,,,,,,,,materials,,,,,,,,,,,,,,,,,,,,,
expense,6371ba92-ec34-41d1-94ac-e3e9dd0cde4f,UBE Spain,d3cc07c5-4430-401f-b5b8-c7961042b87e,Engineering done,19000,15833.33,0.2,10,2027-05-03,,fa16988e-6a63-4d3c-be53-54567f5bebe8,2026-08-04T21:02:00.000Z,,,,,,,,,,,,,,,,,,,materials,,,,,,,,,,,,,,,,,,,,,
expense,6371ba92-ec34-41d1-94ac-e3e9dd0cde4f,UBE Spain,4c210583-b81b-477a-801a-c72e7f2918b2,FAT,19000,15833.33,0.2,10,2027-10-01,,783b486b-9a11-44c1-acc7-42d71d597370,2026-08-04T21:02:00.000Z,,,,,,,,,,,,,,,,,,,materials,,,,,,,,,,,,,,,,,,,,,
expense,6371ba92-ec34-41d1-94ac-e3e9dd0cde4f,UBE Spain,300db751-b926-4e91-857f-cd55884987d7,SAT,9500,7916.67,0.2,5,2027-11-01,,a6cdefb2-8d75-4ad4-a0f2-3ec867936a22,2026-08-04T21:02:00.000Z,,,,,,,,,,,,,,,,,,,materials,,,,,,,,,,,,,,,,,,,,,
expense,6371ba92-ec34-41d1-94ac-e3e9dd0cde4f,UBE Spain,79a091db-b476-46e5-80f5-4cb71847e590,FAC,9500,7916.67,0.2,5,2027-12-01,,8ffe8b79-9e09-481f-8552-7e786a0c5bd3,2026-08-04T21:02:00.000Z,,,,,,,,,,,,,,,,,,,materials,,,,,,,,,,,,,,,,,,,,,
project,63dc26f0-58e3-4160-9619-c9dcabe33e7e,5MW BoP/BoS Ushgorod with N1,,,,,,,,,,,7500000,,2000000,5500000,,,,,,,,,,,,,,,,,,,,,,,,,,,,,,,,,,,,
payment,63dc26f0-58e3-4160-9619-c9dcabe33e7e,5MW BoP/BoS Ushgorod with N1,be8ceeae-fa0c-4ec1-b984-78871f4adc6c,Prepayment,4500000,,,60,2026-11-02,,9a24c164-6294-42de-958c-06030bb546b0,2026-08-04T07:50:02.511Z,,,,,,,,,,,,,,,,,,,,,,,,,,,,,,,,,,,,,,,,
payment,63dc26f0-58e3-4160-9619-c9dcabe33e7e,5MW BoP/BoS Ushgorod with N1,b930e09d-6200-431c-b0c1-1d65b78edd52,Design approval,750000,,,10,2027-03-01,,9de12942-b5ad-4c22-a872-43ca34a14900,2026-08-04T07:50:34.925Z,,,,,,,,,,,,,,,,,,,,,,,,,,,,,,,,,,,,,,,,
payment,63dc26f0-58e3-4160-9619-c9dcabe33e7e,5MW BoP/BoS Ushgorod with N1,79141cf6-d285-4ca3-9d21-b4a3da79b769,Engineering Done,750000,,,10,2027-04-01,,ec288437-dbec-4e73-9c8c-0ff0e82739cf,2026-08-04T07:51:04.416Z,,,,,,,,,,,,,,,,,,,,,,,,,,,,,,,,,,,,,,,,
payment,63dc26f0-58e3-4160-9619-c9dcabe33e7e,5MW BoP/BoS Ushgorod with N1,6514fae8-2d42-4618-adab-dfa96b740af0,FAT,750000,,,10,2028-03-01,,b33b89b8-cd58-4308-8270-5df4ce7093f9,2026-08-04T07:51:43.947Z,,,,,,,,,,,,,,,,,,,,,,,,,,,,,,,,,,,,,,,,
payment,63dc26f0-58e3-4160-9619-c9dcabe33e7e,5MW BoP/BoS Ushgorod with N1,67f3cfe7-6fb5-48b0-9990-3d6945ce9ad1,SAT,375000,,,5,2028-04-03,,ae1d7fb7-9b1e-4749-9a1c-04b2521076a1,2026-08-04T07:51:59.207Z,,,,,,,,,,,,,,,,,,,,,,,,,,,,,,,,,,,,,,,,
payment,63dc26f0-58e3-4160-9619-c9dcabe33e7e,5MW BoP/BoS Ushgorod with N1,6c999119-d4eb-408f-97ac-45125c46e790,FAC,375000,,,5,2028-05-01,,28c2b51f-d309-432d-b884-4a6ac2512fe2,2026-08-04T07:52:18.384Z,,,,,,,,,,,,,,,,,,,,,,,,,,,,,,,,,,,,,,,,
expense,63dc26f0-58e3-4160-9619-c9dcabe33e7e,5MW BoP/BoS Ushgorod with N1,5c23fb13-60a2-4600-8c78-c793e4be9f0c,Costs Â· Prepayment,1200000,1000000,0.2,60,2026-12-02,,9a24c164-6294-42de-958c-06030bb546b0,2026-08-04T21:02:00.000Z,,,,,,,,,,,,,,,,,,,materials,,,,,,,,,,,,,,,,,,,,,
expense,63dc26f0-58e3-4160-9619-c9dcabe33e7e,5MW BoP/BoS Ushgorod with N1,fadf87a6-00d4-4942-b152-bdb37778aefd,Design approval,200000,166666.67,0.2,10,2027-03-01,,9de12942-b5ad-4c22-a872-43ca34a14900,2026-08-04T21:02:00.000Z,,,,,,,,,,,,,,,,,,,materials,,,,,,,,,,,,,,,,,,,,,
expense,63dc26f0-58e3-4160-9619-c9dcabe33e7e,5MW BoP/BoS Ushgorod with N1,a9e8af8f-6658-4d75-8005-fc50f88050e2,Engineering Done,200000,166666.67,0.2,10,2027-04-01,,ec288437-dbec-4e73-9c8c-0ff0e82739cf,2026-08-04T21:02:00.000Z,,,,,,,,,,,,,,,,,,,materials,,,,,,,,,,,,,,,,,,,,,
expense,63dc26f0-58e3-4160-9619-c9dcabe33e7e,5MW BoP/BoS Ushgorod with N1,a42f1374-ebce-4f09-a378-e82e99129c5b,FAT,200000,166666.67,0.2,10,2028-03-01,,b33b89b8-cd58-4308-8270-5df4ce7093f9,2026-08-04T21:02:00.000Z,,,,,,,,,,,,,,,,,,,materials,,,,,,,,,,,,,,,,,,,,,
expense,63dc26f0-58e3-4160-9619-c9dcabe33e7e,5MW BoP/BoS Ushgorod with N1,32cde61a-fb16-4d84-819e-5840fdbf98fc,SAT,100000,83333.33,0.2,5,2028-04-03,,ae1d7fb7-9b1e-4749-9a1c-04b2521076a1,2026-08-04T21:02:00.000Z,,,,,,,,,,,,,,,,,,,materials,,,,,,,,,,,,,,,,,,,,,
expense,63dc26f0-58e3-4160-9619-c9dcabe33e7e,5MW BoP/BoS Ushgorod with N1,6002edc1-77c7-482b-855a-254da0e04f97,FAC,100000,83333.33,0.2,5,2028-05-01,,28c2b51f-d309-432d-b884-4a6ac2512fe2,2026-08-04T21:02:00.000Z,,,,,,,,,,,,,,,,,,,materials,,,,,,,,,,,,,,,,,,,,,
project,5b8c0672-de99-4b4d-a05f-043e2643a5c4,Burkhard H2 Bus Fueling Station,,,,,,,,,,,1000000,,520000,480000,,,,,,,,,,,,,,,,,,,,,,,,,,,,,,,,,,,,
payment,5b8c0672-de99-4b4d-a05f-043e2643a5c4,Burkhard H2 Bus Fueling Station,326ca741-fa4e-4575-b986-7fb39e6ef994,Prepayment,600000,,,60,2026-10-05,,a875cec1-4dc7-446f-91f0-573fdcecbb04,2026-08-04T08:45:38.161Z,,,,,,,,,,,,,,,,,,,,,,,,,,,,,,,,,,,,,,,,
payment,5b8c0672-de99-4b4d-a05f-043e2643a5c4,Burkhard H2 Bus Fueling Station,7d2f4ede-2ef3-4aeb-9795-521f1002c32a,Design approval,100000,,,10,2026-11-04,,6c14fda1-a9d4-454d-9008-7528d2abbb6b,2026-08-04T08:46:34.316Z,,,,,,,,,,,,,,,,,,,,,,,,,,,,,,,,,,,,,,,,
payment,5b8c0672-de99-4b4d-a05f-043e2643a5c4,Burkhard H2 Bus Fueling Station,c8932c18-abeb-4977-8eda-742ee9bb414b,Engineering done,100000,,,10,2026-12-01,,08783ef1-2fe1-47f1-9ccb-033336fcb456,2026-08-04T08:46:50.675Z,,,,,,,,,,,,,,,,,,,,,,,,,,,,,,,,,,,,,,,,
payment,5b8c0672-de99-4b4d-a05f-043e2643a5c4,Burkhard H2 Bus Fueling Station,ff7350bb-b95b-43a9-89ce-74803a0815de,FAT,100000,,,10,2027-02-01,,752aca25-64d9-4711-9bff-c4c5ba3f1779,2026-08-04T08:47:29.071Z,,,,,,,,,,,,,,,,,,,,,,,,,,,,,,,,,,,,,,,,
payment,5b8c0672-de99-4b4d-a05f-043e2643a5c4,Burkhard H2 Bus Fueling Station,2b8d8e31-7619-44c8-a61a-e8391b11395b,SAT,50000,,,5,2027-03-01,,8184145e-90e5-4d4f-8937-5b3fd988b524,2026-08-04T08:48:07.333Z,,,,,,,,,,,,,,,,,,,,,,,,,,,,,,,,,,,,,,,,
payment,5b8c0672-de99-4b4d-a05f-043e2643a5c4,Burkhard H2 Bus Fueling Station,38cafe2b-3c7a-4240-89c3-0f6fa92b2b48,FAC,50000,,,5,2027-04-01,,4e0fa992-f8c1-41cf-a3cc-1c437670b855,2026-08-04T08:48:26.400Z,,,,,,,,,,,,,,,,,,,,,,,,,,,,,,,,,,,,,,,,
expense,5b8c0672-de99-4b4d-a05f-043e2643a5c4,Burkhard H2 Bus Fueling Station,4c8f8de2-fc80-4272-9c7e-a6b140d9205f,Costs Â· Prepayment,330909,275757.5,0.2,63.64,2026-11-05,,a875cec1-4dc7-446f-91f0-573fdcecbb04,2026-08-04T21:14:00.000Z,,,,,,,,,,,,,,,,,,,materials,,,,,,,,,,,,,,,,,,,,,
expense,5b8c0672-de99-4b4d-a05f-043e2643a5c4,Burkhard H2 Bus Fueling Station,cd90824d-3868-4044-81a0-cbf24687a3bb,Costs Â· Design approval,47273,39394.17,0.2,9.09,2026-12-04,,6c14fda1-a9d4-454d-9008-7528d2abbb6b,2026-08-04T21:14:00.000Z,,,,,,,,,,,,,,,,,,,materials,,,,,,,,,,,,,,,,,,,,,
expense,5b8c0672-de99-4b4d-a05f-043e2643a5c4,Burkhard H2 Bus Fueling Station,d7607b5e-4d9a-445b-aeb6-1c315928ac8b,Costs Â· Engineering done,47273,39394.17,0.2,9.09,2027-01-01,,08783ef1-2fe1-47f1-9ccb-033336fcb456,2026-08-04T21:14:00.000Z,,,,,,,,,,,,,,,,,,,materials,,,,,,,,,,,,,,,,,,,,,
expense,5b8c0672-de99-4b4d-a05f-043e2643a5c4,Burkhard H2 Bus Fueling Station,bda3eab2-d029-447f-bb1d-03b7c657a41c,Costs Â· FAT,47273,39394.17,0.2,9.09,2027-03-01,,752aca25-64d9-4711-9bff-c4c5ba3f1779,2026-08-04T21:14:00.000Z,,,,,,,,,,,,,,,,,,,materials,,,,,,,,,,,,,,,,,,,,,
expense,5b8c0672-de99-4b4d-a05f-043e2643a5c4,Burkhard H2 Bus Fueling Station,20d508de-b924-4ed8-84c9-92c10b93e6ed,SAT,23636,19696.67,0.2,4.55,2027-03-01,,8184145e-90e5-4d4f-8937-5b3fd988b524,2026-08-04T21:14:00.000Z,,,,,,,,,,,,,,,,,,,materials,,,,,,,,,,,,,,,,,,,,,
expense,5b8c0672-de99-4b4d-a05f-043e2643a5c4,Burkhard H2 Bus Fueling Station,003039bf-0581-4d45-91ec-5683d146d7b5,FAC,23636,19696.67,0.2,4.55,2027-04-01,,4e0fa992-f8c1-41cf-a3cc-1c437670b855,2026-08-04T21:14:00.000Z,,,,,,,,,,,,,,,,,,,materials,,,,,,,,,,,,,,,,,,,,,
project,e021f65c-b418-4103-abe0-e6e0b3b31424,Interbudkomplex Nuclear Power Plant in Ukraine,,,,,,,,,,,496000,,200000,296000,,,,,,,,,,,,,,,,,,,,,,,,,,,,,,,,,,,,
payment,e021f65c-b418-4103-abe0-e6e0b3b31424,Interbudkomplex Nuclear Power Plant in Ukraine,efd139f0-899b-482a-aba2-77e6adb9b95a,Prepayment,297600,,,60,2027-03-20,,1b7c9990-f144-4e69-8faa-eba439f978e2,2026-08-04T11:35:23.171Z,,,,,,,,,,,,,,,,,,,,,,,,,,,,,,,,,,,,,,,,
payment,e021f65c-b418-4103-abe0-e6e0b3b31424,Interbudkomplex Nuclear Power Plant in Ukraine,8eebac6b-3707-4c26-ab81-3b6527b7d703,Design approval,49600,,,10,2027-04-20,,e9b50aa5-d997-4377-8c1c-102e800e4f98,2026-08-04T11:35:50.564Z,,,,,,,,,,,,,,,,,,,,,,,,,,,,,,,,,,,,,,,,
payment,e021f65c-b418-4103-abe0-e6e0b3b31424,Interbudkomplex Nuclear Power Plant in Ukraine,318478ac-9dd7-475e-a67f-b4f3388181f1,Engineering done,49600,,,10,2027-05-20,,c3f8f668-992d-415d-a8b7-08c6a84b204a,2026-08-04T11:38:02.369Z,,,,,,,,,,,,,,,,,,,,,,,,,,,,,,,,,,,,,,,,
payment,e021f65c-b418-4103-abe0-e6e0b3b31424,Interbudkomplex Nuclear Power Plant in Ukraine,3c078b34-0b35-46e8-9b44-57538f1f8479,FAT,49600,,,10,2027-07-20,,7e83092c-58ff-4d85-a436-68a68c06500a,2026-08-04T11:39:10.657Z,,,,,,,,,,,,,,,,,,,,,,,,,,,,,,,,,,,,,,,,
payment,e021f65c-b418-4103-abe0-e6e0b3b31424,Interbudkomplex Nuclear Power Plant in Ukraine,6f1d9b60-8938-48af-8e3c-45a545791cb5,SAT,24800,,,5,2027-08-20,,f95b5daa-6e37-4baa-a91a-a531aad98f91,2026-08-04T11:39:41.470Z,,,,,,,,,,,,,,,,,,,,,,,,,,,,,,,,,,,,,,,,
payment,e021f65c-b418-4103-abe0-e6e0b3b31424,Interbudkomplex Nuclear Power Plant in Ukraine,798883ba-7425-407d-bfb7-6e35379c9a36,FAC,24800,,,5,2027-08-20,,b3c5dfb1-5c0b-47f5-9c8c-a277a286fe67,2026-08-04T11:39:58.656Z,,,,,,,,,,,,,,,,,,,,,,,,,,,,,,,,,,,,,,,,
expense,e021f65c-b418-4103-abe0-e6e0b3b31424,Interbudkomplex Nuclear Power Plant in Ukraine,f3025e51-fe2b-4ac6-8d56-a51e82776d7f,Prepayment,120000,100000,0.2,60,2027-03-20,,1b7c9990-f144-4e69-8faa-eba439f978e2,2026-08-04T21:14:00.000Z,,,,,,,,,,,,,,,,,,,materials,,,,,,,,,,,,,,,,,,,,,
expense,e021f65c-b418-4103-abe0-e6e0b3b31424,Interbudkomplex Nuclear Power Plant in Ukraine,5ca7af15-1765-47cd-ba6f-b365f8f50756,Design approval,20000,16666.67,0.2,10,2027-04-20,,e9b50aa5-d997-4377-8c1c-102e800e4f98,2026-08-04T21:14:00.000Z,,,,,,,,,,,,,,,,,,,materials,,,,,,,,,,,,,,,,,,,,,
expense,e021f65c-b418-4103-abe0-e6e0b3b31424,Interbudkomplex Nuclear Power Plant in Ukraine,8bc5be4d-f85f-4f9c-8e60-48b3b026a567,Engineering done,20000,16666.67,0.2,10,2027-05-20,,c3f8f668-992d-415d-a8b7-08c6a84b204a,2026-08-04T21:14:00.000Z,,,,,,,,,,,,,,,,,,,materials,,,,,,,,,,,,,,,,,,,,,
expense,e021f65c-b418-4103-abe0-e6e0b3b31424,Interbudkomplex Nuclear Power Plant in Ukraine,bd4fb2e6-ce51-4919-84c0-3ae447973dd0,FAT,20000,16666.67,0.2,10,2027-07-20,,7e83092c-58ff-4d85-a436-68a68c06500a,2026-08-04T21:14:00.000Z,,,,,,,,,,,,,,,,,,,materials,,,,,,,,,,,,,,,,,,,,,
expense,e021f65c-b418-4103-abe0-e6e0b3b31424,Interbudkomplex Nuclear Power Plant in Ukraine,c368ecbf-fcc1-4208-a938-ce87e390da88,SAT,10000,8333.33,0.2,5,2027-08-20,,f95b5daa-6e37-4baa-a91a-a531aad98f91,2026-08-04T21:14:00.000Z,,,,,,,,,,,,,,,,,,,materials,,,,,,,,,,,,,,,,,,,,,
expense,e021f65c-b418-4103-abe0-e6e0b3b31424,Interbudkomplex Nuclear Power Plant in Ukraine,1a05cc89-95b6-4a4a-a8c5-f1c1031c5f3a,FAC,10000,8333.33,0.2,5,2027-08-20,,b3c5dfb1-5c0b-47f5-9c8c-a277a286fe67,2026-08-04T21:14:00.000Z,,,,,,,,,,,,,,,,,,,materials,,,,,,,,,,,,,,,,,,,,,
project,09e5e552-693f-4ece-b8f2-6e2fd6e9eeee,VW Vzesnya,,,,,,,,,,,271640,,,,,,,,,,,,,,,,,,,,,,,,,,,,,,,,,,,,,,,
payment,09e5e552-693f-4ece-b8f2-6e2fd6e9eeee,VW Vzesnya,801b7f28-4ff4-49c6-90db-4ebbf6cd3b4f,,81492,,,30,2025-10-15,2025-10-15,e0561d53-7e2f-4c3c-933b-61262df313bc,2026-08-04T05:30:50.320Z,,,,,,,,,,,,,,,,,,,,,,,,,,,,,,,,,,,,,,,,
payment,09e5e552-693f-4ece-b8f2-6e2fd6e9eeee,VW Vzesnya,82cf8ce9-c50c-40cb-9b55-68484c3e97f9,,81492,,,30,2026-02-01,2026-02-01,f43ea08f-9d53-46bc-a89e-ad7b1d752f88,2026-08-04T05:31:15.117Z,,,,,,,,,,,,,,,,,,,,,,,,,,,,,,,,,,,,,,,,
payment,09e5e552-693f-4ece-b8f2-6e2fd6e9eeee,VW Vzesnya,44007203-e843-4975-9790-7ba209b55362,,81492,,,30,2026-04-01,2026-04-01,aa22e03c-25f4-4b5a-bc15-1bf169b03733,2026-08-04T05:31:30.765Z,,,,,,,,,,,,,,,,,,,,,,,,,,,,,,,,,,,,,,,,
expense,09e5e552-693f-4ece-b8f2-6e2fd6e9eeee,VW Vzesnya,df60cf16-be2b-449e-8941-39e011ed5aae,Man-hrs,120000,100000,0.2,,2026-07-01,2026-07-01,,2026-08-04T05:32:59.077Z,,,,,,,,,,,,,,,,,,,man-hr,,,,,,,,,,,,,,,,,,,,,
expense,09e5e552-693f-4ece-b8f2-6e2fd6e9eeee,VW Vzesnya,f04d93d4-fb64-4e21-b009-81842c5d8d59,Component costs,36767.03,30644.72,0.2,,2026-03-01,2026-03-01,,2026-08-04T05:33:54.959Z,,,,,,,,,,,,,,,,,,,materials,,,,,,110000,,,,,,,,,,,,,,,
expense,09e5e552-693f-4ece-b8f2-6e2fd6e9eeee,VW Vzesnya,5db7b389-0acb-4e22-9852-653d94ccddb6,Fire extinguish system,34000,28333.33,0.2,,2026-08-15,,,2026-08-04T05:35:57.705Z,,,,,,,,,,,,,,,,,,,materials,,,,,,,,,,,,,,,,,,,,,
project,bfb5de33-420b-4811-81e5-fab089735bd0,ZF CNG replacement with H2,,,,,,,,,,,6000000,,2280000,3720000,,,,,,,,,,,,,,,,,,,,,,,,,,,,,,,,,,,,
payment,bfb5de33-420b-4811-81e5-fab089735bd0,ZF CNG replacement with H2,560bd2da-da9a-4cec-885a-d5b8d7249203,Prepayment,3600000,,,60,2027-02-01,,ce69224b-50df-4dfc-b30c-b6b0a9d726d0,2026-08-04T11:12:26.206Z,,,,,,,,,,,,,,,,,,,,,,,,,,,,,,,,,,,,,,,,
payment,bfb5de33-420b-4811-81e5-fab089735bd0,ZF CNG replacement with H2,0cdbccb0-3f08-4900-be20-4b0fc4c1acf1,Design approval,600000,,,10,2027-05-03,,0e218c9e-6626-4b5e-b993-578d1d558600,2026-08-04T11:13:00.315Z,,,,,,,,,,,,,,,,,,,,,,,,,,,,,,,,,,,,,,,,
payment,bfb5de33-420b-4811-81e5-fab089735bd0,ZF CNG replacement with H2,d42f6db7-738e-4609-b85d-10355feac880,Engineering done,600000,,,10,2027-07-01,,1aaa9b9e-5743-406f-a743-2ff9048d7d49,2026-08-04T11:13:34.475Z,,,,,,,,,,,,,,,,,,,,,,,,,,,,,,,,,,,,,,,,
payment,bfb5de33-420b-4811-81e5-fab089735bd0,ZF CNG replacement with H2,57d0dbc4-a1aa-4cc5-ba27-0008332a5939,FAT,600000,,,10,2027-12-01,,786ecc6a-0b01-4bf9-b387-585cba9b7a53,2026-08-04T11:14:02.028Z,,,,,,,,,,,,,,,,,,,,,,,,,,,,,,,,,,,,,,,,
payment,bfb5de33-420b-4811-81e5-fab089735bd0,ZF CNG replacement with H2,a954aa9a-afe5-44fd-b59d-75d96427e71b,SAT,300000,,,5,2028-01-01,,7f52eed7-3666-4ed6-b66e-6c11adc9316d,2026-08-04T11:14:28.813Z,,,,,,,,,,,,,,,,,,,,,,,,,,,,,,,,,,,,,,,,
payment,bfb5de33-420b-4811-81e5-fab089735bd0,ZF CNG replacement with H2,291e08f4-d42b-4616-9b88-6738143b441c,FAC,300000,,,5,2028-02-01,,176d0d32-9f4f-4f80-9272-272c732f47c0,2026-08-04T11:14:44.794Z,,,,,,,,,,,,,,,,,,,,,,,,,,,,,,,,,,,,,,,,
expense,bfb5de33-420b-4811-81e5-fab089735bd0,ZF CNG replacement with H2,20b1ca5a-303a-4ed4-b9a1-ecb724eaa6f0,Prepayment,1368000,1140000,0.2,60,2027-02-01,,ce69224b-50df-4dfc-b30c-b6b0a9d726d0,2026-08-04T21:14:00.000Z,,,,,,,,,,,,,,,,,,,materials,,,,,,,,,,,,,,,,,,,,,
expense,bfb5de33-420b-4811-81e5-fab089735bd0,ZF CNG replacement with H2,a1c349e6-9da1-4eb3-b2b4-849f40b9c3a9,Design approval,228000,190000,0.2,10,2027-05-03,,0e218c9e-6626-4b5e-b993-578d1d558600,2026-08-04T21:14:00.000Z,,,,,,,,,,,,,,,,,,,materials,,,,,,,,,,,,,,,,,,,,,
expense,bfb5de33-420b-4811-81e5-fab089735bd0,ZF CNG replacement with H2,f2dcc5ac-154c-4f02-8f17-ae8a2398885f,Engineering done,228000,190000,0.2,10,2027-07-01,,1aaa9b9e-5743-406f-a743-2ff9048d7d49,2026-08-04T21:14:00.000Z,,,,,,,,,,,,,,,,,,,materials,,,,,,,,,,,,,,,,,,,,,
expense,bfb5de33-420b-4811-81e5-fab089735bd0,ZF CNG replacement with H2,382c4754-f84a-4b71-95b6-aeb5fc386983,FAT,228000,190000,0.2,10,2027-12-01,,786ecc6a-0b01-4bf9-b387-585cba9b7a53,2026-08-04T21:14:00.000Z,,,,,,,,,,,,,,,,,,,materials,,,,,,,,,,,,,,,,,,,,,
expense,bfb5de33-420b-4811-81e5-fab089735bd0,ZF CNG replacement with H2,9dab7f5d-c548-4a7d-92cf-48a7f5295509,SAT,114000,95000,0.2,5,2028-01-01,,7f52eed7-3666-4ed6-b66e-6c11adc9316d,2026-08-04T21:14:00.000Z,,,,,,,,,,,,,,,,,,,materials,,,,,,,,,,,,,,,,,,,,,
expense,bfb5de33-420b-4811-81e5-fab089735bd0,ZF CNG replacement with H2,a010d346-2abb-4c41-805f-b00069abc1e4,FAC,114000,95000,0.2,5,2028-02-01,,176d0d32-9f4f-4f80-9272-272c732f47c0,2026-08-04T21:14:00.000Z,,,,,,,,,,,,,,,,,,,materials,,,,,,,,,,,,,,,,,,,,,
project,565a7c30-5d0d-4744-b069-a6a1ea0e4ce2,N1 - LE Power Clean H2 Production,,,,,,,,,,,2000000,,,,1150000,,,,,,,,,,,,,,,,,,,,,,,,,,,,,,,,,,,
payment,565a7c30-5d0d-4744-b069-a6a1ea0e4ce2,N1 - LE Power Clean H2 Production,dbcb8424-d49c-47e4-adf3-e5ebebbd619b,,800000,,,40,2026-05-01,2026-05-01,f841d3e4-700f-4952-ae7c-1a44124b943f,2026-08-04T05:45:21.985Z,,,,,,,,,,,,,,,,,,,,,,,,,,,,,,,,,,,,,,,,
payment,565a7c30-5d0d-4744-b069-a6a1ea0e4ce2,N1 - LE Power Clean H2 Production,2d1a4a07-a375-45e5-9062-404a2fb2fc16,,200000,,,10,2026-12-01,,7af4ce42-f92e-4e21-b037-eff6d55572a9,2026-08-04T05:45:38.433Z,,,,,,,,,,,,,,,,,,,,,,,,,,,,,,,,,,,,,,,,
payment,565a7c30-5d0d-4744-b069-a6a1ea0e4ce2,N1 - LE Power Clean H2 Production,30f118af-2048-45e2-af2e-f229f96fbd82,FAT,600000,,,30,2027-05-01,,2ade32eb-e8f9-437f-82bb-a5f1f666c7a2,2026-08-04T05:45:52.337Z,,,,,,,,,,,,,,,,,,,,,,,,,,,,,,,,,,,,,,,,
payment,565a7c30-5d0d-4744-b069-a6a1ea0e4ce2,N1 - LE Power Clean H2 Production,1e1333d0-7088-4cfc-bd97-ed525c929d63,Done,400000,,,20,2027-06-04,,e1991f60-c3ee-4f71-9f88-ed6b147f9620,2026-08-04T05:46:09.097Z,,,,,,,,,,,,,,,,,,,,,,,,,,,,,,,,,,,,,,,,
expense,565a7c30-5d0d-4744-b069-a6a1ea0e4ce2,N1 - LE Power Clean H2 Production,86e56eeb-2323-4a92-9ee8-beaed85718cc,Component costs 3/10,152000,126666.67,0.2,,2026-10-01,,,2026-08-04T05:52:17.531Z,,,,,,,,,,,,,,,,,,,materials,,,,,,,,,,,,,,,,,,,,,
expense,565a7c30-5d0d-4744-b069-a6a1ea0e4ce2,N1 - LE Power Clean H2 Production,03d432a5-9991-4cd3-bae2-2b0e5f3ae30f,Component costs 5/10,152000,126666.67,0.2,,2026-11-01,,,2026-08-04T05:52:45.974Z,,,,,,,,,,,,,,,,,,,materials,,,,,,,,,,,,,,,,,,,,,
expense,565a7c30-5d0d-4744-b069-a6a1ea0e4ce2,N1 - LE Power Clean H2 Production,ea878e3b-730d-4173-a4c1-15dee03ad6af,Component costs 6/10,152000,126666.67,0.2,,2026-12-01,,,2026-08-04T05:53:24.625Z,,,,,,,,,,,,,,,,,,,materials,,,,,,,,,,,,,,,,,,,,,
expense,565a7c30-5d0d-4744-b069-a6a1ea0e4ce2,N1 - LE Power Clean H2 Production,6e8f2f6d-0756-49e3-81e0-7511a9cf9311,Component costs 7/10,152000,126666.67,0.2,,2027-01-01,,,2026-08-04T05:53:48.677Z,,,,,,,,,,,,,,,,,,,materials,,,,,,,,,,,,,,,,,,,,,
expense,565a7c30-5d0d-4744-b069-a6a1ea0e4ce2,N1 - LE Power Clean H2 Production,c19ded40-e0d2-465e-8de5-a369a8859c03,Component costs 8/10,152000,126666.67,0.2,,2027-02-01,,,2026-08-04T05:54:04.409Z,,,,,,,,,,,,,,,,,,,materials,,,,,,,,,,,,,,,,,,,,,
expense,565a7c30-5d0d-4744-b069-a6a1ea0e4ce2,N1 - LE Power Clean H2 Production,2e99bd74-b0af-4609-bd00-dad8b4206e8e,Component costs 9/10,152000,126666.67,0.2,,2027-03-01,,,2026-08-04T05:54:22.238Z,,,,,,,,,,,,,,,,,,,materials,,,,,,,,,,,,,,,,,,,,,
expense,565a7c30-5d0d-4744-b069-a6a1ea0e4ce2,N1 - LE Power Clean H2 Production,4fb98863-1ee7-411c-8cc4-1e5f7b3d7c82,Component costs 10/10,152000,126666.67,0.2,,2027-04-01,,,2026-08-04T05:54:39.537Z,,,,,,,,,,,,,,,,,,,materials,,,,,,,,,,,,,,,,,,,,,
expense,565a7c30-5d0d-4744-b069-a6a1ea0e4ce2,N1 - LE Power Clean H2 Production,18168f15-4f6d-4e11-902f-b013ad3230a0,Additional MV transformer,280000,233333.33,0.2,,2026-08-15,,,2026-08-04T05:55:46.409Z,,,,,,,,,,,,,,,,,,,materials,,,,,,,,,,,,,,,,,,,,,
project,e1509a3b-613c-4846-a411-87e5ab388326,5MW BoS/BoP for Inver with Stargate,,,,,,,,,,,2800000,,2000000,800000,,,,,,,,,,,,,,,,,,,,,,,,,,,,,,,,,,,,
payment,e1509a3b-613c-4846-a411-87e5ab388326,5MW BoS/BoP for Inver with Stargate,8c366f05-6f66-4e5b-a1e6-ac1717591f38,Prepayment,1680000,,,60,2026-11-02,,cea9bdda-5dd6-4b0f-a415-fb02d1dbcd63,2026-08-04T11:18:53.559Z,,,,,,,,,,,,,,,,,,,,,,,,,,,,,,,,,,,,,,,,
payment,e1509a3b-613c-4846-a411-87e5ab388326,5MW BoS/BoP for Inver with Stargate,2a633a59-9135-4b4c-9dec-e465823bb5ec,Design approval,280000,,,10,2027-03-01,,2fca3233-6211-46f9-a617-ea7b5a74cc9c,2026-08-04T11:19:13.592Z,,,,,,,,,,,,,,,,,,,,,,,,,,,,,,,,,,,,,,,,
payment,e1509a3b-613c-4846-a411-87e5ab388326,5MW BoS/BoP for Inver with Stargate,cd9ef615-33ec-4e49-b103-e9c37fc252b6,Engineering done,280000,,,10,2027-04-01,,27d8cc8e-6791-46bd-aaf5-1b968fb6a02b,2026-08-04T11:19:31.956Z,,,,,,,,,,,,,,,,,,,,,,,,,,,,,,,,,,,,,,,,
payment,e1509a3b-613c-4846-a411-87e5ab388326,5MW BoS/BoP for Inver with Stargate,bbeeca8d-c96a-4d73-ad55-67718acf0041,FAT,280000,,,10,2028-03-04,,5c15462d-a84b-49f2-9df1-1c58b5d228b1,2026-08-04T11:20:06.380Z,,,,,,,,,,,,,,,,,,,,,,,,,,,,,,,,,,,,,,,,
payment,e1509a3b-613c-4846-a411-87e5ab388326,5MW BoS/BoP for Inver with Stargate,afbe35fb-2415-4c2a-a6fd-e43b5eef75d1,SAT,140000,,,5,2028-04-03,,bf1bc35e-18a7-4a3f-8c54-2fd8f50433e5,2026-08-04T11:20:38.236Z,,,,,,,,,,,,,,,,,,,,,,,,,,,,,,,,,,,,,,,,
payment,e1509a3b-613c-4846-a411-87e5ab388326,5MW BoS/BoP for Inver with Stargate,32561095-5614-46f8-b670-bbc7e5669564,FAC,140000,,,5,2028-05-01,,bff887e5-9d3f-4d86-ac77-4471d5fc0a75,2026-08-04T11:20:58.361Z,,,,,,,,,,,,,,,,,,,,,,,,,,,,,,,,,,,,,,,,
expense,e1509a3b-613c-4846-a411-87e5ab388326,5MW BoS/BoP for Inver with Stargate,f2392e93-6ff6-45f2-9d19-5e46a12b7791,Costs Â· Prepayment,1200000,1000000,0.2,60,2026-12-02,,cea9bdda-5dd6-4b0f-a415-fb02d1dbcd63,2026-08-04T21:02:00.000Z,,,,,,,,,,,,,,,,,,,materials,,,,,,,,,,,,,,,,,,,,,
expense,e1509a3b-613c-4846-a411-87e5ab388326,5MW BoS/BoP for Inver with Stargate,96c8be9b-4426-44aa-b908-f12c5cf722f9,Costs Â· Design approval,200000,166666.67,0.2,10,2027-04-01,,2fca3233-6211-46f9-a617-ea7b5a74cc9c,2026-08-04T21:02:00.000Z,,,,,,,,,,,,,,,,,,,materials,,,,,,,,,,,,,,,,,,,,,
expense,e1509a3b-613c-4846-a411-87e5ab388326,5MW BoS/BoP for Inver with Stargate,a3fce42c-8ada-463c-81d6-c4a297a36f2a,Engineering done,200000,166666.67,0.2,10,2027-04-01,,27d8cc8e-6791-46bd-aaf5-1b968fb6a02b,2026-08-04T21:02:00.000Z,,,,,,,,,,,,,,,,,,,materials,,,,,,,,,,,,,,,,,,,,,
expense,e1509a3b-613c-4846-a411-87e5ab388326,5MW BoS/BoP for Inver with Stargate,93f1cf3e-e835-459a-a2df-2b3915f91462,FAT,200000,166666.67,0.2,10,2028-03-04,,5c15462d-a84b-49f2-9df1-1c58b5d228b1,2026-08-04T21:02:00.000Z,,,,,,,,,,,,,,,,,,,materials,,,,,,,,,,,,,,,,,,,,,
expense,e1509a3b-613c-4846-a411-87e5ab388326,5MW BoS/BoP for Inver with Stargate,5e5972cd-bbca-4119-b869-7399ab247a60,SAT,100000,83333.33,0.2,5,2028-04-03,,bf1bc35e-18a7-4a3f-8c54-2fd8f50433e5,2026-08-04T21:02:00.000Z,,,,,,,,,,,,,,,,,,,materials,,,,,,,,,,,,,,,,,,,,,
expense,e1509a3b-613c-4846-a411-87e5ab388326,5MW BoS/BoP for Inver with Stargate,7c469b32-492e-4481-8a49-fcfcf0b6a671,FAC,100000,83333.33,0.2,5,2029-01-01,,bff887e5-9d3f-4d86-ac77-4471d5fc0a75,2026-08-04T21:02:00.000Z,,,,,,,,,,,,,,,,,,,materials,,,,,,,,,,,,,,,,,,,,,
project,ee31a7e1-aefd-4127-ad3b-59b67c688e04,Bestway FRQ Cement Plant,,,,,,,,,,,3000000,,900000,2100000,,,,,,,,,,,,,,,,,,,,,,,,,,,,,,,,,,,,
payment,ee31a7e1-aefd-4127-ad3b-59b67c688e04,Bestway FRQ Cement Plant,15391957-9d1c-4fbe-abc2-e06dd5f3eabc,Prepayment,1200000,,,40,2026-09-10,,ce5c636a-d0d5-4ec2-8bc1-5f9570d39434,2026-08-04T11:24:48.206Z,,,,,,,,,,,,,,,,,,,,,,,,,,,,,,,,,,,,,,,,
payment,ee31a7e1-aefd-4127-ad3b-59b67c688e04,Bestway FRQ Cement Plant,10685556-91d1-4d36-b98a-03ccdcaffb1a,Design approval,300000,,,10,2026-09-20,,d808e64c-df35-47f4-a835-5492371ddfd3,2026-08-04T11:25:07.187Z,,,,,,,,,,,,,,,,,,,,,,,,,,,,,,,,,,,,,,,,
payment,ee31a7e1-aefd-4127-ad3b-59b67c688e04,Bestway FRQ Cement Plant,a1a4f547-711a-4d72-bdae-f68b51795e84,Engineering done,300000,,,10,2026-09-30,,53112704-1934-4958-91e1-2bf99ada4742,2026-08-04T11:25:19.163Z,,,,,,,,,,,,,,,,,,,,,,,,,,,,,,,,,,,,,,,,
payment,ee31a7e1-aefd-4127-ad3b-59b67c688e04,Bestway FRQ Cement Plant,1b11506b-198a-4197-b87b-a39b1688751f,FAT,600000,,,20,2026-11-02,,e61d3498-b3c7-4fb6-bf77-7e413ddbe0e4,2026-08-04T11:25:56.767Z,,,,,,,,,,,,,,,,,,,,,,,,,,,,,,,,,,,,,,,,
payment,ee31a7e1-aefd-4127-ad3b-59b67c688e04,Bestway FRQ Cement Plant,b6e279e5-f325-4a75-88a9-5c44e9af855e,SAT,300000,,,10,2026-12-01,,380a93a4-1b17-4851-91e9-fbcfdc2a0d67,2026-08-04T11:26:24.255Z,,,,,,,,,,,,,,,,,,,,,,,,,,,,,,,,,,,,,,,,
payment,ee31a7e1-aefd-4127-ad3b-59b67c688e04,Bestway FRQ Cement Plant,95dbd655-6f11-44d3-9145-35b250d48e0f,FAC,300000,,,10,2027-01-10,,6cd8e387-ddd2-4414-b5bd-ea9b06844448,2026-08-04T11:26:47.088Z,,,,,,,,,,,,,,,,,,,,,,,,,,,,,,,,,,,,,,,,
expense,ee31a7e1-aefd-4127-ad3b-59b67c688e04,Bestway FRQ Cement Plant,fe63b11c-1114-448c-bbcc-b920cde3c34e,Costs Â· Prepayment,360000,300000,0.2,40,2026-10-10,,ce5c636a-d0d5-4ec2-8bc1-5f9570d39434,2026-08-04T21:02:00.000Z,,,,,,,,,,,,,,,,,,,materials,,,,,,,,,,,,,,,,,,,,,
expense,ee31a7e1-aefd-4127-ad3b-59b67c688e04,Bestway FRQ Cement Plant,3f4af79f-66df-4a2d-ba9d-eda1af46008b,Costs Â· Design approval,90000,75000,0.2,10,2026-10-20,,d808e64c-df35-47f4-a835-5492371ddfd3,2026-08-04T21:02:00.000Z,,,,,,,,,,,,,,,,,,,materials,,,,,,,,,,,,,,,,,,,,,
expense,ee31a7e1-aefd-4127-ad3b-59b67c688e04,Bestway FRQ Cement Plant,f2411975-c6b5-4f77-a602-35781f786bcc,Costs Â· Engineering done,90000,75000,0.2,10,2026-10-30,,53112704-1934-4958-91e1-2bf99ada4742,2026-08-04T21:02:00.000Z,,,,,,,,,,,,,,,,,,,materials,,,,,,,,,,,,,,,,,,,,,
expense,ee31a7e1-aefd-4127-ad3b-59b67c688e04,Bestway FRQ Cement Plant,87ce27e9-f426-4984-855b-9402dd7525f9,Costs Â· FAT,180000,150000,0.2,20,2026-12-02,,e61d3498-b3c7-4fb6-bf77-7e413ddbe0e4,2026-08-04T21:02:00.000Z,,,,,,,,,,,,,,,,,,,materials,,,,,,,,,,,,,,,,,,,,,
expense,ee31a7e1-aefd-4127-ad3b-59b67c688e04,Bestway FRQ Cement Plant,aa479e33-4f5e-4bf6-966e-d8dfa1ddb16e,SAT,90000,75000,0.2,10,2026-12-01,,380a93a4-1b17-4851-91e9-fbcfdc2a0d67,2026-08-04T21:02:00.000Z,,,,,,,,,,,,,,,,,,,materials,,,,,,,,,,,,,,,,,,,,,
expense,ee31a7e1-aefd-4127-ad3b-59b67c688e04,Bestway FRQ Cement Plant,a814d5d4-1e34-4a01-b709-c92c5997bfca,FAC,90000,75000,0.2,10,2027-01-10,,6cd8e387-ddd2-4414-b5bd-ea9b06844448,2026-08-04T21:02:00.000Z,,,,,,,,,,,,,,,,,,,materials,,,,,,,,,,,,,,,,,,,,,
warehouse_lot,176df9ba-e086-4e65-b29f-4029300364e0,Warehouse / Central stock,7406fd13-2151-4870-921f-d64450170531,Opening (MoneyWorks),0,0,0.2,,2026-08-08,,,2026-08-08T07:51:36.949+00:00,,,,,,,,,,,,,,,,,,,materials,,7406fd13-2151-4870-921f-d64450170531,f1bc343b-4a08-45c3-8fe1-c8b7f5288f42,1,,,Склад,,,,,,,,,,,,,,
warehouse_lot,176df9ba-e086-4e65-b29f-4029300364e0,Warehouse / Central stock,093f776a-cc3d-43f8-b643-b82461473801,Opening (MoneyWorks),0,0,0.2,,2026-08-08,,,2026-08-08T07:51:36.949+00:00,,,,,,,,,,,,,,,,,,,materials,,093f776a-cc3d-43f8-b643-b82461473801,74160f93-c473-46df-96ce-9b9ef253af0b,1,,,Склад,,,,,,,,,,,,,,
warehouse_lot,176df9ba-e086-4e65-b29f-4029300364e0,Warehouse / Central stock,c07941f2-3d2a-4b5d-ae71-b402b4dcf7ca,Opening (MoneyWorks),0,0,0.2,,2026-08-08,,,2026-08-08T07:51:36.95+00:00,,,,,,,,,,,,,,,,,,,materials,,c07941f2-3d2a-4b5d-ae71-b402b4dcf7ca,6289a41b-706b-4ccc-9cda-4edc77327cf0,1,,,Склад,,,,,,,,,,,,,,
warehouse_lot,176df9ba-e086-4e65-b29f-4029300364e0,Warehouse / Central stock,dd879bde-29ef-4698-bf3a-2a3b78ade1c7,Opening (MoneyWorks),1.649,1.37,0.2,,2026-02-24,,,2026-08-08T07:51:36.95+00:00,,,,,,,,,,,,,,,,,,,materials,,dd879bde-29ef-4698-bf3a-2a3b78ade1c7,e138029f-cbe5-4995-ab9a-e70e9f242f28,6,,,Склад,,,,,,,,,,,,,,
warehouse_lot,176df9ba-e086-4e65-b29f-4029300364e0,Warehouse / Central stock,eb717ac2-69b0-45a7-b530-da472e16d3bd,Opening (MoneyWorks),0,0,0.2,,2026-08-08,,,2026-08-08T07:51:36.95+00:00,,,,,,,,,,,,,,,,,,,materials,,eb717ac2-69b0-45a7-b530-da472e16d3bd,775b865d-cf71-4275-87ac-cb780ccec092,1,,,Склад,,,,,,,,,,,,,,
warehouse_lot,176df9ba-e086-4e65-b29f-4029300364e0,Warehouse / Central stock,0bfd74b7-580a-49ba-a609-a6d98ff8c570,Opening (MoneyWorks),0,0,0.2,,2026-08-08,,,2026-08-08T07:51:36.95+00:00,,,,,,,,,,,,,,,,,,,materials,,0bfd74b7-580a-49ba-a609-a6d98ff8c570,3465f454-9daf-4edb-b01f-8da3d64ce3a7,1,,,Склад,,,,,,,,,,,,,,
warehouse_lot,176df9ba-e086-4e65-b29f-4029300364e0,Warehouse / Central stock,4e4cf575-cb73-4bfe-81ed-0f1a70ac50a6,Opening (MoneyWorks),12.69,10.58,0.2,,2026-04-08,,,2026-08-08T07:51:36.95+00:00,,,,,,,,,,,,,,,,,,,materials,,4e4cf575-cb73-4bfe-81ed-0f1a70ac50a6,f649f5cc-fe39-4856-a502-ee12d74ff517,6,,,Склад,,,,,,,,,,,,,,
warehouse_lot,176df9ba-e086-4e65-b29f-4029300364e0,Warehouse / Central stock,e681b1af-0794-4471-8985-cd2058966258,Opening (MoneyWorks),5.49,4.58,0.2,,2026-05-25,,,2026-08-08T07:51:36.95+00:00,,,,,,,,,,,,,,,,,,,materials,,e681b1af-0794-4471-8985-cd2058966258,bd61413d-4c7f-434d-9f88-60580a5a4b67,1,,,Склад,,,,,,,,,,,,,,
warehouse_lot,176df9ba-e086-4e65-b29f-4029300364e0,Warehouse / Central stock,094bdd9e-0119-4418-8533-6f069f44c84d,Opening (MoneyWorks),0,0,0.2,,2026-08-08,,,2026-08-08T07:51:36.95+00:00,,,,,,,,,,,,,,,,,,,materials,,094bdd9e-0119-4418-8533-6f069f44c84d,05935889-81e5-4dbd-b39d-5ccafb043b05,1,,,Склад,,,,,,,,,,,,,,
warehouse_lot,176df9ba-e086-4e65-b29f-4029300364e0,Warehouse / Central stock,16bb638a-eaab-4df6-af8c-127ee347a485,Opening (MoneyWorks),67.14,55.95,0.2,,2026-08-08,,,2026-08-08T07:51:36.95+00:00,,,,,,,,,,,,,,,,,,,materials,,16bb638a-eaab-4df6-af8c-127ee347a485,b9cd4ee4-9705-4f53-802f-d88a2ad61a28,6,,,Склад,,,,,,,,,,,,,,
warehouse_lot,176df9ba-e086-4e65-b29f-4029300364e0,Warehouse / Central stock,a6c6eabd-9cdb-4937-b0fd-f460a7c3efbe,Opening (MoneyWorks),0,0,0.2,,2026-08-08,,,2026-08-08T07:51:36.95+00:00,,,,,,,,,,,,,,,,,,,materials,,a6c6eabd-9cdb-4937-b0fd-f460a7c3efbe,f7adcf21-ddc0-4c15-886f-d6189c1c3dcc,1,,,Склад,,,,,,,,,,,,,,
warehouse_lot,176df9ba-e086-4e65-b29f-4029300364e0,Warehouse / Central stock,094cd301-49ee-43df-896f-ad9c6c232fd4,Opening (MoneyWorks),0,0,0.2,,2026-08-08,,,2026-08-08T07:51:36.95+00:00,,,,,,,,,,,,,,,,,,,materials,,094cd301-49ee-43df-896f-ad9c6c232fd4,6330edd8-d44c-46a2-aebf-fea0b895f298,1,,,Склад,,,,,,,,,,,,,,
warehouse_lot,176df9ba-e086-4e65-b29f-4029300364e0,Warehouse / Central stock,3fa2f04e-6413-4d72-8eb9-b8eabdb95ad7,Opening (MoneyWorks),0,0,0.2,,2026-08-08,,,2026-08-08T07:51:36.95+00:00,,,,,,,,,,,,,,,,,,,materials,,3fa2f04e-6413-4d72-8eb9-b8eabdb95ad7,f5b00ba8-1b69-4c9c-9f4d-417672acc9f8,1,,,Склад,,,,,,,,,,,,,,
warehouse_lot,176df9ba-e086-4e65-b29f-4029300364e0,Warehouse / Central stock,28d08496-a95d-49ac-b506-a77e94a4c6fc,Opening (MoneyWorks),0,0,0.2,,2026-08-08,,,2026-08-08T07:51:36.951+00:00,,,,,,,,,,,,,,,,,,,materials,,28d08496-a95d-49ac-b506-a77e94a4c6fc,4f693d0c-c661-486e-9e74-aa21f3766a8b,1,,,Склад,,,,,,,,,,,,,,
warehouse_lot,176df9ba-e086-4e65-b29f-4029300364e0,Warehouse / Central stock,d772a2fb-ea8c-424d-bdca-84a9299e1136,Opening (MoneyWorks),0,0,0.2,,2026-08-08,,,2026-08-08T07:51:36.951+00:00,,,,,,,,,,,,,,,,,,,materials,,d772a2fb-ea8c-424d-bdca-84a9299e1136,80a82100-6874-4130-9163-3917135d5b3f,1,,,Склад,,,,,,,,,,,,,,
warehouse_lot,176df9ba-e086-4e65-b29f-4029300364e0,Warehouse / Central stock,d15f0236-12cc-4272-a44d-61bacc07513b,Opening (MoneyWorks),0,0,0.2,,2026-08-08,,,2026-08-08T07:51:36.951+00:00,,,,,,,,,,,,,,,,,,,materials,,d15f0236-12cc-4272-a44d-61bacc07513b,40f7cf1e-ab2a-41d4-b0cf-19e07c2f617e,1,,,Склад,,,,,,,,,,,,,,
warehouse_lot,176df9ba-e086-4e65-b29f-4029300364e0,Warehouse / Central stock,2e8aea49-c0bf-4029-a4fb-97c8288f684b,Opening (MoneyWorks),0,0,0.2,,2026-08-08,,,2026-08-08T07:51:36.951+00:00,,,,,,,,,,,,,,,,,,,materials,,2e8aea49-c0bf-4029-a4fb-97c8288f684b,b6dea5e8-ec7d-4f75-9f37-0bb626db50b6,1,,,Склад,,,,,,,,,,,,,,
warehouse_lot,176df9ba-e086-4e65-b29f-4029300364e0,Warehouse / Central stock,1de5f266-6e24-409a-a9ae-fe3db59d1235,Opening (MoneyWorks),0,0,0.2,,2026-08-08,,,2026-08-08T07:51:36.951+00:00,,,,,,,,,,,,,,,,,,,materials,,1de5f266-6e24-409a-a9ae-fe3db59d1235,e1cb6a2f-a10d-4c0f-89a1-17fc5c5d94cf,1,,,Склад,,,,,,,,,,,,,,
warehouse_lot,176df9ba-e086-4e65-b29f-4029300364e0,Warehouse / Central stock,1ce0af41-0c2a-4426-92e3-5e12bf9f5a74,Opening (MoneyWorks),0,0,0.2,,2026-08-08,,,2026-08-08T07:51:36.951+00:00,,,,,,,,,,,,,,,,,,,materials,,1ce0af41-0c2a-4426-92e3-5e12bf9f5a74,11f971d8-d80f-48f2-ac09-4fcc5f9b18bb,1,,,Склад,,,,,,,,,,,,,,
warehouse_lot,176df9ba-e086-4e65-b29f-4029300364e0,Warehouse / Central stock,1306a168-a030-4ef0-b681-262380fde017,Opening (MoneyWorks),0,0,0.2,,2026-08-08,,,2026-08-08T07:51:36.951+00:00,,,,,,,,,,,,,,,,,,,materials,,1306a168-a030-4ef0-b681-262380fde017,b836e6e2-b886-468b-8cb1-e370e9e57b02,1,,,Склад,,,,,,,,,,,,,,
warehouse_lot,176df9ba-e086-4e65-b29f-4029300364e0,Warehouse / Central stock,49b7def6-ff45-4619-bf87-be16956b3e5a,Opening (MoneyWorks),0,0,0.2,,2026-08-08,,,2026-08-08T07:51:36.951+00:00,,,,,,,,,,,,,,,,,,,materials,,49b7def6-ff45-4619-bf87-be16956b3e5a,c78dde4e-30d2-4bc5-b7d0-26082a0e65f8,1,,,Склад,,,,,,,,,,,,,,
warehouse_lot,176df9ba-e086-4e65-b29f-4029300364e0,Warehouse / Central stock,258aec55-b421-46bc-a4f6-a694f53a65e6,Opening (MoneyWorks),0,0,0.2,,2026-08-08,,,2026-08-08T07:51:36.951+00:00,,,,,,,,,,,,,,,,,,,materials,,258aec55-b421-46bc-a4f6-a694f53a65e6,13de9205-be58-440c-a550-db1008c55aa3,1,,,Склад,,,,,,,,,,,,,,
warehouse_lot,176df9ba-e086-4e65-b29f-4029300364e0,Warehouse / Central stock,afd9438d-9ecb-4e09-b1a1-cf7ad05250e1,Opening (MoneyWorks),0,0,0.2,,2026-08-08,,,2026-08-08T07:51:36.951+00:00,,,,,,,,,,,,,,,,,,,materials,,afd9438d-9ecb-4e09-b1a1-cf7ad05250e1,cab1e752-b6d9-40a9-872e-aa8baa01f2c1,1,,,Склад,,,,,,,,,,,,,,
warehouse_lot,176df9ba-e086-4e65-b29f-4029300364e0,Warehouse / Central stock,0f3c9351-c3f7-4b88-8e5d-3e5fd10b8f6d,Opening (MoneyWorks),0,0,0.2,,2026-08-08,,,2026-08-08T07:51:36.951+00:00,,,,,,,,,,,,,,,,,,,materials,,0f3c9351-c3f7-4b88-8e5d-3e5fd10b8f6d,7e430b6f-87d3-4db9-bfc1-7e91f8574974,1,,,Склад,,,,,,,,,,,,,,
warehouse_lot,176df9ba-e086-4e65-b29f-4029300364e0,Warehouse / Central stock,cf0229cc-ab47-452d-bd6a-e8f13219fe83,Opening (MoneyWorks),0,0,0.2,,2026-08-08,,,2026-08-08T07:51:36.951+00:00,,,,,,,,,,,,,,,,,,,materials,,cf0229cc-ab47-452d-bd6a-e8f13219fe83,3d9932c0-2985-4413-bd80-768b81026ee1,1,,,Склад,,,,,,,,,,,,,,
warehouse_lot,176df9ba-e086-4e65-b29f-4029300364e0,Warehouse / Central stock,2961d9a2-241a-42e5-9bee-e0c94f369d04,Opening (MoneyWorks),0,0,0.2,,2026-08-08,,,2026-08-08T07:51:36.951+00:00,,,,,,,,,,,,,,,,,,,materials,,2961d9a2-241a-42e5-9bee-e0c94f369d04,cdc808bd-8ca3-44e5-bddf-c5b99ab85d50,1,,,Склад,,,,,,,,,,,,,,
warehouse_lot,176df9ba-e086-4e65-b29f-4029300364e0,Warehouse / Central stock,6d4e9505-c5f3-4118-bf58-b77c877758b4,Opening (MoneyWorks),0,0,0.2,,2026-08-08,,,2026-08-08T07:51:36.951+00:00,,,,,,,,,,,,,,,,,,,materials,,6d4e9505-c5f3-4118-bf58-b77c877758b4,f9c3b6b1-1e3a-4401-bf9b-3b980b9f5a72,1,,,Склад,,,,,,,,,,,,,,
warehouse_lot,176df9ba-e086-4e65-b29f-4029300364e0,Warehouse / Central stock,884ca8cb-3ad7-4eef-a91a-baef63ff2c9b,Opening (MoneyWorks),0,0,0.2,,2026-08-08,,,2026-08-08T07:51:36.951+00:00,,,,,,,,,,,,,,,,,,,materials,,884ca8cb-3ad7-4eef-a91a-baef63ff2c9b,24bc0300-b25f-4b87-bbba-d06361e8cdc6,1,,,Склад,,,,,,,,,,,,,,
warehouse_lot,176df9ba-e086-4e65-b29f-4029300364e0,Warehouse / Central stock,2bd7bb2a-8618-4ddc-86b7-598171bc73a9,Opening (MoneyWorks),0,0,0.2,,2026-08-08,,,2026-08-08T07:51:36.951+00:00,,,,,,,,,,,,,,,,,,,materials,,2bd7bb2a-8618-4ddc-86b7-598171bc73a9,ef09bf6f-c7fc-419f-9493-468e4918dd51,1,,,Склад,,,,,,,,,,,,,,
warehouse_lot,176df9ba-e086-4e65-b29f-4029300364e0,Warehouse / Central stock,697783f4-0765-43e9-a32c-034e03b8154d,Opening (MoneyWorks),0,0,0.2,,2026-08-08,,,2026-08-08T07:51:36.951+00:00,,,,,,,,,,,,,,,,,,,materials,,697783f4-0765-43e9-a32c-034e03b8154d,67120402-443d-4ee6-8499-db9bf3b3e9b7,1,,,Склад,,,,,,,,,,,,,,
warehouse_lot,176df9ba-e086-4e65-b29f-4029300364e0,Warehouse / Central stock,88058bbd-8f5f-4c1f-b339-7c745fd402ab,Opening (MoneyWorks),0,0,0.2,,2026-08-08,,,2026-08-08T07:51:36.951+00:00,,,,,,,,,,,,,,,,,,,materials,,88058bbd-8f5f-4c1f-b339-7c745fd402ab,9007d3ef-d6eb-4d86-91ad-9a6cfe531981,1,,,Склад,,,,,,,,,,,,,,
warehouse_lot,176df9ba-e086-4e65-b29f-4029300364e0,Warehouse / Central stock,df786e6d-dc78-449a-844d-5b9c4f165d49,Opening (MoneyWorks),0,0,0.2,,2026-08-08,,,2026-08-08T07:51:36.951+00:00,,,,,,,,,,,,,,,,,,,materials,,df786e6d-dc78-449a-844d-5b9c4f165d49,6a891c8b-c583-4193-bad2-b4a38584d1fb,1,,,Склад,,,,,,,,,,,,,,
warehouse_lot,176df9ba-e086-4e65-b29f-4029300364e0,Warehouse / Central stock,916c2a08-f2e8-4b17-beef-a6e413507ccd,Opening (MoneyWorks),0,0,0.2,,2026-08-08,,,2026-08-08T07:51:36.951+00:00,,,,,,,,,,,,,,,,,,,materials,,916c2a08-f2e8-4b17-beef-a6e413507ccd,f837e9d7-64d4-4e03-808c-7f5d631a06e1,1,,,Склад,,,,,,,,,,,,,,
warehouse_lot,176df9ba-e086-4e65-b29f-4029300364e0,Warehouse / Central stock,d8bb1186-3093-4dc2-b499-578ece95bca0,Opening (MoneyWorks),0,0,0.2,,2026-08-08,,,2026-08-08T07:51:36.952+00:00,,,,,,,,,,,,,,,,,,,materials,,d8bb1186-3093-4dc2-b499-578ece95bca0,69b1aee8-471b-4665-91dc-a0a71643b699,1,,,Склад,,,,,,,,,,,,,,
warehouse_lot,176df9ba-e086-4e65-b29f-4029300364e0,Warehouse / Central stock,e1da04f9-5cc3-4d1b-bb0b-93970054ec3e,Opening (MoneyWorks),0,0,0.2,,2026-08-08,,,2026-08-08T07:51:36.952+00:00,,,,,,,,,,,,,,,,,,,materials,,e1da04f9-5cc3-4d1b-bb0b-93970054ec3e,2b7d23b1-e826-4be4-a04a-fbd2c2a8d19e,1,,,Склад,,,,,,,,,,,,,,
warehouse_lot,176df9ba-e086-4e65-b29f-4029300364e0,Warehouse / Central stock,54b323e5-e15c-43d8-aeff-34a6c84549a6,Opening (MoneyWorks),0,0,0.2,,2026-08-08,,,2026-08-08T07:51:36.952+00:00,,,,,,,,,,,,,,,,,,,materials,,54b323e5-e15c-43d8-aeff-34a6c84549a6,49c197c9-9685-4aec-af1b-e55d733b96bc,1,,,Склад,,,,,,,,,,,,,,
warehouse_lot,176df9ba-e086-4e65-b29f-4029300364e0,Warehouse / Central stock,ad66f7cf-4b4a-47e4-b032-99fab58b75ad,Opening (MoneyWorks),0,0,0.2,,2026-08-08,,,2026-08-08T07:51:36.952+00:00,,,,,,,,,,,,,,,,,,,materials,,ad66f7cf-4b4a-47e4-b032-99fab58b75ad,0e6ea897-b2b7-48a9-a8a8-689b39591f85,1,,,Склад,,,,,,,,,,,,,,
warehouse_lot,176df9ba-e086-4e65-b29f-4029300364e0,Warehouse / Central stock,cf465f17-192c-46d8-acee-ef8e34e2603e,Opening (MoneyWorks),0,0,0.2,,2026-08-08,,,2026-08-08T07:51:36.952+00:00,,,,,,,,,,,,,,,,,,,materials,,cf465f17-192c-46d8-acee-ef8e34e2603e,e55864d1-12bd-45de-83be-69aaba790274,2,,,Склад,,,,,,,,,,,,,,
warehouse_lot,176df9ba-e086-4e65-b29f-4029300364e0,Warehouse / Central stock,76ad3fa1-c8c8-42e8-9b9c-643e9d328a42,Opening (MoneyWorks),0,0,0.2,,2026-08-08,,,2026-08-08T07:51:36.952+00:00,,,,,,,,,,,,,,,,,,,materials,,76ad3fa1-c8c8-42e8-9b9c-643e9d328a42,25e15c3e-9c20-49b9-95ec-b4ae62687f07,1,,,Склад,,,,,,,,,,,,,,
warehouse_lot,176df9ba-e086-4e65-b29f-4029300364e0,Warehouse / Central stock,6b6c8c5a-3a5b-4a21-a560-38f9314bd63f,Opening (MoneyWorks),0,0,0.2,,2026-08-08,,,2026-08-08T07:51:36.952+00:00,,,,,,,,,,,,,,,,,,,materials,,6b6c8c5a-3a5b-4a21-a560-38f9314bd63f,fa896569-1c05-4978-8e4e-2d7cd8519ad5,1,,,Склад,,,,,,,,,,,,,,
warehouse_lot,176df9ba-e086-4e65-b29f-4029300364e0,Warehouse / Central stock,d5b38c66-6f08-4d30-afc0-9dd078a424ed,Opening (MoneyWorks),0,0,0.2,,2026-08-08,,,2026-08-08T07:51:36.952+00:00,,,,,,,,,,,,,,,,,,,materials,,d5b38c66-6f08-4d30-afc0-9dd078a424ed,b94f80fe-70c7-46f6-a503-63a5527e5418,1,,,Склад,,,,,,,,,,,,,,
warehouse_lot,176df9ba-e086-4e65-b29f-4029300364e0,Warehouse / Central stock,b2db1159-10c7-406c-8f67-ad0cb49f5a1d,Opening (MoneyWorks),0,0,0.2,,2026-08-08,,,2026-08-08T07:51:36.952+00:00,,,,,,,,,,,,,,,,,,,materials,,b2db1159-10c7-406c-8f67-ad0cb49f5a1d,e23579f0-df07-4d95-9bee-7f02a28b2c94,1,,,Склад,,,,,,,,,,,,,,
warehouse_lot,176df9ba-e086-4e65-b29f-4029300364e0,Warehouse / Central stock,c54b800e-f5f7-4f18-a81f-77dabdb9d0eb,Opening (MoneyWorks),0,0,0.2,,2026-08-08,,,2026-08-08T07:51:36.952+00:00,,,,,,,,,,,,,,,,,,,materials,,c54b800e-f5f7-4f18-a81f-77dabdb9d0eb,95f0b934-021d-4bf4-a9c8-e36734b770a1,1,,,Склад,,,,,,,,,,,,,,
warehouse_lot,176df9ba-e086-4e65-b29f-4029300364e0,Warehouse / Central stock,6a0f2226-9efc-4e8a-9b55-39a7a6b6b6e6,Opening (MoneyWorks),0,0,0.2,,2026-08-08,,,2026-08-08T07:51:36.952+00:00,,,,,,,,,,,,,,,,,,,materials,,6a0f2226-9efc-4e8a-9b55-39a7a6b6b6e6,fb42ffcc-ce8d-4467-afbb-856adbe59f16,1,,,Склад,,,,,,,,,,,,,,
warehouse_lot,176df9ba-e086-4e65-b29f-4029300364e0,Warehouse / Central stock,4d5245c9-a791-4240-8100-100fad3f33d8,Opening (MoneyWorks),0,0,0.2,,2026-08-08,,,2026-08-08T07:51:36.952+00:00,,,,,,,,,,,,,,,,,,,materials,,4d5245c9-a791-4240-8100-100fad3f33d8,d7a1e7e6-a24f-4add-9ee2-6a2576ab4896,1,,,Склад,,,,,,,,,,,,,,
warehouse_lot,176df9ba-e086-4e65-b29f-4029300364e0,Warehouse / Central stock,a8e0e761-0dd2-4226-85d7-d6f2de92ae11,Opening (MoneyWorks),0,0,0.2,,2026-08-08,,,2026-08-08T07:51:36.952+00:00,,,,,,,,,,,,,,,,,,,materials,,a8e0e761-0dd2-4226-85d7-d6f2de92ae11,bab96b62-e93b-48d8-a396-7ceae5fdca18,1,,,Склад,,,,,,,,,,,,,,
warehouse_lot,176df9ba-e086-4e65-b29f-4029300364e0,Warehouse / Central stock,57256a86-631a-4794-a249-7893d41ea77e,Opening (MoneyWorks),0,0,0.2,,2026-08-08,,,2026-08-08T07:51:36.952+00:00,,,,,,,,,,,,,,,,,,,materials,,57256a86-631a-4794-a249-7893d41ea77e,80dae246-9679-44b8-a1fd-3e9fb81f22df,4,,,Склад,,,,,,,,,,,,,,
warehouse_lot,176df9ba-e086-4e65-b29f-4029300364e0,Warehouse / Central stock,42c09d5e-b801-469b-a64b-1f14c6c15da9,Opening (MoneyWorks),0,0,0.2,,2026-08-08,,,2026-08-08T07:51:36.952+00:00,,,,,,,,,,,,,,,,,,,materials,,42c09d5e-b801-469b-a64b-1f14c6c15da9,8f79e20a-9ef2-4251-8d8c-f5bc3c7b014d,1,,,Склад,,,,,,,,,,,,,,
warehouse_lot,176df9ba-e086-4e65-b29f-4029300364e0,Warehouse / Central stock,8d769453-42e1-4397-955b-6fe24abb7e1d,Opening (MoneyWorks),0,0,0.2,,2026-08-08,,,2026-08-08T07:51:36.952+00:00,,,,,,,,,,,,,,,,,,,materials,,8d769453-42e1-4397-955b-6fe24abb7e1d,98a79119-2caf-4d7b-aa5f-8d24358c8343,1,,,Склад,,,,,,,,,,,,,,
warehouse_lot,176df9ba-e086-4e65-b29f-4029300364e0,Warehouse / Central stock,853dcb63-4387-4be0-b1cd-23732be6c030,Opening (MoneyWorks),0,0,0.2,,2026-08-08,,,2026-08-08T07:51:36.952+00:00,,,,,,,,,,,,,,,,,,,materials,,853dcb63-4387-4be0-b1cd-23732be6c030,62d3e3ff-1276-43a0-afaa-61ab3d12400a,1,,,Склад,,,,,,,,,,,,,,
warehouse_lot,176df9ba-e086-4e65-b29f-4029300364e0,Warehouse / Central stock,4729ad30-1044-4b0a-8418-df0db078e100,Opening (MoneyWorks),0,0,0.2,,2026-08-08,,,2026-08-08T07:51:36.952+00:00,,,,,,,,,,,,,,,,,,,materials,,4729ad30-1044-4b0a-8418-df0db078e100,28657a22-e54b-4117-82af-95da44ca8688,1,,,Склад,,,,,,,,,,,,,,
warehouse_lot,176df9ba-e086-4e65-b29f-4029300364e0,Warehouse / Central stock,f9da8745-109e-44b3-b497-3f0c4fbf0b0f,Opening (MoneyWorks),0,0,0.2,,2026-08-08,,,2026-08-08T07:51:36.952+00:00,,,,,,,,,,,,,,,,,,,materials,,f9da8745-109e-44b3-b497-3f0c4fbf0b0f,6973a1e5-7803-421c-8db9-1cbb85d8b4a4,1,,,Склад,,,,,,,,,,,,,,
warehouse_lot,176df9ba-e086-4e65-b29f-4029300364e0,Warehouse / Central stock,0acc62da-cb76-42e3-8b91-9bb569581543,Opening (MoneyWorks),0,0,0.2,,2026-08-08,,,2026-08-08T07:51:36.952+00:00,,,,,,,,,,,,,,,,,,,materials,,0acc62da-cb76-42e3-8b91-9bb569581543,a1616f9a-76c5-4ebc-ad2b-056999ae69bc,1,,,Склад,,,,,,,,,,,,,,
warehouse_lot,176df9ba-e086-4e65-b29f-4029300364e0,Warehouse / Central stock,cd0edd70-6a1c-448e-a969-4f114d32714e,Opening (MoneyWorks),0,0,0.2,,2026-08-08,,,2026-08-08T07:51:36.952+00:00,,,,,,,,,,,,,,,,,,,materials,,cd0edd70-6a1c-448e-a969-4f114d32714e,bf7067dd-645f-4bd4-80bb-281bda740d69,1,,,Склад,,,,,,,,,,,,,,
warehouse_lot,176df9ba-e086-4e65-b29f-4029300364e0,Warehouse / Central stock,ec8fb62b-4aca-410f-a25a-879966f33f66,Opening (MoneyWorks),0,0,0.2,,2026-08-08,,,2026-08-08T07:51:36.952+00:00,,,,,,,,,,,,,,,,,,,materials,,ec8fb62b-4aca-410f-a25a-879966f33f66,01018cfc-d719-4080-8535-65c7caacb128,1,,,Склад,,,,,,,,,,,,,,
warehouse_lot,176df9ba-e086-4e65-b29f-4029300364e0,Warehouse / Central stock,08ee2701-a222-456a-8816-a67a69a9b8f6,Opening (MoneyWorks),0,0,0.2,,2026-08-08,,,2026-08-08T07:51:36.952+00:00,,,,,,,,,,,,,,,,,,,materials,,08ee2701-a222-456a-8816-a67a69a9b8f6,f6148354-0880-47d9-b397-12bc21a26a13,1,,,Склад,,,,,,,,,,,,,,
warehouse_lot,176df9ba-e086-4e65-b29f-4029300364e0,Warehouse / Central stock,b2368e09-0f94-4f2c-a1d7-5de7eab80f40,Opening (MoneyWorks),0,0,0.2,,2026-08-08,,,2026-08-08T07:51:36.952+00:00,,,,,,,,,,,,,,,,,,,materials,,b2368e09-0f94-4f2c-a1d7-5de7eab80f40,0705604c-4a14-486a-a8d2-2c2b8f81abef,1,,,Склад,,,,,,,,,,,,,,
warehouse_lot,176df9ba-e086-4e65-b29f-4029300364e0,Warehouse / Central stock,116c4569-ce05-496f-85d2-1c3755c8a002,Opening (MoneyWorks),0,0,0.2,,2026-08-08,,,2026-08-08T07:51:36.952+00:00,,,,,,,,,,,,,,,,,,,materials,,116c4569-ce05-496f-85d2-1c3755c8a002,2564a481-b874-4b27-8fdc-4e1b9cbd6fba,1,,,Склад,,,,,,,,,,,,,,
warehouse_lot,176df9ba-e086-4e65-b29f-4029300364e0,Warehouse / Central stock,0827dbbd-1771-438f-903f-f9ff72dd1bda,Opening (MoneyWorks),0,0,0.2,,2026-08-08,,,2026-08-08T07:51:36.952+00:00,,,,,,,,,,,,,,,,,,,materials,,0827dbbd-1771-438f-903f-f9ff72dd1bda,241c4f67-1f9a-4b47-b160-a7ac2f46e544,1,,,Склад,,,,,,,,,,,,,,
warehouse_lot,176df9ba-e086-4e65-b29f-4029300364e0,Warehouse / Central stock,c57c1dc3-bb23-4afc-8a0d-4f584b38704b,Opening (MoneyWorks),0,0,0.2,,2026-08-08,,,2026-08-08T07:51:36.952+00:00,,,,,,,,,,,,,,,,,,,materials,,c57c1dc3-bb23-4afc-8a0d-4f584b38704b,017ef7ba-8349-44d1-8480-4cdc75893e05,1,,,Склад,,,,,,,,,,,,,,
warehouse_lot,176df9ba-e086-4e65-b29f-4029300364e0,Warehouse / Central stock,a3e842af-ccd3-4fc5-8401-dfe54992efdc,Opening (MoneyWorks),0,0,0.2,,2026-08-08,,,2026-08-08T07:51:36.952+00:00,,,,,,,,,,,,,,,,,,,materials,,a3e842af-ccd3-4fc5-8401-dfe54992efdc,6b4bac5b-3053-4581-a5d6-8c3c2c77e8d7,1,,,Склад,,,,,,,,,,,,,,
warehouse_lot,176df9ba-e086-4e65-b29f-4029300364e0,Warehouse / Central stock,25831803-4692-4b05-84ef-0927430e054c,Opening (MoneyWorks),0,0,0.2,,2026-08-08,,,2026-08-08T07:51:36.952+00:00,,,,,,,,,,,,,,,,,,,materials,,25831803-4692-4b05-84ef-0927430e054c,d4eaab1b-63b6-40a9-af32-8199bc895246,1,,,Склад,,,,,,,,,,,,,,
warehouse_lot,176df9ba-e086-4e65-b29f-4029300364e0,Warehouse / Central stock,fad99995-3815-42d8-9209-20a6e2a2b971,Opening (MoneyWorks),0,0,0.2,,2026-08-08,,,2026-08-08T07:51:36.952+00:00,,,,,,,,,,,,,,,,,,,materials,,fad99995-3815-42d8-9209-20a6e2a2b971,1d894453-0e84-489f-8e72-4e0611c3aaab,2,,,Склад,,,,,,,,,,,,,,
warehouse_lot,176df9ba-e086-4e65-b29f-4029300364e0,Warehouse / Central stock,9ed0fe34-1c7b-4982-a1d7-b897987e06d7,Opening (MoneyWorks),0,0,0.2,,2026-08-08,,,2026-08-08T07:51:36.952+00:00,,,,,,,,,,,,,,,,,,,materials,,9ed0fe34-1c7b-4982-a1d7-b897987e06d7,ede4e14e-1785-4e0c-8044-52d90e11c901,1,,,Склад,,,,,,,,,,,,,,
warehouse_lot,176df9ba-e086-4e65-b29f-4029300364e0,Warehouse / Central stock,4c6e18f6-c473-4da0-8078-a6091f12bae2,Opening (MoneyWorks),0,0,0.2,,2026-08-08,,,2026-08-08T07:51:36.952+00:00,,,,,,,,,,,,,,,,,,,materials,,4c6e18f6-c473-4da0-8078-a6091f12bae2,6b55f2cd-b963-4bf9-9b34-cb6daf50a698,1,,,Склад,,,,,,,,,,,,,,
warehouse_lot,176df9ba-e086-4e65-b29f-4029300364e0,Warehouse / Central stock,40771dcf-5a86-4f92-8f37-25b356148cea,Opening (MoneyWorks),0,0,0.2,,2026-08-08,,,2026-08-08T07:51:36.952+00:00,,,,,,,,,,,,,,,,,,,materials,,40771dcf-5a86-4f92-8f37-25b356148cea,40dcbc58-e5b1-426f-9c63-457160db2585,1,,,Склад,,,,,,,,,,,,,,
warehouse_lot,176df9ba-e086-4e65-b29f-4029300364e0,Warehouse / Central stock,b8498368-f297-4d16-8f2c-60e33aa81f09,Opening (MoneyWorks),0,0,0.2,,2026-08-08,,,2026-08-08T07:51:36.953+00:00,,,,,,,,,,,,,,,,,,,materials,,b8498368-f297-4d16-8f2c-60e33aa81f09,05464db7-f652-4a52-a3e9-897ab8b5826c,2,,,Склад,,,,,,,,,,,,,,
warehouse_lot,176df9ba-e086-4e65-b29f-4029300364e0,Warehouse / Central stock,f2ec159c-0d7a-4689-87f4-e12318ae2a06,Opening (MoneyWorks),0,0,0.2,,2026-08-08,,,2026-08-08T07:51:36.953+00:00,,,,,,,,,,,,,,,,,,,materials,,f2ec159c-0d7a-4689-87f4-e12318ae2a06,cb84fc16-d25f-4377-a043-62f95fd0c8ee,1,,,Склад,,,,,,,,,,,,,,
warehouse_lot,176df9ba-e086-4e65-b29f-4029300364e0,Warehouse / Central stock,5dfcaa0b-af61-4b4b-be33-12a7e759f4e8,Opening (MoneyWorks),0,0,0.2,,2026-08-08,,,2026-08-08T07:51:36.953+00:00,,,,,,,,,,,,,,,,,,,materials,,5dfcaa0b-af61-4b4b-be33-12a7e759f4e8,d2d67de5-74f9-4842-8cb2-74b97c4173b2,3,,,Склад,,,,,,,,,,,,,,
warehouse_lot,176df9ba-e086-4e65-b29f-4029300364e0,Warehouse / Central stock,78d3c7cf-c794-4875-9889-baeb04c7207d,Opening (MoneyWorks),0,0,0.2,,2026-08-08,,,2026-08-08T07:51:36.953+00:00,,,,,,,,,,,,,,,,,,,materials,,78d3c7cf-c794-4875-9889-baeb04c7207d,e7c3eb19-bf02-447d-8096-a488e7c5422b,1,,,Склад,,,,,,,,,,,,,,
warehouse_lot,176df9ba-e086-4e65-b29f-4029300364e0,Warehouse / Central stock,f1582f79-0ff0-456d-a39c-9b0bf036cb14,Opening (MoneyWorks),0,0,0.2,,2026-08-08,,,2026-08-08T07:51:36.953+00:00,,,,,,,,,,,,,,,,,,,materials,,f1582f79-0ff0-456d-a39c-9b0bf036cb14,dff9680b-cb29-4253-8562-c6633185425f,1,,,Склад,,,,,,,,,,,,,,
warehouse_lot,176df9ba-e086-4e65-b29f-4029300364e0,Warehouse / Central stock,3e0ee9f8-e7c2-4855-bcaa-067a0312cb4a,Opening (MoneyWorks),0,0,0.2,,2026-08-08,,,2026-08-08T07:51:36.953+00:00,,,,,,,,,,,,,,,,,,,materials,,3e0ee9f8-e7c2-4855-bcaa-067a0312cb4a,6f85b9b6-21d0-49e8-a174-97a0bf909fc9,2,,,Склад,,,,,,,,,,,,,,
warehouse_lot,176df9ba-e086-4e65-b29f-4029300364e0,Warehouse / Central stock,a7b48bc7-7b03-4120-9eab-1632efbb0064,Opening (MoneyWorks),0,0,0.2,,2026-08-08,,,2026-08-08T07:51:36.953+00:00,,,,,,,,,,,,,,,,,,,materials,,a7b48bc7-7b03-4120-9eab-1632efbb0064,9f4dcc5c-c519-434f-8058-c2161ca53b10,1,,,Склад,,,,,,,,,,,,,,
warehouse_lot,176df9ba-e086-4e65-b29f-4029300364e0,Warehouse / Central stock,f2988457-3423-4267-8831-d7b17726c83b,Opening (MoneyWorks),0,0,0.2,,2026-08-08,,,2026-08-08T07:51:36.953+00:00,,,,,,,,,,,,,,,,,,,materials,,f2988457-3423-4267-8831-d7b17726c83b,7dddec96-50c6-4633-99ca-3befca0a2468,1,,,Склад,,,,,,,,,,,,,,
warehouse_lot,176df9ba-e086-4e65-b29f-4029300364e0,Warehouse / Central stock,cd2ec037-6a7f-499d-8103-bfc861036598,Opening (MoneyWorks),0,0,0.2,,2026-08-08,,,2026-08-08T07:51:36.953+00:00,,,,,,,,,,,,,,,,,,,materials,,cd2ec037-6a7f-499d-8103-bfc861036598,b1c4744c-3eaa-4d52-b75f-0be3189808df,1,,,Склад,,,,,,,,,,,,,,
warehouse_lot,176df9ba-e086-4e65-b29f-4029300364e0,Warehouse / Central stock,3fe464c5-cc22-4b45-a80f-3b68e6638611,Opening (MoneyWorks),0,0,0.2,,2026-08-08,,,2026-08-08T07:51:36.953+00:00,,,,,,,,,,,,,,,,,,,materials,,3fe464c5-cc22-4b45-a80f-3b68e6638611,4ec6acaa-0ef1-4abd-a007-21f5be07b403,15,,,Склад,,,,,,,,,,,,,,
warehouse_lot,176df9ba-e086-4e65-b29f-4029300364e0,Warehouse / Central stock,d9eef3ee-d70a-4347-acbe-f81dabc88339,Opening (MoneyWorks),0,0,0.2,,2026-08-08,,,2026-08-08T07:51:36.953+00:00,,,,,,,,,,,,,,,,,,,materials,,d9eef3ee-d70a-4347-acbe-f81dabc88339,d97cecef-997f-4a54-98f8-ed8de6419be4,2,,,Склад,,,,,,,,,,,,,,
warehouse_lot,176df9ba-e086-4e65-b29f-4029300364e0,Warehouse / Central stock,c6e4077a-bfde-44a5-85f4-a26e307fdb84,Opening (MoneyWorks),0,0,0.2,,2026-08-08,,,2026-08-08T07:51:36.953+00:00,,,,,,,,,,,,,,,,,,,materials,,c6e4077a-bfde-44a5-85f4-a26e307fdb84,2d63d213-198b-4da0-a825-92794cc77c9a,1,,,Склад,,,,,,,,,,,,,,
warehouse_lot,176df9ba-e086-4e65-b29f-4029300364e0,Warehouse / Central stock,5b785903-801a-425f-811d-d38a8d0178c5,Opening (MoneyWorks),0,0,0.2,,2026-08-08,,,2026-08-08T07:51:36.953+00:00,,,,,,,,,,,,,,,,,,,materials,,5b785903-801a-425f-811d-d38a8d0178c5,44dda347-0994-49f5-927d-99ff2376ff8a,1,,,Склад,,,,,,,,,,,,,,
warehouse_lot,176df9ba-e086-4e65-b29f-4029300364e0,Warehouse / Central stock,04be390a-d2fc-475b-9c75-34f15e84bd4e,Opening (MoneyWorks),0,0,0.2,,2026-08-08,,,2026-08-08T07:51:36.953+00:00,,,,,,,,,,,,,,,,,,,materials,,04be390a-d2fc-475b-9c75-34f15e84bd4e,d07fa9fd-fa7d-4df2-8139-bfd6a9326cf6,4,,,Склад,,,,,,,,,,,,,,
warehouse_lot,176df9ba-e086-4e65-b29f-4029300364e0,Warehouse / Central stock,c3c3b1b7-f0f1-4962-be79-0ab9f5efacc3,Opening (MoneyWorks),0,0,0.2,,2026-08-08,,,2026-08-08T07:51:36.953+00:00,,,,,,,,,,,,,,,,,,,materials,,c3c3b1b7-f0f1-4962-be79-0ab9f5efacc3,1948ce09-353d-4001-a691-06440eea07da,10,,,Склад,,,,,,,,,,,,,,
warehouse_lot,176df9ba-e086-4e65-b29f-4029300364e0,Warehouse / Central stock,69af6c72-0f2b-4869-b723-fe9cb9c26d08,Opening (MoneyWorks),0,0,0.2,,2026-08-08,,,2026-08-08T07:51:36.953+00:00,,,,,,,,,,,,,,,,,,,materials,,69af6c72-0f2b-4869-b723-fe9cb9c26d08,648eef63-9dd5-4ea4-b4a8-659480bb7121,2,,,Склад,,,,,,,,,,,,,,
warehouse_lot,176df9ba-e086-4e65-b29f-4029300364e0,Warehouse / Central stock,8fe570de-1f5a-4a22-a1f7-ade273ec4171,Opening (MoneyWorks),0,0,0.2,,2026-08-08,,,2026-08-08T07:51:36.953+00:00,,,,,,,,,,,,,,,,,,,materials,,8fe570de-1f5a-4a22-a1f7-ade273ec4171,ec6e8b34-6d0a-45d9-bc20-204185d85dee,2,,,Склад,,,,,,,,,,,,,,
warehouse_lot,176df9ba-e086-4e65-b29f-4029300364e0,Warehouse / Central stock,efd90ba8-2d6e-4142-9eec-03b64693c4b7,Opening (MoneyWorks),0,0,0.2,,2026-08-08,,,2026-08-08T07:51:36.953+00:00,,,,,,,,,,,,,,,,,,,materials,,efd90ba8-2d6e-4142-9eec-03b64693c4b7,9f3e5ff6-33a6-4e25-b382-2aa1a23016f4,2,,,Склад,,,,,,,,,,,,,,
warehouse_lot,176df9ba-e086-4e65-b29f-4029300364e0,Warehouse / Central stock,74a0bfcd-0366-47b2-b2a0-d6a910ee0ff3,Opening (MoneyWorks),0,0,0.2,,2026-08-08,,,2026-08-08T07:51:36.953+00:00,,,,,,,,,,,,,,,,,,,materials,,74a0bfcd-0366-47b2-b2a0-d6a910ee0ff3,649c7eab-9443-4c73-bf99-43e7a9f28d45,3,,,Склад,,,,,,,,,,,,,,
warehouse_lot,176df9ba-e086-4e65-b29f-4029300364e0,Warehouse / Central stock,45ea6cd7-b8ee-447d-aa86-68cb329e4229,Opening (MoneyWorks),0,0,0.2,,2026-08-08,,,2026-08-08T07:51:36.953+00:00,,,,,,,,,,,,,,,,,,,materials,,45ea6cd7-b8ee-447d-aa86-68cb329e4229,f7a7c575-691d-4f1a-9009-4202dafb2f59,1,,,Склад,,,,,,,,,,,,,,
warehouse_lot,176df9ba-e086-4e65-b29f-4029300364e0,Warehouse / Central stock,08e96922-8720-482d-b05f-4f9a04894004,Opening (MoneyWorks),0,0,0.2,,2026-08-08,,,2026-08-08T07:51:36.953+00:00,,,,,,,,,,,,,,,,,,,materials,,08e96922-8720-482d-b05f-4f9a04894004,2333dbed-1469-4790-b1a0-4ceb6c400a07,1,,,Склад,,,,,,,,,,,,,,
warehouse_lot,176df9ba-e086-4e65-b29f-4029300364e0,Warehouse / Central stock,4fa87a9b-28ab-4416-abc3-c9eb0a7d613f,Opening (MoneyWorks),0,0,0.2,,2026-08-08,,,2026-08-08T07:51:36.953+00:00,,,,,,,,,,,,,,,,,,,materials,,4fa87a9b-28ab-4416-abc3-c9eb0a7d613f,a718206e-c166-4a9a-bb22-5a214700ea8c,1,,,Склад,,,,,,,,,,,,,,
warehouse_lot,176df9ba-e086-4e65-b29f-4029300364e0,Warehouse / Central stock,d601dc26-80e7-467c-8cb7-040e2235a8be,Opening (MoneyWorks),0,0,0.2,,2026-08-08,,,2026-08-08T07:51:36.953+00:00,,,,,,,,,,,,,,,,,,,materials,,d601dc26-80e7-467c-8cb7-040e2235a8be,966795e3-5fdc-4505-88d1-657e3dcea361,3,,,Склад,,,,,,,,,,,,,,
warehouse_lot,176df9ba-e086-4e65-b29f-4029300364e0,Warehouse / Central stock,e33c45e0-6cf3-4ca7-bf57-7a01dde0e73a,Opening (MoneyWorks),0,0,0.2,,2026-08-08,,,2026-08-08T07:51:36.953+00:00,,,,,,,,,,,,,,,,,,,materials,,e33c45e0-6cf3-4ca7-bf57-7a01dde0e73a,224ab4cb-c91b-4437-a861-5bbc25742d73,2,,,Склад,,,,,,,,,,,,,,
warehouse_lot,176df9ba-e086-4e65-b29f-4029300364e0,Warehouse / Central stock,7b467710-53ac-4f79-9137-fb52c353b87a,Opening (MoneyWorks),0,0,0.2,,2026-08-08,,,2026-08-08T07:51:36.953+00:00,,,,,,,,,,,,,,,,,,,materials,,7b467710-53ac-4f79-9137-fb52c353b87a,2467689a-224a-4bbd-8e5c-e03857f2d96b,1,,,Склад,,,,,,,,,,,,,,
warehouse_lot,176df9ba-e086-4e65-b29f-4029300364e0,Warehouse / Central stock,e0989292-7128-4aa0-8065-a048317ec55e,Opening (MoneyWorks),0,0,0.2,,2026-08-08,,,2026-08-08T07:51:36.953+00:00,,,,,,,,,,,,,,,,,,,materials,,e0989292-7128-4aa0-8065-a048317ec55e,4170a00b-5f93-4b99-ad7b-9de50cc3c27b,1,,,Склад,,,,,,,,,,,,,,
warehouse_lot,176df9ba-e086-4e65-b29f-4029300364e0,Warehouse / Central stock,46d13655-2fd3-4504-af80-016f273eec58,Opening (MoneyWorks),0,0,0.2,,2026-08-08,,,2026-08-08T07:51:36.953+00:00,,,,,,,,,,,,,,,,,,,materials,,46d13655-2fd3-4504-af80-016f273eec58,c0944957-7fc8-41d1-871c-373f28af1c90,1,,,Склад,,,,,,,,,,,,,,
warehouse_lot,176df9ba-e086-4e65-b29f-4029300364e0,Warehouse / Central stock,ddb69129-2803-481e-b0ad-7ea38dbe9b00,Opening (MoneyWorks),0,0,0.2,,2026-08-08,,,2026-08-08T07:51:36.953+00:00,,,,,,,,,,,,,,,,,,,materials,,ddb69129-2803-481e-b0ad-7ea38dbe9b00,f3a6e6ab-7bca-4263-8176-832aa95e7de8,1,,,Склад,,,,,,,,,,,,,,
warehouse_lot,176df9ba-e086-4e65-b29f-4029300364e0,Warehouse / Central stock,18707b35-52a1-434d-b94e-06d7a0fb0bc0,Opening (MoneyWorks),0,0,0.2,,2026-08-08,,,2026-08-08T07:51:36.953+00:00,,,,,,,,,,,,,,,,,,,materials,,18707b35-52a1-434d-b94e-06d7a0fb0bc0,b93a0a28-6c57-4393-8f52-87daef5be7a8,1,,,Склад,,,,,,,,,,,,,,
warehouse_lot,176df9ba-e086-4e65-b29f-4029300364e0,Warehouse / Central stock,18ed8d35-af41-4da8-bc35-3d3bba200142,Opening (MoneyWorks),0,0,0.2,,2026-08-08,,,2026-08-08T07:51:36.953+00:00,,,,,,,,,,,,,,,,,,,materials,,18ed8d35-af41-4da8-bc35-3d3bba200142,bd52650e-3144-45f9-b215-bf46ed00266e,1,,,Склад,,,,,,,,,,,,,,
warehouse_lot,176df9ba-e086-4e65-b29f-4029300364e0,Warehouse / Central stock,44a1f330-98a2-4ee8-84b3-2f4590c7fb6d,Opening (MoneyWorks),0,0,0.2,,2026-08-08,,,2026-08-08T07:51:36.954+00:00,,,,,,,,,,,,,,,,,,,materials,,44a1f330-98a2-4ee8-84b3-2f4590c7fb6d,27a52eed-985b-4962-b824-6a567b8e5332,1,,,Склад,,,,,,,,,,,,,,
warehouse_lot,176df9ba-e086-4e65-b29f-4029300364e0,Warehouse / Central stock,714badba-6caf-4b88-9263-6d420531f879,Opening (MoneyWorks),0,0,0.2,,2026-08-08,,,2026-08-08T07:51:36.954+00:00,,,,,,,,,,,,,,,,,,,materials,,714badba-6caf-4b88-9263-6d420531f879,9e906068-f374-4177-9dfe-54046063bdba,1,,,Склад,,,,,,,,,,,,,,
warehouse_lot,176df9ba-e086-4e65-b29f-4029300364e0,Warehouse / Central stock,5d548c7d-9989-42e4-accb-94e7427786fc,Opening (MoneyWorks),0,0,0.2,,2026-08-08,,,2026-08-08T07:51:36.954+00:00,,,,,,,,,,,,,,,,,,,materials,,5d548c7d-9989-42e4-accb-94e7427786fc,42bc9716-d8e5-4117-a011-31f991af8c10,1,,,Склад,,,,,,,,,,,,,,
warehouse_lot,176df9ba-e086-4e65-b29f-4029300364e0,Warehouse / Central stock,c73288b8-b2ec-4f96-a9ff-04bb17311a34,Opening (MoneyWorks),0,0,0.2,,2026-08-08,,,2026-08-08T07:51:36.954+00:00,,,,,,,,,,,,,,,,,,,materials,,c73288b8-b2ec-4f96-a9ff-04bb17311a34,9ce72ccf-43d0-4560-a4f5-fbd59a56b816,1,,,Склад,,,,,,,,,,,,,,
warehouse_lot,176df9ba-e086-4e65-b29f-4029300364e0,Warehouse / Central stock,88f6e2e8-c3d3-4270-bcc7-2209f03cae76,Opening (MoneyWorks),0,0,0.2,,2026-08-08,,,2026-08-08T07:51:36.954+00:00,,,,,,,,,,,,,,,,,,,materials,,88f6e2e8-c3d3-4270-bcc7-2209f03cae76,1d7a7712-9567-4cfb-9132-2d27bdc25b67,1,,,Склад,,,,,,,,,,,,,,
warehouse_lot,176df9ba-e086-4e65-b29f-4029300364e0,Warehouse / Central stock,4dc5918a-eef3-4ba0-a5fb-0a8e064a68b8,Opening (MoneyWorks),0,0,0.2,,2026-08-08,,,2026-08-08T07:51:36.954+00:00,,,,,,,,,,,,,,,,,,,materials,,4dc5918a-eef3-4ba0-a5fb-0a8e064a68b8,99732db0-425e-4c41-a16e-7cef227338f0,1,,,Склад,,,,,,,,,,,,,,
warehouse_lot,176df9ba-e086-4e65-b29f-4029300364e0,Warehouse / Central stock,45c22a91-396e-4b58-9792-faa22df6c9f3,Opening (MoneyWorks),0,0,0.2,,2026-08-08,,,2026-08-08T07:51:36.954+00:00,,,,,,,,,,,,,,,,,,,materials,,45c22a91-396e-4b58-9792-faa22df6c9f3,9c5c807d-2ac5-4506-9b5d-3a338ac27d68,1,,,Склад,,,,,,,,,,,,,,
warehouse_lot,176df9ba-e086-4e65-b29f-4029300364e0,Warehouse / Central stock,38ffd77e-6f00-4fa1-9a3e-b7923c3a7083,Opening (MoneyWorks),0,0,0.2,,2026-08-08,,,2026-08-08T07:51:36.954+00:00,,,,,,,,,,,,,,,,,,,materials,,38ffd77e-6f00-4fa1-9a3e-b7923c3a7083,dbcee641-c57d-476d-8be2-058120a91f2e,5,,,Склад,,,,,,,,,,,,,,
warehouse_lot,176df9ba-e086-4e65-b29f-4029300364e0,Warehouse / Central stock,36d83472-b4be-4edb-ae13-47a1441b1d90,Opening (MoneyWorks),0,0,0.2,,2026-08-08,,,2026-08-08T07:51:36.954+00:00,,,,,,,,,,,,,,,,,,,materials,,36d83472-b4be-4edb-ae13-47a1441b1d90,07646a87-f97d-4536-af71-073154740ec4,2,,,Склад,,,,,,,,,,,,,,
warehouse_lot,176df9ba-e086-4e65-b29f-4029300364e0,Warehouse / Central stock,22106e0e-d68b-4889-9c73-ac2f0c90a878,Opening (MoneyWorks),0,0,0.2,,2026-08-08,,,2026-08-08T07:51:36.954+00:00,,,,,,,,,,,,,,,,,,,materials,,22106e0e-d68b-4889-9c73-ac2f0c90a878,432411ab-e717-4010-9004-2864a85267f0,1,,,Склад,,,,,,,,,,,,,,
warehouse_lot,176df9ba-e086-4e65-b29f-4029300364e0,Warehouse / Central stock,a6ad5374-567d-4f02-924d-7d8668f646b4,Opening (MoneyWorks),0,0,0.2,,2026-08-08,,,2026-08-08T07:51:36.954+00:00,,,,,,,,,,,,,,,,,,,materials,,a6ad5374-567d-4f02-924d-7d8668f646b4,bab26a6a-1cd3-4b27-9f73-7a173d6a1c39,1,,,Склад,,,,,,,,,,,,,,
warehouse_lot,176df9ba-e086-4e65-b29f-4029300364e0,Warehouse / Central stock,8050b8cb-fe5a-4ab4-909d-612354b42f3b,Opening (MoneyWorks),0,0,0.2,,2026-08-08,,,2026-08-08T07:51:36.954+00:00,,,,,,,,,,,,,,,,,,,materials,,8050b8cb-fe5a-4ab4-909d-612354b42f3b,d7fee183-ac3a-4a2c-a8dc-f95b59f9f5ca,1,,,Склад,,,,,,,,,,,,,,
warehouse_lot,176df9ba-e086-4e65-b29f-4029300364e0,Warehouse / Central stock,381793eb-0a23-4d7b-ab65-ad8be9333759,Opening (MoneyWorks),0,0,0.2,,2026-08-08,,,2026-08-08T07:51:36.954+00:00,,,,,,,,,,,,,,,,,,,materials,,381793eb-0a23-4d7b-ab65-ad8be9333759,f1dd960b-cff1-4b8b-a464-528b51efafff,1,,,Склад,,,,,,,,,,,,,,
warehouse_lot,176df9ba-e086-4e65-b29f-4029300364e0,Warehouse / Central stock,17bd5bcb-95b3-4527-919c-ac4f9b3e1031,Opening (MoneyWorks),0,0,0.2,,2026-08-08,,,2026-08-08T07:51:36.954+00:00,,,,,,,,,,,,,,,,,,,materials,,17bd5bcb-95b3-4527-919c-ac4f9b3e1031,e1b958e9-ca5f-40a7-a2ab-e614431cbaaf,4,,,Склад,,,,,,,,,,,,,,
warehouse_lot,176df9ba-e086-4e65-b29f-4029300364e0,Warehouse / Central stock,447412c1-4e93-4f1b-992f-48f88bc2c16f,Opening (MoneyWorks),0,0,0.2,,2026-08-08,,,2026-08-08T07:51:36.954+00:00,,,,,,,,,,,,,,,,,,,materials,,447412c1-4e93-4f1b-992f-48f88bc2c16f,ef92b0b2-b466-49b3-906b-be0e8016f5e8,1,,,Склад,,,,,,,,,,,,,,
warehouse_lot,176df9ba-e086-4e65-b29f-4029300364e0,Warehouse / Central stock,1f2692be-40bb-4e6e-a84d-6d4215a8b0ab,Opening (MoneyWorks),0,0,0.2,,2026-08-08,,,2026-08-08T07:51:36.954+00:00,,,,,,,,,,,,,,,,,,,materials,,1f2692be-40bb-4e6e-a84d-6d4215a8b0ab,44cafcd3-8083-4ddd-9e2b-108247be263b,1,,,Склад,,,,,,,,,,,,,,
warehouse_lot,176df9ba-e086-4e65-b29f-4029300364e0,Warehouse / Central stock,72f219d3-a860-4e0a-ae83-e83f41ac2ae4,Opening (MoneyWorks),0,0,0.2,,2026-08-08,,,2026-08-08T07:51:36.954+00:00,,,,,,,,,,,,,,,,,,,materials,,72f219d3-a860-4e0a-ae83-e83f41ac2ae4,a76b41c4-0ff3-43ef-9316-9bd847e2748f,2,,,Склад,,,,,,,,,,,,,,
warehouse_lot,176df9ba-e086-4e65-b29f-4029300364e0,Warehouse / Central stock,87ba02f7-bc01-4b21-a917-5c8705345bbf,Opening (MoneyWorks),0,0,0.2,,2026-08-08,,,2026-08-08T07:51:36.954+00:00,,,,,,,,,,,,,,,,,,,materials,,87ba02f7-bc01-4b21-a917-5c8705345bbf,3d969677-b0ff-40d4-8b70-ec57711193b2,1,,,Склад,,,,,,,,,,,,,,
warehouse_lot,176df9ba-e086-4e65-b29f-4029300364e0,Warehouse / Central stock,f63eb2e6-afe9-4f97-8c40-1d0bd556d96d,Opening (MoneyWorks),0,0,0.2,,2026-08-08,,,2026-08-08T07:51:36.954+00:00,,,,,,,,,,,,,,,,,,,materials,,f63eb2e6-afe9-4f97-8c40-1d0bd556d96d,05946640-2520-4c06-b90d-0758a03e0568,1,,,Склад,,,,,,,,,,,,,,
warehouse_lot,176df9ba-e086-4e65-b29f-4029300364e0,Warehouse / Central stock,452eba1e-d0a6-4c53-b3d5-63807d121ac1,Opening (MoneyWorks),0,0,0.2,,2026-08-08,,,2026-08-08T07:51:36.954+00:00,,,,,,,,,,,,,,,,,,,materials,,452eba1e-d0a6-4c53-b3d5-63807d121ac1,75857df8-e657-429b-898e-fcf1d45694cd,1,,,Склад,,,,,,,,,,,,,,
warehouse_lot,176df9ba-e086-4e65-b29f-4029300364e0,Warehouse / Central stock,f12e5771-0db1-4e5c-b293-1ee98c37592e,Opening (MoneyWorks),0,0,0.2,,2026-08-08,,,2026-08-08T07:51:36.954+00:00,,,,,,,,,,,,,,,,,,,materials,,f12e5771-0db1-4e5c-b293-1ee98c37592e,101f0ade-6226-4ffd-a63e-d1f8612cef1a,1,,,Склад,,,,,,,,,,,,,,
warehouse_lot,176df9ba-e086-4e65-b29f-4029300364e0,Warehouse / Central stock,595e8303-df13-4d84-9eae-5d07782f6d6e,Opening (MoneyWorks),0,0,0.2,,2026-08-08,,,2026-08-08T07:51:36.954+00:00,,,,,,,,,,,,,,,,,,,materials,,595e8303-df13-4d84-9eae-5d07782f6d6e,b0c367f4-5228-4073-811e-aef50ceefa56,1,,,Склад,,,,,,,,,,,,,,
warehouse_lot,176df9ba-e086-4e65-b29f-4029300364e0,Warehouse / Central stock,5263fa3f-ebf6-4dda-a25c-d63d3e8a2637,Opening (MoneyWorks),0,0,0.2,,2026-08-08,,,2026-08-08T07:51:36.954+00:00,,,,,,,,,,,,,,,,,,,materials,,5263fa3f-ebf6-4dda-a25c-d63d3e8a2637,2a06eabc-6fe6-435b-befb-f3b4a60b362b,5,,,Склад,,,,,,,,,,,,,,
warehouse_lot,176df9ba-e086-4e65-b29f-4029300364e0,Warehouse / Central stock,29e98e53-2de9-4766-ad1a-c5f728b4eb92,Opening (MoneyWorks),0,0,0.2,,2026-08-08,,,2026-08-08T07:51:36.954+00:00,,,,,,,,,,,,,,,,,,,materials,,29e98e53-2de9-4766-ad1a-c5f728b4eb92,5002fb98-ef5c-4b6e-812f-bb6af7fbe308,1,,,Склад,,,,,,,,,,,,,,
warehouse_lot,176df9ba-e086-4e65-b29f-4029300364e0,Warehouse / Central stock,e2ade927-e074-4098-8a9d-7f217c0a476d,Opening (MoneyWorks),0,0,0.2,,2026-08-08,,,2026-08-08T07:51:36.954+00:00,,,,,,,,,,,,,,,,,,,materials,,e2ade927-e074-4098-8a9d-7f217c0a476d,61b29319-09f1-4e73-b6e1-26d82831d581,1,,,Склад,,,,,,,,,,,,,,
warehouse_lot,176df9ba-e086-4e65-b29f-4029300364e0,Warehouse / Central stock,75581202-a197-4f05-88fa-dc9991c61c57,Opening (MoneyWorks),0,0,0.2,,2026-08-08,,,2026-08-08T07:51:36.954+00:00,,,,,,,,,,,,,,,,,,,materials,,75581202-a197-4f05-88fa-dc9991c61c57,7eed9a84-6936-4680-9497-c1d977d22418,1,,,Склад,,,,,,,,,,,,,,
warehouse_lot,176df9ba-e086-4e65-b29f-4029300364e0,Warehouse / Central stock,ba37ad38-d655-4009-9842-ce820c94d0a1,Opening (MoneyWorks),0,0,0.2,,2026-08-08,,,2026-08-08T07:51:36.954+00:00,,,,,,,,,,,,,,,,,,,materials,,ba37ad38-d655-4009-9842-ce820c94d0a1,64716025-b450-43ae-a8d8-01f84de058e6,1,,,Склад,,,,,,,,,,,,,,
warehouse_lot,176df9ba-e086-4e65-b29f-4029300364e0,Warehouse / Central stock,ccd6fc40-4da8-41c2-8adc-6212ae92fd55,Opening (MoneyWorks),0,0,0.2,,2026-08-08,,,2026-08-08T07:51:36.955+00:00,,,,,,,,,,,,,,,,,,,materials,,ccd6fc40-4da8-41c2-8adc-6212ae92fd55,607a08f0-88e3-4d2a-a268-d9435989cbac,1,,,Склад,,,,,,,,,,,,,,
warehouse_lot,176df9ba-e086-4e65-b29f-4029300364e0,Warehouse / Central stock,32b91069-27ea-4ff1-9b7f-d364045dfcc2,Opening (MoneyWorks),0,0,0.2,,2026-08-08,,,2026-08-08T07:51:36.955+00:00,,,,,,,,,,,,,,,,,,,materials,,32b91069-27ea-4ff1-9b7f-d364045dfcc2,786bf61d-1df2-41c6-8b7e-d08b88573c41,2,,,Склад,,,,,,,,,,,,,,
warehouse_lot,176df9ba-e086-4e65-b29f-4029300364e0,Warehouse / Central stock,d66fb862-b87c-4ec1-bdc8-716dff6ef2e5,Opening (MoneyWorks),0,0,0.2,,2026-08-08,,,2026-08-08T07:51:36.955+00:00,,,,,,,,,,,,,,,,,,,materials,,d66fb862-b87c-4ec1-bdc8-716dff6ef2e5,a1900079-9f42-4a9f-b51c-ec36e7823a17,1,,,Склад,,,,,,,,,,,,,,
warehouse_lot,176df9ba-e086-4e65-b29f-4029300364e0,Warehouse / Central stock,ace35edf-c6d6-4ead-9b60-42b9dd49f655,Opening (MoneyWorks),0,0,0.2,,2026-08-08,,,2026-08-08T07:51:36.955+00:00,,,,,,,,,,,,,,,,,,,materials,,ace35edf-c6d6-4ead-9b60-42b9dd49f655,4a4a590c-e317-4959-b122-542120075221,8,,,Склад,,,,,,,,,,,,,,
warehouse_lot,176df9ba-e086-4e65-b29f-4029300364e0,Warehouse / Central stock,2c3a4e40-4234-4c66-aca0-9fb1a2297f48,Opening (MoneyWorks),0,0,0.2,,2026-08-08,,,2026-08-08T07:51:36.955+00:00,,,,,,,,,,,,,,,,,,,materials,,2c3a4e40-4234-4c66-aca0-9fb1a2297f48,55207489-3e28-4f54-a547-bcfcb38ee3e8,1,,,Склад,,,,,,,,,,,,,,
warehouse_lot,176df9ba-e086-4e65-b29f-4029300364e0,Warehouse / Central stock,2bed07e7-c528-42c1-8c0c-c7995568f1a6,Opening (MoneyWorks),0,0,0.2,,2026-08-08,,,2026-08-08T07:51:36.955+00:00,,,,,,,,,,,,,,,,,,,materials,,2bed07e7-c528-42c1-8c0c-c7995568f1a6,498ccba7-0710-4bf8-821b-f5b7262f1e2c,1,,,Склад,,,,,,,,,,,,,,
warehouse_lot,176df9ba-e086-4e65-b29f-4029300364e0,Warehouse / Central stock,b887726f-124a-4fee-af9e-94924f33de4c,Opening (MoneyWorks),0,0,0.2,,2026-08-08,,,2026-08-08T07:51:36.955+00:00,,,,,,,,,,,,,,,,,,,materials,,b887726f-124a-4fee-af9e-94924f33de4c,0a4d1f50-2ab8-4d43-aa23-e14c212ca878,1,,,Склад,,,,,,,,,,,,,,
warehouse_lot,176df9ba-e086-4e65-b29f-4029300364e0,Warehouse / Central stock,11687a99-b82f-469e-a752-29de9a46a744,Opening (MoneyWorks),0,0,0.2,,2026-08-08,,,2026-08-08T07:51:36.955+00:00,,,,,,,,,,,,,,,,,,,materials,,11687a99-b82f-469e-a752-29de9a46a744,1b067e2f-a321-4009-94b1-f32b47ecc9bb,2,,,Склад,,,,,,,,,,,,,,
warehouse_lot,176df9ba-e086-4e65-b29f-4029300364e0,Warehouse / Central stock,1eb08eff-06b8-4ed1-948a-6131dfd65e54,Opening (MoneyWorks),0,0,0.2,,2026-08-08,,,2026-08-08T07:51:36.955+00:00,,,,,,,,,,,,,,,,,,,materials,,1eb08eff-06b8-4ed1-948a-6131dfd65e54,e3a9c914-dd8d-487b-b64a-208104f8ce48,1,,,Склад,,,,,,,,,,,,,,
warehouse_lot,176df9ba-e086-4e65-b29f-4029300364e0,Warehouse / Central stock,63d71080-ad2b-4b3b-a32f-a62e5fc34656,Opening (MoneyWorks),0,0,0.2,,2026-08-08,,,2026-08-08T07:51:36.955+00:00,,,,,,,,,,,,,,,,,,,materials,,63d71080-ad2b-4b3b-a32f-a62e5fc34656,38853761-4aba-45e4-90f0-e732e3590585,1,,,Склад,,,,,,,,,,,,,,
warehouse_lot,176df9ba-e086-4e65-b29f-4029300364e0,Warehouse / Central stock,6e95b4a9-3006-4ac6-aa42-4e3deee21784,Opening (MoneyWorks),0,0,0.2,,2026-08-08,,,2026-08-08T07:51:36.955+00:00,,,,,,,,,,,,,,,,,,,materials,,6e95b4a9-3006-4ac6-aa42-4e3deee21784,b159e23e-25a6-482f-9d85-512df9a15b96,3,,,Склад,,,,,,,,,,,,,,
warehouse_lot,176df9ba-e086-4e65-b29f-4029300364e0,Warehouse / Central stock,4e63b4f3-ce34-433d-a138-3da9a5776ae9,Opening (MoneyWorks),0,0,0.2,,2026-08-08,,,2026-08-08T07:51:36.955+00:00,,,,,,,,,,,,,,,,,,,materials,,4e63b4f3-ce34-433d-a138-3da9a5776ae9,f6b0638a-f6b2-47b6-910c-fab7053c6ded,3,,,Склад,,,,,,,,,,,,,,
warehouse_lot,176df9ba-e086-4e65-b29f-4029300364e0,Warehouse / Central stock,ea9664c1-3e91-4b50-b2f8-3142d54aa305,Opening (MoneyWorks),0,0,0.2,,2026-08-08,,,2026-08-08T07:51:36.955+00:00,,,,,,,,,,,,,,,,,,,materials,,ea9664c1-3e91-4b50-b2f8-3142d54aa305,1dbcda81-cf66-48f0-a43c-7cd848918b95,1,,,Склад,,,,,,,,,,,,,,
warehouse_lot,176df9ba-e086-4e65-b29f-4029300364e0,Warehouse / Central stock,c4c34be2-4c5e-43c1-b8c9-d4159a11ba11,Opening (MoneyWorks),0,0,0.2,,2026-08-08,,,2026-08-08T07:51:36.955+00:00,,,,,,,,,,,,,,,,,,,materials,,c4c34be2-4c5e-43c1-b8c9-d4159a11ba11,26935d85-545d-4c54-9888-762c3b00d667,2,,,Склад,,,,,,,,,,,,,,
warehouse_lot,176df9ba-e086-4e65-b29f-4029300364e0,Warehouse / Central stock,dba78e7f-1004-47e5-9796-db3aae748f7b,Opening (MoneyWorks),0,0,0.2,,2026-08-08,,,2026-08-08T07:51:36.955+00:00,,,,,,,,,,,,,,,,,,,materials,,dba78e7f-1004-47e5-9796-db3aae748f7b,7e4e92fa-8082-407a-8c5d-5c62735dce1a,1,,,Склад,,,,,,,,,,,,,,
warehouse_lot,176df9ba-e086-4e65-b29f-4029300364e0,Warehouse / Central stock,961211dc-36c2-43fb-bca0-00b3bcd12e00,Opening (MoneyWorks),0,0,0.2,,2026-08-08,,,2026-08-08T07:51:36.955+00:00,,,,,,,,,,,,,,,,,,,materials,,961211dc-36c2-43fb-bca0-00b3bcd12e00,216f9411-e5ba-4963-9f69-3ea6e39df939,1,,,Склад,,,,,,,,,,,,,,
warehouse_lot,176df9ba-e086-4e65-b29f-4029300364e0,Warehouse / Central stock,fb1c92a6-f134-4cbd-96fa-2997f7013e78,Opening (MoneyWorks),0,0,0.2,,2026-08-08,,,2026-08-08T07:51:36.955+00:00,,,,,,,,,,,,,,,,,,,materials,,fb1c92a6-f134-4cbd-96fa-2997f7013e78,e5a56ba7-9b17-4754-bd48-f04ef69e62be,1,,,Склад,,,,,,,,,,,,,,
warehouse_lot,176df9ba-e086-4e65-b29f-4029300364e0,Warehouse / Central stock,5ebfd307-8d75-42d2-adb4-b6b9cb086b26,Opening (MoneyWorks),0,0,0.2,,2026-08-08,,,2026-08-08T07:51:36.955+00:00,,,,,,,,,,,,,,,,,,,materials,,5ebfd307-8d75-42d2-adb4-b6b9cb086b26,6461be28-4f58-423f-a3e2-bad571c16c25,1,,,Склад,,,,,,,,,,,,,,
warehouse_lot,176df9ba-e086-4e65-b29f-4029300364e0,Warehouse / Central stock,85f1560b-7552-42ab-ba42-c119095fb6f9,Opening (MoneyWorks),0,0,0.2,,2026-08-08,,,2026-08-08T07:51:36.955+00:00,,,,,,,,,,,,,,,,,,,materials,,85f1560b-7552-42ab-ba42-c119095fb6f9,f27e596b-1415-4f6a-bbc9-35cc4e69ec5b,1,,,Склад,,,,,,,,,,,,,,
warehouse_lot,176df9ba-e086-4e65-b29f-4029300364e0,Warehouse / Central stock,a5cb76e8-fb73-401c-b879-b27dae3951a8,Opening (MoneyWorks),0,0,0.2,,2026-08-08,,,2026-08-08T07:51:36.955+00:00,,,,,,,,,,,,,,,,,,,materials,,a5cb76e8-fb73-401c-b879-b27dae3951a8,9a19989b-b8f7-4596-b77a-ef6e66c7318a,3,,,Склад,,,,,,,,,,,,,,
warehouse_lot,176df9ba-e086-4e65-b29f-4029300364e0,Warehouse / Central stock,3f45993e-50f7-4f01-9420-0c74c8d91320,Opening (MoneyWorks),0,0,0.2,,2026-08-08,,,2026-08-08T07:51:36.955+00:00,,,,,,,,,,,,,,,,,,,materials,,3f45993e-50f7-4f01-9420-0c74c8d91320,12201809-2677-410d-b550-e20f7e336ce0,1,,,Склад,,,,,,,,,,,,,,
warehouse_lot,176df9ba-e086-4e65-b29f-4029300364e0,Warehouse / Central stock,b087adb1-705d-4826-8748-755e5bea9442,Opening (MoneyWorks),0,0,0.2,,2026-08-08,,,2026-08-08T07:51:36.955+00:00,,,,,,,,,,,,,,,,,,,materials,,b087adb1-705d-4826-8748-755e5bea9442,74140ed6-a40a-4198-991a-523db62587a9,1,,,Склад,,,,,,,,,,,,,,
warehouse_lot,176df9ba-e086-4e65-b29f-4029300364e0,Warehouse / Central stock,0d22a7bc-8378-4190-bf37-1e7b2c3644fd,Opening (MoneyWorks),0,0,0.2,,2026-08-08,,,2026-08-08T07:51:36.955+00:00,,,,,,,,,,,,,,,,,,,materials,,0d22a7bc-8378-4190-bf37-1e7b2c3644fd,36f8f775-afd7-4fed-ae29-812dd3aa7d66,1,,,Склад,,,,,,,,,,,,,,
warehouse_lot,176df9ba-e086-4e65-b29f-4029300364e0,Warehouse / Central stock,9cbffbe0-53b1-4dd8-aa08-ab72f14520f2,Opening (MoneyWorks),0,0,0.2,,2026-08-08,,,2026-08-08T07:51:36.955+00:00,,,,,,,,,,,,,,,,,,,materials,,9cbffbe0-53b1-4dd8-aa08-ab72f14520f2,5a5b7233-397e-47f8-b1d8-52c66d885135,1,,,Склад,,,,,,,,,,,,,,
warehouse_lot,176df9ba-e086-4e65-b29f-4029300364e0,Warehouse / Central stock,d4b40653-38ba-4eb6-a859-5970c910b4e9,Opening (MoneyWorks),0,0,0.2,,2026-08-08,,,2026-08-08T07:51:36.955+00:00,,,,,,,,,,,,,,,,,,,materials,,d4b40653-38ba-4eb6-a859-5970c910b4e9,297d1650-6617-4abd-9aca-b67132dc4191,3,,,Склад,,,,,,,,,,,,,,
warehouse_lot,176df9ba-e086-4e65-b29f-4029300364e0,Warehouse / Central stock,8fa3406e-6f8a-4e87-91cb-dfe688decd2a,Opening (MoneyWorks),0,0,0.2,,2026-08-08,,,2026-08-08T07:51:36.955+00:00,,,,,,,,,,,,,,,,,,,materials,,8fa3406e-6f8a-4e87-91cb-dfe688decd2a,336c97ad-966b-44f8-afa1-e98e9f88473a,1,,,Склад,,,,,,,,,,,,,,
warehouse_lot,176df9ba-e086-4e65-b29f-4029300364e0,Warehouse / Central stock,d2178707-88c1-428e-8d86-cc2f69646239,Opening (MoneyWorks),0,0,0.2,,2026-08-08,,,2026-08-08T07:51:36.955+00:00,,,,,,,,,,,,,,,,,,,materials,,d2178707-88c1-428e-8d86-cc2f69646239,2513db37-c20d-44ca-a42a-70eafbd965ec,1,,,Склад,,,,,,,,,,,,,,
warehouse_lot,176df9ba-e086-4e65-b29f-4029300364e0,Warehouse / Central stock,03e2b828-5f0d-46e3-aa6e-1fe58d914d41,Opening (MoneyWorks),0,0,0.2,,2026-08-08,,,2026-08-08T07:51:36.955+00:00,,,,,,,,,,,,,,,,,,,materials,,03e2b828-5f0d-46e3-aa6e-1fe58d914d41,681d3078-2198-4bc5-a9f4-b3c88620e713,1,,,Склад,,,,,,,,,,,,,,
warehouse_lot,176df9ba-e086-4e65-b29f-4029300364e0,Warehouse / Central stock,86d571b7-ae65-49b1-9875-ede5fb785536,Opening (MoneyWorks),0,0,0.2,,2026-08-08,,,2026-08-08T07:51:36.956+00:00,,,,,,,,,,,,,,,,,,,materials,,86d571b7-ae65-49b1-9875-ede5fb785536,665fe97f-bdb1-4d56-8d0e-71b056d6e987,7,,,Склад,,,,,,,,,,,,,,
warehouse_lot,176df9ba-e086-4e65-b29f-4029300364e0,Warehouse / Central stock,9ade9c7f-91f5-489b-b49c-2c529d7cff86,Opening (MoneyWorks),0,0,0.2,,2026-08-08,,,2026-08-08T07:51:36.956+00:00,,,,,,,,,,,,,,,,,,,materials,,9ade9c7f-91f5-489b-b49c-2c529d7cff86,d7b3e8c3-ff13-4314-b96e-ea14c9bec2f3,1,,,Склад,,,,,,,,,,,,,,
warehouse_lot,176df9ba-e086-4e65-b29f-4029300364e0,Warehouse / Central stock,869befe5-f835-491b-9c7d-0bb97362cf68,Opening (MoneyWorks),0,0,0.2,,2026-08-08,,,2026-08-08T07:51:36.956+00:00,,,,,,,,,,,,,,,,,,,materials,,869befe5-f835-491b-9c7d-0bb97362cf68,6c0eace6-8331-491c-b415-200e8d5078ef,1,,,Склад,,,,,,,,,,,,,,
warehouse_lot,176df9ba-e086-4e65-b29f-4029300364e0,Warehouse / Central stock,40ea6036-71a5-46c6-a598-ec031a13933e,Opening (MoneyWorks),0,0,0.2,,2026-08-08,,,2026-08-08T07:51:36.956+00:00,,,,,,,,,,,,,,,,,,,materials,,40ea6036-71a5-46c6-a598-ec031a13933e,dc253031-bb98-4d53-959d-83ab018b9515,1,,,Склад,,,,,,,,,,,,,,
warehouse_lot,176df9ba-e086-4e65-b29f-4029300364e0,Warehouse / Central stock,ad8c8dfa-52bc-4b92-8664-25222282b968,Opening (MoneyWorks),0,0,0.2,,2026-08-08,,,2026-08-08T07:51:36.956+00:00,,,,,,,,,,,,,,,,,,,materials,,ad8c8dfa-52bc-4b92-8664-25222282b968,076ead5d-717f-4878-8b64-3f17811986fc,10,,,Склад,,,,,,,,,,,,,,
warehouse_lot,176df9ba-e086-4e65-b29f-4029300364e0,Warehouse / Central stock,2a660560-9965-4954-bc8f-6239f8539724,Opening (MoneyWorks),0,0,0.2,,2026-08-08,,,2026-08-08T07:51:36.956+00:00,,,,,,,,,,,,,,,,,,,materials,,2a660560-9965-4954-bc8f-6239f8539724,5f6b9b0c-22cc-4e69-b38f-f6a6d4bfdaf0,9,,,Склад,,,,,,,,,,,,,,
warehouse_lot,176df9ba-e086-4e65-b29f-4029300364e0,Warehouse / Central stock,9a7832fc-222d-4a3d-8b31-8201014905cf,Opening (MoneyWorks),0,0,0.2,,2026-08-08,,,2026-08-08T07:51:36.956+00:00,,,,,,,,,,,,,,,,,,,materials,,9a7832fc-222d-4a3d-8b31-8201014905cf,ea6eeb46-71b3-4cd3-9854-4af573ea5f43,9,,,Склад,,,,,,,,,,,,,,
warehouse_lot,176df9ba-e086-4e65-b29f-4029300364e0,Warehouse / Central stock,0d736997-2dac-4310-a35d-76f9628bd57c,Opening (MoneyWorks),0,0,0.2,,2026-08-08,,,2026-08-08T07:51:36.956+00:00,,,,,,,,,,,,,,,,,,,materials,,0d736997-2dac-4310-a35d-76f9628bd57c,56ffd9a1-38a3-4881-abe6-df3cc9fed6a7,10,,,Склад,,,,,,,,,,,,,,
warehouse_lot,176df9ba-e086-4e65-b29f-4029300364e0,Warehouse / Central stock,2b42ab28-e1ff-4a12-8687-5b748f290eb4,Opening (MoneyWorks),0,0,0.2,,2026-08-08,,,2026-08-08T07:51:36.956+00:00,,,,,,,,,,,,,,,,,,,materials,,2b42ab28-e1ff-4a12-8687-5b748f290eb4,09ffaf54-26f3-4abb-9d13-282ed727bc49,9,,,Склад,,,,,,,,,,,,,,
warehouse_lot,176df9ba-e086-4e65-b29f-4029300364e0,Warehouse / Central stock,121eccd5-079c-4a07-8ec4-85918e9f2128,Opening (MoneyWorks),0,0,0.2,,2026-08-08,,,2026-08-08T07:51:36.956+00:00,,,,,,,,,,,,,,,,,,,materials,,121eccd5-079c-4a07-8ec4-85918e9f2128,a2afe8cc-1712-4e03-bf8f-8d94c86be1f6,9,,,Склад,,,,,,,,,,,,,,
warehouse_lot,176df9ba-e086-4e65-b29f-4029300364e0,Warehouse / Central stock,90ae120e-397a-4224-9f7a-0fd1dfea2ead,Opening (MoneyWorks),0,0,0.2,,2026-08-08,,,2026-08-08T07:51:36.956+00:00,,,,,,,,,,,,,,,,,,,materials,,90ae120e-397a-4224-9f7a-0fd1dfea2ead,5625d9c6-b259-4ac5-9fcb-402dbe245e53,10,,,Склад,,,,,,,,,,,,,,
warehouse_lot,176df9ba-e086-4e65-b29f-4029300364e0,Warehouse / Central stock,cd494129-bb8b-4878-b98b-ac9b6b213cda,Opening (MoneyWorks),0,0,0.2,,2026-08-08,,,2026-08-08T07:51:36.956+00:00,,,,,,,,,,,,,,,,,,,materials,,cd494129-bb8b-4878-b98b-ac9b6b213cda,8b04a973-6a0d-4432-8e59-2a0b164dd17f,8,,,Склад,,,,,,,,,,,,,,
warehouse_lot,176df9ba-e086-4e65-b29f-4029300364e0,Warehouse / Central stock,633631df-f7ce-45f0-9f30-7d6cde6d2ba8,Opening (MoneyWorks),0,0,0.2,,2026-08-08,,,2026-08-08T07:51:36.956+00:00,,,,,,,,,,,,,,,,,,,materials,,633631df-f7ce-45f0-9f30-7d6cde6d2ba8,ee309d30-55d0-4c43-8867-0379aae231db,1,,,Склад,,,,,,,,,,,,,,
warehouse_lot,176df9ba-e086-4e65-b29f-4029300364e0,Warehouse / Central stock,56ce5fb2-cc8e-47a7-af87-9b8185c222e9,Opening (MoneyWorks),0,0,0.2,,2026-08-08,,,2026-08-08T07:51:36.956+00:00,,,,,,,,,,,,,,,,,,,materials,,56ce5fb2-cc8e-47a7-af87-9b8185c222e9,2c3850b5-f18b-4ed1-812e-e14cbc160c3c,15,,,Склад,,,,,,,,,,,,,,
warehouse_lot,176df9ba-e086-4e65-b29f-4029300364e0,Warehouse / Central stock,3c29deb2-e81f-4b8b-a947-36dc34005f2d,Opening (MoneyWorks),0,0,0.2,,2026-08-08,,,2026-08-08T07:51:36.956+00:00,,,,,,,,,,,,,,,,,,,materials,,3c29deb2-e81f-4b8b-a947-36dc34005f2d,c98120f0-b916-41a6-89b3-02f3d96fb137,1,,,Склад,,,,,,,,,,,,,,
warehouse_lot,176df9ba-e086-4e65-b29f-4029300364e0,Warehouse / Central stock,5c3c30a2-5d04-4c5c-9d44-71aa83ff1cc7,Opening (MoneyWorks),0,0,0.2,,2026-08-08,,,2026-08-08T07:51:36.956+00:00,,,,,,,,,,,,,,,,,,,materials,,5c3c30a2-5d04-4c5c-9d44-71aa83ff1cc7,8ef4d733-b690-4e68-abd0-2d4c5ce001b5,1,,,Склад,,,,,,,,,,,,,,
warehouse_lot,176df9ba-e086-4e65-b29f-4029300364e0,Warehouse / Central stock,32e88a09-0725-482b-82ca-eb6795d6dfdf,Opening (MoneyWorks),0,0,0.2,,2026-08-08,,,2026-08-08T07:51:36.956+00:00,,,,,,,,,,,,,,,,,,,materials,,32e88a09-0725-482b-82ca-eb6795d6dfdf,0525b1b3-a6b5-4c0e-b8c3-b22b6f19ab61,1,,,Склад,,,,,,,,,,,,,,
warehouse_lot,176df9ba-e086-4e65-b29f-4029300364e0,Warehouse / Central stock,8fb8a7bc-0c29-46ca-ba1e-36c7280fc26c,Opening (MoneyWorks),0,0,0.2,,2026-08-08,,,2026-08-08T07:51:36.956+00:00,,,,,,,,,,,,,,,,,,,materials,,8fb8a7bc-0c29-46ca-ba1e-36c7280fc26c,3b71519b-74ff-4d54-8d7c-9693fee33efd,6,,,Склад,,,,,,,,,,,,,,
warehouse_lot,176df9ba-e086-4e65-b29f-4029300364e0,Warehouse / Central stock,ccc0a29f-03c2-46f7-a791-e0b6044beafc,Opening (MoneyWorks),0,0,0.2,,2026-08-08,,,2026-08-08T07:51:36.956+00:00,,,,,,,,,,,,,,,,,,,materials,,ccc0a29f-03c2-46f7-a791-e0b6044beafc,084bb300-cebc-4486-adf0-138538c86017,9,,,Склад,,,,,,,,,,,,,,
warehouse_lot,176df9ba-e086-4e65-b29f-4029300364e0,Warehouse / Central stock,3af11bf2-f058-47dc-874e-a0ca717858a5,Opening (MoneyWorks),0,0,0.2,,2026-08-08,,,2026-08-08T07:51:36.956+00:00,,,,,,,,,,,,,,,,,,,materials,,3af11bf2-f058-47dc-874e-a0ca717858a5,295ad7f5-b988-49e3-9309-0e7956172f2e,4,,,Склад,,,,,,,,,,,,,,
warehouse_lot,176df9ba-e086-4e65-b29f-4029300364e0,Warehouse / Central stock,98f9e5a2-b1fe-4aa7-aa4a-3475100f9e27,Opening (MoneyWorks),0,0,0.2,,2026-08-08,,,2026-08-08T07:51:36.956+00:00,,,,,,,,,,,,,,,,,,,materials,,98f9e5a2-b1fe-4aa7-aa4a-3475100f9e27,d0550b74-c270-488b-abb5-16eb47cc9602,1,,,Склад,,,,,,,,,,,,,,
warehouse_lot,176df9ba-e086-4e65-b29f-4029300364e0,Warehouse / Central stock,a6b91a99-2dac-466c-9103-aaf958aefd82,Opening (MoneyWorks),0,0,0.2,,2026-08-08,,,2026-08-08T07:51:36.956+00:00,,,,,,,,,,,,,,,,,,,materials,,a6b91a99-2dac-466c-9103-aaf958aefd82,5dbdf5b3-ac55-4d29-9c20-bbbb7c2e9515,1,,,Склад,,,,,,,,,,,,,,
warehouse_lot,176df9ba-e086-4e65-b29f-4029300364e0,Warehouse / Central stock,c554cfbb-dddf-4833-8b01-1d3f8b7c1329,Opening (MoneyWorks),0,0,0.2,,2026-08-08,,,2026-08-08T07:51:36.956+00:00,,,,,,,,,,,,,,,,,,,materials,,c554cfbb-dddf-4833-8b01-1d3f8b7c1329,3f67be0c-e163-4c44-b6b8-1bef61ea1e81,2,,,Склад,,,,,,,,,,,,,,
warehouse_lot,176df9ba-e086-4e65-b29f-4029300364e0,Warehouse / Central stock,61f6f1f7-7ad3-491b-9bba-7f872ee717a5,Opening (MoneyWorks),0,0,0.2,,2026-08-08,,,2026-08-08T07:51:36.956+00:00,,,,,,,,,,,,,,,,,,,materials,,61f6f1f7-7ad3-491b-9bba-7f872ee717a5,a2b2a064-4f64-4bf4-a359-18a572ce1d0e,1,,,Склад,,,,,,,,,,,,,,
warehouse_lot,176df9ba-e086-4e65-b29f-4029300364e0,Warehouse / Central stock,50e02ef5-015d-481e-b398-5ac9f6682895,Opening (MoneyWorks),0,0,0.2,,2026-08-08,,,2026-08-08T07:51:36.956+00:00,,,,,,,,,,,,,,,,,,,materials,,50e02ef5-015d-481e-b398-5ac9f6682895,fdb9c6d0-a71d-4215-a220-e4cabc1349b0,7,,,Склад,,,,,,,,,,,,,,
warehouse_lot,176df9ba-e086-4e65-b29f-4029300364e0,Warehouse / Central stock,b0ebbccd-e245-46c2-8052-c89c303d1338,Opening (MoneyWorks),0,0,0.2,,2026-08-08,,,2026-08-08T07:51:36.956+00:00,,,,,,,,,,,,,,,,,,,materials,,b0ebbccd-e245-46c2-8052-c89c303d1338,0f7d4dee-9fb3-498e-8614-63be0bb277b2,8,,,Склад,,,,,,,,,,,,,,
warehouse_lot,176df9ba-e086-4e65-b29f-4029300364e0,Warehouse / Central stock,dd092837-5170-4c5a-8cfc-bb50004a9da9,Opening (MoneyWorks),0,0,0.2,,2026-08-08,,,2026-08-08T07:51:36.957+00:00,,,,,,,,,,,,,,,,,,,materials,,dd092837-5170-4c5a-8cfc-bb50004a9da9,2bb2390d-03e9-49d9-aebe-f00239b38065,3,,,Склад,,,,,,,,,,,,,,
warehouse_lot,176df9ba-e086-4e65-b29f-4029300364e0,Warehouse / Central stock,7ba5a49e-134c-415c-8c3b-7967f2e41f90,Opening (MoneyWorks),0,0,0.2,,2026-08-08,,,2026-08-08T07:51:36.957+00:00,,,,,,,,,,,,,,,,,,,materials,,7ba5a49e-134c-415c-8c3b-7967f2e41f90,1d5593bb-9cac-4ebc-92d1-ba4cba8338c3,1,,,Склад,,,,,,,,,,,,,,
warehouse_lot,176df9ba-e086-4e65-b29f-4029300364e0,Warehouse / Central stock,f0d53f30-84ed-47ce-8cd0-bf79950598a5,Opening (MoneyWorks),0,0,0.2,,2026-08-08,,,2026-08-08T07:51:36.957+00:00,,,,,,,,,,,,,,,,,,,materials,,f0d53f30-84ed-47ce-8cd0-bf79950598a5,ec298f0a-e97b-4135-941e-3dee6714fc96,2,,,Склад,,,,,,,,,,,,,,
warehouse_lot,176df9ba-e086-4e65-b29f-4029300364e0,Warehouse / Central stock,180dc121-48e5-4ccf-8690-9865df49bf4c,Opening (MoneyWorks),0,0,0.2,,2026-08-08,,,2026-08-08T07:51:36.957+00:00,,,,,,,,,,,,,,,,,,,materials,,180dc121-48e5-4ccf-8690-9865df49bf4c,26a26172-6499-45fd-8451-0b4d3d131048,4,,,Склад,,,,,,,,,,,,,,
warehouse_lot,176df9ba-e086-4e65-b29f-4029300364e0,Warehouse / Central stock,a1ad6c61-76c8-42f6-9a70-10a2064e3124,Opening (MoneyWorks),0,0,0.2,,2026-08-08,,,2026-08-08T07:51:36.957+00:00,,,,,,,,,,,,,,,,,,,materials,,a1ad6c61-76c8-42f6-9a70-10a2064e3124,6c34e804-af77-412a-add4-1cfe8da7c792,1,,,Склад,,,,,,,,,,,,,,
warehouse_lot,176df9ba-e086-4e65-b29f-4029300364e0,Warehouse / Central stock,e05a3c4d-50ba-46ea-a339-88663c85729d,Opening (MoneyWorks),0,0,0.2,,2026-08-08,,,2026-08-08T07:51:36.957+00:00,,,,,,,,,,,,,,,,,,,materials,,e05a3c4d-50ba-46ea-a339-88663c85729d,903e4c3f-6202-4123-903b-1c3bcf127545,1,,,Склад,,,,,,,,,,,,,,
warehouse_lot,176df9ba-e086-4e65-b29f-4029300364e0,Warehouse / Central stock,147d8936-e081-4275-9926-f801fd883fcd,Opening (MoneyWorks),0,0,0.2,,2026-08-08,,,2026-08-08T07:51:36.957+00:00,,,,,,,,,,,,,,,,,,,materials,,147d8936-e081-4275-9926-f801fd883fcd,f5713e8d-709c-46e4-8d92-4018bab6ab9d,3,,,Склад,,,,,,,,,,,,,,
warehouse_lot,176df9ba-e086-4e65-b29f-4029300364e0,Warehouse / Central stock,f23bdc6e-1097-4995-8d56-08910e1182a5,Opening (MoneyWorks),0,0,0.2,,2026-08-08,,,2026-08-08T07:51:36.957+00:00,,,,,,,,,,,,,,,,,,,materials,,f23bdc6e-1097-4995-8d56-08910e1182a5,bdb8e297-e2bc-49ba-9945-e4416cc8744b,1,,,Склад,,,,,,,,,,,,,,
warehouse_lot,176df9ba-e086-4e65-b29f-4029300364e0,Warehouse / Central stock,2a25c656-a308-449a-9620-3b2978ea4d1b,Opening (MoneyWorks),0,0,0.2,,2026-08-08,,,2026-08-08T07:51:36.957+00:00,,,,,,,,,,,,,,,,,,,materials,,2a25c656-a308-449a-9620-3b2978ea4d1b,dd8fe09e-e957-48fc-b7c8-a48b5bbf390e,1,,,Склад,,,,,,,,,,,,,,
warehouse_lot,176df9ba-e086-4e65-b29f-4029300364e0,Warehouse / Central stock,2594ceaa-8e64-415d-9e8c-ec077d089d2c,Opening (MoneyWorks),0,0,0.2,,2026-08-08,,,2026-08-08T07:51:36.957+00:00,,,,,,,,,,,,,,,,,,,materials,,2594ceaa-8e64-415d-9e8c-ec077d089d2c,eacb0e91-2d81-45b3-ba04-28e08302c4a6,2,,,Склад,,,,,,,,,,,,,,
warehouse_lot,176df9ba-e086-4e65-b29f-4029300364e0,Warehouse / Central stock,416ad472-4aa7-4557-a31d-15fb593d67c0,Opening (MoneyWorks),0,0,0.2,,2026-08-08,,,2026-08-08T07:51:36.957+00:00,,,,,,,,,,,,,,,,,,,materials,,416ad472-4aa7-4557-a31d-15fb593d67c0,a9e20962-fb95-4044-afe8-5af7d8245a39,2,,,Склад,,,,,,,,,,,,,,
warehouse_lot,176df9ba-e086-4e65-b29f-4029300364e0,Warehouse / Central stock,ba14c0a5-a320-4cc9-b1c5-ede7c59809e6,Opening (MoneyWorks),0,0,0.2,,2026-08-08,,,2026-08-08T07:51:36.957+00:00,,,,,,,,,,,,,,,,,,,materials,,ba14c0a5-a320-4cc9-b1c5-ede7c59809e6,f45f0dbb-7029-480c-81e5-7e5e86f60a63,1,,,Склад,,,,,,,,,,,,,,
warehouse_lot,176df9ba-e086-4e65-b29f-4029300364e0,Warehouse / Central stock,f23a25c8-9b50-4c05-97ad-3c2abc3ca5ea,Opening (MoneyWorks),0,0,0.2,,2026-08-08,,,2026-08-08T07:51:36.957+00:00,,,,,,,,,,,,,,,,,,,materials,,f23a25c8-9b50-4c05-97ad-3c2abc3ca5ea,cd4af5e9-4f64-4a04-8539-8c2ee9632a3f,3,,,Склад,,,,,,,,,,,,,,
warehouse_lot,176df9ba-e086-4e65-b29f-4029300364e0,Warehouse / Central stock,e78ab4cd-97b9-481d-a98b-3939215a62ed,Opening (MoneyWorks),0,0,0.2,,2026-08-08,,,2026-08-08T07:51:36.957+00:00,,,,,,,,,,,,,,,,,,,materials,,e78ab4cd-97b9-481d-a98b-3939215a62ed,cabfe7e3-9f92-4ca7-b45d-626577a91c36,1,,,Склад,,,,,,,,,,,,,,
warehouse_lot,176df9ba-e086-4e65-b29f-4029300364e0,Warehouse / Central stock,f7b5e010-6a8f-4f6f-8327-aee77fd4152c,Opening (MoneyWorks),0,0,0.2,,2026-08-08,,,2026-08-08T07:51:36.957+00:00,,,,,,,,,,,,,,,,,,,materials,,f7b5e010-6a8f-4f6f-8327-aee77fd4152c,58823ff8-b2be-4eb1-88c9-fdab9450a2df,2,,,Склад,,,,,,,,,,,,,,
warehouse_lot,176df9ba-e086-4e65-b29f-4029300364e0,Warehouse / Central stock,6a4645a7-ccd3-4233-809e-61fd892ebe16,Opening (MoneyWorks),0,0,0.2,,2026-08-08,,,2026-08-08T07:51:36.957+00:00,,,,,,,,,,,,,,,,,,,materials,,6a4645a7-ccd3-4233-809e-61fd892ebe16,6ad93c0b-e509-4143-8e7b-4cfee3c41333,2,,,Склад,,,,,,,,,,,,,,
warehouse_lot,176df9ba-e086-4e65-b29f-4029300364e0,Warehouse / Central stock,63901e43-9b0c-4ee6-b827-220f79dd7bd6,Opening (MoneyWorks),0,0,0.2,,2026-08-08,,,2026-08-08T07:51:36.957+00:00,,,,,,,,,,,,,,,,,,,materials,,63901e43-9b0c-4ee6-b827-220f79dd7bd6,1166213e-bd01-460d-9d5a-899dace5823f,1,,,Склад,,,,,,,,,,,,,,
warehouse_lot,176df9ba-e086-4e65-b29f-4029300364e0,Warehouse / Central stock,5e92d817-1dfe-4ac0-a35c-139305db9ebb,Opening (MoneyWorks),0,0,0.2,,2026-08-08,,,2026-08-08T07:51:36.957+00:00,,,,,,,,,,,,,,,,,,,materials,,5e92d817-1dfe-4ac0-a35c-139305db9ebb,19bb8c94-70db-4118-be59-d1eca259a83f,1,,,Склад,,,,,,,,,,,,,,
warehouse_lot,176df9ba-e086-4e65-b29f-4029300364e0,Warehouse / Central stock,df994cb7-d19c-4098-9702-ca2df87b027d,Opening (MoneyWorks),0,0,0.2,,2026-08-08,,,2026-08-08T07:51:36.957+00:00,,,,,,,,,,,,,,,,,,,materials,,df994cb7-d19c-4098-9702-ca2df87b027d,b3cf23cc-1ca1-4498-b01a-aa107d066b13,1,,,Склад,,,,,,,,,,,,,,
warehouse_lot,176df9ba-e086-4e65-b29f-4029300364e0,Warehouse / Central stock,aa50d8af-8539-4bb0-add4-9a9fc88c90d0,Opening (MoneyWorks),0,0,0.2,,2026-08-08,,,2026-08-08T07:51:36.957+00:00,,,,,,,,,,,,,,,,,,,materials,,aa50d8af-8539-4bb0-add4-9a9fc88c90d0,a0e02487-ab87-4a1a-a98b-fcbf88121f06,1,,,Склад,,,,,,,,,,,,,,
warehouse_lot,176df9ba-e086-4e65-b29f-4029300364e0,Warehouse / Central stock,9259dce8-b29c-4e66-91bd-38a8bcaa40de,Opening (MoneyWorks),0,0,0.2,,2026-08-08,,,2026-08-08T07:51:36.957+00:00,,,,,,,,,,,,,,,,,,,materials,,9259dce8-b29c-4e66-91bd-38a8bcaa40de,95048b2b-7850-4080-94d2-b344987b9654,10,,,Склад,,,,,,,,,,,,,,
warehouse_lot,176df9ba-e086-4e65-b29f-4029300364e0,Warehouse / Central stock,c86cc226-aee2-47b9-9532-296b6124e211,Opening (MoneyWorks),0,0,0.2,,2026-08-08,,,2026-08-08T07:51:36.957+00:00,,,,,,,,,,,,,,,,,,,materials,,c86cc226-aee2-47b9-9532-296b6124e211,58691907-528b-4d03-bcb0-f63693e04fb1,1,,,Склад,,,,,,,,,,,,,,
warehouse_lot,176df9ba-e086-4e65-b29f-4029300364e0,Warehouse / Central stock,995e0e69-cab3-4d67-88e1-7a636dc6e3c2,Opening (MoneyWorks),0,0,0.2,,2026-08-08,,,2026-08-08T07:51:36.957+00:00,,,,,,,,,,,,,,,,,,,materials,,995e0e69-cab3-4d67-88e1-7a636dc6e3c2,391c77ad-88bc-4756-a065-237e4f98e8c0,1,,,Склад,,,,,,,,,,,,,,
warehouse_lot,176df9ba-e086-4e65-b29f-4029300364e0,Warehouse / Central stock,f8764edc-ae25-45a7-bd93-092037df5f21,Opening (MoneyWorks),0,0,0.2,,2026-08-08,,,2026-08-08T07:51:36.957+00:00,,,,,,,,,,,,,,,,,,,materials,,f8764edc-ae25-45a7-bd93-092037df5f21,76525c87-879c-4402-935a-c30e0454c330,4,,,Склад,,,,,,,,,,,,,,
warehouse_lot,176df9ba-e086-4e65-b29f-4029300364e0,Warehouse / Central stock,363bb4d7-a4a8-4135-99a7-77d5f2c4f040,Opening (MoneyWorks),0,0,0.2,,2026-08-08,,,2026-08-08T07:51:36.957+00:00,,,,,,,,,,,,,,,,,,,materials,,363bb4d7-a4a8-4135-99a7-77d5f2c4f040,80e4a2dd-1241-4061-8f82-4d13e911df1b,1,,,Склад,,,,,,,,,,,,,,
warehouse_lot,176df9ba-e086-4e65-b29f-4029300364e0,Warehouse / Central stock,df32c9cf-8110-4ea2-8ab3-b4392f9d971e,Opening (MoneyWorks),18.5,15.42,0.2,,2025-10-29,,,2026-08-08T07:51:36.958+00:00,,,,,,,,,,,,,,,,,,,materials,,df32c9cf-8110-4ea2-8ab3-b4392f9d971e,792bd593-72a7-47e5-be0e-6b0e625330e9,139.53,,,2. МЕТАЛХИДРИД,,,,,,,,,,,,,,
warehouse_lot,176df9ba-e086-4e65-b29f-4029300364e0,Warehouse / Central stock,9ee2632e-09d1-4600-8b0c-ad3234d1c939,Opening (MoneyWorks),0,0,0.2,,2026-08-08,,,2026-08-08T07:51:36.958+00:00,,,,,,,,,,,,,,,,,,,materials,,9ee2632e-09d1-4600-8b0c-ad3234d1c939,c6d666a4-e73b-4f5a-8e9a-21e228162556,1,,,Склад,,,,,,,,,,,,,,
warehouse_lot,176df9ba-e086-4e65-b29f-4029300364e0,Warehouse / Central stock,c55b0d0e-f774-4bea-8871-bc1156cc5646,Opening (MoneyWorks),0.935661,0.78,0.2,,2026-08-08,,,2026-08-08T07:51:36.958+00:00,,,,,,,,,,,,,,,,,,,materials,,c55b0d0e-f774-4bea-8871-bc1156cc5646,e8d1a9e0-d1a2-44b7-b5b5-73fbb229feee,5,,,Склад,,,,,,,,,,,,,,
warehouse_lot,176df9ba-e086-4e65-b29f-4029300364e0,Warehouse / Central stock,04f2fe71-609f-4d77-9a4d-b9265ae9a380,Opening (MoneyWorks),0.061355,0.05,0.2,,2025-11-12,,,2026-08-08T07:51:36.958+00:00,,,,,,,,,,,,,,,,,,,materials,,04f2fe71-609f-4d77-9a4d-b9265ae9a380,47a50aaa-4c08-42f6-b95d-152f5d8922ff,318,,,0. СКЛАД - ОСНОВЕН,,,,,,,,,,,,,,
warehouse_lot,176df9ba-e086-4e65-b29f-4029300364e0,Warehouse / Central stock,bfc5d482-2526-4c32-a564-24ed2f48ac00,Opening (MoneyWorks),0.01,0.01,0.2,,2026-06-10,,,2026-08-08T07:51:36.958+00:00,,,,,,,,,,,,,,,,,,,materials,,bfc5d482-2526-4c32-a564-24ed2f48ac00,3d25ad91-f81e-4a73-93ec-d08e940d569a,418,,,0. СКЛАД - ОСНОВЕН,,,,,,,,,,,,,,
warehouse_lot,176df9ba-e086-4e65-b29f-4029300364e0,Warehouse / Central stock,c1b12c82-52d2-4388-b6b0-68a1f7626889,Opening (MoneyWorks),0,0,0.2,,2026-08-08,,,2026-08-08T07:51:36.958+00:00,,,,,,,,,,,,,,,,,,,materials,,c1b12c82-52d2-4388-b6b0-68a1f7626889,11972c55-2723-4b4f-9c82-290f48a9614a,1,,,Склад,,,,,,,,,,,,,,
warehouse_lot,176df9ba-e086-4e65-b29f-4029300364e0,Warehouse / Central stock,cb7671b5-d615-4ac7-87e3-05b537fedb24,Opening (MoneyWorks),0,0,0.2,,2026-08-08,,,2026-08-08T07:51:36.958+00:00,,,,,,,,,,,,,,,,,,,materials,,cb7671b5-d615-4ac7-87e3-05b537fedb24,e4fbb275-a0c2-49fa-9e13-02f577960799,1,,,Склад,,,,,,,,,,,,,,
warehouse_lot,176df9ba-e086-4e65-b29f-4029300364e0,Warehouse / Central stock,a47bf37c-f773-4913-bb22-ec035206aecb,Opening (MoneyWorks),0,0,0.2,,2026-08-08,,,2026-08-08T07:51:36.958+00:00,,,,,,,,,,,,,,,,,,,materials,,a47bf37c-f773-4913-bb22-ec035206aecb,52eab40e-f853-45be-b335-30981e6617e8,1,,,Склад,,,,,,,,,,,,,,
warehouse_lot,176df9ba-e086-4e65-b29f-4029300364e0,Warehouse / Central stock,27222994-5bb3-4d87-a002-86c7afa37450,Opening (MoneyWorks),0,0,0.2,,2026-08-08,,,2026-08-08T07:51:36.958+00:00,,,,,,,,,,,,,,,,,,,materials,,27222994-5bb3-4d87-a002-86c7afa37450,7562de3c-5e6e-4987-8515-b664dc0728e1,1,,,Склад,,,,,,,,,,,,,,
warehouse_lot,176df9ba-e086-4e65-b29f-4029300364e0,Warehouse / Central stock,b5181181-e902-4c0d-b93a-6cbde24794e9,Opening (MoneyWorks),14.5,12.08,0.2,,2025-10-29,,,2026-08-08T07:51:36.958+00:00,,,,,,,,,,,,,,,,,,,materials,,b5181181-e902-4c0d-b93a-6cbde24794e9,62e0fcd9-1e0f-4d5b-943a-30aae115f6cb,141.1,,,2. МЕТАЛХИДРИД,,,,,,,,,,,,,,
warehouse_lot,176df9ba-e086-4e65-b29f-4029300364e0,Warehouse / Central stock,53f14193-5bbd-4245-bd87-1f49a986ac34,Opening (MoneyWorks),0,0,0.2,,2026-08-08,,,2026-08-08T07:51:36.958+00:00,,,,,,,,,,,,,,,,,,,materials,,53f14193-5bbd-4245-bd87-1f49a986ac34,1143b9eb-9b23-4cf9-9b47-fcfa72fef8fa,1,,,Склад,,,,,,,,,,,,,,
warehouse_lot,176df9ba-e086-4e65-b29f-4029300364e0,Warehouse / Central stock,853a2138-0fdc-461d-893c-c918ac06d70e,Opening (MoneyWorks),1.649,1.37,0.2,,2026-02-24,,,2026-08-08T07:51:36.959+00:00,,,,,,,,,,,,,,,,,,,materials,,853a2138-0fdc-461d-893c-c918ac06d70e,e138029f-cbe5-4995-ab9a-e70e9f242f28,11,,,0. СКЛАД - ОСНОВЕН,,,,,,,,,,,,,,
warehouse_lot,176df9ba-e086-4e65-b29f-4029300364e0,Warehouse / Central stock,b93043b8-5e2b-49d6-b0c8-7cf155203c2f,Opening (MoneyWorks),82,68.33,0.2,,2025-10-15,,,2026-08-08T07:51:36.959+00:00,,,,,,,,,,,,,,,,,,,materials,,b93043b8-5e2b-49d6-b0c8-7cf155203c2f,aba512c1-6d5e-485b-93c1-a7eac33262d0,8,,,0. СКЛАД - ОСНОВЕН,,,,,,,,,,,,,,
warehouse_lot,176df9ba-e086-4e65-b29f-4029300364e0,Warehouse / Central stock,698a83c2-2d80-496f-b002-52ef336e2f8d,Opening (MoneyWorks),0,0,0.2,,2026-08-08,,,2026-08-08T07:51:36.959+00:00,,,,,,,,,,,,,,,,,,,materials,,698a83c2-2d80-496f-b002-52ef336e2f8d,206bb1a7-4559-46f6-b2f8-035f7da07058,1.65658,,,Склад,,,,,,,,,,,,,,
warehouse_lot,176df9ba-e086-4e65-b29f-4029300364e0,Warehouse / Central stock,029ac283-f572-4893-91f8-6707f86b2722,Opening (MoneyWorks),60.36,50.3,0.2,,2026-06-11,,,2026-08-08T07:51:36.959+00:00,,,,,,,,,,,,,,,,,,,materials,,029ac283-f572-4893-91f8-6707f86b2722,b5af1701-9f27-4a88-b05a-952b5c626812,8,,,0. СКЛАД - ОСНОВЕН,,,,,,,,,,,,,,
warehouse_lot,176df9ba-e086-4e65-b29f-4029300364e0,Warehouse / Central stock,d71be9aa-d1b0-4b2e-9f53-8773036beb23,Opening (MoneyWorks),0.01,0.01,0.2,,2026-02-06,,,2026-08-08T07:51:36.959+00:00,,,,,,,,,,,,,,,,,,,materials,,d71be9aa-d1b0-4b2e-9f53-8773036beb23,fb2ff7f4-d688-4d53-91c5-c723384359d7,859,,,0. СКЛАД - ОСНОВЕН,,,,,,,,,,,,,,
warehouse_lot,176df9ba-e086-4e65-b29f-4029300364e0,Warehouse / Central stock,4efec27d-91a9-48d0-950c-575ece5be168,Opening (MoneyWorks),56.5,47.08,0.2,,2025-12-11,,,2026-08-08T07:51:36.959+00:00,,,,,,,,,,,,,,,,,,,materials,,4efec27d-91a9-48d0-950c-575ece5be168,f51a13c3-9336-4f29-8511-8c40ca0dc3bf,3,,,0. СКЛАД - ОСНОВЕН,,,,,,,,,,,,,,
warehouse_lot,176df9ba-e086-4e65-b29f-4029300364e0,Warehouse / Central stock,77d2b509-b31d-47fc-9fc6-c40d39f7e51b,Opening (MoneyWorks),0,0,0.2,,2026-08-08,,,2026-08-08T07:51:36.959+00:00,,,,,,,,,,,,,,,,,,,materials,,77d2b509-b31d-47fc-9fc6-c40d39f7e51b,9deb2950-92ed-4382-8aaa-fde0dc16aad3,112,,,0. СКЛАД - ОСНОВЕН,,,,,,,,,,,,,,
warehouse_lot,176df9ba-e086-4e65-b29f-4029300364e0,Warehouse / Central stock,f57caea9-9046-4203-b4d8-1e7424fb00b2,Opening (MoneyWorks),191.7,159.75,0.2,,2026-08-08,,,2026-08-08T07:51:36.959+00:00,,,,,,,,,,,,,,,,,,,materials,,f57caea9-9046-4203-b4d8-1e7424fb00b2,b84d19e2-ed3b-43d4-8b53-c85e9a1d9970,3,,,0. СКЛАД - ОСНОВЕН,,,,,,,,,,,,,,
warehouse_lot,176df9ba-e086-4e65-b29f-4029300364e0,Warehouse / Central stock,11411c96-2572-422e-a7ad-77cabd921a7c,Opening (MoneyWorks),56.5,47.08,0.2,,2026-08-08,,,2026-08-08T07:51:36.959+00:00,,,,,,,,,,,,,,,,,,,materials,,11411c96-2572-422e-a7ad-77cabd921a7c,70256251-2fcc-46e9-b4a9-45f85880b84c,3,,,0. СКЛАД - ОСНОВЕН,,,,,,,,,,,,,,
warehouse_lot,176df9ba-e086-4e65-b29f-4029300364e0,Warehouse / Central stock,4a1e753e-cd27-40dc-8a31-0ef4386be63d,Opening (MoneyWorks),780,650,0.2,,2026-03-27,,,2026-08-08T07:51:36.959+00:00,,,,,,,,,,,,,,,,,,,materials,,4a1e753e-cd27-40dc-8a31-0ef4386be63d,75be0056-570c-4ec3-ab1f-ceb63be22685,4,,,System - 90kW Volkswagen (59),,,,,,,,,,,,,,
warehouse_lot,176df9ba-e086-4e65-b29f-4029300364e0,Warehouse / Central stock,15e1f23b-0fa5-4d88-97f9-faa8192f0779,Opening (MoneyWorks),0,0,0.2,,2026-08-08,,,2026-08-08T07:51:36.959+00:00,,,,,,,,,,,,,,,,,,,materials,,15e1f23b-0fa5-4d88-97f9-faa8192f0779,4cfbe397-a9eb-4324-bdfa-b431588d962f,15.06,,,Склад,,,,,,,,,,,,,,
warehouse_lot,176df9ba-e086-4e65-b29f-4029300364e0,Warehouse / Central stock,a00cf433-0997-4992-8049-6508137ed989,Opening (MoneyWorks),1.5338756435886554,1.28,0.2,,2026-08-08,,,2026-08-08T07:51:36.959+00:00,,,,,,,,,,,,,,,,,,,materials,,a00cf433-0997-4992-8049-6508137ed989,e9cbb3ee-4523-4c62-8508-5376a06113ec,113,,,0. СКЛАД - ОСНОВЕН,,,,,,,,,,,,,,
warehouse_lot,176df9ba-e086-4e65-b29f-4029300364e0,Warehouse / Central stock,65a242f0-a402-411e-8942-f35b0ccd0252,Opening (MoneyWorks),0,0,0.2,,2026-08-08,,,2026-08-08T07:51:36.959+00:00,,,,,,,,,,,,,,,,,,,materials,,65a242f0-a402-411e-8942-f35b0ccd0252,07860336-a0e4-4873-9eb1-48f040c7890f,4,,,0. СКЛАД - ОСНОВЕН,,,,,,,,,,,,,,
warehouse_lot,176df9ba-e086-4e65-b29f-4029300364e0,Warehouse / Central stock,19390d9c-8396-4243-bcc6-644d8dacd478,Opening (MoneyWorks),44.87,37.39,0.2,,2026-08-08,,,2026-08-08T07:51:36.959+00:00,,,,,,,,,,,,,,,,,,,materials,,19390d9c-8396-4243-bcc6-644d8dacd478,c4355d31-8b23-45d8-866a-4a174134774c,1,,,0. СКЛАД - ОСНОВЕН,,,,,,,,,,,,,,
warehouse_lot,176df9ba-e086-4e65-b29f-4029300364e0,Warehouse / Central stock,a32f534f-5a2d-41d3-997d-4e977b178424,Opening (MoneyWorks),38.41847195308386,32.02,0.2,,2025-10-30,,,2026-08-08T07:51:36.959+00:00,,,,,,,,,,,,,,,,,,,materials,,a32f534f-5a2d-41d3-997d-4e977b178424,f5bf7c82-edb4-4555-af53-2bf9a8f9a526,1,,,0. СКЛАД - ОСНОВЕН,,,,,,,,,,,,,,
warehouse_lot,176df9ba-e086-4e65-b29f-4029300364e0,Warehouse / Central stock,cafc011c-58a6-4de0-9a8a-3365c0e999f4,Opening (MoneyWorks),0.5112918811962185,0.43,0.2,,2026-08-08,,,2026-08-08T07:51:36.959+00:00,,,,,,,,,,,,,,,,,,,materials,,cafc011c-58a6-4de0-9a8a-3365c0e999f4,6df5f7a3-1785-4a5c-989e-9f3f73e3bd65,8,,,0. СКЛАД - ОСНОВЕН,,,,,,,,,,,,,,
warehouse_lot,176df9ba-e086-4e65-b29f-4029300364e0,Warehouse / Central stock,bd4fab32-7b88-4da9-9318-58ca4d7e4632,Opening (MoneyWorks),33.37713400448914,27.81,0.2,,2026-03-23,,,2026-08-08T07:51:36.959+00:00,,,,,,,,,,,,,,,,,,,materials,,bd4fab32-7b88-4da9-9318-58ca4d7e4632,45f1b0be-7621-4dda-b443-509f57f6518a,1,,,0. СКЛАД - ОСНОВЕН,,,,,,,,,,,,,,
warehouse_lot,176df9ba-e086-4e65-b29f-4029300364e0,Warehouse / Central stock,30e3fe45-f135-4029-b57f-eb2a7eb2e78b,Opening (MoneyWorks),0.5112918811962185,0.43,0.2,,2026-08-08,,,2026-08-08T07:51:36.959+00:00,,,,,,,,,,,,,,,,,,,materials,,30e3fe45-f135-4029-b57f-eb2a7eb2e78b,36dfb719-2c81-444f-81b1-dbb5ea402831,29,,,0. СКЛАД - ОСНОВЕН,,,,,,,,,,,,,,
warehouse_lot,176df9ba-e086-4e65-b29f-4029300364e0,Warehouse / Central stock,7361a15b-ee0a-4f6c-b536-d2966aa4b632,Opening (MoneyWorks),0.27,0.23,0.2,,2026-02-16,,,2026-08-08T07:51:36.96+00:00,,,,,,,,,,,,,,,,,,,materials,,7361a15b-ee0a-4f6c-b536-d2966aa4b632,de4941a0-2fb5-45aa-93ec-a01781a5158e,8,,,System - 90kW Volkswagen (59),,,,,,,,,,,,,,f04d93d4-fb64-4e21-b009-81842c5d8d59
warehouse_lot,176df9ba-e086-4e65-b29f-4029300364e0,Warehouse / Central stock,8a5d490d-81b9-4020-b6a9-cd239a6e076e,Opening (MoneyWorks),0.5112918811962185,0.43,0.2,,2025-08-22,,,2026-08-08T07:51:36.96+00:00,,,,,,,,,,,,,,,,,,,materials,,8a5d490d-81b9-4020-b6a9-cd239a6e076e,05f2333f-ab45-4f80-a2f5-36d80b4984aa,1,,,System - 90kW Volkswagen (59),,,,,,,,,,,,,,f04d93d4-fb64-4e21-b009-81842c5d8d59
warehouse_lot,176df9ba-e086-4e65-b29f-4029300364e0,Warehouse / Central stock,c99b810d-7a49-49a9-9302-0efc728ecd39,Opening (MoneyWorks),2.991047,2.49,0.2,,2026-08-08,,,2026-08-08T07:51:36.96+00:00,,,,,,,,,,,,,,,,,,,materials,,c99b810d-7a49-49a9-9302-0efc728ecd39,f7d340b0-2895-4c2a-b7de-9b246f57c6ea,1,,,System - 90kW Volkswagen (59),,,,,,,,,,,,,,f04d93d4-fb64-4e21-b009-81842c5d8d59
warehouse_lot,176df9ba-e086-4e65-b29f-4029300364e0,Warehouse / Central stock,ecb67bdc-2362-4ab2-a8ed-e2415131df90,Opening (MoneyWorks),0.061355,0.05,0.2,,2025-11-12,,,2026-08-08T07:51:36.96+00:00,,,,,,,,,,,,,,,,,,,materials,,ecb67bdc-2362-4ab2-a8ed-e2415131df90,47a50aaa-4c08-42f6-b95d-152f5d8922ff,8,,,System - 90kW Volkswagen (59),,,,,,,,,,,,,,f04d93d4-fb64-4e21-b009-81842c5d8d59
warehouse_lot,176df9ba-e086-4e65-b29f-4029300364e0,Warehouse / Central stock,6eed1637-a93a-471c-9fa8-98a99aa452d5,Opening (MoneyWorks),1643.5,1369.58,0.2,,2025-10-09,,,2026-08-08T07:51:36.96+00:00,,,,,,,,,,,,,,,,,,,materials,,6eed1637-a93a-471c-9fa8-98a99aa452d5,ce7ef9df-6fbc-412e-8d88-55725f46e001,1,,,System - 90kW Volkswagen (59),,,,,,,,,,,,,,f04d93d4-fb64-4e21-b009-81842c5d8d59
warehouse_lot,176df9ba-e086-4e65-b29f-4029300364e0,Warehouse / Central stock,cedd2500-f8e5-4241-9702-1b0c80ba4689,Opening (MoneyWorks),1.46,1.22,0.2,,2026-03-13,,,2026-08-08T07:51:36.96+00:00,,,,,,,,,,,,,,,,,,,materials,,cedd2500-f8e5-4241-9702-1b0c80ba4689,48323d5d-6459-4589-a2d9-e18cc968a800,1,,,System - 90kW Volkswagen (59),,,,,,,,,,,,,,f04d93d4-fb64-4e21-b009-81842c5d8d59
warehouse_lot,176df9ba-e086-4e65-b29f-4029300364e0,Warehouse / Central stock,95d9c2c9-1c59-4590-a7f0-3bdb313d2961,Opening (MoneyWorks),76.02,63.35,0.2,,2025-10-22,,,2026-08-08T07:51:36.96+00:00,,,,,,,,,,,,,,,,,,,materials,,95d9c2c9-1c59-4590-a7f0-3bdb313d2961,e3de70f3-22e8-4026-8187-9512985d5402,405,,,0. СКЛАД - ОСНОВЕН,,,,,,,,,,,,,,
warehouse_lot,176df9ba-e086-4e65-b29f-4029300364e0,Warehouse / Central stock,e00b823d-d8af-446d-b8b2-2657cf2f9314,Opening (MoneyWorks),12.6,10.5,0.2,,2026-01-12,,,2026-08-08T07:51:36.96+00:00,,,,,,,,,,,,,,,,,,,materials,,e00b823d-d8af-446d-b8b2-2657cf2f9314,4cf5b988-19f1-409c-9e4d-bfb37aac6562,30,,,System - 10kW Italy,,,,,,,,,,,,,,8764ceb8-c1d0-4147-8e8d-519f84027972
warehouse_lot,176df9ba-e086-4e65-b29f-4029300364e0,Warehouse / Central stock,fdc47a3c-05a5-4539-b8dc-b3dc18213ae7,Opening (MoneyWorks),0.03,0.03,0.2,,2026-08-08,,,2026-08-08T07:51:36.96+00:00,,,,,,,,,,,,,,,,,,,materials,,fdc47a3c-05a5-4539-b8dc-b3dc18213ae7,ff0dc3f3-08c1-4359-89aa-c029e46873c4,16,,,System - 90kW Volkswagen (59),,,,,,,,,,,,,,f04d93d4-fb64-4e21-b009-81842c5d8d59
warehouse_lot,176df9ba-e086-4e65-b29f-4029300364e0,Warehouse / Central stock,5a3c3ef4-63b8-4e07-9df7-a05eae42e2ca,Opening (MoneyWorks),0,0,0.2,,2026-08-08,,,2026-08-08T07:51:36.96+00:00,,,,,,,,,,,,,,,,,,,materials,,5a3c3ef4-63b8-4e07-9df7-a05eae42e2ca,cb81b11a-0f6a-4a7d-bfac-3adb89b8dc7f,195.3,,,Склад,,,,,,,,,,,,,,
warehouse_lot,176df9ba-e086-4e65-b29f-4029300364e0,Warehouse / Central stock,24c4ff03-ff45-446d-8d9d-edf70029ada8,Opening (MoneyWorks),0,0,0.2,,2026-08-08,,,2026-08-08T07:51:36.96+00:00,,,,,,,,,,,,,,,,,,,materials,,24c4ff03-ff45-446d-8d9d-edf70029ada8,38fe0238-a91c-44f3-be63-b5b0f16ba3e3,4.63,,,Склад,,,,,,,,,,,,,,
warehouse_lot,176df9ba-e086-4e65-b29f-4029300364e0,Warehouse / Central stock,a1315de2-5c7d-4e6a-befb-33d8dba2a558,Opening (MoneyWorks),2636.8702801368217,2197.39,0.2,,2026-08-08,,,2026-08-08T07:51:36.961+00:00,,,,,,,,,,,,,,,,,,,materials,,a1315de2-5c7d-4e6a-befb-33d8dba2a558,e697ddee-2e69-418d-bc02-7409c44ccebf,1,,,Склад,,,,,,,,,,,,,,
warehouse_lot,176df9ba-e086-4e65-b29f-4029300364e0,Warehouse / Central stock,2538a67e-4b33-41cf-af6d-dd137e87fcb1,Opening (MoneyWorks),0,0,0.2,,2026-08-08,,,2026-08-08T07:51:36.961+00:00,,,,,,,,,,,,,,,,,,,materials,,2538a67e-4b33-41cf-af6d-dd137e87fcb1,06431414-ce64-419e-988e-700113efad45,2.1014019999999998,,,Склад,,,,,,,,,,,,,,
warehouse_lot,176df9ba-e086-4e65-b29f-4029300364e0,Warehouse / Central stock,e6485630-cb96-4789-a8d5-b1ca873efec0,Opening (MoneyWorks),8.74,7.28,0.2,,2025-10-09,,,2026-08-08T07:51:36.962+00:00,,,,,,,,,,,,,,,,,,,materials,,e6485630-cb96-4789-a8d5-b1ca873efec0,27e04a10-1a76-4046-ab9b-a3de3acb8786,2,,,Склад,,,,,,,,,,,,,,
warehouse_lot,176df9ba-e086-4e65-b29f-4029300364e0,Warehouse / Central stock,106f510d-dfce-4949-b465-722fb6934649,Opening (MoneyWorks),15.68,13.07,0.2,,2026-02-03,,,2026-08-08T07:51:36.962+00:00,,,,,,,,,,,,,,,,,,,materials,,106f510d-dfce-4949-b465-722fb6934649,dd5284f4-5009-4a2b-807d-937953469fe0,7.894736999999999,,,2. МЕТАЛХИДРИД,,,,,,,,,,,,,,
warehouse_lot,176df9ba-e086-4e65-b29f-4029300364e0,Warehouse / Central stock,c7faa614-cf7f-4cfe-ae8c-8f5bc11d7096,Opening (MoneyWorks),53.685449999999996,44.74,0.2,,2025-12-23,,,2026-08-08T07:51:36.963+00:00,,,,,,,,,,,,,,,,,,,materials,,c7faa614-cf7f-4cfe-ae8c-8f5bc11d7096,1fe737cb-a17a-4804-af5a-d7d9d42804a9,4,,,System - 10kW Italy,,,,,,,,,,,,,,8764ceb8-c1d0-4147-8e8d-519f84027972
warehouse_lot,176df9ba-e086-4e65-b29f-4029300364e0,Warehouse / Central stock,caebcd85-a822-4991-ac8d-0c201d1b17b4,Opening (MoneyWorks),0,0,0.2,,2026-08-08,,,2026-08-08T07:51:36.963+00:00,,,,,,,,,,,,,,,,,,,materials,,caebcd85-a822-4991-ac8d-0c201d1b17b4,df706f93-f154-4430-a395-281d5adab5de,9.635,,,Склад производство,,,,,,,,,,,,,,
warehouse_lot,176df9ba-e086-4e65-b29f-4029300364e0,Warehouse / Central stock,7732b8e3-11c2-4458-94d6-4580239e80b9,Opening (MoneyWorks),112.68873061564656,93.91,0.2,,2025-11-18,,,2026-08-08T07:51:36.963+00:00,,,,,,,,,,,,,,,,,,,materials,,7732b8e3-11c2-4458-94d6-4580239e80b9,a197b516-0ab2-4fe4-83d2-afceceb1027e,4,,,System - 90kW Volkswagen (59),,,,,,,,,,,,,,f04d93d4-fb64-4e21-b009-81842c5d8d59
warehouse_lot,176df9ba-e086-4e65-b29f-4029300364e0,Warehouse / Central stock,692340ae-2ca3-4e74-bc1d-b05e38b33d09,Opening (MoneyWorks),5.4,4.5,0.2,,2026-06-25,,,2026-08-08T07:51:36.963+00:00,,,,,,,,,,,,,,,,,,,materials,,692340ae-2ca3-4e74-bc1d-b05e38b33d09,0d7ef102-854a-4286-9dc2-71df16947b37,80,,,System - 90kW Volkswagen (59),,,,,,,,,,,,,,f04d93d4-fb64-4e21-b009-81842c5d8d59
warehouse_lot,176df9ba-e086-4e65-b29f-4029300364e0,Warehouse / Central stock,eb9eeac5-b783-4c37-b9d6-35309430bfa0,Opening (MoneyWorks),0,0,0.2,,2026-08-08,,,2026-08-08T07:51:36.963+00:00,,,,,,,,,,,,,,,,,,,materials,,eb9eeac5-b783-4c37-b9d6-35309430bfa0,e6200e40-4439-4fc4-80d7-8f4a2ac6be44,0.56,,,Склад производство,,,,,,,,,,,,,,
warehouse_lot,176df9ba-e086-4e65-b29f-4029300364e0,Warehouse / Central stock,cd4f9501-69d0-4c6f-a5ba-fc9ed930e086,Opening (MoneyWorks),3.885804,3.24,0.2,,2025-11-20,,,2026-08-08T07:51:36.963+00:00,,,,,,,,,,,,,,,,,,,materials,,cd4f9501-69d0-4c6f-a5ba-fc9ed930e086,7ed54bf9-fbf8-4d66-8841-779a1898ca96,6,,,System - 90kW Volkswagen (59),,,,,,,,,,,,,,f04d93d4-fb64-4e21-b009-81842c5d8d59
warehouse_lot,176df9ba-e086-4e65-b29f-4029300364e0,Warehouse / Central stock,5e13d1b1-5c9c-4770-92c8-0d87cc13e32f,Opening (MoneyWorks),2.055386,1.71,0.2,,2025-09-09,,,2026-08-08T07:51:36.964+00:00,,,,,,,,,,,,,,,,,,,materials,,5e13d1b1-5c9c-4770-92c8-0d87cc13e32f,99ecf1b7-191e-4169-974e-973c1d362ab2,20,,,System - 10kW Italy,,,,,,,,,,,,,,8764ceb8-c1d0-4147-8e8d-519f84027972
warehouse_lot,176df9ba-e086-4e65-b29f-4029300364e0,Warehouse / Central stock,7741f919-04b5-4457-8591-029776015c2b,Opening (MoneyWorks),1.68,1.4,0.2,,2026-07-17,,,2026-08-08T07:51:36.964+00:00,,,,,,,,,,,,,,,,,,,materials,,7741f919-04b5-4457-8591-029776015c2b,14105b3d-d762-4b38-98c7-39651ca766c1,12,,,System - 90kW Volkswagen (59),,,,,,,,,,,,,,f04d93d4-fb64-4e21-b009-81842c5d8d59
warehouse_lot,176df9ba-e086-4e65-b29f-4029300364e0,Warehouse / Central stock,fb7f4b24-ade0-4193-8910-749c270afef1,Opening (MoneyWorks),1.840644,1.53,0.2,,2025-08-22,,,2026-08-08T07:51:36.964+00:00,,,,,,,,,,,,,,,,,,,materials,,fb7f4b24-ade0-4193-8910-749c270afef1,335ef944-3dd2-4caf-afef-00cf8ad6ee72,7,,,System - 10kW Italy,,,,,,,,,,,,,,8764ceb8-c1d0-4147-8e8d-519f84027972
warehouse_lot,176df9ba-e086-4e65-b29f-4029300364e0,Warehouse / Central stock,c52cb80e-2bc7-4f45-8f71-cfdf0473ef36,Opening (MoneyWorks),0.935661,0.78,0.2,,2026-08-08,,,2026-08-08T07:51:36.964+00:00,,,,,,,,,,,,,,,,,,,materials,,c52cb80e-2bc7-4f45-8f71-cfdf0473ef36,e8d1a9e0-d1a2-44b7-b5b5-73fbb229feee,26,,,System - 10kW Italy,,,,,,,,,,,,,,8764ceb8-c1d0-4147-8e8d-519f84027972
warehouse_lot,176df9ba-e086-4e65-b29f-4029300364e0,Warehouse / Central stock,25a329f0-c5f5-4521-873b-69d1601ebbbd,Opening (MoneyWorks),0.03,0.03,0.2,,2026-02-16,,,2026-08-08T07:51:36.964+00:00,,,,,,,,,,,,,,,,,,,materials,,25a329f0-c5f5-4521-873b-69d1601ebbbd,be90907c-efb9-4513-a525-0dfe06899d0b,1,,,System - 90kW Volkswagen (59),,,,,,,,,,,,,,f04d93d4-fb64-4e21-b009-81842c5d8d59
warehouse_lot,176df9ba-e086-4e65-b29f-4029300364e0,Warehouse / Central stock,7f6fc33d-28f4-4d37-9909-872f671a555e,Opening (MoneyWorks),1.9991439999999998,1.67,0.2,,2025-09-09,,,2026-08-08T07:51:36.964+00:00,,,,,,,,,,,,,,,,,,,materials,,7f6fc33d-28f4-4d37-9909-872f671a555e,ef03e1a5-b478-4767-9c15-2236a63f3858,9,,,System - 10kW Italy,,,,,,,,,,,,,,8764ceb8-c1d0-4147-8e8d-519f84027972
warehouse_lot,176df9ba-e086-4e65-b29f-4029300364e0,Warehouse / Central stock,e65aea68-8ade-4260-a1a3-17ce3d777fe3,Opening (MoneyWorks),0.342565,0.29,0.2,,2025-12-05,,,2026-08-08T07:51:36.964+00:00,,,,,,,,,,,,,,,,,,,materials,,e65aea68-8ade-4260-a1a3-17ce3d777fe3,8d404c67-d34a-4e8a-9d8e-fffe82339f92,20,,,System - 10kW Italy,,,,,,,,,,,,,,
warehouse_lot,176df9ba-e086-4e65-b29f-4029300364e0,Warehouse / Central stock,b2cb8bec-7a1c-43ca-887b-2106ca616e1f,Opening (MoneyWorks),0.5112918811962185,0.43,0.2,,2025-11-25,,,2026-08-08T07:51:36.964+00:00,,,,,,,,,,,,,,,,,,,materials,,b2cb8bec-7a1c-43ca-887b-2106ca616e1f,98ebdc6f-8cdb-4fbc-aa3a-b11b0c8b1984,33.92,,,2. МЕТАЛХИДРИД,,,,,,,,,,,,,,
warehouse_lot,176df9ba-e086-4e65-b29f-4029300364e0,Warehouse / Central stock,5f43de06-313c-4750-a4f7-c0143b76eb6c,Opening (MoneyWorks),30.6774,25.56,0.2,,2025-10-10,,,2026-08-08T07:51:36.964+00:00,,,,,,,,,,,,,,,,,,,materials,,5f43de06-313c-4750-a4f7-c0143b76eb6c,d55b9eda-e9bb-41a3-b766-576a14c69b1f,2,,,System - 90kW Volkswagen (59),,,,,,,,,,,,,,f04d93d4-fb64-4e21-b009-81842c5d8d59
warehouse_lot,176df9ba-e086-4e65-b29f-4029300364e0,Warehouse / Central stock,32311075-c749-4289-a4aa-d06f9d7108da,Opening (MoneyWorks),1819.8,1516.5,0.2,,2025-10-10,,,2026-08-08T07:51:36.964+00:00,,,,,,,,,,,,,,,,,,,materials,,32311075-c749-4289-a4aa-d06f9d7108da,93692aa8-30e7-47af-936f-37e64461c6a3,2,,,System - 90kW Volkswagen (59),,,,,,,,,,,,,,f04d93d4-fb64-4e21-b009-81842c5d8d59
warehouse_lot,176df9ba-e086-4e65-b29f-4029300364e0,Warehouse / Central stock,e891e903-f35f-4302-a55a-195821f71287,Opening (MoneyWorks),2965.492911,2471.24,0.2,,2025-10-27,,,2026-08-08T07:51:36.964+00:00,,,,,,,,,,,,,,,,,,,materials,,e891e903-f35f-4302-a55a-195821f71287,b630648a-007d-4a99-91ba-045bfd8ecade,1,,,System - 90kW Volkswagen (59),,,,,,,,,,,,,,
warehouse_lot,176df9ba-e086-4e65-b29f-4029300364e0,Warehouse / Central stock,39fcea48-f15b-4b6d-8a65-c4c14fbf188b,Opening (MoneyWorks),105.68,88.07,0.2,,2025-09-05,,,2026-08-08T07:51:36.964+00:00,,,,,,,,,,,,,,,,,,,materials,,39fcea48-f15b-4b6d-8a65-c4c14fbf188b,5d81d16f-4aa6-4985-8d3d-fe4a5b7332b5,3,,,3. ПРОИЗВОДСТВО,,,,,,,,,,,,,,
warehouse_lot,176df9ba-e086-4e65-b29f-4029300364e0,Warehouse / Central stock,e9ed8d2e-f4a4-4830-88b7-c872de5b567d,Opening (MoneyWorks),3.021724,2.52,0.2,,2025-11-25,,,2026-08-08T07:51:36.964+00:00,,,,,,,,,,,,,,,,,,,materials,,e9ed8d2e-f4a4-4830-88b7-c872de5b567d,a7acf15c-3196-4b62-a7c9-01d36ce5a9dd,2,,,System - 90kW Volkswagen (59),,,,,,,,,,,,,,f04d93d4-fb64-4e21-b009-81842c5d8d59
warehouse_lot,176df9ba-e086-4e65-b29f-4029300364e0,Warehouse / Central stock,e2ed2606-13d1-40c2-a7fc-fafdaf9ce4fc,Opening (MoneyWorks),2.32637,1.94,0.2,,2025-09-09,,,2026-08-08T07:51:36.965+00:00,,,,,,,,,,,,,,,,,,,materials,,e2ed2606-13d1-40c2-a7fc-fafdaf9ce4fc,2f199d0d-d1d9-4670-9674-4a32994d6122,6,,,System - 10kW Italy,,,,,,,,,,,,,,
warehouse_lot,176df9ba-e086-4e65-b29f-4029300364e0,Warehouse / Central stock,8d8a479e-bc5b-4e3d-bac9-259308673182,Opening (MoneyWorks),0.01,0.01,0.2,,2026-02-16,,,2026-08-08T07:51:36.965+00:00,,,,,,,,,,,,,,,,,,,materials,,8d8a479e-bc5b-4e3d-bac9-259308673182,2bba0cbe-1bdc-4491-8f80-50b54f4da221,47,,,System - 90kW Volkswagen (59),,,,,,,,,,,,,,f04d93d4-fb64-4e21-b009-81842c5d8d59
warehouse_lot,176df9ba-e086-4e65-b29f-4029300364e0,Warehouse / Central stock,0b8ef2ed-b1c8-4d99-8a7d-e90776ce42f2,Opening (MoneyWorks),0.01,0.01,0.2,,2026-02-16,,,2026-08-08T07:51:36.965+00:00,,,,,,,,,,,,,,,,,,,materials,,0b8ef2ed-b1c8-4d99-8a7d-e90776ce42f2,cfd16d8b-fd12-4561-95e4-327eef3a2e84,124,,,System - 90kW Volkswagen (59),,,,,,,,,,,,,,f04d93d4-fb64-4e21-b009-81842c5d8d59
warehouse_lot,176df9ba-e086-4e65-b29f-4029300364e0,Warehouse / Central stock,04c859b9-0991-4123-a962-b281e0729e20,Opening (MoneyWorks),0.5112918811962185,0.43,0.2,,2025-09-16,,,2026-08-08T07:51:36.965+00:00,,,,,,,,,,,,,,,,,,,materials,,04c859b9-0991-4123-a962-b281e0729e20,ef0ca521-65d3-4b55-81fc-3c6c03a27b96,13,,,System - 10kW Italy,,,,,,,,,,,,,,8764ceb8-c1d0-4147-8e8d-519f84027972
warehouse_lot,176df9ba-e086-4e65-b29f-4029300364e0,Warehouse / Central stock,c69f9df5-0638-4072-824d-bd53a5ec898b,Opening (MoneyWorks),1.36,1.13,0.2,,2026-08-08,,,2026-08-08T07:51:36.965+00:00,,,,,,,,,,,,,,,,,,,materials,,c69f9df5-0638-4072-824d-bd53a5ec898b,b2a56b5c-ea01-40d3-bf2f-f219ecc5153f,2,,,System - 10kW Italy,,,,,,,,,,,,,,8764ceb8-c1d0-4147-8e8d-519f84027972
warehouse_lot,176df9ba-e086-4e65-b29f-4029300364e0,Warehouse / Central stock,1c730cf4-4f7d-49b7-8038-15d44a8a3723,Opening (MoneyWorks),2.132079,1.78,0.2,,2026-08-08,,,2026-08-08T07:51:36.965+00:00,,,,,,,,,,,,,,,,,,,materials,,1c730cf4-4f7d-49b7-8038-15d44a8a3723,f564e633-1f62-4f43-8898-3a50b5f2d6fd,7.699999999999999,,,System - 90kW Volkswagen (59),,,,,,,,,,,,,,f04d93d4-fb64-4e21-b009-81842c5d8d59
warehouse_lot,176df9ba-e086-4e65-b29f-4029300364e0,Warehouse / Central stock,79317f00-8aa0-4116-89ab-b560fe9cd040,Opening (MoneyWorks),0.01,0.01,0.2,,2026-02-16,,,2026-08-08T07:51:36.965+00:00,,,,,,,,,,,,,,,,,,,materials,,79317f00-8aa0-4116-89ab-b560fe9cd040,ce67e0f5-e014-492c-9615-1eefde4273c3,99,,,System - 90kW Volkswagen (59),,,,,,,,,,,,,,f04d93d4-fb64-4e21-b009-81842c5d8d59
warehouse_lot,176df9ba-e086-4e65-b29f-4029300364e0,Warehouse / Central stock,5be5faec-b4ee-4b44-9e47-8d8ca9eda3fc,Opening (MoneyWorks),0.7822739999999999,0.65,0.2,,2026-08-08,,,2026-08-08T07:51:36.965+00:00,,,,,,,,,,,,,,,,,,,materials,,5be5faec-b4ee-4b44-9e47-8d8ca9eda3fc,4854d530-713c-44e4-9ea3-0033b0900303,4,,,System - 10kW Italy,,,,,,,,,,,,,,8764ceb8-c1d0-4147-8e8d-519f84027972
warehouse_lot,176df9ba-e086-4e65-b29f-4029300364e0,Warehouse / Central stock,6ffc8276-874f-469c-97cb-5b56735b04ca,Opening (MoneyWorks),1.16,0.97,0.2,,2026-08-08,,,2026-08-08T07:51:36.965+00:00,,,,,,,,,,,,,,,,,,,materials,,6ffc8276-874f-469c-97cb-5b56735b04ca,d028ea63-5623-4c33-ac57-00d9a9c4d41c,6,,,System - 10kW Italy,,,,,,,,,,,,,,8764ceb8-c1d0-4147-8e8d-519f84027972
warehouse_lot,176df9ba-e086-4e65-b29f-4029300364e0,Warehouse / Central stock,4215f607-e47f-4b36-8ba5-377a007fea69,Opening (MoneyWorks),12.69,10.58,0.2,,2026-04-08,,,2026-08-08T07:51:36.965+00:00,,,,,,,,,,,,,,,,,,,materials,,4215f607-e47f-4b36-8ba5-377a007fea69,f649f5cc-fe39-4856-a502-ee12d74ff517,2,,,System - 10kW Italy,,,,,,,,,,,,,,8764ceb8-c1d0-4147-8e8d-519f84027972
warehouse_lot,176df9ba-e086-4e65-b29f-4029300364e0,Warehouse / Central stock,4bb89164-a6df-4b35-9a99-ea15f04f3253,Opening (MoneyWorks),0.690241,0.58,0.2,,2025-08-22,,,2026-08-08T07:51:36.965+00:00,,,,,,,,,,,,,,,,,,,materials,,4bb89164-a6df-4b35-9a99-ea15f04f3253,ec3070b9-e20e-427e-8dfd-77505441c4b3,4,,,System - 10kW Italy,,,,,,,,,,,,,,8764ceb8-c1d0-4147-8e8d-519f84027972
warehouse_lot,176df9ba-e086-4e65-b29f-4029300364e0,Warehouse / Central stock,0e780ac6-62fb-4359-a92a-a9d8ca91eb03,Opening (MoneyWorks),11.054089999999999,9.21,0.2,,2025-09-03,,,2026-08-08T07:51:36.965+00:00,,,,,,,,,,,,,,,,,,,materials,,0e780ac6-62fb-4359-a92a-a9d8ca91eb03,fa5639ca-82b9-4d71-99a2-3a4b3332db0d,2,,,System - 10kW Italy,,,,,,,,,,,,,,8764ceb8-c1d0-4147-8e8d-519f84027972
warehouse_lot,176df9ba-e086-4e65-b29f-4029300364e0,Warehouse / Central stock,76c959ec-ce4f-48af-abb8-d1323b93ecc4,Opening (MoneyWorks),67.14,55.95,0.2,,2026-08-08,,,2026-08-08T07:51:36.965+00:00,,,,,,,,,,,,,,,,,,,materials,,76c959ec-ce4f-48af-abb8-d1323b93ecc4,b9cd4ee4-9705-4f53-802f-d88a2ad61a28,8,,,System - 10kW Italy,,,,,,,,,,,,,,8764ceb8-c1d0-4147-8e8d-519f84027972
warehouse_lot,176df9ba-e086-4e65-b29f-4029300364e0,Warehouse / Central stock,43902041-e83e-4f46-9beb-1457e592d12b,Opening (MoneyWorks),0.9203253861531933,0.77,0.2,,2026-06-25,,,2026-08-08T07:51:36.966+00:00,,,,,,,,,,,,,,,,,,,materials,,43902041-e83e-4f46-9beb-1457e592d12b,a66a81e5-887f-456e-8295-4b1a809ae16f,4,,,System - 10kW Italy,,,,,,,,,,,,,,8764ceb8-c1d0-4147-8e8d-519f84027972
warehouse_lot,176df9ba-e086-4e65-b29f-4029300364e0,Warehouse / Central stock,e366ed12-fc24-453d-ab25-840c322c5de2,Opening (MoneyWorks),12.63,10.53,0.2,,2026-08-08,,,2026-08-08T07:51:36.966+00:00,,,,,,,,,,,,,,,,,,,materials,,e366ed12-fc24-453d-ab25-840c322c5de2,7f15408d-feda-47dc-875e-44ed85541562,2,,,System - 90kW Volkswagen (59),,,,,,,,,,,,,,f04d93d4-fb64-4e21-b009-81842c5d8d59
warehouse_lot,176df9ba-e086-4e65-b29f-4029300364e0,Warehouse / Central stock,e2dc5313-f07d-4a42-86b1-2aff942bcb8f,Opening (MoneyWorks),577.6145389999999,481.35,0.2,,2025-10-13,,,2026-08-08T07:51:36.966+00:00,,,,,,,,,,,,,,,,,,,materials,,e2dc5313-f07d-4a42-86b1-2aff942bcb8f,9ffbf8b8-d24f-498e-afdc-b879dcdcf3da,1,,,System - 10kW Italy,,,,,,,,,,,,,,8764ceb8-c1d0-4147-8e8d-519f84027972
warehouse_lot,176df9ba-e086-4e65-b29f-4029300364e0,Warehouse / Central stock,57875360-2756-4693-a8cd-478a0e4672c4,Opening (MoneyWorks),0.01,0.01,0.2,,2026-06-10,,,2026-08-08T07:51:36.966+00:00,,,,,,,,,,,,,,,,,,,materials,,57875360-2756-4693-a8cd-478a0e4672c4,3d25ad91-f81e-4a73-93ec-d08e940d569a,650,,,System - 90kW Volkswagen (59),,,,,,,,,,,,,,f04d93d4-fb64-4e21-b009-81842c5d8d59
warehouse_lot,176df9ba-e086-4e65-b29f-4029300364e0,Warehouse / Central stock,86764c0b-9020-4181-b09f-446af977eb25,Opening (MoneyWorks),0.03,0.03,0.2,,2026-03-27,,,2026-08-08T07:51:36.966+00:00,,,,,,,,,,,,,,,,,,,materials,,86764c0b-9020-4181-b09f-446af977eb25,a1865f1b-6ab2-4931-bbf0-d798b9cc4fcc,187,,,System - 90kW Volkswagen (59),,,,,,,,,,,,,,f04d93d4-fb64-4e21-b009-81842c5d8d59
warehouse_lot,176df9ba-e086-4e65-b29f-4029300364e0,Warehouse / Central stock,fd4eb555-f1d6-4089-ad4f-7103606edcae,Opening (MoneyWorks),0.13,0.11,0.2,,2026-04-16,,,2026-08-08T07:51:36.966+00:00,,,,,,,,,,,,,,,,,,,materials,,fd4eb555-f1d6-4089-ad4f-7103606edcae,88832ffe-a557-4463-b732-92c405ad65c6,622,,,System - 90kW Volkswagen (59),,,,,,,,,,,,,,f04d93d4-fb64-4e21-b009-81842c5d8d59
warehouse_lot,176df9ba-e086-4e65-b29f-4029300364e0,Warehouse / Central stock,31853214-fdf6-43e1-9196-453ae98405d1,Opening (MoneyWorks),7.59,6.33,0.2,,2026-08-08,,,2026-08-08T07:51:36.966+00:00,,,,,,,,,,,,,,,,,,,materials,,31853214-fdf6-43e1-9196-453ae98405d1,dd28cad2-bfa7-47dc-bd5f-88e24027f544,2,,,System - 90kW Volkswagen (59),,,,,,,,,,,,,,f04d93d4-fb64-4e21-b009-81842c5d8d59
warehouse_lot,176df9ba-e086-4e65-b29f-4029300364e0,Warehouse / Central stock,4353acff-2802-4d6b-8f8f-9db79c56519c,Opening (MoneyWorks),33.37713400448914,27.81,0.2,,2026-03-23,,,2026-08-08T07:51:36.966+00:00,,,,,,,,,,,,,,,,,,,materials,,4353acff-2802-4d6b-8f8f-9db79c56519c,45f1b0be-7621-4dda-b443-509f57f6518a,7,,,System - 90kW Volkswagen (59),,,,,,,,,,,,,,f04d93d4-fb64-4e21-b009-81842c5d8d59
warehouse_lot,176df9ba-e086-4e65-b29f-4029300364e0,Warehouse / Central stock,061c3657-22a4-4e0e-80ff-3389ed33dd0e,Opening (MoneyWorks),1.5338756435886554,1.28,0.2,,2026-08-08,,,2026-08-08T07:51:36.966+00:00,,,,,,,,,,,,,,,,,,,materials,,061c3657-22a4-4e0e-80ff-3389ed33dd0e,e9cbb3ee-4523-4c62-8508-5376a06113ec,4,,,System - 10kW Italy,,,,,,,,,,,,,,8764ceb8-c1d0-4147-8e8d-519f84027972
warehouse_lot,176df9ba-e086-4e65-b29f-4029300364e0,Warehouse / Central stock,f5b170ae-de7b-4b7b-8439-1a98cebd0e8d,Opening (MoneyWorks),105.68,88.07,0.2,,2025-09-05,,,2026-08-08T07:51:36.966+00:00,,,,,,,,,,,,,,,,,,,materials,,f5b170ae-de7b-4b7b-8439-1a98cebd0e8d,5d81d16f-4aa6-4985-8d3d-fe4a5b7332b5,1,,,System - 10kW Italy,,,,,,,,,,,,,,8764ceb8-c1d0-4147-8e8d-519f84027972
warehouse_lot,176df9ba-e086-4e65-b29f-4029300364e0,Warehouse / Central stock,28ada8b5-a6c2-4549-9bd8-5ce18dd5f110,Opening (MoneyWorks),1347.5,1122.92,0.2,,2025-12-02,,,2026-08-08T07:51:36.966+00:00,,,,,,,,,,,,,,,,,,,materials,,28ada8b5-a6c2-4549-9bd8-5ce18dd5f110,67ffdcce-e5e5-4201-b33f-03835d1f78b0,2,,,System - 90kW Volkswagen (59),,,,,,,,,,,,,,f04d93d4-fb64-4e21-b009-81842c5d8d59
warehouse_lot,176df9ba-e086-4e65-b29f-4029300364e0,Warehouse / Central stock,45f6fbdb-d75e-4a62-84d3-60ee14b66542,Opening (MoneyWorks),0.01,0.01,0.2,,2026-02-16,,,2026-08-08T07:51:36.97+00:00,,,,,,,,,,,,,,,,,,,materials,,45f6fbdb-d75e-4a62-84d3-60ee14b66542,84311eea-18cf-4bba-8ab6-bb2b3a2c2957,16,,,System - 90kW Volkswagen (59),,,,,,,,,,,,,,f04d93d4-fb64-4e21-b009-81842c5d8d59
warehouse_lot,176df9ba-e086-4e65-b29f-4029300364e0,Warehouse / Central stock,279302b8-676c-4128-8af0-f37a4924dcef,Opening (MoneyWorks),230.27479,191.9,0.2,,2025-10-13,,,2026-08-08T07:51:36.97+00:00,,,,,,,,,,,,,,,,,,,materials,,279302b8-676c-4128-8af0-f37a4924dcef,ddb9046f-a760-46cb-8084-da36cf8a2345,5,,,System - 10kW Italy,,,,,,,,,,,,,,8764ceb8-c1d0-4147-8e8d-519f84027972
warehouse_lot,176df9ba-e086-4e65-b29f-4029300364e0,Warehouse / Central stock,7e7b85aa-a835-4e7d-b0de-5bceb4ddc095,Opening (MoneyWorks),0.02,0.02,0.2,,2026-03-12,,,2026-08-08T07:51:36.971+00:00,,,,,,,,,,,,,,,,,,,materials,,7e7b85aa-a835-4e7d-b0de-5bceb4ddc095,521917f7-b914-44b8-8f22-19a8ec569fc1,508,,,System - 90kW Volkswagen (59),,,,,,,,,,,,,,f04d93d4-fb64-4e21-b009-81842c5d8d59
warehouse_lot,176df9ba-e086-4e65-b29f-4029300364e0,Warehouse / Central stock,924b5404-bcae-4268-babb-d363f04a51a5,Opening (MoneyWorks),3.53,2.94,0.2,,2025-09-19,,,2026-08-08T07:51:36.971+00:00,,,,,,,,,,,,,,,,,,,materials,,924b5404-bcae-4268-babb-d363f04a51a5,c848651c-083f-435c-9ce1-6dfc1ed16a37,2,,,System - 90kW Volkswagen (59),,,,,,,,,,,,,,f04d93d4-fb64-4e21-b009-81842c5d8d59
warehouse_lot,176df9ba-e086-4e65-b29f-4029300364e0,Warehouse / Central stock,96af7f75-26c4-4d6c-9ceb-74948c48ff87,Opening (MoneyWorks),0.0201,0.02,0.2,,2026-07-29,,,2026-08-08T07:51:36.971+00:00,,,,,,,,,,,,,,,,,,,materials,,96af7f75-26c4-4d6c-9ceb-74948c48ff87,4acbef9b-fb98-44c7-9ceb-e8eab1e1ce54,12,,,System - 90kW Volkswagen (59),,,,,,,,,,,,,,f04d93d4-fb64-4e21-b009-81842c5d8d59
warehouse_lot,176df9ba-e086-4e65-b29f-4029300364e0,Warehouse / Central stock,c8bfc87a-aa8b-48cb-9dd1-230a660c85b1,Opening (MoneyWorks),0.07158099999999999,0.06,0.2,,2026-02-16,,,2026-08-08T07:51:36.971+00:00,,,,,,,,,,,,,,,,,,,materials,,c8bfc87a-aa8b-48cb-9dd1-230a660c85b1,c2edf630-7fbd-4656-8c86-5f08143e432b,12,,,System - 90kW Volkswagen (59),,,,,,,,,,,,,,f04d93d4-fb64-4e21-b009-81842c5d8d59
warehouse_lot,176df9ba-e086-4e65-b29f-4029300364e0,Warehouse / Central stock,9b8a4152-8b35-4351-bc4c-3388e8a90204,Opening (MoneyWorks),0.83,0.69,0.2,,2026-02-03,,,2026-08-08T07:51:36.971+00:00,,,,,,,,,,,,,,,,,,,materials,,9b8a4152-8b35-4351-bc4c-3388e8a90204,6a16bd05-1853-4fe1-8c71-98985a370f7c,12,,,System - 10kW Italy,,,,,,,,,,,,,,8764ceb8-c1d0-4147-8e8d-519f84027972
warehouse_lot,176df9ba-e086-4e65-b29f-4029300364e0,Warehouse / Central stock,b7b9a957-6906-4b99-a49f-4ca4effc0756,Opening (MoneyWorks),0.761822,0.63,0.2,,2025-09-19,,,2026-08-08T07:51:36.971+00:00,,,,,,,,,,,,,,,,,,,materials,,b7b9a957-6906-4b99-a49f-4ca4effc0756,7863838d-e3e2-4c25-92bb-16bd84a9e9c3,2,,,System - 10kW Italy,,,,,,,,,,,,,,8764ceb8-c1d0-4147-8e8d-519f84027972
warehouse_lot,176df9ba-e086-4e65-b29f-4029300364e0,Warehouse / Central stock,3c27be1c-0f84-486c-956b-171be65fa2a9,Opening (MoneyWorks),95.836198,79.86,0.2,,2026-08-08,,,2026-08-08T07:51:36.972+00:00,,,,,,,,,,,,,,,,,,,materials,,3c27be1c-0f84-486c-956b-171be65fa2a9,d81bae23-fa98-462f-920a-c87860524953,5,,,System - 90kW Volkswagen (59),,,,,,,,,,,,,,f04d93d4-fb64-4e21-b009-81842c5d8d59
warehouse_lot,176df9ba-e086-4e65-b29f-4029300364e0,Warehouse / Central stock,2d526992-225d-4f17-b98d-b22ff08f91bd,Opening (MoneyWorks),0.83,0.69,0.2,,2026-02-03,,,2026-08-08T07:51:36.972+00:00,,,,,,,,,,,,,,,,,,,materials,,2d526992-225d-4f17-b98d-b22ff08f91bd,6a16bd05-1853-4fe1-8c71-98985a370f7c,3,,,System - 90kW Volkswagen (59),,,,,,,,,,,,,,f04d93d4-fb64-4e21-b009-81842c5d8d59
warehouse_lot,176df9ba-e086-4e65-b29f-4029300364e0,Warehouse / Central stock,0da598c9-bd69-413a-9aa4-541d6a175dc2,Opening (MoneyWorks),86.66,72.22,0.2,,2026-02-20,,,2026-08-08T07:51:36.972+00:00,,,,,,,,,,,,,,,,,,,materials,,0da598c9-bd69-413a-9aa4-541d6a175dc2,d13c3343-0293-4855-bb1c-c63850e9f531,8,,,System - 10kW Italy,,,,,,,,,,,,,,8764ceb8-c1d0-4147-8e8d-519f84027972
warehouse_lot,176df9ba-e086-4e65-b29f-4029300364e0,Warehouse / Central stock,b4723382-7790-42b3-a497-c347349837f4,Opening (MoneyWorks),1.39,1.16,0.2,,2026-02-24,,,2026-08-08T07:51:36.972+00:00,,,,,,,,,,,,,,,,,,,materials,,b4723382-7790-42b3-a497-c347349837f4,c1470231-0f85-4abc-9de3-1f79e46ab2de,1,,,System - 500kW Titan Zlatna Panega (58),,,,,,,,,,,,,,
warehouse_lot,176df9ba-e086-4e65-b29f-4029300364e0,Warehouse / Central stock,cda29088-8f3b-484b-babd-2440f0df399c,Opening (MoneyWorks),2.54,2.12,0.2,,2026-01-20,,,2026-08-08T07:51:36.973+00:00,,,,,,,,,,,,,,,,,,,materials,,cda29088-8f3b-484b-babd-2440f0df399c,d2b85c2d-d69f-4588-847b-60dac68419b6,2,,,System - 90kW Volkswagen (59),,,,,,,,,,,,,,f04d93d4-fb64-4e21-b009-81842c5d8d59
warehouse_lot,176df9ba-e086-4e65-b29f-4029300364e0,Warehouse / Central stock,f61dba63-6c5b-4118-b474-8322402f36ab,Opening (MoneyWorks),5.46,4.55,0.2,,2026-01-20,,,2026-08-08T07:51:36.974+00:00,,,,,,,,,,,,,,,,,,,materials,,f61dba63-6c5b-4118-b474-8322402f36ab,f0e3f153-39b2-4452-a8b0-ec29f9696b2b,4,,,System - 10kW Italy,,,,,,,,,,,,,,
warehouse_lot,176df9ba-e086-4e65-b29f-4029300364e0,Warehouse / Central stock,5fee193c-5d3c-42c9-8548-92c4ded77958,Opening (MoneyWorks),1.789515,1.49,0.2,,2026-08-08,,,2026-08-08T07:51:36.974+00:00,,,,,,,,,,,,,,,,,,,materials,,5fee193c-5d3c-42c9-8548-92c4ded77958,afc133c0-0d4a-4144-aa30-5d530f34112e,2,,,System - 10kW Italy,,,,,,,,,,,,,,8764ceb8-c1d0-4147-8e8d-519f84027972
warehouse_lot,176df9ba-e086-4e65-b29f-4029300364e0,Warehouse / Central stock,0c64fe11-09da-487c-9ead-384e420b5049,Opening (MoneyWorks),230.27479,191.9,0.2,,2025-10-13,,,2026-08-08T07:51:36.974+00:00,,,,,,,,,,,,,,,,,,,materials,,0c64fe11-09da-487c-9ead-384e420b5049,ddb9046f-a760-46cb-8084-da36cf8a2345,12,,,System - 90kW Volkswagen (59),,,,,,,,,,,,,,f04d93d4-fb64-4e21-b009-81842c5d8d59
warehouse_lot,176df9ba-e086-4e65-b29f-4029300364e0,Warehouse / Central stock,73d5c357-f2c0-402a-9a10-f78e6d57ef49,Opening (MoneyWorks),167.754249,139.8,0.2,,2026-01-19,,,2026-08-08T07:51:36.974+00:00,,,,,,,,,,,,,,,,,,,materials,,73d5c357-f2c0-402a-9a10-f78e6d57ef49,60f4e83f-76fb-4477-9733-03b4d3af8354,1,,,System - 10kW Italy,,,,,,,,,,,,,,8764ceb8-c1d0-4147-8e8d-519f84027972
warehouse_lot,176df9ba-e086-4e65-b29f-4029300364e0,Warehouse / Central stock,29fe19df-16d0-49ce-b81e-dfa787efafed,Opening (MoneyWorks),76.02,63.35,0.2,,2025-10-22,,,2026-08-08T07:51:36.974+00:00,,,,,,,,,,,,,,,,,,,materials,,29fe19df-16d0-49ce-b81e-dfa787efafed,e3de70f3-22e8-4026-8187-9512985d5402,104,,,System - 90kW Volkswagen (59),,,,,,,,,,,,,,f04d93d4-fb64-4e21-b009-81842c5d8d59
warehouse_lot,176df9ba-e086-4e65-b29f-4029300364e0,Warehouse / Central stock,6d2e2e42-43b0-4d96-97f6-ab9eae097c81,Opening (MoneyWorks),0.72,0.6,0.2,,2026-08-08,,,2026-08-08T07:51:36.974+00:00,,,,,,,,,,,,,,,,,,,materials,,6d2e2e42-43b0-4d96-97f6-ab9eae097c81,e72e4c74-7cbc-40ff-a0cc-26001f4b5893,2,,,System - 10kW Italy,,,,,,,,,,,,,,8764ceb8-c1d0-4147-8e8d-519f84027972
warehouse_lot,176df9ba-e086-4e65-b29f-4029300364e0,Warehouse / Central stock,c6b8bd24-f8d2-4ca6-afcd-ee0e1edf6aaf,Opening (MoneyWorks),1.5,1.25,0.2,,2026-08-08,,,2026-08-08T07:51:36.974+00:00,,,,,,,,,,,,,,,,,,,materials,,c6b8bd24-f8d2-4ca6-afcd-ee0e1edf6aaf,eba21406-3704-446d-9743-75d57d133146,2,,,System - 10kW Italy,,,,,,,,,,,,,,8764ceb8-c1d0-4147-8e8d-519f84027972
warehouse_lot,176df9ba-e086-4e65-b29f-4029300364e0,Warehouse / Central stock,b7ae5a5e-5461-4850-af2c-bb191863b721,Opening (MoneyWorks),4.86,4.05,0.2,,2026-01-20,,,2026-08-08T07:51:36.974+00:00,,,,,,,,,,,,,,,,,,,materials,,b7ae5a5e-5461-4850-af2c-bb191863b721,25cc9cb0-cdd9-4d16-bbfc-ea04f8674b80,4,,,System - 90kW Volkswagen (59),,,,,,,,,,,,,,
warehouse_lot,176df9ba-e086-4e65-b29f-4029300364e0,Warehouse / Central stock,7a676043-f2e4-4eb8-b772-b5c175f099bf,Opening (MoneyWorks),1.089048,0.91,0.2,,2025-10-10,,,2026-08-08T07:51:36.975+00:00,,,,,,,,,,,,,,,,,,,materials,,7a676043-f2e4-4eb8-b772-b5c175f099bf,71585fb6-c450-4c95-ac1b-60cbdb2c074c,18,,,System - 90kW Volkswagen (59),,,,,,,,,,,,,,f04d93d4-fb64-4e21-b009-81842c5d8d59
warehouse_lot,176df9ba-e086-4e65-b29f-4029300364e0,Warehouse / Central stock,01787983-60b2-48fa-a4ce-d9ff4596bb19,Opening (MoneyWorks),1.08,0.9,0.2,,2026-06-11,,,2026-08-08T07:51:36.975+00:00,,,,,,,,,,,,,,,,,,,materials,,01787983-60b2-48fa-a4ce-d9ff4596bb19,7f7b9f58-42a9-4a95-b44d-c422e6517ceb,182,,,System - 90kW Volkswagen (59),,,,,,,,,,,,,,f04d93d4-fb64-4e21-b009-81842c5d8d59
warehouse_lot,176df9ba-e086-4e65-b29f-4029300364e0,Warehouse / Central stock,dfc2acee-0783-48b2-b540-5c2576401345,Opening (MoneyWorks),15.67,13.06,0.2,,2026-01-21,,,2026-08-08T07:51:36.975+00:00,,,,,,,,,,,,,,,,,,,materials,,dfc2acee-0783-48b2-b540-5c2576401345,0f9c430a-a6f6-4ed1-b465-353ce9388d46,3,,,System - 90kW Volkswagen (59),,,,,,,,,,,,,,f04d93d4-fb64-4e21-b009-81842c5d8d59
warehouse_lot,176df9ba-e086-4e65-b29f-4029300364e0,Warehouse / Central stock,dfe4cffd-d355-4766-8dc8-9fecdfe9a324,Opening (MoneyWorks),0.7669349999999999,0.64,0.2,,2026-08-08,,,2026-08-08T07:51:36.975+00:00,,,,,,,,,,,,,,,,,,,materials,,dfe4cffd-d355-4766-8dc8-9fecdfe9a324,6d0dcb01-227e-4e2d-a0ed-cd47a44db44b,3,,,System - 10kW Italy,,,,,,,,,,,,,,8764ceb8-c1d0-4147-8e8d-519f84027972
warehouse_lot,176df9ba-e086-4e65-b29f-4029300364e0,Warehouse / Central stock,9a23b94b-9d3e-424d-990a-0d6c28735015,Opening (MoneyWorks),577.6145389999999,481.35,0.2,,2025-10-13,,,2026-08-08T07:51:36.975+00:00,,,,,,,,,,,,,,,,,,,materials,,9a23b94b-9d3e-424d-990a-0d6c28735015,9ffbf8b8-d24f-498e-afdc-b879dcdcf3da,1.5,,,System - 90kW Volkswagen (59),,,,,,,,,,,,,,f04d93d4-fb64-4e21-b009-81842c5d8d59
warehouse_lot,176df9ba-e086-4e65-b29f-4029300364e0,Warehouse / Central stock,6ff4659b-de6e-4880-956e-124911d5c712,Opening (MoneyWorks),4.32,3.6,0.2,,2026-01-21,,,2026-08-08T07:51:36.975+00:00,,,,,,,,,,,,,,,,,,,materials,,6ff4659b-de6e-4880-956e-124911d5c712,9a6e5593-5e70-486e-8a9c-5bca20c56ea3,6,,,System - 90kW Volkswagen (59),,,,,,,,,,,,,,f04d93d4-fb64-4e21-b009-81842c5d8d59
warehouse_lot,176df9ba-e086-4e65-b29f-4029300364e0,Warehouse / Central stock,44382c8d-7c2c-4df9-a7be-520fee1d7e00,Opening (MoneyWorks),111.23279999999998,92.69,0.2,,2025-10-22,,,2026-08-08T07:51:36.975+00:00,,,,,,,,,,,,,,,,,,,materials,,44382c8d-7c2c-4df9-a7be-520fee1d7e00,4f4a2d49-906e-4e14-bbe8-750b96a4fa5a,48,,,System - 90kW Volkswagen (59),,,,,,,,,,,,,,f04d93d4-fb64-4e21-b009-81842c5d8d59
warehouse_lot,176df9ba-e086-4e65-b29f-4029300364e0,Warehouse / Central stock,b3709490-fd7b-4f83-bc34-7ba824df520c,Opening (MoneyWorks),1.3498059999999998,1.12,0.2,,2025-09-19,,,2026-08-08T07:51:36.975+00:00,,,,,,,,,,,,,,,,,,,materials,,b3709490-fd7b-4f83-bc34-7ba824df520c,b74f836e-8a8e-4306-91bf-b2d0c8a0691f,2,,,System - 90kW Volkswagen (59),,,,,,,,,,,,,,f04d93d4-fb64-4e21-b009-81842c5d8d59
warehouse_lot,176df9ba-e086-4e65-b29f-4029300364e0,Warehouse / Central stock,1ab21613-aad3-4a6d-8250-d0220d2def2e,Opening (MoneyWorks),0.690241,0.58,0.2,,2025-08-22,,,2026-08-08T07:51:36.976+00:00,,,,,,,,,,,,,,,,,,,materials,,1ab21613-aad3-4a6d-8250-d0220d2def2e,ec3070b9-e20e-427e-8dfd-77505441c4b3,2,,,System - 90kW Volkswagen (59),,,,,,,,,,,,,,f04d93d4-fb64-4e21-b009-81842c5d8d59
warehouse_lot,176df9ba-e086-4e65-b29f-4029300364e0,Warehouse / Central stock,d5d73426-bf76-4a21-b4ff-a591c7bdfc65,Opening (MoneyWorks),3333.77,2778.14,0.2,,2026-01-22,,,2026-08-08T07:51:36.976+00:00,,,,,,,,,,,,,,,,,,,materials,,d5d73426-bf76-4a21-b4ff-a591c7bdfc65,4e6b69fc-c186-4d41-b3b0-67b986c1b568,1,,,System - 90kW Volkswagen (59),,,,,,,,,,,,,,
warehouse_lot,176df9ba-e086-4e65-b29f-4029300364e0,Warehouse / Central stock,f9af6d7e-25ad-472b-b04b-2af3db6a73d2,Opening (MoneyWorks),1.3,1.08,0.2,,2026-02-12,,,2026-08-08T07:51:36.976+00:00,,,,,,,,,,,,,,,,,,,materials,,f9af6d7e-25ad-472b-b04b-2af3db6a73d2,5fe29224-8b38-4393-bd56-3c9c067b027a,3,,,System - 90kW Volkswagen (59),,,,,,,,,,,,,,f04d93d4-fb64-4e21-b009-81842c5d8d59
warehouse_lot,176df9ba-e086-4e65-b29f-4029300364e0,Warehouse / Central stock,e21ebbcc-4b7c-4828-a33f-cb04818eafda,Opening (MoneyWorks),5.879835,4.9,0.2,,2025-09-04,,,2026-08-08T07:51:36.976+00:00,,,,,,,,,,,,,,,,,,,materials,,e21ebbcc-4b7c-4828-a33f-cb04818eafda,4db39e2e-c176-4477-9486-6ffab6ebb4e1,3.4,,,0. СКЛАД - ОСНОВЕН,,,,,,,,,,,,,,
warehouse_lot,176df9ba-e086-4e65-b29f-4029300364e0,Warehouse / Central stock,1499bdfc-d426-4e66-aab1-bd7e0f79cd6c,Opening (MoneyWorks),2.670207,2.23,0.2,,2026-08-08,,,2026-08-08T07:51:36.977+00:00,,,,,,,,,,,,,,,,,,,materials,,1499bdfc-d426-4e66-aab1-bd7e0f79cd6c,19ccef49-5a8d-410d-823f-8e2a307b9def,19.5,,,0. СКЛАД - ОСНОВЕН,,,,,,,,,,,,,,
warehouse_lot,176df9ba-e086-4e65-b29f-4029300364e0,Warehouse / Central stock,a5cc60de-ae69-416c-bf1c-1cc82d87b70b,Opening (MoneyWorks),1.953128,1.63,0.2,,2026-08-08,,,2026-08-08T07:51:36.977+00:00,,,,,,,,,,,,,,,,,,,materials,,a5cc60de-ae69-416c-bf1c-1cc82d87b70b,fbfe09d1-1f1d-4aa2-bceb-b89f85897b66,5.93,,,0. СКЛАД - ОСНОВЕН,,,,,,,,,,,,,,
warehouse_lot,176df9ba-e086-4e65-b29f-4029300364e0,Warehouse / Central stock,666eb5b5-a85f-486d-9a73-bf36f3ce3b94,Opening (MoneyWorks),230.27479,191.9,0.2,,2025-10-13,,,2026-08-08T07:51:36.977+00:00,,,,,,,,,,,,,,,,,,,materials,,666eb5b5-a85f-486d-9a73-bf36f3ce3b94,ddb9046f-a760-46cb-8084-da36cf8a2345,150,,,0. СКЛАД - ОСНОВЕН,,,,,,,,,,,,,,
warehouse_lot,176df9ba-e086-4e65-b29f-4029300364e0,Warehouse / Central stock,541a0d61-73a1-461f-9538-568d7133b4b0,Opening (MoneyWorks),2.132079,1.78,0.2,,2026-08-08,,,2026-08-08T07:51:36.977+00:00,,,,,,,,,,,,,,,,,,,materials,,541a0d61-73a1-461f-9538-568d7133b4b0,f564e633-1f62-4f43-8898-3a50b5f2d6fd,28.299999999999997,,,0. СКЛАД - ОСНОВЕН,,,,,,,,,,,,,,
warehouse_lot,176df9ba-e086-4e65-b29f-4029300364e0,Warehouse / Central stock,4f21fdac-e0ce-446c-898f-6008c4648be3,Opening (MoneyWorks),2.478979,2.07,0.2,,2026-08-08,,,2026-08-08T07:51:36.977+00:00,,,,,,,,,,,,,,,,,,,materials,,4f21fdac-e0ce-446c-898f-6008c4648be3,2adb4d25-1bb2-4c4d-9193-56919b2d5014,90,,,0. СКЛАД - ОСНОВЕН,,,,,,,,,,,,,,
warehouse_lot,176df9ba-e086-4e65-b29f-4029300364e0,Warehouse / Central stock,79e872be-f96d-490b-a7ae-31f5727a378e,Opening (MoneyWorks),5.49,4.58,0.2,,2026-05-25,,,2026-08-08T07:51:36.978+00:00,,,,,,,,,,,,,,,,,,,materials,,79e872be-f96d-490b-a7ae-31f5727a378e,bd61413d-4c7f-434d-9f88-60580a5a4b67,32,,,0. СКЛАД - ОСНОВЕН,,,,,,,,,,,,,,
warehouse_lot,176df9ba-e086-4e65-b29f-4029300364e0,Warehouse / Central stock,7ee5197a-f367-4ca5-9dfa-c89651959e52,Opening (MoneyWorks),1.649,1.37,0.2,,2026-02-24,,,2026-08-08T07:51:36.978+00:00,,,,,,,,,,,,,,,,,,,materials,,7ee5197a-f367-4ca5-9dfa-c89651959e52,e138029f-cbe5-4995-ab9a-e70e9f242f28,6,,,System - 10kW Italy,,,,,,,,,,,,,,8764ceb8-c1d0-4147-8e8d-519f84027972
warehouse_lot,176df9ba-e086-4e65-b29f-4029300364e0,Warehouse / Central stock,32eceba9-ad41-4858-a935-6cb0e4cb6849,Opening (MoneyWorks),0,0,0.2,,2026-08-08,,,2026-08-08T07:51:36.978+00:00,,,,,,,,,,,,,,,,,,,materials,,32eceba9-ad41-4858-a935-6cb0e4cb6849,38fe0238-a91c-44f3-be63-b5b0f16ba3e3,4.63,,,0. СКЛАД - ОСНОВЕН,,,,,,,,,,,,,,
warehouse_lot,176df9ba-e086-4e65-b29f-4029300364e0,Warehouse / Central stock,ef5f00d5-efe3-42d8-8627-07bcd0935512,Opening (MoneyWorks),8.615237,7.18,0.2,,2025-09-19,,,2026-08-08T07:51:36.978+00:00,,,,,,,,,,,,,,,,,,,materials,,ef5f00d5-efe3-42d8-8627-07bcd0935512,444d4025-51d1-4e70-b064-f0ec9c003882,43,,,0. СКЛАД - ОСНОВЕН,,,,,,,,,,,,,,
warehouse_lot,176df9ba-e086-4e65-b29f-4029300364e0,Warehouse / Central stock,0d441fac-8a95-46bf-a309-627333bd1778,Opening (MoneyWorks),191.66,159.72,0.2,,2026-04-08,,,2026-08-08T07:51:36.978+00:00,,,,,,,,,,,,,,,,,,,materials,,0d441fac-8a95-46bf-a309-627333bd1778,1e55c8f8-fb8a-421b-8c58-d8ed9ff3e09e,2,,,System - 90kW Volkswagen (59),,,,,,,,,,,,,,
warehouse_lot,176df9ba-e086-4e65-b29f-4029300364e0,Warehouse / Central stock,20238570-ed54-48d0-900c-0ada36207f76,Opening (MoneyWorks),12.63,10.53,0.2,,2026-08-08,,,2026-08-08T07:51:36.978+00:00,,,,,,,,,,,,,,,,,,,materials,,20238570-ed54-48d0-900c-0ada36207f76,7f15408d-feda-47dc-875e-44ed85541562,1,,,0. СКЛАД - ОСНОВЕН,,,,,,,,,,,,,,
warehouse_lot,176df9ba-e086-4e65-b29f-4029300364e0,Warehouse / Central stock,f2054359-9c4e-404e-badc-4d0c65ec269b,Opening (MoneyWorks),48.137952999999996,40.11,0.2,,2026-08-08,,,2026-08-08T07:51:36.978+00:00,,,,,,,,,,,,,,,,,,,materials,,f2054359-9c4e-404e-badc-4d0c65ec269b,b8d1dbf1-5388-4682-b011-3fdcdfd416e8,180,,,0. СКЛАД - ОСНОВЕН,,,,,,,,,,,,,,
warehouse_lot,176df9ba-e086-4e65-b29f-4029300364e0,Warehouse / Central stock,5e8d79c2-7379-429f-a39b-a56ba9a82174,Opening (MoneyWorks),2.766079,2.31,0.2,,2025-09-19,,,2026-08-08T07:51:36.978+00:00,,,,,,,,,,,,,,,,,,,materials,,5e8d79c2-7379-429f-a39b-a56ba9a82174,5f7dd31a-43d2-4d03-bfe7-ba78aff1ba90,10,,,0. СКЛАД - ОСНОВЕН,,,,,,,,,,,,,,
warehouse_lot,176df9ba-e086-4e65-b29f-4029300364e0,Warehouse / Central stock,299dbc30-9aed-4eac-9812-be83cc9ef08c,Opening (MoneyWorks),11.015077999999999,9.18,0.2,,2025-09-19,,,2026-08-08T07:51:36.978+00:00,,,,,,,,,,,,,,,,,,,materials,,299dbc30-9aed-4eac-9812-be83cc9ef08c,cfb64a71-329a-44f3-8d43-1824d0881177,143,,,0. СКЛАД - ОСНОВЕН,,,,,,,,,,,,,,
warehouse_lot,176df9ba-e086-4e65-b29f-4029300364e0,Warehouse / Central stock,403da998-2b86-42d5-8bbb-90689acaac4d,Opening (MoneyWorks),2.36,1.97,0.2,,2026-02-09,,,2026-08-08T07:51:36.978+00:00,,,,,,,,,,,,,,,,,,,materials,,403da998-2b86-42d5-8bbb-90689acaac4d,84bc8cd2-bef1-49e6-a5ac-352124a675ad,0.18,,,0. СКЛАД - ОСНОВЕН,,,,,,,,,,,,,,
warehouse_lot,176df9ba-e086-4e65-b29f-4029300364e0,Warehouse / Central stock,8c0b417d-f0ec-4207-af34-81c8f95a5392,Opening (MoneyWorks),2.96,2.47,0.2,,2026-04-16,,,2026-08-08T07:51:36.978+00:00,,,,,,,,,,,,,,,,,,,materials,,8c0b417d-f0ec-4207-af34-81c8f95a5392,3d5c6f4b-04e5-4058-8ce4-5395fe593245,6,,,System - 10kW Italy,,,,,,,,,,,,,,
warehouse_lot,176df9ba-e086-4e65-b29f-4029300364e0,Warehouse / Central stock,de243f27-4058-4690-b907-d7e63c5a9374,Opening (MoneyWorks),0,0,0.2,,2026-08-08,,,2026-08-08T07:51:36.978+00:00,,,,,,,,,,,,,,,,,,,materials,,de243f27-4058-4690-b907-d7e63c5a9374,fdf72319-0dd1-420c-b3fa-ffa22a01c9b6,5,,,System - 10kW Italy,,,,,,,,,,,,,,8764ceb8-c1d0-4147-8e8d-519f84027972
warehouse_lot,176df9ba-e086-4e65-b29f-4029300364e0,Warehouse / Central stock,92df5210-b63b-458b-bcbf-bb1cff2bb125,Opening (MoneyWorks),44.87,37.39,0.2,,2025-12-15,,,2026-08-08T07:51:36.978+00:00,,,,,,,,,,,,,,,,,,,materials,,92df5210-b63b-458b-bcbf-bb1cff2bb125,26da947c-cf9d-4fb4-b5b7-5fc444a1bb1e,1,,,System - 10kW Italy,,,,,,,,,,,,,,8764ceb8-c1d0-4147-8e8d-519f84027972
warehouse_lot,176df9ba-e086-4e65-b29f-4029300364e0,Warehouse / Central stock,3c5f22ca-7f35-4f5c-8bc2-573c48e441c8,Opening (MoneyWorks),29.512680999999997,24.59,0.2,,2025-09-19,,,2026-08-08T07:51:36.979+00:00,,,,,,,,,,,,,,,,,,,materials,,3c5f22ca-7f35-4f5c-8bc2-573c48e441c8,ea56ee2e-5f61-4a7f-b5ef-67e2d832f867,6,,,0. СКЛАД - ОСНОВЕН,,,,,,,,,,,,,,
warehouse_lot,176df9ba-e086-4e65-b29f-4029300364e0,Warehouse / Central stock,b9bc786d-df20-44a8-817c-23d867bcfef4,Opening (MoneyWorks),379.755535,316.46,0.2,,2025-09-12,,,2026-08-08T07:51:36.979+00:00,,,,,,,,,,,,,,,,,,,materials,,b9bc786d-df20-44a8-817c-23d867bcfef4,161c05b5-3b56-46f6-815b-87e4dd3da385,2,,,0. СКЛАД - ОСНОВЕН,,,,,,,,,,,,,,
warehouse_lot,176df9ba-e086-4e65-b29f-4029300364e0,Warehouse / Central stock,83c66011-87a7-426d-9b66-28e30ec91791,Opening (MoneyWorks),14.81,12.34,0.2,,2026-06-11,,,2026-08-08T07:51:36.979+00:00,,,,,,,,,,,,,,,,,,,materials,,83c66011-87a7-426d-9b66-28e30ec91791,3d7335a3-e385-41a5-b9ad-0a4554591b3d,16,,,0. СКЛАД - ОСНОВЕН,,,,,,,,,,,,,,
warehouse_lot,176df9ba-e086-4e65-b29f-4029300364e0,Warehouse / Central stock,de40d342-6894-46f7-85c4-39f816ef8036,Opening (MoneyWorks),274.58,228.82,0.2,,2026-03-31,,,2026-08-08T07:51:36.979+00:00,,,,,,,,,,,,,,,,,,,materials,,de40d342-6894-46f7-85c4-39f816ef8036,0ab42716-04dd-4697-b1d4-5196544df3b8,6,,,0. СКЛАД - ОСНОВЕН,,,,,,,,,,,,,,
warehouse_lot,176df9ba-e086-4e65-b29f-4029300364e0,Warehouse / Central stock,c7f273c5-4810-4631-8a86-8389a597abf9,Opening (MoneyWorks),32.456689,27.05,0.2,,2025-09-19,,,2026-08-08T07:51:36.979+00:00,,,,,,,,,,,,,,,,,,,materials,,c7f273c5-4810-4631-8a86-8389a597abf9,b4bc822f-809c-4338-a578-5542112b43cc,6,,,0. СКЛАД - ОСНОВЕН,,,,,,,,,,,,,,
warehouse_lot,176df9ba-e086-4e65-b29f-4029300364e0,Warehouse / Central stock,69af46fd-9daa-4ace-9afe-60269ee01c9d,Opening (MoneyWorks),1.08,0.9,0.2,,2026-06-11,,,2026-08-08T07:51:36.979+00:00,,,,,,,,,,,,,,,,,,,materials,,69af46fd-9daa-4ace-9afe-60269ee01c9d,7f7b9f58-42a9-4a95-b44d-c422e6517ceb,1,,,0. СКЛАД - ОСНОВЕН,,,,,,,,,,,,,,
warehouse_lot,176df9ba-e086-4e65-b29f-4029300364e0,Warehouse / Central stock,7bab0a14-b1cb-4fb8-a785-a23c94886f77,Opening (MoneyWorks),5.4,4.5,0.2,,2026-06-25,,,2026-08-08T07:51:36.979+00:00,,,,,,,,,,,,,,,,,,,materials,,7bab0a14-b1cb-4fb8-a785-a23c94886f77,0d7ef102-854a-4286-9dc2-71df16947b37,93,,,0. СКЛАД - ОСНОВЕН,,,,,,,,,,,,,,
warehouse_lot,176df9ba-e086-4e65-b29f-4029300364e0,Warehouse / Central stock,c1dd0582-c293-4bdd-81fe-9a62e47decde,Opening (MoneyWorks),1.089048,0.91,0.2,,2025-10-10,,,2026-08-08T07:51:36.98+00:00,,,,,,,,,,,,,,,,,,,materials,,c1dd0582-c293-4bdd-81fe-9a62e47decde,71585fb6-c450-4c95-ac1b-60cbdb2c074c,17,,,0. СКЛАД - ОСНОВЕН,,,,,,,,,,,,,,
warehouse_lot,176df9ba-e086-4e65-b29f-4029300364e0,Warehouse / Central stock,a96f376e-ffe3-4131-bd1b-d0650377d56b,Opening (MoneyWorks),438.664579,365.55,0.2,,2025-09-12,,,2026-08-08T07:51:36.98+00:00,,,,,,,,,,,,,,,,,,,materials,,a96f376e-ffe3-4131-bd1b-d0650377d56b,3e54da5c-15af-4664-8a18-4394edb645d1,3,,,0. СКЛАД - ОСНОВЕН,,,,,,,,,,,,,,
warehouse_lot,176df9ba-e086-4e65-b29f-4029300364e0,Warehouse / Central stock,1d4f6be6-d3dd-498d-b3cc-bac730f22ba0,Opening (MoneyWorks),2.157644,1.8,0.2,,2025-09-19,,,2026-08-08T07:51:36.98+00:00,,,,,,,,,,,,,,,,,,,materials,,1d4f6be6-d3dd-498d-b3cc-bac730f22ba0,37a2fb27-75b6-4eb5-967d-64a44e60c15a,29,,,0. СКЛАД - ОСНОВЕН,,,,,,,,,,,,,,
warehouse_lot,176df9ba-e086-4e65-b29f-4029300364e0,Warehouse / Central stock,f6abc23c-00f0-43df-a0fb-fa7fbf1b9429,Opening (MoneyWorks),10.467385,8.72,0.2,,2025-09-11,,,2026-08-08T07:51:36.98+00:00,,,,,,,,,,,,,,,,,,,materials,,f6abc23c-00f0-43df-a0fb-fa7fbf1b9429,66f205f3-7fe9-4207-983b-ea44c660e62b,10,,,0. СКЛАД - ОСНОВЕН,,,,,,,,,,,,,,
warehouse_lot,176df9ba-e086-4e65-b29f-4029300364e0,Warehouse / Central stock,24699200-cbfc-48df-99ed-3452db044df1,Opening (MoneyWorks),191.7,159.75,0.2,,2026-03-31,,,2026-08-08T07:51:36.98+00:00,,,,,,,,,,,,,,,,,,,materials,,24699200-cbfc-48df-99ed-3452db044df1,f0ab0ce0-f000-438c-bd36-852d2d0f510f,16,,,0. СКЛАД - ОСНОВЕН,,,,,,,,,,,,,,
warehouse_lot,176df9ba-e086-4e65-b29f-4029300364e0,Warehouse / Central stock,d8ab0d56-0edf-4d82-84bf-442526ceb72e,Opening (MoneyWorks),10.467385,8.72,0.2,,2025-09-11,,,2026-08-08T07:51:36.98+00:00,,,,,,,,,,,,,,,,,,,materials,,d8ab0d56-0edf-4d82-84bf-442526ceb72e,d77bc561-4294-45af-bf36-6bfbb5ca024c,14,,,0. СКЛАД - ОСНОВЕН,,,,,,,,,,,,,,
warehouse_lot,176df9ba-e086-4e65-b29f-4029300364e0,Warehouse / Central stock,9a053c64-9b2a-498d-b98e-cd72e904b814,Opening (MoneyWorks),582.24,485.2,0.2,,2026-05-14,,,2026-08-08T07:51:36.98+00:00,,,,,,,,,,,,,,,,,,,materials,,9a053c64-9b2a-498d-b98e-cd72e904b814,cbc19381-1170-4d5d-b8ea-c60e2e5569dc,7,,,0. СКЛАД - ОСНОВЕН,,,,,,,,,,,,,,
warehouse_lot,176df9ba-e086-4e65-b29f-4029300364e0,Warehouse / Central stock,00851eca-bced-4cc1-b5c8-f49ea8cb5541,Opening (MoneyWorks),247.14736,205.96,0.2,,2025-09-12,,,2026-08-08T07:51:36.98+00:00,,,,,,,,,,,,,,,,,,,materials,,00851eca-bced-4cc1-b5c8-f49ea8cb5541,c6f7470b-75e3-4b8e-9b2a-c43da8600367,1,,,0. СКЛАД - ОСНОВЕН,,,,,,,,,,,,,,
warehouse_lot,176df9ba-e086-4e65-b29f-4029300364e0,Warehouse / Central stock,70107c32-be4e-43e1-8b33-0f3738867c30,Opening (MoneyWorks),3.53,2.94,0.2,,2025-09-19,,,2026-08-08T07:51:36.98+00:00,,,,,,,,,,,,,,,,,,,materials,,70107c32-be4e-43e1-8b33-0f3738867c30,c848651c-083f-435c-9ce1-6dfc1ed16a37,109,,,0. СКЛАД - ОСНОВЕН,,,,,,,,,,,,,,
warehouse_lot,176df9ba-e086-4e65-b29f-4029300364e0,Warehouse / Central stock,beb26c92-3156-4779-b157-51d143d1f957,Opening (MoneyWorks),485.2,404.33,0.2,,2026-06-11,,,2026-08-08T07:51:36.98+00:00,,,,,,,,,,,,,,,,,,,materials,,beb26c92-3156-4779-b157-51d143d1f957,7cad59b4-90af-40ba-b55a-026dc32c43b9,4,,,0. СКЛАД - ОСНОВЕН,,,,,,,,,,,,,,
warehouse_lot,176df9ba-e086-4e65-b29f-4029300364e0,Warehouse / Central stock,f4bc24b0-c71e-4ce4-a0de-704fc648753e,Opening (MoneyWorks),0.935661,0.78,0.2,,2026-08-08,,,2026-08-08T07:51:36.981+00:00,,,,,,,,,,,,,,,,,,,materials,,f4bc24b0-c71e-4ce4-a0de-704fc648753e,e8d1a9e0-d1a2-44b7-b5b5-73fbb229feee,54,,,0. СКЛАД - ОСНОВЕН,,,,,,,,,,,,,,
warehouse_lot,176df9ba-e086-4e65-b29f-4029300364e0,Warehouse / Central stock,8a4eb3c8-e35a-4831-95a5-7aa029582f66,Opening (MoneyWorks),2.781418,2.32,0.2,,2025-09-19,,,2026-08-08T07:51:36.981+00:00,,,,,,,,,,,,,,,,,,,materials,,8a4eb3c8-e35a-4831-95a5-7aa029582f66,26f43ce9-2bc8-409a-84b2-91e2cbefadfc,21,,,0. СКЛАД - ОСНОВЕН,,,,,,,,,,,,,,
warehouse_lot,176df9ba-e086-4e65-b29f-4029300364e0,Warehouse / Central stock,362d1c33-eecb-4ea0-b1a3-6c32cbf53992,Opening (MoneyWorks),53.378676,44.48,0.2,,2025-09-03,,,2026-08-08T07:51:36.981+00:00,,,,,,,,,,,,,,,,,,,materials,,362d1c33-eecb-4ea0-b1a3-6c32cbf53992,195a44dc-e12d-4e98-a138-b7aade08b50e,6,,,0. СКЛАД - ОСНОВЕН,,,,,,,,,,,,,,
warehouse_lot,176df9ba-e086-4e65-b29f-4029300364e0,Warehouse / Central stock,da2eae8d-ab79-4af6-8d17-c1423daf515e,Opening (MoneyWorks),2.97,2.48,0.2,,2025-09-19,,,2026-08-08T07:51:36.981+00:00,,,,,,,,,,,,,,,,,,,materials,,da2eae8d-ab79-4af6-8d17-c1423daf515e,2fc67d4b-e099-446c-8491-a35be867f68f,10,,,0. СКЛАД - ОСНОВЕН,,,,,,,,,,,,,,
warehouse_lot,176df9ba-e086-4e65-b29f-4029300364e0,Warehouse / Central stock,1d566ae9-c642-4c3d-9347-30eda80bc010,Opening (MoneyWorks),0.690241,0.58,0.2,,2025-08-22,,,2026-08-08T07:51:36.981+00:00,,,,,,,,,,,,,,,,,,,materials,,1d566ae9-c642-4c3d-9347-30eda80bc010,ec3070b9-e20e-427e-8dfd-77505441c4b3,2,,,0. СКЛАД - ОСНОВЕН,,,,,,,,,,,,,,
warehouse_lot,176df9ba-e086-4e65-b29f-4029300364e0,Warehouse / Central stock,bd75f28c-4d06-41e4-b173-0f78e77e2da5,Opening (MoneyWorks),0.245419,0.2,0.2,,2025-12-17,,,2026-08-08T07:51:36.981+00:00,,,,,,,,,,,,,,,,,,,materials,,bd75f28c-4d06-41e4-b173-0f78e77e2da5,67ec463d-6c54-477e-b525-13e5309ff75c,220,,,0. СКЛАД - ОСНОВЕН,,,,,,,,,,,,,,
warehouse_lot,176df9ba-e086-4e65-b29f-4029300364e0,Warehouse / Central stock,17653bb9-1cd1-4c51-9acd-2310a0b94a9b,Opening (MoneyWorks),1.840644,1.53,0.2,,2025-08-22,,,2026-08-08T07:51:36.981+00:00,,,,,,,,,,,,,,,,,,,materials,,17653bb9-1cd1-4c51-9acd-2310a0b94a9b,335ef944-3dd2-4caf-afef-00cf8ad6ee72,4,,,0. СКЛАД - ОСНОВЕН,,,,,,,,,,,,,,
warehouse_lot,176df9ba-e086-4e65-b29f-4029300364e0,Warehouse / Central stock,9b209775-2f23-4871-9322-a6c7c092b1ad,Opening (MoneyWorks),0.7822739999999999,0.65,0.2,,2026-08-08,,,2026-08-08T07:51:36.981+00:00,,,,,,,,,,,,,,,,,,,materials,,9b209775-2f23-4871-9322-a6c7c092b1ad,4854d530-713c-44e4-9ea3-0033b0900303,12,,,0. СКЛАД - ОСНОВЕН,,,,,,,,,,,,,,
warehouse_lot,176df9ba-e086-4e65-b29f-4029300364e0,Warehouse / Central stock,f71b8b18-31ef-4031-96dd-fefca1df45eb,Opening (MoneyWorks),0.7669349999999999,0.64,0.2,,2026-08-08,,,2026-08-08T07:51:36.981+00:00,,,,,,,,,,,,,,,,,,,materials,,f71b8b18-31ef-4031-96dd-fefca1df45eb,6d0dcb01-227e-4e2d-a0ed-cd47a44db44b,23,,,0. СКЛАД - ОСНОВЕН,,,,,,,,,,,,,,
warehouse_lot,176df9ba-e086-4e65-b29f-4029300364e0,Warehouse / Central stock,3ade4d09-ea1c-4cee-8e5c-57be20994838,Opening (MoneyWorks),0.301661,0.25,0.2,,2026-02-16,,,2026-08-08T07:51:36.981+00:00,,,,,,,,,,,,,,,,,,,materials,,3ade4d09-ea1c-4cee-8e5c-57be20994838,a110a27c-f9d1-4a06-a7e6-2faeee2b4c07,126,,,0. СКЛАД - ОСНОВЕН,,,,,,,,,,,,,,
warehouse_lot,176df9ba-e086-4e65-b29f-4029300364e0,Warehouse / Central stock,b920b6bb-dcad-40cf-b92b-359be739770b,Opening (MoneyWorks),0,0,0.2,,2026-08-08,,,2026-08-08T07:51:36.981+00:00,,,,,,,,,,,,,,,,,,,materials,,b920b6bb-dcad-40cf-b92b-359be739770b,38fe0238-a91c-44f3-be63-b5b0f16ba3e3,4.63,,,System - 60kW Brikel (60),,,,,,,,,,,,,,c7e70934-c398-4b1e-a6f4-e67553203629
warehouse_lot,176df9ba-e086-4e65-b29f-4029300364e0,Warehouse / Central stock,dc4ae890-80dc-4d0c-8c61-54fe6848364f,Opening (MoneyWorks),1.3498059999999998,1.12,0.2,,2025-09-19,,,2026-08-08T07:51:36.981+00:00,,,,,,,,,,,,,,,,,,,materials,,dc4ae890-80dc-4d0c-8c61-54fe6848364f,b74f836e-8a8e-4306-91bf-b2d0c8a0691f,74,,,0. СКЛАД - ОСНОВЕН,,,,,,,,,,,,,,
warehouse_lot,176df9ba-e086-4e65-b29f-4029300364e0,Warehouse / Central stock,e816db53-6a0e-4233-b21c-82fb1202c897,Opening (MoneyWorks),3.2620299999999998,2.72,0.2,,2025-09-19,,,2026-08-08T07:51:36.981+00:00,,,,,,,,,,,,,,,,,,,materials,,e816db53-6a0e-4233-b21c-82fb1202c897,d6045b9a-bea6-4486-bef7-4bbbb7fa080d,10,,,0. СКЛАД - ОСНОВЕН,,,,,,,,,,,,,,
warehouse_lot,176df9ba-e086-4e65-b29f-4029300364e0,Warehouse / Central stock,b7904ef4-f23c-4a72-8cba-0f1e174183d7,Opening (MoneyWorks),3.5483529999999996,2.96,0.2,,2026-08-08,,,2026-08-08T07:51:36.981+00:00,,,,,,,,,,,,,,,,,,,materials,,b7904ef4-f23c-4a72-8cba-0f1e174183d7,6f898074-9a79-4604-b78b-bd87c702b152,8,,,0. СКЛАД - ОСНОВЕН,,,,,,,,,,,,,,
warehouse_lot,176df9ba-e086-4e65-b29f-4029300364e0,Warehouse / Central stock,819b78f2-4ee3-49f4-8c5e-8cde240c73f6,Opening (MoneyWorks),4.172126,3.48,0.2,,2025-09-19,,,2026-08-08T07:51:36.981+00:00,,,,,,,,,,,,,,,,,,,materials,,819b78f2-4ee3-49f4-8c5e-8cde240c73f6,e6183399-4252-4113-a0d0-418f965b511a,4,,,0. СКЛАД - ОСНОВЕН,,,,,,,,,,,,,,
warehouse_lot,176df9ba-e086-4e65-b29f-4029300364e0,Warehouse / Central stock,5411b3be-020e-4c53-aaec-484058d0801e,Opening (MoneyWorks),0.761822,0.63,0.2,,2025-09-19,,,2026-08-08T07:51:36.981+00:00,,,,,,,,,,,,,,,,,,,materials,,5411b3be-020e-4c53-aaec-484058d0801e,7863838d-e3e2-4c25-92bb-16bd84a9e9c3,40,,,0. СКЛАД - ОСНОВЕН,,,,,,,,,,,,,,
warehouse_lot,176df9ba-e086-4e65-b29f-4029300364e0,Warehouse / Central stock,19827a04-7376-41d6-aab3-dd0be459faba,Opening (MoneyWorks),0.32,0.27,0.2,,2026-02-16,,,2026-08-08T07:51:36.982+00:00,,,,,,,,,,,,,,,,,,,materials,,19827a04-7376-41d6-aab3-dd0be459faba,b3fe1a5c-5419-4573-a38b-2b4630a54df0,167,,,0. СКЛАД - ОСНОВЕН,,,,,,,,,,,,,,
warehouse_lot,176df9ba-e086-4e65-b29f-4029300364e0,Warehouse / Central stock,42340ca2-0ddb-4fc5-adcc-82d2881ae6af,Opening (MoneyWorks),0.01,0.01,0.2,,2026-02-16,,,2026-08-08T07:51:36.982+00:00,,,,,,,,,,,,,,,,,,,materials,,42340ca2-0ddb-4fc5-adcc-82d2881ae6af,b0c726b3-87b2-4aa5-bfe4-a83f23397e7b,204,,,0. СКЛАД - ОСНОВЕН,,,,,,,,,,,,,,
warehouse_lot,176df9ba-e086-4e65-b29f-4029300364e0,Warehouse / Central stock,3e0a8c52-3af5-4a74-abf2-0a2fec154f4e,Opening (MoneyWorks),167.754249,139.8,0.2,,2026-01-19,,,2026-08-08T07:51:36.982+00:00,,,,,,,,,,,,,,,,,,,materials,,3e0a8c52-3af5-4a74-abf2-0a2fec154f4e,60f4e83f-76fb-4477-9733-03b4d3af8354,6,,,0. СКЛАД - ОСНОВЕН,,,,,,,,,,,,,,
warehouse_lot,176df9ba-e086-4e65-b29f-4029300364e0,Warehouse / Central stock,247dc38c-cb32-4ca3-ae30-b26a815de737,Opening (MoneyWorks),0.040852,0.03,0.2,,2026-02-16,,,2026-08-08T07:51:36.982+00:00,,,,,,,,,,,,,,,,,,,materials,,247dc38c-cb32-4ca3-ae30-b26a815de737,92c49414-c437-4a3b-b1c1-64c7b4da160f,82,,,0. СКЛАД - ОСНОВЕН,,,,,,,,,,,,,,
warehouse_lot,176df9ba-e086-4e65-b29f-4029300364e0,Warehouse / Central stock,b43ba020-ae73-4416-a929-f7af0e3adeb9,Opening (MoneyWorks),0.13,0.11,0.2,,2026-04-16,,,2026-08-08T07:51:36.982+00:00,,,,,,,,,,,,,,,,,,,materials,,b43ba020-ae73-4416-a929-f7af0e3adeb9,88832ffe-a557-4463-b732-92c405ad65c6,235,,,0. СКЛАД - ОСНОВЕН,,,,,,,,,,,,,,
warehouse_lot,176df9ba-e086-4e65-b29f-4029300364e0,Warehouse / Central stock,24b9d261-2081-49cd-bacc-1ba9bf814dac,Opening (MoneyWorks),0.01,0.01,0.2,,2026-08-08,,,2026-08-08T07:51:36.982+00:00,,,,,,,,,,,,,,,,,,,materials,,24b9d261-2081-49cd-bacc-1ba9bf814dac,4550679b-678b-44f3-bfc8-818ddc932509,341,,,0. СКЛАД - ОСНОВЕН,,,,,,,,,,,,,,
warehouse_lot,176df9ba-e086-4e65-b29f-4029300364e0,Warehouse / Central stock,f5645184-07be-4300-9aaa-65cb3a999728,Opening (MoneyWorks),3233.29,2694.41,0.2,,2025-10-08,,,2026-08-08T07:51:36.982+00:00,,,,,,,,,,,,,,,,,,,materials,,f5645184-07be-4300-9aaa-65cb3a999728,cf8efb68-0cd1-4a3e-8202-14337c38b4fc,3,,,0. СКЛАД - ОСНОВЕН,,,,,,,,,,,,,,
warehouse_lot,176df9ba-e086-4e65-b29f-4029300364e0,Warehouse / Central stock,63d1888e-4de4-4cfc-9028-74e17952050f,Opening (MoneyWorks),0.12,0.1,0.2,,2026-02-16,,,2026-08-08T07:51:36.982+00:00,,,,,,,,,,,,,,,,,,,materials,,63d1888e-4de4-4cfc-9028-74e17952050f,6a2d30eb-2727-4a27-a9e4-f5da763eb8c5,32,,,0. СКЛАД - ОСНОВЕН,,,,,,,,,,,,,,
warehouse_lot,176df9ba-e086-4e65-b29f-4029300364e0,Warehouse / Central stock,2660de71-12af-4d76-965b-72e9ec85482b,Opening (MoneyWorks),0.01,0.01,0.2,,2026-02-16,,,2026-08-08T07:51:36.982+00:00,,,,,,,,,,,,,,,,,,,materials,,2660de71-12af-4d76-965b-72e9ec85482b,ce67e0f5-e014-492c-9615-1eefde4273c3,129,,,0. СКЛАД - ОСНОВЕН,,,,,,,,,,,,,,
warehouse_lot,176df9ba-e086-4e65-b29f-4029300364e0,Warehouse / Central stock,f66f4352-5dd7-4e4a-838b-10e93a2813c7,Opening (MoneyWorks),0.03,0.03,0.2,,2026-03-27,,,2026-08-08T07:51:36.982+00:00,,,,,,,,,,,,,,,,,,,materials,,f66f4352-5dd7-4e4a-838b-10e93a2813c7,a1865f1b-6ab2-4931-bbf0-d798b9cc4fcc,171,,,0. СКЛАД - ОСНОВЕН,,,,,,,,,,,,,,
warehouse_lot,176df9ba-e086-4e65-b29f-4029300364e0,Warehouse / Central stock,c6c98efd-4782-4bfa-bf78-bc09af4519d1,Opening (MoneyWorks),0.025564999999999997,0.02,0.2,,2026-04-16,,,2026-08-08T07:51:36.982+00:00,,,,,,,,,,,,,,,,,,,materials,,c6c98efd-4782-4bfa-bf78-bc09af4519d1,936af4f6-2092-49ee-bbf4-b4723371e12d,957,,,0. СКЛАД - ОСНОВЕН,,,,,,,,,,,,,,
warehouse_lot,176df9ba-e086-4e65-b29f-4029300364e0,Warehouse / Central stock,4d556b30-bbe8-43f7-87bb-a37d1edca024,Opening (MoneyWorks),0.1585,0.13,0.2,,2026-02-16,,,2026-08-08T07:51:36.982+00:00,,,,,,,,,,,,,,,,,,,materials,,4d556b30-bbe8-43f7-87bb-a37d1edca024,b72985d3-5ea2-41f2-a907-209ff8ec2537,160,,,0. СКЛАД - ОСНОВЕН,,,,,,,,,,,,,,
warehouse_lot,176df9ba-e086-4e65-b29f-4029300364e0,Warehouse / Central stock,2f0354e2-003b-4994-9551-9d14c79c2846,Opening (MoneyWorks),27500.883052999998,22917.4,0.2,,2026-08-08,,,2026-08-08T07:51:36.982+00:00,,,,,,,,,,,,,,,,,,,materials,,2f0354e2-003b-4994-9551-9d14c79c2846,97c63c74-3cfb-4128-9e69-ea03aea1bea5,4,,,0. СКЛАД - ОСНОВЕН,,,,,,,,,,,,,,
warehouse_lot,176df9ba-e086-4e65-b29f-4029300364e0,Warehouse / Central stock,b766c795-6544-4014-bb53-7db648b77f85,Opening (MoneyWorks),0.0245,0.02,0.2,,2026-08-08,,,2026-08-08T07:51:36.982+00:00,,,,,,,,,,,,,,,,,,,materials,,b766c795-6544-4014-bb53-7db648b77f85,936d7f6a-96a6-4e55-96e5-f7f8b07dba61,390,,,0. СКЛАД - ОСНОВЕН,,,,,,,,,,,,,,
warehouse_lot,176df9ba-e086-4e65-b29f-4029300364e0,Warehouse / Central stock,713cf64b-15cc-4038-9303-faf924266f78,Opening (MoneyWorks),0.0453,0.04,0.2,,2026-08-08,,,2026-08-08T07:51:36.982+00:00,,,,,,,,,,,,,,,,,,,materials,,713cf64b-15cc-4038-9303-faf924266f78,1fc0bc49-8f1e-4978-be1c-130ca38787b1,93,,,0. СКЛАД - ОСНОВЕН,,,,,,,,,,,,,,
warehouse_lot,176df9ba-e086-4e65-b29f-4029300364e0,Warehouse / Central stock,e5d5af13-cc2a-4940-961a-43872652a541,Opening (MoneyWorks),0.28120999999999996,0.23,0.2,,2026-02-16,,,2026-08-08T07:51:36.982+00:00,,,,,,,,,,,,,,,,,,,materials,,e5d5af13-cc2a-4940-961a-43872652a541,926f40aa-4fa4-4dc1-b036-b95f46ff462e,107,,,0. СКЛАД - ОСНОВЕН,,,,,,,,,,,,,,
warehouse_lot,176df9ba-e086-4e65-b29f-4029300364e0,Warehouse / Central stock,aa4e124f-ab9a-4931-aee7-7039d7754241,Opening (MoneyWorks),8.661253,7.22,0.2,,2025-11-26,,,2026-08-08T07:51:36.982+00:00,,,,,,,,,,,,,,,,,,,materials,,aa4e124f-ab9a-4931-aee7-7039d7754241,5f4dd064-4b76-4c39-aea8-5e7243a0f846,16,,,0. СКЛАД - ОСНОВЕН,,,,,,,,,,,,,,
warehouse_lot,176df9ba-e086-4e65-b29f-4029300364e0,Warehouse / Central stock,c518cf16-7ac4-48d0-b814-444419455ae3,Opening (MoneyWorks),86.66,72.22,0.2,,2026-02-20,,,2026-08-08T07:51:36.982+00:00,,,,,,,,,,,,,,,,,,,materials,,c518cf16-7ac4-48d0-b814-444419455ae3,d13c3343-0293-4855-bb1c-c63850e9f531,6,,,0. СКЛАД - ОСНОВЕН,,,,,,,,,,,,,,
warehouse_lot,176df9ba-e086-4e65-b29f-4029300364e0,Warehouse / Central stock,230da41d-5d3e-4a52-8e0b-5cc35f9d26dc,Opening (MoneyWorks),1347.5,1122.92,0.2,,2025-12-02,,,2026-08-08T07:51:36.982+00:00,,,,,,,,,,,,,,,,,,,materials,,230da41d-5d3e-4a52-8e0b-5cc35f9d26dc,67ffdcce-e5e5-4201-b33f-03835d1f78b0,1,,,0. СКЛАД - ОСНОВЕН,,,,,,,,,,,,,,
warehouse_lot,176df9ba-e086-4e65-b29f-4029300364e0,Warehouse / Central stock,a5548d40-0f11-4c3a-9586-a174632f7535,Opening (MoneyWorks),0.35279,0.29,0.2,,2025-11-26,,,2026-08-08T07:51:36.982+00:00,,,,,,,,,,,,,,,,,,,materials,,a5548d40-0f11-4c3a-9586-a174632f7535,09fc0f8e-c793-4f2f-a16f-7b3134186428,100,,,0. СКЛАД - ОСНОВЕН,,,,,,,,,,,,,,
warehouse_lot,176df9ba-e086-4e65-b29f-4029300364e0,Warehouse / Central stock,037d804b-33d3-4401-96db-2819ed9c3b33,Opening (MoneyWorks),0.240306,0.2,0.2,,2026-02-16,,,2026-08-08T07:51:36.982+00:00,,,,,,,,,,,,,,,,,,,materials,,037d804b-33d3-4401-96db-2819ed9c3b33,c422e12b-bd8e-4350-a5c7-fe287f374623,165,,,0. СКЛАД - ОСНОВЕН,,,,,,,,,,,,,,
warehouse_lot,176df9ba-e086-4e65-b29f-4029300364e0,Warehouse / Central stock,3bb082f6-75c6-4218-b11e-9d61427a0c64,Opening (MoneyWorks),0.10011099999999999,0.08,0.2,,2026-08-08,,,2026-08-08T07:51:36.982+00:00,,,,,,,,,,,,,,,,,,,materials,,3bb082f6-75c6-4218-b11e-9d61427a0c64,3e336521-f82a-4fa9-b3d3-7260ae4f7d24,215,,,0. СКЛАД - ОСНОВЕН,,,,,,,,,,,,,,
warehouse_lot,176df9ba-e086-4e65-b29f-4029300364e0,Warehouse / Central stock,78939cdb-6091-4dd4-aa9c-e20827664940,Opening (MoneyWorks),3569.44,2974.53,0.2,,2025-10-08,,,2026-08-08T07:51:36.982+00:00,,,,,,,,,,,,,,,,,,,materials,,78939cdb-6091-4dd4-aa9c-e20827664940,a2566bcd-5d5f-4cbc-9cf3-35de84e70342,3,,,0. СКЛАД - ОСНОВЕН,,,,,,,,,,,,,,
warehouse_lot,176df9ba-e086-4e65-b29f-4029300364e0,Warehouse / Central stock,7c4d5f7c-4ad1-4a9d-ad46-176b5a25082c,Opening (MoneyWorks),0.27,0.23,0.2,,2026-02-16,,,2026-08-08T07:51:36.982+00:00,,,,,,,,,,,,,,,,,,,materials,,7c4d5f7c-4ad1-4a9d-ad46-176b5a25082c,de4941a0-2fb5-45aa-93ec-a01781a5158e,122,,,0. СКЛАД - ОСНОВЕН,,,,,,,,,,,,,,
warehouse_lot,176df9ba-e086-4e65-b29f-4029300364e0,Warehouse / Central stock,21b96970-fe1f-44c6-8b11-a7291ceea4f6,Opening (MoneyWorks),177.32,147.77,0.2,,2025-10-03,,,2026-08-08T07:51:36.982+00:00,,,,,,,,,,,,,,,,,,,materials,,21b96970-fe1f-44c6-8b11-a7291ceea4f6,864ce466-9e7c-4958-b2ef-226f710bb27a,9,,,0. СКЛАД - ОСНОВЕН,,,,,,,,,,,,,,
warehouse_lot,176df9ba-e086-4e65-b29f-4029300364e0,Warehouse / Central stock,412bdaf2-e9bc-4d5c-b881-c7c6c5f87caa,Opening (MoneyWorks),105.68,88.07,0.2,,2025-09-05,,,2026-08-08T07:51:36.982+00:00,,,,,,,,,,,,,,,,,,,materials,,412bdaf2-e9bc-4d5c-b881-c7c6c5f87caa,5d81d16f-4aa6-4985-8d3d-fe4a5b7332b5,15,,,0. СКЛАД - ОСНОВЕН,,,,,,,,,,,,,,
warehouse_lot,176df9ba-e086-4e65-b29f-4029300364e0,Warehouse / Central stock,a0ecba1f-93be-4db4-a01c-6aad7b04e4da,Opening (MoneyWorks),138.2,115.17,0.2,,2025-10-03,,,2026-08-08T07:51:36.982+00:00,,,,,,,,,,,,,,,,,,,materials,,a0ecba1f-93be-4db4-a01c-6aad7b04e4da,7e4b44eb-2ce0-4820-9990-c889df9f29a8,10,,,0. СКЛАД - ОСНОВЕН,,,,,,,,,,,,,,
warehouse_lot,176df9ba-e086-4e65-b29f-4029300364e0,Warehouse / Central stock,b9f54637-51c9-4f3c-8046-43b39b4c8d9c,Opening (MoneyWorks),6.68256,5.57,0.2,,2025-11-10,,,2026-08-08T07:51:36.983+00:00,,,,,,,,,,,,,,,,,,,materials,,b9f54637-51c9-4f3c-8046-43b39b4c8d9c,953c0b52-6f4b-44fc-b029-76daa42327e7,1,,,0. СКЛАД - ОСНОВЕН,,,,,,,,,,,,,,
warehouse_lot,176df9ba-e086-4e65-b29f-4029300364e0,Warehouse / Central stock,0319b0ae-2981-4db1-9ccc-c967b235727d,Opening (MoneyWorks),113.50638,94.59,0.2,,2025-10-02,,,2026-08-08T07:51:36.983+00:00,,,,,,,,,,,,,,,,,,,materials,,0319b0ae-2981-4db1-9ccc-c967b235727d,a46836a5-6c92-41c3-a7a1-f806f3aeb13a,16,,,0. СКЛАД - ОСНОВЕН,,,,,,,,,,,,,,
warehouse_lot,176df9ba-e086-4e65-b29f-4029300364e0,Warehouse / Central stock,afffd239-70c6-4a5c-b2d8-bb8dcac02c25,Opening (MoneyWorks),2.96,2.47,0.2,,2026-04-16,,,2026-08-08T07:51:36.983+00:00,,,,,,,,,,,,,,,,,,,materials,,afffd239-70c6-4a5c-b2d8-bb8dcac02c25,3d5c6f4b-04e5-4058-8ce4-5395fe593245,17,,,0. СКЛАД - ОСНОВЕН,,,,,,,,,,,,,,
warehouse_lot,176df9ba-e086-4e65-b29f-4029300364e0,Warehouse / Central stock,9fddab6b-ed67-4709-bf70-6e173c0f8209,Opening (MoneyWorks),3.492111,2.91,0.2,,2026-08-08,,,2026-08-08T07:51:36.983+00:00,,,,,,,,,,,,,,,,,,,materials,,9fddab6b-ed67-4709-bf70-6e173c0f8209,9f97757b-b578-44ac-b055-c6a1d4d4017a,4,,,0. СКЛАД - ОСНОВЕН,,,,,,,,,,,,,,
warehouse_lot,176df9ba-e086-4e65-b29f-4029300364e0,Warehouse / Central stock,e58d8e7c-2015-4ffa-a48e-d68570103e4f,Opening (MoneyWorks),16.054506,13.38,0.2,,2025-11-10,,,2026-08-08T07:51:36.983+00:00,,,,,,,,,,,,,,,,,,,materials,,e58d8e7c-2015-4ffa-a48e-d68570103e4f,fe4d940b-d3cf-4025-ae1e-c3af076aec7d,1,,,0. СКЛАД - ОСНОВЕН,,,,,,,,,,,,,,
warehouse_lot,176df9ba-e086-4e65-b29f-4029300364e0,Warehouse / Central stock,efffa215-dc9d-48fd-820a-95729a4e7065,Opening (MoneyWorks),12.38,10.32,0.2,,2025-11-12,,,2026-08-08T07:51:36.983+00:00,,,,,,,,,,,,,,,,,,,materials,,efffa215-dc9d-48fd-820a-95729a4e7065,c4c8a885-65ff-4dd0-be82-4cabe2856755,12,,,System - 500kW Titan Zlatna Panega (58),,,,,,,,,,,,,,
warehouse_lot,176df9ba-e086-4e65-b29f-4029300364e0,Warehouse / Central stock,eff66e50-a20a-42bb-bcfb-6040eb828a84,Opening (MoneyWorks),10.54,8.78,0.2,,2025-11-12,,,2026-08-08T07:51:36.983+00:00,,,,,,,,,,,,,,,,,,,materials,,eff66e50-a20a-42bb-bcfb-6040eb828a84,c079d85f-008c-4044-b4af-7583e80acd11,9,,,System - 500kW Titan Zlatna Panega (58),,,,,,,,,,,,,,c5c5376a-37c5-4d91-bbe2-9f1d8d8cfd28
warehouse_lot,176df9ba-e086-4e65-b29f-4029300364e0,Warehouse / Central stock,cd674f2c-9fa0-4460-b911-74c635b85a93,Opening (MoneyWorks),9.92,8.27,0.2,,2026-04-15,,,2026-08-08T07:51:36.983+00:00,,,,,,,,,,,,,,,,,,,materials,,cd674f2c-9fa0-4460-b911-74c635b85a93,bcb87b98-49d3-46de-a21a-bd98cebccd33,25.5,,,0. СКЛАД - ОСНОВЕН,,,,,,,,,,,,,,
warehouse_lot,176df9ba-e086-4e65-b29f-4029300364e0,Warehouse / Central stock,b8a83148-212b-4448-99d4-ed387342f4f1,Opening (MoneyWorks),12.69,10.58,0.2,,2026-04-08,,,2026-08-08T07:51:36.983+00:00,,,,,,,,,,,,,,,,,,,materials,,b8a83148-212b-4448-99d4-ed387342f4f1,f649f5cc-fe39-4856-a502-ee12d74ff517,2,,,System - 90kW Volkswagen (59),,,,,,,,,,,,,,f04d93d4-fb64-4e21-b009-81842c5d8d59
warehouse_lot,176df9ba-e086-4e65-b29f-4029300364e0,Warehouse / Central stock,e1aa7ce0-a722-4a40-9fb5-e10680a1c1b4,Opening (MoneyWorks),1.649,1.37,0.2,,2026-02-24,,,2026-08-08T07:51:36.983+00:00,,,,,,,,,,,,,,,,,,,materials,,e1aa7ce0-a722-4a40-9fb5-e10680a1c1b4,e138029f-cbe5-4995-ab9a-e70e9f242f28,2,,,System - 90kW Volkswagen (59),,,,,,,,,,,,,,f04d93d4-fb64-4e21-b009-81842c5d8d59
warehouse_lot,176df9ba-e086-4e65-b29f-4029300364e0,Warehouse / Central stock,1b4ad224-7111-4366-aac9-b198172582c2,Opening (MoneyWorks),2.36,1.97,0.2,,2026-02-09,,,2026-08-08T07:51:36.984+00:00,,,,,,,,,,,,,,,,,,,materials,,1b4ad224-7111-4366-aac9-b198172582c2,84bc8cd2-bef1-49e6-a5ac-352124a675ad,5.3,,,System - 500kW Titan Zlatna Panega (58),,,,,,,,,,,,,,c5c5376a-37c5-4d91-bbe2-9f1d8d8cfd28
warehouse_lot,176df9ba-e086-4e65-b29f-4029300364e0,Warehouse / Central stock,005b01fa-11be-4f68-b07a-f077a7774c8d,Opening (MoneyWorks),16.739635,13.95,0.2,,2025-11-10,,,2026-08-08T07:51:36.984+00:00,,,,,,,,,,,,,,,,,,,materials,,005b01fa-11be-4f68-b07a-f077a7774c8d,11b300c3-0dbf-4305-9218-a147e89c144d,3,,,0. СКЛАД - ОСНОВЕН,,,,,,,,,,,,,,
warehouse_lot,176df9ba-e086-4e65-b29f-4029300364e0,Warehouse / Central stock,98a24d13-91d4-42d3-a264-f4a3ccd21756,Opening (MoneyWorks),2.36,1.97,0.2,,2026-02-09,,,2026-08-08T07:51:36.984+00:00,,,,,,,,,,,,,,,,,,,materials,,98a24d13-91d4-42d3-a264-f4a3ccd21756,84bc8cd2-bef1-49e6-a5ac-352124a675ad,2,,,System - 90kW Volkswagen (59),,,,,,,,,,,,,,f04d93d4-fb64-4e21-b009-81842c5d8d59
warehouse_lot,176df9ba-e086-4e65-b29f-4029300364e0,Warehouse / Central stock,98194d9c-86f1-4ef7-b4eb-828c458ad01e,Opening (MoneyWorks),39.098346,32.58,0.2,,2025-11-10,,,2026-08-08T07:51:36.984+00:00,,,,,,,,,,,,,,,,,,,materials,,98194d9c-86f1-4ef7-b4eb-828c458ad01e,6f6c016d-97cf-4ace-b1fd-c0cb29e004e7,7,,,0. СКЛАД - ОСНОВЕН,,,,,,,,,,,,,,
warehouse_lot,176df9ba-e086-4e65-b29f-4029300364e0,Warehouse / Central stock,6cf673a3-90c5-466b-b24a-6768b43d03b1,Opening (MoneyWorks),3033.6,2528,0.2,,2025-10-09,,,2026-08-08T07:51:36.984+00:00,,,,,,,,,,,,,,,,,,,materials,,6cf673a3-90c5-466b-b24a-6768b43d03b1,8f1aa71e-d9e1-4025-ad3c-7d16ec38c00a,1,,,System - 90kW Volkswagen (59),,,,,,,,,,,,,,f04d93d4-fb64-4e21-b009-81842c5d8d59
warehouse_lot,176df9ba-e086-4e65-b29f-4029300364e0,Warehouse / Central stock,c55ab435-9928-4afc-af05-776709feee3f,Opening (MoneyWorks),94.62,78.85,0.2,,2026-08-08,,,2026-08-08T07:51:36.984+00:00,,,,,,,,,,,,,,,,,,,materials,,c55ab435-9928-4afc-af05-776709feee3f,1f8ea084-e041-425f-aefb-662d4dce7080,10,,,System - 10kW Italy,,,,,,,,,,,,,,
warehouse_lot,176df9ba-e086-4e65-b29f-4029300364e0,Warehouse / Central stock,1d764977-de9d-40cc-873d-8e78c4a3d23e,Opening (MoneyWorks),0,0,0.2,,2026-08-08,,,2026-08-08T07:51:36.984+00:00,,,,,,,,,,,,,,,,,,,materials,,1d764977-de9d-40cc-873d-8e78c4a3d23e,cb81b11a-0f6a-4a7d-bfac-3adb89b8dc7f,195.3,,,System - 60kW Brikel (60),,,,,,,,,,,,,,c7e70934-c398-4b1e-a6f4-e67553203629
warehouse_lot,176df9ba-e086-4e65-b29f-4029300364e0,Warehouse / Central stock,e4b0b790-e871-4211-b62d-55d8393ba2b2,Opening (MoneyWorks),4.32,3.6,0.2,,2026-01-21,,,2026-08-08T07:51:36.984+00:00,,,,,,,,,,,,,,,,,,,materials,,e4b0b790-e871-4211-b62d-55d8393ba2b2,9a6e5593-5e70-486e-8a9c-5bca20c56ea3,2,,,0. СКЛАД - ОСНОВЕН,,,,,,,,,,,,,,
warehouse_lot,176df9ba-e086-4e65-b29f-4029300364e0,Warehouse / Central stock,5aeb423f-50da-472a-a239-2dd960b7cde3,Opening (MoneyWorks),0,0,0.2,,2026-08-08,,,2026-08-08T07:51:36.984+00:00,,,,,,,,,,,,,,,,,,,materials,,5aeb423f-50da-472a-a239-2dd960b7cde3,06431414-ce64-419e-988e-700113efad45,2.1014019999999998,,,0. СКЛАД - ОСНОВЕН,,,,,,,,,,,,,,
warehouse_lot,176df9ba-e086-4e65-b29f-4029300364e0,Warehouse / Central stock,560375df-29e2-4aa6-8337-7980a7264d11,Opening (MoneyWorks),38.305847,31.92,0.2,,2025-11-10,,,2026-08-08T07:51:36.984+00:00,,,,,,,,,,,,,,,,,,,materials,,560375df-29e2-4aa6-8337-7980a7264d11,aa27cfc7-85d6-4796-b441-1f8c27cdbde5,3,,,0. СКЛАД - ОСНОВЕН,,,,,,,,,,,,,,
warehouse_lot,176df9ba-e086-4e65-b29f-4029300364e0,Warehouse / Central stock,e67a990a-dab6-48d8-87fa-aba3a1ec2374,Opening (MoneyWorks),2.63,2.19,0.2,,2026-02-09,,,2026-08-08T07:51:36.985+00:00,,,,,,,,,,,,,,,,,,,materials,,e67a990a-dab6-48d8-87fa-aba3a1ec2374,6e0e357c-cedd-43de-b4c6-a640d0114ac9,1,,,System - 500kW Titan Zlatna Panega (58),,,,,,,,,,,,,,
warehouse_lot,176df9ba-e086-4e65-b29f-4029300364e0,Warehouse / Central stock,e4d9a8bf-b2ea-43b9-981c-ee762fe745b7,Opening (MoneyWorks),0.03,0.03,0.2,,2026-02-02,,,2026-08-08T07:51:36.985+00:00,,,,,,,,,,,,,,,,,,,materials,,e4d9a8bf-b2ea-43b9-981c-ee762fe745b7,4fccdb2d-ea8e-4153-bf55-d3a16b0a6bd5,3,,,System - 90kW Volkswagen (59),,,,,,,,,,,,,,
warehouse_lot,176df9ba-e086-4e65-b29f-4029300364e0,Warehouse / Central stock,824b0607-a648-49b2-8c72-d9f0b2a7de9e,Opening (MoneyWorks),0,0,0.2,,2026-08-08,,,2026-08-08T07:51:36.986+00:00,,,,,,,,,,,,,,,,,,,materials,,824b0607-a648-49b2-8c72-d9f0b2a7de9e,c1e0227a-f339-4a87-8bf0-0dae408b0b7a,40,,,0. СКЛАД - ОСНОВЕН,,,,,,,,,,,,,,
warehouse_lot,176df9ba-e086-4e65-b29f-4029300364e0,Warehouse / Central stock,5dcc01de-58b9-4a65-ad43-3c4f2c3bf972,Opening (MoneyWorks),5.4,4.5,0.2,,2026-06-25,,,2026-08-08T07:51:36.986+00:00,,,,,,,,,,,,,,,,,,,materials,,5dcc01de-58b9-4a65-ad43-3c4f2c3bf972,0d7ef102-854a-4286-9dc2-71df16947b37,148,,,System - 60kW Brikel (60),,,,,,,,,,,,,,c7e70934-c398-4b1e-a6f4-e67553203629
warehouse_lot,176df9ba-e086-4e65-b29f-4029300364e0,Warehouse / Central stock,09381719-0da2-4fa2-9faf-e30e945fe85b,Opening (MoneyWorks),191.7,159.75,0.2,,2026-03-31,,,2026-08-08T07:51:36.986+00:00,,,,,,,,,,,,,,,,,,,materials,,09381719-0da2-4fa2-9faf-e30e945fe85b,f0ab0ce0-f000-438c-bd36-852d2d0f510f,6,,,System - 60kW Brikel (60),,,,,,,,,,,,,,c7e70934-c398-4b1e-a6f4-e67553203629
warehouse_lot,176df9ba-e086-4e65-b29f-4029300364e0,Warehouse / Central stock,e1a88134-849d-48ee-ba5f-ecc9c8f45356,Opening (MoneyWorks),17.98,14.98,0.2,,2026-02-06,,,2026-08-08T07:51:36.986+00:00,,,,,,,,,,,,,,,,,,,materials,,e1a88134-849d-48ee-ba5f-ecc9c8f45356,9920f114-4549-4aa7-ac48-f3ca01d52bc7,8,,,System - 90kW Volkswagen (59),,,,,,,,,,,,,,f04d93d4-fb64-4e21-b009-81842c5d8d59
warehouse_lot,176df9ba-e086-4e65-b29f-4029300364e0,Warehouse / Central stock,2f465007-01ba-49be-a47d-897620078203,Opening (MoneyWorks),0.01,0.01,0.2,,2026-06-10,,,2026-08-08T07:51:36.986+00:00,,,,,,,,,,,,,,,,,,,materials,,2f465007-01ba-49be-a47d-897620078203,3d25ad91-f81e-4a73-93ec-d08e940d569a,416,,,System - 60kW Brikel (60),,,,,,,,,,,,,,c7e70934-c398-4b1e-a6f4-e67553203629
warehouse_lot,176df9ba-e086-4e65-b29f-4029300364e0,Warehouse / Central stock,5ab2a31c-b8af-4b40-94c2-46fc3c7f80ea,Opening (MoneyWorks),0.07158099999999999,0.06,0.2,,2026-02-16,,,2026-08-08T07:51:36.986+00:00,,,,,,,,,,,,,,,,,,,materials,,5ab2a31c-b8af-4b40-94c2-46fc3c7f80ea,c2edf630-7fbd-4656-8c86-5f08143e432b,141,,,0. СКЛАД - ОСНОВЕН,,,,,,,,,,,,,,
warehouse_lot,176df9ba-e086-4e65-b29f-4029300364e0,Warehouse / Central stock,0f61f58f-c639-4edc-ba07-b4014db993b7,Opening (MoneyWorks),0,0,0.2,,2026-08-08,,,2026-08-08T07:51:36.986+00:00,,,,,,,,,,,,,,,,,,,materials,,0f61f58f-c639-4edc-ba07-b4014db993b7,98785727-8356-4faa-b2a0-97ff3babc7a0,13,,,0. СКЛАД - ОСНОВЕН,,,,,,,,,,,,,,
warehouse_lot,176df9ba-e086-4e65-b29f-4029300364e0,Warehouse / Central stock,713d63bb-2c51-4b73-bc37-f57f0adf73f7,Opening (MoneyWorks),0.03,0.03,0.2,,2026-03-27,,,2026-08-08T07:51:36.986+00:00,,,,,,,,,,,,,,,,,,,materials,,713d63bb-2c51-4b73-bc37-f57f0adf73f7,a1865f1b-6ab2-4931-bbf0-d798b9cc4fcc,425,,,System - 60kW Brikel (60),,,,,,,,,,,,,,c7e70934-c398-4b1e-a6f4-e67553203629
warehouse_lot,176df9ba-e086-4e65-b29f-4029300364e0,Warehouse / Central stock,cf62cfbe-268e-46af-8a51-f28b0426c697,Opening (MoneyWorks),0,0,0.2,,2026-08-08,,,2026-08-08T07:51:36.986+00:00,,,,,,,,,,,,,,,,,,,materials,,cf62cfbe-268e-46af-8a51-f28b0426c697,e757bef1-557c-4f6a-97fa-b8bca77e6195,53,,,0. СКЛАД - ОСНОВЕН,,,,,,,,,,,,,,
warehouse_lot,176df9ba-e086-4e65-b29f-4029300364e0,Warehouse / Central stock,7b4f52ea-9730-4421-a97f-9e74e373cc13,Opening (MoneyWorks),0.086919,0.07,0.2,,2025-11-18,,,2026-08-08T07:51:36.986+00:00,,,,,,,,,,,,,,,,,,,materials,,7b4f52ea-9730-4421-a97f-9e74e373cc13,fa443568-837e-4e16-80b1-8189815dc698,91,,,0. СКЛАД - ОСНОВЕН,,,,,,,,,,,,,,
warehouse_lot,176df9ba-e086-4e65-b29f-4029300364e0,Warehouse / Central stock,cd65888b-9050-42c3-b929-e41ea06c0eb2,Opening (MoneyWorks),0.9203253861531933,0.77,0.2,,2026-06-25,,,2026-08-08T07:51:36.986+00:00,,,,,,,,,,,,,,,,,,,materials,,cd65888b-9050-42c3-b929-e41ea06c0eb2,a66a81e5-887f-456e-8295-4b1a809ae16f,3,,,System - 90kW Volkswagen (59),,,,,,,,,,,,,,f04d93d4-fb64-4e21-b009-81842c5d8d59
warehouse_lot,176df9ba-e086-4e65-b29f-4029300364e0,Warehouse / Central stock,02b3d99e-d772-40aa-9bf4-1f9a747e14e6,Opening (MoneyWorks),0.12,0.1,0.2,,2026-02-16,,,2026-08-08T07:51:36.986+00:00,,,,,,,,,,,,,,,,,,,materials,,02b3d99e-d772-40aa-9bf4-1f9a747e14e6,6a2d30eb-2727-4a27-a9e4-f5da763eb8c5,216,,,System - 60kW Brikel (60),,,,,,,,,,,,,,c7e70934-c398-4b1e-a6f4-e67553203629
warehouse_lot,176df9ba-e086-4e65-b29f-4029300364e0,Warehouse / Central stock,1953d364-eeac-411a-ad2b-d23d535eb5a5,Opening (MoneyWorks),0,0,0.2,,2026-08-08,,,2026-08-08T07:51:36.987+00:00,,,,,,,,,,,,,,,,,,,materials,,1953d364-eeac-411a-ad2b-d23d535eb5a5,388eae7b-5c3f-4edb-bad8-c9a3c63ea203,463,,,0. СКЛАД - ОСНОВЕН,,,,,,,,,,,,,,
warehouse_lot,176df9ba-e086-4e65-b29f-4029300364e0,Warehouse / Central stock,e5dd99a2-67ff-423c-ac93-f9d67c6f8efa,Opening (MoneyWorks),0.09203253861531932,0.08,0.2,,2025-11-26,,,2026-08-08T07:51:36.987+00:00,,,,,,,,,,,,,,,,,,,materials,,e5dd99a2-67ff-423c-ac93-f9d67c6f8efa,d2daae47-5f1d-4869-826f-5b71aca94ae5,92,,,0. СКЛАД - ОСНОВЕН,,,,,,,,,,,,,,
warehouse_lot,176df9ba-e086-4e65-b29f-4029300364e0,Warehouse / Central stock,fecc88c6-3b2f-4404-a438-1660a59f41fa,Opening (MoneyWorks),0,0,0.2,,2026-08-08,,,2026-08-08T07:51:36.987+00:00,,,,,,,,,,,,,,,,,,,materials,,fecc88c6-3b2f-4404-a438-1660a59f41fa,bea69845-c37f-446b-a323-cbb24f01bc55,493,,,0. СКЛАД - ОСНОВЕН,,,,,,,,,,,,,,
warehouse_lot,176df9ba-e086-4e65-b29f-4029300364e0,Warehouse / Central stock,056fe3c0-10ed-40cf-a1c1-e9e748a3af54,Opening (MoneyWorks),0,0,0.2,,2026-08-08,,,2026-08-08T07:51:36.987+00:00,,,,,,,,,,,,,,,,,,,materials,,056fe3c0-10ed-40cf-a1c1-e9e748a3af54,036e74b2-68d4-485b-b6ad-25a72c555c9a,1775,,,0. СКЛАД - ОСНОВЕН,,,,,,,,,,,,,,
warehouse_lot,176df9ba-e086-4e65-b29f-4029300364e0,Warehouse / Central stock,4cd63e87-20b6-4fb4-8720-c422bdbe3e39,Opening (MoneyWorks),0,0,0.2,,2026-08-08,,,2026-08-08T07:51:36.987+00:00,,,,,,,,,,,,,,,,,,,materials,,4cd63e87-20b6-4fb4-8720-c422bdbe3e39,7fa21492-86a5-4866-a860-014f9f26f09c,386,,,0. СКЛАД - ОСНОВЕН,,,,,,,,,,,,,,
warehouse_lot,176df9ba-e086-4e65-b29f-4029300364e0,Warehouse / Central stock,54114f97-4785-449e-a294-7e9e6ae6fcb9,Opening (MoneyWorks),0,0,0.2,,2026-08-08,,,2026-08-08T07:51:36.987+00:00,,,,,,,,,,,,,,,,,,,materials,,54114f97-4785-449e-a294-7e9e6ae6fcb9,088f430e-c3c0-4570-baf4-bf30578ef2e3,480,,,0. СКЛАД - ОСНОВЕН,,,,,,,,,,,,,,
warehouse_lot,176df9ba-e086-4e65-b29f-4029300364e0,Warehouse / Central stock,a904507a-8b24-48c1-a7af-64834ca48c93,Opening (MoneyWorks),11.054089999999999,9.21,0.2,,2025-09-03,,,2026-08-08T07:51:36.987+00:00,,,,,,,,,,,,,,,,,,,materials,,a904507a-8b24-48c1-a7af-64834ca48c93,fa5639ca-82b9-4d71-99a2-3a4b3332db0d,1,,,0. СКЛАД - ОСНОВЕН,,,,,,,,,,,,,,
warehouse_lot,176df9ba-e086-4e65-b29f-4029300364e0,Warehouse / Central stock,c1f72ec8-26da-4782-bbe9-043416e4a810,Opening (MoneyWorks),0,0,0.2,,2026-08-08,,,2026-08-08T07:51:36.987+00:00,,,,,,,,,,,,,,,,,,,materials,,c1f72ec8-26da-4782-bbe9-043416e4a810,6f9408f9-d2f4-438e-ae79-9d90a694084b,919,,,0. СКЛАД - ОСНОВЕН,,,,,,,,,,,,,,
warehouse_lot,176df9ba-e086-4e65-b29f-4029300364e0,Warehouse / Central stock,61935c54-942a-4782-aadf-0eae0471c521,Opening (MoneyWorks),0.2045167524784874,0.17,0.2,,2025-11-27,,,2026-08-08T07:51:36.987+00:00,,,,,,,,,,,,,,,,,,,materials,,61935c54-942a-4782-aadf-0eae0471c521,35e5d4d8-024f-4826-bb1e-d9ff6e5f3822,73,,,0. СКЛАД - ОСНОВЕН,,,,,,,,,,,,,,
warehouse_lot,176df9ba-e086-4e65-b29f-4029300364e0,Warehouse / Central stock,d6b71996-b3b3-44d8-97d3-e35c0a269c1c,Opening (MoneyWorks),0.245419,0.2,0.2,,2026-02-16,,,2026-08-08T07:51:36.987+00:00,,,,,,,,,,,,,,,,,,,materials,,d6b71996-b3b3-44d8-97d3-e35c0a269c1c,56a543d3-488f-44d4-b9a2-b2084056602a,130,,,0. СКЛАД - ОСНОВЕН,,,,,,,,,,,,,,
warehouse_lot,176df9ba-e086-4e65-b29f-4029300364e0,Warehouse / Central stock,96663229-0788-4f30-9492-81ea10b2746c,Opening (MoneyWorks),0.03,0.03,0.2,,2026-08-08,,,2026-08-08T07:51:36.987+00:00,,,,,,,,,,,,,,,,,,,materials,,96663229-0788-4f30-9492-81ea10b2746c,ff0dc3f3-08c1-4359-89aa-c029e46873c4,318,,,0. СКЛАД - ОСНОВЕН,,,,,,,,,,,,,,
warehouse_lot,176df9ba-e086-4e65-b29f-4029300364e0,Warehouse / Central stock,ce8e5c34-d3ff-4615-b39c-f0a55692ad8d,Opening (MoneyWorks),0.38,0.32,0.2,,2026-08-08,,,2026-08-08T07:51:36.987+00:00,,,,,,,,,,,,,,,,,,,materials,,ce8e5c34-d3ff-4615-b39c-f0a55692ad8d,3d8b6e19-e524-4009-89c7-ecaee289ba64,145,,,0. СКЛАД - ОСНОВЕН,,,,,,,,,,,,,,
warehouse_lot,176df9ba-e086-4e65-b29f-4029300364e0,Warehouse / Central stock,b7e891d5-26c7-40e9-82a2-3adc4f882365,Opening (MoneyWorks),0,0,0.2,,2026-08-08,,,2026-08-08T07:51:36.987+00:00,,,,,,,,,,,,,,,,,,,materials,,b7e891d5-26c7-40e9-82a2-3adc4f882365,f11fd3f8-6779-47c0-ba88-90d774ee94bf,183,,,0. СКЛАД - ОСНОВЕН,,,,,,,,,,,,,,
warehouse_lot,176df9ba-e086-4e65-b29f-4029300364e0,Warehouse / Central stock,58b088af-f30e-4abb-85dd-450aa5b4ccf3,Opening (MoneyWorks),9.12,7.6,0.2,,2026-08-08,,,2026-08-08T07:51:36.987+00:00,,,,,,,,,,,,,,,,,,,materials,,58b088af-f30e-4abb-85dd-450aa5b4ccf3,fde418af-aee7-475c-8af8-8a5ac05259f5,5,,,0. СКЛАД - ОСНОВЕН,,,,,,,,,,,,,,
warehouse_lot,176df9ba-e086-4e65-b29f-4029300364e0,Warehouse / Central stock,19b35761-618b-4399-ba47-e5fe20afc275,Opening (MoneyWorks),0,0,0.2,,2026-08-08,,,2026-08-08T07:51:36.987+00:00,,,,,,,,,,,,,,,,,,,materials,,19b35761-618b-4399-ba47-e5fe20afc275,52a6661c-afea-43b2-acc3-8834060bdf5b,704,,,0. СКЛАД - ОСНОВЕН,,,,,,,,,,,,,,
warehouse_lot,176df9ba-e086-4e65-b29f-4029300364e0,Warehouse / Central stock,293923bc-9371-4106-9c93-f96022072b3a,Opening (MoneyWorks),0,0,0.2,,2026-08-08,,,2026-08-08T07:51:36.987+00:00,,,,,,,,,,,,,,,,,,,materials,,293923bc-9371-4106-9c93-f96022072b3a,7db76b0b-717c-41be-bbbf-5f3ceb20856e,65,,,0. СКЛАД - ОСНОВЕН,,,,,,,,,,,,,,
warehouse_lot,176df9ba-e086-4e65-b29f-4029300364e0,Warehouse / Central stock,40720c2b-47bf-4a71-bde5-3cf3ff84bd3b,Opening (MoneyWorks),0.0201,0.02,0.2,,2026-07-29,,,2026-08-08T07:51:36.987+00:00,,,,,,,,,,,,,,,,,,,materials,,40720c2b-47bf-4a71-bde5-3cf3ff84bd3b,4acbef9b-fb98-44c7-9ceb-e8eab1e1ce54,302,,,0. СКЛАД - ОСНОВЕН,,,,,,,,,,,,,,
warehouse_lot,176df9ba-e086-4e65-b29f-4029300364e0,Warehouse / Central stock,1c3dd52c-87cf-462b-b77e-e0d2c69a9ca1,Opening (MoneyWorks),0.01,0.01,0.2,,2026-02-16,,,2026-08-08T07:51:36.987+00:00,,,,,,,,,,,,,,,,,,,materials,,1c3dd52c-87cf-462b-b77e-e0d2c69a9ca1,84311eea-18cf-4bba-8ab6-bb2b3a2c2957,198,,,0. СКЛАД - ОСНОВЕН,,,,,,,,,,,,,,
warehouse_lot,176df9ba-e086-4e65-b29f-4029300364e0,Warehouse / Central stock,fa72a6b0-e79b-4025-9111-9b1ff6487e1c,Opening (MoneyWorks),0,0,0.2,,2026-08-08,,,2026-08-08T07:51:36.987+00:00,,,,,,,,,,,,,,,,,,,materials,,fa72a6b0-e79b-4025-9111-9b1ff6487e1c,0cdf61e3-5b97-4c77-b417-d3c77a400445,854,,,0. СКЛАД - ОСНОВЕН,,,,,,,,,,,,,,
warehouse_lot,176df9ba-e086-4e65-b29f-4029300364e0,Warehouse / Central stock,829a7ad5-f4e3-4448-9ec9-7318fb4fa60c,Opening (MoneyWorks),0.02,0.02,0.2,,2026-08-08,,,2026-08-08T07:51:36.987+00:00,,,,,,,,,,,,,,,,,,,materials,,829a7ad5-f4e3-4448-9ec9-7318fb4fa60c,292361f5-34b8-4c47-a2fa-01aede7381d7,100,,,0. СКЛАД - ОСНОВЕН,,,,,,,,,,,,,,
warehouse_lot,176df9ba-e086-4e65-b29f-4029300364e0,Warehouse / Central stock,be52c66b-e771-4c48-a47d-4a4242d4d540,Opening (MoneyWorks),0.1,0.08,0.2,,2026-08-08,,,2026-08-08T07:51:36.987+00:00,,,,,,,,,,,,,,,,,,,materials,,be52c66b-e771-4c48-a47d-4a4242d4d540,f5f8814a-6904-4496-8de2-54aa3d8977ab,116,,,0. СКЛАД - ОСНОВЕН,,,,,,,,,,,,,,
warehouse_lot,176df9ba-e086-4e65-b29f-4029300364e0,Warehouse / Central stock,48a19c4c-f76b-4863-a195-54f2045bc3d7,Opening (MoneyWorks),51.129,42.61,0.2,,2025-10-07,,,2026-08-08T07:51:36.988+00:00,,,,,,,,,,,,,,,,,,,materials,,48a19c4c-f76b-4863-a195-54f2045bc3d7,4b9fce36-9597-48b3-be80-d0e0f308e157,1,,,0. СКЛАД - ОСНОВЕН,,,,,,,,,,,,,,
warehouse_lot,176df9ba-e086-4e65-b29f-4029300364e0,Warehouse / Central stock,96f63204-7a60-46f0-84a6-bf0ad5a5ae74,Opening (MoneyWorks),0.5112918811962185,0.43,0.2,,2025-09-16,,,2026-08-08T07:51:36.988+00:00,,,,,,,,,,,,,,,,,,,materials,,96f63204-7a60-46f0-84a6-bf0ad5a5ae74,ef0ca521-65d3-4b55-81fc-3c6c03a27b96,15,,,0. СКЛАД - ОСНОВЕН,,,,,,,,,,,,,,
warehouse_lot,176df9ba-e086-4e65-b29f-4029300364e0,Warehouse / Central stock,c7ee5d7c-5d75-4634-a9ef-456cc21dddc7,Opening (MoneyWorks),0.05,0.04,0.2,,2026-01-23,,,2026-08-08T07:51:36.988+00:00,,,,,,,,,,,,,,,,,,,materials,,c7ee5d7c-5d75-4634-a9ef-456cc21dddc7,92b05d83-f17f-40b3-a3ff-77ef5eee56cb,321,,,0. СКЛАД - ОСНОВЕН,,,,,,,,,,,,,,
warehouse_lot,176df9ba-e086-4e65-b29f-4029300364e0,Warehouse / Central stock,bdbb95c9-cdae-40db-a08e-3f1c5d131bff,Opening (MoneyWorks),0,0,0.2,,2026-08-08,,,2026-08-08T07:51:36.988+00:00,,,,,,,,,,,,,,,,,,,materials,,bdbb95c9-cdae-40db-a08e-3f1c5d131bff,9bf83b9b-2438-43ae-80cd-f60df964115f,470,,,0. СКЛАД - ОСНОВЕН,,,,,,,,,,,,,,
warehouse_lot,176df9ba-e086-4e65-b29f-4029300364e0,Warehouse / Central stock,d3a9815f-dbfe-4a20-ac6b-c2821d20f99b,Opening (MoneyWorks),0,0,0.2,,2026-08-08,,,2026-08-08T07:51:36.988+00:00,,,,,,,,,,,,,,,,,,,materials,,d3a9815f-dbfe-4a20-ac6b-c2821d20f99b,e2f07892-8f86-47b7-9b53-3955426be0a2,460,,,0. СКЛАД - ОСНОВЕН,,,,,,,,,,,,,,
warehouse_lot,176df9ba-e086-4e65-b29f-4029300364e0,Warehouse / Central stock,e42415ef-4afb-4e12-8beb-22dfdaf23264,Opening (MoneyWorks),9.46,7.88,0.2,,2026-01-29,,,2026-08-08T07:51:36.988+00:00,,,,,,,,,,,,,,,,,,,materials,,e42415ef-4afb-4e12-8beb-22dfdaf23264,c6a3a5d6-bf7b-4541-bba7-5223d20c88c6,3,,,0. СКЛАД - ОСНОВЕН,,,,,,,,,,,,,,
warehouse_lot,176df9ba-e086-4e65-b29f-4029300364e0,Warehouse / Central stock,dc377624-ec1b-4136-b80e-d3f4b2599db0,Opening (MoneyWorks),0.03,0.03,0.2,,2026-01-20,,,2026-08-08T07:51:36.988+00:00,,,,,,,,,,,,,,,,,,,materials,,dc377624-ec1b-4136-b80e-d3f4b2599db0,59524c9a-368f-4593-99ae-82fdba1ff07c,123,,,0. СКЛАД - ОСНОВЕН,,,,,,,,,,,,,,
warehouse_lot,176df9ba-e086-4e65-b29f-4029300364e0,Warehouse / Central stock,ded27335-8706-44c9-9ada-67c4e29ccc46,Opening (MoneyWorks),0.05,0.04,0.2,,2026-08-08,,,2026-08-08T07:51:36.989+00:00,,,,,,,,,,,,,,,,,,,materials,,ded27335-8706-44c9-9ada-67c4e29ccc46,4d3b3758-c41b-47f5-9626-36fa980e61df,77,,,0. СКЛАД - ОСНОВЕН,,,,,,,,,,,,,,
warehouse_lot,176df9ba-e086-4e65-b29f-4029300364e0,Warehouse / Central stock,bb2878c9-6717-4d52-82c8-33f41da11fb7,Opening (MoneyWorks),0.05,0.04,0.2,,2026-08-08,,,2026-08-08T07:51:36.989+00:00,,,,,,,,,,,,,,,,,,,materials,,bb2878c9-6717-4d52-82c8-33f41da11fb7,1929361d-ba53-4761-b50a-5c87caf46d93,184,,,0. СКЛАД - ОСНОВЕН,,,,,,,,,,,,,,
warehouse_lot,176df9ba-e086-4e65-b29f-4029300364e0,Warehouse / Central stock,e1ed5309-4ca0-4db9-a093-cc7fd50439f1,Opening (MoneyWorks),0.04,0.03,0.2,,2026-08-08,,,2026-08-08T07:51:36.989+00:00,,,,,,,,,,,,,,,,,,,materials,,e1ed5309-4ca0-4db9-a093-cc7fd50439f1,30b5e4e0-553d-467a-aab8-4f5705016ae2,63,,,0. СКЛАД - ОСНОВЕН,,,,,,,,,,,,,,
warehouse_lot,176df9ba-e086-4e65-b29f-4029300364e0,Warehouse / Central stock,8e99acf1-dc10-40f6-9bb2-031a7a10ec6e,Opening (MoneyWorks),0.01,0.01,0.2,,2026-08-08,,,2026-08-08T07:51:36.989+00:00,,,,,,,,,,,,,,,,,,,materials,,8e99acf1-dc10-40f6-9bb2-031a7a10ec6e,da2d297e-aa03-48e9-a349-4683e207138e,341,,,0. СКЛАД - ОСНОВЕН,,,,,,,,,,,,,,
warehouse_lot,176df9ba-e086-4e65-b29f-4029300364e0,Warehouse / Central stock,7d651f19-c40d-42dc-a9bd-e019d0c90779,Opening (MoneyWorks),0.85,0.71,0.2,,2026-08-08,,,2026-08-08T07:51:36.989+00:00,,,,,,,,,,,,,,,,,,,materials,,7d651f19-c40d-42dc-a9bd-e019d0c90779,1d051419-571b-48a7-9990-d21b58a9c045,6,,,0. СКЛАД - ОСНОВЕН,,,,,,,,,,,,,,
warehouse_lot,176df9ba-e086-4e65-b29f-4029300364e0,Warehouse / Central stock,f82a5ab4-8e43-47a8-a8fd-97ce823941af,Opening (MoneyWorks),0.01,0.01,0.2,,2026-08-08,,,2026-08-08T07:51:36.989+00:00,,,,,,,,,,,,,,,,,,,materials,,f82a5ab4-8e43-47a8-a8fd-97ce823941af,a178bc62-a513-4d42-8326-8ba6e534c950,365,,,0. СКЛАД - ОСНОВЕН,,,,,,,,,,,,,,
warehouse_lot,176df9ba-e086-4e65-b29f-4029300364e0,Warehouse / Central stock,a32607c0-dceb-4688-b812-d1ed6277c701,Opening (MoneyWorks),0.03,0.03,0.2,,2026-02-16,,,2026-08-08T07:51:36.989+00:00,,,,,,,,,,,,,,,,,,,materials,,a32607c0-dceb-4688-b812-d1ed6277c701,be90907c-efb9-4513-a525-0dfe06899d0b,79,,,0. СКЛАД - ОСНОВЕН,,,,,,,,,,,,,,
warehouse_lot,176df9ba-e086-4e65-b29f-4029300364e0,Warehouse / Central stock,d976f25f-80e3-4c14-8bce-92636cb76262,Opening (MoneyWorks),1.45,1.21,0.2,,2026-08-08,,,2026-08-08T07:51:36.989+00:00,,,,,,,,,,,,,,,,,,,materials,,d976f25f-80e3-4c14-8bce-92636cb76262,cbe50686-7177-4e98-aa26-daa9344ad6f5,4,,,0. СКЛАД - ОСНОВЕН,,,,,,,,,,,,,,
warehouse_lot,176df9ba-e086-4e65-b29f-4029300364e0,Warehouse / Central stock,6e51c833-efcd-434e-a401-3897274f8a2f,Opening (MoneyWorks),0.02,0.02,0.2,,2026-02-16,,,2026-08-08T07:51:36.989+00:00,,,,,,,,,,,,,,,,,,,materials,,6e51c833-efcd-434e-a401-3897274f8a2f,27ab473c-ca86-417b-9fc8-a9fd18f00b00,147,,,0. СКЛАД - ОСНОВЕН,,,,,,,,,,,,,,
warehouse_lot,176df9ba-e086-4e65-b29f-4029300364e0,Warehouse / Central stock,f8f6e159-7a02-4654-be4d-cdb53900dc90,Opening (MoneyWorks),0.02,0.02,0.2,,2026-08-08,,,2026-08-08T07:51:36.989+00:00,,,,,,,,,,,,,,,,,,,materials,,f8f6e159-7a02-4654-be4d-cdb53900dc90,b58e7dca-bf70-41c6-a59e-44596f6c286e,490,,,0. СКЛАД - ОСНОВЕН,,,,,,,,,,,,,,
warehouse_lot,176df9ba-e086-4e65-b29f-4029300364e0,Warehouse / Central stock,1369c015-f6cb-48db-9ca1-f8334c3d1fe7,Opening (MoneyWorks),0.01,0.01,0.2,,2026-02-16,,,2026-08-08T07:51:36.989+00:00,,,,,,,,,,,,,,,,,,,materials,,1369c015-f6cb-48db-9ca1-f8334c3d1fe7,2bba0cbe-1bdc-4491-8f80-50b54f4da221,148,,,0. СКЛАД - ОСНОВЕН,,,,,,,,,,,,,,
warehouse_lot,176df9ba-e086-4e65-b29f-4029300364e0,Warehouse / Central stock,1b5b76f1-3576-498b-967b-9bb1d9426c7c,Opening (MoneyWorks),0,0,0.2,,2026-08-08,,,2026-08-08T07:51:36.989+00:00,,,,,,,,,,,,,,,,,,,materials,,1b5b76f1-3576-498b-967b-9bb1d9426c7c,e62e9a3f-729c-48de-b3ca-eea9617f541d,200,,,0. СКЛАД - ОСНОВЕН,,,,,,,,,,,,,,
warehouse_lot,176df9ba-e086-4e65-b29f-4029300364e0,Warehouse / Central stock,33e48fdb-a4c8-45e5-864d-09118985a89c,Opening (MoneyWorks),0,0,0.2,,2026-08-08,,,2026-08-08T07:51:36.989+00:00,,,,,,,,,,,,,,,,,,,materials,,33e48fdb-a4c8-45e5-864d-09118985a89c,2a073688-0b36-49a6-886b-83feff7b467d,456,,,0. СКЛАД - ОСНОВЕН,,,,,,,,,,,,,,
warehouse_lot,176df9ba-e086-4e65-b29f-4029300364e0,Warehouse / Central stock,d534651e-2381-460f-a0dd-7fae9fee4473,Opening (MoneyWorks),0,0,0.2,,2026-08-08,,,2026-08-08T07:51:36.989+00:00,,,,,,,,,,,,,,,,,,,materials,,d534651e-2381-460f-a0dd-7fae9fee4473,8422d9ff-b4d3-4895-a049-42d22b43b78b,435,,,0. СКЛАД - ОСНОВЕН,,,,,,,,,,,,,,
warehouse_lot,176df9ba-e086-4e65-b29f-4029300364e0,Warehouse / Central stock,f07f4f64-997e-45aa-9cb2-af1f455f118a,Opening (MoneyWorks),0.035789999999999995,0.03,0.2,,2026-02-16,,,2026-08-08T07:51:36.989+00:00,,,,,,,,,,,,,,,,,,,materials,,f07f4f64-997e-45aa-9cb2-af1f455f118a,f41f2c0f-a17f-46f2-ad1f-4bde9151fa80,65,,,0. СКЛАД - ОСНОВЕН,,,,,,,,,,,,,,
warehouse_lot,176df9ba-e086-4e65-b29f-4029300364e0,Warehouse / Central stock,19bce421-e9a5-4153-8085-11c39187184b,Opening (MoneyWorks),0.04,0.03,0.2,,2026-02-16,,,2026-08-08T07:51:36.989+00:00,,,,,,,,,,,,,,,,,,,materials,,19bce421-e9a5-4153-8085-11c39187184b,b922662b-1752-498f-99fa-b40ed25a4163,178,,,0. СКЛАД - ОСНОВЕН,,,,,,,,,,,,,,
warehouse_lot,176df9ba-e086-4e65-b29f-4029300364e0,Warehouse / Central stock,cc618dc6-b12d-4385-95a1-f220f3d31029,Opening (MoneyWorks),0.03,0.03,0.2,,2026-02-16,,,2026-08-08T07:51:36.989+00:00,,,,,,,,,,,,,,,,,,,materials,,cc618dc6-b12d-4385-95a1-f220f3d31029,474e0da3-cf71-40c5-92c6-72786e10ffe2,65,,,0. СКЛАД - ОСНОВЕН,,,,,,,,,,,,,,
warehouse_lot,176df9ba-e086-4e65-b29f-4029300364e0,Warehouse / Central stock,4a47a6dc-61b5-4eb5-a213-932aa01dcdbb,Opening (MoneyWorks),0.86,0.72,0.2,,2026-08-08,,,2026-08-08T07:51:36.989+00:00,,,,,,,,,,,,,,,,,,,materials,,4a47a6dc-61b5-4eb5-a213-932aa01dcdbb,3280de9c-11f7-49de-826b-c1a39e5eb9da,38,,,0. СКЛАД - ОСНОВЕН,,,,,,,,,,,,,,
warehouse_lot,176df9ba-e086-4e65-b29f-4029300364e0,Warehouse / Central stock,d233c4a2-6559-4d2a-a5eb-a460bde17952,Opening (MoneyWorks),0.03,0.03,0.2,,2026-02-02,,,2026-08-08T07:51:36.989+00:00,,,,,,,,,,,,,,,,,,,materials,,d233c4a2-6559-4d2a-a5eb-a460bde17952,4fccdb2d-ea8e-4153-bf55-d3a16b0a6bd5,47,,,0. СКЛАД - ОСНОВЕН,,,,,,,,,,,,,,
warehouse_lot,176df9ba-e086-4e65-b29f-4029300364e0,Warehouse / Central stock,fa1b499c-fdbf-4d72-af45-db59de089961,Opening (MoneyWorks),0.08,0.07,0.2,,2026-08-08,,,2026-08-08T07:51:36.989+00:00,,,,,,,,,,,,,,,,,,,materials,,fa1b499c-fdbf-4d72-af45-db59de089961,b8e1e0f1-ea8a-4751-a4e0-af2b6945e52c,136,,,0. СКЛАД - ОСНОВЕН,,,,,,,,,,,,,,
warehouse_lot,176df9ba-e086-4e65-b29f-4029300364e0,Warehouse / Central stock,0c793090-d427-4566-8b7d-a772e03397c2,Opening (MoneyWorks),3.09,2.58,0.2,,2026-02-12,,,2026-08-08T07:51:36.99+00:00,,,,,,,,,,,,,,,,,,,materials,,0c793090-d427-4566-8b7d-a772e03397c2,b340918a-8308-4e6d-9dd9-27218e4cbbd5,11,,,0. СКЛАД - ОСНОВЕН,,,,,,,,,,,,,,
warehouse_lot,176df9ba-e086-4e65-b29f-4029300364e0,Warehouse / Central stock,6ca82bf2-76a3-410a-aaee-f7811ee237de,Opening (MoneyWorks),0.5112918811962185,0.43,0.2,,2025-08-22,,,2026-08-08T07:51:36.99+00:00,,,,,,,,,,,,,,,,,,,materials,,6ca82bf2-76a3-410a-aaee-f7811ee237de,41a512ec-61f5-4e34-8344-8a8432682f77,5,,,0. СКЛАД - ОСНОВЕН,,,,,,,,,,,,,,
warehouse_lot,176df9ba-e086-4e65-b29f-4029300364e0,Warehouse / Central stock,aed73822-fb1f-439e-b783-7b7b82119914,Opening (MoneyWorks),0.0164,0.01,0.2,,2026-03-12,,,2026-08-08T07:51:36.99+00:00,,,,,,,,,,,,,,,,,,,materials,,aed73822-fb1f-439e-b783-7b7b82119914,521917f7-b914-44b8-8f22-19a8ec569fc1,215,,,0. СКЛАД - ОСНОВЕН,,,,,,,,,,,,,,
warehouse_lot,176df9ba-e086-4e65-b29f-4029300364e0,Warehouse / Central stock,d4173ed6-bff3-4b64-a4cf-0f8addf8c203,Opening (MoneyWorks),0.5112918811962185,0.43,0.2,,2025-08-22,,,2026-08-08T07:51:36.99+00:00,,,,,,,,,,,,,,,,,,,materials,,d4173ed6-bff3-4b64-a4cf-0f8addf8c203,05f2333f-ab45-4f80-a2f5-36d80b4984aa,4,,,0. СКЛАД - ОСНОВЕН,,,,,,,,,,,,,,
warehouse_lot,176df9ba-e086-4e65-b29f-4029300364e0,Warehouse / Central stock,b2e9e919-b85d-41d7-85e2-0a524ea72d7c,Opening (MoneyWorks),0.5112918811962185,0.43,0.2,,2025-08-22,,,2026-08-08T07:51:36.99+00:00,,,,,,,,,,,,,,,,,,,materials,,b2e9e919-b85d-41d7-85e2-0a524ea72d7c,30394d50-a205-4df9-a9d2-cbeb60983caf,5,,,0. СКЛАД - ОСНОВЕН,,,,,,,,,,,,,,
warehouse_lot,176df9ba-e086-4e65-b29f-4029300364e0,Warehouse / Central stock,27ea2498-4456-454d-aecc-0b75bd1671c1,Opening (MoneyWorks),6.97,5.81,0.2,,2026-08-08,,,2026-08-08T07:51:36.99+00:00,,,,,,,,,,,,,,,,,,,materials,,27ea2498-4456-454d-aecc-0b75bd1671c1,2d66dfc2-e8c1-479f-afa3-c5a9e94a2d32,2,,,0. СКЛАД - ОСНОВЕН,,,,,,,,,,,,,,
warehouse_lot,176df9ba-e086-4e65-b29f-4029300364e0,Warehouse / Central stock,2153cbf2-253a-4077-b885-35b1a8107624,Opening (MoneyWorks),0.5112918811962185,0.43,0.2,,2025-08-22,,,2026-08-08T07:51:36.99+00:00,,,,,,,,,,,,,,,,,,,materials,,2153cbf2-253a-4077-b885-35b1a8107624,ceb984b5-7e16-4f47-8231-e10dbd863761,12,,,0. СКЛАД - ОСНОВЕН,,,,,,,,,,,,,,
warehouse_lot,176df9ba-e086-4e65-b29f-4029300364e0,Warehouse / Central stock,0cceb333-e7d1-49a6-96fc-acdf04b7c880,Opening (MoneyWorks),0.5112918811962185,0.43,0.2,,2025-08-22,,,2026-08-08T07:51:36.99+00:00,,,,,,,,,,,,,,,,,,,materials,,0cceb333-e7d1-49a6-96fc-acdf04b7c880,26978946-5d70-49d6-a5ee-0981b268a9a5,1,,,0. СКЛАД - ОСНОВЕН,,,,,,,,,,,,,,
warehouse_lot,176df9ba-e086-4e65-b29f-4029300364e0,Warehouse / Central stock,84e5e5d3-2dd4-40c2-ab34-f16156988351,Opening (MoneyWorks),2.991047,2.49,0.2,,2026-08-08,,,2026-08-08T07:51:36.99+00:00,,,,,,,,,,,,,,,,,,,materials,,84e5e5d3-2dd4-40c2-ab34-f16156988351,f7d340b0-2895-4c2a-b7de-9b246f57c6ea,27,,,0. СКЛАД - ОСНОВЕН,,,,,,,,,,,,,,
warehouse_lot,176df9ba-e086-4e65-b29f-4029300364e0,Warehouse / Central stock,7b970668-2fda-44de-af92-3a74179433ea,Opening (MoneyWorks),1.5,1.25,0.2,,2026-08-08,,,2026-08-08T07:51:36.99+00:00,,,,,,,,,,,,,,,,,,,materials,,7b970668-2fda-44de-af92-3a74179433ea,eba21406-3704-446d-9743-75d57d133146,12,,,0. СКЛАД - ОСНОВЕН,,,,,,,,,,,,,,
warehouse_lot,176df9ba-e086-4e65-b29f-4029300364e0,Warehouse / Central stock,08987eb0-fc68-49b6-9833-cfa7af6f9ade,Opening (MoneyWorks),1.72,1.43,0.2,,2026-06-25,,,2026-08-08T07:51:36.99+00:00,,,,,,,,,,,,,,,,,,,materials,,08987eb0-fc68-49b6-9833-cfa7af6f9ade,85c16233-b58c-47fd-82be-3a94bf042205,11,,,0. СКЛАД - ОСНОВЕН,,,,,,,,,,,,,,
warehouse_lot,176df9ba-e086-4e65-b29f-4029300364e0,Warehouse / Central stock,f8a24d86-5087-4480-ae38-9657c8381951,Opening (MoneyWorks),4.22,3.52,0.2,,2026-08-08,,,2026-08-08T07:51:36.99+00:00,,,,,,,,,,,,,,,,,,,materials,,f8a24d86-5087-4480-ae38-9657c8381951,d182e13a-ae4c-4ac8-929c-0c5670303fff,4,,,0. СКЛАД - ОСНОВЕН,,,,,,,,,,,,,,
warehouse_lot,176df9ba-e086-4e65-b29f-4029300364e0,Warehouse / Central stock,3a347c47-4731-4830-824f-8c453cd3fac7,Opening (MoneyWorks),13.43,11.19,0.2,,2026-08-08,,,2026-08-08T07:51:36.99+00:00,,,,,,,,,,,,,,,,,,,materials,,3a347c47-4731-4830-824f-8c453cd3fac7,b3249b66-6813-4428-810e-01c8b22c8807,1,,,0. СКЛАД - ОСНОВЕН,,,,,,,,,,,,,,
warehouse_lot,176df9ba-e086-4e65-b29f-4029300364e0,Warehouse / Central stock,24a52e3b-1ace-49d5-a319-aded089792d8,Opening (MoneyWorks),2.04,1.7,0.2,,2026-08-08,,,2026-08-08T07:51:36.99+00:00,,,,,,,,,,,,,,,,,,,materials,,24a52e3b-1ace-49d5-a319-aded089792d8,7f5a48f3-696d-43a2-9015-a1102e9d2c43,4,,,0. СКЛАД - ОСНОВЕН,,,,,,,,,,,,,,
warehouse_lot,176df9ba-e086-4e65-b29f-4029300364e0,Warehouse / Central stock,ce80697b-85ee-4a3e-946a-63bf8f68e281,Opening (MoneyWorks),0.5112918811962185,0.43,0.2,,2025-08-22,,,2026-08-08T07:51:36.99+00:00,,,,,,,,,,,,,,,,,,,materials,,ce80697b-85ee-4a3e-946a-63bf8f68e281,08eb7ef0-2ee6-4aef-9839-f391d1a2e42a,1,,,0. СКЛАД - ОСНОВЕН,,,,,,,,,,,,,,
warehouse_lot,176df9ba-e086-4e65-b29f-4029300364e0,Warehouse / Central stock,c3fa92b6-d5d9-42b6-bce1-1c461082b886,Opening (MoneyWorks),1.34,1.12,0.2,,2026-08-08,,,2026-08-08T07:51:36.99+00:00,,,,,,,,,,,,,,,,,,,materials,,c3fa92b6-d5d9-42b6-bce1-1c461082b886,59478785-96f4-4f9a-8a52-3e4c9f56c65c,43,,,0. СКЛАД - ОСНОВЕН,,,,,,,,,,,,,,
warehouse_lot,176df9ba-e086-4e65-b29f-4029300364e0,Warehouse / Central stock,348ecea8-7b6d-4c7e-bf7b-e0f00d468e32,Opening (MoneyWorks),1.98,1.65,0.2,,2026-08-08,,,2026-08-08T07:51:36.99+00:00,,,,,,,,,,,,,,,,,,,materials,,348ecea8-7b6d-4c7e-bf7b-e0f00d468e32,ae1da60b-44e6-4e0b-891a-6209c42555e0,10,,,0. СКЛАД - ОСНОВЕН,,,,,,,,,,,,,,
warehouse_lot,176df9ba-e086-4e65-b29f-4029300364e0,Warehouse / Central stock,82208be6-526a-4cbb-a18d-9f35221874c3,Opening (MoneyWorks),0.8,0.67,0.2,,2026-08-08,,,2026-08-08T07:51:36.99+00:00,,,,,,,,,,,,,,,,,,,materials,,82208be6-526a-4cbb-a18d-9f35221874c3,556d4f0d-66bb-48be-b416-bcd7d27c48c9,14,,,0. СКЛАД - ОСНОВЕН,,,,,,,,,,,,,,
warehouse_lot,176df9ba-e086-4e65-b29f-4029300364e0,Warehouse / Central stock,4881488c-7676-48b8-8c97-3c8f0db2916f,Opening (MoneyWorks),1.9,1.58,0.2,,2026-08-08,,,2026-08-08T07:51:36.99+00:00,,,,,,,,,,,,,,,,,,,materials,,4881488c-7676-48b8-8c97-3c8f0db2916f,23a885d9-060e-4175-bf6e-996e865714db,8,,,0. СКЛАД - ОСНОВЕН,,,,,,,,,,,,,,
warehouse_lot,176df9ba-e086-4e65-b29f-4029300364e0,Warehouse / Central stock,c85ea654-4910-42ab-9aa1-f1eb7013fff2,Opening (MoneyWorks),56.5,47.08,0.2,,2026-08-08,,,2026-08-08T07:51:36.99+00:00,,,,,,,,,,,,,,,,,,,materials,,c85ea654-4910-42ab-9aa1-f1eb7013fff2,70256251-2fcc-46e9-b4a9-45f85880b84c,2,,,System - 90kW Volkswagen (59),,,,,,,,,,,,,,f04d93d4-fb64-4e21-b009-81842c5d8d59
warehouse_lot,176df9ba-e086-4e65-b29f-4029300364e0,Warehouse / Central stock,45995748-ddd1-4d0a-b178-f800210e5d4e,Opening (MoneyWorks),0.64,0.53,0.2,,2026-08-08,,,2026-08-08T07:51:36.99+00:00,,,,,,,,,,,,,,,,,,,materials,,45995748-ddd1-4d0a-b178-f800210e5d4e,5c40c18d-33a2-4217-b7bd-51682cebc0ca,2,,,0. СКЛАД - ОСНОВЕН,,,,,,,,,,,,,,
warehouse_lot,176df9ba-e086-4e65-b29f-4029300364e0,Warehouse / Central stock,456f5adc-5b72-4d49-9a00-095279e97c42,Opening (MoneyWorks),1.2,1,0.2,,2026-08-08,,,2026-08-08T07:51:36.99+00:00,,,,,,,,,,,,,,,,,,,materials,,456f5adc-5b72-4d49-9a00-095279e97c42,92ff1821-6f3d-4b3e-9391-18c0d4af3b07,15,,,0. СКЛАД - ОСНОВЕН,,,,,,,,,,,,,,
warehouse_lot,176df9ba-e086-4e65-b29f-4029300364e0,Warehouse / Central stock,f72c247c-c9a7-4147-a1ee-319f75002194,Opening (MoneyWorks),1.68,1.4,0.2,,2026-08-08,,,2026-08-08T07:51:36.99+00:00,,,,,,,,,,,,,,,,,,,materials,,f72c247c-c9a7-4147-a1ee-319f75002194,deaec3db-5407-4b25-9d03-0efad36beb23,7,,,0. СКЛАД - ОСНОВЕН,,,,,,,,,,,,,,
warehouse_lot,176df9ba-e086-4e65-b29f-4029300364e0,Warehouse / Central stock,63d94c92-3078-43f8-b9c3-2053e3dee499,Opening (MoneyWorks),274.58,228.82,0.2,,2026-03-31,,,2026-08-08T07:51:36.99+00:00,,,,,,,,,,,,,,,,,,,materials,,63d94c92-3078-43f8-b9c3-2053e3dee499,0ab42716-04dd-4697-b1d4-5196544df3b8,9,,,System - 90kW Volkswagen (59),,,,,,,,,,,,,,f04d93d4-fb64-4e21-b009-81842c5d8d59
warehouse_lot,176df9ba-e086-4e65-b29f-4029300364e0,Warehouse / Central stock,89607037-dad0-4ecc-b51b-ffb033120741,Opening (MoneyWorks),1.9991439999999998,1.67,0.2,,2025-09-09,,,2026-08-08T07:51:36.99+00:00,,,,,,,,,,,,,,,,,,,materials,,89607037-dad0-4ecc-b51b-ffb033120741,ef03e1a5-b478-4767-9c15-2236a63f3858,31,,,0. СКЛАД - ОСНОВЕН,,,,,,,,,,,,,,
warehouse_lot,176df9ba-e086-4e65-b29f-4029300364e0,Warehouse / Central stock,8abce4f5-1146-4cb1-8480-6ba624f125a0,Opening (MoneyWorks),0,0,0.2,,2026-08-08,,,2026-08-08T07:51:36.99+00:00,,,,,,,,,,,,,,,,,,,materials,,8abce4f5-1146-4cb1-8480-6ba624f125a0,038f0168-1da1-4032-9d44-cf05f8f35298,2,,,0. СКЛАД - ОСНОВЕН,,,,,,,,,,,,,,
warehouse_lot,176df9ba-e086-4e65-b29f-4029300364e0,Warehouse / Central stock,ebdb1e50-cd0e-4e64-825c-55afbe8a1be3,Opening (MoneyWorks),12.628909465546597,10.52,0.2,,2025-10-17,,,2026-08-08T07:51:36.99+00:00,,,,,,,,,,,,,,,,,,,materials,,ebdb1e50-cd0e-4e64-825c-55afbe8a1be3,4669dcc0-34ae-416b-8fee-94b48ab52bb8,7,,,0. СКЛАД - ОСНОВЕН,,,,,,,,,,,,,,
warehouse_lot,176df9ba-e086-4e65-b29f-4029300364e0,Warehouse / Central stock,45c5df75-5ed7-45d8-adbd-6235300d67c0,Opening (MoneyWorks),1.7,1.42,0.2,,2026-08-08,,,2026-08-08T07:51:36.99+00:00,,,,,,,,,,,,,,,,,,,materials,,45c5df75-5ed7-45d8-adbd-6235300d67c0,7e5fb506-dd80-4e4c-8d7a-2164873b5b21,4,,,0. СКЛАД - ОСНОВЕН,,,,,,,,,,,,,,
warehouse_lot,176df9ba-e086-4e65-b29f-4029300364e0,Warehouse / Central stock,835f4953-ae3b-415c-a3c9-7b4101093943,Opening (MoneyWorks),2.79,2.33,0.2,,2026-08-08,,,2026-08-08T07:51:36.99+00:00,,,,,,,,,,,,,,,,,,,materials,,835f4953-ae3b-415c-a3c9-7b4101093943,ac5c6262-08a4-413b-a62f-a33b2fb33464,66,,,0. СКЛАД - ОСНОВЕН,,,,,,,,,,,,,,
warehouse_lot,176df9ba-e086-4e65-b29f-4029300364e0,Warehouse / Central stock,974201ee-e440-4ff2-80fe-1e45d8f51bf2,Opening (MoneyWorks),0.9612287366488907,0.8,0.2,,2026-08-08,,,2026-08-08T07:51:36.99+00:00,,,,,,,,,,,,,,,,,,,materials,,974201ee-e440-4ff2-80fe-1e45d8f51bf2,2315a289-d5ed-45cf-b3de-988aa91d8d9a,5,,,0. СКЛАД - ОСНОВЕН,,,,,,,,,,,,,,
warehouse_lot,176df9ba-e086-4e65-b29f-4029300364e0,Warehouse / Central stock,122b555f-293a-449b-9946-0afb76268252,Opening (MoneyWorks),6.77,5.64,0.2,,2026-08-08,,,2026-08-08T07:51:36.99+00:00,,,,,,,,,,,,,,,,,,,materials,,122b555f-293a-449b-9946-0afb76268252,1ffe0a5e-8351-4f55-9d55-dbfd68c72740,4,,,0. СКЛАД - ОСНОВЕН,,,,,,,,,,,,,,
warehouse_lot,176df9ba-e086-4e65-b29f-4029300364e0,Warehouse / Central stock,1c396dc7-0979-4b7d-a7e7-1144889988e4,Opening (MoneyWorks),1.6,1.33,0.2,,2025-08-22,,,2026-08-08T07:51:36.991+00:00,,,,,,,,,,,,,,,,,,,materials,,1c396dc7-0979-4b7d-a7e7-1144889988e4,073dca29-0666-4aef-b579-63e616a73a38,5,,,0. СКЛАД - ОСНОВЕН,,,,,,,,,,,,,,
warehouse_lot,176df9ba-e086-4e65-b29f-4029300364e0,Warehouse / Central stock,fa80a37a-b49b-412b-beed-c7b710b49d71,Opening (MoneyWorks),2.055386,1.71,0.2,,2025-09-09,,,2026-08-08T07:51:36.991+00:00,,,,,,,,,,,,,,,,,,,materials,,fa80a37a-b49b-412b-beed-c7b710b49d71,99ecf1b7-191e-4169-974e-973c1d362ab2,14,,,0. СКЛАД - ОСНОВЕН,,,,,,,,,,,,,,
warehouse_lot,176df9ba-e086-4e65-b29f-4029300364e0,Warehouse / Central stock,2621643d-4d58-4281-8faa-9226de3250f9,Opening (MoneyWorks),27.64,23.03,0.2,,2026-08-08,,,2026-08-08T07:51:36.991+00:00,,,,,,,,,,,,,,,,,,,materials,,2621643d-4d58-4281-8faa-9226de3250f9,31c44902-5e7b-4a63-8868-03c45a7fee5f,1,,,0. СКЛАД - ОСНОВЕН,,,,,,,,,,,,,,
warehouse_lot,176df9ba-e086-4e65-b29f-4029300364e0,Warehouse / Central stock,45795751-5945-42c4-ad6c-0948841deff2,Opening (MoneyWorks),1.1,0.92,0.2,,2025-08-22,,,2026-08-08T07:51:36.991+00:00,,,,,,,,,,,,,,,,,,,materials,,45795751-5945-42c4-ad6c-0948841deff2,642e0886-27a0-4204-93d5-062b9c544efd,1,,,0. СКЛАД - ОСНОВЕН,,,,,,,,,,,,,,
warehouse_lot,176df9ba-e086-4e65-b29f-4029300364e0,Warehouse / Central stock,766f4df5-aa3f-4413-ac53-16c66998b9c5,Opening (MoneyWorks),0.83,0.69,0.2,,2026-02-03,,,2026-08-08T07:51:36.991+00:00,,,,,,,,,,,,,,,,,,,materials,,766f4df5-aa3f-4413-ac53-16c66998b9c5,6a16bd05-1853-4fe1-8c71-98985a370f7c,16,,,0. СКЛАД - ОСНОВЕН,,,,,,,,,,,,,,
warehouse_lot,176df9ba-e086-4e65-b29f-4029300364e0,Warehouse / Central stock,9aa1eb30-fba1-4370-84cb-113085c59031,Opening (MoneyWorks),1.14,0.95,0.2,,2026-08-08,,,2026-08-08T07:51:36.991+00:00,,,,,,,,,,,,,,,,,,,materials,,9aa1eb30-fba1-4370-84cb-113085c59031,70dce9f4-86a1-483c-85ae-05fa458615a2,17,,,0. СКЛАД - ОСНОВЕН,,,,,,,,,,,,,,
warehouse_lot,176df9ba-e086-4e65-b29f-4029300364e0,Warehouse / Central stock,8df4ca59-8057-4e21-b1db-81d5e66aaa6f,Opening (MoneyWorks),4.05,3.38,0.2,,2026-08-08,,,2026-08-08T07:51:36.991+00:00,,,,,,,,,,,,,,,,,,,materials,,8df4ca59-8057-4e21-b1db-81d5e66aaa6f,8b382989-6dd1-4cdd-ad35-c6e262f45c57,2,,,0. СКЛАД - ОСНОВЕН,,,,,,,,,,,,,,
warehouse_lot,176df9ba-e086-4e65-b29f-4029300364e0,Warehouse / Central stock,ab182ba1-b7c8-45a8-b831-438212bca69b,Opening (MoneyWorks),1.46,1.22,0.2,,2026-03-13,,,2026-08-08T07:51:36.991+00:00,,,,,,,,,,,,,,,,,,,materials,,ab182ba1-b7c8-45a8-b831-438212bca69b,48323d5d-6459-4589-a2d9-e18cc968a800,30,,,0. СКЛАД - ОСНОВЕН,,,,,,,,,,,,,,
warehouse_lot,176df9ba-e086-4e65-b29f-4029300364e0,Warehouse / Central stock,7bf0a6ee-6b1b-41ed-8e31-97ee4c988aef,Opening (MoneyWorks),0.72,0.6,0.2,,2026-08-08,,,2026-08-08T07:51:36.991+00:00,,,,,,,,,,,,,,,,,,,materials,,7bf0a6ee-6b1b-41ed-8e31-97ee4c988aef,e72e4c74-7cbc-40ff-a0cc-26001f4b5893,15,,,0. СКЛАД - ОСНОВЕН,,,,,,,,,,,,,,
warehouse_lot,176df9ba-e086-4e65-b29f-4029300364e0,Warehouse / Central stock,f41121fc-587e-4173-b5c0-179a959e9cfc,Opening (MoneyWorks),0.79,0.66,0.2,,2026-06-25,,,2026-08-08T07:51:36.991+00:00,,,,,,,,,,,,,,,,,,,materials,,f41121fc-587e-4173-b5c0-179a959e9cfc,4fb34db3-b815-441b-aff1-8798ed1074cb,18,,,0. СКЛАД - ОСНОВЕН,,,,,,,,,,,,,,
warehouse_lot,176df9ba-e086-4e65-b29f-4029300364e0,Warehouse / Central stock,8c3de94b-fb3a-41a7-997f-fdf445e1870d,Opening (MoneyWorks),1.789515,1.49,0.2,,2026-08-08,,,2026-08-08T07:51:36.991+00:00,,,,,,,,,,,,,,,,,,,materials,,8c3de94b-fb3a-41a7-997f-fdf445e1870d,afc133c0-0d4a-4144-aa30-5d530f34112e,10,,,0. СКЛАД - ОСНОВЕН,,,,,,,,,,,,,,
warehouse_lot,176df9ba-e086-4e65-b29f-4029300364e0,Warehouse / Central stock,56040f8b-4f02-4992-bebb-5b84d9f3c764,Opening (MoneyWorks),2.234337,1.86,0.2,,2025-08-22,,,2026-08-08T07:51:36.991+00:00,,,,,,,,,,,,,,,,,,,materials,,56040f8b-4f02-4992-bebb-5b84d9f3c764,e199f619-5923-4a60-a88a-d83bc0feb6a0,13,,,0. СКЛАД - ОСНОВЕН,,,,,,,,,,,,,,
warehouse_lot,176df9ba-e086-4e65-b29f-4029300364e0,Warehouse / Central stock,dfcd660e-7552-4691-85dc-579cf4b69a21,Opening (MoneyWorks),0.9203253861531933,0.77,0.2,,2026-06-25,,,2026-08-08T07:51:36.991+00:00,,,,,,,,,,,,,,,,,,,materials,,dfcd660e-7552-4691-85dc-579cf4b69a21,a66a81e5-887f-456e-8295-4b1a809ae16f,21,,,0. СКЛАД - ОСНОВЕН,,,,,,,,,,,,,,
warehouse_lot,176df9ba-e086-4e65-b29f-4029300364e0,Warehouse / Central stock,acf69a52-3476-48cd-8d02-18853554a0c7,Opening (MoneyWorks),5.08,4.23,0.2,,2026-08-08,,,2026-08-08T07:51:36.992+00:00,,,,,,,,,,,,,,,,,,,materials,,acf69a52-3476-48cd-8d02-18853554a0c7,473faa85-d027-4f53-9cc9-9f352672fe3a,1,,,0. СКЛАД - ОСНОВЕН,,,,,,,,,,,,,,
warehouse_lot,176df9ba-e086-4e65-b29f-4029300364e0,Warehouse / Central stock,8dcd7412-06a6-47c9-968f-ac88afa63f9a,Opening (MoneyWorks),2.54,2.12,0.2,,2026-08-08,,,2026-08-08T07:51:36.992+00:00,,,,,,,,,,,,,,,,,,,materials,,8dcd7412-06a6-47c9-968f-ac88afa63f9a,c36d0e09-96c4-4a31-aea9-90b6d877a014,2,,,0. СКЛАД - ОСНОВЕН,,,,,,,,,,,,,,
warehouse_lot,176df9ba-e086-4e65-b29f-4029300364e0,Warehouse / Central stock,99d53363-5c7b-476c-a230-33f4ea9c2f6c,Opening (MoneyWorks),17.98,14.98,0.2,,2026-02-06,,,2026-08-08T07:51:36.992+00:00,,,,,,,,,,,,,,,,,,,materials,,99d53363-5c7b-476c-a230-33f4ea9c2f6c,9920f114-4549-4aa7-ac48-f3ca01d52bc7,7,,,0. СКЛАД - ОСНОВЕН,,,,,,,,,,,,,,
warehouse_lot,176df9ba-e086-4e65-b29f-4029300364e0,Warehouse / Central stock,8227c5b3-9760-4a71-9f68-559efc28b5b4,Opening (MoneyWorks),67.2,56,0.2,,2026-06-24,,,2026-08-08T07:51:36.992+00:00,,,,,,,,,,,,,,,,,,,materials,,8227c5b3-9760-4a71-9f68-559efc28b5b4,95fee090-9ac1-4a1c-98da-ea6d1ddf3a2a,10.7,,,0. СКЛАД - ОСНОВЕН,,,,,,,,,,,,,,
warehouse_lot,176df9ba-e086-4e65-b29f-4029300364e0,Warehouse / Central stock,d0ebc5f4-d3ee-412a-a3b7-ee95435c9593,Opening (MoneyWorks),0.51129,0.43,0.2,,2025-08-22,,,2026-08-08T07:51:36.992+00:00,,,,,,,,,,,,,,,,,,,materials,,d0ebc5f4-d3ee-412a-a3b7-ee95435c9593,498ac23c-f847-46b1-adb5-c8d18592e3b4,5,,,0. СКЛАД - ОСНОВЕН,,,,,,,,,,,,,,
warehouse_lot,176df9ba-e086-4e65-b29f-4029300364e0,Warehouse / Central stock,135f95a8-261b-4626-83bf-7d23229a7789,Opening (MoneyWorks),2.919466,2.43,0.2,,2025-08-22,,,2026-08-08T07:51:36.992+00:00,,,,,,,,,,,,,,,,,,,materials,,135f95a8-261b-4626-83bf-7d23229a7789,5467ab50-ab23-4ab1-9b7a-4e6243f4a28a,5,,,0. СКЛАД - ОСНОВЕН,,,,,,,,,,,,,,
warehouse_lot,176df9ba-e086-4e65-b29f-4029300364e0,Warehouse / Central stock,5acadc69-b2f1-419f-8c80-dbd3c7498718,Opening (MoneyWorks),19.65,16.38,0.2,,2026-08-08,,,2026-08-08T07:51:36.992+00:00,,,,,,,,,,,,,,,,,,,materials,,5acadc69-b2f1-419f-8c80-dbd3c7498718,bf48372d-bb3a-4b5a-8144-e4c241db653d,1,,,0. СКЛАД - ОСНОВЕН,,,,,,,,,,,,,,
warehouse_lot,176df9ba-e086-4e65-b29f-4029300364e0,Warehouse / Central stock,55038b58-94af-41a3-853d-389ad7cc87cb,Opening (MoneyWorks),27.3,22.75,0.2,,2026-08-08,,,2026-08-08T07:51:36.992+00:00,,,,,,,,,,,,,,,,,,,materials,,55038b58-94af-41a3-853d-389ad7cc87cb,1a6825eb-ae52-4efe-9e9e-7a5afcbf1594,2,,,0. СКЛАД - ОСНОВЕН,,,,,,,,,,,,,,
warehouse_lot,176df9ba-e086-4e65-b29f-4029300364e0,Warehouse / Central stock,3c70eb8a-e78a-488f-b066-4785dc272e82,Opening (MoneyWorks),111.23279999999998,92.69,0.2,,2025-10-22,,,2026-08-08T07:51:36.992+00:00,,,,,,,,,,,,,,,,,,,materials,,3c70eb8a-e78a-488f-b066-4785dc272e82,4f4a2d49-906e-4e14-bbe8-750b96a4fa5a,449,,,0. СКЛАД - ОСНОВЕН,,,,,,,,,,,,,,
warehouse_lot,176df9ba-e086-4e65-b29f-4029300364e0,Warehouse / Central stock,62381c7d-1ad6-4d27-a5f1-8c5184d95518,Opening (MoneyWorks),7.59,6.33,0.2,,2026-08-08,,,2026-08-08T07:51:36.992+00:00,,,,,,,,,,,,,,,,,,,materials,,62381c7d-1ad6-4d27-a5f1-8c5184d95518,dd28cad2-bfa7-47dc-bd5f-88e24027f544,2,,,0. СКЛАД - ОСНОВЕН,,,,,,,,,,,,,,
warehouse_lot,176df9ba-e086-4e65-b29f-4029300364e0,Warehouse / Central stock,fd9a859f-931a-4acd-b5ef-ee47e7ef679c,Opening (MoneyWorks),12.6,10.5,0.2,,2026-01-12,,,2026-08-08T07:51:36.992+00:00,,,,,,,,,,,,,,,,,,,materials,,fd9a859f-931a-4acd-b5ef-ee47e7ef679c,4cf5b988-19f1-409c-9e4d-bfb37aac6562,370,,,0. СКЛАД - ОСНОВЕН,,,,,,,,,,,,,,
warehouse_lot,176df9ba-e086-4e65-b29f-4029300364e0,Warehouse / Central stock,05c7ef02-3f66-4d67-801b-b39c424b3929,Opening (MoneyWorks),4.1,3.42,0.2,,2025-08-22,,,2026-08-08T07:51:36.992+00:00,,,,,,,,,,,,,,,,,,,materials,,05c7ef02-3f66-4d67-801b-b39c424b3929,551c48d0-d812-4cb2-969d-0c1f91b54ea3,6,,,0. СКЛАД - ОСНОВЕН,,,,,,,,,,,,,,
warehouse_lot,176df9ba-e086-4e65-b29f-4029300364e0,Warehouse / Central stock,68037425-6c77-4dbd-858a-3f34f132f237,Opening (MoneyWorks),3.8,3.17,0.2,,2025-08-22,,,2026-08-08T07:51:36.992+00:00,,,,,,,,,,,,,,,,,,,materials,,68037425-6c77-4dbd-858a-3f34f132f237,1d7117dc-4682-4d73-8088-acb854743432,22,,,0. СКЛАД - ОСНОВЕН,,,,,,,,,,,,,,
warehouse_lot,176df9ba-e086-4e65-b29f-4029300364e0,Warehouse / Central stock,218f5cf1-ffc0-4a21-ba7a-523b460a5333,Opening (MoneyWorks),16.62,13.85,0.2,,2026-01-30,,,2026-08-08T07:51:36.992+00:00,,,,,,,,,,,,,,,,,,,materials,,218f5cf1-ffc0-4a21-ba7a-523b460a5333,d043a81e-f435-4eb4-979a-4788f1cd4430,20,,,0. СКЛАД - ОСНОВЕН,,,,,,,,,,,,,,
warehouse_lot,176df9ba-e086-4e65-b29f-4029300364e0,Warehouse / Central stock,17c069f3-1991-4684-8263-f3e62c711df7,Opening (MoneyWorks),2.32637,1.94,0.2,,2025-09-09,,,2026-08-08T07:51:36.992+00:00,,,,,,,,,,,,,,,,,,,materials,,17c069f3-1991-4684-8263-f3e62c711df7,2f199d0d-d1d9-4670-9674-4a32994d6122,22,,,0. СКЛАД - ОСНОВЕН,,,,,,,,,,,,,,
warehouse_lot,176df9ba-e086-4e65-b29f-4029300364e0,Warehouse / Central stock,5d3f29fa-cc5c-4bec-925b-5dc7fa3fdf24,Opening (MoneyWorks),1.36,1.13,0.2,,2026-08-08,,,2026-08-08T07:51:36.992+00:00,,,,,,,,,,,,,,,,,,,materials,,5d3f29fa-cc5c-4bec-925b-5dc7fa3fdf24,b2a56b5c-ea01-40d3-bf2f-f219ecc5153f,20,,,0. СКЛАД - ОСНОВЕН,,,,,,,,,,,,,,
warehouse_lot,176df9ba-e086-4e65-b29f-4029300364e0,Warehouse / Central stock,87f6781a-00e4-47e8-bdad-64b38ef3ab62,Opening (MoneyWorks),4.8,4,0.2,,2025-08-22,,,2026-08-08T07:51:36.992+00:00,,,,,,,,,,,,,,,,,,,materials,,87f6781a-00e4-47e8-bdad-64b38ef3ab62,1d50733b-cfe1-4ba8-8689-41a30ad81fb7,6,,,0. СКЛАД - ОСНОВЕН,,,,,,,,,,,,,,
warehouse_lot,176df9ba-e086-4e65-b29f-4029300364e0,Warehouse / Central stock,1e880608-931f-4cda-a527-cfe9eb6929a7,Opening (MoneyWorks),8.89,7.41,0.2,,2026-07-17,,,2026-08-08T07:51:36.993+00:00,,,,,,,,,,,,,,,,,,,materials,,1e880608-931f-4cda-a527-cfe9eb6929a7,7dd0bfa9-4e51-4462-98f8-9478e4b0df30,121,,,0. СКЛАД - ОСНОВЕН,,,,,,,,,,,,,,
warehouse_lot,176df9ba-e086-4e65-b29f-4029300364e0,Warehouse / Central stock,19939a45-522f-4690-bcee-d6afef31197f,Opening (MoneyWorks),91.18,75.98,0.2,,2026-06-15,,,2026-08-08T07:51:36.993+00:00,,,,,,,,,,,,,,,,,,,materials,,19939a45-522f-4690-bcee-d6afef31197f,cad83bc0-721c-43c5-b38e-7d65d2085523,4,,,0. СКЛАД - ОСНОВЕН,,,,,,,,,,,,,,
warehouse_lot,176df9ba-e086-4e65-b29f-4029300364e0,Warehouse / Central stock,31c14f17-56a2-4ea7-92a1-4e21065e2e65,Opening (MoneyWorks),3.49,2.91,0.2,,2026-04-08,,,2026-08-08T07:51:36.993+00:00,,,,,,,,,,,,,,,,,,,materials,,31c14f17-56a2-4ea7-92a1-4e21065e2e65,d5ba4e56-56cb-49ae-aa0f-a571a5df3535,10,,,0. СКЛАД - ОСНОВЕН,,,,,,,,,,,,,,
warehouse_lot,176df9ba-e086-4e65-b29f-4029300364e0,Warehouse / Central stock,8345ccdf-c75c-489c-8103-93a81e952094,Opening (MoneyWorks),30.57,25.48,0.2,,2025-10-09,,,2026-08-08T07:51:36.993+00:00,,,,,,,,,,,,,,,,,,,materials,,8345ccdf-c75c-489c-8103-93a81e952094,752113a1-7dfb-4404-ac9b-7eeca3395116,17,,,0. СКЛАД - ОСНОВЕН,,,,,,,,,,,,,,
warehouse_lot,176df9ba-e086-4e65-b29f-4029300364e0,Warehouse / Central stock,3292408f-cede-4055-af58-016a044fbadf,Opening (MoneyWorks),17.14,14.28,0.2,,2026-08-08,,,2026-08-08T07:51:36.993+00:00,,,,,,,,,,,,,,,,,,,materials,,3292408f-cede-4055-af58-016a044fbadf,a2001f7c-8559-408d-8f71-ca3a6c74e7d2,2,,,0. СКЛАД - ОСНОВЕН,,,,,,,,,,,,,,
warehouse_lot,176df9ba-e086-4e65-b29f-4029300364e0,Warehouse / Central stock,8f3e4406-8d24-4d59-b464-fa3626279ec9,Opening (MoneyWorks),13.498056,11.25,0.2,,2026-08-08,,,2026-08-08T07:51:36.993+00:00,,,,,,,,,,,,,,,,,,,materials,,8f3e4406-8d24-4d59-b464-fa3626279ec9,f2126145-1c8f-4724-937b-fe421fa957d8,1,,,0. СКЛАД - ОСНОВЕН,,,,,,,,,,,,,,
warehouse_lot,176df9ba-e086-4e65-b29f-4029300364e0,Warehouse / Central stock,17b503ce-782c-43b7-8802-fbc0641d891f,Opening (MoneyWorks),487.77245466119246,406.48,0.2,,2026-08-08,,,2026-08-08T07:51:36.993+00:00,,,,,,,,,,,,,,,,,,,materials,,17b503ce-782c-43b7-8802-fbc0641d891f,4d5ff1fd-631b-45ff-b745-291798076b28,2,,,0. СКЛАД - ОСНОВЕН,,,,,,,,,,,,,,
warehouse_lot,176df9ba-e086-4e65-b29f-4029300364e0,Warehouse / Central stock,584027ce-221e-4be6-8eaf-4b7dbeb54c05,Opening (MoneyWorks),3.885804,3.24,0.2,,2025-11-20,,,2026-08-08T07:51:36.993+00:00,,,,,,,,,,,,,,,,,,,materials,,584027ce-221e-4be6-8eaf-4b7dbeb54c05,7ed54bf9-fbf8-4d66-8841-779a1898ca96,2,,,0. СКЛАД - ОСНОВЕН,,,,,,,,,,,,,,
warehouse_lot,176df9ba-e086-4e65-b29f-4029300364e0,Warehouse / Central stock,1a4eda63-13a4-4dff-a307-08ee6e604809,Opening (MoneyWorks),28.46,23.72,0.2,,2026-08-08,,,2026-08-08T07:51:36.993+00:00,,,,,,,,,,,,,,,,,,,materials,,1a4eda63-13a4-4dff-a307-08ee6e604809,23461942-80eb-4cc4-af6e-3bc8b08a899c,1,,,0. СКЛАД - ОСНОВЕН,,,,,,,,,,,,,,
warehouse_lot,176df9ba-e086-4e65-b29f-4029300364e0,Warehouse / Central stock,eb040d47-4502-4278-bd69-d167738cd9e1,Opening (MoneyWorks),790.02,658.35,0.2,,2026-01-14,,,2026-08-08T07:51:36.993+00:00,,,,,,,,,,,,,,,,,,,materials,,eb040d47-4502-4278-bd69-d167738cd9e1,204c81d3-e877-462e-8f76-5f49bae4f67b,2,,,0. СКЛАД - ОСНОВЕН,,,,,,,,,,,,,,
warehouse_lot,176df9ba-e086-4e65-b29f-4029300364e0,Warehouse / Central stock,f9e1f003-2dbb-4128-a5a1-fe942a70cfaf,Opening (MoneyWorks),154.61,128.84,0.2,,2026-04-08,,,2026-08-08T07:51:36.993+00:00,,,,,,,,,,,,,,,,,,,materials,,f9e1f003-2dbb-4128-a5a1-fe942a70cfaf,a9ab3a58-057d-4162-99af-ae774a4662e2,10,,,0. СКЛАД - ОСНОВЕН,,,,,,,,,,,,,,
warehouse_lot,176df9ba-e086-4e65-b29f-4029300364e0,Warehouse / Central stock,3e1347b8-dee9-4bc5-a301-5e8452c5fa12,Opening (MoneyWorks),5.96,4.97,0.2,,2026-08-08,,,2026-08-08T07:51:36.993+00:00,,,,,,,,,,,,,,,,,,,materials,,3e1347b8-dee9-4bc5-a301-5e8452c5fa12,f44ab1f1-1d5b-496d-ab38-2bc20f0079ee,215,,,0. СКЛАД - ОСНОВЕН,,,,,,,,,,,,,,
warehouse_lot,176df9ba-e086-4e65-b29f-4029300364e0,Warehouse / Central stock,bf50b09b-2b4f-4362-9a43-fb6406caeef2,Opening (MoneyWorks),304.26,253.55,0.2,,2026-01-14,,,2026-08-08T07:51:36.994+00:00,,,,,,,,,,,,,,,,,,,materials,,bf50b09b-2b4f-4362-9a43-fb6406caeef2,8389e216-1c2a-471a-80b0-8526854d1a33,2,,,0. СКЛАД - ОСНОВЕН,,,,,,,,,,,,,,
warehouse_lot,176df9ba-e086-4e65-b29f-4029300364e0,Warehouse / Central stock,51defd48-006e-45b6-a309-31f40d18d939,Opening (MoneyWorks),12.4,10.33,0.2,,2026-04-08,,,2026-08-08T07:51:36.994+00:00,,,,,,,,,,,,,,,,,,,materials,,51defd48-006e-45b6-a309-31f40d18d939,d34bc0a6-baee-49ad-b688-4824715f0b83,20,,,0. СКЛАД - ОСНОВЕН,,,,,,,,,,,,,,
warehouse_lot,176df9ba-e086-4e65-b29f-4029300364e0,Warehouse / Central stock,b6e9d591-dbb2-4e94-8c73-ab3937427de1,Opening (MoneyWorks),25.765,21.47,0.2,,2026-02-02,,,2026-08-08T07:51:36.994+00:00,,,,,,,,,,,,,,,,,,,materials,,b6e9d591-dbb2-4e94-8c73-ab3937427de1,3b2c5396-bbac-4e9d-b096-769b08ef1563,16,,,0. СКЛАД - ОСНОВЕН,,,,,,,,,,,,,,
warehouse_lot,176df9ba-e086-4e65-b29f-4029300364e0,Warehouse / Central stock,c0adf938-ca19-4f03-87b0-a34c13078fc8,Opening (MoneyWorks),0,0,0.2,,2026-08-08,,,2026-08-08T07:51:36.994+00:00,,,,,,,,,,,,,,,,,,,materials,,c0adf938-ca19-4f03-87b0-a34c13078fc8,cb81b11a-0f6a-4a7d-bfac-3adb89b8dc7f,195.3,,,0. СКЛАД - ОСНОВЕН,,,,,,,,,,,,,,
warehouse_lot,176df9ba-e086-4e65-b29f-4029300364e0,Warehouse / Central stock,a82b1659-b598-4c67-b3e0-eee17561a9e8,Opening (MoneyWorks),12.54,10.45,0.2,,2026-04-08,,,2026-08-08T07:51:36.994+00:00,,,,,,,,,,,,,,,,,,,materials,,a82b1659-b598-4c67-b3e0-eee17561a9e8,49591088-3856-41fa-ba71-219c71f2a98b,14,,,0. СКЛАД - ОСНОВЕН,,,,,,,,,,,,,,
warehouse_lot,176df9ba-e086-4e65-b29f-4029300364e0,Warehouse / Central stock,25c5b30e-f641-47a3-8dfe-dad32221f65a,Opening (MoneyWorks),8.74,7.28,0.2,,2025-10-09,,,2026-08-08T07:51:36.994+00:00,,,,,,,,,,,,,,,,,,,materials,,25c5b30e-f641-47a3-8dfe-dad32221f65a,27e04a10-1a76-4046-ab9b-a3de3acb8786,9,,,0. СКЛАД - ОСНОВЕН,,,,,,,,,,,,,,
warehouse_lot,176df9ba-e086-4e65-b29f-4029300364e0,Warehouse / Central stock,5a1ead35-df43-41b4-94ba-7568ab223792,Opening (MoneyWorks),8.74,7.28,0.2,,2025-10-09,,,2026-08-08T07:51:36.994+00:00,,,,,,,,,,,,,,,,,,,materials,,5a1ead35-df43-41b4-94ba-7568ab223792,2edbf5c8-1a6f-44ec-9b7a-b1ee32bca102,5,,,0. СКЛАД - ОСНОВЕН,,,,,,,,,,,,,,
warehouse_lot,176df9ba-e086-4e65-b29f-4029300364e0,Warehouse / Central stock,866a2381-961f-48d2-ac5c-cda7261d756a,Opening (MoneyWorks),692.3,576.92,0.2,,2025-10-09,,,2026-08-08T07:51:36.994+00:00,,,,,,,,,,,,,,,,,,,materials,,866a2381-961f-48d2-ac5c-cda7261d756a,3ab3decb-adb3-4052-a833-38711dcda95b,1,,,0. СКЛАД - ОСНОВЕН,,,,,,,,,,,,,,
warehouse_lot,176df9ba-e086-4e65-b29f-4029300364e0,Warehouse / Central stock,c61406f7-0026-4d4c-b24d-543f6da57c1e,Opening (MoneyWorks),269.5,224.58,0.2,,2025-10-09,,,2026-08-08T07:51:36.994+00:00,,,,,,,,,,,,,,,,,,,materials,,c61406f7-0026-4d4c-b24d-543f6da57c1e,0a518474-d08c-4ad0-a9a5-9332b9dd68b4,2,,,0. СКЛАД - ОСНОВЕН,,,,,,,,,,,,,,
warehouse_lot,176df9ba-e086-4e65-b29f-4029300364e0,Warehouse / Central stock,45ee22b1-a85a-4b7d-8d7a-a9aef2f86e9e,Opening (MoneyWorks),382.29,318.58,0.2,,2025-10-09,,,2026-08-08T07:51:36.995+00:00,,,,,,,,,,,,,,,,,,,materials,,45ee22b1-a85a-4b7d-8d7a-a9aef2f86e9e,d5c0c32c-1b05-4f71-8ece-ee97e049da3e,1,,,0. СКЛАД - ОСНОВЕН,,,,,,,,,,,,,,
warehouse_lot,176df9ba-e086-4e65-b29f-4029300364e0,Warehouse / Central stock,30dc9f04-bb44-4052-b72d-1c994d5abed7,Opening (MoneyWorks),1527.68,1273.07,0.2,,2025-10-09,,,2026-08-08T07:51:36.995+00:00,,,,,,,,,,,,,,,,,,,materials,,30dc9f04-bb44-4052-b72d-1c994d5abed7,5a1e0811-e978-4eba-b066-dde7541a21b6,2,,,0. СКЛАД - ОСНОВЕН,,,,,,,,,,,,,,
warehouse_lot,176df9ba-e086-4e65-b29f-4029300364e0,Warehouse / Central stock,862086d1-6239-445e-a6f8-4c09d36e29cf,Opening (MoneyWorks),3033.6,2528,0.2,,2025-10-09,,,2026-08-08T07:51:36.995+00:00,,,,,,,,,,,,,,,,,,,materials,,862086d1-6239-445e-a6f8-4c09d36e29cf,8f1aa71e-d9e1-4025-ad3c-7d16ec38c00a,1,,,0. СКЛАД - ОСНОВЕН,,,,,,,,,,,,,,
warehouse_lot,176df9ba-e086-4e65-b29f-4029300364e0,Warehouse / Central stock,922d3258-da9a-4196-8e2d-034337f20c48,Opening (MoneyWorks),1643.5,1369.58,0.2,,2025-10-09,,,2026-08-08T07:51:36.995+00:00,,,,,,,,,,,,,,,,,,,materials,,922d3258-da9a-4196-8e2d-034337f20c48,ce7ef9df-6fbc-412e-8d88-55725f46e001,1,,,0. СКЛАД - ОСНОВЕН,,,,,,,,,,,,,,
warehouse_lot,176df9ba-e086-4e65-b29f-4029300364e0,Warehouse / Central stock,bae1e7ff-1ee1-44bc-95f1-2e410072d1d4,Opening (MoneyWorks),1735,1445.83,0.2,,2025-10-08,,,2026-08-08T07:51:36.995+00:00,,,,,,,,,,,,,,,,,,,materials,,bae1e7ff-1ee1-44bc-95f1-2e410072d1d4,d6ab6f49-d962-4226-8541-085971e254d0,1,,,0. СКЛАД - ОСНОВЕН,,,,,,,,,,,,,,
warehouse_lot,176df9ba-e086-4e65-b29f-4029300364e0,Warehouse / Central stock,ff1ad381-0c82-4122-af1e-532d8266cdd5,Opening (MoneyWorks),186.8,155.67,0.2,,2025-12-22,,,2026-08-08T07:51:36.995+00:00,,,,,,,,,,,,,,,,,,,materials,,ff1ad381-0c82-4122-af1e-532d8266cdd5,51c3f7fb-b8c3-4e4a-a801-e5f813cc83f5,4,,,0. СКЛАД - ОСНОВЕН,,,,,,,,,,,,,,
warehouse_lot,176df9ba-e086-4e65-b29f-4029300364e0,Warehouse / Central stock,44fe264f-0f82-4710-a655-a24478635e50,Opening (MoneyWorks),2506,2088.33,0.2,,2025-10-08,,,2026-08-08T07:51:36.995+00:00,,,,,,,,,,,,,,,,,,,materials,,44fe264f-0f82-4710-a655-a24478635e50,f9fa19f3-296b-426e-8eb5-263e64c0a1f4,1,,,0. СКЛАД - ОСНОВЕН,,,,,,,,,,,,,,
warehouse_lot,176df9ba-e086-4e65-b29f-4029300364e0,Warehouse / Central stock,b84c314b-ca30-4c72-95b1-d2b6bf8f3397,Opening (MoneyWorks),23.2,19.33,0.2,,2026-04-08,,,2026-08-08T07:51:36.995+00:00,,,,,,,,,,,,,,,,,,,materials,,b84c314b-ca30-4c72-95b1-d2b6bf8f3397,3d49fafb-6276-46bd-891b-f00bc8285fd6,8,,,0. СКЛАД - ОСНОВЕН,,,,,,,,,,,,,,
warehouse_lot,176df9ba-e086-4e65-b29f-4029300364e0,Warehouse / Central stock,36d6e7da-e8ab-46ae-99e7-05278b263772,Opening (MoneyWorks),13.08,10.9,0.2,,2026-04-08,,,2026-08-08T07:51:36.995+00:00,,,,,,,,,,,,,,,,,,,materials,,36d6e7da-e8ab-46ae-99e7-05278b263772,5c095210-f167-4195-b4a6-7aa45f662f8e,5,,,0. СКЛАД - ОСНОВЕН,,,,,,,,,,,,,,
warehouse_lot,176df9ba-e086-4e65-b29f-4029300364e0,Warehouse / Central stock,74dbf851-1e27-4bfe-965e-ebefc62f73cf,Opening (MoneyWorks),118.08,98.4,0.2,,2026-04-08,,,2026-08-08T07:51:36.995+00:00,,,,,,,,,,,,,,,,,,,materials,,74dbf851-1e27-4bfe-965e-ebefc62f73cf,2634a782-395a-476f-ab13-4383421a428f,3,,,0. СКЛАД - ОСНОВЕН,,,,,,,,,,,,,,
warehouse_lot,176df9ba-e086-4e65-b29f-4029300364e0,Warehouse / Central stock,3cdd212b-83c2-4eb6-8267-98051b8f820d,Opening (MoneyWorks),0.13,0.11,0.2,,2026-04-16,,,2026-08-08T07:51:36.995+00:00,,,,,,,,,,,,,,,,,,,materials,,3cdd212b-83c2-4eb6-8267-98051b8f820d,88832ffe-a557-4463-b732-92c405ad65c6,200,,,System - 60kW Brikel (60),,,,,,,,,,,,,,c7e70934-c398-4b1e-a6f4-e67553203629
warehouse_lot,176df9ba-e086-4e65-b29f-4029300364e0,Warehouse / Central stock,e0f13d12-2b34-477d-8ad7-9f94f41a4e53,Opening (MoneyWorks),8.206204999999999,6.84,0.2,,2025-11-24,,,2026-08-08T07:51:36.996+00:00,,,,,,,,,,,,,,,,,,,materials,,e0f13d12-2b34-477d-8ad7-9f94f41a4e53,59bde2d8-9bf0-41f0-9deb-387dc5d2b9d9,1,,,0. СКЛАД - ОСНОВЕН,,,,,,,,,,,,,,
warehouse_lot,176df9ba-e086-4e65-b29f-4029300364e0,Warehouse / Central stock,c6f8fccf-bfb7-4c0a-ba50-8ed63718482d,Opening (MoneyWorks),6.68256,5.57,0.2,,2025-11-10,,,2026-08-08T07:51:36.996+00:00,,,,,,,,,,,,,,,,,,,materials,,c6f8fccf-bfb7-4c0a-ba50-8ed63718482d,953c0b52-6f4b-44fc-b029-76daa42327e7,3,,,System - 90kW Volkswagen (59),,,,,,,,,,,,,,f04d93d4-fb64-4e21-b009-81842c5d8d59
warehouse_lot,176df9ba-e086-4e65-b29f-4029300364e0,Warehouse / Central stock,e1750cda-1091-446c-ab74-c845375851ab,Opening (MoneyWorks),16.074958,13.4,0.2,,2026-08-08,,,2026-08-08T07:51:36.996+00:00,,,,,,,,,,,,,,,,,,,materials,,e1750cda-1091-446c-ab74-c845375851ab,72060192-6583-40ba-8149-12cc6f15dc96,1,,,0. СКЛАД - ОСНОВЕН,,,,,,,,,,,,,,
warehouse_lot,176df9ba-e086-4e65-b29f-4029300364e0,Warehouse / Central stock,d2325b81-649f-47fd-ac37-a5e0ac719e96,Opening (MoneyWorks),0.08180599999999999,0.07,0.2,,2026-08-08,,,2026-08-08T07:51:36.996+00:00,,,,,,,,,,,,,,,,,,,materials,,d2325b81-649f-47fd-ac37-a5e0ac719e96,b3d9eeb6-20c0-4312-949c-978d139d4502,220,,,0. СКЛАД - ОСНОВЕН,,,,,,,,,,,,,,
warehouse_lot,176df9ba-e086-4e65-b29f-4029300364e0,Warehouse / Central stock,d334d17e-47d5-494a-9295-d162c67df251,Opening (MoneyWorks),191.66,159.72,0.2,,2026-04-08,,,2026-08-08T07:51:36.996+00:00,,,,,,,,,,,,,,,,,,,materials,,d334d17e-47d5-494a-9295-d162c67df251,1e55c8f8-fb8a-421b-8c58-d8ed9ff3e09e,6,,,0. СКЛАД - ОСНОВЕН,,,,,,,,,,,,,,
warehouse_lot,176df9ba-e086-4e65-b29f-4029300364e0,Warehouse / Central stock,0477a65c-efde-4fd5-ada8-936a7f0af7c1,Opening (MoneyWorks),180.91,150.76,0.2,,2025-10-08,,,2026-08-08T07:51:36.996+00:00,,,,,,,,,,,,,,,,,,,materials,,0477a65c-efde-4fd5-ada8-936a7f0af7c1,dcae7043-53dd-4f4e-866a-4ee77806f616,3,,,0. СКЛАД - ОСНОВЕН,,,,,,,,,,,,,,
warehouse_lot,176df9ba-e086-4e65-b29f-4029300364e0,Warehouse / Central stock,80a0d232-edb2-41dc-93ae-2ceadec4fe8b,Opening (MoneyWorks),2254,1878.33,0.2,,2025-10-08,,,2026-08-08T07:51:36.996+00:00,,,,,,,,,,,,,,,,,,,materials,,80a0d232-edb2-41dc-93ae-2ceadec4fe8b,12e6502b-6fb5-4699-9b10-606a02253789,1,,,0. СКЛАД - ОСНОВЕН,,,,,,,,,,,,,,
warehouse_lot,176df9ba-e086-4e65-b29f-4029300364e0,Warehouse / Central stock,d6472d7a-6a03-4904-b9fd-ef1c55fa31e9,Opening (MoneyWorks),0.3257,0.27,0.2,,2026-07-29,,,2026-08-08T07:51:36.997+00:00,,,,,,,,,,,,,,,,,,,materials,,d6472d7a-6a03-4904-b9fd-ef1c55fa31e9,3c5f4ecf-3688-40cd-ae06-beb4ad5e24d2,28,,,0. СКЛАД - ОСНОВЕН,,,,,,,,,,,,,,
warehouse_lot,176df9ba-e086-4e65-b29f-4029300364e0,Warehouse / Central stock,d36a46ee-c022-47ff-a179-dcb3370091a8,Opening (MoneyWorks),0.39,0.33,0.2,,2026-02-09,,,2026-08-08T07:51:36.997+00:00,,,,,,,,,,,,,,,,,,,materials,,d36a46ee-c022-47ff-a179-dcb3370091a8,9b6ba424-8d4c-41ea-994b-25b713de990b,36,,,0. СКЛАД - ОСНОВЕН,,,,,,,,,,,,,,
warehouse_lot,176df9ba-e086-4e65-b29f-4029300364e0,Warehouse / Central stock,5bcd2399-4e1c-4368-9c8f-e78b9aa67015,Opening (MoneyWorks),16.739635,13.95,0.2,,2025-11-10,,,2026-08-08T07:51:36.997+00:00,,,,,,,,,,,,,,,,,,,materials,,5bcd2399-4e1c-4368-9c8f-e78b9aa67015,11b300c3-0dbf-4305-9218-a147e89c144d,1,,,System - 500kW Titan Zlatna Panega (58),,,,,,,,,,,,,,c5c5376a-37c5-4d91-bbe2-9f1d8d8cfd28
warehouse_lot,176df9ba-e086-4e65-b29f-4029300364e0,Warehouse / Central stock,807bfc1d-b6b4-44d8-a90e-0d86c3572e0c,Opening (MoneyWorks),0,0,0.2,,2026-08-08,,,2026-08-08T07:51:36.997+00:00,,,,,,,,,,,,,,,,,,,materials,,807bfc1d-b6b4-44d8-a90e-0d86c3572e0c,06431414-ce64-419e-988e-700113efad45,2.1014019999999998,,,System - 500kW Titan Zlatna Panega (58),,,,,,,,,,,,,,c5c5376a-37c5-4d91-bbe2-9f1d8d8cfd28
warehouse_lot,176df9ba-e086-4e65-b29f-4029300364e0,Warehouse / Central stock,2fdc7ad8-bd55-4cca-b450-c32f624c49f7,Opening (MoneyWorks),2.183208,1.82,0.2,,2026-08-08,,,2026-08-08T07:51:36.997+00:00,,,,,,,,,,,,,,,,,,,materials,,2fdc7ad8-bd55-4cca-b450-c32f624c49f7,c65c0776-1d75-4ff2-9c72-09ec9b249a44,6,,,0. СКЛАД - ОСНОВЕН,,,,,,,,,,,,,,
warehouse_lot,176df9ba-e086-4e65-b29f-4029300364e0,Warehouse / Central stock,23e05ae8-addc-486d-b61c-cb73c1224333,Opening (MoneyWorks),8.906672,7.42,0.2,,2025-11-10,,,2026-08-08T07:51:36.997+00:00,,,,,,,,,,,,,,,,,,,materials,,23e05ae8-addc-486d-b61c-cb73c1224333,2aca94a0-7cce-44f3-9a9d-5337ec56d401,6,,,System - 500kW Titan Zlatna Panega (58),,,,,,,,,,,,,,c5c5376a-37c5-4d91-bbe2-9f1d8d8cfd28
warehouse_lot,176df9ba-e086-4e65-b29f-4029300364e0,Warehouse / Central stock,63ff9aec-f7f7-4267-89ca-bfe215e6450b,Opening (MoneyWorks),16.054506,13.38,0.2,,2025-11-10,,,2026-08-08T07:51:36.997+00:00,,,,,,,,,,,,,,,,,,,materials,,63ff9aec-f7f7-4267-89ca-bfe215e6450b,fe4d940b-d3cf-4025-ae1e-c3af076aec7d,1,,,System - 500kW Titan Zlatna Panega (58),,,,,,,,,,,,,,c5c5376a-37c5-4d91-bbe2-9f1d8d8cfd28
warehouse_lot,176df9ba-e086-4e65-b29f-4029300364e0,Warehouse / Central stock,f03f15e5-4bb9-4495-bf7b-27961d82ff60,Opening (MoneyWorks),2.63,2.19,0.2,,2026-02-09,,,2026-08-08T07:51:36.998+00:00,,,,,,,,,,,,,,,,,,,materials,,f03f15e5-4bb9-4495-bf7b-27961d82ff60,6e0e357c-cedd-43de-b4c6-a640d0114ac9,1,,,0. СКЛАД - ОСНОВЕН,,,,,,,,,,,,,,
warehouse_lot,176df9ba-e086-4e65-b29f-4029300364e0,Warehouse / Central stock,d12ed757-bf0e-4475-af59-8416c2f3c4a8,Opening (MoneyWorks),1.86,1.55,0.2,,2026-07-21,,,2026-08-08T07:51:36.998+00:00,,,,,,,,,,,,,,,,,,,materials,,d12ed757-bf0e-4475-af59-8416c2f3c4a8,fb5b3782-99ba-4e1d-93b1-05ee881139cf,4,,,0. СКЛАД - ОСНОВЕН,,,,,,,,,,,,,,
warehouse_lot,176df9ba-e086-4e65-b29f-4029300364e0,Warehouse / Central stock,7094aceb-766e-444b-8b0d-ab91d7a5d1c0,Opening (MoneyWorks),5.28,4.4,0.2,,2026-02-09,,,2026-08-08T07:51:36.998+00:00,,,,,,,,,,,,,,,,,,,materials,,7094aceb-766e-444b-8b0d-ab91d7a5d1c0,a0c72c2e-20da-4886-a608-bd041fc84016,14,,,0. СКЛАД - ОСНОВЕН,,,,,,,,,,,,,,
warehouse_lot,176df9ba-e086-4e65-b29f-4029300364e0,Warehouse / Central stock,d7b3a227-96c5-44b1-bf90-eafbff123466,Opening (MoneyWorks),0,0,0.2,,2026-08-08,,,2026-08-08T07:51:37.001+00:00,,,,,,,,,,,,,,,,,,,materials,,d7b3a227-96c5-44b1-bf90-eafbff123466,3a5016a7-a658-4fab-881b-49d1aa094e13,80.7867,,,0. СКЛАД - ОСНОВЕН,,,,,,,,,,,,,,
warehouse_lot,176df9ba-e086-4e65-b29f-4029300364e0,Warehouse / Central stock,b7b8c268-496c-45b4-8082-2b6392c93b70,Opening (MoneyWorks),1.12,0.93,0.2,,2026-02-24,,,2026-08-08T07:51:37.001+00:00,,,,,,,,,,,,,,,,,,,materials,,b7b8c268-496c-45b4-8082-2b6392c93b70,623aa8d6-23b8-4084-87d6-8c4ae243899a,7,,,0. СКЛАД - ОСНОВЕН,,,,,,,,,,,,,,
warehouse_lot,176df9ba-e086-4e65-b29f-4029300364e0,Warehouse / Central stock,dc0677d7-0c33-489e-ab01-c84d79e40fee,Opening (MoneyWorks),8.1,6.75,0.2,,2026-03-24,,,2026-08-08T07:51:37.001+00:00,,,,,,,,,,,,,,,,,,,materials,,dc0677d7-0c33-489e-ab01-c84d79e40fee,44489762-d8f0-48b9-ba61-4ce3d50201c4,4,,,0. СКЛАД - ОСНОВЕН,,,,,,,,,,,,,,
warehouse_lot,176df9ba-e086-4e65-b29f-4029300364e0,Warehouse / Central stock,3987b781-4cd0-43f0-8bf1-0c9e5b44cf9c,Opening (MoneyWorks),7.04560212288389,5.87,0.2,,2025-10-14,,,2026-08-08T07:51:37.002+00:00,,,,,,,,,,,,,,,,,,,materials,,3987b781-4cd0-43f0-8bf1-0c9e5b44cf9c,ddf8a088-4e25-40f6-a7ef-0dd18f30a04b,3,,,0. СКЛАД - ОСНОВЕН,,,,,,,,,,,,,,
warehouse_lot,176df9ba-e086-4e65-b29f-4029300364e0,Warehouse / Central stock,3a1fb4a4-ac01-4bb5-acc9-b6455627ce31,Opening (MoneyWorks),0.8231799287259118,0.69,0.2,,2025-10-17,,,2026-08-08T07:51:37.002+00:00,,,,,,,,,,,,,,,,,,,materials,,3a1fb4a4-ac01-4bb5-acc9-b6455627ce31,5d881faa-da86-4423-b3a7-d30938eec8f5,4,,,0. СКЛАД - ОСНОВЕН,,,,,,,,,,,,,,
warehouse_lot,176df9ba-e086-4e65-b29f-4029300364e0,Warehouse / Central stock,51122967-f0f9-4b40-ba90-9b3c5e0ba07d,Opening (MoneyWorks),2760.966,2300.8,0.2,,2025-10-15,,,2026-08-08T07:51:37.002+00:00,,,,,,,,,,,,,,,,,,,materials,,51122967-f0f9-4b40-ba90-9b3c5e0ba07d,a1d98638-335e-4b78-bdfb-76c539e1a39f,2,,,System - 500kW Titan Zlatna Panega (58),,,,,,,,,,,,,,c5c5376a-37c5-4d91-bbe2-9f1d8d8cfd28
warehouse_lot,176df9ba-e086-4e65-b29f-4029300364e0,Warehouse / Central stock,f242cc3c-d8f2-4b37-bdc0-820a60772c92,Opening (MoneyWorks),0.28,0.23,0.2,,2026-02-09,,,2026-08-08T07:51:37.002+00:00,,,,,,,,,,,,,,,,,,,materials,,f242cc3c-d8f2-4b37-bdc0-820a60772c92,b4ae7efc-9cca-4e4e-9469-9eaedc0c8d3b,47,,,0. СКЛАД - ОСНОВЕН,,,,,,,,,,,,,,
warehouse_lot,176df9ba-e086-4e65-b29f-4029300364e0,Warehouse / Central stock,ef6ea32a-73f7-46ed-b0af-b026509b104e,Opening (MoneyWorks),4.749901576312869,3.96,0.2,,2025-10-27,,,2026-08-08T07:51:37.002+00:00,,,,,,,,,,,,,,,,,,,materials,,ef6ea32a-73f7-46ed-b0af-b026509b104e,d45eefda-7b0a-411f-85d2-0b6e15901591,11,,,0. СКЛАД - ОСНОВЕН,,,,,,,,,,,,,,
warehouse_lot,176df9ba-e086-4e65-b29f-4029300364e0,Warehouse / Central stock,e077a5d9-58cf-47df-82cd-37e77a5df182,Opening (MoneyWorks),17.76,14.8,0.2,,2026-02-09,,,2026-08-08T07:51:37.003+00:00,,,,,,,,,,,,,,,,,,,materials,,e077a5d9-58cf-47df-82cd-37e77a5df182,a4616a7d-13af-43e6-b31b-ed032110cb71,1,,,0. СКЛАД - ОСНОВЕН,,,,,,,,,,,,,,
warehouse_lot,176df9ba-e086-4e65-b29f-4029300364e0,Warehouse / Central stock,c467063b-3460-40e7-a44f-f6026cdda164,Opening (MoneyWorks),35.2,29.33,0.2,,2026-02-09,,,2026-08-08T07:51:37.003+00:00,,,,,,,,,,,,,,,,,,,materials,,c467063b-3460-40e7-a44f-f6026cdda164,ac1f933d-54a4-4a38-a626-2bbec13f9f74,1,,,0. СКЛАД - ОСНОВЕН,,,,,,,,,,,,,,
warehouse_lot,176df9ba-e086-4e65-b29f-4029300364e0,Warehouse / Central stock,b8a8055d-2147-4fc1-8911-5324e94625fd,Opening (MoneyWorks),0.3067751287177311,0.26,0.2,,2025-11-17,,,2026-08-08T07:51:37.003+00:00,,,,,,,,,,,,,,,,,,,materials,,b8a8055d-2147-4fc1-8911-5324e94625fd,e6d2d1d3-4eaf-4913-afb3-8cb3401803cc,50,,,0. СКЛАД - ОСНОВЕН,,,,,,,,,,,,,,
warehouse_lot,176df9ba-e086-4e65-b29f-4029300364e0,Warehouse / Central stock,cf4e4d3d-f1e9-45cf-aac2-77c0fc9dedd4,Opening (MoneyWorks),0,0,0.2,,2026-08-08,,,2026-08-08T07:51:37.004+00:00,,,,,,,,,,,,,,,,,,,materials,,cf4e4d3d-f1e9-45cf-aac2-77c0fc9dedd4,0252c336-b08b-48f8-a69c-7592a4de1bc0,2,,,0. СКЛАД - ОСНОВЕН,,,,,,,,,,,,,,
warehouse_lot,176df9ba-e086-4e65-b29f-4029300364e0,Warehouse / Central stock,7eb9cfd5-38d2-42d1-a6a0-34c8e5776f9a,Opening (MoneyWorks),0,0,0.2,,2026-08-08,,,2026-08-08T07:51:37.004+00:00,,,,,,,,,,,,,,,,,,,materials,,7eb9cfd5-38d2-42d1-a6a0-34c8e5776f9a,4cfbe397-a9eb-4324-bdfa-b431588d962f,15.06,,,0. СКЛАД - ОСНОВЕН,,,,,,,,,,,,,,
warehouse_lot,176df9ba-e086-4e65-b29f-4029300364e0,Warehouse / Central stock,ec1cd768-53c2-44e5-ac10-8be3eedab160,Opening (MoneyWorks),4.4738039604669115,3.73,0.2,,2025-12-15,,,2026-08-08T07:51:37.004+00:00,,,,,,,,,,,,,,,,,,,materials,,ec1cd768-53c2-44e5-ac10-8be3eedab160,c7d53e8c-2535-421f-b830-5a219f1a6151,10,,,0. СКЛАД - ОСНОВЕН,,,,,,,,,,,,,,
warehouse_lot,176df9ba-e086-4e65-b29f-4029300364e0,Warehouse / Central stock,59616edb-7b5f-48d7-98d9-eed1a9d77082,Opening (MoneyWorks),0,0,0.2,,2026-08-08,,,2026-08-08T07:51:37.004+00:00,,,,,,,,,,,,,,,,,,,materials,,59616edb-7b5f-48d7-98d9-eed1a9d77082,2555c0c2-2570-435e-92fa-700d631f7c43,2,,,0. СКЛАД - ОСНОВЕН,,,,,,,,,,,,,,
warehouse_lot,176df9ba-e086-4e65-b29f-4029300364e0,Warehouse / Central stock,3e92366d-22cd-4c78-b78f-5347d9243775,Opening (MoneyWorks),0,0,0.2,,2026-08-08,,,2026-08-08T07:51:37.004+00:00,,,,,,,,,,,,,,,,,,,materials,,3e92366d-22cd-4c78-b78f-5347d9243775,34bb4195-52e6-4548-b1a0-fa4f8904f7c3,1,,,0. СКЛАД - ОСНОВЕН,,,,,,,,,,,,,,
warehouse_lot,176df9ba-e086-4e65-b29f-4029300364e0,Warehouse / Central stock,023e3367-2fbc-421b-8490-9ececa183920,Opening (MoneyWorks),16.07,13.39,0.2,,2026-08-08,,,2026-08-08T07:51:37.004+00:00,,,,,,,,,,,,,,,,,,,materials,,023e3367-2fbc-421b-8490-9ececa183920,72060192-6583-40ba-8149-12cc6f15dc96,2,,,System - 90kW Volkswagen (59),,,,,,,,,,,,,,f04d93d4-fb64-4e21-b009-81842c5d8d59
warehouse_lot,176df9ba-e086-4e65-b29f-4029300364e0,Warehouse / Central stock,7477ec6c-ae8c-459a-8d61-9542ff84285d,Opening (MoneyWorks),27.016663002408187,22.51,0.2,,2025-10-17,,,2026-08-08T07:51:37.004+00:00,,,,,,,,,,,,,,,,,,,materials,,7477ec6c-ae8c-459a-8d61-9542ff84285d,78d296e4-c3d6-4316-92c8-dc128ca0f181,1,,,0. СКЛАД - ОСНОВЕН,,,,,,,,,,,,,,
warehouse_lot,176df9ba-e086-4e65-b29f-4029300364e0,Warehouse / Central stock,9b8a6e1e-6e19-4c96-90d3-96ba88b64971,Opening (MoneyWorks),0,0,0.2,,2026-08-08,,,2026-08-08T07:51:37.004+00:00,,,,,,,,,,,,,,,,,,,materials,,9b8a6e1e-6e19-4c96-90d3-96ba88b64971,38fe0238-a91c-44f3-be63-b5b0f16ba3e3,4.63,,,System - 90kW Volkswagen (59),,,,,,,,,,,,,,f04d93d4-fb64-4e21-b009-81842c5d8d59
warehouse_lot,176df9ba-e086-4e65-b29f-4029300364e0,Warehouse / Central stock,9441e329-7562-4611-b89a-b2420bce101d,Opening (MoneyWorks),105.68,88.07,0.2,,2025-09-05,,,2026-08-08T07:51:37.004+00:00,,,,,,,,,,,,,,,,,,,materials,,9441e329-7562-4611-b89a-b2420bce101d,5d81d16f-4aa6-4985-8d3d-fe4a5b7332b5,6,,,System - 90kW Volkswagen (59),,,,,,,,,,,,,,f04d93d4-fb64-4e21-b009-81842c5d8d59
warehouse_lot,176df9ba-e086-4e65-b29f-4029300364e0,Warehouse / Central stock,8490972b-6f3c-461b-adcc-cd67ae2f2c0b,Opening (MoneyWorks),354.216599,295.18,0.2,,2025-09-19,,,2026-08-08T07:51:37.004+00:00,,,,,,,,,,,,,,,,,,,materials,,8490972b-6f3c-461b-adcc-cd67ae2f2c0b,0dbb2b39-3abf-4ba8-92a6-ee8be18e1ba1,6,,,0. СКЛАД - ОСНОВЕН,,,,,,,,,,,,,,
warehouse_lot,176df9ba-e086-4e65-b29f-4029300364e0,Warehouse / Central stock,e95f1b48-d87b-4a3d-b84c-314cb469d1ee,Opening (MoneyWorks),0.14827464554690334,0.12,0.2,,2025-12-01,,,2026-08-08T07:51:37.005+00:00,,,,,,,,,,,,,,,,,,,materials,,e95f1b48-d87b-4a3d-b84c-314cb469d1ee,84506446-d6f3-49de-83da-fbaa598720e5,100,,,0. СКЛАД - ОСНОВЕН,,,,,,,,,,,,,,
warehouse_lot,176df9ba-e086-4e65-b29f-4029300364e0,Warehouse / Central stock,ffd91dd2-98c1-47e8-94ee-229c780b91e2,Opening (MoneyWorks),4.044318780262088,3.37,0.2,,2025-10-31,,,2026-08-08T07:51:37.005+00:00,,,,,,,,,,,,,,,,,,,materials,,ffd91dd2-98c1-47e8-94ee-229c780b91e2,ac0a7443-7d01-43d3-a0dd-f81769c2565f,2,,,0. СКЛАД - ОСНОВЕН,,,,,,,,,,,,,,
warehouse_lot,176df9ba-e086-4e65-b29f-4029300364e0,Warehouse / Central stock,b9047ff3-ea03-413b-99e0-2717c37df891,Opening (MoneyWorks),4.044318780262088,3.37,0.2,,2025-10-31,,,2026-08-08T07:51:37.005+00:00,,,,,,,,,,,,,,,,,,,materials,,b9047ff3-ea03-413b-99e0-2717c37df891,fa3d483c-dca0-4940-bed4-f0df33d6d391,2,,,0. СКЛАД - ОСНОВЕН,,,,,,,,,,,,,,
warehouse_lot,176df9ba-e086-4e65-b29f-4029300364e0,Warehouse / Central stock,d2ccd461-adff-408c-aa30-75162eb64ead,Opening (MoneyWorks),1.7026019643834076,1.42,0.2,,2025-11-11,,,2026-08-08T07:51:37.006+00:00,,,,,,,,,,,,,,,,,,,materials,,d2ccd461-adff-408c-aa30-75162eb64ead,20ffe6de-874d-4372-afcc-ed27d9c17b8f,50,,,0. СКЛАД - ОСНОВЕН,,,,,,,,,,,,,,
warehouse_lot,176df9ba-e086-4e65-b29f-4029300364e0,Warehouse / Central stock,b4b16179-9068-4ba5-a106-d12fe89411c9,Opening (MoneyWorks),0.05112918811962185,0.04,0.2,,2025-10-02,,,2026-08-08T07:51:37.006+00:00,,,,,,,,,,,,,,,,,,,materials,,b4b16179-9068-4ba5-a106-d12fe89411c9,2784c154-91f3-44fc-af97-b981b8c7493a,600,,,0. СКЛАД - ОСНОВЕН,,,,,,,,,,,,,,
warehouse_lot,176df9ba-e086-4e65-b29f-4029300364e0,Warehouse / Central stock,d3e799ce-4417-41d1-b0b5-82bf7f4a4ee8,Opening (MoneyWorks),106.4765342591125,88.73,0.2,,2025-12-25,,,2026-08-08T07:51:37.006+00:00,,,,,,,,,,,,,,,,,,,materials,,d3e799ce-4417-41d1-b0b5-82bf7f4a4ee8,4ba93450-cf02-4123-a088-88020ea371b5,5,,,0. СКЛАД - ОСНОВЕН,,,,,,,,,,,,,,
warehouse_lot,176df9ba-e086-4e65-b29f-4029300364e0,Warehouse / Central stock,5b30d171-bff8-4613-aaeb-fd13d006f314,Opening (MoneyWorks),0,0,0.2,,2026-08-08,,,2026-08-08T07:51:37.006+00:00,,,,,,,,,,,,,,,,,,,materials,,5b30d171-bff8-4613-aaeb-fd13d006f314,d0b3fbff-d32b-45b9-98e3-0f91dbbcd621,4,,,0. СКЛАД - ОСНОВЕН,,,,,,,,,,,,,,
warehouse_lot,176df9ba-e086-4e65-b29f-4029300364e0,Warehouse / Central stock,ee612fb5-7015-4ecf-9246-f0630ea9ead6,Opening (MoneyWorks),0.035790431683735295,0.03,0.2,,2025-11-11,,,2026-08-08T07:51:37.006+00:00,,,,,,,,,,,,,,,,,,,materials,,ee612fb5-7015-4ecf-9246-f0630ea9ead6,67fe8622-e583-4023-8c90-c02caaca8be5,300,,,0. СКЛАД - ОСНОВЕН,,,,,,,,,,,,,,
warehouse_lot,176df9ba-e086-4e65-b29f-4029300364e0,Warehouse / Central stock,a92ba56b-5998-415b-990a-87e68539169f,Opening (MoneyWorks),8.661284467463942,7.22,0.2,,2025-10-02,,,2026-08-08T07:51:37.007+00:00,,,,,,,,,,,,,,,,,,,materials,,a92ba56b-5998-415b-990a-87e68539169f,3ec63aa0-d615-4948-9a01-559c9bf609bc,8,,,0. СКЛАД - ОСНОВЕН,,,,,,,,,,,,,,
warehouse_lot,176df9ba-e086-4e65-b29f-4029300364e0,Warehouse / Central stock,76a72402-b11c-4217-849f-5f5dd730cc9b,Opening (MoneyWorks),5.455484372363651,4.55,0.2,,2025-10-02,,,2026-08-08T07:51:37.007+00:00,,,,,,,,,,,,,,,,,,,materials,,76a72402-b11c-4217-849f-5f5dd730cc9b,d1740fd7-39de-498c-97c3-942e773cd4ca,12,,,0. СКЛАД - ОСНОВЕН,,,,,,,,,,,,,,
warehouse_lot,176df9ba-e086-4e65-b29f-4029300364e0,Warehouse / Central stock,ae3f99c7-502e-44fd-a509-fba6ca052a72,Opening (MoneyWorks),2.536007730733244,2.11,0.2,,2025-11-24,,,2026-08-08T07:51:37.007+00:00,,,,,,,,,,,,,,,,,,,materials,,ae3f99c7-502e-44fd-a509-fba6ca052a72,df694902-704f-4109-9dfb-08496fba0654,18,,,0. СКЛАД - ОСНОВЕН,,,,,,,,,,,,,,
warehouse_lot,176df9ba-e086-4e65-b29f-4029300364e0,Warehouse / Central stock,d6de7fbc-b91e-425b-9b18-e2acfc5bca18,Opening (MoneyWorks),9.612287366488907,8.01,0.2,,2025-11-24,,,2026-08-08T07:51:37.007+00:00,,,,,,,,,,,,,,,,,,,materials,,d6de7fbc-b91e-425b-9b18-e2acfc5bca18,2fa4bc08-a348-49ff-b6e7-f41aaa87d306,4,,,0. СКЛАД - ОСНОВЕН,,,,,,,,,,,,,,
warehouse_lot,176df9ba-e086-4e65-b29f-4029300364e0,Warehouse / Central stock,8eeec956-f2a9-470f-be63-ae76039a67c4,Opening (MoneyWorks),6.73882699416616,5.62,0.2,,2025-10-02,,,2026-08-08T07:51:37.007+00:00,,,,,,,,,,,,,,,,,,,materials,,8eeec956-f2a9-470f-be63-ae76039a67c4,1b7b9bcc-60fb-48bb-993c-58703a3e3518,10,,,0. СКЛАД - ОСНОВЕН,,,,,,,,,,,,,,
warehouse_lot,176df9ba-e086-4e65-b29f-4029300364e0,Warehouse / Central stock,fdd8684d-7069-478c-8a20-4b70ef3167f3,Opening (MoneyWorks),9.47935147737789,7.9,0.2,,2025-11-24,,,2026-08-08T07:51:37.007+00:00,,,,,,,,,,,,,,,,,,,materials,,fdd8684d-7069-478c-8a20-4b70ef3167f3,40851a53-141a-4b95-8c68-8f8043c70f7f,4,,,0. СКЛАД - ОСНОВЕН,,,,,,,,,,,,,,
warehouse_lot,176df9ba-e086-4e65-b29f-4029300364e0,Warehouse / Central stock,2570e569-74a6-461a-b03e-4f1fced70759,Opening (MoneyWorks),0.19429091485456304,0.16,0.2,,2025-10-02,,,2026-08-08T07:51:37.008+00:00,,,,,,,,,,,,,,,,,,,materials,,2570e569-74a6-461a-b03e-4f1fced70759,aeb203aa-64e0-46fd-a100-393258261861,240,,,0. СКЛАД - ОСНОВЕН,,,,,,,,,,,,,,
warehouse_lot,176df9ba-e086-4e65-b29f-4029300364e0,Warehouse / Central stock,89ab9278-7ac7-4803-bc0e-482e5e8512b0,Opening (MoneyWorks),67.14,55.95,0.2,,2026-08-08,,,2026-08-08T07:51:37.008+00:00,,,,,,,,,,,,,,,,,,,materials,,89ab9278-7ac7-4803-bc0e-482e5e8512b0,429e6b71-370d-4331-b7fa-2b0263c28a68,1,,,0. СКЛАД - ОСНОВЕН,,,,,,,,,,,,,,
warehouse_lot,176df9ba-e086-4e65-b29f-4029300364e0,Warehouse / Central stock,09ee2077-e3c2-4e58-826c-2e5390e0a465,Opening (MoneyWorks),1,0.83,0.2,,2026-01-21,,,2026-08-08T07:51:37.008+00:00,,,,,,,,,,,,,,,,,,,materials,,09ee2077-e3c2-4e58-826c-2e5390e0a465,65ff7e6a-aaed-4a46-a40e-74ced1dfa681,32,,,0. СКЛАД - ОСНОВЕН,,,,,,,,,,,,,,
warehouse_lot,176df9ba-e086-4e65-b29f-4029300364e0,Warehouse / Central stock,870d82bf-e270-4428-b0d1-81cf27193b8b,Opening (MoneyWorks),67.14,55.95,0.2,,2026-08-08,,,2026-08-08T07:51:37.008+00:00,,,,,,,,,,,,,,,,,,,materials,,870d82bf-e270-4428-b0d1-81cf27193b8b,b9cd4ee4-9705-4f53-802f-d88a2ad61a28,3,,,0. СКЛАД - ОСНОВЕН,,,,,,,,,,,,,,
warehouse_lot,176df9ba-e086-4e65-b29f-4029300364e0,Warehouse / Central stock,b072ca8c-79d6-4aed-b8fc-2819d6a85097,Opening (MoneyWorks),0.12,0.1,0.2,,2026-02-16,,,2026-08-08T07:51:37.009+00:00,,,,,,,,,,,,,,,,,,,materials,,b072ca8c-79d6-4aed-b8fc-2819d6a85097,6a2d30eb-2727-4a27-a9e4-f5da763eb8c5,12,,,System - 90kW Volkswagen (59),,,,,,,,,,,,,,f04d93d4-fb64-4e21-b009-81842c5d8d59
warehouse_lot,176df9ba-e086-4e65-b29f-4029300364e0,Warehouse / Central stock,467ec4e9-edb8-477c-834c-c41f47dce1c4,Opening (MoneyWorks),0,0,0.2,,2026-08-08,,,2026-08-08T07:51:37.009+00:00,,,,,,,,,,,,,,,,,,,materials,,467ec4e9-edb8-477c-834c-c41f47dce1c4,4b47731b-3393-46e2-ad78-8bcca74c95b4,1,,,0. СКЛАД - ОСНОВЕН,,,,,,,,,,,,,,
warehouse_lot,176df9ba-e086-4e65-b29f-4029300364e0,Warehouse / Central stock,a5946512-23ca-4680-8f69-9ff0f4c0a6c8,Opening (MoneyWorks),27.901197956877642,23.25,0.2,,2025-09-05,,,2026-08-08T07:51:37.009+00:00,,,,,,,,,,,,,,,,,,,materials,,a5946512-23ca-4680-8f69-9ff0f4c0a6c8,6004232d-07fa-495c-a04d-6253d365840c,63,,,0. СКЛАД - ОСНОВЕН,,,,,,,,,,,,,,
warehouse_lot,176df9ba-e086-4e65-b29f-4029300364e0,Warehouse / Central stock,0601a1b0-5e41-4b02-9a94-900c81b6825a,Opening (MoneyWorks),22,18.33,0.2,,2026-08-08,,,2026-08-08T07:51:37.009+00:00,,,,,,,,,,,,,,,,,,,materials,,0601a1b0-5e41-4b02-9a94-900c81b6825a,9b97895a-82b5-44ba-a4b7-e6604bf316fd,24,,,0. СКЛАД - ОСНОВЕН,,,,,,,,,,,,,,
warehouse_lot,176df9ba-e086-4e65-b29f-4029300364e0,Warehouse / Central stock,0b646c8e-65fe-4941-aad5-41273242116f,Opening (MoneyWorks),0,0,0.2,,2026-08-08,,,2026-08-08T07:51:37.009+00:00,,,,,,,,,,,,,,,,,,,materials,,0b646c8e-65fe-4941-aad5-41273242116f,4ee80165-4d0c-4403-a331-ba383c3bca23,47,,,0. СКЛАД - ОСНОВЕН,,,,,,,,,,,,,,
warehouse_lot,176df9ba-e086-4e65-b29f-4029300364e0,Warehouse / Central stock,eaecb5d8-c0d4-4587-8b1f-ebc455da1e10,Opening (MoneyWorks),0.49,0.41,0.2,,2026-04-10,,,2026-08-08T07:51:37.009+00:00,,,,,,,,,,,,,,,,,,,materials,,eaecb5d8-c0d4-4587-8b1f-ebc455da1e10,a4ffa722-5c4e-4132-8857-8aa8cef5ab6c,65,,,0. СКЛАД - ОСНОВЕН,,,,,,,,,,,,,,
warehouse_lot,176df9ba-e086-4e65-b29f-4029300364e0,Warehouse / Central stock,c7f49f55-61e3-47f5-b00f-1aba4b718445,Opening (MoneyWorks),1.14,0.95,0.2,,2026-02-02,,,2026-08-08T07:51:37.009+00:00,,,,,,,,,,,,,,,,,,,materials,,c7f49f55-61e3-47f5-b00f-1aba4b718445,fd5cda4c-e43d-46c4-a1ff-36939cdcd49d,1,,,0. СКЛАД - ОСНОВЕН,,,,,,,,,,,,,,
warehouse_lot,176df9ba-e086-4e65-b29f-4029300364e0,Warehouse / Central stock,5c5af77b-dc59-4b61-b985-2f026dbb7911,Opening (MoneyWorks),0,0,0.2,,2026-08-08,,,2026-08-08T07:51:37.01+00:00,,,,,,,,,,,,,,,,,,,materials,,5c5af77b-dc59-4b61-b985-2f026dbb7911,47cd4e50-921f-4ca2-b35c-7eeec308eb16,1,,,0. СКЛАД - ОСНОВЕН,,,,,,,,,,,,,,
warehouse_lot,176df9ba-e086-4e65-b29f-4029300364e0,Warehouse / Central stock,4dbdf200-9581-498f-9b68-4b0395a810db,Opening (MoneyWorks),67.2,56,0.2,,2026-06-24,,,2026-08-08T07:51:37.01+00:00,,,,,,,,,,,,,,,,,,,materials,,4dbdf200-9581-498f-9b68-4b0395a810db,95fee090-9ac1-4a1c-98da-ea6d1ddf3a2a,2,,,System - 60kW Brikel (60),,,,,,,,,,,,,,
warehouse_lot,176df9ba-e086-4e65-b29f-4029300364e0,Warehouse / Central stock,b7548592-bcfc-430e-b522-21f9bd3646a2,Opening (MoneyWorks),0.18406507723063864,0.15,0.2,,2025-11-04,,,2026-08-08T07:51:37.01+00:00,,,,,,,,,,,,,,,,,,,materials,,b7548592-bcfc-430e-b522-21f9bd3646a2,12611c5f-94c4-4496-8332-78f30b6f013e,100,,,0. СКЛАД - ОСНОВЕН,,,,,,,,,,,,,,
warehouse_lot,176df9ba-e086-4e65-b29f-4029300364e0,Warehouse / Central stock,d9bc0886-79cc-46be-acbf-41d94efc461d,Opening (MoneyWorks),0.01,0.01,0.2,,2026-02-09,,,2026-08-08T07:51:37.01+00:00,,,,,,,,,,,,,,,,,,,materials,,d9bc0886-79cc-46be-acbf-41d94efc461d,b93db1d7-321e-4091-bf8d-e1df9ff94cd6,400,,,0. СКЛАД - ОСНОВЕН,,,,,,,,,,,,,,
warehouse_lot,176df9ba-e086-4e65-b29f-4029300364e0,Warehouse / Central stock,a46fdfbb-690b-4ff9-8b7b-126bb08fe4c9,Opening (MoneyWorks),176.91,147.43,0.2,,2026-02-06,,,2026-08-08T07:51:37.011+00:00,,,,,,,,,,,,,,,,,,,materials,,a46fdfbb-690b-4ff9-8b7b-126bb08fe4c9,613377e4-cff3-4aa7-8d9d-f4452c92e760,3,,,0. СКЛАД - ОСНОВЕН,,,,,,,,,,,,,,
warehouse_lot,176df9ba-e086-4e65-b29f-4029300364e0,Warehouse / Central stock,f290cb1d-712b-4890-a06d-1df298447441,Opening (MoneyWorks),8.03,6.69,0.2,,2026-01-23,,,2026-08-08T07:51:37.011+00:00,,,,,,,,,,,,,,,,,,,materials,,f290cb1d-712b-4890-a06d-1df298447441,452492d4-e66a-45aa-8955-f326849fa349,1,,,0. СКЛАД - ОСНОВЕН,,,,,,,,,,,,,,
warehouse_lot,176df9ba-e086-4e65-b29f-4029300364e0,Warehouse / Central stock,5d68adf7-28bd-43c7-969f-33f67de28095,Opening (MoneyWorks),8.2,6.83,0.2,,2026-03-25,,,2026-08-08T07:51:37.011+00:00,,,,,,,,,,,,,,,,,,,materials,,5d68adf7-28bd-43c7-969f-33f67de28095,9e8c36c1-e8c8-4401-a2ca-e49a24619569,15,,,0. СКЛАД - ОСНОВЕН,,,,,,,,,,,,,,
warehouse_lot,176df9ba-e086-4e65-b29f-4029300364e0,Warehouse / Central stock,d1db866b-9784-4b6b-8775-1a4632572c51,Opening (MoneyWorks),20.77,17.31,0.2,,2026-03-31,,,2026-08-08T07:51:37.012+00:00,,,,,,,,,,,,,,,,,,,materials,,d1db866b-9784-4b6b-8775-1a4632572c51,1b4cbba1-f549-41bb-b56f-18fe8d4c887c,14,,,0. СКЛАД - ОСНОВЕН,,,,,,,,,,,,,,
warehouse_lot,176df9ba-e086-4e65-b29f-4029300364e0,Warehouse / Central stock,4a375293-1831-4415-93ae-9e9fa79ccc88,Opening (MoneyWorks),0.0245,0.02,0.2,,2026-08-08,,,2026-08-08T07:51:37.012+00:00,,,,,,,,,,,,,,,,,,,materials,,4a375293-1831-4415-93ae-9e9fa79ccc88,936d7f6a-96a6-4e55-96e5-f7f8b07dba61,30,,,System - 90kW Volkswagen (59),,,,,,,,,,,,,,f04d93d4-fb64-4e21-b009-81842c5d8d59
warehouse_lot,176df9ba-e086-4e65-b29f-4029300364e0,Warehouse / Central stock,b76949a6-bbab-45d9-ab77-9d2166799f57,Opening (MoneyWorks),0.342565,0.29,0.2,,2025-12-05,,,2026-08-08T07:51:37.012+00:00,,,,,,,,,,,,,,,,,,,materials,,b76949a6-bbab-45d9-ab77-9d2166799f57,8d404c67-d34a-4e8a-9d8e-fffe82339f92,200,,,0. СКЛАД - ОСНОВЕН,,,,,,,,,,,,,,
warehouse_lot,176df9ba-e086-4e65-b29f-4029300364e0,Warehouse / Central stock,fd076f03-760a-4f59-8d57-6a500c3a369b,Opening (MoneyWorks),170.44,142.03,0.2,,2026-02-06,,,2026-08-08T07:51:37.012+00:00,,,,,,,,,,,,,,,,,,,materials,,fd076f03-760a-4f59-8d57-6a500c3a369b,db56c0e6-62b5-4a82-ae12-1013ea351834,20,,,0. СКЛАД - ОСНОВЕН,,,,,,,,,,,,,,
warehouse_lot,176df9ba-e086-4e65-b29f-4029300364e0,Warehouse / Central stock,45e207a8-6eda-4e34-8942-96250e5539f2,Opening (MoneyWorks),696.0011861971643,580,0.2,,2026-08-08,,,2026-08-08T07:51:37.012+00:00,,,,,,,,,,,,,,,,,,,materials,,45e207a8-6eda-4e34-8942-96250e5539f2,deb2168e-41ea-44b9-b1be-0ab260a221d4,20,,,0. СКЛАД - ОСНОВЕН,,,,,,,,,,,,,,
warehouse_lot,176df9ba-e086-4e65-b29f-4029300364e0,Warehouse / Central stock,b7c2ba8e-9188-4978-9605-e2ccdd8f83f0,Opening (MoneyWorks),1.68,1.4,0.2,,2026-07-17,,,2026-08-08T07:51:37.012+00:00,,,,,,,,,,,,,,,,,,,materials,,b7c2ba8e-9188-4978-9605-e2ccdd8f83f0,14105b3d-d762-4b38-98c7-39651ca766c1,132,,,0. СКЛАД - ОСНОВЕН,,,,,,,,,,,,,,
warehouse_lot,176df9ba-e086-4e65-b29f-4029300364e0,Warehouse / Central stock,8b48de2e-5ece-42dc-8521-31804adfc77b,Opening (MoneyWorks),15.952247999999999,13.29,0.2,,2025-08-27,,,2026-08-08T07:51:37.012+00:00,,,,,,,,,,,,,,,,,,,materials,,8b48de2e-5ece-42dc-8521-31804adfc77b,344acda9-f80d-4b50-b155-f35f7120c3d9,194,,,0. СКЛАД - ОСНОВЕН,,,,,,,,,,,,,,
warehouse_lot,176df9ba-e086-4e65-b29f-4029300364e0,Warehouse / Central stock,3b0ee6de-4896-410c-a77f-69b92b3febdc,Opening (MoneyWorks),1.03,0.86,0.2,,2026-06-11,,,2026-08-08T07:51:37.012+00:00,,,,,,,,,,,,,,,,,,,materials,,3b0ee6de-4896-410c-a77f-69b92b3febdc,8115f75d-f89f-499f-8cf7-568ab8e47eae,200,,,0. СКЛАД - ОСНОВЕН,,,,,,,,,,,,,,
warehouse_lot,176df9ba-e086-4e65-b29f-4029300364e0,Warehouse / Central stock,c49f55b1-e866-49af-9894-631ffa2365d4,Opening (MoneyWorks),38.31,31.93,0.2,,2025-11-10,,,2026-08-08T07:51:37.012+00:00,,,,,,,,,,,,,,,,,,,materials,,c49f55b1-e866-49af-9894-631ffa2365d4,aa27cfc7-85d6-4796-b441-1f8c27cdbde5,1,,,System - 90kW Volkswagen (59),,,,,,,,,,,,,,f04d93d4-fb64-4e21-b009-81842c5d8d59
warehouse_lot,176df9ba-e086-4e65-b29f-4029300364e0,Warehouse / Central stock,299cff41-ff3b-40b6-a0a3-d534fcd8d30e,Opening (MoneyWorks),118.08,98.4,0.2,,2026-04-08,,,2026-08-08T07:51:37.013+00:00,,,,,,,,,,,,,,,,,,,materials,,299cff41-ff3b-40b6-a0a3-d534fcd8d30e,2634a782-395a-476f-ab13-4383421a428f,2,,,System - 90kW Volkswagen (59),,,,,,,,,,,,,,f04d93d4-fb64-4e21-b009-81842c5d8d59
warehouse_lot,176df9ba-e086-4e65-b29f-4029300364e0,Warehouse / Central stock,c00d851d-d117-4ca9-9fd9-df2f19c6c992,Opening (MoneyWorks),554.06,461.72,0.2,,2026-01-23,,,2026-08-08T07:51:37.013+00:00,,,,,,,,,,,,,,,,,,,materials,,c00d851d-d117-4ca9-9fd9-df2f19c6c992,63921d00-a24a-46ae-a5e6-e003fee1807e,2,,,0. СКЛАД - ОСНОВЕН,,,,,,,,,,,,,,
warehouse_lot,176df9ba-e086-4e65-b29f-4029300364e0,Warehouse / Central stock,63323043-410b-48c3-8222-4c4c69bd460a,Opening (MoneyWorks),379.755535,316.46,0.2,,2025-09-12,,,2026-08-08T07:51:37.013+00:00,,,,,,,,,,,,,,,,,,,materials,,63323043-410b-48c3-8222-4c4c69bd460a,161c05b5-3b56-46f6-815b-87e4dd3da385,2,,,System - 90kW Volkswagen (59),,,,,,,,,,,,,,f04d93d4-fb64-4e21-b009-81842c5d8d59
warehouse_lot,176df9ba-e086-4e65-b29f-4029300364e0,Warehouse / Central stock,675c1dd8-6e1a-40fb-882c-9405a12fd332,Opening (MoneyWorks),0,0,0.2,,2026-08-08,,,2026-08-08T07:51:37.013+00:00,,,,,,,,,,,,,,,,,,,materials,,675c1dd8-6e1a-40fb-882c-9405a12fd332,08d26cb9-c2bb-4939-a3a1-11500bdea44d,2,,,0. СКЛАД - ОСНОВЕН,,,,,,,,,,,,,,
warehouse_lot,176df9ba-e086-4e65-b29f-4029300364e0,Warehouse / Central stock,10895b4e-4477-4ec0-aa8a-7529a4479983,Opening (MoneyWorks),0.940774,0.78,0.2,,2025-10-06,,,2026-08-08T07:51:37.013+00:00,,,,,,,,,,,,,,,,,,,materials,,10895b4e-4477-4ec0-aa8a-7529a4479983,d134d1ba-c73a-4a56-8724-704b320b94fd,66,,,0. СКЛАД - ОСНОВЕН,,,,,,,,,,,,,,
warehouse_lot,176df9ba-e086-4e65-b29f-4029300364e0,Warehouse / Central stock,223c42fd-752b-4585-8e23-cc346d31432b,Opening (MoneyWorks),326.9396,272.45,0.2,,2025-09-05,,,2026-08-08T07:51:37.013+00:00,,,,,,,,,,,,,,,,,,,materials,,223c42fd-752b-4585-8e23-cc346d31432b,cda0ed26-ed5c-4997-9ce9-e3e99be5da0f,5,,,0. СКЛАД - ОСНОВЕН,,,,,,,,,,,,,,
warehouse_lot,176df9ba-e086-4e65-b29f-4029300364e0,Warehouse / Central stock,a98a724d-aca7-47cb-a913-5442f7cf5afb,Opening (MoneyWorks),67.14,55.95,0.2,,2026-08-08,,,2026-08-08T07:51:37.014+00:00,,,,,,,,,,,,,,,,,,,materials,,a98a724d-aca7-47cb-a913-5442f7cf5afb,b9cd4ee4-9705-4f53-802f-d88a2ad61a28,4,,,System - 90kW Volkswagen (59),,,,,,,,,,,,,,f04d93d4-fb64-4e21-b009-81842c5d8d59
warehouse_lot,176df9ba-e086-4e65-b29f-4029300364e0,Warehouse / Central stock,1519663f-d5f2-4860-a9a1-5b1e8b032492,Opening (MoneyWorks),11.015077999999999,9.18,0.2,,2025-09-19,,,2026-08-08T07:51:37.014+00:00,,,,,,,,,,,,,,,,,,,materials,,1519663f-d5f2-4860-a9a1-5b1e8b032492,cfb64a71-329a-44f3-8d43-1824d0881177,18,,,System - 90kW Volkswagen (59),,,,,,,,,,,,,,f04d93d4-fb64-4e21-b009-81842c5d8d59
warehouse_lot,176df9ba-e086-4e65-b29f-4029300364e0,Warehouse / Central stock,94035a0d-54ec-4144-bb29-e7de6ab226f5,Opening (MoneyWorks),12.4,10.33,0.2,,2026-04-08,,,2026-08-08T07:51:37.014+00:00,,,,,,,,,,,,,,,,,,,materials,,94035a0d-54ec-4144-bb29-e7de6ab226f5,d34bc0a6-baee-49ad-b688-4824715f0b83,8,,,System - 90kW Volkswagen (59),,,,,,,,,,,,,,f04d93d4-fb64-4e21-b009-81842c5d8d59
warehouse_lot,176df9ba-e086-4e65-b29f-4029300364e0,Warehouse / Central stock,c94c38d0-8e50-4d62-920d-0835797d58df,Opening (MoneyWorks),23.2,19.33,0.2,,2026-04-08,,,2026-08-08T07:51:37.014+00:00,,,,,,,,,,,,,,,,,,,materials,,c94c38d0-8e50-4d62-920d-0835797d58df,3d49fafb-6276-46bd-891b-f00bc8285fd6,1,,,System - 90kW Volkswagen (59),,,,,,,,,,,,,,f04d93d4-fb64-4e21-b009-81842c5d8d59
warehouse_lot,176df9ba-e086-4e65-b29f-4029300364e0,Warehouse / Central stock,1bf0f8a8-1093-47a0-a654-95f58c366d3d,Opening (MoneyWorks),30.57,25.48,0.2,,2025-10-09,,,2026-08-08T07:51:37.014+00:00,,,,,,,,,,,,,,,,,,,materials,,1bf0f8a8-1093-47a0-a654-95f58c366d3d,752113a1-7dfb-4404-ac9b-7eeca3395116,6,,,System - 90kW Volkswagen (59),,,,,,,,,,,,,,f04d93d4-fb64-4e21-b009-81842c5d8d59
warehouse_lot,176df9ba-e086-4e65-b29f-4029300364e0,Warehouse / Central stock,afd2ac17-0bce-4660-961a-4efd19eacd34,Opening (MoneyWorks),25.765,21.47,0.2,,2026-02-02,,,2026-08-08T07:51:37.014+00:00,,,,,,,,,,,,,,,,,,,materials,,afd2ac17-0bce-4660-961a-4efd19eacd34,3b2c5396-bbac-4e9d-b096-769b08ef1563,2,,,System - 90kW Volkswagen (59),,,,,,,,,,,,,,f04d93d4-fb64-4e21-b009-81842c5d8d59
warehouse_lot,176df9ba-e086-4e65-b29f-4029300364e0,Warehouse / Central stock,66a41052-1c72-4e5e-b999-b99719faf385,Opening (MoneyWorks),316.56,263.8,0.2,,2026-03-04,,,2026-08-08T07:51:37.014+00:00,,,,,,,,,,,,,,,,,,,materials,,66a41052-1c72-4e5e-b999-b99719faf385,8c4b0ce2-3195-49e4-b0c0-fe3722e74e6f,1,,,System - 90kW Volkswagen (59),,,,,,,,,,,,,,
warehouse_lot,176df9ba-e086-4e65-b29f-4029300364e0,Warehouse / Central stock,d5a1235f-f0d2-4f0e-9524-1cedc8ba5bdc,Opening (MoneyWorks),1.12,0.93,0.2,,2026-02-24,,,2026-08-08T07:51:37.015+00:00,,,,,,,,,,,,,,,,,,,materials,,d5a1235f-f0d2-4f0e-9524-1cedc8ba5bdc,623aa8d6-23b8-4084-87d6-8c4ae243899a,2,,,System - 90kW Volkswagen (59),,,,,,,,,,,,,,
warehouse_lot,176df9ba-e086-4e65-b29f-4029300364e0,Warehouse / Central stock,9836db7e-b451-4a11-9bcd-a44140103da2,Opening (MoneyWorks),138.2,115.17,0.2,,2025-10-03,,,2026-08-08T07:51:37.016+00:00,,,,,,,,,,,,,,,,,,,materials,,9836db7e-b451-4a11-9bcd-a44140103da2,7e4b44eb-2ce0-4820-9990-c889df9f29a8,1,,,System - 90kW Volkswagen (59),,,,,,,,,,,,,,
warehouse_lot,176df9ba-e086-4e65-b29f-4029300364e0,Warehouse / Central stock,8a844098-b8ca-41aa-b690-72b053718b0b,Opening (MoneyWorks),177.32,147.77,0.2,,2025-10-03,,,2026-08-08T07:51:37.016+00:00,,,,,,,,,,,,,,,,,,,materials,,8a844098-b8ca-41aa-b690-72b053718b0b,864ce466-9e7c-4958-b2ef-226f710bb27a,3,,,System - 90kW Volkswagen (59),,,,,,,,,,,,,,
warehouse_lot,176df9ba-e086-4e65-b29f-4029300364e0,Warehouse / Central stock,05fe2160-a66a-4a17-8f71-21bc23307122,Opening (MoneyWorks),113.50638,94.59,0.2,,2025-10-02,,,2026-08-08T07:51:37.016+00:00,,,,,,,,,,,,,,,,,,,materials,,05fe2160-a66a-4a17-8f71-21bc23307122,a46836a5-6c92-41c3-a7a1-f806f3aeb13a,4,,,System - 90kW Volkswagen (59),,,,,,,,,,,,,,f04d93d4-fb64-4e21-b009-81842c5d8d59
warehouse_lot,176df9ba-e086-4e65-b29f-4029300364e0,Warehouse / Central stock,6b14ef8f-0d02-4fde-b75c-b9af42c28724,Opening (MoneyWorks),22,18.33,0.2,,2026-08-08,,,2026-08-08T07:51:37.016+00:00,,,,,,,,,,,,,,,,,,,materials,,6b14ef8f-0d02-4fde-b75c-b9af42c28724,9b97895a-82b5-44ba-a4b7-e6604bf316fd,7,,,System - 90kW Volkswagen (59),,,,,,,,,,,,,,f04d93d4-fb64-4e21-b009-81842c5d8d59
warehouse_lot,176df9ba-e086-4e65-b29f-4029300364e0,Warehouse / Central stock,df5c06ca-7644-4fa1-89e5-80a109f456f1,Opening (MoneyWorks),27.901197956877642,23.25,0.2,,2025-09-05,,,2026-08-08T07:51:37.016+00:00,,,,,,,,,,,,,,,,,,,materials,,df5c06ca-7644-4fa1-89e5-80a109f456f1,6004232d-07fa-495c-a04d-6253d365840c,2,,,System - 90kW Volkswagen (59),,,,,,,,,,,,,,
warehouse_lot,176df9ba-e086-4e65-b29f-4029300364e0,Warehouse / Central stock,f55821f5-143e-48c8-b98e-52794305a8f4,Opening (MoneyWorks),4.23,3.53,0.2,,2026-02-09,,,2026-08-08T07:51:37.016+00:00,,,,,,,,,,,,,,,,,,,materials,,f55821f5-143e-48c8-b98e-52794305a8f4,13074528-b48e-4ca3-9735-e4683aa4089b,4,,,0. СКЛАД - ОСНОВЕН,,,,,,,,,,,,,,
warehouse_lot,176df9ba-e086-4e65-b29f-4029300364e0,Warehouse / Central stock,f964d9b2-d516-4d57-8eab-33cfbb90da5c,Opening (MoneyWorks),0.01,0.01,0.2,,2026-02-16,,,2026-08-08T07:51:37.017+00:00,,,,,,,,,,,,,,,,,,,materials,,f964d9b2-d516-4d57-8eab-33cfbb90da5c,b0c726b3-87b2-4aa5-bfe4-a83f23397e7b,5,,,System - 90kW Volkswagen (59),,,,,,,,,,,,,,f04d93d4-fb64-4e21-b009-81842c5d8d59
warehouse_lot,176df9ba-e086-4e65-b29f-4029300364e0,Warehouse / Central stock,8fbb7134-2218-42ae-b403-132ee503eb19,Opening (MoneyWorks),0.01,0.01,0.2,,2026-08-08,,,2026-08-08T07:51:37.017+00:00,,,,,,,,,,,,,,,,,,,materials,,8fbb7134-2218-42ae-b403-132ee503eb19,da2d297e-aa03-48e9-a349-4683e207138e,5,,,System - 90kW Volkswagen (59),,,,,,,,,,,,,,
warehouse_lot,176df9ba-e086-4e65-b29f-4029300364e0,Warehouse / Central stock,1765702a-051d-4a38-964b-4d4116d4e125,Opening (MoneyWorks),1.16,0.97,0.2,,2026-08-08,,,2026-08-08T07:51:37.017+00:00,,,,,,,,,,,,,,,,,,,materials,,1765702a-051d-4a38-964b-4d4116d4e125,d028ea63-5623-4c33-ac57-00d9a9c4d41c,6,,,0. СКЛАД - ОСНОВЕН,,,,,,,,,,,,,,
warehouse_lot,176df9ba-e086-4e65-b29f-4029300364e0,Warehouse / Central stock,ca7a3210-0996-477c-b27c-34e78d737b0b,Opening (MoneyWorks),0.086919,0.07,0.2,,2025-11-18,,,2026-08-08T07:51:37.017+00:00,,,,,,,,,,,,,,,,,,,materials,,ca7a3210-0996-477c-b27c-34e78d737b0b,fa443568-837e-4e16-80b1-8189815dc698,4,,,System - 90kW Volkswagen (59),,,,,,,,,,,,,,
warehouse_lot,176df9ba-e086-4e65-b29f-4029300364e0,Warehouse / Central stock,9b057594-3e1a-4b8b-8055-be8f035cf342,Opening (MoneyWorks),0.025564999999999997,0.02,0.2,,2026-04-16,,,2026-08-08T07:51:37.017+00:00,,,,,,,,,,,,,,,,,,,materials,,9b057594-3e1a-4b8b-8055-be8f035cf342,936af4f6-2092-49ee-bbf4-b4723371e12d,16,,,System - 90kW Volkswagen (59),,,,,,,,,,,,,,
warehouse_lot,176df9ba-e086-4e65-b29f-4029300364e0,Warehouse / Central stock,8fc855ef-5748-4b7e-9004-dbc055bd1e2b,Opening (MoneyWorks),0.01,0.01,0.2,,2026-02-16,,,2026-08-08T07:51:37.017+00:00,,,,,,,,,,,,,,,,,,,materials,,8fc855ef-5748-4b7e-9004-dbc055bd1e2b,de1cc991-c566-4c1c-b5b9-f7444281c450,5,,,System - 90kW Volkswagen (59),,,,,,,,,,,,,,
warehouse_lot,176df9ba-e086-4e65-b29f-4029300364e0,Warehouse / Central stock,fa2cc4f2-46d9-489a-883b-12006a1a9335,Opening (MoneyWorks),0.01,0.01,0.2,,2026-02-06,,,2026-08-08T07:51:37.017+00:00,,,,,,,,,,,,,,,,,,,materials,,fa2cc4f2-46d9-489a-883b-12006a1a9335,fb2ff7f4-d688-4d53-91c5-c723384359d7,8,,,System - 90kW Volkswagen (59),,,,,,,,,,,,,,
warehouse_lot,176df9ba-e086-4e65-b29f-4029300364e0,Warehouse / Central stock,37fd19e1-cb0c-4e59-ab4c-686d576b7fc2,Opening (MoneyWorks),0.040852,0.03,0.2,,2026-02-16,,,2026-08-08T07:51:37.017+00:00,,,,,,,,,,,,,,,,,,,materials,,37fd19e1-cb0c-4e59-ab4c-686d576b7fc2,92c49414-c437-4a3b-b1c1-64c7b4da160f,2,,,System - 90kW Volkswagen (59),,,,,,,,,,,,,,f04d93d4-fb64-4e21-b009-81842c5d8d59
warehouse_lot,176df9ba-e086-4e65-b29f-4029300364e0,Warehouse / Central stock,ea6ae3f0-a6fd-440c-a616-29c862121f8b,Opening (MoneyWorks),0.03,0.03,0.2,,2026-02-09,,,2026-08-08T07:51:37.017+00:00,,,,,,,,,,,,,,,,,,,materials,,ea6ae3f0-a6fd-440c-a616-29c862121f8b,21f91440-6a22-4210-af0d-477bdbeda626,44,,,0. СКЛАД - ОСНОВЕН,,,,,,,,,,,,,,
warehouse_lot,176df9ba-e086-4e65-b29f-4029300364e0,Warehouse / Central stock,c11d49ff-df92-42eb-b795-0a21a320ea6f,Opening (MoneyWorks),0,0,0.2,,2026-08-08,,,2026-08-08T07:51:37.018+00:00,,,,,,,,,,,,,,,,,,,materials,,c11d49ff-df92-42eb-b795-0a21a320ea6f,f0f69fb4-bac1-4df9-b320-c5c1bd1decbc,0.0287,,,Склад производство,,,,,,,,,,,,,,
warehouse_lot,176df9ba-e086-4e65-b29f-4029300364e0,Warehouse / Central stock,2c140b2a-59c0-4c0f-87d7-0257a5bd3843,Opening (MoneyWorks),0.01,0.01,0.2,,2026-02-16,,,2026-08-08T07:51:37.019+00:00,,,,,,,,,,,,,,,,,,,materials,,2c140b2a-59c0-4c0f-87d7-0257a5bd3843,b0c726b3-87b2-4aa5-bfe4-a83f23397e7b,48,,,3. ПРОИЗВОДСТВО,,,,,,,,,,,,,,
warehouse_lot,176df9ba-e086-4e65-b29f-4029300364e0,Warehouse / Central stock,a3915c3b-e6a2-4b49-bf82-33edacb80376,Opening (MoneyWorks),0.05,0.04,0.2,,2026-08-08,,,2026-08-08T07:51:37.019+00:00,,,,,,,,,,,,,,,,,,,materials,,a3915c3b-e6a2-4b49-bf82-33edacb80376,1929361d-ba53-4761-b50a-5c87caf46d93,16,,,3. ПРОИЗВОДСТВО,,,,,,,,,,,,,,
warehouse_lot,176df9ba-e086-4e65-b29f-4029300364e0,Warehouse / Central stock,2ff28187-2d68-43dc-9f52-a0bc0e74ae51,Opening (MoneyWorks),0.761822,0.63,0.2,,2025-09-19,,,2026-08-08T07:51:37.019+00:00,,,,,,,,,,,,,,,,,,,materials,,2ff28187-2d68-43dc-9f52-a0bc0e74ae51,7863838d-e3e2-4c25-92bb-16bd84a9e9c3,13,,,System - 60kW Brikel (60),,,,,,,,,,,,,,c7e70934-c398-4b1e-a6f4-e67553203629
warehouse_lot,176df9ba-e086-4e65-b29f-4029300364e0,Warehouse / Central stock,9a40d9e3-b538-403e-8a7c-225f34ade6de,Opening (MoneyWorks),0.690241,0.58,0.2,,2025-08-22,,,2026-08-08T07:51:37.019+00:00,,,,,,,,,,,,,,,,,,,materials,,9a40d9e3-b538-403e-8a7c-225f34ade6de,ec3070b9-e20e-427e-8dfd-77505441c4b3,3,,,System - 60kW Brikel (60),,,,,,,,,,,,,,c7e70934-c398-4b1e-a6f4-e67553203629
warehouse_lot,176df9ba-e086-4e65-b29f-4029300364e0,Warehouse / Central stock,07065bc1-e7b3-4244-b3f2-dbc337afe2f5,Opening (MoneyWorks),0.74,0.62,0.2,,2026-08-08,,,2026-08-08T07:51:37.019+00:00,,,,,,,,,,,,,,,,,,,materials,,07065bc1-e7b3-4244-b3f2-dbc337afe2f5,c6a4639b-0c50-4f30-b12e-307f19362465,2,,,System - 60kW Brikel (60),,,,,,,,,,,,,,c7e70934-c398-4b1e-a6f4-e67553203629
warehouse_lot,176df9ba-e086-4e65-b29f-4029300364e0,Warehouse / Central stock,4ce2e8ba-93a1-479a-816a-89709108c62d,Opening (MoneyWorks),7.59,6.33,0.2,,2026-08-08,,,2026-08-08T07:51:37.019+00:00,,,,,,,,,,,,,,,,,,,materials,,4ce2e8ba-93a1-479a-816a-89709108c62d,dd28cad2-bfa7-47dc-bd5f-88e24027f544,2,,,System - 60kW Brikel (60),,,,,,,,,,,,,,c7e70934-c398-4b1e-a6f4-e67553203629
warehouse_lot,176df9ba-e086-4e65-b29f-4029300364e0,Warehouse / Central stock,d01725cb-0b80-4653-9e6f-b7deb863e6e5,Opening (MoneyWorks),0.64,0.53,0.2,,2026-08-08,,,2026-08-08T07:51:37.019+00:00,,,,,,,,,,,,,,,,,,,materials,,d01725cb-0b80-4653-9e6f-b7deb863e6e5,5c40c18d-33a2-4217-b7bd-51682cebc0ca,2,,,System - 60kW Brikel (60),,,,,,,,,,,,,,c7e70934-c398-4b1e-a6f4-e67553203629
warehouse_lot,176df9ba-e086-4e65-b29f-4029300364e0,Warehouse / Central stock,efbb3bfe-e7d5-49a9-bceb-9db469ce3012,Opening (MoneyWorks),1.72,1.43,0.2,,2026-06-25,,,2026-08-08T07:51:37.019+00:00,,,,,,,,,,,,,,,,,,,materials,,efbb3bfe-e7d5-49a9-bceb-9db469ce3012,85c16233-b58c-47fd-82be-3a94bf042205,1,,,System - 60kW Brikel (60),,,,,,,,,,,,,,c7e70934-c398-4b1e-a6f4-e67553203629
warehouse_lot,176df9ba-e086-4e65-b29f-4029300364e0,Warehouse / Central stock,00d6ae04-b638-4b65-b46a-08dcdbe42618,Opening (MoneyWorks),3.09,2.58,0.2,,2026-02-12,,,2026-08-08T07:51:37.019+00:00,,,,,,,,,,,,,,,,,,,materials,,00d6ae04-b638-4b65-b46a-08dcdbe42618,b340918a-8308-4e6d-9dd9-27218e4cbbd5,2,,,System - 500kW Titan Zlatna Panega (58),,,,,,,,,,,,,,c5c5376a-37c5-4d91-bbe2-9f1d8d8cfd28
warehouse_lot,176df9ba-e086-4e65-b29f-4029300364e0,Warehouse / Central stock,1d17e9fd-9156-4e62-8b68-f0e30a623349,Opening (MoneyWorks),1.29,1.08,0.2,,2026-08-08,,,2026-08-08T07:51:37.019+00:00,,,,,,,,,,,,,,,,,,,materials,,1d17e9fd-9156-4e62-8b68-f0e30a623349,19fc175e-4eb5-476e-9c21-31d2d139e196,10,,,System - 60kW Brikel (60),,,,,,,,,,,,,,
warehouse_lot,176df9ba-e086-4e65-b29f-4029300364e0,Warehouse / Central stock,4c2c4e84-72b1-4422-8247-c247942b4545,Opening (MoneyWorks),12.69,10.58,0.2,,2026-04-08,,,2026-08-08T07:51:37.019+00:00,,,,,,,,,,,,,,,,,,,materials,,4c2c4e84-72b1-4422-8247-c247942b4545,f649f5cc-fe39-4856-a502-ee12d74ff517,1,,,3. ПРОИЗВОДСТВО,,,,,,,,,,,,,,
warehouse_lot,176df9ba-e086-4e65-b29f-4029300364e0,Warehouse / Central stock,8d01568a-da52-478a-8b0d-8a80a485f7b9,Opening (MoneyWorks),86.66,72.22,0.2,,2026-02-20,,,2026-08-08T07:51:37.019+00:00,,,,,,,,,,,,,,,,,,,materials,,8d01568a-da52-478a-8b0d-8a80a485f7b9,d13c3343-0293-4855-bb1c-c63850e9f531,1,,,3. ПРОИЗВОДСТВО,,,,,,,,,,,,,,
warehouse_lot,176df9ba-e086-4e65-b29f-4029300364e0,Warehouse / Central stock,111663a0-4237-4a82-9343-f3677ac20539,Opening (MoneyWorks),0.01,0.01,0.2,,2026-08-08,,,2026-08-08T07:51:37.019+00:00,,,,,,,,,,,,,,,,,,,materials,,111663a0-4237-4a82-9343-f3677ac20539,4550679b-678b-44f3-bfc8-818ddc932509,64,,,3. ПРОИЗВОДСТВО,,,,,,,,,,,,,,
warehouse_lot,176df9ba-e086-4e65-b29f-4029300364e0,Warehouse / Central stock,d84e5b84-8ecb-4b9c-b579-000b7cdb978e,Opening (MoneyWorks),0.01,0.01,0.2,,2026-02-16,,,2026-08-08T07:51:37.019+00:00,,,,,,,,,,,,,,,,,,,materials,,d84e5b84-8ecb-4b9c-b579-000b7cdb978e,2bba0cbe-1bdc-4491-8f80-50b54f4da221,21,,,System - 60kW Brikel (60),,,,,,,,,,,,,,
warehouse_lot,176df9ba-e086-4e65-b29f-4029300364e0,Warehouse / Central stock,cfced7cd-1bb2-4f34-b278-4298bacf9a30,Opening (MoneyWorks),0,0,0.2,,2026-08-08,,,2026-08-08T07:51:37.019+00:00,,,,,,,,,,,,,,,,,,,materials,,cfced7cd-1bb2-4f34-b278-4298bacf9a30,da4085ac-8c79-4a11-a8fa-01c21292ad28,211.3,,,Склад производство,,,,,,,,,,,,,,
warehouse_lot,176df9ba-e086-4e65-b29f-4029300364e0,Warehouse / Central stock,d0de61ef-e234-4a45-9839-933b7a1e204f,Opening (MoneyWorks),9.92,8.27,0.2,,2026-04-15,,,2026-08-08T07:51:37.019+00:00,,,,,,,,,,,,,,,,,,,materials,,d0de61ef-e234-4a45-9839-933b7a1e204f,902d0a7c-5716-4664-9253-8dd5cbbeacdf,49,,,System - 90kW Volkswagen (59),,,,,,,,,,,,,,f04d93d4-fb64-4e21-b009-81842c5d8d59
warehouse_lot,176df9ba-e086-4e65-b29f-4029300364e0,Warehouse / Central stock,037427fb-b065-4f27-b23f-adde108ca430,Opening (MoneyWorks),1.649,1.37,0.2,,2026-02-24,,,2026-08-08T07:51:37.019+00:00,,,,,,,,,,,,,,,,,,,materials,,037427fb-b065-4f27-b23f-adde108ca430,e138029f-cbe5-4995-ab9a-e70e9f242f28,1,,,3. ПРОИЗВОДСТВО,,,,,,,,,,,,,,
warehouse_lot,176df9ba-e086-4e65-b29f-4029300364e0,Warehouse / Central stock,85b61d03-3c79-4e89-b087-67a0166c916d,Opening (MoneyWorks),2.96,2.47,0.2,,2026-04-16,,,2026-08-08T07:51:37.019+00:00,,,,,,,,,,,,,,,,,,,materials,,85b61d03-3c79-4e89-b087-67a0166c916d,3d5c6f4b-04e5-4058-8ce4-5395fe593245,1,,,3. ПРОИЗВОДСТВО,,,,,,,,,,,,,,
warehouse_lot,176df9ba-e086-4e65-b29f-4029300364e0,Warehouse / Central stock,57503c5c-8ef5-469c-9446-e8bc0e10153d,Opening (MoneyWorks),0.935661,0.78,0.2,,2026-08-08,,,2026-08-08T07:51:37.019+00:00,,,,,,,,,,,,,,,,,,,materials,,57503c5c-8ef5-469c-9446-e8bc0e10153d,e8d1a9e0-d1a2-44b7-b5b5-73fbb229feee,1,,,System - 60kW Brikel (60),,,,,,,,,,,,,,c7e70934-c398-4b1e-a6f4-e67553203629
warehouse_lot,176df9ba-e086-4e65-b29f-4029300364e0,Warehouse / Central stock,e81ac240-d4a6-4d4a-ba72-f7fcd17995dd,Opening (MoneyWorks),1.3,1.08,0.2,,2026-02-12,,,2026-08-08T07:51:37.02+00:00,,,,,,,,,,,,,,,,,,,materials,,e81ac240-d4a6-4d4a-ba72-f7fcd17995dd,5fe29224-8b38-4393-bd56-3c9c067b027a,10,,,0. СКЛАД - ОСНОВЕН,,,,,,,,,,,,,,
warehouse_lot,176df9ba-e086-4e65-b29f-4029300364e0,Warehouse / Central stock,bea98f0f-3487-4522-91ad-03b96af0bb9c,Opening (MoneyWorks),0.040852,0.03,0.2,,2026-02-16,,,2026-08-08T07:51:37.02+00:00,,,,,,,,,,,,,,,,,,,materials,,bea98f0f-3487-4522-91ad-03b96af0bb9c,92c49414-c437-4a3b-b1c1-64c7b4da160f,9,,,System - 60kW Brikel (60),,,,,,,,,,,,,,c7e70934-c398-4b1e-a6f4-e67553203629
warehouse_lot,176df9ba-e086-4e65-b29f-4029300364e0,Warehouse / Central stock,ff4b4bd3-0242-42c6-8399-650f19b191c5,Opening (MoneyWorks),0.01,0.01,0.2,,2026-02-16,,,2026-08-08T07:51:37.02+00:00,,,,,,,,,,,,,,,,,,,materials,,ff4b4bd3-0242-42c6-8399-650f19b191c5,ce67e0f5-e014-492c-9615-1eefde4273c3,41,,,System - 60kW Brikel (60),,,,,,,,,,,,,,c7e70934-c398-4b1e-a6f4-e67553203629
warehouse_lot,176df9ba-e086-4e65-b29f-4029300364e0,Warehouse / Central stock,862382ca-0f9b-4638-a2e2-b14c710bfa2e,Opening (MoneyWorks),14.81,12.34,0.2,,2026-06-11,,,2026-08-08T07:51:37.02+00:00,,,,,,,,,,,,,,,,,,,materials,,862382ca-0f9b-4638-a2e2-b14c710bfa2e,3d7335a3-e385-41a5-b9ad-0a4554591b3d,10,,,System - 90kW Volkswagen (59),,,,,,,,,,,,,,f04d93d4-fb64-4e21-b009-81842c5d8d59
warehouse_lot,176df9ba-e086-4e65-b29f-4029300364e0,Warehouse / Central stock,c05bdb6b-b66c-48df-8494-49ac956009d4,Opening (MoneyWorks),0.0164,0.01,0.2,,2026-03-12,,,2026-08-08T07:51:37.02+00:00,,,,,,,,,,,,,,,,,,,materials,,c05bdb6b-b66c-48df-8494-49ac956009d4,521917f7-b914-44b8-8f22-19a8ec569fc1,20,,,System - 60kW Brikel (60),,,,,,,,,,,,,,
warehouse_lot,176df9ba-e086-4e65-b29f-4029300364e0,Warehouse / Central stock,64a1c607-4af2-407c-8299-d8a96f5f790d,Opening (MoneyWorks),0.04,0.03,0.2,,2026-08-08,,,2026-08-08T07:51:37.02+00:00,,,,,,,,,,,,,,,,,,,materials,,64a1c607-4af2-407c-8299-d8a96f5f790d,30b5e4e0-553d-467a-aab8-4f5705016ae2,5,,,System - 60kW Brikel (60),,,,,,,,,,,,,,
warehouse_lot,176df9ba-e086-4e65-b29f-4029300364e0,Warehouse / Central stock,f5d692b5-2b74-4c43-b589-fef4cabef4a8,Opening (MoneyWorks),379.755535,316.46,0.2,,2025-09-12,,,2026-08-08T07:51:37.02+00:00,,,,,,,,,,,,,,,,,,,materials,,f5d692b5-2b74-4c43-b589-fef4cabef4a8,161c05b5-3b56-46f6-815b-87e4dd3da385,2,,,System - 60kW Brikel (60),,,,,,,,,,,,,,
warehouse_lot,176df9ba-e086-4e65-b29f-4029300364e0,Warehouse / Central stock,8502a80c-9bb6-423d-8a6d-4ef64c410462,Opening (MoneyWorks),0.07158099999999999,0.06,0.2,,2026-02-16,,,2026-08-08T07:51:37.02+00:00,,,,,,,,,,,,,,,,,,,materials,,8502a80c-9bb6-423d-8a6d-4ef64c410462,c2edf630-7fbd-4656-8c86-5f08143e432b,32,,,System - 60kW Brikel (60),,,,,,,,,,,,,,c7e70934-c398-4b1e-a6f4-e67553203629
warehouse_lot,176df9ba-e086-4e65-b29f-4029300364e0,Warehouse / Central stock,afc48f4a-4c7d-4290-8ea3-96bd80f975a2,Opening (MoneyWorks),0.1585,0.13,0.2,,2026-02-16,,,2026-08-08T07:51:37.02+00:00,,,,,,,,,,,,,,,,,,,materials,,afc48f4a-4c7d-4290-8ea3-96bd80f975a2,b72985d3-5ea2-41f2-a907-209ff8ec2537,40,,,System - 90kW Volkswagen (59),,,,,,,,,,,,,,
warehouse_lot,176df9ba-e086-4e65-b29f-4029300364e0,Warehouse / Central stock,e4bcf43a-0d43-4309-b761-fe3312872b72,Opening (MoneyWorks),0.09,0.08,0.2,,2026-02-16,,,2026-08-08T07:51:37.02+00:00,,,,,,,,,,,,,,,,,,,materials,,e4bcf43a-0d43-4309-b761-fe3312872b72,4a657bc2-0add-4cdd-8760-a4310ba9441f,5,,,System - 60kW Brikel (60),,,,,,,,,,,,,,
warehouse_lot,176df9ba-e086-4e65-b29f-4029300364e0,Warehouse / Central stock,b518d4a6-aef5-4cd6-9b23-6533e73d3bb1,Opening (MoneyWorks),0.11,0.09,0.2,,2026-02-16,,,2026-08-08T07:51:37.021+00:00,,,,,,,,,,,,,,,,,,,materials,,b518d4a6-aef5-4cd6-9b23-6533e73d3bb1,91a6a27d-cad3-4e43-b736-26dfffd42bd4,85,,,0. СКЛАД - ОСНОВЕН,,,,,,,,,,,,,,
warehouse_lot,176df9ba-e086-4e65-b29f-4029300364e0,Warehouse / Central stock,d8960964-52e7-4ab3-b629-eb379d93ec5f,Opening (MoneyWorks),0.78,0.65,0.2,,2026-02-16,,,2026-08-08T07:51:37.021+00:00,,,,,,,,,,,,,,,,,,,materials,,d8960964-52e7-4ab3-b629-eb379d93ec5f,76a2d060-c453-498d-a90b-ecf9429284e2,2,,,0. СКЛАД - ОСНОВЕН,,,,,,,,,,,,,,
warehouse_lot,176df9ba-e086-4e65-b29f-4029300364e0,Warehouse / Central stock,b722354f-c0a0-45cc-afae-6ac3a8792ea4,Opening (MoneyWorks),0.15,0.13,0.2,,2026-02-16,,,2026-08-08T07:51:37.021+00:00,,,,,,,,,,,,,,,,,,,materials,,b722354f-c0a0-45cc-afae-6ac3a8792ea4,6e0e0cc5-ca9a-4e3b-8349-15fd150eebb6,84,,,0. СКЛАД - ОСНОВЕН,,,,,,,,,,,,,,
warehouse_lot,176df9ba-e086-4e65-b29f-4029300364e0,Warehouse / Central stock,1cc1e35d-a844-4f38-9560-171e0d9695b2,Opening (MoneyWorks),0.0228,0.02,0.2,,2026-03-02,,,2026-08-08T07:51:37.021+00:00,,,,,,,,,,,,,,,,,,,materials,,1cc1e35d-a844-4f38-9560-171e0d9695b2,b780b1e0-7e63-4622-adbf-093812bb0590,110,,,0. СКЛАД - ОСНОВЕН,,,,,,,,,,,,,,
warehouse_lot,176df9ba-e086-4e65-b29f-4029300364e0,Warehouse / Central stock,cbe20175-f50d-472e-9929-6606eed0fcef,Opening (MoneyWorks),0,0,0.2,,2026-08-08,,,2026-08-08T07:51:37.021+00:00,,,,,,,,,,,,,,,,,,,materials,,cbe20175-f50d-472e-9929-6606eed0fcef,4ee80165-4d0c-4403-a331-ba383c3bca23,1,,,System - 90kW Volkswagen (59),,,,,,,,,,,,,,f04d93d4-fb64-4e21-b009-81842c5d8d59
warehouse_lot,176df9ba-e086-4e65-b29f-4029300364e0,Warehouse / Central stock,1be32623-1810-40d4-8645-9f3951efe3b1,Opening (MoneyWorks),0.0201,0.02,0.2,,2026-07-29,,,2026-08-08T07:51:37.022+00:00,,,,,,,,,,,,,,,,,,,materials,,1be32623-1810-40d4-8645-9f3951efe3b1,4acbef9b-fb98-44c7-9ceb-e8eab1e1ce54,25,,,System - 60kW Brikel (60),,,,,,,,,,,,,,
warehouse_lot,176df9ba-e086-4e65-b29f-4029300364e0,Warehouse / Central stock,dd6e12eb-bfa8-4383-b244-df9edb4d317f,Opening (MoneyWorks),2.36,1.97,0.2,,2026-02-09,,,2026-08-08T07:51:37.022+00:00,,,,,,,,,,,,,,,,,,,materials,,dd6e12eb-bfa8-4383-b244-df9edb4d317f,84bc8cd2-bef1-49e6-a5ac-352124a675ad,4.319999999999999,,,System - 60kW Brikel (60),,,,,,,,,,,,,,c7e70934-c398-4b1e-a6f4-e67553203629
warehouse_lot,176df9ba-e086-4e65-b29f-4029300364e0,Warehouse / Central stock,d0bca5fc-1595-4064-8773-2ea100b66a30,Opening (MoneyWorks),3.5483659999999997,2.96,0.2,,2026-02-16,,,2026-08-08T07:51:37.022+00:00,,,,,,,,,,,,,,,,,,,materials,,d0bca5fc-1595-4064-8773-2ea100b66a30,9d846f57-8a60-46ef-a75d-e71ef913898d,2,,,0. СКЛАД - ОСНОВЕН,,,,,,,,,,,,,,
warehouse_lot,176df9ba-e086-4e65-b29f-4029300364e0,Warehouse / Central stock,71fb0d50-5c57-49f4-a567-8defc322ea3d,Opening (MoneyWorks),2.96,2.47,0.2,,2026-04-16,,,2026-08-08T07:51:37.022+00:00,,,,,,,,,,,,,,,,,,,materials,,71fb0d50-5c57-49f4-a567-8defc322ea3d,3d5c6f4b-04e5-4058-8ce4-5395fe593245,40,,,System - 90kW Volkswagen (59),,,,,,,,,,,,,,
warehouse_lot,176df9ba-e086-4e65-b29f-4029300364e0,Warehouse / Central stock,efe4b5c5-6f8b-484f-b2ae-c92ff4ea09bb,Opening (MoneyWorks),0.086919,0.07,0.2,,2025-11-18,,,2026-08-08T07:51:37.022+00:00,,,,,,,,,,,,,,,,,,,materials,,efe4b5c5-6f8b-484f-b2ae-c92ff4ea09bb,fa443568-837e-4e16-80b1-8189815dc698,10,,,System - 60kW Brikel (60),,,,,,,,,,,,,,c7e70934-c398-4b1e-a6f4-e67553203629
warehouse_lot,176df9ba-e086-4e65-b29f-4029300364e0,Warehouse / Central stock,1d098035-913c-4f1a-8658-8b1e1a5c3a1e,Opening (MoneyWorks),0.01,0.01,0.2,,2026-02-16,,,2026-08-08T07:51:37.022+00:00,,,,,,,,,,,,,,,,,,,materials,,1d098035-913c-4f1a-8658-8b1e1a5c3a1e,84311eea-18cf-4bba-8ab6-bb2b3a2c2957,23,,,System - 60kW Brikel (60),,,,,,,,,,,,,,
warehouse_lot,176df9ba-e086-4e65-b29f-4029300364e0,Warehouse / Central stock,f99a29d5-11d8-4bb9-b61d-5e9d7b4dbefe,Opening (MoneyWorks),163.73,136.44,0.2,,2026-08-08,,,2026-08-08T07:51:37.022+00:00,,,,,,,,,,,,,,,,,,,materials,,f99a29d5-11d8-4bb9-b61d-5e9d7b4dbefe,9a1abf42-14b4-409e-af1d-a562a834a9eb,5,,,System - 60kW Brikel (60),,,,,,,,,,,,,,
warehouse_lot,176df9ba-e086-4e65-b29f-4029300364e0,Warehouse / Central stock,de4f93fb-82e9-4195-80fc-0f568e206ab9,Opening (MoneyWorks),2.71,2.26,0.2,,2026-06-11,,,2026-08-08T07:51:37.022+00:00,,,,,,,,,,,,,,,,,,,materials,,de4f93fb-82e9-4195-80fc-0f568e206ab9,a46d24f4-74a0-47e0-b516-2c5a839bd409,100,,,0. СКЛАД - ОСНОВЕН,,,,,,,,,,,,,,
warehouse_lot,176df9ba-e086-4e65-b29f-4029300364e0,Warehouse / Central stock,a7214aa8-2286-40dc-9037-280dd730109f,Opening (MoneyWorks),2.97,2.48,0.2,,2025-09-19,,,2026-08-08T07:51:37.023+00:00,,,,,,,,,,,,,,,,,,,materials,,a7214aa8-2286-40dc-9037-280dd730109f,2fc67d4b-e099-446c-8491-a35be867f68f,2,,,System - 60kW Brikel (60),,,,,,,,,,,,,,
warehouse_lot,176df9ba-e086-4e65-b29f-4029300364e0,Warehouse / Central stock,bd088021-b207-4359-b4f1-2654adadd646,Opening (MoneyWorks),5.49,4.58,0.2,,2026-05-25,,,2026-08-08T07:51:37.023+00:00,,,,,,,,,,,,,,,,,,,materials,,bd088021-b207-4359-b4f1-2654adadd646,bd61413d-4c7f-434d-9f88-60580a5a4b67,20,,,System - 60kW Brikel (60),,,,,,,,,,,,,,
warehouse_lot,176df9ba-e086-4e65-b29f-4029300364e0,Warehouse / Central stock,16fac39c-363f-4303-91ed-4f62c785d356,Opening (MoneyWorks),3.633,3.03,0.2,,2026-02-17,,,2026-08-08T07:51:37.023+00:00,,,,,,,,,,,,,,,,,,,materials,,16fac39c-363f-4303-91ed-4f62c785d356,63c6e736-a536-4032-bd59-1264eb076675,100,,,0. СКЛАД - ОСНОВЕН,,,,,,,,,,,,,,
warehouse_lot,176df9ba-e086-4e65-b29f-4029300364e0,Warehouse / Central stock,c297e9b5-a91c-4a5a-a1bf-463e8fec3e54,Opening (MoneyWorks),407.4,339.5,0.2,,2026-02-17,,,2026-08-08T07:51:37.023+00:00,,,,,,,,,,,,,,,,,,,materials,,c297e9b5-a91c-4a5a-a1bf-463e8fec3e54,9a32d44b-e74e-441b-9c87-0d845e6faab1,2,,,0. СКЛАД - ОСНОВЕН,,,,,,,,,,,,,,
warehouse_lot,176df9ba-e086-4e65-b29f-4029300364e0,Warehouse / Central stock,c7155dc9-625f-4b54-b474-407364382f35,Opening (MoneyWorks),5.49,4.58,0.2,,2026-05-25,,,2026-08-08T07:51:37.023+00:00,,,,,,,,,,,,,,,,,,,materials,,c7155dc9-625f-4b54-b474-407364382f35,bd61413d-4c7f-434d-9f88-60580a5a4b67,6,,,System - 90kW Volkswagen (59),,,,,,,,,,,,,,
warehouse_lot,176df9ba-e086-4e65-b29f-4029300364e0,Warehouse / Central stock,abce5ca8-45f9-48d7-a40c-17e5ac2d6e4f,Opening (MoneyWorks),12.63,10.53,0.2,,2026-08-08,,,2026-08-08T07:51:37.023+00:00,,,,,,,,,,,,,,,,,,,materials,,abce5ca8-45f9-48d7-a40c-17e5ac2d6e4f,7f15408d-feda-47dc-875e-44ed85541562,3,,,System - 60kW Brikel (60),,,,,,,,,,,,,,
warehouse_lot,176df9ba-e086-4e65-b29f-4029300364e0,Warehouse / Central stock,a0116e13-1ccc-4674-97ee-d958b3c43769,Opening (MoneyWorks),3.53,2.94,0.2,,2025-09-19,,,2026-08-08T07:51:37.023+00:00,,,,,,,,,,,,,,,,,,,materials,,a0116e13-1ccc-4674-97ee-d958b3c43769,c848651c-083f-435c-9ce1-6dfc1ed16a37,2,,,System - 60kW Brikel (60),,,,,,,,,,,,,,
warehouse_lot,176df9ba-e086-4e65-b29f-4029300364e0,Warehouse / Central stock,cef2b338-6c58-44f1-af92-ef5e7ac711cc,Opening (MoneyWorks),16.62,13.85,0.2,,2026-01-30,,,2026-08-08T07:51:37.024+00:00,,,,,,,,,,,,,,,,,,,materials,,cef2b338-6c58-44f1-af92-ef5e7ac711cc,d043a81e-f435-4eb4-979a-4788f1cd4430,20,,,System - 60kW Brikel (60),,,,,,,,,,,,,,
warehouse_lot,176df9ba-e086-4e65-b29f-4029300364e0,Warehouse / Central stock,6733dd41-9d1e-405b-aea1-02fc2ed0a0b5,Opening (MoneyWorks),3.633,3.03,0.2,,2026-02-17,,,2026-08-08T07:51:37.024+00:00,,,,,,,,,,,,,,,,,,,materials,,6733dd41-9d1e-405b-aea1-02fc2ed0a0b5,63c6e736-a536-4032-bd59-1264eb076675,20,,,System - 90kW Volkswagen (59),,,,,,,,,,,,,,
warehouse_lot,176df9ba-e086-4e65-b29f-4029300364e0,Warehouse / Central stock,ec0fa9f0-4805-495c-a20d-c6580ad93a1e,Opening (MoneyWorks),1819.8,1516.5,0.2,,2025-10-10,,,2026-08-08T07:51:37.024+00:00,,,,,,,,,,,,,,,,,,,materials,,ec0fa9f0-4805-495c-a20d-c6580ad93a1e,93692aa8-30e7-47af-936f-37e64461c6a3,2,,,System - 60kW Brikel (60),,,,,,,,,,,,,,c7e70934-c398-4b1e-a6f4-e67553203629
warehouse_lot,176df9ba-e086-4e65-b29f-4029300364e0,Warehouse / Central stock,ce250ecc-9a7a-424b-abab-3adc9848f678,Opening (MoneyWorks),170.44,142.03,0.2,,2026-02-06,,,2026-08-08T07:51:37.024+00:00,,,,,,,,,,,,,,,,,,,materials,,ce250ecc-9a7a-424b-abab-3adc9848f678,db56c0e6-62b5-4a82-ae12-1013ea351834,20,,,System - 60kW Brikel (60),,,,,,,,,,,,,,
warehouse_lot,176df9ba-e086-4e65-b29f-4029300364e0,Warehouse / Central stock,56fddbf7-ae79-402c-b90e-418ee86d646d,Opening (MoneyWorks),230.27479,191.9,0.2,,2025-10-13,,,2026-08-08T07:51:37.024+00:00,,,,,,,,,,,,,,,,,,,materials,,56fddbf7-ae79-402c-b90e-418ee86d646d,ddb9046f-a760-46cb-8084-da36cf8a2345,10,,,System - 60kW Brikel (60),,,,,,,,,,,,,,c7e70934-c398-4b1e-a6f4-e67553203629
warehouse_lot,176df9ba-e086-4e65-b29f-4029300364e0,Warehouse / Central stock,626e0dd6-9f61-47dc-94af-75f4635f40a8,Opening (MoneyWorks),111.23279999999998,92.69,0.2,,2025-10-22,,,2026-08-08T07:51:37.025+00:00,,,,,,,,,,,,,,,,,,,materials,,626e0dd6-9f61-47dc-94af-75f4635f40a8,4f4a2d49-906e-4e14-bbe8-750b96a4fa5a,22,,,System - 60kW Brikel (60),,,,,,,,,,,,,,c7e70934-c398-4b1e-a6f4-e67553203629
warehouse_lot,176df9ba-e086-4e65-b29f-4029300364e0,Warehouse / Central stock,376b762b-c4c2-44f9-b593-685cfac23a5d,Opening (MoneyWorks),5.96,4.97,0.2,,2026-08-08,,,2026-08-08T07:51:37.025+00:00,,,,,,,,,,,,,,,,,,,materials,,376b762b-c4c2-44f9-b593-685cfac23a5d,f44ab1f1-1d5b-496d-ab38-2bc20f0079ee,44,,,System - 60kW Brikel (60),,,,,,,,,,,,,,
warehouse_lot,176df9ba-e086-4e65-b29f-4029300364e0,Warehouse / Central stock,651e0276-82b1-4b64-b2d5-b0c19834b403,Opening (MoneyWorks),0.51,0.43,0.2,,2026-02-12,,,2026-08-08T07:51:37.025+00:00,,,,,,,,,,,,,,,,,,,materials,,651e0276-82b1-4b64-b2d5-b0c19834b403,e4a12ada-e491-4130-a78d-b141b99a6fe2,4,,,System - 60kW Brikel (60),,,,,,,,,,,,,,c7e70934-c398-4b1e-a6f4-e67553203629
warehouse_lot,176df9ba-e086-4e65-b29f-4029300364e0,Warehouse / Central stock,892416ec-56e8-4b23-bde2-e506b98b2489,Opening (MoneyWorks),577.6145389999999,481.35,0.2,,2025-10-13,,,2026-08-08T07:51:37.025+00:00,,,,,,,,,,,,,,,,,,,materials,,892416ec-56e8-4b23-bde2-e506b98b2489,9ffbf8b8-d24f-498e-afdc-b879dcdcf3da,1,,,System - 60kW Brikel (60),,,,,,,,,,,,,,c7e70934-c398-4b1e-a6f4-e67553203629
warehouse_lot,176df9ba-e086-4e65-b29f-4029300364e0,Warehouse / Central stock,b4a403ca-c3c2-4dda-b7c4-70e81607b7cc,Opening (MoneyWorks),76.02,63.35,0.2,,2025-10-22,,,2026-08-08T07:51:37.025+00:00,,,,,,,,,,,,,,,,,,,materials,,b4a403ca-c3c2-4dda-b7c4-70e81607b7cc,e3de70f3-22e8-4026-8187-9512985d5402,48,,,System - 60kW Brikel (60),,,,,,,,,,,,,,
warehouse_lot,176df9ba-e086-4e65-b29f-4029300364e0,Warehouse / Central stock,29ff898e-7c9f-49d2-b5cb-ffce4a3d69a0,Opening (MoneyWorks),1.08,0.9,0.2,,2026-06-11,,,2026-08-08T07:51:37.025+00:00,,,,,,,,,,,,,,,,,,,materials,,29ff898e-7c9f-49d2-b5cb-ffce4a3d69a0,7f7b9f58-42a9-4a95-b44d-c422e6517ceb,82,,,System - 60kW Brikel (60),,,,,,,,,,,,,,c7e70934-c398-4b1e-a6f4-e67553203629
warehouse_lot,176df9ba-e086-4e65-b29f-4029300364e0,Warehouse / Central stock,86c18531-8fa2-4bfd-8f27-07147011921e,Opening (MoneyWorks),91.18,75.98,0.2,,2026-06-15,,,2026-08-08T07:51:37.025+00:00,,,,,,,,,,,,,,,,,,,materials,,86c18531-8fa2-4bfd-8f27-07147011921e,cad83bc0-721c-43c5-b38e-7d65d2085523,2,,,System - 60kW Brikel (60),,,,,,,,,,,,,,c7e70934-c398-4b1e-a6f4-e67553203629
warehouse_lot,176df9ba-e086-4e65-b29f-4029300364e0,Warehouse / Central stock,5caf9f7e-0a4b-4388-b89c-f3aaccd63bf9,Opening (MoneyWorks),0.51,0.43,0.2,,2026-02-12,,,2026-08-08T07:51:37.025+00:00,,,,,,,,,,,,,,,,,,,materials,,5caf9f7e-0a4b-4388-b89c-f3aaccd63bf9,e4a12ada-e491-4130-a78d-b141b99a6fe2,1,,,System - 90kW Volkswagen (59),,,,,,,,,,,,,,
warehouse_lot,176df9ba-e086-4e65-b29f-4029300364e0,Warehouse / Central stock,4b7baaac-88c9-48e8-a79c-39d010ce67c8,Opening (MoneyWorks),0.761822,0.63,0.2,,2025-09-19,,,2026-08-08T07:51:37.025+00:00,,,,,,,,,,,,,,,,,,,materials,,4b7baaac-88c9-48e8-a79c-39d010ce67c8,7863838d-e3e2-4c25-92bb-16bd84a9e9c3,2,,,System - 90kW Volkswagen (59),,,,,,,,,,,,,,
warehouse_lot,176df9ba-e086-4e65-b29f-4029300364e0,Warehouse / Central stock,d91add52-b2fe-47ea-a0cf-eb35408d209e,Opening (MoneyWorks),0.01,0.01,0.2,,2026-03-20,,,2026-08-08T07:51:37.025+00:00,,,,,,,,,,,,,,,,,,,materials,,d91add52-b2fe-47ea-a0cf-eb35408d209e,10da13b8-c20a-4801-86da-174b5f1731fc,344,,,System - 60kW Brikel (60),,,,,,,,,,,,,,
warehouse_lot,176df9ba-e086-4e65-b29f-4029300364e0,Warehouse / Central stock,ed18f5ea-9c33-45ac-85d1-d9c3e155a987,Opening (MoneyWorks),44.87,37.39,0.2,,2025-12-15,,,2026-08-08T07:51:37.026+00:00,,,,,,,,,,,,,,,,,,,materials,,ed18f5ea-9c33-45ac-85d1-d9c3e155a987,26da947c-cf9d-4fb4-b5b7-5fc444a1bb1e,1,,,3. ПРОИЗВОДСТВО,,,,,,,,,,,,,,
warehouse_lot,176df9ba-e086-4e65-b29f-4029300364e0,Warehouse / Central stock,fff18d44-5e68-41b0-8299-8a0afcb7cbd7,Opening (MoneyWorks),0.15,0.13,0.2,,2026-02-16,,,2026-08-08T07:51:37.026+00:00,,,,,,,,,,,,,,,,,,,materials,,fff18d44-5e68-41b0-8299-8a0afcb7cbd7,6e0e0cc5-ca9a-4e3b-8349-15fd150eebb6,8,,,System - 90kW Volkswagen (59),,,,,,,,,,,,,,
warehouse_lot,176df9ba-e086-4e65-b29f-4029300364e0,Warehouse / Central stock,bc06e6db-14e6-4ede-868b-7f11af92335b,Opening (MoneyWorks),508.2,423.5,0.2,,2026-02-16,,,2026-08-08T07:51:37.026+00:00,,,,,,,,,,,,,,,,,,,materials,,bc06e6db-14e6-4ede-868b-7f11af92335b,b8d0460e-d9b3-46d9-b7bb-1d1d7195bd39,1,,,0. СКЛАД - ОСНОВЕН,,,,,,,,,,,,,,
warehouse_lot,176df9ba-e086-4e65-b29f-4029300364e0,Warehouse / Central stock,9f7060dc-24ab-4caa-af6d-78223f2cd040,Opening (MoneyWorks),1.68,1.4,0.2,,2026-07-17,,,2026-08-08T07:51:37.026+00:00,,,,,,,,,,,,,,,,,,,materials,,9f7060dc-24ab-4caa-af6d-78223f2cd040,14105b3d-d762-4b38-98c7-39651ca766c1,4,,,System - 60kW Brikel (60),,,,,,,,,,,,,,c7e70934-c398-4b1e-a6f4-e67553203629
warehouse_lot,176df9ba-e086-4e65-b29f-4029300364e0,Warehouse / Central stock,f062b642-de8c-4b44-b566-ba86a8b33d87,Opening (MoneyWorks),2130.19,1775.16,0.2,,2026-01-21,,,2026-08-08T07:51:37.027+00:00,,,,,,,,,,,,,,,,,,,materials,,f062b642-de8c-4b44-b566-ba86a8b33d87,65723cc9-d943-4405-a176-1d02a92ba07a,1,,,0. СКЛАД - ОСНОВЕН,,,,,,,,,,,,,,
warehouse_lot,176df9ba-e086-4e65-b29f-4029300364e0,Warehouse / Central stock,a459190f-e7d6-4f48-839d-782f1ad9ff05,Opening (MoneyWorks),3.633,3.03,0.2,,2026-02-17,,,2026-08-08T07:51:37.027+00:00,,,,,,,,,,,,,,,,,,,materials,,a459190f-e7d6-4f48-839d-782f1ad9ff05,63c6e736-a536-4032-bd59-1264eb076675,180,,,System - 60kW Brikel (60),,,,,,,,,,,,,,c7e70934-c398-4b1e-a6f4-e67553203629
warehouse_lot,176df9ba-e086-4e65-b29f-4029300364e0,Warehouse / Central stock,ce63e164-cb2c-4694-a7cc-6402e88dc9de,Opening (MoneyWorks),1.12,0.93,0.2,,2026-02-24,,,2026-08-08T07:51:37.027+00:00,,,,,,,,,,,,,,,,,,,materials,,ce63e164-cb2c-4694-a7cc-6402e88dc9de,ad4e1f68-b28a-40dd-966d-f30f9731c73d,3,,,0. СКЛАД - ОСНОВЕН,,,,,,,,,,,,,,
warehouse_lot,176df9ba-e086-4e65-b29f-4029300364e0,Warehouse / Central stock,82ec22e6-812b-4a13-9629-e6690c2592f0,Opening (MoneyWorks),138.2,115.17,0.2,,2025-10-03,,,2026-08-08T07:51:37.03+00:00,,,,,,,,,,,,,,,,,,,materials,,82ec22e6-812b-4a13-9629-e6690c2592f0,7e4b44eb-2ce0-4820-9990-c889df9f29a8,1,,,System - 60kW Brikel (60),,,,,,,,,,,,,,c7e70934-c398-4b1e-a6f4-e67553203629
warehouse_lot,176df9ba-e086-4e65-b29f-4029300364e0,Warehouse / Central stock,d9ae5adb-c5bc-4cd7-a86c-7a86ab9d56e5,Opening (MoneyWorks),384,320,0.2,,2026-02-24,,,2026-08-08T07:51:37.03+00:00,,,,,,,,,,,,,,,,,,,materials,,d9ae5adb-c5bc-4cd7-a86c-7a86ab9d56e5,5fd01466-2285-4ec3-a623-2147d1248a14,2,,,System - 60kW Brikel (60),,,,,,,,,,,,,,
warehouse_lot,176df9ba-e086-4e65-b29f-4029300364e0,Warehouse / Central stock,b1ee1eef-c8ff-44ac-8e73-171bbfc3e540,Opening (MoneyWorks),0.21,0.18,0.2,,2026-02-25,,,2026-08-08T07:51:37.031+00:00,,,,,,,,,,,,,,,,,,,materials,,b1ee1eef-c8ff-44ac-8e73-171bbfc3e540,64a6f3ab-06d3-4d3b-977f-556e112f00f9,11,,,0. СКЛАД - ОСНОВЕН,,,,,,,,,,,,,,
warehouse_lot,176df9ba-e086-4e65-b29f-4029300364e0,Warehouse / Central stock,b101ba47-d96b-4f53-9f0c-6ec0b4b188d9,Opening (MoneyWorks),0.03,0.03,0.2,,2026-02-25,,,2026-08-08T07:51:37.031+00:00,,,,,,,,,,,,,,,,,,,materials,,b101ba47-d96b-4f53-9f0c-6ec0b4b188d9,a3b0912a-1821-4594-83ed-3e226b651833,115,,,0. СКЛАД - ОСНОВЕН,,,,,,,,,,,,,,
warehouse_lot,176df9ba-e086-4e65-b29f-4029300364e0,Warehouse / Central stock,ed218d54-a75e-44d3-9053-454bfcef36fe,Opening (MoneyWorks),3.81,3.18,0.2,,2026-06-25,,,2026-08-08T07:51:37.032+00:00,,,,,,,,,,,,,,,,,,,materials,,ed218d54-a75e-44d3-9053-454bfcef36fe,c81635c3-4749-411a-b989-527cc59bab5f,10,,,0. СКЛАД - ОСНОВЕН,,,,,,,,,,,,,,
warehouse_lot,176df9ba-e086-4e65-b29f-4029300364e0,Warehouse / Central stock,249a9813-9025-483d-b5b7-c4fa8010697c,Opening (MoneyWorks),33.37713400448914,27.81,0.2,,2026-03-23,,,2026-08-08T07:51:37.032+00:00,,,,,,,,,,,,,,,,,,,materials,,249a9813-9025-483d-b5b7-c4fa8010697c,45f1b0be-7621-4dda-b443-509f57f6518a,3,,,System - 60kW Brikel (60),,,,,,,,,,,,,,c7e70934-c398-4b1e-a6f4-e67553203629
warehouse_lot,176df9ba-e086-4e65-b29f-4029300364e0,Warehouse / Central stock,f5a028d7-f03c-4d7c-bde9-97b9ca5ca213,Opening (MoneyWorks),0.17895215841867645,0.15,0.2,,2025-11-26,,,2026-08-08T07:51:37.032+00:00,,,,,,,,,,,,,,,,,,,materials,,f5a028d7-f03c-4d7c-bde9-97b9ca5ca213,6429df40-099b-4e25-b5d2-69d6bbc80b9a,4,,,System - 60kW Brikel (60),,,,,,,,,,,,,,
warehouse_lot,176df9ba-e086-4e65-b29f-4029300364e0,Warehouse / Central stock,3d731e1f-f815-47d9-80b7-f02a6500828a,Opening (MoneyWorks),3.885804,3.24,0.2,,2025-11-20,,,2026-08-08T07:51:37.032+00:00,,,,,,,,,,,,,,,,,,,materials,,3d731e1f-f815-47d9-80b7-f02a6500828a,7ed54bf9-fbf8-4d66-8841-779a1898ca96,2,,,System - 60kW Brikel (60),,,,,,,,,,,,,,c7e70934-c398-4b1e-a6f4-e67553203629
warehouse_lot,176df9ba-e086-4e65-b29f-4029300364e0,Warehouse / Central stock,fcce0791-e8d8-455b-bc3a-d4d70c7b8436,Opening (MoneyWorks),91.18,75.98,0.2,,2026-06-15,,,2026-08-08T07:51:37.032+00:00,,,,,,,,,,,,,,,,,,,materials,,fcce0791-e8d8-455b-bc3a-d4d70c7b8436,cad83bc0-721c-43c5-b38e-7d65d2085523,1,,,System - 90kW Volkswagen (59),,,,,,,,,,,,,,f04d93d4-fb64-4e21-b009-81842c5d8d59
warehouse_lot,176df9ba-e086-4e65-b29f-4029300364e0,Warehouse / Central stock,1e2745ac-1bbd-400f-95cf-232f76df1f48,Opening (MoneyWorks),8.74,7.28,0.2,,2025-10-09,,,2026-08-08T07:51:37.033+00:00,,,,,,,,,,,,,,,,,,,materials,,1e2745ac-1bbd-400f-95cf-232f76df1f48,27e04a10-1a76-4046-ab9b-a3de3acb8786,1,,,System - 90kW Volkswagen (59),,,,,,,,,,,,,,
warehouse_lot,176df9ba-e086-4e65-b29f-4029300364e0,Warehouse / Central stock,8b54b965-d687-4fac-ac59-b08af519108d,Opening (MoneyWorks),5.4,4.5,0.2,,2026-06-25,,,2026-08-08T07:51:37.033+00:00,,,,,,,,,,,,,,,,,,,materials,,8b54b965-d687-4fac-ac59-b08af519108d,0d7ef102-854a-4286-9dc2-71df16947b37,68,,,System - 500kW Titan Zlatna Panega (58),,,,,,,,,,,,,,c5c5376a-37c5-4d91-bbe2-9f1d8d8cfd28
warehouse_lot,176df9ba-e086-4e65-b29f-4029300364e0,Warehouse / Central stock,2bd243ac-85ad-4a0e-b5ef-e337524aacfb,Opening (MoneyWorks),67.2,56,0.2,,2026-06-24,,,2026-08-08T07:51:37.033+00:00,,,,,,,,,,,,,,,,,,,materials,,2bd243ac-85ad-4a0e-b5ef-e337524aacfb,95fee090-9ac1-4a1c-98da-ea6d1ddf3a2a,1.3,,,System - 90kW Volkswagen (59),,,,,,,,,,,,,,
warehouse_lot,176df9ba-e086-4e65-b29f-4029300364e0,Warehouse / Central stock,aa54a824-3a3b-41da-8a66-fe709fa00217,Opening (MoneyWorks),1457,1214.17,0.2,,2026-03-04,,,2026-08-08T07:51:37.034+00:00,,,,,,,,,,,,,,,,,,,materials,,aa54a824-3a3b-41da-8a66-fe709fa00217,ebc24d2d-51eb-4250-bf53-a9fa2f452156,1,,,0. СКЛАД - ОСНОВЕН,,,,,,,,,,,,,,
warehouse_lot,176df9ba-e086-4e65-b29f-4029300364e0,Warehouse / Central stock,b9f10880-b4ce-4544-a789-2cda820f899f,Opening (MoneyWorks),9.55,7.96,0.2,,2026-03-09,,,2026-08-08T07:51:37.034+00:00,,,,,,,,,,,,,,,,,,,materials,,b9f10880-b4ce-4544-a789-2cda820f899f,0cf173d1-0f7f-419e-b2f2-8967e50e445a,8,,,0. СКЛАД - ОСНОВЕН,,,,,,,,,,,,,,
warehouse_lot,176df9ba-e086-4e65-b29f-4029300364e0,Warehouse / Central stock,f6cb3f41-ef9b-4960-89af-fa03e2b9d7f0,Opening (MoneyWorks),3.2620299999999998,2.72,0.2,,2025-09-19,,,2026-08-08T07:51:37.034+00:00,,,,,,,,,,,,,,,,,,,materials,,f6cb3f41-ef9b-4960-89af-fa03e2b9d7f0,d6045b9a-bea6-4486-bef7-4bbbb7fa080d,2,,,System - 90kW Volkswagen (59),,,,,,,,,,,,,,
warehouse_lot,176df9ba-e086-4e65-b29f-4029300364e0,Warehouse / Central stock,895b9949-fa8a-415e-9d41-530f04c81c45,Opening (MoneyWorks),5.96,4.97,0.2,,2026-08-08,,,2026-08-08T07:51:37.034+00:00,,,,,,,,,,,,,,,,,,,materials,,895b9949-fa8a-415e-9d41-530f04c81c45,f44ab1f1-1d5b-496d-ab38-2bc20f0079ee,24,,,System - 90kW Volkswagen (59),,,,,,,,,,,,,,
warehouse_lot,176df9ba-e086-4e65-b29f-4029300364e0,Warehouse / Central stock,c67746b4-1439-4a23-b0e9-240cdaa0deae,Opening (MoneyWorks),32.09,26.74,0.2,,2026-02-11,,,2026-08-08T07:51:37.035+00:00,,,,,,,,,,,,,,,,,,,materials,,c67746b4-1439-4a23-b0e9-240cdaa0deae,6d9813e5-ad9b-4d6a-86a7-e7fd9d29e444,1,,,System - 90kW Volkswagen (59),,,,,,,,,,,,,,
warehouse_lot,176df9ba-e086-4e65-b29f-4029300364e0,Warehouse / Central stock,da6e36c0-9d58-46a2-8cc9-1a8d96b8c8f5,Opening (MoneyWorks),633.81,528.17,0.2,,2026-02-11,,,2026-08-08T07:51:37.035+00:00,,,,,,,,,,,,,,,,,,,materials,,da6e36c0-9d58-46a2-8cc9-1a8d96b8c8f5,9cea710b-a3a0-4656-80ff-a241cc8ad872,1,,,System - 90kW Volkswagen (59),,,,,,,,,,,,,,
warehouse_lot,176df9ba-e086-4e65-b29f-4029300364e0,Warehouse / Central stock,ff70fdf3-8e2d-4970-871a-158c6b1fe067,Opening (MoneyWorks),582.38,485.32,0.2,,2026-06-11,,,2026-08-08T07:51:37.036+00:00,,,,,,,,,,,,,,,,,,,materials,,ff70fdf3-8e2d-4970-871a-158c6b1fe067,72c4381d-e802-453b-8edf-202618c9b360,7,,,0. СКЛАД - ОСНОВЕН,,,,,,,,,,,,,,
warehouse_lot,176df9ba-e086-4e65-b29f-4029300364e0,Warehouse / Central stock,8be6d6b5-16c3-4be7-939f-5635de3336e9,Opening (MoneyWorks),0.13,0.11,0.2,,2026-04-16,,,2026-08-08T07:51:37.037+00:00,,,,,,,,,,,,,,,,,,,materials,,8be6d6b5-16c3-4be7-939f-5635de3336e9,88832ffe-a557-4463-b732-92c405ad65c6,196,,,System - 500kW Titan Zlatna Panega (58),,,,,,,,,,,,,,
warehouse_lot,176df9ba-e086-4e65-b29f-4029300364e0,Warehouse / Central stock,d1187e43-f8ff-441f-b4a1-7dbd2efb1d63,Opening (MoneyWorks),557.305,464.42,0.2,,2026-07-31,,,2026-08-08T07:51:37.037+00:00,,,,,,,,,,,,,,,,,,,materials,,d1187e43-f8ff-441f-b4a1-7dbd2efb1d63,de242d07-2bb1-46fa-9aa0-8897e57db205,6,,,0. СКЛАД - ОСНОВЕН,,,,,,,,,,,,,,
warehouse_lot,176df9ba-e086-4e65-b29f-4029300364e0,Warehouse / Central stock,b69bbc3e-6545-49e6-bf99-68b50517a4a3,Opening (MoneyWorks),11.11,9.26,0.2,,2026-06-11,,,2026-08-08T07:51:37.037+00:00,,,,,,,,,,,,,,,,,,,materials,,b69bbc3e-6545-49e6-bf99-68b50517a4a3,f2f6717f-9b02-413d-8a80-3686b3f894f0,7,,,0. СКЛАД - ОСНОВЕН,,,,,,,,,,,,,,
warehouse_lot,176df9ba-e086-4e65-b29f-4029300364e0,Warehouse / Central stock,3e4b0d8c-e19a-45d6-964a-f1fe7efaedc4,Opening (MoneyWorks),0.03,0.03,0.2,,2026-03-27,,,2026-08-08T07:51:37.038+00:00,,,,,,,,,,,,,,,,,,,materials,,3e4b0d8c-e19a-45d6-964a-f1fe7efaedc4,a1865f1b-6ab2-4931-bbf0-d798b9cc4fcc,461,,,System - 500kW Titan Zlatna Panega (58),,,,,,,,,,,,,,
warehouse_lot,176df9ba-e086-4e65-b29f-4029300364e0,Warehouse / Central stock,7c24764d-53c8-4e89-beaf-e609012b1be5,Opening (MoneyWorks),20.77,17.31,0.2,,2026-03-31,,,2026-08-08T07:51:37.038+00:00,,,,,,,,,,,,,,,,,,,materials,,7c24764d-53c8-4e89-beaf-e609012b1be5,1b4cbba1-f549-41bb-b56f-18fe8d4c887c,1,,,System - 90kW Volkswagen (59),,,,,,,,,,,,,,
warehouse_lot,176df9ba-e086-4e65-b29f-4029300364e0,Warehouse / Central stock,e84d53ac-7da6-42f2-8542-19d965db8e4d,Opening (MoneyWorks),156.47,130.39,0.2,,2026-03-30,,,2026-08-08T07:51:37.038+00:00,,,,,,,,,,,,,,,,,,,materials,,e84d53ac-7da6-42f2-8542-19d965db8e4d,4a25ca26-e278-4352-b0f7-e624dd1d7b47,1,,,0. СКЛАД - ОСНОВЕН,,,,,,,,,,,,,,
warehouse_lot,176df9ba-e086-4e65-b29f-4029300364e0,Warehouse / Central stock,46a28db1-26a4-4137-a298-413f1880aa6d,Opening (MoneyWorks),0.01,0.01,0.2,,2026-06-10,,,2026-08-08T07:51:37.038+00:00,,,,,,,,,,,,,,,,,,,materials,,46a28db1-26a4-4137-a298-413f1880aa6d,3d25ad91-f81e-4a73-93ec-d08e940d569a,186,,,System - 500kW Titan Zlatna Panega (58),,,,,,,,,,,,,,
warehouse_lot,176df9ba-e086-4e65-b29f-4029300364e0,Warehouse / Central stock,25142af7-7e7b-4892-bca9-3059c90be228,Opening (MoneyWorks),1.08,0.9,0.2,,2026-06-11,,,2026-08-08T07:51:37.038+00:00,,,,,,,,,,,,,,,,,,,materials,,25142af7-7e7b-4892-bca9-3059c90be228,7f7b9f58-42a9-4a95-b44d-c422e6517ceb,109,,,System - 500kW Titan Zlatna Panega (58),,,,,,,,,,,,,,
warehouse_lot,176df9ba-e086-4e65-b29f-4029300364e0,Warehouse / Central stock,d7d32996-c42e-429f-a44b-93790c41e21b,Opening (MoneyWorks),191.7,159.75,0.2,,2026-08-08,,,2026-08-08T07:51:37.038+00:00,,,,,,,,,,,,,,,,,,,materials,,d7d32996-c42e-429f-a44b-93790c41e21b,b84d19e2-ed3b-43d4-8b53-c85e9a1d9970,3,,,System - 90kW Volkswagen (59),,,,,,,,,,,,,,
warehouse_lot,176df9ba-e086-4e65-b29f-4029300364e0,Warehouse / Central stock,d4ff4af4-675d-49ee-94a1-3d99b90e70ac,Opening (MoneyWorks),1,0.83,0.2,,2026-02-16,,,2026-08-08T07:51:37.039+00:00,,,,,,,,,,,,,,,,,,,materials,,d4ff4af4-675d-49ee-94a1-3d99b90e70ac,2ee6d3b6-e924-48b9-8d8f-a28d0c39b9d1,1,,,0. СКЛАД - ОСНОВЕН,,,,,,,,,,,,,,
warehouse_lot,176df9ba-e086-4e65-b29f-4029300364e0,Warehouse / Central stock,dd0b6aaa-6921-4c2c-8411-f34f0d6a8c38,Opening (MoneyWorks),12.77,10.64,0.2,,2026-03-11,,,2026-08-08T07:51:37.039+00:00,,,,,,,,,,,,,,,,,,,materials,,dd0b6aaa-6921-4c2c-8411-f34f0d6a8c38,edb91280-1c16-49c8-a415-440134b030c5,1,,,0. СКЛАД - ОСНОВЕН,,,,,,,,,,,,,,
warehouse_lot,176df9ba-e086-4e65-b29f-4029300364e0,Warehouse / Central stock,aeada599-82f0-4751-af23-9ef0c6166fb3,Opening (MoneyWorks),3518,2931.67,0.2,,2026-02-26,,,2026-08-08T07:51:37.039+00:00,,,,,,,,,,,,,,,,,,,materials,,aeada599-82f0-4751-af23-9ef0c6166fb3,67bda8ef-4708-4b23-9904-b65b2d953f7b,1,,,System - 90kW Volkswagen (59),,,,,,,,,,,,,,
warehouse_lot,176df9ba-e086-4e65-b29f-4029300364e0,Warehouse / Central stock,b9c952a9-2693-45e8-b111-7223cd8b4aff,Opening (MoneyWorks),1443.94,1203.28,0.2,,2026-02-02,,,2026-08-08T07:51:37.04+00:00,,,,,,,,,,,,,,,,,,,materials,,b9c952a9-2693-45e8-b111-7223cd8b4aff,32b40566-9e5c-45ea-840b-d6a99b224362,1,,,0. СКЛАД - ОСНОВЕН,,,,,,,,,,,,,,
warehouse_lot,176df9ba-e086-4e65-b29f-4029300364e0,Warehouse / Central stock,d2707ea1-3afe-4ca3-80fc-e8066cdb4942,Opening (MoneyWorks),19.92,16.6,0.2,,2026-03-20,,,2026-08-08T07:51:37.04+00:00,,,,,,,,,,,,,,,,,,,materials,,d2707ea1-3afe-4ca3-80fc-e8066cdb4942,f673247e-c016-410e-80bb-a8c90750c1a2,1,,,0. СКЛАД - ОСНОВЕН,,,,,,,,,,,,,,
warehouse_lot,176df9ba-e086-4e65-b29f-4029300364e0,Warehouse / Central stock,b89548d4-e5d5-4f9f-a11d-b51149dd7975,Opening (MoneyWorks),3.63,3.03,0.2,,2026-03-13,,,2026-08-08T07:51:37.041+00:00,,,,,,,,,,,,,,,,,,,materials,,b89548d4-e5d5-4f9f-a11d-b51149dd7975,35e76b70-3f60-401d-b99c-42cda7561b00,6,,,System - 90kW Volkswagen (59),,,,,,,,,,,,,,
warehouse_lot,176df9ba-e086-4e65-b29f-4029300364e0,Warehouse / Central stock,f830a3a4-a83d-43a1-8a98-a91d9ea5d919,Opening (MoneyWorks),0.02,0.02,0.2,,2026-08-08,,,2026-08-08T07:51:37.042+00:00,,,,,,,,,,,,,,,,,,,materials,,f830a3a4-a83d-43a1-8a98-a91d9ea5d919,b58e7dca-bf70-41c6-a59e-44596f6c286e,10,,,System - 90kW Volkswagen (59),,,,,,,,,,,,,,f04d93d4-fb64-4e21-b009-81842c5d8d59
warehouse_lot,176df9ba-e086-4e65-b29f-4029300364e0,Warehouse / Central stock,afe72772-636c-44b4-829b-fea7f1565536,Opening (MoneyWorks),26.43,22.03,0.2,,2026-03-13,,,2026-08-08T07:51:37.042+00:00,,,,,,,,,,,,,,,,,,,materials,,afe72772-636c-44b4-829b-fea7f1565536,50ef1c0d-5d71-4e97-a7c9-72fb18b0abb9,2,,,0. СКЛАД - ОСНОВЕН,,,,,,,,,,,,,,
warehouse_lot,176df9ba-e086-4e65-b29f-4029300364e0,Warehouse / Central stock,28a7f9b7-c37c-4fa4-b978-973ce115703c,Opening (MoneyWorks),2.8,2.33,0.2,,2026-08-05,,,2026-08-08T07:51:37.043+00:00,,,,,,,,,,,,,,,,,,,materials,,28a7f9b7-c37c-4fa4-b978-973ce115703c,dd0f6436-7b21-4ab5-8cfa-13fb8428a1a5,660,,,0. СКЛАД - ОСНОВЕН,,,,,,,,,,,,,,
warehouse_lot,176df9ba-e086-4e65-b29f-4029300364e0,Warehouse / Central stock,f1d50f8b-7b28-47de-bb2c-7ab8bb89faad,Opening (MoneyWorks),2218.1,1848.42,0.2,,2026-03-13,,,2026-08-08T07:51:37.043+00:00,,,,,,,,,,,,,,,,,,,materials,,f1d50f8b-7b28-47de-bb2c-7ab8bb89faad,dff7da34-98d7-42d4-a767-4ba1ade55545,2,,,System - 60kW Brikel (60),,,,,,,,,,,,,,
warehouse_lot,176df9ba-e086-4e65-b29f-4029300364e0,Warehouse / Central stock,ef7ecfb8-5f2c-4e4b-8a38-038839cba9f0,Opening (MoneyWorks),274.58,228.82,0.2,,2026-03-31,,,2026-08-08T07:51:37.043+00:00,,,,,,,,,,,,,,,,,,,materials,,ef7ecfb8-5f2c-4e4b-8a38-038839cba9f0,0ab42716-04dd-4697-b1d4-5196544df3b8,5,,,System - 500kW Titan Zlatna Panega (58),,,,,,,,,,,,,,c5c5376a-37c5-4d91-bbe2-9f1d8d8cfd28
warehouse_lot,176df9ba-e086-4e65-b29f-4029300364e0,Warehouse / Central stock,a2be8407-98f0-42cb-a60d-b54e4e162bbb,Opening (MoneyWorks),326.9396,272.45,0.2,,2025-09-05,,,2026-08-08T07:51:37.044+00:00,,,,,,,,,,,,,,,,,,,materials,,a2be8407-98f0-42cb-a60d-b54e4e162bbb,cda0ed26-ed5c-4997-9ce9-e3e99be5da0f,6,,,System - 60kW Brikel (60),,,,,,,,,,,,,,c7e70934-c398-4b1e-a6f4-e67553203629
warehouse_lot,176df9ba-e086-4e65-b29f-4029300364e0,Warehouse / Central stock,b85c30aa-b9dc-4746-976b-f1bf7a4c1662,Opening (MoneyWorks),0.8,0.67,0.2,,2026-03-17,,,2026-08-08T07:51:37.044+00:00,,,,,,,,,,,,,,,,,,,materials,,b85c30aa-b9dc-4746-976b-f1bf7a4c1662,48f19908-8634-4867-8a9f-6cd9e4f840df,90,,,0. СКЛАД - ОСНОВЕН,,,,,,,,,,,,,,
warehouse_lot,176df9ba-e086-4e65-b29f-4029300364e0,Warehouse / Central stock,b1fd5f8a-baf8-4054-a47f-8eea1e812c1d,Opening (MoneyWorks),5.75,4.79,0.2,,2026-01-20,,,2026-08-08T07:51:37.045+00:00,,,,,,,,,,,,,,,,,,,materials,,b1fd5f8a-baf8-4054-a47f-8eea1e812c1d,a76ee48c-4096-4ea8-b0a4-e614f6b69b57,2,,,System - 60kW Brikel (60),,,,,,,,,,,,,,
warehouse_lot,176df9ba-e086-4e65-b29f-4029300364e0,Warehouse / Central stock,f3248637-2e9f-412c-b05f-a5719f25741c,Opening (MoneyWorks),19.81,16.51,0.2,,2026-03-17,,,2026-08-08T07:51:37.045+00:00,,,,,,,,,,,,,,,,,,,materials,,f3248637-2e9f-412c-b05f-a5719f25741c,f9c4367d-5c6f-401b-b093-354a5ba74d6a,2,,,0. СКЛАД - ОСНОВЕН,,,,,,,,,,,,,,
warehouse_lot,176df9ba-e086-4e65-b29f-4029300364e0,Warehouse / Central stock,cbee830e-370c-4c49-ad7e-f31c2bdd8c98,Opening (MoneyWorks),19.81,16.51,0.2,,2026-03-17,,,2026-08-08T07:51:37.045+00:00,,,,,,,,,,,,,,,,,,,materials,,cbee830e-370c-4c49-ad7e-f31c2bdd8c98,84e9f56d-0ff7-42c2-a02d-13c5e114bbb8,2,,,0. СКЛАД - ОСНОВЕН,,,,,,,,,,,,,,
warehouse_lot,176df9ba-e086-4e65-b29f-4029300364e0,Warehouse / Central stock,cd5d5668-3f71-449a-b47d-0e08c38c978b,Opening (MoneyWorks),8.1,6.75,0.2,,2026-03-24,,,2026-08-08T07:51:37.045+00:00,,,,,,,,,,,,,,,,,,,materials,,cd5d5668-3f71-449a-b47d-0e08c38c978b,44489762-d8f0-48b9-ba61-4ce3d50201c4,8,,,System - 60kW Brikel (60),,,,,,,,,,,,,,c7e70934-c398-4b1e-a6f4-e67553203629
warehouse_lot,176df9ba-e086-4e65-b29f-4029300364e0,Warehouse / Central stock,c3c90fbf-4c9a-442c-87ce-d67c2fa4cfdd,Opening (MoneyWorks),0,0,0.2,,2026-08-08,,,2026-08-08T07:51:37.046+00:00,,,,,,,,,,,,,,,,,,,materials,,c3c90fbf-4c9a-442c-87ce-d67c2fa4cfdd,4abd4c1b-fdff-44b3-a94d-c2952146eab0,36.75,,,System - 500kW Titan Zlatna Panega (58),,,,,,,,,,,,,,
warehouse_lot,176df9ba-e086-4e65-b29f-4029300364e0,Warehouse / Central stock,e827c99a-0da4-4404-8d25-148f0d703973,Opening (MoneyWorks),7.23,6.03,0.2,,2026-03-17,,,2026-08-08T07:51:37.046+00:00,,,,,,,,,,,,,,,,,,,materials,,e827c99a-0da4-4404-8d25-148f0d703973,c5939237-80a4-42b4-a6c9-fa81c8e2d7d9,6,,,0. СКЛАД - ОСНОВЕН,,,,,,,,,,,,,,
warehouse_lot,176df9ba-e086-4e65-b29f-4029300364e0,Warehouse / Central stock,f07cd3f5-961c-439d-8840-a228012c4af2,Opening (MoneyWorks),4.75,3.96,0.2,,2026-03-17,,,2026-08-08T07:51:37.047+00:00,,,,,,,,,,,,,,,,,,,materials,,f07cd3f5-961c-439d-8840-a228012c4af2,bc0f6550-5e27-4731-9b47-2f5a3eecbd6d,1,,,System - 500kW Titan Zlatna Panega (58),,,,,,,,,,,,,,
warehouse_lot,176df9ba-e086-4e65-b29f-4029300364e0,Warehouse / Central stock,fb1c3df5-8158-41bd-8858-36d5af522f33,Opening (MoneyWorks),0.06,0.05,0.2,,2026-04-15,,,2026-08-08T07:51:37.047+00:00,,,,,,,,,,,,,,,,,,,materials,,fb1c3df5-8158-41bd-8858-36d5af522f33,92dd0f1f-9e78-4b29-a79f-66f0db604f1a,400,,,System - 500kW Titan Zlatna Panega (58),,,,,,,,,,,,,,
warehouse_lot,176df9ba-e086-4e65-b29f-4029300364e0,Warehouse / Central stock,b789049a-01c5-42f1-887c-142b2d2bcf89,Opening (MoneyWorks),0.1,0.08,0.2,,2026-08-08,,,2026-08-08T07:51:37.048+00:00,,,,,,,,,,,,,,,,,,,materials,,b789049a-01c5-42f1-887c-142b2d2bcf89,f5f8814a-6904-4496-8de2-54aa3d8977ab,8,,,System - 60kW Brikel (60),,,,,,,,,,,,,,c7e70934-c398-4b1e-a6f4-e67553203629
warehouse_lot,176df9ba-e086-4e65-b29f-4029300364e0,Warehouse / Central stock,b0b3eadd-e362-47dd-97c8-9975e45cb201,Opening (MoneyWorks),11.015077999999999,9.18,0.2,,2025-09-19,,,2026-08-08T07:51:37.048+00:00,,,,,,,,,,,,,,,,,,,materials,,b0b3eadd-e362-47dd-97c8-9975e45cb201,cfb64a71-329a-44f3-8d43-1824d0881177,4,,,System - 60kW Brikel (60),,,,,,,,,,,,,,
warehouse_lot,176df9ba-e086-4e65-b29f-4029300364e0,Warehouse / Central stock,e11b9763-a48d-455d-80d1-c64a31d78116,Opening (MoneyWorks),0.2045167524784874,0.17,0.2,,2025-11-27,,,2026-08-08T07:51:37.048+00:00,,,,,,,,,,,,,,,,,,,materials,,e11b9763-a48d-455d-80d1-c64a31d78116,35e5d4d8-024f-4826-bb1e-d9ff6e5f3822,16,,,System - 60kW Brikel (60),,,,,,,,,,,,,,c7e70934-c398-4b1e-a6f4-e67553203629
warehouse_lot,176df9ba-e086-4e65-b29f-4029300364e0,Warehouse / Central stock,d331d611-bd56-445b-a567-84152729a3b7,Opening (MoneyWorks),0.01,0.01,0.2,,2026-02-06,,,2026-08-08T07:51:37.048+00:00,,,,,,,,,,,,,,,,,,,materials,,d331d611-bd56-445b-a567-84152729a3b7,fb2ff7f4-d688-4d53-91c5-c723384359d7,17,,,System - 60kW Brikel (60),,,,,,,,,,,,,,
warehouse_lot,176df9ba-e086-4e65-b29f-4029300364e0,Warehouse / Central stock,de2cae54-a8a8-4f2d-8c93-50590da0e1ab,Opening (MoneyWorks),1655,1379.17,0.2,,2026-03-18,,,2026-08-08T07:51:37.048+00:00,,,,,,,,,,,,,,,,,,,materials,,de2cae54-a8a8-4f2d-8c93-50590da0e1ab,8f6e508e-0501-4dc5-be44-4824e2c64867,2,,,0. СКЛАД - ОСНОВЕН,,,,,,,,,,,,,,
warehouse_lot,176df9ba-e086-4e65-b29f-4029300364e0,Warehouse / Central stock,d72c59d8-37d2-4a20-9288-71ced8368056,Opening (MoneyWorks),0,0,0.2,,2026-08-08,,,2026-08-08T07:51:37.049+00:00,,,,,,,,,,,,,,,,,,,materials,,d72c59d8-37d2-4a20-9288-71ced8368056,38fe0238-a91c-44f3-be63-b5b0f16ba3e3,4.63,,,System - 500kW Titan Zlatna Panega (58),,,,,,,,,,,,,,
warehouse_lot,176df9ba-e086-4e65-b29f-4029300364e0,Warehouse / Central stock,b23b43c2-4fc8-44d3-a16a-e83936e6521a,Opening (MoneyWorks),29.89,24.91,0.2,,2026-03-20,,,2026-08-08T07:51:37.049+00:00,,,,,,,,,,,,,,,,,,,materials,,b23b43c2-4fc8-44d3-a16a-e83936e6521a,2a2a2e29-e6b1-46c9-b622-56b4708d05db,2,,,0. СКЛАД - ОСНОВЕН,,,,,,,,,,,,,,
warehouse_lot,176df9ba-e086-4e65-b29f-4029300364e0,Warehouse / Central stock,f6403891-8c4e-4563-b2a0-642ce7e92816,Opening (MoneyWorks),6.22,5.18,0.2,,2026-03-20,,,2026-08-08T07:51:37.049+00:00,,,,,,,,,,,,,,,,,,,materials,,f6403891-8c4e-4563-b2a0-642ce7e92816,bf4d1fd3-3c82-4dad-b314-610eead0f41d,2,,,0. СКЛАД - ОСНОВЕН,,,,,,,,,,,,,,
warehouse_lot,176df9ba-e086-4e65-b29f-4029300364e0,Warehouse / Central stock,c0c00d33-2e24-4130-9dab-6e3f8a9f4134,Opening (MoneyWorks),5.86,4.88,0.2,,2026-03-20,,,2026-08-08T07:51:37.049+00:00,,,,,,,,,,,,,,,,,,,materials,,c0c00d33-2e24-4130-9dab-6e3f8a9f4134,0de6c1b8-3bf0-40dd-bcc8-bdeeba2671e5,1,,,0. СКЛАД - ОСНОВЕН,,,,,,,,,,,,,,
warehouse_lot,176df9ba-e086-4e65-b29f-4029300364e0,Warehouse / Central stock,d35016d8-efa1-4b2a-8dd5-b24817977f89,Opening (MoneyWorks),2.8,2.33,0.2,,2026-08-05,,,2026-08-08T07:51:37.05+00:00,,,,,,,,,,,,,,,,,,,materials,,d35016d8-efa1-4b2a-8dd5-b24817977f89,dd0f6436-7b21-4ab5-8cfa-13fb8428a1a5,100,,,System - 90kW Volkswagen (59),,,,,,,,,,,,,,
warehouse_lot,176df9ba-e086-4e65-b29f-4029300364e0,Warehouse / Central stock,b759df99-a8ad-4816-9975-e8b23151fa66,Opening (MoneyWorks),0.01,0.01,0.2,,2026-02-16,,,2026-08-08T07:51:37.052+00:00,,,,,,,,,,,,,,,,,,,materials,,b759df99-a8ad-4816-9975-e8b23151fa66,cfd16d8b-fd12-4561-95e4-327eef3a2e84,42,,,System - 60kW Brikel (60),,,,,,,,,,,,,,c7e70934-c398-4b1e-a6f4-e67553203629
warehouse_lot,176df9ba-e086-4e65-b29f-4029300364e0,Warehouse / Central stock,ae5bf136-f73f-487f-ac43-5f43aa290869,Opening (MoneyWorks),10.04,8.37,0.2,,2026-03-23,,,2026-08-08T07:51:37.052+00:00,,,,,,,,,,,,,,,,,,,materials,,ae5bf136-f73f-487f-ac43-5f43aa290869,0ade7137-8931-4474-b36e-c81df133e0e5,8,,,0. СКЛАД - ОСНОВЕН,,,,,,,,,,,,,,
warehouse_lot,176df9ba-e086-4e65-b29f-4029300364e0,Warehouse / Central stock,c7718f1c-36f9-4801-9cf3-200552626fb9,Opening (MoneyWorks),27.901197956877642,23.25,0.2,,2025-09-05,,,2026-08-08T07:51:37.054+00:00,,,,,,,,,,,,,,,,,,,materials,,c7718f1c-36f9-4801-9cf3-200552626fb9,6004232d-07fa-495c-a04d-6253d365840c,2,,,System - 60kW Brikel (60),,,,,,,,,,,,,,c7e70934-c398-4b1e-a6f4-e67553203629
warehouse_lot,176df9ba-e086-4e65-b29f-4029300364e0,Warehouse / Central stock,c1dd8309-864e-41aa-933e-f088f90e26e3,Opening (MoneyWorks),0.69,0.57,0.2,,2026-03-31,,,2026-08-08T07:51:37.054+00:00,,,,,,,,,,,,,,,,,,,materials,,c1dd8309-864e-41aa-933e-f088f90e26e3,c98cd3cd-e9d7-4ab1-a9c5-1830b083ef6d,8,,,System - 60kW Brikel (60),,,,,,,,,,,,,,c7e70934-c398-4b1e-a6f4-e67553203629
warehouse_lot,176df9ba-e086-4e65-b29f-4029300364e0,Warehouse / Central stock,c461110e-e4bf-4a0e-8b35-079cff26c6ee,Opening (MoneyWorks),1,0.83,0.2,,2026-03-25,,,2026-08-08T07:51:37.055+00:00,,,,,,,,,,,,,,,,,,,materials,,c461110e-e4bf-4a0e-8b35-079cff26c6ee,415d6457-2d84-48ba-bfc9-c51ab55424e6,15,,,0. СКЛАД - ОСНОВЕН,,,,,,,,,,,,,,
warehouse_lot,176df9ba-e086-4e65-b29f-4029300364e0,Warehouse / Central stock,e9127307-00ee-40d0-9da9-bfafb22c911b,Opening (MoneyWorks),485.2,404.33,0.2,,2026-06-11,,,2026-08-08T07:51:37.057+00:00,,,,,,,,,,,,,,,,,,,materials,,e9127307-00ee-40d0-9da9-bfafb22c911b,7cad59b4-90af-40ba-b55a-026dc32c43b9,2,,,System - 60kW Brikel (60),,,,,,,,,,,,,,c7e70934-c398-4b1e-a6f4-e67553203629
warehouse_lot,176df9ba-e086-4e65-b29f-4029300364e0,Warehouse / Central stock,f387c944-465f-4a17-bd47-91b2532b7cdb,Opening (MoneyWorks),17.95,14.96,0.2,,2026-03-26,,,2026-08-08T07:51:37.057+00:00,,,,,,,,,,,,,,,,,,,materials,,f387c944-465f-4a17-bd47-91b2532b7cdb,6f6cd0db-9475-49ba-8212-ce62c2e35d82,10,,,0. СКЛАД - ОСНОВЕН,,,,,,,,,,,,,,
warehouse_lot,176df9ba-e086-4e65-b29f-4029300364e0,Warehouse / Central stock,f4e3e88b-24f9-4f13-be3d-b1c4b03d8d20,Opening (MoneyWorks),15.14,12.62,0.2,,2026-08-08,,,2026-08-08T07:51:37.058+00:00,,,,,,,,,,,,,,,,,,,materials,,f4e3e88b-24f9-4f13-be3d-b1c4b03d8d20,ab827768-631e-412b-b99d-c13258fa35e3,2,,,3. ПРОИЗВОДСТВО,,,,,,,,,,,,,,
warehouse_lot,176df9ba-e086-4e65-b29f-4029300364e0,Warehouse / Central stock,de7e0d0b-d4b8-4727-b76c-aad3d7f5ea8d,Opening (MoneyWorks),2.65,2.21,0.2,,2026-03-26,,,2026-08-08T07:51:37.059+00:00,,,,,,,,,,,,,,,,,,,materials,,de7e0d0b-d4b8-4727-b76c-aad3d7f5ea8d,96306f95-9799-4346-83dd-e796dfa44778,1,,,System - 90kW Volkswagen (59),,,,,,,,,,,,,,f04d93d4-fb64-4e21-b009-81842c5d8d59
warehouse_lot,176df9ba-e086-4e65-b29f-4029300364e0,Warehouse / Central stock,d9124674-c087-428f-8728-67b2dd8ee12e,Opening (MoneyWorks),242.87,202.39,0.2,,2026-03-27,,,2026-08-08T07:51:37.06+00:00,,,,,,,,,,,,,,,,,,,materials,,d9124674-c087-428f-8728-67b2dd8ee12e,25753862-70b7-4e11-8c66-31b99128c39d,1,,,0. СКЛАД - ОСНОВЕН,,,,,,,,,,,,,,
warehouse_lot,176df9ba-e086-4e65-b29f-4029300364e0,Warehouse / Central stock,c27189a6-de7f-482d-8868-c150d442caa2,Opening (MoneyWorks),0.240306,0.2,0.2,,2026-02-16,,,2026-08-08T07:51:37.061+00:00,,,,,,,,,,,,,,,,,,,materials,,c27189a6-de7f-482d-8868-c150d442caa2,c422e12b-bd8e-4350-a5c7-fe287f374623,10,,,System - 60kW Brikel (60),,,,,,,,,,,,,,c7e70934-c398-4b1e-a6f4-e67553203629
warehouse_lot,176df9ba-e086-4e65-b29f-4029300364e0,Warehouse / Central stock,e5bfc019-7e83-41f2-a7e3-a0a98eb02366,Opening (MoneyWorks),0,0,0.2,,2026-08-08,,,2026-08-08T07:51:37.061+00:00,,,,,,,,,,,,,,,,,,,materials,,e5bfc019-7e83-41f2-a7e3-a0a98eb02366,38fe0238-a91c-44f3-be63-b5b0f16ba3e3,4.63,,,System - 10kW Italy,,,,,,,,,,,,,,8764ceb8-c1d0-4147-8e8d-519f84027972
warehouse_lot,176df9ba-e086-4e65-b29f-4029300364e0,Warehouse / Central stock,fa5921a1-657a-4b16-84e6-9781c06a7aa3,Opening (MoneyWorks),1643.5,1369.58,0.2,,2025-10-09,,,2026-08-08T07:51:37.062+00:00,,,,,,,,,,,,,,,,,,,materials,,fa5921a1-657a-4b16-84e6-9781c06a7aa3,ce7ef9df-6fbc-412e-8d88-55725f46e001,1,,,System - 60kW Brikel (60),,,,,,,,,,,,,,
warehouse_lot,176df9ba-e086-4e65-b29f-4029300364e0,Warehouse / Central stock,f137f510-dc38-466a-b4df-debb41b092e3,Opening (MoneyWorks),13.61,11.34,0.2,,2026-03-31,,,2026-08-08T07:51:37.062+00:00,,,,,,,,,,,,,,,,,,,materials,,f137f510-dc38-466a-b4df-debb41b092e3,640fea37-c919-4694-850d-58c7fa056412,9,,,0. СКЛАД - ОСНОВЕН,,,,,,,,,,,,,,
warehouse_lot,176df9ba-e086-4e65-b29f-4029300364e0,Warehouse / Central stock,c7f5fb9d-1859-428b-a92f-8353826a5c9e,Opening (MoneyWorks),0.035789999999999995,0.03,0.2,,2026-02-16,,,2026-08-08T07:51:37.062+00:00,,,,,,,,,,,,,,,,,,,materials,,c7f5fb9d-1859-428b-a92f-8353826a5c9e,f41f2c0f-a17f-46f2-ad1f-4bde9151fa80,12,,,System - 10kW Italy,,,,,,,,,,,,,,
warehouse_lot,176df9ba-e086-4e65-b29f-4029300364e0,Warehouse / Central stock,b59099b6-d9ef-476e-b2aa-872f5f4b8ed1,Opening (MoneyWorks),3033.6,2528,0.2,,2025-10-09,,,2026-08-08T07:51:37.062+00:00,,,,,,,,,,,,,,,,,,,materials,,b59099b6-d9ef-476e-b2aa-872f5f4b8ed1,8f1aa71e-d9e1-4025-ad3c-7d16ec38c00a,1,,,System - 60kW Brikel (60),,,,,,,,,,,,,,
warehouse_lot,176df9ba-e086-4e65-b29f-4029300364e0,Warehouse / Central stock,affe8e09-8387-40ab-8af4-b75a82917749,Opening (MoneyWorks),154.17,128.48,0.2,,2026-03-31,,,2026-08-08T07:51:37.062+00:00,,,,,,,,,,,,,,,,,,,materials,,affe8e09-8387-40ab-8af4-b75a82917749,1b6ba8c0-45c0-46fc-ba58-0152cdd40064,1,,,0. СКЛАД - ОСНОВЕН,,,,,,,,,,,,,,
warehouse_lot,176df9ba-e086-4e65-b29f-4029300364e0,Warehouse / Central stock,e4e44058-6cae-40e8-aa9a-e3ca0ec54edb,Opening (MoneyWorks),1.08,0.9,0.2,,2026-02-09,,,2026-08-08T07:51:37.063+00:00,,,,,,,,,,,,,,,,,,,materials,,e4e44058-6cae-40e8-aa9a-e3ca0ec54edb,1460114c-a36e-4cb8-aa49-f74da7ea8b0e,1.5,,,System - 60kW Brikel (60),,,,,,,,,,,,,,
warehouse_lot,176df9ba-e086-4e65-b29f-4029300364e0,Warehouse / Central stock,c39ae4a5-bd7b-4c9f-93a3-2e7bf0632b0c,Opening (MoneyWorks),13.95,11.63,0.2,,2026-06-10,,,2026-08-08T07:51:37.063+00:00,,,,,,,,,,,,,,,,,,,materials,,c39ae4a5-bd7b-4c9f-93a3-2e7bf0632b0c,0a93f580-b670-4d10-b1f4-57d555c708bb,2,,,0. СКЛАД - ОСНОВЕН,,,,,,,,,,,,,,
warehouse_lot,176df9ba-e086-4e65-b29f-4029300364e0,Warehouse / Central stock,e9d0bccd-736e-44b0-9344-6ef1592492a7,Opening (MoneyWorks),0.56,0.47,0.2,,2026-04-02,,,2026-08-08T07:51:37.064+00:00,,,,,,,,,,,,,,,,,,,materials,,e9d0bccd-736e-44b0-9344-6ef1592492a7,9320502e-6356-44ec-ba37-861dc891f251,5,,,0. СКЛАД - ОСНОВЕН,,,,,,,,,,,,,,
warehouse_lot,176df9ba-e086-4e65-b29f-4029300364e0,Warehouse / Central stock,babc3e19-f3fe-437f-897d-d64037c3e245,Opening (MoneyWorks),0.27,0.23,0.2,,2026-04-02,,,2026-08-08T07:51:37.066+00:00,,,,,,,,,,,,,,,,,,,materials,,babc3e19-f3fe-437f-897d-d64037c3e245,b50e2b49-62d1-468a-9d4f-d6b29c2debaf,10,,,System - 90kW Volkswagen (59),,,,,,,,,,,,,,
warehouse_lot,176df9ba-e086-4e65-b29f-4029300364e0,Warehouse / Central stock,ea19232b-0379-4d1f-93a7-ad5d4ab91c94,Opening (MoneyWorks),1.96,1.63,0.2,,2026-04-03,,,2026-08-08T07:51:37.067+00:00,,,,,,,,,,,,,,,,,,,materials,,ea19232b-0379-4d1f-93a7-ad5d4ab91c94,c4179d19-a1df-416b-90b6-734f45952e28,1,,,0. СКЛАД - ОСНОВЕН,,,,,,,,,,,,,,
warehouse_lot,176df9ba-e086-4e65-b29f-4029300364e0,Warehouse / Central stock,fd14c715-134a-40e5-a008-723ee2e17948,Opening (MoneyWorks),4.9,4.08,0.2,,2026-04-03,,,2026-08-08T07:51:37.067+00:00,,,,,,,,,,,,,,,,,,,materials,,fd14c715-134a-40e5-a008-723ee2e17948,17b5a95f-37ca-47b1-85d3-e783ed2bc198,1,,,0. СКЛАД - ОСНОВЕН,,,,,,,,,,,,,,
warehouse_lot,176df9ba-e086-4e65-b29f-4029300364e0,Warehouse / Central stock,ae8441c6-a69e-48b7-b33f-48ce6698be73,Opening (MoneyWorks),21,17.5,0.2,,2026-04-03,,,2026-08-08T07:51:37.067+00:00,,,,,,,,,,,,,,,,,,,materials,,ae8441c6-a69e-48b7-b33f-48ce6698be73,8ed3e54e-7a52-41d9-90ed-400209ad4353,1,,,0. СКЛАД - ОСНОВЕН,,,,,,,,,,,,,,
warehouse_lot,176df9ba-e086-4e65-b29f-4029300364e0,Warehouse / Central stock,c64bc068-d762-453a-b70c-18a105d9eab9,Opening (MoneyWorks),0,0,0.2,,2026-08-08,,,2026-08-08T07:51:37.068+00:00,,,,,,,,,,,,,,,,,,,materials,,c64bc068-d762-453a-b70c-18a105d9eab9,036e74b2-68d4-485b-b6ad-25a72c555c9a,20,,,System - 60kW Brikel (60),,,,,,,,,,,,,,
warehouse_lot,176df9ba-e086-4e65-b29f-4029300364e0,Warehouse / Central stock,e9f96be9-2f82-460f-bf06-5c1041f2a24b,Opening (MoneyWorks),2.45,2.04,0.2,,2026-04-03,,,2026-08-08T07:51:37.068+00:00,,,,,,,,,,,,,,,,,,,materials,,e9f96be9-2f82-460f-bf06-5c1041f2a24b,ccf76fb7-3a7c-47a0-8779-5204145ac909,38,,,0. СКЛАД - ОСНОВЕН,,,,,,,,,,,,,,
warehouse_lot,176df9ba-e086-4e65-b29f-4029300364e0,Warehouse / Central stock,ae2e2bb9-85ea-4b6f-8c1a-9c2c245c3675,Opening (MoneyWorks),5.12,4.27,0.2,,2026-03-26,,,2026-08-08T07:51:37.068+00:00,,,,,,,,,,,,,,,,,,,materials,,ae2e2bb9-85ea-4b6f-8c1a-9c2c245c3675,34abb335-7631-48fe-bd4b-92686e68885a,1,,,System - 60kW Brikel (60),,,,,,,,,,,,,,c7e70934-c398-4b1e-a6f4-e67553203629
warehouse_lot,176df9ba-e086-4e65-b29f-4029300364e0,Warehouse / Central stock,c44edc55-fb7b-415d-a6cd-65d21799e354,Opening (MoneyWorks),0.15,0.13,0.2,,2026-02-16,,,2026-08-08T07:51:37.068+00:00,,,,,,,,,,,,,,,,,,,materials,,c44edc55-fb7b-415d-a6cd-65d21799e354,6e0e0cc5-ca9a-4e3b-8349-15fd150eebb6,4,,,System - 500kW Titan Zlatna Panega (58),,,,,,,,,,,,,,
warehouse_lot,176df9ba-e086-4e65-b29f-4029300364e0,Warehouse / Central stock,b331e0bb-d0df-4a35-91e6-1e51d4649830,Opening (MoneyWorks),2.52,2.1,0.2,,2026-04-22,,,2026-08-08T07:51:37.068+00:00,,,,,,,,,,,,,,,,,,,materials,,b331e0bb-d0df-4a35-91e6-1e51d4649830,a5210e00-e63d-4ef0-b163-30ae3a36a688,4.8,,,0. СКЛАД - ОСНОВЕН,,,,,,,,,,,,,,
warehouse_lot,176df9ba-e086-4e65-b29f-4029300364e0,Warehouse / Central stock,e4c882cf-6147-4db7-9147-eb795669e6b6,Opening (MoneyWorks),0.85,0.71,0.2,,2026-04-22,,,2026-08-08T07:51:37.068+00:00,,,,,,,,,,,,,,,,,,,materials,,e4c882cf-6147-4db7-9147-eb795669e6b6,20b70dd9-3714-42ed-9862-d1daf3a32b18,4,,,0. СКЛАД - ОСНОВЕН,,,,,,,,,,,,,,
warehouse_lot,176df9ba-e086-4e65-b29f-4029300364e0,Warehouse / Central stock,c37da61c-f49f-46eb-9c89-87d68df357bc,Opening (MoneyWorks),94.62,78.85,0.2,,2026-08-08,,,2026-08-08T07:51:37.069+00:00,,,,,,,,,,,,,,,,,,,materials,,c37da61c-f49f-46eb-9c89-87d68df357bc,1f8ea084-e041-425f-aefb-662d4dce7080,65,,,2. МЕТАЛХИДРИД,,,,,,,,,,,,,,
warehouse_lot,176df9ba-e086-4e65-b29f-4029300364e0,Warehouse / Central stock,e8b5130a-c641-4d6b-b97c-9bca1603f3de,Opening (MoneyWorks),2.32637,1.94,0.2,,2025-09-09,,,2026-08-08T07:51:37.07+00:00,,,,,,,,,,,,,,,,,,,materials,,e8b5130a-c641-4d6b-b97c-9bca1603f3de,2f199d0d-d1d9-4670-9674-4a32994d6122,2,,,System - 20kW Warsaw,,,,,,,,,,,,,,
warehouse_lot,176df9ba-e086-4e65-b29f-4029300364e0,Warehouse / Central stock,cacf1c16-b858-42f2-8d95-ab92acb6bdb2,Opening (MoneyWorks),6.82,5.68,0.2,,2026-04-13,,,2026-08-08T07:51:37.072+00:00,,,,,,,,,,,,,,,,,,,materials,,cacf1c16-b858-42f2-8d95-ab92acb6bdb2,9b56d29e-871b-46dc-9a02-6833c7259a61,2,,,0. СКЛАД - ОСНОВЕН,,,,,,,,,,,,,,
warehouse_lot,176df9ba-e086-4e65-b29f-4029300364e0,Warehouse / Central stock,d00e4918-dec7-4103-9c14-cdaa63cf4d1d,Opening (MoneyWorks),6.82,5.68,0.2,,2026-04-13,,,2026-08-08T07:51:37.072+00:00,,,,,,,,,,,,,,,,,,,materials,,d00e4918-dec7-4103-9c14-cdaa63cf4d1d,4b51f055-16b5-4b9d-bdf0-f862c34d90d6,1,,,0. СКЛАД - ОСНОВЕН,,,,,,,,,,,,,,
warehouse_lot,176df9ba-e086-4e65-b29f-4029300364e0,Warehouse / Central stock,ea365d22-0362-4cb8-98da-f0d59474407c,Opening (MoneyWorks),0.01,0.01,0.2,,2026-06-10,,,2026-08-08T07:51:37.073+00:00,,,,,,,,,,,,,,,,,,,materials,,ea365d22-0362-4cb8-98da-f0d59474407c,3d25ad91-f81e-4a73-93ec-d08e940d569a,104,,,System - Украйна,,,,,,,,,,,,,,
warehouse_lot,176df9ba-e086-4e65-b29f-4029300364e0,Warehouse / Central stock,f3d9ba45-e199-49ba-957b-e1f300b02d72,Opening (MoneyWorks),4900,4083.33,0.2,,2026-04-08,,,2026-08-08T07:51:37.074+00:00,,,,,,,,,,,,,,,,,,,materials,,f3d9ba45-e199-49ba-957b-e1f300b02d72,5435fa99-6b50-4ea2-b12e-c2788b2b69f3,1,,,System - 60kW Brikel (60),,,,,,,,,,,,,,
warehouse_lot,176df9ba-e086-4e65-b29f-4029300364e0,Warehouse / Central stock,f9d1d05c-2579-49ee-b4bd-727a60f8b583,Opening (MoneyWorks),3.27,2.73,0.2,,2026-04-15,,,2026-08-08T07:51:37.074+00:00,,,,,,,,,,,,,,,,,,,materials,,f9d1d05c-2579-49ee-b4bd-727a60f8b583,e4dca89f-1490-42fa-801d-3d085760bcaf,2,,,0. СКЛАД - ОСНОВЕН,,,,,,,,,,,,,,
warehouse_lot,176df9ba-e086-4e65-b29f-4029300364e0,Warehouse / Central stock,ed91d0ea-8cfe-4965-8561-2da05f37d2d9,Opening (MoneyWorks),91.6,76.33,0.2,,2026-06-10,,,2026-08-08T07:51:37.074+00:00,,,,,,,,,,,,,,,,,,,materials,,ed91d0ea-8cfe-4965-8561-2da05f37d2d9,bc2f4082-f58e-4b12-929b-70da3f5315cd,4,,,0. СКЛАД - ОСНОВЕН,,,,,,,,,,,,,,
warehouse_lot,176df9ba-e086-4e65-b29f-4029300364e0,Warehouse / Central stock,bcba7381-b149-46be-88ed-76accbda8d85,Opening (MoneyWorks),4.49,3.74,0.2,,2026-03-31,,,2026-08-08T07:51:37.075+00:00,,,,,,,,,,,,,,,,,,,materials,,bcba7381-b149-46be-88ed-76accbda8d85,a87638f2-f1bd-4e2e-a255-32aa95da4f52,1,,,System - 60kW Brikel (60),,,,,,,,,,,,,,c7e70934-c398-4b1e-a6f4-e67553203629
warehouse_lot,176df9ba-e086-4e65-b29f-4029300364e0,Warehouse / Central stock,de8fdadc-3900-40fc-b22b-5dbf75d2f5cd,Opening (MoneyWorks),0.035789999999999995,0.03,0.2,,2026-02-16,,,2026-08-08T07:51:37.075+00:00,,,,,,,,,,,,,,,,,,,materials,,de8fdadc-3900-40fc-b22b-5dbf75d2f5cd,f41f2c0f-a17f-46f2-ad1f-4bde9151fa80,24,,,System - 20kW Warsaw,,,,,,,,,,,,,,
warehouse_lot,176df9ba-e086-4e65-b29f-4029300364e0,Warehouse / Central stock,c55abd7c-d2b4-4220-9da1-350ba97301c0,Opening (MoneyWorks),0,0,0.2,,2026-08-08,,,2026-08-08T07:51:37.075+00:00,,,,,,,,,,,,,,,,,,,materials,,c55abd7c-d2b4-4220-9da1-350ba97301c0,52a6661c-afea-43b2-acc3-8834060bdf5b,33,,,System - 60kW Brikel (60),,,,,,,,,,,,,,
warehouse_lot,176df9ba-e086-4e65-b29f-4029300364e0,Warehouse / Central stock,ca6106fb-d3df-44f6-a11c-dfc6ac9a4663,Opening (MoneyWorks),33.37713400448914,27.81,0.2,,2026-03-23,,,2026-08-08T07:51:37.075+00:00,,,,,,,,,,,,,,,,,,,materials,,ca6106fb-d3df-44f6-a11c-dfc6ac9a4663,45f1b0be-7621-4dda-b443-509f57f6518a,2,,,System - 20kW Warsaw,,,,,,,,,,,,,,
warehouse_lot,176df9ba-e086-4e65-b29f-4029300364e0,Warehouse / Central stock,efc07c63-8682-403d-ac17-98e9b9475a65,Opening (MoneyWorks),0.01,0.01,0.2,,2026-02-16,,,2026-08-08T07:51:37.075+00:00,,,,,,,,,,,,,,,,,,,materials,,efc07c63-8682-403d-ac17-98e9b9475a65,ce67e0f5-e014-492c-9615-1eefde4273c3,24,,,System - 20kW Warsaw,,,,,,,,,,,,,,
warehouse_lot,176df9ba-e086-4e65-b29f-4029300364e0,Warehouse / Central stock,b096d153-a672-42aa-bf45-05985417decb,Opening (MoneyWorks),2.766079,2.31,0.2,,2025-09-19,,,2026-08-08T07:51:37.076+00:00,,,,,,,,,,,,,,,,,,,materials,,b096d153-a672-42aa-bf45-05985417decb,5f7dd31a-43d2-4d03-bfe7-ba78aff1ba90,4,,,System - 30KW ЦЕХ,,,,,,,,,,,,,,
warehouse_lot,176df9ba-e086-4e65-b29f-4029300364e0,Warehouse / Central stock,ca02d714-1cb2-4cda-aa51-3b4045f7543b,Opening (MoneyWorks),0.935661,0.78,0.2,,2026-08-08,,,2026-08-08T07:51:37.076+00:00,,,,,,,,,,,,,,,,,,,materials,,ca02d714-1cb2-4cda-aa51-3b4045f7543b,e8d1a9e0-d1a2-44b7-b5b5-73fbb229feee,7,,,System - 30KW ЦЕХ,,,,,,,,,,,,,,
warehouse_lot,176df9ba-e086-4e65-b29f-4029300364e0,Warehouse / Central stock,c8e8ec49-f4f9-4c0a-90c2-8c94ec764826,Opening (MoneyWorks),1,0.83,0.2,,2026-02-16,,,2026-08-08T07:51:37.076+00:00,,,,,,,,,,,,,,,,,,,materials,,c8e8ec49-f4f9-4c0a-90c2-8c94ec764826,a0e153fe-8d57-49d8-87eb-1c1ae3f23e1b,4,,,System - 10kW Italy,,,,,,,,,,,,,,
warehouse_lot,176df9ba-e086-4e65-b29f-4029300364e0,Warehouse / Central stock,b86af5f4-7ec0-4283-be2c-2ec23981deb1,Opening (MoneyWorks),0.05,0.04,0.2,,2026-03-23,,,2026-08-08T07:51:37.076+00:00,,,,,,,,,,,,,,,,,,,materials,,b86af5f4-7ec0-4283-be2c-2ec23981deb1,ea84a5fd-fdf3-4b20-b4c4-8297dd27339c,16,,,System - 500kW Titan Zlatna Panega (58),,,,,,,,,,,,,,
warehouse_lot,176df9ba-e086-4e65-b29f-4029300364e0,Warehouse / Central stock,f3749766-f80d-4d38-8c65-3deb2c3bbc25,Opening (MoneyWorks),42.96,35.8,0.2,,2026-08-08,,,2026-08-08T07:51:37.076+00:00,,,,,,,,,,,,,,,,,,,materials,,f3749766-f80d-4d38-8c65-3deb2c3bbc25,98f6c94f-eb1c-4a2f-ab89-0e2e811ce906,1,,,System - 90kW Volkswagen (59),,,,,,,,,,,,,,f04d93d4-fb64-4e21-b009-81842c5d8d59
warehouse_lot,176df9ba-e086-4e65-b29f-4029300364e0,Warehouse / Central stock,d5e9d286-db94-4e5d-9039-6c7f09119307,Opening (MoneyWorks),0.7822739999999999,0.65,0.2,,2026-08-08,,,2026-08-08T07:51:37.077+00:00,,,,,,,,,,,,,,,,,,,materials,,d5e9d286-db94-4e5d-9039-6c7f09119307,4854d530-713c-44e4-9ea3-0033b0900303,1,,,3. ПРОИЗВОДСТВО,,,,,,,,,,,,,,
warehouse_lot,176df9ba-e086-4e65-b29f-4029300364e0,Warehouse / Central stock,c73787fc-c848-49c3-a0c0-7b207ce46e8b,Opening (MoneyWorks),1.13,0.94,0.2,,2026-06-10,,,2026-08-08T07:51:37.077+00:00,,,,,,,,,,,,,,,,,,,materials,,c73787fc-c848-49c3-a0c0-7b207ce46e8b,3f4014f2-b27c-4472-9e23-5a433b84e177,100,,,0. СКЛАД - ОСНОВЕН,,,,,,,,,,,,,,
warehouse_lot,176df9ba-e086-4e65-b29f-4029300364e0,Warehouse / Central stock,df749998-f92e-43e6-8ef4-b9620c798a35,Opening (MoneyWorks),1.9,1.58,0.2,,2026-08-08,,,2026-08-08T07:51:37.077+00:00,,,,,,,,,,,,,,,,,,,materials,,df749998-f92e-43e6-8ef4-b9620c798a35,23a885d9-060e-4175-bf6e-996e865714db,1,,,3. ПРОИЗВОДСТВО,,,,,,,,,,,,,,
warehouse_lot,176df9ba-e086-4e65-b29f-4029300364e0,Warehouse / Central stock,c3572b56-8cb9-41f2-abdb-237c687c29db,Opening (MoneyWorks),0.79,0.66,0.2,,2026-06-25,,,2026-08-08T07:51:37.077+00:00,,,,,,,,,,,,,,,,,,,materials,,c3572b56-8cb9-41f2-abdb-237c687c29db,4fb34db3-b815-441b-aff1-8798ed1074cb,2,,,System - 10kW Italy,,,,,,,,,,,,,,
warehouse_lot,176df9ba-e086-4e65-b29f-4029300364e0,Warehouse / Central stock,c5ecdef2-bbbb-48ee-8f7e-63f04f819e99,Opening (MoneyWorks),4.74,3.95,0.2,,2026-06-10,,,2026-08-08T07:51:37.077+00:00,,,,,,,,,,,,,,,,,,,materials,,c5ecdef2-bbbb-48ee-8f7e-63f04f819e99,ae89fdc0-4028-4548-8ad7-aa51fe47d9ef,2,,,System - 500kW Titan Zlatna Panega (58),,,,,,,,,,,,,,
warehouse_lot,176df9ba-e086-4e65-b29f-4029300364e0,Warehouse / Central stock,bd0d27dd-1655-4c3b-a2a6-674281128a16,Opening (MoneyWorks),3.9,3.25,0.2,,2026-06-10,,,2026-08-08T07:51:37.077+00:00,,,,,,,,,,,,,,,,,,,materials,,bd0d27dd-1655-4c3b-a2a6-674281128a16,4bd84dfb-1a06-4748-8ad7-a924e7b443d5,100,,,0. СКЛАД - ОСНОВЕН,,,,,,,,,,,,,,
warehouse_lot,176df9ba-e086-4e65-b29f-4029300364e0,Warehouse / Central stock,cef5f583-cfa1-43b0-895a-34752e1ff9bb,Opening (MoneyWorks),1.46,1.22,0.2,,2026-03-13,,,2026-08-08T07:51:37.077+00:00,,,,,,,,,,,,,,,,,,,materials,,cef5f583-cfa1-43b0-895a-34752e1ff9bb,48323d5d-6459-4589-a2d9-e18cc968a800,3,,,System - 500kW Titan Zlatna Panega (58),,,,,,,,,,,,,,c5c5376a-37c5-4d91-bbe2-9f1d8d8cfd28
warehouse_lot,176df9ba-e086-4e65-b29f-4029300364e0,Warehouse / Central stock,bc99f694-77f1-435e-9d3e-aff0bc2e11e3,Opening (MoneyWorks),3.09,2.58,0.2,,2026-06-11,,,2026-08-08T07:51:37.078+00:00,,,,,,,,,,,,,,,,,,,materials,,bc99f694-77f1-435e-9d3e-aff0bc2e11e3,15db9831-3fd1-4228-b8ab-9ad61f4771c1,9,,,0. СКЛАД - ОСНОВЕН,,,,,,,,,,,,,,
warehouse_lot,176df9ba-e086-4e65-b29f-4029300364e0,Warehouse / Central stock,fcfa21c0-f5b6-4bed-92c5-830e79281b92,Opening (MoneyWorks),4.192578,3.49,0.2,,2025-11-04,,,2026-08-08T07:51:37.078+00:00,,,,,,,,,,,,,,,,,,,materials,,fcfa21c0-f5b6-4bed-92c5-830e79281b92,844d0fae-626c-4ac1-a045-87bbb83854cd,1,,,System - 60kW Brikel (60),,,,,,,,,,,,,,c7e70934-c398-4b1e-a6f4-e67553203629
warehouse_lot,176df9ba-e086-4e65-b29f-4029300364e0,Warehouse / Central stock,b6e89682-e923-4350-9a64-e29d55b2a5eb,Opening (MoneyWorks),1.64,1.37,0.2,,2026-06-15,,,2026-08-08T07:51:37.078+00:00,,,,,,,,,,,,,,,,,,,materials,,b6e89682-e923-4350-9a64-e29d55b2a5eb,0b1d27ae-8c16-44cb-8cd1-51a9de4d5732,4,,,0. СКЛАД - ОСНОВЕН,,,,,,,,,,,,,,
warehouse_lot,176df9ba-e086-4e65-b29f-4029300364e0,Warehouse / Central stock,eacc911c-ad29-4272-af21-16c1cb9af45d,Opening (MoneyWorks),2.781418,2.32,0.2,,2025-09-19,,,2026-08-08T07:51:37.078+00:00,,,,,,,,,,,,,,,,,,,materials,,eacc911c-ad29-4272-af21-16c1cb9af45d,26f43ce9-2bc8-409a-84b2-91e2cbefadfc,1,,,System - 500kW Titan Zlatna Panega (58),,,,,,,,,,,,,,c5c5376a-37c5-4d91-bbe2-9f1d8d8cfd28
warehouse_lot,176df9ba-e086-4e65-b29f-4029300364e0,Warehouse / Central stock,fc5783b8-4067-4791-a455-aa2f9d4b132c,Opening (MoneyWorks),91.84,76.53,0.2,,2026-06-11,,,2026-08-08T07:51:37.079+00:00,,,,,,,,,,,,,,,,,,,materials,,fc5783b8-4067-4791-a455-aa2f9d4b132c,473d9f09-bf8a-46d4-b3ea-c26122255527,4,,,0. СКЛАД - ОСНОВЕН,,,,,,,,,,,,,,
warehouse_lot,176df9ba-e086-4e65-b29f-4029300364e0,Warehouse / Central stock,b1efecdf-17df-4378-879f-1e56da970c19,Opening (MoneyWorks),64.97,54.14,0.2,,2026-06-11,,,2026-08-08T07:51:37.079+00:00,,,,,,,,,,,,,,,,,,,materials,,b1efecdf-17df-4378-879f-1e56da970c19,2fa4f500-b2d1-4645-b467-ab1621c74bb6,8,,,0. СКЛАД - ОСНОВЕН,,,,,,,,,,,,,,
warehouse_lot,176df9ba-e086-4e65-b29f-4029300364e0,Warehouse / Central stock,d7b42d2e-7a09-4b00-89d6-c25bb5c01eab,Opening (MoneyWorks),21.34,17.78,0.2,,2026-06-11,,,2026-08-08T07:51:37.08+00:00,,,,,,,,,,,,,,,,,,,materials,,d7b42d2e-7a09-4b00-89d6-c25bb5c01eab,3f96a0b6-916e-41ba-9b41-31ad1a755ab0,4,,,0. СКЛАД - ОСНОВЕН,,,,,,,,,,,,,,
warehouse_lot,176df9ba-e086-4e65-b29f-4029300364e0,Warehouse / Central stock,c7cdecbb-ceea-45aa-b86a-b9b95ec98548,Opening (MoneyWorks),33.37713400448914,27.81,0.2,,2026-03-23,,,2026-08-08T07:51:37.08+00:00,,,,,,,,,,,,,,,,,,,materials,,c7cdecbb-ceea-45aa-b86a-b9b95ec98548,45f1b0be-7621-4dda-b443-509f57f6518a,2,,,System - 500kW Titan Zlatna Panega (58),,,,,,,,,,,,,,
warehouse_lot,176df9ba-e086-4e65-b29f-4029300364e0,Warehouse / Central stock,be4bbf18-88c5-4a53-93d5-ca46f5a5d207,Opening (MoneyWorks),66.73,55.61,0.2,,2026-03-31,,,2026-08-08T07:51:37.08+00:00,,,,,,,,,,,,,,,,,,,materials,,be4bbf18-88c5-4a53-93d5-ca46f5a5d207,d75510cc-422f-49c1-9355-a1c254f531f2,4,,,System - 500kW Titan Zlatna Panega (58),,,,,,,,,,,,,,
warehouse_lot,176df9ba-e086-4e65-b29f-4029300364e0,Warehouse / Central stock,d3b8b040-68f6-49b7-8c71-cdeb772c5fcb,Opening (MoneyWorks),3.18,2.65,0.2,,2026-08-08,,,2026-08-08T07:51:37.08+00:00,,,,,,,,,,,,,,,,,,,materials,,d3b8b040-68f6-49b7-8c71-cdeb772c5fcb,5466f88a-ea87-4060-ae8a-86cc3707d254,2,,,0. СКЛАД - ОСНОВЕН,,,,,,,,,,,,,,
warehouse_lot,176df9ba-e086-4e65-b29f-4029300364e0,Warehouse / Central stock,de92b63f-56ae-4bfc-8051-ab08c135d978,Opening (MoneyWorks),16.3,13.58,0.2,,2026-06-11,,,2026-08-08T07:51:37.081+00:00,,,,,,,,,,,,,,,,,,,materials,,de92b63f-56ae-4bfc-8051-ab08c135d978,a4ab65eb-4159-40d6-a3e0-f4876ad1722e,2,,,0. СКЛАД - ОСНОВЕН,,,,,,,,,,,,,,
warehouse_lot,176df9ba-e086-4e65-b29f-4029300364e0,Warehouse / Central stock,bab7e6a5-c03b-4c25-9e8e-a14f6d1c78fc,Opening (MoneyWorks),43.01,35.84,0.2,,2026-06-11,,,2026-08-08T07:51:37.081+00:00,,,,,,,,,,,,,,,,,,,materials,,bab7e6a5-c03b-4c25-9e8e-a14f6d1c78fc,e673eab2-b712-40e7-9648-6ec7e2f8f72d,2,,,0. СКЛАД - ОСНОВЕН,,,,,,,,,,,,,,
warehouse_lot,176df9ba-e086-4e65-b29f-4029300364e0,Warehouse / Central stock,c3f75c22-2b16-4c58-b8ea-0b4b1901f07a,Opening (MoneyWorks),7.78,6.48,0.2,,2026-08-08,,,2026-08-08T07:51:37.082+00:00,,,,,,,,,,,,,,,,,,,materials,,c3f75c22-2b16-4c58-b8ea-0b4b1901f07a,e3825c1d-5df2-4276-a8d9-e0f00f54b664,1,,,3. ПРОИЗВОДСТВО,,,,,,,,,,,,,,
warehouse_lot,176df9ba-e086-4e65-b29f-4029300364e0,Warehouse / Central stock,eae13aa8-6b53-4d7a-975d-2000408bda14,Opening (MoneyWorks),111,92.5,0.2,,2026-06-11,,,2026-08-08T07:51:37.082+00:00,,,,,,,,,,,,,,,,,,,materials,,eae13aa8-6b53-4d7a-975d-2000408bda14,11365766-d5a1-4298-b09e-65f2a08fc998,2,,,0. СКЛАД - ОСНОВЕН,,,,,,,,,,,,,,
warehouse_lot,176df9ba-e086-4e65-b29f-4029300364e0,Warehouse / Central stock,c0a9cf90-541c-4d41-b8c3-a6a70ec06272,Opening (MoneyWorks),60.36,50.3,0.2,,2026-05-14,,,2026-08-08T07:51:37.082+00:00,,,,,,,,,,,,,,,,,,,materials,,c0a9cf90-541c-4d41-b8c3-a6a70ec06272,34d08b1a-39dc-4778-84d5-ad38194152cf,6,,,0. СКЛАД - ОСНОВЕН,,,,,,,,,,,,,,
warehouse_lot,176df9ba-e086-4e65-b29f-4029300364e0,Warehouse / Central stock,b39d4e78-c602-4493-8ce4-b694dd722919,Opening (MoneyWorks),2.32637,1.94,0.2,,2025-09-09,,,2026-08-08T07:51:37.083+00:00,,,,,,,,,,,,,,,,,,,materials,,b39d4e78-c602-4493-8ce4-b694dd722919,2f199d0d-d1d9-4670-9674-4a32994d6122,1,,,3. ПРОИЗВОДСТВО,,,,,,,,,,,,,,
warehouse_lot,176df9ba-e086-4e65-b29f-4029300364e0,Warehouse / Central stock,d10fd4f8-136b-4fe5-9af9-bafdc54e6466,Opening (MoneyWorks),44.74,37.28,0.2,,2026-06-11,,,2026-08-08T07:51:37.083+00:00,,,,,,,,,,,,,,,,,,,materials,,d10fd4f8-136b-4fe5-9af9-bafdc54e6466,86e35d7d-d6fd-4c0d-96c4-41f457ed8ce4,1,,,0. СКЛАД - ОСНОВЕН,,,,,,,,,,,,,,
warehouse_lot,176df9ba-e086-4e65-b29f-4029300364e0,Warehouse / Central stock,fde5b60b-9310-4050-b129-71137083fb07,Opening (MoneyWorks),3962,3301.67,0.2,,2026-06-11,,,2026-08-08T07:51:37.084+00:00,,,,,,,,,,,,,,,,,,,materials,,fde5b60b-9310-4050-b129-71137083fb07,0534b725-4c89-4aa5-88b8-6cb91e03b103,2,,,0. СКЛАД - ОСНОВЕН,,,,,,,,,,,,,,
warehouse_lot,176df9ba-e086-4e65-b29f-4029300364e0,Warehouse / Central stock,dc2a5a38-0411-4f60-93b5-9ad8b3076889,Opening (MoneyWorks),0.73,0.61,0.2,,2026-06-15,,,2026-08-08T07:51:37.084+00:00,,,,,,,,,,,,,,,,,,,materials,,dc2a5a38-0411-4f60-93b5-9ad8b3076889,cf200e81-a013-43e4-8398-b9a92e5cb9f5,48,,,0. СКЛАД - ОСНОВЕН,,,,,,,,,,,,,,
warehouse_lot,176df9ba-e086-4e65-b29f-4029300364e0,Warehouse / Central stock,c8d89571-ccf8-41d0-9219-4218920e3f5a,Opening (MoneyWorks),4.18,3.48,0.2,,2026-06-15,,,2026-08-08T07:51:37.084+00:00,,,,,,,,,,,,,,,,,,,materials,,c8d89571-ccf8-41d0-9219-4218920e3f5a,1f3263cf-ff32-46ae-9e86-37f29d778555,1,,,0. СКЛАД - ОСНОВЕН,,,,,,,,,,,,,,
warehouse_lot,176df9ba-e086-4e65-b29f-4029300364e0,Warehouse / Central stock,ce0f6d50-ec40-4154-8aed-4f1ab52bf3d4,Opening (MoneyWorks),0.01,0.01,0.2,,2026-06-10,,,2026-08-08T07:51:37.085+00:00,,,,,,,,,,,,,,,,,,,materials,,ce0f6d50-ec40-4154-8aed-4f1ab52bf3d4,6ae4c079-65ea-4602-aa77-5e2571ba5aae,30,,,1. СКЛАД - Ford Transit,,,,,,,,,,,,,,
warehouse_lot,176df9ba-e086-4e65-b29f-4029300364e0,Warehouse / Central stock,b0fb7d30-3f20-41f6-b4de-b220b22b9293,Opening (MoneyWorks),3.1,2.58,0.2,,2026-06-15,,,2026-08-08T07:51:37.085+00:00,,,,,,,,,,,,,,,,,,,materials,,b0fb7d30-3f20-41f6-b4de-b220b22b9293,759afe7e-b236-47a6-a02a-91e17a016b0a,20,,,0. СКЛАД - ОСНОВЕН,,,,,,,,,,,,,,
warehouse_lot,176df9ba-e086-4e65-b29f-4029300364e0,Warehouse / Central stock,e2d179fb-dda9-42cb-b918-a7f29d001fdf,Opening (MoneyWorks),29.512680999999997,24.59,0.2,,2025-09-19,,,2026-08-08T07:51:37.085+00:00,,,,,,,,,,,,,,,,,,,materials,,e2d179fb-dda9-42cb-b918-a7f29d001fdf,ea56ee2e-5f61-4a7f-b5ef-67e2d832f867,2,,,1. СКЛАД - Ford Transit,,,,,,,,,,,,,,
warehouse_lot,176df9ba-e086-4e65-b29f-4029300364e0,Warehouse / Central stock,c4e71db3-cdb4-4989-96af-a13154eae237,Opening (MoneyWorks),0,0,0.2,,2026-08-08,,,2026-08-08T07:51:37.086+00:00,,,,,,,,,,,,,,,,,,,materials,,c4e71db3-cdb4-4989-96af-a13154eae237,e2f07892-8f86-47b7-9b53-3955426be0a2,30,,,1. СКЛАД - Ford Transit,,,,,,,,,,,,,,
warehouse_lot,176df9ba-e086-4e65-b29f-4029300364e0,Warehouse / Central stock,cf4f334e-2b07-42c5-b44a-c12fb6747f61,Opening (MoneyWorks),0,0,0.2,,2026-08-08,,,2026-08-08T07:51:37.086+00:00,,,,,,,,,,,,,,,,,,,materials,,cf4f334e-2b07-42c5-b44a-c12fb6747f61,8422d9ff-b4d3-4895-a049-42d22b43b78b,30,,,1. СКЛАД - Ford Transit,,,,,,,,,,,,,,
warehouse_lot,176df9ba-e086-4e65-b29f-4029300364e0,Warehouse / Central stock,b9a2cf14-e445-4cab-9340-e7dc7387acca,Opening (MoneyWorks),0.01,0.01,0.2,,2026-02-16,,,2026-08-08T07:51:37.086+00:00,,,,,,,,,,,,,,,,,,,materials,,b9a2cf14-e445-4cab-9340-e7dc7387acca,84311eea-18cf-4bba-8ab6-bb2b3a2c2957,100,,,1. СКЛАД - Ford Transit,,,,,,,,,,,,,,
warehouse_lot,176df9ba-e086-4e65-b29f-4029300364e0,Warehouse / Central stock,f065f9fb-2b2d-42db-b3b9-dd6e9f3b6d42,Opening (MoneyWorks),0.086919,0.07,0.2,,2025-11-18,,,2026-08-08T07:51:37.086+00:00,,,,,,,,,,,,,,,,,,,materials,,f065f9fb-2b2d-42db-b3b9-dd6e9f3b6d42,fa443568-837e-4e16-80b1-8189815dc698,15,,,1. СКЛАД - Ford Transit,,,,,,,,,,,,,,
warehouse_lot,176df9ba-e086-4e65-b29f-4029300364e0,Warehouse / Central stock,ec65ef70-4982-4b61-807c-7ee9dabc7d10,Opening (MoneyWorks),0.046016,0.04,0.2,,2026-02-16,,,2026-08-08T07:51:37.086+00:00,,,,,,,,,,,,,,,,,,,materials,,ec65ef70-4982-4b61-807c-7ee9dabc7d10,08075dca-e00f-4b94-8694-6d434eb5a2df,35,,,1. СКЛАД - Ford Transit,,,,,,,,,,,,,,
warehouse_lot,176df9ba-e086-4e65-b29f-4029300364e0,Warehouse / Central stock,b996a2d2-b99e-43ab-901a-54e83fb833d8,Opening (MoneyWorks),2.781418,2.32,0.2,,2025-09-19,,,2026-08-08T07:51:37.087+00:00,,,,,,,,,,,,,,,,,,,materials,,b996a2d2-b99e-43ab-901a-54e83fb833d8,26f43ce9-2bc8-409a-84b2-91e2cbefadfc,2,,,1. СКЛАД - Ford Transit,,,,,,,,,,,,,,
warehouse_lot,176df9ba-e086-4e65-b29f-4029300364e0,Warehouse / Central stock,f18b18c5-f811-46cf-a28c-0546a9a8f1bf,Opening (MoneyWorks),3.2620299999999998,2.72,0.2,,2025-09-19,,,2026-08-08T07:51:37.087+00:00,,,,,,,,,,,,,,,,,,,materials,,f18b18c5-f811-46cf-a28c-0546a9a8f1bf,d6045b9a-bea6-4486-bef7-4bbbb7fa080d,3,,,1. СКЛАД - Ford Transit,,,,,,,,,,,,,,
warehouse_lot,176df9ba-e086-4e65-b29f-4029300364e0,Warehouse / Central stock,fb46af75-fb11-4528-ac53-40110c1175a8,Opening (MoneyWorks),17.14,14.28,0.2,,2026-08-08,,,2026-08-08T07:51:37.087+00:00,,,,,,,,,,,,,,,,,,,materials,,fb46af75-fb11-4528-ac53-40110c1175a8,a2001f7c-8559-408d-8f71-ca3a6c74e7d2,3,,,1. СКЛАД - Ford Transit,,,,,,,,,,,,,,
warehouse_lot,176df9ba-e086-4e65-b29f-4029300364e0,Warehouse / Central stock,c9d13b15-576e-41bf-93c5-7cd2b7572af3,Opening (MoneyWorks),2.97,2.48,0.2,,2025-09-19,,,2026-08-08T07:51:37.087+00:00,,,,,,,,,,,,,,,,,,,materials,,c9d13b15-576e-41bf-93c5-7cd2b7572af3,2fc67d4b-e099-446c-8491-a35be867f68f,3,,,1. СКЛАД - Ford Transit,,,,,,,,,,,,,,
warehouse_lot,176df9ba-e086-4e65-b29f-4029300364e0,Warehouse / Central stock,eceb0c76-97cd-4a00-8069-c087c7b1891c,Opening (MoneyWorks),0.240306,0.2,0.2,,2026-02-16,,,2026-08-08T07:51:37.087+00:00,,,,,,,,,,,,,,,,,,,materials,,eceb0c76-97cd-4a00-8069-c087c7b1891c,c422e12b-bd8e-4350-a5c7-fe287f374623,15,,,1. СКЛАД - Ford Transit,,,,,,,,,,,,,,
warehouse_lot,176df9ba-e086-4e65-b29f-4029300364e0,Warehouse / Central stock,dfb70cf5-84ed-4356-a6b7-52ec1d2a83cf,Opening (MoneyWorks),0.12,0.1,0.2,,2026-02-16,,,2026-08-08T07:51:37.087+00:00,,,,,,,,,,,,,,,,,,,materials,,dfb70cf5-84ed-4356-a6b7-52ec1d2a83cf,6a2d30eb-2727-4a27-a9e4-f5da763eb8c5,40,,,1. СКЛАД - Ford Transit,,,,,,,,,,,,,,
warehouse_lot,176df9ba-e086-4e65-b29f-4029300364e0,Warehouse / Central stock,ba7434a5-0154-4eda-a7b7-eaea60acbf21,Opening (MoneyWorks),4.172126,3.48,0.2,,2025-09-19,,,2026-08-08T07:51:37.087+00:00,,,,,,,,,,,,,,,,,,,materials,,ba7434a5-0154-4eda-a7b7-eaea60acbf21,e6183399-4252-4113-a0d0-418f965b511a,2,,,1. СКЛАД - Ford Transit,,,,,,,,,,,,,,
warehouse_lot,176df9ba-e086-4e65-b29f-4029300364e0,Warehouse / Central stock,ef476f37-7a57-4f9d-aa21-1b5e78674a3a,Opening (MoneyWorks),1.68,1.4,0.2,,2026-08-08,,,2026-08-08T07:51:37.088+00:00,,,,,,,,,,,,,,,,,,,materials,,ef476f37-7a57-4f9d-aa21-1b5e78674a3a,deaec3db-5407-4b25-9d03-0efad36beb23,3,,,1. СКЛАД - Ford Transit,,,,,,,,,,,,,,
warehouse_lot,176df9ba-e086-4e65-b29f-4029300364e0,Warehouse / Central stock,f7c41174-fee4-47e0-ba2d-e47f8b8bdff8,Opening (MoneyWorks),2.766079,2.31,0.2,,2025-09-19,,,2026-08-08T07:51:37.088+00:00,,,,,,,,,,,,,,,,,,,materials,,f7c41174-fee4-47e0-ba2d-e47f8b8bdff8,5f7dd31a-43d2-4d03-bfe7-ba78aff1ba90,2,,,1. СКЛАД - Ford Transit,,,,,,,,,,,,,,
warehouse_lot,176df9ba-e086-4e65-b29f-4029300364e0,Warehouse / Central stock,ec4ffa63-2987-4788-a8ee-c3025a6dc0fe,Opening (MoneyWorks),0.74,0.62,0.2,,2026-08-08,,,2026-08-08T07:51:37.088+00:00,,,,,,,,,,,,,,,,,,,materials,,ec4ffa63-2987-4788-a8ee-c3025a6dc0fe,c6a4639b-0c50-4f30-b12e-307f19362465,1,,,1. СКЛАД - Ford Transit,,,,,,,,,,,,,,
warehouse_lot,176df9ba-e086-4e65-b29f-4029300364e0,Warehouse / Central stock,eeaf4604-027a-4e08-900f-46061a87cce3,Opening (MoneyWorks),2.919466,2.43,0.2,,2025-08-22,,,2026-08-08T07:51:37.088+00:00,,,,,,,,,,,,,,,,,,,materials,,eeaf4604-027a-4e08-900f-46061a87cce3,5467ab50-ab23-4ab1-9b7a-4e6243f4a28a,3,,,1. СКЛАД - Ford Transit,,,,,,,,,,,,,,
warehouse_lot,176df9ba-e086-4e65-b29f-4029300364e0,Warehouse / Central stock,cab97112-fb47-4a26-8320-7ba0860d57b0,Opening (MoneyWorks),5.49,4.58,0.2,,2026-05-25,,,2026-08-08T07:51:37.088+00:00,,,,,,,,,,,,,,,,,,,materials,,cab97112-fb47-4a26-8320-7ba0860d57b0,bd61413d-4c7f-434d-9f88-60580a5a4b67,5,,,1. СКЛАД - Ford Transit,,,,,,,,,,,,,,
warehouse_lot,176df9ba-e086-4e65-b29f-4029300364e0,Warehouse / Central stock,b4332fe8-2fba-4fc4-beea-72b4f981e5d1,Opening (MoneyWorks),0.991903,0.83,0.2,,2025-09-09,,,2026-08-08T07:51:37.088+00:00,,,,,,,,,,,,,,,,,,,materials,,b4332fe8-2fba-4fc4-beea-72b4f981e5d1,6b7693ba-3e98-4d15-b2b9-b5db9a21ef04,2,,,1. СКЛАД - Ford Transit,,,,,,,,,,,,,,
warehouse_lot,176df9ba-e086-4e65-b29f-4029300364e0,Warehouse / Central stock,dbe417ef-428c-42a7-b655-fa1069d9b923,Opening (MoneyWorks),3.09,2.58,0.2,,2026-02-12,,,2026-08-08T07:51:37.088+00:00,,,,,,,,,,,,,,,,,,,materials,,dbe417ef-428c-42a7-b655-fa1069d9b923,b340918a-8308-4e6d-9dd9-27218e4cbbd5,3,,,1. СКЛАД - Ford Transit,,,,,,,,,,,,,,
warehouse_lot,176df9ba-e086-4e65-b29f-4029300364e0,Warehouse / Central stock,c2af44aa-26e1-4fc0-a16f-c9b4fe4a1e0c,Opening (MoneyWorks),0.13,0.11,0.2,,2026-04-16,,,2026-08-08T07:51:37.089+00:00,,,,,,,,,,,,,,,,,,,materials,,c2af44aa-26e1-4fc0-a16f-c9b4fe4a1e0c,88832ffe-a557-4463-b732-92c405ad65c6,8,,,3. ПРОИЗВОДСТВО,,,,,,,,,,,,,,
warehouse_lot,176df9ba-e086-4e65-b29f-4029300364e0,Warehouse / Central stock,e1721e2c-516b-4528-911b-ebd8713dc363,Opening (MoneyWorks),95.836198,79.86,0.2,,2026-08-08,,,2026-08-08T07:51:37.089+00:00,,,,,,,,,,,,,,,,,,,materials,,e1721e2c-516b-4528-911b-ebd8713dc363,d81bae23-fa98-462f-920a-c87860524953,1,,,3. ПРОИЗВОДСТВО,,,,,,,,,,,,,,
warehouse_lot,176df9ba-e086-4e65-b29f-4029300364e0,Warehouse / Central stock,b92abece-f77d-4c24-a821-605976bc91b3,Opening (MoneyWorks),14.81,12.34,0.2,,2026-06-11,,,2026-08-08T07:51:37.089+00:00,,,,,,,,,,,,,,,,,,,materials,,b92abece-f77d-4c24-a821-605976bc91b3,3d7335a3-e385-41a5-b9ad-0a4554591b3d,2,,,System - 500kW Titan Zlatna Panega (58),,,,,,,,,,,,,,
warehouse_lot,176df9ba-e086-4e65-b29f-4029300364e0,Warehouse / Central stock,c786f01f-8edc-4853-aa2b-5a4b1e1aa086,Opening (MoneyWorks),17.18,14.32,0.2,,2026-07-10,,,2026-08-08T07:51:37.091+00:00,,,,,,,,,,,,,,,,,,,materials,,c786f01f-8edc-4853-aa2b-5a4b1e1aa086,3f38d46d-3ec1-4e55-8527-90b208e510d7,1,,,0. СКЛАД - ОСНОВЕН,,,,,,,,,,,,,,
warehouse_lot,176df9ba-e086-4e65-b29f-4029300364e0,Warehouse / Central stock,f471ce4d-a882-4861-8f98-20efdae11b60,Opening (MoneyWorks),455.95,379.96,0.2,,2026-07-10,,,2026-08-08T07:51:37.091+00:00,,,,,,,,,,,,,,,,,,,materials,,f471ce4d-a882-4861-8f98-20efdae11b60,816b6ccc-9bdf-4b04-a018-2aa6d068550c,2,,,0. СКЛАД - ОСНОВЕН,,,,,,,,,,,,,,
warehouse_lot,176df9ba-e086-4e65-b29f-4029300364e0,Warehouse / Central stock,d40927f3-7813-4484-a958-70da20722e9a,Opening (MoneyWorks),56.5,47.08,0.2,,2025-12-11,,,2026-08-08T07:51:37.091+00:00,,,,,,,,,,,,,,,,,,,materials,,d40927f3-7813-4484-a958-70da20722e9a,f51a13c3-9336-4f29-8511-8c40ca0dc3bf,2,,,System - 20kW Warsaw,,,,,,,,,,,,,,
warehouse_lot,176df9ba-e086-4e65-b29f-4029300364e0,Warehouse / Central stock,e5881332-2154-41a6-87ca-1882d5e1dc40,Opening (MoneyWorks),0.01,0.01,0.2,,2026-02-16,,,2026-08-08T07:51:37.092+00:00,,,,,,,,,,,,,,,,,,,materials,,e5881332-2154-41a6-87ca-1882d5e1dc40,2bba0cbe-1bdc-4491-8f80-50b54f4da221,8,,,System - Украйна,,,,,,,,,,,,,,
warehouse_lot,176df9ba-e086-4e65-b29f-4029300364e0,Warehouse / Central stock,d5b702a4-7c83-492c-b9a8-fc52a2b84212,Opening (MoneyWorks),11.015077999999999,9.18,0.2,,2025-09-19,,,2026-08-08T07:51:37.092+00:00,,,,,,,,,,,,,,,,,,,materials,,d5b702a4-7c83-492c-b9a8-fc52a2b84212,cfb64a71-329a-44f3-8d43-1824d0881177,5,,,System - Украйна,,,,,,,,,,,,,,5c23fb13-60a2-4600-8c78-c793e4be9f0c
warehouse_lot,176df9ba-e086-4e65-b29f-4029300364e0,Warehouse / Central stock,d4069081-67e1-457a-beb2-0c62a1341a88,Opening (MoneyWorks),0.03,0.03,0.2,,2026-02-16,,,2026-08-08T07:51:37.092+00:00,,,,,,,,,,,,,,,,,,,materials,,d4069081-67e1-457a-beb2-0c62a1341a88,be90907c-efb9-4513-a525-0dfe06899d0b,8,,,System - 30KW ЦЕХ,,,,,,,,,,,,,,
warehouse_lot,176df9ba-e086-4e65-b29f-4029300364e0,Warehouse / Central stock,d1a89521-7109-4cb8-b6b5-308365e6d3d1,Opening (MoneyWorks),0.086919,0.07,0.2,,2025-11-18,,,2026-08-08T07:51:37.093+00:00,,,,,,,,,,,,,,,,,,,materials,,d1a89521-7109-4cb8-b6b5-308365e6d3d1,fa443568-837e-4e16-80b1-8189815dc698,30,,,3. ПРОИЗВОДСТВО,,,,,,,,,,,,,,
warehouse_lot,176df9ba-e086-4e65-b29f-4029300364e0,Warehouse / Central stock,fef068b4-5580-4556-98e2-642f8e5a6dca,Opening (MoneyWorks),0.32,0.27,0.2,,2026-02-16,,,2026-08-08T07:51:37.093+00:00,,,,,,,,,,,,,,,,,,,materials,,fef068b4-5580-4556-98e2-642f8e5a6dca,b3fe1a5c-5419-4573-a38b-2b4630a54df0,8,,,System - Украйна,,,,,,,,,,,,,,5c23fb13-60a2-4600-8c78-c793e4be9f0c
warehouse_lot,176df9ba-e086-4e65-b29f-4029300364e0,Warehouse / Central stock,db7155cd-91df-4f84-8d21-ccab30a7d738,Opening (MoneyWorks),0.01,0.01,0.2,,2026-02-16,,,2026-08-08T07:51:37.093+00:00,,,,,,,,,,,,,,,,,,,materials,,db7155cd-91df-4f84-8d21-ccab30a7d738,84311eea-18cf-4bba-8ab6-bb2b3a2c2957,30,,,3. ПРОИЗВОДСТВО,,,,,,,,,,,,,,
warehouse_lot,176df9ba-e086-4e65-b29f-4029300364e0,Warehouse / Central stock,bf46546a-c03d-4a38-90b5-acc137eecc34,Opening (MoneyWorks),0.03,0.03,0.2,,2026-08-08,,,2026-08-08T07:51:37.093+00:00,,,,,,,,,,,,,,,,,,,materials,,bf46546a-c03d-4a38-90b5-acc137eecc34,ff0dc3f3-08c1-4359-89aa-c029e46873c4,66,,,System - Украйна,,,,,,,,,,,,,,
warehouse_lot,176df9ba-e086-4e65-b29f-4029300364e0,Warehouse / Central stock,cb0affe3-c5a7-4018-89d8-61a35df282c2,Opening (MoneyWorks),0.061355,0.05,0.2,,2025-11-12,,,2026-08-08T07:51:37.093+00:00,,,,,,,,,,,,,,,,,,,materials,,cb0affe3-c5a7-4018-89d8-61a35df282c2,47a50aaa-4c08-42f6-b95d-152f5d8922ff,24,,,System - Украйна,,,,,,,,,,,,,,
warehouse_lot,176df9ba-e086-4e65-b29f-4029300364e0,Warehouse / Central stock,f81e3160-5207-404e-9840-4e7d6aa94732,Opening (MoneyWorks),0.28120999999999996,0.23,0.2,,2026-02-16,,,2026-08-08T07:51:37.093+00:00,,,,,,,,,,,,,,,,,,,materials,,f81e3160-5207-404e-9840-4e7d6aa94732,926f40aa-4fa4-4dc1-b036-b95f46ff462e,39,,,System - Украйна,,,,,,,,,,,,,,
warehouse_lot,176df9ba-e086-4e65-b29f-4029300364e0,Warehouse / Central stock,f466bc75-e84a-4805-bf9d-02e4b28f31d8,Opening (MoneyWorks),3.5,2.92,0.2,,2026-07-21,,,2026-08-08T07:51:37.094+00:00,,,,,,,,,,,,,,,,,,,materials,,f466bc75-e84a-4805-bf9d-02e4b28f31d8,bbaa4a7b-ca80-471a-bcbb-3cc22c5c1ce1,4,,,0. СКЛАД - ОСНОВЕН,,,,,,,,,,,,,,
warehouse_lot,176df9ba-e086-4e65-b29f-4029300364e0,Warehouse / Central stock,f5c97f98-2cea-4261-a0ac-f9efd2cd83e3,Opening (MoneyWorks),1.840644,1.53,0.2,,2025-08-22,,,2026-08-08T07:51:37.096+00:00,,,,,,,,,,,,,,,,,,,materials,,f5c97f98-2cea-4261-a0ac-f9efd2cd83e3,335ef944-3dd2-4caf-afef-00cf8ad6ee72,1,,,System - 500kW Titan Zlatna Panega (58),,,,,,,,,,,,,,
warehouse_lot,176df9ba-e086-4e65-b29f-4029300364e0,Warehouse / Central stock,e199a7a0-1868-428b-9c0f-cc8c8a77bcd2,Opening (MoneyWorks),0.9203253861531933,0.77,0.2,,2026-06-25,,,2026-08-08T07:51:37.096+00:00,,,,,,,,,,,,,,,,,,,materials,,e199a7a0-1868-428b-9c0f-cc8c8a77bcd2,a66a81e5-887f-456e-8295-4b1a809ae16f,5,,,System - 500kW Titan Zlatna Panega (58),,,,,,,,,,,,,,
warehouse_lot,176df9ba-e086-4e65-b29f-4029300364e0,Warehouse / Central stock,de97a14b-d898-43f7-b1c4-c093e6d3961e,Opening (MoneyWorks),0.690241,0.58,0.2,,2025-08-22,,,2026-08-08T07:51:37.096+00:00,,,,,,,,,,,,,,,,,,,materials,,de97a14b-d898-43f7-b1c4-c093e6d3961e,ec3070b9-e20e-427e-8dfd-77505441c4b3,5,,,System - 500kW Titan Zlatna Panega (58),,,,,,,,,,,,,,c5c5376a-37c5-4d91-bbe2-9f1d8d8cfd28
warehouse_lot,176df9ba-e086-4e65-b29f-4029300364e0,Warehouse / Central stock,d5a39636-089b-45f6-88d5-08d01c17b2bf,Opening (MoneyWorks),1.29,1.08,0.2,,2026-08-08,,,2026-08-08T07:51:37.096+00:00,,,,,,,,,,,,,,,,,,,materials,,d5a39636-089b-45f6-88d5-08d01c17b2bf,19fc175e-4eb5-476e-9c21-31d2d139e196,4,,,System - 500kW Titan Zlatna Panega (58),,,,,,,,,,,,,,
warehouse_lot,176df9ba-e086-4e65-b29f-4029300364e0,Warehouse / Central stock,d1b11f83-7bf4-48a2-bf69-e36d4258a2fb,Opening (MoneyWorks),0.0164,0.01,0.2,,2026-03-12,,,2026-08-08T07:51:37.099+00:00,,,,,,,,,,,,,,,,,,,materials,,d1b11f83-7bf4-48a2-bf69-e36d4258a2fb,521917f7-b914-44b8-8f22-19a8ec569fc1,15,,,System - 500kW Titan Zlatna Panega (58),,,,,,,,,,,,,,c5c5376a-37c5-4d91-bbe2-9f1d8d8cfd28
warehouse_lot,176df9ba-e086-4e65-b29f-4029300364e0,Warehouse / Central stock,fda8116b-1ede-4327-8095-e1c068cdf377,Opening (MoneyWorks),92,76.67,0.2,,2026-06-25,,,2026-08-08T07:51:37.1+00:00,,,,,,,,,,,,,,,,,,,materials,,fda8116b-1ede-4327-8095-e1c068cdf377,4b94dce3-bb8b-48ea-ab01-7f61e691fb8d,2,,,0. СКЛАД - ОСНОВЕН,,,,,,,,,,,,,,
warehouse_lot,176df9ba-e086-4e65-b29f-4029300364e0,Warehouse / Central stock,db748bf6-5dda-42a3-9f0d-824b8fdd0ee3,Opening (MoneyWorks),9.76,8.13,0.2,,2026-06-25,,,2026-08-08T07:51:37.1+00:00,,,,,,,,,,,,,,,,,,,materials,,db748bf6-5dda-42a3-9f0d-824b8fdd0ee3,75fb3d6e-551b-4bb3-9e3d-3a18c4caff0c,4,,,0. СКЛАД - ОСНОВЕН,,,,,,,,,,,,,,
warehouse_lot,176df9ba-e086-4e65-b29f-4029300364e0,Warehouse / Central stock,d9c12750-d0f0-4d83-9f1d-395de9d3837e,Opening (MoneyWorks),0.83,0.69,0.2,,2026-06-25,,,2026-08-08T07:51:37.102+00:00,,,,,,,,,,,,,,,,,,,materials,,d9c12750-d0f0-4d83-9f1d-395de9d3837e,7106998d-853d-4603-a13c-cfb2e145646f,20,,,0. СКЛАД - ОСНОВЕН,,,,,,,,,,,,,,
warehouse_lot,176df9ba-e086-4e65-b29f-4029300364e0,Warehouse / Central stock,e1649481-508f-4465-8dd7-86c02b39f7e4,Opening (MoneyWorks),8.88,7.4,0.2,,2026-07-17,,,2026-08-08T07:51:37.103+00:00,,,,,,,,,,,,,,,,,,,materials,,e1649481-508f-4465-8dd7-86c02b39f7e4,43ed168b-c7b2-489b-aa8a-dad3f6144a32,10,,,0. СКЛАД - ОСНОВЕН,,,,,,,,,,,,,,
warehouse_lot,176df9ba-e086-4e65-b29f-4029300364e0,Warehouse / Central stock,b7e574ee-0940-451b-b07f-cdff46cd124c,Opening (MoneyWorks),1.58,1.32,0.2,,2026-06-25,,,2026-08-08T07:51:37.104+00:00,,,,,,,,,,,,,,,,,,,materials,,b7e574ee-0940-451b-b07f-cdff46cd124c,e7d3c2b1-ca62-466d-8772-496d48a62345,20,,,0. СКЛАД - ОСНОВЕН,,,,,,,,,,,,,,
warehouse_lot,176df9ba-e086-4e65-b29f-4029300364e0,Warehouse / Central stock,f86e16ce-83db-480e-a72b-31dc7fb1c66a,Opening (MoneyWorks),9.5,7.92,0.2,,2026-07-21,,,2026-08-08T07:51:37.104+00:00,,,,,,,,,,,,,,,,,,,materials,,f86e16ce-83db-480e-a72b-31dc7fb1c66a,83dfb9eb-47b4-4d79-bea4-c45d81813a91,2,,,0. СКЛАД - ОСНОВЕН,,,,,,,,,,,,,,
warehouse_lot,176df9ba-e086-4e65-b29f-4029300364e0,Warehouse / Central stock,b4449a8b-06aa-42df-a02a-7ce9ec1c0a7b,Opening (MoneyWorks),326.9396,272.45,0.2,,2025-09-05,,,2026-08-08T07:51:37.107+00:00,,,,,,,,,,,,,,,,,,,materials,,b4449a8b-06aa-42df-a02a-7ce9ec1c0a7b,cda0ed26-ed5c-4997-9ce9-e3e99be5da0f,2,,,System - 30KW ЦЕХ,,,,,,,,,,,,,,
warehouse_lot,176df9ba-e086-4e65-b29f-4029300364e0,Warehouse / Central stock,e905cfd7-71bf-4eab-aec3-00c4bb44b9c8,Opening (MoneyWorks),1.252661,1.04,0.2,,2025-10-14,,,2026-08-08T07:51:37.107+00:00,,,,,,,,,,,,,,,,,,,materials,,e905cfd7-71bf-4eab-aec3-00c4bb44b9c8,7d7b12de-7838-429b-920a-95706f96990e,1,,,System - 500kW Titan Zlatna Panega (58),,,,,,,,,,,,,,
warehouse_lot,176df9ba-e086-4e65-b29f-4029300364e0,Warehouse / Central stock,fe58b5be-4bd7-498a-a69a-071b684fc9f8,Opening (MoneyWorks),0.01,0.01,0.2,,2026-08-08,,,2026-08-08T07:51:37.107+00:00,,,,,,,,,,,,,,,,,,,materials,,fe58b5be-4bd7-498a-a69a-071b684fc9f8,da2d297e-aa03-48e9-a349-4683e207138e,30,,,System - Украйна,,,,,,,,,,,,,,5c23fb13-60a2-4600-8c78-c793e4be9f0c
warehouse_lot,176df9ba-e086-4e65-b29f-4029300364e0,Warehouse / Central stock,db0fe0b5-a7cc-41f0-8ebd-3a98da65f412,Opening (MoneyWorks),1.089048,0.91,0.2,,2025-10-10,,,2026-08-08T07:51:37.107+00:00,,,,,,,,,,,,,,,,,,,materials,,db0fe0b5-a7cc-41f0-8ebd-3a98da65f412,71585fb6-c450-4c95-ac1b-60cbdb2c074c,25,,,System - Украйна,,,,,,,,,,,,,,
warehouse_sklad_map,09e5e552-693f-4ece-b8f2-6e2fd6e9eeee,VW Vzesnya,e6a70199-46e9-431d-9112-920405d69de2,System - 90kW Volkswagen (59),,,,,,,,2026-08-08T08:13:46.459Z,,,,,,,,,,,,,,,,,,,,,,,,,,System - 90kW Volkswagen (59),ELX,project,,,,,,,,,,,,
warehouse_sklad_map,00dfd447-c3fa-4085-b87d-c73a96520219,Brikel,38a7a2a2-3a39-4aee-bb0e-519e645e1d87,System - 60kW Brikel (60),,,,,,,,2026-08-08T08:13:46.459Z,,,,,,,,,,,,,,,,,,,,,,,,,,System - 60kW Brikel (60),ELX,project,,,,,,,,,,,,
warehouse_sklad_map,ffa5c116-6ce2-4653-9508-1da0bb910a53,Titan Zlatna Panega,ac0ec110-4e47-4c16-bbb3-3734b623a64b,System - 500kW Titan Zlatna Panega (58),,,,,,,,2026-08-08T08:13:46.459Z,,,,,,,,,,,,,,,,,,,,,,,,,,System - 500kW Titan Zlatna Panega (58),ELX,project,,,,,,,,,,,,
warehouse_sklad_map,5be79015-4859-473a-be38-10cabff0b0af,Italy 10kW,c1d44b28-d87f-4ad2-a6e1-450227e1783a,System - 10kW Italy,,,,,,,,2026-08-08T08:13:46.459Z,,,,,,,,,,,,,,,,,,,,,,,,,,System - 10kW Italy,ELX,project,,,,,,,,,,,,
warehouse_sklad_map,63dc26f0-58e3-4160-9619-c9dcabe33e7e,5MW BoP/BoS Ushgorod with N1,2bf70b01-e5ad-4b0a-b536-d5cb455f499e,System - Украйна,,,,,,,,2026-08-08T08:13:46.459Z,,,,,,,,,,,,,,,,,,,,,,,,,,System - Украйна,ELX,project,,,,,,,,,,,,
warehouse_sklad_map,341b58e0-d52d-438b-bddf-8b0ca2053fe7,Workshop 30kW (Цех),91f98428-fd14-421f-9221-759594f3392e,System - 30KW ЦЕХ,,,,,,,,2026-08-08T08:13:46.459Z,,,,,,,,,,,,,,,,,,,,,,,,,,System - 30KW ЦЕХ,ELX,project,,,,,,,,,,,,
warehouse_sklad_map,2e85b111-5f9c-4d3d-8f17-77520b1132ac,Warsaw 20kW,bcfd4b55-b4b0-4d8d-a8e9-1cf68c79c7b4,System - 20kW Warsaw,,,,,,,,2026-08-08T08:13:46.459Z,,,,,,,,,,,,,,,,,,,,,,,,,,System - 20kW Warsaw,ELX,project,,,,,,,,,,,,
history,,,,,,,,,,,,2026-08-06T13:28:27.029Z,,,,,,,,,,,,,,,,,,,,,,,,,,,,,349d8a61-c547-4c6b-9629-7a8405b40a30,false,u-andrew,Ivan,import,,,17,"Imported financial CSV (17 projects matched, 0 history rows)",2026-08-06T13:28:27.029Z,financial_csv,import
history,,,,,,,,,,,,2026-08-06T13:40:25.701Z,,,,,,,,,,,,,,,,,,,,,,,,,,,,,7216903a-5297-4038-bf1c-f0aeea5df691,false,u-andrew,Ivan,import,,,17,"Imported financial CSV (17 projects matched, 0 history rows)",2026-08-06T13:40:25.701Z,financial_csv,import
history,,,,,,,,,,,,2026-08-06T14:36:53.286Z,,,,,,,,,,,,,,,,,,,,,,,,,,,,,6ffaaedc-7499-4b0c-89cb-65e25b7469d0,false,u-andrew,Ivan,import,,,17,"Imported financial CSV (17 projects matched, 0 history rows)",2026-08-06T14:36:53.286Z,financial_csv,import
history,9cdc40c6-77b8-4bf4-8610-83e21cfd85e7,BA Glass Sofia,,,,,,,,,,2026-08-06T14:40:23.337Z,,,,,,,,,,,,,,,,,,,,,,,,,,,,,24eb581c-ca03-449e-91c4-bb9cd606ee45,false,u-andrew,Ivan,create,,,96,BA Glass Sofia: added expense Temp Sensors (96),2026-08-06T14:40:23.337Z,expense,ea459e2e-bfa5-408e-8dd3-826965cdbf47
history,9cdc40c6-77b8-4bf4-8610-83e21cfd85e7,BA Glass Sofia,,,,,,,,,,2026-08-06T14:42:09.731Z,,,,,,,,,,,,,,,,,,,,,,,,,,,,,bbf3a8db-6e57-48d3-9a53-713b242b58bf,false,u-andrew,Ivan,update,amount,96,48,BA Glass Sofia: expense_amount 96 → 48,2026-08-06T14:42:09.731Z,expense,ea459e2e-bfa5-408e-8dd3-826965cdbf47
history,9cdc40c6-77b8-4bf4-8610-83e21cfd85e7,BA Glass Sofia,,,,,,,,,,2026-08-06T14:42:31.100Z,,,,,,,,,,,,,,,,,,,,,,,,,,,,,354ebac8-c6cc-4908-b230-7a41c6a99a1e,false,u-andrew,Ivan,update,amount,48,96,BA Glass Sofia: expense_amount 48 → 96,2026-08-06T14:42:31.100Z,expense,ea459e2e-bfa5-408e-8dd3-826965cdbf47
history,9cdc40c6-77b8-4bf4-8610-83e21cfd85e7,BA Glass Sofia,,,,,,,,,,2026-08-06T14:42:34.848Z,,,,,,,,,,,,,,,,,,,,,,,,,,,,,cbe8bf0c-9a07-4e08-a3e2-dd82eb66de9c,false,u-andrew,Ivan,update,amount,96,48,BA Glass Sofia: expense_amount 96 → 48,2026-08-06T14:42:34.848Z,expense,ea459e2e-bfa5-408e-8dd3-826965cdbf47
history,,,,,,,,,,,,2026-08-06T14:47:04.930Z,,,,,,,,,,,,,,,,,,,,,,,,,,,,,4e7f60b7-1559-49f4-9fa4-a77859c4fa5f,false,u-andrew,Ivan,import,,,17,"Imported financial CSV (17 projects matched, 0 history rows)",2026-08-06T14:47:04.930Z,financial_csv,import
history,9cdc40c6-77b8-4bf4-8610-83e21cfd85e7,,,,,,,,,,,2026-08-06T14:52:43.724Z,,,,,,,,,,,,,,,,,,,,,,,,,,,,,aa23bea5-53c7-4759-b90b-fd10648e01af,false,u-andrew,Ivan,delete,,0,,Deleted warehouse lot Temp Sensors (removed 0 from expenses),2026-08-06T14:52:43.724Z,expense,b049a780-a431-4ebb-8284-3b3d1473f327
history,9cdc40c6-77b8-4bf4-8610-83e21cfd85e7,BA Glass Sofia,,,,,,,,,,2026-08-06T14:53:35.976Z,,,,,,,,,,,,,,,,,,,,,,,,,,,,,9dca5b0f-c21c-4a68-ba86-7a71d751d74e,false,u-andrew,Ivan,create,,,96,BA Glass Sofia: added expense Temp sensors (96),2026-08-06T14:53:35.976Z,expense,5a1858b7-00a1-42a8-ae5d-50488628d716
history,,,,,,,,,,,,2026-08-06T14:54:05.031Z,,,,,,,,,,,,,,,,,,,,,,,,,,,,,6b7df0d8-5567-41a9-b37e-61fcc5385c65,false,u-andrew,Ivan,import,,,17,"Imported financial CSV (17 projects matched, 0 history rows)",2026-08-06T14:54:05.031Z,financial_csv,import
history,9cdc40c6-77b8-4bf4-8610-83e21cfd85e7,,,,,,,,,,,2026-08-06T15:06:36.026Z,,,,,,,,,,,,,,,,,,,,,,,,,,,,,0750dbe0-d0cd-4330-9d9c-ff841dfaa9d7,false,u-andrew,Ivan,delete,,0,,Deleted warehouse lot Temp sensors (removed 0 from expenses),2026-08-06T15:06:36.026Z,expense,520eb7a5-ee6f-44e7-b0d1-63b622568aab
history,,,,,,,,,,,,2026-08-06T15:06:45.795Z,,,,,,,,,,,,,,,,,,,,,,,,,,,,,5633d20f-c292-40d2-b5f4-8434c9445050,false,u-andrew,Ivan,import,,,17,"Imported financial CSV (17 projects matched, 0 history rows, 0 warehouse lots)",2026-08-06T15:06:45.795Z,financial_csv,import
history,9cdc40c6-77b8-4bf4-8610-83e21cfd85e7,BA Glass Sofia,,,,,,,,,,2026-08-06T15:07:12.460Z,,,,,,,,,,,,,,,,,,,,,,,,,,,,,91296d36-93a4-4259-ae44-51f29ba77938,false,u-andrew,Ivan,create,,,96,BA Glass Sofia: added expense Temp Sens (96),2026-08-06T15:07:12.460Z,expense,fbc02dfe-5ed6-49d8-83a3-ed1d23f689cb
history,,,,,,,,,,,,2026-08-06T15:07:52.457Z,,,,,,,,,,,,,,,,,,,,,,,,,,,,,3b263bda-79bb-4950-a33a-adedbe3a9f95,false,u-andrew,Ivan,import,,,17,"Imported financial CSV (17 projects matched, 0 history rows, 0 warehouse lots)",2026-08-06T15:07:52.457Z,financial_csv,import
history,9cdc40c6-77b8-4bf4-8610-83e21cfd85e7,,,,,,,,,,,2026-08-06T15:08:11.522Z,,,,,,,,,,,,,,,,,,,,,,,,,,,,,93634dd4-4f06-483d-8340-f362ce3361fd,false,u-andrew,Ivan,delete,,0,,Deleted warehouse lot Temp Sens (removed 0 from expenses),2026-08-06T15:08:11.522Z,expense,9194fab7-dce1-44e5-abf5-d94abac746c7
history,,,,,,,,,,,,2026-08-06T15:08:23.146Z,,,,,,,,,,,,,,,,,,,,,,,,,,,,,059285d2-47f3-4d1d-9b4b-291b5f30f08f,false,u-andrew,Ivan,import,,,17,"Imported financial CSV (17 projects matched, 0 history rows, 0 warehouse lots)",2026-08-06T15:08:23.146Z,financial_csv,import
history,9cdc40c6-77b8-4bf4-8610-83e21cfd85e7,BA Glass Sofia,,,,,,,,,,2026-08-06T15:08:49.808Z,,,,,,,,,,,,,,,,,,,,,,,,,,,,,a294a0a3-2afe-4e9c-a35e-3eb2c4c0b062,false,u-andrew,Ivan,create,,,96,BA Glass Sofia: added expense Temp sens (96),2026-08-06T15:08:49.808Z,expense,f5e3b976-87ee-4f0c-8b6c-18c33ebb82d6
history,,,,,,,,,,,,2026-08-06T15:29:07.900Z,,,,,,,,,,,,,,,,,,,,,,,,,,,,,77314dff-15db-494f-8e06-517e759a8384,false,u-andrew,Ivan,import,,,18,"Imported financial CSV (18 projects matched, 18 history rows, 1 warehouse lot)",2026-08-06T15:29:07.900Z,financial_csv,import
history,9cdc40c6-77b8-4bf4-8610-83e21cfd85e7,BA Glass Sofia,,,,,,,,,,2026-08-06T15:29:32.021Z,,,,,,,,,,,,,,,,,,,,,,,,,,,,,d4a734ea-13d0-4579-9581-b09734904ea7,false,u-andrew,Ivan,update,amount,96,48,BA Glass Sofia: expense_amount 96 → 48,2026-08-06T15:29:32.021Z,expense,f5e3b976-87ee-4f0c-8b6c-18c33ebb82d6
history,,,,,,,,,,,,2026-08-06T15:34:38.107Z,,,,,,,,,,,,,,,,,,,,,,,,,,,,,d700fb73-eb9c-43a6-93f3-50d182487ad4,false,u-andrew,Ivan,import,,,18,"Imported financial CSV (18 projects matched, 18 history rows, 1 warehouse lot)",2026-08-06T15:34:38.107Z,financial_csv,import
history,140dfb68-fb1b-482c-8ba4-34d6c389028a,Metlen,,,,,,,,,,2026-08-06T15:37:59.058Z,,,,,,,,,,,,,,,,,,,,,,,,,,,,,c525fd9a-43ee-4c38-a5bc-b8e0409ccbce,false,u-andrew,Ivan,update,max_materials_expense,,400000,Metlen: max_materials_expense — → 400000,2026-08-06T15:37:59.058Z,project_financials,140dfb68-fb1b-482c-8ba4-34d6c389028a
history,,,,,,,,,,,,2026-08-06T15:40:18.243Z,,,,,,,,,,,,,,,,,,,,,,,,,,,,,a832e3f7-3862-409f-a530-fc1190d142b2,false,u-andrew,Ivan,update,opening_cash,630000,6300000,Company: opening_cash 630000 → 6300000,2026-08-06T15:40:18.243Z,company_finance,company
history,,,,,,,,,,,,2026-08-06T15:40:18.293Z,,,,,,,,,,,,,,,,,,,,,,,,,,,,,b1de21c0-be75-431e-a29c-d14378b95f85,false,u-andrew,Ivan,update,opening_cash,630000,6300000,Company: opening_cash 630000 → 6300000,2026-08-06T15:40:18.293Z,company_finance,company
history,63dc26f0-58e3-4160-9619-c9dcabe33e7e,5MW BoP/BoS Ushgorod with N1,,,,,,,,,,2026-08-06T16:12:46.735Z,,,,,,,,,,,,,,,,,,,,,,,,,,,,,695e329b-2c8e-4840-8687-669e86ed8dfa,false,u-andrew,Ivan,update,amount,1200000,48,5MW BoP/BoS Ushgorod with N1: linked expense to warehouse lot (48),2026-08-06T16:12:46.735Z,expense,5c23fb13-60a2-4600-8c78-c793e4be9f0c
history,,,,,,,,,,,,2026-08-06T16:15:10.853Z,,,,,,,,,,,,,,,,,,,,,,,,,,,,,d04f76c5-0cec-489f-b0f5-86765efd04b5,false,u-andrew,Ivan,import,,,18,"Imported financial CSV (18 projects matched, 18 history rows, 1 warehouse lot)",2026-08-06T16:15:10.853Z,financial_csv,import
history,,,,,,,,,,,,2026-08-06T16:32:09.662Z,,,,,,,,,,,,,,,,,,,,,,,,,,,,,a0b9555d-ab4a-4e70-942b-01ff076b8663,false,u-andrew,Ivan,import,,,18,"Imported financial CSV (18 projects matched, 18 history rows, 1 warehouse lot)",2026-08-06T16:32:09.662Z,financial_csv,import
history,63dc26f0-58e3-4160-9619-c9dcabe33e7e,,,,,,,,,,,2026-08-06T16:32:40.680Z,,,,,,,,,,,,,,,,,,,,,,,,,,,,,0843d858-4928-4146-af05-700f1409ac05,false,u-andrew,Ivan,delete,,0,,Deleted warehouse lot Temp Sensors (removed 0 from expenses),2026-08-06T16:32:40.680Z,expense,f26086e6-f98a-422d-903b-f139ddaae821
history,9cdc40c6-77b8-4bf4-8610-83e21cfd85e7,,,,,,,,,,,2026-08-06T16:32:41.983Z,,,,,,,,,,,,,,,,,,,,,,,,,,,,,ded5bd32-64c3-4134-b34a-43e700829cb0,false,u-andrew,Ivan,delete,,0,,Deleted warehouse lot Temp sens (removed 0 from expenses),2026-08-06T16:32:41.983Z,expense,6c39fbb6-a9bb-454a-b72f-82d6641aabb2
history,,,,,,,,,,,,2026-08-06T16:40:47.304Z,,,,,,,,,,,,,,,,,,,,,,,,,,,,,634a4639-8d22-4465-8de9-fc7cc2f88294,false,u-andrew,Ivan,import,,,18,"Imported financial CSV (18 projects matched, 29 history rows, 0 warehouse lots)",2026-08-06T16:40:47.304Z,financial_csv,import
history,63dc26f0-58e3-4160-9619-c9dcabe33e7e,5MW BoP/BoS Ushgorod with N1,,,,,,,,,,2026-08-06T16:41:23.907Z,,,,,,,,,,,,,,,,,,,,,,,,,,,,,c32f8875-7f78-49ce-b5d0-896623a0e799,false,u-andrew,Ivan,update,amount,1200000,4800,5MW BoP/BoS Ushgorod with N1: settled predicted expense to WH spent 4800,2026-08-06T16:41:23.907Z,expense,5c23fb13-60a2-4600-8c78-c793e4be9f0c
history,,,,,,,,,,,,2026-08-06T16:48:45.402Z,,,,,,,,,,,,,,,,,,,,,,,,,,,,,7450b774-62d9-4a66-86a3-7509f6df19c0,false,u-andrew,Ivan,import,,,18,"Imported financial CSV (18 projects matched, 29 history rows, 0 warehouse lots)",2026-08-06T16:48:45.402Z,financial_csv,import
history,63dc26f0-58e3-4160-9619-c9dcabe33e7e,5MW BoP/BoS Ushgorod with N1,,,,,,,,,,2026-08-06T16:49:44.433Z,,,,,,,,,,,,,,,,,,,,,,,,,,,,,eaaa44a8-e0d8-466f-95b0-28ff6b043cfd,false,u-andrew,Ivan,update,amount,1200000,4800,5MW BoP/BoS Ushgorod with N1: settled predicted expense to WH spent 4800,2026-08-06T16:49:44.433Z,expense,5c23fb13-60a2-4600-8c78-c793e4be9f0c
history,,,,,,,,,,,,2026-08-06T20:13:26.177Z,,,,,,,,,,,,,,,,,,,,,,,,,,,,,ef141f9e-4b2d-49d4-bc0d-6734260bc5e4,false,u-andrew,Ivan,import,,,18,"Imported financial CSV (18 projects matched, 29 history rows, 0 warehouse lots)",2026-08-06T20:13:26.177Z,financial_csv,import
history,,,,,,,,,,,,2026-08-06T20:15:52.105Z,,,,,,,,,,,,,,,,,,,,,,,,,,,,,0b36c7bb-2d21-4b9d-a923-c9dbbe5f1b63,false,u-andrew,Ivan,import,,,18,"Imported financial CSV (18 projects matched, 29 history rows, 0 warehouse lots)",2026-08-06T20:15:52.105Z,financial_csv,import
history,,,,,,,,,,,,2026-08-07T07:20:07.005Z,,,,,,,,,,,,,,,,,,,,,,,,,,,,,2b3db69c-30c5-4b50-818a-815c9a2f2fa7,false,u-andrew,Ivan,import,,,18,"Imported financial CSV (18 projects matched, 29 history rows, 0 warehouse lots)",2026-08-07T07:20:07.005Z,financial_csv,import
history,63dc26f0-58e3-4160-9619-c9dcabe33e7e,,,,,,,,,,,2026-08-08T06:38:03.751Z,,,,,,,,,,,,,,,,,,,,,,,,,,,,,b8ae6ef7-fd1e-4cf9-ac45-8f703409e356,false,u-andrew,Ivan,delete,,0,,Deleted warehouse lot Temp Sensors (removed 0 from expenses),2026-08-08T06:38:03.751Z,expense,21671ed0-412f-4494-b2b9-07266468e197
history,63dc26f0-58e3-4160-9619-c9dcabe33e7e,,,,,,,,,,,2026-08-08T06:38:05.401Z,,,,,,,,,,,,,,,,,,,,,,,,,,,,,1017514b-e9d3-4ef6-9216-c26bd243e1b2,false,u-andrew,Ivan,delete,,0,,Deleted warehouse lot Temp Sensors (removed 0 from expenses),2026-08-08T06:38:05.401Z,expense,c1d85573-dfc9-489f-8f88-fa7cdcee3702
history,,,,,,,,,,,,2026-08-08T07:47:51.541Z,,,,,,,,,,,,,,,,,,,,,,,,,,,,,5d18f6bf-9285-4270-8910-ec6bc607fc03,false,u-andrew,Ivan,import,,,18,"Imported financial CSV (18 projects matched, 29 history rows, 0 warehouse lots, 4 sklad maps)",2026-08-08T07:47:51.541Z,financial_csv,import
history,,,,,,,,,,,,2026-08-08T07:51:33.757Z,,,,,,,,,,,,,,,,,,,,,,,,,,,,,cd233c4d-6052-4878-9d08-76ea0da5f43d,false,u-andrew,Ivan,import,,,18,"Imported financial CSV (18 projects matched, 29 history rows, 0 warehouse lots, 4 sklad maps)",2026-08-08T07:51:33.757Z,financial_csv,import
history,,,,,,,,,,,,2026-08-08T08:03:37.790Z,,,,,,,,,,,,,,,,,,,,,,,,,,,,,e6615b1e-a8a9-4c72-afdf-212b4c2d1233,false,u-andrew,Ivan,import,,,18,"Imported financial CSV (18 projects matched, 29 history rows, 0 warehouse lots, 4 sklad maps)",2026-08-08T08:03:37.790Z,financial_csv,import
