__SOURCE_PAGE,__SOURCE_LINE,__RECORD_FORMAT,DT_CREATED,DT_VAR,DT_ROW,DT_STP,ED_CENA,KOLICH,KOLICH2,KOLICH_SUB,KOLICH_SUB2,NORMA,NORMA2,FIRA,SIZE1
5460,1,1,49281320,1312037749,1312037816,50001370,20.190842,4.0,0.0,0.0,0.0,1.0,0.0,0.0,
5460,2,1,38528262,1310539391,1310539433,-2,0.51,0.06666666666666667,0.0,0.0,0.0,0.06666666666666667,0.0,0.0,
5460,3,1,45613224,1308344164,1308344271,-2,25.64,1.0,0.0,0.0,0.0,0.018518518518518517,0.0,0.0,
5460,4,1,35133179,1308351747,1308351779,-1,0.76,10.0,0.0,0.0,0.0,1.0,0.0,0.0,
5460,5,1,38528262,1310539391,1310634354,-2,18.5,0.7666666666666667,0.0,0.0,0.0,0.7666666666666667,0.0,0.0,
5460,6,1,38528262,1310539391,1310634540,-2,14.5,0.33333333333333337,0.0,0.0,0.0,0.33333333333333337,0.0,0.0,
5460,7,1,40113226,1310539391,1310539433,-1,1.0,0.2,0.0,0.0,0.0,0.06666666666666667,0.0,0.0,
5460,8,1,40113226,1310539391,1310634354,-1,36.18,2.3000000000000003,0.0,0.0,0.0,0.7666666666666667,0.0,0.0,
5460,9,1,40113226,1310539391,1310634540,-1,28.36,1.0,0.0,0.0,0.0,0.33333333333333337,0.0,0.0,
5460,10,1,39161073,1307737731,1307737916,-2,34.794,1.0,0.0,0.0,0.0,0.05263157894736842,0.0,0.0,
5460,11,1,43987986,1307737731,1307737916,-1,17.79,2.1052631578947367,0.0,0.0,0.0,0.05263157894736842,0.0,0.0,
5460,12,1,40113226,1310539391,1310743706,-1,9.55,3.0,0.0,0.0,0.0,1.0,0.0,0.0,
5460,13,1,40113226,1310539391,1310539433,38754772,1.0,0.2,0.0,0.0,0.0,0.06666666666666667,0.0,0.0,
5460,14,1,40113226,1310539391,1310634354,38754772,36.18,2.3000000000000003,0.0,0.0,0.0,0.7666666666666667,0.0,0.0,
5460,15,1,40113226,1310539391,1310634540,38754772,28.36,1.0,0.0,0.0,0.0,0.33333333333333337,0.0,0.0,
5460,16,1,40113226,1310539391,1310743706,38754772,9.55,3.0,0.0,0.0,0.0,1.0,0.0,0.0,
5460,17,1,43987986,1307737731,1307737916,44040911,17.79,2.1052631578947367,0.0,0.0,0.0,0.05263157894736842,0.0,0.0,
5460,18,1,43987986,1307737731,1307737916,35505348,17.79,2.1052631578947367,0.0,0.0,0.0,0.05263157894736842,0.0,0.0,
5460,19,1,49281320,1312037749,1312037816,37015689,20.190842,4.0,0.0,0.0,0.0,1.0,0.0,0.0,
5460,20,1,49967252,1312038500,1312038593,48819410,20.19,0.0,0.0,0.0,0.0,1.0,0.0,0.0,
5460,21,1,49967252,1312038500,1312038665,48819410,11.544927999999999,0.0,0.0,0.0,0.0,0.062,0.0,0.0,
5460,23,1,39297021,1300860839,1300860840,36945574,0.0,0.0,0.0,0.0,0.0,1.595,0.0,0.0,0
5460,24,1,39297021,1300860839,1300860841,36945574,2.26368,7.0,0.0,0.0,0.0,31.372,0.0,0.0,0
5460,25,1,39297021,1300860839,1300860842,36945574,0.0,0.07,0.0,0.0,0.0,0.066,0.0,0.0,0
5460,26,1,49967252,1312038500,1312038711,48819410,5.4,0.0,0.0,0.0,0.0,1.0,0.0,0.0,
5460,27,1,49967252,1312040009,1312038593,48819410,20.19,4.0,0.0,0.0,0.0,1.0,0.0,0.0,
5460,28,1,39297021,1300860839,1300860843,36945574,3.1559399999999997,6.0,0.0,0.0,0.0,6.0,0.0,0.0,0
5460,29,1,39297021,1300860839,1300860844,36945574,3.8165400000000003,36.0,0.0,0.0,0.0,26.79798,0.0,0.0,0
5460,30,1,49967252,1312040009,1312038665,48819410,11.544970677410612,0.248,0.0,0.0,0.0,0.062,0.0,0.0,
5460,31,1,49967252,1312040009,1312038711,48819410,5.4,4.0,0.0,0.0,0.0,1.0,0.0,0.0,
5460,32,1,39297021,1300860839,1300860845,36945574,4.84848,56.5,0.0,0.0,0.0,42.1344,0.0,0.0,0
5460,33,1,39297021,1300860839,1300860846,36945574,5.22249,1.5,0.0,0.0,0.0,1.386,0.0,0.0,0
5460,34,1,39297021,1300860839,1300860847,36945574,11.5,2.6,0.0,0.0,0.0,2.86,0.0,0.0,0
5460,35,1,39297021,1300860839,1300860848,36945574,0.0,0.0,0.0,0.0,0.0,11.759,0.0,0.0,0
5460,36,1,39297021,1300860839,1300860849,36945574,0.0,0.0,0.0,0.0,0.0,6.319968,0.0,0.0,0
5460,37,1,35133179,1308351747,1308351791,-1,0.6,10.0,0.0,0.0,0.0,1.0,0.0,0.0,
5460,38,1,39297021,1300860839,1300860840,-1,0.0,1.595,0.0,0.0,0.0,1.595,0.0,0.0,0
5460,39,1,39297021,1300860839,1300860841,-1,2.26368,31.372,0.0,0.0,0.0,31.372,0.0,0.0,0
5460,85,1,1306672589,1306672589,1306672589,-2,0.0,66.0,0.0,0.0,0.0,66.0,0.0,0.0,0
5460,86,1,1306672589,1306672589,1306672590,-2,0.0,2.0,0.0,0.0,0.0,2.0,0.0,0.0,0
5460,87,1,1306672589,1306672589,1306672591,-2,0.0,2.0,0.0,0.0,0.0,2.0,0.0,0.0,0
5460,88,1,1306672589,1306672589,1306672592,-2,0.0,5.0,0.0,0.0,0.0,5.0,0.0,0.0,0
5460,89,1,1306672589,1306672589,1306672593,-2,0.0,3.0,0.0,0.0,0.0,3.0,0.0,0.0,0
5733,1,1,49967252,1312038500,1312038593,37751761,20.19,0.0,0.0,0.0,0.0,1.0,0.0,0.0,
5733,2,1,49967252,1312038500,1312038665,37751761,11.544927999999999,0.0,0.0,0.0,0.0,0.062,0.0,0.0,
5733,3,1,49967252,1312038500,1312038711,37751761,5.4,0.0,0.0,0.0,0.0,1.0,0.0,0.0,
5733,4,1,49967252,1312038500,1312038593,-1,20.19,0.0,0.0,0.0,0.0,1.0,0.0,0.0,
5733,5,1,43116945,1300860652,1300860653,47139275,0.0,0.0,0.0,0.0,0.0,2.2,0.0,0.0,0
5733,6,1,43116945,1300860652,1300860654,47139275,83.98,0.0,0.0,0.0,0.0,2.0,0.0,0.0,0
5733,7,1,43116945,1300860652,1300860655,47139275,167.62,0.0,0.0,0.0,0.0,2.86,0.0,0.0,0
5733,8,1,47233553,1312038500,1312038593,-1,39.49,0.0,0.0,0.0,0.0,1.0,0.0,0.0,
5733,9,1,47233553,1312038500,1312038665,-1,11.544927999999999,0.0,0.0,0.0,0.0,0.062,0.0,0.0,
5733,10,1,47233553,1312038500,1312038711,-1,5.4,0.0,0.0,0.0,0.0,1.0,0.0,0.0,
5733,11,1,47233553,1312040009,1312038593,-1,39.49,8.0,0.0,0.0,0.0,1.0,0.0,0.0,
5733,12,1,47233553,1312040009,1312038665,-1,11.544927999999999,0.496,0.0,0.0,0.0,0.062,0.0,0.0,
5733,13,1,45794728,1312063269,1312063346,-1,52.0,8.0,0.0,0.0,0.0,2.0,0.0,0.0,
5733,14,1,45794728,1312063269,1312063363,-1,18.55,4.0,0.0,0.0,0.0,1.0,0.0,0.0,
5733,15,1,45794728,1312063269,1312063383,-1,169.69,4.0,0.0,0.0,0.0,1.0,0.0,0.0,
5733,16,1,47233553,1312040009,1312038711,-1,5.4,8.0,0.0,0.0,0.0,1.0,0.0,0.0,
5733,17,1,39991739,1312037749,1312037816,-1,20.190842,8.0,0.0,0.0,0.0,1.0,0.0,0.0,
5733,18,1,34055391,1312062665,1312062731,-1,3.0,4.0,0.0,0.0,0.0,1.0,0.0,0.0,
5733,19,1,34055391,1312062665,1312062768,-1,11.544927999999999,0.28,0.0,0.0,0.0,0.07,0.0,0.0,
5733,20,1,34055391,1312062665,1312062784,-1,5.4,4.0,0.0,0.0,0.0,1.0,0.0,0.0,
5733,21,1,35768859,1312049510,1312049543,-1,2.351934,8.0,0.0,0.0,0.0,2.0,0.0,0.0,
5733,22,1,35768859,1312049510,1312049565,-1,0.51129,0.44,0.0,0.0,0.0,0.11,0.0,0.0,
5733,23,1,35768859,1312049510,1312049612,-1,160.38,4.0,0.0,0.0,0.0,1.0,0.0,0.0,
5733,24,1,39991739,1312037749,1312037816,49021392,20.190842,8.0,0.0,0.0,0.0,1.0,0.0,0.0,
5733,25,1,39991739,1312037749,1312037816,40961008,20.190842,8.0,0.0,0.0,0.0,1.0,0.0,0.0,
5733,26,1,47233553,1312038500,1312038593,36714885,39.49,0.0,0.0,0.0,0.0,1.0,0.0,0.0,
5733,27,1,47233553,1312038500,1312038665,36714885,11.544927999999999,0.0,0.0,0.0,0.0,0.062,0.0,0.0,
5733,28,1,47233553,1312038500,1312038711,36714885,5.4,0.0,0.0,0.0,0.0,1.0,0.0,0.0,
5733,29,1,47233553,1312040009,1312038593,36714885,39.48985450886,8.0,0.0,0.0,0.0,1.0,0.0,0.0,
5733,30,1,47233553,1312040009,1312038665,36714885,11.544970677410612,0.496,0.0,0.0,0.0,0.062,0.0,0.0,
5733,31,1,47233553,1312040009,1312038711,36714885,5.4,8.0,0.0,0.0,0.0,1.0,0.0,0.0,
5733,32,1,47233553,1312038500,1312038593,44836816,39.49,0.0,0.0,0.0,0.0,1.0,0.0,0.0,
5733,33,1,47233553,1312038500,1312038665,44836816,11.544927999999999,0.0,0.0,0.0,0.0,0.062,0.0,0.0,
5733,34,1,47233553,1312038500,1312038711,44836816,5.4,0.0,0.0,0.0,0.0,1.0,0.0,0.0,
5733,35,1,47233553,1312040009,1312038593,44836816,39.48985450886,8.0,0.0,0.0,0.0,1.0,0.0,0.0,
5733,36,1,47233553,1312040009,1312038665,44836816,11.544970677410612,0.496,0.0,0.0,0.0,0.062,0.0,0.0,
5733,37,1,47233553,1312040009,1312038711,44836816,5.4,8.0,0.0,0.0,0.0,1.0,0.0,0.0,
5733,38,1,34055391,1312062665,1312062731,46236987,2.996159,4.0,0.0,0.0,0.0,1.0,0.0,0.0,
5733,39,1,39297021,1300860839,1300860850,36945574,36.0315,0.0,0.0,0.0,0.0,1.0,0.0,0.0,0
5733,40,1,39297021,1300860839,1300860851,36945574,75.3525,0.0,0.0,0.0,0.0,0.22,0.0,0.0,0
5733,41,1,39297021,1300860839,1300860852,36945574,167.62,0.0,0.0,0.0,0.0,0.5,0.0,0.0,0
5733,42,1,39297021,1300860839,1300860853,36945574,644.25,0.0,0.0,0.0,0.0,46.87516,0.0,0.0,0
5733,43,1,39297021,1300860839,1300860854,36945574,1073.75,0.0,0.0,0.0,0.0,2.0,0.0,0.0,0
5733,44,1,39297021,1300860839,1300860855,36945574,4050.0,0.0,0.0,0.0,0.0,2.0,0.0,0.0,0
5733,45,1,39297021,1300860839,1300860856,36945574,0.0,0.0,0.0,0.0,0.0,0.8184,0.0,0.0,0
5733,46,1,39297021,1300860839,1300860857,36945574,0.0,0.0,0.0,0.0,0.0,1.6346,0.0,0.0,0
5733,47,1,39297021,1300860839,1300860858,36945574,6.2628,0.0,0.0,0.0,0.0,1.0,0.0,0.0,0
7920,0,1,1300860756,1300860756,1300860816,-2,4.613693419162197,0.1,0.0,0.0,0.0,0.1,0.0,0.0,0
7920,1,1,1300860756,1300860756,1300860817,-2,0.37896954234263713,3.0,0.0,0.0,0.0,3.0,0.0,0.0,0
7920,2,1,1300860756,1300860756,1300860818,-2,0.42069095984824856,1.0,0.0,0.0,0.0,1.0,0.0,0.0,0
7920,3,1,1300860756,1300860756,1300860819,-2,0.2885731377471457,7.0,0.0,0.0,0.0,7.0,0.0,0.0,0
7920,4,1,1300860756,1300860756,1300860820,-2,1.3385621449717,1.0,0.0,0.0,0.0,1.0,0.0,0.0,0
7920,5,1,1300860756,1300860756,1300860821,-2,5.875766298706943,1.0,0.0,0.0,0.0,1.0,0.0,0.0,0
7920,6,1,1300860756,1300860756,1300860822,-2,73.04724848274134,1.0,0.0,0.0,0.0,1.0,0.0,0.0,0
7920,7,1,1300860756,1300860756,1300860823,-2,0.7301248063482,1.0,0.0,0.0,0.0,1.0,0.0,0.0,0
7920,8,1,1300860756,1300860756,1300860824,-2,1.5819370804211,1.0,0.0,0.0,0.0,1.0,0.0,0.0,0
7920,9,1,1300860756,1300860756,1300860825,-2,2.8489183620253296,1.0,0.0,0.0,0.0,1.0,0.0,0.0,0
7920,10,1,1300860756,1300860756,1300860826,-2,8.958345050438945,1.0,0.0,0.0,0.0,1.0,0.0,0.0,0
7920,11,1,1300860756,1300860756,1300860827,-2,2.9956591319286443,1.0,0.0,0.0,0.0,1.0,0.0,0.0,0
7920,12,1,1300860756,1300860756,1300860828,-2,4.749901576312869,1.0,0.0,0.0,0.0,1.0,0.0,0.0,0
7920,13,1,1300860756,1300860756,1300860829,-2,3.4931461323325648,1.0,0.0,0.0,0.0,1.0,0.0,0.0,0
7920,14,1,1300860756,1300860756,1300860830,-2,1.8503653180491149,1.0,0.0,0.0,0.0,1.0,0.0,0.0,0
7920,15,1,1300860756,1300860756,1300860831,-2,9.709432823916188,1.0,0.0,0.0,0.0,1.0,0.0,0.0,0
7920,16,1,1300860756,1300860756,1300860832,-2,7.071166716943702,1.0,0.0,0.0,0.0,1.0,0.0,0.0,0
7920,17,1,1300860756,1300860756,1300860833,-2,48.57272871364076,1.0,0.0,0.0,0.0,1.0,0.0,0.0,0
7920,18,1,1300860756,1300860756,1300860834,-2,0.0,1.0,0.0,0.0,0.0,1.0,0.0,0.0,0
7920,19,1,1300860756,1300860756,1300860835,-2,0.0,0.0,0.0,0.0,0.0,0.0,0.0,0.0,0
7920,20,1,1300860756,1300860756,1300860837,-2,0.0176,0.1,0.0,0.0,0.0,0.1,0.0,0.0,0
7920,21,1,1300860756,1300860756,1300860838,-2,0.01,0.5,0.0,0.0,0.0,0.5,0.0,0.0,0
7920,22,1,1300860756,1300860756,1300860839,-2,79.096563,0.03,0.0,0.0,0.0,0.03,0.0,0.0,0
7920,23,1,1300860756,1300860756,1300860840,-2,24.63813317108338,0.02,0.0,0.0,0.0,0.02,0.0,0.0,0
7920,24,1,1300860756,1300860756,1300860841,-2,14.661548,0.2,0.0,0.0,0.0,0.2,0.0,0.0,0
7920,25,1,1300860756,1300860756,1300860842,-2,0.14443899999999998,0.2,0.0,0.0,0.0,0.2,0.0,0.0,0
7920,26,1,1300860756,1300860756,1300860843,-2,0.14443899999999998,0.2,0.0,0.0,0.0,0.2,0.0,0.0,0
7920,27,1,1300860756,1300860756,1300860844,-2,540.8521190492016,0.04,0.0,0.0,0.0,0.04,0.0,0.0,0
7920,28,1,1300860756,1300860756,1300860845,-2,0.924821,20.0,0.0,0.0,0.0,20.0,0.0,0.0,0
7920,29,1,1300860756,1300860756,1300860846,-2,1.0123579247685126,7.0,0.0,0.0,0.0,7.0,0.0,0.0,0
7920,30,1,1300860756,1300860756,1300860847,-2,4.1414642376893696,30.0,0.0,0.0,0.0,30.0,0.0,0.0,0
7920,31,1,1300860756,1300860756,1300860848,-2,12.271005148709243,54.0,0.0,0.0,0.0,54.0,0.0,0.0,0
7920,32,1,1300860756,1300860756,1300860849,-2,10.737129505120588,81.0,0.0,0.0,0.0,81.0,0.0,0.0,0
7920,33,1,1300860756,1300860756,1300860850,-2,29.920800887602706,2.0,0.0,0.0,0.0,2.0,0.0,0.0,0
7920,34,1,1300860756,1300860756,1300860851,-2,10.23913121283547,1.0,0.0,0.0,0.0,1.0,0.0,0.0,0
7920,35,1,1300860756,1300860756,1300860852,-2,5.5577427486028945,3.0,0.0,0.0,0.0,3.0,0.0,0.0,0
7920,36,1,1300860756,1300860756,1300860853,-2,620.2481810791326,1.0,0.0,0.0,0.0,1.0,0.0,0.0,0
7920,37,1,1300860756,1300860756,1300860854,-2,7.697601529785308,1.0,0.0,0.0,0.0,1.0,0.0,0.0,0
7920,38,1,1300860756,1300860756,1300860855,-2,0.0,2.0,0.0,0.0,0.0,2.0,0.0,0.0,0
7920,39,1,1300860756,1300860756,1300860856,-2,0.0,0.698823529,0.0,0.0,0.0,0.698823529,0.0,0.0,0
7920,40,1,1300860756,1300860756,1300860857,-2,1.7383923960671428,1.0,0.0,0.0,0.0,1.0,0.0,0.0,0
7920,41,1,1300860756,1300860756,1300860858,-2,2.47,0.2,0.0,0.0,0.0,0.2,0.0,0.0,0
7920,42,1,1300860756,1300860756,1300860859,-2,2.71,0.05,0.0,0.0,0.0,0.05,0.0,0.0,0
7920,43,1,1300860756,1300860756,1300860860,-2,2.505330217861471,0.030282353,0.0,0.0,0.0,0.030282353,0.0,0.0,0
5552,1,1,34055391,1312062665,1312062768,46236987,11.544970677410612,0.28,0.0,0.0,0.0,0.07,0.0,0.0,
5552,2,1,34055391,1312062665,1312062784,46236987,5.4,4.0,0.0,0.0,0.0,1.0,0.0,0.0,
5552,3,1,34055391,1312062665,1312062731,49540274,2.996159,4.0,0.0,0.0,0.0,1.0,0.0,0.0,
5552,4,1,34055391,1312062665,1312062768,49540274,11.544970677410612,0.28,0.0,0.0,0.0,0.07,0.0,0.0,
5552,5,1,34055391,1312062665,1312062784,49540274,5.4,4.0,0.0,0.0,0.0,1.0,0.0,0.0,
5552,6,1,35768859,1312049510,1312049543,48482632,2.351934,8.0,0.0,0.0,0.0,2.0,0.0,0.0,
5552,7,1,35768859,1312049510,1312049565,48482632,0.51129,0.44,0.0,0.0,0.0,0.11,0.0,0.0,
5552,8,1,35768859,1312049510,1312049612,48482632,160.38,4.0,0.0,0.0,0.0,1.0,0.0,0.0,
5552,9,1,35768859,1312049510,1312049543,43763387,2.351934,8.0,0.0,0.0,0.0,2.0,0.0,0.0,
5552,10,1,35768859,1312049510,1312049565,43763387,0.51129,0.44,0.0,0.0,0.0,0.11,0.0,0.0,
5552,11,1,35768859,1312049510,1312049612,43763387,160.38,4.0,0.0,0.0,0.0,1.0,0.0,0.0,
5552,12,1,45794728,1312063269,1312063346,45274291,51.45129650886,8.0,0.0,0.0,0.0,2.0,0.0,0.0,
5552,13,1,45794728,1312063269,1312063363,45274291,18.00205965697,4.0,0.0,0.0,0.0,1.0,0.0,0.0,
5552,14,1,45794728,1312063269,1312063383,45274291,169.689965745717,4.0,0.0,0.0,0.0,1.0,0.0,0.0,
5552,15,1,45794728,1312063269,1312063346,48988758,26.59,8.0,0.0,0.0,0.0,2.0,0.0,0.0,
5552,16,1,45794728,1312063269,1312063363,48988758,9.48,4.0,0.0,0.0,0.0,1.0,0.0,0.0,
5552,17,1,45794728,1312063269,1312063383,48988758,86.76,4.0,0.0,0.0,0.0,1.0,0.0,0.0,
5552,18,1,49967252,1312038500,1312038665,-1,11.544927999999999,0.0,0.0,0.0,0.0,0.062,0.0,0.0,
5552,19,1,49967252,1312038500,1312038711,-1,5.4,0.0,0.0,0.0,0.0,1.0,0.0,0.0,
5552,20,1,49967252,1312040009,1312038593,37751761,20.19,4.0,0.0,0.0,0.0,1.0,0.0,0.0,
5552,21,1,49967252,1312040009,1312038665,37751761,11.544970677410612,0.248,0.0,0.0,0.0,0.062,0.0,0.0,
5552,22,1,49967252,1312040009,1312038711,37751761,5.4,4.0,0.0,0.0,0.0,1.0,0.0,0.0,
5552,23,1,39297021,1300860839,1300860842,-1,0.0,0.066,0.0,0.0,0.0,0.066,0.0,0.0,0
5552,24,1,39297021,1300860839,1300860859,36945574,0.0,0.0,0.0,0.0,0.0,0.495,0.0,0.0,0
5552,25,1,39297021,1300860839,1300860860,36945574,9.88,0.0,0.0,0.0,0.0,9.35,0.0,0.0,0
5552,26,1,39297021,1300860839,1300860861,36945574,11.19,1.75,0.0,0.0,0.0,0.5148,0.0,0.0,0
5552,27,1,44960646,1308348189,1308348266,-2,25.64,1.0,0.0,0.0,0.0,0.022988505747126436,0.0,0.0,
5552,28,1,45739937,1308344782,1308344841,-2,11.88,1.0,0.0,0.0,0.0,0.15408320493066255,0.0,0.0,
5552,29,1,43187788,1308356621,1308356653,-2,3.28,1.0,0.0,0.0,0.0,1.0,0.0,0.0,
5552,30,1,43187788,1308356621,1308356672,-2,8.7,1.0,0.0,0.0,0.0,1.0,0.0,0.0,
5552,31,1,42782948,1321638418,1321638465,-2,76.02,1.0,0.0,0.0,0.0,1.0,0.0,0.0,
5552,32,1,38528262,1310539391,1310743706,-2,4.88,1.0,0.0,0.0,0.0,1.0,0.0,0.0,
5552,34,1,34897389,1308344782,1308344841,38130777,13.068572,2.9197080291970807,0.0,0.0,0.0,0.14598540145985403,0.0,0.0,
5552,35,1,40798683,1308351747,1308351779,-1,0.76,20.0,0.0,0.0,0.0,1.0,0.0,0.0,
5552,36,1,40798683,1308351747,1308351791,-1,0.6,20.0,0.0,0.0,0.0,1.0,0.0,0.0,
5552,37,1,1306672589,1306672589,1306672594,-2,0.0,3.0,0.0,0.0,0.0,3.0,0.0,0.0,0
5552,38,1,1306672589,1306672589,1306672595,-2,0.0,4.0,0.0,0.0,0.0,4.0,0.0,0.0,0
5552,39,1,1306672589,1306672589,1306672596,-2,0.0,4.0,0.0,0.0,0.0,4.0,0.0,0.0,0
5552,40,1,1306672589,1306672589,1306672597,-2,0.0,2.0,0.0,0.0,0.0,2.0,0.0,0.0,0
5552,41,1,1306672589,1306672589,1306672598,-2,0.0,8.0,0.0,0.0,0.0,8.0,0.0,0.0,0
5552,42,1,1306672589,1306672589,1306672599,-2,0.0,2.0,0.0,0.0,0.0,2.0,0.0,0.0,0
5552,43,1,1306672589,1306672589,1306672600,-2,0.0,3.0,0.0,0.0,0.0,3.0,0.0,0.0,0
5552,44,1,1306672589,1306672589,1306672601,-2,0.0,4.0,0.0,0.0,0.0,4.0,0.0,0.0,0
5552,45,1,1306672589,1306672589,1306672602,-2,0.0,2.0,0.0,0.0,0.0,2.0,0.0,0.0,0
5552,46,1,1306672589,1306672589,1306672603,-2,0.0,16.0,0.0,0.0,0.0,16.0,0.0,0.0,0
5552,47,1,47318391,1312063269,1312063346,-1,26.31,4.0,0.0,0.0,0.0,2.0,0.0,0.0,
7924,0,1,1300860756,1300860756,1300860861,-2,50.95534888001513,1.0,0.0,0.0,0.0,1.0,0.0,0.0,0
7924,1,1,1300860756,1300860756,1300860862,-2,1.5338756435886554,0.0,0.0,0.0,0.0,0.0,0.0,0.0,0
7924,12,1,43187788,1308356621,1308356693,-2,71.269738,1.0,0.0,0.0,0.0,1.0,0.0,0.0,
7924,13,1,43187788,1308356621,1310744658,-2,23.93,0.33,0.0,0.0,0.0,0.33,0.0,0.0,
7924,14,1,43187788,1308356621,1310763166,-2,1.13,1.0,0.0,0.0,0.0,1.0,0.0,0.0,
5467,1,1,34704435,1308348189,1308348266,-1,25.64,0.45977011494252873,0.0,0.0,0.0,0.022988505747126436,0.0,0.0,
5467,2,1,38161649,1308344164,1308344271,-1,25.64,0.37037037037037035,0.0,0.0,0.0,0.018518518518518517,0.0,0.0,
5467,3,1,34897389,1308344782,1308344841,-1,11.88,2.9197080291970807,0.0,0.0,0.0,0.14598540145985403,0.0,0.0,
5467,4,1,43480505,1308356621,1308356653,37416099,3.28,20.0,0.0,0.0,0.0,1.0,0.0,0.0,
5467,5,1,43480505,1308356621,1308356672,37416099,8.7,20.0,0.0,0.0,0.0,1.0,0.0,0.0,
5467,6,1,43480505,1308356621,1308356693,37416099,69.26,20.0,0.0,0.0,0.0,1.0,0.0,0.0,
5467,7,1,43480505,1308356621,1310744658,37416099,23.93,6.6000000000000005,0.0,0.0,0.0,0.33,0.0,0.0,
5467,8,1,1306672589,1306672589,1306672604,-2,0.0,2.0,0.0,0.0,0.0,2.0,0.0,0.0,0
5467,9,1,1306672589,1306672589,1306672605,-2,0.0,1.0,0.0,0.0,0.0,1.0,0.0,0.0,0
5467,10,1,1306672589,1306672589,1306672606,-2,0.0,8.0,0.0,0.0,0.0,8.0,0.0,0.0,0
5467,11,1,1306672589,1306672589,1306672607,-2,0.0,3.0,0.0,0.0,0.0,3.0,0.0,0.0,0
5467,12,1,1306672589,1306672589,1306672608,-2,0.0,1.0,0.0,0.0,0.0,1.0,0.0,0.0,0
5467,13,1,1306672589,1306672589,1306672609,-2,0.0,2.0,0.0,0.0,0.0,2.0,0.0,0.0,0
5467,14,1,1306672589,1306672589,1306672610,-2,0.0,1.0,0.0,0.0,0.0,1.0,0.0,0.0,0
5467,15,1,1306672589,1306672589,1306672611,-2,0.0,1.0,0.0,0.0,0.0,1.0,0.0,0.0,0
5467,16,1,1306672589,1306672589,1306672612,-2,0.0,1.0,0.0,0.0,0.0,1.0,0.0,0.0,0
5467,17,1,43480505,1308356621,1310763166,37416099,1.13,20.0,0.0,0.0,0.0,1.0,0.0,0.0,
5467,18,1,48498399,1310539391,1310539433,-1,0.51,0.43999999999999995,0.0,0.0,0.0,0.06666666666666667,0.0,0.0,
5467,19,1,48498399,1310539391,1310634354,-1,18.5,5.0600000000000005,0.0,0.0,0.0,0.7666666666666667,0.0,0.0,
5467,27,1,1306672630,1306672630,1306672629,-2,0.0,16.0,0.0,0.0,0.0,16.0,0.0,0.0,0
5467,28,1,1306672630,1306672630,1306672630,-2,0.0,16.0,0.0,0.0,0.0,16.0,0.0,0.0,0
5467,29,1,1306672630,1306672630,1306672631,-2,0.0,8.0,0.0,0.0,0.0,8.0,0.0,0.0,0
5467,30,1,1306672630,1306672630,1306672632,-2,0.0,1.0,0.0,0.0,0.0,1.0,0.0,0.0,0
5467,31,1,1306672630,1306672630,1306672633,-2,0.0,9.0,0.0,0.0,0.0,9.0,0.0,0.0,0
5467,32,1,1306672630,1306672630,1306672634,-2,0.0,7.0,0.0,0.0,0.0,7.0,0.0,0.0,0
5467,33,1,1306672630,1306672630,1306672635,-2,0.0,16.0,0.0,0.0,0.0,16.0,0.0,0.0,0
5467,34,1,1306672630,1306672630,1306672636,-2,0.0,16.0,0.0,0.0,0.0,16.0,0.0,0.0,0
5467,35,1,1306672630,1306672630,1306672637,-2,0.0,8.0,0.0,0.0,0.0,8.0,0.0,0.0,0
5467,36,1,1306672630,1306672630,1306672638,-2,0.0,3.0,0.0,0.0,0.0,3.0,0.0,0.0,0
5467,37,1,1306672630,1306672630,1306672639,-2,0.0,1.0,0.0,0.0,0.0,1.0,0.0,0.0,0
5467,38,1,1306672630,1306672630,1306672640,-2,0.0,1.0,0.0,0.0,0.0,1.0,0.0,0.0,0
5467,39,1,1306672630,1306672630,1306672641,-2,0.0,1.0,0.0,0.0,0.0,1.0,0.0,0.0,0
5467,40,1,1306672630,1306672630,1306672642,-2,0.0,1.0,0.0,0.0,0.0,1.0,0.0,0.0,0
5467,41,1,1306672696,1306672696,1306672653,-2,0.0,8.0,0.0,0.0,0.0,8.0,0.0,0.0,0
5467,42,1,1306672696,1306672696,1306672654,-2,0.0,9.0,0.0,0.0,0.0,9.0,0.0,0.0,0
5467,43,1,1306672696,1306672696,1306672655,-2,0.0,1.0,0.0,0.0,0.0,1.0,0.0,0.0,0
5467,44,1,1306672696,1306672696,1306672656,-2,0.0,2.0,0.0,0.0,0.0,2.0,0.0,0.0,0
5467,48,1,1306672696,1306672696,1306672657,-2,0.0,1.0,0.0,0.0,0.0,1.0,0.0,0.0,0
5467,49,1,1306672696,1306672696,1306672658,-2,0.23,1.0,0.0,0.0,0.0,1.0,0.0,0.0,0
5467,50,1,1306672696,1306672696,1306672659,-2,0.07853,8.0,0.0,0.0,0.0,8.0,0.0,0.0,0
5467,51,1,1306672696,1306672696,1306672660,-2,0.0,2.0,0.0,0.0,0.0,2.0,0.0,0.0,0
5467,52,1,1306672696,1306672696,1306672661,-2,0.0,8.0,0.0,0.0,0.0,8.0,0.0,0.0,0
5467,53,1,1306672696,1306672696,1306672662,-2,0.0,4.0,0.0,0.0,0.0,4.0,0.0,0.0,0
5467,54,1,1306672696,1306672696,1306672663,-2,0.0,6.0,0.0,0.0,0.0,6.0,0.0,0.0,0
5467,55,1,1306672696,1306672696,1306672664,-2,0.0,7.0,0.0,0.0,0.0,7.0,0.0,0.0,0
5467,56,1,1306672630,1306672630,1306672643,-2,0.0,1.0,0.0,0.0,0.0,1.0,0.0,0.0,0
5467,57,1,1306672630,1306672630,1306672644,-2,0.0,1.0,0.0,0.0,0.0,1.0,0.0,0.0,0
5467,58,1,1306672630,1306672630,1306672645,-2,0.0,1.0,0.0,0.0,0.0,1.0,0.0,0.0,0
5464,1,1,48498399,1310539391,1310634540,-1,14.5,2.2,0.0,0.0,0.0,0.33333333333333337,0.0,0.0,
5464,2,1,48498399,1310539391,1310743706,-1,4.88,6.6,0.0,0.0,0.0,1.0,0.0,0.0,
5464,3,1,34704435,1308348189,1308348266,41327675,25.635,0.45977011494252873,0.0,0.0,0.0,0.022988505747126436,0.0,0.0,
5464,4,1,1306672630,1306672630,1306672646,-2,0.0,17.0,0.0,0.0,0.0,17.0,0.0,0.0,0
5464,5,1,1306672630,1306672630,1306672647,-2,0.0,1.0,0.0,0.0,0.0,1.0,0.0,0.0,0
5464,6,1,1306672630,1306672630,1306672648,-2,0.0,1.0,0.0,0.0,0.0,1.0,0.0,0.0,0
5464,7,1,1306672630,1306672630,1306672649,-2,0.0,18.0,0.0,0.0,0.0,18.0,0.0,0.0,0
5464,8,1,1306672630,1306672630,1306672650,-2,0.0,1.0,0.0,0.0,0.0,1.0,0.0,0.0,0
5464,9,1,1306672630,1306672630,1306672651,-2,0.0,17.0,0.0,0.0,0.0,17.0,0.0,0.0,0
5464,10,1,1306672630,1306672630,1306672652,-2,0.0,1.0,0.0,0.0,0.0,1.0,0.0,0.0,0
5464,11,1,1306672589,1306672589,1306672613,-2,0.0,6.0,0.0,0.0,0.0,6.0,0.0,0.0,0
5464,12,1,1306672589,1306672589,1306672614,-2,0.0,2.0,0.0,0.0,0.0,2.0,0.0,0.0,0
5464,13,1,38161649,1308344164,1308344271,41023831,25.635000000000005,0.37037037037037035,0.0,0.0,0.0,0.018518518518518517,0.0,0.0,
5464,14,1,40798683,1308351747,1308351779,49937303,0.76,20.0,0.0,0.0,0.0,1.0,0.0,0.0,
5464,15,1,40798683,1308351747,1308351791,49937303,0.6,20.0,0.0,0.0,0.0,1.0,0.0,0.0,
5464,23,1,1306672775,1306672775,1306672665,-2,0.0,59.0,0.0,0.0,0.0,59.0,0.0,0.0,0
5464,24,1,1306672775,1306672775,1306672666,-2,0.0,1.0,0.0,0.0,0.0,1.0,0.0,0.0,0
5464,25,1,1306672775,1306672775,1306672667,-2,0.0,1.0,0.0,0.0,0.0,1.0,0.0,0.0,0
5464,26,1,1306672775,1306672775,1306672668,-2,0.0,2.0,0.0,0.0,0.0,2.0,0.0,0.0,0
5464,27,1,1306672775,1306672775,1306672669,-2,0.0,2.0,0.0,0.0,0.0,2.0,0.0,0.0,0
5464,28,1,1306672775,1306672775,1306672670,-2,0.0,4.0,0.0,0.0,0.0,4.0,0.0,0.0,0
5464,29,1,1306672775,1306672775,1306672671,-2,0.0,1.0,0.0,0.0,0.0,1.0,0.0,0.0,0
5464,30,1,1306672775,1306672775,1306672672,-2,0.0,1.0,0.0,0.0,0.0,1.0,0.0,0.0,0
5464,31,1,1306672775,1306672775,1306672673,-2,0.0,2.0,0.0,0.0,0.0,2.0,0.0,0.0,0
5464,32,1,1306672775,1306672775,1306672674,-2,0.0,1.0,0.0,0.0,0.0,1.0,0.0,0.0,0
5464,33,1,1306672775,1306672775,1306672675,-2,0.0,12.0,0.0,0.0,0.0,12.0,0.0,0.0,0
5464,34,1,1306672775,1306672775,1306672676,-2,0.0,2.0,0.0,0.0,0.0,2.0,0.0,0.0,0
5464,35,1,1306672775,1306672775,1306672677,-2,0.0,7.0,0.0,0.0,0.0,7.0,0.0,0.0,0
5464,36,1,1306672775,1306672775,1306672678,-2,0.0,2.0,0.0,0.0,0.0,2.0,0.0,0.0,0
5464,37,1,1306672775,1306672775,1306672679,-2,0.0,1.0,0.0,0.0,0.0,1.0,0.0,0.0,0
5464,38,1,1306672775,1306672775,1306672680,-2,0.0,1.0,0.0,0.0,0.0,1.0,0.0,0.0,0
5464,39,1,1306672775,1306672775,1306672681,-2,0.0,1.0,0.0,0.0,0.0,1.0,0.0,0.0,0
5464,40,1,1306672775,1306672775,1306672682,-2,0.0,1.0,0.0,0.0,0.0,1.0,0.0,0.0,0
5464,41,1,1306672775,1306672775,1306672683,-2,0.68,2.0,0.0,0.0,0.0,2.0,0.0,0.0,0
5464,42,1,1306672775,1306672775,1306672684,-2,0.0,1.0,0.0,0.0,0.0,1.0,0.0,0.0,0
5464,58,1,1306672882,1306672882,1306672692,-2,0.0,2.0,0.0,0.0,0.0,2.0,0.0,0.0,0
5464,59,1,1306672882,1306672882,1306672693,-2,0.0,2.0,0.0,0.0,0.0,2.0,0.0,0.0,0
5464,60,1,1306672882,1306672882,1306672694,-2,0.0,7.0,0.0,0.0,0.0,7.0,0.0,0.0,0
5464,61,1,1306672882,1306672882,1306672695,-2,0.0,1.0,0.0,0.0,0.0,1.0,0.0,0.0,0
5464,62,1,1306672882,1306672882,1306672696,-2,0.0,1.0,0.0,0.0,0.0,1.0,0.0,0.0,0
5464,63,1,1306672882,1306672882,1306672697,-2,0.0,5.0,0.0,0.0,0.0,5.0,0.0,0.0,0
5464,64,1,1306672882,1306672882,1306672698,-2,0.0,2.0,0.0,0.0,0.0,2.0,0.0,0.0,0
5464,65,1,1306672882,1306672882,1306672699,-2,0.0,2.0,0.0,0.0,0.0,2.0,0.0,0.0,0
5464,66,1,1306672882,1306672882,1306672700,-2,0.0,2.0,0.0,0.0,0.0,2.0,0.0,0.0,0
5464,67,1,1306672882,1306672882,1306672701,-2,0.0,2.0,0.0,0.0,0.0,2.0,0.0,0.0,0
5464,68,1,1306672882,1306672882,1306672702,-2,0.0,2.0,0.0,0.0,0.0,2.0,0.0,0.0,0
5464,69,1,1306672882,1306672882,1306672703,-2,0.0,1.0,0.0,0.0,0.0,1.0,0.0,0.0,0
5464,70,1,1306672882,1306672882,1306672704,-2,0.0,1.0,0.0,0.0,0.0,1.0,0.0,0.0,0
5521,1,1,40798683,1308351747,1308351801,49937303,1.91,20.0,0.0,0.0,0.0,1.0,0.0,0.0,
5521,2,1,40798683,1308351747,1308351801,-1,1.91,20.0,0.0,0.0,0.0,1.0,0.0,0.0,
5521,3,1,48498399,1310539391,1310539433,41850638,0.51,0.43999999999999995,0.0,0.0,0.0,0.06666666666666667,0.0,0.0,
5521,4,1,48498399,1310539391,1310634354,41850638,18.5,5.0600000000000005,0.0,0.0,0.0,0.7666666666666667,0.0,0.0,
5521,5,1,48498399,1310539391,1310634540,41850638,14.5,2.2,0.0,0.0,0.0,0.33333333333333337,0.0,0.0,
5521,6,1,48498399,1310539391,1310743706,41850638,4.88,6.6,0.0,0.0,0.0,1.0,0.0,0.0,
5521,7,1,43480505,1308356621,1308356653,-1,3.28,20.0,0.0,0.0,0.0,1.0,0.0,0.0,
5521,8,1,43480505,1308356621,1308356672,-1,8.7,20.0,0.0,0.0,0.0,1.0,0.0,0.0,
5521,9,1,43480505,1308356621,1308356693,-1,71.269738,20.0,0.0,0.0,0.0,1.0,0.0,0.0,
5521,10,1,1306672882,1306672882,1306672705,-2,0.0,2.0,0.0,0.0,0.0,2.0,0.0,0.0,0
5521,11,1,1306672882,1306672882,1306672706,-2,0.0,2.0,0.0,0.0,0.0,2.0,0.0,0.0,0
5521,12,1,1306672882,1306672882,1306672707,-2,0.0,3.0,0.0,0.0,0.0,3.0,0.0,0.0,0
5521,13,1,1306672882,1306672882,1306672708,-2,0.0,2.0,0.0,0.0,0.0,2.0,0.0,0.0,0
5521,14,1,1306672882,1306672882,1306672709,-2,0.0,1.0,0.0,0.0,0.0,1.0,0.0,0.0,0
5521,15,1,1306672882,1306672882,1306672710,-2,0.0,3.0,0.0,0.0,0.0,3.0,0.0,0.0,0
5521,16,1,1306672882,1306672882,1306672711,-2,0.0,3.0,0.0,0.0,0.0,3.0,0.0,0.0,0
5521,17,1,1306672882,1306672882,1306672712,-2,0.0,2.0,0.0,0.0,0.0,2.0,0.0,0.0,0
5521,18,1,1306672775,1306672775,1306672685,-2,0.0,1.0,0.0,0.0,0.0,1.0,0.0,0.0,0
5521,19,1,1306672775,1306672775,1306672686,-2,0.0,1.0,0.0,0.0,0.0,1.0,0.0,0.0,0
5521,20,1,1306672775,1306672775,1306672687,-2,0.0,3.0,0.0,0.0,0.0,3.0,0.0,0.0,0
5521,21,1,38387853,1307737731,1307737916,35144420,34.794,2.0,0.0,0.0,0.0,0.05,0.0,0.0,
5521,22,1,38387853,1307737731,1307737916,-1,34.794,1.0,0.0,0.0,0.0,0.05,0.0,0.0,
5521,23,1,43480505,1308356621,1310744658,-1,23.93,6.6000000000000005,0.0,0.0,0.0,0.33,0.0,0.0,
5521,24,1,38387853,1307737731,1307737916,44420887,34.794,2.0,0.0,0.0,0.0,0.05,0.0,0.0,
5521,25,1,39314364,1308356621,1308356653,45253756,6.39613781916828,10.0,0.0,0.0,0.0,1.0,0.0,0.0,
5521,26,1,45773546,1308344164,1308344271,-1,64.2,0.6481481481481481,0.0,0.0,0.0,0.018518518518518517,0.0,0.0,
5521,27,1,43480505,1308356621,1310763166,-1,1.13,20.0,0.0,0.0,0.0,1.0,0.0,0.0,
5521,29,1,38927001,1308348189,1308348266,-1,64.2,0.8045977011494253,0.0,0.0,0.0,0.022988505747126436,0.0,0.0,
5521,30,1,47025256,1308344782,1308344841,-1,25.56,5.109489051094891,0.0,0.0,0.0,0.14598540145985403,0.0,0.0,
5521,31,1,47025256,1308344782,1308344841,38264367,25.56,5.109489051094891,0.0,0.0,0.0,0.14598540145985403,0.0,0.0,
5521,32,1,38927001,1308348189,1308348266,39452779,64.2,0.8045977011494253,0.0,0.0,0.0,0.022988505747126436,0.0,0.0,
5521,33,1,39314364,1308356621,1308356672,45253756,17.02,10.0,0.0,0.0,0.0,1.0,0.0,0.0,
5521,34,1,39314364,1308356621,1308356693,45253756,135.4607858,10.0,0.0,0.0,0.0,1.0,0.0,0.0,
5521,35,1,35133179,1308351747,1308351801,-1,1.91,10.0,0.0,0.0,0.0,1.0,0.0,0.0,
5521,36,1,45773546,1308344164,1308344271,42798440,64.2,0.6481481481481481,0.0,0.0,0.0,0.018518518518518517,0.0,0.0,
5521,37,1,47025256,1308344782,1308344841,43690652,25.559999999999995,5.109489051094891,0.0,0.0,0.0,0.14598540145985403,0.0,0.0,
5521,38,1,45773546,1308344164,1308344271,37167079,64.2,0.6481481481481481,0.0,0.0,0.0,0.018518518518518517,0.0,0.0,
5521,39,1,38927001,1308348189,1308348266,49328018,64.2,0.8045977011494253,0.0,0.0,0.0,0.022988505747126436,0.0,0.0,
5521,40,1,46947183,1308348189,1308348266,-1,25.64,0.22988505747126436,0.0,0.0,0.0,0.022988505747126436,0.0,0.0,
5521,41,1,46263368,1308344164,1308344271,-1,25.64,0.18518518518518517,0.0,0.0,0.0,0.018518518518518517,0.0,0.0,
5521,44,1,35662472,1308356621,1308356653,-1,3.28,10.0,0.0,0.0,0.0,1.0,0.0,0.0,
5521,45,1,35662472,1308356621,1308356672,-1,8.7,10.0,0.0,0.0,0.0,1.0,0.0,0.0,
5521,46,1,35662472,1308356621,1308356693,-1,71.269738,10.0,0.0,0.0,0.0,1.0,0.0,0.0,
5521,47,1,35662472,1308356621,1310744658,-1,23.93,3.3000000000000003,0.0,0.0,0.0,0.33,0.0,0.0,
5521,48,1,35662472,1308356621,1310763166,-1,1.13,10.0,0.0,0.0,0.0,1.0,0.0,0.0,
6592,0,1,49132890,1300860839,1300861008,-1,0.0,2.0,0.0,0.0,0.0,2.0,0.0,0.0,0
6592,1,1,49132890,1300860839,1300861009,-1,0.0,3.0,0.0,0.0,0.0,3.0,0.0,0.0,0
6592,2,1,49132890,1300860839,1300861010,-1,0.0,3.0,0.0,0.0,0.0,3.0,0.0,0.0,0
6592,3,1,49132890,1300860839,1300861011,-1,15.93,95.0,0.0,0.0,0.0,95.0,0.0,0.0,0
6592,4,1,49132890,1300860839,1300861012,-1,15.93,95.0,0.0,0.0,0.0,95.0,0.0,0.0,0
6592,5,1,49132890,1300860839,1300861013,-1,0.0,0.0,0.0,0.0,0.0,0.0,0.0,0.0,0
6592,6,1,49132890,1300860839,1300861014,-1,0.0,100.0,0.0,0.0,0.0,100.0,0.0,0.0,0
6592,7,1,49132890,1300860839,1300861015,-1,0.0,80.0,0.0,0.0,0.0,80.0,0.0,0.0,0
6592,8,1,49132890,1300860839,1300861016,-1,1.8,40.0,0.0,0.0,0.0,40.0,0.0,0.0,0
6592,9,1,49132890,1300860839,1300861017,-1,3.24,25.0,0.0,0.0,0.0,25.0,0.0,0.0,0
6592,10,1,49132890,1300860839,1300861018,-1,0.0,20.0,0.0,0.0,0.0,20.0,0.0,0.0,0
6592,11,1,49132890,1300860839,1300861019,-1,11.61,20.0,0.0,0.0,0.0,20.0,0.0,0.0,0
6592,12,1,49132890,1300860839,1300861020,-1,0.0,40.0,0.0,0.0,0.0,40.0,0.0,0.0,0
6592,13,1,49132890,1300860839,1300861021,-1,21.964,0.0,0.0,0.0,0.0,0.0,0.0,0.0,0
6592,14,1,49132890,1300860839,1300861022,-1,21.7328,0.0,0.0,0.0,0.0,0.0,0.0,0.0,0
6592,15,1,49132890,1300860839,1300861023,-1,21.964,0.0,0.0,0.0,0.0,0.0,0.0,0.0,0
6592,16,1,49132890,1300860839,1300861024,-1,21.7328,0.0,0.0,0.0,0.0,0.0,0.0,0.0,0
6592,17,1,49132890,1300860839,1300861025,-1,21.964,0.0,0.0,0.0,0.0,0.0,0.0,0.0,0
6592,18,1,49132890,1300860839,1300861026,-1,21.964,0.0,0.0,0.0,0.0,0.0,0.0,0.0,0
6592,19,1,49132890,1300860839,1300861027,-1,21.964,1.5,0.0,0.0,0.0,1.5,0.0,0.0,0
6592,20,1,49132890,1300860839,1300861028,-1,28.6756,0.0,0.0,0.0,0.0,0.0,0.0,0.0,0
6592,21,1,49132890,1300860839,1300861029,-1,28.6756,0.0,0.0,0.0,0.0,0.0,0.0,0.0,0
6592,22,1,49132890,1300860839,1300861030,-1,28.6756,0.0,0.0,0.0,0.0,0.0,0.0,0.0,0
6592,23,1,49132890,1300860839,1300861031,-1,28.6756,0.0,0.0,0.0,0.0,0.0,0.0,0.0,0
6592,24,1,49132890,1300860839,1300861032,-1,28.6756,0.0,0.0,0.0,0.0,0.0,0.0,0.0,0
6592,25,1,49132890,1300860839,1300861033,-1,28.6756,0.0,0.0,0.0,0.0,0.0,0.0,0.0,0
6592,26,1,49132890,1300860839,1300861034,-1,28.6756,0.0,0.0,0.0,0.0,0.0,0.0,0.0,0
6592,27,1,49132890,1300860839,1300861035,-1,27.7032,1.5,0.0,0.0,0.0,1.5,0.0,0.0,0
6592,28,1,49132890,1300860839,1300861036,-1,154.7,0.15,0.0,0.0,0.0,0.15,0.0,0.0,0
6592,29,1,49132890,1300860839,1300861037,-1,0.0,90.0,0.0,0.0,0.0,90.0,0.0,0.0,0
6592,30,1,49132890,1300860839,1300861038,-1,0.38,50.0,0.0,0.0,0.0,50.0,0.0,0.0,0
6592,31,1,49132890,1300860839,1300861039,-1,62.696,1.0,0.0,0.0,0.0,1.0,0.0,0.0,0
6592,32,1,49132890,1300860839,1300861040,-1,0.0,1.0,0.0,0.0,0.0,1.0,0.0,0.0,0
6592,33,1,49132890,1300860839,1300861041,-1,1.6252,4.0,0.0,0.0,0.0,4.0,0.0,0.0,0
6592,34,1,49132890,1300860839,1300861042,-1,1.8904,4.0,0.0,0.0,0.0,4.0,0.0,0.0,0
6592,35,1,49132890,1300860839,1300861043,-1,1.9312,1.0,0.0,0.0,0.0,1.0,0.0,0.0,0
6592,36,1,49132890,1300860839,1300861044,-1,1.8904,1.0,0.0,0.0,0.0,1.0,0.0,0.0,0
6592,37,1,49132890,1300860839,1300861045,-1,2.2984,1.0,0.0,0.0,0.0,1.0,0.0,0.0,0
6592,38,1,49132890,1300860839,1300861046,-1,5.4128,1.0,0.0,0.0,0.0,1.0,0.0,0.0,0
6592,39,1,49132890,1300860839,1300861047,-1,11.77,15.0,0.0,0.0,0.0,15.0,0.0,0.0,0
6592,40,1,49132890,1300860839,1300861048,-1,2.98,15.0,0.0,0.0,0.0,15.0,0.0,0.0,0
6592,41,1,49132890,1300860839,1300861049,-1,3.79,15.0,0.0,0.0,0.0,15.0,0.0,0.0,0
6592,42,1,49132890,1300860839,1300861050,-1,5.78,2.0,0.0,0.0,0.0,2.0,0.0,0.0,0
6592,43,1,49132890,1300860839,1300861051,-1,8.32,4.5,0.0,0.0,0.0,4.5,0.0,0.0,0
6592,44,1,49132890,1300860839,1300861052,-1,9.75,4.0,0.0,0.0,0.0,4.0,0.0,0.0,0
6592,45,1,49132890,1300860839,1300861053,-1,8.45,4.0,0.0,0.0,0.0,4.0,0.0,0.0,0
6592,46,1,49132890,1300860839,1300861054,-1,0.0,5.0,0.0,0.0,0.0,5.0,0.0,0.0,0
6592,47,1,49132890,1300860839,1300861055,-1,0.0,1.0,0.0,0.0,0.0,1.0,0.0,0.0,0
6593,0,1,49132890,1300860839,1300861056,-1,17.37,4.5,0.0,0.0,0.0,4.5,0.0,0.0,0
6593,1,1,49132890,1300860839,1300861057,-1,4.27,1.0,0.0,0.0,0.0,1.0,0.0,0.0,0
6593,2,1,49132890,1300860839,1300861058,-1,12.51,4.0,0.0,0.0,0.0,4.0,0.0,0.0,0
6593,3,1,49132890,1300860839,1300861059,-1,13.07,2.0,0.0,0.0,0.0,2.0,0.0,0.0,0
6593,4,1,49132890,1300860839,1300861060,-1,31.4,1.0,0.0,0.0,0.0,1.0,0.0,0.0,0
6593,5,1,49132890,1300860839,1300861061,-1,74.92,1.0,0.0,0.0,0.0,1.0,0.0,0.0,0
6593,6,1,49132890,1300860839,1300861062,-1,76.47,3.0,0.0,0.0,0.0,3.0,0.0,0.0,0
6593,7,1,49132890,1300860839,1300861063,-1,31.44,2.0,0.0,0.0,0.0,2.0,0.0,0.0,0
6593,8,1,49132890,1300860839,1300861064,-1,32.74,1.0,0.0,0.0,0.0,1.0,0.0,0.0,0
6593,9,1,49132890,1300860839,1300861065,-1,17.42,3.0,0.0,0.0,0.0,3.0,0.0,0.0,0
6593,10,1,49132890,1300860839,1300861066,-1,4.11,3.0,0.0,0.0,0.0,3.0,0.0,0.0,0
6593,11,1,49132890,1300860839,1300861067,-1,0.16,50.0,0.0,0.0,0.0,50.0,0.0,0.0,0
6593,12,1,49132890,1300860839,1300861068,-1,750.95,1.0,0.0,0.0,0.0,1.0,0.0,0.0,0
6593,13,1,49132890,1300860839,1300861069,-1,1266.67,1.0,0.0,0.0,0.0,1.0,0.0,0.0,0
6593,14,1,49132890,1300860839,1300861070,-1,281.0,2.0,0.0,0.0,0.0,2.0,0.0,0.0,0
6593,15,1,49132890,1300860839,1300861071,-1,108.45,1.0,0.0,0.0,0.0,1.0,0.0,0.0,0
6593,16,1,49132890,1300860839,1300861072,-1,922.5,1.0,0.0,0.0,0.0,1.0,0.0,0.0,0
6593,17,1,49132890,1300860839,1300861073,-1,575.0,1.0,0.0,0.0,0.0,1.0,0.0,0.0,0
6593,18,1,49132890,1300860839,1300861074,-1,951.44,1.0,0.0,0.0,0.0,1.0,0.0,0.0,0
6593,19,1,49132890,1300860839,1300861075,-1,64.8,1.0,0.0,0.0,0.0,1.0,0.0,0.0,0
6593,20,1,49132890,1300860839,1300861076,-1,734.17,1.0,0.0,0.0,0.0,1.0,0.0,0.0,0
6593,21,1,49132890,1300860839,1300861077,-1,431.85,2.0,0.0,0.0,0.0,2.0,0.0,0.0,0
6593,22,1,49132890,1300860839,1300861078,-1,17.82,1.0,0.0,0.0,0.0,1.0,0.0,0.0,0
6593,23,1,49132890,1300860839,1300861079,-1,5.0,1.0,0.0,0.0,0.0,1.0,0.0,0.0,0
6593,24,1,49132890,1300860839,1300861080,-1,150.0,1.0,0.0,0.0,0.0,1.0,0.0,0.0,0
6593,25,1,49132890,1300860839,1300861081,-1,244.0,1.0,0.0,0.0,0.0,1.0,0.0,0.0,0
6593,26,1,49132890,1300860839,1300861082,-1,342.0,1.0,0.0,0.0,0.0,1.0,0.0,0.0,0
6593,27,1,49132890,1300860839,1300861083,-1,5678.0,1.0,0.0,0.0,0.0,1.0,0.0,0.0,0
6593,28,1,49132890,1300860839,1300861084,-1,604.0,1.0,0.0,0.0,0.0,1.0,0.0,0.0,0
6593,29,1,49132890,1300860839,1300861085,-1,974.17,1.0,0.0,0.0,0.0,1.0,0.0,0.0,0
6593,30,1,49132890,1300860839,1300861086,-1,135.0,188.0,0.0,0.0,0.0,188.0,0.0,0.0,0
6593,31,1,49132890,1300860839,1300861087,-1,159.1,282.0,0.0,0.0,0.0,282.0,0.0,0.0,0
6593,32,1,49132890,1300860839,1300861090,-1,520.4,82.0,0.0,0.0,0.0,82.0,0.0,0.0,0
6593,33,1,49132890,1300860839,1300861091,-1,123.35,90.0,0.0,0.0,0.0,90.0,0.0,0.0,0
6593,34,1,49132890,1300860839,1300861092,-1,21.51,92.24,0.0,0.0,0.0,92.24,0.0,0.0,0
6593,35,1,49132890,1300860839,1300861093,-1,855.0,6.0,0.0,0.0,0.0,6.0,0.0,0.0,0
6593,36,1,49132890,1300860839,1300861094,-1,346.0,10.0,0.0,0.0,0.0,10.0,0.0,0.0,0
6593,37,1,49132890,1300860839,1300861095,-1,32.5,20.0,0.0,0.0,0.0,20.0,0.0,0.0,0
6593,38,1,49132890,1300860839,1300861096,-1,333.35,10.0,0.0,0.0,0.0,10.0,0.0,0.0,0
6593,39,1,49132890,1300860839,1300861097,-1,2.74,200.0,0.0,0.0,0.0,200.0,0.0,0.0,0
6593,40,1,49132890,1300860839,1300861098,-1,20.18,12.0,0.0,0.0,0.0,12.0,0.0,0.0,0
6593,41,1,49132890,1300860839,1300861099,-1,2068.6,1.0,0.0,0.0,0.0,1.0,0.0,0.0,0
6593,42,1,49132890,1300860839,1300861100,-1,0.0,2.0,0.0,0.0,0.0,2.0,0.0,0.0,0
6593,43,1,49132890,1300860839,1300861101,-1,0.0,14.0,0.0,0.0,0.0,14.0,0.0,0.0,0
6593,44,1,49132890,1300860839,1300861102,-1,160.38,5.0,0.0,0.0,0.0,5.0,0.0,0.0,0
6593,45,1,49132890,1300860839,1300861103,-1,2568.0,1.0,0.0,0.0,0.0,1.0,0.0,0.0,0
5797,1,1,36444547,1308344782,1308344841,-1,11.88,1.5408320493066254,0.0,0.0,0.0,0.15408320493066255,0.0,0.0,
5797,2,1,36425042,1300860756,1300860757,-1,0.0,2.2,0.0,0.0,0.0,2.2,0.0,0.0,0
5797,3,1,36425042,1300860756,1300860758,-1,83.98,2.0,0.0,0.0,0.0,2.0,0.0,0.0,0
5797,4,1,36425042,1300860756,1300860759,-1,167.62,1.714285714,0.0,0.0,0.0,1.714285714,0.0,0.0,0
5797,5,1,36425042,1300860756,1300860760,-1,644.25,0.142857143,0.0,0.0,0.0,0.142857143,0.0,0.0,0
5797,6,1,36425042,1300860756,1300860761,-1,0.0,0.11,0.0,0.0,0.0,0.11,0.0,0.0,0
5797,7,1,36425042,1300860756,1300860762,-1,34.794,3.004545455,0.0,0.0,0.0,3.004545455,0.0,0.0,0
5797,8,1,36425042,1300860756,1300860763,-1,0.0,1.0,0.0,0.0,0.0,1.0,0.0,0.0,0
5797,9,1,36425042,1300860756,1300860764,-1,0.0,1.0,0.0,0.0,0.0,1.0,0.0,0.0,0
5797,10,1,36425042,1300860756,1300860765,-1,0.0,1.0,0.0,0.0,0.0,1.0,0.0,0.0,0
5797,11,1,36425042,1300860756,1300860766,-1,0.0,1.0,0.0,0.0,0.0,1.0,0.0,0.0,0
5797,12,1,36425042,1300860756,1300860767,-1,106.78,1.0,0.0,0.0,0.0,1.0,0.0,0.0,0
5797,13,1,36425042,1300860756,1300860768,-1,50.17,0.66,0.0,0.0,0.0,0.66,0.0,0.0,0
5797,14,1,36425042,1300860756,1300860769,-1,555.0,0.0,0.0,0.0,0.0,0.0,0.0,0.0,0
5797,15,1,36425042,1300860756,1300860770,-1,108.8,5.0,0.0,0.0,0.0,5.0,0.0,0.0,0
5797,16,1,36425042,1300860756,1300860771,-1,25.8117,0.0,0.0,0.0,0.0,0.0,0.0,0.0,0
5797,17,1,36425042,1300860756,1300860772,-1,1630.0,1.0,0.0,0.0,0.0,1.0,0.0,0.0,0
5797,18,1,36425042,1300860756,1300860776,-1,36.2015,1.0,0.0,0.0,0.0,1.0,0.0,0.0,0
5797,19,1,36425042,1300860756,1300860777,-1,8.0,7.0,0.0,0.0,0.0,7.0,0.0,0.0,0
5797,20,1,36425042,1300860756,1300860778,-1,5.15,12.0,0.0,0.0,0.0,12.0,0.0,0.0,0
5797,21,1,36425042,1300860756,1300860779,-1,2.336,0.0,0.0,0.0,0.0,0.0,0.0,0.0,0
5797,22,1,36425042,1300860756,1300860781,-1,3.91,11.0,0.0,0.0,0.0,11.0,0.0,0.0,0
5797,23,1,36425042,1300860756,1300860782,-1,3.91,9.0,0.0,0.0,0.0,9.0,0.0,0.0,0
5797,24,1,36425042,1300860756,1300860783,-1,0.0,2.0,0.0,0.0,0.0,2.0,0.0,0.0,0
5797,25,1,36425042,1300860756,1300860785,-1,0.0,3.0,0.0,0.0,0.0,3.0,0.0,0.0,0
5797,26,1,47656930,1308351747,1308351779,-1,1.48,35.0,0.0,0.0,0.0,1.0,0.0,0.0,
5797,27,1,47656930,1308351747,1308351791,-1,1.19,35.0,0.0,0.0,0.0,1.0,0.0,0.0,
5797,28,1,47656930,1308351747,1308351801,-1,3.73,35.0,0.0,0.0,0.0,1.0,0.0,0.0,
5797,29,1,47656930,1308351747,1308351779,37660698,1.47586206896552,35.0,0.0,0.0,0.0,1.0,0.0,0.0,
5797,30,1,47656930,1308351747,1308351791,37660698,1.18888888888889,35.0,0.0,0.0,0.0,1.0,0.0,0.0,
5797,31,1,47656930,1308351747,1308351801,37660698,3.73138686131387,35.0,0.0,0.0,0.0,1.0,0.0,0.0,
5797,32,1,47656930,1308351747,1308351779,41414878,1.47586206896552,35.0,0.0,0.0,0.0,1.0,0.0,0.0,
5797,33,1,47656930,1308351747,1308351791,41414878,1.18888888888889,35.0,0.0,0.0,0.0,1.0,0.0,0.0,
5797,34,1,47656930,1308351747,1308351801,41414878,3.73138686131387,35.0,0.0,0.0,0.0,1.0,0.0,0.0,
5797,35,1,36425042,1300860756,1300860786,-1,2.64,12.0,0.0,0.0,0.0,12.0,0.0,0.0,0
5797,36,1,36425042,1300860756,1300860787,-1,3.6,2.0,0.0,0.0,0.0,2.0,0.0,0.0,0
5797,37,1,36425042,1300860756,1300860788,-1,5.44,2.0,0.0,0.0,0.0,2.0,0.0,0.0,0
5797,38,1,36425042,1300860756,1300860822,-1,142.868,1.0,0.0,0.0,0.0,1.0,0.0,0.0,0
5797,40,1,47048524,1308356621,1308356653,-1,6.4,10.0,0.0,0.0,0.0,1.0,0.0,0.0,
5797,41,1,47048524,1308356621,1308356672,-1,17.02,10.0,0.0,0.0,0.0,1.0,0.0,0.0,
5797,42,1,47048524,1308356621,1308356693,-1,139.392004,10.0,0.0,0.0,0.0,1.0,0.0,0.0,
5797,43,1,47048524,1308356621,1308356769,-1,28.36,1.0,0.0,0.0,0.0,0.1,0.0,0.0,
5797,44,1,47048524,1308356621,1308356802,-1,36.18,2.3000000000000003,0.0,0.0,0.0,0.23,0.0,0.0,
5797,45,1,47048524,1308356621,1308356653,40407933,6.39613781916828,10.0,0.0,0.0,0.0,1.0,0.0,0.0,
5797,46,1,47048524,1308356621,1308356672,40407933,17.02,10.0,0.0,0.0,0.0,1.0,0.0,0.0,
5797,47,1,47048524,1308356621,1308356693,40407933,150.4815602,10.0,0.0,0.0,0.0,1.0,0.0,0.0,
5706,1,1,36425042,1300860756,1300860828,-1,9.29,1.0,0.0,0.0,0.0,1.0,0.0,0.0,0
5706,2,1,36425042,1300860756,1300860857,-1,3.4,1.0,0.0,0.0,0.0,1.0,0.0,0.0,0
5706,3,1,36425042,1300860756,1300860858,-1,4.83,0.2,0.0,0.0,0.0,0.2,0.0,0.0,0
5706,4,1,36425042,1300860756,1300860859,-1,6.36,0.05,0.0,0.0,0.0,0.05,0.0,0.0,0
5706,5,1,36425042,1300860756,1300860860,-1,4.9,0.030282353,0.0,0.0,0.0,0.030282353,0.0,0.0,0
5706,6,1,36425042,1300860756,1300860861,-1,99.66,1.0,0.0,0.0,0.0,1.0,0.0,0.0,0
5706,7,1,36425042,1300860756,1300860862,-1,0.0,0.0,0.0,0.0,0.0,0.0,0.0,0.0,0
5706,8,1,36425042,1300860756,1307151063,-1,100.0,0.0,0.0,0.0,0.0,9.0,0.0,0.0,
5706,9,1,36425042,1300860756,1307151093,-1,63.79,0.0,0.0,0.0,0.0,3.0,0.0,0.0,
5706,10,1,36425042,1300860756,1307151100,-1,33.33,0.0,0.0,0.0,0.0,3.0,0.0,0.0,
5706,11,1,36425042,1300860756,1307630841,-1,0.0,0.0,0.0,0.0,0.0,3.0,0.0,0.0,
5706,12,1,36425042,1300860756,1307630870,-1,0.0,0.0,0.0,0.0,0.0,3.0,0.0,0.0,
5706,13,1,36425042,1300860756,1307630889,-1,0.0,0.0,0.0,0.0,0.0,4.0,0.0,0.0,
5706,14,1,36425042,1300860756,1307630906,-1,0.0,0.0,0.0,0.0,0.0,2.0,0.0,0.0,
5706,15,1,36425042,1300860756,1307630925,-1,1.0,0.0,0.0,0.0,0.0,10.0,0.0,0.0,
5706,16,1,36425042,1300860756,1307630943,-1,0.0,0.0,0.0,0.0,0.0,2.0,0.0,0.0,
5706,17,1,36425042,1300860756,1307630951,-1,0.0,0.0,0.0,0.0,0.0,2.0,0.0,0.0,
5706,18,1,36425042,1300860756,1307631886,-1,393.71999999999997,0.0,0.0,0.0,0.0,6.0,0.0,0.0,
5706,19,1,36425042,1300860756,1307639604,-1,40.34,0.0,0.0,0.0,0.0,4.0,0.0,0.0,
5706,20,1,36425042,1300860756,1307658183,-1,77.18,0.0,0.0,0.0,0.0,2.0,0.0,0.0,
5706,21,1,36425042,1300860756,1307658191,-1,45.73,0.0,0.0,0.0,0.0,2.0,0.0,0.0,
5706,22,1,36425042,1300860756,1307658197,-1,41.57,0.0,0.0,0.0,0.0,2.0,0.0,0.0,
5706,23,1,36425042,1300860756,1311156258,-1,18.7,0.0,0.0,0.0,0.0,80.0,0.0,0.0,
5706,24,1,36425042,1300860756,1300860757,44872595,0.0,0.0,0.0,0.0,0.0,2.2,0.0,0.0,0
5706,25,1,36425042,1300860756,1300860758,44872595,83.98,0.0,0.0,0.0,0.0,2.0,0.0,0.0,0
5706,26,1,36425042,1300860756,1300860759,44872595,167.62,0.0,0.0,0.0,0.0,1.714285714,0.0,0.0,0
5706,27,1,36425042,1300860756,1300860760,44872595,644.25,0.0,0.0,0.0,0.0,0.142857143,0.0,0.0,0
5706,28,1,36425042,1300860756,1300860761,44872595,0.0,0.0,0.0,0.0,0.0,0.11,0.0,0.0,0
5706,29,1,36425042,1300860756,1300860762,44872595,34.794,0.0,0.0,0.0,0.0,3.004545455,0.0,0.0,0
5706,30,1,36425042,1300860756,1300860763,44872595,0.0,0.0,0.0,0.0,0.0,1.0,0.0,0.0,0
5706,31,1,36425042,1300860756,1300860764,44872595,0.0,0.0,0.0,0.0,0.0,1.0,0.0,0.0,0
5706,32,1,36425042,1300860756,1300860765,44872595,0.0,0.0,0.0,0.0,0.0,1.0,0.0,0.0,0
5706,33,1,36425042,1300860756,1300860766,44872595,0.0,0.0,0.0,0.0,0.0,1.0,0.0,0.0,0
5706,34,1,36425042,1300860756,1300860767,44872595,106.78,0.0,0.0,0.0,0.0,1.0,0.0,0.0,0
5706,35,1,36425042,1300860756,1300860768,44872595,50.17,0.0,0.0,0.0,0.0,0.66,0.0,0.0,0
5706,36,1,36425042,1300860756,1300860769,44872595,555.0,0.0,0.0,0.0,0.0,0.0,0.0,0.0,0
5706,37,1,47048524,1308356621,1308356769,40407933,28.36,1.0,0.0,0.0,0.0,0.1,0.0,0.0,
5706,38,1,47048524,1308356621,1308356802,40407933,36.18,2.3000000000000003,0.0,0.0,0.0,0.23,0.0,0.0,
5706,39,1,47048524,1308356621,1308356653,48865886,6.39613781916828,10.0,0.0,0.0,0.0,1.0,0.0,0.0,
5706,40,1,47048524,1308356621,1308356672,48865886,17.02,10.0,0.0,0.0,0.0,1.0,0.0,0.0,
5706,41,1,47048524,1308356621,1308356693,48865886,150.4815602,10.0,0.0,0.0,0.0,1.0,0.0,0.0,
5706,42,1,47048524,1308356621,1308356769,48865886,28.36,1.0,0.0,0.0,0.0,0.1,0.0,0.0,
5706,43,1,47048524,1308356621,1308356802,48865886,36.18,2.3000000000000003,0.0,0.0,0.0,0.23,0.0,0.0,
5706,44,1,36425042,1300860756,1300860770,44872595,108.8,0.0,0.0,0.0,0.0,5.0,0.0,0.0,0
5706,45,1,36425042,1300860756,1300860771,44872595,25.8117,0.0,0.0,0.0,0.0,0.0,0.0,0.0,0
5706,46,1,36425042,1300860756,1300860772,44872595,1630.0,0.0,0.0,0.0,0.0,1.0,0.0,0.0,0
5706,47,1,36425042,1300860756,1300860776,44872595,36.2015,0.0,0.0,0.0,0.0,1.0,0.0,0.0,0
5706,48,1,36425042,1300860756,1300860777,44872595,8.0,0.0,0.0,0.0,0.0,7.0,0.0,0.0,0
5706,49,1,36425042,1300860756,1300860778,44872595,5.15,0.0,0.0,0.0,0.0,12.0,0.0,0.0,0
5536,1,1,36425042,1300860756,1300860779,44872595,2.336,0.0,0.0,0.0,0.0,0.0,0.0,0.0,0
5536,2,1,36425042,1300860756,1300860781,44872595,3.9119999999999995,11.0,0.0,0.0,0.0,11.0,0.0,0.0,0
5536,3,1,36425042,1300860756,1300860782,44872595,3.91,0.0,0.0,0.0,0.0,9.0,0.0,0.0,0
5536,4,1,36425042,1300860756,1300860783,44872595,0.0,2.0,0.0,0.0,0.0,2.0,0.0,0.0,0
5536,5,1,36425042,1300860756,1300860785,44872595,0.0,0.0,0.0,0.0,0.0,3.0,0.0,0.0,0
5536,6,1,36425042,1300860756,1300860786,44872595,2.64,0.0,0.0,0.0,0.0,12.0,0.0,0.0,0
5536,7,1,36425042,1300860756,1300860787,44872595,3.6,0.0,0.0,0.0,0.0,2.0,0.0,0.0,0
5536,8,1,36425042,1300860756,1300860788,44872595,5.44,0.0,0.0,0.0,0.0,2.0,0.0,0.0,0
5536,9,1,36425042,1300860756,1300860822,44872595,142.868,0.0,0.0,0.0,0.0,1.0,0.0,0.0,0
5536,10,1,36425042,1300860756,1300860828,44872595,9.29,0.0,0.0,0.0,0.0,1.0,0.0,0.0,0
5536,11,1,36425042,1300860756,1300860857,44872595,3.4,0.0,0.0,0.0,0.0,1.0,0.0,0.0,0
5536,12,1,36425042,1300860756,1300860858,44872595,4.83,0.0,0.0,0.0,0.0,0.2,0.0,0.0,0
5536,13,1,36425042,1300860756,1300860859,44872595,6.36,0.0,0.0,0.0,0.0,0.05,0.0,0.0,0
5536,14,1,36425042,1300860756,1300860860,44872595,4.9,0.0,0.0,0.0,0.0,0.030282353,0.0,0.0,0
5536,15,1,36425042,1300860756,1300860861,44872595,99.66,0.0,0.0,0.0,0.0,1.0,0.0,0.0,0
5536,16,1,36425042,1300860756,1300860862,44872595,0.0,0.0,0.0,0.0,0.0,0.0,0.0,0.0,0
5536,17,1,36425042,1300860756,1307151063,44872595,100.0,9.0,0.0,0.0,0.0,9.0,0.0,0.0,
5536,18,1,36425042,1300860756,1307151093,44872595,63.79,3.0,0.0,0.0,0.0,3.0,0.0,0.0,
5536,19,1,36425042,1300860756,1307151100,44872595,33.33,3.0,0.0,0.0,0.0,3.0,0.0,0.0,
5536,20,1,36425042,1300860756,1307630841,44872595,0.0,3.0,0.0,0.0,0.0,3.0,0.0,0.0,
5536,21,1,36425042,1300860756,1307630870,44872595,0.0,3.0,0.0,0.0,0.0,3.0,0.0,0.0,
5536,22,1,36425042,1300860756,1307630889,44872595,0.0,4.0,0.0,0.0,0.0,4.0,0.0,0.0,
5536,23,1,36425042,1300860756,1307630906,44872595,0.0,2.0,0.0,0.0,0.0,2.0,0.0,0.0,
5536,24,1,36425042,1300860756,1307630925,44872595,1.0,10.0,0.0,0.0,0.0,10.0,0.0,0.0,
5536,25,1,36425042,1300860756,1307630943,44872595,0.0,2.0,0.0,0.0,0.0,2.0,0.0,0.0,
5536,26,1,36425042,1300860756,1307630951,44872595,0.0,2.0,0.0,0.0,0.0,2.0,0.0,0.0,
5536,27,1,36425042,1300860756,1307631886,44872595,393.71999999999997,7.0,0.0,0.0,0.0,6.0,0.0,0.0,
5536,28,1,36425042,1300860756,1307639604,44872595,40.34,4.0,0.0,0.0,0.0,4.0,0.0,0.0,
5536,29,1,36425042,1300860756,1307658183,44872595,77.18,2.0,0.0,0.0,0.0,2.0,0.0,0.0,
5536,30,1,36425042,1300860756,1307658191,44872595,45.73,2.0,0.0,0.0,0.0,2.0,0.0,0.0,
5536,31,1,36425042,1300860756,1307658197,44872595,41.57,2.0,0.0,0.0,0.0,2.0,0.0,0.0,
5536,32,1,36425042,1300860756,1311156258,44872595,18.7,80.0,0.0,0.0,0.0,80.0,0.0,0.0,
5536,33,1,43656528,1310539391,1310539433,-1,0.51,0.21999999999999997,0.0,0.0,0.0,0.06666666666666667,0.0,0.0,
5536,34,1,43656528,1310539391,1310634354,-1,18.5,2.5300000000000002,0.0,0.0,0.0,0.7666666666666667,0.0,0.0,
5536,35,1,43656528,1310539391,1310634540,-1,14.5,1.1,0.0,0.0,0.0,0.33333333333333337,0.0,0.0,
5536,36,1,43656528,1310539391,1310743706,-1,4.88,3.3,0.0,0.0,0.0,1.0,0.0,0.0,
5536,37,1,36444547,1308344782,1308344841,47051795,11.88,1.5408320493066254,0.0,0.0,0.0,0.15408320493066255,0.0,0.0,
5536,38,1,39314364,1308356621,1308356653,48143827,6.39613781916828,10.0,0.0,0.0,0.0,1.0,0.0,0.0,
5536,39,1,39314364,1308356621,1308356672,48143827,17.02,10.0,0.0,0.0,0.0,1.0,0.0,0.0,
5536,40,1,39314364,1308356621,1308356693,48143827,135.4607858,10.0,0.0,0.0,0.0,1.0,0.0,0.0,
5536,41,1,39314364,1308356621,1308356769,48143827,28.36,1.0,0.0,0.0,0.0,0.1,0.0,0.0,
5536,42,1,39314364,1308356621,1308356802,48143827,36.18,2.3,0.0,0.0,0.0,0.23000000000000004,0.0,0.0,
5536,43,1,46263368,1308344164,1308344271,36268270,25.635,0.18518518518518517,0.0,0.0,0.0,0.018518518518518517,0.0,0.0,
5536,44,1,39314364,1308356621,1308356769,45253756,28.36,1.0,0.0,0.0,0.0,0.1,0.0,0.0,
5536,45,1,46947183,1308348189,1308348266,49595758,25.635,0.22988505747126436,0.0,0.0,0.0,0.022988505747126436,0.0,0.0,
5536,46,1,39314364,1308356621,1308356802,45253756,36.18,2.3,0.0,0.0,0.0,0.23000000000000004,0.0,0.0,
5536,48,1,49932569,1308351747,1308351779,-2,0.76,1.0,0.0,0.0,0.0,1.0,0.0,0.0,
5799,1,1,49932569,1308351747,1308351791,-2,0.6,1.0,0.0,0.0,0.0,1.0,0.0,0.0,
5799,2,1,49932569,1308351747,1308351801,-2,1.91,1.0,0.0,0.0,0.0,1.0,0.0,0.0,
5799,3,1,39297021,1300860839,1300860843,-1,3.15594,6.0,0.0,0.0,0.0,6.0,0.0,0.0,0
5799,4,1,39297021,1300860839,1300860844,-1,3.81654,26.79798,0.0,0.0,0.0,26.79798,0.0,0.0,0
5799,5,1,39297021,1300860839,1300860845,-1,4.84848,42.1344,0.0,0.0,0.0,42.1344,0.0,0.0,0
5799,6,1,39297021,1300860839,1300860846,-1,5.22249,1.386,0.0,0.0,0.0,1.386,0.0,0.0,0
5799,7,1,39297021,1300860839,1300860847,-1,10.13922,2.86,0.0,0.0,0.0,2.86,0.0,0.0,0
5799,8,1,39297021,1300860839,1300860848,-1,0.0,11.759,0.0,0.0,0.0,11.759,0.0,0.0,0
5799,9,1,39297021,1300860839,1300860849,-1,0.0,6.319968,0.0,0.0,0.0,6.319968,0.0,0.0,0
5799,10,1,39297021,1300860839,1300860850,-1,36.0315,1.0,0.0,0.0,0.0,1.0,0.0,0.0,0
5799,11,1,39297021,1300860839,1300860851,-1,75.3525,0.22,0.0,0.0,0.0,0.22,0.0,0.0,0
5799,12,1,39297021,1300860839,1300860852,-1,167.62,0.5,0.0,0.0,0.0,0.5,0.0,0.0,0
5799,13,1,39297021,1300860839,1300860853,-1,644.25,46.87516,0.0,0.0,0.0,46.87516,0.0,0.0,0
5799,14,1,39297021,1300860839,1300860854,-1,1073.75,2.0,0.0,0.0,0.0,2.0,0.0,0.0,0
5799,15,1,39297021,1300860839,1300860855,-1,4050.0,2.0,0.0,0.0,0.0,2.0,0.0,0.0,0
5799,16,1,39297021,1300860839,1300860856,-1,0.0,0.8184,0.0,0.0,0.0,0.8184,0.0,0.0,0
5799,17,1,39297021,1300860839,1300860857,-1,0.0,1.6346,0.0,0.0,0.0,1.6346,0.0,0.0,0
5799,18,1,39297021,1300860839,1300860858,-1,6.2628,1.0,0.0,0.0,0.0,1.0,0.0,0.0,0
5799,19,1,39297021,1300860839,1300860859,-1,0.0,0.495,0.0,0.0,0.0,0.495,0.0,0.0,0
5799,20,1,39297021,1300860839,1300860860,-1,9.88,9.35,0.0,0.0,0.0,9.35,0.0,0.0,0
5799,21,1,39297021,1300860839,1300860861,-1,11.19,0.5148,0.0,0.0,0.0,0.5148,0.0,0.0,0
5799,22,1,39297021,1300860839,1300860862,-1,22.58,29.9976,0.0,0.0,0.0,29.9976,0.0,0.0,0
5799,23,1,39297021,1300860839,1300860873,-1,0.0,8.0,0.0,0.0,0.0,8.0,0.0,0.0,0
5799,24,1,39297021,1300860839,1300860874,-1,0.0,9.0,0.0,0.0,0.0,9.0,0.0,0.0,0
5799,25,1,39297021,1300860839,1300860875,-1,12.68,16.0,0.0,0.0,0.0,16.0,0.0,0.0,0
5799,26,1,39297021,1300860839,1300860876,-1,0.0,4.0,0.0,0.0,0.0,4.0,0.0,0.0,0
5799,27,1,39297021,1300860839,1300860877,-1,1.0,2.0,0.0,0.0,0.0,2.0,0.0,0.0,0
5799,28,1,39297021,1300860839,1300860878,-1,0.0,4.0,0.0,0.0,0.0,4.0,0.0,0.0,0
5799,29,1,39297021,1300860839,1300860879,-1,5.41,4.0,0.0,0.0,0.0,4.0,0.0,0.0,0
5799,30,1,39297021,1300860839,1300860862,36945574,22.58,21.0,0.0,0.0,0.0,29.9976,0.0,0.0,0
5799,31,1,39297021,1300860839,1300860873,36945574,11.196,8.0,0.0,0.0,0.0,8.0,0.0,0.0,0
5799,32,1,39297021,1300860839,1300860874,36945574,0.0,0.0,0.0,0.0,0.0,9.0,0.0,0.0,0
5799,33,1,39297021,1300860839,1300860875,36945574,12.68,0.0,0.0,0.0,0.0,16.0,0.0,0.0,0
5799,34,1,39297021,1300860839,1300860876,36945574,21.65,2.0,0.0,0.0,0.0,4.0,0.0,0.0,0
5799,35,1,39297021,1300860839,1300860877,36945574,1.0,0.0,0.0,0.0,0.0,2.0,0.0,0.0,0
5799,36,1,39297021,1300860839,1300860878,36945574,0.0,0.0,0.0,0.0,0.0,4.0,0.0,0.0,0
5799,37,1,39297021,1300860839,1300860879,36945574,5.41,0.0,0.0,0.0,0.0,4.0,0.0,0.0,0
5799,38,1,39297021,1300860839,1300860880,36945574,0.0,0.0,0.0,0.0,0.0,4.0,0.0,0.0,0
5799,39,1,39297021,1300860839,1300860881,36945574,130.0,0.0,0.0,0.0,0.0,4.0,0.0,0.0,0
5799,40,1,39297021,1300860839,1300860882,36945574,37.8,5.0,0.0,0.0,0.0,8.0,0.0,0.0,0
5799,41,1,39297021,1300860839,1300860883,36945574,15.619999999999997,6.0,0.0,0.0,0.0,8.0,0.0,0.0,0
5799,42,1,39297021,1300860839,1300860884,36945574,13.34,0.0,0.0,0.0,0.0,55.0,0.0,0.0,0
5799,43,1,39297021,1300860839,1300860885,36945574,21.5437,22.0,0.0,0.0,0.0,61.0,0.0,0.0,0
5799,44,1,39297021,1300860839,1300860886,36945574,20.7466,2.0,0.0,0.0,0.0,10.0,0.0,0.0,0
5799,45,1,39297021,1300860839,1300860887,36945574,33.5748,0.0,0.0,0.0,0.0,2.0,0.0,0.0,0
5799,46,1,39297021,1300860839,1300860888,36945574,63.48,0.0,0.0,0.0,0.0,2.0,0.0,0.0,0
7388,1,1,1300860652,1300860652,1300860653,-2,0.0,2.2,0.0,0.0,0.0,2.2,0.0,0.0,0
7388,2,1,1300860652,1300860652,1300860654,-2,0.0,2.0,0.0,0.0,0.0,2.0,0.0,0.0,0
7388,3,1,47122425,1321638418,1321638465,36860047,76.02,30.0,0.0,0.0,0.0,1.0,0.0,0.0,
7388,4,1,47122425,1321638418,1321638476,36860047,1.0,120.0,0.0,0.0,0.0,4.0,0.0,0.0,
7388,5,1,47122425,1321638418,1321638465,45905695,76.02,30.0,0.0,0.0,0.0,1.0,0.0,0.0,
7388,6,1,47122425,1321638418,1321638476,45905695,1.0,120.0,0.0,0.0,0.0,4.0,0.0,0.0,
7388,7,1,46928733,1312038500,1312038593,-1,20.19,0.0,0.0,0.0,0.0,1.0,0.0,0.0,0
7388,8,1,47122425,1321638418,1321638465,-1,76.02,30.0,0.0,0.0,0.0,1.0,0.0,0.0,
7388,9,1,47122425,1321638418,1321638476,-1,1.0,120.0,0.0,0.0,0.0,4.0,0.0,0.0,
7388,10,1,46928733,1312038500,1312038665,-1,6.44,0.0,0.0,0.0,0.0,0.062,0.0,0.0,0
7388,11,1,46928733,1312038500,1312038711,-1,5.4,0.0,0.0,0.0,0.0,1.0,0.0,0.0,0
7388,16,1,35253452,1312063269,1312063346,-1,26.31,2.0,0.0,0.0,0.0,2.0,0.0,0.0,0
7388,17,1,35253452,1312063269,1312063363,-1,9.21,1.0,0.0,0.0,0.0,1.0,0.0,0.0,0
7388,18,1,35253452,1312063269,1312063383,-1,86.76,1.0,0.0,0.0,0.0,1.0,0.0,0.0,0
7388,32,1,39297021,1300860839,1300860840,46494003,0.0,0.0,0.0,0.0,0.0,1.595,0.0,0.0,0
7388,33,1,39297021,1300860839,1300860841,46494003,2.26368,7.0,0.0,0.0,0.0,31.372,0.0,0.0,0
7388,34,1,39297021,1300860839,1300860842,46494003,0.0,0.07,0.0,0.0,0.0,0.066,0.0,0.0,0
7388,35,1,39297021,1300860839,1300860843,46494003,3.1559399999999997,6.0,0.0,0.0,0.0,6.0,0.0,0.0,0
7388,36,1,39297021,1300860839,1300860844,46494003,3.8165400000000003,36.0,0.0,0.0,0.0,26.79798,0.0,0.0,0
7388,37,1,39297021,1300860839,1300860845,46494003,4.84848,56.5,0.0,0.0,0.0,42.1344,0.0,0.0,0
7388,38,1,39297021,1300860839,1300860846,46494003,5.22249,1.5,0.0,0.0,0.0,1.386,0.0,0.0,0
7388,39,1,39297021,1300860839,1300860847,46494003,11.5,2.6,0.0,0.0,0.0,2.86,0.0,0.0,0
7388,40,1,39297021,1300860839,1300860848,46494003,0.0,0.0,0.0,0.0,0.0,11.759,0.0,0.0,0
7388,41,1,39297021,1300860839,1300860849,46494003,0.0,0.0,0.0,0.0,0.0,6.319968,0.0,0.0,0
7388,42,1,39297021,1300860839,1300860850,46494003,36.0315,0.0,0.0,0.0,0.0,1.0,0.0,0.0,0
7388,43,1,39297021,1300860839,1300860851,46494003,75.3525,0.0,0.0,0.0,0.0,0.22,0.0,0.0,0
7388,44,1,39297021,1300860839,1300860852,46494003,167.62,0.0,0.0,0.0,0.0,0.5,0.0,0.0,0
7388,45,1,39297021,1300860839,1300860853,46494003,644.25,0.0,0.0,0.0,0.0,46.87516,0.0,0.0,0
7388,46,1,39297021,1300860839,1300860854,46494003,1073.75,0.0,0.0,0.0,0.0,2.0,0.0,0.0,0
7388,47,1,39297021,1300860839,1300860855,46494003,4050.0,0.0,0.0,0.0,0.0,2.0,0.0,0.0,0
7388,48,1,39297021,1300860839,1300860856,46494003,0.0,0.0,0.0,0.0,0.0,0.8184,0.0,0.0,0
7388,49,1,39297021,1300860839,1300860857,46494003,0.0,0.0,0.0,0.0,0.0,1.6346,0.0,0.0,0
7388,50,1,39297021,1300860839,1300860858,46494003,6.2628,0.0,0.0,0.0,0.0,1.0,0.0,0.0,0
7388,51,1,39297021,1300860839,1300860859,46494003,0.0,0.0,0.0,0.0,0.0,0.495,0.0,0.0,0
7388,52,1,39297021,1300860839,1300860860,46494003,9.88,0.0,0.0,0.0,0.0,9.35,0.0,0.0,0
7388,53,1,39297021,1300860839,1300860861,46494003,11.19,1.75,0.0,0.0,0.0,0.5148,0.0,0.0,0
7388,54,1,39297021,1300860839,1300860862,46494003,22.58,21.0,0.0,0.0,0.0,29.9976,0.0,0.0,0
7388,55,1,39297021,1300860839,1300860873,46494003,11.196,8.0,0.0,0.0,0.0,8.0,0.0,0.0,0
7388,56,1,39297021,1300860839,1300860874,46494003,0.0,0.0,0.0,0.0,0.0,9.0,0.0,0.0,0
7388,57,1,39297021,1300860839,1300860875,46494003,12.68,0.0,0.0,0.0,0.0,16.0,0.0,0.0,0
7388,58,1,39297021,1300860839,1300860876,46494003,21.65,2.0,0.0,0.0,0.0,4.0,0.0,0.0,0
7388,59,1,39297021,1300860839,1300860877,46494003,1.0,0.0,0.0,0.0,0.0,2.0,0.0,0.0,0
7388,60,1,39297021,1300860839,1300860878,46494003,0.0,0.0,0.0,0.0,0.0,4.0,0.0,0.0,0
7388,61,1,39297021,1300860839,1300860879,46494003,5.41,0.0,0.0,0.0,0.0,4.0,0.0,0.0,0
7388,62,1,39297021,1300860839,1300860880,46494003,0.0,0.0,0.0,0.0,0.0,4.0,0.0,0.0,0
7658,0,1,39297021,1300860839,1300860881,46494003,130.0,0.0,0.0,0.0,0.0,4.0,0.0,0.0,0
7658,1,1,39297021,1300860839,1300860882,46494003,37.8,5.0,0.0,0.0,0.0,8.0,0.0,0.0,0
7658,2,1,39297021,1300860839,1300860883,46494003,15.619999999999997,6.0,0.0,0.0,0.0,8.0,0.0,0.0,0
7658,3,1,39297021,1300860839,1300860884,46494003,11.1132,0.0,0.0,0.0,0.0,55.0,0.0,0.0,0
7658,4,1,39297021,1300860839,1300860885,46494003,21.5437,22.0,0.0,0.0,0.0,61.0,0.0,0.0,0
7658,5,1,39297021,1300860839,1300860886,46494003,20.7466,2.0,0.0,0.0,0.0,10.0,0.0,0.0,0
7658,6,1,39297021,1300860839,1300860887,46494003,33.5748,0.0,0.0,0.0,0.0,2.0,0.0,0.0,0
7658,7,1,39297021,1300860839,1300860888,46494003,63.48,0.0,0.0,0.0,0.0,2.0,0.0,0.0,0
7658,8,1,39297021,1300860839,1300860889,46494003,57.722,0.0,0.0,0.0,0.0,2.0,0.0,0.0,0
7658,9,1,39297021,1300860839,1300860890,46494003,1.8,0.0,0.0,0.0,0.0,27.0,0.0,0.0,0
7658,10,1,39297021,1300860839,1300860891,46494003,2.13,0.0,0.0,0.0,0.0,46.0,0.0,0.0,0
7658,11,1,39297021,1300860839,1300860892,46494003,5.32,0.0,0.0,0.0,0.0,12.0,0.0,0.0,0
7658,12,1,39297021,1300860839,1300860893,46494003,692.79,2.0,0.0,0.0,0.0,2.0,0.0,0.0,0
7658,13,1,39297021,1300860839,1300860894,46494003,0.0,0.0,0.0,0.0,0.0,3.0,0.0,0.0,0
7658,14,1,39297021,1300860839,1300860895,46494003,215.0515,0.0,0.0,0.0,0.0,8.0,0.0,0.0,0
7658,15,1,39297021,1300860839,1300860896,46494003,0.0,0.0,0.0,0.0,0.0,2.0,0.0,0.0,0
7658,16,1,39297021,1300860839,1300860897,46494003,857.9565,0.0,0.0,0.0,0.0,2.0,0.0,0.0,0
7658,17,1,39297021,1300860839,1300860898,46494003,20.4725,0.0,0.0,0.0,0.0,2.0,0.0,0.0,0
7658,18,1,39297021,1300860839,1300860899,46494003,20.4725,0.0,0.0,0.0,0.0,2.0,0.0,0.0,0
7658,19,1,39297021,1300860839,1300860900,46494003,390.7215,10.0,0.0,0.0,0.0,5.0,0.0,0.0,0
7658,20,1,39297021,1300860839,1300860901,46494003,1051.8885,0.0,0.0,0.0,0.0,2.0,0.0,0.0,0
7658,21,1,39297021,1300860839,1300860903,46494003,402.819,0.0,0.0,0.0,0.0,2.0,0.0,0.0,0
7658,22,1,39297021,1300860839,1300860910,46494003,5.81,8.0,0.0,0.0,0.0,2.0,0.0,0.0,0
7658,23,1,39297021,1300860839,1300860911,46494003,5.44,4.0,0.0,0.0,0.0,4.0,0.0,0.0,0
7658,24,1,39297021,1300860839,1300860912,46494003,8.16,0.0,0.0,0.0,0.0,2.0,0.0,0.0,0
7658,25,1,39297021,1300860839,1300860916,46494003,17.83,0.0,0.0,0.0,0.0,2.0,0.0,0.0,0
7658,26,1,39297021,1300860839,1300860917,46494003,5.15,0.0,0.0,0.0,0.0,4.0,0.0,0.0,0
7658,27,1,39297021,1300860839,1300860920,46494003,0.0,0.0,0.0,0.0,0.0,3.0,0.0,0.0,0
7658,28,1,39297021,1300860839,1300860921,46494003,0.6,0.0,0.0,0.0,0.0,2.0,0.0,0.0,0
7658,29,1,39297021,1300860839,1300860922,46494003,0.0,0.0,0.0,0.0,0.0,2.0,0.0,0.0,0
7658,30,1,39297021,1300860839,1300860923,46494003,0.0,0.0,0.0,0.0,0.0,3.0,0.0,0.0,0
7658,31,1,39297021,1300860839,1300860924,46494003,0.0,0.0,0.0,0.0,0.0,3.0,0.0,0.0,0
7658,32,1,39297021,1300860839,1300860925,46494003,10.2,0.0,0.0,0.0,0.0,1.0,0.0,0.0,0
7658,33,1,39297021,1300860839,1300860926,46494003,0.23,0.0,0.0,0.0,0.0,1.0,0.0,0.0,0
7658,34,1,39297021,1300860839,1300860927,46494003,0.0,0.0,0.0,0.0,0.0,2.0,0.0,0.0,0
7658,35,1,39297021,1300860839,1300860928,46494003,9.27,0.0,0.0,0.0,0.0,140.0,0.0,0.0,0
7658,36,1,39297021,1300860839,1300860929,46494003,0.0,0.0,0.0,0.0,0.0,8.0,0.0,0.0,0
7658,37,1,39297021,1300860839,1300860930,46494003,0.0,0.0,0.0,0.0,0.0,16.0,0.0,0.0,0
7658,38,1,39297021,1300860839,1300860931,46494003,8.86,0.0,0.0,0.0,0.0,14.0,0.0,0.0,0
7658,39,1,39297021,1300860839,1300860932,46494003,0.0,10.0,0.0,0.0,0.0,48.0,0.0,0.0,0
7658,40,1,39297021,1300860839,1300860933,46494003,0.0,8.0,0.0,0.0,0.0,28.0,0.0,0.0,0
7658,41,1,39297021,1300860839,1300860934,46494003,0.0,50.0,0.0,0.0,0.0,152.0,0.0,0.0,0
7658,42,1,39297021,1300860839,1300860935,46494003,25.969999999999995,88.0,0.0,0.0,0.0,4.0,0.0,0.0,0
7658,43,1,39297021,1300860839,1300860936,46494003,0.0,0.0,0.0,0.0,0.0,11.0,0.0,0.0,0
7658,44,1,39297021,1300860839,1300860938,46494003,0.0,10.0,0.0,0.0,0.0,8.0,0.0,0.0,0
7658,45,1,39297021,1300860839,1300860939,46494003,0.0,82.0,0.0,0.0,0.0,112.0,0.0,0.0,0
7658,46,1,39297021,1300860839,1300860940,46494003,0.0,16.0,0.0,0.0,0.0,48.0,0.0,0.0,0
7658,47,1,39297021,1300860839,1300860944,46494003,5.18,0.0,0.0,0.0,0.0,30.0,0.0,0.0,0
7661,0,1,39297021,1300860839,1300860945,46494003,1.63,0.0,0.0,0.0,0.0,71.0,0.0,0.0,0
7661,1,1,39297021,1300860839,1300860946,46494003,0.0,0.0,0.0,0.0,0.0,2.0,0.0,0.0,0
7661,2,1,39297021,1300860839,1300860947,46494003,0.0,0.0,0.0,0.0,0.0,22.0,0.0,0.0,0
7661,3,1,39297021,1300860839,1300860948,46494003,5.28,58.0,0.0,0.0,0.0,219.0,0.0,0.0,0
7661,4,1,39297021,1300860839,1300860949,46494003,11.95,0.0,0.0,0.0,0.0,223.0,0.0,0.0,0
7661,5,1,39297021,1300860839,1300860950,46494003,73.94,0.0,0.0,0.0,0.0,5.0,0.0,0.0,0
7661,6,1,39297021,1300860839,1300860951,46494003,0.54,0.0,0.0,0.0,0.0,12.0,0.0,0.0,0
7661,7,1,39297021,1300860839,1300860952,46494003,0.86,0.0,0.0,0.0,0.0,69.0,0.0,0.0,0
7661,8,1,39297021,1300860839,1300860953,46494003,0.0,0.0,0.0,0.0,0.0,20.0,0.0,0.0,0
7661,9,1,39297021,1300860839,1300860954,46494003,2.92,58.0,0.0,0.0,0.0,171.0,0.0,0.0,0
7661,10,1,39297021,1300860839,1300860955,46494003,5.13,0.0,0.0,0.0,0.0,228.0,0.0,0.0,0
7661,11,1,39297021,1300860839,1300860956,46494003,1.09,0.0,0.0,0.0,0.0,64.0,0.0,0.0,0
7661,12,1,39297021,1300860839,1300860957,46494003,2.67,44.0,0.0,0.0,0.0,124.0,0.0,0.0,0
7661,13,1,39297021,1300860839,1300860958,46494003,5.22,0.0,0.0,0.0,0.0,208.0,0.0,0.0,0
7661,14,1,39297021,1300860839,1300860959,46494003,1612.88,0.0,0.0,0.0,0.0,3.75,0.0,0.0,0
7661,15,1,39297021,1300860839,1300860960,46494003,187.43999999999997,3.0,0.0,0.0,0.0,0.5575,0.0,0.0,0
7661,16,1,39297021,1300860839,1300860961,46494003,0.0,0.0,0.0,0.0,0.0,13.0,0.0,0.0,0
7661,17,1,39297021,1300860839,1300860962,46494003,0.0,0.0,0.0,0.0,0.0,17.0,0.0,0.0,0
7661,18,1,39297021,1300860839,1300860963,46494003,0.0,0.0,0.0,0.0,0.0,11.0,0.0,0.0,0
7661,19,1,39297021,1300860839,1300860964,46494003,0.0,0.0,0.0,0.0,0.0,1.0,0.0,0.0,0
7661,20,1,39297021,1300860839,1300860965,46494003,10.22,0.0,0.0,0.0,0.0,10.0,0.0,0.0,0
7661,21,1,39297021,1300860839,1300860966,46494003,1.35,0.0,0.0,0.0,0.0,4.0,0.0,0.0,0
7661,22,1,39297021,1300860839,1300860967,46494003,0.0,0.0,0.0,0.0,0.0,1.0,0.0,0.0,0
7661,23,1,39297021,1300860839,1300860968,46494003,0.0,0.0,0.0,0.0,0.0,6.0,0.0,0.0,0
7661,24,1,39297021,1300860839,1300860969,46494003,0.0,0.0,0.0,0.0,0.0,4.0,0.0,0.0,0
7661,25,1,39297021,1300860839,1300860970,46494003,0.0,0.0,0.0,0.0,0.0,4.0,0.0,0.0,0
7661,26,1,39297021,1300860839,1300860971,46494003,0.0,0.0,0.0,0.0,0.0,0.0,0.0,0.0,0
7661,27,1,39297021,1300860839,1300860972,46494003,53787.25,0.0,0.0,0.0,0.0,2.0,0.0,0.0,0
7661,28,1,39297021,1300860839,1300860973,46494003,4850.0,0.0,0.0,0.0,0.0,2.0,0.0,0.0,0
7661,29,1,39297021,1300860839,1300860974,46494003,3233.29,0.0,0.0,0.0,0.0,1.0,0.0,0.0,0
7661,30,1,39297021,1300860839,1300860975,46494003,3569.44,0.0,0.0,0.0,0.0,1.0,0.0,0.0,0
7661,31,1,39297021,1300860839,1300860976,46494003,510.0,0.0,0.0,0.0,0.0,4.0,0.0,0.0,0
7661,32,1,39297021,1300860839,1300860978,46494003,312.62,0.0,0.0,0.0,0.0,2.0,0.0,0.0,0
7661,33,1,39297021,1300860839,1300860980,46494003,169.49000000000004,15.0,0.0,0.0,0.0,14.0,0.0,0.0,0
7661,34,1,39297021,1300860839,1300860981,46494003,131.325,0.0,0.0,0.0,0.0,2.0,0.0,0.0,0
7661,35,1,39297021,1300860839,1300860982,46494003,374.85,1.0,0.0,0.0,0.0,2.0,0.0,0.0,0
7661,36,1,39297021,1300860839,1300860983,46494003,328.1,0.0,0.0,0.0,0.0,2.0,0.0,0.0,0
7661,37,1,39297021,1300860839,1300860984,46494003,620.0,0.0,0.0,0.0,0.0,2.0,0.0,0.0,0
7661,38,1,39297021,1300860839,1300860985,46494003,306.0,0.0,0.0,0.0,0.0,1.0,0.0,0.0,0
7661,39,1,39297021,1300860839,1300860986,46494003,340.0,0.0,0.0,0.0,0.0,4.0,0.0,0.0,0
7661,40,1,39297021,1300860839,1300860987,46494003,0.0,0.0,0.0,0.0,0.0,1.0,0.0,0.0,0
7661,41,1,39297021,1300860839,1300860988,46494003,0.0,0.0,0.0,0.0,0.0,2.0,0.0,0.0,0
7661,42,1,39297021,1300860839,1300860989,46494003,0.0,0.0,0.0,0.0,0.0,2.0,0.0,0.0,0
7661,43,1,39297021,1300860839,1300860990,46494003,180.0,0.0,0.0,0.0,0.0,4.0,0.0,0.0,0
7661,44,1,39297021,1300860839,1300860991,46494003,238.5,0.0,0.0,0.0,0.0,1.0,0.0,0.0,0
7661,45,1,39297021,1300860839,1300860992,46494003,21.917,0.0,0.0,0.0,0.0,3.0,0.0,0.0,0
7661,46,1,39297021,1300860839,1300860993,46494003,3.4748,0.0,0.0,0.0,0.0,3.0,0.0,0.0,0
7661,47,1,39297021,1300860839,1300860994,46494003,7.854,0.0,0.0,0.0,0.0,13.0,0.0,0.0,0
6015,1,1,39297021,1300860839,1300860880,-1,0.0,4.0,0.0,0.0,0.0,4.0,0.0,0.0,0
6015,2,1,39297021,1300860839,1300860881,-1,130.0,4.0,0.0,0.0,0.0,4.0,0.0,0.0,0
6015,3,1,39297021,1300860839,1300860882,-1,31.04,8.0,0.0,0.0,0.0,8.0,0.0,0.0,0
6015,4,1,43091093,1311561394,1311561418,-2,0.51,0.25,0.0,0.0,0.0,0.25,0.0,0.0,
6015,5,1,43091093,1311561394,1311561443,-2,0.51,1.0,0.0,0.0,0.0,1.0,0.0,0.0,
6015,6,1,43091093,1311561394,1311561499,-2,12.98,2.0,0.0,0.0,0.0,2.0,0.0,0.0,
6015,7,1,43116945,1300860652,1300860656,47139275,644.25,0.0,0.0,0.0,0.0,0.14,0.0,0.0,0
6015,8,1,43116945,1300860652,1300860657,47139275,0.0,0.0,0.0,0.0,0.0,1.1,0.0,0.0,0
6015,9,1,43116945,1300860652,1300860658,47139275,34.794,0.0,0.0,0.0,0.0,1.27,0.0,0.0,0
6015,10,1,43116945,1300860652,1300860659,47139275,0.0,0.0,0.0,0.0,0.0,2.0,0.0,0.0,0
6015,11,1,43116945,1300860652,1300860660,47139275,0.0,0.0,0.0,0.0,0.0,2.0,0.0,0.0,0
6015,12,1,43116945,1300860652,1300860661,47139275,0.0,0.0,0.0,0.0,0.0,2.0,0.0,0.0,0
6015,13,1,43116945,1300860652,1300860662,47139275,0.0,0.0,0.0,0.0,0.0,2.0,0.0,0.0,0
6015,14,1,43116945,1300860652,1300860663,47139275,106.78,0.0,0.0,0.0,0.0,2.2,0.0,0.0,0
6015,15,1,43116945,1300860652,1300860664,47139275,50.17,0.0,0.0,0.0,0.0,1.32,0.0,0.0,0
6015,16,1,43116945,1300860652,1300860665,47139275,555.0,0.0,0.0,0.0,0.0,2.0,0.0,0.0,0
6015,17,1,43116945,1300860652,1300860666,47139275,108.8,0.0,0.0,0.0,0.0,4.0,0.0,0.0,0
6015,18,1,43116945,1300860652,1300860668,47139275,36.2015,0.0,0.0,0.0,0.0,2.0,0.0,0.0,0
6015,19,1,43116945,1300860652,1300860669,47139275,2.336,0.0,0.0,0.0,0.0,6.0,0.0,0.0,0
6015,20,1,43116945,1300860652,1300860674,47139275,2.64,0.0,0.0,0.0,0.0,22.0,0.0,0.0,0
6015,21,1,43116945,1300860652,1300860680,47139275,1.35,2.0,0.0,0.0,0.0,6.0,0.0,0.0,0
6015,22,1,43116945,1300860652,1300860698,47139275,730.0,0.0,0.0,0.0,0.0,2.0,0.0,0.0,0
6015,23,1,43116945,1300860652,1300860699,47139275,0.0,0.0,0.0,0.0,0.0,2.0,0.0,0.0,0
6015,24,1,43116945,1300860652,1300860700,47139275,0.0,0.0,0.0,0.0,0.0,6.0,0.0,0.0,0
6015,25,1,43116945,1300860652,1300860701,47139275,0.0,0.0,0.0,0.0,0.0,6.0,0.0,0.0,0
6015,26,1,43116945,1300860652,1300860702,47139275,0.0,0.0,0.0,0.0,0.0,2.0,0.0,0.0,0
6015,27,1,36654702,1311532157,1311532225,44481939,14.53,11.0,0.0,0.0,0.0,11.0,0.0,0.0,
6015,28,1,36654702,1311532157,1311532278,44481939,302.39,1.0,0.0,0.0,0.0,1.0,0.0,0.0,
6015,29,1,36654702,1311532157,1311532317,44481939,59.79,6.0,0.0,0.0,0.0,6.0,0.0,0.0,
6015,30,1,36654702,1311532157,1311532475,44481939,25.39,8.0,0.0,0.0,0.0,8.0,0.0,0.0,
6015,31,1,36654702,1311532157,1311532533,44481939,39.53,4.0,0.0,0.0,0.0,4.0,0.0,0.0,
6015,32,1,43116945,1300860652,1300860703,47139275,0.0,0.0,0.0,0.0,0.0,2.0,0.0,0.0,0
6015,33,1,43116945,1300860652,1300860704,47139275,180.0,0.0,0.0,0.0,0.0,3.0,0.0,0.0,0
6015,34,1,43116945,1300860652,1300860705,47139275,21.917,0.0,0.0,0.0,0.0,1.0,0.0,0.0,0
6015,35,1,43116945,1300860652,1300860706,47139275,1.7816,0.0,0.0,0.0,0.0,1.0,0.0,0.0,0
6015,36,1,43116945,1300860652,1300860707,47139275,3.7808,0.0,0.0,0.0,0.0,1.0,0.0,0.0,0
6015,37,1,43116945,1300860652,1300860708,47139275,0.0,0.0,0.0,0.0,0.0,1.0,0.0,0.0,0
6015,38,1,43116945,1300860652,1300860709,47139275,9.0236,0.0,0.0,0.0,0.0,0.2,0.0,0.0,0
6015,39,1,43116945,1300860652,1300860710,47139275,0.7412,0.0,0.0,0.0,0.0,3.0,0.0,0.0,0
6015,40,1,43116945,1300860652,1300860711,47139275,0.8228,0.0,0.0,0.0,0.0,1.0,0.0,0.0,0
6015,41,1,39297021,1300860839,1300860889,36945574,57.722,0.0,0.0,0.0,0.0,2.0,0.0,0.0,0
6015,42,1,39297021,1300860839,1300860890,36945574,1.8,0.0,0.0,0.0,0.0,27.0,0.0,0.0,0
6015,43,1,39297021,1300860839,1300860891,36945574,2.13,0.0,0.0,0.0,0.0,46.0,0.0,0.0,0
6015,44,1,39297021,1300860839,1300860892,36945574,5.32,0.0,0.0,0.0,0.0,12.0,0.0,0.0,0
6015,45,1,39297021,1300860839,1300860893,36945574,692.79,2.0,0.0,0.0,0.0,2.0,0.0,0.0,0
6015,46,1,39297021,1300860839,1300860894,36945574,0.0,0.0,0.0,0.0,0.0,3.0,0.0,0.0,0
6015,47,1,39297021,1300860839,1300860895,36945574,215.0515,0.0,0.0,0.0,0.0,8.0,0.0,0.0,0
6015,48,1,39297021,1300860839,1300860896,36945574,0.0,0.0,0.0,0.0,0.0,2.0,0.0,0.0,0
5875,1,1,36654702,1311532157,1311532822,44481939,45.18,4.0,0.0,0.0,0.0,4.0,0.0,0.0,
5875,2,1,36654702,1311532157,1311532910,44481939,230.94,2.0,0.0,0.0,0.0,2.0,0.0,0.0,
5875,3,1,36654702,1311532157,1311532982,44481939,6.83,10.0,0.0,0.0,0.0,10.0,0.0,0.0,
5875,4,1,36654702,1311532157,1311533088,44481939,22.39,2.0,0.0,0.0,0.0,2.0,0.0,0.0,
5875,5,1,39297021,1300860839,1300860897,36945574,857.9565,0.0,0.0,0.0,0.0,2.0,0.0,0.0,0
5875,6,1,39297021,1300860839,1300860898,36945574,20.4725,0.0,0.0,0.0,0.0,2.0,0.0,0.0,0
5875,7,1,39297021,1300860839,1300860899,36945574,20.4725,0.0,0.0,0.0,0.0,2.0,0.0,0.0,0
5875,8,1,39297021,1300860839,1300860900,36945574,390.7215,10.0,0.0,0.0,0.0,5.0,0.0,0.0,0
5875,9,1,39297021,1300860839,1300860901,36945574,1051.8885,0.0,0.0,0.0,0.0,2.0,0.0,0.0,0
5875,10,1,39297021,1300860839,1300860903,36945574,402.819,0.0,0.0,0.0,0.0,2.0,0.0,0.0,0
5875,11,1,39297021,1300860839,1300860910,36945574,5.81,8.0,0.0,0.0,0.0,2.0,0.0,0.0,0
5875,12,1,39297021,1300860839,1300860911,36945574,5.44,4.0,0.0,0.0,0.0,4.0,0.0,0.0,0
5875,13,1,39297021,1300860839,1300860912,36945574,8.16,0.0,0.0,0.0,0.0,2.0,0.0,0.0,0
5875,14,1,39297021,1300860839,1300860916,36945574,17.83,0.0,0.0,0.0,0.0,2.0,0.0,0.0,0
5875,15,1,39297021,1300860839,1300860917,36945574,5.15,0.0,0.0,0.0,0.0,4.0,0.0,0.0,0
5875,16,1,39297021,1300860839,1300860920,36945574,0.0,0.0,0.0,0.0,0.0,3.0,0.0,0.0,0
5875,17,1,39297021,1300860839,1300860921,36945574,0.6,0.0,0.0,0.0,0.0,2.0,0.0,0.0,0
5875,18,1,39297021,1300860839,1300860922,36945574,0.0,0.0,0.0,0.0,0.0,2.0,0.0,0.0,0
5875,19,1,39297021,1300860839,1300860923,36945574,0.0,0.0,0.0,0.0,0.0,3.0,0.0,0.0,0
5875,20,1,39297021,1300860839,1300860924,36945574,0.0,0.0,0.0,0.0,0.0,3.0,0.0,0.0,0
5875,21,1,39297021,1300860839,1300860925,36945574,10.2,0.0,0.0,0.0,0.0,1.0,0.0,0.0,0
5875,22,1,39297021,1300860839,1300860926,36945574,0.23,0.0,0.0,0.0,0.0,1.0,0.0,0.0,0
5875,23,1,39297021,1300860839,1300860927,36945574,0.0,0.0,0.0,0.0,0.0,2.0,0.0,0.0,0
5875,24,1,39297021,1300860839,1300860928,36945574,9.27,0.0,0.0,0.0,0.0,140.0,0.0,0.0,0
5875,26,1,43116945,1300860652,1300860712,47139275,0.5644,0.0,0.0,0.0,0.0,9.0,0.0,0.0,0
5875,27,1,43116945,1300860652,1300860713,47139275,2.618,0.0,0.0,0.0,0.0,1.0,0.0,0.0,0
5875,28,1,43116945,1300860652,1300860714,47139275,11.492,0.0,0.0,0.0,0.0,1.0,0.0,0.0,0
5875,29,1,43116945,1300860652,1300860715,47139275,142.868,0.0,0.0,0.0,0.0,1.0,0.0,0.0,0
5875,30,1,43116945,1300860652,1300860716,47139275,1.428,0.0,0.0,0.0,0.0,1.0,0.0,0.0,0
5875,31,1,43116945,1300860652,1300860717,47139275,3.094,0.0,0.0,0.0,0.0,1.0,0.0,0.0,0
5875,32,1,43116945,1300860652,1300860718,47139275,5.572,0.0,0.0,0.0,0.0,1.0,0.0,0.0,0
5875,33,1,43116945,1300860652,1300860719,47139275,17.521,0.0,0.0,0.0,0.0,1.0,0.0,0.0,0
5875,34,1,43116945,1300860652,1300860720,47139275,5.859,0.0,0.0,0.0,0.0,1.0,0.0,0.0,0
5875,35,1,43116945,1300860652,1300860721,47139275,9.29,0.0,0.0,0.0,0.0,1.0,0.0,0.0,0
5875,36,1,43116945,1300860652,1300860722,47139275,6.832,0.0,0.0,0.0,0.0,1.0,0.0,0.0,0
5875,37,1,43116945,1300860652,1300860723,47139275,3.619,0.0,0.0,0.0,0.0,1.0,0.0,0.0,0
5875,38,1,43116945,1300860652,1300860724,47139275,18.99,0.0,0.0,0.0,0.0,1.0,0.0,0.0,0
5875,39,1,43116945,1300860652,1300860725,47139275,13.83,0.0,0.0,0.0,0.0,1.0,0.0,0.0,0
5875,40,1,43116945,1300860652,1300860726,47139275,95.0,0.0,0.0,0.0,0.0,1.0,0.0,0.0,0
5875,41,1,43116945,1300860652,1300860727,47139275,0.0,0.0,0.0,0.0,0.0,1.0,0.0,0.0,0
5875,42,1,43116945,1300860652,1300860728,47139275,0.0,0.0,0.0,0.0,0.0,0.0,0.0,0.0,0
5875,43,1,43116945,1300860652,1300860730,47139275,3.2572,0.0,0.0,0.0,0.0,0.1,0.0,0.0,0
5875,44,1,36654702,1311532157,1311533163,44481939,3214.41,1.0,0.0,0.0,0.0,1.0,0.0,0.0,
5875,45,1,36654702,1311532157,1311533209,44481939,5933.21,1.0,0.0,0.0,0.0,1.0,0.0,0.0,
5875,46,1,36654702,1311532157,1311533247,44481939,381.97,1.0,0.0,0.0,0.0,1.0,0.0,0.0,
5875,47,1,43116945,1300860652,1300860732,47139275,154.7,0.0,0.0,0.0,0.0,0.03,0.0,0.0,0
5875,48,1,43116945,1300860652,1300860733,47139275,48.188,0.0,0.0,0.0,0.0,0.02,0.0,0.0,0
5868,1,1,43116945,1300860652,1300860734,47139275,28.6756,0.0,0.0,0.0,0.0,0.2,0.0,0.0,0
5868,2,1,43116945,1300860652,1300860735,47139275,28.6756,0.0,0.0,0.0,0.0,0.2,0.0,0.0,0
5868,3,1,43116945,1300860652,1300860736,47139275,27.7032,0.0,0.0,0.0,0.0,0.2,0.0,0.0,0
5868,4,1,43116945,1300860652,1300860737,47139275,1057.8148,0.0,0.0,0.0,0.0,0.04,0.0,0.0,0
5868,5,1,39297021,1300860839,1300860883,-1,15.62,8.0,0.0,0.0,0.0,8.0,0.0,0.0,0
5868,6,1,39297021,1300860839,1300860884,-1,11.1132,55.0,0.0,0.0,0.0,55.0,0.0,0.0,0
5868,7,1,39297021,1300860839,1300860885,-1,21.5437,61.0,0.0,0.0,0.0,61.0,0.0,0.0,0
5868,8,1,39297021,1300860839,1300860886,-1,20.7466,10.0,0.0,0.0,0.0,10.0,0.0,0.0,0
5868,9,1,39297021,1300860839,1300860887,-1,33.5748,2.0,0.0,0.0,0.0,2.0,0.0,0.0,0
5868,10,1,39297021,1300860839,1300860888,-1,63.48,2.0,0.0,0.0,0.0,2.0,0.0,0.0,0
5868,11,1,39297021,1300860839,1300860889,-1,57.722,2.0,0.0,0.0,0.0,2.0,0.0,0.0,0
5868,12,1,39297021,1300860839,1300860890,-1,1.8,27.0,0.0,0.0,0.0,27.0,0.0,0.0,0
5868,13,1,39297021,1300860839,1300860891,-1,2.13,46.0,0.0,0.0,0.0,46.0,0.0,0.0,0
5868,14,1,39297021,1300860839,1300860892,-1,5.32,12.0,0.0,0.0,0.0,12.0,0.0,0.0,0
5868,15,1,39297021,1300860839,1300860893,-1,692.79,2.0,0.0,0.0,0.0,2.0,0.0,0.0,0
5868,16,1,39297021,1300860839,1300860894,-1,0.0,3.0,0.0,0.0,0.0,3.0,0.0,0.0,0
5868,17,1,39297021,1300860839,1300860895,-1,215.0515,8.0,0.0,0.0,0.0,8.0,0.0,0.0,0
5868,18,1,39297021,1300860839,1300860896,-1,0.0,2.0,0.0,0.0,0.0,2.0,0.0,0.0,0
5868,19,1,39297021,1300860839,1300860897,-1,857.9565,2.0,0.0,0.0,0.0,2.0,0.0,0.0,0
5868,20,1,39297021,1300860839,1300860898,-1,20.4725,2.0,0.0,0.0,0.0,2.0,0.0,0.0,0
5868,21,1,39297021,1300860839,1300860929,36945574,0.0,0.0,0.0,0.0,0.0,8.0,0.0,0.0,0
5868,22,1,39297021,1300860839,1300860930,36945574,0.0,0.0,0.0,0.0,0.0,16.0,0.0,0.0,0
5868,23,1,36654702,1311532157,1311532225,45335126,7.429071033781056,11.0,0.0,0.0,0.0,11.0,0.0,0.0,
5868,24,1,36654702,1311532157,1311532278,45335126,154.6095519549245,1.0,0.0,0.0,0.0,1.0,0.0,0.0,
5868,25,1,36654702,1311532157,1311532317,45335126,30.5701415767219,6.0,0.0,0.0,0.0,6.0,0.0,0.0,
5868,26,1,36654702,1311532157,1311532475,45335126,12.981700863571987,8.0,0.0,0.0,0.0,8.0,0.0,0.0,
5868,27,1,36654702,1311532157,1311532533,45335126,20.211368063686518,4.0,0.0,0.0,0.0,4.0,0.0,0.0,
5868,28,1,36654702,1311532157,1311532822,45335126,23.100167192445152,4.0,0.0,0.0,0.0,4.0,0.0,0.0,
5868,29,1,36654702,1311532157,1311532910,45335126,118.07774704345469,2.0,0.0,0.0,0.0,2.0,0.0,0.0,
5868,30,1,36654702,1311532157,1311532982,45335126,3.4921235485701723,10.0,0.0,0.0,0.0,10.0,0.0,0.0,
5868,31,1,43116945,1300860652,1300860738,47139275,0.0,0.0,0.0,0.0,0.0,0.24,0.0,0.0,0
5868,32,1,43116945,1300860652,1300860739,47139275,1.98,0.0,0.0,0.0,0.0,7.0,0.0,0.0,0
5868,33,1,43116945,1300860652,1300860740,47139275,8.1,0.0,0.0,0.0,0.0,30.0,0.0,0.0,0
5868,34,1,43116945,1300860652,1300860741,47139275,24.0,0.0,0.0,0.0,0.0,86.0,0.0,0.0,0
5868,35,1,43116945,1300860652,1300860742,47139275,21.0,0.0,0.0,0.0,0.0,129.0,0.0,0.0,0
5868,36,1,43116945,1300860652,1300860743,47139275,0.0,0.0,0.0,0.0,0.0,8.2,0.0,0.0,0
5868,37,1,43116945,1300860652,1300860744,47139275,0.0,0.0,0.0,0.0,0.0,10.25,0.0,0.0,0
5868,38,1,43116945,1300860652,1300860745,47139275,0.0,0.0,0.0,0.0,0.0,4.67,0.0,0.0,0
5868,39,1,43116945,1300860652,1300860746,47139275,58.52,0.0,0.0,0.0,0.0,1.0,0.0,0.0,0
5868,40,1,43116945,1300860652,1300860747,47139275,20.026,0.0,0.0,0.0,0.0,1.0,0.0,0.0,0
5868,41,1,43116945,1300860652,1300860748,47139275,8.7992,0.0,0.0,0.0,0.0,3.0,0.0,0.0,0
5868,42,1,43116945,1300860652,1300860749,47139275,1213.1,0.0,0.0,0.0,0.0,1.0,0.0,0.0,0
5868,43,1,43116945,1300860652,1300860750,47139275,15.0552,0.0,0.0,0.0,0.0,1.0,0.0,0.0,0
5868,44,1,43116945,1300860652,1300860751,47139275,0.0,0.0,0.0,0.0,0.0,2.0,0.0,0.0,0
5868,45,1,43116945,1300860652,1300860752,47139275,676.05,0.0,0.0,0.0,0.0,0.64,0.0,0.0,0
5868,46,1,43116945,1300860652,1300860753,47139275,3.4,0.0,0.0,0.0,0.0,1.0,0.0,0.0,0
5868,47,1,43116945,1300860652,1300860754,47139275,4.83,0.0,0.0,0.0,0.0,0.4,0.0,0.0,0
5494,1,1,43116945,1300860652,1300860755,47139275,6.36,0.0,0.0,0.0,0.0,0.1,0.0,0.0,0
5494,2,1,43116945,1300860652,1300860756,47139275,4.9,0.0,0.0,0.0,0.0,29.12,0.0,0.0,0
5494,3,1,43116945,1300860652,1300860757,47139275,0.0,0.0,0.0,0.0,0.0,1.0,0.0,0.0,0
5494,4,1,43116945,1300860652,1300860758,47139275,0.0,0.0,0.0,0.0,0.0,1.0,0.0,0.0,0
5494,5,1,43116945,1300860652,1300860759,47139275,0.0,0.0,0.0,0.0,0.0,1.0,0.0,0.0,0
5494,6,1,43116945,1300860652,1300860760,47139275,0.0,0.0,0.0,0.0,0.0,1.0,0.0,0.0,0
5494,7,1,43116945,1300860652,1300860761,47139275,0.0,0.0,0.0,0.0,0.0,2.0,0.0,0.0,0
5494,8,1,43116945,1300860652,1300860762,47139275,0.0,0.0,0.0,0.0,0.0,11.0,0.0,0.0,0
5494,9,1,43116945,1300860652,1300860763,47139275,0.0,0.0,0.0,0.0,0.0,40.0,0.0,0.0,0
5494,10,1,43116945,1300860652,1300860764,47139275,0.0,0.0,0.0,0.0,0.0,8.0,0.0,0.0,0
5494,11,1,43116945,1300860652,1300860765,47139275,0.0,0.0,0.0,0.0,0.0,6.0,0.0,0.0,0
5494,12,1,43116945,1300860652,1300860766,47139275,0.0,0.0,0.0,0.0,0.0,3.0,0.0,0.0,0
5494,13,1,43116945,1300860652,1300860767,47139275,0.0,0.0,0.0,0.0,0.0,3.0,0.0,0.0,0
5494,14,1,43116945,1300860652,1300860768,47139275,0.0,0.0,0.0,0.0,0.0,0.0,0.0,0.0,0
5494,15,1,43116945,1300860652,1300860769,47139275,0.0,0.0,0.0,0.0,0.0,0.0,0.0,0.0,0
5494,16,1,43116945,1300860652,1300860770,47139275,0.0,0.0,0.0,0.0,0.0,11.0,0.0,0.0,0
5494,17,1,43116945,1300860652,1300860771,47139275,0.0,0.0,0.0,0.0,0.0,3.0,0.0,0.0,0
5494,18,1,43116945,1300860652,1300860772,47139275,0.0,0.0,0.0,0.0,0.0,3.0,0.0,0.0,0
5494,19,1,43116945,1300860652,1300860773,47139275,0.0,0.0,0.0,0.0,0.0,3.0,0.0,0.0,0
5494,20,1,43116945,1300860652,1300860774,47139275,0.0,0.0,0.0,0.0,0.0,2.0,0.0,0.0,0
5494,21,1,43116945,1300860652,1300860775,47139275,0.0,0.0,0.0,0.0,0.0,16.0,0.0,0.0,0
5494,22,1,43116945,1300860652,1300860776,47139275,0.0,0.0,0.0,0.0,0.0,0.0,0.0,0.0,0
5494,23,1,43116945,1300860652,1300860777,47139275,0.0,0.0,0.0,0.0,0.0,35.0,0.0,0.0,0
5494,24,1,43116945,1300860652,1300860778,47139275,0.0,0.0,0.0,0.0,0.0,8.0,0.0,0.0,0
5494,25,1,43116945,1300860652,1300860779,47139275,0.0,0.0,0.0,0.0,0.0,3.0,0.0,0.0,0
5494,26,1,43116945,1300860652,1300860780,47139275,0.0,0.0,0.0,0.0,0.0,5.0,0.0,0.0,0
5494,27,1,43116945,1300860652,1300860781,47139275,0.0,0.0,0.0,0.0,0.0,2.0,0.0,0.0,0
5494,28,1,43116945,1300860652,1300860782,47139275,0.0,0.0,0.0,0.0,0.0,0.0,0.0,0.0,0
5494,29,1,43116945,1300860652,1300860783,47139275,202.0665,0.0,0.0,0.0,0.0,4.0,0.0,0.0,0
5494,30,1,36654702,1311532157,1311533088,45335126,11.447825219983333,2.0,0.0,0.0,0.0,2.0,0.0,0.0,
5494,31,1,36654702,1311532157,1311533163,45335126,1643.5017358359366,1.0,0.0,0.0,0.0,1.0,0.0,0.0,
5494,32,1,36654702,1311532157,1311533209,45335126,3033.6021024322154,1.0,0.0,0.0,0.0,1.0,0.0,0.0,
5494,33,1,36654702,1311532157,1311533247,45335126,195.2981598605196,1.0,0.0,0.0,0.0,1.0,0.0,0.0,
5494,34,1,36654702,1311532157,1311533272,45335126,195.2981598605196,1.0,0.0,0.0,0.0,1.0,0.0,0.0,
5494,35,1,36654702,1311532157,1311533292,45335126,9.770787849659735,2.0,0.0,0.0,0.0,2.0,0.0,0.0,
5494,36,1,36654702,1311532157,1311533347,45335126,9.88,12.0,0.0,0.0,0.0,12.0,0.0,0.0,
5494,37,1,36654702,1311532157,1315559353,45335126,8.74,1.0,0.0,0.0,0.0,1.0,0.0,0.0,
5494,38,1,36654702,1311532157,1311532225,-1,7.43,11.0,0.0,0.0,0.0,11.0,0.0,0.0,
5494,39,1,36654702,1311532157,1311532278,-1,154.61,1.0,0.0,0.0,0.0,1.0,0.0,0.0,
5494,40,1,36654702,1311532157,1311532317,-1,30.57,6.0,0.0,0.0,0.0,6.0,0.0,0.0,
5494,41,1,36654702,1311532157,1311532475,-1,12.98,8.0,0.0,0.0,0.0,8.0,0.0,0.0,
5494,42,1,36654702,1311532157,1311532533,-1,20.21,4.0,0.0,0.0,0.0,4.0,0.0,0.0,
5494,43,1,36654702,1311532157,1311532822,-1,23.1,4.0,0.0,0.0,0.0,4.0,0.0,0.0,
5494,44,1,36654702,1311532157,1311532910,-1,118.08,2.0,0.0,0.0,0.0,2.0,0.0,0.0,
5494,45,1,36654702,1311532157,1311532982,-1,3.49,10.0,0.0,0.0,0.0,10.0,0.0,0.0,
5494,46,1,36654702,1311532157,1311533088,-1,11.45,2.0,0.0,0.0,0.0,2.0,0.0,0.0,
5494,47,1,43116945,1300860652,1300860784,47139275,0.0,0.0,0.0,0.0,0.0,2.0,0.0,0.0,0
5494,48,1,43116945,1300860652,1300860785,47139275,0.0,0.0,0.0,0.0,0.0,1.0,0.0,0.0,0
5494,49,1,43116945,1300860652,1300860786,47139275,0.0,0.0,0.0,0.0,0.0,1.0,0.0,0.0,0
5494,50,1,43116945,1300860652,1300860787,47139275,2568.0,0.0,0.0,0.0,0.0,1.0,0.0,0.0,0
6594,0,1,49132890,1300860839,1300861104,-1,3415.47,1.0,0.0,0.0,0.0,1.0,0.0,0.0,0
6594,1,1,49132890,1300860839,1300861105,-1,6259.0396,1.0,0.0,0.0,0.0,1.0,0.0,0.0,0
6594,2,1,49132890,1300860839,1300861106,-1,2387.0,1.0,0.0,0.0,0.0,1.0,0.0,0.0,0
6594,3,1,49132890,1300860839,1300861107,-1,385.31,2.0,0.0,0.0,0.0,2.0,0.0,0.0,0
6594,4,1,49132890,1300860839,1300861108,-1,410.74,1.0,0.0,0.0,0.0,1.0,0.0,0.0,0
6594,5,1,49132890,1300860839,1300861109,-1,0.0,0.0,0.0,0.0,0.0,0.0,0.0,0.0,0
6594,6,1,49132890,1300860839,1300861110,-1,22.37,10.0,0.0,0.0,0.0,10.0,0.0,0.0,0
6594,7,1,49132890,1300860839,1300861111,-1,54.13,9.0,0.0,0.0,0.0,9.0,0.0,0.0,0
6594,8,1,49132890,1300860839,1300861112,-1,22.37,4.0,0.0,0.0,0.0,4.0,0.0,0.0,0
6594,9,1,49132890,1300860839,1300861113,-1,23.37,10.0,0.0,0.0,0.0,10.0,0.0,0.0,0
6594,10,1,49132890,1300860839,1300861114,-1,40.94,6.0,0.0,0.0,0.0,6.0,0.0,0.0,0
6594,11,1,49132890,1300860839,1300861115,-1,71.42,3.0,0.0,0.0,0.0,3.0,0.0,0.0,0
6594,12,1,49132890,1300860839,1300861116,-1,222.08,3.0,0.0,0.0,0.0,3.0,0.0,0.0,0
6594,13,1,49132890,1300860839,1300861117,-1,288.52,3.0,0.0,0.0,0.0,3.0,0.0,0.0,0
6594,14,1,49132890,1300860839,1300861118,-1,17.78,4.0,0.0,0.0,0.0,4.0,0.0,0.0,0
6594,15,1,49132890,1300860839,1300861119,-1,14.66,10.0,0.0,0.0,0.0,10.0,0.0,0.0,0
6594,16,1,49132890,1300860839,1300861120,-1,25.0,2.0,0.0,0.0,0.0,2.0,0.0,0.0,0
6594,17,1,49132890,1300860839,1300861121,-1,7000.0,1.0,0.0,0.0,0.0,1.0,0.0,0.0,0
6594,18,1,49132890,1300860839,1300861122,-1,534.888,1.0,0.0,0.0,0.0,1.0,0.0,0.0,0
6594,19,1,49132890,1300860839,1300861123,-1,210.235,4.0,0.0,0.0,0.0,4.0,0.0,0.0,0
6594,20,1,49132890,1300860839,1300861124,-1,0.0,10.0,0.0,0.0,0.0,10.0,0.0,0.0,0
6594,21,1,49132890,1300860839,1300861125,-1,6.48,450.0,0.0,0.0,0.0,450.0,0.0,0.0,0
6594,22,1,49132890,1300860839,1300861126,-1,4.9,1.0,0.0,0.0,0.0,1.0,0.0,0.0,0
6594,23,1,49132890,1300860839,1300861127,-1,0.0,2.0,0.0,0.0,0.0,2.0,0.0,0.0,0
6594,24,1,49132890,1300860839,1300861128,-1,4333.33,2.0,0.0,0.0,0.0,2.0,0.0,0.0,0
6594,25,1,49132890,1300860839,1300861129,-1,200.0,1.0,0.0,0.0,0.0,1.0,0.0,0.0,0
6594,26,1,49132890,1300860839,1300861130,-1,5000.0,2.0,0.0,0.0,0.0,2.0,0.0,0.0,0
6594,27,1,49132890,1300860839,1300861131,-1,1814.4,1.0,0.0,0.0,0.0,1.0,0.0,0.0,0
6594,28,1,49132890,1300860839,1300861132,-1,0.0,1.0,0.0,0.0,0.0,1.0,0.0,0.0,0
6594,29,1,49132890,1300860839,1300861133,-1,0.0,1.0,0.0,0.0,0.0,1.0,0.0,0.0,0
6594,30,1,49132890,1300860839,1300861134,-1,0.0,1.0,0.0,0.0,0.0,1.0,0.0,0.0,0
6594,31,1,49132890,1300860839,1300861135,-1,0.0,1.0,0.0,0.0,0.0,1.0,0.0,0.0,0
6594,32,1,49132890,1300860839,1300861136,-1,0.0,1.0,0.0,0.0,0.0,1.0,0.0,0.0,0
6594,33,1,49132890,1300860839,1300861137,-1,0.0,1.0,0.0,0.0,0.0,1.0,0.0,0.0,0
6594,34,1,49132890,1300860839,1300861138,-1,0.0,1.0,0.0,0.0,0.0,1.0,0.0,0.0,0
6594,35,1,49132890,1300860839,1300861139,-1,0.0,1.0,0.0,0.0,0.0,1.0,0.0,0.0,0
6594,36,1,49132890,1300860839,1300861140,-1,0.0,1.0,0.0,0.0,0.0,1.0,0.0,0.0,0
6594,37,1,49132890,1300860839,1300861141,-1,270.0,1.0,0.0,0.0,0.0,1.0,0.0,0.0,0
6594,38,1,49132890,1300860839,1305654176,-1,2.45,0.0,0.0,0.0,0.0,1.0,0.0,0.0,
6594,39,1,49132890,1300860839,1305654315,-1,14.65,0.0,0.0,0.0,0.0,4.0,0.0,0.0,
6594,40,1,49132890,1300860839,1305654609,-1,23.47,0.0,0.0,0.0,0.0,1.0,0.0,0.0,
6594,41,1,49132890,1300860839,1305654639,-1,3.77,0.0,0.0,0.0,0.0,1.0,0.0,0.0,
6594,42,1,49132890,1300860839,1306461044,-1,180.0,0.0,0.0,0.0,0.0,5.0,0.0,0.0,
6594,43,1,49132890,1300860839,1306633119,-1,0.73,0.0,0.0,0.0,0.0,2.0,0.0,0.0,
6594,44,1,49132890,1300860839,1306644712,-1,960.0,0.0,0.0,0.0,0.0,2.0,0.0,0.0,
6594,45,1,49132890,1300860839,1306930016,-1,52.84,0.0,0.0,0.0,0.0,2.0,0.0,0.0,
6594,46,1,49132890,1300860839,1311460582,-1,31.39,0.0,0.0,0.0,0.0,2.0,0.0,0.0,
6594,47,1,49132890,1300860839,1311938701,-1,4.548,0.0,0.0,0.0,0.0,6.0,0.0,0.0,
5732,1,1,43116945,1300860652,1300860788,47139275,2568.0,0.0,0.0,0.0,0.0,1.0,0.0,0.0,0
5732,2,1,43116945,1300860652,1300860789,47139275,4706.0,0.0,0.0,0.0,0.0,1.0,0.0,0.0,0
5732,3,1,43116945,1300860652,1300860790,47139275,2387.0,0.0,0.0,0.0,0.0,1.0,0.0,0.0,0
5732,4,1,43116945,1300860652,1300860791,47139275,1457.0,0.0,0.0,0.0,0.0,1.0,0.0,0.0,0
5732,5,1,43116945,1300860652,1300860792,47139275,413.0,0.0,0.0,0.0,0.0,1.0,0.0,0.0,0
5732,6,1,43116945,1300860652,1300860795,47139275,10.5,0.0,0.0,0.0,0.0,10.0,0.0,0.0,0
5732,7,1,43116945,1300860652,1300860796,47139275,183.3,0.0,0.0,0.0,0.0,1.0,0.0,0.0,0
5732,8,1,43116945,1300860652,1300860797,47139275,172.0,0.0,0.0,0.0,0.0,2.0,0.0,0.0,0
5732,9,1,43116945,1300860652,1300860798,47139275,16.5,0.0,0.0,0.0,0.0,3.0,0.0,0.0,0
5732,10,1,43116945,1300860652,1300860799,47139275,52.9,0.0,0.0,0.0,0.0,3.0,0.0,0.0,0
5732,11,1,43116945,1300860652,1300860800,47139275,11.95,0.0,0.0,0.0,0.0,2.0,0.0,0.0,0
5732,12,1,43116945,1300860652,1300860801,47139275,11.45,0.0,0.0,0.0,0.0,10.0,0.0,0.0,0
5732,13,1,43116945,1300860652,1300860802,47139275,27.7,0.0,0.0,0.0,0.0,9.0,0.0,0.0,0
5732,14,1,43116945,1300860652,1300860803,47139275,11.45,0.0,0.0,0.0,0.0,4.0,0.0,0.0,0
5732,15,1,43116945,1300860652,1300860804,47139275,11.95,0.0,0.0,0.0,0.0,10.0,0.0,0.0,0
5732,16,1,43116945,1300860652,1300860805,47139275,23.1,0.0,0.0,0.0,0.0,6.0,0.0,0.0,0
5732,17,1,36654702,1311532157,1311533163,-1,1643.500802,1.0,0.0,0.0,0.0,1.0,0.0,0.0,
5732,18,1,36654702,1311532157,1311533209,-1,3033.6,1.0,0.0,0.0,0.0,1.0,0.0,0.0,
5732,19,1,36654702,1311532157,1311533247,-1,195.3,1.0,0.0,0.0,0.0,1.0,0.0,0.0,
5732,20,1,36654702,1311532157,1311533272,-1,195.3,1.0,0.0,0.0,0.0,1.0,0.0,0.0,
5732,21,1,36654702,1311532157,1311533292,-1,9.77,2.0,0.0,0.0,0.0,2.0,0.0,0.0,
5732,22,1,36654702,1311532157,1311533347,-1,9.88,12.0,0.0,0.0,0.0,12.0,0.0,0.0,
5732,23,1,36654702,1311532157,1315559353,-1,8.74,1.0,0.0,0.0,0.0,1.0,0.0,0.0,
5732,24,1,36654702,1311532157,1311533272,44481939,381.97,1.0,0.0,0.0,0.0,1.0,0.0,0.0,
5732,25,1,36654702,1311532157,1311533292,44481939,19.11,2.0,0.0,0.0,0.0,2.0,0.0,0.0,
5732,26,1,36654702,1311532157,1311533347,44481939,9.88,12.0,0.0,0.0,0.0,12.0,0.0,0.0,
5732,27,1,36654702,1311532157,1315559353,44481939,8.74,1.0,0.0,0.0,0.0,1.0,0.0,0.0,
5732,28,1,39297021,1300860839,1300860931,36945574,8.86,0.0,0.0,0.0,0.0,14.0,0.0,0.0,0
5732,29,1,39297021,1300860839,1300860932,36945574,0.0,10.0,0.0,0.0,0.0,48.0,0.0,0.0,0
5732,30,1,39297021,1300860839,1300860933,36945574,0.0,8.0,0.0,0.0,0.0,28.0,0.0,0.0,0
5732,31,1,39297021,1300860839,1300860934,36945574,0.0,50.0,0.0,0.0,0.0,152.0,0.0,0.0,0
5732,32,1,39297021,1300860839,1300860935,36945574,25.969999999999995,88.0,0.0,0.0,0.0,60.0,0.0,0.0,0
5732,33,1,39297021,1300860839,1300860936,36945574,0.0,0.0,0.0,0.0,0.0,11.0,0.0,0.0,0
5732,34,1,39297021,1300860839,1300860938,36945574,0.0,10.0,0.0,0.0,0.0,8.0,0.0,0.0,0
5732,35,1,39297021,1300860839,1300860939,36945574,0.0,82.0,0.0,0.0,0.0,112.0,0.0,0.0,0
5732,36,1,39297021,1300860839,1300860940,36945574,0.0,16.0,0.0,0.0,0.0,48.0,0.0,0.0,0
5732,37,1,39297021,1300860839,1300860944,36945574,5.18,0.0,0.0,0.0,0.0,30.0,0.0,0.0,0
5732,38,1,39297021,1300860839,1300860945,36945574,1.63,0.0,0.0,0.0,0.0,71.0,0.0,0.0,0
5732,39,1,39297021,1300860839,1300860946,36945574,0.0,0.0,0.0,0.0,0.0,2.0,0.0,0.0,0
5732,40,1,39297021,1300860839,1300860947,36945574,0.0,0.0,0.0,0.0,0.0,22.0,0.0,0.0,0
5732,41,1,39297021,1300860839,1300860948,36945574,5.28,58.0,0.0,0.0,0.0,219.0,0.0,0.0,0
5732,42,1,39297021,1300860839,1300860949,36945574,11.95,0.0,0.0,0.0,0.0,223.0,0.0,0.0,0
5732,43,1,39297021,1300860839,1300860950,36945574,73.94,0.0,0.0,0.0,0.0,5.0,0.0,0.0,0
5732,44,1,39297021,1300860839,1300860951,36945574,0.54,0.0,0.0,0.0,0.0,12.0,0.0,0.0,0
5732,45,1,39297021,1300860839,1300860952,36945574,0.86,0.0,0.0,0.0,0.0,69.0,0.0,0.0,0
5732,46,1,39297021,1300860839,1300860953,36945574,0.0,0.0,0.0,0.0,0.0,20.0,0.0,0.0,0
5732,47,1,43116945,1300860652,1300860806,47139275,40.65,0.0,0.0,0.0,0.0,3.0,0.0,0.0,0
5732,48,1,39297021,1300860839,1300860954,36945574,2.92,58.0,0.0,0.0,0.0,171.0,0.0,0.0,0
5861,1,1,43116945,1300860652,1300860807,47139275,113.65,0.0,0.0,0.0,0.0,3.0,0.0,0.0,0
5861,2,1,43116945,1300860652,1300860808,47139275,163.95,0.0,0.0,0.0,0.0,3.0,0.0,0.0,0
5861,3,1,43116945,1300860652,1300860809,47139275,9.85,0.0,0.0,0.0,0.0,4.0,0.0,0.0,0
5861,4,1,43116945,1300860652,1300860810,47139275,8.15,0.0,0.0,0.0,0.0,10.0,0.0,0.0,0
5861,5,1,43116945,1300860652,1300860811,47139275,25.0,0.0,0.0,0.0,0.0,2.0,0.0,0.0,0
5861,6,1,43116945,1300860652,1300860812,47139275,70.0,0.0,0.0,0.0,0.0,1.0,0.0,0.0,0
5861,7,1,43116945,1300860652,1300860813,47139275,42.0,0.0,0.0,0.0,0.0,1.0,0.0,0.0,0
5861,8,1,43116945,1300860652,1305659958,47139275,78.336,2.0,0.0,0.0,0.0,2.0,0.0,0.0,
5861,9,1,43116945,1300860652,1305941685,47139275,1.56,5.0,0.0,0.0,0.0,2.0,0.0,0.0,
5861,10,1,43116945,1300860652,1305941975,47139275,0.0,10.0,0.0,0.0,0.0,10.0,0.0,0.0,
5861,11,1,43116945,1300860652,1305941990,47139275,0.0,30.0,0.0,0.0,0.0,10.0,0.0,0.0,
5861,12,1,43116945,1300860652,1305942006,47139275,0.0,20.0,0.0,0.0,0.0,20.0,0.0,0.0,
5861,13,1,43116945,1300860652,1305943164,47139275,202.07000000000002,6.0,0.0,0.0,0.0,1.0,0.0,0.0,
5861,14,1,43116945,1300860652,1306933188,47139275,639.432,2.0,0.0,0.0,0.0,2.0,0.0,0.0,
5861,15,1,43116945,1300860652,1306933262,47139275,0.0,2.0,0.0,0.0,0.0,2.0,0.0,0.0,
5861,16,1,43116945,1300860652,1306955469,47139275,4.02,6.0,0.0,0.0,0.0,6.0,0.0,0.0,
5861,17,1,43116945,1300860652,1306955493,47139275,4.548,4.0,0.0,0.0,0.0,4.0,0.0,0.0,
5861,18,1,43116945,1300860652,1306955518,47139275,1.94,2.0,0.0,0.0,0.0,2.0,0.0,0.0,
5861,19,1,43116945,1300860652,1306955547,47139275,0.0,2.0,0.0,0.0,0.0,2.0,0.0,0.0,
5861,20,1,43116945,1300860652,1306955564,47139275,21.62,1.0,0.0,0.0,0.0,1.0,0.0,0.0,
5861,21,1,43116945,1300860652,1307032597,47139275,0.0,3.0,0.0,0.0,0.0,3.0,0.0,0.0,
5861,22,1,43116945,1300860652,1311156136,47139275,18.7,130.0,0.0,0.0,0.0,130.0,0.0,0.0,
5861,23,1,1300860839,1300860839,1300860840,-2,5.2,1.595,0.0,0.0,0.0,1.595,0.0,0.0,0
5861,24,1,1300860839,1300860839,1300860841,-2,2.58406,31.372,0.0,0.0,0.0,31.372,0.0,0.0,0
5861,25,1,1300860839,1300860839,1300860842,-2,1.953128,0.066,0.0,0.0,0.0,0.066,0.0,0.0,0
5861,26,1,1300860839,1300860839,1300860843,-2,2.1525309999999998,6.0,0.0,0.0,0.0,6.0,0.0,0.0,0
5861,27,1,1300860839,1300860839,1300860844,-2,2.132079,26.79798,0.0,0.0,0.0,26.79798,0.0,0.0,0
5861,28,1,1300860839,1300860839,1300860845,-2,2.478979,42.1344,0.0,0.0,0.0,42.1344,0.0,0.0,0
5861,29,1,1300860839,1300860839,1300860846,-2,2.670207,1.386,0.0,0.0,0.0,1.386,0.0,0.0,0
5861,30,1,1300860839,1300860839,1300860847,-2,5.879835,2.86,0.0,0.0,0.0,2.86,0.0,0.0,0
5861,31,1,1300860839,1300860839,1300860848,-2,0.0,11.759,0.0,0.0,0.0,11.759,0.0,0.0,0
5861,32,1,1300860839,1300860839,1300860849,-2,0.0,6.319968,0.0,0.0,0.0,6.319968,0.0,0.0,0
5861,33,1,39297021,1300860839,1300860955,36945574,5.13,0.0,0.0,0.0,0.0,228.0,0.0,0.0,0
5861,34,1,39297021,1300860839,1300860956,36945574,1.09,0.0,0.0,0.0,0.0,64.0,0.0,0.0,0
5861,35,1,39297021,1300860839,1300860957,36945574,2.67,44.0,0.0,0.0,0.0,124.0,0.0,0.0,0
5861,36,1,39297021,1300860839,1300860958,36945574,5.22,0.0,0.0,0.0,0.0,208.0,0.0,0.0,0
5861,37,1,39297021,1300860839,1300860959,36945574,1612.88,0.0,0.0,0.0,0.0,3.75,0.0,0.0,0
5861,38,1,39297021,1300860839,1300860960,36945574,187.43999999999997,3.0,0.0,0.0,0.0,0.5575,0.0,0.0,0
5861,39,1,39297021,1300860839,1300860961,36945574,0.0,0.0,0.0,0.0,0.0,13.0,0.0,0.0,0
5861,40,1,39297021,1300860839,1300860962,36945574,0.0,0.0,0.0,0.0,0.0,17.0,0.0,0.0,0
5861,41,1,39297021,1300860839,1300860963,36945574,0.0,0.0,0.0,0.0,0.0,11.0,0.0,0.0,0
5861,42,1,39297021,1300860839,1300860964,36945574,0.0,0.0,0.0,0.0,0.0,1.0,0.0,0.0,0
5861,43,1,39297021,1300860839,1300860965,36945574,10.22,0.0,0.0,0.0,0.0,10.0,0.0,0.0,0
5861,44,1,39297021,1300860839,1300860966,36945574,1.35,0.0,0.0,0.0,0.0,4.0,0.0,0.0,0
5861,45,1,39297021,1300860839,1300860967,36945574,0.0,0.0,0.0,0.0,0.0,1.0,0.0,0.0,0
5861,46,1,1300860839,1300860839,1300860850,-2,0.0,1.0,0.0,0.0,0.0,1.0,0.0,0.0,0
5861,47,1,39297021,1300860839,1300860968,36945574,0.0,0.0,0.0,0.0,0.0,6.0,0.0,0.0,0
5847,1,1,1300860839,1300860839,1300860851,-2,0.0,0.22,0.0,0.0,0.0,0.22,0.0,0.0,0
5847,2,1,1300860839,1300860839,1300860852,-2,0.0,0.5,0.0,0.0,0.0,0.5,0.0,0.0,0
5847,3,1,1300860839,1300860839,1300860853,-2,0.0,46.87516,0.0,0.0,0.0,46.87516,0.0,0.0,0
5847,4,1,1300860839,1300860839,1300860854,-2,0.0,2.0,0.0,0.0,0.0,2.0,0.0,0.0,0
5847,5,1,1300860839,1300860839,1300860855,-2,0.0,2.0,0.0,0.0,0.0,2.0,0.0,0.0,0
5847,6,1,1300860839,1300860839,1300860856,-2,0.0,0.8184,0.0,0.0,0.0,0.8184,0.0,0.0,0
5847,7,1,1300860839,1300860839,1300860857,-2,0.0,1.6346,0.0,0.0,0.0,1.6346,0.0,0.0,0
5847,8,1,1300860839,1300860839,1300860858,-2,0.0,1.0,0.0,0.0,0.0,1.0,0.0,0.0,0
5847,9,1,1300860839,1300860839,1300860859,-2,0.0,0.495,0.0,0.0,0.0,0.495,0.0,0.0,0
5847,10,1,1300860839,1300860839,1300860860,-2,0.0,9.35,0.0,0.0,0.0,9.35,0.0,0.0,0
5847,11,1,1300860839,1300860839,1300860861,-2,5.721335,0.5148,0.0,0.0,0.0,0.5148,0.0,0.0,0
5847,12,1,1300860839,1300860839,1300860862,-2,11.544927999999999,29.9976,0.0,0.0,0.0,29.9976,0.0,0.0,0
5847,13,1,1300860839,1300860839,1300860863,-2,14.909215999999999,41.996,0.0,0.0,0.0,41.996,0.0,0.0,0
5847,14,1,1300860839,1300860839,1300860864,-2,12.061331,3.00174,0.0,0.0,0.0,3.00174,0.0,0.0,0
5847,15,1,1300860839,1300860839,1300860865,-2,0.0,3.3,0.0,0.0,0.0,3.3,0.0,0.0,0
5847,16,1,1300860839,1300860839,1300860866,-2,0.0,6.0,0.0,0.0,0.0,6.0,0.0,0.0,0
5847,17,1,1300860839,1300860839,1300860867,-2,33.642882,2.9985,0.0,0.0,0.0,2.9985,0.0,0.0,0
5847,18,1,1300860839,1300860839,1300860868,-2,31.239818999999997,2.998,0.0,0.0,0.0,2.998,0.0,0.0,0
5847,19,1,1300860839,1300860839,1300860869,-2,48.137952999999996,60.0,0.0,0.0,0.0,60.0,0.0,0.0,0
5847,20,1,1300860839,1300860839,1300860870,-2,0.0,4.0,0.0,0.0,0.0,4.0,0.0,0.0,0
5847,21,1,1300860839,1300860839,1300860871,-2,2.37,46.0,0.0,0.0,0.0,46.0,0.0,0.0,0
5847,22,1,1300860839,1300860839,1300860872,-2,3.798885,71.0,0.0,0.0,0.0,71.0,0.0,0.0,0
5847,23,1,1300860839,1300860839,1300860873,-2,5.7264479999999995,8.0,0.0,0.0,0.0,8.0,0.0,0.0,0
5847,24,1,39297021,1300860839,1300860969,36945574,0.0,0.0,0.0,0.0,0.0,4.0,0.0,0.0,0
5847,25,1,39297021,1300860839,1300860970,36945574,0.0,0.0,0.0,0.0,0.0,4.0,0.0,0.0,0
5847,26,1,39297021,1300860839,1300860971,36945574,0.0,0.0,0.0,0.0,0.0,0.0,0.0,0.0,0
5847,27,1,39297021,1300860839,1300860972,36945574,53787.25,0.0,0.0,0.0,0.0,2.0,0.0,0.0,0
5847,28,1,39297021,1300860839,1300860973,36945574,4850.0,0.0,0.0,0.0,0.0,2.0,0.0,0.0,0
5847,29,1,39297021,1300860839,1300860974,36945574,3233.29,0.0,0.0,0.0,0.0,1.0,0.0,0.0,0
5847,30,1,39297021,1300860839,1300860975,36945574,3569.44,0.0,0.0,0.0,0.0,1.0,0.0,0.0,0
5847,31,1,39297021,1300860839,1300860976,36945574,510.0,0.0,0.0,0.0,0.0,4.0,0.0,0.0,0
5847,32,1,39297021,1300860839,1300860978,36945574,312.62,0.0,0.0,0.0,0.0,2.0,0.0,0.0,0
5847,33,1,39297021,1300860839,1300860980,36945574,169.49000000000004,15.0,0.0,0.0,0.0,14.0,0.0,0.0,0
5847,34,1,39297021,1300860839,1300860981,36945574,131.325,0.0,0.0,0.0,0.0,2.0,0.0,0.0,0
5847,35,1,39297021,1300860839,1300860982,36945574,374.85,1.0,0.0,0.0,0.0,2.0,0.0,0.0,0
5847,36,1,39297021,1300860839,1300860983,36945574,328.1,0.0,0.0,0.0,0.0,2.0,0.0,0.0,0
5847,37,1,39297021,1300860839,1300860984,36945574,620.0,0.0,0.0,0.0,0.0,2.0,0.0,0.0,0
5847,38,1,39297021,1300860839,1300860985,36945574,306.0,0.0,0.0,0.0,0.0,1.0,0.0,0.0,0
5847,39,1,39297021,1300860839,1300860986,36945574,340.0,0.0,0.0,0.0,0.0,4.0,0.0,0.0,0
5847,40,1,39297021,1300860839,1300860987,36945574,0.0,0.0,0.0,0.0,0.0,1.0,0.0,0.0,0
5847,41,1,39297021,1300860839,1300860988,36945574,0.0,0.0,0.0,0.0,0.0,2.0,0.0,0.0,0
5847,42,1,39297021,1300860839,1300860989,36945574,0.0,0.0,0.0,0.0,0.0,2.0,0.0,0.0,0
5847,43,1,39297021,1300860839,1300860990,36945574,180.0,0.0,0.0,0.0,0.0,4.0,0.0,0.0,0
5847,44,1,39297021,1300860839,1300860991,36945574,238.5,0.0,0.0,0.0,0.0,1.0,0.0,0.0,0
5847,45,1,39297021,1300860839,1300860992,36945574,21.917,0.0,0.0,0.0,0.0,3.0,0.0,0.0,0
5847,46,1,39297021,1300860839,1300860993,36945574,3.4748,0.0,0.0,0.0,0.0,3.0,0.0,0.0,0
5847,47,1,39297021,1300860839,1300860994,36945574,7.854,0.0,0.0,0.0,0.0,13.0,0.0,0.0,0
5943,1,1,1300860839,1300860839,1300860874,-2,0.0,9.0,0.0,0.0,0.0,9.0,0.0,0.0,0
5943,2,1,39297021,1300860839,1300860995,36945574,6.832,0.0,0.0,0.0,0.0,13.0,0.0,0.0,0
5943,3,1,39297021,1300860839,1300860996,36945574,0.0,0.0,0.0,0.0,0.0,1.0,0.0,0.0,0
5943,4,1,39297021,1300860839,1300860997,36945574,0.0,0.0,0.0,0.0,0.0,1.0,0.0,0.0,0
5943,5,1,39297021,1300860839,1300860998,36945574,0.5168,0.0,0.0,0.0,0.0,53.0,0.0,0.0,0
5943,6,1,39297021,1300860839,1300860999,36945574,0.5644,0.0,0.0,0.0,0.0,57.0,0.0,0.0,0
5943,7,1,39297021,1300860839,1300861000,36945574,0.0,0.0,0.0,0.0,0.0,8.0,0.0,0.0,0
5943,8,1,39297021,1300860839,1300861001,36945574,0.0,0.0,0.0,0.0,0.0,2.0,0.0,0.0,0
5943,9,1,39297021,1300860839,1300861002,36945574,0.0,0.0,0.0,0.0,0.0,1.0,0.0,0.0,0
5943,10,1,39297021,1300860839,1300861003,36945574,0.0,0.0,0.0,0.0,0.0,1.0,0.0,0.0,0
5943,11,1,39297021,1300860839,1300861004,36945574,0.0,0.0,0.0,0.0,0.0,1.0,0.0,0.0,0
5943,12,1,39297021,1300860839,1300861005,36945574,0.0,0.0,0.0,0.0,0.0,1.0,0.0,0.0,0
5943,13,1,39297021,1300860839,1300861006,36945574,0.0,0.0,0.0,0.0,0.0,1.0,0.0,0.0,0
5943,14,1,39297021,1300860839,1300861007,36945574,0.0,0.0,0.0,0.0,0.0,2.0,0.0,0.0,0
5943,15,1,39297021,1300860839,1300861008,36945574,0.0,0.0,0.0,0.0,0.0,2.0,0.0,0.0,0
5943,16,1,39297021,1300860839,1300861009,36945574,0.0,0.0,0.0,0.0,0.0,3.0,0.0,0.0,0
5943,17,1,39297021,1300860839,1300861010,36945574,0.0,0.0,0.0,0.0,0.0,3.0,0.0,0.0,0
5943,18,1,39297021,1300860839,1300861011,36945574,15.93,0.0,0.0,0.0,0.0,95.0,0.0,0.0,0
5943,19,1,39297021,1300860839,1300861012,36945574,15.93,0.0,0.0,0.0,0.0,95.0,0.0,0.0,0
5943,20,1,39297021,1300860839,1300861013,36945574,0.0,0.0,0.0,0.0,0.0,0.0,0.0,0.0,0
5943,21,1,39297021,1300860839,1300861014,36945574,0.0,0.0,0.0,0.0,0.0,100.0,0.0,0.0,0
5943,22,1,39297021,1300860839,1300861015,36945574,0.0,0.0,0.0,0.0,0.0,80.0,0.0,0.0,0
5943,23,1,39297021,1300860839,1300861016,36945574,1.8,0.0,0.0,0.0,0.0,40.0,0.0,0.0,0
5943,24,1,39297021,1300860839,1300861017,36945574,3.24,0.0,0.0,0.0,0.0,25.0,0.0,0.0,0
5943,25,1,39297021,1300860839,1300861018,36945574,0.0,0.0,0.0,0.0,0.0,20.0,0.0,0.0,0
5943,26,1,39297021,1300860839,1300861019,36945574,11.61,0.0,0.0,0.0,0.0,20.0,0.0,0.0,0
5943,27,1,39297021,1300860839,1300861020,36945574,0.0,0.0,0.0,0.0,0.0,40.0,0.0,0.0,0
5943,28,1,39297021,1300860839,1300861021,36945574,21.964,0.0,0.0,0.0,0.0,0.0,0.0,0.0,0
5943,29,1,39297021,1300860839,1300861022,36945574,21.7328,0.0,0.0,0.0,0.0,0.0,0.0,0.0,0
5943,30,1,39297021,1300860839,1300861023,36945574,21.964,0.0,0.0,0.0,0.0,0.0,0.0,0.0,0
5943,31,1,39297021,1300860839,1300861024,36945574,21.7328,0.0,0.0,0.0,0.0,0.0,0.0,0.0,0
5943,32,1,39297021,1300860839,1300861025,36945574,21.964,0.0,0.0,0.0,0.0,0.0,0.0,0.0,0
5943,33,1,42586075,1307737731,1307737916,-1,34.794,2.0,0.0,0.0,0.0,0.05263157894736842,0.0,0.0,
5943,34,1,42586075,1307737731,1307737916,41749393,34.794,1.9,0.0,0.0,0.0,0.05263157894736842,0.0,0.0,
5943,35,1,42586075,1307737731,1307737916,44510007,34.794,1.9,0.0,0.0,0.0,0.05263157894736842,0.0,0.0,
5943,36,1,39297021,1300860839,1300861026,36945574,21.964,0.0,0.0,0.0,0.0,0.0,0.0,0.0,0
5943,37,1,39297021,1300860839,1300861027,36945574,21.964,0.0,0.0,0.0,0.0,1.5,0.0,0.0,0
5943,38,1,39297021,1300860839,1300861028,36945574,28.6756,0.0,0.0,0.0,0.0,0.0,0.0,0.0,0
5943,39,1,39297021,1300860839,1300861029,36945574,28.6756,0.0,0.0,0.0,0.0,0.0,0.0,0.0,0
5943,40,1,39297021,1300860839,1300861030,36945574,28.6756,0.0,0.0,0.0,0.0,0.0,0.0,0.0,0
5943,41,1,39297021,1300860839,1300861031,36945574,28.6756,0.0,0.0,0.0,0.0,0.0,0.0,0.0,0
5943,42,1,39297021,1300860839,1300861032,36945574,28.6756,0.0,0.0,0.0,0.0,0.0,0.0,0.0,0
5943,43,1,39297021,1300860839,1300861033,36945574,28.6756,0.0,0.0,0.0,0.0,0.0,0.0,0.0,0
5943,44,1,39297021,1300860839,1300861034,36945574,28.6756,0.0,0.0,0.0,0.0,0.0,0.0,0.0,0
5943,45,1,39297021,1300860839,1300861035,36945574,27.7032,0.0,0.0,0.0,0.0,1.5,0.0,0.0,0
5943,46,1,39297021,1300860839,1300861036,36945574,154.7,0.0,0.0,0.0,0.0,0.15,0.0,0.0,0
5943,47,1,39297021,1300860839,1300861037,36945574,0.0,0.0,0.0,0.0,0.0,90.0,0.0,0.0,0
5943,48,1,39297021,1300860839,1300861038,36945574,0.38,0.0,0.0,0.0,0.0,50.0,0.0,0.0,0
5943,49,1,39297021,1300860839,1300861039,36945574,62.696,0.0,0.0,0.0,0.0,1.0,0.0,0.0,0
5589,1,1,1300860839,1300860839,1300860875,-2,0.0,16.0,0.0,0.0,0.0,16.0,0.0,0.0,0
5589,2,1,1300860839,1300860839,1300860876,-2,11.069428,4.0,0.0,0.0,0.0,4.0,0.0,0.0,0
5589,3,1,1300860839,1300860839,1300860877,-2,12.63,2.0,0.0,0.0,0.0,2.0,0.0,0.0,0
5589,4,1,1300860839,1300860839,1300860878,-2,0.0,4.0,0.0,0.0,0.0,4.0,0.0,0.0,0
5589,5,1,1300860839,1300860839,1300860879,-2,0.0,4.0,0.0,0.0,0.0,4.0,0.0,0.0,0
5589,6,1,1300860839,1300860839,1300860880,-2,0.0,4.0,0.0,0.0,0.0,4.0,0.0,0.0,0
5589,7,1,1300860839,1300860839,1300860881,-2,0.0,4.0,0.0,0.0,0.0,4.0,0.0,0.0,0
5589,8,1,1300860839,1300860839,1300860882,-2,20.190842,8.0,0.0,0.0,0.0,8.0,0.0,0.0,0
5589,9,1,1300860839,1300860839,1300860883,-2,7.98635,8.0,0.0,0.0,0.0,8.0,0.0,0.0,0
5589,10,1,1300860839,1300860839,1300860884,-2,5.4,55.0,0.0,0.0,0.0,55.0,0.0,0.0,0
5589,11,1,1300860839,1300860839,1300860885,-2,11.015077999999999,61.0,0.0,0.0,0.0,61.0,0.0,0.0,0
5589,12,1,1300860839,1300860839,1300860886,-2,10.609268,10.0,0.0,0.0,0.0,10.0,0.0,0.0,0
5589,13,1,1300860839,1300860839,1300860887,-2,14.81,2.0,0.0,0.0,0.0,2.0,0.0,0.0,0
5589,14,1,1300860839,1300860839,1300860888,-2,0.0,2.0,0.0,0.0,0.0,2.0,0.0,0.0,0
5589,15,1,1300860839,1300860839,1300860889,-2,0.0,2.0,0.0,0.0,0.0,2.0,0.0,0.0,0
5589,16,1,1300860839,1300860839,1300860890,-2,0.0,27.0,0.0,0.0,0.0,27.0,0.0,0.0,0
5589,17,1,1300860839,1300860839,1300860891,-2,0.0,46.0,0.0,0.0,0.0,46.0,0.0,0.0,0
5589,18,1,1300860839,1300860839,1300860892,-2,0.0,12.0,0.0,0.0,0.0,12.0,0.0,0.0,0
5589,19,1,1300860839,1300860839,1300860893,-2,354.216599,2.0,0.0,0.0,0.0,2.0,0.0,0.0,0
5589,20,1,1300860839,1300860839,1300860894,-2,0.0,3.0,0.0,0.0,0.0,3.0,0.0,0.0,0
5589,21,1,1300860839,1300860839,1300860895,-2,0.0,8.0,0.0,0.0,0.0,8.0,0.0,0.0,0
5589,22,1,1300860839,1300860839,1300860896,-2,0.0,2.0,0.0,0.0,0.0,2.0,0.0,0.0,0
5589,23,1,1300860839,1300860839,1300860897,-2,0.0,2.0,0.0,0.0,0.0,2.0,0.0,0.0,0
5589,24,1,1300860839,1300860839,1300860898,-2,0.0,2.0,0.0,0.0,0.0,2.0,0.0,0.0,0
5589,25,1,1300860839,1300860839,1300860899,-2,0.0,2.0,0.0,0.0,0.0,2.0,0.0,0.0,0
5589,26,1,1300860839,1300860839,1300860900,-2,191.7,5.0,0.0,0.0,0.0,5.0,0.0,0.0,0
5589,27,1,1300860839,1300860839,1300860901,-2,0.0,2.0,0.0,0.0,0.0,2.0,0.0,0.0,0
5589,28,1,1300860839,1300860839,1300860902,-2,15.783522,1.0,0.0,0.0,0.0,1.0,0.0,0.0,0
5589,29,1,1300860839,1300860839,1300860903,-2,0.0,2.0,0.0,0.0,0.0,2.0,0.0,0.0,0
5589,30,1,1300860839,1300860839,1300860910,-2,2.97,2.0,0.0,0.0,0.0,2.0,0.0,0.0,0
5589,31,1,1300860839,1300860839,1300860911,-2,2.781418,4.0,0.0,0.0,0.0,4.0,0.0,0.0,0
5589,32,1,1300860839,1300860839,1300860912,-2,4.172126,2.0,0.0,0.0,0.0,2.0,0.0,0.0,0
5589,33,1,1300860839,1300860839,1300860916,-2,0.0,2.0,0.0,0.0,0.0,2.0,0.0,0.0,0
5589,34,1,1300860839,1300860839,1300860917,-2,0.0,4.0,0.0,0.0,0.0,4.0,0.0,0.0,0
5589,35,1,1300860839,1300860839,1300860919,-2,1.1350639999999999,4.0,0.0,0.0,0.0,4.0,0.0,0.0,0
5589,36,1,1300860839,1300860839,1300860920,-2,0.0,3.0,0.0,0.0,0.0,3.0,0.0,0.0,0
5589,37,1,1300860839,1300860839,1300860921,-2,0.0,2.0,0.0,0.0,0.0,2.0,0.0,0.0,0
5589,38,1,1300860839,1300860839,1300860922,-2,0.0,2.0,0.0,0.0,0.0,2.0,0.0,0.0,0
5589,39,1,1300860839,1300860839,1300860923,-2,0.0,3.0,0.0,0.0,0.0,3.0,0.0,0.0,0
5589,40,1,1300860839,1300860839,1300860924,-2,0.0,3.0,0.0,0.0,0.0,3.0,0.0,0.0,0
5589,41,1,39297021,1300860839,1300861040,36945574,0.0,0.0,0.0,0.0,0.0,1.0,0.0,0.0,0
5589,42,1,39297021,1300860839,1300861041,36945574,1.6252,0.0,0.0,0.0,0.0,4.0,0.0,0.0,0
5589,43,1,39297021,1300860839,1300861042,36945574,1.8904,0.0,0.0,0.0,0.0,4.0,0.0,0.0,0
5589,44,1,39297021,1300860839,1300861043,36945574,1.9312,0.0,0.0,0.0,0.0,1.0,0.0,0.0,0
5589,45,1,39297021,1300860839,1300861044,36945574,1.8904,0.0,0.0,0.0,0.0,1.0,0.0,0.0,0
5589,46,1,39297021,1300860839,1300861045,36945574,2.2984,0.0,0.0,0.0,0.0,1.0,0.0,0.0,0
5589,47,1,39297021,1300860839,1300861046,36945574,5.4128,0.0,0.0,0.0,0.0,1.0,0.0,0.0,0
5589,48,1,39297021,1300860839,1300861047,36945574,11.77,0.0,0.0,0.0,0.0,15.0,0.0,0.0,0
5517,1,1,1300860839,1300860839,1300860925,-2,0.0,1.0,0.0,0.0,0.0,1.0,0.0,0.0,0
5517,2,1,1300860839,1300860839,1300860926,-2,0.0,1.0,0.0,0.0,0.0,1.0,0.0,0.0,0
5517,3,1,1300860839,1300860839,1300860927,-2,0.0,2.0,0.0,0.0,0.0,2.0,0.0,0.0,0
5517,4,1,1300860839,1300860839,1300860928,-2,0.0,140.0,0.0,0.0,0.0,140.0,0.0,0.0,0
5517,5,1,1300860839,1300860839,1300860929,-2,0.0,8.0,0.0,0.0,0.0,8.0,0.0,0.0,0
5517,6,1,1300860839,1300860839,1300860930,-2,0.0,16.0,0.0,0.0,0.0,16.0,0.0,0.0,0
5517,7,1,1300860839,1300860839,1300860931,-2,0.0,14.0,0.0,0.0,0.0,14.0,0.0,0.0,0
5517,8,1,1300860839,1300860839,1300860932,-2,0.040852,48.0,0.0,0.0,0.0,48.0,0.0,0.0,0
5517,9,1,1300860839,1300860839,1300860933,-2,0.10011099999999999,28.0,0.0,0.0,0.0,28.0,0.0,0.0,0
5517,10,1,1300860839,1300860839,1300860934,-2,0.12,152.0,0.0,0.0,0.0,152.0,0.0,0.0,0
5517,11,1,1300860839,1300860839,1300860935,-2,0.13,4.0,0.0,0.0,0.0,4.0,0.0,0.0,0
5517,12,1,1300860839,1300860839,1300860936,-2,0.0,11.0,0.0,0.0,0.0,11.0,0.0,0.0,0
5517,13,1,1300860839,1300860839,1300860938,-2,0.240306,8.0,0.0,0.0,0.0,8.0,0.0,0.0,0
5517,14,1,1300860839,1300860839,1300860939,-2,0.27,112.0,0.0,0.0,0.0,112.0,0.0,0.0,0
5517,15,1,1300860839,1300860839,1300860940,-2,0.28120999999999996,48.0,0.0,0.0,0.0,48.0,0.0,0.0,0
5517,16,1,1300860839,1300860839,1300860941,-2,0.0,32.0,0.0,0.0,0.0,32.0,0.0,0.0,0
5517,17,1,1306674750,1306674750,1306672868,-2,0.0,24.0,0.0,0.0,0.0,24.0,0.0,0.0,0
5517,18,1,1306674750,1306674750,1306672869,-2,0.0,6.0,0.0,0.0,0.0,6.0,0.0,0.0,0
5517,19,1,1306674750,1306674750,1306672870,-2,0.0,4.0,0.0,0.0,0.0,4.0,0.0,0.0,0
5517,20,1,1306674750,1306674750,1306672871,-2,0.0,4.0,0.0,0.0,0.0,4.0,0.0,0.0,0
5517,21,1,1306674750,1306674750,1306672872,-2,0.0,4.0,0.0,0.0,0.0,4.0,0.0,0.0,0
5517,22,1,1306674750,1306674750,1306672873,-2,0.0,2.0,0.0,0.0,0.0,2.0,0.0,0.0,0
5517,23,1,1306674750,1306674750,1306672874,-2,0.0,1.0,0.0,0.0,0.0,1.0,0.0,0.0,0
5517,24,1,1306674750,1306674750,1306672875,-2,0.0,2.0,0.0,0.0,0.0,2.0,0.0,0.0,0
5517,25,1,1306674750,1306674750,1306672876,-2,0.0,2.0,0.0,0.0,0.0,2.0,0.0,0.0,0
5517,26,1,1306674750,1306674750,1306672877,-2,0.0,2.0,0.0,0.0,0.0,2.0,0.0,0.0,0
5517,27,1,1306674750,1306674750,1306672878,-2,0.0,2.0,0.0,0.0,0.0,2.0,0.0,0.0,0
5517,28,1,1306674750,1306674750,1306672879,-2,0.0,2.0,0.0,0.0,0.0,2.0,0.0,0.0,0
5517,29,1,1306674750,1306674750,1306672880,-2,0.0,1.0,0.0,0.0,0.0,1.0,0.0,0.0,0
5517,30,1,1306674750,1306674750,1306672881,-2,0.0,1.0,0.0,0.0,0.0,1.0,0.0,0.0,0
5517,31,1,1306674750,1306674750,1306672882,-2,0.0,2.0,0.0,0.0,0.0,2.0,0.0,0.0,0
5517,32,1,1306674750,1306674750,1306672883,-2,0.0,1.0,0.0,0.0,0.0,1.0,0.0,0.0,0
5517,33,1,1306674750,1306674750,1306672884,-2,0.0,1.0,0.0,0.0,0.0,1.0,0.0,0.0,0
5517,34,1,1306674750,1306674750,1306672885,-2,0.0,1.0,0.0,0.0,0.0,1.0,0.0,0.0,0
5517,35,1,1306674750,1306674750,1306672886,-2,0.0,1.0,0.0,0.0,0.0,1.0,0.0,0.0,0
5517,36,1,1300860839,1300860839,1300860944,-2,0.0228,30.0,0.0,0.0,0.0,30.0,0.0,0.0,0
5517,37,1,1300860839,1300860839,1300860945,-2,1.63,71.0,0.0,0.0,0.0,71.0,0.0,0.0,0
5517,38,1,1300860839,1300860839,1300860946,-2,0.0,2.0,0.0,0.0,0.0,2.0,0.0,0.0,0
5517,39,1,1300860839,1300860839,1300860947,-2,0.0,22.0,0.0,0.0,0.0,22.0,0.0,0.0,0
5517,40,1,1300860839,1300860839,1300860948,-2,5.28,219.0,0.0,0.0,0.0,219.0,0.0,0.0,0
5517,41,1,1300860839,1300860839,1300860949,-2,0.0,223.0,0.0,0.0,0.0,223.0,0.0,0.0,0
5517,42,1,1300860839,1300860839,1300860950,-2,0.0,5.0,0.0,0.0,0.0,5.0,0.0,0.0,0
5517,43,1,1300860839,1300860839,1300860951,-2,0.0,12.0,0.0,0.0,0.0,12.0,0.0,0.0,0
5517,44,1,1300860839,1300860839,1300860952,-2,0.0,69.0,0.0,0.0,0.0,69.0,0.0,0.0,0
5517,45,1,1300860839,1300860839,1300860953,-2,0.0,20.0,0.0,0.0,0.0,20.0,0.0,0.0,0
5517,46,1,1306674750,1306674750,1306672887,-2,0.68,2.0,0.0,0.0,0.0,2.0,0.0,0.0,0
5517,47,1,1306674750,1306674750,1306672888,-2,0.0,2.0,0.0,0.0,0.0,2.0,0.0,0.0,0
5517,48,1,1306674750,1306674750,1306672889,-2,0.0,2.0,0.0,0.0,0.0,2.0,0.0,0.0,0
5517,49,1,1306674750,1306674750,1306672890,-2,0.0,6.0,0.0,0.0,0.0,6.0,0.0,0.0,0
5518,1,1,1306674750,1306674750,1306672891,-2,0.0,1.0,0.0,0.0,0.0,1.0,0.0,0.0,0
5518,2,1,1306674750,1306674750,1306672892,-2,0.0,10.0,0.0,0.0,0.0,10.0,0.0,0.0,0
5518,3,1,1306674750,1306674750,1306672893,-2,0.0,8.0,0.0,0.0,0.0,8.0,0.0,0.0,0
5518,4,1,1306674750,1306674750,1306672894,-2,0.0,6.0,0.0,0.0,0.0,6.0,0.0,0.0,0
5518,5,1,1306674458,1306674458,1306672851,-2,0.0,2.0,0.0,0.0,0.0,2.0,0.0,0.0,0
5518,6,1,1306674458,1306674458,1306672852,-2,0.0,2.0,0.0,0.0,0.0,2.0,0.0,0.0,0
5518,7,1,1306674458,1306674458,1306672853,-2,0.0,17.0,0.0,0.0,0.0,17.0,0.0,0.0,0
5518,8,1,1306674458,1306674458,1306672854,-2,0.0,1.0,0.0,0.0,0.0,1.0,0.0,0.0,0
5518,9,1,1306674458,1306674458,1306672855,-2,0.0,4.0,0.0,0.0,0.0,4.0,0.0,0.0,0
5518,10,1,1306674458,1306674458,1306672856,-2,0.0,3.0,0.0,0.0,0.0,3.0,0.0,0.0,0
5518,11,1,1306674458,1306674458,1306672857,-2,0.0,2.0,0.0,0.0,0.0,2.0,0.0,0.0,0
5518,12,1,1306674458,1306674458,1306672858,-2,0.0,2.0,0.0,0.0,0.0,2.0,0.0,0.0,0
5518,13,1,1306674458,1306674458,1306672859,-2,0.0,3.0,0.0,0.0,0.0,3.0,0.0,0.0,0
5518,14,1,1306674458,1306674458,1306672860,-2,0.0,2.0,0.0,0.0,0.0,2.0,0.0,0.0,0
5518,15,1,1306674458,1306674458,1306672861,-2,0.0,3.0,0.0,0.0,0.0,3.0,0.0,0.0,0
5518,16,1,1306674458,1306674458,1306672862,-2,0.0,2.0,0.0,0.0,0.0,2.0,0.0,0.0,0
5518,17,1,1306674458,1306674458,1306672863,-2,0.0,1.0,0.0,0.0,0.0,1.0,0.0,0.0,0
5518,18,1,1306674458,1306674458,1306672864,-2,0.0,1.0,0.0,0.0,0.0,1.0,0.0,0.0,0
5518,19,1,1306674458,1306674458,1306672865,-2,0.0,1.0,0.0,0.0,0.0,1.0,0.0,0.0,0
5518,20,1,1306674458,1306674458,1306672866,-2,0.0,1.0,0.0,0.0,0.0,1.0,0.0,0.0,0
5518,21,1,1306674458,1306674458,1306672867,-2,0.0,16.0,0.0,0.0,0.0,16.0,0.0,0.0,0
5518,22,1,1306674184,1306674184,1306672808,-2,0.0,44.0,0.0,0.0,0.0,44.0,0.0,0.0,0
5518,23,1,1306674184,1306674184,1306672809,-2,0.0,2.0,0.0,0.0,0.0,2.0,0.0,0.0,0
5518,24,1,1306674184,1306674184,1306672810,-2,0.0,9.0,0.0,0.0,0.0,9.0,0.0,0.0,0
5518,25,1,1306674184,1306674184,1306672811,-2,0.0,5.0,0.0,0.0,0.0,5.0,0.0,0.0,0
5518,26,1,1306674184,1306674184,1306672812,-2,0.0,1.0,0.0,0.0,0.0,1.0,0.0,0.0,0
5518,27,1,1306674184,1306674184,1306672813,-2,0.0,3.0,0.0,0.0,0.0,3.0,0.0,0.0,0
5518,28,1,1306674184,1306674184,1306672814,-2,0.0,4.0,0.0,0.0,0.0,4.0,0.0,0.0,0
5518,29,1,1306674184,1306674184,1306672815,-2,0.0,12.0,0.0,0.0,0.0,12.0,0.0,0.0,0
5518,30,1,1306674184,1306674184,1306672816,-2,0.0,2.0,0.0,0.0,0.0,2.0,0.0,0.0,0
5518,31,1,1300860839,1300860839,1300860954,-2,2.92,171.0,0.0,0.0,0.0,171.0,0.0,0.0,0
5518,32,1,1300860839,1300860839,1300860955,-2,0.0,228.0,0.0,0.0,0.0,228.0,0.0,0.0,0
5518,33,1,1300860839,1300860839,1300860956,-2,0.0,64.0,0.0,0.0,0.0,64.0,0.0,0.0,0
5518,34,1,1300860839,1300860839,1300860957,-2,0.013651,124.0,0.0,0.0,0.0,124.0,0.0,0.0,0
5518,35,1,1300860839,1300860839,1300860958,-2,0.0,208.0,0.0,0.0,0.0,208.0,0.0,0.0,0
5518,36,1,1300860839,1300860839,1300860959,-2,0.0,3.75,0.0,0.0,0.0,3.75,0.0,0.0,0
5518,37,1,1300860839,1300860839,1300860960,-2,95.836198,0.5575,0.0,0.0,0.0,0.5575,0.0,0.0,0
5518,38,1,1300860839,1300860839,1300860961,-2,0.0,13.0,0.0,0.0,0.0,13.0,0.0,0.0,0
5518,39,1,1300860839,1300860839,1300860962,-2,0.0,17.0,0.0,0.0,0.0,17.0,0.0,0.0,0
5518,40,1,1300860839,1300860839,1300860963,-2,0.0,11.0,0.0,0.0,0.0,11.0,0.0,0.0,0
5518,41,1,1300860839,1300860839,1300860964,-2,0.0,1.0,0.0,0.0,0.0,1.0,0.0,0.0,0
5518,42,1,1300860839,1300860839,1300860965,-2,0.0,10.0,0.0,0.0,0.0,10.0,0.0,0.0,0
5518,43,1,1300860839,1300860839,1300860966,-2,0.0,4.0,0.0,0.0,0.0,4.0,0.0,0.0,0
5518,44,1,1300860839,1300860839,1300860967,-2,0.0,1.0,0.0,0.0,0.0,1.0,0.0,0.0,0
5518,45,1,1300860839,1300860839,1300860968,-2,0.0,6.0,0.0,0.0,0.0,6.0,0.0,0.0,0
5518,46,1,1300860839,1300860839,1300860969,-2,0.0,4.0,0.0,0.0,0.0,4.0,0.0,0.0,0
5518,47,1,1306674184,1306674184,1306672817,-2,0.0,16.0,0.0,0.0,0.0,16.0,0.0,0.0,0
5518,48,1,1306674184,1306674184,1306672818,-2,0.0,5.0,0.0,0.0,0.0,5.0,0.0,0.0,0
5518,50,1,1306674184,1306674184,1306672819,-2,0.0,16.0,0.0,0.0,0.0,16.0,0.0,0.0,0
5736,1,1,1300860839,1300860839,1300860970,-2,0.0,4.0,0.0,0.0,0.0,4.0,0.0,0.0,0
5736,2,1,1300860839,1300860839,1300860971,-2,0.0,0.0,0.0,0.0,0.0,0.0,0.0,0.0,0
5736,3,1,1300860839,1300860839,1300860972,-2,0.0,2.0,0.0,0.0,0.0,2.0,0.0,0.0,0
5736,4,1,1300860839,1300860839,1300860973,-2,0.0,2.0,0.0,0.0,0.0,2.0,0.0,0.0,0
5736,5,1,1300860839,1300860839,1300860974,-2,3233.29,1.0,0.0,0.0,0.0,1.0,0.0,0.0,0
5736,6,1,1300860839,1300860839,1300860975,-2,3569.44,1.0,0.0,0.0,0.0,1.0,0.0,0.0,0
5736,7,1,1300860839,1300860839,1300860976,-2,0.0,4.0,0.0,0.0,0.0,4.0,0.0,0.0,0
5736,8,1,1300860839,1300860839,1300860977,-2,512.2666591677191,2.0,0.0,0.0,0.0,2.0,0.0,0.0,0
5736,9,1,1300860839,1300860839,1300860978,-2,0.0,2.0,0.0,0.0,0.0,2.0,0.0,0.0,0
5736,10,1,1300860839,1300860839,1300860980,-2,87.74,14.0,0.0,0.0,0.0,14.0,0.0,0.0,0
5736,11,1,1300860839,1300860839,1300860981,-2,67.14515899999999,2.0,0.0,0.0,0.0,2.0,0.0,0.0,0
5736,12,1,1300860839,1300860839,1300860982,-2,191.66,2.0,0.0,0.0,0.0,2.0,0.0,0.0,0
5736,13,1,1300860839,1300860839,1300860983,-2,0.0,2.0,0.0,0.0,0.0,2.0,0.0,0.0,0
5736,14,1,1300860839,1300860839,1300860984,-2,0.0,2.0,0.0,0.0,0.0,2.0,0.0,0.0,0
5736,15,1,1300860839,1300860839,1300860985,-2,177.315372,1.0,0.0,0.0,0.0,1.0,0.0,0.0,0
5736,16,1,1300860839,1300860839,1300860986,-2,0.0,4.0,0.0,0.0,0.0,4.0,0.0,0.0,0
5736,17,1,1300860839,1300860839,1300860987,-2,0.0,1.0,0.0,0.0,0.0,1.0,0.0,0.0,0
5736,18,1,1306674184,1306674184,1306672820,-2,0.0,1.0,0.0,0.0,0.0,1.0,0.0,0.0,0
5736,19,1,1306674184,1306674184,1306672821,-2,0.0,2.0,0.0,0.0,0.0,2.0,0.0,0.0,0
5736,20,1,1306674184,1306674184,1306672822,-2,0.0,11.0,0.0,0.0,0.0,11.0,0.0,0.0,0
5736,21,1,1306674184,1306674184,1306672823,-2,0.0,4.0,0.0,0.0,0.0,4.0,0.0,0.0,0
5736,22,1,1306674184,1306674184,1306672824,-2,0.0,2.0,0.0,0.0,0.0,2.0,0.0,0.0,0
5736,23,1,1306674184,1306674184,1306672825,-2,0.0,16.0,0.0,0.0,0.0,16.0,0.0,0.0,0
5736,24,1,1306674184,1306674184,1306672826,-2,0.0,2.0,0.0,0.0,0.0,2.0,0.0,0.0,0
5736,25,1,1306674184,1306674184,1306672827,-2,0.0,1.0,0.0,0.0,0.0,1.0,0.0,0.0,0
5736,26,1,1306674184,1306674184,1306672828,-2,0.0,8.0,0.0,0.0,0.0,8.0,0.0,0.0,0
5736,27,1,1306674184,1306674184,1306672829,-2,0.0,3.0,0.0,0.0,0.0,3.0,0.0,0.0,0
5736,28,1,1306674184,1306674184,1306672830,-2,0.0,8.0,0.0,0.0,0.0,8.0,0.0,0.0,0
5736,29,1,1306674184,1306674184,1306672831,-2,0.0,2.0,0.0,0.0,0.0,2.0,0.0,0.0,0
5736,30,1,1306674184,1306674184,1306672832,-2,0.0,1.0,0.0,0.0,0.0,1.0,0.0,0.0,0
5736,31,1,1306674184,1306674184,1306672833,-2,0.0,1.0,0.0,0.0,0.0,1.0,0.0,0.0,0
5736,32,1,1306674184,1306674184,1306672834,-2,0.0,2.0,0.0,0.0,0.0,2.0,0.0,0.0,0
5736,33,1,1306674184,1306674184,1306672835,-2,0.0,2.0,0.0,0.0,0.0,2.0,0.0,0.0,0
5736,34,1,1306674184,1306674184,1306672836,-2,0.0,4.0,0.0,0.0,0.0,4.0,0.0,0.0,0
5736,35,1,1306674184,1306674184,1306672837,-2,0.0,18.0,0.0,0.0,0.0,18.0,0.0,0.0,0
5736,36,1,1306674184,1306674184,1306672838,-2,0.0,4.0,0.0,0.0,0.0,4.0,0.0,0.0,0
5736,37,1,1306674184,1306674184,1306672839,-2,0.68,2.0,0.0,0.0,0.0,2.0,0.0,0.0,0
5736,38,1,1306674184,1306674184,1306672840,-2,0.0,2.0,0.0,0.0,0.0,2.0,0.0,0.0,0
5736,39,1,1306674184,1306674184,1306672841,-2,0.0,6.0,0.0,0.0,0.0,6.0,0.0,0.0,0
5736,40,1,1306674184,1306674184,1306672842,-2,0.0,1.0,0.0,0.0,0.0,1.0,0.0,0.0,0
5736,41,1,1306674184,1306674184,1306672843,-2,0.0,1.0,0.0,0.0,0.0,1.0,0.0,0.0,0
5736,42,1,1306674184,1306674184,1306672844,-2,0.0,4.0,0.0,0.0,0.0,4.0,0.0,0.0,0
5736,43,1,1306674184,1306674184,1306672845,-2,0.0,4.0,0.0,0.0,0.0,4.0,0.0,0.0,0
5736,44,1,1306674184,1306674184,1306672846,-2,0.0,1.0,0.0,0.0,0.0,1.0,0.0,0.0,0
5736,45,1,1300860839,1300860839,1300860988,-2,0.0,2.0,0.0,0.0,0.0,2.0,0.0,0.0,0
5736,46,1,1300860839,1300860839,1300860989,-2,0.0,2.0,0.0,0.0,0.0,2.0,0.0,0.0,0
5736,47,1,1306674184,1306674184,1306672847,-2,0.0,1.0,0.0,0.0,0.0,1.0,0.0,0.0,0
5736,48,1,1306674184,1306674184,1306672848,-2,0.0,4.0,0.0,0.0,0.0,4.0,0.0,0.0,0
5736,49,1,1306674184,1306674184,1306672849,-2,0.0,3.0,0.0,0.0,0.0,3.0,0.0,0.0,0
5513,1,1,1306674184,1306674184,1306672850,-2,0.0,11.0,0.0,0.0,0.0,11.0,0.0,0.0,0
5513,2,1,1306673954,1306673954,1306672797,-2,0.0,288.0,0.0,0.0,0.0,288.0,0.0,0.0,0
5513,3,1,1306673954,1306673954,1306672798,-2,0.00783,6.0,0.0,0.0,0.0,6.0,0.0,0.0,0
5513,4,1,1306673954,1306673954,1306672799,-2,0.0,36.0,0.0,0.0,0.0,36.0,0.0,0.0,0
5513,5,1,1306673954,1306673954,1306672800,-2,0.0,1.0,0.0,0.0,0.0,1.0,0.0,0.0,0
5513,6,1,1300860839,1300860839,1300860990,-2,0.0,4.0,0.0,0.0,0.0,4.0,0.0,0.0,0
5513,7,1,1300860839,1300860839,1300860991,-2,138.201687,1.0,0.0,0.0,0.0,1.0,0.0,0.0,0
5513,8,1,1300860839,1300860839,1300860992,-2,0.0,3.0,0.0,0.0,0.0,3.0,0.0,0.0,0
5513,9,1,1300860839,1300860839,1300860993,-2,0.0,3.0,0.0,0.0,0.0,3.0,0.0,0.0,0
5513,10,1,1300860839,1300860839,1300860994,-2,0.0,13.0,0.0,0.0,0.0,13.0,0.0,0.0,0
5513,11,1,1300860839,1300860839,1300860995,-2,0.0,13.0,0.0,0.0,0.0,13.0,0.0,0.0,0
5513,12,1,1300860839,1300860839,1300860996,-2,0.0,1.0,0.0,0.0,0.0,1.0,0.0,0.0,0
5513,13,1,1300860839,1300860839,1300860997,-2,0.0,1.0,0.0,0.0,0.0,1.0,0.0,0.0,0
5513,14,1,1300860839,1300860839,1300860998,-2,0.0,53.0,0.0,0.0,0.0,53.0,0.0,0.0,0
5513,15,1,1300860839,1300860839,1300860999,-2,0.0,57.0,0.0,0.0,0.0,57.0,0.0,0.0,0
5513,16,1,1300860839,1300860839,1300861000,-2,0.0,8.0,0.0,0.0,0.0,8.0,0.0,0.0,0
5513,17,1,1300860839,1300860839,1300861001,-2,0.0,2.0,0.0,0.0,0.0,2.0,0.0,0.0,0
5513,18,1,1300860839,1300860839,1300861002,-2,0.0,1.0,0.0,0.0,0.0,1.0,0.0,0.0,0
5513,19,1,1300860839,1300860839,1300861003,-2,0.0,1.0,0.0,0.0,0.0,1.0,0.0,0.0,0
5513,20,1,1300860839,1300860839,1300861004,-2,0.0,1.0,0.0,0.0,0.0,1.0,0.0,0.0,0
5513,21,1,1300860839,1300860839,1300861005,-2,0.0,1.0,0.0,0.0,0.0,1.0,0.0,0.0,0
5513,22,1,1306673954,1306673954,1306672801,-2,0.0,36.0,0.0,0.0,0.0,36.0,0.0,0.0,0
5513,23,1,1306673954,1306673954,1306672802,-2,0.0,2.0,0.0,0.0,0.0,2.0,0.0,0.0,0
5513,24,1,1306673954,1306673954,1306672803,-2,0.0,2.0,0.0,0.0,0.0,2.0,0.0,0.0,0
5513,25,1,1306673954,1306673954,1306672804,-2,0.0,72.0,0.0,0.0,0.0,72.0,0.0,0.0,0
5513,26,1,1306673954,1306673954,1306672805,-2,0.0,12.0,0.0,0.0,0.0,12.0,0.0,0.0,0
5513,27,1,1306673954,1306673954,1306672806,-2,0.0,12.0,0.0,0.0,0.0,12.0,0.0,0.0,0
5513,28,1,1306673954,1306673954,1306672807,-2,0.0,12.0,0.0,0.0,0.0,12.0,0.0,0.0,0
5513,29,1,1306673736,1306673736,1306672782,-2,0.0,5.0,0.0,0.0,0.0,5.0,0.0,0.0,0
5513,30,1,1306673736,1306673736,1306672783,-2,0.0,7.0,0.0,0.0,0.0,7.0,0.0,0.0,0
5513,31,1,1306673736,1306673736,1306672784,-2,0.0,2.0,0.0,0.0,0.0,2.0,0.0,0.0,0
5513,32,1,1306673736,1306673736,1306672785,-2,0.0,2.0,0.0,0.0,0.0,2.0,0.0,0.0,0
5513,33,1,1306673736,1306673736,1306672786,-2,0.0,1.0,0.0,0.0,0.0,1.0,0.0,0.0,0
5513,34,1,1306673736,1306673736,1306672787,-2,0.0,2.0,0.0,0.0,0.0,2.0,0.0,0.0,0
5513,35,1,1306673736,1306673736,1306672788,-2,0.0,2.0,0.0,0.0,0.0,2.0,0.0,0.0,0
5513,36,1,1306673736,1306673736,1306672789,-2,0.0,4.0,0.0,0.0,0.0,4.0,0.0,0.0,0
5513,37,1,1306673736,1306673736,1306672790,-2,0.0,1.0,0.0,0.0,0.0,1.0,0.0,0.0,0
5513,38,1,1306673736,1306673736,1306672791,-2,0.0,1.0,0.0,0.0,0.0,1.0,0.0,0.0,0
5513,39,1,1306673736,1306673736,1306672792,-2,0.68,4.0,0.0,0.0,0.0,4.0,0.0,0.0,0
5513,40,1,1306673736,1306673736,1306672793,-2,0.0,1.0,0.0,0.0,0.0,1.0,0.0,0.0,0
5513,41,1,1306673736,1306673736,1306672794,-2,0.0,1.0,0.0,0.0,0.0,1.0,0.0,0.0,0
5513,42,1,1306673736,1306673736,1306672795,-2,0.0,2.0,0.0,0.0,0.0,2.0,0.0,0.0,0
5513,43,1,1306673736,1306673736,1306672796,-2,0.0,2.0,0.0,0.0,0.0,2.0,0.0,0.0,0
5513,44,1,1306673534,1306673534,1306672773,-2,0.0,4.0,0.0,0.0,0.0,4.0,0.0,0.0,0
5513,45,1,1306673534,1306673534,1306672774,-2,0.0,12.0,0.0,0.0,0.0,12.0,0.0,0.0,0
5513,46,1,1306673534,1306673534,1306672775,-2,0.0,1.0,0.0,0.0,0.0,1.0,0.0,0.0,0
5513,47,1,1306673534,1306673534,1306672776,-2,0.0,1.0,0.0,0.0,0.0,1.0,0.0,0.0,0
5513,48,1,1306673534,1306673534,1306672777,-2,0.0,2.0,0.0,0.0,0.0,2.0,0.0,0.0,0
5513,49,1,1306673534,1306673534,1306672778,-2,0.0,2.0,0.0,0.0,0.0,2.0,0.0,0.0,0
5513,50,1,1300860839,1300860839,1300861006,-2,0.0,1.0,0.0,0.0,0.0,1.0,0.0,0.0,0
5493,1,1,1306673534,1306673534,1306672779,-2,0.0,12.0,0.0,0.0,0.0,12.0,0.0,0.0,0
5493,2,1,1306673534,1306673534,1306672780,-2,0.0,12.0,0.0,0.0,0.0,12.0,0.0,0.0,0
5493,3,1,1306673534,1306673534,1306672781,-2,0.0,8.0,0.0,0.0,0.0,8.0,0.0,0.0,0
5493,4,1,1306673342,1306673342,1306672758,-2,0.0,15.0,0.0,0.0,0.0,15.0,0.0,0.0,0
5493,5,1,1306673342,1306673342,1306672759,-2,0.0,27.0,0.0,0.0,0.0,27.0,0.0,0.0,0
5493,6,1,1306673342,1306673342,1306672760,-2,0.0,2.0,0.0,0.0,0.0,2.0,0.0,0.0,0
5493,7,1,1306672775,1306672775,1306672688,-2,0.0,3.0,0.0,0.0,0.0,3.0,0.0,0.0,0
5493,8,1,1300860839,1300860839,1300861007,-2,0.0,2.0,0.0,0.0,0.0,2.0,0.0,0.0,0
5493,9,1,1300860839,1300860839,1300861008,-2,0.0,2.0,0.0,0.0,0.0,2.0,0.0,0.0,0
5493,10,1,1306673011,1306673011,1306672713,-2,0.00783,8.0,0.0,0.0,0.0,8.0,0.0,0.0,0
5493,12,1,1306673011,1306673011,1306672714,-2,0.0,1.0,0.0,0.0,0.0,1.0,0.0,0.0,0
5493,13,1,1306673011,1306673011,1306672715,-2,0.01411,1.0,0.0,0.0,0.0,1.0,0.0,0.0,0
5493,14,1,1306673011,1306673011,1306672716,-2,0.01411,5.0,0.0,0.0,0.0,5.0,0.0,0.0,0
5493,15,1,1306673011,1306673011,1306672717,-2,0.01411,1.0,0.0,0.0,0.0,1.0,0.0,0.0,0
5493,16,1,1306673011,1306673011,1306672718,-2,0.0,12.0,0.0,0.0,0.0,12.0,0.0,0.0,0
5493,17,1,1306673011,1306673011,1306672719,-2,0.0,2.0,0.0,0.0,0.0,2.0,0.0,0.0,0
5493,18,1,1306673011,1306673011,1306672720,-2,0.01547,4.0,0.0,0.0,0.0,4.0,0.0,0.0,0
5493,19,1,1306673342,1306673342,1306672761,-2,0.0,2.0,0.0,0.0,0.0,2.0,0.0,0.0,0
5493,20,1,1306673342,1306673342,1306672762,-2,0.0,1.0,0.0,0.0,0.0,1.0,0.0,0.0,0
5493,21,1,1306673342,1306673342,1306672763,-2,0.0,2.0,0.0,0.0,0.0,2.0,0.0,0.0,0
5493,22,1,1306673342,1306673342,1306672764,-2,0.0,2.0,0.0,0.0,0.0,2.0,0.0,0.0,0
5493,23,1,1306673342,1306673342,1306672765,-2,0.0,14.0,0.0,0.0,0.0,14.0,0.0,0.0,0
5493,24,1,1306673342,1306673342,1306672766,-2,0.0,1.0,0.0,0.0,0.0,1.0,0.0,0.0,0
5493,25,1,1306673342,1306673342,1306672767,-2,0.0,1.0,0.0,0.0,0.0,1.0,0.0,0.0,0
5493,26,1,1306673342,1306673342,1306672768,-2,0.68,14.0,0.0,0.0,0.0,14.0,0.0,0.0,0
5493,27,1,1306673342,1306673342,1306672769,-2,0.0,1.0,0.0,0.0,0.0,1.0,0.0,0.0,0
5493,28,1,1306673342,1306673342,1306672770,-2,0.0,1.0,0.0,0.0,0.0,1.0,0.0,0.0,0
5493,29,1,1306673342,1306673342,1306672771,-2,0.0,2.0,0.0,0.0,0.0,2.0,0.0,0.0,0
5493,30,1,1306673342,1306673342,1306672772,-2,0.0,12.0,0.0,0.0,0.0,12.0,0.0,0.0,0
5493,31,1,1306673011,1306673011,1306672721,-2,0.0,4.0,0.0,0.0,0.0,4.0,0.0,0.0,0
5493,32,1,1306673011,1306673011,1306672722,-2,0.0,1.0,0.0,0.0,0.0,1.0,0.0,0.0,0
5493,40,1,1306673166,1306673166,1306672738,-2,0.01411,9.0,0.0,0.0,0.0,9.0,0.0,0.0,0
5493,41,1,1306673166,1306673166,1306672739,-2,0.01411,1.0,0.0,0.0,0.0,1.0,0.0,0.0,0
5493,42,1,1306673166,1306673166,1306672740,-2,0.0,17.0,0.0,0.0,0.0,17.0,0.0,0.0,0
5493,43,1,1306673166,1306673166,1306672741,-2,0.0,1.0,0.0,0.0,0.0,1.0,0.0,0.0,0
5493,44,1,1306673166,1306673166,1306672742,-2,0.0,2.0,0.0,0.0,0.0,2.0,0.0,0.0,0
5493,45,1,1306673166,1306673166,1306672743,-2,0.01547,8.0,0.0,0.0,0.0,8.0,0.0,0.0,0
5493,46,1,1306673166,1306673166,1306672744,-2,0.0,8.0,0.0,0.0,0.0,8.0,0.0,0.0,0
5493,48,1,1306673166,1306673166,1306672745,-2,0.0,1.0,0.0,0.0,0.0,1.0,0.0,0.0,0
5493,49,1,1306673166,1306673166,1306672746,-2,0.0,1.0,0.0,0.0,0.0,1.0,0.0,0.0,0
5493,50,1,1306673166,1306673166,1306672747,-2,0.0,1.0,0.0,0.0,0.0,1.0,0.0,0.0,0
5493,51,1,1306673166,1306673166,1306672748,-2,0.0,1.0,0.0,0.0,0.0,1.0,0.0,0.0,0
5493,52,1,1306673166,1306673166,1306672749,-2,0.0,1.0,0.0,0.0,0.0,1.0,0.0,0.0,0
5493,53,1,1306673166,1306673166,1306672750,-2,0.0,2.0,0.0,0.0,0.0,2.0,0.0,0.0,0
5493,54,1,1306673166,1306673166,1306672751,-2,0.0,2.0,0.0,0.0,0.0,2.0,0.0,0.0,0
5493,55,1,1306673166,1306673166,1306672752,-2,0.0,2.0,0.0,0.0,0.0,2.0,0.0,0.0,0
5493,56,1,1306673166,1306673166,1306672753,-2,0.0,1.0,0.0,0.0,0.0,1.0,0.0,0.0,0
5493,57,1,1306673166,1306673166,1306672754,-2,0.0,1.0,0.0,0.0,0.0,1.0,0.0,0.0,0
5493,58,1,1306673166,1306673166,1306672755,-2,0.0,1.0,0.0,0.0,0.0,1.0,0.0,0.0,0
5863,1,1,1300860839,1300860839,1300861009,-2,0.0,3.0,0.0,0.0,0.0,3.0,0.0,0.0,0
5863,2,1,1300860839,1300860839,1300861010,-2,0.0,3.0,0.0,0.0,0.0,3.0,0.0,0.0,0
5863,3,1,1300860839,1300860839,1300861011,-2,0.0,95.0,0.0,0.0,0.0,95.0,0.0,0.0,0
5863,4,1,1300860839,1300860839,1300861012,-2,0.0,95.0,0.0,0.0,0.0,95.0,0.0,0.0,0
5863,5,1,1300860839,1300860839,1300861013,-2,0.0,0.0,0.0,0.0,0.0,0.0,0.0,0.0,0
5863,6,1,1300860839,1300860839,1300861014,-2,0.0,100.0,0.0,0.0,0.0,100.0,0.0,0.0,0
5863,7,1,1300860839,1300860839,1300861015,-2,0.0,80.0,0.0,0.0,0.0,80.0,0.0,0.0,0
5863,8,1,1300860839,1300860839,1300861016,-2,0.0,40.0,0.0,0.0,0.0,40.0,0.0,0.0,0
5863,9,1,1300860839,1300860839,1300861017,-2,0.0,25.0,0.0,0.0,0.0,25.0,0.0,0.0,0
5863,10,1,1300860839,1300860839,1300861018,-2,0.0,20.0,0.0,0.0,0.0,20.0,0.0,0.0,0
5863,11,1,1300860839,1300860839,1300861019,-2,0.0,20.0,0.0,0.0,0.0,20.0,0.0,0.0,0
5863,12,1,1300860839,1300860839,1300861020,-2,0.0,40.0,0.0,0.0,0.0,40.0,0.0,0.0,0
5863,13,1,1300860839,1300860839,1300861021,-2,0.0,0.0,0.0,0.0,0.0,0.0,0.0,0.0,0
5863,14,1,1300860839,1300860839,1300861022,-2,0.0,0.0,0.0,0.0,0.0,0.0,0.0,0.0,0
5863,15,1,1300860839,1300860839,1300861023,-2,0.0,0.0,0.0,0.0,0.0,0.0,0.0,0.0,0
5863,16,1,1300860839,1300860839,1300861024,-2,0.0,0.0,0.0,0.0,0.0,0.0,0.0,0.0,0
5863,17,1,1300860839,1300860839,1300861025,-2,0.0,0.0,0.0,0.0,0.0,0.0,0.0,0.0,0
5863,18,1,1300860839,1300860839,1300861026,-2,0.0,0.0,0.0,0.0,0.0,0.0,0.0,0.0,0
5863,19,1,1300860839,1300860839,1300861027,-2,0.0,1.5,0.0,0.0,0.0,1.5,0.0,0.0,0
5863,20,1,1300860839,1300860839,1300861028,-2,0.0,0.0,0.0,0.0,0.0,0.0,0.0,0.0,0
5863,21,1,1300860839,1300860839,1300861029,-2,0.0,0.0,0.0,0.0,0.0,0.0,0.0,0.0,0
5863,22,1,1300860839,1300860839,1300861030,-2,0.0,0.0,0.0,0.0,0.0,0.0,0.0,0.0,0
5863,23,1,1300860839,1300860839,1300861031,-2,0.0,0.0,0.0,0.0,0.0,0.0,0.0,0.0,0
5863,24,1,1300860839,1300860839,1300861032,-2,0.0,0.0,0.0,0.0,0.0,0.0,0.0,0.0,0
5863,25,1,1300860839,1300860839,1300861033,-2,0.0,0.0,0.0,0.0,0.0,0.0,0.0,0.0,0
5863,26,1,1300860839,1300860839,1300861034,-2,0.0,0.0,0.0,0.0,0.0,0.0,0.0,0.0,0
5863,27,1,1300860839,1300860839,1300861035,-2,0.0,1.5,0.0,0.0,0.0,1.5,0.0,0.0,0
5863,28,1,1300860839,1300860839,1300861036,-2,0.0,0.15,0.0,0.0,0.0,0.15,0.0,0.0,0
5863,29,1,1300860839,1300860839,1300861037,-2,0.0,90.0,0.0,0.0,0.0,90.0,0.0,0.0,0
5863,30,1,1300860839,1300860839,1300861038,-2,0.0,50.0,0.0,0.0,0.0,50.0,0.0,0.0,0
5863,31,1,38624603,1310539391,1310539433,48005959,0.9974732999999999,0.21999999999999997,0.0,0.0,0.0,0.06666666666666667,0.0,0.0,
5863,32,1,38624603,1310539391,1310634354,48005959,36.18,2.5300000000000002,0.0,0.0,0.0,0.7666666666666667,0.0,0.0,
5863,33,1,49070797,1308348189,1308348266,33627471,64.1903406,0.22988505747126436,0.0,0.0,0.0,0.022988505747126436,0.0,0.0,
5863,34,1,1300860839,1300860839,1300861039,-2,0.0,1.0,0.0,0.0,0.0,1.0,0.0,0.0,0
5863,35,1,45748066,1308344164,1308344271,-1,64.2,0.18518518518518517,0.0,0.0,0.0,0.018518518518518517,0.0,0.0,
5863,36,1,1300860839,1300860839,1300861040,-2,0.0,1.0,0.0,0.0,0.0,1.0,0.0,0.0,0
5863,37,1,1300860839,1300860839,1300861041,-2,0.0,4.0,0.0,0.0,0.0,4.0,0.0,0.0,0
5863,38,1,1300860839,1300860839,1300861042,-2,0.0,4.0,0.0,0.0,0.0,4.0,0.0,0.0,0
5863,39,1,1300860839,1300860839,1300861043,-2,0.0,1.0,0.0,0.0,0.0,1.0,0.0,0.0,0
5863,40,1,36650426,1308356621,1308356653,-1,3.27,10.0,0.0,0.0,0.0,1.0,0.0,0.0,
5863,41,1,36650426,1308356621,1308356672,-1,8.7,10.0,0.0,0.0,0.0,1.0,0.0,0.0,
5863,42,1,36650426,1308356621,1308356693,-1,71.269738,10.0,0.0,0.0,0.0,1.0,0.0,0.0,
5863,43,1,36650426,1308356621,1310744658,-1,23.94,3.3000000000000003,0.0,0.0,0.0,0.33,0.0,0.0,
5863,44,1,36650426,1308356621,1310763166,-1,1.14,10.0,0.0,0.0,0.0,1.0,0.0,0.0,
5863,45,1,1300860839,1300860839,1300861044,-2,0.0,1.0,0.0,0.0,0.0,1.0,0.0,0.0,0
5863,46,1,1300860839,1300860839,1300861045,-2,0.0,1.0,0.0,0.0,0.0,1.0,0.0,0.0,0
5863,47,1,1300860839,1300860839,1300861046,-2,0.0,1.0,0.0,0.0,0.0,1.0,0.0,0.0,0
5863,48,1,1300860839,1300860839,1300861047,-2,0.0,15.0,0.0,0.0,0.0,15.0,0.0,0.0,0
5863,49,1,1300860839,1300860839,1300861048,-2,0.0,15.0,0.0,0.0,0.0,15.0,0.0,0.0,0
5863,50,1,1300860839,1300860839,1300861049,-2,0.0,15.0,0.0,0.0,0.0,15.0,0.0,0.0,0
5863,51,1,1300860839,1300860839,1300861050,-2,0.0,2.0,0.0,0.0,0.0,2.0,0.0,0.0,0
5814,1,1,1306673011,1306673011,1306672723,-2,0.0,1.0,0.0,0.0,0.0,1.0,0.0,0.0,0
5814,2,1,1306673011,1306673011,1306672724,-2,0.0,1.0,0.0,0.0,0.0,1.0,0.0,0.0,0
5814,3,1,1306673011,1306673011,1306672725,-2,0.0,1.0,0.0,0.0,0.0,1.0,0.0,0.0,0
5814,4,1,1306673011,1306673011,1306672726,-2,0.0,1.0,0.0,0.0,0.0,1.0,0.0,0.0,0
5814,5,1,1306673011,1306673011,1306672727,-2,0.0,1.0,0.0,0.0,0.0,1.0,0.0,0.0,0
5814,6,1,1306673011,1306673011,1306672728,-2,0.0,2.0,0.0,0.0,0.0,2.0,0.0,0.0,0
5814,7,1,1306673011,1306673011,1306672729,-2,0.0,3.0,0.0,0.0,0.0,3.0,0.0,0.0,0
5814,8,1,1306673011,1306673011,1306672730,-2,0.0,3.0,0.0,0.0,0.0,3.0,0.0,0.0,0
5814,9,1,1306673011,1306673011,1306672731,-2,0.0,1.0,0.0,0.0,0.0,1.0,0.0,0.0,0
5814,10,1,1306673011,1306673011,1306672732,-2,0.94,3.0,0.0,0.0,0.0,3.0,0.0,0.0,0
5814,11,1,1306673011,1306673011,1306672733,-2,0.0,1.0,0.0,0.0,0.0,1.0,0.0,0.0,0
5814,12,1,1306673011,1306673011,1306672734,-2,0.0,1.0,0.0,0.0,0.0,1.0,0.0,0.0,0
5814,13,1,1306673011,1306673011,1306672735,-2,0.0,4.0,0.0,0.0,0.0,4.0,0.0,0.0,0
5814,14,1,1306673011,1306673011,1306672736,-2,0.0,2.0,0.0,0.0,0.0,2.0,0.0,0.0,0
5814,15,1,1306673011,1306673011,1306672737,-2,0.0,4.0,0.0,0.0,0.0,4.0,0.0,0.0,0
5814,16,1,1306672775,1306672775,1306672689,-2,0.0,5.0,0.0,0.0,0.0,5.0,0.0,0.0,0
5814,17,1,1306672775,1306672775,1306672690,-2,0.0,5.0,0.0,0.0,0.0,5.0,0.0,0.0,0
5814,18,1,1306672775,1306672775,1306672691,-2,0.0,2.0,0.0,0.0,0.0,2.0,0.0,0.0,0
5814,19,1,1306672589,1306672589,1306672615,-2,0.0,2.0,0.0,0.0,0.0,2.0,0.0,0.0,0
5814,20,1,1306673166,1306673166,1306672756,-2,0.0,1.0,0.0,0.0,0.0,1.0,0.0,0.0,0
5814,21,1,1306673166,1306673166,1306672757,-2,0.0,8.0,0.0,0.0,0.0,8.0,0.0,0.0,0
5814,22,1,1306672589,1306672589,1306672616,-2,0.0,2.0,0.0,0.0,0.0,2.0,0.0,0.0,0
5814,23,1,1306672589,1306672589,1306672617,-2,0.0,4.0,0.0,0.0,0.0,4.0,0.0,0.0,0
5814,24,1,1306672589,1306672589,1306672618,-2,0.68,2.0,0.0,0.0,0.0,2.0,0.0,0.0,0
5814,25,1,1306672589,1306672589,1306672619,-2,0.0,2.0,0.0,0.0,0.0,2.0,0.0,0.0,0
5814,26,1,1306672589,1306672589,1306672620,-2,0.0,2.0,0.0,0.0,0.0,2.0,0.0,0.0,0
5814,27,1,1306672589,1306672589,1306672621,-2,0.0,1.0,0.0,0.0,0.0,1.0,0.0,0.0,0
5814,28,1,1306672589,1306672589,1306672622,-2,0.0,4.0,0.0,0.0,0.0,4.0,0.0,0.0,0
5814,29,1,1306672589,1306672589,1306672623,-2,0.0,4.0,0.0,0.0,0.0,4.0,0.0,0.0,0
5814,30,1,1306672589,1306672589,1306672624,-2,0.0,1.0,0.0,0.0,0.0,1.0,0.0,0.0,0
5814,31,1,1306672589,1306672589,1306672625,-2,0.0,1.0,0.0,0.0,0.0,1.0,0.0,0.0,0
5814,32,1,1306672589,1306672589,1306672626,-2,0.0,4.0,0.0,0.0,0.0,4.0,0.0,0.0,0
5814,33,1,1306672589,1306672589,1306672627,-2,0.0,3.0,0.0,0.0,0.0,3.0,0.0,0.0,0
5814,34,1,1306672589,1306672589,1306672628,-2,0.0,3.0,0.0,0.0,0.0,3.0,0.0,0.0,0
5814,35,1,38624603,1310539391,1310539433,-1,1.0,0.21999999999999997,0.0,0.0,0.0,0.06666666666666667,0.0,0.0,
5814,36,1,38624603,1310539391,1310634354,-1,36.18,2.5300000000000002,0.0,0.0,0.0,0.7666666666666667,0.0,0.0,
5814,37,1,38624603,1310539391,1310634540,-1,28.36,1.1,0.0,0.0,0.0,0.33333333333333337,0.0,0.0,
5814,38,1,38624603,1310539391,1310743706,-1,9.55,3.3,0.0,0.0,0.0,1.0,0.0,0.0,
5814,39,1,49070797,1308348189,1308348266,48264767,32.82,0.22988505747126436,0.0,0.0,0.0,0.022988505747126436,0.0,0.0,
5814,40,1,45748066,1308344164,1308344271,39234588,32.82,0.18518518518518517,0.0,0.0,0.0,0.018518518518518517,0.0,0.0,
5814,41,1,47854542,1308344782,1308344841,47049208,13.068572,1.4598540145985404,0.0,0.0,0.0,0.14598540145985403,0.0,0.0,
5814,42,1,47854542,1308344782,1308344841,-1,13.068572,1.4598540145985404,0.0,0.0,0.0,0.14598540145985403,0.0,0.0,
5814,43,1,38624603,1310539391,1310539433,42348863,0.51,0.21999999999999997,0.0,0.0,0.0,0.06666666666666667,0.0,0.0,
5814,44,1,38624603,1310539391,1310634354,42348863,18.5,2.5300000000000002,0.0,0.0,0.0,0.7666666666666667,0.0,0.0,
5814,45,1,38624603,1310539391,1310634540,42348863,14.5,1.1,0.0,0.0,0.0,0.33333333333333337,0.0,0.0,
5814,46,1,38624603,1310539391,1310743706,42348863,4.89,3.3,0.0,0.0,0.0,1.0,0.0,0.0,
5814,47,1,41682963,1308351747,1308351779,35692777,1.4756400137931,10.0,0.0,0.0,0.0,1.0,0.0,0.0,
5814,48,1,41682963,1308351747,1308351791,35692777,1.188710011111111,10.0,0.0,0.0,0.0,1.0,0.0,0.0,
5780,1,1,1300860839,1300860839,1300861051,-2,4.3766419999999995,4.5,0.0,0.0,0.0,4.5,0.0,0.0,0
5780,2,1,1300860839,1300860839,1300861052,-2,0.0,4.0,0.0,0.0,0.0,4.0,0.0,0.0,0
5780,3,1,1300860839,1300860839,1300861053,-2,0.0,4.0,0.0,0.0,0.0,4.0,0.0,0.0,0
5780,4,1,1300860839,1300860839,1300861054,-2,0.0,5.0,0.0,0.0,0.0,5.0,0.0,0.0,0
5780,5,1,1300860839,1300860839,1300861055,-2,0.0,1.0,0.0,0.0,0.0,1.0,0.0,0.0,0
5780,6,1,1300860839,1300860839,1300861056,-2,0.0,4.5,0.0,0.0,0.0,4.5,0.0,0.0,0
5780,7,1,1300860839,1300860839,1300861057,-2,0.0,1.0,0.0,0.0,0.0,1.0,0.0,0.0,0
5780,8,1,1300860839,1300860839,1300861058,-2,0.0,4.0,0.0,0.0,0.0,4.0,0.0,0.0,0
5780,9,1,1300860839,1300860839,1300861059,-2,0.0,2.0,0.0,0.0,0.0,2.0,0.0,0.0,0
5780,10,1,1300860839,1300860839,1300861060,-2,0.0,1.0,0.0,0.0,0.0,1.0,0.0,0.0,0
5780,11,1,1300860839,1300860839,1300861061,-2,0.0,1.0,0.0,0.0,0.0,1.0,0.0,0.0,0
5780,12,1,1300860839,1300860839,1300861062,-2,0.0,3.0,0.0,0.0,0.0,3.0,0.0,0.0,0
5780,13,1,1300860839,1300860839,1300861063,-2,0.0,2.0,0.0,0.0,0.0,2.0,0.0,0.0,0
5780,14,1,1300860839,1300860839,1300861064,-2,0.0,1.0,0.0,0.0,0.0,1.0,0.0,0.0,0
5780,15,1,1300860839,1300860839,1300861065,-2,0.0,3.0,0.0,0.0,0.0,3.0,0.0,0.0,0
5780,16,1,1300860839,1300860839,1300861066,-2,0.0,3.0,0.0,0.0,0.0,3.0,0.0,0.0,0
5780,17,1,41682963,1308351747,1308351801,35692777,3.7313730182131386,10.0,0.0,0.0,0.0,1.0,0.0,0.0,
5780,18,1,38624603,1310539391,1310634540,48005959,28.36,1.1,0.0,0.0,0.0,0.33333333333333337,0.0,0.0,
5780,19,1,38624603,1310539391,1310743706,48005959,9.55,3.3,0.0,0.0,0.0,1.0,0.0,0.0,
5780,20,1,49070797,1308348189,1308348266,-1,64.2,0.22988505747126436,0.0,0.0,0.0,0.022988505747126436,0.0,0.0,
5780,21,1,45748066,1308344164,1308344271,34698093,64.1903406,0.18518518518518517,0.0,0.0,0.0,0.018518518518518517,0.0,0.0,
5780,22,1,47854542,1308344782,1308344841,50108062,13.068572,1.4598540145985404,0.0,0.0,0.0,0.14598540145985403,0.0,0.0,
5780,23,1,39314364,1308356621,1308356653,-1,6.4,10.0,0.0,0.0,0.0,1.0,0.0,0.0,
5780,24,1,39314364,1308356621,1308356672,-1,17.02,10.0,0.0,0.0,0.0,1.0,0.0,0.0,
5780,25,1,39314364,1308356621,1308356693,-1,139.392004,10.0,0.0,0.0,0.0,1.0,0.0,0.0,
5780,26,1,39314364,1308356621,1308356769,-1,28.36,1.0,0.0,0.0,0.0,0.1,0.0,0.0,
5780,27,1,39314364,1308356621,1308356802,-1,36.18,2.3000000000000003,0.0,0.0,0.0,0.23000000000000004,0.0,0.0,
5780,28,1,41682963,1308351747,1308351779,-1,1.46,10.0,0.0,0.0,0.0,1.0,0.0,0.0,
5780,29,1,41682963,1308351747,1308351791,-1,1.19,10.0,0.0,0.0,0.0,1.0,0.0,0.0,
5780,30,1,41682963,1308351747,1308351801,-1,3.73,10.0,0.0,0.0,0.0,1.0,0.0,0.0,
5780,31,1,41682963,1308351747,1308351779,41101048,1.4756400137931,10.0,0.0,0.0,0.0,1.0,0.0,0.0,
5780,32,1,41682963,1308351747,1308351791,41101048,1.188710011111111,10.0,0.0,0.0,0.0,1.0,0.0,0.0,
5780,33,1,41682963,1308351747,1308351801,41101048,3.7313730182131386,10.0,0.0,0.0,0.0,1.0,0.0,0.0,
5780,34,1,36650426,1308356621,1308356653,42476671,3.27,10.0,0.0,0.0,0.0,1.0,0.0,0.0,
5780,35,1,36650426,1308356621,1308356672,42476671,8.7,10.0,0.0,0.0,0.0,1.0,0.0,0.0,
5780,36,1,36650426,1308356621,1308356693,42476671,69.26000000000002,10.0,0.0,0.0,0.0,1.0,0.0,0.0,
5780,37,1,36650426,1308356621,1310744658,42476671,23.94,3.3000000000000003,0.0,0.0,0.0,0.33,0.0,0.0,
5780,38,1,36650426,1308356621,1310763166,42476671,1.14,10.0,0.0,0.0,0.0,1.0,0.0,0.0,
5780,39,1,36650426,1308356621,1308356653,49022476,3.27,10.0,0.0,0.0,0.0,1.0,0.0,0.0,
5780,40,1,36650426,1308356621,1308356672,49022476,8.7,10.0,0.0,0.0,0.0,1.0,0.0,0.0,
5780,41,1,36650426,1308356621,1308356693,49022476,69.26000000000002,10.0,0.0,0.0,0.0,1.0,0.0,0.0,
5780,42,1,36650426,1308356621,1310744658,49022476,23.94,3.3000000000000003,0.0,0.0,0.0,0.33,0.0,0.0,
5780,43,1,36650426,1308356621,1310763166,49022476,1.14,10.0,0.0,0.0,0.0,1.0,0.0,0.0,
5780,45,1,1300860839,1300860839,1300861067,-2,0.0,50.0,0.0,0.0,0.0,50.0,0.0,0.0,0
5780,46,1,1300860839,1300860839,1300861068,-2,0.0,1.0,0.0,0.0,0.0,1.0,0.0,0.0,0
5780,47,1,1300860839,1300860839,1300861069,-2,0.0,1.0,0.0,0.0,0.0,1.0,0.0,0.0,0
5761,1,1,1300860839,1300860839,1300861070,-2,0.0,2.0,0.0,0.0,0.0,2.0,0.0,0.0,0
5761,2,1,1300860839,1300860839,1300861071,-2,0.0,1.0,0.0,0.0,0.0,1.0,0.0,0.0,0
5761,3,1,1300860839,1300860839,1300861072,-2,0.0,1.0,0.0,0.0,0.0,1.0,0.0,0.0,0
5761,4,1,1300860839,1300860839,1300861073,-2,0.0,1.0,0.0,0.0,0.0,1.0,0.0,0.0,0
5761,5,1,1300860839,1300860839,1300861074,-2,0.0,1.0,0.0,0.0,0.0,1.0,0.0,0.0,0
5761,6,1,1300860839,1300860839,1300861075,-2,0.0,1.0,0.0,0.0,0.0,1.0,0.0,0.0,0
5761,7,1,1300860839,1300860839,1300861076,-2,0.0,1.0,0.0,0.0,0.0,1.0,0.0,0.0,0
5761,8,1,1300860839,1300860839,1300861077,-2,0.0,2.0,0.0,0.0,0.0,2.0,0.0,0.0,0
5761,9,1,1300860839,1300860839,1300861078,-2,0.0,1.0,0.0,0.0,0.0,1.0,0.0,0.0,0
5761,10,1,1300860839,1300860839,1300861079,-2,0.0,1.0,0.0,0.0,0.0,1.0,0.0,0.0,0
5761,11,1,1300860839,1300860839,1300861080,-2,0.0,1.0,0.0,0.0,0.0,1.0,0.0,0.0,0
5761,12,1,1300860839,1300860839,1300861081,-2,0.0,1.0,0.0,0.0,0.0,1.0,0.0,0.0,0
5761,13,1,1300860839,1300860839,1300861082,-2,0.0,1.0,0.0,0.0,0.0,1.0,0.0,0.0,0
5761,14,1,1300860839,1300860839,1300861083,-2,0.0,1.0,0.0,0.0,0.0,1.0,0.0,0.0,0
5761,15,1,1300860839,1300860839,1300861084,-2,0.0,1.0,0.0,0.0,0.0,1.0,0.0,0.0,0
5761,16,1,1300860839,1300860839,1300861085,-2,0.0,1.0,0.0,0.0,0.0,1.0,0.0,0.0,0
5761,17,1,1300860839,1300860839,1300861086,-2,0.0,188.0,0.0,0.0,0.0,188.0,0.0,0.0,0
5761,18,1,1300860839,1300860839,1300861087,-2,69.238637,282.0,0.0,0.0,0.0,282.0,0.0,0.0,0
5761,19,1,1300860839,1300860839,1300861089,-2,112.58,1.0,0.0,0.0,0.0,1.0,0.0,0.0,0
5761,20,1,1300860839,1300860839,1300861090,-2,0.0,82.0,0.0,0.0,0.0,82.0,0.0,0.0,0
5761,21,1,1300860839,1300860839,1300861091,-2,0.0,90.0,0.0,0.0,0.0,90.0,0.0,0.0,0
5761,22,1,1300860839,1300860839,1300861092,-2,0.0,92.24,0.0,0.0,0.0,92.24,0.0,0.0,0
5761,23,1,1300860839,1300860839,1300861093,-2,0.0,6.0,0.0,0.0,0.0,6.0,0.0,0.0,0
5761,24,1,1300860839,1300860839,1300861094,-2,0.0,10.0,0.0,0.0,0.0,10.0,0.0,0.0,0
5761,25,1,1300860839,1300860839,1300861095,-2,16.62,20.0,0.0,0.0,0.0,20.0,0.0,0.0,0
5761,26,1,1300860839,1300860839,1300861096,-2,0.0,10.0,0.0,0.0,0.0,10.0,0.0,0.0,0
5761,27,1,1300860839,1300860839,1300861097,-2,0.0,200.0,0.0,0.0,0.0,200.0,0.0,0.0,0
5761,28,1,1300860839,1300860839,1300861098,-2,0.0,12.0,0.0,0.0,0.0,12.0,0.0,0.0,0
5761,29,1,1300860839,1300860839,1300861099,-2,0.0,1.0,0.0,0.0,0.0,1.0,0.0,0.0,0
5761,30,1,1300860839,1300860839,1300861100,-2,0.0,2.0,0.0,0.0,0.0,2.0,0.0,0.0,0
5761,31,1,1300860839,1300860839,1300861101,-2,0.0,14.0,0.0,0.0,0.0,14.0,0.0,0.0,0
5761,32,1,1300860839,1300860839,1300861102,-2,82.0,5.0,0.0,0.0,0.0,5.0,0.0,0.0,0
5761,33,1,1300860839,1300860839,1300861103,-2,0.0,1.0,0.0,0.0,0.0,1.0,0.0,0.0,0
5761,34,1,1300860839,1300860839,1300861104,-2,0.0,1.0,0.0,0.0,0.0,1.0,0.0,0.0,0
5761,35,1,1300860839,1300860839,1300861105,-2,0.0,1.0,0.0,0.0,0.0,1.0,0.0,0.0,0
5761,36,1,1300860839,1300860839,1300861106,-2,0.0,1.0,0.0,0.0,0.0,1.0,0.0,0.0,0
5761,37,1,1300860839,1300860839,1300861107,-2,0.0,2.0,0.0,0.0,0.0,2.0,0.0,0.0,0
5761,38,1,1300860839,1300860839,1300861108,-2,0.0,1.0,0.0,0.0,0.0,1.0,0.0,0.0,0
5778,1,1,1300860839,1300860839,1300861109,-2,0.0,0.0,0.0,0.0,0.0,0.0,0.0,0.0,0
5778,2,1,1300860839,1300860839,1300861110,-2,0.0,10.0,0.0,0.0,0.0,10.0,0.0,0.0,0
5778,3,1,1300860839,1300860839,1300861111,-2,0.0,9.0,0.0,0.0,0.0,9.0,0.0,0.0,0
5778,4,1,1300860839,1300860839,1300861112,-2,0.0,4.0,0.0,0.0,0.0,4.0,0.0,0.0,0
5778,5,1,1300860839,1300860839,1300861113,-2,0.0,10.0,0.0,0.0,0.0,10.0,0.0,0.0,0
5778,6,1,1300860839,1300860839,1300861114,-2,0.0,6.0,0.0,0.0,0.0,6.0,0.0,0.0,0
5778,7,1,1300860839,1300860839,1300861115,-2,0.0,3.0,0.0,0.0,0.0,3.0,0.0,0.0,0
5778,8,1,1300860839,1300860839,1300861116,-2,0.0,3.0,0.0,0.0,0.0,3.0,0.0,0.0,0
5778,9,1,1300860839,1300860839,1300861117,-2,0.0,3.0,0.0,0.0,0.0,3.0,0.0,0.0,0
5778,10,1,1300860839,1300860839,1300861118,-2,0.0,4.0,0.0,0.0,0.0,4.0,0.0,0.0,0
5778,11,1,1300860839,1300860839,1300861119,-2,0.0,10.0,0.0,0.0,0.0,10.0,0.0,0.0,0
5778,12,1,1300860839,1300860839,1300861120,-2,0.0,2.0,0.0,0.0,0.0,2.0,0.0,0.0,0
5778,13,1,1300860839,1300860839,1300861121,-2,6700.0,1.0,0.0,0.0,0.0,1.0,0.0,0.0,0
5778,14,1,1300860839,1300860839,1300861122,-2,534.89,1.0,0.0,0.0,0.0,1.0,0.0,0.0,0
5778,15,1,1300860839,1300860839,1300861123,-2,220.4,4.0,0.0,0.0,0.0,4.0,0.0,0.0,0
5778,16,1,1300860839,1300860839,1300861124,-2,0.0,10.0,0.0,0.0,0.0,10.0,0.0,0.0,0
5778,17,1,1300860839,1300860839,1300861125,-2,0.0,450.0,0.0,0.0,0.0,450.0,0.0,0.0,0
5778,18,1,1300860839,1300860839,1300861126,-2,0.0,1.0,0.0,0.0,0.0,1.0,0.0,0.0,0
5778,19,1,1300860839,1300860839,1300861127,-2,0.0,2.0,0.0,0.0,0.0,2.0,0.0,0.0,0
5778,20,1,1300860839,1300860839,1300861128,-2,0.0,2.0,0.0,0.0,0.0,2.0,0.0,0.0,0
5778,21,1,1300860839,1300860839,1300861129,-2,0.0,1.0,0.0,0.0,0.0,1.0,0.0,0.0,0
5778,22,1,1300860839,1300860839,1300861130,-2,0.0,2.0,0.0,0.0,0.0,2.0,0.0,0.0,0
5778,23,1,1300860839,1300860839,1300861131,-2,12.5,1.0,0.0,0.0,0.0,1.0,0.0,0.0,0
5778,24,1,1300860839,1300860839,1300861132,-2,0.0,1.0,0.0,0.0,0.0,1.0,0.0,0.0,0
5778,25,1,1300860839,1300860839,1300861133,-2,0.0,1.0,0.0,0.0,0.0,1.0,0.0,0.0,0
5778,26,1,1300860839,1300860839,1300861134,-2,0.0,1.0,0.0,0.0,0.0,1.0,0.0,0.0,0
5778,27,1,1300860839,1300860839,1300861135,-2,0.0,1.0,0.0,0.0,0.0,1.0,0.0,0.0,0
5778,28,1,1300860839,1300860839,1300861136,-2,2809.0,1.0,0.0,0.0,0.0,1.0,0.0,0.0,0
5778,29,1,1300860839,1300860839,1300861137,-2,0.0,1.0,0.0,0.0,0.0,1.0,0.0,0.0,0
5778,30,1,1300860839,1300860839,1300861138,-2,0.0,1.0,0.0,0.0,0.0,1.0,0.0,0.0,0
5778,31,1,1300860839,1300860839,1300861139,-2,0.0,1.0,0.0,0.0,0.0,1.0,0.0,0.0,0
7663,0,1,39297021,1300860839,1300860995,46494003,6.832,0.0,0.0,0.0,0.0,13.0,0.0,0.0,0
7663,1,1,39297021,1300860839,1300860996,46494003,0.0,0.0,0.0,0.0,0.0,1.0,0.0,0.0,0
7663,2,1,39297021,1300860839,1300860997,46494003,0.0,0.0,0.0,0.0,0.0,1.0,0.0,0.0,0
7663,3,1,39297021,1300860839,1300860998,46494003,0.5168,0.0,0.0,0.0,0.0,53.0,0.0,0.0,0
7663,4,1,39297021,1300860839,1300860999,46494003,0.5644,0.0,0.0,0.0,0.0,57.0,0.0,0.0,0
7663,5,1,39297021,1300860839,1300861000,46494003,0.0,0.0,0.0,0.0,0.0,8.0,0.0,0.0,0
7663,6,1,39297021,1300860839,1300861001,46494003,0.0,0.0,0.0,0.0,0.0,2.0,0.0,0.0,0
7663,7,1,39297021,1300860839,1300861002,46494003,0.0,0.0,0.0,0.0,0.0,1.0,0.0,0.0,0
7663,8,1,39297021,1300860839,1300861003,46494003,0.0,0.0,0.0,0.0,0.0,1.0,0.0,0.0,0
7663,9,1,39297021,1300860839,1300861004,46494003,0.0,0.0,0.0,0.0,0.0,1.0,0.0,0.0,0
7663,10,1,39297021,1300860839,1300861005,46494003,0.0,0.0,0.0,0.0,0.0,1.0,0.0,0.0,0
7663,11,1,39297021,1300860839,1300861006,46494003,0.0,0.0,0.0,0.0,0.0,1.0,0.0,0.0,0
7663,12,1,39297021,1300860839,1300861007,46494003,0.0,0.0,0.0,0.0,0.0,2.0,0.0,0.0,0
7663,13,1,39297021,1300860839,1300861008,46494003,0.0,0.0,0.0,0.0,0.0,2.0,0.0,0.0,0
7663,14,1,39297021,1300860839,1300861009,46494003,0.0,0.0,0.0,0.0,0.0,3.0,0.0,0.0,0
7663,15,1,39297021,1300860839,1300861010,46494003,0.0,0.0,0.0,0.0,0.0,3.0,0.0,0.0,0
7663,16,1,39297021,1300860839,1300861011,46494003,15.93,0.0,0.0,0.0,0.0,95.0,0.0,0.0,0
7663,17,1,39297021,1300860839,1300861012,46494003,15.93,0.0,0.0,0.0,0.0,95.0,0.0,0.0,0
7663,18,1,39297021,1300860839,1300861013,46494003,0.0,0.0,0.0,0.0,0.0,0.0,0.0,0.0,0
7663,19,1,39297021,1300860839,1300861014,46494003,0.0,0.0,0.0,0.0,0.0,100.0,0.0,0.0,0
7663,20,1,39297021,1300860839,1300861015,46494003,0.0,0.0,0.0,0.0,0.0,80.0,0.0,0.0,0
7663,21,1,39297021,1300860839,1300861016,46494003,1.8,0.0,0.0,0.0,0.0,40.0,0.0,0.0,0
7663,22,1,39297021,1300860839,1300861017,46494003,3.24,0.0,0.0,0.0,0.0,25.0,0.0,0.0,0
7663,23,1,39297021,1300860839,1300861018,46494003,0.0,0.0,0.0,0.0,0.0,20.0,0.0,0.0,0
7663,24,1,39297021,1300860839,1300861019,46494003,11.61,0.0,0.0,0.0,0.0,20.0,0.0,0.0,0
7663,25,1,39297021,1300860839,1300861020,46494003,0.0,0.0,0.0,0.0,0.0,40.0,0.0,0.0,0
7663,26,1,39297021,1300860839,1300861021,46494003,21.964,0.0,0.0,0.0,0.0,0.0,0.0,0.0,0
7663,27,1,39297021,1300860839,1300861022,46494003,21.7328,0.0,0.0,0.0,0.0,0.0,0.0,0.0,0
7663,28,1,39297021,1300860839,1300861023,46494003,21.964,0.0,0.0,0.0,0.0,0.0,0.0,0.0,0
7663,29,1,39297021,1300860839,1300861024,46494003,21.7328,0.0,0.0,0.0,0.0,0.0,0.0,0.0,0
7663,30,1,39297021,1300860839,1300861025,46494003,21.964,0.0,0.0,0.0,0.0,0.0,0.0,0.0,0
7663,31,1,39297021,1300860839,1300861026,46494003,21.964,0.0,0.0,0.0,0.0,0.0,0.0,0.0,0
7663,32,1,39297021,1300860839,1300861027,46494003,21.964,0.0,0.0,0.0,0.0,1.5,0.0,0.0,0
7663,33,1,39297021,1300860839,1300861028,46494003,28.6756,0.0,0.0,0.0,0.0,0.0,0.0,0.0,0
7663,34,1,39297021,1300860839,1300861029,46494003,28.6756,0.0,0.0,0.0,0.0,0.0,0.0,0.0,0
7663,35,1,39297021,1300860839,1300861030,46494003,28.6756,0.0,0.0,0.0,0.0,0.0,0.0,0.0,0
7663,36,1,39297021,1300860839,1300861031,46494003,28.6756,0.0,0.0,0.0,0.0,0.0,0.0,0.0,0
7663,37,1,39297021,1300860839,1300861032,46494003,28.6756,0.0,0.0,0.0,0.0,0.0,0.0,0.0,0
7663,38,1,39297021,1300860839,1300861033,46494003,28.6756,0.0,0.0,0.0,0.0,0.0,0.0,0.0,0
7663,39,1,39297021,1300860839,1300861034,46494003,28.6756,0.0,0.0,0.0,0.0,0.0,0.0,0.0,0
7663,40,1,39297021,1300860839,1300861035,46494003,27.7032,0.0,0.0,0.0,0.0,1.5,0.0,0.0,0
7663,41,1,39297021,1300860839,1300861036,46494003,154.7,0.0,0.0,0.0,0.0,0.15,0.0,0.0,0
7663,42,1,39297021,1300860839,1300861037,46494003,0.0,0.0,0.0,0.0,0.0,90.0,0.0,0.0,0
7663,43,1,39297021,1300860839,1300861038,46494003,0.38,0.0,0.0,0.0,0.0,50.0,0.0,0.0,0
7663,44,1,39297021,1300860839,1300861039,46494003,62.696,0.0,0.0,0.0,0.0,1.0,0.0,0.0,0
7663,45,1,39297021,1300860839,1300861040,46494003,0.0,0.0,0.0,0.0,0.0,1.0,0.0,0.0,0
7663,46,1,39297021,1300860839,1300861041,46494003,1.6252,0.0,0.0,0.0,0.0,4.0,0.0,0.0,0
7663,47,1,39297021,1300860839,1300861042,46494003,1.8904,0.0,0.0,0.0,0.0,4.0,0.0,0.0,0
7663,48,1,39297021,1300860839,1300861043,46494003,1.9312,0.0,0.0,0.0,0.0,1.0,0.0,0.0,0
7663,49,1,39297021,1300860839,1300861044,46494003,1.8904,0.0,0.0,0.0,0.0,1.0,0.0,0.0,0
6172,17,1,1300860839,1300860839,1300861140,-2,0.0,1.0,0.0,0.0,0.0,1.0,0.0,0.0,0
6172,18,1,1300860839,1300860839,1300861141,-2,0.0,1.0,0.0,0.0,0.0,1.0,0.0,0.0,0
6172,19,1,47047270,1300860839,1307237425,-2,0.0,1.0,0.0,0.0,0.0,1.0,0.0,0.0,
6172,20,1,35493290,1316163698,1316163791,-2,149.424503,1.0,0.0,0.0,0.0,1.0,0.0,0.0,
6172,21,1,47412753,1312049510,1312049543,45925431,2.351934,4.0,0.0,0.0,0.0,2.0,0.0,0.0,
6172,22,1,47412753,1312049510,1312049565,45925431,0.51129,0.22,0.0,0.0,0.0,0.11,0.0,0.0,
6172,23,1,47318391,1312063269,1312063363,-1,9.21,2.0,0.0,0.0,0.0,1.0,0.0,0.0,
6172,24,1,47318391,1312063269,1312063383,-1,86.76,2.0,0.0,0.0,0.0,1.0,0.0,0.0,
6172,25,1,49967252,1312040009,1312038593,-1,20.19,4.0,0.0,0.0,0.0,1.0,0.0,0.0,
6172,26,1,49967252,1312040009,1312038665,-1,11.544927999999999,0.248,0.0,0.0,0.0,0.062,0.0,0.0,
6172,27,1,49967252,1312040009,1312038711,-1,5.4,4.0,0.0,0.0,0.0,1.0,0.0,0.0,
6172,28,1,49281320,1312037749,1312037816,-1,20.190842,4.0,0.0,0.0,0.0,1.0,0.0,0.0,
6172,29,1,46362116,1312062665,1312062731,-1,2.37,2.0,0.0,0.0,0.0,1.0,0.0,0.0,
6172,30,1,46362116,1312062665,1312062768,-1,11.544927999999999,0.14,0.0,0.0,0.0,0.07,0.0,0.0,
6172,31,1,46362116,1312062665,1312062784,-1,5.4,2.0,0.0,0.0,0.0,1.0,0.0,0.0,
6172,32,1,47412753,1312049510,1312049543,-1,2.351934,4.0,0.0,0.0,0.0,2.0,0.0,0.0,
6172,33,1,47412753,1312049510,1312049565,-1,0.51129,0.22,0.0,0.0,0.0,0.11,0.0,0.0,
6172,34,1,47412753,1312049510,1312049612,-1,82.0,2.0,0.0,0.0,0.0,1.0,0.0,0.0,
6172,35,1,43563959,1312034596,1312034703,-1,33.642882,0.9,0.0,0.0,0.0,0.45,0.0,0.0,
6172,36,1,47412753,1312049510,1312049612,45925431,82.0,2.0,0.0,0.0,0.0,1.0,0.0,0.0,
6172,37,1,47412753,1312049510,1312049543,40778195,2.351934,4.0,0.0,0.0,0.0,2.0,0.0,0.0,
6172,38,1,47412753,1312049510,1312049565,40778195,0.51129,0.22,0.0,0.0,0.0,0.11,0.0,0.0,
6172,39,1,47412753,1312049510,1312049612,40778195,82.0,2.0,0.0,0.0,0.0,1.0,0.0,0.0,
6172,40,1,43563959,1312034596,1312034703,38799182,33.642882,0.9,0.0,0.0,0.0,0.45,0.0,0.0,
6172,41,1,43563959,1312034596,1312034703,43349306,33.642882,0.9,0.0,0.0,0.0,0.45,0.0,0.0,
6172,42,1,46362116,1312062665,1312062731,35411133,2.37,2.0,0.0,0.0,0.0,1.0,0.0,0.0,
6172,43,1,46362116,1312062665,1312062768,35411133,11.544970677410612,0.14,0.0,0.0,0.0,0.07,0.0,0.0,
6172,44,1,46362116,1312062665,1312062784,35411133,5.4,2.0,0.0,0.0,0.0,1.0,0.0,0.0,
6172,45,1,46362116,1312062665,1312062731,33970879,2.37,2.0,0.0,0.0,0.0,1.0,0.0,0.0,
6172,46,1,46362116,1312062665,1312062768,33970879,11.544970677410612,0.14,0.0,0.0,0.0,0.07,0.0,0.0,
6172,47,1,46362116,1312062665,1312062784,33970879,5.4,2.0,0.0,0.0,0.0,1.0,0.0,0.0,
6114,35,1,47318391,1312063269,1312063346,44831034,26.31,4.0,0.0,0.0,0.0,2.0,0.0,0.0,
6114,36,1,47318391,1312063269,1312063363,44831034,9.21,2.0,0.0,0.0,0.0,1.0,0.0,0.0,
6114,37,1,47318391,1312063269,1312063383,44831034,86.76,2.0,0.0,0.0,0.0,1.0,0.0,0.0,
6114,38,1,47318391,1312063269,1312063346,34128221,26.31,4.0,0.0,0.0,0.0,2.0,0.0,0.0,
6114,39,1,47318391,1312063269,1312063363,34128221,9.21,2.0,0.0,0.0,0.0,1.0,0.0,0.0,
6114,40,1,47318391,1312063269,1312063383,34128221,86.76,2.0,0.0,0.0,0.0,1.0,0.0,0.0,
6114,41,1,44670355,1312049510,1312049543,-2,2.351934,2.0,0.0,0.0,0.0,2.0,0.0,0.0,0
6114,42,1,44670355,1312049510,1312049565,-2,0.51129,0.11,0.0,0.0,0.0,0.11,0.0,0.0,0
6114,43,1,44670355,1312049510,1312049612,-2,82.0,1.0,0.0,0.0,0.0,1.0,0.0,0.0,0
6114,44,1,49935511,1312038500,1312038593,-2,20.19,1.0,0.0,0.0,0.0,1.0,0.0,0.0,0
6114,45,1,47990845,1312062665,1312062731,-2,2.37,1.0,0.0,0.0,0.0,1.0,0.0,0.0,0
6114,46,1,47990845,1312062665,1312062768,-2,11.544927999999999,0.07,0.0,0.0,0.0,0.07,0.0,0.0,0
6114,47,1,42937997,1312037749,1312037816,-2,20.190842,1.0,0.0,0.0,0.0,1.0,0.0,0.0,0
6595,0,1,49132890,1300860839,1311938717,-1,1.8299999999999998,0.0,0.0,0.0,0.0,18.0,0.0,0.0,
6595,1,1,49132890,1300860839,1312232425,-1,6.48,0.0,0.0,0.0,0.0,350.0,0.0,0.0,
6595,2,1,49132890,1300860839,1313632769,-1,105.0,0.0,0.0,0.0,0.0,4.0,0.0,0.0,
6595,3,1,49132890,1300860839,1316158847,-1,1314.96,0.0,0.0,0.0,0.0,1.0,0.0,0.0,
6595,4,1,49132890,1300860839,1316158854,-1,1519.55,0.0,0.0,0.0,0.0,1.0,0.0,0.0,
6595,5,1,49132890,1300860839,1300860840,37874140,0.0,0.0,0.0,0.0,0.0,1.595,0.0,0.0,0
6595,6,1,49132890,1300860839,1300860841,37874140,2.26368,0.0,0.0,0.0,0.0,31.372,0.0,0.0,0
6595,7,1,49132890,1300860839,1300860842,37874140,0.0,0.0,0.0,0.0,0.0,0.066,0.0,0.0,0
6595,8,1,49132890,1300860839,1300860843,37874140,3.15594,0.0,0.0,0.0,0.0,6.0,0.0,0.0,0
6595,9,1,49132890,1300860839,1300860844,37874140,3.81654,0.0,0.0,0.0,0.0,26.79798,0.0,0.0,0
6595,10,1,49132890,1300860839,1300860845,37874140,4.84848,0.0,0.0,0.0,0.0,42.1344,0.0,0.0,0
6595,11,1,49132890,1300860839,1300860846,37874140,5.22249,0.0,0.0,0.0,0.0,1.386,0.0,0.0,0
6595,12,1,49132890,1300860839,1300860847,37874140,10.13922,0.0,0.0,0.0,0.0,2.86,0.0,0.0,0
6595,13,1,49132890,1300860839,1300860848,37874140,0.0,0.0,0.0,0.0,0.0,11.759,0.0,0.0,0
6595,14,1,49132890,1300860839,1300860849,37874140,0.0,0.0,0.0,0.0,0.0,6.319968,0.0,0.0,0
6595,15,1,49132890,1300860839,1300860850,37874140,36.0315,0.0,0.0,0.0,0.0,1.0,0.0,0.0,0
6595,16,1,49132890,1300860839,1300860851,37874140,75.3525,0.0,0.0,0.0,0.0,0.22,0.0,0.0,0
6595,17,1,49132890,1300860839,1300860852,37874140,167.62,0.0,0.0,0.0,0.0,0.5,0.0,0.0,0
6595,18,1,49132890,1300860839,1300860853,37874140,644.25,0.0,0.0,0.0,0.0,46.87516,0.0,0.0,0
6595,19,1,49132890,1300860839,1300860854,37874140,1073.75,0.0,0.0,0.0,0.0,2.0,0.0,0.0,0
6595,20,1,49132890,1300860839,1300860855,37874140,4050.0,0.0,0.0,0.0,0.0,2.0,0.0,0.0,0
6595,21,1,49132890,1300860839,1300860856,37874140,0.0,0.0,0.0,0.0,0.0,0.8184,0.0,0.0,0
6595,22,1,49132890,1300860839,1300860857,37874140,0.0,0.0,0.0,0.0,0.0,1.6346,0.0,0.0,0
6595,23,1,49132890,1300860839,1300860858,37874140,6.2628,0.0,0.0,0.0,0.0,1.0,0.0,0.0,0
6595,24,1,49132890,1300860839,1300860859,37874140,0.0,0.0,0.0,0.0,0.0,0.495,0.0,0.0,0
6595,25,1,49132890,1300860839,1300860860,37874140,9.88,0.0,0.0,0.0,0.0,9.35,0.0,0.0,0
6595,26,1,49132890,1300860839,1300860861,37874140,11.19,0.0,0.0,0.0,0.0,0.5148,0.0,0.0,0
6595,27,1,49132890,1300860839,1300860862,37874140,22.58,0.0,0.0,0.0,0.0,29.9976,0.0,0.0,0
6595,28,1,49132890,1300860839,1300860863,37874140,29.16,0.0,0.0,0.0,0.0,41.996,0.0,0.0,0
6595,29,1,49132890,1300860839,1300860864,37874140,23.59,0.0,0.0,0.0,0.0,3.00174,0.0,0.0,0
6595,30,1,49132890,1300860839,1300860865,37874140,0.0,0.0,0.0,0.0,0.0,3.3,0.0,0.0,0
6595,31,1,49132890,1300860839,1300860866,37874140,0.0,0.0,0.0,0.0,0.0,6.0,0.0,0.0,0
6595,32,1,49132890,1300860839,1300860867,37874140,65.8,0.0,0.0,0.0,0.0,2.9985,0.0,0.0,0
6595,33,1,49132890,1300860839,1300860868,37874140,61.1,0.0,0.0,0.0,0.0,2.998,0.0,0.0,0
6595,34,1,49132890,1300860839,1300860869,37874140,94.15,0.0,0.0,0.0,0.0,60.0,0.0,0.0,0
6595,35,1,49132890,1300860839,1300860870,37874140,0.0,0.0,0.0,0.0,0.0,4.0,0.0,0.0,0
6595,36,1,49132890,1300860839,1300860871,37874140,4.88,0.0,0.0,0.0,0.0,46.0,0.0,0.0,0
6595,37,1,49132890,1300860839,1300860872,37874140,7.43,0.0,0.0,0.0,0.0,71.0,0.0,0.0,0
6595,38,1,49132890,1300860839,1300860873,37874140,0.0,0.0,0.0,0.0,0.0,8.0,0.0,0.0,0
6595,39,1,49132890,1300860839,1300860874,37874140,0.0,0.0,0.0,0.0,0.0,9.0,0.0,0.0,0
6595,40,1,49132890,1300860839,1300860875,37874140,12.68,0.0,0.0,0.0,0.0,16.0,0.0,0.0,0
6595,41,1,49132890,1300860839,1300860876,37874140,0.0,0.0,0.0,0.0,0.0,4.0,0.0,0.0,0
6595,42,1,49132890,1300860839,1300860877,37874140,1.0,0.0,0.0,0.0,0.0,2.0,0.0,0.0,0
6595,43,1,49132890,1300860839,1300860878,37874140,0.0,0.0,0.0,0.0,0.0,4.0,0.0,0.0,0
6595,44,1,49132890,1300860839,1300860879,37874140,5.41,0.0,0.0,0.0,0.0,4.0,0.0,0.0,0
6595,45,1,49132890,1300860839,1300860880,37874140,0.0,0.0,0.0,0.0,0.0,4.0,0.0,0.0,0
6595,46,1,49132890,1300860839,1300860881,37874140,130.0,0.0,0.0,0.0,0.0,4.0,0.0,0.0,0
6608,0,1,49132890,1300860839,1300860882,37874140,31.04,0.0,0.0,0.0,0.0,8.0,0.0,0.0,0
6608,1,1,49132890,1300860839,1300860883,37874140,15.62,0.0,0.0,0.0,0.0,8.0,0.0,0.0,0
6608,2,1,49132890,1300860839,1300860884,37874140,11.1132,0.0,0.0,0.0,0.0,55.0,0.0,0.0,0
6608,3,1,49132890,1300860839,1300860885,37874140,21.5437,0.0,0.0,0.0,0.0,61.0,0.0,0.0,0
6608,4,1,49132890,1300860839,1300860886,37874140,20.7466,0.0,0.0,0.0,0.0,10.0,0.0,0.0,0
6608,5,1,49132890,1300860839,1300860887,37874140,33.5748,0.0,0.0,0.0,0.0,2.0,0.0,0.0,0
6608,6,1,49132890,1300860839,1300860888,37874140,63.48,0.0,0.0,0.0,0.0,2.0,0.0,0.0,0
6608,7,1,49132890,1300860839,1300860889,37874140,57.722,0.0,0.0,0.0,0.0,2.0,0.0,0.0,0
6608,8,1,49132890,1300860839,1300860890,37874140,1.8,0.0,0.0,0.0,0.0,27.0,0.0,0.0,0
6608,9,1,49132890,1300860839,1300860891,37874140,2.13,0.0,0.0,0.0,0.0,46.0,0.0,0.0,0
6608,10,1,49132890,1300860839,1300860892,37874140,5.32,0.0,0.0,0.0,0.0,12.0,0.0,0.0,0
6608,11,1,49132890,1300860839,1300860893,37874140,692.79,0.0,0.0,0.0,0.0,2.0,0.0,0.0,0
6608,12,1,49132890,1300860839,1300860894,37874140,0.0,0.0,0.0,0.0,0.0,3.0,0.0,0.0,0
6608,13,1,49132890,1300860839,1300860895,37874140,215.0515,0.0,0.0,0.0,0.0,8.0,0.0,0.0,0
6608,14,1,49132890,1300860839,1300860896,37874140,0.0,0.0,0.0,0.0,0.0,2.0,0.0,0.0,0
6608,15,1,49132890,1300860839,1300860897,37874140,857.9565,0.0,0.0,0.0,0.0,2.0,0.0,0.0,0
6608,16,1,49132890,1300860839,1300860898,37874140,20.4725,0.0,0.0,0.0,0.0,2.0,0.0,0.0,0
6608,17,1,49132890,1300860839,1300860899,37874140,20.4725,0.0,0.0,0.0,0.0,2.0,0.0,0.0,0
6608,18,1,49132890,1300860839,1300860900,37874140,355.203,0.0,0.0,0.0,0.0,5.0,0.0,0.0,0
6608,19,1,49132890,1300860839,1300860901,37874140,1051.8885,0.0,0.0,0.0,0.0,2.0,0.0,0.0,0
6608,20,1,49132890,1300860839,1300860902,37874140,0.0,0.0,0.0,0.0,0.0,1.0,0.0,0.0,0
6608,21,1,49132890,1300860839,1300860903,37874140,402.819,0.0,0.0,0.0,0.0,2.0,0.0,0.0,0
6608,22,1,49132890,1300860839,1300860910,37874140,5.81,0.0,0.0,0.0,0.0,2.0,0.0,0.0,0
6608,23,1,49132890,1300860839,1300860911,37874140,5.44,0.0,0.0,0.0,0.0,4.0,0.0,0.0,0
6608,24,1,49132890,1300860839,1300860912,37874140,8.16,0.0,0.0,0.0,0.0,2.0,0.0,0.0,0
6608,25,1,49132890,1300860839,1300860916,37874140,17.83,0.0,0.0,0.0,0.0,2.0,0.0,0.0,0
6608,26,1,49132890,1300860839,1300860917,37874140,5.15,0.0,0.0,0.0,0.0,4.0,0.0,0.0,0
6608,27,1,49132890,1300860839,1300860929,37874140,0.0,0.0,0.0,0.0,0.0,8.0,0.0,0.0,0
6608,28,1,49132890,1300860839,1300860930,37874140,0.0,0.0,0.0,0.0,0.0,16.0,0.0,0.0,0
6608,29,1,49132890,1300860839,1300860931,37874140,8.86,0.0,0.0,0.0,0.0,14.0,0.0,0.0,0
6608,30,1,49132890,1300860839,1300860932,37874140,0.0,0.0,0.0,0.0,0.0,48.0,0.0,0.0,0
6608,31,1,49132890,1300860839,1300860933,37874140,0.0,0.0,0.0,0.0,0.0,28.0,0.0,0.0,0
6608,32,1,49132890,1300860839,1300860934,37874140,0.0,0.0,0.0,0.0,0.0,152.0,0.0,0.0,0
6608,33,1,49132890,1300860839,1300860935,37874140,25.97,0.0,0.0,0.0,0.0,4.0,0.0,0.0,0
6608,34,1,49132890,1300860839,1300860936,37874140,0.0,0.0,0.0,0.0,0.0,11.0,0.0,0.0,0
6608,35,1,49132890,1300860839,1300860938,37874140,0.0,0.0,0.0,0.0,0.0,8.0,0.0,0.0,0
6608,36,1,49132890,1300860839,1300860939,37874140,0.0,0.0,0.0,0.0,0.0,112.0,0.0,0.0,0
6608,37,1,49132890,1300860839,1300860940,37874140,0.0,0.0,0.0,0.0,0.0,48.0,0.0,0.0,0
6608,38,1,49132890,1300860839,1300860941,37874140,0.0,0.0,0.0,0.0,0.0,32.0,0.0,0.0,0
6608,39,1,49132890,1300860839,1300860944,37874140,5.18,0.0,0.0,0.0,0.0,30.0,0.0,0.0,0
6608,40,1,49132890,1300860839,1300860945,37874140,1.63,15.0,0.0,0.0,0.0,71.0,0.0,0.0,0
6608,41,1,49132890,1300860839,1300860946,37874140,0.0,0.0,0.0,0.0,0.0,2.0,0.0,0.0,0
6608,42,1,49132890,1300860839,1300860947,37874140,0.0,0.0,0.0,0.0,0.0,22.0,0.0,0.0,0
6608,43,1,49132890,1300860839,1300860948,37874140,5.28,0.0,0.0,0.0,0.0,219.0,0.0,0.0,0
6608,44,1,49132890,1300860839,1300860949,37874140,11.95,0.0,0.0,0.0,0.0,223.0,0.0,0.0,0
6608,45,1,49132890,1300860839,1300860950,37874140,73.94,0.0,0.0,0.0,0.0,5.0,0.0,0.0,0
6608,46,1,49132890,1300860839,1300860951,37874140,0.54,0.0,0.0,0.0,0.0,12.0,0.0,0.0,0
6608,47,1,49132890,1300860839,1300860952,37874140,0.86,0.0,0.0,0.0,0.0,69.0,0.0,0.0,0
6609,0,1,49132890,1300860839,1300860953,37874140,0.0,0.0,0.0,0.0,0.0,20.0,0.0,0.0,0
6609,1,1,49132890,1300860839,1300860954,37874140,2.92,0.0,0.0,0.0,0.0,171.0,0.0,0.0,0
6609,2,1,49132890,1300860839,1300860955,37874140,5.13,0.0,0.0,0.0,0.0,228.0,0.0,0.0,0
6609,3,1,49132890,1300860839,1300860956,37874140,1.09,0.0,0.0,0.0,0.0,64.0,0.0,0.0,0
6609,4,1,49132890,1300860839,1300860957,37874140,2.67,0.0,0.0,0.0,0.0,124.0,0.0,0.0,0
6609,5,1,49132890,1300860839,1300860958,37874140,5.22,0.0,0.0,0.0,0.0,208.0,0.0,0.0,0
6609,6,1,49132890,1300860839,1300860959,37874140,1612.88,0.0,0.0,0.0,0.0,3.75,0.0,0.0,0
6609,7,1,49132890,1300860839,1300860960,37874140,187.44,0.0,0.0,0.0,0.0,0.5575,0.0,0.0,0
6609,8,1,49132890,1300860839,1300860961,37874140,0.0,0.0,0.0,0.0,0.0,13.0,0.0,0.0,0
6609,9,1,49132890,1300860839,1300860962,37874140,0.0,0.0,0.0,0.0,0.0,17.0,0.0,0.0,0
6609,10,1,49132890,1300860839,1300860963,37874140,0.0,0.0,0.0,0.0,0.0,11.0,0.0,0.0,0
6609,11,1,49132890,1300860839,1300860964,37874140,0.0,0.0,0.0,0.0,0.0,1.0,0.0,0.0,0
6609,12,1,49132890,1300860839,1300860965,37874140,10.22,0.0,0.0,0.0,0.0,10.0,0.0,0.0,0
6609,13,1,49132890,1300860839,1300860966,37874140,1.35,0.0,0.0,0.0,0.0,4.0,0.0,0.0,0
6609,14,1,49132890,1300860839,1300860967,37874140,0.0,0.0,0.0,0.0,0.0,1.0,0.0,0.0,0
6609,15,1,49132890,1300860839,1300860968,37874140,0.0,0.0,0.0,0.0,0.0,6.0,0.0,0.0,0
6609,16,1,49132890,1300860839,1300860969,37874140,0.0,0.0,0.0,0.0,0.0,4.0,0.0,0.0,0
6609,17,1,49132890,1300860839,1300860970,37874140,0.0,0.0,0.0,0.0,0.0,4.0,0.0,0.0,0
6609,18,1,49132890,1300860839,1300860971,37874140,0.0,0.0,0.0,0.0,0.0,0.0,0.0,0.0,0
6609,19,1,49132890,1300860839,1300860972,37874140,53787.25,0.0,0.0,0.0,0.0,2.0,0.0,0.0,0
6609,20,1,49132890,1300860839,1300860973,37874140,4850.0,0.0,0.0,0.0,0.0,2.0,0.0,0.0,0
6609,21,1,49132890,1300860839,1300860974,37874140,6205.75,0.0,0.0,0.0,0.0,1.0,0.0,0.0,0
6609,22,1,49132890,1300860839,1300860975,37874140,6850.95,0.0,0.0,0.0,0.0,1.0,0.0,0.0,0
6609,23,1,49132890,1300860839,1300860976,37874140,510.0,0.0,0.0,0.0,0.0,4.0,0.0,0.0,0
6609,24,1,49132890,1300860839,1300860977,37874140,1001.9065,0.0,0.0,0.0,0.0,2.0,0.0,0.0,0
6609,25,1,49132890,1300860839,1300860978,37874140,312.62,0.0,0.0,0.0,0.0,2.0,0.0,0.0,0
6609,26,1,49132890,1300860839,1300860980,37874140,169.49,0.0,0.0,0.0,0.0,14.0,0.0,0.0,0
6609,27,1,49132890,1300860839,1300860981,37874140,131.325,0.0,0.0,0.0,0.0,2.0,0.0,0.0,0
6609,28,1,49132890,1300860839,1300860982,37874140,374.85,0.0,0.0,0.0,0.0,2.0,0.0,0.0,0
6609,29,1,49132890,1300860839,1300860983,37874140,328.1,0.0,0.0,0.0,0.0,2.0,0.0,0.0,0
6609,30,1,49132890,1300860839,1300860984,37874140,620.0,0.0,0.0,0.0,0.0,2.0,0.0,0.0,0
6609,31,1,49132890,1300860839,1300860985,37874140,306.0,0.0,0.0,0.0,0.0,1.0,0.0,0.0,0
6609,32,1,49132890,1300860839,1300860986,37874140,340.0,0.0,0.0,0.0,0.0,4.0,0.0,0.0,0
6609,33,1,49132890,1300860839,1300860987,37874140,0.0,0.0,0.0,0.0,0.0,1.0,0.0,0.0,0
6609,34,1,49132890,1300860839,1300860988,37874140,0.0,0.0,0.0,0.0,0.0,2.0,0.0,0.0,0
6609,35,1,49132890,1300860839,1300860989,37874140,0.0,0.0,0.0,0.0,0.0,2.0,0.0,0.0,0
6609,36,1,49132890,1300860839,1300860990,37874140,180.0,0.0,0.0,0.0,0.0,4.0,0.0,0.0,0
6609,37,1,49132890,1300860839,1300860991,37874140,238.5,0.0,0.0,0.0,0.0,1.0,0.0,0.0,0
6609,38,1,49132890,1300860839,1300860992,37874140,21.917,0.0,0.0,0.0,0.0,3.0,0.0,0.0,0
6609,39,1,49132890,1300860839,1300860993,37874140,3.4748,0.0,0.0,0.0,0.0,3.0,0.0,0.0,0
6609,40,1,49132890,1300860839,1300860994,37874140,7.854,0.0,0.0,0.0,0.0,13.0,0.0,0.0,0
6609,41,1,49132890,1300860839,1300860995,37874140,6.832,0.0,0.0,0.0,0.0,13.0,0.0,0.0,0
6609,42,1,49132890,1300860839,1300860996,37874140,0.0,0.0,0.0,0.0,0.0,1.0,0.0,0.0,0
6609,43,1,49132890,1300860839,1300860997,37874140,0.0,0.0,0.0,0.0,0.0,1.0,0.0,0.0,0
6609,44,1,49132890,1300860839,1300860998,37874140,0.5168,0.0,0.0,0.0,0.0,53.0,0.0,0.0,0
6609,45,1,49132890,1300860839,1300860999,37874140,0.5644,0.0,0.0,0.0,0.0,57.0,0.0,0.0,0
6609,46,1,49132890,1300860839,1300861000,37874140,0.0,0.0,0.0,0.0,0.0,8.0,0.0,0.0,0
6609,47,1,49132890,1300860839,1300861001,37874140,0.0,0.0,0.0,0.0,0.0,2.0,0.0,0.0,0
6609,48,1,49132890,1300860839,1300861002,37874140,0.0,0.0,0.0,0.0,0.0,1.0,0.0,0.0,0
5960,1,1,39297021,1300860839,1300861048,36945574,2.98,0.0,0.0,0.0,0.0,15.0,0.0,0.0,0
5960,2,1,39297021,1300860839,1300861049,36945574,3.79,0.0,0.0,0.0,0.0,15.0,0.0,0.0,0
5960,3,1,39297021,1300860839,1300861050,36945574,5.78,0.0,0.0,0.0,0.0,2.0,0.0,0.0,0
5960,4,1,39297021,1300860839,1300861051,36945574,8.56,3.0,0.0,0.0,0.0,4.5,0.0,0.0,0
5960,5,1,39297021,1300860839,1300861052,36945574,9.75,0.0,0.0,0.0,0.0,4.0,0.0,0.0,0
5960,6,1,39297021,1300860839,1300861053,36945574,8.45,0.0,0.0,0.0,0.0,4.0,0.0,0.0,0
5960,7,1,39297021,1300860839,1300861054,36945574,0.0,0.0,0.0,0.0,0.0,5.0,0.0,0.0,0
5960,8,1,39297021,1300860839,1300861055,36945574,0.0,0.0,0.0,0.0,0.0,1.0,0.0,0.0,0
5960,9,1,39297021,1300860839,1300861056,36945574,17.37,0.0,0.0,0.0,0.0,4.5,0.0,0.0,0
5960,10,1,39297021,1300860839,1300861057,36945574,4.27,0.0,0.0,0.0,0.0,1.0,0.0,0.0,0
5960,11,1,39297021,1300860839,1300861058,36945574,12.51,0.0,0.0,0.0,0.0,4.0,0.0,0.0,0
5960,12,1,39297021,1300860839,1300861059,36945574,13.07,0.0,0.0,0.0,0.0,2.0,0.0,0.0,0
5960,13,1,39297021,1300860839,1300861060,36945574,31.4,0.0,0.0,0.0,0.0,1.0,0.0,0.0,0
5960,14,1,39297021,1300860839,1300861061,36945574,74.92,0.0,0.0,0.0,0.0,1.0,0.0,0.0,0
5960,15,1,39297021,1300860839,1300861062,36945574,76.47,0.0,0.0,0.0,0.0,3.0,0.0,0.0,0
5960,16,1,39297021,1300860839,1300861063,36945574,31.44,0.0,0.0,0.0,0.0,2.0,0.0,0.0,0
5960,17,1,39297021,1300860839,1300861064,36945574,32.74,0.0,0.0,0.0,0.0,1.0,0.0,0.0,0
5960,18,1,39297021,1300860839,1300861065,36945574,17.42,0.0,0.0,0.0,0.0,3.0,0.0,0.0,0
5960,19,1,39297021,1300860839,1300861066,36945574,4.11,0.0,0.0,0.0,0.0,3.0,0.0,0.0,0
5960,20,1,39297021,1300860839,1300861067,36945574,0.16,0.0,0.0,0.0,0.0,50.0,0.0,0.0,0
5960,21,1,39297021,1300860839,1300861068,36945574,750.95,0.0,0.0,0.0,0.0,1.0,0.0,0.0,0
5960,22,1,39297021,1300860839,1300861069,36945574,1266.67,0.0,0.0,0.0,0.0,1.0,0.0,0.0,0
5960,23,1,39297021,1300860839,1300861070,36945574,281.0,0.0,0.0,0.0,0.0,2.0,0.0,0.0,0
5960,24,1,39297021,1300860839,1300861071,36945574,108.45,0.0,0.0,0.0,0.0,1.0,0.0,0.0,0
5960,25,1,39297021,1300860839,1300861072,36945574,922.5,0.0,0.0,0.0,0.0,1.0,0.0,0.0,0
5960,26,1,39297021,1300860839,1300861073,36945574,575.0,0.0,0.0,0.0,0.0,1.0,0.0,0.0,0
5960,27,1,39297021,1300860839,1300861074,36945574,951.44,0.0,0.0,0.0,0.0,1.0,0.0,0.0,0
5960,28,1,39297021,1300860839,1300861075,36945574,64.8,0.0,0.0,0.0,0.0,1.0,0.0,0.0,0
5960,29,1,39297021,1300860839,1300861076,36945574,734.17,0.0,0.0,0.0,0.0,1.0,0.0,0.0,0
5960,30,1,39297021,1300860839,1300861077,36945574,431.85,0.0,0.0,0.0,0.0,2.0,0.0,0.0,0
5960,31,1,39297021,1300860839,1300861078,36945574,17.82,0.0,0.0,0.0,0.0,1.0,0.0,0.0,0
5960,32,1,39297021,1300860839,1300861079,36945574,5.0,0.0,0.0,0.0,0.0,1.0,0.0,0.0,0
5960,33,1,39297021,1300860839,1300861080,36945574,150.0,0.0,0.0,0.0,0.0,1.0,0.0,0.0,0
5950,1,1,39297021,1300860839,1300861081,36945574,244.0,0.0,0.0,0.0,0.0,1.0,0.0,0.0,0
5950,2,1,39297021,1300860839,1300861082,36945574,342.0,0.0,0.0,0.0,0.0,1.0,0.0,0.0,0
5950,3,1,39297021,1300860839,1300861083,36945574,5678.0,0.0,0.0,0.0,0.0,1.0,0.0,0.0,0
5950,4,1,39297021,1300860839,1300861084,36945574,604.0,0.0,0.0,0.0,0.0,1.0,0.0,0.0,0
5950,5,1,39297021,1300860839,1300861085,36945574,974.17,0.0,0.0,0.0,0.0,1.0,0.0,0.0,0
5950,6,1,39297021,1300860839,1300861086,36945574,135.0,0.0,0.0,0.0,0.0,188.0,0.0,0.0,0
5950,7,1,39297021,1300860839,1300861087,36945574,135.42,276.0,0.0,0.0,0.0,282.0,0.0,0.0,0
5950,8,1,39297021,1300860839,1300861090,36945574,520.4,0.0,0.0,0.0,0.0,82.0,0.0,0.0,0
5950,9,1,39297021,1300860839,1300861091,36945574,123.35,0.0,0.0,0.0,0.0,90.0,0.0,0.0,0
5950,10,1,39297021,1300860839,1300861092,36945574,21.51,0.0,0.0,0.0,0.0,92.24,0.0,0.0,0
5950,11,1,39297021,1300860839,1300861093,36945574,855.0,0.0,0.0,0.0,0.0,6.0,0.0,0.0,0
5950,12,1,39297021,1300860839,1300861094,36945574,346.0,0.0,0.0,0.0,0.0,10.0,0.0,0.0,0
5950,44,1,39297021,1300860839,1300861095,36945574,32.5,0.0,0.0,0.0,0.0,20.0,0.0,0.0,0
6611,0,1,49132890,1300860839,1300861003,37874140,0.0,0.0,0.0,0.0,0.0,1.0,0.0,0.0,0
6611,1,1,49132890,1300860839,1300861004,37874140,0.0,0.0,0.0,0.0,0.0,1.0,0.0,0.0,0
6611,2,1,49132890,1300860839,1300861005,37874140,0.0,0.0,0.0,0.0,0.0,1.0,0.0,0.0,0
6611,3,1,49132890,1300860839,1300861006,37874140,0.0,0.0,0.0,0.0,0.0,1.0,0.0,0.0,0
6611,4,1,49132890,1300860839,1300861007,37874140,0.0,0.0,0.0,0.0,0.0,2.0,0.0,0.0,0
6611,5,1,49132890,1300860839,1300861008,37874140,0.0,0.0,0.0,0.0,0.0,2.0,0.0,0.0,0
6611,6,1,49132890,1300860839,1300861009,37874140,0.0,0.0,0.0,0.0,0.0,3.0,0.0,0.0,0
6611,7,1,49132890,1300860839,1300861010,37874140,0.0,0.0,0.0,0.0,0.0,3.0,0.0,0.0,0
6611,8,1,49132890,1300860839,1300861011,37874140,15.93,0.0,0.0,0.0,0.0,95.0,0.0,0.0,0
6611,9,1,49132890,1300860839,1300861012,37874140,15.93,0.0,0.0,0.0,0.0,95.0,0.0,0.0,0
6611,10,1,49132890,1300860839,1300861013,37874140,0.0,0.0,0.0,0.0,0.0,0.0,0.0,0.0,0
6611,11,1,49132890,1300860839,1300861014,37874140,0.0,0.0,0.0,0.0,0.0,100.0,0.0,0.0,0
6611,12,1,49132890,1300860839,1300861015,37874140,0.0,0.0,0.0,0.0,0.0,80.0,0.0,0.0,0
6611,13,1,49132890,1300860839,1300861016,37874140,1.8,0.0,0.0,0.0,0.0,40.0,0.0,0.0,0
6611,14,1,49132890,1300860839,1300861017,37874140,3.24,0.0,0.0,0.0,0.0,25.0,0.0,0.0,0
6611,15,1,49132890,1300860839,1300861018,37874140,0.0,0.0,0.0,0.0,0.0,20.0,0.0,0.0,0
6611,16,1,49132890,1300860839,1300861019,37874140,11.61,0.0,0.0,0.0,0.0,20.0,0.0,0.0,0
6611,17,1,49132890,1300860839,1300861020,37874140,0.0,0.0,0.0,0.0,0.0,40.0,0.0,0.0,0
6611,18,1,49132890,1300860839,1300861021,37874140,21.964,0.0,0.0,0.0,0.0,0.0,0.0,0.0,0
6611,19,1,49132890,1300860839,1300861022,37874140,21.7328,0.0,0.0,0.0,0.0,0.0,0.0,0.0,0
6611,20,1,49132890,1300860839,1300861023,37874140,21.964,0.0,0.0,0.0,0.0,0.0,0.0,0.0,0
6611,21,1,49132890,1300860839,1300861024,37874140,21.7328,0.0,0.0,0.0,0.0,0.0,0.0,0.0,0
6611,22,1,49132890,1300860839,1300861025,37874140,21.964,0.0,0.0,0.0,0.0,0.0,0.0,0.0,0
6611,23,1,49132890,1300860839,1300861026,37874140,21.964,0.0,0.0,0.0,0.0,0.0,0.0,0.0,0
6611,24,1,49132890,1300860839,1300861027,37874140,21.964,0.0,0.0,0.0,0.0,1.5,0.0,0.0,0
6611,25,1,49132890,1300860839,1300861028,37874140,28.6756,0.0,0.0,0.0,0.0,0.0,0.0,0.0,0
6611,26,1,49132890,1300860839,1300861029,37874140,28.6756,0.0,0.0,0.0,0.0,0.0,0.0,0.0,0
6611,27,1,49132890,1300860839,1300861030,37874140,28.6756,0.0,0.0,0.0,0.0,0.0,0.0,0.0,0
6611,28,1,49132890,1300860839,1300861031,37874140,28.6756,0.0,0.0,0.0,0.0,0.0,0.0,0.0,0
6611,29,1,49132890,1300860839,1300861032,37874140,28.6756,0.0,0.0,0.0,0.0,0.0,0.0,0.0,0
6611,30,1,49132890,1300860839,1300861033,37874140,28.6756,0.0,0.0,0.0,0.0,0.0,0.0,0.0,0
6611,31,1,49132890,1300860839,1300861034,37874140,28.6756,0.0,0.0,0.0,0.0,0.0,0.0,0.0,0
6611,32,1,49132890,1300860839,1300861035,37874140,27.7032,0.0,0.0,0.0,0.0,1.5,0.0,0.0,0
6611,33,1,49132890,1300860839,1300861036,37874140,154.7,0.0,0.0,0.0,0.0,0.15,0.0,0.0,0
6611,34,1,49132890,1300860839,1300861037,37874140,0.0,0.0,0.0,0.0,0.0,90.0,0.0,0.0,0
6611,35,1,49132890,1300860839,1300861038,37874140,0.38,0.0,0.0,0.0,0.0,50.0,0.0,0.0,0
6611,36,1,49132890,1300860839,1300861039,37874140,62.696,0.0,0.0,0.0,0.0,1.0,0.0,0.0,0
6611,37,1,49132890,1300860839,1300861040,37874140,0.0,0.0,0.0,0.0,0.0,1.0,0.0,0.0,0
6611,38,1,49132890,1300860839,1300861041,37874140,1.6252,0.0,0.0,0.0,0.0,4.0,0.0,0.0,0
6611,39,1,49132890,1300860839,1300861042,37874140,1.8904,0.0,0.0,0.0,0.0,4.0,0.0,0.0,0
6611,40,1,49132890,1300860839,1300861043,37874140,1.9312,0.0,0.0,0.0,0.0,1.0,0.0,0.0,0
6611,41,1,49132890,1300860839,1300861044,37874140,1.8904,0.0,0.0,0.0,0.0,1.0,0.0,0.0,0
6611,42,1,49132890,1300860839,1300861045,37874140,2.2984,0.0,0.0,0.0,0.0,1.0,0.0,0.0,0
6611,43,1,49132890,1300860839,1300861046,37874140,5.4128,0.0,0.0,0.0,0.0,1.0,0.0,0.0,0
6611,44,1,49132890,1300860839,1300861047,37874140,11.77,0.0,0.0,0.0,0.0,15.0,0.0,0.0,0
6611,45,1,49132890,1300860839,1300861048,37874140,2.98,0.0,0.0,0.0,0.0,15.0,0.0,0.0,0
6611,46,1,49132890,1300860839,1300861049,37874140,3.79,0.0,0.0,0.0,0.0,15.0,0.0,0.0,0
6611,47,1,49132890,1300860839,1300861050,37874140,5.78,0.0,0.0,0.0,0.0,2.0,0.0,0.0,0
6611,48,1,49132890,1300860839,1300861051,37874140,8.32,0.0,0.0,0.0,0.0,4.5,0.0,0.0,0
7664,0,1,39297021,1300860839,1300861045,46494003,2.2984,0.0,0.0,0.0,0.0,1.0,0.0,0.0,0
7664,1,1,39297021,1300860839,1300861046,46494003,5.4128,0.0,0.0,0.0,0.0,1.0,0.0,0.0,0
7664,2,1,39297021,1300860839,1300861047,46494003,11.77,0.0,0.0,0.0,0.0,15.0,0.0,0.0,0
7664,3,1,39297021,1300860839,1300861048,46494003,2.98,0.0,0.0,0.0,0.0,15.0,0.0,0.0,0
7664,4,1,39297021,1300860839,1300861049,46494003,3.79,0.0,0.0,0.0,0.0,15.0,0.0,0.0,0
7664,5,1,39297021,1300860839,1300861050,46494003,5.78,0.0,0.0,0.0,0.0,2.0,0.0,0.0,0
7664,6,1,39297021,1300860839,1300861051,46494003,8.56,3.0,0.0,0.0,0.0,4.5,0.0,0.0,0
7664,7,1,39297021,1300860839,1300861052,46494003,9.75,0.0,0.0,0.0,0.0,4.0,0.0,0.0,0
7664,8,1,39297021,1300860839,1300861053,46494003,8.45,0.0,0.0,0.0,0.0,4.0,0.0,0.0,0
7664,9,1,39297021,1300860839,1300861054,46494003,0.0,0.0,0.0,0.0,0.0,5.0,0.0,0.0,0
7664,10,1,39297021,1300860839,1300861055,46494003,0.0,0.0,0.0,0.0,0.0,1.0,0.0,0.0,0
7664,11,1,39297021,1300860839,1300861056,46494003,17.37,0.0,0.0,0.0,0.0,4.5,0.0,0.0,0
7664,12,1,39297021,1300860839,1300861057,46494003,4.27,0.0,0.0,0.0,0.0,1.0,0.0,0.0,0
7664,13,1,39297021,1300860839,1300861058,46494003,12.51,0.0,0.0,0.0,0.0,4.0,0.0,0.0,0
7664,14,1,39297021,1300860839,1300861059,46494003,13.07,0.0,0.0,0.0,0.0,2.0,0.0,0.0,0
7664,15,1,39297021,1300860839,1300861060,46494003,31.4,0.0,0.0,0.0,0.0,1.0,0.0,0.0,0
7664,16,1,39297021,1300860839,1300861061,46494003,74.92,0.0,0.0,0.0,0.0,1.0,0.0,0.0,0
7664,17,1,39297021,1300860839,1300861062,46494003,76.47,0.0,0.0,0.0,0.0,3.0,0.0,0.0,0
7664,18,1,39297021,1300860839,1300861063,46494003,31.44,0.0,0.0,0.0,0.0,2.0,0.0,0.0,0
7664,19,1,39297021,1300860839,1300861064,46494003,32.74,0.0,0.0,0.0,0.0,1.0,0.0,0.0,0
7664,20,1,39297021,1300860839,1300861065,46494003,17.42,0.0,0.0,0.0,0.0,3.0,0.0,0.0,0
7664,21,1,39297021,1300860839,1300861066,46494003,4.11,0.0,0.0,0.0,0.0,3.0,0.0,0.0,0
7664,22,1,39297021,1300860839,1300861067,46494003,0.16,0.0,0.0,0.0,0.0,50.0,0.0,0.0,0
7664,23,1,39297021,1300860839,1300861068,46494003,750.95,0.0,0.0,0.0,0.0,1.0,0.0,0.0,0
7664,24,1,39297021,1300860839,1300861069,46494003,1266.67,0.0,0.0,0.0,0.0,1.0,0.0,0.0,0
7664,25,1,39297021,1300860839,1300861070,46494003,281.0,0.0,0.0,0.0,0.0,2.0,0.0,0.0,0
7664,26,1,39297021,1300860839,1300861071,46494003,108.45,0.0,0.0,0.0,0.0,1.0,0.0,0.0,0
7664,27,1,39297021,1300860839,1300861072,46494003,922.5,0.0,0.0,0.0,0.0,1.0,0.0,0.0,0
7664,28,1,39297021,1300860839,1300861073,46494003,575.0,0.0,0.0,0.0,0.0,1.0,0.0,0.0,0
7664,29,1,39297021,1300860839,1300861074,46494003,951.44,0.0,0.0,0.0,0.0,1.0,0.0,0.0,0
7664,30,1,39297021,1300860839,1300861075,46494003,64.8,0.0,0.0,0.0,0.0,1.0,0.0,0.0,0
7664,31,1,39297021,1300860839,1300861076,46494003,734.17,0.0,0.0,0.0,0.0,1.0,0.0,0.0,0
7664,32,1,39297021,1300860839,1300861077,46494003,431.85,0.0,0.0,0.0,0.0,2.0,0.0,0.0,0
7664,33,1,39297021,1300860839,1300861078,46494003,17.82,0.0,0.0,0.0,0.0,1.0,0.0,0.0,0
7664,34,1,39297021,1300860839,1300861079,46494003,5.0,0.0,0.0,0.0,0.0,1.0,0.0,0.0,0
7664,35,1,39297021,1300860839,1300861080,46494003,150.0,0.0,0.0,0.0,0.0,1.0,0.0,0.0,0
7664,36,1,39297021,1300860839,1300861081,46494003,244.0,0.0,0.0,0.0,0.0,1.0,0.0,0.0,0
7664,37,1,39297021,1300860839,1300861082,46494003,342.0,0.0,0.0,0.0,0.0,1.0,0.0,0.0,0
7664,38,1,39297021,1300860839,1300861083,46494003,5678.0,0.0,0.0,0.0,0.0,1.0,0.0,0.0,0
7664,39,1,39297021,1300860839,1300861084,46494003,604.0,0.0,0.0,0.0,0.0,1.0,0.0,0.0,0
7664,40,1,39297021,1300860839,1300861085,46494003,974.17,0.0,0.0,0.0,0.0,1.0,0.0,0.0,0
7664,41,1,39297021,1300860839,1300861086,46494003,135.0,0.0,0.0,0.0,0.0,188.0,0.0,0.0,0
7664,42,1,39297021,1300860839,1300861087,46494003,135.42,276.0,0.0,0.0,0.0,282.0,0.0,0.0,0
7664,43,1,39297021,1300860839,1300861090,46494003,520.4,0.0,0.0,0.0,0.0,82.0,0.0,0.0,0
7664,44,1,39297021,1300860839,1300861091,46494003,123.35,0.0,0.0,0.0,0.0,90.0,0.0,0.0,0
7664,45,1,39297021,1300860839,1300861092,46494003,21.51,0.0,0.0,0.0,0.0,92.24,0.0,0.0,0
7664,46,1,39297021,1300860839,1300861093,46494003,855.0,0.0,0.0,0.0,0.0,6.0,0.0,0.0,0
7664,47,1,39297021,1300860839,1300861094,46494003,346.0,0.0,0.0,0.0,0.0,10.0,0.0,0.0,0
6027,1,1,46788473,1312034596,1312034703,-2,33.642882,0.45,0.0,0.0,0.0,0.45,0.0,0.0,0
6027,2,1,39297021,1300860839,1300861096,36945574,333.35,0.0,0.0,0.0,0.0,10.0,0.0,0.0,0
6027,3,1,39297021,1300860839,1300861097,36945574,2.74,0.0,0.0,0.0,0.0,200.0,0.0,0.0,0
6027,4,1,35853460,1312063269,1312063346,-2,26.31,2.0,0.0,0.0,0.0,2.0,0.0,0.0,0
6027,5,1,35853460,1312063269,1312063363,-2,9.21,1.0,0.0,0.0,0.0,1.0,0.0,0.0,0
6027,6,1,35853460,1312063269,1312063383,-2,86.76,1.0,0.0,0.0,0.0,1.0,0.0,0.0,0
6027,7,1,39297021,1300860839,1300861098,36945574,20.18,0.0,0.0,0.0,0.0,12.0,0.0,0.0,0
6027,8,1,39297021,1300860839,1300861099,36945574,2068.6,0.0,0.0,0.0,0.0,1.0,0.0,0.0,0
6027,9,1,39297021,1300860839,1300861100,36945574,0.0,0.0,0.0,0.0,0.0,2.0,0.0,0.0,0
6027,10,1,35853460,1312063269,1319554947,-2,18.02,1.0,0.0,0.0,0.0,1.0,0.0,0.0,
6027,11,1,39297021,1300860839,1300861101,36945574,0.0,0.0,0.0,0.0,0.0,14.0,0.0,0.0,0
6027,12,1,39297021,1300860839,1300861102,36945574,160.3794095227,5.0,0.0,0.0,0.0,5.0,0.0,0.0,0
6027,45,1,47990845,1312062665,1312062784,-2,5.4,1.0,0.0,0.0,0.0,1.0,0.0,0.0,0
6027,47,1,49935511,1312038500,1312038665,-2,11.544927999999999,0.062,0.0,0.0,0.0,0.062,0.0,0.0,0
6027,48,1,49935511,1312038500,1312038711,-2,5.4,1.0,0.0,0.0,0.0,1.0,0.0,0.0,0
6027,49,1,49935511,1312040009,1312038593,-2,20.19,1.0,0.0,0.0,0.0,1.0,0.0,0.0,0
7665,0,1,39297021,1300860839,1300861095,46494003,32.5,0.0,0.0,0.0,0.0,20.0,0.0,0.0,0
7665,1,1,39297021,1300860839,1300861096,46494003,333.35,0.0,0.0,0.0,0.0,10.0,0.0,0.0,0
7665,2,1,39297021,1300860839,1300861097,46494003,2.74,0.0,0.0,0.0,0.0,200.0,0.0,0.0,0
7665,3,1,39297021,1300860839,1300861098,46494003,20.18,0.0,0.0,0.0,0.0,12.0,0.0,0.0,0
7665,4,1,39297021,1300860839,1300861099,46494003,2068.6,0.0,0.0,0.0,0.0,1.0,0.0,0.0,0
7665,5,1,39297021,1300860839,1300861100,46494003,0.0,0.0,0.0,0.0,0.0,2.0,0.0,0.0,0
7665,6,1,39297021,1300860839,1300861101,46494003,0.0,0.0,0.0,0.0,0.0,14.0,0.0,0.0,0
7665,7,1,39297021,1300860839,1300861102,46494003,160.3794095227,5.0,0.0,0.0,0.0,5.0,0.0,0.0,0
7665,8,1,39297021,1300860839,1300861103,46494003,2568.0,0.0,0.0,0.0,0.0,1.0,0.0,0.0,0
7665,9,1,39297021,1300860839,1300861104,46494003,3415.47,0.0,0.0,0.0,0.0,1.0,0.0,0.0,0
7665,10,1,39297021,1300860839,1300861105,46494003,6259.0396,0.0,0.0,0.0,0.0,1.0,0.0,0.0,0
7665,11,1,39297021,1300860839,1300861106,46494003,2387.0,0.0,0.0,0.0,0.0,1.0,0.0,0.0,0
7665,12,1,39297021,1300860839,1300861107,46494003,385.31,0.0,0.0,0.0,0.0,2.0,0.0,0.0,0
7665,13,1,39297021,1300860839,1300861108,46494003,410.74,0.0,0.0,0.0,0.0,1.0,0.0,0.0,0
7665,14,1,39297021,1300860839,1300861109,46494003,0.0,0.0,0.0,0.0,0.0,0.0,0.0,0.0,0
7665,15,1,39297021,1300860839,1300861110,46494003,22.37,0.0,0.0,0.0,0.0,10.0,0.0,0.0,0
7665,16,1,39297021,1300860839,1300861111,46494003,54.13,0.0,0.0,0.0,0.0,9.0,0.0,0.0,0
7665,17,1,39297021,1300860839,1300861112,46494003,22.37,0.0,0.0,0.0,0.0,4.0,0.0,0.0,0
7665,18,1,39297021,1300860839,1300861113,46494003,23.37,0.0,0.0,0.0,0.0,10.0,0.0,0.0,0
7665,19,1,39297021,1300860839,1300861114,46494003,40.94,0.0,0.0,0.0,0.0,6.0,0.0,0.0,0
7665,20,1,39297021,1300860839,1300861115,46494003,71.42,0.0,0.0,0.0,0.0,3.0,0.0,0.0,0
7665,21,1,39297021,1300860839,1300861116,46494003,222.08,0.0,0.0,0.0,0.0,3.0,0.0,0.0,0
7665,22,1,39297021,1300860839,1300861117,46494003,288.52,0.0,0.0,0.0,0.0,3.0,0.0,0.0,0
7665,23,1,39297021,1300860839,1300861118,46494003,17.78,0.0,0.0,0.0,0.0,4.0,0.0,0.0,0
7665,24,1,39297021,1300860839,1300861119,46494003,14.66,0.0,0.0,0.0,0.0,10.0,0.0,0.0,0
7665,25,1,39297021,1300860839,1300861120,46494003,25.0,0.0,0.0,0.0,0.0,2.0,0.0,0.0,0
7665,26,1,39297021,1300860839,1300861121,46494003,7000.0,0.0,0.0,0.0,0.0,1.0,0.0,0.0,0
7665,27,1,39297021,1300860839,1300861122,46494003,534.888,0.0,0.0,0.0,0.0,1.0,0.0,0.0,0
7665,28,1,39297021,1300860839,1300861123,46494003,220.4,2.0,0.0,0.0,0.0,4.0,0.0,0.0,0
7665,29,1,39297021,1300860839,1300861124,46494003,0.0,0.0,0.0,0.0,0.0,10.0,0.0,0.0,0
7665,30,1,39297021,1300860839,1300861125,46494003,6.48,0.0,0.0,0.0,0.0,450.0,0.0,0.0,0
7665,31,1,39297021,1300860839,1300861126,46494003,4.9,0.0,0.0,0.0,0.0,1.0,0.0,0.0,0
7665,32,1,39297021,1300860839,1300861127,46494003,0.0,0.0,0.0,0.0,0.0,2.0,0.0,0.0,0
7665,33,1,39297021,1300860839,1300861128,46494003,4333.33,0.0,0.0,0.0,0.0,2.0,0.0,0.0,0
7665,34,1,39297021,1300860839,1300861129,46494003,200.0,0.0,0.0,0.0,0.0,1.0,0.0,0.0,0
7665,35,1,39297021,1300860839,1300861130,46494003,5000.0,0.0,0.0,0.0,0.0,2.0,0.0,0.0,0
7665,36,1,39297021,1300860839,1300861131,46494003,1814.4,0.0,0.0,0.0,0.0,1.0,0.0,0.0,0
7665,37,1,39297021,1300860839,1300861132,46494003,0.0,0.0,0.0,0.0,0.0,1.0,0.0,0.0,0
7665,38,1,39297021,1300860839,1300861133,46494003,0.0,0.0,0.0,0.0,0.0,1.0,0.0,0.0,0
7665,39,1,39297021,1300860839,1300861134,46494003,0.0,0.0,0.0,0.0,0.0,1.0,0.0,0.0,0
7665,40,1,39297021,1300860839,1300861135,46494003,0.0,0.0,0.0,0.0,0.0,1.0,0.0,0.0,0
7665,41,1,39297021,1300860839,1300861136,46494003,0.0,1.0,0.0,0.0,0.0,1.0,0.0,0.0,0
7665,42,1,39297021,1300860839,1300861137,46494003,0.0,0.0,0.0,0.0,0.0,1.0,0.0,0.0,0
7665,43,1,39297021,1300860839,1300861138,46494003,0.0,0.0,0.0,0.0,0.0,1.0,0.0,0.0,0
7665,44,1,39297021,1300860839,1300861139,46494003,0.0,0.0,0.0,0.0,0.0,1.0,0.0,0.0,0
7665,45,1,39297021,1300860839,1300861140,46494003,0.0,0.0,0.0,0.0,0.0,1.0,0.0,0.0,0
7665,46,1,39297021,1300860839,1300861141,46494003,270.0,0.0,0.0,0.0,0.0,1.0,0.0,0.0,0
7665,47,1,39297021,1300860839,1302357922,46494003,96.16548132165543,210.0,0.0,0.0,0.0,80.0,0.0,0.0,
7665,48,1,39297021,1300860839,1302362619,46494003,4.95,25.0,0.0,0.0,0.0,25.0,0.0,0.0,
7666,0,1,39297021,1300860839,1305662027,46494003,13.34,26.0,0.0,0.0,0.0,26.0,0.0,0.0,
7666,1,1,39297021,1300860839,1305935013,46494003,14.71,6.0,0.0,0.0,0.0,6.0,0.0,0.0,
7666,2,1,39297021,1300860839,1306335374,46494003,2.13,114.0,0.0,0.0,0.0,18.0,0.0,0.0,
7666,3,1,39297021,1300860839,1306338159,46494003,4.22,19.0,0.0,0.0,0.0,19.0,0.0,0.0,
7666,4,1,39297021,1300860839,1306433181,46494003,0.044472727272727275,110.0,0.0,0.0,0.0,20.0,0.0,0.0,
7666,5,1,39297021,1300860839,1306433182,46494003,0.0,20.0,0.0,0.0,0.0,20.0,0.0,0.0,
7666,6,1,39297021,1300860839,1306435854,46494003,211.98,4.0,0.0,0.0,0.0,4.0,0.0,0.0,
7666,7,1,39297021,1300860839,1306453001,46494003,0.71,50.0,0.0,0.0,0.0,6.0,0.0,0.0,
7666,8,1,39297021,1300860839,1306641385,46494003,1001.9065,2.0,0.0,0.0,0.0,2.0,0.0,0.0,
7666,9,1,39297021,1300860839,1306643388,46494003,3.912,13.0,0.0,0.0,0.0,2.0,0.0,0.0,
7666,10,1,39297021,1300860839,1306643602,46494003,4.02,2.0,0.0,0.0,0.0,2.0,0.0,0.0,
7666,11,1,39297021,1300860839,1306644777,46494003,1.61,2.0,0.0,0.0,0.0,2.0,0.0,0.0,
7666,12,1,39297021,1300860839,1306644795,46494003,960.0,2.0,0.0,0.0,0.0,2.0,0.0,0.0,
7666,13,1,39297021,1300860839,1306935032,46494003,14.71,6.0,0.0,0.0,0.0,6.0,0.0,0.0,
7666,14,1,39297021,1300860839,1306936237,46494003,0.0,7.0,0.0,0.0,0.0,7.0,0.0,0.0,
7666,15,1,39297021,1300860839,1306936250,46494003,0.0,4.0,0.0,0.0,0.0,4.0,0.0,0.0,
7666,16,1,39297021,1300860839,1306936441,46494003,0.0,1.0,0.0,0.0,0.0,1.0,0.0,0.0,
7666,17,1,39297021,1300860839,1307035191,46494003,639.43,4.0,0.0,0.0,0.0,2.0,0.0,0.0,
7666,18,1,39297021,1300860839,1307036769,46494003,16.85,17.0,0.0,0.0,0.0,12.0,0.0,0.0,
7666,19,1,39297021,1300860839,1307051478,46494003,6981.22,1.0,0.0,0.0,0.0,1.0,0.0,0.0,
7666,20,1,39297021,1300860839,1307051483,46494003,6323.77,1.0,0.0,0.0,0.0,1.0,0.0,0.0,
7666,21,1,39297021,1300860839,1307132738,46494003,203.22500000000002,8.0,0.0,0.0,0.0,1.0,0.0,0.0,
7666,22,1,39297021,1300860839,1307137652,46494003,180.99,184.0,0.0,0.0,0.0,184.0,0.0,0.0,
7666,23,1,39297021,1300860839,1307137664,46494003,264.84,90.0,0.0,0.0,0.0,90.0,0.0,0.0,
7666,24,1,39297021,1300860839,1307137786,46494003,117.59,88.0,0.0,0.0,0.0,88.0,0.0,0.0,
7666,25,1,39297021,1300860839,1307658498,46494003,0.0,133.0,0.0,0.0,0.0,8.0,0.0,0.0,
7666,26,1,39297021,1300860839,1307658506,46494003,0.0,8.0,0.0,0.0,0.0,8.0,0.0,0.0,
7666,27,1,39297021,1300860839,1307658514,46494003,0.003672316384180791,177.0,0.0,0.0,0.0,8.0,0.0,0.0,
7666,28,1,39297021,1300860839,1307740592,46494003,1.7999999999999998,41.0,0.0,0.0,0.0,7.0,0.0,0.0,
7666,29,1,39297021,1300860839,1307745466,46494003,1.0,26.0,0.0,0.0,0.0,26.0,0.0,0.0,
7666,30,1,39297021,1300860839,1307745475,46494003,1.83,47.0,0.0,0.0,0.0,28.0,0.0,0.0,
7666,31,1,39297021,1300860839,1307842260,46494003,3.6,25.0,0.0,0.0,0.0,2.0,0.0,0.0,
7666,32,1,39297021,1300860839,1307842275,46494003,8.16,2.0,0.0,0.0,0.0,2.0,0.0,0.0,
7666,33,1,39297021,1300860839,1307842603,46494003,104.4,2.0,0.0,0.0,0.0,2.0,0.0,0.0,
7666,34,1,39297021,1300860839,1307930327,46494003,75.14,8.0,0.0,0.0,0.0,8.0,0.0,0.0,
7666,35,1,39297021,1300860839,1308433881,46494003,2.16,6.0,0.0,0.0,0.0,6.0,0.0,0.0,
7666,36,1,39297021,1300860839,1308443911,46494003,31.2,31.0,0.0,0.0,0.0,31.0,0.0,0.0,
7666,37,1,39297021,1300860839,1308638865,46494003,0.0,122.0,0.0,0.0,0.0,50.0,0.0,0.0,
7666,38,1,39297021,1300860839,1308638996,46494003,0.0,50.0,0.0,0.0,0.0,50.0,0.0,0.0,
7666,39,1,39297021,1300860839,1308732040,46494003,47.68,3.0,0.0,0.0,0.0,3.0,0.0,0.0,
7666,40,1,39297021,1300860839,1309340375,46494003,0.0,30.0,0.0,0.0,0.0,10.0,0.0,0.0,
7666,41,1,39297021,1300860839,1309340538,46494003,1.84,12.0,0.0,0.0,0.0,12.0,0.0,0.0,
7666,42,1,39297021,1300860839,1309340606,46494003,1.49,9.0,0.0,0.0,0.0,3.0,0.0,0.0,
7666,43,1,39297021,1300860839,1309432171,46494003,54.566,4.0,0.0,0.0,0.0,4.0,0.0,0.0,
7666,44,1,39297021,1300860839,1309735262,46494003,1.08,6.0,0.0,0.0,0.0,6.0,0.0,0.0,
7666,45,1,39297021,1300860839,1309735269,46494003,0.81,6.0,0.0,0.0,0.0,6.0,0.0,0.0,
7666,46,1,39297021,1300860839,1309735279,46494003,10.71,4.0,0.0,0.0,0.0,4.0,0.0,0.0,
6076,1,1,39297021,1300860839,1300861103,36945574,2568.0,0.0,0.0,0.0,0.0,1.0,0.0,0.0,0
6076,2,1,39297021,1300860839,1300861104,36945574,3415.47,0.0,0.0,0.0,0.0,1.0,0.0,0.0,0
6076,3,1,39297021,1300860839,1300861105,36945574,6259.0396,0.0,0.0,0.0,0.0,1.0,0.0,0.0,0
6076,4,1,39297021,1300860839,1300861106,36945574,2387.0,0.0,0.0,0.0,0.0,1.0,0.0,0.0,0
6076,5,1,39297021,1300860839,1300861107,36945574,385.31,0.0,0.0,0.0,0.0,2.0,0.0,0.0,0
6076,6,1,39297021,1300860839,1300861108,36945574,410.74,0.0,0.0,0.0,0.0,1.0,0.0,0.0,0
6076,7,1,39297021,1300860839,1300861109,36945574,0.0,0.0,0.0,0.0,0.0,0.0,0.0,0.0,0
6076,8,1,39297021,1300860839,1300861110,36945574,22.37,0.0,0.0,0.0,0.0,10.0,0.0,0.0,0
6076,9,1,39297021,1300860839,1300861111,36945574,54.13,0.0,0.0,0.0,0.0,9.0,0.0,0.0,0
6076,10,1,39297021,1300860839,1300861112,36945574,22.37,0.0,0.0,0.0,0.0,4.0,0.0,0.0,0
6076,11,1,39297021,1300860839,1300861113,36945574,23.37,0.0,0.0,0.0,0.0,10.0,0.0,0.0,0
6076,12,1,39297021,1300860839,1300861114,36945574,40.94,0.0,0.0,0.0,0.0,6.0,0.0,0.0,0
6076,13,1,39297021,1300860839,1300861115,36945574,71.42,0.0,0.0,0.0,0.0,3.0,0.0,0.0,0
6076,14,1,39297021,1300860839,1300861116,36945574,222.08,0.0,0.0,0.0,0.0,3.0,0.0,0.0,0
6076,15,1,39297021,1300860839,1300861117,36945574,288.52,0.0,0.0,0.0,0.0,3.0,0.0,0.0,0
6076,16,1,39297021,1300860839,1300861118,36945574,17.78,0.0,0.0,0.0,0.0,4.0,0.0,0.0,0
6076,17,1,39297021,1300860839,1300861119,36945574,14.66,0.0,0.0,0.0,0.0,10.0,0.0,0.0,0
6076,18,1,39297021,1300860839,1300861120,36945574,25.0,0.0,0.0,0.0,0.0,2.0,0.0,0.0,0
6076,19,1,39297021,1300860839,1300861121,36945574,7000.0,0.0,0.0,0.0,0.0,1.0,0.0,0.0,0
6076,20,1,39297021,1300860839,1300861122,36945574,534.888,0.0,0.0,0.0,0.0,1.0,0.0,0.0,0
6076,21,1,49935511,1312040009,1312038665,-2,11.544927999999999,0.062,0.0,0.0,0.0,0.062,0.0,0.0,0
6076,22,1,49935511,1312040009,1312038711,-2,5.4,1.0,0.0,0.0,0.0,1.0,0.0,0.0,0
6076,23,1,39297021,1300860839,1300861123,36945574,220.4,2.0,0.0,0.0,0.0,4.0,0.0,0.0,0
6076,24,1,39297021,1300860839,1300861124,36945574,0.0,0.0,0.0,0.0,0.0,10.0,0.0,0.0,0
6076,25,1,39297021,1300860839,1300861125,36945574,6.48,0.0,0.0,0.0,0.0,450.0,0.0,0.0,0
6076,26,1,39297021,1300860839,1300861126,36945574,4.9,0.0,0.0,0.0,0.0,1.0,0.0,0.0,0
6076,27,1,39297021,1300860839,1300861127,36945574,0.0,0.0,0.0,0.0,0.0,2.0,0.0,0.0,0
6076,28,1,39297021,1300860839,1300861128,36945574,4333.33,0.0,0.0,0.0,0.0,2.0,0.0,0.0,0
6076,29,1,39297021,1300860839,1300861129,36945574,200.0,0.0,0.0,0.0,0.0,1.0,0.0,0.0,0
6076,30,1,39297021,1300860839,1300861130,36945574,5000.0,0.0,0.0,0.0,0.0,2.0,0.0,0.0,0
6076,46,1,39297021,1300860839,1300861131,36945574,1814.4,0.0,0.0,0.0,0.0,1.0,0.0,0.0,0
7668,0,1,39297021,1300860839,1309836633,46494003,534.888,1.0,0.0,0.0,0.0,1.0,0.0,0.0,
7668,1,1,39297021,1300860839,1309836639,46494003,722.93,1.0,0.0,0.0,0.0,1.0,0.0,0.0,
7668,2,1,39297021,1300860839,1309861257,46494003,510.96,2.0,0.0,0.0,0.0,2.0,0.0,0.0,
7668,3,1,39297021,1300860839,1309861377,46494003,3.5699999999999994,13.0,0.0,0.0,0.0,13.0,0.0,0.0,
7668,4,1,39297021,1300860839,1309953161,46494003,0.0507,40.0,0.0,0.0,0.0,40.0,0.0,0.0,
7668,5,1,39297021,1300860839,1310454337,46494003,16.05,1.0,0.0,0.0,0.0,1.0,0.0,0.0,
7668,6,1,39297021,1300860839,1310454360,46494003,22.59,2.0,0.0,0.0,0.0,2.0,0.0,0.0,
7668,7,1,39297021,1300860839,1310457733,46494003,94.15,60.0,0.0,0.0,0.0,60.0,0.0,0.0,
7668,8,1,39297021,1300860839,1310534144,46494003,108.0,4.0,0.0,0.0,0.0,4.0,0.0,0.0,
7668,9,1,39297021,1300860839,1310534161,46494003,0.0,5.0,0.0,0.0,0.0,5.0,0.0,0.0,
7668,10,1,39297021,1300860839,1310535855,46494003,0.0,2.0,0.0,0.0,0.0,2.0,0.0,0.0,
7668,11,1,39297021,1300860839,1310535883,46494003,0.0,2.0,0.0,0.0,0.0,2.0,0.0,0.0,
7668,12,1,39297021,1300860839,1310632444,46494003,1.9551063829787234,47.0,0.0,0.0,0.0,13.0,0.0,0.0,
7668,13,1,39297021,1300860839,1310759265,46494003,3375.7,2.0,0.0,0.0,0.0,2.0,0.0,0.0,
7668,14,1,39297021,1300860839,1310843661,46494003,0.46317082533589254,521.0,0.0,0.0,0.0,321.0,0.0,0.0,
7668,15,1,39297021,1300860839,1311140425,46494003,1.7600000000000002,10.0,0.0,0.0,0.0,10.0,0.0,0.0,
7668,16,1,39297021,1300860839,1311140434,46494003,2.12,6.0,0.0,0.0,0.0,6.0,0.0,0.0,
7668,17,1,39297021,1300860839,1311142809,46494003,14.85,30.0,0.0,0.0,0.0,30.0,0.0,0.0,
7668,18,1,39297021,1300860839,1311142817,46494003,2.7,10.0,0.0,0.0,0.0,10.0,0.0,0.0,
7668,19,1,39297021,1300860839,1311155968,46494003,4.548,23.0,0.0,0.0,0.0,5.0,0.0,0.0,
7668,20,1,39297021,1300860839,1311156319,46494003,18.7,510.0,0.0,0.0,0.0,510.0,0.0,0.0,
7668,21,1,39297021,1300860839,1311163148,46494003,16.94,8.0,0.0,0.0,0.0,8.0,0.0,0.0,
7668,22,1,39297021,1300860839,1311163196,46494003,105.0,4.0,0.0,0.0,0.0,4.0,0.0,0.0,
7668,23,1,39297021,1300860839,1311164039,46494003,450.38000000000005,44.0,0.0,0.0,0.0,44.0,0.0,0.0,
7668,24,1,39297021,1300860839,1311164046,46494003,1129.72,2.0,0.0,0.0,0.0,2.0,0.0,0.0,
7668,25,1,39297021,1300860839,1311451226,46494003,15.64,100.0,0.0,0.0,0.0,100.0,0.0,0.0,
7668,26,1,39297021,1300860839,1311451233,46494003,15.64,100.0,0.0,0.0,0.0,100.0,0.0,0.0,
7668,27,1,39297021,1300860839,1311451241,46494003,2.12,50.0,0.0,0.0,0.0,50.0,0.0,0.0,
7668,28,1,39297021,1300860839,1312156912,46494003,11.25,8.0,0.0,0.0,0.0,8.0,0.0,0.0,
7668,29,1,39297021,1300860839,1312156919,46494003,0.5,10.0,0.0,0.0,0.0,10.0,0.0,0.0,
7668,30,1,39297021,1300860839,1312551440,46494003,0.0,5.0,0.0,0.0,0.0,5.0,0.0,0.0,
7668,31,1,39297021,1300860839,1312551454,46494003,0.0,37.0,0.0,0.0,0.0,37.0,0.0,0.0,
7668,32,1,39297021,1300860839,1312551467,46494003,0.09,4.0,0.0,0.0,0.0,4.0,0.0,0.0,
7668,33,1,39297021,1300860839,1312761932,46494003,17.09,2.0,0.0,0.0,0.0,2.0,0.0,0.0,
7668,34,1,39297021,1300860839,1312845174,46494003,165.3,1.0,0.0,0.0,0.0,1.0,0.0,0.0,
7668,35,1,39297021,1300860839,1312845181,46494003,112.14,1.0,0.0,0.0,0.0,1.0,0.0,0.0,
7668,36,1,39297021,1300860839,1312933207,46494003,180.0,1.0,0.0,0.0,0.0,1.0,0.0,0.0,
7668,37,1,39297021,1300860839,1312933960,46494003,346.8,1.0,0.0,0.0,0.0,1.0,0.0,0.0,
7668,38,1,39297021,1300860839,1312933966,46494003,270.3,1.0,0.0,0.0,0.0,1.0,0.0,0.0,
7668,39,1,39297021,1300860839,1316041199,46494003,5.77997834248,17.0,0.0,0.0,0.0,17.0,0.0,0.0,
7668,40,1,39297021,1300860839,1320961643,46494003,12006.22,1.0,0.0,0.0,0.0,1.0,0.0,0.0,
7668,41,1,35253452,1312063269,1319554947,-1,15.14,1.0,0.0,0.0,0.0,1.0,0.0,0.0,
7668,42,1,46928733,1312040009,1312038593,-1,20.19,2.0,0.0,0.0,0.0,1.0,0.0,0.0,0
7668,43,1,46928733,1312040009,1312038665,-1,6.44,0.124,0.0,0.0,0.0,0.062,0.0,0.0,0
7668,44,1,46928733,1312040009,1312038711,-1,5.4,2.0,0.0,0.0,0.0,1.0,0.0,0.0,0
7668,45,1,44642751,1312037749,1312037816,-1,20.190842,2.0,0.0,0.0,0.0,1.0,0.0,0.0,0
7668,46,1,33563746,1312062665,1312062731,-1,2.37,1.0,0.0,0.0,0.0,1.0,0.0,0.0,0
6080,1,1,39297021,1300860839,1300861132,36945574,0.0,0.0,0.0,0.0,0.0,1.0,0.0,0.0,0
6080,2,1,39297021,1300860839,1300861133,36945574,0.0,0.0,0.0,0.0,0.0,1.0,0.0,0.0,0
6080,3,1,39297021,1300860839,1300861134,36945574,0.0,0.0,0.0,0.0,0.0,1.0,0.0,0.0,0
6080,4,1,39297021,1300860839,1300861135,36945574,0.0,0.0,0.0,0.0,0.0,1.0,0.0,0.0,0
6080,5,1,39297021,1300860839,1300861136,36945574,0.0,1.0,0.0,0.0,0.0,1.0,0.0,0.0,0
6080,6,1,39297021,1300860839,1300861137,36945574,0.0,0.0,0.0,0.0,0.0,1.0,0.0,0.0,0
6080,7,1,39297021,1300860839,1300861138,36945574,0.0,0.0,0.0,0.0,0.0,1.0,0.0,0.0,0
6080,8,1,39297021,1300860839,1300861139,36945574,0.0,0.0,0.0,0.0,0.0,1.0,0.0,0.0,0
6080,9,1,39297021,1300860839,1300861140,36945574,0.0,0.0,0.0,0.0,0.0,1.0,0.0,0.0,0
6080,10,1,39297021,1300860839,1300861141,36945574,270.0,0.0,0.0,0.0,0.0,1.0,0.0,0.0,0
6080,11,1,39297021,1300860839,1302357922,36945574,157.99,210.0,0.0,0.0,0.0,80.0,0.0,0.0,
6080,12,1,39297021,1300860839,1302362619,36945574,4.95,25.0,0.0,0.0,0.0,25.0,0.0,0.0,
6080,13,1,39297021,1300860839,1305662027,36945574,13.34,26.0,0.0,0.0,0.0,26.0,0.0,0.0,
6080,14,1,39297021,1300860839,1305935013,36945574,14.71,6.0,0.0,0.0,0.0,6.0,0.0,0.0,
6080,15,1,39297021,1300860839,1306335374,36945574,2.13,114.0,0.0,0.0,0.0,18.0,0.0,0.0,
6080,16,1,39297021,1300860839,1306338159,36945574,4.22,19.0,0.0,0.0,0.0,19.0,0.0,0.0,
6080,17,1,39297021,1300860839,1306433181,36945574,0.044472727272727275,110.0,0.0,0.0,0.0,20.0,0.0,0.0,
6080,18,1,39297021,1300860839,1306433182,36945574,0.0,20.0,0.0,0.0,0.0,20.0,0.0,0.0,
6080,19,1,39297021,1300860839,1306435854,36945574,211.98,4.0,0.0,0.0,0.0,4.0,0.0,0.0,
6080,20,1,39297021,1300860839,1306453001,36945574,0.71,50.0,0.0,0.0,0.0,6.0,0.0,0.0,
6080,21,1,39297021,1300860839,1306641385,36945574,1001.9065,2.0,0.0,0.0,0.0,2.0,0.0,0.0,
6080,22,1,39297021,1300860839,1306643388,36945574,3.912,13.0,0.0,0.0,0.0,2.0,0.0,0.0,
6080,23,1,39297021,1300860839,1306643602,36945574,4.02,2.0,0.0,0.0,0.0,2.0,0.0,0.0,
6080,24,1,39297021,1300860839,1306644777,36945574,1.61,2.0,0.0,0.0,0.0,2.0,0.0,0.0,
6080,25,1,39297021,1300860839,1306644795,36945574,960.0,2.0,0.0,0.0,0.0,2.0,0.0,0.0,
6080,26,1,39297021,1300860839,1306935032,36945574,14.71,6.0,0.0,0.0,0.0,6.0,0.0,0.0,
6080,27,1,39297021,1300860839,1306936237,36945574,0.0,7.0,0.0,0.0,0.0,7.0,0.0,0.0,
6080,28,1,39297021,1300860839,1306936250,36945574,0.0,4.0,0.0,0.0,0.0,4.0,0.0,0.0,
6080,29,1,39297021,1300860839,1306936441,36945574,0.0,1.0,0.0,0.0,0.0,1.0,0.0,0.0,
6080,30,1,39297021,1300860839,1307035191,36945574,639.43,4.0,0.0,0.0,0.0,2.0,0.0,0.0,
6080,31,1,39297021,1300860839,1307036769,36945574,16.85,17.0,0.0,0.0,0.0,12.0,0.0,0.0,
6080,32,1,39297021,1300860839,1307051478,36945574,6981.22,1.0,0.0,0.0,0.0,1.0,0.0,0.0,
6080,33,1,39297021,1300860839,1307051483,36945574,6323.77,1.0,0.0,0.0,0.0,1.0,0.0,0.0,
6080,34,1,39297021,1300860839,1307132738,36945574,203.22500000000002,8.0,0.0,0.0,0.0,1.0,0.0,0.0,
6080,35,1,39297021,1300860839,1307137652,36945574,180.99,184.0,0.0,0.0,0.0,184.0,0.0,0.0,
6080,36,1,39297021,1300860839,1307137664,36945574,264.84,90.0,0.0,0.0,0.0,90.0,0.0,0.0,
6080,37,1,39297021,1300860839,1307137786,36945574,117.59,88.0,0.0,0.0,0.0,88.0,0.0,0.0,
6080,38,1,39297021,1300860839,1307658498,36945574,0.0,133.0,0.0,0.0,0.0,8.0,0.0,0.0,
6080,39,1,39297021,1300860839,1307658506,36945574,0.0,8.0,0.0,0.0,0.0,8.0,0.0,0.0,
6080,40,1,39297021,1300860839,1307658514,36945574,0.003672316384180791,177.0,0.0,0.0,0.0,8.0,0.0,0.0,
6080,41,1,39297021,1300860839,1307740592,36945574,1.7999999999999998,41.0,0.0,0.0,0.0,7.0,0.0,0.0,
6080,42,1,39297021,1300860839,1307745466,36945574,1.0,26.0,0.0,0.0,0.0,26.0,0.0,0.0,
6080,43,1,44730875,1312038500,1312038593,-1,0.0,0.0,0.0,0.0,0.0,1.0,0.0,0.0,
6080,44,1,44730875,1312038500,1312038665,-1,22.58,0.0,0.0,0.0,0.0,0.062,0.0,0.0,
6080,45,1,44730875,1312038500,1312038711,-1,11.1132,0.0,0.0,0.0,0.0,1.0,0.0,0.0,
6080,49,1,47273863,1312063269,1312063346,-1,0.0,8.0,0.0,0.0,0.0,2.0,0.0,0.0,
6080,50,1,47273863,1312063269,1312063363,-1,0.0,4.0,0.0,0.0,0.0,1.0,0.0,0.0,
6080,51,1,47273863,1312063269,1312063383,-1,0.0,4.0,0.0,0.0,0.0,1.0,0.0,0.0,
6169,1,1,39297021,1300860839,1307745475,36945574,1.83,47.0,0.0,0.0,0.0,28.0,0.0,0.0,
6169,2,1,39297021,1300860839,1307842260,36945574,3.6,25.0,0.0,0.0,0.0,2.0,0.0,0.0,
6169,3,1,39297021,1300860839,1307842275,36945574,8.16,2.0,0.0,0.0,0.0,2.0,0.0,0.0,
6169,4,1,39297021,1300860839,1307842603,36945574,104.4,2.0,0.0,0.0,0.0,2.0,0.0,0.0,
6169,5,1,39297021,1300860839,1307930327,36945574,75.14,8.0,0.0,0.0,0.0,8.0,0.0,0.0,
6169,6,1,39297021,1300860839,1308433881,36945574,2.16,6.0,0.0,0.0,0.0,6.0,0.0,0.0,
6169,7,1,39297021,1300860839,1308443911,36945574,31.2,31.0,0.0,0.0,0.0,31.0,0.0,0.0,
6169,8,1,39297021,1300860839,1308638865,36945574,0.0,122.0,0.0,0.0,0.0,50.0,0.0,0.0,
6169,9,1,39297021,1300860839,1308638996,36945574,0.0,50.0,0.0,0.0,0.0,50.0,0.0,0.0,
6169,10,1,39297021,1300860839,1308732040,36945574,47.68,3.0,0.0,0.0,0.0,3.0,0.0,0.0,
6169,11,1,39297021,1300860839,1309340375,36945574,0.0,30.0,0.0,0.0,0.0,10.0,0.0,0.0,
6169,12,1,39297021,1300860839,1309340538,36945574,1.84,12.0,0.0,0.0,0.0,12.0,0.0,0.0,
6169,13,1,39297021,1300860839,1309340606,36945574,1.49,9.0,0.0,0.0,0.0,3.0,0.0,0.0,
6169,14,1,39297021,1300860839,1309432171,36945574,54.566,4.0,0.0,0.0,0.0,4.0,0.0,0.0,
6169,15,1,39297021,1300860839,1309735262,36945574,1.08,6.0,0.0,0.0,0.0,6.0,0.0,0.0,
6169,16,1,39297021,1300860839,1309735269,36945574,0.81,6.0,0.0,0.0,0.0,6.0,0.0,0.0,
6161,6,1,39297021,1300860839,1309735279,36945574,10.71,4.0,0.0,0.0,0.0,4.0,0.0,0.0,
6161,7,1,39297021,1300860839,1309836633,36945574,534.888,1.0,0.0,0.0,0.0,1.0,0.0,0.0,
6161,8,1,39297021,1300860839,1309836639,36945574,722.93,1.0,0.0,0.0,0.0,1.0,0.0,0.0,
6161,9,1,39297021,1300860839,1309861257,36945574,510.96,2.0,0.0,0.0,0.0,2.0,0.0,0.0,
6161,10,1,39297021,1300860839,1309861377,36945574,3.5699999999999994,13.0,0.0,0.0,0.0,13.0,0.0,0.0,
6161,11,1,39297021,1300860839,1309953161,36945574,0.0507,40.0,0.0,0.0,0.0,40.0,0.0,0.0,
6161,12,1,39297021,1300860839,1310454337,36945574,16.05,1.0,0.0,0.0,0.0,1.0,0.0,0.0,
6161,13,1,39297021,1300860839,1310454360,36945574,22.59,2.0,0.0,0.0,0.0,2.0,0.0,0.0,
6161,14,1,39297021,1300860839,1310457733,36945574,94.15,60.0,0.0,0.0,0.0,60.0,0.0,0.0,
6161,15,1,39297021,1300860839,1310534144,36945574,108.0,4.0,0.0,0.0,0.0,4.0,0.0,0.0,
6132,1,1,39297021,1300860839,1310534161,36945574,0.0,5.0,0.0,0.0,0.0,5.0,0.0,0.0,
6132,2,1,39297021,1300860839,1310535855,36945574,0.0,2.0,0.0,0.0,0.0,2.0,0.0,0.0,
6132,3,1,39297021,1300860839,1310535883,36945574,0.0,2.0,0.0,0.0,0.0,2.0,0.0,0.0,
6132,4,1,39297021,1300860839,1300860899,-1,20.4725,2.0,0.0,0.0,0.0,2.0,0.0,0.0,0
6132,5,1,39297021,1300860839,1300860900,-1,355.203,5.0,0.0,0.0,0.0,5.0,0.0,0.0,0
6132,6,1,39297021,1300860839,1300860901,-1,1051.8885,2.0,0.0,0.0,0.0,2.0,0.0,0.0,0
6132,7,1,39297021,1300860839,1300860903,-1,402.819,2.0,0.0,0.0,0.0,2.0,0.0,0.0,0
6132,8,1,39297021,1300860839,1300860910,-1,5.81,2.0,0.0,0.0,0.0,2.0,0.0,0.0,0
6132,9,1,39297021,1300860839,1300860911,-1,5.44,4.0,0.0,0.0,0.0,4.0,0.0,0.0,0
6132,10,1,39297021,1300860839,1300860912,-1,8.16,2.0,0.0,0.0,0.0,2.0,0.0,0.0,0
6132,11,1,39297021,1300860839,1300860916,-1,17.83,2.0,0.0,0.0,0.0,2.0,0.0,0.0,0
6132,12,1,39297021,1300860839,1300860917,-1,5.15,4.0,0.0,0.0,0.0,4.0,0.0,0.0,0
6132,13,1,39297021,1300860839,1300860920,-1,0.0,3.0,0.0,0.0,0.0,3.0,0.0,0.0,0
6132,14,1,39297021,1300860839,1300860921,-1,0.6,2.0,0.0,0.0,0.0,2.0,0.0,0.0,0
6132,15,1,39297021,1300860839,1300860922,-1,0.0,2.0,0.0,0.0,0.0,2.0,0.0,0.0,0
6132,16,1,39297021,1300860839,1300860923,-1,0.0,3.0,0.0,0.0,0.0,3.0,0.0,0.0,0
6132,17,1,39297021,1300860839,1300860924,-1,0.0,3.0,0.0,0.0,0.0,3.0,0.0,0.0,0
6132,18,1,39297021,1300860839,1300860925,-1,10.2,1.0,0.0,0.0,0.0,1.0,0.0,0.0,0
6132,19,1,39297021,1300860839,1300860926,-1,0.23,1.0,0.0,0.0,0.0,1.0,0.0,0.0,0
6132,20,1,39297021,1300860839,1300860927,-1,0.0,2.0,0.0,0.0,0.0,2.0,0.0,0.0,0
6132,21,1,39297021,1300860839,1300860928,-1,9.27,140.0,0.0,0.0,0.0,140.0,0.0,0.0,0
6132,22,1,39297021,1300860839,1300860929,-1,0.0,8.0,0.0,0.0,0.0,8.0,0.0,0.0,0
6132,23,1,39297021,1300860839,1300860930,-1,0.0,16.0,0.0,0.0,0.0,16.0,0.0,0.0,0
6132,24,1,39297021,1300860839,1300860931,-1,8.86,14.0,0.0,0.0,0.0,14.0,0.0,0.0,0
6132,25,1,39297021,1300860839,1300860932,-1,0.0,48.0,0.0,0.0,0.0,48.0,0.0,0.0,0
6132,26,1,39297021,1300860839,1300860933,-1,0.0,28.0,0.0,0.0,0.0,28.0,0.0,0.0,0
6132,27,1,39297021,1300860839,1300860934,-1,0.0,152.0,0.0,0.0,0.0,152.0,0.0,0.0,0
6132,28,1,39297021,1300860839,1300860935,-1,25.97,4.0,0.0,0.0,0.0,4.0,0.0,0.0,0
6132,29,1,39297021,1300860839,1300860936,-1,0.0,11.0,0.0,0.0,0.0,11.0,0.0,0.0,0
6132,30,1,39297021,1300860839,1300860938,-1,0.0,8.0,0.0,0.0,0.0,8.0,0.0,0.0,0
6132,31,1,39297021,1300860839,1300860939,-1,0.0,112.0,0.0,0.0,0.0,112.0,0.0,0.0,0
6132,32,1,39297021,1300860839,1300860940,-1,0.0,48.0,0.0,0.0,0.0,48.0,0.0,0.0,0
6132,33,1,39297021,1300860839,1300860944,-1,5.18,30.0,0.0,0.0,0.0,30.0,0.0,0.0,0
6132,34,1,39297021,1300860839,1300860945,-1,1.63,71.0,0.0,0.0,0.0,71.0,0.0,0.0,0
6132,35,1,39297021,1300860839,1300860946,-1,0.0,2.0,0.0,0.0,0.0,2.0,0.0,0.0,0
6132,36,1,39297021,1300860839,1300860947,-1,0.0,22.0,0.0,0.0,0.0,22.0,0.0,0.0,0
6132,37,1,39297021,1300860839,1300860948,-1,5.28,219.0,0.0,0.0,0.0,219.0,0.0,0.0,0
6132,38,1,39297021,1300860839,1300860949,-1,11.95,223.0,0.0,0.0,0.0,223.0,0.0,0.0,0
6132,39,1,39297021,1300860839,1300860950,-1,73.94,5.0,0.0,0.0,0.0,5.0,0.0,0.0,0
6132,40,1,39297021,1300860839,1300860951,-1,0.54,12.0,0.0,0.0,0.0,12.0,0.0,0.0,0
6132,41,1,39297021,1300860839,1300860952,-1,0.86,69.0,0.0,0.0,0.0,69.0,0.0,0.0,0
6132,42,1,39297021,1300860839,1300860953,-1,0.0,20.0,0.0,0.0,0.0,20.0,0.0,0.0,0
6132,43,1,39297021,1300860839,1300860954,-1,2.92,171.0,0.0,0.0,0.0,171.0,0.0,0.0,0
6132,44,1,39297021,1300860839,1300860955,-1,5.13,228.0,0.0,0.0,0.0,228.0,0.0,0.0,0
6132,45,1,39297021,1300860839,1310632444,36945574,1.9551063829787234,47.0,0.0,0.0,0.0,13.0,0.0,0.0,
6132,46,1,39297021,1300860839,1310759265,36945574,3375.7,2.0,0.0,0.0,0.0,2.0,0.0,0.0,
6132,47,1,39297021,1300860839,1310843661,36945574,0.46317082533589254,521.0,0.0,0.0,0.0,321.0,0.0,0.0,
6132,48,1,39297021,1300860839,1311140425,36945574,1.7600000000000002,10.0,0.0,0.0,0.0,10.0,0.0,0.0,
6612,0,1,49132890,1300860839,1300861052,37874140,9.75,0.0,0.0,0.0,0.0,4.0,0.0,0.0,0
6612,1,1,49132890,1300860839,1300861053,37874140,8.45,0.0,0.0,0.0,0.0,4.0,0.0,0.0,0
6612,2,1,49132890,1300860839,1300861054,37874140,0.0,0.0,0.0,0.0,0.0,5.0,0.0,0.0,0
6612,3,1,49132890,1300860839,1300861055,37874140,0.0,0.0,0.0,0.0,0.0,1.0,0.0,0.0,0
6612,4,1,49132890,1300860839,1300861056,37874140,17.37,0.0,0.0,0.0,0.0,4.5,0.0,0.0,0
6612,5,1,49132890,1300860839,1300861057,37874140,4.27,0.0,0.0,0.0,0.0,1.0,0.0,0.0,0
6612,6,1,49132890,1300860839,1300861058,37874140,12.51,0.0,0.0,0.0,0.0,4.0,0.0,0.0,0
6612,7,1,49132890,1300860839,1300861059,37874140,13.07,0.0,0.0,0.0,0.0,2.0,0.0,0.0,0
6612,8,1,49132890,1300860839,1300861060,37874140,31.4,0.0,0.0,0.0,0.0,1.0,0.0,0.0,0
6612,9,1,49132890,1300860839,1300861061,37874140,74.92,0.0,0.0,0.0,0.0,1.0,0.0,0.0,0
6612,10,1,49132890,1300860839,1300861062,37874140,76.47,0.0,0.0,0.0,0.0,3.0,0.0,0.0,0
6612,11,1,49132890,1300860839,1300861063,37874140,31.44,0.0,0.0,0.0,0.0,2.0,0.0,0.0,0
6612,12,1,49132890,1300860839,1300861064,37874140,32.74,0.0,0.0,0.0,0.0,1.0,0.0,0.0,0
6612,13,1,49132890,1300860839,1300861065,37874140,17.42,0.0,0.0,0.0,0.0,3.0,0.0,0.0,0
6612,14,1,49132890,1300860839,1300861066,37874140,4.11,0.0,0.0,0.0,0.0,3.0,0.0,0.0,0
6612,15,1,49132890,1300860839,1300861067,37874140,0.16,0.0,0.0,0.0,0.0,50.0,0.0,0.0,0
6612,16,1,49132890,1300860839,1300861068,37874140,750.95,0.0,0.0,0.0,0.0,1.0,0.0,0.0,0
6612,17,1,49132890,1300860839,1300861069,37874140,1266.67,0.0,0.0,0.0,0.0,1.0,0.0,0.0,0
6612,18,1,49132890,1300860839,1300861070,37874140,281.0,0.0,0.0,0.0,0.0,2.0,0.0,0.0,0
6612,19,1,49132890,1300860839,1300861071,37874140,108.45,0.0,0.0,0.0,0.0,1.0,0.0,0.0,0
6612,20,1,49132890,1300860839,1300861072,37874140,922.5,0.0,0.0,0.0,0.0,1.0,0.0,0.0,0
6612,21,1,49132890,1300860839,1300861073,37874140,575.0,0.0,0.0,0.0,0.0,1.0,0.0,0.0,0
6612,22,1,49132890,1300860839,1300861074,37874140,951.44,0.0,0.0,0.0,0.0,1.0,0.0,0.0,0
6612,23,1,49132890,1300860839,1300861075,37874140,64.8,0.0,0.0,0.0,0.0,1.0,0.0,0.0,0
6612,24,1,49132890,1300860839,1300861076,37874140,734.17,0.0,0.0,0.0,0.0,1.0,0.0,0.0,0
6612,25,1,49132890,1300860839,1300861077,37874140,431.85,0.0,0.0,0.0,0.0,2.0,0.0,0.0,0
6612,26,1,49132890,1300860839,1300861078,37874140,17.82,0.0,0.0,0.0,0.0,1.0,0.0,0.0,0
6612,27,1,49132890,1300860839,1300861079,37874140,5.0,0.0,0.0,0.0,0.0,1.0,0.0,0.0,0
6612,28,1,49132890,1300860839,1300861080,37874140,150.0,0.0,0.0,0.0,0.0,1.0,0.0,0.0,0
6612,29,1,49132890,1300860839,1300861081,37874140,244.0,0.0,0.0,0.0,0.0,1.0,0.0,0.0,0
6612,30,1,49132890,1300860839,1300861082,37874140,342.0,0.0,0.0,0.0,0.0,1.0,0.0,0.0,0
6612,31,1,49132890,1300860839,1300861083,37874140,5678.0,0.0,0.0,0.0,0.0,1.0,0.0,0.0,0
6612,32,1,49132890,1300860839,1300861084,37874140,604.0,0.0,0.0,0.0,0.0,1.0,0.0,0.0,0
6612,33,1,49132890,1300860839,1300861085,37874140,974.17,0.0,0.0,0.0,0.0,1.0,0.0,0.0,0
6612,34,1,49132890,1300860839,1300861086,37874140,135.0,0.0,0.0,0.0,0.0,188.0,0.0,0.0,0
6612,35,1,49132890,1300860839,1300861087,37874140,159.1,0.0,0.0,0.0,0.0,282.0,0.0,0.0,0
6612,36,1,49132890,1300860839,1300861090,37874140,520.4,0.0,0.0,0.0,0.0,82.0,0.0,0.0,0
6612,37,1,49132890,1300860839,1300861091,37874140,123.35,0.0,0.0,0.0,0.0,90.0,0.0,0.0,0
6612,38,1,49132890,1300860839,1300861092,37874140,21.51,0.0,0.0,0.0,0.0,92.24,0.0,0.0,0
6612,39,1,49132890,1300860839,1300861093,37874140,855.0,0.0,0.0,0.0,0.0,6.0,0.0,0.0,0
6612,40,1,49132890,1300860839,1300861094,37874140,346.0,0.0,0.0,0.0,0.0,10.0,0.0,0.0,0
6612,41,1,49132890,1300860839,1300861095,37874140,32.5,0.0,0.0,0.0,0.0,20.0,0.0,0.0,0
6612,42,1,49132890,1300860839,1300861096,37874140,333.35,0.0,0.0,0.0,0.0,10.0,0.0,0.0,0
6612,43,1,49132890,1300860839,1300861097,37874140,2.74,0.0,0.0,0.0,0.0,200.0,0.0,0.0,0
6612,44,1,49132890,1300860839,1300861098,37874140,20.18,0.0,0.0,0.0,0.0,12.0,0.0,0.0,0
6612,45,1,49132890,1300860839,1300861099,37874140,2068.6,0.0,0.0,0.0,0.0,1.0,0.0,0.0,0
6612,46,1,49132890,1300860839,1300861100,37874140,0.0,0.0,0.0,0.0,0.0,2.0,0.0,0.0,0
6612,47,1,49132890,1300860839,1300861101,37874140,0.0,0.0,0.0,0.0,0.0,14.0,0.0,0.0,0
6284,1,1,39297021,1300860839,1311140434,36945574,2.12,6.0,0.0,0.0,0.0,6.0,0.0,0.0,
6284,2,1,39297021,1300860839,1311142809,36945574,14.85,30.0,0.0,0.0,0.0,30.0,0.0,0.0,
6284,3,1,39297021,1300860839,1311142817,36945574,2.7,10.0,0.0,0.0,0.0,10.0,0.0,0.0,
6284,4,1,39297021,1300860839,1311155968,36945574,4.548,23.0,0.0,0.0,0.0,5.0,0.0,0.0,
6284,10,1,39297021,1300860839,1300860956,-1,1.09,64.0,0.0,0.0,0.0,64.0,0.0,0.0,0
6284,11,1,39297021,1300860839,1300860957,-1,2.67,124.0,0.0,0.0,0.0,124.0,0.0,0.0,0
6284,12,1,39297021,1300860839,1300860958,-1,5.22,208.0,0.0,0.0,0.0,208.0,0.0,0.0,0
6284,13,1,39297021,1300860839,1300860959,-1,1612.88,3.75,0.0,0.0,0.0,3.75,0.0,0.0,0
6284,14,1,39297021,1300860839,1300860960,-1,187.44,0.5575,0.0,0.0,0.0,0.5575,0.0,0.0,0
6284,15,1,39297021,1300860839,1300860961,-1,0.0,13.0,0.0,0.0,0.0,13.0,0.0,0.0,0
6284,16,1,39297021,1300860839,1300860962,-1,0.0,17.0,0.0,0.0,0.0,17.0,0.0,0.0,0
6284,17,1,39297021,1300860839,1300860963,-1,0.0,11.0,0.0,0.0,0.0,11.0,0.0,0.0,0
6284,18,1,39297021,1300860839,1300860964,-1,0.0,1.0,0.0,0.0,0.0,1.0,0.0,0.0,0
6284,19,1,39297021,1300860839,1300860965,-1,10.22,10.0,0.0,0.0,0.0,10.0,0.0,0.0,0
6284,20,1,39297021,1300860839,1300860966,-1,1.35,4.0,0.0,0.0,0.0,4.0,0.0,0.0,0
6284,21,1,39297021,1300860839,1300860967,-1,0.0,1.0,0.0,0.0,0.0,1.0,0.0,0.0,0
6284,22,1,39297021,1300860839,1300860968,-1,0.0,6.0,0.0,0.0,0.0,6.0,0.0,0.0,0
6284,23,1,39297021,1300860839,1300860969,-1,0.0,4.0,0.0,0.0,0.0,4.0,0.0,0.0,0
6284,24,1,39297021,1300860839,1300860970,-1,0.0,4.0,0.0,0.0,0.0,4.0,0.0,0.0,0
6284,25,1,39297021,1300860839,1300860971,-1,0.0,0.0,0.0,0.0,0.0,0.0,0.0,0.0,0
6284,26,1,39297021,1300860839,1300860972,-1,53787.25,2.0,0.0,0.0,0.0,2.0,0.0,0.0,0
6284,27,1,39297021,1300860839,1300860973,-1,4850.0,2.0,0.0,0.0,0.0,2.0,0.0,0.0,0
6284,28,1,39297021,1300860839,1300860974,-1,3233.29,1.0,0.0,0.0,0.0,1.0,0.0,0.0,0
6284,29,1,39297021,1300860839,1300860975,-1,3569.44,1.0,0.0,0.0,0.0,1.0,0.0,0.0,0
6284,30,1,39297021,1300860839,1300860976,-1,510.0,4.0,0.0,0.0,0.0,4.0,0.0,0.0,0
6284,31,1,39297021,1300860839,1300860978,-1,312.62,2.0,0.0,0.0,0.0,2.0,0.0,0.0,0
6284,32,1,39297021,1300860839,1300860980,-1,169.49,14.0,0.0,0.0,0.0,14.0,0.0,0.0,0
6284,33,1,39297021,1300860839,1300860981,-1,131.325,2.0,0.0,0.0,0.0,2.0,0.0,0.0,0
6284,34,1,39297021,1300860839,1300860982,-1,374.85,2.0,0.0,0.0,0.0,2.0,0.0,0.0,0
6284,35,1,39297021,1300860839,1300860983,-1,328.1,2.0,0.0,0.0,0.0,2.0,0.0,0.0,0
6284,36,1,39297021,1300860839,1300860984,-1,620.0,2.0,0.0,0.0,0.0,2.0,0.0,0.0,0
6284,37,1,39297021,1300860839,1300860985,-1,306.0,1.0,0.0,0.0,0.0,1.0,0.0,0.0,0
6284,38,1,39297021,1300860839,1300860986,-1,340.0,4.0,0.0,0.0,0.0,4.0,0.0,0.0,0
6284,39,1,39297021,1300860839,1300860987,-1,0.0,1.0,0.0,0.0,0.0,1.0,0.0,0.0,0
6284,40,1,39297021,1300860839,1300860988,-1,0.0,2.0,0.0,0.0,0.0,2.0,0.0,0.0,0
6284,41,1,39297021,1300860839,1300860989,-1,0.0,2.0,0.0,0.0,0.0,2.0,0.0,0.0,0
6284,42,1,39297021,1300860839,1300860990,-1,180.0,4.0,0.0,0.0,0.0,4.0,0.0,0.0,0
6284,43,1,39297021,1300860839,1300860991,-1,238.5,1.0,0.0,0.0,0.0,1.0,0.0,0.0,0
6284,44,1,39297021,1300860839,1300860992,-1,21.917,3.0,0.0,0.0,0.0,3.0,0.0,0.0,0
6284,45,1,39297021,1300860839,1300860993,-1,3.4748,3.0,0.0,0.0,0.0,3.0,0.0,0.0,0
6284,46,1,39297021,1300860839,1300860994,-1,7.854,13.0,0.0,0.0,0.0,13.0,0.0,0.0,0
6284,47,1,39297021,1300860839,1300860995,-1,6.832,13.0,0.0,0.0,0.0,13.0,0.0,0.0,0
6284,48,1,39297021,1300860839,1300860996,-1,0.0,1.0,0.0,0.0,0.0,1.0,0.0,0.0,0
6284,49,1,39297021,1300860839,1300860997,-1,0.0,1.0,0.0,0.0,0.0,1.0,0.0,0.0,0
6284,50,1,39297021,1300860839,1300860998,-1,0.5168,53.0,0.0,0.0,0.0,53.0,0.0,0.0,0
6284,51,1,39297021,1300860839,1300860999,-1,0.5644,57.0,0.0,0.0,0.0,57.0,0.0,0.0,0
6284,52,1,39297021,1300860839,1300861000,-1,0.0,8.0,0.0,0.0,0.0,8.0,0.0,0.0,0
6468,1,1,39297021,1300860839,1300861001,-1,0.0,2.0,0.0,0.0,0.0,2.0,0.0,0.0,0
6468,2,1,39297021,1300860839,1300861002,-1,0.0,1.0,0.0,0.0,0.0,1.0,0.0,0.0,0
6468,3,1,39297021,1300860839,1300861003,-1,0.0,1.0,0.0,0.0,0.0,1.0,0.0,0.0,0
6468,4,1,39297021,1300860839,1300861004,-1,0.0,1.0,0.0,0.0,0.0,1.0,0.0,0.0,0
6468,5,1,39297021,1300860839,1300861005,-1,0.0,1.0,0.0,0.0,0.0,1.0,0.0,0.0,0
6468,6,1,39297021,1300860839,1300861006,-1,0.0,1.0,0.0,0.0,0.0,1.0,0.0,0.0,0
6468,7,1,39297021,1300860839,1300861007,-1,0.0,2.0,0.0,0.0,0.0,2.0,0.0,0.0,0
6468,8,1,39297021,1300860839,1300861008,-1,0.0,2.0,0.0,0.0,0.0,2.0,0.0,0.0,0
6468,9,1,39297021,1300860839,1300861009,-1,0.0,3.0,0.0,0.0,0.0,3.0,0.0,0.0,0
6468,10,1,39297021,1300860839,1300861010,-1,0.0,3.0,0.0,0.0,0.0,3.0,0.0,0.0,0
6468,11,1,39297021,1300860839,1300861011,-1,15.93,95.0,0.0,0.0,0.0,95.0,0.0,0.0,0
6468,12,1,39297021,1300860839,1300861012,-1,15.93,95.0,0.0,0.0,0.0,95.0,0.0,0.0,0
6468,13,1,43116945,1300860652,1300860653,-1,0.0,2.2,0.0,0.0,0.0,2.2,0.0,0.0,0
6468,14,1,43116945,1300860652,1300860654,-1,83.98,2.0,0.0,0.0,0.0,2.0,0.0,0.0,0
6468,15,1,43116945,1300860652,1300860655,-1,167.62,2.86,0.0,0.0,0.0,2.86,0.0,0.0,0
6468,16,1,43116945,1300860652,1300860656,-1,644.25,0.14,0.0,0.0,0.0,0.14,0.0,0.0,0
6468,17,1,43116945,1300860652,1300860657,-1,0.0,1.1,0.0,0.0,0.0,1.1,0.0,0.0,0
6468,18,1,43116945,1300860652,1300860658,-1,34.794,1.27,0.0,0.0,0.0,1.27,0.0,0.0,0
6468,19,1,43116945,1300860652,1300860659,-1,0.0,2.0,0.0,0.0,0.0,2.0,0.0,0.0,0
6468,20,1,43116945,1300860652,1300860660,-1,0.0,2.0,0.0,0.0,0.0,2.0,0.0,0.0,0
6468,21,1,43116945,1300860652,1300860661,-1,0.0,2.0,0.0,0.0,0.0,2.0,0.0,0.0,0
6468,22,1,43116945,1300860652,1300860662,-1,0.0,2.0,0.0,0.0,0.0,2.0,0.0,0.0,0
6468,23,1,43116945,1300860652,1300860663,-1,106.78,2.2,0.0,0.0,0.0,2.2,0.0,0.0,0
6468,24,1,43116945,1300860652,1300860664,-1,50.17,1.32,0.0,0.0,0.0,1.32,0.0,0.0,0
6468,25,1,43116945,1300860652,1300860665,-1,555.0,2.0,0.0,0.0,0.0,2.0,0.0,0.0,0
6468,26,1,43116945,1300860652,1300860666,-1,108.8,4.0,0.0,0.0,0.0,4.0,0.0,0.0,0
6468,27,1,43116945,1300860652,1300860668,-1,36.2015,2.0,0.0,0.0,0.0,2.0,0.0,0.0,0
6468,28,1,43116945,1300860652,1300860669,-1,2.336,6.0,0.0,0.0,0.0,6.0,0.0,0.0,0
6468,29,1,43116945,1300860652,1300860674,-1,2.64,22.0,0.0,0.0,0.0,22.0,0.0,0.0,0
6468,30,1,43116945,1300860652,1300860680,-1,1.35,6.0,0.0,0.0,0.0,6.0,0.0,0.0,0
6468,31,1,43116945,1300860652,1300860698,-1,730.0,2.0,0.0,0.0,0.0,2.0,0.0,0.0,0
6468,32,1,43116945,1300860652,1300860699,-1,0.0,2.0,0.0,0.0,0.0,2.0,0.0,0.0,0
6468,33,1,43116945,1300860652,1300860700,-1,0.0,6.0,0.0,0.0,0.0,6.0,0.0,0.0,0
6468,34,1,43116945,1300860652,1300860701,-1,0.0,6.0,0.0,0.0,0.0,6.0,0.0,0.0,0
6468,35,1,43116945,1300860652,1300860702,-1,0.0,2.0,0.0,0.0,0.0,2.0,0.0,0.0,0
6468,36,1,43116945,1300860652,1300860703,-1,0.0,2.0,0.0,0.0,0.0,2.0,0.0,0.0,0
6468,37,1,43116945,1300860652,1300860704,-1,180.0,3.0,0.0,0.0,0.0,3.0,0.0,0.0,0
6468,38,1,43116945,1300860652,1300860705,-1,21.917,1.0,0.0,0.0,0.0,1.0,0.0,0.0,0
6468,39,1,43116945,1300860652,1300860706,-1,1.7816,1.0,0.0,0.0,0.0,1.0,0.0,0.0,0
6468,40,1,43116945,1300860652,1300860707,-1,3.7808,1.0,0.0,0.0,0.0,1.0,0.0,0.0,0
6468,41,1,43116945,1300860652,1300860708,-1,0.0,1.0,0.0,0.0,0.0,1.0,0.0,0.0,0
6468,42,1,43116945,1300860652,1300860709,-1,9.0236,0.2,0.0,0.0,0.0,0.2,0.0,0.0,0
6468,43,1,43116945,1300860652,1300860710,-1,0.7412,3.0,0.0,0.0,0.0,3.0,0.0,0.0,0
6468,44,1,43116945,1300860652,1300860711,-1,0.8228,1.0,0.0,0.0,0.0,1.0,0.0,0.0,0
6468,45,1,43116945,1300860652,1300860712,-1,0.5644,9.0,0.0,0.0,0.0,9.0,0.0,0.0,0
6468,46,1,43116945,1300860652,1300860713,-1,2.618,1.0,0.0,0.0,0.0,1.0,0.0,0.0,0
6468,47,1,39297021,1300860839,1300861013,-1,0.0,0.0,0.0,0.0,0.0,0.0,0.0,0.0,0
6468,48,1,39297021,1300860839,1300861014,-1,0.0,100.0,0.0,0.0,0.0,100.0,0.0,0.0,0
6477,0,1,43116945,1300860652,1300860714,-1,11.492,1.0,0.0,0.0,0.0,1.0,0.0,0.0,0
6477,1,1,43116945,1300860652,1300860715,-1,142.868,1.0,0.0,0.0,0.0,1.0,0.0,0.0,0
6477,2,1,43116945,1300860652,1300860716,-1,1.428,1.0,0.0,0.0,0.0,1.0,0.0,0.0,0
6477,3,1,43116945,1300860652,1300860717,-1,3.094,1.0,0.0,0.0,0.0,1.0,0.0,0.0,0
6477,4,1,43116945,1300860652,1300860718,-1,5.572,1.0,0.0,0.0,0.0,1.0,0.0,0.0,0
6477,5,1,43116945,1300860652,1300860719,-1,17.521,1.0,0.0,0.0,0.0,1.0,0.0,0.0,0
6477,6,1,43116945,1300860652,1300860720,-1,5.859,1.0,0.0,0.0,0.0,1.0,0.0,0.0,0
6477,7,1,43116945,1300860652,1300860721,-1,9.29,1.0,0.0,0.0,0.0,1.0,0.0,0.0,0
6477,8,1,43116945,1300860652,1300860722,-1,6.832,1.0,0.0,0.0,0.0,1.0,0.0,0.0,0
6477,9,1,43116945,1300860652,1300860723,-1,3.619,1.0,0.0,0.0,0.0,1.0,0.0,0.0,0
6477,10,1,43116945,1300860652,1300860724,-1,18.99,1.0,0.0,0.0,0.0,1.0,0.0,0.0,0
6477,11,1,43116945,1300860652,1300860725,-1,13.83,1.0,0.0,0.0,0.0,1.0,0.0,0.0,0
6477,12,1,43116945,1300860652,1300860726,-1,95.0,1.0,0.0,0.0,0.0,1.0,0.0,0.0,0
6477,13,1,43116945,1300860652,1300860727,-1,0.0,1.0,0.0,0.0,0.0,1.0,0.0,0.0,0
6477,14,1,43116945,1300860652,1300860728,-1,0.0,0.0,0.0,0.0,0.0,0.0,0.0,0.0,0
6477,15,1,43116945,1300860652,1300860730,-1,3.2572,0.1,0.0,0.0,0.0,0.1,0.0,0.0,0
6477,16,1,43116945,1300860652,1300860732,-1,154.7,0.03,0.0,0.0,0.0,0.03,0.0,0.0,0
6477,17,1,43116945,1300860652,1300860733,-1,48.188,0.02,0.0,0.0,0.0,0.02,0.0,0.0,0
6477,18,1,43116945,1300860652,1300860734,-1,28.6756,0.2,0.0,0.0,0.0,0.2,0.0,0.0,0
6477,19,1,43116945,1300860652,1300860735,-1,28.6756,0.2,0.0,0.0,0.0,0.2,0.0,0.0,0
6477,20,1,43116945,1300860652,1300860736,-1,27.7032,0.2,0.0,0.0,0.0,0.2,0.0,0.0,0
6477,21,1,43116945,1300860652,1300860737,-1,1057.8148,0.04,0.0,0.0,0.0,0.04,0.0,0.0,0
6477,22,1,43116945,1300860652,1300860738,-1,0.0,0.24,0.0,0.0,0.0,0.24,0.0,0.0,0
6477,23,1,43116945,1300860652,1300860739,-1,1.98,7.0,0.0,0.0,0.0,7.0,0.0,0.0,0
6477,24,1,43116945,1300860652,1300860740,-1,8.1,30.0,0.0,0.0,0.0,30.0,0.0,0.0,0
6477,25,1,43116945,1300860652,1300860741,-1,24.0,86.0,0.0,0.0,0.0,86.0,0.0,0.0,0
6477,26,1,43116945,1300860652,1300860742,-1,21.0,129.0,0.0,0.0,0.0,129.0,0.0,0.0,0
6477,27,1,43116945,1300860652,1300860743,-1,0.0,8.2,0.0,0.0,0.0,8.2,0.0,0.0,0
6477,28,1,43116945,1300860652,1300860744,-1,0.0,10.25,0.0,0.0,0.0,10.25,0.0,0.0,0
6477,29,1,43116945,1300860652,1300860745,-1,0.0,4.67,0.0,0.0,0.0,4.67,0.0,0.0,0
6477,30,1,43116945,1300860652,1300860746,-1,58.52,1.0,0.0,0.0,0.0,1.0,0.0,0.0,0
6477,31,1,43116945,1300860652,1300860747,-1,20.026,1.0,0.0,0.0,0.0,1.0,0.0,0.0,0
6477,32,1,43116945,1300860652,1300860748,-1,8.7992,3.0,0.0,0.0,0.0,3.0,0.0,0.0,0
6477,33,1,43116945,1300860652,1300860749,-1,1213.1,1.0,0.0,0.0,0.0,1.0,0.0,0.0,0
6477,34,1,43116945,1300860652,1300860750,-1,15.0552,1.0,0.0,0.0,0.0,1.0,0.0,0.0,0
6477,35,1,43116945,1300860652,1300860751,-1,0.0,2.0,0.0,0.0,0.0,2.0,0.0,0.0,0
6477,36,1,43116945,1300860652,1300860752,-1,676.05,0.64,0.0,0.0,0.0,0.64,0.0,0.0,0
6477,37,1,43116945,1300860652,1300860753,-1,3.4,1.0,0.0,0.0,0.0,1.0,0.0,0.0,0
6477,38,1,43116945,1300860652,1300860754,-1,4.83,0.4,0.0,0.0,0.0,0.4,0.0,0.0,0
6477,39,1,43116945,1300860652,1300860755,-1,6.36,0.1,0.0,0.0,0.0,0.1,0.0,0.0,0
6477,40,1,43116945,1300860652,1300860756,-1,4.9,29.12,0.0,0.0,0.0,29.12,0.0,0.0,0
6477,41,1,43116945,1300860652,1300860757,-1,0.0,1.0,0.0,0.0,0.0,1.0,0.0,0.0,0
6477,42,1,43116945,1300860652,1300860758,-1,0.0,1.0,0.0,0.0,0.0,1.0,0.0,0.0,0
6477,43,1,43116945,1300860652,1300860759,-1,0.0,1.0,0.0,0.0,0.0,1.0,0.0,0.0,0
6477,44,1,43116945,1300860652,1300860760,-1,0.0,1.0,0.0,0.0,0.0,1.0,0.0,0.0,0
6477,45,1,43116945,1300860652,1300860761,-1,0.0,2.0,0.0,0.0,0.0,2.0,0.0,0.0,0
6478,0,1,43116945,1300860652,1300860762,-1,0.0,11.0,0.0,0.0,0.0,11.0,0.0,0.0,0
6478,1,1,43116945,1300860652,1300860763,-1,0.0,40.0,0.0,0.0,0.0,40.0,0.0,0.0,0
6478,2,1,43116945,1300860652,1300860764,-1,0.0,8.0,0.0,0.0,0.0,8.0,0.0,0.0,0
6478,3,1,43116945,1300860652,1300860765,-1,0.0,6.0,0.0,0.0,0.0,6.0,0.0,0.0,0
6478,4,1,43116945,1300860652,1300860766,-1,0.0,3.0,0.0,0.0,0.0,3.0,0.0,0.0,0
6478,5,1,43116945,1300860652,1300860767,-1,0.0,3.0,0.0,0.0,0.0,3.0,0.0,0.0,0
6478,6,1,43116945,1300860652,1300860768,-1,0.0,0.0,0.0,0.0,0.0,0.0,0.0,0.0,0
6478,7,1,43116945,1300860652,1300860769,-1,0.0,0.0,0.0,0.0,0.0,0.0,0.0,0.0,0
6478,8,1,43116945,1300860652,1300860770,-1,0.0,11.0,0.0,0.0,0.0,11.0,0.0,0.0,0
6478,9,1,43116945,1300860652,1300860771,-1,0.0,3.0,0.0,0.0,0.0,3.0,0.0,0.0,0
6478,10,1,43116945,1300860652,1300860772,-1,0.0,3.0,0.0,0.0,0.0,3.0,0.0,0.0,0
6478,11,1,43116945,1300860652,1300860773,-1,0.0,3.0,0.0,0.0,0.0,3.0,0.0,0.0,0
6478,12,1,43116945,1300860652,1300860774,-1,0.0,2.0,0.0,0.0,0.0,2.0,0.0,0.0,0
6478,13,1,43116945,1300860652,1300860775,-1,0.0,16.0,0.0,0.0,0.0,16.0,0.0,0.0,0
6478,14,1,43116945,1300860652,1300860776,-1,0.0,0.0,0.0,0.0,0.0,0.0,0.0,0.0,0
6478,15,1,43116945,1300860652,1300860777,-1,0.0,35.0,0.0,0.0,0.0,35.0,0.0,0.0,0
6478,16,1,43116945,1300860652,1300860778,-1,0.0,8.0,0.0,0.0,0.0,8.0,0.0,0.0,0
6478,17,1,43116945,1300860652,1300860779,-1,0.0,3.0,0.0,0.0,0.0,3.0,0.0,0.0,0
6478,18,1,43116945,1300860652,1300860780,-1,0.0,5.0,0.0,0.0,0.0,5.0,0.0,0.0,0
6478,19,1,43116945,1300860652,1300860781,-1,0.0,2.0,0.0,0.0,0.0,2.0,0.0,0.0,0
6478,20,1,43116945,1300860652,1300860782,-1,0.0,0.0,0.0,0.0,0.0,0.0,0.0,0.0,0
6478,21,1,43116945,1300860652,1300860783,-1,202.0665,4.0,0.0,0.0,0.0,4.0,0.0,0.0,0
6478,22,1,43116945,1300860652,1300860784,-1,0.0,2.0,0.0,0.0,0.0,2.0,0.0,0.0,0
6478,23,1,43116945,1300860652,1300860785,-1,0.0,1.0,0.0,0.0,0.0,1.0,0.0,0.0,0
6478,24,1,43116945,1300860652,1300860786,-1,0.0,1.0,0.0,0.0,0.0,1.0,0.0,0.0,0
6478,25,1,43116945,1300860652,1300860787,-1,2568.0,1.0,0.0,0.0,0.0,1.0,0.0,0.0,0
6478,26,1,43116945,1300860652,1300860788,-1,2568.0,1.0,0.0,0.0,0.0,1.0,0.0,0.0,0
6478,27,1,43116945,1300860652,1300860789,-1,4706.0,1.0,0.0,0.0,0.0,1.0,0.0,0.0,0
6478,28,1,43116945,1300860652,1300860790,-1,2387.0,1.0,0.0,0.0,0.0,1.0,0.0,0.0,0
6478,29,1,43116945,1300860652,1300860791,-1,1457.0,1.0,0.0,0.0,0.0,1.0,0.0,0.0,0
6478,30,1,43116945,1300860652,1300860792,-1,413.0,1.0,0.0,0.0,0.0,1.0,0.0,0.0,0
6478,31,1,43116945,1300860652,1300860795,-1,10.5,10.0,0.0,0.0,0.0,10.0,0.0,0.0,0
6478,32,1,43116945,1300860652,1300860796,-1,183.3,1.0,0.0,0.0,0.0,1.0,0.0,0.0,0
6478,33,1,43116945,1300860652,1300860797,-1,172.0,2.0,0.0,0.0,0.0,2.0,0.0,0.0,0
6478,34,1,43116945,1300860652,1300860798,-1,16.5,3.0,0.0,0.0,0.0,3.0,0.0,0.0,0
6478,35,1,43116945,1300860652,1300860799,-1,52.9,3.0,0.0,0.0,0.0,3.0,0.0,0.0,0
6478,36,1,43116945,1300860652,1300860800,-1,11.95,2.0,0.0,0.0,0.0,2.0,0.0,0.0,0
6478,37,1,43116945,1300860652,1300860801,-1,11.45,10.0,0.0,0.0,0.0,10.0,0.0,0.0,0
6478,38,1,43116945,1300860652,1300860802,-1,27.7,9.0,0.0,0.0,0.0,9.0,0.0,0.0,0
6478,39,1,43116945,1300860652,1300860803,-1,11.45,4.0,0.0,0.0,0.0,4.0,0.0,0.0,0
6478,40,1,43116945,1300860652,1300860804,-1,11.95,10.0,0.0,0.0,0.0,10.0,0.0,0.0,0
6478,41,1,43116945,1300860652,1300860805,-1,23.1,6.0,0.0,0.0,0.0,6.0,0.0,0.0,0
6478,42,1,43116945,1300860652,1300860806,-1,40.65,3.0,0.0,0.0,0.0,3.0,0.0,0.0,0
6478,43,1,43116945,1300860652,1300860807,-1,113.65,3.0,0.0,0.0,0.0,3.0,0.0,0.0,0
6478,44,1,43116945,1300860652,1300860808,-1,163.95,3.0,0.0,0.0,0.0,3.0,0.0,0.0,0
6478,45,1,43116945,1300860652,1300860809,-1,9.85,4.0,0.0,0.0,0.0,4.0,0.0,0.0,0
6478,46,1,43116945,1300860652,1300860810,-1,8.15,10.0,0.0,0.0,0.0,10.0,0.0,0.0,0
6478,47,1,43116945,1300860652,1300860811,-1,25.0,2.0,0.0,0.0,0.0,2.0,0.0,0.0,0
6478,48,1,43116945,1300860652,1300860812,-1,70.0,1.0,0.0,0.0,0.0,1.0,0.0,0.0,0
6478,49,1,43116945,1300860652,1300860813,-1,42.0,1.0,0.0,0.0,0.0,1.0,0.0,0.0,0
6479,0,1,43116945,1300860652,1305659958,-1,78.336,0.0,0.0,0.0,0.0,2.0,0.0,0.0,
6479,1,1,43116945,1300860652,1305941685,-1,1.56,0.0,0.0,0.0,0.0,2.0,0.0,0.0,
6479,2,1,43116945,1300860652,1305941975,-1,0.0,0.0,0.0,0.0,0.0,10.0,0.0,0.0,
6479,3,1,43116945,1300860652,1305941990,-1,0.0,0.0,0.0,0.0,0.0,10.0,0.0,0.0,
6479,4,1,43116945,1300860652,1305942006,-1,0.0,0.0,0.0,0.0,0.0,20.0,0.0,0.0,
6479,5,1,43116945,1300860652,1305943164,-1,202.07,0.0,0.0,0.0,0.0,1.0,0.0,0.0,
6479,6,1,43116945,1300860652,1306933188,-1,639.432,0.0,0.0,0.0,0.0,2.0,0.0,0.0,
6479,7,1,43116945,1300860652,1306933262,-1,0.0,0.0,0.0,0.0,0.0,2.0,0.0,0.0,
6479,8,1,43116945,1300860652,1306955469,-1,4.02,0.0,0.0,0.0,0.0,6.0,0.0,0.0,
6479,9,1,43116945,1300860652,1306955493,-1,4.548,0.0,0.0,0.0,0.0,4.0,0.0,0.0,
6479,10,1,43116945,1300860652,1306955518,-1,1.94,0.0,0.0,0.0,0.0,2.0,0.0,0.0,
6479,11,1,43116945,1300860652,1306955547,-1,0.0,0.0,0.0,0.0,0.0,2.0,0.0,0.0,
6479,12,1,43116945,1300860652,1306955564,-1,21.62,0.0,0.0,0.0,0.0,1.0,0.0,0.0,
6479,13,1,43116945,1300860652,1307032597,-1,0.0,0.0,0.0,0.0,0.0,3.0,0.0,0.0,
6479,14,1,43116945,1300860652,1311156136,-1,18.7,0.0,0.0,0.0,0.0,130.0,0.0,0.0,
6479,15,1,43116945,1300860652,1300860653,46613752,0.0,0.0,0.0,0.0,0.0,2.2,0.0,0.0,0
6479,16,1,43116945,1300860652,1300860654,46613752,83.98,0.0,0.0,0.0,0.0,2.0,0.0,0.0,0
6479,17,1,43116945,1300860652,1300860655,46613752,167.62,0.0,0.0,0.0,0.0,2.86,0.0,0.0,0
6479,18,1,43116945,1300860652,1300860656,46613752,644.25,0.0,0.0,0.0,0.0,0.14,0.0,0.0,0
6479,19,1,43116945,1300860652,1300860657,46613752,0.0,0.0,0.0,0.0,0.0,1.1,0.0,0.0,0
6479,20,1,43116945,1300860652,1300860658,46613752,34.794,0.0,0.0,0.0,0.0,1.27,0.0,0.0,0
6479,21,1,43116945,1300860652,1300860659,46613752,0.0,0.0,0.0,0.0,0.0,2.0,0.0,0.0,0
6479,22,1,43116945,1300860652,1300860660,46613752,0.0,0.0,0.0,0.0,0.0,2.0,0.0,0.0,0
6479,23,1,43116945,1300860652,1300860661,46613752,0.0,0.0,0.0,0.0,0.0,2.0,0.0,0.0,0
6479,24,1,43116945,1300860652,1300860662,46613752,0.0,0.0,0.0,0.0,0.0,2.0,0.0,0.0,0
6479,25,1,43116945,1300860652,1300860663,46613752,106.78,0.0,0.0,0.0,0.0,2.2,0.0,0.0,0
6479,26,1,43116945,1300860652,1300860664,46613752,50.17,0.0,0.0,0.0,0.0,1.32,0.0,0.0,0
6479,27,1,43116945,1300860652,1300860665,46613752,555.0,0.0,0.0,0.0,0.0,2.0,0.0,0.0,0
6479,28,1,43116945,1300860652,1300860666,46613752,108.8,0.0,0.0,0.0,0.0,4.0,0.0,0.0,0
6479,29,1,43116945,1300860652,1300860668,46613752,36.2015,0.0,0.0,0.0,0.0,2.0,0.0,0.0,0
6479,30,1,43116945,1300860652,1300860669,46613752,2.336,0.0,0.0,0.0,0.0,6.0,0.0,0.0,0
6479,31,1,43116945,1300860652,1300860674,46613752,2.64,0.0,0.0,0.0,0.0,22.0,0.0,0.0,0
6479,32,1,43116945,1300860652,1300860680,46613752,1.35,2.0,0.0,0.0,0.0,6.0,0.0,0.0,0
6479,33,1,43116945,1300860652,1300860698,46613752,730.0,0.0,0.0,0.0,0.0,2.0,0.0,0.0,0
6479,34,1,43116945,1300860652,1300860699,46613752,0.0,0.0,0.0,0.0,0.0,2.0,0.0,0.0,0
6479,35,1,43116945,1300860652,1300860700,46613752,0.0,0.0,0.0,0.0,0.0,6.0,0.0,0.0,0
6479,36,1,43116945,1300860652,1300860701,46613752,0.0,0.0,0.0,0.0,0.0,6.0,0.0,0.0,0
6479,37,1,43116945,1300860652,1300860702,46613752,0.0,0.0,0.0,0.0,0.0,2.0,0.0,0.0,0
6479,38,1,43116945,1300860652,1300860703,46613752,0.0,0.0,0.0,0.0,0.0,2.0,0.0,0.0,0
6479,39,1,43116945,1300860652,1300860704,46613752,180.0,0.0,0.0,0.0,0.0,3.0,0.0,0.0,0
6479,40,1,43116945,1300860652,1300860705,46613752,21.917,0.0,0.0,0.0,0.0,1.0,0.0,0.0,0
6479,41,1,43116945,1300860652,1300860706,46613752,1.7816,0.0,0.0,0.0,0.0,1.0,0.0,0.0,0
6479,42,1,43116945,1300860652,1300860707,46613752,3.7808,0.0,0.0,0.0,0.0,1.0,0.0,0.0,0
6479,43,1,43116945,1300860652,1300860708,46613752,0.0,0.0,0.0,0.0,0.0,1.0,0.0,0.0,0
6479,44,1,43116945,1300860652,1300860709,46613752,9.0236,0.0,0.0,0.0,0.0,0.2,0.0,0.0,0
6479,45,1,43116945,1300860652,1300860710,46613752,0.7412,0.0,0.0,0.0,0.0,3.0,0.0,0.0,0
6479,46,1,43116945,1300860652,1300860711,46613752,0.8228,0.0,0.0,0.0,0.0,1.0,0.0,0.0,0
6479,47,1,43116945,1300860652,1300860712,46613752,0.5644,0.0,0.0,0.0,0.0,9.0,0.0,0.0,0
6479,48,1,43116945,1300860652,1300860713,46613752,2.618,0.0,0.0,0.0,0.0,1.0,0.0,0.0,0
6479,49,1,43116945,1300860652,1300860714,46613752,11.492,0.0,0.0,0.0,0.0,1.0,0.0,0.0,0
5947,1,1,44730875,1312040009,1312038593,-1,0.0,8.0,0.0,0.0,0.0,1.0,0.0,0.0,
5947,2,1,44730875,1312040009,1312038665,-1,22.58,0.496,0.0,0.0,0.0,0.062,0.0,0.0,
5947,3,1,44730875,1312040009,1312038711,-1,11.1132,8.0,0.0,0.0,0.0,1.0,0.0,0.0,
5947,4,1,40169806,1312037749,1312037816,-1,39.49,8.0,0.0,0.0,0.0,1.0,0.0,0.0,
5947,5,1,48413636,1312062665,1312062731,-1,5.86,4.0,0.0,0.0,0.0,1.0,0.0,0.0,
5947,6,1,48413636,1312062665,1312062768,-1,22.58,0.28,0.0,0.0,0.0,0.07,0.0,0.0,
5947,7,1,48413636,1312062665,1312062784,-1,11.1132,4.0,0.0,0.0,0.0,1.0,0.0,0.0,
5947,8,1,50173966,1312049510,1312049543,-1,4.6,8.0,0.0,0.0,0.0,2.0,0.0,0.0,
5947,9,1,50173966,1312049510,1312049565,-1,1.0,0.44,0.0,0.0,0.0,0.11,0.0,0.0,
5947,10,1,49669910,1308356621,1308356653,-1,6.4,15.0,0.0,0.0,0.0,1.0,0.0,0.0,
5947,11,1,49669910,1308356621,1308356672,-1,17.02,15.0,0.0,0.0,0.0,1.0,0.0,0.0,
5947,12,1,49669910,1308356621,1308356693,-1,139.392004,15.0,0.0,0.0,0.0,1.0,0.0,0.0,
5947,13,1,49669910,1308356621,1308356769,-1,28.36,1.5,0.0,0.0,0.0,0.1,0.0,0.0,
5947,14,1,49669910,1308356621,1308356802,-1,36.18,3.45,0.0,0.0,0.0,0.23,0.0,0.0,
5947,15,1,49669910,1308356621,1308356653,46936188,6.39613781916828,15.0,0.0,0.0,0.0,15.0,0.0,0.0,
5947,16,1,49669910,1308356621,1308356672,46936188,17.02,15.0,0.0,0.0,0.0,15.0,0.0,0.0,
5947,17,1,49669910,1308356621,1308356693,46936188,135.4607858,15.0,0.0,0.0,0.0,15.0,0.0,0.0,
5947,18,1,49669910,1308356621,1308356769,46936188,28.36,1.5,0.0,0.0,0.0,1.5,0.0,0.0,
5947,19,1,49669910,1308356621,1308356802,46936188,36.18,3.45,0.0,0.0,0.0,0.23,0.0,0.0,
5947,20,1,49669910,1308356621,1308356653,34282710,6.39613781916828,15.0,0.0,0.0,0.0,1.0,0.0,0.0,
5947,21,1,49669910,1308356621,1308356672,34282710,17.02,15.0,0.0,0.0,0.0,1.0,0.0,0.0,
5947,22,1,49669910,1308356621,1308356693,34282710,135.4607858,15.0,0.0,0.0,0.0,1.0,0.0,0.0,
5947,23,1,49669910,1308356621,1308356769,34282710,28.36,1.5,0.0,0.0,0.0,0.1,0.0,0.0,
5947,24,1,49669910,1308356621,1308356802,34282710,36.18,3.45,0.0,0.0,0.0,0.23,0.0,0.0,
5947,25,1,39297021,1300860839,1300861015,-1,0.0,80.0,0.0,0.0,0.0,80.0,0.0,0.0,0
5947,26,1,39297021,1300860839,1300861016,-1,1.8,40.0,0.0,0.0,0.0,40.0,0.0,0.0,0
5947,27,1,39297021,1300860839,1300861017,-1,3.24,25.0,0.0,0.0,0.0,25.0,0.0,0.0,0
5947,28,1,39297021,1300860839,1300861018,-1,0.0,20.0,0.0,0.0,0.0,20.0,0.0,0.0,0
5947,29,1,39297021,1300860839,1300861019,-1,11.61,20.0,0.0,0.0,0.0,20.0,0.0,0.0,0
5947,30,1,39297021,1300860839,1300861020,-1,0.0,40.0,0.0,0.0,0.0,40.0,0.0,0.0,0
5947,31,1,39297021,1300860839,1300861021,-1,21.964,0.0,0.0,0.0,0.0,0.0,0.0,0.0,0
5947,32,1,39297021,1300860839,1300861022,-1,21.7328,0.0,0.0,0.0,0.0,0.0,0.0,0.0,0
5947,33,1,39297021,1300860839,1300861023,-1,21.964,0.0,0.0,0.0,0.0,0.0,0.0,0.0,0
5947,34,1,39297021,1300860839,1300861024,-1,21.7328,0.0,0.0,0.0,0.0,0.0,0.0,0.0,0
5947,35,1,39297021,1300860839,1300861025,-1,21.964,0.0,0.0,0.0,0.0,0.0,0.0,0.0,0
5947,36,1,39297021,1300860839,1300861026,-1,21.964,0.0,0.0,0.0,0.0,0.0,0.0,0.0,0
5947,37,1,39297021,1300860839,1300861027,-1,21.964,1.5,0.0,0.0,0.0,1.5,0.0,0.0,0
5947,38,1,39297021,1300860839,1300861028,-1,28.6756,0.0,0.0,0.0,0.0,0.0,0.0,0.0,0
5947,39,1,39297021,1300860839,1300861029,-1,28.6756,0.0,0.0,0.0,0.0,0.0,0.0,0.0,0
5947,40,1,39297021,1300860839,1300861030,-1,28.6756,0.0,0.0,0.0,0.0,0.0,0.0,0.0,0
5947,41,1,39297021,1300860839,1300861031,-1,28.6756,0.0,0.0,0.0,0.0,0.0,0.0,0.0,0
5947,42,1,39297021,1300860839,1300861032,-1,28.6756,0.0,0.0,0.0,0.0,0.0,0.0,0.0,0
5947,43,1,39297021,1300860839,1300861033,-1,28.6756,0.0,0.0,0.0,0.0,0.0,0.0,0.0,0
5947,44,1,39297021,1300860839,1300861034,-1,28.6756,0.0,0.0,0.0,0.0,0.0,0.0,0.0,0
5947,45,1,50173966,1312049510,1312049612,-1,160.38,4.0,0.0,0.0,0.0,1.0,0.0,0.0,
5947,46,1,40169806,1312037749,1312037816,40874321,39.49,8.0,0.0,0.0,0.0,1.0,0.0,0.0,
5947,47,1,39297021,1300860839,1300861035,-1,27.7032,1.5,0.0,0.0,0.0,1.5,0.0,0.0,0
6485,0,1,43116945,1300860652,1300860715,46613752,142.868,0.0,0.0,0.0,0.0,1.0,0.0,0.0,0
6485,1,1,43116945,1300860652,1300860716,46613752,1.428,0.0,0.0,0.0,0.0,1.0,0.0,0.0,0
6485,2,1,43116945,1300860652,1300860717,46613752,3.094,0.0,0.0,0.0,0.0,1.0,0.0,0.0,0
6485,3,1,43116945,1300860652,1300860718,46613752,5.572,0.0,0.0,0.0,0.0,1.0,0.0,0.0,0
6485,4,1,43116945,1300860652,1300860719,46613752,17.521,0.0,0.0,0.0,0.0,1.0,0.0,0.0,0
6485,5,1,43116945,1300860652,1300860720,46613752,5.859,0.0,0.0,0.0,0.0,1.0,0.0,0.0,0
6485,6,1,43116945,1300860652,1300860721,46613752,9.29,0.0,0.0,0.0,0.0,1.0,0.0,0.0,0
6485,7,1,43116945,1300860652,1300860722,46613752,6.832,0.0,0.0,0.0,0.0,1.0,0.0,0.0,0
6485,8,1,43116945,1300860652,1300860723,46613752,3.619,0.0,0.0,0.0,0.0,1.0,0.0,0.0,0
6485,9,1,43116945,1300860652,1300860724,46613752,18.99,0.0,0.0,0.0,0.0,1.0,0.0,0.0,0
6485,10,1,43116945,1300860652,1300860725,46613752,13.83,0.0,0.0,0.0,0.0,1.0,0.0,0.0,0
6485,11,1,43116945,1300860652,1300860726,46613752,95.0,0.0,0.0,0.0,0.0,1.0,0.0,0.0,0
6485,12,1,43116945,1300860652,1300860727,46613752,0.0,0.0,0.0,0.0,0.0,1.0,0.0,0.0,0
6485,13,1,43116945,1300860652,1300860728,46613752,0.0,0.0,0.0,0.0,0.0,0.0,0.0,0.0,0
6485,14,1,43116945,1300860652,1300860730,46613752,3.2572,0.0,0.0,0.0,0.0,0.1,0.0,0.0,0
6485,15,1,43116945,1300860652,1300860732,46613752,154.7,0.0,0.0,0.0,0.0,0.03,0.0,0.0,0
6485,16,1,43116945,1300860652,1300860733,46613752,48.188,0.0,0.0,0.0,0.0,0.02,0.0,0.0,0
6485,17,1,43116945,1300860652,1300860734,46613752,28.6756,0.0,0.0,0.0,0.0,0.2,0.0,0.0,0
6485,18,1,43116945,1300860652,1300860735,46613752,28.6756,0.0,0.0,0.0,0.0,0.2,0.0,0.0,0
6485,19,1,43116945,1300860652,1300860736,46613752,27.7032,0.0,0.0,0.0,0.0,0.2,0.0,0.0,0
6485,20,1,43116945,1300860652,1300860737,46613752,1057.8148,0.0,0.0,0.0,0.0,0.04,0.0,0.0,0
6485,21,1,43116945,1300860652,1300860738,46613752,0.0,0.0,0.0,0.0,0.0,0.24,0.0,0.0,0
6485,22,1,43116945,1300860652,1300860739,46613752,1.98,0.0,0.0,0.0,0.0,7.0,0.0,0.0,0
6485,23,1,43116945,1300860652,1300860740,46613752,8.1,0.0,0.0,0.0,0.0,30.0,0.0,0.0,0
6485,24,1,43116945,1300860652,1300860741,46613752,24.0,0.0,0.0,0.0,0.0,86.0,0.0,0.0,0
6485,25,1,43116945,1300860652,1300860742,46613752,21.0,0.0,0.0,0.0,0.0,129.0,0.0,0.0,0
6485,26,1,43116945,1300860652,1300860743,46613752,0.0,0.0,0.0,0.0,0.0,8.2,0.0,0.0,0
6485,27,1,43116945,1300860652,1300860744,46613752,0.0,0.0,0.0,0.0,0.0,10.25,0.0,0.0,0
6485,28,1,43116945,1300860652,1300860745,46613752,0.0,0.0,0.0,0.0,0.0,4.67,0.0,0.0,0
6485,29,1,43116945,1300860652,1300860746,46613752,58.52,0.0,0.0,0.0,0.0,1.0,0.0,0.0,0
6485,30,1,43116945,1300860652,1300860747,46613752,20.026,0.0,0.0,0.0,0.0,1.0,0.0,0.0,0
6485,31,1,43116945,1300860652,1300860748,46613752,8.7992,0.0,0.0,0.0,0.0,3.0,0.0,0.0,0
6485,32,1,43116945,1300860652,1300860749,46613752,1213.1,0.0,0.0,0.0,0.0,1.0,0.0,0.0,0
6485,33,1,43116945,1300860652,1300860750,46613752,15.0552,0.0,0.0,0.0,0.0,1.0,0.0,0.0,0
6485,34,1,43116945,1300860652,1300860751,46613752,0.0,0.0,0.0,0.0,0.0,2.0,0.0,0.0,0
6485,35,1,43116945,1300860652,1300860752,46613752,676.05,0.0,0.0,0.0,0.0,0.64,0.0,0.0,0
6485,36,1,43116945,1300860652,1300860753,46613752,3.4,0.0,0.0,0.0,0.0,1.0,0.0,0.0,0
6485,37,1,43116945,1300860652,1300860754,46613752,4.83,0.0,0.0,0.0,0.0,0.4,0.0,0.0,0
6485,38,1,43116945,1300860652,1300860755,46613752,6.36,0.0,0.0,0.0,0.0,0.1,0.0,0.0,0
6485,39,1,43116945,1300860652,1300860756,46613752,4.9,0.0,0.0,0.0,0.0,29.12,0.0,0.0,0
6485,40,1,43116945,1300860652,1300860757,46613752,0.0,0.0,0.0,0.0,0.0,1.0,0.0,0.0,0
6485,41,1,43116945,1300860652,1300860758,46613752,0.0,0.0,0.0,0.0,0.0,1.0,0.0,0.0,0
6485,42,1,43116945,1300860652,1300860759,46613752,0.0,0.0,0.0,0.0,0.0,1.0,0.0,0.0,0
6485,43,1,43116945,1300860652,1300860760,46613752,0.0,0.0,0.0,0.0,0.0,1.0,0.0,0.0,0
6485,44,1,43116945,1300860652,1300860761,46613752,0.0,0.0,0.0,0.0,0.0,2.0,0.0,0.0,0
6485,45,1,43116945,1300860652,1300860762,46613752,0.0,0.0,0.0,0.0,0.0,11.0,0.0,0.0,0
6485,46,1,43116945,1300860652,1300860763,46613752,0.0,0.0,0.0,0.0,0.0,40.0,0.0,0.0,0
6485,47,1,43116945,1300860652,1300860764,46613752,0.0,0.0,0.0,0.0,0.0,8.0,0.0,0.0,0
6486,0,1,43116945,1300860652,1300860765,46613752,0.0,0.0,0.0,0.0,0.0,6.0,0.0,0.0,0
6486,1,1,43116945,1300860652,1300860766,46613752,0.0,0.0,0.0,0.0,0.0,3.0,0.0,0.0,0
6486,2,1,43116945,1300860652,1300860767,46613752,0.0,0.0,0.0,0.0,0.0,3.0,0.0,0.0,0
6486,3,1,43116945,1300860652,1300860768,46613752,0.0,0.0,0.0,0.0,0.0,0.0,0.0,0.0,0
6486,4,1,43116945,1300860652,1300860769,46613752,0.0,0.0,0.0,0.0,0.0,0.0,0.0,0.0,0
6486,5,1,43116945,1300860652,1300860770,46613752,0.0,0.0,0.0,0.0,0.0,11.0,0.0,0.0,0
6486,6,1,43116945,1300860652,1300860771,46613752,0.0,0.0,0.0,0.0,0.0,3.0,0.0,0.0,0
6486,7,1,43116945,1300860652,1300860772,46613752,0.0,0.0,0.0,0.0,0.0,3.0,0.0,0.0,0
6486,8,1,43116945,1300860652,1300860773,46613752,0.0,0.0,0.0,0.0,0.0,3.0,0.0,0.0,0
6486,9,1,43116945,1300860652,1300860774,46613752,0.0,0.0,0.0,0.0,0.0,2.0,0.0,0.0,0
6486,10,1,43116945,1300860652,1300860775,46613752,0.0,0.0,0.0,0.0,0.0,16.0,0.0,0.0,0
6486,11,1,43116945,1300860652,1300860776,46613752,0.0,0.0,0.0,0.0,0.0,0.0,0.0,0.0,0
6486,12,1,43116945,1300860652,1300860777,46613752,0.0,0.0,0.0,0.0,0.0,35.0,0.0,0.0,0
6486,13,1,43116945,1300860652,1300860778,46613752,0.0,0.0,0.0,0.0,0.0,8.0,0.0,0.0,0
6486,14,1,43116945,1300860652,1300860779,46613752,0.0,0.0,0.0,0.0,0.0,3.0,0.0,0.0,0
6486,15,1,43116945,1300860652,1300860780,46613752,0.0,0.0,0.0,0.0,0.0,5.0,0.0,0.0,0
6486,16,1,43116945,1300860652,1300860781,46613752,0.0,0.0,0.0,0.0,0.0,2.0,0.0,0.0,0
6486,17,1,43116945,1300860652,1300860782,46613752,0.0,0.0,0.0,0.0,0.0,0.0,0.0,0.0,0
6486,18,1,43116945,1300860652,1300860783,46613752,202.0665,0.0,0.0,0.0,0.0,4.0,0.0,0.0,0
6486,19,1,43116945,1300860652,1300860784,46613752,0.0,0.0,0.0,0.0,0.0,2.0,0.0,0.0,0
6486,20,1,43116945,1300860652,1300860785,46613752,0.0,0.0,0.0,0.0,0.0,1.0,0.0,0.0,0
6486,21,1,43116945,1300860652,1300860786,46613752,0.0,0.0,0.0,0.0,0.0,1.0,0.0,0.0,0
6486,22,1,43116945,1300860652,1300860787,46613752,2568.0,0.0,0.0,0.0,0.0,1.0,0.0,0.0,0
6486,23,1,43116945,1300860652,1300860788,46613752,2568.0,0.0,0.0,0.0,0.0,1.0,0.0,0.0,0
6486,24,1,43116945,1300860652,1300860789,46613752,4706.0,0.0,0.0,0.0,0.0,1.0,0.0,0.0,0
6486,25,1,43116945,1300860652,1300860790,46613752,2387.0,0.0,0.0,0.0,0.0,1.0,0.0,0.0,0
6486,26,1,43116945,1300860652,1300860791,46613752,1457.0,0.0,0.0,0.0,0.0,1.0,0.0,0.0,0
6486,27,1,43116945,1300860652,1300860792,46613752,413.0,0.0,0.0,0.0,0.0,1.0,0.0,0.0,0
6486,28,1,43116945,1300860652,1300860795,46613752,10.5,0.0,0.0,0.0,0.0,10.0,0.0,0.0,0
6486,29,1,43116945,1300860652,1300860796,46613752,183.3,0.0,0.0,0.0,0.0,1.0,0.0,0.0,0
6486,30,1,43116945,1300860652,1300860797,46613752,172.0,0.0,0.0,0.0,0.0,2.0,0.0,0.0,0
6486,31,1,43116945,1300860652,1300860798,46613752,16.5,0.0,0.0,0.0,0.0,3.0,0.0,0.0,0
6486,32,1,43116945,1300860652,1300860799,46613752,52.9,0.0,0.0,0.0,0.0,3.0,0.0,0.0,0
6486,33,1,43116945,1300860652,1300860800,46613752,11.95,0.0,0.0,0.0,0.0,2.0,0.0,0.0,0
6486,34,1,43116945,1300860652,1300860801,46613752,11.45,0.0,0.0,0.0,0.0,10.0,0.0,0.0,0
6486,35,1,43116945,1300860652,1300860802,46613752,27.7,0.0,0.0,0.0,0.0,9.0,0.0,0.0,0
6486,36,1,43116945,1300860652,1300860803,46613752,11.45,0.0,0.0,0.0,0.0,4.0,0.0,0.0,0
6486,37,1,43116945,1300860652,1300860804,46613752,11.95,0.0,0.0,0.0,0.0,10.0,0.0,0.0,0
6486,38,1,43116945,1300860652,1300860805,46613752,23.1,0.0,0.0,0.0,0.0,6.0,0.0,0.0,0
6486,39,1,43116945,1300860652,1300860806,46613752,40.65,0.0,0.0,0.0,0.0,3.0,0.0,0.0,0
6486,40,1,43116945,1300860652,1300860807,46613752,113.65,0.0,0.0,0.0,0.0,3.0,0.0,0.0,0
6486,41,1,43116945,1300860652,1300860808,46613752,163.95,0.0,0.0,0.0,0.0,3.0,0.0,0.0,0
6486,42,1,43116945,1300860652,1300860809,46613752,9.85,0.0,0.0,0.0,0.0,4.0,0.0,0.0,0
6486,43,1,43116945,1300860652,1300860810,46613752,8.15,0.0,0.0,0.0,0.0,10.0,0.0,0.0,0
6486,44,1,43116945,1300860652,1300860811,46613752,25.0,0.0,0.0,0.0,0.0,2.0,0.0,0.0,0
6486,45,1,43116945,1300860652,1300860812,46613752,70.0,0.0,0.0,0.0,0.0,1.0,0.0,0.0,0
6486,46,1,43116945,1300860652,1300860813,46613752,42.0,0.0,0.0,0.0,0.0,1.0,0.0,0.0,0
6486,47,1,43116945,1300860652,1305659958,46613752,78.336,2.0,0.0,0.0,0.0,2.0,0.0,0.0,
6486,48,1,43116945,1300860652,1305941685,46613752,1.56,5.0,0.0,0.0,0.0,2.0,0.0,0.0,
6486,49,1,43116945,1300860652,1305941975,46613752,0.0,10.0,0.0,0.0,0.0,10.0,0.0,0.0,
6487,0,1,43116945,1300860652,1305941990,46613752,0.0,30.0,0.0,0.0,0.0,10.0,0.0,0.0,
6487,1,1,43116945,1300860652,1305942006,46613752,0.0,20.0,0.0,0.0,0.0,20.0,0.0,0.0,
6487,2,1,43116945,1300860652,1305943164,46613752,202.07000000000002,6.0,0.0,0.0,0.0,1.0,0.0,0.0,
6487,3,1,43116945,1300860652,1306933188,46613752,639.432,2.0,0.0,0.0,0.0,2.0,0.0,0.0,
6487,4,1,43116945,1300860652,1306933262,46613752,0.0,2.0,0.0,0.0,0.0,2.0,0.0,0.0,
6487,5,1,43116945,1300860652,1306955469,46613752,4.02,6.0,0.0,0.0,0.0,6.0,0.0,0.0,
6487,6,1,43116945,1300860652,1306955493,46613752,4.548,4.0,0.0,0.0,0.0,4.0,0.0,0.0,
6487,7,1,43116945,1300860652,1306955518,46613752,1.94,2.0,0.0,0.0,0.0,2.0,0.0,0.0,
6487,8,1,43116945,1300860652,1306955547,46613752,0.0,2.0,0.0,0.0,0.0,2.0,0.0,0.0,
6487,9,1,43116945,1300860652,1306955564,46613752,21.62,1.0,0.0,0.0,0.0,1.0,0.0,0.0,
6487,10,1,43116945,1300860652,1307032597,46613752,0.0,3.0,0.0,0.0,0.0,3.0,0.0,0.0,
6487,11,1,43116945,1300860652,1311156136,46613752,18.7,130.0,0.0,0.0,0.0,130.0,0.0,0.0,
6487,12,1,39297021,1300860839,1300861036,-1,154.7,0.15,0.0,0.0,0.0,0.15,0.0,0.0,0
6487,13,1,39297021,1300860839,1300861037,-1,0.0,90.0,0.0,0.0,0.0,90.0,0.0,0.0,0
6487,14,1,39297021,1300860839,1300861038,-1,0.38,50.0,0.0,0.0,0.0,50.0,0.0,0.0,0
6487,15,1,39297021,1300860839,1300861039,-1,62.696,1.0,0.0,0.0,0.0,1.0,0.0,0.0,0
6487,16,1,39297021,1300860839,1300861040,-1,0.0,1.0,0.0,0.0,0.0,1.0,0.0,0.0,0
6487,17,1,39297021,1300860839,1300861041,-1,1.6252,4.0,0.0,0.0,0.0,4.0,0.0,0.0,0
6487,18,1,39297021,1300860839,1300861042,-1,1.8904,4.0,0.0,0.0,0.0,4.0,0.0,0.0,0
6487,19,1,39297021,1300860839,1300861043,-1,1.9312,1.0,0.0,0.0,0.0,1.0,0.0,0.0,0
6487,20,1,39297021,1300860839,1300861044,-1,1.8904,1.0,0.0,0.0,0.0,1.0,0.0,0.0,0
6487,21,1,39297021,1300860839,1300861045,-1,2.2984,1.0,0.0,0.0,0.0,1.0,0.0,0.0,0
6487,22,1,39297021,1300860839,1300861046,-1,5.4128,1.0,0.0,0.0,0.0,1.0,0.0,0.0,0
6487,23,1,39297021,1300860839,1300861047,-1,11.77,15.0,0.0,0.0,0.0,15.0,0.0,0.0,0
6487,24,1,39297021,1300860839,1300861048,-1,2.98,15.0,0.0,0.0,0.0,15.0,0.0,0.0,0
6487,25,1,39297021,1300860839,1300861049,-1,3.79,15.0,0.0,0.0,0.0,15.0,0.0,0.0,0
6487,26,1,39297021,1300860839,1300861050,-1,5.78,2.0,0.0,0.0,0.0,2.0,0.0,0.0,0
6487,27,1,39297021,1300860839,1300861051,-1,8.32,4.5,0.0,0.0,0.0,4.5,0.0,0.0,0
6487,28,1,39297021,1300860839,1300861052,-1,9.75,4.0,0.0,0.0,0.0,4.0,0.0,0.0,0
6487,29,1,39297021,1300860839,1300861053,-1,8.45,4.0,0.0,0.0,0.0,4.0,0.0,0.0,0
6487,30,1,39297021,1300860839,1300861054,-1,0.0,5.0,0.0,0.0,0.0,5.0,0.0,0.0,0
6487,31,1,39297021,1300860839,1300861055,-1,0.0,1.0,0.0,0.0,0.0,1.0,0.0,0.0,0
6487,32,1,39297021,1300860839,1300861056,-1,17.37,4.5,0.0,0.0,0.0,4.5,0.0,0.0,0
6487,33,1,39297021,1300860839,1300861057,-1,4.27,1.0,0.0,0.0,0.0,1.0,0.0,0.0,0
6487,34,1,39297021,1300860839,1300861058,-1,12.51,4.0,0.0,0.0,0.0,4.0,0.0,0.0,0
6487,35,1,39297021,1300860839,1300861059,-1,13.07,2.0,0.0,0.0,0.0,2.0,0.0,0.0,0
6487,36,1,39297021,1300860839,1300861060,-1,31.4,1.0,0.0,0.0,0.0,1.0,0.0,0.0,0
6487,37,1,39297021,1300860839,1300861061,-1,74.92,1.0,0.0,0.0,0.0,1.0,0.0,0.0,0
6487,38,1,39297021,1300860839,1300861062,-1,76.47,3.0,0.0,0.0,0.0,3.0,0.0,0.0,0
6487,39,1,39297021,1300860839,1300861063,-1,31.44,2.0,0.0,0.0,0.0,2.0,0.0,0.0,0
6487,40,1,39297021,1300860839,1300861064,-1,32.74,1.0,0.0,0.0,0.0,1.0,0.0,0.0,0
6487,41,1,39297021,1300860839,1300861065,-1,17.42,3.0,0.0,0.0,0.0,3.0,0.0,0.0,0
6487,42,1,39297021,1300860839,1300861066,-1,4.11,3.0,0.0,0.0,0.0,3.0,0.0,0.0,0
6487,43,1,39297021,1300860839,1300861067,-1,0.16,50.0,0.0,0.0,0.0,50.0,0.0,0.0,0
6487,44,1,39297021,1300860839,1300861068,-1,750.95,1.0,0.0,0.0,0.0,1.0,0.0,0.0,0
6487,45,1,39297021,1300860839,1300861069,-1,1266.67,1.0,0.0,0.0,0.0,1.0,0.0,0.0,0
6487,46,1,39297021,1300860839,1300861070,-1,281.0,2.0,0.0,0.0,0.0,2.0,0.0,0.0,0
6613,0,1,49132890,1300860839,1300861102,37874140,160.38,0.0,0.0,0.0,0.0,5.0,0.0,0.0,0
6613,1,1,49132890,1300860839,1300861103,37874140,2568.0,0.0,0.0,0.0,0.0,1.0,0.0,0.0,0
6613,2,1,49132890,1300860839,1300861104,37874140,3415.47,0.0,0.0,0.0,0.0,1.0,0.0,0.0,0
6613,3,1,49132890,1300860839,1300861105,37874140,6259.0396,0.0,0.0,0.0,0.0,1.0,0.0,0.0,0
6613,4,1,49132890,1300860839,1300861106,37874140,2387.0,0.0,0.0,0.0,0.0,1.0,0.0,0.0,0
6613,5,1,49132890,1300860839,1300861107,37874140,385.31,0.0,0.0,0.0,0.0,2.0,0.0,0.0,0
6613,6,1,49132890,1300860839,1300861108,37874140,410.74,0.0,0.0,0.0,0.0,1.0,0.0,0.0,0
6613,7,1,49132890,1300860839,1300861109,37874140,0.0,0.0,0.0,0.0,0.0,0.0,0.0,0.0,0
6613,8,1,49132890,1300860839,1300861110,37874140,22.37,0.0,0.0,0.0,0.0,10.0,0.0,0.0,0
6613,9,1,49132890,1300860839,1300861111,37874140,54.13,0.0,0.0,0.0,0.0,9.0,0.0,0.0,0
6613,10,1,49132890,1300860839,1300861112,37874140,22.37,0.0,0.0,0.0,0.0,4.0,0.0,0.0,0
6613,11,1,49132890,1300860839,1300861113,37874140,23.37,0.0,0.0,0.0,0.0,10.0,0.0,0.0,0
6613,12,1,49132890,1300860839,1300861114,37874140,40.94,0.0,0.0,0.0,0.0,6.0,0.0,0.0,0
6613,13,1,49132890,1300860839,1300861115,37874140,71.42,0.0,0.0,0.0,0.0,3.0,0.0,0.0,0
6613,14,1,49132890,1300860839,1300861116,37874140,222.08,0.0,0.0,0.0,0.0,3.0,0.0,0.0,0
6613,15,1,49132890,1300860839,1300861117,37874140,288.52,0.0,0.0,0.0,0.0,3.0,0.0,0.0,0
6613,16,1,49132890,1300860839,1300861118,37874140,17.78,0.0,0.0,0.0,0.0,4.0,0.0,0.0,0
6613,17,1,49132890,1300860839,1300861119,37874140,14.66,0.0,0.0,0.0,0.0,10.0,0.0,0.0,0
6613,18,1,49132890,1300860839,1300861120,37874140,25.0,0.0,0.0,0.0,0.0,2.0,0.0,0.0,0
6613,19,1,49132890,1300860839,1300861121,37874140,7000.0,0.0,0.0,0.0,0.0,1.0,0.0,0.0,0
6613,20,1,49132890,1300860839,1300861122,37874140,534.888,0.0,0.0,0.0,0.0,1.0,0.0,0.0,0
6613,21,1,49132890,1300860839,1300861123,37874140,210.235,0.0,0.0,0.0,0.0,4.0,0.0,0.0,0
6613,22,1,49132890,1300860839,1300861124,37874140,0.0,0.0,0.0,0.0,0.0,10.0,0.0,0.0,0
6613,23,1,49132890,1300860839,1300861125,37874140,6.48,0.0,0.0,0.0,0.0,450.0,0.0,0.0,0
6613,24,1,49132890,1300860839,1300861126,37874140,4.9,0.0,0.0,0.0,0.0,1.0,0.0,0.0,0
6613,25,1,49132890,1300860839,1300861127,37874140,0.0,0.0,0.0,0.0,0.0,2.0,0.0,0.0,0
6613,26,1,49132890,1300860839,1300861128,37874140,4333.33,0.0,0.0,0.0,0.0,2.0,0.0,0.0,0
6613,27,1,49132890,1300860839,1300861129,37874140,200.0,0.0,0.0,0.0,0.0,1.0,0.0,0.0,0
6613,28,1,49132890,1300860839,1300861130,37874140,5000.0,0.0,0.0,0.0,0.0,2.0,0.0,0.0,0
6613,29,1,49132890,1300860839,1300861131,37874140,1814.4,1.0,0.0,0.0,0.0,1.0,0.0,0.0,0
6613,30,1,49132890,1300860839,1300861132,37874140,0.0,0.0,0.0,0.0,0.0,1.0,0.0,0.0,0
6613,31,1,49132890,1300860839,1300861133,37874140,0.0,0.0,0.0,0.0,0.0,1.0,0.0,0.0,0
6613,32,1,49132890,1300860839,1300861134,37874140,0.0,0.0,0.0,0.0,0.0,1.0,0.0,0.0,0
6613,33,1,49132890,1300860839,1300861135,37874140,0.0,0.0,0.0,0.0,0.0,1.0,0.0,0.0,0
6613,34,1,49132890,1300860839,1300861136,37874140,0.0,0.0,0.0,0.0,0.0,1.0,0.0,0.0,0
6613,35,1,49132890,1300860839,1300861137,37874140,0.0,0.0,0.0,0.0,0.0,1.0,0.0,0.0,0
6613,36,1,49132890,1300860839,1300861138,37874140,0.0,0.0,0.0,0.0,0.0,1.0,0.0,0.0,0
6613,37,1,49132890,1300860839,1300861139,37874140,0.0,0.0,0.0,0.0,0.0,1.0,0.0,0.0,0
6613,38,1,49132890,1300860839,1300861140,37874140,0.0,0.0,0.0,0.0,0.0,1.0,0.0,0.0,0
6613,39,1,49132890,1300860839,1300861141,37874140,270.0,0.0,0.0,0.0,0.0,1.0,0.0,0.0,0
6613,40,1,49132890,1300860839,1305654176,37874140,2.45,1.0,0.0,0.0,0.0,1.0,0.0,0.0,
6613,41,1,49132890,1300860839,1305654315,37874140,14.65,4.0,0.0,0.0,0.0,4.0,0.0,0.0,
6613,42,1,49132890,1300860839,1305654609,37874140,23.47,1.0,0.0,0.0,0.0,1.0,0.0,0.0,
6613,43,1,49132890,1300860839,1305654639,37874140,3.77,1.0,0.0,0.0,0.0,1.0,0.0,0.0,
6613,44,1,49132890,1300860839,1306461044,37874140,180.0,5.0,0.0,0.0,0.0,5.0,0.0,0.0,
6613,45,1,49132890,1300860839,1306633119,37874140,0.73,2.0,0.0,0.0,0.0,2.0,0.0,0.0,
6613,46,1,49132890,1300860839,1306644712,37874140,960.0,2.0,0.0,0.0,0.0,2.0,0.0,0.0,
6613,47,1,49132890,1300860839,1306930016,37874140,52.84,2.0,0.0,0.0,0.0,2.0,0.0,0.0,
6613,48,1,49132890,1300860839,1311460582,37874140,31.39,2.0,0.0,0.0,0.0,2.0,0.0,0.0,
6614,0,1,49132890,1300860839,1311938701,37874140,4.548,6.0,0.0,0.0,0.0,6.0,0.0,0.0,
6614,1,1,49132890,1300860839,1311938717,37874140,1.8299999999999998,18.0,0.0,0.0,0.0,18.0,0.0,0.0,
6614,2,1,49132890,1300860839,1312232425,37874140,6.48,350.0,0.0,0.0,0.0,350.0,0.0,0.0,
6614,3,1,49132890,1300860839,1313632769,37874140,105.0,4.0,0.0,0.0,0.0,4.0,0.0,0.0,
6614,4,1,49132890,1300860839,1316158847,37874140,1314.96,1.0,0.0,0.0,0.0,1.0,0.0,0.0,
6614,5,1,49132890,1300860839,1316158854,37874140,1519.55,1.0,0.0,0.0,0.0,1.0,0.0,0.0,
6614,6,1,39297021,1300860839,1300861071,-1,108.45,1.0,0.0,0.0,0.0,1.0,0.0,0.0,0
6614,7,1,39297021,1300860839,1300861072,-1,922.5,1.0,0.0,0.0,0.0,1.0,0.0,0.0,0
6614,8,1,39297021,1300860839,1300861073,-1,575.0,1.0,0.0,0.0,0.0,1.0,0.0,0.0,0
6614,9,1,39297021,1300860839,1300861074,-1,951.44,1.0,0.0,0.0,0.0,1.0,0.0,0.0,0
6614,10,1,39297021,1300860839,1300861075,-1,64.8,1.0,0.0,0.0,0.0,1.0,0.0,0.0,0
6614,11,1,39297021,1300860839,1300861076,-1,734.17,1.0,0.0,0.0,0.0,1.0,0.0,0.0,0
6614,12,1,39297021,1300860839,1300861077,-1,431.85,2.0,0.0,0.0,0.0,2.0,0.0,0.0,0
6614,13,1,39297021,1300860839,1300861078,-1,17.82,1.0,0.0,0.0,0.0,1.0,0.0,0.0,0
6614,14,1,39297021,1300860839,1300861079,-1,5.0,1.0,0.0,0.0,0.0,1.0,0.0,0.0,0
6614,15,1,39297021,1300860839,1300861080,-1,150.0,1.0,0.0,0.0,0.0,1.0,0.0,0.0,0
6614,16,1,39297021,1300860839,1300861081,-1,244.0,1.0,0.0,0.0,0.0,1.0,0.0,0.0,0
6614,17,1,39297021,1300860839,1300861082,-1,342.0,1.0,0.0,0.0,0.0,1.0,0.0,0.0,0
6614,18,1,39297021,1300860839,1300861083,-1,5678.0,1.0,0.0,0.0,0.0,1.0,0.0,0.0,0
6614,19,1,39297021,1300860839,1300861084,-1,604.0,1.0,0.0,0.0,0.0,1.0,0.0,0.0,0
6614,20,1,39297021,1300860839,1300861085,-1,974.17,1.0,0.0,0.0,0.0,1.0,0.0,0.0,0
6614,21,1,39297021,1300860839,1300861086,-1,135.0,188.0,0.0,0.0,0.0,188.0,0.0,0.0,0
6614,22,1,39297021,1300860839,1300861087,-1,135.42,282.0,0.0,0.0,0.0,282.0,0.0,0.0,0
6614,23,1,39297021,1300860839,1300861090,-1,520.4,82.0,0.0,0.0,0.0,82.0,0.0,0.0,0
6614,24,1,39297021,1300860839,1300861091,-1,123.35,90.0,0.0,0.0,0.0,90.0,0.0,0.0,0
6614,25,1,39297021,1300860839,1300861092,-1,21.51,92.24,0.0,0.0,0.0,92.24,0.0,0.0,0
6614,26,1,39297021,1300860839,1300861093,-1,855.0,6.0,0.0,0.0,0.0,6.0,0.0,0.0,0
6614,27,1,39297021,1300860839,1300861094,-1,346.0,10.0,0.0,0.0,0.0,10.0,0.0,0.0,0
6614,28,1,39297021,1300860839,1300861095,-1,32.5,20.0,0.0,0.0,0.0,20.0,0.0,0.0,0
6614,29,1,39297021,1300860839,1300861096,-1,333.35,10.0,0.0,0.0,0.0,10.0,0.0,0.0,0
6614,30,1,39297021,1300860839,1300861097,-1,2.74,200.0,0.0,0.0,0.0,200.0,0.0,0.0,0
6614,31,1,39297021,1300860839,1300861098,-1,20.18,12.0,0.0,0.0,0.0,12.0,0.0,0.0,0
6614,32,1,39297021,1300860839,1300861099,-1,2068.6,1.0,0.0,0.0,0.0,1.0,0.0,0.0,0
6614,33,1,39297021,1300860839,1300861100,-1,0.0,2.0,0.0,0.0,0.0,2.0,0.0,0.0,0
6614,34,1,39297021,1300860839,1300861101,-1,0.0,14.0,0.0,0.0,0.0,14.0,0.0,0.0,0
6614,35,1,39297021,1300860839,1300861102,-1,160.38,5.0,0.0,0.0,0.0,5.0,0.0,0.0,0
6614,36,1,39297021,1300860839,1300861103,-1,2568.0,1.0,0.0,0.0,0.0,1.0,0.0,0.0,0
6614,37,1,39297021,1300860839,1300861104,-1,3415.47,1.0,0.0,0.0,0.0,1.0,0.0,0.0,0
6614,38,1,39297021,1300860839,1300861105,-1,6259.0396,1.0,0.0,0.0,0.0,1.0,0.0,0.0,0
6614,39,1,39297021,1300860839,1300861106,-1,2387.0,1.0,0.0,0.0,0.0,1.0,0.0,0.0,0
6614,40,1,39297021,1300860839,1300861107,-1,385.31,2.0,0.0,0.0,0.0,2.0,0.0,0.0,0
6614,41,1,39297021,1300860839,1300861108,-1,410.74,1.0,0.0,0.0,0.0,1.0,0.0,0.0,0
6614,42,1,39297021,1300860839,1300861109,-1,0.0,0.0,0.0,0.0,0.0,0.0,0.0,0.0,0
6614,43,1,39297021,1300860839,1300861110,-1,22.37,10.0,0.0,0.0,0.0,10.0,0.0,0.0,0
6614,44,1,39297021,1300860839,1300861111,-1,54.13,9.0,0.0,0.0,0.0,9.0,0.0,0.0,0
6614,45,1,39297021,1300860839,1300861112,-1,22.37,4.0,0.0,0.0,0.0,4.0,0.0,0.0,0
6503,1,1,39297021,1300860839,1300861113,-1,23.37,10.0,0.0,0.0,0.0,10.0,0.0,0.0,0
6503,2,1,39297021,1300860839,1300861114,-1,40.94,6.0,0.0,0.0,0.0,6.0,0.0,0.0,0
6503,3,1,39297021,1300860839,1300861115,-1,71.42,3.0,0.0,0.0,0.0,3.0,0.0,0.0,0
6503,4,1,39297021,1300860839,1300861116,-1,222.08,3.0,0.0,0.0,0.0,3.0,0.0,0.0,0
6503,5,1,39297021,1300860839,1300861117,-1,288.52,3.0,0.0,0.0,0.0,3.0,0.0,0.0,0
6503,6,1,39297021,1300860839,1300861118,-1,17.78,4.0,0.0,0.0,0.0,4.0,0.0,0.0,0
6503,7,1,39297021,1300860839,1300861119,-1,14.66,10.0,0.0,0.0,0.0,10.0,0.0,0.0,0
6503,8,1,39297021,1300860839,1300861120,-1,25.0,2.0,0.0,0.0,0.0,2.0,0.0,0.0,0
6503,9,1,39297021,1300860839,1300861121,-1,7000.0,1.0,0.0,0.0,0.0,1.0,0.0,0.0,0
6503,10,1,39297021,1300860839,1300861122,-1,534.888,1.0,0.0,0.0,0.0,1.0,0.0,0.0,0
6503,11,1,39297021,1300860839,1300861123,-1,210.235,4.0,0.0,0.0,0.0,4.0,0.0,0.0,0
6503,12,1,39297021,1300860839,1300861124,-1,0.0,10.0,0.0,0.0,0.0,10.0,0.0,0.0,0
6503,13,1,39297021,1300860839,1300861125,-1,6.48,450.0,0.0,0.0,0.0,450.0,0.0,0.0,0
6503,14,1,49132890,1300860839,1300860840,-1,0.0,1.595,0.0,0.0,0.0,1.595,0.0,0.0,0
6503,15,1,49132890,1300860839,1300860841,-1,2.26368,31.372,0.0,0.0,0.0,31.372,0.0,0.0,0
6503,16,1,39297021,1300860839,1300861126,-1,4.9,1.0,0.0,0.0,0.0,1.0,0.0,0.0,0
6503,17,1,39297021,1300860839,1300861127,-1,0.0,2.0,0.0,0.0,0.0,2.0,0.0,0.0,0
6503,18,1,39297021,1300860839,1300861128,-1,4333.33,2.0,0.0,0.0,0.0,2.0,0.0,0.0,0
6503,19,1,39297021,1300860839,1300861129,-1,200.0,1.0,0.0,0.0,0.0,1.0,0.0,0.0,0
6503,20,1,39297021,1300860839,1300861130,-1,5000.0,2.0,0.0,0.0,0.0,2.0,0.0,0.0,0
6503,21,1,39297021,1300860839,1300861131,-1,1814.4,1.0,0.0,0.0,0.0,1.0,0.0,0.0,0
6503,22,1,39297021,1300860839,1300861132,-1,0.0,1.0,0.0,0.0,0.0,1.0,0.0,0.0,0
6503,23,1,39297021,1300860839,1300861133,-1,0.0,1.0,0.0,0.0,0.0,1.0,0.0,0.0,0
6503,24,1,39297021,1300860839,1300861134,-1,0.0,1.0,0.0,0.0,0.0,1.0,0.0,0.0,0
6503,25,1,39297021,1300860839,1300861135,-1,0.0,1.0,0.0,0.0,0.0,1.0,0.0,0.0,0
6503,26,1,39297021,1300860839,1300861136,-1,0.0,1.0,0.0,0.0,0.0,1.0,0.0,0.0,0
6503,27,1,39297021,1300860839,1300861137,-1,0.0,1.0,0.0,0.0,0.0,1.0,0.0,0.0,0
6503,28,1,39297021,1300860839,1300861138,-1,0.0,1.0,0.0,0.0,0.0,1.0,0.0,0.0,0
6503,29,1,39297021,1300860839,1300861139,-1,0.0,1.0,0.0,0.0,0.0,1.0,0.0,0.0,0
6503,30,1,39297021,1300860839,1300861140,-1,0.0,1.0,0.0,0.0,0.0,1.0,0.0,0.0,0
6503,31,1,39297021,1300860839,1300861141,-1,270.0,1.0,0.0,0.0,0.0,1.0,0.0,0.0,0
6503,32,1,39297021,1300860839,1302357922,-1,79.0,0.0,0.0,0.0,0.0,80.0,0.0,0.0,
6503,33,1,39297021,1300860839,1302362619,-1,4.95,0.0,0.0,0.0,0.0,25.0,0.0,0.0,
6503,34,1,39297021,1300860839,1305662027,-1,13.34,0.0,0.0,0.0,0.0,26.0,0.0,0.0,
6503,35,1,39297021,1300860839,1305935013,-1,14.71,0.0,0.0,0.0,0.0,6.0,0.0,0.0,
6503,36,1,39297021,1300860839,1306335374,-1,2.13,0.0,0.0,0.0,0.0,18.0,0.0,0.0,
6503,37,1,39297021,1300860839,1306338159,-1,4.22,0.0,0.0,0.0,0.0,19.0,0.0,0.0,
6503,38,1,39297021,1300860839,1306433181,-1,0.0,0.0,0.0,0.0,0.0,20.0,0.0,0.0,
6503,39,1,39297021,1300860839,1306433182,-1,0.0,0.0,0.0,0.0,0.0,20.0,0.0,0.0,
6503,40,1,39297021,1300860839,1306435854,-1,211.98,0.0,0.0,0.0,0.0,4.0,0.0,0.0,
6503,41,1,39297021,1300860839,1306453001,-1,0.71,0.0,0.0,0.0,0.0,6.0,0.0,0.0,
6503,42,1,39297021,1300860839,1306641385,-1,1001.9065,0.0,0.0,0.0,0.0,2.0,0.0,0.0,
6503,43,1,39297021,1300860839,1306643388,-1,3.912,0.0,0.0,0.0,0.0,2.0,0.0,0.0,
6503,44,1,39297021,1300860839,1306643602,-1,4.02,0.0,0.0,0.0,0.0,2.0,0.0,0.0,
6503,45,1,39297021,1300860839,1306644777,-1,1.61,0.0,0.0,0.0,0.0,2.0,0.0,0.0,
6503,46,1,39297021,1300860839,1306644795,-1,960.0,0.0,0.0,0.0,0.0,2.0,0.0,0.0,
6503,47,1,39297021,1300860839,1306935032,-1,14.71,0.0,0.0,0.0,0.0,6.0,0.0,0.0,
6503,48,1,39297021,1300860839,1306936237,-1,0.0,0.0,0.0,0.0,0.0,7.0,0.0,0.0,
6503,49,1,39297021,1300860839,1306936250,-1,0.0,0.0,0.0,0.0,0.0,4.0,0.0,0.0,
7393,1,1,33563746,1312062665,1312062768,-1,6.44,0.07,0.0,0.0,0.0,0.07,0.0,0.0,0
7393,2,1,33563746,1312062665,1312062784,-1,5.4,1.0,0.0,0.0,0.0,1.0,0.0,0.0,0
7393,3,1,47052848,1312049510,1312049543,41239097,2.351934,2.0,0.0,0.0,0.0,2.0,0.0,0.0,0
7393,4,1,39297021,1300860839,1311156319,36945574,18.7,510.0,0.0,0.0,0.0,510.0,0.0,0.0,
7393,5,1,39297021,1300860839,1311163148,36945574,16.94,8.0,0.0,0.0,0.0,8.0,0.0,0.0,
7393,6,1,39297021,1300860839,1311163196,36945574,105.0,4.0,0.0,0.0,0.0,4.0,0.0,0.0,
7393,7,1,39297021,1300860839,1311164039,36945574,450.38000000000005,44.0,0.0,0.0,0.0,44.0,0.0,0.0,
7393,8,1,39297021,1300860839,1311164046,36945574,1129.72,2.0,0.0,0.0,0.0,2.0,0.0,0.0,
7393,9,1,39297021,1300860839,1311451226,36945574,15.64,100.0,0.0,0.0,0.0,100.0,0.0,0.0,
7393,10,1,39297021,1300860839,1311451233,36945574,15.64,100.0,0.0,0.0,0.0,100.0,0.0,0.0,
7393,11,1,39297021,1300860839,1311451241,36945574,2.12,50.0,0.0,0.0,0.0,50.0,0.0,0.0,
7393,12,1,39297021,1300860839,1312156912,36945574,11.25,8.0,0.0,0.0,0.0,8.0,0.0,0.0,
7393,13,1,39297021,1300860839,1312156919,36945574,0.5,10.0,0.0,0.0,0.0,10.0,0.0,0.0,
7393,14,1,39297021,1300860839,1312551440,36945574,0.0,5.0,0.0,0.0,0.0,5.0,0.0,0.0,
7393,15,1,39297021,1300860839,1312551454,36945574,0.0,37.0,0.0,0.0,0.0,37.0,0.0,0.0,
7393,16,1,39297021,1300860839,1312551467,36945574,0.09,4.0,0.0,0.0,0.0,4.0,0.0,0.0,
7393,17,1,39297021,1300860839,1312761932,36945574,17.09,2.0,0.0,0.0,0.0,2.0,0.0,0.0,
7393,18,1,39297021,1300860839,1312845174,36945574,165.3,1.0,0.0,0.0,0.0,1.0,0.0,0.0,
7393,19,1,39297021,1300860839,1312845181,36945574,112.14,1.0,0.0,0.0,0.0,1.0,0.0,0.0,
7393,20,1,39297021,1300860839,1312933207,36945574,180.0,1.0,0.0,0.0,0.0,1.0,0.0,0.0,
7393,21,1,39297021,1300860839,1312933960,36945574,346.8,1.0,0.0,0.0,0.0,1.0,0.0,0.0,
7393,22,1,39297021,1300860839,1312933966,36945574,270.3,1.0,0.0,0.0,0.0,1.0,0.0,0.0,
7393,23,1,39297021,1300860839,1316041199,36945574,5.77997834248,17.0,0.0,0.0,0.0,17.0,0.0,0.0,
7393,24,1,39297021,1300860839,1320961643,36945574,12006.22,1.0,0.0,0.0,0.0,1.0,0.0,0.0,
7393,25,1,47052848,1312049510,1312049565,41239097,0.51129,0.11,0.0,0.0,0.0,0.11,0.0,0.0,0
7393,26,1,47052848,1312049510,1312049612,41239097,82.0,1.0,0.0,0.0,0.0,1.0,0.0,0.0,0
7393,27,1,34223473,1312034596,1312034703,-1,33.642882,0.45,0.0,0.0,0.0,0.45,0.0,0.0,0
7393,28,1,44642751,1312037749,1312037816,46085756,20.190842,2.0,0.0,0.0,0.0,1.0,0.0,0.0,0
7393,29,1,46928733,1312038500,1312038593,40771899,20.19,0.0,0.0,0.0,0.0,1.0,0.0,0.0,0
7393,30,1,46928733,1312038500,1312038665,40771899,6.44,0.0,0.0,0.0,0.0,0.062,0.0,0.0,0
7393,31,1,46928733,1312038500,1312038711,40771899,5.4,0.0,0.0,0.0,0.0,1.0,0.0,0.0,0
7393,32,1,46928733,1312040009,1312038593,40771899,20.19,2.0,0.0,0.0,0.0,1.0,0.0,0.0,0
7393,33,1,46928733,1312040009,1312038665,40771899,6.44,0.124,0.0,0.0,0.0,0.062,0.0,0.0,0
7393,34,1,46928733,1312040009,1312038711,40771899,5.4,2.0,0.0,0.0,0.0,1.0,0.0,0.0,0
7393,35,1,33563746,1312062665,1312062731,47875829,2.37,1.0,0.0,0.0,0.0,1.0,0.0,0.0,0
7393,36,1,33563746,1312062665,1312062768,47875829,6.44,0.07,0.0,0.0,0.0,0.07,0.0,0.0,0
7393,37,1,33563746,1312062665,1312062784,47875829,5.4,1.0,0.0,0.0,0.0,1.0,0.0,0.0,0
7393,38,1,34223473,1312034596,1312034703,46441739,33.642882,0.45,0.0,0.0,0.0,0.45,0.0,0.0,0
7393,39,1,35253452,1312063269,1312063346,35646698,26.31,2.0,0.0,0.0,0.0,2.0,0.0,0.0,0
7393,40,1,35253452,1312063269,1312063363,35646698,9.21,1.0,0.0,0.0,0.0,1.0,0.0,0.0,0
7393,41,1,47052848,1312049510,1312049543,-1,2.351934,2.0,0.0,0.0,0.0,2.0,0.0,0.0,0
7393,42,1,47052848,1312049510,1312049565,-1,0.51129,0.11,0.0,0.0,0.0,0.11,0.0,0.0,0
7393,43,1,47052848,1312049510,1312049612,-1,82.0,1.0,0.0,0.0,0.0,1.0,0.0,0.0,0
7393,44,1,35253452,1312063269,1312063383,35646698,86.76,1.0,0.0,0.0,0.0,1.0,0.0,0.0,0
7393,45,1,35253452,1312063269,1319554947,35646698,15.14,1.0,0.0,0.0,0.0,1.0,0.0,0.0,
6524,1,1,39297021,1300860839,1306936441,-1,0.0,0.0,0.0,0.0,0.0,1.0,0.0,0.0,
6524,2,1,39297021,1300860839,1307035191,-1,639.43,0.0,0.0,0.0,0.0,2.0,0.0,0.0,
6524,3,1,39297021,1300860839,1307036769,-1,16.85,0.0,0.0,0.0,0.0,12.0,0.0,0.0,
6524,4,1,39297021,1300860839,1307051478,-1,6981.22,0.0,0.0,0.0,0.0,1.0,0.0,0.0,
6524,5,1,39297021,1300860839,1307051483,-1,6323.77,0.0,0.0,0.0,0.0,1.0,0.0,0.0,
6524,6,1,39297021,1300860839,1307132738,-1,202.07,0.0,0.0,0.0,0.0,1.0,0.0,0.0,
6524,7,1,39297021,1300860839,1307137652,-1,180.99,0.0,0.0,0.0,0.0,184.0,0.0,0.0,
6524,8,1,39297021,1300860839,1307137664,-1,264.84,0.0,0.0,0.0,0.0,90.0,0.0,0.0,
6524,9,1,39297021,1300860839,1307137786,-1,117.59,0.0,0.0,0.0,0.0,88.0,0.0,0.0,
6524,10,1,39297021,1300860839,1307658498,-1,0.0,0.0,0.0,0.0,0.0,8.0,0.0,0.0,
6524,11,1,39297021,1300860839,1307658506,-1,0.0,0.0,0.0,0.0,0.0,8.0,0.0,0.0,
6524,12,1,39297021,1300860839,1307658514,-1,0.0,0.0,0.0,0.0,0.0,8.0,0.0,0.0,
6524,13,1,39297021,1300860839,1307740592,-1,1.8,0.0,0.0,0.0,0.0,7.0,0.0,0.0,
6524,14,1,39297021,1300860839,1307745466,-1,1.0,0.0,0.0,0.0,0.0,26.0,0.0,0.0,
6524,15,1,39297021,1300860839,1307745475,-1,1.7397000000000002,0.0,0.0,0.0,0.0,28.0,0.0,0.0,
6524,16,1,39297021,1300860839,1307842260,-1,3.6,0.0,0.0,0.0,0.0,2.0,0.0,0.0,
6524,17,1,39297021,1300860839,1307842275,-1,8.16,0.0,0.0,0.0,0.0,2.0,0.0,0.0,
6524,18,1,39297021,1300860839,1307842603,-1,104.4,0.0,0.0,0.0,0.0,2.0,0.0,0.0,
6524,19,1,39297021,1300860839,1307930327,-1,75.14,0.0,0.0,0.0,0.0,8.0,0.0,0.0,
6524,20,1,39297021,1300860839,1308433881,-1,2.16,0.0,0.0,0.0,0.0,6.0,0.0,0.0,
6524,21,1,39297021,1300860839,1308443911,-1,31.2,0.0,0.0,0.0,0.0,31.0,0.0,0.0,
6524,22,1,39297021,1300860839,1308638865,-1,0.0,0.0,0.0,0.0,0.0,50.0,0.0,0.0,
6524,23,1,39297021,1300860839,1308638996,-1,0.0,0.0,0.0,0.0,0.0,50.0,0.0,0.0,
6524,24,1,39297021,1300860839,1308732040,-1,47.68,0.0,0.0,0.0,0.0,3.0,0.0,0.0,
6524,25,1,39297021,1300860839,1309340375,-1,0.0,0.0,0.0,0.0,0.0,10.0,0.0,0.0,
6524,26,1,39297021,1300860839,1309340538,-1,1.84,0.0,0.0,0.0,0.0,12.0,0.0,0.0,
6524,27,1,39297021,1300860839,1309340606,-1,1.49,0.0,0.0,0.0,0.0,3.0,0.0,0.0,
6524,28,1,39297021,1300860839,1309432171,-1,54.566,0.0,0.0,0.0,0.0,4.0,0.0,0.0,
6524,29,1,39297021,1300860839,1309735262,-1,1.08,0.0,0.0,0.0,0.0,6.0,0.0,0.0,
6524,30,1,39297021,1300860839,1309735269,-1,0.81,0.0,0.0,0.0,0.0,6.0,0.0,0.0,
6524,31,1,39297021,1300860839,1309735279,-1,10.71,0.0,0.0,0.0,0.0,4.0,0.0,0.0,
6524,32,1,39297021,1300860839,1309836633,-1,534.888,0.0,0.0,0.0,0.0,1.0,0.0,0.0,
6524,33,1,39297021,1300860839,1309836639,-1,722.93,0.0,0.0,0.0,0.0,1.0,0.0,0.0,
6524,34,1,39297021,1300860839,1309861257,-1,510.96,0.0,0.0,0.0,0.0,2.0,0.0,0.0,
6524,35,1,39297021,1300860839,1309861377,-1,3.5699999999999994,0.0,0.0,0.0,0.0,13.0,0.0,0.0,
6524,36,1,39297021,1300860839,1309953161,-1,0.0507,0.0,0.0,0.0,0.0,40.0,0.0,0.0,
6524,37,1,39297021,1300860839,1310454337,-1,16.05,0.0,0.0,0.0,0.0,1.0,0.0,0.0,
6524,38,1,39297021,1300860839,1310454360,-1,22.59,0.0,0.0,0.0,0.0,2.0,0.0,0.0,
6524,39,1,39297021,1300860839,1310457733,-1,94.15,0.0,0.0,0.0,0.0,60.0,0.0,0.0,
6524,40,1,49132890,1300860839,1300860842,-1,0.0,0.066,0.0,0.0,0.0,0.066,0.0,0.0,0
6524,41,1,49132890,1300860839,1300860843,-1,3.15594,6.0,0.0,0.0,0.0,6.0,0.0,0.0,0
6524,42,1,49132890,1300860839,1300860844,-1,3.81654,26.79798,0.0,0.0,0.0,26.79798,0.0,0.0,0
6524,43,1,49132890,1300860839,1300860845,-1,4.84848,42.1344,0.0,0.0,0.0,42.1344,0.0,0.0,0
6524,44,1,49132890,1300860839,1300860846,-1,5.22249,1.386,0.0,0.0,0.0,1.386,0.0,0.0,0
6524,45,1,49132890,1300860839,1300860847,-1,10.13922,2.86,0.0,0.0,0.0,2.86,0.0,0.0,0
6524,46,1,49132890,1300860839,1300860848,-1,0.0,11.759,0.0,0.0,0.0,11.759,0.0,0.0,0
6524,47,1,39297021,1300860839,1310534144,-1,108.0,0.0,0.0,0.0,0.0,4.0,0.0,0.0,
6524,48,1,39297021,1300860839,1310534161,-1,0.0,0.0,0.0,0.0,0.0,5.0,0.0,0.0,
6524,49,1,39297021,1300860839,1310535855,-1,0.0,0.0,0.0,0.0,0.0,2.0,0.0,0.0,
6524,50,1,39297021,1300860839,1310535883,-1,0.0,0.0,0.0,0.0,0.0,2.0,0.0,0.0,
6120,1,1,40169806,1312037749,1312037816,41883175,39.49,8.0,0.0,0.0,0.0,1.0,0.0,0.0,
6120,2,1,44730875,1312038500,1312038593,43777570,0.0,0.0,0.0,0.0,0.0,1.0,0.0,0.0,
6120,3,1,44730875,1312038500,1312038665,43777570,22.58,0.0,0.0,0.0,0.0,0.062,0.0,0.0,
6120,4,1,44730875,1312038500,1312038711,43777570,11.1132,0.0,0.0,0.0,0.0,1.0,0.0,0.0,
6120,5,1,44730875,1312040009,1312038593,43777570,39.49,8.0,0.0,0.0,0.0,1.0,0.0,0.0,
6120,6,1,44730875,1312040009,1312038665,43777570,22.58,0.496,0.0,0.0,0.0,0.062,0.0,0.0,
6120,7,1,44730875,1312040009,1312038711,43777570,11.1132,8.0,0.0,0.0,0.0,1.0,0.0,0.0,
6120,8,1,44730875,1312038500,1312038593,44252665,0.0,0.0,0.0,0.0,0.0,1.0,0.0,0.0,
6120,9,1,44730875,1312038500,1312038665,44252665,22.58,0.0,0.0,0.0,0.0,0.062,0.0,0.0,
6120,10,1,44730875,1312038500,1312038711,44252665,11.1132,0.0,0.0,0.0,0.0,1.0,0.0,0.0,
6120,11,1,44730875,1312040009,1312038593,44252665,39.49,8.0,0.0,0.0,0.0,1.0,0.0,0.0,
6120,12,1,44730875,1312040009,1312038665,44252665,22.58,0.496,0.0,0.0,0.0,0.062,0.0,0.0,
6120,13,1,44730875,1312040009,1312038711,44252665,11.1132,8.0,0.0,0.0,0.0,1.0,0.0,0.0,
6120,14,1,50173966,1312049510,1312049543,34717919,4.6,8.0,0.0,0.0,0.0,2.0,0.0,0.0,
6120,15,1,50173966,1312049510,1312049565,34717919,1.0,0.44,0.0,0.0,0.0,0.11,0.0,0.0,
6120,16,1,50173966,1312049510,1312049612,34717919,160.38,4.0,0.0,0.0,0.0,1.0,0.0,0.0,
6120,17,1,50173966,1312049510,1312049543,39701296,4.6,8.0,0.0,0.0,0.0,2.0,0.0,0.0,
6120,18,1,50173966,1312049510,1312049565,39701296,1.0,0.44,0.0,0.0,0.0,0.11,0.0,0.0,
6120,19,1,50173966,1312049510,1312049612,39701296,160.38,4.0,0.0,0.0,0.0,1.0,0.0,0.0,
6120,20,1,48413636,1312062665,1312062731,41286454,5.86,4.0,0.0,0.0,0.0,1.0,0.0,0.0,
6120,21,1,48413636,1312062665,1312062768,41286454,22.58,0.28,0.0,0.0,0.0,0.07,0.0,0.0,
6120,22,1,48413636,1312062665,1312062784,41286454,11.1132,4.0,0.0,0.0,0.0,1.0,0.0,0.0,
6120,23,1,48413636,1312062665,1312062731,34500568,5.86,4.0,0.0,0.0,0.0,1.0,0.0,0.0,
6120,24,1,48413636,1312062665,1312062768,34500568,22.58,0.28,0.0,0.0,0.0,0.07,0.0,0.0,
6120,25,1,48413636,1312062665,1312062784,34500568,11.1132,4.0,0.0,0.0,0.0,1.0,0.0,0.0,
6120,26,1,47273863,1312063269,1312063346,35731331,52.00316,8.0,0.0,0.0,0.0,2.0,0.0,0.0,
6120,27,1,47273863,1312063269,1312063363,35731331,18.5538,4.0,0.0,0.0,0.0,1.0,0.0,0.0,
6120,28,1,47273863,1312063269,1312063383,35731331,169.69,4.0,0.0,0.0,0.0,1.0,0.0,0.0,
6120,29,1,47273863,1312063269,1312063346,34428257,52.00316,8.0,0.0,0.0,0.0,2.0,0.0,0.0,
6120,30,1,47273863,1312063269,1312063363,34428257,18.5538,4.0,0.0,0.0,0.0,1.0,0.0,0.0,
6120,31,1,47273863,1312063269,1312063383,34428257,169.69,4.0,0.0,0.0,0.0,1.0,0.0,0.0,
6120,32,1,39297021,1300860839,1310632444,-1,1.9551063829787234,0.0,0.0,0.0,0.0,13.0,0.0,0.0,
6120,33,1,39297021,1300860839,1310759265,-1,3375.7,0.0,0.0,0.0,0.0,2.0,0.0,0.0,
6120,34,1,39297021,1300860839,1310843661,-1,0.46317082533589254,0.0,0.0,0.0,0.0,321.0,0.0,0.0,
6120,35,1,49132890,1300860839,1300860849,-1,0.0,6.319968,0.0,0.0,0.0,6.319968,0.0,0.0,0
6120,36,1,49132890,1300860839,1300860850,-1,36.0315,1.0,0.0,0.0,0.0,1.0,0.0,0.0,0
6120,37,1,49132890,1300860839,1300860851,-1,75.3525,0.22,0.0,0.0,0.0,0.22,0.0,0.0,0
6120,38,1,49132890,1300860839,1300860852,-1,167.62,0.5,0.0,0.0,0.0,0.5,0.0,0.0,0
6120,39,1,49132890,1300860839,1300860853,-1,644.25,46.87516,0.0,0.0,0.0,46.87516,0.0,0.0,0
6120,40,1,49132890,1300860839,1300860854,-1,1073.75,2.0,0.0,0.0,0.0,2.0,0.0,0.0,0
6120,41,1,49132890,1300860839,1300860855,-1,4050.0,2.0,0.0,0.0,0.0,2.0,0.0,0.0,0
6120,42,1,49132890,1300860839,1300860856,-1,0.0,0.8184,0.0,0.0,0.0,0.8184,0.0,0.0,0
6120,43,1,49132890,1300860839,1300860857,-1,0.0,1.6346,0.0,0.0,0.0,1.6346,0.0,0.0,0
6120,44,1,49132890,1300860839,1300860858,-1,6.2628,1.0,0.0,0.0,0.0,1.0,0.0,0.0,0
6120,45,1,49132890,1300860839,1300860859,-1,0.0,0.495,0.0,0.0,0.0,0.495,0.0,0.0,0
6120,46,1,49132890,1300860839,1300860860,-1,9.88,9.35,0.0,0.0,0.0,9.35,0.0,0.0,0
6257,1,1,49132890,1300860839,1300860861,-1,11.19,0.5148,0.0,0.0,0.0,0.5148,0.0,0.0,0
6257,2,1,49132890,1300860839,1300860862,-1,22.58,29.9976,0.0,0.0,0.0,29.9976,0.0,0.0,0
6257,3,1,49132890,1300860839,1300860863,-1,29.16,41.996,0.0,0.0,0.0,41.996,0.0,0.0,0
6257,4,1,49132890,1300860839,1300860864,-1,23.59,3.00174,0.0,0.0,0.0,3.00174,0.0,0.0,0
6257,5,1,49132890,1300860839,1300860865,-1,0.0,3.3,0.0,0.0,0.0,3.3,0.0,0.0,0
6257,6,1,49132890,1300860839,1300860866,-1,0.0,6.0,0.0,0.0,0.0,6.0,0.0,0.0,0
6257,7,1,49132890,1300860839,1300860867,-1,65.8,2.9985,0.0,0.0,0.0,2.9985,0.0,0.0,0
6257,8,1,49132890,1300860839,1300860868,-1,61.1,2.998,0.0,0.0,0.0,2.998,0.0,0.0,0
6257,9,1,49132890,1300860839,1300860869,-1,94.15,60.0,0.0,0.0,0.0,60.0,0.0,0.0,0
6257,10,1,49132890,1300860839,1300860870,-1,0.0,4.0,0.0,0.0,0.0,4.0,0.0,0.0,0
6257,11,1,49132890,1300860839,1300860871,-1,4.88,46.0,0.0,0.0,0.0,46.0,0.0,0.0,0
6257,12,1,49132890,1300860839,1300860872,-1,7.43,71.0,0.0,0.0,0.0,71.0,0.0,0.0,0
6257,13,1,49132890,1300860839,1300860873,-1,0.0,8.0,0.0,0.0,0.0,8.0,0.0,0.0,0
6257,14,1,49132890,1300860839,1300860874,-1,0.0,9.0,0.0,0.0,0.0,9.0,0.0,0.0,0
6257,15,1,49132890,1300860839,1300860875,-1,12.68,16.0,0.0,0.0,0.0,16.0,0.0,0.0,0
6257,16,1,49132890,1300860839,1300860876,-1,0.0,4.0,0.0,0.0,0.0,4.0,0.0,0.0,0
6257,17,1,49132890,1300860839,1300860877,-1,1.0,2.0,0.0,0.0,0.0,2.0,0.0,0.0,0
6257,18,1,49132890,1300860839,1300860878,-1,0.0,4.0,0.0,0.0,0.0,4.0,0.0,0.0,0
6257,19,1,49132890,1300860839,1300860879,-1,5.41,4.0,0.0,0.0,0.0,4.0,0.0,0.0,0
6257,20,1,49132890,1300860839,1300860880,-1,0.0,4.0,0.0,0.0,0.0,4.0,0.0,0.0,0
6257,21,1,49132890,1300860839,1300860881,-1,130.0,4.0,0.0,0.0,0.0,4.0,0.0,0.0,0
6257,22,1,49132890,1300860839,1300860882,-1,31.04,8.0,0.0,0.0,0.0,8.0,0.0,0.0,0
6257,23,1,49132890,1300860839,1300860883,-1,15.62,8.0,0.0,0.0,0.0,8.0,0.0,0.0,0
6257,24,1,49132890,1300860839,1300860884,-1,11.1132,55.0,0.0,0.0,0.0,55.0,0.0,0.0,0
6257,25,1,49132890,1300860839,1300860885,-1,21.5437,61.0,0.0,0.0,0.0,61.0,0.0,0.0,0
6257,26,1,49132890,1300860839,1300860886,-1,20.7466,10.0,0.0,0.0,0.0,10.0,0.0,0.0,0
6257,27,1,49132890,1300860839,1300860887,-1,33.5748,2.0,0.0,0.0,0.0,2.0,0.0,0.0,0
6257,28,1,49132890,1300860839,1300860888,-1,63.48,2.0,0.0,0.0,0.0,2.0,0.0,0.0,0
6257,29,1,49132890,1300860839,1300860889,-1,57.722,2.0,0.0,0.0,0.0,2.0,0.0,0.0,0
6257,30,1,49132890,1300860839,1300860890,-1,1.8,27.0,0.0,0.0,0.0,27.0,0.0,0.0,0
6257,31,1,49132890,1300860839,1300860891,-1,2.13,46.0,0.0,0.0,0.0,46.0,0.0,0.0,0
6257,32,1,49132890,1300860839,1300860892,-1,5.32,12.0,0.0,0.0,0.0,12.0,0.0,0.0,0
6257,33,1,47816762,1311532157,1311532225,-2,7.43,11.0,0.0,0.0,0.0,11.0,0.0,0.0,
6257,34,1,47816762,1311532157,1311532278,-2,154.61,1.0,0.0,0.0,0.0,1.0,0.0,0.0,
6257,35,1,47816762,1311532157,1311532317,-2,30.57,6.0,0.0,0.0,0.0,6.0,0.0,0.0,
6257,36,1,47816762,1311532157,1311532475,-2,12.98,10.0,0.0,0.0,0.0,10.0,0.0,0.0,
6257,37,1,47816762,1311532157,1311532533,-2,20.21,4.0,0.0,0.0,0.0,4.0,0.0,0.0,
6257,38,1,47816762,1311532157,1311532822,-2,23.1,4.0,0.0,0.0,0.0,4.0,0.0,0.0,
6257,39,1,47816762,1311532157,1311532910,-2,118.08,2.0,0.0,0.0,0.0,2.0,0.0,0.0,
6257,40,1,47816762,1311532157,1311532982,-2,3.49,10.0,0.0,0.0,0.0,10.0,0.0,0.0,
6257,41,1,47816762,1311532157,1311533088,-2,11.45,2.0,0.0,0.0,0.0,2.0,0.0,0.0,
6257,42,1,47816762,1311532157,1311533163,-2,1643.500802,1.0,0.0,0.0,0.0,1.0,0.0,0.0,
6257,43,1,47816762,1311532157,1311533209,-2,3033.6,1.0,0.0,0.0,0.0,1.0,0.0,0.0,
6257,44,1,47816762,1311532157,1311533247,-2,195.3,1.0,0.0,0.0,0.0,1.0,0.0,0.0,
6257,45,1,47816762,1311532157,1311533272,-2,211.3,1.0,0.0,0.0,0.0,1.0,0.0,0.0,
6257,46,1,49132890,1300860839,1300860893,-1,692.79,2.0,0.0,0.0,0.0,2.0,0.0,0.0,0
6434,1,1,47816762,1311532157,1311533292,-2,25.765,2.0,0.0,0.0,0.0,2.0,0.0,0.0,
6434,2,1,47816762,1311532157,1311533347,-2,5.051545,12.0,0.0,0.0,0.0,12.0,0.0,0.0,
6434,3,1,47816762,1311532157,1311561592,-2,0.0,2.0,0.0,0.0,0.0,2.0,0.0,0.0,
6434,4,1,47816762,1311532157,1312761786,-2,8.74,2.0,0.0,0.0,0.0,2.0,0.0,0.0,
6434,5,1,47816762,1311532157,1315559309,-2,8.74,1.0,0.0,0.0,0.0,1.0,0.0,0.0,
6434,6,1,43656528,1310539391,1310539433,44713511,0.51,0.21999999999999997,0.0,0.0,0.0,0.06666666666666667,0.0,0.0,
6434,7,1,43656528,1310539391,1310634354,44713511,18.5,2.5300000000000002,0.0,0.0,0.0,0.7666666666666667,0.0,0.0,
6434,8,1,43656528,1310539391,1310634540,44713511,14.5,1.1,0.0,0.0,0.0,0.33333333333333337,0.0,0.0,
6434,9,1,43656528,1310539391,1310743706,44713511,4.88,3.3,0.0,0.0,0.0,1.0,0.0,0.0,
6434,10,1,35133179,1308351747,1308351779,46162283,0.76,10.0,0.0,0.0,0.0,1.0,0.0,0.0,
6434,11,1,35133179,1308351747,1308351791,46162283,0.6,10.0,0.0,0.0,0.0,1.0,0.0,0.0,
6434,12,1,35133179,1308351747,1308351801,46162283,1.91,10.0,0.0,0.0,0.0,1.0,0.0,0.0,
6434,13,1,35662472,1308356621,1308356653,35118242,3.28,10.0,0.0,0.0,0.0,1.0,0.0,0.0,
6434,14,1,39297021,1300860839,1311140425,-1,1.7600000000000002,0.0,0.0,0.0,0.0,10.0,0.0,0.0,
6434,15,1,39297021,1300860839,1311140434,-1,2.12,0.0,0.0,0.0,0.0,6.0,0.0,0.0,
6434,16,1,39297021,1300860839,1311142809,-1,14.85,0.0,0.0,0.0,0.0,30.0,0.0,0.0,
6434,17,1,39297021,1300860839,1311142817,-1,2.7,0.0,0.0,0.0,0.0,10.0,0.0,0.0,
6434,18,1,39297021,1300860839,1311155968,-1,4.548,0.0,0.0,0.0,0.0,5.0,0.0,0.0,
6434,19,1,39297021,1300860839,1311156319,-1,18.7,0.0,0.0,0.0,0.0,510.0,0.0,0.0,
6434,20,1,39297021,1300860839,1311163148,-1,16.94,0.0,0.0,0.0,0.0,8.0,0.0,0.0,
6434,21,1,39297021,1300860839,1311163196,-1,105.0,0.0,0.0,0.0,0.0,4.0,0.0,0.0,
6434,22,1,39297021,1300860839,1311164039,-1,450.38000000000005,0.0,0.0,0.0,0.0,44.0,0.0,0.0,
6434,23,1,39297021,1300860839,1311164046,-1,1129.72,0.0,0.0,0.0,0.0,2.0,0.0,0.0,
6434,24,1,39297021,1300860839,1311451226,-1,15.64,0.0,0.0,0.0,0.0,100.0,0.0,0.0,
6434,25,1,39297021,1300860839,1311451233,-1,15.64,0.0,0.0,0.0,0.0,100.0,0.0,0.0,
6434,26,1,39297021,1300860839,1311451241,-1,2.12,0.0,0.0,0.0,0.0,50.0,0.0,0.0,
6434,27,1,39297021,1300860839,1312156912,-1,11.25,0.0,0.0,0.0,0.0,8.0,0.0,0.0,
6434,28,1,39297021,1300860839,1312156919,-1,0.5,0.0,0.0,0.0,0.0,10.0,0.0,0.0,
6434,29,1,39297021,1300860839,1312551440,-1,0.0,0.0,0.0,0.0,0.0,5.0,0.0,0.0,
6434,30,1,39297021,1300860839,1312551454,-1,0.0,0.0,0.0,0.0,0.0,37.0,0.0,0.0,
6434,31,1,39297021,1300860839,1312551467,-1,0.09,0.0,0.0,0.0,0.0,4.0,0.0,0.0,
6434,32,1,39297021,1300860839,1312761932,-1,17.09,0.0,0.0,0.0,0.0,2.0,0.0,0.0,
6434,33,1,39297021,1300860839,1312845174,-1,165.3,0.0,0.0,0.0,0.0,1.0,0.0,0.0,
6434,34,1,39297021,1300860839,1312845181,-1,112.14,0.0,0.0,0.0,0.0,1.0,0.0,0.0,
6434,35,1,39297021,1300860839,1312933207,-1,180.0,0.0,0.0,0.0,0.0,1.0,0.0,0.0,
6434,36,1,39297021,1300860839,1312933960,-1,346.8,0.0,0.0,0.0,0.0,1.0,0.0,0.0,
6434,37,1,39297021,1300860839,1312933966,-1,270.3,0.0,0.0,0.0,0.0,1.0,0.0,0.0,
6434,38,1,39297021,1300860839,1316041199,-1,5.77997834248,0.0,0.0,0.0,0.0,17.0,0.0,0.0,
6434,39,1,39297021,1300860839,1320961643,-1,12006.22,0.0,0.0,0.0,0.0,1.0,0.0,0.0,
6434,40,1,35662472,1308356621,1308356672,35118242,8.7,10.0,0.0,0.0,0.0,1.0,0.0,0.0,
6434,41,1,35662472,1308356621,1308356693,35118242,69.26,10.0,0.0,0.0,0.0,1.0,0.0,0.0,
6434,42,1,35662472,1308356621,1310744658,35118242,23.93,3.3000000000000003,0.0,0.0,0.0,0.33,0.0,0.0,
6434,43,1,35662472,1308356621,1310763166,35118242,1.13,10.0,0.0,0.0,0.0,1.0,0.0,0.0,
6434,45,1,42782948,1321638418,1321638476,-2,0.325,4.0,0.0,0.0,0.0,4.0,0.0,0.0,
6434,46,1,1300860652,1300860652,1300860655,-2,0.0,2.86,0.0,0.0,0.0,2.86,0.0,0.0,0
6434,47,1,1300860652,1300860652,1300860656,-2,0.0,0.14,0.0,0.0,0.0,0.14,0.0,0.0,0
6434,48,1,1300860652,1300860652,1300860657,-2,0.0,1.1,0.0,0.0,0.0,1.1,0.0,0.0,0
6451,1,1,1300860652,1300860652,1300860658,-2,0.0,1.27,0.0,0.0,0.0,1.27,0.0,0.0,0
6451,2,1,1300860652,1300860652,1300860659,-2,0.0,2.0,0.0,0.0,0.0,2.0,0.0,0.0,0
6451,3,1,1300860652,1300860652,1300860660,-2,0.0,2.0,0.0,0.0,0.0,2.0,0.0,0.0,0
6451,4,1,1300860652,1300860652,1300860661,-2,0.0,2.0,0.0,0.0,0.0,2.0,0.0,0.0,0
6451,5,1,1300860652,1300860652,1300860662,-2,0.0,2.0,0.0,0.0,0.0,2.0,0.0,0.0,0
6451,6,1,1300860652,1300860652,1300860663,-2,45.27,2.2,0.0,0.0,0.0,2.2,0.0,0.0,0
6451,7,1,1300860652,1300860652,1300860664,-2,0.0,1.32,0.0,0.0,0.0,1.32,0.0,0.0,0
6451,8,1,1300860652,1300860652,1300860665,-2,0.0,2.0,0.0,0.0,0.0,2.0,0.0,0.0,0
6451,9,1,1300860652,1300860652,1300860666,-2,0.0,4.0,0.0,0.0,0.0,4.0,0.0,0.0,0
6451,10,1,1300860652,1300860652,1300860668,-2,0.0,2.0,0.0,0.0,0.0,2.0,0.0,0.0,0
6451,11,1,1300860652,1300860652,1300860669,-2,0.0,6.0,0.0,0.0,0.0,6.0,0.0,0.0,0
6451,12,1,1300860652,1300860652,1300860674,-2,0.0,22.0,0.0,0.0,0.0,22.0,0.0,0.0,0
6451,13,1,1300860652,1300860652,1300860680,-2,0.690241,6.0,0.0,0.0,0.0,6.0,0.0,0.0,0
6451,14,1,1300860652,1300860652,1300860684,-2,53.68564752560294,2.0,0.0,0.0,0.0,2.0,0.0,0.0,0
6451,15,1,1300860652,1300860652,1300860685,-2,2.5308948119212817,8.0,0.0,0.0,0.0,8.0,0.0,0.0,0
6451,16,1,1300860652,1300860652,1300860686,-2,3.4921235485701723,0.08,0.0,0.0,0.0,0.08,0.0,0.0,0
6451,17,1,1300860652,1300860652,1300860687,-2,37.804921695648396,0.16,0.0,0.0,0.0,0.16,0.0,0.0,0
6451,18,1,1300860652,1300860652,1300860688,-2,0.8334057663498361,0.08,0.0,0.0,0.0,0.08,0.0,0.0,0
6451,19,1,1300860652,1300860652,1300860689,-2,2.6689436198442604,0.32,0.0,0.0,0.0,0.32,0.0,0.0,0
6451,20,1,1300860652,1300860652,1300860690,-2,0.4397110178287479,0.08,0.0,0.0,0.0,0.08,0.0,0.0,0
6451,21,1,1300860652,1300860652,1300860692,-2,0.0,0.04,0.0,0.0,0.0,0.04,0.0,0.0,0
6451,22,1,1300860652,1300860652,1300860693,-2,0.0,1.0,0.0,0.0,0.0,1.0,0.0,0.0,0
6451,23,1,1300860652,1300860652,1300860695,-2,260.7579,2.0,0.0,0.0,0.0,2.0,0.0,0.0,0
6451,24,1,1300860652,1300860652,1300860696,-2,133.57500396251208,2.0,0.0,0.0,0.0,2.0,0.0,0.0,0
6451,25,1,1300860652,1300860652,1300860697,-2,87.92,2.0,0.0,0.0,0.0,2.0,0.0,0.0,0
6451,26,1,1300860652,1300860652,1300860698,-2,0.0,2.0,0.0,0.0,0.0,2.0,0.0,0.0,0
6451,27,1,1300860652,1300860652,1300860699,-2,0.0,2.0,0.0,0.0,0.0,2.0,0.0,0.0,0
6451,28,1,1300860652,1300860652,1300860700,-2,0.0,6.0,0.0,0.0,0.0,6.0,0.0,0.0,0
6451,29,1,1300860652,1300860652,1300860701,-2,0.0,6.0,0.0,0.0,0.0,6.0,0.0,0.0,0
6451,30,1,1300860652,1300860652,1300860702,-2,0.0,2.0,0.0,0.0,0.0,2.0,0.0,0.0,0
6451,31,1,1300860652,1300860652,1300860703,-2,0.0,2.0,0.0,0.0,0.0,2.0,0.0,0.0,0
6451,32,1,1300860652,1300860652,1300860704,-2,0.0,3.0,0.0,0.0,0.0,3.0,0.0,0.0,0
6451,33,1,1300860652,1300860652,1300860705,-2,0.0,1.0,0.0,0.0,0.0,1.0,0.0,0.0,0
6451,34,1,1300860652,1300860652,1300860706,-2,0.0,1.0,0.0,0.0,0.0,1.0,0.0,0.0,0
6451,35,1,1300860652,1300860652,1300860707,-2,0.0,1.0,0.0,0.0,0.0,1.0,0.0,0.0,0
6451,36,1,1300860652,1300860652,1300860708,-2,0.0,1.0,0.0,0.0,0.0,1.0,0.0,0.0,0
6451,37,1,1300860652,1300860652,1300860709,-2,0.0,0.2,0.0,0.0,0.0,0.2,0.0,0.0,0
6451,38,1,1300860652,1300860652,1300860710,-2,0.0,3.0,0.0,0.0,0.0,3.0,0.0,0.0,0
6451,39,1,1300860652,1300860652,1300860711,-2,0.0,1.0,0.0,0.0,0.0,1.0,0.0,0.0,0
6451,40,1,1300860652,1300860652,1300860712,-2,0.0,9.0,0.0,0.0,0.0,9.0,0.0,0.0,0
6451,41,1,1300860652,1300860652,1300860713,-2,0.0,1.0,0.0,0.0,0.0,1.0,0.0,0.0,0
6451,42,1,1300860652,1300860652,1300860714,-2,0.0,1.0,0.0,0.0,0.0,1.0,0.0,0.0,0
6451,43,1,1300860652,1300860652,1300860715,-2,0.0,1.0,0.0,0.0,0.0,1.0,0.0,0.0,0
6451,44,1,1300860652,1300860652,1300860716,-2,0.0,1.0,0.0,0.0,0.0,1.0,0.0,0.0,0
6451,45,1,49132890,1300860839,1300860894,-1,0.0,3.0,0.0,0.0,0.0,3.0,0.0,0.0,0
6451,46,1,49132890,1300860839,1300860895,-1,215.0515,8.0,0.0,0.0,0.0,8.0,0.0,0.0,0
6451,47,1,1300860652,1300860652,1300860717,-2,0.0,1.0,0.0,0.0,0.0,1.0,0.0,0.0,0
7364,1,1,1300860652,1300860652,1300860718,-2,0.0,1.0,0.0,0.0,0.0,1.0,0.0,0.0,0
7364,2,1,1300860652,1300860652,1300860719,-2,0.0,1.0,0.0,0.0,0.0,1.0,0.0,0.0,0
7364,3,1,1300860652,1300860652,1300860720,-2,0.0,1.0,0.0,0.0,0.0,1.0,0.0,0.0,0
7364,4,1,1300860652,1300860652,1300860721,-2,4.749901576312869,1.0,0.0,0.0,0.0,1.0,0.0,0.0,0
7364,5,1,1300860652,1300860652,1300860722,-2,0.0,1.0,0.0,0.0,0.0,1.0,0.0,0.0,0
7364,6,1,1300860652,1300860652,1300860723,-2,0.0,1.0,0.0,0.0,0.0,1.0,0.0,0.0,0
7364,7,1,1300860652,1300860652,1300860724,-2,0.0,1.0,0.0,0.0,0.0,1.0,0.0,0.0,0
7364,8,1,1300860652,1300860652,1300860725,-2,0.0,1.0,0.0,0.0,0.0,1.0,0.0,0.0,0
7364,9,1,1300860652,1300860652,1300860726,-2,0.0,1.0,0.0,0.0,0.0,1.0,0.0,0.0,0
7364,10,1,1300860652,1300860652,1300860727,-2,0.0,1.0,0.0,0.0,0.0,1.0,0.0,0.0,0
7364,11,1,1300860652,1300860652,1300860728,-2,0.0,0.0,0.0,0.0,0.0,0.0,0.0,0.0,0
7364,12,1,1300860652,1300860652,1300860730,-2,0.0,0.1,0.0,0.0,0.0,0.1,0.0,0.0,0
7364,13,1,1300860652,1300860652,1300860731,-2,0.01,0.5,0.0,0.0,0.0,0.5,0.0,0.0,0
7364,14,1,1300860652,1300860652,1300860732,-2,0.0,0.03,0.0,0.0,0.0,0.03,0.0,0.0,0
7364,15,1,1300860652,1300860652,1300860733,-2,0.0,0.02,0.0,0.0,0.0,0.02,0.0,0.0,0
7364,16,1,1300860652,1300860652,1300860734,-2,0.0,0.2,0.0,0.0,0.0,0.2,0.0,0.0,0
7364,17,1,1300860652,1300860652,1300860735,-2,0.0,0.2,0.0,0.0,0.0,0.2,0.0,0.0,0
7364,18,1,1300860652,1300860652,1300860736,-2,0.0,0.2,0.0,0.0,0.0,0.2,0.0,0.0,0
7364,19,1,1300860652,1300860652,1300860737,-2,0.0,0.04,0.0,0.0,0.0,0.04,0.0,0.0,0
7364,20,1,1300860652,1300860652,1300860738,-2,0.0,0.24,0.0,0.0,0.0,0.24,0.0,0.0,0
7364,21,1,1300860652,1300860652,1300860739,-2,0.0,7.0,0.0,0.0,0.0,7.0,0.0,0.0,0
7364,22,1,1300860652,1300860652,1300860740,-2,0.0,30.0,0.0,0.0,0.0,30.0,0.0,0.0,0
7364,23,1,1300860652,1300860652,1300860741,-2,0.0,86.0,0.0,0.0,0.0,86.0,0.0,0.0,0
7364,24,1,1300860652,1300860652,1300860742,-2,0.0,129.0,0.0,0.0,0.0,129.0,0.0,0.0,0
7364,25,1,1300860652,1300860652,1300860743,-2,0.0,8.2,0.0,0.0,0.0,8.2,0.0,0.0,0
7364,26,1,1300860652,1300860652,1300860744,-2,0.0,10.25,0.0,0.0,0.0,10.25,0.0,0.0,0
7364,27,1,1300860652,1300860652,1300860745,-2,5.96,4.67,0.0,0.0,0.0,4.67,0.0,0.0,0
7364,28,1,1300860652,1300860652,1300860746,-2,0.0,1.0,0.0,0.0,0.0,1.0,0.0,0.0,0
7364,29,1,1300860652,1300860652,1300860747,-2,0.0,1.0,0.0,0.0,0.0,1.0,0.0,0.0,0
7364,30,1,1300860652,1300860652,1300860748,-2,0.0,3.0,0.0,0.0,0.0,3.0,0.0,0.0,0
7364,31,1,1300860652,1300860652,1300860749,-2,0.0,1.0,0.0,0.0,0.0,1.0,0.0,0.0,0
7364,32,1,1300860652,1300860652,1300860750,-2,0.0,1.0,0.0,0.0,0.0,1.0,0.0,0.0,0
7364,33,1,1300860652,1300860652,1300860751,-2,0.0,2.0,0.0,0.0,0.0,2.0,0.0,0.0,0
7364,34,1,1300860652,1300860652,1300860752,-2,0.0,0.64,0.0,0.0,0.0,0.64,0.0,0.0,0
7364,35,1,1300860652,1300860652,1300860753,-2,1.7383923960671428,1.0,0.0,0.0,0.0,1.0,0.0,0.0,0
7364,36,1,1300860652,1300860652,1300860754,-2,2.47,0.4,0.0,0.0,0.0,0.4,0.0,0.0,0
7364,37,1,1300860652,1300860652,1300860755,-2,2.71,0.1,0.0,0.0,0.0,0.1,0.0,0.0,0
7364,38,1,1300860652,1300860652,1300860756,-2,0.0,29.12,0.0,0.0,0.0,29.12,0.0,0.0,0
7364,39,1,1300860652,1300860652,1300860757,-2,0.0,1.0,0.0,0.0,0.0,1.0,0.0,0.0,0
7364,86,1,39753949,1300860756,1300860757,35842324,0.0,0.0,0.0,0.0,0.0,2.2,0.0,0.0,0
7364,87,1,39753949,1300860756,1300860758,35842324,83.98,0.0,0.0,0.0,0.0,2.0,0.0,0.0,0
7364,88,1,39753949,1300860756,1300860759,35842324,167.62,0.0,0.0,0.0,0.0,1.714285714,0.0,0.0,0
7364,89,1,39753949,1300860756,1300860760,35842324,644.25,0.0,0.0,0.0,0.0,0.142857143,0.0,0.0,0
7364,90,1,39753949,1300860756,1300860761,35842324,0.0,0.0,0.0,0.0,0.0,0.11,0.0,0.0,0
7364,91,1,39753949,1300860756,1300860762,35842324,34.794,0.0,0.0,0.0,0.0,3.004545455,0.0,0.0,0
7367,0,1,39753949,1300860756,1300860763,35842324,0.0,0.0,0.0,0.0,0.0,1.0,0.0,0.0,0
7367,1,1,39753949,1300860756,1300860764,35842324,0.0,0.0,0.0,0.0,0.0,1.0,0.0,0.0,0
7367,2,1,39753949,1300860756,1300860765,35842324,0.0,0.0,0.0,0.0,0.0,1.0,0.0,0.0,0
7367,3,1,39753949,1300860756,1300860766,35842324,0.0,0.0,0.0,0.0,0.0,1.0,0.0,0.0,0
7367,4,1,39753949,1300860756,1300860767,35842324,106.78,0.0,0.0,0.0,0.0,1.0,0.0,0.0,0
7367,5,1,39753949,1300860756,1300860768,35842324,50.17,0.0,0.0,0.0,0.0,0.66,0.0,0.0,0
7367,6,1,39753949,1300860756,1300860769,35842324,555.0,0.0,0.0,0.0,0.0,0.0,0.0,0.0,0
7367,7,1,39753949,1300860756,1300860770,35842324,108.8,0.0,0.0,0.0,0.0,5.0,0.0,0.0,0
7367,8,1,39753949,1300860756,1300860771,35842324,25.8117,0.0,0.0,0.0,0.0,0.0,0.0,0.0,0
7367,9,1,39753949,1300860756,1300860772,35842324,1630.0,0.0,0.0,0.0,0.0,1.0,0.0,0.0,0
7367,10,1,39753949,1300860756,1300860776,35842324,36.2015,0.0,0.0,0.0,0.0,1.0,0.0,0.0,0
7367,11,1,39753949,1300860756,1300860777,35842324,8.0,0.0,0.0,0.0,0.0,7.0,0.0,0.0,0
7367,12,1,39753949,1300860756,1300860778,35842324,5.15,0.0,0.0,0.0,0.0,12.0,0.0,0.0,0
7367,13,1,39753949,1300860756,1300860779,35842324,2.336,0.0,0.0,0.0,0.0,0.0,0.0,0.0,0
7367,14,1,39753949,1300860756,1300860781,35842324,3.91,0.0,0.0,0.0,0.0,11.0,0.0,0.0,0
7367,15,1,39753949,1300860756,1300860782,35842324,3.91,0.0,0.0,0.0,0.0,9.0,0.0,0.0,0
7367,16,1,39753949,1300860756,1300860783,35842324,0.0,0.0,0.0,0.0,0.0,2.0,0.0,0.0,0
7367,17,1,39753949,1300860756,1300860785,35842324,0.0,0.0,0.0,0.0,0.0,3.0,0.0,0.0,0
7367,18,1,39753949,1300860756,1300860786,35842324,2.64,0.0,0.0,0.0,0.0,12.0,0.0,0.0,0
7367,19,1,39753949,1300860756,1300860787,35842324,3.6,0.0,0.0,0.0,0.0,2.0,0.0,0.0,0
7367,20,1,39753949,1300860756,1300860788,35842324,5.44,0.0,0.0,0.0,0.0,2.0,0.0,0.0,0
7367,21,1,39753949,1300860756,1300860792,35842324,1.35,0.0,0.0,0.0,0.0,4.0,0.0,0.0,0
7367,22,1,39753949,1300860756,1300860793,35842324,1.94,0.0,0.0,0.0,0.0,1.0,0.0,0.0,0
7367,23,1,39753949,1300860756,1300860822,35842324,142.868,0.0,0.0,0.0,0.0,1.0,0.0,0.0,0
7367,24,1,39753949,1300860756,1300860828,35842324,9.29,0.0,0.0,0.0,0.0,1.0,0.0,0.0,0
7367,25,1,39753949,1300860756,1300860855,35842324,0.0,0.0,0.0,0.0,0.0,2.0,0.0,0.0,0
7367,26,1,39753949,1300860756,1300860856,35842324,676.05,0.0,0.0,0.0,0.0,0.698823529,0.0,0.0,0
7367,27,1,39753949,1300860756,1300860857,35842324,3.4,0.0,0.0,0.0,0.0,1.0,0.0,0.0,0
7367,28,1,39753949,1300860756,1300860858,35842324,4.83,0.0,0.0,0.0,0.0,0.2,0.0,0.0,0
7367,29,1,39753949,1300860756,1300860859,35842324,6.36,0.0,0.0,0.0,0.0,0.05,0.0,0.0,0
7367,30,1,39753949,1300860756,1300860860,35842324,4.9,0.0,0.0,0.0,0.0,0.030282353,0.0,0.0,0
7367,31,1,39753949,1300860756,1300860861,35842324,99.66,0.0,0.0,0.0,0.0,1.0,0.0,0.0,0
7367,32,1,39753949,1300860756,1300860862,35842324,0.0,0.0,0.0,0.0,0.0,0.0,0.0,0.0,0
7367,33,1,39753949,1300860756,1307631835,35842324,360.91,4.0,0.0,0.0,0.0,2.0,0.0,0.0,
7367,34,1,39753949,1300860756,1307635956,35842324,3.5699999999999994,7.0,0.0,0.0,0.0,7.0,0.0,0.0,
7367,35,1,39753949,1300860756,1307635973,35842324,9.29,9.0,0.0,0.0,0.0,9.0,0.0,0.0,
7367,36,1,39753949,1300860756,1307635985,35842324,0.0,6.0,0.0,0.0,0.0,5.0,0.0,0.0,
7367,37,1,39753949,1300860756,1307739682,35842324,8.0,20.0,0.0,0.0,0.0,20.0,0.0,0.0,
7367,38,1,39753949,1300860756,1311156208,35842324,18.7,80.0,0.0,0.0,0.0,80.0,0.0,0.0,
7367,39,1,39753949,1300860756,1311234214,35842324,0.4,180.0,0.0,0.0,0.0,180.0,0.0,0.0,
7367,40,1,39753949,1300860756,1312143813,35842324,1.84,112.0,0.0,0.0,0.0,112.0,0.0,0.0,
7367,41,1,39753949,1300860756,1312143826,35842324,4.16,4.0,0.0,0.0,0.0,4.0,0.0,0.0,
7367,42,1,39753949,1300860756,1312143846,35842324,0.0,4.0,0.0,0.0,0.0,4.0,0.0,0.0,
7367,43,1,39753949,1300860756,1312143860,35842324,6.3612,200.0,0.0,0.0,0.0,200.0,0.0,0.0,
7367,44,1,39753949,1300860756,1312143876,35842324,0.0,11.0,0.0,0.0,0.0,11.0,0.0,0.0,
7367,45,1,39753949,1300860756,1312143906,35842324,62.6708,10.0,0.0,0.0,0.0,10.0,0.0,0.0,
7367,46,1,39753949,1300860756,1300860757,-1,0.0,2.2,0.0,0.0,0.0,2.2,0.0,0.0,0
7367,47,1,39753949,1300860756,1300860758,-1,83.98,2.0,0.0,0.0,0.0,2.0,0.0,0.0,0
7370,0,1,39753949,1300860756,1300860759,-1,167.62,1.714285714,0.0,0.0,0.0,1.714285714,0.0,0.0,0
7370,1,1,39753949,1300860756,1300860760,-1,644.25,0.142857143,0.0,0.0,0.0,0.142857143,0.0,0.0,0
7370,2,1,39753949,1300860756,1300860761,-1,0.0,0.11,0.0,0.0,0.0,0.11,0.0,0.0,0
7370,3,1,39753949,1300860756,1300860762,-1,34.794,3.004545455,0.0,0.0,0.0,3.004545455,0.0,0.0,0
7370,4,1,39753949,1300860756,1300860763,-1,0.0,1.0,0.0,0.0,0.0,1.0,0.0,0.0,0
7370,5,1,39753949,1300860756,1300860764,-1,0.0,1.0,0.0,0.0,0.0,1.0,0.0,0.0,0
7370,6,1,39753949,1300860756,1300860765,-1,0.0,1.0,0.0,0.0,0.0,1.0,0.0,0.0,0
7370,7,1,39753949,1300860756,1300860766,-1,0.0,1.0,0.0,0.0,0.0,1.0,0.0,0.0,0
7370,8,1,39753949,1300860756,1300860767,-1,106.78,1.0,0.0,0.0,0.0,1.0,0.0,0.0,0
7370,9,1,39753949,1300860756,1300860768,-1,50.17,0.66,0.0,0.0,0.0,0.66,0.0,0.0,0
7370,10,1,39753949,1300860756,1300860769,-1,555.0,0.0,0.0,0.0,0.0,0.0,0.0,0.0,0
7370,11,1,39753949,1300860756,1300860770,-1,108.8,5.0,0.0,0.0,0.0,5.0,0.0,0.0,0
7370,12,1,39753949,1300860756,1300860771,-1,25.8117,0.0,0.0,0.0,0.0,0.0,0.0,0.0,0
7370,13,1,39753949,1300860756,1300860772,-1,1630.0,1.0,0.0,0.0,0.0,1.0,0.0,0.0,0
7370,14,1,39753949,1300860756,1300860776,-1,36.2015,1.0,0.0,0.0,0.0,1.0,0.0,0.0,0
7370,15,1,39753949,1300860756,1300860777,-1,8.0,7.0,0.0,0.0,0.0,7.0,0.0,0.0,0
7370,16,1,39753949,1300860756,1300860778,-1,5.15,12.0,0.0,0.0,0.0,12.0,0.0,0.0,0
7370,17,1,39753949,1300860756,1300860779,-1,2.336,0.0,0.0,0.0,0.0,0.0,0.0,0.0,0
7370,18,1,39753949,1300860756,1300860781,-1,3.91,11.0,0.0,0.0,0.0,11.0,0.0,0.0,0
7370,19,1,39753949,1300860756,1300860782,-1,3.91,9.0,0.0,0.0,0.0,9.0,0.0,0.0,0
7370,20,1,39753949,1300860756,1300860783,-1,0.0,2.0,0.0,0.0,0.0,2.0,0.0,0.0,0
7370,21,1,39753949,1300860756,1300860785,-1,0.0,3.0,0.0,0.0,0.0,3.0,0.0,0.0,0
7370,22,1,39753949,1300860756,1300860786,-1,2.64,12.0,0.0,0.0,0.0,12.0,0.0,0.0,0
7370,23,1,39753949,1300860756,1300860787,-1,3.6,2.0,0.0,0.0,0.0,2.0,0.0,0.0,0
7370,24,1,39753949,1300860756,1300860788,-1,5.44,2.0,0.0,0.0,0.0,2.0,0.0,0.0,0
7370,25,1,39753949,1300860756,1300860792,-1,1.35,4.0,0.0,0.0,0.0,4.0,0.0,0.0,0
7370,26,1,39753949,1300860756,1300860793,-1,1.94,1.0,0.0,0.0,0.0,1.0,0.0,0.0,0
7370,27,1,39753949,1300860756,1300860822,-1,142.868,1.0,0.0,0.0,0.0,1.0,0.0,0.0,0
7370,28,1,39753949,1300860756,1300860828,-1,9.29,1.0,0.0,0.0,0.0,1.0,0.0,0.0,0
7370,29,1,39753949,1300860756,1300860855,-1,0.0,2.0,0.0,0.0,0.0,2.0,0.0,0.0,0
7370,30,1,39753949,1300860756,1300860856,-1,676.05,0.698823529,0.0,0.0,0.0,0.698823529,0.0,0.0,0
7370,31,1,39753949,1300860756,1300860857,-1,3.4,1.0,0.0,0.0,0.0,1.0,0.0,0.0,0
7370,32,1,39753949,1300860756,1300860858,-1,4.83,0.2,0.0,0.0,0.0,0.2,0.0,0.0,0
7370,33,1,39753949,1300860756,1300860859,-1,6.36,0.05,0.0,0.0,0.0,0.05,0.0,0.0,0
7370,34,1,39753949,1300860756,1300860860,-1,4.9,0.030282353,0.0,0.0,0.0,0.030282353,0.0,0.0,0
7370,35,1,39753949,1300860756,1300860861,-1,99.66,1.0,0.0,0.0,0.0,1.0,0.0,0.0,0
7370,36,1,39753949,1300860756,1300860862,-1,0.0,0.0,0.0,0.0,0.0,0.0,0.0,0.0,0
7370,37,1,39753949,1300860756,1307631835,-1,393.72,0.0,0.0,0.0,0.0,2.0,0.0,0.0,
7370,38,1,39753949,1300860756,1307635956,-1,3.5699999999999994,0.0,0.0,0.0,0.0,7.0,0.0,0.0,
7370,39,1,39753949,1300860756,1307635973,-1,9.29,0.0,0.0,0.0,0.0,9.0,0.0,0.0,
7370,40,1,39753949,1300860756,1307635985,-1,0.0,0.0,0.0,0.0,0.0,5.0,0.0,0.0,
7370,41,1,39753949,1300860756,1307739682,-1,8.0,0.0,0.0,0.0,0.0,20.0,0.0,0.0,
7370,42,1,39753949,1300860756,1311156208,-1,18.7,0.0,0.0,0.0,0.0,80.0,0.0,0.0,
7370,43,1,39753949,1300860756,1311234214,-1,0.4,0.0,0.0,0.0,0.0,180.0,0.0,0.0,
7370,44,1,39753949,1300860756,1312143813,-1,1.84,0.0,0.0,0.0,0.0,112.0,0.0,0.0,
7370,45,1,39753949,1300860756,1312143826,-1,4.16,0.0,0.0,0.0,0.0,4.0,0.0,0.0,
7370,46,1,39753949,1300860756,1312143846,-1,0.0,0.0,0.0,0.0,0.0,4.0,0.0,0.0,
7370,47,1,39753949,1300860756,1312143860,-1,6.3612,0.0,0.0,0.0,0.0,200.0,0.0,0.0,
7371,0,1,39753949,1300860756,1312143876,-1,0.0,0.0,0.0,0.0,0.0,11.0,0.0,0.0,
7371,1,1,39753949,1300860756,1312143906,-1,62.6708,0.0,0.0,0.0,0.0,10.0,0.0,0.0,
7371,2,1,1300860652,1300860652,1300860758,-2,0.0,1.0,0.0,0.0,0.0,1.0,0.0,0.0,0
7371,3,1,1300860652,1300860652,1300860759,-2,0.0,1.0,0.0,0.0,0.0,1.0,0.0,0.0,0
7371,4,1,1300860652,1300860652,1300860760,-2,0.0,1.0,0.0,0.0,0.0,1.0,0.0,0.0,0
7371,5,1,1300860652,1300860652,1300860761,-2,0.0,2.0,0.0,0.0,0.0,2.0,0.0,0.0,0
7371,6,1,1300860652,1300860652,1300860762,-2,0.0,11.0,0.0,0.0,0.0,11.0,0.0,0.0,0
7371,7,1,1300860652,1300860652,1300860763,-2,0.0,40.0,0.0,0.0,0.0,40.0,0.0,0.0,0
7371,8,1,1300860652,1300860652,1300860764,-2,0.0,8.0,0.0,0.0,0.0,8.0,0.0,0.0,0
7371,9,1,1300860652,1300860652,1300860765,-2,0.0,6.0,0.0,0.0,0.0,6.0,0.0,0.0,0
7371,10,1,1300860652,1300860652,1300860766,-2,0.0,3.0,0.0,0.0,0.0,3.0,0.0,0.0,0
7371,11,1,1300860652,1300860652,1300860767,-2,0.0,3.0,0.0,0.0,0.0,3.0,0.0,0.0,0
7371,12,1,1300860652,1300860652,1300860768,-2,0.0,0.0,0.0,0.0,0.0,0.0,0.0,0.0,0
7371,13,1,1300860652,1300860652,1300860769,-2,0.0,0.0,0.0,0.0,0.0,0.0,0.0,0.0,0
7371,14,1,1300860652,1300860652,1300860770,-2,0.0,11.0,0.0,0.0,0.0,11.0,0.0,0.0,0
7371,15,1,1300860652,1300860652,1300860771,-2,0.0,3.0,0.0,0.0,0.0,3.0,0.0,0.0,0
7371,16,1,1300860652,1300860652,1300860772,-2,0.0,3.0,0.0,0.0,0.0,3.0,0.0,0.0,0
7371,17,1,1300860652,1300860652,1300860773,-2,0.0,3.0,0.0,0.0,0.0,3.0,0.0,0.0,0
7371,18,1,1300860652,1300860652,1300860774,-2,0.0,2.0,0.0,0.0,0.0,2.0,0.0,0.0,0
7371,19,1,1300860652,1300860652,1300860775,-2,0.0,16.0,0.0,0.0,0.0,16.0,0.0,0.0,0
7371,20,1,1300860652,1300860652,1300860776,-2,0.0,0.0,0.0,0.0,0.0,0.0,0.0,0.0,0
7371,21,1,1300860652,1300860652,1300860777,-2,0.0,35.0,0.0,0.0,0.0,35.0,0.0,0.0,0
7371,22,1,1300860652,1300860652,1300860778,-2,0.0,8.0,0.0,0.0,0.0,8.0,0.0,0.0,0
7371,23,1,1300860652,1300860652,1300860779,-2,0.0,3.0,0.0,0.0,0.0,3.0,0.0,0.0,0
7371,24,1,1300860652,1300860652,1300860780,-2,0.0,5.0,0.0,0.0,0.0,5.0,0.0,0.0,0
7371,25,1,1300860652,1300860652,1300860781,-2,0.0,2.0,0.0,0.0,0.0,2.0,0.0,0.0,0
7371,26,1,1300860652,1300860652,1300860782,-2,0.0,0.0,0.0,0.0,0.0,0.0,0.0,0.0,0
7371,27,1,1300860652,1300860652,1300860783,-2,0.0,4.0,0.0,0.0,0.0,4.0,0.0,0.0,0
7371,28,1,1300860652,1300860652,1300860784,-2,0.0,2.0,0.0,0.0,0.0,2.0,0.0,0.0,0
7371,29,1,1300860652,1300860652,1300860785,-2,0.0,1.0,0.0,0.0,0.0,1.0,0.0,0.0,0
7371,30,1,1300860652,1300860652,1300860786,-2,0.0,1.0,0.0,0.0,0.0,1.0,0.0,0.0,0
7371,31,1,1300860652,1300860652,1300860787,-2,0.0,1.0,0.0,0.0,0.0,1.0,0.0,0.0,0
7371,32,1,1300860652,1300860652,1300860788,-2,0.0,1.0,0.0,0.0,0.0,1.0,0.0,0.0,0
7371,33,1,1300860652,1300860652,1300860789,-2,0.0,1.0,0.0,0.0,0.0,1.0,0.0,0.0,0
7371,34,1,1300860652,1300860652,1300860790,-2,0.0,1.0,0.0,0.0,0.0,1.0,0.0,0.0,0
7371,35,1,1300860652,1300860652,1300860791,-2,0.0,1.0,0.0,0.0,0.0,1.0,0.0,0.0,0
7371,36,1,1300860652,1300860652,1300860792,-2,0.0,1.0,0.0,0.0,0.0,1.0,0.0,0.0,0
7371,37,1,1300860652,1300860652,1300860795,-2,0.0,10.0,0.0,0.0,0.0,10.0,0.0,0.0,0
7371,38,1,1300860652,1300860652,1300860796,-2,0.0,1.0,0.0,0.0,0.0,1.0,0.0,0.0,0
7371,39,1,1300860652,1300860652,1300860797,-2,0.0,2.0,0.0,0.0,0.0,2.0,0.0,0.0,0
7371,40,1,1300860652,1300860652,1300860798,-2,0.0,3.0,0.0,0.0,0.0,3.0,0.0,0.0,0
7371,41,1,1300860652,1300860652,1300860799,-2,0.0,3.0,0.0,0.0,0.0,3.0,0.0,0.0,0
7371,42,1,1300860652,1300860652,1300860800,-2,0.0,2.0,0.0,0.0,0.0,2.0,0.0,0.0,0
7371,43,1,1300860652,1300860652,1300860801,-2,0.0,10.0,0.0,0.0,0.0,10.0,0.0,0.0,0
7371,44,1,1300860652,1300860652,1300860802,-2,30.57,9.0,0.0,0.0,0.0,9.0,0.0,0.0,0
7371,45,1,1300860652,1300860652,1300860803,-2,0.0,4.0,0.0,0.0,0.0,4.0,0.0,0.0,0
7371,46,1,1300860652,1300860652,1300860804,-2,0.0,10.0,0.0,0.0,0.0,10.0,0.0,0.0,0
7371,47,1,1300860652,1300860652,1300860805,-2,0.0,6.0,0.0,0.0,0.0,6.0,0.0,0.0,0
7371,48,1,1300860652,1300860652,1300860806,-2,0.0,3.0,0.0,0.0,0.0,3.0,0.0,0.0,0
7371,49,1,1300860652,1300860652,1300860807,-2,0.0,3.0,0.0,0.0,0.0,3.0,0.0,0.0,0
7739,1,1,1300860652,1300860652,1300860808,-2,0.0,3.0,0.0,0.0,0.0,3.0,0.0,0.0,0
7739,2,1,1300860652,1300860652,1300860809,-2,0.0,4.0,0.0,0.0,0.0,4.0,0.0,0.0,0
7739,3,1,1300860652,1300860652,1300860810,-2,7.43,10.0,0.0,0.0,0.0,10.0,0.0,0.0,0
7739,4,1,1300860652,1300860652,1300860811,-2,0.0,2.0,0.0,0.0,0.0,2.0,0.0,0.0,0
7739,5,1,1300860652,1300860652,1300860812,-2,0.0,1.0,0.0,0.0,0.0,1.0,0.0,0.0,0
7739,6,1,1300860652,1300860652,1300860813,-2,0.0,1.0,0.0,0.0,0.0,1.0,0.0,0.0,0
7739,7,1,1300860756,1300860756,1300860757,-2,0.0,2.2,0.0,0.0,0.0,2.2,0.0,0.0,0
7739,8,1,1300860756,1300860756,1300860758,-2,0.0,2.0,0.0,0.0,0.0,2.0,0.0,0.0,0
7739,9,1,1300860756,1300860756,1300860759,-2,0.0,1.714285714,0.0,0.0,0.0,1.714285714,0.0,0.0,0
7739,10,1,1300860756,1300860756,1300860760,-2,0.0,0.142857143,0.0,0.0,0.0,0.142857143,0.0,0.0,0
7739,12,1,49132890,1300860839,1300860896,-1,0.0,2.0,0.0,0.0,0.0,2.0,0.0,0.0,0
7739,13,1,49132890,1300860839,1300860897,-1,857.9565,2.0,0.0,0.0,0.0,2.0,0.0,0.0,0
7739,14,1,49132890,1300860839,1300860898,-1,20.4725,2.0,0.0,0.0,0.0,2.0,0.0,0.0,0
7739,15,1,49132890,1300860839,1300860899,-1,20.4725,2.0,0.0,0.0,0.0,2.0,0.0,0.0,0
7739,16,1,49132890,1300860839,1300860900,-1,355.203,5.0,0.0,0.0,0.0,5.0,0.0,0.0,0
7739,17,1,49132890,1300860839,1300860901,-1,1051.8885,2.0,0.0,0.0,0.0,2.0,0.0,0.0,0
7739,18,1,49132890,1300860839,1300860902,-1,0.0,1.0,0.0,0.0,0.0,1.0,0.0,0.0,0
7739,19,1,49132890,1300860839,1300860903,-1,402.819,2.0,0.0,0.0,0.0,2.0,0.0,0.0,0
7739,20,1,49132890,1300860839,1300860910,-1,5.81,2.0,0.0,0.0,0.0,2.0,0.0,0.0,0
7739,21,1,49132890,1300860839,1300860911,-1,5.44,4.0,0.0,0.0,0.0,4.0,0.0,0.0,0
7739,22,1,49132890,1300860839,1300860912,-1,8.16,2.0,0.0,0.0,0.0,2.0,0.0,0.0,0
7739,23,1,49132890,1300860839,1300860916,-1,17.83,2.0,0.0,0.0,0.0,2.0,0.0,0.0,0
7739,24,1,49132890,1300860839,1300860917,-1,5.15,4.0,0.0,0.0,0.0,4.0,0.0,0.0,0
7739,25,1,49132890,1300860839,1300860929,-1,0.0,8.0,0.0,0.0,0.0,8.0,0.0,0.0,0
7739,26,1,49132890,1300860839,1300860930,-1,0.0,16.0,0.0,0.0,0.0,16.0,0.0,0.0,0
7739,27,1,49132890,1300860839,1300860931,-1,8.86,14.0,0.0,0.0,0.0,14.0,0.0,0.0,0
7739,28,1,49132890,1300860839,1300860932,-1,0.0,48.0,0.0,0.0,0.0,48.0,0.0,0.0,0
7739,29,1,49132890,1300860839,1300860933,-1,0.0,28.0,0.0,0.0,0.0,28.0,0.0,0.0,0
7739,30,1,49132890,1300860839,1300860934,-1,0.0,152.0,0.0,0.0,0.0,152.0,0.0,0.0,0
7739,31,1,49132890,1300860839,1300860935,-1,25.97,4.0,0.0,0.0,0.0,4.0,0.0,0.0,0
7739,32,1,49132890,1300860839,1300860936,-1,0.0,11.0,0.0,0.0,0.0,11.0,0.0,0.0,0
7739,33,1,49132890,1300860839,1300860938,-1,0.0,8.0,0.0,0.0,0.0,8.0,0.0,0.0,0
7739,34,1,49132890,1300860839,1300860939,-1,0.0,112.0,0.0,0.0,0.0,112.0,0.0,0.0,0
7739,35,1,49132890,1300860839,1300860940,-1,0.0,48.0,0.0,0.0,0.0,48.0,0.0,0.0,0
7739,36,1,49132890,1300860839,1300860941,-1,0.0,32.0,0.0,0.0,0.0,32.0,0.0,0.0,0
7739,37,1,49132890,1300860839,1300860944,-1,5.18,30.0,0.0,0.0,0.0,30.0,0.0,0.0,0
7739,38,1,49132890,1300860839,1300860945,-1,1.63,71.0,0.0,0.0,0.0,71.0,0.0,0.0,0
7739,39,1,49132890,1300860839,1300860946,-1,0.0,2.0,0.0,0.0,0.0,2.0,0.0,0.0,0
7739,40,1,49132890,1300860839,1300860947,-1,0.0,22.0,0.0,0.0,0.0,22.0,0.0,0.0,0
7739,41,1,49132890,1300860839,1300860948,-1,5.28,219.0,0.0,0.0,0.0,219.0,0.0,0.0,0
7739,42,1,49132890,1300860839,1300860949,-1,11.95,223.0,0.0,0.0,0.0,223.0,0.0,0.0,0
7739,43,1,49132890,1300860839,1300860950,-1,73.94,5.0,0.0,0.0,0.0,5.0,0.0,0.0,0
7739,44,1,49132890,1300860839,1300860951,-1,0.54,12.0,0.0,0.0,0.0,12.0,0.0,0.0,0
7739,45,1,49132890,1300860839,1300860952,-1,0.86,69.0,0.0,0.0,0.0,69.0,0.0,0.0,0
7739,46,1,49132890,1300860839,1300860953,-1,0.0,20.0,0.0,0.0,0.0,20.0,0.0,0.0,0
7739,47,1,49132890,1300860839,1300860954,-1,2.92,171.0,0.0,0.0,0.0,171.0,0.0,0.0,0
7739,48,1,49132890,1300860839,1300860955,-1,5.13,228.0,0.0,0.0,0.0,228.0,0.0,0.0,0
8777,1,1,1300860756,1300860756,1300860761,-2,0.0,0.11,0.0,0.0,0.0,0.11,0.0,0.0,0
8777,2,1,1300860756,1300860756,1300860762,-2,15.68,3.004545455,0.0,0.0,0.0,3.004545455,0.0,0.0,0
8777,3,1,1300860756,1300860756,1300860763,-2,0.0,1.0,0.0,0.0,0.0,1.0,0.0,0.0,0
8777,4,1,1300860756,1300860756,1300860764,-2,0.0,1.0,0.0,0.0,0.0,1.0,0.0,0.0,0
8777,5,1,1300860756,1300860756,1300860765,-2,0.0,1.0,0.0,0.0,0.0,1.0,0.0,0.0,0
8777,6,1,49132890,1300860839,1300860956,-1,1.09,64.0,0.0,0.0,0.0,64.0,0.0,0.0,0
8777,7,1,49132890,1300860839,1300860957,-1,2.67,124.0,0.0,0.0,0.0,124.0,0.0,0.0,0
8777,8,1,49132890,1300860839,1300860958,-1,5.22,208.0,0.0,0.0,0.0,208.0,0.0,0.0,0
8777,9,1,49132890,1300860839,1300860959,-1,1612.88,3.75,0.0,0.0,0.0,3.75,0.0,0.0,0
8777,10,1,49132890,1300860839,1300860960,-1,187.44,0.5575,0.0,0.0,0.0,0.5575,0.0,0.0,0
8777,11,1,49132890,1300860839,1300860961,-1,0.0,13.0,0.0,0.0,0.0,13.0,0.0,0.0,0
8777,12,1,49132890,1300860839,1300860962,-1,0.0,17.0,0.0,0.0,0.0,17.0,0.0,0.0,0
8777,13,1,49132890,1300860839,1300860963,-1,0.0,11.0,0.0,0.0,0.0,11.0,0.0,0.0,0
8777,14,1,49132890,1300860839,1300860964,-1,0.0,1.0,0.0,0.0,0.0,1.0,0.0,0.0,0
8777,15,1,49132890,1300860839,1300860965,-1,10.22,10.0,0.0,0.0,0.0,10.0,0.0,0.0,0
8777,16,1,49132890,1300860839,1300860966,-1,1.35,4.0,0.0,0.0,0.0,4.0,0.0,0.0,0
8777,17,1,49132890,1300860839,1300860967,-1,0.0,1.0,0.0,0.0,0.0,1.0,0.0,0.0,0
8777,18,1,49132890,1300860839,1300860968,-1,0.0,6.0,0.0,0.0,0.0,6.0,0.0,0.0,0
8777,19,1,49132890,1300860839,1300860969,-1,0.0,4.0,0.0,0.0,0.0,4.0,0.0,0.0,0
8777,20,1,49132890,1300860839,1300860970,-1,0.0,4.0,0.0,0.0,0.0,4.0,0.0,0.0,0
8777,21,1,49132890,1300860839,1300860971,-1,0.0,0.0,0.0,0.0,0.0,0.0,0.0,0.0,0
8777,22,1,49132890,1300860839,1300860972,-1,53787.25,2.0,0.0,0.0,0.0,2.0,0.0,0.0,0
8777,23,1,49132890,1300860839,1300860973,-1,4850.0,2.0,0.0,0.0,0.0,2.0,0.0,0.0,0
8777,24,1,49132890,1300860839,1300860974,-1,6205.75,1.0,0.0,0.0,0.0,1.0,0.0,0.0,0
8777,25,1,49132890,1300860839,1300860975,-1,6850.95,1.0,0.0,0.0,0.0,1.0,0.0,0.0,0
8777,26,1,49132890,1300860839,1300860976,-1,510.0,4.0,0.0,0.0,0.0,4.0,0.0,0.0,0
8777,27,1,49132890,1300860839,1300860977,-1,1001.9065,2.0,0.0,0.0,0.0,2.0,0.0,0.0,0
8777,28,1,49132890,1300860839,1300860978,-1,312.62,2.0,0.0,0.0,0.0,2.0,0.0,0.0,0
8777,29,1,49132890,1300860839,1300860980,-1,169.49,14.0,0.0,0.0,0.0,14.0,0.0,0.0,0
8777,30,1,49132890,1300860839,1300860981,-1,131.325,2.0,0.0,0.0,0.0,2.0,0.0,0.0,0
8777,31,1,49132890,1300860839,1300860982,-1,374.85,2.0,0.0,0.0,0.0,2.0,0.0,0.0,0
8777,32,1,49132890,1300860839,1300860983,-1,328.1,2.0,0.0,0.0,0.0,2.0,0.0,0.0,0
8777,33,1,49132890,1300860839,1300860984,-1,620.0,2.0,0.0,0.0,0.0,2.0,0.0,0.0,0
8777,34,1,49132890,1300860839,1300860985,-1,306.0,1.0,0.0,0.0,0.0,1.0,0.0,0.0,0
8777,35,1,49132890,1300860839,1300860986,-1,340.0,4.0,0.0,0.0,0.0,4.0,0.0,0.0,0
8777,36,1,49132890,1300860839,1300860987,-1,0.0,1.0,0.0,0.0,0.0,1.0,0.0,0.0,0
8777,37,1,49132890,1300860839,1300860988,-1,0.0,2.0,0.0,0.0,0.0,2.0,0.0,0.0,0
8777,38,1,49132890,1300860839,1300860989,-1,0.0,2.0,0.0,0.0,0.0,2.0,0.0,0.0,0
8777,39,1,49132890,1300860839,1300860990,-1,180.0,4.0,0.0,0.0,0.0,4.0,0.0,0.0,0
8777,40,1,49132890,1300860839,1300860991,-1,238.5,1.0,0.0,0.0,0.0,1.0,0.0,0.0,0
8777,41,1,49132890,1300860839,1300860992,-1,21.917,3.0,0.0,0.0,0.0,3.0,0.0,0.0,0
8777,42,1,49132890,1300860839,1300860993,-1,3.4748,3.0,0.0,0.0,0.0,3.0,0.0,0.0,0
8777,43,1,49132890,1300860839,1300860994,-1,7.854,13.0,0.0,0.0,0.0,13.0,0.0,0.0,0
8777,44,1,49132890,1300860839,1300860995,-1,6.832,13.0,0.0,0.0,0.0,13.0,0.0,0.0,0
8777,45,1,49132890,1300860839,1300860996,-1,0.0,1.0,0.0,0.0,0.0,1.0,0.0,0.0,0
8777,46,1,1300860756,1300860756,1300860766,-2,0.0,1.0,0.0,0.0,0.0,1.0,0.0,0.0,0
8777,47,1,1300860756,1300860756,1300860767,-2,45.27,1.0,0.0,0.0,0.0,1.0,0.0,0.0,0
8790,1,1,1300860756,1300860756,1300860768,-2,0.0,0.66,0.0,0.0,0.0,0.66,0.0,0.0,0
8790,2,1,1300860756,1300860756,1300860769,-2,0.0,0.0,0.0,0.0,0.0,0.0,0.0,0.0,0
8790,3,1,1300860756,1300860756,1300860770,-2,0.0,5.0,0.0,0.0,0.0,5.0,0.0,0.0,0
8790,4,1,1300860756,1300860756,1300860771,-2,0.0,0.0,0.0,0.0,0.0,0.0,0.0,0.0,0
8790,5,1,1300860756,1300860756,1300860772,-2,0.0,1.0,0.0,0.0,0.0,1.0,0.0,0.0,0
8790,6,1,1300860756,1300860756,1300860776,-2,18.509533037124903,1.0,0.0,0.0,0.0,1.0,0.0,0.0,0
8790,7,1,1300860756,1300860756,1300860777,-2,0.0,7.0,0.0,0.0,0.0,7.0,0.0,0.0,0
8790,8,1,1300860756,1300860756,1300860778,-2,2.6331531881605255,12.0,0.0,0.0,0.0,12.0,0.0,0.0,0
8790,9,1,1300860756,1300860756,1300860779,-2,1.1943778344743663,0.0,0.0,0.0,0.0,0.0,0.0,0.0,0
8790,10,1,1300860756,1300860756,1300860781,-2,1.9991439999999998,11.0,0.0,0.0,0.0,11.0,0.0,0.0,0
8790,11,1,1300860756,1300860756,1300860782,-2,1.9991512554772144,9.0,0.0,0.0,0.0,9.0,0.0,0.0,0
8790,12,1,1300860756,1300860756,1300860783,-2,3.5483529999999996,2.0,0.0,0.0,0.0,2.0,0.0,0.0,0
8790,13,1,1300860756,1300860756,1300860785,-2,0.7669349999999999,3.0,0.0,0.0,0.0,3.0,0.0,0.0,0
8790,14,1,1300860756,1300860756,1300860786,-2,1.3498059999999998,12.0,0.0,0.0,0.0,12.0,0.0,0.0,0
8790,15,1,1300860756,1300860756,1300860787,-2,1.840644,2.0,0.0,0.0,0.0,2.0,0.0,0.0,0
8790,16,1,1300860756,1300860756,1300860788,-2,2.781418,2.0,0.0,0.0,0.0,2.0,0.0,0.0,0
8790,17,1,1300860756,1300860756,1300860792,-2,0.690241,4.0,0.0,0.0,0.0,4.0,0.0,0.0,0
8790,18,1,1300860756,1300860756,1300860793,-2,0.991903,1.0,0.0,0.0,0.0,1.0,0.0,0.0,0
8790,19,1,1300860756,1300860756,1300860797,-2,53.68564752560294,2.0,0.0,0.0,0.0,2.0,0.0,0.0,0
8790,20,1,1300860756,1300860756,1300860798,-2,2.5308948119212817,7.0,0.0,0.0,0.0,7.0,0.0,0.0,0
8790,21,1,1300860756,1300860756,1300860799,-2,3.4921235485701723,0.08,0.0,0.0,0.0,0.08,0.0,0.0,0
8790,22,1,1300860756,1300860756,1300860800,-2,37.804921695648396,0.5,0.0,0.0,0.0,0.5,0.0,0.0,0
8790,23,1,1300860756,1300860756,1300860801,-2,0.8334057663498361,0.08,0.0,0.0,0.0,0.08,0.0,0.0,0
8790,24,1,1300860756,1300860756,1300860802,-2,2.6689436198442604,0.5,0.0,0.0,0.0,0.5,0.0,0.0,0
8790,25,1,1300860756,1300860756,1300860803,-2,0.4397110178287479,0.08,0.0,0.0,0.0,0.08,0.0,0.0,0
8790,26,1,1300860756,1300860756,1300860805,-2,0.0,1.0,0.0,0.0,0.0,1.0,0.0,0.0,0
8790,27,1,1300860756,1300860756,1300860807,-2,260.7579,1.0,0.0,0.0,0.0,1.0,0.0,0.0,0
8790,28,1,1300860756,1300860756,1300860808,-2,133.57500396251208,2.0,0.0,0.0,0.0,2.0,0.0,0.0,0
8790,29,1,1300860756,1300860756,1300860809,-2,87.92,1.0,0.0,0.0,0.0,1.0,0.0,0.0,0
8790,30,1,1300860756,1300860756,1300860810,-2,373.2430732732395,0.0,0.0,0.0,0.0,0.0,0.0,0.0,0
8790,31,1,1300860756,1300860756,1300860811,-2,92.03253861531933,1.0,0.0,0.0,0.0,1.0,0.0,0.0,0
8790,32,1,1300860756,1300860756,1300860812,-2,11.205943,1.0,0.0,0.0,0.0,1.0,0.0,0.0,0
8790,33,1,1300860756,1300860756,1300860813,-2,0.9109176155391829,1.0,0.0,0.0,0.0,1.0,0.0,0.0,0
8790,34,1,1300860756,1300860756,1300860814,-2,1.933092344426663,1.0,0.0,0.0,0.0,1.0,0.0,0.0,0
8790,35,1,1300860756,1300860756,1300860815,-2,0.0,1.0,0.0,0.0,0.0,1.0,0.0,0.0,0
8790,41,1,49132890,1300860839,1300860997,-1,0.0,1.0,0.0,0.0,0.0,1.0,0.0,0.0,0
8790,42,1,49132890,1300860839,1300860998,-1,0.5168,53.0,0.0,0.0,0.0,53.0,0.0,0.0,0
8790,43,1,49132890,1300860839,1300860999,-1,0.5644,57.0,0.0,0.0,0.0,57.0,0.0,0.0,0
8790,44,1,49132890,1300860839,1300861000,-1,0.0,8.0,0.0,0.0,0.0,8.0,0.0,0.0,0
8790,45,1,49132890,1300860839,1300861001,-1,0.0,2.0,0.0,0.0,0.0,2.0,0.0,0.0,0
8790,46,1,49132890,1300860839,1300861002,-1,0.0,1.0,0.0,0.0,0.0,1.0,0.0,0.0,0
8790,47,1,49132890,1300860839,1300861003,-1,0.0,1.0,0.0,0.0,0.0,1.0,0.0,0.0,0
8790,48,1,49132890,1300860839,1300861004,-1,0.0,1.0,0.0,0.0,0.0,1.0,0.0,0.0,0
8790,49,1,49132890,1300860839,1300861005,-1,0.0,1.0,0.0,0.0,0.0,1.0,0.0,0.0,0
8790,50,1,49132890,1300860839,1300861006,-1,0.0,1.0,0.0,0.0,0.0,1.0,0.0,0.0,0
8790,51,1,49132890,1300860839,1300861007,-1,0.0,2.0,0.0,0.0,0.0,2.0,0.0,0.0,0
