__SOURCE_PAGE,__SOURCE_LINE,__RECORD_FORMAT,DATETIME,GRUPA,STOKA,SER_NO,KOLICH1,KOLICH12,KOLICH2,KOLICH22,IS_CHECK,ED_CENA,ED_VALUTA,KUP_CENA,KUP_VALUTA,NOTE,STOCK_POSITION
1752,0,1,3157303,Машини,Винтоверт Makita DHP482,491544R,0.0,0.0,1.0,0.0,Y,0.0,L,0.0,L,в 14:57 през “Складове и Стоки”,
1752,1,1,3157303,Машини,Винтоверт Makita DHP482,,1.0,0.0,1.0,0.0,Y,0.0,L,0.0,L,в 14:57 през “Складове и Стоки”,
1752,2,1,3157303,Машини,Винтоверт Makita DDf458,0395523Y,0.0,0.0,1.0,0.0,Y,0.0,L,0.0,L,в 14:57 през “Складове и Стоки”,
1752,3,1,3157303,Машини,Винтоверт Makita DDf458,,1.0,0.0,1.0,0.0,Y,0.0,L,0.0,L,в 14:57 през “Складове и Стоки”,
1752,4,1,3157303,Машини,Винтоверт Makita DDF482,725801R,0.0,0.0,1.0,0.0,Y,0.0,L,0.0,L,в 14:57 през “Складове и Стоки”,
1752,5,1,3157303,Машини,Винтоверт Makita DDF482,,1.0,0.0,1.0,0.0,Y,0.0,L,0.0,L,в 14:57 през “Складове и Стоки”,
1752,6,1,3157303,Машини,Гайковерт Makita DTW285,0503327Y,0.0,0.0,1.0,0.0,Y,0.0,L,0.0,L,в 14:58 през “Складове и Стоки”,
1752,7,1,3157303,Машини,Гайковерт Makita DTW285,,1.0,0.0,1.0,0.0,Y,0.0,L,0.0,L,в 14:58 през “Складове и Стоки”,
1752,8,1,3157303,Машини,Перфоратор Makita DHR241,0503327Y,0.0,0.0,1.0,0.0,Y,0.0,L,0.0,L,в 14:58 през “Складове и Стоки”,
1752,9,1,3157303,Машини,Перфоратор Makita DHR241,,1.0,0.0,1.0,0.0,Y,0.0,L,0.0,L,в 14:58 през “Складове и Стоки”,
1752,10,1,3157303,Машини,Флекс Bosch GWS750,124088157,0.0,0.0,1.0,0.0,Y,0.0,L,0.0,L,в 14:58 през “Складове и Стоки”,
1752,11,1,3157303,Машини,Флекс Bosch GWS750,,1.0,0.0,1.0,0.0,Y,0.0,L,0.0,L,в 14:58 през “Складове и Стоки”,
1752,12,1,3157303,Машини,Оберфреза Makita RP0900,587575,0.0,0.0,1.0,0.0,Y,0.0,L,0.0,L,в 14:58 през “Складове и Стоки”,
1752,13,1,3157303,Машини,Оберфреза Makita RP0900,,1.0,0.0,1.0,0.0,Y,0.0,L,0.0,L,в 14:58 през “Складове и Стоки”,
1752,14,1,3157303,Машини,Флекс Bosch GWS2200,327029927,0.0,0.0,1.0,0.0,Y,0.0,L,0.0,L,в 14:58 през “Складове и Стоки”,
1752,15,1,3157303,Машини,Флекс Bosch GWS2200,,1.0,0.0,1.0,0.0,Y,0.0,L,0.0,L,в 14:58 през “Складове и Стоки”,
1752,16,1,3157303,Машини,Флекс Bosch GWS9-125S,911061887,0.0,0.0,1.0,0.0,Y,0.0,L,0.0,L,в 14:59 през “Складове и Стоки”,
1752,17,1,3157303,Машини,Флекс Bosch GWS9-125S,,1.0,0.0,1.0,0.0,Y,0.0,L,0.0,L,в 14:59 през “Складове и Стоки”,
1752,18,1,3157303,Машини,Флекс Bosch GWS17-125S,323001071,0.0,0.0,1.0,0.0,Y,0.0,L,0.0,L,в 14:59 през “Складове и Стоки”,
1752,19,1,3157303,Машини,Флекс Bosch GWS17-125S,,1.0,0.0,1.0,0.0,Y,0.0,L,0.0,L,в 14:59 през “Складове и Стоки”,
1752,20,1,3157303,Машини,Флекс Bosch GWS9-125S 0,123061469,0.0,0.0,1.0,0.0,Y,0.0,L,0.0,L,в 14:59 през “Складове и Стоки”,
1752,21,1,3157303,Машини,Флекс Bosch GWS9-125S 0,,1.0,0.0,1.0,0.0,Y,0.0,L,0.0,L,в 14:59 през “Складове и Стоки”,
1752,22,1,3157303,Машини,Циркуляр Metabo KGS305M,19305000,0.0,0.0,1.0,0.0,Y,0.0,L,0.0,L,в 15:00 през “Складове и Стоки”,
1752,23,1,3157303,Машини,Циркуляр Metabo KGS305M,,1.0,0.0,1.0,0.0,Y,0.0,L,0.0,L,в 15:00 през “Складове и Стоки”,
1752,24,1,3157303,Машини,Ексцентършлайф Bosch GEX 125-1 AE,327001725,0.0,0.0,1.0,0.0,Y,0.0,L,0.0,L,в 15:00 през “Складове и Стоки”,
1752,25,1,3157303,Машини,Ексцентършлайф Bosch GEX 125-1 AE,,1.0,0.0,1.0,0.0,Y,0.0,L,0.0,L,в 15:00 през “Складове и Стоки”,
1752,26,1,3157303,Машини,Машина за полиране Bosch GPO14CE,328055617,0.0,0.0,1.0,0.0,Y,0.0,L,0.0,L,в 15:00 през “Складове и Стоки”,
1752,27,1,3157303,Машини,Машина за полиране Bosch GPO14CE,,1.0,0.0,1.0,0.0,Y,0.0,L,0.0,L,в 15:00 през “Складове и Стоки”,
1755,0,1,3157303,Машини,Машина за заостряне на волфрамови електроди Delt,SN2021010,0.0,0.0,1.0,0.0,Y,0.0,L,0.0,L,в 15:00 през “Складове и Стоки”,
1755,1,1,3157303,Машини,Машина за заостряне на волфрамови електроди Delt,,1.0,0.0,1.0,0.0,Y,0.0,L,0.0,L,в 15:00 през “Складове и Стоки”,
1755,2,1,3157303,Машини,Пневматичен винтоверт Raider RD-AD02,80103,0.0,0.0,1.0,0.0,Y,0.0,L,0.0,L,в 15:00 през “Складове и Стоки”,
1755,3,1,3157303,Машини,Пневматичен винтоверт Raider RD-AD02,,1.0,0.0,1.0,0.0,Y,0.0,L,0.0,L,в 15:00 през “Складове и Стоки”,
1755,4,1,3157303,Машини,Пистолет за топъл въздух Daewoo DAHG 2000,DHG0650PRBUL2106,0.0,0.0,1.0,0.0,Y,0.0,L,0.0,L,в 15:01 през “Складове и Стоки”,
1755,5,1,3157303,Машини,Пистолет за топъл въздух Daewoo DAHG 2000,,1.0,0.0,1.0,0.0,Y,0.0,L,0.0,L,в 15:01 през “Складове и Стоки”,
1755,6,1,3157303,Машини,Лазерен нивелир Bosch Quingo Plus,324032899,0.0,0.0,1.0,0.0,Y,0.0,L,0.0,L,в 15:01 през “Складове и Стоки”,
1755,7,1,3157303,Машини,Лазерен нивелир Bosch Quingo Plus,,1.0,0.0,1.0,0.0,Y,0.0,L,0.0,L,в 15:01 през “Складове и Стоки”,
1755,8,1,3157303,Машини,Перфоратор Bosch GBH 2-24D,3611BA0000,0.0,0.0,1.0,0.0,Y,0.0,L,0.0,L,в 15:01 през “Складове и Стоки”,
1755,9,1,3157303,Машини,Перфоратор Bosch GBH 2-24D,,1.0,0.0,1.0,0.0,Y,0.0,L,0.0,L,в 15:01 през “Складове и Стоки”,
1755,10,1,3157303,Машини,Бормашина Metabo BEV 1300-2,574000,0.0,0.0,1.0,0.0,Y,0.0,L,0.0,L,в 15:01 през “Складове и Стоки”,
1755,11,1,3157303,Машини,Бормашина Metabo BEV 1300-2,,1.0,0.0,1.0,0.0,Y,0.0,L,0.0,L,в 15:01 през “Складове и Стоки”,
1755,12,1,3157303,Машини,Лепачка за тръби Total TT328151,24137910792,0.0,0.0,1.0,0.0,Y,0.0,L,0.0,L,в 15:01 през “Складове и Стоки”,
1755,13,1,3157303,Машини,Лепачка за тръби Total TT328151,,1.0,0.0,1.0,0.0,Y,0.0,L,0.0,L,в 15:01 през “Складове и Стоки”,
1755,14,1,3157303,Машини,Импакт Makita DTD152,395879N,0.0,0.0,1.0,0.0,Y,0.0,L,0.0,L,в 15:02 през “Складове и Стоки”,
1755,15,1,3157303,Машини,Импакт Makita DTD152,,1.0,0.0,1.0,0.0,Y,0.0,L,0.0,L,в 15:02 през “Складове и Стоки”,
1755,16,1,3157303,Машини,Бормашина Parkside PSBM1100B1,87202,0.0,0.0,1.0,0.0,Y,0.0,L,0.0,L,в 15:02 през “Складове и Стоки”,
1755,17,1,3157303,Машини,Бормашина Parkside PSBM1100B1,,1.0,0.0,1.0,0.0,Y,0.0,L,0.0,L,в 15:02 през “Складове и Стоки”,
1755,18,1,3157303,Машини,Фреза Makita N5900B,1354710,0.0,0.0,1.0,0.0,Y,0.0,L,0.0,L,в 15:02 през “Складове и Стоки”,
1755,19,1,3157303,Машини,Фреза Makita N5900B,,1.0,0.0,1.0,0.0,Y,0.0,L,0.0,L,в 15:02 през “Складове и Стоки”,
1755,20,1,3157303,Машини,Ампер клещи Uni-t UT230R,C220357502,0.0,0.0,1.0,0.0,Y,0.0,L,0.0,L,в 15:02 през “Складове и Стоки”,
1755,21,1,3157303,Машини,Ампер клещи Uni-t UT230R,,1.0,0.0,1.0,0.0,Y,0.0,L,0.0,L,в 15:02 през “Складове и Стоки”,
1755,22,1,3157303,Машини,Ампер клещи Uni-t UT230R 1,C220357511,0.0,0.0,1.0,0.0,Y,0.0,L,0.0,L,в 15:03 през “Складове и Стоки”,
1755,23,1,3157303,Машини,Ампер клещи Uni-t UT230R 1,,1.0,0.0,1.0,0.0,Y,0.0,L,0.0,L,в 15:03 през “Складове и Стоки”,
1755,24,1,3157303,Машини,Ампер клещи Uni-t UT230R 2,C220357514,0.0,0.0,1.0,0.0,Y,0.0,L,0.0,L,в 15:03 през “Складове и Стоки”,
1755,25,1,3157303,Машини,Ампер клещи Uni-t UT230R 2,,1.0,0.0,1.0,0.0,Y,0.0,L,0.0,L,в 15:03 през “Складове и Стоки”,
1755,26,1,3157303,Машини,Ампер клещи Total TMT46003,H12B-G010591,0.0,0.0,1.0,0.0,Y,0.0,L,0.0,L,в 15:03 през “Складове и Стоки”,
1757,0,1,3157303,Машини,Ампер клещи Total TMT46003,,1.0,0.0,1.0,0.0,Y,0.0,L,0.0,L,в 15:03 през “Складове и Стоки”,
1757,1,1,3157303,Машини,Лазерен термометър Infrared DT8016H,210636056,0.0,0.0,1.0,0.0,Y,0.0,L,0.0,L,в 15:03 през “Складове и Стоки”,
1757,2,1,3157303,Машини,Лазерен термометър Infrared DT8016H,,1.0,0.0,1.0,0.0,Y,0.0,L,0.0,L,в 15:03 през “Складове и Стоки”,
1757,3,1,3157303,Машини,Манометър Bauihr 5110,MAN-277,0.0,0.0,1.0,0.0,Y,0.0,L,0.0,L,в 15:04 през “Складове и Стоки”,
1757,4,1,3157303,Машини,Манометър Bauihr 5110,,1.0,0.0,1.0,0.0,Y,0.0,L,0.0,L,в 15:04 през “Складове и Стоки”,
1757,5,1,3157303,Машини,Пистолет за топъл въздух Stainel,SN506000660,0.0,0.0,1.0,0.0,Y,0.0,L,0.0,L,в 15:04 през “Складове и Стоки”,
1757,6,1,3157303,Машини,Пистолет за топъл въздух Stainel,,1.0,0.0,1.0,0.0,Y,0.0,L,0.0,L,в 15:04 през “Складове и Стоки”,
1757,7,1,3157303,Машини,Виноверт Bavaria BCD14,01BG-14-2026,0.0,0.0,1.0,0.0,Y,0.0,L,0.0,L,в 15:05 през “Складове и Стоки”,
1757,8,1,3157303,Машини,Виноверт Bavaria BCD14,,1.0,0.0,1.0,0.0,Y,0.0,L,0.0,L,в 15:05 през “Складове и Стоки”,
1757,9,1,3157303,Машини,Зеге Raider RDP-JS21,50201,0.0,0.0,1.0,0.0,Y,0.0,L,0.0,L,в 15:05 през “Складове и Стоки”,
1757,10,1,3157303,Машини,Зеге Raider RDP-JS21,,1.0,0.0,1.0,0.0,Y,0.0,L,0.0,L,в 15:05 през “Складове и Стоки”,
1757,11,1,3157303,Машини,Дигитален термометър PeakTeck 5110,200204430,0.0,0.0,1.0,0.0,Y,0.0,L,0.0,L,в 15:05 през “Складове и Стоки”,
1757,12,1,3157303,Машини,Дигитален термометър PeakTeck 5110,,1.0,0.0,1.0,0.0,Y,0.0,L,0.0,L,в 15:05 през “Складове и Стоки”,
1757,13,1,3157303,Машини,Мултицет Schneider IMT23202,8A-2021-11-23,0.0,0.0,1.0,0.0,Y,0.0,L,0.0,L,в 15:06 през “Складове и Стоки”,
1757,14,1,3157303,Машини,Мултицет Schneider IMT23202,,1.0,0.0,1.0,0.0,Y,0.0,L,0.0,L,в 15:06 през “Складове и Стоки”,
1757,15,1,3157303,Машини,Мултишлайф Dremel 4000,F013400046,0.0,0.0,1.0,0.0,Y,0.0,L,0.0,L,в 15:06 през “Складове и Стоки”,
1757,16,1,3157303,Машини,Мултишлайф Dremel 4000,,1.0,0.0,1.0,0.0,Y,0.0,L,0.0,L,в 15:06 през “Складове и Стоки”,
1757,17,1,3157303,Машини,Електрическа отвертка Makita DF011D,6854,0.0,0.0,1.0,0.0,Y,0.0,L,0.0,L,в 15:06 през “Складове и Стоки”,
1757,18,1,3157303,Машини,Електрическа отвертка Makita DF011D,,1.0,0.0,1.0,0.0,Y,0.0,L,0.0,L,в 15:06 през “Складове и Стоки”,
1757,19,1,3157303,Машини,Електрическа отвертка Makita,0569316Y,0.0,0.0,1.0,0.0,Y,0.0,L,0.0,L,в 15:07 през “Складове и Стоки”,
1757,20,1,3157303,Машини,Електрическа отвертка Makita,,1.0,0.0,1.0,0.0,Y,0.0,L,0.0,L,в 15:07 през “Складове и Стоки”,
1757,21,1,3157303,Машини,Газ анализатор Testo 300 633300250,62649073,0.0,0.0,1.0,0.0,Y,0.0,L,0.0,L,в 15:07 през “Складове и Стоки”,
1757,22,1,3157303,Машини,Газ анализатор Testo 300 633300250,,1.0,0.0,1.0,0.0,Y,0.0,L,0.0,L,в 15:07 през “Складове и Стоки”,
1757,23,1,3157303,Машини,Мултицет V&A VA19,,0.0,0.0,1.0,0.0,Y,0.0,L,0.0,L,в 15:08 през “Начални Наличности”,
1757,24,1,3157303,Машини,Мултицет CAT JTW838,,0.0,0.0,1.0,0.0,Y,0.0,L,0.0,L,в 15:12 през “Начални Наличности”,
1757,25,1,3157303,Машини,Мултицет CAT JTW838,201007751,0.0,0.0,1.0,0.0,Y,0.0,L,0.0,L,в 15:12 през “Складове и Стоки”,
1757,26,1,3157303,Производствен цех - инструменти,Макетен нож други,,0.0,0.0,1.0,0.0,Y,0.0,L,0.0,L,в 15:13 през “Начални Наличности”,
1761,0,1,3157303,Производствен цех - инструменти,Отвертки други права,,0.0,0.0,1.0,0.0,Y,0.0,L,0.0,L,в 15:14 през “Начални Наличности”,
1761,1,1,3157303,Производствен цех - инструменти,Отвертки други кръстата,,0.0,0.0,1.0,0.0,Y,0.0,L,0.0,L,в 15:15 през “Начални Наличности”,
1761,2,1,3157303,Производствен цех - инструменти,Отвертки други кръстата червена,,0.0,0.0,1.0,0.0,Y,0.0,L,0.0,L,в 15:15 през “Начални Наличности”,
1761,3,1,9914786,Муфи на резба,Муфа 316L резба 150LBS 1/2“,07082025,60.0,0.0,62.0,0.0,Y,3.6,L,3.6,L,в 14:31 през “Редактирай Серийни/Партидни №”,
1761,4,1,9914786,Муфи на резба,Муфа 316L резба 150LBS 1/2“,,62.0,0.0,62.0,0.0,Y,3.6,L,3.6,L,в 14:31 през “Редактирай Серийни/Партидни №”,
1761,5,1,9914786,Тройници на резба,Тройник 316L резба вътрешна 1/2“,07082025,50.0,0.0,51.0,0.0,Y,4.548,L,4.548,L,в 14:31 през “Редактирай Серийни/Партидни №”,
1761,6,1,9914786,Тройници на резба,Тройник 316L резба вътрешна 1/2“,,51.0,0.0,51.0,0.0,Y,4.548,L,4.548,L,в 14:31 през “Редактирай Серийни/Партидни №”,
1761,7,1,35561718,2.5.3. Кранове на резба,Кран сфер. на рез. 316L PN64 DN15,1658148,0.0,0.0,13.0,0.0,Y,0.0,L,0.0,L,в 09:07 през “Редактирай Серийни/Партидни №”,
1761,8,1,35561718,2.5.3. Кранове на резба,Кран сфер. на рез. 316L PN64 DN15,,13.0,0.0,13.0,0.0,Y,0.0,L,0.0,L,в 09:07 през “Редактирай Серийни/Партидни №”,
1761,9,1,10248330,Други (Електроника),Ф2.5 21L2K1T25 R42,,1.0,0.0,25.0,0.0,Y,0.0,L,0.0,L,в 13:01 през “Складове и Стоки”,
1761,10,1,10248330,Други (Електроника),Ф3.0 21L2K1T30 P08,,11.0,0.0,14.0,0.0,Y,0.0,L,0.0,L,в 13:02 през “Складове и Стоки”,
1761,11,1,10248330,ЛД,Ф5.5 21L2K1T55 P16,,2.0,0.0,3.0,0.0,Y,0.0,L,0.0,L,в 13:02 през “Складове и Стоки”,
1761,12,1,10248330,Газ анализ - Сензори,Анализатор на общозапалими вещества Sirius 8866,E240801-5,0.0,0.0,1.0,0.0,Y,2987.88,L,2987.88,L,в 13:15 през “Редактирай Серийни/Партидни №”,
1761,13,1,10248330,Газ анализ - Сензори,Анализатор на общозапалими вещества Sirius 8866,,1.0,0.0,2.0,0.0,Y,2987.88,L,2987.88,L,в 13:16 през “Складове и Стоки”,
1761,14,1,37585235,2.5.4. Вентили,Магнетвентил 1“,pbc853533,0.0,0.0,1.0,0.0,Y,374.85,L,374.85,L,в 08:56 през “Редактирай Серийни/Партидни №”,
1761,15,1,42360220,Сензори,Трансмитер за налягане 0-15 bar,230925/6,-1.0,0.0,5.0,0.0,Y,0.0,L,0.0,L,в 10:14 през “Редактирай Серийни/Партидни №”,
1761,16,1,10248330,Газ анализ - Сензори,Електрохимичен кислороден анализатор OxyTrend E2,,1.0,0.0,2.0,0.0,Y,3214.42,L,3214.42,L,в 13:20 през “Складове и Стоки”,
1761,17,1,37585235,2.5.4. Вентили,Магнетвентил 1“,,0.0,0.0,2.0,0.0,Y,374.85,L,374.85,L,в 08:56 през “Складове и Стоки”,
1761,18,1,10515836,Релета,Реле мини тип PT 14 пина 4CO 24VDC 6A,,4.0,0.0,8.0,0.0,Y,0.0,L,0.0,L,в 09:11 през “Складове и Стоки”,
1761,19,1,10515836,"Прекъсвачи, Предпазители",Предпазител LQA01230 16А,,8.0,0.0,12.0,0.0,Y,0.0,L,0.0,L,в 09:17 през “Складове и Стоки”,
1761,20,1,10515836,Унител,захранване за DIN шина SDR-120-24 24V/5A,,3.0,0.0,4.0,0.0,Y,0.0,L,0.0,L,в 09:25 през “Складове и Стоки”,
1761,21,1,39904921,2.6. Арматури,Филтър-Y на рез. 1/2“,,0.0,0.0,0.0,0.0,Y,36.2015,L,36.2015,L,в 15:28 през “Складове и Стоки”,
1761,22,1,35561718,2.5.3. Кранове на резба,Кран сфер. на рез. 316L PN64 DN25,16156,0.0,0.0,4.0,0.0,Y,0.0,L,0.0,L,в 09:08 през “Редактирай Серийни/Партидни №”,
1761,23,1,37585235,2.5.4. Вентили,Магнетвентил 1“,pbc853531,0.0,0.0,1.0,0.0,Y,374.85,L,374.85,L,в 08:55 през “Редактирай Серийни/Партидни №”,
1761,24,1,42360220,Сензори,Трансмитер за налягане 0-15 bar,,3.0,0.0,4.0,0.0,Y,0.0,L,0.0,L,в 10:14 през “Складове и Стоки”,
5372,0,1,35561718,2.5.3. Кранове на резба,Кран сфер. на рез. 316L PN64 DN25,,4.0,0.0,4.0,0.0,Y,0.0,L,0.0,L,в 09:08 през “Редактирай Серийни/Партидни №”,
5372,1,1,35561718,2.5.3. Кранове на резба,Кран сфер. на рез. 316L PN64 DN20,168143,0.0,0.0,4.0,0.0,Y,0.0,L,0.0,L,в 09:08 през “Редактирай Серийни/Партидни №”,
5372,2,1,35561718,2.5.3. Кранове на резба,Кран сфер. на рез. 316L PN64 DN20,,4.0,0.0,4.0,0.0,Y,0.0,L,0.0,L,в 09:08 през “Редактирай Серийни/Партидни №”,
5372,3,1,35561718,2.5.3. Кранове на резба,Кран сфер. на рез. 316L DN15,16814612,0.0,0.0,4.0,0.0,Y,0.0,L,0.0,L,в 09:08 през “Редактирай Серийни/Партидни №”,
5372,4,1,35561718,2.5.3. Кранове на резба,Кран сфер. на рез. 316L DN15,,4.0,0.0,4.0,0.0,Y,0.0,L,0.0,L,в 09:08 през “Редактирай Серийни/Партидни №”,
5372,5,1,38228518,2.2. Фитинги за заваряване,"Капа 316L (168,3x2,0) 6``",10142820/19082025,0.0,0.0,0.0,0.0,Y,31.04,L,31.04,L,в 10:20 през “Складове и Стоки”,
5372,6,1,38228518,2.2. Фитинги за заваряване,"Капа 316L (168,3x2,0) 6``",,1.0,0.0,1.0,0.0,Y,31.04,L,31.04,L,в 10:17 през “Редактирай Серийни/Партидни №”,
5372,7,1,38228518,2.5.4. Вентили,"Вентил предпазен 1216 НРЖ, PN40  1“х1“",202529294004,2.0,0.0,1.0,0.0,Y,395.95,L,395.95,L,в 11:21 през “Складове и Стоки”,
5372,8,1,38228518,2.5.4. Вентили,"Вентил предпазен 1216 НРЖ, PN40  1“х1“",,2.0,0.0,2.0,0.0,Y,475.14,L,475.14,L,в 11:21 през “Складове и Стоки”,
5372,9,1,38228518,2.5.4. Вентили,"Вентил предпазен 1216 НРЖ, PN40  1“х1“",202529294008,0.0,0.0,1.0,0.0,Y,475.14,L,475.14,L,в 11:21 през “Редактирай Серийни/Партидни №”,
5372,10,1,45667912,Сензори,Трансмитер за налягане 0-15 bar,24607/04.2024,0.0,0.0,7.0,0.0,Y,0.0,L,0.0,L,в 07:54 през “Редактирай Серийни/Партидни №”,
5372,11,1,45667912,Сензори,Трансмитер за налягане 0-15 bar,,7.0,0.0,7.0,0.0,Y,0.0,L,0.0,L,в 07:54 през “Редактирай Серийни/Партидни №”,
5372,12,1,42675388,2.2. Фитинги за заваряване,Кръст зав. 316L W/W DIN11850 SERIE2 DN32,1,0.0,0.0,1.0,0.0,Y,1.0,L,1.0,L,в 08:44 през “Редактирай Серийни/Партидни №”,
5372,13,1,42675388,2.2. Фитинги за заваряване,Кръст зав. 316L W/W DIN11850 SERIE2 DN32,,0.0,0.0,1.0,0.0,Y,1.0,L,1.0,L,в 08:44 през “Складове и Стоки”,
5372,14,1,50116269,Други (Електроника),Ф2.5 21L2K1T25 R42,12345,0.0,0.0,25.0,0.0,Y,0.0,L,0.0,L,в 12:42 през “Редактирай Серийни/Партидни №”,
5372,15,1,50116269,Други (Електроника),Ф2.5 21L2K1T25 R42,,1.0,0.0,25.0,0.0,Y,0.0,L,0.0,L,в 12:42 през “Складове и Стоки”,
5372,16,1,50116269,Други (Електроника),Ф3.0 21L2K1T30 P08,123456,0.0,0.0,14.0,0.0,Y,0.0,L,0.0,L,в 12:42 през “Редактирай Серийни/Партидни №”,
5372,17,1,50116269,Други (Електроника),Ф3.0 21L2K1T30 P08,,11.0,0.0,14.0,0.0,Y,0.0,L,0.0,L,в 12:42 през “Складове и Стоки”,
5372,18,1,50116269,ЛД,Ф5.5 21L2K1T55 P16,1234567,0.0,0.0,3.0,0.0,Y,0.0,L,0.0,L,в 12:43 през “Редактирай Серийни/Партидни №”,
5372,19,1,50116269,ЛД,Ф5.5 21L2K1T55 P16,,2.0,0.0,3.0,0.0,Y,0.0,L,0.0,L,в 12:43 през “Складове и Стоки”,
5372,20,1,48972783,М8,Гайка шест. 8 vZn М8,12345,0.0,0.0,506.0,0.0,Y,0.0,L,0.0,L,в 13:13 през “Редактирай Серийни/Партидни №”,
5372,21,1,48972783,М8,Гайка шест. 8 vZn М8,,506.0,0.0,506.0,0.0,Y,0.0,L,0.0,L,в 13:13 през “Редактирай Серийни/Партидни №”,
5372,22,1,38754417,2.1. Тръби,"Тръба прецизна ф20х1,2",28082025,0.0,0.0,6.0,0.0,Y,0.0,L,0.0,L,в 10:20 през “Редактирай Серийни/Партидни №”,
5372,23,1,38754417,2.1. Тръби,"Тръба прецизна ф20х1,2",,0.0,0.0,6.0,0.0,Y,0.0,L,0.0,L,в 10:20 през “Складове и Стоки”,
5372,24,1,37585235,Газ анализ - Сензори,Анализатор на общозапалими вещества Sirius 8866,E240801-6,0.0,0.0,1.0,0.0,Y,2987.88,L,2987.88,L,в 13:44 през “Редактирай Серийни/Партидни №”,
5553,0,1,38754417,2.1. Тръби,"Тръба безшевна 316L 6x1,0",28082025/1,0.0,0.0,3.0,0.0,Y,9.88,L,9.88,L,в 10:20 през “Редактирай Серийни/Партидни №”,
5553,1,1,38754417,2.1. Тръби,"Тръба безшевна 316L 6x1,0",,0.0,0.0,3.0,0.0,Y,9.88,L,9.88,L,в 10:20 през “Складове и Стоки”,
5553,2,1,38754417,2.1. Тръби,"Тръба шевна 304L (21,3x2) 1/2``",28082025/2,0.0,0.0,7.0,0.0,Y,11.19,L,11.19,L,в 10:21 през “Редактирай Серийни/Партидни №”,
5553,3,1,38754417,2.1. Тръби,"Тръба шевна 304L (21,3x2) 1/2``",,0.0,0.0,7.0,0.0,Y,11.19,L,11.19,L,в 10:21 през “Складове и Стоки”,
5553,4,1,38754417,2.1. Тръби,"Тръба шевна 304L (33,7x2) 1``",28082025/3,0.0,0.0,12.0,0.0,Y,22.58,L,22.58,L,в 10:22 през “Редактирай Серийни/Партидни №”,
5553,5,1,38754417,2.1. Тръби,"Тръба шевна 304L (33,7x2) 1``",,0.0,0.0,12.0,0.0,Y,22.58,L,22.58,L,в 10:22 през “Складове и Стоки”,
5553,6,1,38754417,2.1. Тръби,"Тръба шевна 304L (48,3х2) 1 1/2``",28082025/4,0.0,0.0,9.0,0.0,Y,29.16,L,29.16,L,в 10:22 през “Редактирай Серийни/Партидни №”,
5553,7,1,38754417,2.1. Тръби,"Тръба шевна 304L (48,3х2) 1 1/2``",,0.0,0.0,9.0,0.0,Y,29.16,L,29.16,L,в 10:22 през “Складове и Стоки”,
5553,8,1,38754417,2.1. Тръби,"Тръба шевна 304L (60,3х2) 2``",28082025/5,0.0,0.0,4.0,0.0,Y,23.59,L,23.59,L,в 10:22 през “Редактирай Серийни/Партидни №”,
5553,9,1,38754417,2.1. Тръби,"Тръба шевна 304L (60,3х2) 2``",,0.0,0.0,4.0,0.0,Y,23.59,L,23.59,L,в 10:23 през “Складове и Стоки”,
5553,10,1,38754417,2.1. Тръби,"Тръба шевна 304L (168,3х2) 6``",28082025/6,0.0,0.0,1.7,0.0,Y,65.8,L,65.8,L,в 10:25 през “Редактирай Серийни/Партидни №”,
5553,11,1,38754417,2.1. Тръби,"Тръба шевна 304L (219,1х2) 8“",,0.0,0.0,0.0,0.0,Y,106.78,L,106.78,L,в 10:24 през “Складове и Стоки”,
5553,12,1,38754417,2.1. Тръби,"Тръба шевна 304L (168,3х2) 6``",,0.0,0.0,1.7,0.0,Y,65.8,L,65.8,L,в 10:25 през “Складове и Стоки”,
5553,13,1,38754417,2.1. Тръби,"Тръба шевна 304L (114,3х2) 4``",28082025/7,0.0,0.0,3.0,0.0,Y,61.1,L,61.1,L,в 10:25 през “Редактирай Серийни/Партидни №”,
5553,14,1,38754417,2.1. Тръби,"Тръба шевна 304L (114,3х2) 4``",,0.0,0.0,3.0,0.0,Y,61.1,L,61.1,L,в 10:25 през “Складове и Стоки”,
5553,15,1,38754417,2.1. Тръби,Тръба оребрена 25х2,28082025/8,0.0,0.0,220.0,0.0,Y,94.15,L,94.15,L,в 10:26 през “Редактирай Серийни/Партидни №”,
5553,16,1,38754417,2.1. Тръби,Тръба оребрена 25х2,,0.0,0.0,220.0,0.0,Y,94.15,L,94.15,L,в 10:26 през “Складове и Стоки”,
5553,17,1,38754417,2.1. Тръби,"Тръба шевна 304L (323,9х3) 12``",28082025/9,0.0,0.0,3.0,0.0,Y,0.0,L,0.0,L,в 10:26 през “Редактирай Серийни/Партидни №”,
5553,18,1,38754417,2.1. Тръби,"Тръба шевна 304L (323,9х3) 12``",,0.0,0.0,3.0,0.0,Y,0.0,L,0.0,L,в 10:26 през “Складове и Стоки”,
5553,19,1,38754417,3. Метални Елементи,"Профилна тръба ЕЗ 30х30х1,5",28082025/10,0.0,0.0,60.0,0.0,Y,2.26368,L,2.26368,L,в 10:28 през “Редактирай Серийни/Партидни №”,
5553,20,1,38754417,3. Метални Елементи,"Профилна тръба ЕЗ 30х30х1,5",,0.0,0.0,60.0,0.0,Y,2.26368,L,2.26368,L,в 10:28 през “Складове и Стоки”,
5553,21,1,38754417,3. Метални Елементи,Профилна тръба ЕЗ 40х20х2,28082025/11,0.0,0.0,6.0,0.0,Y,0.0,L,0.0,L,в 10:28 през “Редактирай Серийни/Партидни №”,
5553,22,1,38754417,3. Метални Елементи,Профилна тръба ЕЗ 40х20х2,,0.0,0.0,6.0,0.0,Y,0.0,L,0.0,L,в 10:28 през “Складове и Стоки”,
5553,23,1,38754417,3. Метални Елементи,Профилна тръба ЕЗ 40х40х2,28082025/12,0.0,0.0,36.0,0.0,Y,3.81654,L,3.81654,L,в 10:29 през “Редактирай Серийни/Партидни №”,
5566,0,1,38754417,3. Метални Елементи,Профилна тръба ЕЗ 40х40х2,,0.0,0.0,36.0,0.0,Y,3.81654,L,3.81654,L,в 10:29 през “Складове и Стоки”,
5566,1,1,38754417,3. Метални Елементи,Профилна тръба ЕЗ 50х50х2,28082025/13,0.0,0.0,104.0,0.0,Y,4.84848,L,4.84848,L,в 10:29 през “Редактирай Серийни/Партидни №”,
5566,2,1,38754417,3. Метални Елементи,Профилна тръба ЕЗ 50х50х2,,0.0,0.0,104.0,0.0,Y,4.84848,L,4.84848,L,в 10:30 през “Складове и Стоки”,
5566,3,1,38754417,3. Метални Елементи,Профилна тръба ЕЗ 60х60х2,28082025/14,0.0,0.0,21.0,0.0,Y,5.22249,L,5.22249,L,в 10:30 през “Редактирай Серийни/Партидни №”,
5566,4,1,38754417,3. Метални Елементи,Профилна тръба ЕЗ 60х60х2,,0.0,0.0,21.0,0.0,Y,5.22249,L,5.22249,L,в 10:30 през “Складове и Стоки”,
5566,5,1,38754417,0. Разни,Кран сферичен на зав. със задв.,28082025/14,0.0,0.0,2.0,0.0,Y,0.0,L,0.0,L,в 10:34 през “Редактирай Серийни/Партидни №”,
5566,6,1,38754417,0. Разни,Кран сферичен на зав. със задв.,,2.0,0.0,2.0,0.0,Y,0.0,L,0.0,L,в 10:34 през “Редактирай Серийни/Партидни №”,
5566,7,1,38754417,2.5.3. Кранове на резба,Кран сфер. на рез. 3-части 316L PN63 (Акт) 1“,28082025/15,0.0,0.0,7.0,0.0,Y,0.0,L,0.0,L,в 10:34 през “Редактирай Серийни/Партидни №”,
5566,8,1,38754417,2.5.3. Кранове на резба,Кран сфер. на рез. 3-части 316L PN63 (Акт) 1“,,7.0,0.0,7.0,0.0,Y,0.0,L,0.0,L,в 10:34 през “Редактирай Серийни/Партидни №”,
5566,9,1,37585235,М16,Гайка шест. 8 Bl. М16,090825/12,368.0,0.0,568.0,0.0,Y,0.0,L,0.0,L,в 08:33 през “Редактирай Серийни/Партидни №”,
5566,10,1,37585235,М16,Гайка шест. 8 Bl. М16,,368.0,0.0,568.0,0.0,Y,0.21,L,0.21,L,в 08:33 през “Складове и Стоки”,
5566,11,1,37585235,Газ анализ - Сензори,Анализатор на общозапалими вещества Sirius 8866,,1.0,0.0,2.0,0.0,Y,2987.88,L,2987.88,L,в 13:44 през “Складове и Стоки”,
5566,12,1,48804394,Релета,Реле мини тип PT 14 пина 4CO 24VDC 6A,080825/49,8.0,0.0,20.0,0.0,Y,0.0,L,0.0,L,в 14:52 през “Редактирай Серийни/Партидни №”,
5566,13,1,37585235,Газ анализ - Сензори,Електрохимичен кислороден анализатор OxyTrend E2,,1.0,0.0,0.0,0.0,Y,3214.42,L,3214.42,L,в 13:44 през “Складове и Стоки”,
5566,14,1,48804394,Релета,Реле мини тип PT 14 пина 4CO 24VDC 6A,,8.0,0.0,20.0,0.0,Y,0.0,L,0.0,L,в 14:53 през “Складове и Стоки”,
5566,15,1,47923234,Сензори,Дебитомер (flowmeter) калиева основа,smr21xgxfrkg,0.0,0.0,4.0,0.0,Y,1001.9065,L,1001.9065,L,в 09:31 през “Редактирай Серийни/Партидни №”,
5566,16,1,47923234,Сензори,Дебитомер (flowmeter) калиева основа,,0.0,0.0,4.0,0.0,Y,1001.9065,L,1001.9065,L,в 09:32 през “Складове и Стоки”,
5566,17,1,47923234,Платки - Green Innovation,"Захранващо устройство, SDR-240-24",250825/1,0.0,0.0,5.0,0.0,Y,180.0,L,180.0,L,в 14:37 през “Редактирай Серийни/Партидни №”,
5566,19,1,47202388,3. Метални Елементи,"Профилна тръба ЕЗ 40х40х1,5",28082025/10,-6.0,0.0,0.0,0.0,Y,3.15594,L,3.15594,L,в 15:07 през “Редактирай Серийни/Партидни №”,
5566,20,1,47202388,3. Метални Елементи,"Профилна тръба ЕЗ 40х40х1,5",,-6.0,0.0,0.0,0.0,Y,3.15594,L,3.15594,L,в 15:07 през “Складове и Стоки”,
5566,21,1,44676541,2.2. Фитинги за заваряване,"Коляно 90° 304L заварка (33,7х2) 1``",28082025/26,0.0,0.0,15.0,0.0,Y,4.88,L,4.88,L,в 08:18 през “Редактирай Серийни/Партидни №”,
5566,22,1,44676541,2.2. Фитинги за заваряване,"Коляно 90° 304L заварка (33,7х2) 1``",,0.0,0.0,15.0,0.0,Y,4.88,L,4.88,L,в 08:18 през “Складове и Стоки”,
5566,23,1,44676541,Кабели - Сензори,Кабел PUR М12 конектор 15м,,50.0,0.0,84.0,0.0,Y,54.57,L,54.57,L,в 09:31 през “Складове и Стоки”,
5525,0,1,44676541,Кабели - Сензори,Кабел PUR М12 конектор 15м,38838/27082025,34.0,0.0,84.0,0.0,Y,54.566,L,54.566,L,в 09:31 през “Редактирай Серийни/Партидни №”,
5525,1,1,44676541,Кабели - Сензори,Кабел PUR М12 конектор 10м,28082025/30,0.0,0.0,44.0,0.0,Y,0.0,L,0.0,L,в 09:32 през “Редактирай Серийни/Партидни №”,
5525,2,1,44676541,Кабели - Сензори,Кабел PUR М12 конектор 10м,,44.0,0.0,44.0,0.0,Y,0.0,L,0.0,L,в 09:32 през “Редактирай Серийни/Партидни №”,
5525,3,1,44676541,Кабели - Сензори,Кабел PUR М12 конектор 2м,28082025/31,0.0,0.0,52.0,0.0,Y,0.0,L,0.0,L,в 09:32 през “Редактирай Серийни/Партидни №”,
5525,4,1,44676541,Кабели - Сензори,Кабел PUR М12 конектор 2м,,52.0,0.0,52.0,0.0,Y,0.0,L,0.0,L,в 09:32 през “Редактирай Серийни/Партидни №”,
5525,5,1,44676541,Кабели - Сензори,Кабел PUR М12 конектор 12м,28082025/32,0.0,0.0,1.0,0.0,Y,0.0,L,0.0,L,в 09:32 през “Редактирай Серийни/Партидни №”,
5525,6,1,44676541,Кабели - Сензори,Кабел PUR М12 конектор 12м,,1.0,0.0,1.0,0.0,Y,0.0,L,0.0,L,в 09:32 през “Редактирай Серийни/Партидни №”,
5525,7,1,43013413,Кабели - Сензори,Кабел PUR М12 конектор 10м,28082025/30,0.0,0.0,1.0,0.0,Y,0.0,L,0.0,L,в 09:33 през “Редактирай Серийни/Партидни №”,
5525,8,1,43013413,Кабели - Сензори,Кабел PUR М12 конектор 10м,,1.0,0.0,1.0,0.0,Y,0.0,L,0.0,L,в 09:33 през “Редактирай Серийни/Партидни №”,
5525,9,1,44676541,магнетвентил,поплавъци HLS-M23,,19.0,0.0,0.0,0.0,Y,0.0,L,0.0,L,в 12:00 през “Складове и Стоки”,
5525,10,1,44676541,Сензори,Нивомер поплавъчен тип 8181,po32235,0.0,0.0,19.0,0.0,Y,169.49,L,169.49,L,в 12:01 през “Редактирай Серийни/Партидни №”,
5525,11,1,44676541,Сензори,Нивомер поплавъчен тип 8181,,0.0,0.0,19.0,0.0,Y,169.49,L,169.49,L,в 12:01 през “Складове и Стоки”,
5525,12,1,48408635,Колена на резба,Коляно 90° 316L резба М/Ж 1/2“,07082025,58.0,0.0,59.0,0.0,Y,3.912,L,3.912,L,в 15:12 през “Редактирай Серийни/Партидни №”,
5525,13,1,48408635,Колена на резба,Коляно 90° 316L резба М/Ж 1/2“,,0.0,0.0,59.0,0.0,Y,3.912,L,3.912,L,в 15:13 през “Складове и Стоки”,
5525,14,1,44995001,М/Ж резба,Преход 316L резба М/Ж 3/4“х1/2“,12345/1,0.0,0.0,18.0,0.0,Y,0.0,L,0.0,L,в 15:23 през “Редактирай Серийни/Партидни №”,
5525,15,1,44995001,М/Ж резба,Преход 316L резба М/Ж 3/4“х1/2“,,18.0,0.0,18.0,0.0,Y,0.0,L,0.0,L,в 15:23 през “Редактирай Серийни/Партидни №”,
5525,16,1,41615148,2.5.2. Кранове на заварка,Кран сфер. на зав. 3-части 316L PN63 (Акт) 1“,28082025/40,0.0,0.0,9.0,0.0,Y,355.203,L,355.203,L,в 08:01 през “Редактирай Серийни/Партидни №”,
5525,17,1,41615148,2.5.2. Кранове на заварка,Кран сфер. на зав. 3-части 316L PN63 (Акт) 1“,,0.0,0.0,9.0,0.0,Y,355.203,L,355.203,L,в 08:01 през “Складове и Стоки”,
5525,18,1,35550312,2.5.1. Кранове на фланци,Кран сфер. на фл. трипътен 316L (Акт) 1 1/2`“,280825/43,0.0,0.0,4.0,0.0,Y,1051.8885,L,1051.8885,L,в 09:16 през “Редактирай Серийни/Партидни №”,
5525,19,1,35550312,2.5.1. Кранове на фланци,Кран сфер. на фл. трипътен 316L (Акт) 1 1/2`“,,4.0,0.0,4.0,0.0,Y,1051.8885,L,1051.8885,L,в 09:16 през “Редактирай Серийни/Партидни №”,
5525,20,1,39602325,Фитинги - Щуцер на резба,Щуцер за маркуч 304 1/2“,061125/1,0.0,0.0,20.0,0.0,Y,8.0,L,8.0,L,в 08:32 през “Редактирай Серийни/Партидни №”,
5525,21,1,39602325,Фитинги - Щуцер на резба,Щуцер за маркуч 304 1/2“,,0.0,0.0,20.0,0.0,Y,8.0,L,8.0,L,в 08:32 през “Складове и Стоки”,
5533,0,1,44415505,2.5.4. Вентили,Вентил предпазен 1216 НРЖ PN40 2“x2“,202530099002,2.0,0.0,1.0,0.0,Y,954.0,L,954.0,L,в 08:42 през “Складове и Стоки”,
5533,1,1,44415505,2.5.4. Вентили,Вентил предпазен 1216 НРЖ PN40 2“x2“,,2.0,0.0,2.0,0.0,Y,954.0,L,954.0,L,в 08:42 през “Складове и Стоки”,
5533,2,1,44415505,2.5.4. Вентили,Вентил предпазен 1216 НРЖ PN40 2“x2“,202530099001,0.0,0.0,1.0,0.0,Y,954.0,L,954.0,L,в 08:42 през “Редактирай Серийни/Партидни №”,
5533,3,1,44086415,М16,Гайка шест. 8 Bl. М16,,200.0,0.0,368.0,0.0,Y,0.0,L,0.0,L,в 10:14 през “Складове и Стоки”,
5533,4,1,44086415,М16,Гайка шест. 8 Bl. М16,090825/12,0.0,0.0,368.0,0.0,Y,0.0,L,0.0,L,в 10:15 през “Редактирай Серийни/Партидни №”,
5533,5,1,44086415,М16,Гайка самоос. 10 vZn М16,080825/13,0.0,0.0,100.0,0.0,Y,0.692,L,0.692,L,в 10:18 през “Редактирай Серийни/Партидни №”,
5533,6,1,44086415,М16,Гайка самоос. 10 vZn М16,,100.0,0.0,100.0,0.0,Y,0.692,L,0.692,L,в 10:18 през “Редактирай Серийни/Партидни №”,
5533,7,1,41961569,Хале  - инструменти,Нож макетен други,,3.0,0.0,8.0,0.0,Y,0.0,L,0.0,L,в 09:25 през “Складове и Стоки”,
5533,8,1,41961569,Релета,Реле мини тип PT 14 пина 4CO 24VDC 6A,,4.0,0.0,9.0,0.0,Y,0.0,L,0.0,L,в 10:36 през “Складове и Стоки”,
5533,9,1,41961569,Релета,Реле мини тип PT 14 пина 4CO 24VDC 6A,080825/49,0.0,0.0,9.0,0.0,Y,0.0,L,0.0,L,в 10:36 през “Редактирай Серийни/Партидни №”,
5533,10,1,47923234,Платки - Green Innovation,"Захранващо устройство, SDR-240-24",,5.0,0.0,5.0,0.0,Y,180.0,L,180.0,L,в 14:37 през “Редактирай Серийни/Партидни №”,
5533,11,1,45229922,Сензори,Дебитомер (flowmeter) калиева основа,,2.0,0.0,4.0,0.0,Y,1001.9065,L,1001.9065,L,в 09:53 през “Складове и Стоки”,
5533,12,1,39186356,Релета,Времереле 24-240V AC/DC 1CO 8А/250V,080825/1,0.0,0.0,1.0,0.0,Y,0.0,L,0.0,L,в 12:22 през “Редактирай Серийни/Партидни №”,
5533,13,1,39186356,Релета,Времереле 24-240V AC/DC 1CO 8А/250V,,1.0,0.0,1.0,0.0,Y,0.0,L,0.0,L,в 12:22 през “Редактирай Серийни/Партидни №”,
5533,14,1,45507456,Сензори,Трансмитер за налягане 0-10 bar. G 1/2“,25697,0.0,0.0,1.0,0.0,Y,639.43,L,639.43,L,в 07:47 през “Редактирай Серийни/Партидни №”,
5533,15,1,45507456,Сензори,Трансмитер за налягане 0-10 bar. G 1/2“,,8.0,0.0,14.0,0.0,Y,639.43,L,639.43,L,в 07:47 през “Складове и Стоки”,
5533,16,1,45507456,Сензори,Трансмитер за налягане 0-10 bar. G 1/2“,25696,0.0,0.0,1.0,0.0,Y,639.43,L,639.43,L,в 07:45 през “Редактирай Серийни/Партидни №”,
5533,17,1,45507456,Сензори,Трансмитер за налягане 0-10 bar. G 1/2“,25695,0.0,0.0,1.0,0.0,Y,639.43,L,639.43,L,в 07:46 през “Редактирай Серийни/Партидни №”,
5533,18,1,45507456,Сензори,Трансмитер за налягане 0-10 bar. G 1/2“,25700,0.0,0.0,1.0,0.0,Y,639.43,L,639.43,L,в 07:46 през “Редактирай Серийни/Партидни №”,
5533,19,1,45507456,Сензори,Трансмитер за налягане 0-10 bar. G 1/2“,25699,0.0,0.0,1.0,0.0,Y,639.43,L,639.43,L,в 07:46 през “Редактирай Серийни/Партидни №”,
5533,20,1,45507456,Сензори,Трансмитер за налягане 0-10 bar. G 1/2“,25702,0.0,0.0,1.0,0.0,Y,639.43,L,639.43,L,в 07:46 през “Редактирай Серийни/Партидни №”,
5533,21,1,49838540,Сензори,Трансмитер за налягане 0-10 bar. G 1/2“,25689,1.0,0.0,2.0,0.0,Y,639.432,L,639.432,L,в 07:57 през “Редактирай Серийни/Партидни №”,
5533,22,1,49838540,Сензори,Трансмитер за налягане 0-10 bar. G 1/2“,,1.0,0.0,2.0,0.0,Y,639.43,L,639.43,L,в 07:57 през “Складове и Стоки”,
5428,0,1,41010613,Сензори,Дебитомер (flowmeter) калиева основа,smr21xgxfrkg,2.0,0.0,4.0,0.0,Y,1001.9065,L,1001.9065,L,в 08:34 през “Редактирай Серийни/Партидни №”,
5428,1,1,41010613,Сензори,Дебитомер (flowmeter) калиева основа,,4.0,0.0,4.0,0.0,Y,1001.9065,L,1001.9065,L,в 08:34 през “Редактирай Серийни/Партидни №”,
5428,2,1,45507456,М12,Болт с шест.гл. 8.8 vZn М12х45,12345/12,-58.0,0.0,142.0,0.0,Y,25.97,L,25.97,L,в 12:07 през “Редактирай Серийни/Партидни №”,
5428,3,1,45507456,М12,Болт с шест.гл. 8.8 vZn М12х45,,142.0,0.0,142.0,0.0,Y,25.97,L,25.97,L,в 12:03 през “Редактирай Серийни/Партидни №”,
5428,4,1,45507456,М12,Болт с шест.гл. 8.8 vZn М12х25,12345,-8.0,0.0,267.0,0.0,Y,0.0,L,0.0,L,в 12:08 през “Редактирай Серийни/Партидни №”,
5428,5,1,45507456,М12,Болт с шест.гл. 8.8 vZn М12х25,,267.0,0.0,267.0,0.0,Y,0.0,L,0.0,L,в 12:08 през “Редактирай Серийни/Партидни №”,
5428,6,1,45507456,М12,Болт с шест.гл. 8.8 vZn М12х100,091025/3,-10.0,0.0,40.0,0.0,Y,0.0,L,0.0,L,в 12:08 през “Редактирай Серийни/Партидни №”,
5428,7,1,45507456,М12,Болт с шест.гл. 8.8 vZn М12х100,,40.0,0.0,40.0,0.0,Y,0.0,L,0.0,L,в 12:08 през “Редактирай Серийни/Партидни №”,
5428,8,1,45507456,Сензори,Сензор за газ H2 GS-220,25070100119,0.0,0.0,1.0,0.0,Y,346.8,L,346.8,L,в 14:13 през “Редактирай Серийни/Партидни №”,
5428,9,1,45507456,Сензори,Сензор за газ H2 GS-220,,13.0,0.0,13.0,0.0,Y,346.8,L,346.8,L,в 14:13 през “Редактирай Серийни/Партидни №”,
5428,10,1,35313204,Сензори,Трансмитер за налягане 0-10 bar. G 1/2“,52694,0.0,0.0,1.0,0.0,Y,639.43,L,639.43,L,в 08:25 през “Редактирай Серийни/Партидни №”,
5428,11,1,35313204,Сензори,Трансмитер за налягане 0-10 bar. G 1/2“,,14.0,0.0,16.0,0.0,Y,639.43,L,639.43,L,в 08:25 през “Складове и Стоки”,
5428,12,1,35313204,Сензори,Трансмитер за налягане 0-10 bar. G 1/2“,25701,0.0,0.0,1.0,0.0,Y,639.43,L,639.43,L,в 08:24 през “Редактирай Серийни/Партидни №”,
5428,13,1,35313204,2.2. Фитинги за заваряване,Тройник 304L заварка (48.3х2) 1 1/2“,10143532/110925/t1.1/2`,48.0,0.0,56.0,0.0,Y,16.85,L,16.85,L,в 08:51 през “Редактирай Серийни/Партидни №”,
5428,14,1,35313204,2.2. Фитинги за заваряване,Тройник 304L заварка (48.3х2) 1 1/2“,,56.0,0.0,56.0,0.0,Y,16.85,L,16.85,L,в 08:51 през “Редактирай Серийни/Партидни №”,
5428,15,1,35313204,2.2. Фитинги за заваряване,Тройник 304L заварка (33.7х2) 1`,10143532/110925/t1`,38.0,0.0,41.0,0.0,Y,11.8,L,11.8,L,в 08:51 през “Редактирай Серийни/Партидни №”,
5428,16,1,35313204,2.2. Фитинги за заваряване,Тройник 304L заварка (33.7х2) 1`,,41.0,0.0,41.0,0.0,Y,11.8,L,11.8,L,в 08:51 през “Редактирай Серийни/Партидни №”,
5428,17,1,35313204,1.2.1. Части (Очиска),Демистър 4“ - Гъба (Wire mesh sep. mono circol.),246/141025,20.0,0.0,25.0,0.0,Y,82.00069,M,82.00069,M,в 12:04 през “Редактирай Серийни/Партидни №”,
5428,18,1,35313204,1.2.1. Части (Очиска),Демистър 4“ - Гъба (Wire mesh sep. mono circol.),,20.0,0.0,25.0,0.0,Y,82.0,M,82.0,M,в 12:04 през “Складове и Стоки”,
5428,19,1,35313204,2.5.5. Клапани,Иглен клапан (Slid. Gate Mot. Valve 8038 О2),2916800001/1,0.0,0.0,1.0,0.0,Y,3233.29,M,3233.29,M,в 12:18 през “Редактирай Серийни/Партидни №”,
5428,20,1,35313204,2.5.5. Клапани,Иглен клапан (Slid. Gate Mot. Valve 8038 О2),,2.0,0.0,3.0,0.0,Y,3233.29,M,3233.29,M,в 12:18 през “Складове и Стоки”,
5428,21,1,46353937,М12,Болт с шест.гл. 8.8 vZn М12х40,151025,-50.0,0.0,53.0,0.0,Y,0.0,L,0.0,L,в 07:41 през “Редактирай Серийни/Партидни №”,
5788,0,1,35313204,2.5.5. Клапани,Иглен клапан (Slid. Gate Mot. Valve 8038 H2),2916800002/3,0.0,0.0,1.0,0.0,Y,3569.44,M,3569.44,M,в 12:19 през “Редактирай Серийни/Партидни №”,
5788,1,1,35313204,2.5.5. Клапани,Иглен клапан (Slid. Gate Mot. Valve 8038 H2),,2.0,0.0,3.0,0.0,Y,3569.44,M,3569.44,M,в 12:19 през “Складове и Стоки”,
5788,2,1,45473139,1.1.1. Части (Електролизьор),Уплътнение (S.G.M. PTFE) 1060x900x5мм,,213.0,0.0,413.0,0.0,Y,90.5,$,90.5,$,в 08:18 през “Складове и Стоки”,
5788,3,1,45473139,1.1.1. Части (Електролизьор),Уплътнение (S.G.M. PTFE) 1060x900x5мм,VMA2025081801/18082025/2,0.0,0.0,200.0,0.0,Y,90.5,$,90.5,$,в 08:19 през “Редактирай Серийни/Партидни №”,
5788,4,1,49400422,2.4. Фланци,Уплътнение CF3000 PTFE DN25,10143532/110925/pfte25,73.0,0.0,95.0,0.0,Y,1.8,L,1.8,L,в 09:39 през “Редактирай Серийни/Партидни №”,
5788,5,1,49400422,2.4. Фланци,Уплътнение CF3000 PTFE DN25,,90.0,0.0,95.0,0.0,Y,1.8,L,1.8,L,в 09:39 през “Складове и Стоки”,
5788,6,1,49400422,2.4. Фланци,Уплътнение CF3000 PTFE DN25,090925/12,-4.0,0.0,0.0,0.0,Y,1.8,L,1.8,L,в 09:39 през “Складове и Стоки”,
5788,7,1,49400422,2.4. Фланци,Уплътнение CF3000 PTFE DN50,10143532/110925/pfte50,21.0,0.0,39.0,0.0,Y,4.22,L,4.22,L,в 09:40 през “Редактирай Серийни/Партидни №”,
5788,8,1,49400422,2.4. Фланци,Уплътнение CF3000 PTFE DN50,,39.0,0.0,39.0,0.0,Y,4.22,L,4.22,L,в 09:40 през “Редактирай Серийни/Партидни №”,
5788,9,1,49400422,2.4. Фланци,Уплътнение CF3000 PTFE DN40,10143532/110925/pfte40,107.0,0.0,107.0,0.0,Y,2.13,L,2.13,L,в 09:41 през “Складове и Стоки”,
5788,10,1,49400422,2.4. Фланци,Уплътнение CF3000 PTFE DN40,,107.0,0.0,107.0,0.0,Y,2.13,L,2.13,L,в 09:40 през “Редактирай Серийни/Партидни №”,
5788,11,1,49901487,Муфи на резба,Муфа 316L резба 150LBS 1/2“,,0.0,0.0,25.0,0.0,Y,3.6,L,3.6,L,в 09:57 през “Складове и Стоки”,
5788,12,1,49901487,2.6. Арматури,Филтър на фл. 316 INOX PN16 DN50,10143532/110925/f50,0.0,0.0,0.0,0.0,Y,692.79,L,692.79,L,в 10:06 през “Редактирай Серийни/Партидни №”,
5788,13,1,49901487,2.6. Арматури,Филтър на фл. 316 INOX PN16 DN50,,0.0,0.0,0.0,0.0,Y,692.79,L,692.79,L,в 10:05 през “Складове и Стоки”,
5788,14,1,49901487,2.4. Фланци,Фланец плосък 304 T10 PN16 DN50,10143532/110925/50,4.0,0.0,20.0,0.0,Y,20.7466,L,20.7466,L,в 10:07 през “Редактирай Серийни/Партидни №”,
5788,15,1,49901487,2.4. Фланци,Фланец плосък 304 T10 PN16 DN50,,4.0,0.0,20.0,0.0,Y,20.75,L,20.75,L,в 10:07 през “Складове и Стоки”,
5788,16,1,46353937,М16,Болт с шест.гл. 8.8 vZn М16х40,011025,-10.0,0.0,24.0,0.0,Y,0.0,L,0.0,L,в 07:07 през “Редактирай Серийни/Партидни №”,
5788,17,1,46353937,М16,Болт с шест.гл. 8.8 vZn М16х40,,24.0,0.0,24.0,0.0,Y,0.0,L,0.0,L,в 07:07 през “Редактирай Серийни/Партидни №”,
5788,18,1,46353937,М16,Болт с шест.гл. 8.8 vZn М16х45,250725,0.0,0.0,110.0,0.0,Y,0.0,L,0.0,L,в 07:08 през “Редактирай Серийни/Партидни №”,
5788,19,1,46353937,М16,Болт с шест.гл. 8.8 vZn М16х45,,110.0,0.0,110.0,0.0,Y,0.0,L,0.0,L,в 07:08 през “Редактирай Серийни/Партидни №”,
5788,20,1,46353937,М16,Болт с шест.гл. 8.8 vZn М16х50,101025,-16.0,0.0,24.0,0.0,Y,0.0,L,0.0,L,в 07:08 през “Редактирай Серийни/Партидни №”,
5788,21,1,46353937,М16,Болт с шест.гл. 8.8 vZn М16х50,,24.0,0.0,24.0,0.0,Y,0.0,L,0.0,L,в 07:08 през “Редактирай Серийни/Партидни №”,
5788,22,1,47661136,АНГЕЛ СТОИЛОВ,"Прът неръжд.304, ф35",6722/180925,0.55,0.0,1.44,0.0,Y,64.2,L,64.2,L,в 14:39 през “Редактирай Серийни/Партидни №”,
5914,0,1,46353937,М16,Болт с шест.гл. 8.8 vZn М16х60,081025/1,-20.0,0.0,94.0,0.0,Y,0.0,L,0.0,L,в 07:09 през “Редактирай Серийни/Партидни №”,
5914,1,1,46353937,М16,Болт с шест.гл. 8.8 vZn М16х60,,94.0,0.0,94.0,0.0,Y,0.0,L,0.0,L,в 07:09 през “Редактирай Серийни/Партидни №”,
5914,2,1,46353937,М16,Шайба пружинна-федер vZn М16,241025/1,0.0,0.0,560.0,0.0,Y,0.0,L,0.0,L,в 07:11 през “Редактирай Серийни/Партидни №”,
5914,3,1,46353937,М16,Шайба пружинна-федер vZn М16,,560.0,0.0,560.0,0.0,Y,0.0,L,0.0,L,в 07:11 през “Редактирай Серийни/Партидни №”,
5914,4,1,46353937,М16,Шайба подложна vZn М16,241025/2,0.0,0.0,608.0,0.0,Y,0.0,L,0.0,L,в 07:12 през “Редактирай Серийни/Партидни №”,
5914,5,1,46353937,М16,Шайба подложна vZn М16,,608.0,0.0,608.0,0.0,Y,0.0,L,0.0,L,в 07:12 през “Редактирай Серийни/Партидни №”,
5914,6,1,46353937,М16,Гайка самоос. 8 vZn М16,241025/3,0.0,0.0,145.0,0.0,Y,0.0,L,0.0,L,в 07:12 през “Редактирай Серийни/Партидни №”,
5914,7,1,46353937,М16,Гайка самоос. 8 vZn М16,,145.0,0.0,145.0,0.0,Y,0.0,L,0.0,L,в 07:12 през “Редактирай Серийни/Партидни №”,
5914,8,1,46353937,М16,Шайба с широка периферия vZn M16,241025/4,0.0,0.0,182.0,0.0,Y,0.0,L,0.0,L,в 07:13 през “Редактирай Серийни/Партидни №”,
5914,9,1,46353937,М16,Шайба с широка периферия vZn M16,,182.0,0.0,182.0,0.0,Y,0.0,L,0.0,L,в 07:13 през “Редактирай Серийни/Партидни №”,
5914,10,1,46353937,М10,Болт с шест.гл. 8.8 vZn М10х40,241025/5,0.0,0.0,50.0,0.0,Y,0.0,L,0.0,L,в 07:15 през “Редактирай Серийни/Партидни №”,
5914,11,1,46353937,М10,Болт с шест.гл. 8.8 vZn М10х40,,50.0,0.0,50.0,0.0,Y,0.0,L,0.0,L,в 07:15 през “Редактирай Серийни/Партидни №”,
5914,12,1,46353937,М10,Болт с шест.гл. 8.8 vZn М10х45,241025/6,0.0,0.0,140.0,0.0,Y,0.0,L,0.0,L,в 07:16 през “Редактирай Серийни/Партидни №”,
5914,13,1,46353937,М10,Болт с шест.гл. 8.8 vZn М10х45,,140.0,0.0,140.0,0.0,Y,0.0,L,0.0,L,в 07:16 през “Редактирай Серийни/Партидни №”,
5914,14,1,46353937,М10,Гайка шест. 8 vZn М10,241025/7,0.0,0.0,78.0,0.0,Y,0.0,L,0.0,L,в 07:38 през “Редактирай Серийни/Партидни №”,
5914,15,1,46353937,М10,Гайка шест. 8 vZn М10,,78.0,0.0,78.0,0.0,Y,0.0,L,0.0,L,в 07:38 през “Редактирай Серийни/Партидни №”,
5914,16,1,46353937,М10,Шайба подложна vZn М10,241025/8,0.0,0.0,79.0,0.0,Y,0.0,L,0.0,L,в 07:39 през “Редактирай Серийни/Партидни №”,
5914,17,1,46353937,М10,Шайба подложна vZn М10,,79.0,0.0,79.0,0.0,Y,0.0,L,0.0,L,в 07:39 през “Редактирай Серийни/Партидни №”,
5914,18,1,46353937,М10,Шайба с широка периферия vZn М10,241025/9,0.0,0.0,100.0,0.0,Y,0.0,L,0.0,L,в 07:40 през “Редактирай Серийни/Партидни №”,
5914,19,1,46353937,М10,Шайба с широка периферия vZn М10,,100.0,0.0,100.0,0.0,Y,0.0,L,0.0,L,в 07:40 през “Редактирай Серийни/Партидни №”,
5914,20,1,46353937,М12,Болт с шест.гл. 8.8 vZn М12х40,,53.0,0.0,53.0,0.0,Y,0.0,L,0.0,L,в 07:41 през “Редактирай Серийни/Партидни №”,
5914,21,1,46353937,М12,Болт с шест.гл. 8.8 vZn М12х60,241025/10,0.0,0.0,16.0,0.0,Y,0.0,L,0.0,L,в 07:43 през “Редактирай Серийни/Партидни №”,
5914,22,1,46353937,М12,Болт с шест.гл. 8.8 vZn М12х60,,16.0,0.0,16.0,0.0,Y,0.0,L,0.0,L,в 07:43 през “Редактирай Серийни/Партидни №”,
5914,23,1,46353937,М12,Гайка шест. 8 vZn М12,091025/2,-10.0,0.0,574.0,0.0,Y,5.4,L,5.4,L,в 07:44 през “Редактирай Серийни/Партидни №”,
5914,24,1,46353937,М12,Гайка шест. 8 vZn М12,,508.0,0.0,574.0,0.0,Y,5.4,L,5.4,L,в 07:44 през “Складове и Стоки”,
5914,25,1,46353937,М12,Гайка шест. 8 vZn М12,12345,-66.0,0.0,0.0,0.0,Y,5.4,L,5.4,L,в 07:44 през “Складове и Стоки”,
5914,26,1,48810952,2.5.6. Актуатори,Актуатор (Electric act. GE-15 24/240V),,4.0,0.0,5.0,0.0,Y,309.93,M,309.93,M,в 07:44 през “Складове и Стоки”,
5929,0,1,46353937,ИТТ,Шайба пружинна vZn-М12,12345/15,-44.0,0.0,0.0,0.0,Y,0.0,L,0.0,L,в 07:45 през “Складове и Стоки”,
5929,1,1,46353937,ИТТ,Шайба пружинна vZn-М12,,127.0,0.0,127.0,0.0,Y,0.0,L,0.0,L,в 07:45 през “Складове и Стоки”,
5929,2,1,46353937,ИТТ,Шайба пружинна vZn-М12,091025/1,-10.0,0.0,127.0,0.0,Y,0.0,L,0.0,L,в 07:45 през “Редактирай Серийни/Партидни №”,
5929,3,1,46353937,М12,Шайба подложна vZn М12,241025/11,0.0,0.0,781.0,0.0,Y,2.9,L,2.9,L,в 07:46 през “Редактирай Серийни/Партидни №”,
5929,4,1,46353937,М12,Шайба подложна vZn М12,,781.0,0.0,781.0,0.0,Y,2.9,L,2.9,L,в 07:46 през “Редактирай Серийни/Партидни №”,
5929,5,1,46353937,М5,Винт с лещ.гл. 4.8 vZn М5х12,241025/12,0.0,0.0,500.0,0.0,Y,0.0,L,0.0,L,в 07:54 през “Редактирай Серийни/Партидни №”,
5929,6,1,46353937,М5,Винт с лещ.гл. 4.8 vZn М5х12,,500.0,0.0,500.0,0.0,Y,0.0,L,0.0,L,в 07:54 през “Редактирай Серийни/Партидни №”,
5929,7,1,46353937,М5,Винт с лещ.гл. 4.8 vZn М5х20,241025/13,0.0,0.0,497.0,0.0,Y,0.0,L,0.0,L,в 08:00 през “Редактирай Серийни/Партидни №”,
5929,8,1,46353937,М5,Винт с лещ.гл. 4.8 vZn М5х20,,497.0,0.0,497.0,0.0,Y,0.0,L,0.0,L,в 08:00 през “Редактирай Серийни/Партидни №”,
5929,9,1,46353937,М5,Винт с лещ.гл. 4.8 vZn М5х25,241025/14,0.0,0.0,465.0,0.0,Y,0.0,L,0.0,L,в 08:01 през “Редактирай Серийни/Партидни №”,
5929,10,1,46353937,М5,Винт с лещ.гл. 4.8 vZn М5х25,,465.0,0.0,465.0,0.0,Y,0.0,L,0.0,L,в 08:01 през “Редактирай Серийни/Партидни №”,
5929,11,1,46353937,М5,Винт с лещ.гл. 4.8 vZn М5х16,241025/14,0.0,0.0,480.0,0.0,Y,0.0,L,0.0,L,в 08:18 през “Редактирай Серийни/Партидни №”,
5929,12,1,46353937,М5,Винт с лещ.гл. 4.8 vZn М5х16,,480.0,0.0,480.0,0.0,Y,0.0,L,0.0,L,в 08:18 през “Редактирай Серийни/Партидни №”,
5929,13,1,46353937,М5,"Винт самопр. vZn М5,5х32",241025/15,0.0,0.0,138.0,0.0,Y,0.0,L,0.0,L,в 08:19 през “Редактирай Серийни/Партидни №”,
5929,14,1,46353937,М5,"Винт самопр. vZn М5,5х32",,138.0,0.0,138.0,0.0,Y,0.0,L,0.0,L,в 08:19 през “Редактирай Серийни/Партидни №”,
5929,15,1,46353937,ИТТ,"самопробивен винт цинк  М 4,8х50",241025/16,0.0,0.0,75.0,0.0,Y,0.0,L,0.0,L,в 08:23 през “Редактирай Серийни/Партидни №”,
5929,16,1,46353937,ИТТ,"самопробивен винт цинк  М 4,8х50",,75.0,0.0,75.0,0.0,Y,0.0,L,0.0,L,в 08:23 през “Редактирай Серийни/Партидни №”,
5929,17,1,46353937,М5,Шайба с широка периферия vZn М5,241025/17,0.0,0.0,200.0,0.0,Y,0.0,L,0.0,L,в 08:24 през “Редактирай Серийни/Партидни №”,
5929,18,1,46353937,М5,Шайба с широка периферия vZn М5,,200.0,0.0,200.0,0.0,Y,0.0,L,0.0,L,в 08:24 през “Редактирай Серийни/Партидни №”,
5929,19,1,46353937,М6,Болт с шест.гл. 8.8 vZn М6х65,241025/18,0.0,0.0,200.0,0.0,Y,0.0,L,0.0,L,в 08:49 през “Редактирай Серийни/Партидни №”,
5929,20,1,46353937,М6,Болт с шест.гл. 8.8 vZn М6х65,,200.0,0.0,200.0,0.0,Y,0.0,L,0.0,L,в 08:49 през “Редактирай Серийни/Партидни №”,
5929,21,1,46353937,М6,Болт с шест.гл. 8.8 vZn М6х16,241025/19,0.0,0.0,500.0,0.0,Y,0.0,L,0.0,L,в 08:50 през “Редактирай Серийни/Партидни №”,
5929,22,1,46353937,М6,Болт с шест.гл. 8.8 vZn М6х16,,500.0,0.0,500.0,0.0,Y,0.0,L,0.0,L,в 08:50 през “Редактирай Серийни/Партидни №”,
5929,23,1,46353937,М6,Болт с шест.гл. 8.8 vZn М6х35,241025/20,0.0,0.0,490.0,0.0,Y,0.0,L,0.0,L,в 08:51 през “Редактирай Серийни/Партидни №”,
5929,24,1,46353937,М6,Болт с шест.гл. 8.8 vZn М6х35,,490.0,0.0,490.0,0.0,Y,0.0,L,0.0,L,в 08:51 през “Редактирай Серийни/Партидни №”,
5929,25,1,46353937,М6,Болт с шест.гл. 8.8 vZn М6х50,241025/21,0.0,0.0,108.0,0.0,Y,0.0,L,0.0,L,в 08:52 през “Редактирай Серийни/Партидни №”,
5945,0,1,46353937,М6,Болт с шест.гл. 8.8 vZn М6х50,,108.0,0.0,108.0,0.0,Y,0.0,L,0.0,L,в 08:52 през “Редактирай Серийни/Партидни №”,
5945,1,1,46353937,М6,Винт с върт.шест. 8.8 vZn М6х60,241025/22,0.0,0.0,77.0,0.0,Y,0.0,L,0.0,L,в 09:06 през “Редактирай Серийни/Партидни №”,
5945,2,1,46353937,М6,Винт с върт.шест. 8.8 vZn М6х60,,77.0,0.0,77.0,0.0,Y,0.0,L,0.0,L,в 09:06 през “Редактирай Серийни/Партидни №”,
5945,3,1,46353937,М6,Гайка самоос. 8 vZn М6,241025/23,0.0,0.0,90.0,0.0,Y,0.0,L,0.0,L,в 09:18 през “Редактирай Серийни/Партидни №”,
5945,4,1,46353937,М6,Гайка самоос. 8 vZn М6,,90.0,0.0,90.0,0.0,Y,0.0,L,0.0,L,в 09:18 през “Редактирай Серийни/Партидни №”,
5945,5,1,46353937,М6,Болт с шест.гл. 8.8 vZn М6х25,151025/4,-10.0,0.0,125.0,0.0,Y,0.0,L,0.0,L,в 09:20 през “Редактирай Серийни/Партидни №”,
5945,6,1,46353937,М6,Болт с шест.гл. 8.8 vZn М6х25,,125.0,0.0,125.0,0.0,Y,0.0,L,0.0,L,в 09:20 през “Редактирай Серийни/Партидни №”,
5945,7,1,46353937,М6,Болт с шест.гл. 8.8 vZn М6х60,031025/3,-10.0,0.0,48.0,0.0,Y,0.0,L,0.0,L,в 09:21 през “Редактирай Серийни/Партидни №”,
5945,8,1,46353937,М6,Болт с шест.гл. 8.8 vZn М6х60,,48.0,0.0,48.0,0.0,Y,0.0,L,0.0,L,в 09:21 през “Редактирай Серийни/Партидни №”,
5945,9,1,46353937,М6,Болт с шест.гл. 8.8 vZn М6х70,090925/2,-15.0,0.0,102.0,0.0,Y,0.0,L,0.0,L,в 09:21 през “Редактирай Серийни/Партидни №”,
5945,10,1,46353937,М6,Болт с шест.гл. 8.8 vZn М6х70,,102.0,0.0,102.0,0.0,Y,0.0,L,0.0,L,в 09:21 през “Редактирай Серийни/Партидни №”,
5945,11,1,46353937,М6,Болт с шест.гл. 8.8 vZn М6х90,090925/3,-10.0,0.0,158.0,0.0,Y,0.0,L,0.0,L,в 09:22 през “Редактирай Серийни/Партидни №”,
5945,12,1,46353937,М6,Болт с шест.гл. 8.8 vZn М6х90,,158.0,0.0,158.0,0.0,Y,0.0,L,0.0,L,в 09:22 през “Редактирай Серийни/Партидни №”,
5945,13,1,46353937,М6,Винт с лещ.гл. 4.8 vZn М6х16,230925/1,-30.0,0.0,420.0,0.0,Y,0.0,L,0.0,L,в 09:23 през “Редактирай Серийни/Партидни №”,
5945,14,1,46353937,М6,Винт с лещ.гл. 4.8 vZn М6х16,,420.0,0.0,420.0,0.0,Y,0.0,L,0.0,L,в 09:23 през “Редактирай Серийни/Партидни №”,
5945,15,1,46353937,М6,Винт с лещ.гл. 4.8 vZn М6х35,230925/3,-12.0,0.0,488.0,0.0,Y,0.0,L,0.0,L,в 09:23 през “Редактирай Серийни/Партидни №”,
5945,16,1,46353937,М6,Винт с лещ.гл. 4.8 vZn М6х35,,488.0,0.0,488.0,0.0,Y,0.0,L,0.0,L,в 09:23 през “Редактирай Серийни/Партидни №”,
5945,17,1,46353937,М6,Гайка шест. 8 vZn М6,031025/2,-10.0,0.0,426.0,0.0,Y,0.0,L,0.0,L,в 09:24 през “Редактирай Серийни/Партидни №”,
5945,18,1,46353937,М6,Гайка шест. 8 vZn М6,,386.0,0.0,386.0,0.0,Y,0.0,L,0.0,L,в 09:24 през “Редактирай Серийни/Партидни №”,
5945,19,1,46353937,М6,Шайба пружинна vZn М6,241025/24,0.0,0.0,83.0,0.0,Y,0.0,L,0.0,L,в 09:25 през “Редактирай Серийни/Партидни №”,
5945,20,1,46353937,М6,Шайба пружинна vZn М6,,83.0,0.0,83.0,0.0,Y,0.0,L,0.0,L,в 09:25 през “Редактирай Серийни/Партидни №”,
5945,21,1,46353937,М6,Шайба с широка периферия vZn М6,241025/25,0.0,0.0,168.0,0.0,Y,0.0,L,0.0,L,в 09:26 през “Редактирай Серийни/Партидни №”,
5945,22,1,46353937,М6,Шайба с широка периферия vZn М6,,168.0,0.0,168.0,0.0,Y,0.0,L,0.0,L,в 09:26 през “Редактирай Серийни/Партидни №”,
5945,23,1,46353937,М8,Болт с шест.гл. 8.8 vZn М8х16,241025/26,0.0,0.0,65.0,0.0,Y,0.0,L,0.0,L,в 09:36 през “Редактирай Серийни/Партидни №”,
5945,24,1,46353937,М8,Болт с шест.гл. 8.8 vZn М8х16,,65.0,0.0,65.0,0.0,Y,0.0,L,0.0,L,в 09:36 през “Редактирай Серийни/Партидни №”,
5945,25,1,46353937,М8,Болт с шест.гл. 8.8 vZn М8х20,241025/27,0.0,0.0,34.0,0.0,Y,0.0,L,0.0,L,в 09:37 през “Редактирай Серийни/Партидни №”,
5945,26,1,46353937,М8,Болт с шест.гл. 8.8 vZn М8х20,,34.0,0.0,34.0,0.0,Y,0.0,L,0.0,L,в 09:37 през “Редактирай Серийни/Партидни №”,
5952,0,1,46353937,М8,Болт с шест.гл. 8.8 vZn М8х25,090925/16,-4.0,0.0,88.0,0.0,Y,0.0,L,0.0,L,в 09:38 през “Редактирай Серийни/Партидни №”,
5952,1,1,46353937,М8,Болт с шест.гл. 8.8 vZn М8х25,,88.0,0.0,88.0,0.0,Y,0.0,L,0.0,L,в 09:38 през “Редактирай Серийни/Партидни №”,
5952,2,1,46353937,М8,Шайба пружинна vZn М8,201025/6,-8.0,0.0,180.0,0.0,Y,0.0,L,0.0,L,в 09:39 през “Редактирай Серийни/Партидни №”,
5952,3,1,46353937,М8,Шайба пружинна vZn М8,,180.0,0.0,180.0,0.0,Y,0.0,L,0.0,L,в 09:39 през “Редактирай Серийни/Партидни №”,
5952,4,1,46353937,М8,Шайба подложна vZn М8,201025/7,-8.0,0.0,104.0,0.0,Y,0.0,L,0.0,L,в 09:39 през “Редактирай Серийни/Партидни №”,
5952,5,1,46353937,М8,Шайба подложна vZn М8,,104.0,0.0,104.0,0.0,Y,0.0,L,0.0,L,в 09:39 през “Редактирай Серийни/Партидни №”,
5952,6,1,46353937,М8,Шайба с широка периферия vZn М8,230925/2,-22.0,0.0,162.0,0.0,Y,0.0,L,0.0,L,в 09:40 през “Редактирай Серийни/Партидни №”,
5952,7,1,46353937,М8,Шайба с широка периферия vZn М8,,162.0,0.0,162.0,0.0,Y,0.0,L,0.0,L,в 09:40 през “Редактирай Серийни/Партидни №”,
5952,8,1,46353937,М16,Шпилка М16,241025/28,0.0,0.0,14.0,0.0,Y,0.0,L,0.0,L,в 09:41 през “Редактирай Серийни/Партидни №”,
5952,9,1,46353937,М16,Шпилка М16,,14.0,0.0,14.0,0.0,Y,0.0,L,0.0,L,в 09:41 през “Редактирай Серийни/Партидни №”,
5952,10,1,46353937,М6,Шайба подложна vZn М6,031025/1,-20.0,0.0,506.0,0.0,Y,0.0,L,0.0,L,в 09:42 през “Редактирай Серийни/Партидни №”,
5952,11,1,46353937,М6,Шайба подложна vZn М6,,496.0,0.0,506.0,0.0,Y,0.0,L,0.0,L,в 09:42 през “Складове и Стоки”,
5952,12,1,46353937,М6,Шайба подложна vZn М6,151025/2,-10.0,0.0,0.0,0.0,Y,0.0,L,0.0,L,в 09:42 през “Складове и Стоки”,
5952,13,1,47661136,АНГЕЛ СТОИЛОВ,"Прът неръжд.304, ф35",,0.547254,0.0,1.44,0.0,Y,64.2,L,64.2,L,в 14:39 през “Складове и Стоки”,
5952,14,1,47868648,Сензори,Трансмитер за налягане 0-15 bar,24607/04.2024,-1.0,0.0,0.0,0.0,Y,0.0,L,0.0,L,в 08:32 през “Складове и Стоки”,
5952,15,1,47868648,Сензори,Трансмитер за налягане 0-15 bar,,4.0,0.0,5.0,0.0,Y,0.0,L,0.0,L,в 08:32 през “Складове и Стоки”,
5952,16,1,47868648,Холендри на резба,Холендър 316L резба М/Ж PTFE 150LBS 2“,10143120/27082025/2,4.0,0.0,6.0,0.0,Y,104.4,L,104.4,L,в 15:22 през “Редактирай Серийни/Партидни №”,
5952,17,1,47868648,Холендри на резба,Холендър 316L резба М/Ж PTFE 150LBS 2“,,6.0,0.0,6.0,0.0,Y,104.4,L,104.4,L,в 15:22 през “Редактирай Серийни/Партидни №”,
5952,18,1,47868648,Холендри на резба,Холендър 316L резба вътрешна 3000LBS 1/2“,300925,-3.0,0.0,8.0,0.0,Y,0.0,L,0.0,L,в 15:23 през “Редактирай Серийни/Партидни №”,
5952,19,1,47868648,Холендри на резба,Холендър 316L резба вътрешна 3000LBS 1/2“,,8.0,0.0,8.0,0.0,Y,0.0,L,0.0,L,в 15:23 през “Редактирай Серийни/Партидни №”,
5952,20,1,47176187,Газ анализ - Арматури,2 micron element kit for 2F series - филтър,0005245092,5.0,0.0,16.0,0.0,Y,17.015721,L,17.015721,L,в 09:01 през “Складове и Стоки”,
5952,21,1,47176187,Газ анализ - Арматури,2 micron element kit for 2F series - филтър,,21.0,0.0,16.0,0.0,Y,8.7,M,8.7,M,в 09:01 през “Складове и Стоки”,
5952,22,1,47176187,Газ анализ - Фитинги,"Instr., low profile sleeve -",0005450661,1.0,0.0,0.0,0.0,Y,76.94,M,76.94,M,в 08:15 през “Складове и Стоки”,
5952,23,1,47176187,Газ анализ - Фитинги,"Instr., low profile sleeve -",,17.0,0.0,16.0,0.0,Y,139.392004,L,139.392004,L,в 09:02 през “Складове и Стоки”,
5952,24,1,47176187,Газ анализ - Фитинги,"Instr., low profile sleeve -",0005484599,16.0,0.0,16.0,0.0,Y,69.26,M,69.26,M,в 09:01 през “Складове и Стоки”,
5971,0,1,47176187,Газ анализ - Арматури,2 micron element kit for 2F series - филтър,0005268320,16.0,0.0,0.0,0.0,Y,8.7,M,8.7,M,в 09:01 през “Складове и Стоки”,
5971,1,1,47176187,М16,Гайка шест. 8 Bl. М16,090825/12,498.0,0.0,60.0,0.0,Y,0.0,L,0.0,L,в 10:08 през “Складове и Стоки”,
5971,2,1,47176187,М16,Гайка шест. 8 Bl. М16,,498.0,0.0,60.0,0.0,Y,0.21,L,0.21,L,в 10:08 през “Складове и Стоки”,
5971,3,1,35175162,Тройници на резба,Тройник 316L резба вътрешна 1/4“,031125,-2.0,0.0,20.0,0.0,Y,0.0,L,0.0,L,в 08:08 през “Складове и Стоки”,
5971,4,1,35175162,Тройници на резба,Тройник 316L резба вътрешна 1/4“,,20.0,0.0,20.0,0.0,Y,0.0,L,0.0,L,в 08:08 през “Редактирай Серийни/Партидни №”,
5971,5,1,35175162,Тройници на резба,Тройник 316L резба вътрешна 1/4“,201025/1,-4.0,0.0,0.0,0.0,Y,0.0,L,0.0,L,в 08:08 през “Складове и Стоки”,
5971,6,1,35175162,Тройници на резба,Тройник 316L резба вътрешна 1/2“,,46.0,0.0,67.0,0.0,Y,4.55,L,4.55,L,в 08:10 през “Складове и Стоки”,
5971,7,1,35175162,М8,Шпилка 8.8 vZn M8x1000,,0.0,0.0,10.0,0.0,Y,187.44,L,187.44,L,в 13:52 през “Складове и Стоки”,
5971,8,1,35175162,М8,Шпилка 8.8 vZn M8x1000,031125/2,0.0,0.0,10.0,0.0,Y,187.44,L,187.44,L,в 13:53 през “Редактирай Серийни/Партидни №”,
5971,9,1,46024442,М16,Болт с шест.гл. 8.8 vZn М16х40,011025,24.0,0.0,0.0,0.0,Y,0.0,L,0.0,L,в 07:57 през “Складове и Стоки”,
5971,10,1,46024442,М16,Болт с шест.гл. 8.8 vZn М16х40,,124.0,0.0,124.0,0.0,Y,0.48,L,0.48,L,в 07:57 през “Складове и Стоки”,
5971,11,1,46024442,М16,Болт с шест.гл. 8.8 vZn М16х40,10524822/311025/2,100.0,0.0,124.0,0.0,Y,0.4834,L,0.4834,L,в 07:57 през “Складове и Стоки”,
5971,12,1,46024442,М16,Гайка шест. 8 Bl. М16,090825/12,10.0,0.0,0.0,0.0,Y,0.0,L,0.0,L,в 07:58 през “Складове и Стоки”,
5971,13,1,46024442,М16,Гайка шест. 8 Bl. М16,,410.0,0.0,410.0,0.0,Y,0.12,L,0.12,L,в 07:58 през “Складове и Стоки”,
5971,14,1,46024442,М16,Гайка шест. 8 Bl. М16,10524822/311025/1,400.0,0.0,410.0,0.0,Y,0.1223,L,0.1223,L,в 07:58 през “Складове и Стоки”,
5971,15,1,46024442,М16,Шайба подложна vZn М16,241025/2,608.0,0.0,0.0,0.0,Y,0.0,L,0.0,L,в 07:58 през “Складове и Стоки”,
5971,16,1,46024442,М16,Шайба подложна vZn М16,,808.0,0.0,808.0,0.0,Y,0.05,L,0.05,L,в 07:58 през “Складове и Стоки”,
5971,17,1,46024442,М16,Шайба подложна vZn М16,10524822/311025/5,200.0,0.0,808.0,0.0,Y,0.0507,L,0.0507,L,в 07:59 през “Складове и Стоки”,
5971,18,1,46024442,М6,Болт с шест.гл. 8.8 vZn М6х60,031025/3,48.0,0.0,0.0,0.0,Y,0.0,L,0.0,L,в 07:59 през “Складове и Стоки”,
5971,19,1,46024442,М6,Болт с шест.гл. 8.8 vZn М6х60,,148.0,0.0,148.0,0.0,Y,0.07,L,0.07,L,в 07:59 през “Складове и Стоки”,
5971,20,1,46024442,М6,Болт с шест.гл. 8.8 vZn М6х60,10524822/311025/7,100.0,0.0,148.0,0.0,Y,0.0729,L,0.0729,L,в 07:59 през “Складове и Стоки”,
5971,21,1,46024442,М8,Болт с шест.гл. 8.8 vZn М8х20,241025/27,34.0,0.0,0.0,0.0,Y,0.0,L,0.0,L,в 08:00 през “Складове и Стоки”,
5971,22,1,46024442,М8,Болт с шест.гл. 8.8 vZn М8х20,,134.0,0.0,134.0,0.0,Y,0.07,L,0.07,L,в 08:00 през “Складове и Стоки”,
5971,23,1,46024442,М8,Болт с шест.гл. 8.8 vZn М8х20,10524822/311025/6,100.0,0.0,134.0,0.0,Y,0.0706,L,0.0706,L,в 08:00 през “Складове и Стоки”,
5971,24,1,40800551,"Прекъсвачи, Предпазители",Предпазител LQA01230 16А,090925/14,-1.0,0.0,6.0,0.0,Y,0.0,L,0.0,L,в 09:47 през “Складове и Стоки”,
5971,25,1,40800551,"Прекъсвачи, Предпазители",Предпазител LQA01230 16А,,6.0,0.0,6.0,0.0,Y,0.0,L,0.0,L,в 09:47 през “Складове и Стоки”,
5946,0,1,40800551,"Прекъсвачи, Предпазители",Предпазител LQA01230 16А,260925/2,-1.0,0.0,0.0,0.0,Y,0.0,L,0.0,L,в 09:47 през “Складове и Стоки”,
5946,1,1,40800551,Фитинги - Щуцер на резба,Щуцер за маркуч 304 1/2“,061125/1,30.0,0.0,100.0,0.0,Y,1.7397,L,1.7397,L,в 10:06 през “Редактирай Серийни/Партидни №”,
5946,2,1,40800551,Фитинги - Щуцер на резба,Щуцер за маркуч 304 1/2“,,30.0,0.0,100.0,0.0,Y,2.34,L,2.34,L,в 10:06 през “Складове и Стоки”,
5946,3,1,49753190,Интерметал,Материал за фитинги - шестостен S22,1172012/090925,8.1,0.0,6.0,0.0,Y,34.794,L,34.794,L,в 10:09 през “Складове и Стоки”,
5946,4,1,49753190,Интерметал,Материал за фитинги - шестостен S22,,8.1,0.0,6.0,0.0,Y,34.794,L,34.794,L,в 10:09 през “Складове и Стоки”,
5946,5,1,39462728,3. Метални Елементи,Профилна тръба ЕЗ 50х50х2,28082025/13,47.5,0.0,90.0,0.0,Y,4.84848,L,4.84848,L,в 14:14 през “Редактирай Серийни/Партидни №”,
5946,6,1,39462728,3. Метални Елементи,Профилна тръба ЕЗ 50х50х2,,47.5,0.0,90.0,0.0,Y,4.84848,L,4.84848,L,в 14:14 през “Складове и Стоки”,
5946,7,1,45042701,4. Услуги,"Лазерно рязане Патлиджански големи, перф. лам.",,1.0,0.0,736.0,0.0,Y,12.5,L,12.5,L,в 15:26 през “Складове и Стоки”,
5946,8,1,45042701,4. Услуги,"Лазерно рязане Патлиджански малки, перф. лам.",,1.0,0.0,368.0,0.0,Y,3.0,L,3.0,L,в 15:26 през “Складове и Стоки”,
5946,9,1,34874751,2.1. Тръби,"Тръба шевна 304L (33,7х3) 1“",,0.0,0.0,25.0,0.0,Y,22.58,L,22.58,L,в 09:46 през “Складове и Стоки”,
5946,10,1,34874751,2.1. Тръби,"Тръба шевна 304L (33,7х3) 1“",10143532/110925/33.7/3,0.0,0.0,25.0,0.0,Y,22.58,L,22.58,L,в 09:46 през “Складове и Стоки”,
5946,11,1,34874751,2.1. Тръби,"Тръба шевна 304L (48,3х3) 1 1/2“",,24.0,0.0,25.8,0.0,Y,31.57,L,31.57,L,в 09:51 през “Складове и Стоки”,
5946,12,1,34874751,2.1. Тръби,"Тръба шевна 304L (48,3х3) 1 1/2“",10143532/110925/48x3x3,24.0,0.0,25.8,0.0,Y,31.57,L,31.57,L,в 09:51 през “Складове и Стоки”,
5946,13,1,40303415,Колена на резба,Коляно 90° 316L резба вътрешна 1/4“,260925/1,-4.0,0.0,12.0,0.0,Y,0.0,L,0.0,L,в 08:33 през “Складове и Стоки”,
5946,14,1,40303415,Колена на резба,Коляно 90° 316L резба вътрешна 1/4“,,12.0,0.0,12.0,0.0,Y,0.0,L,0.0,L,в 08:33 през “Складове и Стоки”,
5946,15,1,40303415,Колена на резба,Коляно 90° 316L резба вътрешна 1/2“,101125/1,0.0,0.0,39.0,0.0,Y,0.0,L,0.0,L,в 10:39 през “Редактирай Серийни/Партидни №”,
5946,16,1,40303415,Колена на резба,Коляно 90° 316L резба вътрешна 1/2“,,39.0,0.0,39.0,0.0,Y,0.0,L,0.0,L,в 10:39 през “Редактирай Серийни/Партидни №”,
5946,17,1,39971741,Външна резба,Нипел намалител 316L 150LBS 1/2“х1/4“,12,2.0,0.0,4.0,0.0,Y,0.0,L,0.0,L,в 14:52 през “Складове и Стоки”,
5946,18,1,39971741,Външна резба,Нипел намалител 316L 150LBS 1/2“х1/4“,,4.0,0.0,4.0,0.0,Y,0.0,L,0.0,L,в 14:52 през “Складове и Стоки”,
5946,19,1,39971741,Нипели на резба,Нипел шест. 316L резба 150LBS 1/4“,111125/1,0.0,0.0,1.0,0.0,Y,0.0,L,0.0,L,в 14:53 през “Редактирай Серийни/Партидни №”,
5946,20,1,39971741,Нипели на резба,Нипел шест. 316L резба 150LBS 1/4“,,1.0,0.0,1.0,0.0,Y,0.0,L,0.0,L,в 14:53 през “Редактирай Серийни/Партидни №”,
5946,21,1,39971741,Нипели на резба,Нипел шест. 316L резба 150LBS 1/2“,,-2.0,0.0,0.0,0.0,Y,4.02,L,4.02,L,в 14:53 през “Складове и Стоки”,
5946,22,1,39971741,Нипели на резба,Нипел шест. 316L резба 150LBS 1/2“,143284/02092025/2,-2.0,0.0,0.0,0.0,Y,4.02,L,4.02,L,в 14:53 през “Складове и Стоки”,
5946,23,1,39971741,Тройници на резба,Тройник 316L резба вътрешна 1/2“,07082025,4.0,0.0,17.0,0.0,Y,4.548,L,4.548,L,в 14:54 през “Складове и Стоки”,
6035,0,1,39971741,Тройници на резба,Тройник 316L резба вътрешна 1/2“,,17.0,0.0,17.0,0.0,Y,4.55,L,4.55,L,в 14:54 през “Складове и Стоки”,
6035,1,1,36507453,2.4. Фланци,Уплътнение CF3000 PTFE DN40,10143532/110925/pfte40,-30.0,0.0,0.0,0.0,Y,2.13,L,2.13,L,в 07:58 през “Складове и Стоки”,
6035,2,1,36507453,2.4. Фланци,Уплътнение CF3000 PTFE DN40,,0.0,0.0,0.0,0.0,Y,2.13,L,2.13,L,в 07:58 през “Складове и Стоки”,
6035,3,1,45291084,2.4. Фланци,Уплътнение CF3000 PTFE DN40,090925/11,-47.0,0.0,0.0,0.0,Y,2.13,L,2.13,L,в 07:59 през “Складове и Стоки”,
6035,4,1,45291084,2.4. Фланци,Уплътнение CF3000 PTFE DN40,,103.0,0.0,103.0,0.0,Y,2.13,L,2.13,L,в 07:59 през “Складове и Стоки”,
6035,5,1,36507453,2.4. Фланци,Уплътнение CF3000 PTFE DN40,090925/11,12.0,0.0,0.0,0.0,Y,2.13,L,2.13,L,в 08:06 през “Редактирай Серийни/Партидни №”,
6035,6,1,36507453,2.4. Фланци,Уплътнение CF3000 PTFE DN40,10144231/011025/ptfe40,18.0,0.0,0.0,0.0,Y,2.13,L,2.13,L,в 08:06 през “Редактирай Серийни/Партидни №”,
6035,7,1,36507453,Контактори,"Контактор 11kW/25A, AC-3, 1NC, 230V AC размер 1",181125/1,0.0,0.0,3.0,0.0,Y,0.0,L,0.0,L,в 08:13 през “Редактирай Серийни/Партидни №”,
6035,8,1,36507453,Контактори,"Контактор 11kW/25A, AC-3, 1NC, 230V AC размер 1",,3.0,0.0,3.0,0.0,Y,0.0,L,0.0,L,в 08:13 през “Редактирай Серийни/Партидни №”,
6035,9,1,44017911,2.1. Тръби,Тръба оребрена 25х2,28082025/8,160.0,0.0,180.0,0.0,Y,94.15,L,94.15,L,в 13:17 през “Редактирай Серийни/Партидни №”,
6035,10,1,44017911,2.1. Тръби,Тръба оребрена 25х2,,160.0,0.0,180.0,0.0,Y,94.15,L,94.15,L,в 13:17 през “Складове и Стоки”,
6035,11,1,45479601,Газ анализ - Фитинги,Male connector 6MM SWA-1/4`` GAS-CONICO,0005272023,6.0,0.0,8.0,0.0,Y,12.98,M,12.98,M,в 12:42 през “Редактирай Серийни/Партидни №”,
6035,12,1,45479601,Газ анализ - Фитинги,Male connector 6MM SWA-1/4`` GAS-CONICO,,6.0,0.0,8.0,0.0,Y,12.98,M,12.98,M,в 12:42 през “Складове и Стоки”,
6035,13,1,45479601,Газ анализ - Фитинги,MALE CONNECTOR 6MM SWA – R 1/8`` - мъжка връзка,271125/1,0.0,0.0,2.0,0.0,Y,11.45,M,11.45,M,в 12:44 през “Редактирай Серийни/Партидни №”,
6035,14,1,45479601,Газ анализ - Фитинги,MALE CONNECTOR 6MM SWA – R 1/8`` - мъжка връзка,,0.0,0.0,2.0,0.0,Y,11.45,M,11.45,M,в 12:45 през “Складове и Стоки”,
6035,15,1,45479601,Газ анализ - Крепежи,"Twin Bolted Plastic Clamp Tube Support Kit, 6 mm",0005418800,4.0,0.0,11.0,0.0,Y,9.85,M,9.85,M,в 12:46 през “Редактирай Серийни/Партидни №”,
6035,16,1,45479601,Газ анализ - Крепежи,"Twin Bolted Plastic Clamp Tube Support Kit, 6 mm",,4.0,0.0,11.0,0.0,Y,9.85,M,9.85,M,в 12:46 през “Складове и Стоки”,
6035,17,1,34151857,Климатех,"Тръба оребрена, 25х2, 2м.",,150.0,0.0,0.0,0.0,Y,47.08,L,47.08,L,в 15:00 през “Складове и Стоки”,
6035,18,1,36170622,Други (Електроника),Щекер  (LD),041225/7,0.0,0.0,11.0,0.0,Y,3.1,L,3.1,L,в 10:39 през “Редактирай Серийни/Партидни №”,
6035,19,1,36170622,Други (Електроника),Щекер  (LD),,11.0,0.0,11.0,0.0,Y,3.1,L,3.1,L,в 10:39 през “Редактирай Серийни/Партидни №”,
6035,20,1,36170622,Други (Електроника),Бобина прав ток 12W,041225/8,0.0,0.0,7.0,0.0,Y,24.82,L,24.82,L,в 10:40 през “Редактирай Серийни/Партидни №”,
6035,21,1,36170622,Други (Електроника),Бобина прав ток 12W,,7.0,0.0,7.0,0.0,Y,24.82,L,24.82,L,в 10:40 през “Редактирай Серийни/Партидни №”,
6035,22,1,42175454,Унител,захранване за DIN шина SDR-120-24 24V/5A,12,-1.0,0.0,0.0,0.0,Y,0.0,L,0.0,L,в 15:12 през “Редактирай Серийни/Партидни №”,
6082,0,1,42175454,Унител,захранване за DIN шина SDR-120-24 24V/5A,,3.0,0.0,0.0,0.0,Y,87.75,L,87.75,L,в 15:12 през “Складове и Стоки”,
6082,1,1,46024386,Фитинги - Щуцер на резба,Щуцер за маркуч 304 1/4“,090925/6,25.0,0.0,32.0,0.0,Y,1.0,L,1.0,L,в 12:10 през “Редактирай Серийни/Партидни №”,
6082,2,1,46024386,Фитинги - Щуцер на резба,Щуцер за маркуч 304 1/4“,,25.0,0.0,32.0,0.0,Y,1.0,L,1.0,L,в 12:10 през “Складове и Стоки”,
6082,3,1,46872367,Фитинги - Щуцер на резба,Връзка ъглова 1500  8/6“х1/4“,101225/3,-4.0,0.0,50.0,0.0,Y,0.0,L,0.0,L,в 09:21 през “Редактирай Серийни/Партидни №”,
6082,4,1,46872367,Фитинги - Щуцер на резба,Връзка ъглова 1500  8/6“х1/4“,,50.0,0.0,50.0,0.0,Y,0.0,L,0.0,L,в 09:21 през “Складове и Стоки”,
6082,5,1,46872367,Фитинги - Щуцер на резба,Връзка ъглова 1500  8/6“х1/4“,132465/1,-2.0,0.0,0.0,0.0,Y,0.0,L,0.0,L,в 09:21 през “Складове и Стоки”,
6082,6,1,46872367,Външна резба,Нипел намалител 316L 150LBS 1/2“х1/4“,201025/2,-3.0,0.0,0.0,0.0,Y,0.0,L,0.0,L,в 09:37 през “Складове и Стоки”,
6082,7,1,46872367,Външна резба,Нипел намалител 316L 150LBS 1/2“х1/4“,,0.0,0.0,11.0,0.0,Y,0.0,L,0.0,L,в 09:38 през “Складове и Стоки”,
6082,8,1,46872367,Външна резба,Нипел намалител 316L 150LBS 1/2“х1/4“,12,-2.0,0.0,0.0,0.0,Y,0.0,L,0.0,L,в 09:37 през “Складове и Стоки”,
6082,9,1,46872367,Външна резба,Нипел намалител 316L 150LBS 1/2“х1/4“,101225/1,-1.0,0.0,11.0,0.0,Y,0.0,L,0.0,L,в 09:38 през “Редактирай Серийни/Партидни №”,
6082,10,1,46872367,Тапи на резба,Тапа 304L резба 1/2``,16584381,5.0,0.0,23.0,0.0,Y,1.35,L,1.35,L,в 09:51 през “Редактирай Серийни/Партидни №”,
6082,11,1,46872367,Тапи на резба,Тапа 304L резба 1/2``,,5.0,0.0,23.0,0.0,Y,1.35,L,1.35,L,в 09:51 през “Складове и Стоки”,
6082,12,1,42690299,1.1.1. Части (Електролизьор),Плочa PP 500x500x20мм,4033/171125,2.0,0.0,6.0,0.0,Y,105.0,L,105.0,L,в 07:54 през “Редактирай Серийни/Партидни №”,
6082,13,1,42690299,1.1.1. Части (Електролизьор),Плочa PP 500x500x20мм,,2.0,0.0,6.0,0.0,Y,105.0,L,105.0,L,в 07:54 през “Складове и Стоки”,
6082,14,1,1313256701,М/Ж резба,Преход 316L резба М/Ж 1/2“х1/4“,,20.0,0.0,20.0,0.0,,0.0,L,1.94,L,,
6082,15,1,1313256701,М/Ж резба,Преход 316L резба М/Ж 3/4“х1/4“,,46.0,0.0,46.0,0.0,,0.0,L,6.9,L,,
6082,16,1,1313256701,М/Ж резба,Преход 316L резба М/Ж 3/4“х1/2“,,18.0,0.0,18.0,0.0,,0.0,L,,L,,
6082,17,1,1313256701,М/Ж резба,Преход 316L резба М/Ж 1“х1/2“,,11.0,0.0,11.0,0.0,,0.0,L,3.5,L,,
6082,18,1,1313256701,М/Ж резба,Преход 316L резба М/Ж 1 1/2“х1/2“,,1.0,0.0,1.0,0.0,,0.0,L,,L,,
6082,19,1,1313256701,2.2. Фитинги за заваряване,Полунипел 316L 150LBS 1/4“,,22.0,0.0,22.0,0.0,,0.0,L,,L,,
6082,20,1,1313256701,2.2. Фитинги за заваряване,Полунипел 316L 150LBS 1/2“,,14.0,0.0,14.0,0.0,,0.0,L,,L,,
6082,21,1,1313256701,2.2. Фитинги за заваряване,Полунипел 316L 150LBS 1“,,16.0,0.0,16.0,0.0,,0.0,L,2.52,L,,
6082,22,1,1313256701,2.2. Фитинги за заваряване,Полунипел 316L 150LBS 1 1/2“,,20.0,0.0,20.0,0.0,,0.0,L,5.41,L,,
6082,23,1,1313256701,Външна резба,Нипел намалител 316L 150LBS 1/4“х1/8“,,4.0,0.0,4.0,0.0,,0.0,L,,L,,
6082,24,1,1313256701,Външна резба,Нипел намалител 316L 150LBS 1/2“х1/4“,,11.0,0.0,11.0,0.0,,0.0,L,,L,,
6082,25,1,1313256701,Външна резба,Нипел намалител 316L 150LBS 1/2“х3/8“,,15.0,0.0,15.0,0.0,,0.0,L,,L,,
6082,26,1,1313256701,Външна резба,Нипел намалител 316L 150LBS 3/4“х1/2“,,12.0,0.0,12.0,0.0,,0.0,L,,L,,
6082,27,1,1313256701,Външна резба,Нипел намалител 316L 150LBS 1“х1/2“,,3.0,0.0,3.0,0.0,,0.0,L,6.05,L,,
6082,28,1,1313256701,Външна резба,Нипел намалител 316L 150LBS 2“х1“,,4.0,0.0,4.0,0.0,,0.0,L,,L,,
6082,29,1,1313256701,Външна резба,Нипел намалител 316L 150LBS 2“х1 1/4“,,4.0,0.0,4.0,0.0,,0.0,L,,L,,
6105,0,1,1313256701,Нипели на резба,Нипел шест. 316L резба 150LBS 1/4“,,21.0,0.0,21.0,0.0,,0.0,L,,L,,
6105,1,1,1313256701,Нипели на резба,Нипел шест. 316L резба 150LBS 1/2“,,0.0,0.0,0.0,0.0,,0.0,L,4.02,L,,
6105,2,1,1313256701,Нипели на резба,Нипел шест. 316L резба 150LBS 1“,,10.0,0.0,10.0,0.0,,0.0,L,6.38,L,,
6105,3,1,1313256701,Нипели на резба,Нипел шест. 316L резба 150LBS 1 1/2“,,0.0,0.0,0.0,0.0,,0.0,L,8.4,L,,
6105,4,1,1313256701,Нипели на резба,Нипел шест. 316L резба 150LBS 2“,,3.0,0.0,3.0,0.0,,0.0,L,,L,,
6105,5,1,1313256701,Вътрешна резба,Преход 316L резба вътрешна 150LBS 3/8“х1/4“,,7.0,0.0,7.0,0.0,,0.0,L,1.88,L,,
6105,6,1,1313256701,Вътрешна резба,Преход 316L резба вътрешна 150LBS 1/2“х1/8“,,2.0,0.0,2.0,0.0,,0.0,L,,L,,
6105,7,1,1313256701,Вътрешна резба,Преход 316L резба вътрешна 150LBS 1/2“х1/4“,,19.0,0.0,19.0,0.0,,0.0,L,,L,,
6105,8,1,1313256701,Вътрешна резба,Преход 316L резба вътрешна 150LBS 3/4“х1/2“,,6.0,0.0,6.0,0.0,,0.0,L,,L,,
6105,9,1,1313256701,Вътрешна резба,Преход 316L резба вътрешна 150LBS 1“х1/2“,,8.0,0.0,8.0,0.0,,0.0,L,,L,,
6105,10,1,1313256701,Вътрешна резба,Преход 316L резба вътрешна 150LBS 2“х1 1/2“,,2.0,0.0,2.0,0.0,,0.0,L,,L,,
6105,11,1,1313256701,Муфи на резба,Муфа 316L резба 150LBS 1/4“,,25.0,0.0,25.0,0.0,,0.0,L,,L,,
6105,12,1,1313256701,Муфи на резба,Муфа 316L резба 150LBS 1/2“,,16.0,0.0,16.0,0.0,,0.0,L,3.6,L,,
6105,13,1,1313256701,Муфи на резба,Муфа 316L резба 150LBS 3/4“,,8.0,0.0,8.0,0.0,,0.0,L,,L,,
6105,14,1,1313256701,Колена на резба,Коляно 90° 316L резба вътрешна 1/4“,,12.0,0.0,12.0,0.0,,0.0,L,,L,,
6105,15,1,1313256701,Колена на резба,Коляно 90° 316L резба вътрешна 1/2“,,39.0,0.0,39.0,0.0,,0.0,L,,L,,
6105,16,1,1313256701,Колена на резба,Коляно 90° 316L резба вътрешна 3/4“,,10.0,0.0,10.0,0.0,,0.0,L,,L,,
6105,17,1,1313256701,Колена на резба,Коляно 90° 316L резба вътрешна 1“,,5.0,0.0,5.0,0.0,,0.0,L,5.85,L,,
6105,18,1,1313256701,Колена на резба,Коляно 90° 316L резба вътрешна 1 1/2“,,0.0,0.0,0.0,0.0,,0.0,L,9.32,L,,
6105,19,1,1313256701,Колена на резба,Коляно 90° 316L резба М/Ж 1/4“,,15.0,0.0,15.0,0.0,,0.0,L,,L,,
6105,20,1,1313256701,Колена на резба,Коляно 90° 316L резба М/Ж 1/2“,,48.0,0.0,48.0,0.0,,0.0,L,3.91,L,,
6105,21,1,1313256701,Колена на резба,Коляно 45° 316L резба вътрешна 150LBS 1/2“,,3.0,0.0,3.0,0.0,,0.0,L,,L,,
6105,22,1,1313256701,Колена на резба,Коляно 45° 316L резба вътрешна 150LBS 1 1/2“,,0.0,0.0,0.0,0.0,,0.0,L,18.1,L,,
6105,23,1,1313256701,Холендри на резба,Холендър 316L резба М/Ж 150LBS 1 1/2“,,1.0,0.0,1.0,0.0,,0.0,L,,L,,
6105,24,1,1313256701,Холендри на резба,Холендър 316L резба М/Ж 150LBS 2“,,2.0,0.0,2.0,0.0,,0.0,L,,L,,
6105,25,1,1313256701,Холендри на резба,Холендър 316L резба вътрешна 3000LBS 1/2“,,8.0,0.0,8.0,0.0,,0.0,L,,L,,
6105,26,1,1313256701,Холендри на резба,Холендър 316L резба вътрешна 3000LBS 1“,,0.0,0.0,0.0,0.0,,0.0,L,,L,,
6105,27,1,1313256701,Холендри на резба,Холендър 316L резба вътрешна PTFE 150LBS 1 1/2“,,1.0,0.0,1.0,0.0,,0.0,L,,L,,
6105,28,1,1313256701,Холендри на резба,Холендър 316L резба вътрешна PTFE 150LBS 2“,,1.0,0.0,1.0,0.0,,0.0,L,,L,,
6105,29,1,1313256701,Холендри на резба,Холендър 316L резба вътрешна PTFE 150LBS 1/2“,,4.0,0.0,4.0,0.0,,0.0,L,14.85,L,,
6105,30,1,1313256701,Холендри на резба,Холендър 316L резба вътрешна PTFE 150LBS 1“,,4.0,0.0,4.0,0.0,,0.0,L,23.06,L,,
6105,31,1,1313256701,2.2. Фитинги за заваряване,Холендър 316L заварка PTFE 1“,,4.0,0.0,4.0,0.0,,0.0,L,35.16,L,,
6105,32,1,1313256701,Холендри на резба,Холендър 316L резба М/Ж PTFE 150LBS 2“,,6.0,0.0,6.0,0.0,,0.0,L,104.4,L,,
6107,0,1,1313256701,Тапи на резба,Тапа 316L резба 1/4“,,11.0,0.0,11.0,0.0,,0.0,L,,L,,
6107,1,1,1313256701,Тапи на резба,Тапа 316L резба 1/2“,,0.0,0.0,0.0,0.0,,0.0,L,1.89,L,,
6107,2,1,1313256701,Тапи на резба,Тапа 316L резба 1 1/4“,,2.0,0.0,2.0,0.0,,0.0,L,,L,,
6107,3,1,1313256701,Тапи на резба,Тапа 316L резба 2“,,2.0,0.0,2.0,0.0,,0.0,L,,L,,
6107,4,1,1313256701,Тройници на резба,Тройник 316L резба вътрешна 1/4“,,18.0,0.0,18.0,0.0,,0.0,L,,L,,
6107,5,1,1313256701,Тройници на резба,Тройник 316L резба вътрешна 1/2“,,52.0,0.0,52.0,0.0,,0.0,L,4.55,L,,
6107,6,1,1313256701,Кръстове на резба,Кръст 316L резба 1/2“,,2.0,0.0,2.0,0.0,,0.0,L,,L,,
6107,7,1,1313256701,Кръстове на резба,Кръст 316L резба 1“,,3.0,0.0,3.0,0.0,,0.0,L,,L,,
6107,8,1,1313256701,Кръстове на резба,Кръст 316L резба 1 1/4`,,7.0,0.0,7.0,0.0,,0.0,L,24.7,L,,
6107,9,1,1313256701,Капи на резба,Капа 316L резба 1/4“,,7.0,0.0,7.0,0.0,,0.0,L,,L,,
6107,10,1,1313256701,Капи на резба,Капа 316L резба 1/2“,,40.0,0.0,40.0,0.0,,0.0,L,,L,,
6107,11,1,1313256701,Крисметал,капа 102664 168.3х2,,10.0,0.0,10.0,0.0,,0.0,L,32.91,L,,
6107,12,1,1313256701,Вътрешна резба,Преход 316L резба вътрешна 150LBS 3/4“х1/4“,,66.0,0.0,66.0,0.0,,0.0,L,,L,,
6107,13,1,1313256701,2.6. Арматури,Филтър-Y на рез. 1/2“,,0.0,0.0,0.0,0.0,,0.0,L,36.2015,L,,
6107,14,1,1313256701,Фитинги - Щуцер на резба,Щуцер за маркуч 304 1/2“,,44.0,0.0,44.0,0.0,,0.0,L,1.83,L,,
6107,15,1,1313256701,ЛД,"Права връзка 1510 15/12,5-1/2",,0.0,0.0,0.0,0.0,,0.0,L,5.15,L,,
6107,16,1,1313256701,ЛД,Права връзка  1511 8/6-1/4,,0.0,0.0,0.0,0.0,,0.0,L,2.336,L,,
6107,17,1,1313256701,Муфи на резба,Муфа 304L резбa 150LBS  1/2``,,132.0,0.0,132.0,0.0,,0.0,L,2.64,L,,
6107,18,1,1313256701,Муфи на резба,Муфа 304L резбa 150LBS L45 1 1/2``,,16.0,0.0,16.0,0.0,,0.0,L,5.44,L,,
6107,19,1,1313256701,Тапи на резба,Тапа 304L резба 1/2``,,23.0,0.0,23.0,0.0,,0.0,L,1.35,L,,
6107,20,1,1313256701,М/Ж резба,Преход 304L резба М/Ж 1/2``x1/4``,,22.0,0.0,22.0,0.0,,0.0,L,1.94,L,,
6107,22,1,1313256701,Колена на резба,Коляно 90° 304L резба вътрешна 1 1/2“,,0.0,0.0,0.0,0.0,,0.0,L,1.0,L,,
6107,23,1,1313256701,Муфи на резба,Муфа 304L резбa 150LBS L42 1``,,18.0,0.0,18.0,0.0,,0.0,L,5.81,L,,
6107,24,1,1313256701,Муфи на резба,Муфа 304L резбa 150LBS L54 2``,,8.0,0.0,8.0,0.0,,0.0,L,8.16,L,,
6107,25,1,1313256701,М/Ж резба,Преход 316L резба М/Ж 1 1/4“-1/2“,,0.0,0.0,0.0,0.0,,0.0,L,17.83,L,,
6107,26,1,1313256701,Колена на резба,Коляно 90° 304L резба вътрешна 1 1/4“,,5.0,0.0,5.0,0.0,,0.0,L,1.0,L,,
6107,27,1,1313256701,Колена на резба,Коляно 90° 304L резба М/Ж 1 1/2“,,4.0,0.0,4.0,0.0,,0.0,L,1.0,L,,
6107,28,1,1313256701,Колена на резба,Коляно 90° 304L резба М/Ж 1 1/4“,,5.0,0.0,5.0,0.0,,0.0,L,1.0,L,,
6107,29,1,1313256701,Колена на резба,Коляно 90° 304L резба М/Ж 2“,,12.0,0.0,12.0,0.0,,0.0,L,1.0,L,,
6107,30,1,1313256701,Колена на резба,Коляно 90° 304L резба М/Ж 1/2“,,0.0,0.0,0.0,0.0,,0.0,L,1.0,L,,
6107,31,1,1313256701,Колена на резба,Коляно 90° 304L резба М/Ж 1“,,1.0,0.0,1.0,0.0,,0.0,L,1.0,L,,
6107,32,1,1313256701,Нипели на резба,Нипел шест. 304L резба 150LBS 1 1/4“,,5.0,0.0,5.0,0.0,,0.0,L,1.0,L,,
6107,33,1,1313256701,Нипели на резба,Нипел шест. 304L резба 150LBS 1/2“,,20.0,0.0,20.0,0.0,,0.0,L,1.8,L,,
6128,0,1,1313256701,Нипели на резба,Нипел шест. 304L резба 150LBS 1“,,8.0,0.0,8.0,0.0,,0.0,L,1.0,L,,
6128,1,1,1313256701,М/Ж резба,Преход 304L резба М/Ж 1“x1/2“,,4.0,0.0,4.0,0.0,,0.0,L,4.37,L,,
6128,2,1,1313256701,М/Ж резба,Преход 304L резба М/Ж 3/4“x1/2“,,6.0,0.0,6.0,0.0,,0.0,L,1.0,L,,
6128,3,1,1313256701,Тапи на резба,Тапа 304L резба 1 1/2“,,3.0,0.0,3.0,0.0,,0.0,L,5.71,L,,
6128,4,1,1313256701,Тапи на резба,Тапа 304L резба 1“,,3.0,0.0,3.0,0.0,,0.0,L,3.06,L,,
6128,5,1,1313256701,Тройници на резба,Тройник 304L резба вътрешна 1 1/2“,,6.0,0.0,6.0,0.0,,0.0,L,1.0,L,,
6128,6,1,1313256701,Тройници на резба,Тройник 304L резба вътрешна 1 1/4“,,6.0,0.0,6.0,0.0,,0.0,L,1.0,L,,
6128,7,1,1313256701,Тройници на резба,Тройник 304L резба вътрешна 1/2“,,0.0,0.0,0.0,0.0,,0.0,L,3.91,L,,
6128,8,1,1313256701,Тройници на резба,Тройник 304L резба вътрешна 1“,,20.0,0.0,20.0,0.0,,0.0,L,1.0,L,,
6128,9,1,1313256701,Тройници на резба,Тройник 304L резба вътрешна 3/4“,,6.0,0.0,6.0,0.0,,0.0,L,1.0,L,,
6128,10,1,1313256701,Тапи на резба,Тапа 304L резба 1/4“,,1.0,0.0,1.0,0.0,,0.0,L,1.0,L,,
6128,11,1,1313256701,Холендри на резба,Холендър 316L резба М/Ж PTFE 150LBS 1/2“,,1.0,0.0,1.0,0.0,,0.0,L,21.62,L,,
6128,12,1,1313256701,Фитинги - Щуцер на резба,Щуцер за маркуч 304 1/4“,,28.0,0.0,28.0,0.0,,0.0,L,1.0,L,,
6128,13,1,1313256701,Муфи на резба,Муфа 304L резба 150LBS 1/4“,,1.0,0.0,1.0,0.0,,0.0,L,1.49,L,,
6128,14,1,1313256701,Холендри на резба,Холендър 316L резба М/Ж PTFE 150LBS 1 1/2“,,5.0,0.0,5.0,0.0,,0.0,L,47.68,L,,
6128,15,1,1313256701,Муфи на резба,Муфа 316L резба 150LBS 1/2“,07082025,16.0,0.0,16.0,0.0,,0.0,L,3.6,L,,
6128,16,1,1313256701,Тройници на резба,Тройник 316L резба вътрешна 1/2“,07082025,25.0,0.0,25.0,0.0,,0.0,L,4.548,L,,
6128,17,1,1313256701,Колена на резба,Коляно 90° 316L резба М/Ж 1/2“,07082025,8.0,0.0,8.0,0.0,,0.0,L,3.912,L,,
6128,18,1,1313256701,Муфи на резба,Муфа 304L резбa 150LBS  1/2``,16818,0.0,0.0,0.0,0.0,,0.0,L,1.53,L,,
6128,19,1,1313256701,Муфи на резба,Муфа 304L резбa 150LBS L42 1``,56198161,0.0,0.0,0.0,0.0,,0.0,L,5.81,L,,
6128,20,1,1313256701,М/Ж резба,Преход 304L резба М/Ж 1/2``x1/4``,16981613,9.0,0.0,9.0,0.0,,0.0,L,1.75,L,,
6128,21,1,1313256701,Тапи на резба,Тапа 304L резба 1/2``,16584381,23.0,0.0,23.0,0.0,,0.0,L,1.35,L,,
6128,22,1,1313256701,Колена на резба,Коляно 90° 304L резба вътрешна 1 1/2“,169835468,0.0,0.0,0.0,0.0,,0.0,L,1.0,L,,
6128,23,1,1313256701,Колена на резба,Коляно 90° 304L резба вътрешна 1 1/4“,16984615,5.0,0.0,5.0,0.0,,0.0,L,1.0,L,,
6128,24,1,1313256701,Колена на резба,Коляно 90° 304L резба М/Ж 1 1/2“,16813615,4.0,0.0,4.0,0.0,,0.0,L,1.0,L,,
6128,25,1,1313256701,Колена на резба,Коляно 90° 304L резба М/Ж 1 1/4“,16846425,5.0,0.0,5.0,0.0,,0.0,L,1.0,L,,
6128,26,1,1313256701,Колена на резба,Коляно 90° 304L резба М/Ж 2“,1684354,12.0,0.0,12.0,0.0,,0.0,L,1.0,L,,
6128,27,1,1313256701,Колена на резба,Коляно 90° 304L резба М/Ж 1/2“,263836135,0.0,0.0,0.0,0.0,,0.0,L,1.0,L,,
6128,28,1,1313256701,Колена на резба,Коляно 90° 304L резба М/Ж 1“,16843651,1.0,0.0,1.0,0.0,,0.0,L,1.0,L,,
6128,29,1,1313256701,Нипели на резба,Нипел шест. 304L резба 150LBS 1 1/4“,138546123,5.0,0.0,5.0,0.0,,0.0,L,1.0,L,,
6128,30,1,1313256701,Нипели на резба,Нипел шест. 304L резба 150LBS 1/2“,3681312,0.0,0.0,0.0,0.0,,0.0,L,2.16,L,,
6128,31,1,1313256701,Нипели на резба,Нипел шест. 304L резба 150LBS 1“,135843612,8.0,0.0,8.0,0.0,,0.0,L,1.0,L,,
6128,32,1,1313256701,М/Ж резба,Преход 304L резба М/Ж 1“x1/2“,684625513,4.0,0.0,4.0,0.0,,0.0,L,4.37,L,,
6130,0,1,1313256701,М/Ж резба,Преход 304L резба М/Ж 3/4“x1/2“,168453146,6.0,0.0,6.0,0.0,,0.0,L,1.0,L,,
6130,1,1,1313256701,Тапи на резба,Тапа 304L резба 1 1/2“,354136123,3.0,0.0,3.0,0.0,,0.0,L,5.71,L,,
6130,2,1,1313256701,Тапи на резба,Тапа 304L резба 1“,16846123,3.0,0.0,3.0,0.0,,0.0,L,3.06,L,,
6130,3,1,1313256701,Тройници на резба,Тройник 304L резба вътрешна 1 1/2“,16841351,6.0,0.0,6.0,0.0,,0.0,L,1.0,L,,
6130,4,1,1313256701,Тройници на резба,Тройник 304L резба вътрешна 1 1/4“,36814861,6.0,0.0,6.0,0.0,,0.0,L,1.0,L,,
6130,5,1,1313256701,Тройници на резба,Тройник 304L резба вътрешна 1/2“,10614665,0.0,0.0,0.0,0.0,,0.0,L,3.91,L,,
6130,6,1,1313256701,Тройници на резба,Тройник 304L резба вътрешна 1“,16814681,20.0,0.0,20.0,0.0,,0.0,L,1.0,L,,
6130,7,1,1313256701,Тройници на резба,Тройник 304L резба вътрешна 3/4“,16813512,6.0,0.0,6.0,0.0,,0.0,L,1.0,L,,
6130,8,1,1313256701,Тапи на резба,Тапа 304L резба 1/4“,16816512,1.0,0.0,1.0,0.0,,0.0,L,1.0,L,,
6130,9,1,1313256701,Нипели на резба,Нипел шест. 304L резба 150LBS 1/2“,10142820/19082025,0.0,0.0,0.0,0.0,,0.0,L,2.16,L,,
6130,10,1,1313256701,Муфи на резба,Муфа 304L резбa 150LBS L42 1``,10142820/19082025,12.0,0.0,12.0,0.0,,0.0,L,5.81,L,,
6130,11,1,1313256701,2.2. Фитинги за заваряване,Холендър 316L заварка PTFE 1“,10143120/27082025/1,4.0,0.0,4.0,0.0,,0.0,L,35.16,L,,
6130,12,1,1313256701,Холендри на резба,Холендър 316L резба М/Ж PTFE 150LBS 2“,10143120/27082025/2,6.0,0.0,6.0,0.0,,0.0,L,104.4,L,,
6130,13,1,1313256701,Холендри на резба,Холендър 316L резба М/Ж PTFE 150LBS 1/2“,10143120/27082025/3,1.0,0.0,1.0,0.0,,0.0,L,21.62,L,,
6130,14,1,1313256701,Външна резба,Нипел намалител 316L 150LBS 1/2“х1/4“,12,0.0,0.0,0.0,0.0,,0.0,L,0.0,L,,
6130,15,1,1313256701,Нипели на резба,Нипел шест. 304L резба 150LBS 1/2“,143284/02092025/1,0.0,0.0,0.0,0.0,,0.0,L,2.16,L,,
6130,16,1,1313256701,Нипели на резба,Нипел шест. 316L резба 150LBS 1/2“,143284/02092025/2,0.0,0.0,0.0,0.0,,0.0,L,4.02,L,,
6130,17,1,1313256701,Колена на резба,Коляно 90° 316L резба М/Ж 1/2“,143284/02092025/3,40.0,0.0,40.0,0.0,,0.0,L,3.912,L,,
6130,18,1,1313256701,Муфи на резба,Муфа 304L резбa 150LBS  1/2``,143284/02092025/4,50.0,0.0,50.0,0.0,,0.0,L,2.64,L,,
6130,19,1,1313256701,М/Ж резба,Преход 304L резба М/Ж 1/2``x1/4``,143284/02092025/5,13.0,0.0,13.0,0.0,,0.0,L,1.94,L,,
6130,20,1,1313256701,М/Ж резба,Преход 316L резба М/Ж 1/2“х1/4“,143284/02092025/6,20.0,0.0,20.0,0.0,,0.0,L,1.94,L,,
6130,21,1,1313256701,Тройници на резба,Тройник 316L резба вътрешна 1/2“,143284/02092025/7,27.0,0.0,27.0,0.0,,0.0,L,4.548,L,,
6130,22,1,1313256701,М/Ж резба,Преход 316L резба М/Ж 3/4“х1/2“,12345/1,18.0,0.0,18.0,0.0,,0.0,L,0.0,L,,
6130,23,1,1313256701,Фитинги - Щуцер на резба,Щуцер за маркуч 304 1/2“,061125/1,44.0,0.0,44.0,0.0,,0.0,L,1.83,L,,
6130,24,1,1313256701,Фитинги - Щуцер на резба,Щуцер за маркуч 304 1/4“,090925/6,28.0,0.0,28.0,0.0,,0.0,L,1.0,L,,
6130,25,1,1313256701,Нипели на резба,Нипел шест. 316L резба 150LBS 1“,10143532/110925/100806,10.0,0.0,10.0,0.0,,0.0,L,6.38,L,,
6130,26,1,1313256701,Муфи на резба,Муфа 304L резба 150LBS 1/4“,10143532/110925/1.4,1.0,0.0,1.0,0.0,,0.0,L,1.49,L,,
6130,27,1,1313256701,Муфи на резба,Муфа 304L резбa 150LBS  1/2``,10143532/110925/1.2,82.0,0.0,82.0,0.0,,0.0,L,2.64,L,,
6130,28,1,1313256701,Муфи на резба,Муфа 304L резбa 150LBS L42 1``,10143532/110925/1.,6.0,0.0,6.0,0.0,,0.0,L,5.81,L,,
6130,29,1,1313256701,Муфи на резба,Муфа 304L резбa 150LBS L45 1 1/2``,10143532/110925/1.1/2,16.0,0.0,16.0,0.0,,0.0,L,5.44,L,,
6134,0,1,1313256701,Муфи на резба,Муфа 304L резбa 150LBS L54 2``,10143532/110925/2.,8.0,0.0,8.0,0.0,,0.0,L,8.16,L,,
6134,1,1,1313256701,М/Ж резба,Преход 316L резба М/Ж 3/4“х1/4“,10143532/110925/1,10.0,0.0,10.0,0.0,,0.0,L,6.9,L,,
6134,2,1,1313256701,2.2. Фитинги за заваряване,Полунипел 316L 150LBS 1 1/2“,10143532/110925/pn1.1/2`,20.0,0.0,20.0,0.0,,0.0,L,5.41,L,,
6134,3,1,1313256701,Вътрешна резба,Преход 316L резба вътрешна 150LBS 3/4“х1/2“,230925/4,-6.0,0.0,-6.0,0.0,,0.0,L,0.0,L,,
6134,4,1,1313256701,Вътрешна резба,Преход 316L резба вътрешна 150LBS 1/2“х1/4“,230925/5,-3.0,0.0,-3.0,0.0,,0.0,L,0.0,L,,
6134,5,1,1313256701,Колена на резба,Коляно 90° 316L резба вътрешна 1/4“,260925/1,12.0,0.0,12.0,0.0,,0.0,L,0.0,L,,
6134,6,1,1313256701,Холендри на резба,Холендър 316L резба вътрешна 3000LBS 1/2“,300925,8.0,0.0,8.0,0.0,,0.0,L,0.0,L,,
6134,7,1,1313256701,Вътрешна резба,Преход 316L резба вътрешна 150LBS 1/2“х1/4“,131025,-2.0,0.0,-2.0,0.0,,0.0,L,0.0,L,,
6134,8,1,1313256701,Кръстове на резба,Кръст 316L резба 1 1/4`,10144596/101025/2,7.0,0.0,7.0,0.0,,0.0,L,24.7,L,,
6134,9,1,1313256701,Тройници на резба,Тройник 316L резба вътрешна 1/4“,201025/1,-0.0,0.0,-0.0,0.0,,0.0,L,0.0,L,,
6134,10,1,1313256701,Външна резба,Нипел намалител 316L 150LBS 1/2“х1/4“,201025/2,0.0,0.0,0.0,0.0,,0.0,L,0.0,L,,
6134,11,1,1313256701,Колена на резба,Коляно 90° 316L резба М/Ж 1/4“,201025/3,-3.0,0.0,-3.0,0.0,,0.0,L,0.0,L,,
6134,12,1,1313256701,Вътрешна резба,Преход 316L резба вътрешна 150LBS 1/2“х1/8“,201025/4,-2.0,0.0,-2.0,0.0,,0.0,L,0.0,L,,
6134,13,1,1313256701,Холендри на резба,Холендър 316L резба М/Ж PTFE 150LBS 1 1/2“,10145394/291025,5.0,0.0,5.0,0.0,,0.0,L,47.68,L,,
6134,14,1,1313256701,Тройници на резба,Тройник 316L резба вътрешна 1/4“,031125,18.0,0.0,18.0,0.0,,0.0,L,0.0,L,,
6134,15,1,1313256701,Колена на резба,Коляно 90° 316L резба вътрешна 1/2“,101125/1,39.0,0.0,39.0,0.0,,0.0,L,0.0,L,,
6134,16,1,1313256701,Вътрешна резба,Преход 316L резба вътрешна 150LBS 1/2“х1/4“,201125/1,-1.0,0.0,-1.0,0.0,,0.0,L,0.0,L,,
6134,17,1,1313256701,Външна резба,Нипел намалител 316L 150LBS 1/2“х1/4“,101225/1,11.0,0.0,11.0,0.0,,0.0,L,0.0,L,,
6134,18,1,1313256701,Нипели на резба,Нипел шест. 316L резба 150LBS 1/4“,101225/2,-4.0,0.0,-4.0,0.0,,0.0,L,0.0,L,,
6134,19,1,1313256701,Нипели на резба,Нипел шест. 304L резба 150LBS 1/2“,10147297/101225,20.0,0.0,20.0,0.0,,0.0,L,1.8,L,,
6134,20,1,1313359202,М16,Гайка самоос. 10 vZn М16,,200.0,0.0,200.0,0.0,,0.0,L,0.69,L,,
6134,21,1,1313359202,М16,Гайка шест. 8 Bl. М16,,370.0,0.0,370.0,0.0,,0.0,L,0.12,L,,
6134,22,1,1313359202,М16,Шпилка М16,,22.0,0.0,22.0,0.0,,0.0,L,16.94,L,,
6134,23,1,1313359202,М16,Болт с шест.гл. 8.8 vZn М16х60,,94.0,0.0,94.0,0.0,,0.0,L,,L,,
6134,24,1,1313359202,М16,Болт с шест.гл. 8.8 vZn М16х40,,124.0,0.0,124.0,0.0,,0.0,L,0.48,L,,
6134,25,1,1313359202,М16,Болт с шест.гл. 8.8 vZn М16х45,,28.0,0.0,28.0,0.0,,0.0,L,,L,,
6134,26,1,1313359202,М16,Болт с шест.гл. 8.8 vZn М16х50,,100.0,0.0,100.0,0.0,,0.0,L,0.55,L,,
6134,27,1,1313359202,М16,Гайка самоос. 8 vZn М16,,145.0,0.0,145.0,0.0,,0.0,L,,L,,
6134,28,1,1313359202,М16,Шайба подложна vZn М16,,868.0,0.0,868.0,0.0,,0.0,L,0.05,L,,
6134,29,1,1313359202,М16,Шайба с широка периферия vZn M16,,182.0,0.0,182.0,0.0,,0.0,L,,L,,
6134,30,1,1313359202,М16,Шайба пружинна-федер vZn М16,,438.0,0.0,438.0,0.0,,0.0,L,,L,,
6134,31,1,1313359202,М16,Болт с шест.гл. А2 М16х60,,386.0,0.0,386.0,0.0,,0.0,L,,L,,
6134,32,1,1313359202,М16,Гайка шест. А2 М16,,480.0,0.0,480.0,0.0,,0.0,L,,L,,
6137,0,1,1313359202,М16,Шайба подложна А2 М16,,919.0,0.0,919.0,0.0,,0.0,L,,L,,
6137,1,1,1313359202,М16,Шайба пружинна А2 М16,,463.0,0.0,463.0,0.0,,0.0,L,,L,,
6137,2,1,1313359202,М12,Болт с шест.гл. 8.8 vZn М12х100,,140.0,0.0,140.0,0.0,,0.0,L,0.47,L,,
6137,3,1,1313359202,М12,Болт с шест.гл. 8.8 vZn М12х60,,116.0,0.0,116.0,0.0,,0.0,L,0.31,L,,
6137,4,1,1313359202,М12,Болт с шест.гл. 8.8 vZn М12х45,,112.0,0.0,112.0,0.0,,0.0,L,0.2597,L,,
6137,5,1,1313359202,М12,Болт с шест.гл. 8.8 vZn М12х40,,153.0,0.0,153.0,0.0,,0.0,L,0.24,L,,
6137,6,1,1313359202,М12,Болт с шест.гл. 8.8 vZn М12х25,,267.0,0.0,267.0,0.0,,0.0,L,,L,,
6137,7,1,1313359202,М12,Гайка шест. 8 vZn М12,,574.0,0.0,574.0,0.0,,0.0,L,0.054,L,,
6137,8,1,1313359202,ИТТ,Шайба пружинна vZn-М12,,127.0,0.0,127.0,0.0,,0.0,L,,L,,
6137,9,1,1313359202,М12,Шайба подложна vZn М12,,781.0,0.0,781.0,0.0,,0.0,L,0.029,L,,
6137,10,1,1313359202,М12,Болт с шест.гл. А2 М12х50,,854.0,0.0,854.0,0.0,,0.0,L,,L,,
6137,11,1,1313359202,М12,Гайка шест. А2 М12,,770.0,0.0,770.0,0.0,,0.0,L,,L,,
6137,12,1,1313359202,М12,Шайба подложна А2 М12,,1815.0,0.0,1815.0,0.0,,0.0,L,,L,,
6137,13,1,1313359202,М12,Шайба пружинна А2 М12,,513.0,0.0,513.0,0.0,,0.0,L,,L,,
6137,14,1,1313359202,М12,Болт с шест.гл. А2 М12х100,,69.0,0.0,69.0,0.0,,0.0,L,,L,,
6137,15,1,1313359202,М6,Болт с шест.гл. 8.8 vZn М6х90,,158.0,0.0,158.0,0.0,,0.0,L,,L,,
6137,16,1,1313359202,М6,Болт с шест.гл. 8.8 vZn М6х70,,102.0,0.0,102.0,0.0,,0.0,L,,L,,
6137,17,1,1313359202,М6,Болт с шест.гл. 8.8 vZn М6х65,,200.0,0.0,200.0,0.0,,0.0,L,,L,,
6137,18,1,1313359202,М6,Болт с шест.гл. 8.8 vZn М6х60,,148.0,0.0,148.0,0.0,,0.0,L,0.07,L,,
6137,19,1,1313359202,М6,Болт с шест.гл. 8.8 vZn М6х50,,108.0,0.0,108.0,0.0,,0.0,L,,L,,
6137,20,1,1313359202,М6,Болт с шест.гл. 8.8 vZn М6х35,,490.0,0.0,490.0,0.0,,0.0,L,,L,,
6137,21,1,1313359202,М6,Болт с шест.гл. 8.8 vZn М6х25,,95.0,0.0,95.0,0.0,,0.0,L,,L,,
6137,22,1,1313359202,М6,Болт с шест.гл. 8.8 vZn М6х16,,500.0,0.0,500.0,0.0,,0.0,L,,L,,
6137,23,1,1313359202,М6,Винт с лещ.гл. 4.8 vZn М6х35,,488.0,0.0,488.0,0.0,,0.0,L,,L,,
6137,24,1,1313359202,М6,Винт с лещ.гл. 4.8 vZn М6х16,,420.0,0.0,420.0,0.0,,0.0,L,,L,,
6137,25,1,1313359202,М6,Винт с върт.шест. 8.8 vZn М6х60,,77.0,0.0,77.0,0.0,,0.0,L,,L,,
6137,26,1,1313359202,М6,Шайба подложна vZn М6,,476.0,0.0,476.0,0.0,,0.0,L,,L,,
6137,27,1,1313359202,М6,Шайба пружинна vZn М6,,83.0,0.0,83.0,0.0,,0.0,L,,L,,
6137,28,1,1313359202,М6,Шайба с широка периферия vZn М6,,168.0,0.0,168.0,0.0,,0.0,L,,L,,
6137,29,1,1313359202,М6,Гайка самоос. 8 vZn М6,,60.0,0.0,60.0,0.0,,0.0,L,,L,,
6137,30,1,1313359202,М6,Гайка шест. 8 vZn М6,,386.0,0.0,386.0,0.0,,0.0,L,,L,,
6137,31,1,1313359202,М10,Болт с шест.гл. 8.8 vZn М10х45,,140.0,0.0,140.0,0.0,,0.0,L,,L,,
6137,32,1,1313359202,М10,Болт с шест.гл. 8.8 vZn М10х40,,150.0,0.0,150.0,0.0,,0.0,L,0.17,L,,
6137,33,1,1313359202,М10,Болт с шест.гл. 8.8 vZn М10х30,,100.0,0.0,100.0,0.0,,0.0,L,0.14,L,,
6137,34,1,1313359202,М10,Болт с шест.гл. А2 М10х30,,40.0,0.0,40.0,0.0,,0.0,L,,L,,
6137,35,1,1313359202,М10,Гайка шест. 8 vZn М10,,278.0,0.0,278.0,0.0,,0.0,L,0.04,L,,
6137,36,1,1313359202,М10,Шайба подложна vZn М10,,279.0,0.0,279.0,0.0,,0.0,L,0.02,L,,
6137,37,1,1313359202,М10,Шайба с широка периферия vZn М10,,100.0,0.0,100.0,0.0,,0.0,L,,L,,
6137,38,1,1313359202,М10,Гайка шест. А2 М10,,53.0,0.0,53.0,0.0,,0.0,L,,L,,
6140,0,1,1313359202,М10,Шайба пружинна А2 М10,,13.0,0.0,13.0,0.0,,0.0,L,,L,,
6140,1,1,1313359202,М8,Болт с шест.гл. 8.8 vZn М8х25,,82.0,0.0,82.0,0.0,,0.0,L,,L,,
6140,2,1,1313359202,М8,Болт с шест.гл. 8.8 vZn М8х20,,120.0,0.0,120.0,0.0,,0.0,L,0.07,L,,
6140,3,1,1313359202,М8,Болт с шест.гл. 8.8 vZn М8х16,,50.0,0.0,50.0,0.0,,0.0,L,0.06,L,,
6140,4,1,1313359202,М8,Гайка шест. 8 vZn М8,,308.0,0.0,308.0,0.0,,0.0,L,,L,,
6140,5,1,1313359202,М8,Шайба подложна vZn М8,,135.0,0.0,135.0,0.0,,0.0,L,0.01,L,,
6140,6,1,1313359202,М8,Шайба с широка периферия vZn М8,,162.0,0.0,162.0,0.0,,0.0,L,,L,,
6140,7,1,1313359202,М8,Шайба пружинна vZn М8,,175.0,0.0,175.0,0.0,,0.0,L,,L,,
6140,8,1,1313359202,М5,Винт с лещ.гл. 4.8 vZn М5х25,,465.0,0.0,465.0,0.0,,0.0,L,,L,,
6140,9,1,1313359202,М5,Винт с лещ.гл. 4.8 vZn М5х20,,497.0,0.0,497.0,0.0,,0.0,L,,L,,
6140,10,1,1313359202,М5,Винт с лещ.гл. 4.8 vZn М5х16,,480.0,0.0,480.0,0.0,,0.0,L,,L,,
6140,11,1,1313359202,М5,Винт с лещ.гл. 4.8 vZn М5х12,,500.0,0.0,500.0,0.0,,0.0,L,,L,,
6140,12,1,1313359202,М5,"Винт самопр. vZn М5,5х32",,138.0,0.0,138.0,0.0,,0.0,L,,L,,
6140,13,1,1313359202,М5,Шайба с широка периферия vZn М5,,200.0,0.0,200.0,0.0,,0.0,L,,L,,
6140,14,1,1313359202,ИТТ,"самопробивен винт цинк  М 4,8х50",,75.0,0.0,75.0,0.0,,0.0,L,,L,,
6140,16,1,1313359202,М8,Винт за дърво М8х60,,0.0,0.0,0.0,0.0,,0.0,L,0.0,L,,
6140,17,1,1313359202,Винтове,"Винт самонарезен с шайба vZn ф4,2x13",,300.0,0.0,300.0,0.0,,0.0,L,0.09,L,,
6140,18,1,1313359202,М16,Шайба пружинна gvZn М16,,0.0,0.0,0.0,0.0,,0.0,L,0.4,L,,
6140,19,1,1313359202,М5,Щекер пружинен vZn ф5/20.1-26,,0.0,0.0,0.0,0.0,,0.0,L,0.73,L,,
6140,20,1,1313359202,М16,Болт с шест.гл. 8.8 vZn M16x55,,100.0,0.0,100.0,0.0,,0.0,L,0.59,L,,
6140,21,1,1313359202,М8,Болт с шест.гл. 8.8 vZn М8х35,,96.0,0.0,96.0,0.0,,0.0,L,0.09,L,,
6140,22,1,1313359202,1.1.2. Крепежи (Електролизьор),Ринг гайка DIN582 C15 vZn M24,,4.0,0.0,4.0,0.0,,0.0,L,7.6,L,,
6140,23,1,1313359202,М16,Гайка шест. 10 Bl. М16,,100.0,0.0,100.0,0.0,,0.0,L,0.18,L,,
6140,24,1,1313359202,М3,Болт с шест.гл. А2 М3х25,,0.0,0.0,0.0,0.0,,0.0,L,0.09,L,,
6140,25,1,1313359202,М3,Гайка шест. А2 М3,,0.0,0.0,0.0,0.0,,0.0,L,0.02,L,,
6140,26,1,1313359202,Винтове,"Винт самопробивен с шайба ф4,2х13",,1000.0,0.0,1000.0,0.0,,0.0,L,0.01,L,,
6140,27,1,1313359202,М6,Болт с шест.гл. А2 М6х40,,0.0,0.0,0.0,0.0,,0.0,L,0.18,L,,
6140,28,1,1313359202,М12,Болт с шест.гл. 8.8 vZn М12х25,12345,267.0,0.0,267.0,0.0,,0.0,L,0.0,L,,
6140,29,1,1313359202,М12,Гайка шест. 8 vZn М12,12345,0.0,0.0,0.0,0.0,,0.0,L,5.4,L,,
6140,30,1,1313359202,М8,Гайка шест. 8 vZn М8,12345,308.0,0.0,308.0,0.0,,0.0,L,0.0,L,,
6140,31,1,1313359202,М12,Болт с шест.гл. 8.8 vZn М12х45,12345/12,112.0,0.0,112.0,0.0,,0.0,L,25.97,L,,
6140,32,1,1313359202,ИТТ,Шайба пружинна vZn-М12,12345/15,0.0,0.0,0.0,0.0,,0.0,L,0.0,L,,
6140,33,1,1313359202,М16,Шайба пружинна gvZn М16,10505475/020925,0.0,0.0,0.0,0.0,,0.0,L,0.48228,L,,
6140,34,1,1313359202,М6,Гайка шест. 8 vZn М6,090925/1,-30.0,0.0,-30.0,0.0,,0.0,L,0.0,L,,
6140,35,1,1313359202,М6,Болт с шест.гл. 8.8 vZn М6х70,090925/2,102.0,0.0,102.0,0.0,,0.0,L,0.0,L,,
6140,36,1,1313359202,М6,Болт с шест.гл. 8.8 vZn М6х90,090925/3,158.0,0.0,158.0,0.0,,0.0,L,0.0,L,,
6143,0,1,1313359202,М8,Болт с шест.гл. 8.8 vZn М8х25,090925/16,82.0,0.0,82.0,0.0,,0.0,L,0.0,L,,
6143,1,1,1313359202,М6,Винт с лещ.гл. 4.8 vZn М6х16,230925/1,420.0,0.0,420.0,0.0,,0.0,L,0.0,L,,
6143,2,1,1313359202,М8,Шайба с широка периферия vZn М8,230925/2,162.0,0.0,162.0,0.0,,0.0,L,0.0,L,,
6143,3,1,1313359202,М6,Винт с лещ.гл. 4.8 vZn М6х35,230925/3,488.0,0.0,488.0,0.0,,0.0,L,0.0,L,,
6143,4,1,1313359202,М16,Гайка шест. 8 Bl. М16,090825/12,0.0,0.0,0.0,0.0,,0.0,L,0.0,L,,
6143,5,1,1313359202,М16,Гайка самоос. 10 vZn М16,080825/13,100.0,0.0,100.0,0.0,,0.0,L,0.692,L,,
6143,7,1,1313359202,М16,Гайка шест. 8 Bl. М16,10511494/230925/2,0.0,0.0,0.0,0.0,,0.0,L,0.2118,L,,
6143,8,1,1313359202,М16,Гайка самоос. 10 vZn М16,10511494/230925/3,0.0,0.0,0.0,0.0,,0.0,L,0.692,L,,
6143,9,1,1313359202,М16,Болт с шест.гл. 8.8 vZn М16х40,011025,0.0,0.0,0.0,0.0,,0.0,L,0.0,L,,
6143,10,1,1313359202,М6,Шайба подложна vZn М6,031025/1,476.0,0.0,476.0,0.0,,0.0,L,0.0,L,,
6143,11,1,1313359202,М6,Гайка шест. 8 vZn М6,031025/2,426.0,0.0,426.0,0.0,,0.0,L,0.0,L,,
6143,12,1,1313359202,М6,Болт с шест.гл. 8.8 vZn М6х60,031025/3,0.0,0.0,0.0,0.0,,0.0,L,0.0,L,,
6143,13,1,1313359202,Винтове,"Винт самонарезен с шайба vZn ф4,2x13",10514758/021025,300.0,0.0,300.0,0.0,,0.0,L,0.09,L,,
6143,14,1,1313359202,М16,Болт с шест.гл. 8.8 vZn М16х60,081025/1,94.0,0.0,94.0,0.0,,0.0,L,0.0,L,,
6143,15,1,1313359202,М16,Болт с шест.гл. 8.8 vZn M16x55,340045082/081025,0.0,0.0,0.0,0.0,,0.0,L,0.71,L,,
6143,16,1,1313359202,ИТТ,Шайба пружинна vZn-М12,091025/1,127.0,0.0,127.0,0.0,,0.0,L,0.0,L,,
6143,17,1,1313359202,М12,Гайка шест. 8 vZn М12,091025/2,574.0,0.0,574.0,0.0,,0.0,L,5.4,L,,
6143,18,1,1313359202,М12,Болт с шест.гл. 8.8 vZn М12х100,091025/3,40.0,0.0,40.0,0.0,,0.0,L,0.0,L,,
6143,19,1,1313359202,М5,Щекер пружинен vZn ф5/20.1-26,340044944/011025,0.0,0.0,0.0,0.0,,0.0,L,0.73,L,,
6143,20,1,1313359202,М16,Болт с шест.гл. 8.8 vZn М16х50,101025,0.0,0.0,0.0,0.0,,0.0,L,0.0,L,,
6143,21,1,1313359202,М12,Болт с шест.гл. 8.8 vZn М12х40,151025,53.0,0.0,53.0,0.0,,0.0,L,0.0,L,,
6143,22,1,1313359202,М6,Шайба подложна vZn М6,151025/2,-0.0,0.0,-0.0,0.0,,0.0,L,0.0,L,,
6143,23,1,1313359202,М6,Гайка шест. 8 vZn М6,151025/3,-10.0,0.0,-10.0,0.0,,0.0,L,0.0,L,,
6143,24,1,1313359202,М6,Болт с шест.гл. 8.8 vZn М6х25,151025/4,95.0,0.0,95.0,0.0,,0.0,L,0.0,L,,
6143,25,1,1313359202,М8,Шайба пружинна vZn М8,201025/6,175.0,0.0,175.0,0.0,,0.0,L,0.0,L,,
6143,26,1,1313359202,М8,Шайба подложна vZn М8,201025/7,0.0,0.0,0.0,0.0,,0.0,L,0.0,L,,
6143,27,1,1313359202,М16,Болт с шест.гл. 8.8 vZn М16х45,250725,28.0,0.0,28.0,0.0,,0.0,L,0.0,L,,
6143,28,1,1313359202,М16,Шайба пружинна-федер vZn М16,241025/1,438.0,0.0,438.0,0.0,,0.0,L,0.0,L,,
6143,29,1,1313359202,М16,Шайба подложна vZn М16,241025/2,0.0,0.0,0.0,0.0,,0.0,L,0.0,L,,
6143,30,1,1313359202,М16,Гайка самоос. 8 vZn М16,241025/3,145.0,0.0,145.0,0.0,,0.0,L,0.0,L,,
6143,31,1,1313359202,М16,Шайба с широка периферия vZn M16,241025/4,182.0,0.0,182.0,0.0,,0.0,L,0.0,L,,
6143,32,1,1313359202,М10,Болт с шест.гл. 8.8 vZn М10х40,241025/5,50.0,0.0,50.0,0.0,,0.0,L,0.0,L,,
6143,33,1,1313359202,М10,Болт с шест.гл. 8.8 vZn М10х45,241025/6,140.0,0.0,140.0,0.0,,0.0,L,0.0,L,,
6143,34,1,1313359202,М10,Гайка шест. 8 vZn М10,241025/7,78.0,0.0,78.0,0.0,,0.0,L,0.0,L,,
6143,35,1,1313359202,М10,Шайба подложна vZn М10,241025/8,79.0,0.0,79.0,0.0,,0.0,L,0.0,L,,
6145,0,1,1313359202,М10,Шайба с широка периферия vZn М10,241025/9,100.0,0.0,100.0,0.0,,0.0,L,0.0,L,,
6145,1,1,1313359202,М12,Болт с шест.гл. 8.8 vZn М12х60,241025/10,16.0,0.0,16.0,0.0,,0.0,L,0.0,L,,
6145,2,1,1313359202,М12,Шайба подложна vZn М12,241025/11,781.0,0.0,781.0,0.0,,0.0,L,2.9,L,,
6145,3,1,1313359202,М5,Винт с лещ.гл. 4.8 vZn М5х12,241025/12,500.0,0.0,500.0,0.0,,0.0,L,0.0,L,,
6145,4,1,1313359202,М5,Винт с лещ.гл. 4.8 vZn М5х20,241025/13,497.0,0.0,497.0,0.0,,0.0,L,0.0,L,,
6145,5,1,1313359202,М5,Винт с лещ.гл. 4.8 vZn М5х25,241025/14,465.0,0.0,465.0,0.0,,0.0,L,0.0,L,,
6145,6,1,1313359202,М5,Винт с лещ.гл. 4.8 vZn М5х16,241025/14,480.0,0.0,480.0,0.0,,0.0,L,0.0,L,,
6145,7,1,1313359202,М5,"Винт самопр. vZn М5,5х32",241025/15,138.0,0.0,138.0,0.0,,0.0,L,0.0,L,,
6145,8,1,1313359202,ИТТ,"самопробивен винт цинк  М 4,8х50",241025/16,75.0,0.0,75.0,0.0,,0.0,L,0.0,L,,
6145,9,1,1313359202,М5,Шайба с широка периферия vZn М5,241025/17,200.0,0.0,200.0,0.0,,0.0,L,0.0,L,,
6145,10,1,1313359202,М6,Болт с шест.гл. 8.8 vZn М6х65,241025/18,200.0,0.0,200.0,0.0,,0.0,L,0.0,L,,
6145,11,1,1313359202,М6,Болт с шест.гл. 8.8 vZn М6х16,241025/19,500.0,0.0,500.0,0.0,,0.0,L,0.0,L,,
6145,12,1,1313359202,М6,Болт с шест.гл. 8.8 vZn М6х35,241025/20,490.0,0.0,490.0,0.0,,0.0,L,0.0,L,,
6145,13,1,1313359202,М6,Болт с шест.гл. 8.8 vZn М6х50,241025/21,108.0,0.0,108.0,0.0,,0.0,L,0.0,L,,
6145,14,1,1313359202,М6,Винт с върт.шест. 8.8 vZn М6х60,241025/22,77.0,0.0,77.0,0.0,,0.0,L,0.0,L,,
6145,15,1,1313359202,М6,Гайка самоос. 8 vZn М6,241025/23,60.0,0.0,60.0,0.0,,0.0,L,0.0,L,,
6145,16,1,1313359202,М6,Шайба пружинна vZn М6,241025/24,83.0,0.0,83.0,0.0,,0.0,L,0.0,L,,
6145,17,1,1313359202,М6,Шайба с широка периферия vZn М6,241025/25,168.0,0.0,168.0,0.0,,0.0,L,0.0,L,,
6145,18,1,1313359202,М8,Болт с шест.гл. 8.8 vZn М8х16,241025/26,0.0,0.0,0.0,0.0,,0.0,L,0.0,L,,
6145,19,1,1313359202,М8,Болт с шест.гл. 8.8 vZn М8х20,241025/27,0.0,0.0,0.0,0.0,,0.0,L,0.0,L,,
6145,20,1,1313359202,М16,Шпилка М16,241025/28,6.0,0.0,6.0,0.0,,0.0,L,16.94,L,,
6145,21,1,1313359202,М16,Гайка шест. 8 Bl. М16,10524822/311025/1,370.0,0.0,370.0,0.0,,0.0,L,0.1223,L,,
6145,22,1,1313359202,М16,Болт с шест.гл. 8.8 vZn М16х40,10524822/311025/2,124.0,0.0,124.0,0.0,,0.0,L,0.4834,L,,
6145,23,1,1313359202,М16,Болт с шест.гл. 8.8 vZn М16х50,10524822/311025/3,100.0,0.0,100.0,0.0,,0.0,L,0.55,L,,
6145,24,1,1313359202,М16,Болт с шест.гл. 8.8 vZn M16x55,10524822/311025/4,100.0,0.0,100.0,0.0,,0.0,L,0.5897,L,,
6145,25,1,1313359202,М16,Шайба подложна vZn М16,10524822/311025/5,768.0,0.0,768.0,0.0,,0.0,L,0.0507,L,,
6145,26,1,1313359202,М8,Болт с шест.гл. 8.8 vZn М8х20,10524822/311025/6,120.0,0.0,120.0,0.0,,0.0,L,0.0706,L,,
6145,27,1,1313359202,М6,Болт с шест.гл. 8.8 vZn М6х60,10524822/311025/7,148.0,0.0,148.0,0.0,,0.0,L,0.0729,L,,
6145,28,1,1313359202,М8,Болт с шест.гл. 8.8 vZn М8х16,10527503/071125/1,50.0,0.0,50.0,0.0,,0.0,L,0.064,L,,
6145,29,1,1313359202,М8,Болт с шест.гл. 8.8 vZn М8х35,10527503/071125/2,96.0,0.0,96.0,0.0,,0.0,L,0.09,L,,
6145,30,1,1313359202,М8,Шайба подложна vZn М8,10527503/071125/3,135.0,0.0,135.0,0.0,,0.0,L,0.01,L,,
6145,31,1,1313359202,М12,Болт с шест.гл. 8.8 vZn М12х40,10527503/071125/4,100.0,0.0,100.0,0.0,,0.0,L,0.24,L,,
6145,32,1,1313359202,М12,Болт с шест.гл. 8.8 vZn М12х60,10527503/071125/5,100.0,0.0,100.0,0.0,,0.0,L,0.3119,L,,
6145,33,1,1313359202,М12,Болт с шест.гл. 8.8 vZn М12х100,10527503/071125/6,100.0,0.0,100.0,0.0,,0.0,L,0.47,L,,
6146,0,1,1313359202,М10,Болт с шест.гл. 8.8 vZn М10х30,10527503/071125/7,100.0,0.0,100.0,0.0,,0.0,L,0.14,L,,
6146,1,1,1313359202,М10,Болт с шест.гл. 8.8 vZn М10х40,10527503/071125/8,100.0,0.0,100.0,0.0,,0.0,L,0.1673,L,,
6146,2,1,1313359202,М10,Гайка шест. 8 vZn М10,10527503/071125/9,200.0,0.0,200.0,0.0,,0.0,L,0.0371,L,,
6146,3,1,1313359202,М10,Шайба подложна vZn М10,10527503/071125/10,200.0,0.0,200.0,0.0,,0.0,L,0.0151,L,,
6146,4,1,1313359202,1.1.2. Крепежи (Електролизьор),Ринг гайка DIN582 C15 vZn M24,10527933/101125,4.0,0.0,4.0,0.0,,0.0,L,7.6,L,,
6146,5,1,1313359202,М16,Гайка шест. 10 Bl. М16,340045915/111125/1,0.0,0.0,0.0,0.0,,0.0,L,0.18,L,,
6146,7,1,1313359202,М3,Болт с шест.гл. А2 М3х25,340045915/111125/3,0.0,0.0,0.0,0.0,,0.0,L,0.09,L,,
6146,8,1,1313359202,М3,Гайка шест. А2 М3,340045915/111125/4,0.0,0.0,0.0,0.0,,0.0,L,0.02,L,,
6146,9,1,1313359202,Винтове,"Винт самопробивен с шайба ф4,2х13",340045982/131125,1000.0,0.0,1000.0,0.0,,0.0,L,0.01,L,,
6146,10,1,1313359202,М16,Шайба пружинна gvZn М16,340046105/181125,0.0,0.0,0.0,0.0,,0.0,L,0.4,L,,
6146,11,1,1313359202,М16,Шпилка М16,10530304/171125/1,16.0,0.0,16.0,0.0,,0.0,L,16.94,L,,
6146,12,1,1313359202,М16,Гайка шест. 10 Bl. М16,10530304/171125/2,100.0,0.0,100.0,0.0,,0.0,L,0.18,L,,
6146,13,1,1313359202,М16,Гайка самоос. 10 vZn М16,10530304/171125/3,100.0,0.0,100.0,0.0,,0.0,L,0.69,L,,
6146,14,1,1313359202,М16,Шайба подложна vZn М16,10530304/171125/4,100.0,0.0,100.0,0.0,,0.0,L,0.05,L,,
6146,15,1,1313359202,М16,Шайба пружинна gvZn М16,60055380/181125,0.0,0.0,0.0,0.0,,0.0,L,0.4,L,,
6146,16,1,1313359202,М16,Шайба пружинна gvZn М16,120111486/191125,0.0,0.0,0.0,0.0,,0.0,L,0.4,L,,
6146,17,1,1313359202,М6,Болт с шест.гл. А2 М6х40,340046315/261125,0.0,0.0,0.0,0.0,,0.0,L,0.18,L,,
6146,18,1,45945417,М10,Шайба подложна vZn М10,241025/8,79.0,0.0,83.0,0.0,Y,0.0,L,0.0,L,в 14:47 през “Редактирай Серийни/Партидни №”,
6146,19,1,45945417,М10,Шайба подложна vZn М10,,279.0,0.0,283.0,0.0,Y,0.02,L,0.02,L,в 14:47 през “Складове и Стоки”,
6146,20,1,33905226,М12,Болт с шест.гл. 8.8 vZn М12х40,151025,53.0,0.0,0.0,0.0,Y,0.0,L,0.0,L,в 08:11 през “Складове и Стоки”,
6146,21,1,33905226,М12,Болт с шест.гл. 8.8 vZn М12х40,,153.0,0.0,100.0,0.0,Y,0.24,L,0.24,L,в 08:11 през “Складове и Стоки”,
6146,22,1,33905226,М12,Болт с шест.гл. 8.8 vZn М12х45,12345/12,112.0,0.0,152.0,0.0,Y,25.97,L,25.97,L,в 08:11 през “Редактирай Серийни/Партидни №”,
6146,23,1,33905226,М12,Болт с шест.гл. 8.8 vZn М12х45,,112.0,0.0,152.0,0.0,Y,0.2597,L,0.2597,L,в 08:11 през “Складове и Стоки”,
6146,24,1,33905226,М12,Болт с шест.гл. 8.8 vZn М12х60,241025/10,16.0,0.0,0.0,0.0,Y,0.0,L,0.0,L,в 08:12 през “Складове и Стоки”,
6146,25,1,33905226,М12,Болт с шест.гл. 8.8 vZn М12х60,,116.0,0.0,100.0,0.0,Y,0.31,L,0.31,L,в 08:12 през “Складове и Стоки”,
6146,26,1,33905226,М12,Гайка шест. 8 vZn М12,091025/2,574.0,0.0,377.0,0.0,Y,5.4,L,5.4,L,в 08:13 през “Складове и Стоки”,
6146,27,1,33905226,М12,Гайка шест. 8 vZn М12,,574.0,0.0,377.0,0.0,Y,0.054,L,0.054,L,в 08:13 през “Складове и Стоки”,
6146,28,1,33905226,ИТТ,Шайба пружинна vZn-М12,091025/1,127.0,0.0,0.0,0.0,Y,0.0,L,0.0,L,в 08:13 през “Складове и Стоки”,
6155,0,1,33905226,ИТТ,Шайба пружинна vZn-М12,,127.0,0.0,0.0,0.0,Y,0.0,L,0.0,L,в 08:13 през “Складове и Стоки”,
6155,1,1,33905226,М12,Шайба подложна vZn М12,241025/11,781.0,0.0,653.0,0.0,Y,2.9,L,2.9,L,в 08:14 през “Складове и Стоки”,
6155,2,1,33905226,М12,Шайба подложна vZn М12,,781.0,0.0,653.0,0.0,Y,0.029,L,0.029,L,в 08:14 през “Складове и Стоки”,
6155,3,1,33905226,М16,Шайба пружинна gvZn М16,340046105/181125,0.0,0.0,89.0,0.0,Y,0.4,L,0.4,L,в 08:15 през “Складове и Стоки”,
6155,4,1,33905226,М16,Шайба пружинна gvZn М16,,0.0,0.0,89.0,0.0,Y,0.4,L,0.4,L,в 08:15 през “Складове и Стоки”,
6155,5,1,33905226,М16,Болт с шест.гл. 8.8 vZn М16х40,10524822/311025/2,124.0,0.0,100.0,0.0,Y,0.4834,L,0.4834,L,в 08:16 през “Складове и Стоки”,
6155,6,1,33905226,М16,Болт с шест.гл. 8.8 vZn М16х40,,124.0,0.0,100.0,0.0,Y,0.48,L,0.48,L,в 08:16 през “Складове и Стоки”,
6155,7,1,33905226,М16,Болт с шест.гл. 8.8 vZn М16х60,081025/1,94.0,0.0,75.0,0.0,Y,0.0,L,0.0,L,в 08:17 през “Складове и Стоки”,
6155,8,1,33905226,М16,Болт с шест.гл. 8.8 vZn М16х60,,94.0,0.0,75.0,0.0,Y,0.0,L,0.0,L,в 08:17 през “Складове и Стоки”,
6155,9,1,33905226,М16,Гайка самоос. 10 vZn М16,080825/13,100.0,0.0,0.0,0.0,Y,0.692,L,0.692,L,в 08:17 през “Складове и Стоки”,
6155,10,1,33905226,М16,Гайка самоос. 10 vZn М16,,200.0,0.0,100.0,0.0,Y,0.69,L,0.69,L,в 08:18 през “Складове и Стоки”,
6155,11,1,33905226,М16,Гайка шест. 8 Bl. М16,10524822/311025/1,370.0,0.0,416.0,0.0,Y,0.1223,L,0.1223,L,в 08:18 през “Складове и Стоки”,
6155,12,1,33905226,М16,Гайка шест. 8 Bl. М16,,370.0,0.0,416.0,0.0,Y,0.12,L,0.12,L,в 08:18 през “Складове и Стоки”,
6155,13,1,33905226,М16,Шайба пружинна-федер vZn М16,241025/1,438.0,0.0,454.0,0.0,Y,0.0,L,0.0,L,в 08:19 през “Складове и Стоки”,
6155,14,1,33905226,М16,Шайба пружинна-федер vZn М16,,438.0,0.0,454.0,0.0,Y,0.0,L,0.0,L,в 08:19 през “Складове и Стоки”,
6155,15,1,33905226,М16,Шайба подложна vZn М16,10524822/311025/5,768.0,0.0,759.0,0.0,Y,0.0507,L,0.0507,L,в 08:28 през “Складове и Стоки”,
6155,16,1,33905226,М16,Шайба подложна vZn М16,,868.0,0.0,859.0,0.0,Y,0.05,L,0.05,L,в 08:28 през “Складове и Стоки”,
6155,17,1,33905226,М16,Шайба с широка периферия vZn M16,241025/4,182.0,0.0,190.0,0.0,Y,0.0,L,0.0,L,в 08:29 през “Складове и Стоки”,
6155,18,1,33905226,М16,Шайба с широка периферия vZn M16,,182.0,0.0,190.0,0.0,Y,0.0,L,0.0,L,в 08:29 през “Складове и Стоки”,
6155,19,1,33905226,М5,Винт с лещ.гл. 4.8 vZn М5х16,241025/14,480.0,0.0,490.0,0.0,Y,0.0,L,0.0,L,в 08:29 през “Складове и Стоки”,
6155,20,1,33905226,М5,Винт с лещ.гл. 4.8 vZn М5х16,,480.0,0.0,490.0,0.0,Y,0.0,L,0.0,L,в 08:30 през “Складове и Стоки”,
6155,21,1,33905226,М5,Винт с лещ.гл. 4.8 vZn М5х20,241025/13,497.0,0.0,500.0,0.0,Y,0.0,L,0.0,L,в 08:30 през “Складове и Стоки”,
6155,22,1,33905226,М5,Винт с лещ.гл. 4.8 vZn М5х20,,497.0,0.0,500.0,0.0,Y,0.0,L,0.0,L,в 08:30 през “Складове и Стоки”,
6155,23,1,33905226,М5,Винт с лещ.гл. 4.8 vZn М5х12,241025/12,500.0,0.0,486.0,0.0,Y,0.0,L,0.0,L,в 08:30 през “Складове и Стоки”,
6155,24,1,33905226,М5,Винт с лещ.гл. 4.8 vZn М5х12,,500.0,0.0,486.0,0.0,Y,0.0,L,0.0,L,в 08:30 през “Складове и Стоки”,
6155,25,1,33905226,М5,"Винт самопр. vZn М5,5х32",241025/15,138.0,0.0,100.0,0.0,Y,0.0,L,0.0,L,в 08:31 през “Складове и Стоки”,
6155,26,1,33905226,М5,"Винт самопр. vZn М5,5х32",,138.0,0.0,100.0,0.0,Y,0.0,L,0.0,L,в 08:31 през “Складове и Стоки”,
6159,0,1,33905226,М6,Болт с шест.гл. 8.8 vZn М6х16,241025/19,500.0,0.0,416.0,0.0,Y,0.0,L,0.0,L,в 08:33 през “Складове и Стоки”,
6159,1,1,33905226,М6,Болт с шест.гл. 8.8 vZn М6х16,,500.0,0.0,416.0,0.0,Y,0.0,L,0.0,L,в 08:33 през “Складове и Стоки”,
6159,2,1,33905226,М6,Болт с шест.гл. 8.8 vZn М6х25,151025/4,95.0,0.0,67.0,0.0,Y,0.0,L,0.0,L,в 08:33 през “Складове и Стоки”,
6159,3,1,33905226,М6,Болт с шест.гл. 8.8 vZn М6х25,,95.0,0.0,67.0,0.0,Y,0.0,L,0.0,L,в 08:33 през “Складове и Стоки”,
6159,4,1,33905226,М6,Болт с шест.гл. 8.8 vZn М6х90,090925/3,158.0,0.0,136.0,0.0,Y,0.0,L,0.0,L,в 08:33 през “Складове и Стоки”,
6159,5,1,33905226,М6,Болт с шест.гл. 8.8 vZn М6х90,,158.0,0.0,136.0,0.0,Y,0.0,L,0.0,L,в 08:33 през “Складове и Стоки”,
6159,6,1,33905226,М6,Болт с шест.гл. 8.8 vZn М6х35,241025/20,490.0,0.0,440.0,0.0,Y,0.0,L,0.0,L,в 08:42 през “Складове и Стоки”,
6159,7,1,33905226,М6,Болт с шест.гл. 8.8 vZn М6х35,,490.0,0.0,440.0,0.0,Y,0.0,L,0.0,L,в 08:42 през “Складове и Стоки”,
6159,8,1,33905226,М6,Болт с шест.гл. 8.8 vZn М6х50,241025/21,108.0,0.0,88.0,0.0,Y,0.0,L,0.0,L,в 08:42 през “Складове и Стоки”,
6159,9,1,33905226,М6,Болт с шест.гл. 8.8 vZn М6х50,,108.0,0.0,88.0,0.0,Y,0.0,L,0.0,L,в 08:42 през “Складове и Стоки”,
6159,10,1,33905226,М6,Болт с шест.гл. 8.8 vZn М6х70,090925/2,102.0,0.0,93.0,0.0,Y,0.0,L,0.0,L,в 09:03 през “Складове и Стоки”,
6159,11,1,33905226,М6,Болт с шест.гл. 8.8 vZn М6х70,,102.0,0.0,93.0,0.0,Y,0.0,L,0.0,L,в 09:03 през “Складове и Стоки”,
6159,12,1,33905226,М6,Винт с лещ.гл. 4.8 vZn М6х16,230925/1,420.0,0.0,365.0,0.0,Y,0.0,L,0.0,L,в 09:03 през “Складове и Стоки”,
6159,13,1,33905226,М6,Винт с лещ.гл. 4.8 vZn М6х16,,420.0,0.0,365.0,0.0,Y,0.0,L,0.0,L,в 09:04 през “Складове и Стоки”,
6159,14,1,33905226,М6,Винт с лещ.гл. 4.8 vZn М6х35,230925/3,488.0,0.0,500.0,0.0,Y,0.0,L,0.0,L,в 09:04 през “Складове и Стоки”,
6159,15,1,33905226,М6,Винт с лещ.гл. 4.8 vZn М6х35,,488.0,0.0,500.0,0.0,Y,0.0,L,0.0,L,в 09:04 през “Складове и Стоки”,
6159,16,1,33905226,М6,Гайка шест. 8 vZn М6,090925/1,-30.0,0.0,0.0,0.0,Y,0.0,L,0.0,L,в 09:04 през “Складове и Стоки”,
6159,17,1,33905226,М6,Гайка шест. 8 vZn М6,,386.0,0.0,307.0,0.0,Y,0.0,L,0.0,L,в 09:05 през “Складове и Стоки”,
6159,18,1,33905226,М6,Гайка шест. 8 vZn М6,151025/3,-10.0,0.0,0.0,0.0,Y,0.0,L,0.0,L,в 09:05 през “Складове и Стоки”,
6159,19,1,33905226,М6,Гайка шест. 8 vZn М6,031025/2,426.0,0.0,307.0,0.0,Y,0.0,L,0.0,L,в 09:05 през “Складове и Стоки”,
6159,20,1,33905226,М6,Гайка самоос. 8 vZn М6,241025/23,60.0,0.0,45.0,0.0,Y,0.0,L,0.0,L,в 09:05 през “Складове и Стоки”,
6159,21,1,33905226,М6,Гайка самоос. 8 vZn М6,,60.0,0.0,45.0,0.0,Y,0.0,L,0.0,L,в 09:05 през “Складове и Стоки”,
6159,22,1,33905226,М6,Шайба пружинна vZn М6,241025/24,83.0,0.0,5.0,0.0,Y,0.0,L,0.0,L,в 09:06 през “Складове и Стоки”,
6159,23,1,33905226,М6,Шайба пружинна vZn М6,,83.0,0.0,5.0,0.0,Y,0.0,L,0.0,L,в 09:06 през “Складове и Стоки”,
6159,24,1,33905226,М6,Шайба подложна vZn М6,031025/1,476.0,0.0,559.0,0.0,Y,0.0,L,0.0,L,в 09:07 през “Складове и Стоки”,
6159,25,1,33905226,М6,Шайба подложна vZn М6,,476.0,0.0,559.0,0.0,Y,0.0,L,0.0,L,в 09:07 през “Складове и Стоки”,
6159,26,1,33905226,М6,Шайба с широка периферия vZn М6,241025/25,168.0,0.0,0.0,0.0,Y,0.0,L,0.0,L,в 09:07 през “Складове и Стоки”,
6159,27,1,33905226,М6,Шайба с широка периферия vZn М6,,168.0,0.0,0.0,0.0,Y,0.0,L,0.0,L,в 09:07 през “Складове и Стоки”,
6159,28,1,33905226,М8,Болт с шест.гл. 8.8 vZn М8х16,10527503/071125/1,50.0,0.0,63.0,0.0,Y,0.064,L,0.064,L,в 09:14 през “Складове и Стоки”,
6173,0,1,33905226,М8,Болт с шест.гл. 8.8 vZn М8х16,,50.0,0.0,63.0,0.0,Y,0.06,L,0.06,L,в 09:15 през “Складове и Стоки”,
6173,1,1,33905226,М8,Болт с шест.гл. 8.8 vZn М8х20,10524822/311025/6,120.0,0.0,96.0,0.0,Y,0.0706,L,0.0706,L,в 09:15 през “Складове и Стоки”,
6173,2,1,33905226,М8,Болт с шест.гл. 8.8 vZn М8х20,,120.0,0.0,96.0,0.0,Y,0.07,L,0.07,L,в 09:15 през “Складове и Стоки”,
6173,3,1,33905226,М8,Болт с шест.гл. 8.8 vZn М8х25,090925/16,82.0,0.0,42.0,0.0,Y,0.0,L,0.0,L,в 09:15 през “Складове и Стоки”,
6173,4,1,33905226,М8,Болт с шест.гл. 8.8 vZn М8х25,,82.0,0.0,42.0,0.0,Y,0.0,L,0.0,L,в 09:15 през “Складове и Стоки”,
6173,5,1,33905226,М8,Болт с шест.гл. 8.8 vZn М8х35,10527503/071125/2,96.0,0.0,91.0,0.0,Y,0.09,L,0.09,L,в 09:16 през “Складове и Стоки”,
6173,6,1,33905226,М8,Болт с шест.гл. 8.8 vZn М8х35,,96.0,0.0,91.0,0.0,Y,0.09,L,0.09,L,в 09:16 през “Складове и Стоки”,
6173,7,1,33905226,М8,Гайка шест. 8 vZn М8,,308.0,0.0,247.0,0.0,Y,0.0,L,0.0,L,в 09:16 през “Складове и Стоки”,
6173,8,1,33905226,М8,Гайка шест. 8 vZn М8,12345,308.0,0.0,247.0,0.0,Y,0.0,L,0.0,L,в 09:16 през “Складове и Стоки”,
6173,9,1,33905226,М8,Шайба подложна vZn М8,10527503/071125/3,135.0,0.0,108.0,0.0,Y,0.01,L,0.01,L,в 09:16 през “Складове и Стоки”,
6173,10,1,33905226,М8,Шайба подложна vZn М8,,135.0,0.0,108.0,0.0,Y,0.01,L,0.01,L,в 09:16 през “Складове и Стоки”,
6173,11,1,33905226,М8,Шайба с широка периферия vZn М8,230925/2,162.0,0.0,220.0,0.0,Y,0.0,L,0.0,L,в 09:17 през “Складове и Стоки”,
6173,12,1,33905226,М8,Шайба с широка периферия vZn М8,,162.0,0.0,220.0,0.0,Y,0.0,L,0.0,L,в 09:17 през “Складове и Стоки”,
6173,13,1,33905226,2.5.3. Кранове на резба,Кран сфер. на рез. 316L PN64 DN15,265835/031225/2,4.0,0.0,6.0,0.0,Y,110.5,L,110.5,L,в 09:19 през “Складове и Стоки”,
6173,14,1,33905226,2.5.3. Кранове на резба,Кран сфер. на рез. 316L PN64 DN15,,4.0,0.0,6.0,0.0,Y,110.5,L,110.5,L,в 09:19 през “Складове и Стоки”,
6173,15,1,33905226,2.5.3. Кранове на резба,Кран сфер. на рез. 316L PN64 DN25,16156,4.0,0.0,5.0,0.0,Y,0.0,L,0.0,L,в 09:20 през “Складове и Стоки”,
6173,16,1,33905226,2.5.3. Кранове на резба,Кран сфер. на рез. 316L PN64 DN25,,4.0,0.0,5.0,0.0,Y,0.0,L,0.0,L,в 09:20 през “Складове и Стоки”,
6173,17,1,33905226,2.5.4. Вентили,Магнетвентил 3/4“,181225/1,0.0,0.0,4.0,0.0,Y,0.0,L,0.0,L,в 09:25 през “Редактирай Серийни/Партидни №”,
6173,18,1,33905226,2.5.4. Вентили,Магнетвентил 3/4“,,6.0,0.0,4.0,0.0,Y,0.0,L,0.0,L,в 09:25 през “Складове и Стоки”,
6173,19,1,33905226,магнетвентил,магнетвентил 21IH6K1V250 1` - PBC853530,,1.0,0.0,0.0,0.0,Y,374.85,L,374.85,L,в 09:25 през “Складове и Стоки”,
6173,20,1,33905226,Фитинги - Щуцер на резба,Връзка ъглова 1500  8/6“х1/4“,,50.0,0.0,113.0,0.0,Y,0.0,L,0.0,L,в 09:41 през “Складове и Стоки”,
6173,21,1,33905226,Фитинги - Щуцер на резба,Връзка ъглова 1500  8/6“х1/4“,101225/3,50.0,0.0,113.0,0.0,Y,0.0,L,0.0,L,в 09:42 през “Складове и Стоки”,
6173,22,1,33905226,2.5.4. Вентили,Вентил предпазен 2“G x 2“G,25/2119,2.0,0.0,0.0,0.0,Y,483.38,L,483.38,L,в 09:48 през “Складове и Стоки”,
6173,23,1,33905226,2.5.4. Вентили,Вентил предпазен 2“G x 2“G,,6.0,0.0,4.0,0.0,Y,483.38,L,483.38,L,в 09:48 през “Складове и Стоки”,
6173,24,1,33905226,2.5.4. Вентили,"Вентил предпазен 1216 НРЖ, PN40  1“х1“",202530315001,0.0,0.0,1.0,0.0,Y,475.14,L,475.14,L,в 09:50 през “Складове и Стоки”,
6173,25,1,33905226,2.5.4. Вентили,"Вентил предпазен 1216 НРЖ, PN40  1“х1“",,0.0,0.0,2.0,0.0,Y,475.14,L,475.14,L,в 09:50 през “Складове и Стоки”,
6175,0,1,33905226,2.5.4. Вентили,"Вентил предпазен 1216 НРЖ, PN40  1“х1“",202530315008,0.0,0.0,1.0,0.0,Y,475.14,L,475.14,L,в 09:49 през “Редактирай Серийни/Партидни №”,
6175,1,1,33905226,Кабели - Сензори,Кабел PUR М12 конектор 2м,28082025/31,50.0,0.0,48.0,0.0,Y,0.0,L,0.0,L,в 09:56 през “Складове и Стоки”,
6175,2,1,33905226,Кабели - Сензори,Кабел PUR М12 конектор 2м,,50.0,0.0,48.0,0.0,Y,0.0,L,0.0,L,в 09:56 през “Складове и Стоки”,
6175,3,1,33905226,Кабели - Сензори,Кабел PUR М12 конектор 10м,,38.0,0.0,35.0,0.0,Y,0.0,L,0.0,L,в 09:56 през “Складове и Стоки”,
6175,4,1,33905226,Кабели - Сензори,Кабел PUR М12 конектор 10м,28082025/30,38.0,0.0,35.0,0.0,Y,0.0,L,0.0,L,в 09:56 през “Складове и Стоки”,
6175,5,1,33905226,Кабели - Сензори,Кабел PUR М12 конектор 15м,38838/27082025,80.0,0.0,67.0,0.0,Y,54.566,L,54.566,L,в 09:57 през “Складове и Стоки”,
6175,6,1,33905226,Кабели - Сензори,Кабел PUR М12 конектор 15м,,80.0,0.0,67.0,0.0,Y,54.57,L,54.57,L,в 09:57 през “Складове и Стоки”,
6175,7,1,33905226,Сензори,Датчик за температура,082025,28.0,0.0,27.0,0.0,Y,206.69,L,206.69,L,в 09:58 през “Складове и Стоки”,
6175,8,1,33905226,Сензори,Датчик за температура,,28.0,0.0,27.0,0.0,Y,206.69,L,206.69,L,в 09:58 през “Складове и Стоки”,
6175,9,1,33905226,Контактори,"Контактор 22kW/50A, AC-3, 230V AC размер 2",181225/3,0.0,0.0,2.0,0.0,Y,0.0,L,0.0,L,в 10:05 през “Редактирай Серийни/Партидни №”,
6175,10,1,33905226,Контактори,"Контактор 22kW/50A, AC-3, 230V AC размер 2",,2.0,0.0,2.0,0.0,Y,0.0,L,0.0,L,в 10:05 през “Редактирай Серийни/Партидни №”,
6175,11,1,33905226,"Прекъсвачи, Предпазители",Предпазител LQA01230 16А,090925/14,6.0,0.0,9.0,0.0,Y,0.0,L,0.0,L,в 10:07 през “Складове и Стоки”,
6175,12,1,33905226,"Прекъсвачи, Предпазители",Предпазител LQA01230 16А,,6.0,0.0,9.0,0.0,Y,0.0,L,0.0,L,в 10:07 през “Складове и Стоки”,
6175,13,1,33905226,Релета,"Цокъл за реле RS/PT5 4CO, винт.кл. 10А",1459019939/121125/14,30.0,0.0,10.0,0.0,Y,3.57,L,3.57,L,в 10:41 през “Складове и Стоки”,
6175,14,1,33905226,Релета,"Цокъл за реле RS/PT5 4CO, винт.кл. 10А",,30.0,0.0,10.0,0.0,Y,3.57,L,3.57,L,в 10:41 през “Складове и Стоки”,
6175,15,1,33905226,Контактори,"Контактор 4kW/9A, AC-3, 1NO, 230V AC размер 0",181225/4,0.0,0.0,2.0,0.0,Y,0.0,L,0.0,L,в 10:46 през “Редактирай Серийни/Партидни №”,
6175,16,1,33905226,Контактори,"Контактор 4kW/9A, AC-3, 1NO, 230V AC размер 0",,2.0,0.0,2.0,0.0,Y,0.0,L,0.0,L,в 10:46 през “Редактирай Серийни/Партидни №”,
6175,17,1,33905226,Контактори,"Контактор 30kW/65A, AC-3, 230V AC размер 2",,0.0,0.0,3.0,0.0,Y,142.868,L,142.868,L,в 10:47 през “Складове и Стоки”,
6175,18,1,33905226,Контактори,"Контактор 30kW/65A, AC-3, 230V AC размер 2",181225/5,0.0,0.0,3.0,0.0,Y,142.868,L,142.868,L,в 10:47 през “Редактирай Серийни/Партидни №”,
6175,19,1,33905226,"Прекъсвачи, Предпазители",Прекъсвач (C43),,0.0,0.0,4.0,0.0,Y,0.0,L,0.0,L,в 10:51 през “Складове и Стоки”,
6175,20,1,33905226,"Прекъсвачи, Предпазители",Прекъсвач (C43),181225/6,-2.0,0.0,4.0,0.0,Y,0.0,L,0.0,L,в 10:51 през “Редактирай Серийни/Партидни №”,
6175,21,1,33905226,"Прекъсвачи, Предпазители",Прекъсвач (C20/3),,1.0,0.0,2.0,0.0,Y,0.0,L,0.0,L,в 10:52 през “Складове и Стоки”,
6175,22,1,33905226,"Прекъсвачи, Предпазители",Прекъсвач (C20/3),201025/6,-2.0,0.0,2.0,0.0,Y,0.0,L,0.0,L,в 10:52 през “Складове и Стоки”,
6175,23,1,33905226,"Прекъсвачи, Предпазители",Прекъсвач (C63/3),181225/6,0.0,0.0,1.0,0.0,Y,0.0,L,0.0,L,в 10:52 през “Редактирай Серийни/Партидни №”,
6175,24,1,33905226,"Прекъсвачи, Предпазители",Прекъсвач (C63/3),,4.0,0.0,1.0,0.0,Y,0.0,L,0.0,L,в 10:53 през “Складове и Стоки”,
6178,0,1,33905226,"Прекъсвачи, Предпазители",Прекъсвач (С10/3),181225/7,0.0,0.0,1.0,0.0,Y,0.0,L,0.0,L,в 10:54 през “Редактирай Серийни/Партидни №”,
6178,1,1,33905226,"Прекъсвачи, Предпазители",Прекъсвач (С10/3),,2.0,0.0,1.0,0.0,Y,0.0,L,0.0,L,в 10:54 през “Складове и Стоки”,
6178,2,1,33905226,"Прекъсвачи, Предпазители",Прекъсвач мин.авт. C 32/1 6kA,,5.0,0.0,4.0,0.0,Y,1.0,L,1.0,L,в 10:56 през “Складове и Стоки”,
6178,3,1,33905226,"Прекъсвачи, Предпазители",Прекъсвач мин.авт. C 32/1 6kA,BMS6,5.0,0.0,4.0,0.0,Y,1.0,L,1.0,L,в 10:56 през “Складове и Стоки”,
6178,4,1,33905226,Други (Електроника),Щекер  (LD),,15.0,0.0,28.0,0.0,Y,3.1,L,3.1,L,в 11:01 през “Складове и Стоки”,
6178,5,1,33905226,Други (Електроника),Щекер  (LD),265836/031225/2,4.0,0.0,28.0,0.0,Y,3.1,L,3.1,L,в 11:01 през “Складове и Стоки”,
6178,6,1,33905226,Други (Електроника),Щекер  (LD),041225/7,11.0,0.0,0.0,0.0,Y,3.1,L,3.1,L,в 11:01 през “Складове и Стоки”,
6178,7,1,33905226,Други (Електроника),Ф3.0 21L2K1T30 P08,123456,14.0,0.0,1.0,0.0,Y,0.0,L,0.0,L,в 11:02 през “Складове и Стоки”,
6178,8,1,33905226,Други (Електроника),Ф3.0 21L2K1T30 P08,,14.0,0.0,1.0,0.0,Y,0.0,L,0.0,L,в 11:02 през “Складове и Стоки”,
6178,9,1,33905226,2.4. Фланци,Уплътнение CF3000 PTFE DN25,,75.0,0.0,80.0,0.0,Y,1.8,L,1.8,L,в 11:04 през “Складове и Стоки”,
6178,10,1,33905226,2.4. Фланци,Уплътнение CF3000 PTFE DN25,10143532/110925/pfte25,75.0,0.0,80.0,0.0,Y,1.8,L,1.8,L,в 11:04 през “Складове и Стоки”,
6178,11,1,33905226,2.4. Фланци,Уплътнение CF3000 PTFE DN40,,83.0,0.0,93.0,0.0,Y,2.13,L,2.13,L,в 11:04 през “Складове и Стоки”,
6178,12,1,33905226,2.4. Фланци,Уплътнение CF3000 PTFE DN40,10143532/110925/pfte40,83.0,0.0,93.0,0.0,Y,2.13,L,2.13,L,в 11:04 през “Складове и Стоки”,
6178,13,1,33905226,2.4. Фланци,Уплътнение CF3000 PTFE DN50,,39.0,0.0,65.0,0.0,Y,4.22,L,4.22,L,в 11:04 през “Складове и Стоки”,
6178,14,1,33905226,2.4. Фланци,Уплътнение CF3000 PTFE DN50,10143532/110925/pfte50,39.0,0.0,65.0,0.0,Y,4.22,L,4.22,L,в 11:04 през “Складове и Стоки”,
6178,15,1,33905226,Муфи на резба,Муфа 304L резба 150LBS 1/4“,,1.0,0.0,63.0,0.0,Y,1.49,L,1.49,L,в 11:56 през “Складове и Стоки”,
6178,16,1,33905226,Муфи на резба,Муфа 304L резба 150LBS 1/4“,10143532/110925/1.4,1.0,0.0,63.0,0.0,Y,1.49,L,1.49,L,в 11:56 през “Складове и Стоки”,
6178,17,1,33905226,Муфи на резба,Муфа 304L резбa 150LBS  1/2``,,132.0,0.0,110.0,0.0,Y,2.64,L,2.64,L,в 11:57 през “Складове и Стоки”,
6178,18,1,33905226,Муфи на резба,Муфа 304L резбa 150LBS  1/2``,10143532/110925/1.2,82.0,0.0,60.0,0.0,Y,2.64,L,2.64,L,в 11:57 през “Складове и Стоки”,
6178,19,1,33905226,Муфи на резба,Муфа 304L резбa 150LBS L42 1``,,18.0,0.0,12.0,0.0,Y,5.81,L,5.81,L,в 11:57 през “Складове и Стоки”,
6178,20,1,33905226,Муфи на резба,Муфа 304L резбa 150LBS L42 1``,10143532/110925/1.,6.0,0.0,12.0,0.0,Y,5.81,L,5.81,L,в 11:57 през “Складове и Стоки”,
6178,21,1,33905226,Муфи на резба,Муфа 304L резбa 150LBS L42 1``,10142820/19082025,12.0,0.0,0.0,0.0,Y,5.81,L,5.81,L,в 11:58 през “Складове и Стоки”,
6178,22,1,33905226,М/Ж резба,Преход 304L резба М/Ж 1/2``x1/4``,,22.0,0.0,9.0,0.0,Y,1.94,L,1.94,L,в 11:58 през “Складове и Стоки”,
6178,23,1,33905226,М/Ж резба,Преход 304L резба М/Ж 1/2``x1/4``,16981613,9.0,0.0,0.0,0.0,Y,1.75,L,1.75,L,в 11:59 през “Складове и Стоки”,
6181,0,1,33905226,М/Ж резба,Преход 304L резба М/Ж 1/2``x1/4``,143284/02092025/5,13.0,0.0,9.0,0.0,Y,1.94,L,1.94,L,в 11:59 през “Складове и Стоки”,
6181,1,1,33905226,Фитинги - Щуцер на резба,Щуцер за маркуч 304 1/4“,,28.0,0.0,25.0,0.0,Y,1.0,L,1.0,L,в 11:59 през “Складове и Стоки”,
6181,2,1,33905226,Фитинги - Щуцер на резба,Щуцер за маркуч 304 1/4“,090925/6,28.0,0.0,25.0,0.0,Y,1.0,L,1.0,L,в 11:59 през “Складове и Стоки”,
6181,3,1,33905226,Колена на резба,Коляно 90° 304L резба М/Ж 1/2“,181225/8,0.0,0.0,4.0,0.0,Y,1.0,L,1.0,L,в 12:01 през “Редактирай Серийни/Партидни №”,
6181,4,1,33905226,Колена на резба,Коляно 90° 304L резба М/Ж 1/2“,,0.0,0.0,4.0,0.0,Y,1.0,L,1.0,L,в 12:01 през “Складове и Стоки”,
6181,5,1,33905226,М/Ж резба,Преход 304L резба М/Ж 3/4“x1/2“,,6.0,0.0,2.0,0.0,Y,1.0,L,1.0,L,в 12:01 през “Складове и Стоки”,
6181,6,1,33905226,М/Ж резба,Преход 304L резба М/Ж 3/4“x1/2“,168453146,6.0,0.0,2.0,0.0,Y,1.0,L,1.0,L,в 12:01 през “Складове и Стоки”,
6181,7,1,33905226,Капи на резба,Капа 316L резба 1/4“,181225/9,0.0,0.0,6.0,0.0,Y,0.0,L,0.0,L,в 12:06 през “Редактирай Серийни/Партидни №”,
6181,8,1,33905226,Капи на резба,Капа 316L резба 1/4“,,7.0,0.0,6.0,0.0,Y,0.0,L,0.0,L,в 12:06 през “Складове и Стоки”,
6181,9,1,33905226,Капи на резба,Капа 316L резба 1/2“,181225/10,0.0,0.0,38.0,0.0,Y,0.0,L,0.0,L,в 12:07 през “Редактирай Серийни/Партидни №”,
6181,10,1,33905226,Капи на резба,Капа 316L резба 1/2“,,40.0,0.0,38.0,0.0,Y,0.0,L,0.0,L,в 12:07 през “Складове и Стоки”,
6181,11,1,33905226,Крисметал,капа 102664 168.3х2,,10.0,0.0,0.0,0.0,Y,32.91,L,32.91,L,в 12:08 през “Складове и Стоки”,
6181,12,1,33905226,Колена на резба,Коляно 45° 316L резба вътрешна 150LBS 1/2“,181225/11,0.0,0.0,4.0,0.0,Y,0.0,L,0.0,L,в 12:08 през “Редактирай Серийни/Партидни №”,
6181,13,1,33905226,Колена на резба,Коляно 45° 316L резба вътрешна 150LBS 1/2“,,3.0,0.0,4.0,0.0,Y,0.0,L,0.0,L,в 12:08 през “Складове и Стоки”,
6181,14,1,33905226,Колена на резба,Коляно 90° 316L резба вътрешна 1/4“,,12.0,0.0,14.0,0.0,Y,0.0,L,0.0,L,в 12:09 през “Складове и Стоки”,
6181,15,1,33905226,Колена на резба,Коляно 90° 316L резба вътрешна 1/4“,260925/1,12.0,0.0,14.0,0.0,Y,0.0,L,0.0,L,в 12:09 през “Складове и Стоки”,
6181,16,1,33905226,Колена на резба,Коляно 90° 316L резба вътрешна 1/2“,,39.0,0.0,43.0,0.0,Y,0.0,L,0.0,L,в 12:09 през “Складове и Стоки”,
6181,17,1,33905226,Колена на резба,Коляно 90° 316L резба вътрешна 1/2“,101125/1,39.0,0.0,43.0,0.0,Y,0.0,L,0.0,L,в 12:09 през “Складове и Стоки”,
6181,18,1,33905226,Колена на резба,Коляно 90° 316L резба М/Ж 1/4“,201025/3,-3.0,0.0,0.0,0.0,Y,0.0,L,0.0,L,в 12:10 през “Складове и Стоки”,
6181,19,1,33905226,Колена на резба,Коляно 90° 316L резба М/Ж 1/4“,,15.0,0.0,10.0,0.0,Y,0.0,L,0.0,L,в 12:10 през “Складове и Стоки”,
6181,20,1,33905226,Колена на резба,Коляно 90° 316L резба М/Ж 1/4“,181225/12,0.0,0.0,10.0,0.0,Y,0.0,L,0.0,L,в 12:10 през “Редактирай Серийни/Партидни №”,
6181,21,1,33905226,Колена на резба,Коляно 90° 316L резба М/Ж 1/2“,,48.0,0.0,31.0,0.0,Y,3.91,L,3.91,L,в 12:11 през “Складове и Стоки”,
6181,22,1,33905226,Колена на резба,Коляно 90° 316L резба М/Ж 1/2“,07082025,8.0,0.0,0.0,0.0,Y,3.912,L,3.912,L,в 12:11 през “Складове и Стоки”,
6181,23,1,33905226,Колена на резба,Коляно 90° 316L резба М/Ж 1/2“,143284/02092025/3,40.0,0.0,31.0,0.0,Y,3.912,L,3.912,L,в 12:11 през “Складове и Стоки”,
6184,0,1,33905226,Кръстове на резба,Кръст 316L резба 1“,181225/13,0.0,0.0,2.0,0.0,Y,0.0,L,0.0,L,в 12:12 през “Редактирай Серийни/Партидни №”,
6184,1,1,33905226,Кръстове на резба,Кръст 316L резба 1“,,3.0,0.0,2.0,0.0,Y,0.0,L,0.0,L,в 12:12 през “Складове и Стоки”,
6184,2,1,33905226,Муфи на резба,Муфа 316L резба 150LBS 1/4“,181225/14,0.0,0.0,26.0,0.0,Y,0.0,L,0.0,L,в 12:13 през “Редактирай Серийни/Партидни №”,
6184,3,1,33905226,Муфи на резба,Муфа 316L резба 150LBS 1/4“,,25.0,0.0,26.0,0.0,Y,0.0,L,0.0,L,в 12:13 през “Складове и Стоки”,
6184,4,1,33905226,Вътрешна резба,Преход 316L резба вътрешна 150LBS 1/2“х1/4“,,19.0,0.0,12.0,0.0,Y,0.0,L,0.0,L,в 14:10 през “Складове и Стоки”,
6184,5,1,33905226,Вътрешна резба,Преход 316L резба вътрешна 150LBS 1/2“х1/4“,181225/16,0.0,0.0,12.0,0.0,Y,0.0,L,0.0,L,в 14:11 през “Складове и Стоки”,
6184,6,1,33905226,Вътрешна резба,Преход 316L резба вътрешна 150LBS 1/2“х1/4“,131025,-2.0,0.0,0.0,0.0,Y,0.0,L,0.0,L,в 14:10 през “Складове и Стоки”,
6184,7,1,33905226,Вътрешна резба,Преход 316L резба вътрешна 150LBS 1/2“х1/4“,201125/1,-1.0,0.0,0.0,0.0,Y,0.0,L,0.0,L,в 14:11 през “Складове и Стоки”,
6184,8,1,33905226,Вътрешна резба,Преход 316L резба вътрешна 150LBS 1/2“х1/4“,230925/5,-3.0,0.0,0.0,0.0,Y,0.0,L,0.0,L,в 14:11 през “Складове и Стоки”,
6184,9,1,33905226,Вътрешна резба,Преход 316L резба вътрешна 150LBS 1“х1/2“,,8.0,0.0,3.0,0.0,Y,0.0,L,0.0,L,в 14:11 през “Складове и Стоки”,
6184,10,1,33905226,Вътрешна резба,Преход 316L резба вътрешна 150LBS 1“х1/2“,181225/17,0.0,0.0,3.0,0.0,Y,0.0,L,0.0,L,в 14:11 през “Редактирай Серийни/Партидни №”,
6184,11,1,33905226,Вътрешна резба,Преход 316L резба вътрешна 150LBS 2“х1 1/2“,181225/18,0.0,0.0,1.0,0.0,Y,0.0,L,0.0,L,в 14:12 през “Редактирай Серийни/Партидни №”,
6184,12,1,33905226,Вътрешна резба,Преход 316L резба вътрешна 150LBS 2“х1 1/2“,,2.0,0.0,1.0,0.0,Y,0.0,L,0.0,L,в 14:12 през “Складове и Стоки”,
6184,13,1,33905226,Външна резба,Нипел намалител 316L 150LBS 1/2“х1/4“,,11.0,0.0,9.0,0.0,Y,0.0,L,0.0,L,в 14:13 през “Складове и Стоки”,
6184,14,1,33905226,Външна резба,Нипел намалител 316L 150LBS 1/2“х1/4“,101225/1,11.0,0.0,9.0,0.0,Y,0.0,L,0.0,L,в 14:13 през “Складове и Стоки”,
6184,15,1,33905226,Външна резба,Нипел намалител 316L 150LBS 1/2“х3/8“,,15.0,0.0,14.0,0.0,Y,0.0,L,0.0,L,в 14:13 през “Складове и Стоки”,
6184,16,1,33905226,Външна резба,Нипел намалител 316L 150LBS 1/2“х3/8“,181225/19,0.0,0.0,14.0,0.0,Y,0.0,L,0.0,L,в 14:13 през “Редактирай Серийни/Партидни №”,
6184,17,1,33905226,Външна резба,Нипел намалител 316L 150LBS 3/4“х1/2“,181225/20,0.0,0.0,9.0,0.0,Y,0.0,L,0.0,L,в 14:14 през “Редактирай Серийни/Партидни №”,
6184,18,1,33905226,Външна резба,Нипел намалител 316L 150LBS 3/4“х1/2“,,12.0,0.0,9.0,0.0,Y,0.0,L,0.0,L,в 14:14 през “Складове и Стоки”,
6184,19,1,33905226,Нипели на резба,Нипел шест. 316L резба 150LBS 1“,,10.0,0.0,11.0,0.0,Y,6.38,L,6.38,L,в 14:14 през “Складове и Стоки”,
6184,20,1,33905226,Нипели на резба,Нипел шест. 316L резба 150LBS 1“,10143532/110925/100806,10.0,0.0,11.0,0.0,Y,6.38,L,6.38,L,в 14:14 през “Складове и Стоки”,
6184,21,1,33905226,Нипели на резба,Нипел шест. 316L резба 150LBS 1/4“,,21.0,0.0,12.0,0.0,Y,0.0,L,0.0,L,в 14:15 през “Складове и Стоки”,
6184,22,1,33905226,Нипели на резба,Нипел шест. 316L резба 150LBS 1/4“,101225/2,-4.0,0.0,0.0,0.0,Y,0.0,L,0.0,L,в 14:15 през “Складове и Стоки”,
6184,23,1,33905226,Нипели на резба,Нипел шест. 316L резба 150LBS 1/4“,181225/21,0.0,0.0,12.0,0.0,Y,0.0,L,0.0,L,в 14:15 през “Редактирай Серийни/Партидни №”,
6184,24,1,33905226,М/Ж резба,Преход 316L резба М/Ж 1/2“х1/4“,,20.0,0.0,25.0,0.0,Y,1.94,L,1.94,L,в 14:16 през “Складове и Стоки”,
6189,0,1,33905226,М/Ж резба,Преход 316L резба М/Ж 1/2“х1/4“,143284/02092025/6,20.0,0.0,25.0,0.0,Y,1.94,L,1.94,L,в 14:16 през “Складове и Стоки”,
6189,1,1,33905226,М/Ж резба,Преход 316L резба М/Ж 3/4“х1/4“,,46.0,0.0,113.0,0.0,Y,6.9,L,6.9,L,в 14:17 през “Складове и Стоки”,
6189,2,1,33905226,М/Ж резба,Преход 316L резба М/Ж 3/4“х1/4“,10143532/110925/1,10.0,0.0,113.0,0.0,Y,6.9,L,6.9,L,в 14:17 през “Складове и Стоки”,
6189,3,1,33905226,М/Ж резба,Преход 316L резба М/Ж 3/4“х1/2“,,18.0,0.0,15.0,0.0,Y,0.0,L,0.0,L,в 14:23 през “Складове и Стоки”,
6189,4,1,33905226,М/Ж резба,Преход 316L резба М/Ж 3/4“х1/2“,12345/1,18.0,0.0,15.0,0.0,Y,0.0,L,0.0,L,в 14:23 през “Складове и Стоки”,
6189,5,1,33905226,М/Ж резба,Преход 316L резба М/Ж 1“х1/2“,181225/24,0.0,0.0,9.0,0.0,Y,3.5,L,3.5,L,в 14:24 през “Редактирай Серийни/Партидни №”,
6189,6,1,33905226,М/Ж резба,Преход 316L резба М/Ж 1“х1/2“,,11.0,0.0,9.0,0.0,Y,3.5,L,3.5,L,в 14:24 през “Складове и Стоки”,
6189,7,1,33905226,Тройници на резба,Тройник 316L резба вътрешна 1/4“,,18.0,0.0,16.0,0.0,Y,0.0,L,0.0,L,в 14:25 през “Складове и Стоки”,
6189,8,1,33905226,Тройници на резба,Тройник 316L резба вътрешна 1/4“,031125,18.0,0.0,16.0,0.0,Y,0.0,L,0.0,L,в 14:25 през “Складове и Стоки”,
6189,9,1,33905226,Тройници на резба,Тройник 316L резба вътрешна 1/2“,143284/02092025/7,27.0,0.0,39.0,0.0,Y,4.548,L,4.548,L,в 14:25 през “Складове и Стоки”,
6189,10,1,33905226,Тройници на резба,Тройник 316L резба вътрешна 1/2“,,52.0,0.0,39.0,0.0,Y,4.55,L,4.55,L,в 14:25 през “Складове и Стоки”,
6189,11,1,33905226,Тройници на резба,Тройник 316L резба вътрешна 1/2“,07082025,25.0,0.0,0.0,0.0,Y,4.548,L,4.548,L,в 14:25 през “Складове и Стоки”,
6189,12,1,33905226,Тапи на резба,Тапа 316L резба 1/4“,,11.0,0.0,5.0,0.0,Y,0.0,L,0.0,L,в 14:25 през “Складове и Стоки”,
6189,13,1,33905226,Тапи на резба,Тапа 316L резба 1/4“,181225/25,0.0,0.0,5.0,0.0,Y,0.0,L,0.0,L,в 14:26 през “Редактирай Серийни/Партидни №”,
6189,14,1,33905226,Холендри на резба,Холендър 316L резба вътрешна 3000LBS 1/2“,,8.0,0.0,11.0,0.0,Y,0.0,L,0.0,L,в 14:26 през “Складове и Стоки”,
6189,15,1,33905226,Холендри на резба,Холендър 316L резба вътрешна 3000LBS 1/2“,300925,8.0,0.0,11.0,0.0,Y,0.0,L,0.0,L,в 14:26 през “Складове и Стоки”,
6189,16,1,33905226,М/Ж резба,Преход 316L резба М/Ж 1 1/2“х1/2“,181225/26,0.0,0.0,1.0,0.0,Y,0.0,L,0.0,L,в 14:29 през “Редактирай Серийни/Партидни №”,
6189,17,1,33905226,М/Ж резба,Преход 316L резба М/Ж 1 1/2“х1/2“,,1.0,0.0,1.0,0.0,Y,0.0,L,0.0,L,в 14:29 през “Редактирай Серийни/Партидни №”,
6189,18,1,33905226,Фитинги - Щуцер на резба,Гайки за щуцери 1/2“,,136.0,0.0,70.0,0.0,Y,1.84,L,1.84,L,в 14:30 през “Складове и Стоки”,
6189,19,1,33905226,Фитинги - Щуцер на резба,Гайки за щуцери 1/2“,261922/240925,136.0,0.0,70.0,0.0,Y,1.84,L,1.84,L,в 14:30 през “Складове и Стоки”,
6189,20,1,33905226,М/Ж резба,Преход 316L резба М/Ж 1 1/4“-1/2“,181225/26,0.0,0.0,8.0,0.0,Y,17.83,L,17.83,L,в 14:34 през “Редактирай Серийни/Партидни №”,
6189,21,1,33905226,М/Ж резба,Преход 316L резба М/Ж 1 1/4“-1/2“,,0.0,0.0,8.0,0.0,Y,17.83,L,17.83,L,в 14:34 през “Складове и Стоки”,
6189,22,1,1313930709,2.5.1. Кранове на фланци,Кран сфер. на фл. 2-части 316L PN40 (Акт) 1“,,0.0,0.0,0.0,0.0,,0.0,L,0.0,L,,
6189,23,1,40175234,ИТТ,Шайба пружинна vZn-M12,,-44.0,0.0,0.0,0.0,Y,2.67,L,2.67,L,в 13:59 през “Складове и Стоки”,
6189,25,1,1313930709,2.5.1. Кранове на фланци,Кран сфер. на фл. 2-части 316L PN40 (Акт) 2“,,4.0,0.0,4.0,0.0,,0.0,L,857.9565,L,,
6070,0,1,1313930709,2.5.2. Кранове на заварка,Кран сфер. на зав. 3-части 316L PN63 1/2“,,8.0,0.0,8.0,0.0,,0.0,L,20.4725,L,,
6070,1,1,1313930709,2.5.3. Кранове на резба,Кран сфер. на рез. 3-части 316L PN63 1/2“,,4.0,0.0,4.0,0.0,,0.0,L,20.4725,L,,
6070,2,1,1313930709,2.5.2. Кранове на заварка,Кран сфер. на зав. 3-части 316L PN63 (Акт) 1“,,10.0,0.0,10.0,0.0,,0.0,L,426.24,L,,
6070,3,1,1313930709,2.5.1. Кранове на фланци,Кран сфер. на фл. трипътен 316L (Акт) 1 1/2`“,,4.0,0.0,4.0,0.0,,0.0,L,1051.8885,L,,
6070,4,1,1313930709,2.5.2. Кранове на заварка,Кран сфер. на зав. 3-части 316L PN63 1“,,23.0,0.0,23.0,0.0,,0.0,L,274.58,M,,
6070,5,1,45886076,2.6. Арматури,Филтър на фл. 316 INOX PN16 DN40,10146144/141125/1,0.0,0.0,6.0,0.0,Y,501.21,L,501.21,L,в 12:59 през “Редактирай Серийни/Партидни №”,
6070,6,1,1313930709,2.5.1. Кранове на фланци,Кран сфер. на фл. 2-части 316L PN40 (Акт) 1 1/2“,,8.0,0.0,8.0,0.0,,0.0,L,742.74,L,,
6070,7,1,1313930709,2.5.1. Кранове на фланци,Кран сфер. на фл. 2-части 316L PN40 1“,,4.0,0.0,4.0,0.0,,0.0,L,66.73,M,,
6070,8,1,1313930709,2.5.1. Кранове на фланци,Кран сфер. на фл. трипътен 316L (Акт) 1“,,3.0,0.0,3.0,0.0,,0.0,L,485.2,M,,
6070,9,1,1313930709,2.5.6. Актуатори,Актуатор (Electric act. GE-15 24/240V),,4.0,0.0,4.0,0.0,,0.0,L,309.93,M,,
6070,10,1,1313930709,2.5.1. Кранове на фланци,Кран сфер. на фл. 2-части 316L PN40 1“,84818081/101225,4.0,0.0,4.0,0.0,,0.0,L,66.73,M,,
6070,11,1,1313930709,2.5.2. Кранове на заварка,Кран сфер. на зав. 3-части 316L PN63 1“,84818099/1/101225,13.0,0.0,13.0,0.0,,0.0,L,274.58,M,,
6070,12,1,1313930709,2.5.2. Кранове на заварка,Кран сфер. на зав. 3-части 316L PN63 (Акт) 1“,28082025/40,0.0,0.0,0.0,0.0,,0.0,L,355.203,L,,
6070,13,1,1313930709,2.5.2. Кранове на заварка,Кран сфер. на зав. 3-части 316L PN63 1/2“,1419196/040925/1,8.0,0.0,8.0,0.0,,0.0,L,20.4725,L,,
6070,14,1,1313930709,2.5.3. Кранове на резба,Кран сфер. на рез. 3-части 316L PN63 1/2“,1419196/040925/2,4.0,0.0,4.0,0.0,,0.0,L,20.4725,L,,
6070,15,1,45886076,2.6. Арматури,Филтър на фл. 316 INOX PN16 DN40,,0.0,0.0,6.0,0.0,Y,501.21,L,501.21,L,в 12:59 през “Складове и Стоки”,
6070,16,1,1313930709,2.5.1. Кранове на фланци,Кран сфер. на фл. трипътен 316L (Акт) 1 1/2`“,280825/43,4.0,0.0,4.0,0.0,,0.0,L,1051.8885,L,,
6070,17,1,1313930709,2.5.2. Кранове на заварка,Кран сфер. на зав. 3-части 316L PN63 (Акт) 1“,1419195/040925/2,10.0,0.0,10.0,0.0,,0.0,L,426.24,L,,
6070,18,1,1313930709,2.5.1. Кранове на фланци,Кран сфер. на фл. трипътен 316L (Акт) 1 1/2`“,1419195/040925/3,4.0,0.0,4.0,0.0,,0.0,L,1051.8885,L,,
6070,19,1,1313930709,2.5.1. Кранове на фланци,Кран сфер. на фл. 2-части 316L PN40 (Акт) 2“,1419195/040925/4,4.0,0.0,4.0,0.0,,0.0,L,857.9565,L,,
6070,20,1,1313930709,2.5.1. Кранове на фланци,Кран сфер. на фл. 2-части 316L PN40 (Акт) 1 1/2“,1419195/040925/5,8.0,0.0,8.0,0.0,,0.0,L,742.74,L,,
6070,21,1,1313930709,2.5.2. Кранове на заварка,Кран сфер. на зав. 3-части 316L PN63 1“,1419195/040925/6,10.0,0.0,10.0,0.0,,0.0,L,510.96,L,,
6070,22,1,1313930709,2.5.1. Кранове на фланци,Кран сфер. на фл. трипътен 316L (Акт) 1“,84818099/2/101225,3.0,0.0,3.0,0.0,,0.0,L,485.2,M,,
6070,23,1,1313930709,2.5.6. Актуатори,Актуатор (Electric act. GE-15 24/240V),85439000/101225,4.0,0.0,4.0,0.0,,0.0,L,309.93,M,,
6070,24,1,1313931057,2.4. Фланци,Фланец плосък 304 T8 PN16 DN25,,145.0,0.0,145.0,0.0,,0.0,L,11.1132,L,,
6070,25,1,1313931057,2.4. Фланци,Фланец плосък 304 T10 PN16 DN40,,187.0,0.0,187.0,0.0,,0.0,L,21.5437,L,,
6070,26,1,1313931057,2.4. Фланци,Фланец плосък 304 T10 PN16 DN50,,20.0,0.0,20.0,0.0,,0.0,L,20.75,L,,
6070,27,1,1313931057,2.4. Фланци,Фланец плосък с резба 304L PN10/16/40 DN25 x1“,,3.0,0.0,3.0,0.0,,0.0,L,33.5748,L,,
6070,28,1,43862356,2.5.3. Кранове на резба,Кран сфер. на рез. 3-части 316L PN63 1/2“,,4.0,0.0,10.0,0.0,Y,10.467385,M,10.467385,M,в 12:51 през “Складове и Стоки”,
6072,0,1,1313931057,2.4. Фланци,Фланец плосък с резба 304L PN10/16/40 DN40x1 1/2,,10.0,0.0,10.0,0.0,,0.0,L,63.48,L,,
6072,1,1,1313931057,2.4. Фланци,Фланец плосък с резба 304L PN10/16 DN50 x2“,,6.0,0.0,6.0,0.0,,0.0,L,57.722,L,,
6072,2,1,1313931057,2.6. Арматури,Филтър на фл. 316 INOX PN16 DN50,,0.0,0.0,0.0,0.0,,0.0,L,692.79,L,,
6072,3,1,1313931057,2.4. Фланци,Фланец плосък 304 T8 PN16 DN25,10143532/110925/25,145.0,0.0,145.0,0.0,,0.0,L,11.1132,L,,
6072,4,1,1313931057,2.4. Фланци,Фланец плосък 304 T10 PN16 DN40,10143532/110925/40,187.0,0.0,187.0,0.0,,0.0,L,21.5437,L,,
6072,5,1,1313931057,2.4. Фланци,Фланец плосък 304 T10 PN16 DN50,10143532/110925/50,20.0,0.0,20.0,0.0,,0.0,L,20.7466,L,,
6072,6,1,1313931057,2.4. Фланци,Фланец плосък с резба 304L PN10/16/40 DN25 x1“,10143532/110925/r25,3.0,0.0,3.0,0.0,,0.0,L,33.5748,L,,
6072,7,1,1313931057,2.4. Фланци,Фланец плосък с резба 304L PN10/16/40 DN40x1 1/2,10143532/110925/r40,10.0,0.0,10.0,0.0,,0.0,L,63.48,L,,
6072,8,1,1313931057,2.4. Фланци,Фланец плосък с резба 304L PN10/16 DN50 x2“,10143532/110925/r50,6.0,0.0,6.0,0.0,,0.0,L,57.722,L,,
6072,9,1,1313931057,2.6. Арматури,Филтър на фл. 316 INOX PN16 DN50,10143532/110925/f50,0.0,0.0,0.0,0.0,,0.0,L,692.79,L,,
6072,10,1,1313931130,2.2. Фитинги за заваряване,Тройник 304L заварка (33.7х2) 1`,,40.0,0.0,40.0,0.0,,0.0,L,11.8,L,,
6072,11,1,1313931130,2.2. Фитинги за заваряване,Тройник 304L заварка (48.3х2) 1 1/2“,,51.0,0.0,51.0,0.0,,0.0,L,16.85,L,,
6072,12,1,1313931130,2.2. Фитинги за заваряване,"Капа 304L (88,9х2) 3“",,0.0,0.0,0.0,0.0,,0.0,L,8.17,L,,
6072,13,1,1313931130,2.2. Фитинги за заваряване,"Капа 316L (323.0х3,0) 12“",,16.0,0.0,16.0,0.0,,0.0,L,153.6,L,,
6072,14,1,1313931130,2.2. Фитинги за заваряване,"Коляно 45° 304L заварка (48,3х2) 1 1/2``",,0.0,0.0,0.0,0.0,,0.0,L,0.0,L,,
6072,15,1,1313931130,2.2. Фитинги за заваряване,"Коляно 90° 304L заварка (33,7х2) 1``",,161.0,0.0,161.0,0.0,,0.0,L,5.86,L,,
6072,16,1,1313931130,2.2. Фитинги за заваряване,"Коляно 90° 304L заварка (48,3х2) 1 1/2``",,210.0,0.0,210.0,0.0,,0.0,L,7.43,L,,
6072,17,1,1313931130,2.2. Фитинги за заваряване,"Коляно 90° 304L зав. (60,3x2) 2``",,32.0,0.0,32.0,0.0,,0.0,L,11.2,L,,
6072,18,1,1313931130,2.2. Фитинги за заваряване,"Тройник 304L заварка (60,3х2) 2``",,18.0,0.0,18.0,0.0,,0.0,L,21.65,L,,
6072,19,1,1313931130,2.2. Фитинги за заваряване,Кръст зав. 316L W/W DIN11850 SERIE2 DN32,,1.0,0.0,1.0,0.0,,0.0,L,1.0,L,,
6072,20,1,1313931130,2.2. Фитинги за заваряване,"Концентричен нам. 304L (60,3х33,7х2) 2``-1``",,0.0,0.0,0.0,0.0,,0.0,L,0.0,L,,
6072,21,1,1313931130,2.2. Фитинги за заваряване,Полунипел 316L 150LBS 1 1/2``,,0.0,0.0,0.0,0.0,,0.0,L,5.41,L,,
6072,22,1,1313931130,Крисметал,"Капа 316L заварка (609,6х3) 24``",,0.0,0.0,0.0,0.0,,0.0,L,0.0,L,,
6072,23,1,1313931130,2.2. Фитинги за заваряване,"Капа 304L (323,9x3) 12``",,0.0,0.0,0.0,0.0,,0.0,L,130.0,L,,
6072,24,1,1313931130,2.2. Фитинги за заваряване,"Капа 316L (168,3x2,0) 6``",,20.0,0.0,20.0,0.0,,0.0,L,39.49,L,,
6072,25,1,1313931130,2.2. Фитинги за заваряване,"Капа 316L (114,3х2) 4``",,21.0,0.0,21.0,0.0,,0.0,L,15.62,L,,
6072,26,1,1313931130,2.2. Фитинги за заваряване,"Капа 304L (168,3х2) 6“",,2.0,0.0,2.0,0.0,,0.0,L,35.54,L,,
6072,27,1,1313931130,2.2. Фитинги за заваряване,"Капа 316L (168,3x2,0) 6``",10142820/19082025,0.0,0.0,0.0,0.0,,0.0,L,35.544,L,,
6072,28,1,1313931130,2.2. Фитинги за заваряване,"Капа 304L (168,3х2) 6“",10142820/19082025,2.0,0.0,2.0,0.0,,0.0,L,39.5,L,,
6075,0,1,1313931130,2.2. Фитинги за заваряване,Кръст зав. 316L W/W DIN11850 SERIE2 DN32,1,1.0,0.0,1.0,0.0,,0.0,L,1.0,L,,
6075,1,1,1313931130,2.2. Фитинги за заваряване,"Коляно 90° 304L заварка (33,7х2) 1``",28082025/26,0.0,0.0,0.0,0.0,,0.0,L,4.88,L,,
6075,2,1,1313931130,2.2. Фитинги за заваряване,"Капа 316L (114,3х2) 4``",10143532/110925/4`,21.0,0.0,21.0,0.0,,0.0,L,15.619999999999997,L,,
6075,3,1,1313931130,2.2. Фитинги за заваряване,"Капа 316L (168,3x2,0) 6``",10143532/110925/6`,6.0,0.0,6.0,0.0,,0.0,L,39.49,L,,
6075,4,1,1313931130,2.2. Фитинги за заваряване,"Коляно 90° 304L заварка (33,7х2) 1``",10143532/110925/k1`,161.0,0.0,161.0,0.0,,0.0,L,5.86,L,,
6075,5,1,1313931130,2.2. Фитинги за заваряване,"Коляно 90° 304L заварка (48,3х2) 1 1/2``",10143532/110925/k1.1/2`,210.0,0.0,210.0,0.0,,0.0,L,7.43,L,,
6075,6,1,1313931130,2.2. Фитинги за заваряване,"Коляно 90° 304L зав. (60,3x2) 2``",10143532/110925/k2`,32.0,0.0,32.0,0.0,,0.0,L,11.196,L,,
6075,7,1,1313931130,2.2. Фитинги за заваряване,Тройник 304L заварка (33.7х2) 1`,10143532/110925/t1`,40.0,0.0,40.0,0.0,,0.0,L,11.8,L,,
6075,8,1,1313931130,2.2. Фитинги за заваряване,Тройник 304L заварка (48.3х2) 1 1/2“,10143532/110925/t1.1/2`,51.0,0.0,51.0,0.0,,0.0,L,16.85,L,,
6075,9,1,1313931130,2.2. Фитинги за заваряване,"Тройник 304L заварка (60,3х2) 2``",10143532/110925/t2`,18.0,0.0,18.0,0.0,,0.0,L,21.65,L,,
6075,10,1,1313931130,2.2. Фитинги за заваряване,"Капа 316L (114,3х2) 4``",10143544/110925,0.0,0.0,0.0,0.0,,0.0,L,15.62,L,,
6075,11,1,1313931130,2.2. Фитинги за заваряване,"Капа 316L (168,3x2,0) 6``",10144231/011025/1,14.0,0.0,14.0,0.0,,0.0,L,39.49,L,,
6075,12,1,1313931130,2.2. Фитинги за заваряване,"Капа 316L (323.0х3,0) 12“",10144231/011025/2,16.0,0.0,16.0,0.0,,0.0,L,153.6,L,,
6075,13,1,1313931130,2.2. Фитинги за заваряване,"Капа 304L (88,9х2) 3“",10146121/141125/1,0.0,0.0,0.0,0.0,,0.0,L,8.17,L,,
6075,14,1,48014781,2.2. Фитинги за заваряване,Кръст зав. 316L W/W DIN11850 SERIE2 DN32,,1.0,0.0,8.0,0.0,Y,1.0,L,1.0,L,в 08:21 през “Складове и Стоки”,
6075,15,1,48014781,2.2. Фитинги за заваряване,Кръст зав. 316L W/W DIN11850 SERIE2 DN32,1,1.0,0.0,8.0,0.0,Y,1.0,L,1.0,L,в 08:21 през “Складове и Стоки”,
6075,16,1,48014781,Холендри на резба,Холендър 316L резба вътрешна PTFE 150LBS 1/2“,10147733/231225,0.0,0.0,4.0,0.0,Y,14.85,L,14.85,L,в 15:08 през “Редактирай Серийни/Партидни №”,
6075,17,1,48014781,Холендри на резба,Холендър 316L резба вътрешна PTFE 150LBS 1/2“,,4.0,0.0,4.0,0.0,Y,14.85,L,14.85,L,в 15:08 през “Редактирай Серийни/Партидни №”,
6075,18,1,45886076,2.2. Фитинги за заваряване,"Капа 316L (114,3х2) 4``",,21.0,0.0,23.0,0.0,Y,15.62,L,15.62,L,в 07:47 през “Складове и Стоки”,
6075,19,1,45886076,2.2. Фитинги за заваряване,"Капа 316L (114,3х2) 4``",10143532/110925/4`,21.0,0.0,23.0,0.0,Y,15.62,L,15.62,L,в 07:47 през “Складове и Стоки”,
6075,20,1,45886076,2.2. Фитинги за заваряване,"Капа 316L (168,3x2,0) 6``",,20.0,0.0,23.0,0.0,Y,39.49,L,39.49,L,в 07:47 през “Складове и Стоки”,
6075,21,1,45886076,2.2. Фитинги за заваряване,"Капа 316L (168,3x2,0) 6``",10144231/011025/1,14.0,0.0,17.0,0.0,Y,39.49,L,39.49,L,в 07:47 през “Складове и Стоки”,
6075,22,1,45886076,2.2. Фитинги за заваряване,"Капа 304L (168,3х2) 6“",,2.0,0.0,0.0,0.0,Y,35.54,L,35.54,L,в 07:58 през “Складове и Стоки”,
6075,23,1,45886076,2.2. Фитинги за заваряване,"Капа 304L (168,3х2) 6“",10142820/19082025,2.0,0.0,0.0,0.0,Y,39.5,L,39.5,L,в 07:59 през “Складове и Стоки”,
6075,24,1,45886076,Муфи на резба,Муфа 304L резбa 150LBS L54 2``,,8.0,0.0,6.0,0.0,Y,8.16,L,8.16,L,в 08:00 през “Складове и Стоки”,
6215,0,1,45886076,Муфи на резба,Муфа 304L резбa 150LBS L54 2``,10143532/110925/2.,8.0,0.0,6.0,0.0,Y,8.16,L,8.16,L,в 08:00 през “Складове и Стоки”,
6215,1,1,45886076,2.2. Фитинги за заваряване,Полунипел 316L 150LBS 1 1/2“,,20.0,0.0,16.0,0.0,Y,5.41,L,5.41,L,в 08:01 през “Складове и Стоки”,
6215,2,1,45886076,2.2. Фитинги за заваряване,Полунипел 316L 150LBS 1 1/2“,10143532/110925/pn1.1/2`,20.0,0.0,16.0,0.0,Y,5.41,L,5.41,L,в 08:01 през “Складове и Стоки”,
6215,3,1,45886076,2.2. Фитинги за заваряване,"Коляно 45° 304L заварка (48,3х2) 1 1/2``",050126/1,0.0,0.0,17.0,0.0,Y,0.0,L,0.0,L,в 08:02 през “Редактирай Серийни/Партидни №”,
6215,4,1,45886076,2.2. Фитинги за заваряване,"Коляно 45° 304L заварка (48,3х2) 1 1/2``",,0.0,0.0,17.0,0.0,Y,0.0,L,0.0,L,в 08:02 през “Складове и Стоки”,
6215,5,1,45886076,2.2. Фитинги за заваряване,"Коляно 90° 304L заварка (33,7х2) 1``",,161.0,0.0,100.0,0.0,Y,5.86,L,5.86,L,в 08:02 през “Складове и Стоки”,
6215,6,1,45886076,2.2. Фитинги за заваряване,"Коляно 90° 304L заварка (33,7х2) 1``",10143532/110925/k1`,161.0,0.0,100.0,0.0,Y,5.86,L,5.86,L,в 08:02 през “Складове и Стоки”,
6215,7,1,45886076,2.2. Фитинги за заваряване,"Коляно 90° 304L заварка (48,3х2) 1 1/2``",,210.0,0.0,215.0,0.0,Y,7.43,L,7.43,L,в 08:02 през “Складове и Стоки”,
6215,8,1,45886076,2.2. Фитинги за заваряване,"Коляно 90° 304L заварка (48,3х2) 1 1/2``",10143532/110925/k1.1/2`,210.0,0.0,215.0,0.0,Y,7.43,L,7.43,L,в 08:02 през “Складове и Стоки”,
6215,9,1,45886076,2.2. Фитинги за заваряване,Тройник 304L заварка (48.3х2) 1 1/2“,,51.0,0.0,50.0,0.0,Y,16.85,L,16.85,L,в 08:04 през “Складове и Стоки”,
6215,10,1,45886076,2.2. Фитинги за заваряване,Тройник 304L заварка (48.3х2) 1 1/2“,10143532/110925/t1.1/2`,51.0,0.0,50.0,0.0,Y,16.85,L,16.85,L,в 08:04 през “Складове и Стоки”,
6215,11,1,45886076,2.2. Фитинги за заваряване,Тройник 304L заварка (33.7х2) 1`,,40.0,0.0,24.0,0.0,Y,11.8,L,11.8,L,в 08:04 през “Складове и Стоки”,
6215,12,1,45886076,2.2. Фитинги за заваряване,Тройник 304L заварка (33.7х2) 1`,10143532/110925/t1`,40.0,0.0,24.0,0.0,Y,11.8,L,11.8,L,в 08:04 през “Складове и Стоки”,
6215,13,1,45886076,2.4. Фланци,Фланец плосък 304 T10 PN16 DN40,,187.0,0.0,166.0,0.0,Y,21.5437,L,21.5437,L,в 09:31 през “Складове и Стоки”,
6215,14,1,45886076,2.4. Фланци,Фланец плосък 304 T10 PN16 DN40,10143532/110925/40,187.0,0.0,166.0,0.0,Y,21.5437,L,21.5437,L,в 09:31 през “Складове и Стоки”,
6215,15,1,45886076,2.4. Фланци,Фланец плосък 304 T10 PN16 DN50,,20.0,0.0,31.0,0.0,Y,20.75,L,20.75,L,в 09:31 през “Складове и Стоки”,
6215,16,1,45886076,2.4. Фланци,Фланец плосък 304 T10 PN16 DN50,10143532/110925/50,20.0,0.0,31.0,0.0,Y,20.7466,L,20.7466,L,в 09:32 през “Складове и Стоки”,
6215,17,1,45886076,2.4. Фланци,Фланец плосък 304 T8 PN16 DN25,,145.0,0.0,121.0,0.0,Y,11.1132,L,11.1132,L,в 09:32 през “Складове и Стоки”,
6215,18,1,45886076,2.4. Фланци,Фланец плосък 304 T8 PN16 DN25,10143532/110925/25,145.0,0.0,121.0,0.0,Y,11.1132,L,11.1132,L,в 09:32 през “Складове и Стоки”,
6215,19,1,45886076,2.4. Фланци,Фланец плосък с резба 304L PN10/16 DN50 x2“,,6.0,0.0,8.0,0.0,Y,57.722,L,57.722,L,в 09:32 през “Складове и Стоки”,
6215,20,1,45886076,2.4. Фланци,Фланец плосък с резба 304L PN10/16 DN50 x2“,10143532/110925/r50,6.0,0.0,8.0,0.0,Y,57.722,L,57.722,L,в 09:32 през “Складове и Стоки”,
6215,21,1,45886076,2.4. Фланци,Фланец плосък с резба 304L PN10/16/40 DN25 x1“,,3.0,0.0,5.0,0.0,Y,33.5748,L,33.5748,L,в 09:32 през “Складове и Стоки”,
6221,0,1,45886076,2.4. Фланци,Фланец плосък с резба 304L PN10/16/40 DN25 x1“,10143532/110925/r25,3.0,0.0,5.0,0.0,Y,33.5748,L,33.5748,L,в 09:32 през “Складове и Стоки”,
6221,1,1,45886076,2.4. Фланци,Фланец плосък с резба 304L PN10/16/40 DN40x1 1/2,,10.0,0.0,8.0,0.0,Y,63.48,L,63.48,L,в 09:33 през “Складове и Стоки”,
6221,2,1,45886076,2.4. Фланци,Фланец плосък с резба 304L PN10/16/40 DN40x1 1/2,10143532/110925/r40,10.0,0.0,8.0,0.0,Y,63.48,L,63.48,L,в 09:33 през “Складове и Стоки”,
6221,3,1,45886076,2.5.1. Кранове на фланци,Кран сфер. на фл. 2-части 316L PN40 (Акт) 1 1/2“,,8.0,0.0,6.0,0.0,Y,742.74,L,742.74,L,в 09:35 през “Складове и Стоки”,
6221,4,1,45886076,2.5.1. Кранове на фланци,Кран сфер. на фл. 2-части 316L PN40 (Акт) 1 1/2“,1419195/040925/5,8.0,0.0,6.0,0.0,Y,742.74,L,742.74,L,в 09:35 през “Складове и Стоки”,
6221,5,1,45886076,2.5.1. Кранове на фланци,Кран сфер. на фл. 2-части 316L PN40 (Акт) 2“,,4.0,0.0,3.0,0.0,Y,857.9565,L,857.9565,L,в 09:36 през “Складове и Стоки”,
6221,6,1,45886076,2.5.1. Кранове на фланци,Кран сфер. на фл. 2-части 316L PN40 (Акт) 2“,1419195/040925/4,4.0,0.0,3.0,0.0,Y,857.9565,L,857.9565,L,в 09:36 през “Складове и Стоки”,
6221,7,1,45886076,2.5.2. Кранове на заварка,Кран сфер. на зав. 3-части 316L PN63 1“,,23.0,0.0,13.0,0.0,Y,274.58,M,274.58,M,в 09:41 през “Складове и Стоки”,
6221,8,1,45886076,2.5.2. Кранове на заварка,Кран сфер. на зав. 3-части 316L PN63 1“,1419195/040925/6,10.0,0.0,0.0,0.0,Y,510.96,L,510.96,L,в 09:41 през “Складове и Стоки”,
6221,9,1,45886076,2.5.2. Кранове на заварка,Кран сфер. на зав. 3-части 316L PN63 (Акт) 1“,,10.0,0.0,6.0,0.0,Y,426.24,L,426.24,L,в 09:41 през “Складове и Стоки”,
6221,10,1,45886076,2.5.2. Кранове на заварка,Кран сфер. на зав. 3-части 316L PN63 (Акт) 1“,1419195/040925/2,10.0,0.0,6.0,0.0,Y,426.24,L,426.24,L,в 09:41 през “Складове и Стоки”,
6221,11,1,45886076,2.5.1. Кранове на фланци,Кран сфер. на фл. трипътен 316L (Акт) 1 1/2`“,,4.0,0.0,3.0,0.0,Y,1051.8885,L,1051.8885,L,в 09:41 през “Складове и Стоки”,
6221,12,1,45886076,2.5.1. Кранове на фланци,Кран сфер. на фл. трипътен 316L (Акт) 1 1/2`“,1419195/040925/3,4.0,0.0,3.0,0.0,Y,1051.8885,L,1051.8885,L,в 09:42 през “Складове и Стоки”,
6221,13,1,45886076,2.5.1. Кранове на фланци,Кран сфер. на фл. трипътен 316L (Акт) 1 1/2`“,280825/43,4.0,0.0,0.0,0.0,Y,1051.8885,L,1051.8885,L,в 09:42 през “Складове и Стоки”,
6221,14,1,45886076,2.5.1. Кранове на фланци,Кран сфер. на фл. 2-части 316L PN40 (Акт) 1“,050126/2,0.0,0.0,16.0,0.0,Y,0.0,L,0.0,L,в 09:48 през “Редактирай Серийни/Партидни №”,
6221,15,1,45886076,2.5.1. Кранове на фланци,Кран сфер. на фл. 2-части 316L PN40 (Акт) 1“,,0.0,0.0,16.0,0.0,Y,0.0,L,0.0,L,в 09:49 през “Складове и Стоки”,
6221,16,1,45886076,Сензори,Трансмитер за налягане 0-10 bar. G 1/2“,25689,0.0,0.0,1.0,0.0,Y,639.432,L,639.432,L,в 13:45 през “Складове и Стоки”,
6221,17,1,45886076,Сензори,Трансмитер за налягане 0-10 bar. G 1/2“,,12.0,0.0,13.0,0.0,Y,639.43,L,639.43,L,в 13:50 през “Складове и Стоки”,
6221,18,1,45886076,Сензори,Трансмитер за налягане 0-10 bar. G 1/2“,25697,0.0,0.0,0.0,0.0,Y,639.43,L,639.43,L,в 13:50 през “Складове и Стоки”,
6221,19,1,45886076,Сензори,Трансмитер за налягане 0-10 bar. G 1/2“,25701,0.0,0.0,0.0,0.0,Y,639.43,L,639.43,L,в 13:50 през “Складове и Стоки”,
6221,20,1,45886076,Сензори,Трансмитер за налягане 0-10 bar. G 1/2“,25702,0.0,0.0,0.0,0.0,Y,639.43,L,639.43,L,в 13:49 през “Складове и Стоки”,
6221,21,1,45886076,Сензори,Трансмитер за налягане 0-10 bar. G 1/2“,52694,0.0,0.0,0.0,0.0,Y,639.43,L,639.43,L,в 13:49 през “Складове и Стоки”,
6229,0,1,45886076,Сензори,Трансмитер за налягане 0-3 bar,131125/rem,3.0,0.0,2.0,0.0,Y,1.0,L,1.0,L,в 13:52 през “Складове и Стоки”,
6229,1,1,45886076,Сензори,Трансмитер за налягане 0-3 bar,,3.0,0.0,2.0,0.0,Y,1.0,L,1.0,L,в 13:52 през “Складове и Стоки”,
6229,2,1,48909883,Сензори,Нивомер поплавъчен тип 8181,po32235,3.0,0.0,2.0,0.0,Y,169.49,L,169.49,L,в 10:12 през “Складове и Стоки”,
6229,3,1,48909883,Сензори,Нивомер поплавъчен тип 8181,,3.0,0.0,2.0,0.0,Y,169.49,L,169.49,L,в 10:12 през “Складове и Стоки”,
6229,4,1,35359514,"Прекъсвачи, Предпазители",Прекъсвач мин. AMPARO 6kA C 10А 1P,221225/8,0.0,0.0,2.0,0.0,Y,1.79,M,1.79,M,в 07:57 през “Редактирай Серийни/Партидни №”,
6229,5,1,35359514,"Прекъсвачи, Предпазители",Прекъсвач мин. AMPARO 6kA C 10А 1P,,2.0,0.0,2.0,0.0,Y,1.79,M,1.79,M,в 07:57 през “Редактирай Серийни/Партидни №”,
6229,6,1,46034611,1.1.1. Части (Електролизьор),Мембрани (Composite Membrane) 1х1м,,230.0,0.0,526.0,0.0,Y,132.42,$,132.42,$,в 12:32 през “Складове и Стоки”,
6229,7,1,46034611,1.1.1. Части (Електролизьор),Мембрани (Composite Membrane) 1х1м,VMA20250921/141025/2,230.0,0.0,526.0,0.0,Y,132.42,$,132.42,$,в 12:32 през “Складове и Стоки”,
6229,8,1,46034611,1.1.1. Части (Електролизьор),Уплътнение (S.G.M. PTFE) 1060x900x5мм,,229.0,0.0,587.0,0.0,Y,90.5,$,90.5,$,в 12:34 през “Складове и Стоки”,
6229,9,1,46034611,1.1.1. Части (Електролизьор),Уплътнение (S.G.M. PTFE) 1060x900x5мм,VMA2025081801/18082025/2,16.0,0.0,0.0,0.0,Y,90.5,$,90.5,$,в 12:35 през “Складове и Стоки”,
6229,10,1,46034611,1.1.1. Части (Електролизьор),Уплътнение (S.G.M. PTFE) 1060x900x5мм,VMA20250921/141025/1,213.0,0.0,587.0,0.0,Y,90.5,$,90.5,$,в 12:35 през “Складове и Стоки”,
6229,11,1,48230298,1.1.1. Части (Електролизьор),Ламарина кръг 1060мм 316L 2мм,,123.0,0.0,119.0,0.0,Y,450.38,L,450.38,L,в 12:43 през “Складове и Стоки”,
6229,12,1,48230298,1.1.1. Части (Електролизьор),Ламарина кръг 1060мм 316L 2мм,97611/130825,123.0,0.0,119.0,0.0,Y,450.38,L,450.38,L,в 12:43 през “Складове и Стоки”,
6229,13,1,47492732,1.1.1. Части (Електролизьор),"Уплътнение от експандиран теф. ф1060хф900х0,5мм",,1066.0,0.0,780.0,0.0,Y,69.238637,M,69.238637,M,в 12:57 през “Складове и Стоки”,
6229,14,1,47492732,1.1.1. Части (Електролизьор),"Уплътнение от експандиран теф. ф1060хф900х0,5мм",3907/22082025,1066.0,0.0,780.0,0.0,Y,135.42,L,135.42,L,в 12:57 през “Складове и Стоки”,
6229,15,1,46034611,Фитинги - Щуцер на резба,Щуцер за маркуч 304 1/4“,,16.0,0.0,1.0,0.0,Y,1.0,L,1.0,L,в 13:41 през “Складове и Стоки”,
6229,16,1,46034611,Фитинги - Щуцер на резба,Щуцер за маркуч 304 1/4“,090925/6,16.0,0.0,1.0,0.0,Y,1.0,L,1.0,L,в 13:41 през “Складове и Стоки”,
6229,17,1,1316350067,2.5.1. Кранове на фланци,Кран сфер. на фл. 2-части 316L PN40 (Акт) 1“,,16.0,0.0,16.0,0.0,,0.0,L,274.58,M,,
6229,19,1,41745753,Муфи на резба,Муфа 304L резбa 150LBS L42 1``,,12.0,0.0,14.0,0.0,Y,5.81,L,5.81,L,в 09:20 през “Складове и Стоки”,
6229,20,1,1316350067,2.5.1. Кранове на фланци,Кран сфер. на фл. 2-части 316L PN40 (Акт) 2“,,3.0,0.0,3.0,0.0,,0.0,L,857.9565,L,,
6229,21,1,1316350067,2.5.2. Кранове на заварка,Кран сфер. на зав. 3-части 316L PN63 1/2“,,8.0,0.0,8.0,0.0,,0.0,L,20.4725,L,,
6229,22,1,1316350067,2.5.3. Кранове на резба,Кран сфер. на рез. 3-части 316L PN63 1/2“,,4.0,0.0,4.0,0.0,,0.0,L,20.4725,L,,
6229,23,1,1316350067,2.5.2. Кранове на заварка,Кран сфер. на зав. 3-части 316L PN63 (Акт) 1“,,6.0,0.0,6.0,0.0,,0.0,L,191.7,M,,
6229,24,1,1316350067,2.5.1. Кранове на фланци,Кран сфер. на фл. трипътен 316L (Акт) 1 1/2`“,,3.0,0.0,3.0,0.0,,0.0,L,1051.8885,L,,
6292,0,1,1316350067,2.5.2. Кранове на заварка,Кран сфер. на зав. 3-части 316L PN63 1“,,13.0,0.0,13.0,0.0,,0.0,L,30.87,L,,
6292,1,1,1316350067,2.5.1. Кранове на фланци,Кран сфер. на фл. 2-части 316L PN40 (Акт) 1 1/2“,,6.0,0.0,6.0,0.0,,0.0,L,742.74,L,,
6292,2,1,1316350067,2.5.1. Кранове на фланци,Кран сфер. на фл. 2-части 316L PN40 1“,,4.0,0.0,4.0,0.0,,0.0,L,66.73,M,,
6292,3,1,1316350067,2.5.1. Кранове на фланци,Кран сфер. на фл. трипътен 316L (Акт) 1“,,3.0,0.0,3.0,0.0,,0.0,L,485.2,M,,
6292,4,1,1316350067,2.5.6. Актуатори,Актуатор (Electric act. GE-15 24/240V),,4.0,0.0,4.0,0.0,,0.0,L,309.93,M,,
6292,5,1,1316350067,2.5.1. Кранове на фланци,Кран сфер. на фл. 2-части 316L PN40 1“,84818081/101225,4.0,0.0,4.0,0.0,,0.0,L,66.73,M,,
6292,6,1,1316350067,2.5.2. Кранове на заварка,Кран сфер. на зав. 3-части 316L PN63 1“,84818099/1/101225,13.0,0.0,13.0,0.0,,0.0,L,30.87,L,,
6292,7,1,1316350067,2.5.2. Кранове на заварка,Кран сфер. на зав. 3-части 316L PN63 (Акт) 1“,28082025/40,0.0,0.0,0.0,0.0,,0.0,L,355.203,L,,
6292,8,1,1316350067,2.5.2. Кранове на заварка,Кран сфер. на зав. 3-части 316L PN63 1/2“,1419196/040925/1,8.0,0.0,8.0,0.0,,0.0,L,20.4725,L,,
6292,9,1,1316350067,2.5.3. Кранове на резба,Кран сфер. на рез. 3-части 316L PN63 1/2“,1419196/040925/2,4.0,0.0,4.0,0.0,,0.0,L,20.4725,L,,
6292,10,1,1316350067,2.5.1. Кранове на фланци,Кран сфер. на фл. трипътен 316L (Акт) 1 1/2`“,280825/43,0.0,0.0,0.0,0.0,,0.0,L,1051.8885,L,,
6292,11,1,1316350067,2.5.2. Кранове на заварка,Кран сфер. на зав. 3-части 316L PN63 (Акт) 1“,1419195/040925/2,6.0,0.0,6.0,0.0,,0.0,L,191.7,M,,
6292,12,1,1316350067,2.5.1. Кранове на фланци,Кран сфер. на фл. трипътен 316L (Акт) 1 1/2`“,1419195/040925/3,3.0,0.0,3.0,0.0,,0.0,L,1051.8885,L,,
6292,13,1,1316350067,2.5.1. Кранове на фланци,Кран сфер. на фл. 2-части 316L PN40 (Акт) 2“,1419195/040925/4,3.0,0.0,3.0,0.0,,0.0,L,857.9565,L,,
6292,14,1,1316350067,2.5.1. Кранове на фланци,Кран сфер. на фл. 2-части 316L PN40 (Акт) 1 1/2“,1419195/040925/5,6.0,0.0,6.0,0.0,,0.0,L,742.74,L,,
6292,15,1,1316350067,2.5.2. Кранове на заварка,Кран сфер. на зав. 3-части 316L PN63 1“,1419195/040925/6,0.0,0.0,0.0,0.0,,0.0,L,510.96,L,,
6292,16,1,1316350067,2.5.1. Кранове на фланци,Кран сфер. на фл. трипътен 316L (Акт) 1“,84818099/2/101225,3.0,0.0,3.0,0.0,,0.0,L,485.2,M,,
6292,17,1,1316350067,2.5.6. Актуатори,Актуатор (Electric act. GE-15 24/240V),85439000/101225,4.0,0.0,4.0,0.0,,0.0,L,309.93,M,,
6292,18,1,1316350067,2.5.1. Кранове на фланци,Кран сфер. на фл. 2-части 316L PN40 (Акт) 1“,050126/2,16.0,0.0,16.0,0.0,,0.0,L,274.58,L,,
6292,19,1,43832948,1.1.1. Части (Електролизьор),Ламарина кръг 1060мм 316L 5мм,,8.5,0.0,8.0,0.0,Y,577.614539,M,577.614539,M,в 14:36 през “Складове и Стоки”,
6292,20,1,43832948,1.1.1. Части (Електролизьор),Ламарина кръг 1060мм 316L 5мм,97611/130825/2,8.5,0.0,8.0,0.0,Y,1129.72,L,1129.72,L,в 14:36 през “Складове и Стоки”,
6292,21,1,43832948,1.1.1. Части (Електролизьор),Ламарина кръг 1060мм 316L 2мм,,119.0,0.0,100.0,0.0,Y,230.27479,M,230.27479,M,в 14:37 през “Складове и Стоки”,
6292,22,1,43832948,1.1.1. Части (Електролизьор),Ламарина кръг 1060мм 316L 2мм,97611/130825,119.0,0.0,100.0,0.0,Y,450.38,L,450.38,L,в 14:37 през “Складове и Стоки”,
6292,23,1,45641320,2.1. Тръби,"Тръба шевна 304L (323,9х3) 12``",,27.0,0.0,28.0,0.0,Y,147.655439,M,147.655439,M,в 15:15 през “Складове и Стоки”,
6292,24,1,45641320,2.1. Тръби,"Тръба шевна 304L (323,9х3) 12``",10143532/110925/323.9,24.0,0.0,28.0,0.0,Y,288.79,L,288.79,L,в 15:15 през “Складове и Стоки”,
6292,25,1,45641320,2.1. Тръби,"Тръба шевна 304L (323,9х3) 12``",28082025/9,3.0,0.0,0.0,0.0,Y,0.0,L,0.0,L,в 15:15 през “Складове и Стоки”,
6292,26,1,43862356,2.5.3. Кранове на резба,Кран сфер. на рез. 3-части 316L PN63 1/2“,1419196/040925/2,4.0,0.0,10.0,0.0,Y,10.467385,M,10.467385,M,в 12:51 през “Складове и Стоки”,
6311,0,1,41745753,2.5.1. Кранове на фланци,Кран сфер. на фл. 2-части 316L PN40 (Акт) 1“,,16.0,0.0,21.0,0.0,Y,274.58,M,274.58,M,в 07:50 през “Складове и Стоки”,
6311,1,1,41745753,2.5.1. Кранове на фланци,Кран сфер. на фл. 2-части 316L PN40 (Акт) 1“,050126/2,16.0,0.0,21.0,0.0,Y,274.58,M,274.58,M,в 07:50 през “Складове и Стоки”,
6311,2,1,41745753,Муфи на резба,Муфа 304L резбa 150LBS L42 1``,10143532/110925/1.,12.0,0.0,14.0,0.0,Y,5.81,L,5.81,L,в 09:20 през “Складове и Стоки”,
6311,3,1,41745753,М16,Шпилка М16,241025/28,6.0,0.0,0.0,0.0,Y,16.94,L,16.94,L,в 14:03 през “Складове и Стоки”,
6311,4,1,41745753,М16,Шпилка М16,,22.0,0.0,16.0,0.0,Y,8.661253,M,8.661253,M,в 14:04 през “Складове и Стоки”,
6311,5,1,41745753,5. Устройства,Захранване 275 kW,160126/5,0.0,0.0,4.0,0.0,Y,53787.25,L,53787.25,L,в 14:43 през “Редактирай Серийни/Партидни №”,
6311,6,1,41745753,5. Устройства,Захранване 275 kW,,0.0,0.0,4.0,0.0,Y,53787.25,L,53787.25,L,в 14:44 през “Складове и Стоки”,
6311,7,1,41745753,2.5.5. Клапани,Иглен клапан (Slid. Gate Mot. Valve 8038 H2),2916800002/3,0.0,0.0,1.0,0.0,Y,3569.44,M,3569.44,M,в 14:51 през “Складове и Стоки”,
6311,8,1,41745753,2.5.5. Клапани,Иглен клапан (Slid. Gate Mot. Valve 8038 H2),,2.0,0.0,3.0,0.0,Y,3569.44,M,3569.44,M,в 14:51 през “Складове и Стоки”,
6311,9,1,41745753,2.5.5. Клапани,Иглен клапан (Slid. Gate Mot. Valve 8038 О2),2916800001/1,0.0,0.0,1.0,0.0,Y,3233.29,M,3233.29,M,в 14:51 през “Складове и Стоки”,
6311,10,1,41745753,2.5.5. Клапани,Иглен клапан (Slid. Gate Mot. Valve 8038 О2),,2.0,0.0,3.0,0.0,Y,3233.29,M,3233.29,M,в 14:51 през “Складове и Стоки”,
6311,11,1,41745753,Сензори,Нивомер поплавъчен тип 8181,,2.0,0.0,6.0,0.0,Y,87.74,M,87.74,M,в 14:59 през “Складове и Стоки”,
6311,12,1,41745753,Сензори,Нивомер поплавъчен тип 8181,po34479,2.0,0.0,6.0,0.0,Y,87.992,M,87.992,M,в 14:59 през “Складове и Стоки”,
6311,13,1,45323473,Релета,Цокъл за реле (PT YP 6A/250V AC),120126/6,0.0,0.0,4.0,0.0,Y,6.83,L,6.83,L,в 08:42 през “Редактирай Серийни/Партидни №”,
6311,14,1,45323473,Релета,Цокъл за реле (PT YP 6A/250V AC),,4.0,0.0,4.0,0.0,Y,6.83,L,6.83,L,в 08:42 през “Редактирай Серийни/Партидни №”,
6311,15,1,45323473,"Прекъсвачи, Предпазители","Прекъсвач (MCB 10kA,  D10/3)",220126/1,0.0,0.0,1.0,0.0,Y,0.0,L,0.0,L,в 14:12 през “Редактирай Серийни/Партидни №”,
6311,16,1,45323473,"Прекъсвачи, Предпазители","Прекъсвач (MCB 10kA,  D10/3)",,1.0,0.0,1.0,0.0,Y,0.0,L,0.0,L,в 14:12 през “Редактирай Серийни/Партидни №”,
6311,17,1,38790263,1.1.1. Части (Електролизьор),Плетена мрежа  INOX AISI 316L H 1000мм,120126/7,0.0,0.0,283.0,0.0,Y,0.0,L,0.0,L,в 07:51 през “Редактирай Серийни/Партидни №”,
6311,18,1,38790263,1.1.1. Части (Електролизьор),Плетена мрежа  INOX AISI 316L H 1000мм,,0.0,0.0,283.0,0.0,Y,0.0,L,0.0,L,в 07:51 през “Складове и Стоки”,
6311,19,1,38790263,1.1.1. Части (Електролизьор),Тефлонов лист 1200х1200х1мм,120126/4,0.0,0.0,30.0,0.0,Y,211.98,L,211.98,L,в 08:01 през “Редактирай Серийни/Партидни №”,
6311,20,1,38790263,1.1.1. Части (Електролизьор),Тефлонов лист 1200х1200х1мм,,0.0,0.0,30.0,0.0,Y,211.98,L,211.98,L,в 08:01 през “Складове и Стоки”,
6311,21,1,1317143533,Газ анализ - Фитинги,MALE CONNECTOR 6MM SWA - 1/4`` NPT,,0.0,0.0,0.0,0.0,,0.0,L,11.95,M,,
6311,22,1,1317143533,Газ анализ - Фитинги,MALE CONNECTOR 6MM SWA - 1/8`` NPT,,0.0,0.0,0.0,0.0,,0.0,L,11.45,M,,
6311,23,1,1317143533,Газ анализ - Фитинги,BULKHEAD UNION 6MM SWA - удължен фитинг,,24.0,0.0,24.0,0.0,,0.0,L,30.57,M,,
6403,0,1,1317143533,Газ анализ - Фитинги,MALE CONNECTOR 6MM SWA – R 1/8`` - мъжка връзка,,0.0,0.0,0.0,0.0,,0.0,L,11.45,M,,
6403,1,1,1317143533,Газ анализ - Арматури,2 micron element kit for 2F series - филтър,,31.0,0.0,31.0,0.0,,0.0,L,8.7,M,,
6403,2,1,1317143533,Газ анализ - Фитинги,MALE Elbow  6MM SWA – R 1/8``,,1.0,0.0,1.0,0.0,,0.0,L,23.1,M,,
6403,3,1,1317143533,Газ анализ - Фитинги,316 SS Ferrule set - комплект ферули,,0.0,0.0,0.0,0.0,,0.0,L,3.49,M,,
6403,4,1,1317143533,Газ анализ - Арматури,Needle valve - иглен клапан,,4.0,0.0,4.0,0.0,,0.0,L,118.08,M,,
6403,5,1,1317143533,Газ анализ - Арматури,3 Way Ball valve - трипътник,,1.0,0.0,1.0,0.0,,0.0,L,154.61,M,,
6403,6,1,1317143533,Газ анализ - Крепежи,"Twin Bolted Plastic Clamp Tube Support Kit, 6 mm",,11.0,0.0,11.0,0.0,,0.0,L,9.85,M,,
6403,7,1,1317143533,Газ анализ - Крепежи,"Bolted Plastic Clamp Support Kit, 6 mm - скоба",,29.0,0.0,29.0,0.0,,0.0,L,7.43,M,,
6403,8,1,1317143533,Газ анализ - Фитинги,"Stainless steel tube fitting, union 6mm",,6.0,0.0,6.0,0.0,,0.0,L,20.21,M,,
6403,9,1,1317143533,Газ анализ - Фитинги,"Instr., low profile sleeve -",,31.0,0.0,31.0,0.0,,0.0,L,71.269738,M,,
6403,10,1,1317143533,Газ анализ - Фитинги,Instrumentation quick connect - бърза връзка,,1.0,0.0,1.0,0.0,,0.0,L,382.29,M,,
6403,11,1,1317143533,Газ анализ - Фитинги,Male connector 6MM SWA-1/4`` GAS-CONICO,,0.0,0.0,0.0,0.0,,0.0,L,12.98,M,,
6403,12,1,1317143533,Газ анализ - Фитинги,"Тройник, union tee 6mm SWA",,0.0,0.0,0.0,0.0,,0.0,L,71.42,L,,
6403,13,1,1317143533,Газ анализ - Крепежи,"Bolted Plastic Clamp Support Kit, 6 mm - скоба",0005315211,29.0,0.0,29.0,0.0,,0.0,L,7.43,M,,
6403,14,1,1317143533,Газ анализ - Крепежи,"Twin Bolted Plastic Clamp Tube Support Kit, 6 mm",0005418800,11.0,0.0,11.0,0.0,,0.0,L,9.85,M,,
6403,15,1,1317143533,Газ анализ - Арматури,3 Way Ball valve - трипътник,0005358918,1.0,0.0,1.0,0.0,,0.0,L,154.61,M,,
6403,16,1,1317143533,Газ анализ - Арматури,Needle valve - иглен клапан,0005326933,4.0,0.0,4.0,0.0,,0.0,L,118.08,M,,
6403,17,1,1317143533,Газ анализ - Фитинги,MALE Elbow  6MM SWA – R 1/8``,0004494882,1.0,0.0,1.0,0.0,,0.0,L,23.1,M,,
6403,18,1,1317143533,Газ анализ - Фитинги,Male connector 6MM SWA-1/4`` GAS-CONICO,0005272023,0.0,0.0,0.0,0.0,,0.0,L,12.979999999999999,M,,
6403,19,1,1317143533,Газ анализ - Арматури,2 micron element kit for 2F series - филтър,0005245092,0.0,0.0,0.0,0.0,,0.0,L,8.699967,M,,
6403,20,1,1317143533,Газ анализ - Фитинги,BULKHEAD UNION 6MM SWA - удължен фитинг,0005285068,0.0,0.0,0.0,0.0,,0.0,L,30.57,M,,
6403,21,1,1317143533,Газ анализ - Фитинги,BULKHEAD UNION 6MM SWA - удължен фитинг,0005235216,24.0,0.0,24.0,0.0,,0.0,L,30.57,M,,
6403,22,1,1317143533,Газ анализ - Фитинги,316 SS Ferrule set - комплект ферули,0005205716,0.0,0.0,0.0,0.0,,0.0,L,3.4900000000000007,M,,
6403,23,1,1317143533,Газ анализ - Фитинги,"Stainless steel tube fitting, union 6mm",0005292001,6.0,0.0,6.0,0.0,,0.0,L,20.21,M,,
6403,24,1,1317143533,Газ анализ - Фитинги,"Instr., low profile sleeve -",0005450661,0.0,0.0,0.0,0.0,,0.0,L,76.94,M,,
6403,25,1,1317143533,Газ анализ - Фитинги,Instrumentation quick connect - бърза връзка,0005450659,1.0,0.0,1.0,0.0,,0.0,L,382.29,M,,
6403,26,1,1317143533,Газ анализ - Фитинги,"Instr., low profile sleeve -",0005484599,0.0,0.0,0.0,0.0,,0.0,L,69.26,M,,
6403,27,1,1317143533,Газ анализ - Арматури,2 micron element kit for 2F series - филтър,0005268320,0.0,0.0,0.0,0.0,,0.0,L,8.7,M,,
6403,28,1,1317143533,Газ анализ - Фитинги,MALE CONNECTOR 6MM SWA – R 1/8`` - мъжка връзка,271125/1,0.0,0.0,0.0,0.0,,0.0,L,11.45,M,,
6403,29,1,1317143533,Газ анализ - Арматури,2 micron element kit for 2F series - филтър,0005335353,12.0,0.0,12.0,0.0,,0.0,L,8.7,M,,
6403,30,1,1317143533,Газ анализ - Арматури,2 micron element kit for 2F series - филтър,0005330327,19.0,0.0,19.0,0.0,,0.0,L,8.7,M,,
6405,0,1,1317143533,Газ анализ - Фитинги,"Instr., low profile sleeve -",0005550271,31.0,0.0,31.0,0.0,,0.0,L,69.26,M,,
6405,1,1,38790263,Газ анализ - Арматури,3 Way Ball valve - трипътник,,1.0,0.0,6.0,0.0,Y,154.61,M,154.61,M,в 11:55 през “Складове и Стоки”,
6405,2,1,38790263,Газ анализ - Арматури,3 Way Ball valve - трипътник,0005358918,1.0,0.0,6.0,0.0,Y,154.61,M,154.61,M,в 11:55 през “Складове и Стоки”,
6405,3,1,38790263,Газ анализ - Фитинги,BULKHEAD UNION 6MM SWA - удължен фитинг,,24.0,0.0,23.0,0.0,Y,30.57,M,30.57,M,в 11:55 през “Складове и Стоки”,
6405,4,1,38790263,Газ анализ - Фитинги,BULKHEAD UNION 6MM SWA - удължен фитинг,0005235216,24.0,0.0,23.0,0.0,Y,30.57,M,30.57,M,в 11:55 през “Складове и Стоки”,
6405,5,1,38790263,Газ анализ - Крепежи,"Bolted Plastic Clamp Support Kit, 6 mm - скоба",,29.0,0.0,71.0,0.0,Y,7.43,M,7.43,M,в 11:56 през “Складове и Стоки”,
6405,6,1,38790263,Газ анализ - Крепежи,"Bolted Plastic Clamp Support Kit, 6 mm - скоба",0005315211,29.0,0.0,71.0,0.0,Y,7.43,M,7.43,M,в 11:56 през “Складове и Стоки”,
6405,7,1,38790263,Газ анализ - Фитинги,MALE CONNECTOR 6MM SWA - 1/8`` NPT,,0.0,0.0,18.0,0.0,Y,11.45,M,11.45,M,в 11:56 през “Складове и Стоки”,
6405,8,1,38790263,Газ анализ - Фитинги,MALE CONNECTOR 6MM SWA - 1/8`` NPT,230126/12,0.0,0.0,18.0,0.0,Y,11.45,M,11.45,M,в 11:56 през “Редактирай Серийни/Партидни №”,
6405,9,1,38790263,Газ анализ - Арматури,Needle valve - иглен клапан,,4.0,0.0,6.0,0.0,Y,118.08,M,118.08,M,в 11:57 през “Складове и Стоки”,
6405,10,1,38790263,Газ анализ - Арматури,Needle valve - иглен клапан,0005326933,4.0,0.0,6.0,0.0,Y,118.08,M,118.08,M,в 11:57 през “Складове и Стоки”,
6405,11,1,38790263,Газ анализ - Фитинги,"Stainless steel tube fitting, union 6mm",,6.0,0.0,10.0,0.0,Y,20.21,M,20.21,M,в 11:58 през “Складове и Стоки”,
6405,12,1,38790263,Газ анализ - Фитинги,"Stainless steel tube fitting, union 6mm",0005292001,6.0,0.0,10.0,0.0,Y,20.21,M,20.21,M,в 11:58 през “Складове и Стоки”,
6405,13,1,38790263,Газ анализ - Крепежи,"Twin Bolted Plastic Clamp Tube Support Kit, 6 mm",,11.0,0.0,10.0,0.0,Y,9.85,M,9.85,M,в 11:58 през “Складове и Стоки”,
6405,14,1,38790263,Газ анализ - Крепежи,"Twin Bolted Plastic Clamp Tube Support Kit, 6 mm",0005418800,11.0,0.0,10.0,0.0,Y,9.85,M,9.85,M,в 11:59 през “Складове и Стоки”,
6405,15,1,38790263,Газ анализ - Фитинги,"Тройник, union tee 6mm SWA",,0.0,0.0,10.0,0.0,Y,71.42,L,71.42,L,в 11:59 през “Складове и Стоки”,
6405,16,1,38790263,Газ анализ - Фитинги,"Тройник, union tee 6mm SWA",230126/14,0.0,0.0,10.0,0.0,Y,71.42,L,71.42,L,в 11:59 през “Редактирай Серийни/Партидни №”,
6405,17,1,44073164,2.1. Тръби,"Тръба безшевна 316L 6x1,0",28082025/1,3.0,0.0,0.0,0.0,Y,5.051545,M,5.051545,M,в 14:11 през “Складове и Стоки”,
6405,18,1,44073164,2.1. Тръби,"Тръба безшевна 316L 6x1,0",,27.0,0.0,36.0,0.0,Y,5.051545,M,5.051545,M,в 14:11 през “Складове и Стоки”,
6405,19,1,44073164,2.1. Тръби,"Тръба безшевна 316L 6x1,0",10143532/110925/6x1,24.0,0.0,36.0,0.0,Y,5.051545,M,5.051545,M,в 14:11 през “Складове и Стоки”,
6405,20,1,44073164,2.1. Тръби,"Тръба шевна 304L (21,3x2) 1/2``",,5.0,0.0,1.5,0.0,Y,5.721335,M,5.721335,M,в 14:11 през “Складове и Стоки”,
6405,21,1,44073164,2.1. Тръби,"Тръба шевна 304L (21,3x2) 1/2``",28082025/2,5.0,0.0,1.5,0.0,Y,5.721335,M,5.721335,M,в 14:11 през “Складове и Стоки”,
6405,22,1,44073164,2.4. Фланци,Уплътнение CF3000 PTFE DN40,,83.0,0.0,67.0,0.0,Y,1.089048,M,1.089048,M,в 14:58 през “Складове и Стоки”,
6405,23,1,44073164,2.4. Фланци,Уплътнение CF3000 PTFE DN40,10143532/110925/pfte40,83.0,0.0,67.0,0.0,Y,1.089048,M,1.089048,M,в 14:58 през “Складове и Стоки”,
6409,0,1,44073164,2.4. Фланци,Уплътнение CF3000 PTFE DN25,,54.0,0.0,42.0,0.0,Y,0.920322,M,0.920322,M,в 14:59 през “Складове и Стоки”,
6409,1,1,44073164,2.4. Фланци,Уплътнение CF3000 PTFE DN25,10143532/110925/pfte25,54.0,0.0,42.0,0.0,Y,0.920322,M,0.920322,M,в 14:59 през “Складове и Стоки”,
6409,2,1,38790263,2.5.1. Кранове на фланци,Кран сфер. на фл. 2-части 316L PN40 1“,,4.0,0.0,9.0,0.0,Y,66.73,M,66.73,M,в 15:07 през “Складове и Стоки”,
6409,3,1,38790263,2.5.1. Кранове на фланци,Кран сфер. на фл. 2-части 316L PN40 1“,84818081/101225,4.0,0.0,9.0,0.0,Y,66.73,M,66.73,M,в 15:07 през “Складове и Стоки”,
6409,4,1,49856326,3. Метални Елементи,Винкел ГВ 40/40/3,,0.0,0.0,12.0,0.0,Y,3.87,L,3.87,L,в 08:07 през “Складове и Стоки”,
6409,5,1,49856326,3. Метални Елементи,Винкел ГВ 40/40/3,134462/191125/1,0.0,0.0,12.0,0.0,Y,1.978692,M,1.978692,M,в 08:08 през “Складове и Стоки”,
6409,6,1,49856326,Газ анализ - Сензори,Electrochemical sensor,,3.0,0.0,2.0,0.0,Y,269.5,M,269.5,M,в 09:00 през “Складове и Стоки”,
6409,7,1,49856326,Газ анализ - Сензори,Electrochemical sensor,05G034461,1.0,0.0,0.0,0.0,Y,269.5,M,269.5,M,в 09:00 през “Складове и Стоки”,
6409,8,1,49856326,Газ анализ - Сензори,"Дебитомер Н2 Plexiglass, 0,02-0,5",,2.0,0.0,7.0,0.0,Y,195.3,M,195.3,M,в 09:01 през “Складове и Стоки”,
6409,9,1,49856326,Газ анализ - Сензори,"Дебитомер Н2 Plexiglass, 0,02-0,5",E250569/11,2.0,0.0,7.0,0.0,Y,195.3,M,195.3,M,в 09:01 през “Складове и Стоки”,
6409,10,1,49856326,Газ анализ - Сензори,"Дебитомер О2 Plexiglass, Scale 0,2-3",,2.0,0.0,4.0,0.0,Y,195.3,M,195.3,M,в 09:01 през “Складове и Стоки”,
6409,11,1,49856326,Газ анализ - Сензори,"Дебитомер О2 Plexiglass, Scale 0,2-3",E250569/10,2.0,0.0,4.0,0.0,Y,195.3,M,195.3,M,в 09:01 през “Складове и Стоки”,
6409,12,1,49856326,Газ анализ - Арматури,Flowmeter and needle valve bracket - крепеж,,4.0,0.0,16.0,0.0,Y,9.77,M,9.77,M,в 09:02 през “Складове и Стоки”,
6409,13,1,49856326,Газ анализ - Арматури,Flowmeter and needle valve bracket - крепеж,E250569/12,4.0,0.0,16.0,0.0,Y,9.77,M,9.77,M,в 09:02 през “Складове и Стоки”,
6409,14,1,1317440366,Кабелни Канали,"T-образно разклонение за кабелна скар, 60х152mm",,2.0,0.0,2.0,0.0,,0.0,L,6.396237999999999,M,,
6409,15,1,1317440366,Кабелни Канали,T-образно разклонение за кабелна скара 60х202mm,,4.0,0.0,4.0,0.0,,0.0,L,6.68256,M,,
6409,16,1,1317440366,Кабелни Канали,T-разклонение за кабелна скара 60х202mm с неперф,,2.0,0.0,2.0,0.0,,0.0,L,16.054506,M,,
6409,17,1,1317440366,Кабелни Канали,Вертканел ъгъл понижаващ 60х202mm с неперфориран,,4.0,0.0,4.0,0.0,,0.0,L,16.739635,M,,
6409,18,1,1317440366,Кабелни Канали,Кабелна скара перфорирана с интегриран съедините,,3.0,0.0,3.0,0.0,,0.0,L,4.32,M,,
6409,19,1,1317440366,Кабелни Канали,"Кабелна скара, перф.,с интегр. съед. 60х200х3000",,6.0,0.0,6.0,0.0,,0.0,L,5.603738,M,,
6409,20,1,1317440366,Кабелни Канали,"Кабелна стълба 60x200x3000mm t=1,5mm",,3.0,0.0,3.0,0.0,,0.0,L,8.881107,M,,
6409,21,1,1317440366,Кабелни Канали,"С-профил, шлиц 16 mm, 30x15x3000mm, перфорирана",,9.0,0.0,9.0,0.0,,0.0,L,2.1014019999999998,M,,
6409,22,1,1317440366,Кабелни Канали,"Стенна конзола 90x610mm 2,5kN",,16.0,0.0,16.0,0.0,,0.0,L,6.07,M,,
6409,23,1,1317440366,Кабелни Канали,Фуния за кабелна скара напречна 60х150mm,,4.0,0.0,4.0,0.0,,0.0,L,38.305847,M,,
6409,24,1,1317440366,Кабелни Канали,Фуния за кабелна скара напречна 60х200mm,,6.0,0.0,6.0,0.0,,0.0,L,39.098346,M,,
6414,0,1,1317440366,Кабелни Канали,Ъгъл 90° за кабелна скара 60х202mm с неперфорира,,6.0,0.0,6.0,0.0,,0.0,L,8.906672,M,,
6414,1,1,1317440366,Кабелни Канали,"T-образно разклонение за кабелна скар, 60х152mm",47571/151025/7,2.0,0.0,2.0,0.0,,0.0,L,6.396237999999999,M,,
6414,2,1,1317440366,Кабелни Канали,T-образно разклонение за кабелна скара 60х202mm,47571/151025/6,4.0,0.0,4.0,0.0,,0.0,L,13.07,L,,
6414,3,1,1317440366,Кабелни Канали,T-разклонение за кабелна скара 60х202mm с неперф,47571/151025/5,2.0,0.0,2.0,0.0,,0.0,L,31.4,L,,
6414,4,1,1317440366,Кабелни Канали,Вертканел ъгъл понижаващ 60х202mm с неперфориран,47571/151025/8,4.0,0.0,4.0,0.0,,0.0,L,16.739635,M,,
6414,5,1,1317440366,Кабелни Канали,Кабелна скара перфорирана с интегриран съедините,47571/151025/1,3.0,0.0,3.0,0.0,,0.0,L,4.3204009999999995,M,,
6414,6,1,1317440366,Кабелни Канали,"Кабелна скара, перф.,с интегр. съед. 60х200х3000",47571/151025/2,6.0,0.0,6.0,0.0,,0.0,L,5.603738,M,,
6414,7,1,1317440366,Кабелни Канали,"Кабелна стълба 60x200x3000mm t=1,5mm",47571/151025/11,3.0,0.0,3.0,0.0,,0.0,L,8.881107,M,,
6414,8,1,1317440366,Кабелни Канали,"С-профил, шлиц 16 mm, 30x15x3000mm, перфорирана",47914/041125/1,9.0,0.0,9.0,0.0,,0.0,L,2.1014019999999998,M,,
6414,9,1,1317440366,Кабелни Канали,"Стенна конзола 90x610mm 2,5kN",47571/151025/3,16.0,0.0,16.0,0.0,,0.0,L,6.017882999999999,M,,
6414,10,1,1317440366,Кабелни Канали,Фуния за кабелна скара напречна 60х150mm,47571/151025/10,4.0,0.0,4.0,0.0,,0.0,L,38.305847,M,,
6414,11,1,1317440366,Кабелни Канали,Фуния за кабелна скара напречна 60х200mm,47571/151025/9,6.0,0.0,6.0,0.0,,0.0,L,39.098346,M,,
6414,12,1,1317440366,Кабелни Канали,Ъгъл 90° за кабелна скара 60х202mm с неперфорира,47571/151025/4,6.0,0.0,6.0,0.0,,0.0,L,8.906672,M,,
6414,13,1,49856326,Външна резба,Нипел намалител 316L 150LBS 1/2“х1/4“,,5.0,0.0,6.0,0.0,Y,0.0,L,0.0,L,в 14:29 през “Складове и Стоки”,
6414,14,1,49856326,Външна резба,Нипел намалител 316L 150LBS 1/2“х1/4“,101225/1,5.0,0.0,6.0,0.0,Y,0.0,L,0.0,L,в 14:29 през “Складове и Стоки”,
6414,15,1,34870145,Нипели на резба,Нипел шест. 316L резба 150LBS 1/4“,,12.0,0.0,17.0,0.0,Y,0.782274,M,0.782274,M,в 14:27 през “Складове и Стоки”,
6414,16,1,34870145,Нипели на резба,Нипел шест. 316L резба 150LBS 1/4“,181225/21,12.0,0.0,17.0,0.0,Y,0.782274,M,0.782274,M,в 14:28 през “Складове и Стоки”,
6414,17,1,49856326,Външна резба,Нипел намалител 316L 150LBS 1“х1/2“,,3.0,0.0,2.0,0.0,Y,6.05,L,6.05,L,в 14:33 през “Складове и Стоки”,
6414,18,1,49856326,Външна резба,Нипел намалител 316L 150LBS 1“х1/2“,120126/15,0.0,0.0,2.0,0.0,Y,6.05,L,6.05,L,в 14:33 през “Редактирай Серийни/Партидни №”,
6414,19,1,49856326,Външна резба,Нипел намалител 316L 150LBS 2“х1“,120126/16,0.0,0.0,4.0,0.0,Y,0.0,L,0.0,L,в 14:34 през “Редактирай Серийни/Партидни №”,
6414,20,1,49856326,Външна резба,Нипел намалител 316L 150LBS 2“х1“,,4.0,0.0,4.0,0.0,Y,0.0,L,0.0,L,в 14:34 през “Редактирай Серийни/Партидни №”,
6414,21,1,49856326,Нипели на резба,Нипел шест. 316L резба 150LBS 1/2“,,0.0,0.0,13.0,0.0,Y,2.055386,M,2.055386,M,в 14:35 през “Складове и Стоки”,
6414,22,1,49856326,Нипели на резба,Нипел шест. 316L резба 150LBS 1/2“,143284/02092025/2,0.0,0.0,13.0,0.0,Y,2.055386,M,2.055386,M,в 14:35 през “Складове и Стоки”,
6414,23,1,49856326,Външна резба,Нипел намалител 316L 150LBS 1/4“х1/8“,120126/17,0.0,0.0,4.0,0.0,Y,0.0,L,0.0,L,в 14:36 през “Редактирай Серийни/Партидни №”,
6249,0,1,49856326,Външна резба,Нипел намалител 316L 150LBS 1/4“х1/8“,,4.0,0.0,4.0,0.0,Y,0.0,L,0.0,L,в 14:36 през “Редактирай Серийни/Партидни №”,
6249,1,1,49856326,Нипели на резба,Нипел шест. 304L резба 150LBS 1“,,7.0,0.0,9.0,0.0,Y,1.0,L,1.0,L,в 14:44 през “Складове и Стоки”,
6249,2,1,49856326,Нипели на резба,Нипел шест. 304L резба 150LBS 1“,135843612,7.0,0.0,9.0,0.0,Y,1.0,L,1.0,L,в 14:44 през “Складове и Стоки”,
6249,3,1,49856326,Вътрешна резба,Преход 316L резба вътрешна 150LBS 1/2“х1/4“,,10.0,0.0,11.0,0.0,Y,0.0,L,0.0,L,в 15:07 през “Складове и Стоки”,
6249,4,1,49856326,Вътрешна резба,Преход 316L резба вътрешна 150LBS 1/2“х1/4“,181225/16,10.0,0.0,11.0,0.0,Y,0.0,L,0.0,L,в 15:07 през “Складове и Стоки”,
6249,5,1,49856326,Колена на резба,Коляно 90° 316L резба вътрешна 1“,220126/2,-1.0,0.0,0.0,0.0,Y,5.85,L,5.85,L,в 14:59 през “Складове и Стоки”,
6249,6,1,49856326,Колена на резба,Коляно 90° 316L резба вътрешна 1“,,4.0,0.0,1.0,0.0,Y,5.85,L,5.85,L,в 15:02 през “Складове и Стоки”,
6249,7,1,49856326,Колена на резба,Коляно 90° 316L резба вътрешна 1“,120126/18,0.0,0.0,1.0,0.0,Y,2.991047,M,2.991047,M,в 15:03 през “Складове и Стоки”,
6249,8,1,49856326,Вътрешна резба,Преход 316L резба вътрешна 150LBS 1/2“х1/8“,,2.0,0.0,4.0,0.0,Y,0.0,L,0.0,L,в 15:04 през “Складове и Стоки”,
6249,9,1,49856326,Вътрешна резба,Преход 316L резба вътрешна 150LBS 1/2“х1/8“,201025/4,-2.0,0.0,4.0,0.0,Y,0.0,L,0.0,L,в 15:04 през “Складове и Стоки”,
6249,10,1,49856326,Тройници на резба,Тройник 316L резба вътрешна 1/4“,,16.0,0.0,18.0,0.0,Y,0.0,L,0.0,L,в 15:09 през “Складове и Стоки”,
6249,11,1,49856326,Тройници на резба,Тройник 316L резба вътрешна 1/4“,031125,16.0,0.0,18.0,0.0,Y,0.0,L,0.0,L,в 15:09 през “Складове и Стоки”,
6249,12,1,49856326,Колена на резба,Коляно 90° 316L резба М/Ж 1/4“,,10.0,0.0,9.0,0.0,Y,0.0,L,0.0,L,в 15:10 през “Складове и Стоки”,
6249,13,1,49856326,Колена на резба,Коляно 90° 316L резба М/Ж 1/4“,181225/12,10.0,0.0,9.0,0.0,Y,0.0,L,0.0,L,в 15:10 през “Складове и Стоки”,
6249,14,1,36239664,Колена на резба,Коляно 90° 316L резба вътрешна 3/4“,130126/2,0.0,0.0,10.0,0.0,Y,0.0,L,0.0,L,в 08:35 през “Редактирай Серийни/Партидни №”,
6249,15,1,36239664,Колена на резба,Коляно 90° 316L резба вътрешна 3/4“,,10.0,0.0,10.0,0.0,Y,0.0,L,0.0,L,в 08:35 през “Редактирай Серийни/Партидни №”,
6249,16,1,49643885,Фитинги - Щуцер на резба,Щуцер за маркуч 304 1/2“,061125/1,34.0,0.0,61.0,0.0,Y,0.935661,M,0.935661,M,в 09:24 през “Складове и Стоки”,
6249,17,1,49643885,Фитинги - Щуцер на резба,Щуцер за маркуч 304 1/2“,,74.0,0.0,101.0,0.0,Y,0.935661,M,0.935661,M,в 09:24 през “Складове и Стоки”,
6249,18,1,49643885,2.6. Арматури,Филтър на фл. 316 INOX PN16 DN40,,6.0,0.0,0.0,0.0,Y,256.263661,M,256.263661,M,в 12:11 през “Складове и Стоки”,
6249,19,1,49643885,2.6. Арматури,Филтър на фл. 316 INOX PN16 DN40,10146144/141125/1,6.0,0.0,0.0,0.0,Y,256.263661,M,256.263661,M,в 12:11 през “Складове и Стоки”,
6249,20,1,36239664,2.6. Арматури,Филтър на фл. 316 INOX PN16 DN50,,0.0,0.0,6.0,0.0,Y,692.79,L,692.79,L,в 12:13 през “Складове и Стоки”,
6249,21,1,36239664,2.6. Арматури,Филтър на фл. 316 INOX PN16 DN50,10143532/110925/f50,0.0,0.0,6.0,0.0,Y,354.216599,M,354.216599,M,в 12:13 през “Складове и Стоки”,
6249,22,1,48810952,2.5.6. Актуатори,Актуатор (Electric act. GE-15 24/240V),85439000/101225,4.0,0.0,5.0,0.0,Y,309.93,M,309.93,M,в 07:44 през “Складове и Стоки”,
6249,23,1,46739484,Външна резба,Нипел намалител 316L 150LBS 1/2“х3/8“,181225/19,15.0,0.0,0.0,0.0,Y,0.0,L,0.0,M,в 12:30 през “Складове и Стоки”,
6574,0,1,36298573,1.1.1. Части (Електролизьор),Плоча S355 J2+N HRP 2x6 70мм,,1.0,0.0,0.0,0.0,Y,3559.24,L,3559.24,L,в 08:04 през “Складове и Стоки”,
6574,1,1,36298573,1.1.2. Крепежи (Електролизьор),Тръба ПП студена вода ф63/PN20,,1.0,0.0,0.0,0.0,Y,10.54,M,10.54,M,в 08:04 през “Складове и Стоки”,
6574,2,1,36298573,1.1.2. Крепежи (Електролизьор),Тръба ПП топла вода ф63/PN20,,1.0,0.0,0.0,0.0,Y,12.38,M,12.38,M,в 08:05 през “Складове и Стоки”,
6574,3,1,36298573,1.1.2. Крепежи (Електролизьор),Гайка шест. 8.8 M56x4,,36.0,0.0,40.0,0.0,Y,16.62,M,16.62,M,в 08:05 през “Складове и Стоки”,
6574,4,1,36298573,1.1.2. Крепежи (Електролизьор),Гайка шест. 8.8 M56x4,230126/1,36.0,0.0,40.0,0.0,Y,16.616925,M,16.616925,M,в 08:05 през “Складове и Стоки”,
6574,5,1,36298573,Газ анализ - Фитинги,316 SS Ferrule set - комплект ферули,,1.0,0.0,0.0,0.0,Y,3.49,M,3.49,M,в 08:05 през “Складове и Стоки”,
6574,6,1,36298573,Газ анализ - Фитинги,MALE CONNECTOR 6MM SWA - 1/4`` NPT,,1.0,0.0,0.0,0.0,Y,11.95,M,11.95,M,в 08:05 през “Складове и Стоки”,
6574,7,1,36298573,Газ анализ - Фитинги,MALE CONNECTOR 6MM SWA – R 1/8`` - мъжка връзка,,1.0,0.0,0.0,0.0,Y,11.45,M,11.45,M,в 08:05 през “Складове и Стоки”,
6574,8,1,36298573,Газ анализ - Фитинги,Male connector 6MM SWA-1/4`` GAS-CONICO,,1.0,0.0,0.0,0.0,Y,12.98,M,12.98,M,в 08:06 през “Складове и Стоки”,
6574,9,1,36298573,2.5.4. Вентили,Магнетвентил 1/4“,,1.0,0.0,0.0,0.0,Y,67.145159,M,67.145159,M,в 08:23 през “Складове и Стоки”,
6574,10,1,36298573,2.5.4. Вентили,Магнетвентил 1“,,1.0,0.0,0.0,0.0,Y,191.66,M,191.66,M,в 08:23 през “Складове и Стоки”,
6574,11,1,36298573,5. Устройства,Чилър EAS.HK 161 V1.MBP.SHR,,1.0,0.0,0.0,0.0,Y,5399.59,M,5399.59,M,в 08:23 през “Складове и Стоки”,
6574,12,1,36298573,2.5.5. Клапани,Иглен клапан (Slid. Gate Mot. Valve 8038 H2) 1“,,1.0,0.0,0.0,0.0,Y,3614.49,M,3614.49,M,в 08:45 през “Складове и Стоки”,
6574,13,1,36298573,2.5.5. Клапани,Иглен клапан (Slid. Gate Mot. Valve 8038 O2) 1“,,1.0,0.0,0.0,0.0,Y,3333.77,M,3333.77,M,в 08:45 през “Складове и Стоки”,
6574,14,1,36298573,Кабелни Канали,Болт с гладка глава в комплект с широкопола гайк,,1.0,0.0,0.0,0.0,Y,0.081806,M,0.081806,M,в 09:23 през “Складове и Стоки”,
6574,15,1,36298573,Кабелни Канали,Вертикален ъгъл понижаващ 60х102мм. с борд,,1.0,0.0,0.0,0.0,Y,15.67,M,15.67,M,в 09:23 през “Складове и Стоки”,
6574,16,1,36298573,Кабелни Канали,Вертканел ъгъл понижаващ 60х152mm с неперфориран,,1.0,0.0,0.0,0.0,Y,16.074958,M,16.074958,M,в 09:23 през “Складове и Стоки”,
6574,17,1,36298573,Кабелни Канали,Кабелна стълба на 100мм с капак,,1.0,0.0,0.0,0.0,Y,7.66935,M,7.66935,M,в 09:23 през “Складове и Стоки”,
6574,18,1,36298573,Кабелни Канали,Капак за T-образно разклонение за кабелна скара,,1.0,0.0,1.0,0.0,Y,8.206205,M,8.206205,M,в 09:32 през “Складове и Стоки”,
6574,19,1,36298573,Кабелни Канали,Капак за кабелна скара/стълба с лайстна 102х3000,,1.0,0.0,0.0,0.0,Y,2.955256,M,2.955256,M,в 09:24 през “Складове и Стоки”,
6574,20,1,36298573,Кабелни Канали,Капак за кабелна скара/стълба с лайстна 202х3000,,1.0,0.0,0.0,0.0,Y,4.376642,M,4.376642,M,в 09:24 през “Складове и Стоки”,
6574,21,1,36298573,Кабелни Канали,"Капак за пон. и пок. ъгъл, височина 60мм,В=106мм",,1.0,0.0,0.0,0.0,Y,6.99,M,6.99,M,в 09:24 през “Складове и Стоки”,
6574,22,1,36298573,Кабелни Канали,Капак за ъгъл 90° за кабелна скара,,1.0,0.0,2.0,0.0,Y,11.550041,M,11.550041,M,в 09:33 през “Складове и Стоки”,
5890,0,1,36298573,Кабелни Канали,"Капак за ъгъл 90° за кабелна скара широчина 105,",,1.0,0.0,1.0,0.0,Y,4.985078,M,4.985078,M,в 09:33 през “Складове и Стоки”,
5890,1,1,36298573,Кабелни Канали,"Окачвач, широчина 100mm 0,2kN",,1.0,0.0,0.0,0.0,Y,1.523644,M,1.523644,M,в 09:24 през “Складове и Стоки”,
5890,2,1,36298573,Кабелни Канали,"Окачвач, широчина 200mm",,1.0,0.0,0.0,0.0,Y,1.937789,M,1.937789,M,в 09:24 през “Складове и Стоки”,
5890,3,1,36298573,Кабелни Канали,Покачващ ъгъл за каб.скара 60х102мм. с борд,,1.0,0.0,0.0,0.0,Y,18.3,M,18.3,M,в 09:24 през “Складове и Стоки”,
5890,4,1,36298573,Кабелни Канали,Капак за ъгъл 90° за кабелна скара 100,,1.0,0.0,6.0,0.0,Y,2.183208,M,2.183208,M,в 09:38 през “Складове и Стоки”,
5890,5,1,36298573,Кабелни Канали,Фуния за кабелна скара напречна 60х200mm,,6.0,0.0,7.0,0.0,Y,39.098346,M,39.098346,M,в 09:30 през “Складове и Стоки”,
5890,6,1,36298573,Кабелни Канали,Фуния за кабелна скара напречна 60х200mm,47571/151025/9,6.0,0.0,7.0,0.0,Y,39.098346,M,39.098346,M,в 09:30 през “Складове и Стоки”,
5890,7,1,36298573,Кабелни Канали,Капак за T-образно разклонение за кабелна скара,280126/1,0.0,0.0,1.0,0.0,Y,8.206205,M,8.206205,M,в 09:32 през “Редактирай Серийни/Партидни №”,
5890,8,1,36298573,Кабелни Канали,Капак за ъгъл 90° за кабелна скара,280126/2,0.0,0.0,2.0,0.0,Y,11.550041,M,11.550041,M,в 09:33 през “Редактирай Серийни/Партидни №”,
5890,9,1,36298573,Кабелни Канали,"Капак за ъгъл 90° за кабелна скара широчина 105,",280126/3,0.0,0.0,1.0,0.0,Y,4.985078,M,4.985078,M,в 09:33 през “Редактирай Серийни/Партидни №”,
5890,10,1,36298573,Кабелни Канали,Капак за ъгъл 90° за кабелна скара 100,280126/4,0.0,0.0,6.0,0.0,Y,2.183208,M,2.183208,M,в 09:38 през “Редактирай Серийни/Партидни №”,
5890,11,1,36298573,"Прекъсвачи, Предпазители",Прекъсвач мин.авт. AMPARO 10kA D 25A 3P,,1.0,0.0,0.0,0.0,Y,10.67,M,10.67,M,в 10:17 през “Складове и Стоки”,
5890,12,1,36298573,Платки - Green Innovation,Визуализация 3 реда,,1.0,0.0,0.0,0.0,Y,0.0,L,0.0,L,в 10:17 през “Складове и Стоки”,
5890,13,1,36298573,2. Консумативи,Джоб за докумнти,,1.0,0.0,0.0,0.0,Y,2.63,M,2.63,M,в 10:17 през “Складове и Стоки”,
5890,14,1,36298573,0. Разни,Захранване 24V,,1.0,0.0,0.0,0.0,Y,62.88867,M,62.88867,M,в 10:17 през “Складове и Стоки”,
5890,15,1,36298573,Шини (Електроника),"Носач изолационен за 2 шини 10, 16mm",,1.0,0.0,0.0,0.0,Y,0.36,M,0.36,M,в 10:17 през “Складове и Стоки”,
5890,16,1,36298573,Кабелни Канали,"Кабелна обувка М12, 70мм",,1.0,0.0,0.0,0.0,Y,2.69,M,2.69,M,в 10:17 през “Складове и Стоки”,
5890,17,1,36298573,0. Разни,Компютър,,1.0,0.0,0.0,0.0,Y,102.258,M,102.258,M,в 10:17 през “Складове и Стоки”,
5890,18,1,36298573,Контактори,"Контактор 15kW/32A, 1NO, 230V AC размер 1",,1.0,0.0,0.0,0.0,Y,36.86,M,36.86,M,в 10:18 през “Складове и Стоки”,
5890,19,1,36298573,"Прекъсвачи, Предпазители",Прекъсвач мин. AMPARO 6kA C 6A 1P,,1.0,0.0,0.0,0.0,Y,2.06,M,2.06,M,в 10:18 през “Складове и Стоки”,
5890,20,1,36298573,"Прекъсвачи, Предпазители",Прекъсвач мин. AMPARO 6kA C 63А 3P,,1.0,0.0,0.0,0.0,Y,11.205943,M,11.205943,M,в 10:18 през “Складове и Стоки”,
5890,21,1,36298573,"Прекъсвачи, Предпазители",Прекъсвач мин. AMPARO 6kA C 10A 1P,,1.0,0.0,0.0,0.0,Y,1.77663,M,1.77663,M,в 10:18 през “Складове и Стоки”,
5890,22,1,36298573,Кабели - Мрежови,"Кабел пач RJ45 екр. Cat.6 сив 0,5м",,1.0,0.0,0.0,0.0,Y,1.76,L,1.76,L,в 10:18 през “Складове и Стоки”,
5890,23,1,43763398,4. Услуги,"Лазерно рязане Патлиджански големи, перф. лам.",,736.0,0.0,0.0,0.0,Y,12.5,L,12.5,L,в 13:18 през “Складове и Стоки”,
6522,0,1,36298573,Кабели - Мрежови,"Кабел пач RJ45 екр. Cat.6 сив 1,0м",,1.0,0.0,0.0,0.0,Y,2.12,L,2.12,L,в 10:18 през “Складове и Стоки”,
6522,1,1,36298573,Платки - Green Innovation,Платка - PLC,,1.0,0.0,0.0,0.0,Y,0.0,L,0.0,L,в 10:18 през “Складове и Стоки”,
6522,2,1,36298573,Платки - Green Innovation,Платка - аналогови входове 4-20mA,,1.0,0.0,0.0,0.0,Y,0.0,L,0.0,L,в 10:18 през “Складове и Стоки”,
6522,3,1,36298573,Платки - Green Innovation,Платка - галванично разделени цифрови входове,,1.0,0.0,0.0,0.0,Y,0.0,L,0.0,L,в 10:19 през “Складове и Стоки”,
6522,4,1,36298573,Платки - Green Innovation,Платка - задвижки,,1.0,0.0,0.0,0.0,Y,0.0,L,0.0,L,в 10:19 през “Складове и Стоки”,
6522,5,1,36298573,Платки - Green Innovation,Платка - изходи 4-20mA,,1.0,0.0,0.0,0.0,Y,0.0,L,0.0,L,в 10:19 през “Складове и Стоки”,
6522,6,1,36298573,Платки - Green Innovation,Платка - индикатор ресет,,1.0,0.0,0.0,0.0,Y,0.0,L,0.0,L,в 10:19 през “Складове и Стоки”,
6522,7,1,36298573,Платки - Green Innovation,Платка - силова 2,,1.0,0.0,0.0,0.0,Y,0.0,L,0.0,L,в 10:19 през “Складове и Стоки”,
6522,8,1,36298573,Платки - Green Innovation,Потенциометър,,1.0,0.0,0.0,0.0,Y,0.0,L,0.0,M,в 10:19 през “Складове и Стоки”,
6522,9,1,36298573,Клеми,"Разделител, тип DP-PTRV 4",,1.0,0.0,0.0,0.0,Y,0.0,L,0.0,L,в 10:19 през “Складове и Стоки”,
6522,10,1,36298573,2. Корпуси,Табло с 2 врати 1000х1000х300,,1.0,0.0,0.0,0.0,Y,534.888,L,534.888,L,в 10:19 през “Складове и Стоки”,
6522,11,1,36298573,Релета,Реле термично за контактор 24 - 32А размер 1,,1.0,0.0,0.0,0.0,Y,35.2,M,35.2,M,в 10:19 през “Складове и Стоки”,
6522,12,1,36298573,Релета,Реле термично 4 - 6А размер 0,,1.0,0.0,0.0,0.0,Y,17.76,M,17.76,M,в 10:19 през “Складове и Стоки”,
6522,13,1,36298573,2. Консумативи,"Термосв. шл, 25.4/12.7мм, 1м",,1.0,0.0,0.0,0.0,Y,2.47,M,2.47,M,в 10:19 през “Складове и Стоки”,
6522,14,1,36298573,Шини (Електроника),Шина 0,,1.0,0.0,0.0,0.0,Y,6.13548,M,6.13548,M,в 10:20 през “Складове и Стоки”,
6522,15,1,36298573,Шини (Електроника),"Шина нулева/земя месинг. 166 изх., 1m, 10mm, 40А",,1.0,0.0,0.0,0.0,Y,6.13548,M,6.13548,M,в 10:20 през “Складове и Стоки”,
6522,16,1,36298573,Други (Електроника),Диференциалнотокова защита XKR6 40А,,1.0,0.0,1.0,0.0,Y,0.0,L,0.0,L,в 10:20 през “Складове и Стоки”,
6522,17,1,36298573,Захранвания,Захранване за DIN шина SDR-120-24 24V/5A,,1.0,0.0,1.0,0.0,Y,0.0,L,0.0,L,в 10:53 през “Складове и Стоки”,
6522,18,1,43115975,5. Устройства,Чилър EAS.HK 161 V1.MBP.SHR,,-1.0,0.0,0.0,0.0,Y,5399.59,M,5399.59,M,в 15:10 през “Складове и Стоки”,
6522,19,1,36298573,Релета,Цокъл за реле PT 14 пина с лог.подр. 6A,,1.0,0.0,0.0,0.0,Y,0.0,L,0.0,L,в 10:21 през “Складове и Стоки”,
6522,20,1,48810952,Унител,захранване за DIN шина SDR-120-24 24V/5A,,1.0,0.0,0.0,0.0,Y,44.87,M,44.87,M,в 10:52 през “Складове и Стоки”,
6522,21,1,48810952,Унител,захранване за DIN шина SDR-120-24 24V/5A,661/181125/2,1.0,0.0,0.0,0.0,Y,44.87,M,44.87,M,в 10:52 през “Складове и Стоки”,
6522,22,1,36298573,Захранвания,Захранване за DIN шина SDR-120-24 24V/5A,661/181125/2,0.0,0.0,1.0,0.0,Y,0.0,L,0.0,L,в 10:53 през “Редактирай Серийни/Партидни №”,
6522,23,1,43763398,4. Услуги,"Лазерно рязане Патлиджански малки, перф. лам.",,342.0,0.0,0.0,0.0,Y,3.0,L,3.0,L,в 13:19 през “Складове и Стоки”,
6522,24,1,36298573,"2.7. PP, Месинг, Хром връзки",Преход PP тръба - резба 1“,,1.0,0.0,0.0,0.0,Y,2.55645,M,2.55645,M,в 13:40 през “Складове и Стоки”,
6522,26,1,36298573,"2.7. PP, Месинг, Хром връзки",Кран сфер. PP ф20,,1.0,0.0,0.0,0.0,Y,5.215158,M,5.215158,M,в 13:40 през “Складове и Стоки”,
6142,0,1,36298573,"2.7. PP, Месинг, Хром връзки",Муфа PP 1“,,1.0,0.0,0.0,0.0,Y,1.02258,M,1.02258,M,в 13:41 през “Складове и Стоки”,
6142,1,1,36298573,"2.7. PP, Месинг, Хром връзки",Скоба PP ф20,,1.0,0.0,0.0,0.0,Y,0.117597,M,0.117597,M,в 13:41 през “Складове и Стоки”,
6142,2,1,36298573,"2.7. PP, Месинг, Хром връзки",Тройник PP ф20,,1.0,0.0,0.0,0.0,Y,0.306774,M,0.306774,M,в 13:41 през “Складове и Стоки”,
6142,3,1,36298573,"2.7. PP, Месинг, Хром връзки",Тръба PP за топла вода PN20 ф20,,1.0,0.0,0.0,0.0,Y,1.135064,M,1.135064,M,в 13:41 през “Складове и Стоки”,
6142,4,1,36298573,"2.7. PP, Месинг, Хром връзки",Разглобяема свръзка месинг ф20,,1.0,0.0,0.0,0.0,Y,2.55645,M,2.55645,M,в 13:41 през “Складове и Стоки”,
6142,5,1,36298573,2. Консумативи,Градински маркуч 25 мм,,1.0,0.0,0.0,0.0,Y,2.62,M,2.62,M,в 13:42 през “Складове и Стоки”,
6142,6,1,38903846,М/Ж резба,Преход 316L резба М/Ж 1/2“х1/4“,,28.0,0.0,29.0,0.0,Y,0.83,M,0.83,M,в 14:50 през “Складове и Стоки”,
6142,7,1,38903846,М/Ж резба,Преход 316L резба М/Ж 1/2“х1/4“,10148565/270126/2,12.0,0.0,13.0,0.0,Y,0.99,M,0.99,M,в 14:50 през “Складове и Стоки”,
6142,8,1,36298573,Външна резба,Нипел намалител 316L 150LBS 1/2“х3/8“,,14.0,0.0,15.0,0.0,Y,0.0,L,0.0,L,в 13:48 през “Складове и Стоки”,
6142,9,1,36298573,Външна резба,Нипел намалител 316L 150LBS 1/2“х3/8“,181225/19,14.0,0.0,15.0,0.0,Y,0.0,L,0.0,L,в 13:48 през “Складове и Стоки”,
6142,10,1,36298573,Нипели на резба,Нипел шест. 316L резба 150LBS 1/4“,,17.0,0.0,18.0,0.0,Y,0.782274,M,0.782274,M,в 13:49 през “Складове и Стоки”,
6142,11,1,36298573,Нипели на резба,Нипел шест. 316L резба 150LBS 1/4“,181225/21,17.0,0.0,18.0,0.0,Y,0.782274,M,0.782274,M,в 13:49 през “Складове и Стоки”,
6142,12,1,1317658632,М16,Гайка шест. 8 Bl. М16,,416.0,0.0,416.0,0.0,,0.0,L,0.061355,M,,
6142,13,1,1317658632,М12,Шайба подложна vZn М12,,599.0,0.0,599.0,0.0,,0.0,L,0.014827,M,,
6142,14,1,1317658632,Шини (Електроника),DIN-релса за модулна апаратура перфорирана 1m,,1.0,0.0,1.0,0.0,,0.0,L,1.252661,M,,
6142,15,1,1317658632,Захранвания,Захранване за DIN шина SDR-120-24 24V/5A,,1.0,0.0,1.0,0.0,,0.0,L,44.87,M,,
6142,16,1,1317658632,Контактори,"Контактор 4kW/9A, AC-3, 1NO, 230V AC размер 0",,2.0,0.0,2.0,0.0,,0.0,L,0.0,L,,
6142,17,1,1317658632,Контактори,"Контактор 11kW/25A, AC-3, 1NC, 230V AC размер 1",,6.0,0.0,6.0,0.0,,0.0,L,0.0,L,,
6142,18,1,1317658632,Контактори,"Контактор 22kW/50A, AC-3, 230V AC размер 2",,2.0,0.0,2.0,0.0,,0.0,L,0.0,L,,
6142,19,1,1317658632,"Прекъсвачи, Предпазители",Предпазител B-FA/24,,19.0,0.0,19.0,0.0,,0.0,L,0.0,L,,
6142,20,1,1317658632,"Прекъсвачи, Предпазители",Предпазител LQA01230 16А,,9.0,0.0,9.0,0.0,,0.0,L,0.0,L,,
6142,21,1,1317658632,"Прекъсвачи, Предпазители",Прекъсвач мин.авт. C 32/1 6kA,,4.0,0.0,4.0,0.0,,0.0,L,1.0,L,,
6142,22,1,1317658632,"Прекъсвачи, Предпазители",Прекъсвач (C20/3),,2.0,0.0,2.0,0.0,,0.0,L,0.0,M,,
6142,23,1,1317658632,Други (Електроника),Щекер  (LD),,13.0,0.0,13.0,0.0,,0.0,L,1.59,M,,
6142,24,1,1317658632,"Прекъсвачи, Предпазители",Прекъсвач (C40/3),,4.0,0.0,4.0,0.0,,0.0,L,0.0,L,,
6142,25,1,1317658632,"Прекъсвачи, Предпазители",Прекъсвач (C43),,4.0,0.0,4.0,0.0,,0.0,L,0.0,L,,
6142,26,1,1317658632,"Прекъсвачи, Предпазители",Прекъсвач (C63/3),,1.0,0.0,1.0,0.0,,0.0,L,0.0,L,,
6142,27,1,1317658632,1.2.1. Части (Очиска),Демистър 4“ - Гъба (Wire mesh sep. mono circol.),,21.0,0.0,21.0,0.0,,0.0,L,82.0,M,,
6142,28,1,1317658632,2.5.3. Кранове на резба,Кран сфер. на рез. 316L PN64 DN15,,6.0,0.0,6.0,0.0,,0.0,L,110.5,L,,
6142,29,1,1317658632,"Прекъсвачи, Предпазители","Прекъсвач (MCB 10kA,  D10/3)",,1.0,0.0,1.0,0.0,,0.0,L,0.0,L,,
6431,0,1,1317658632,2.5.3. Кранове на резба,Кран сфер. на рез. 316L PN64 DN25,,5.0,0.0,5.0,0.0,,0.0,L,0.0,L,,
6431,1,1,1317658632,2.5.3. Кранове на резба,Кран сфер. на рез. 316L PN64 DN20,,1.0,0.0,1.0,0.0,,0.0,L,75.14,L,,
6431,2,1,1317658632,2.5.3. Кранове на резба,Кран сфер. на рез. 316L DN15,,8.0,0.0,8.0,0.0,,0.0,L,65.28,L,,
6431,3,1,43862356,2.5.2. Кранове на заварка,Кран сфер. на зав. 3-части 316L PN63 1“,,13.0,0.0,9.0,0.0,Y,15.783522,M,15.783522,M,в 12:41 през “Складове и Стоки”,
6431,4,1,1317658632,2.5.3. Кранове на резба,Кран сфер. на рез. 3-части 316L PN63 (Акт) 1“,,7.0,0.0,7.0,0.0,,0.0,L,0.0,L,,
6431,5,1,1317658632,2.1. Тръби,"Тръба шевна 304L (33,7x2) 1``",,77.22,0.0,77.22,0.0,,0.0,L,11.544927999999999,M,,
6431,6,1,1317658632,2.1. Тръби,"Тръба шевна 304L (33,7х3) 1“",,25.0,0.0,25.0,0.0,,0.0,L,11.544927999999999,M,,
6431,7,1,1317658632,Фитинги - Щуцер на резба,Връзка права 1510 8/6“х1/4“,,112.0,0.0,112.0,0.0,,0.0,L,0.0,L,,
6431,8,1,1317658632,Фитинги - Щуцер на резба,Връзка права 1511 8/6“х1/4“,,29.0,0.0,29.0,0.0,,0.0,L,1.0,L,,
6431,9,1,1317658632,Фитинги - Щуцер на резба,Връзка права 1511 8/6“х1/8“,,8.0,0.0,8.0,0.0,,0.0,L,1.0,L,,
6431,10,1,1317658632,2.5.4. Вентили,Магнетвентил GENEBRE 1/4“,,2.0,0.0,2.0,0.0,,0.0,L,0.0,L,,
6431,11,1,1317658632,Фитинги - Щуцер на резба,Тройник 8мм,,4.0,0.0,4.0,0.0,,0.0,L,0.0,L,,
6431,12,1,1317658632,Други (Електроника),"Щекер със светлодиод 124-703 230 V, AC/DC",,2.0,0.0,2.0,0.0,,0.0,L,0.0,L,,
6431,13,1,1317658632,Фитинги - Щуцер на резба,Връзка ъглова 1500  8/6“х1/4“,,113.0,0.0,113.0,0.0,,0.0,L,3.0,L,,
6431,14,1,1317658632,Фитинги - Щуцер на резба,"Връзка ъглова 1500 15/12,5“х1/2“",,27.0,0.0,27.0,0.0,,0.0,L,0.0,L,,
6431,15,1,1317658632,4. Услуги,Delivery - Compensator DN 40 304/321 POL. PN 1-,,1.0,0.0,1.0,0.0,,0.0,L,99.66,L,,
6431,16,1,1317658632,4. Услуги,Delivery parts,,1.0,0.0,1.0,0.0,,0.0,L,0.0,L,,
6431,17,1,1317658632,4. Услуги,"Буферен съд 100л, ф500 верт.",,1.0,0.0,1.0,0.0,,0.0,L,4333.33,L,,
6431,18,1,1317658632,4. Услуги,Вода 1,,1.0,0.0,1.0,0.0,,0.0,L,4.9,L,,
6431,19,1,1317658632,4. Услуги,"Лазерно рязане Патлиджански големи, перф. лам.",,1.0,0.0,1.0,0.0,,0.0,L,12.5,L,,
6431,20,1,1317658632,4. Услуги,"Лазерно рязане Патлиджански малки, перф. лам.",,1.0,0.0,1.0,0.0,,0.0,L,3.0,L,,
6431,21,1,1317658632,4. Услуги,Обработка на полиамид,,1.0,0.0,1.0,0.0,,0.0,L,0.0,L,,
6431,22,1,1317658632,4. Услуги,Рязане на метал (НИРСТРОЙ),,1.0,0.0,1.0,0.0,,0.0,L,0.0,L,,
6431,23,1,1317658632,4. Услуги,Транспорт (Филипекс),,1.0,0.0,1.0,0.0,,0.0,L,0.0,L,,
6431,24,1,1317658632,1.1.1. Части (Електролизьор),Плоча S355 J2+N HRP 2x6 70мм,,0.0,0.0,0.0,0.0,,0.0,L,3559.24,L,,
6431,25,1,1317658632,1.1.1. Части (Електролизьор),Уплътнение (S.G.M. PTFE) 1060x900x5мм,,535.0,0.0,535.0,0.0,,0.0,L,90.5,$,,
6431,26,1,1317658632,3. Метални Елементи,"Профилна тръба Е3 25х25х1,5",,18.0,0.0,18.0,0.0,,0.0,L,5.2,M,,
6431,27,1,1317658632,3. Метални Елементи,Профилна тръба ЕЗ 100х40х3,,3.4,0.0,3.4,0.0,,0.0,L,5.879835,M,,
6431,28,1,1317658632,3. Метални Елементи,Профилна тръба ЕЗ 15х15х3,,18.0,0.0,18.0,0.0,,0.0,L,1.237322,M,,
6431,29,1,1317658632,3. Метални Елементи,"Профилна тръба ЕЗ 30х30х1,5",,53.0,0.0,53.0,0.0,,0.0,L,2.58406,M,,
6431,30,1,1317658632,3. Метални Елементи,Профилна тръба ЕЗ 40х20х2,,5.93,0.0,5.93,0.0,,0.0,L,1.953128,M,,
6431,31,1,1317658632,3. Метални Елементи,Профилна тръба ЕЗ 40х40х2,,30.0,0.0,30.0,0.0,,0.0,L,2.132079,M,,
6526,0,1,1317658632,3. Метални Елементи,Профилна тръба ЕЗ 50х50х2,,90.0,0.0,90.0,0.0,,0.0,L,2.478979,M,,
6526,1,1,1317658632,3. Метални Елементи,Профилна тръба ЕЗ 60х60х2,,19.5,0.0,19.5,0.0,,0.0,L,2.670207,M,,
6526,2,1,1317658632,1.1.1. Части (Електролизьор),Ламарина кръг 1060мм 316L 2мм,,100.0,0.0,100.0,0.0,,0.0,L,230.27479,M,,
6526,3,1,1317658632,Шини (Електроника),DIN-релса за модулна апаратура перфорирана 2m,,3.0,0.0,3.0,0.0,,0.0,L,3.31,M,,
6526,4,1,1317658632,1.1.1. Части (Електролизьор),Ламарина кръг 1060мм 316L 5мм,,8.0,0.0,8.0,0.0,,0.0,L,577.6145389999999,M,,
6526,5,1,1317658632,2.1. Тръби,"Тръба прецизна ф20х1,2",,6.0,0.0,6.0,0.0,,0.0,L,2.55645,M,,
6526,6,1,1317658632,2.1. Тръби,"Тръба шевна 304L (323,9х3) 12``",,28.0,0.0,28.0,0.0,,0.0,L,147.655439,M,,
6526,7,1,1317658632,2.1. Тръби,Тръба оребрена 25х2,,156.0,0.0,156.0,0.0,,0.0,L,48.137952999999996,M,,
6526,8,1,1317658632,2.1. Тръби,"Тръба шевна 304L (33,7x2.6) 1“",,5.430146,0.0,5.430146,0.0,,0.0,L,13.068572,M,,
6526,9,1,1317658632,2.1. Тръби,"Тръба безшевна 316L 6x1,0",,36.0,0.0,36.0,0.0,,0.0,L,5.051545,M,,
6526,10,1,1317658632,2.1. Тръби,"Тръба шевна 304L (114,3х2) 4``",,13.5,0.0,13.5,0.0,,0.0,L,31.239818999999997,M,,
6526,11,1,1317658632,2.1. Тръби,"Тръба шевна 304L (168,3х2) 6``",,10.7,0.0,10.7,0.0,,0.0,L,33.642882,M,,
6526,12,1,1317658632,2.1. Тръби,"Тръба шевна 304L (21,3x2) 1/2``",,1.5,0.0,1.5,0.0,,0.0,L,5.721335,M,,
6526,13,1,1317658632,2.1. Тръби,"Тръба шевна 304L (48,3х2) 1 1/2``",,150.0,0.0,150.0,0.0,,0.0,L,14.909215999999999,M,,
6526,14,1,1317658632,2.1. Тръби,"Тръба шевна 304L (60,3х2) 2``",,9.0,0.0,9.0,0.0,,0.0,L,12.061287,M,,
6526,15,1,1317658632,2.2. Фитинги за заваряване,"Капа 316L (114,3х2) 4``",,23.0,0.0,23.0,0.0,,0.0,L,7.98635,M,,
6526,16,1,1317658632,2.2. Фитинги за заваряване,"Капа 316L (168,3x2,0) 6``",,15.0,0.0,15.0,0.0,,0.0,L,20.190842,M,,
6526,17,1,1317658632,2.2. Фитинги за заваряване,"Капа 316L (323.0х3,0) 12“",,16.0,0.0,16.0,0.0,,0.0,L,78.534144,M,,
6526,18,1,1317658632,2.2. Фитинги за заваряване,"Коляно 45° 304L заварка (48,3х2) 1 1/2``",,17.0,0.0,17.0,0.0,,0.0,L,5.752013,M,,
6526,19,1,1317658632,2.2. Фитинги за заваряване,"Коляно 90° 304L заварка (33,7х2) 1``",,95.0,0.0,95.0,0.0,,0.0,L,3.0,M,,
6526,20,1,1317658632,2.2. Фитинги за заваряване,"Коляно 90° 304L заварка (48,3х2) 1 1/2``",,215.0,0.0,215.0,0.0,,0.0,L,3.798885,M,,
6526,21,1,1317658632,2.2. Фитинги за заваряване,"Коляно 90° 304L зав. (60,3x2) 2``",,32.0,0.0,32.0,0.0,,0.0,L,5.7264479999999995,M,,
6526,22,1,1317658632,2.2. Фитинги за заваряване,"Тройник 304L заварка (60,3х2) 2``",,18.0,0.0,18.0,0.0,,0.0,L,11.069428,M,,
6526,23,1,1317658632,2.2. Фитинги за заваряване,Кръст зав. 316L W/W DIN11850 SERIE2 DN32,,6.0,0.0,6.0,0.0,,0.0,L,12.628862999999999,M,,
6526,24,1,1317658632,2.2. Фитинги за заваряване,Тройник 304L заварка (48.3х2) 1 1/2“,,50.0,0.0,50.0,0.0,,0.0,L,8.615237,M,,
6526,25,1,1317658632,2.2. Фитинги за заваряване,Тройник 304L заварка (33.7х2) 1`,,24.0,0.0,24.0,0.0,,0.0,L,6.033221999999999,M,,
6526,26,1,1317658632,2.2. Фитинги за заваряване,Полунипел 316L 150LBS 1 1/2“,,16.0,0.0,16.0,0.0,,0.0,L,2.766079,M,,
6526,27,1,1317658632,2.6. Арматури,Филтър на фл. 316 INOX PN16 DN40,,2.0,0.0,2.0,0.0,,0.0,L,256.263661,M,,
6526,28,1,1317658632,2.4. Фланци,Фланец плосък 304 T10 PN16 DN40,,166.0,0.0,166.0,0.0,,0.0,L,11.015077999999999,M,,
6526,29,1,1317658632,2.4. Фланци,Фланец плосък 304 T10 PN16 DN50,,31.0,0.0,31.0,0.0,,0.0,L,10.609268,M,,
6570,0,1,1317658632,2.4. Фланци,Фланец плосък 304 T8 PN16 DN25,,63.0,0.0,63.0,0.0,,0.0,L,5.682068,M,,
6570,1,1,1317658632,2.5.1. Кранове на фланци,Кран сфер. на фл. 2-части 316L PN40 (Акт) 1 1/2“,,6.0,0.0,6.0,0.0,,0.0,L,379.755535,M,,
6570,2,1,1317658632,2.4. Фланци,Фланец плосък с резба 304L PN10/16 DN50 x2“,,8.0,0.0,8.0,0.0,,0.0,L,29.512680999999997,M,,
6570,3,1,1317658632,2.4. Фланци,Фланец плосък с резба 304L PN10/16/40 DN25 x1“,,5.0,0.0,5.0,0.0,,0.0,L,17.166459,M,,
6570,4,1,1317658632,2.5.1. Кранове на фланци,Кран сфер. на фл. 2-части 316L PN40 (Акт) 1“,,21.0,0.0,21.0,0.0,,0.0,L,274.58,M,,
6570,5,1,1317658632,2.4. Фланци,Фланец плосък с резба 304L PN10/16/40 DN40x1 1/2,,8.0,0.0,8.0,0.0,,0.0,L,32.456689,M,,
6570,6,1,1317658632,2.4. Фланци,Уплътнение CF3000 PTFE DN25,,40.0,0.0,40.0,0.0,,0.0,L,0.92,M,,
6570,7,1,1317658632,2.4. Фланци,Уплътнение CF3000 PTFE DN40,,67.0,0.0,67.0,0.0,,0.0,L,1.089048,M,,
6570,8,1,1317658632,2.5.1. Кранове на фланци,Кран сфер. на фл. 2-части 316L PN40 (Акт) 2“,,3.0,0.0,3.0,0.0,,0.0,L,438.664579,M,,
6570,9,1,1317658632,2.4. Фланци,Уплътнение CF3000 PTFE DN50,,65.0,0.0,65.0,0.0,,0.0,L,2.157644,M,,
6570,10,1,1317658632,2.5.2. Кранове на заварка,Кран сфер. на зав. 3-части 316L PN63 (Акт) 1“,,4.0,0.0,4.0,0.0,,0.0,L,191.7,M,,
6570,11,1,1317658632,2.5.3. Кранове на резба,Кран сфер. на рез. 3-части 316L PN63 1/2“,,4.0,0.0,4.0,0.0,,0.0,L,10.467385,M,,
6570,12,1,1317658632,2.5.2. Кранове на заварка,Кран сфер. на зав. 3-части 316L PN63 1/2“,,8.0,0.0,8.0,0.0,,0.0,L,10.467385,M,,
6570,13,1,1317658632,2.5.1. Кранове на фланци,Кран сфер. на фл. трипътен 316L (Акт) 1 1/2`“,,3.0,0.0,3.0,0.0,,0.0,L,537.820071,M,,
6570,14,1,1317658632,2.5.1. Кранове на фланци,Кран сфер. на фл. трипътен 316L (Акт) 1“,,3.0,0.0,3.0,0.0,,0.0,L,485.2,M,,
6570,15,1,1317658632,2.2. Фитинги за заваряване,"Концентричен нам. 304L (60,3х33,7х2) 2``-1``",,18.0,0.0,18.0,0.0,,0.0,L,4.28,M,,
6570,16,1,1317658632,2.5.4. Вентили,Вентил предпазен 2“G x 2“G,,4.0,0.0,4.0,0.0,,0.0,L,247.14736,M,,
6570,17,1,1317658632,М/Ж резба,Преход 316L резба М/Ж 3/4“х1/4“,,111.0,0.0,111.0,0.0,,0.0,L,3.527901,M,,
6570,18,1,1317658632,Муфи на резба,Муфа 304L резба 150LBS 1/4“,,61.0,0.0,61.0,0.0,,0.0,L,0.761822,M,,
6570,19,1,1317658632,Муфи на резба,Муфа 304L резбa 150LBS  1/2``,,108.0,0.0,108.0,0.0,,0.0,L,1.3498059999999998,M,,
6570,20,1,1317658632,Муфи на резба,Муфа 304L резбa 150LBS L42 1``,,14.0,0.0,14.0,0.0,,0.0,L,2.970595,M,,
6570,21,1,1317658632,Муфи на резба,Муфа 304L резбa 150LBS L45 1 1/2``,,16.0,0.0,16.0,0.0,,0.0,L,2.781418,M,,
6570,22,1,1317658632,Муфи на резба,Муфа 304L резбa 150LBS L54 2``,,6.0,0.0,6.0,0.0,,0.0,L,4.172126,M,,
6570,23,1,1317658632,Фитинги - Щуцер на резба,Щуцер за маркуч 304 1/2“,,101.0,0.0,101.0,0.0,,0.0,L,0.935661,M,,
6570,24,1,1317658632,Муфи на резба,Муфа 316L резба 150LBS 1/4“,,23.0,0.0,23.0,0.0,,0.0,L,0.7669349999999999,M,,
6570,25,1,1317658632,Муфи на резба,Муфа 316L резба 150LBS 1/2“,,14.0,0.0,14.0,0.0,,0.0,L,1.840644,M,,
6570,26,1,1317658632,Нипели на резба,Нипел шест. 316L резба 150LBS 1“,,11.0,0.0,11.0,0.0,,0.0,L,3.2620299999999998,M,,
6570,27,1,1317658632,Нипели на резба,Нипел шест. 316L резба 150LBS 1/4“,,18.0,0.0,18.0,0.0,,0.0,L,0.7822739999999999,M,,
6570,28,1,1317658632,Холендри на резба,Холендър 316L резба М/Ж PTFE 150LBS 2“,,6.0,0.0,6.0,0.0,,0.0,L,53.378676,M,,
6570,29,1,42796368,2.4. Фланци,Уплътнение CF3000 PTFE DN25,,155.0,0.0,195.0,0.0,Y,1.08,M,1.08,M,в 08:06 през “Складове и Стоки”,
6668,0,1,1317658632,Холендри на резба,Холендър 316L резба вътрешна 3000LBS 1/2“,,11.0,0.0,11.0,0.0,,0.0,L,3.5483529999999996,M,,
6668,1,1,1317658632,М16,Болт с шест.гл. 8.8 vZn M16x55,,100.0,0.0,100.0,0.0,,0.0,L,0.301661,M,,
6668,2,1,1317658632,2. Консумативи,Скоба за тръба 1 1/2`,,4.0,0.0,4.0,0.0,,0.0,L,4.192578,M,,
6668,3,1,1317658632,Тапи на резба,Тапа 304L резба 1/2``,,21.0,0.0,21.0,0.0,,0.0,L,0.690241,M,,
6668,4,1,1317658632,М16,Шайба пружинна DIN2093 М16,,220.0,0.0,220.0,0.0,,0.0,L,0.245419,M,,
6668,5,1,1317658632,М8,Шпилка 8.8 vZn M8x1000,,4.0,0.0,4.0,0.0,,0.0,L,95.836198,M,,
6668,6,1,1317658632,М12,Болт с шест.гл. 8.8 vZn М12х100,,140.0,0.0,140.0,0.0,,0.0,L,0.240306,M,,
6668,7,1,1317658632,М12,Болт с шест.гл. 8.8 vZn М12х25,,267.0,0.0,267.0,0.0,,0.0,L,0.10011099999999999,M,,
6668,8,1,1317658632,М12,Болт с шест.гл. 8.8 vZn М12х40,,88.0,0.0,88.0,0.0,,0.0,L,0.142241,M,,
6668,9,1,1317658632,2.5.5. Клапани,Иглен клапан (Slid. Gate Mot. Valve 8038 H2),,3.0,0.0,3.0,0.0,,0.0,L,3569.44,M,,
6668,10,1,1317658632,М16,Болт с шест.гл. 8.8 vZn М16х45,,28.0,0.0,28.0,0.0,,0.0,L,0.285198,M,,
6668,11,1,1317658632,М16,Болт с шест.гл. 8.8 vZn М16х50,,100.0,0.0,100.0,0.0,,0.0,L,0.28120999999999996,M,,
6668,12,1,1317658632,2.5.5. Клапани,Иглен клапан (Slid. Gate Mot. Valve 8038 О2),,3.0,0.0,3.0,0.0,,0.0,L,3233.29,M,,
6668,13,1,1317658632,М16,Болт с шест.гл. 8.8 vZn М16х60,,75.0,0.0,75.0,0.0,,0.0,L,0.337,M,,
6668,14,1,1317658632,2.5.6. Актуатори,Актуатор електрически 24V,,6.0,0.0,6.0,0.0,,0.0,L,167.754249,M,,
6668,15,1,1317658632,М8,Болт с шест.гл. 8.8 vZn М8х25,,42.0,0.0,42.0,0.0,,0.0,L,0.040852,M,,
6668,16,1,1317658632,М12,Болт с шест.гл. 8.8 vZn М12х45,,94.0,0.0,94.0,0.0,,0.0,L,0.14,M,,
6668,17,1,1317658632,М12,Болт с шест.гл. 8.8 vZn М12х60,,100.0,0.0,100.0,0.0,,0.0,L,0.1585,M,,
6668,18,1,1317658632,5. Устройства,Захранване 275 kW,,4.0,0.0,4.0,0.0,,0.0,L,27500.883052999998,M,,
6668,19,1,1317658632,М6,Болт с шест.гл. 8.8 vZn М6х35,,440.0,0.0,440.0,0.0,,0.0,L,0.0245,M,,
6668,20,1,1317658632,М6,Болт с шест.гл. 8.8 vZn М6х70,,93.0,0.0,93.0,0.0,,0.0,L,0.0453,M,,
6668,21,1,1317658632,М6,Гайка шест. 8 vZn М6,,307.0,0.0,307.0,0.0,,0.0,L,0.026484999999999998,M,,
6668,22,1,1317658632,М16,Гайка самоос. 10 vZn М16,,100.0,0.0,100.0,0.0,,0.0,L,0.35279,M,,
6668,23,1,1317658632,М12,Гайка шест. 8 vZn М12,,307.0,0.0,307.0,0.0,,0.0,L,0.03,M,,
6668,24,1,1317658632,М8,Гайка шест. 8 vZn М8,,201.0,0.0,201.0,0.0,,0.0,L,0.01,M,,
6668,25,1,1317658632,М16,Шайба подложна vZn М16,,859.0,0.0,859.0,0.0,,0.0,L,0.025564999999999997,M,,
6668,26,1,1317658632,М6,Шайба подложна vZn М6,,559.0,0.0,559.0,0.0,,0.0,L,0.01,M,,
6668,27,1,1317658632,М8,Шайба подложна vZn М8,,65.0,0.0,65.0,0.0,,0.0,L,0.0051129999999999995,M,,
6668,28,1,1317658632,М16,Шпилка М16,,16.0,0.0,16.0,0.0,,0.0,L,8.661253,M,,
6668,29,1,1317658632,5. Устройства,"Помпа-мотор (Motor IE3 size 80,1,1kW)",,1.0,0.0,1.0,0.0,,0.0,L,196.0,M,,
6668,30,1,1317658632,Сензори,Нивомер поплавъчен тип 8181,,6.0,0.0,6.0,0.0,,0.0,L,87.74,M,,
6668,31,1,1317658632,Сензори,Сензор за газ H2 GS-220,,12.0,0.0,12.0,0.0,,0.0,L,177.315372,M,,
6668,32,1,1317658632,Сензори,Датчик за температура,,27.0,0.0,27.0,0.0,,0.0,L,105.67853,M,,
6668,33,1,1317658632,Други (Електроника),Управление за сензор за газ GA-220,,12.0,0.0,12.0,0.0,,0.0,L,138.201687,M,,
6668,34,1,1317658632,5. Устройства,Помпа (Pump MOD. HTM 10 SS316),,1.0,0.0,1.0,0.0,,0.0,L,1347.5,M,,
6686,0,1,1317658632,Други (Електроника),"Авариен стоп бутон, въртящ",,4.0,0.0,4.0,0.0,,0.0,L,11.999976,M,,
6686,1,1,1317658632,Кабели - Захранващи,Кабел 70мм HO7V-K червен,,36.0,0.0,36.0,0.0,,0.0,L,8.293123999999999,M,,
6686,2,1,1317658632,Клеми,"Клема винтове 2,5mm AVK2,5 сива",,100.0,0.0,100.0,0.0,,0.0,L,0.27,M,,
6686,3,1,1317658632,Клеми,"Клема винтова 2,5mm AVK2,5 червена",,100.0,0.0,100.0,0.0,,0.0,L,0.29,M,,
6686,4,1,1317658632,Контактори,"Контактор 7,5kW/15A, AC-3, 1NO, 230V AC размер 0",,0.0,0.0,0.0,0.0,,0.0,L,17.03,M,,
6686,5,1,1317658632,Други (Електроника),Трансмитер с галванично разделяне,,21.0,0.0,21.0,0.0,,0.0,L,113.50638,M,,
6686,6,1,1317658632,"Прекъсвачи, Предпазители",Прекъсвач мин. AMPARO 6kA C 10А 1P,,7.0,0.0,7.0,0.0,,0.0,L,1.79,M,,
6686,7,1,1317658632,Апогей,Топлообменник XT,,2.0,0.0,2.0,0.0,,0.0,L,779.9984599999999,M,,
6686,8,1,1317658632,Кабели - Захранващи,Кабел 70мм HO7V-K черен,,24.0,0.0,24.0,0.0,,0.0,L,8.293123999999999,M,,
6686,9,1,1317658632,Релета,Реле мини тип PT 14 пина 4CO 24VDC 6A,,31.0,0.0,31.0,0.0,,0.0,L,2.96,M,,
6686,10,1,1317658632,Релета,Цокъл за реле (PT YP 6A/250V AC),,4.0,0.0,4.0,0.0,,0.0,L,3.492111,M,,
6686,11,1,1317658632,7. Кабели,"Проводник H05V-K (ПВ-А2) 500V 0,5mm виолетов",,100.0,0.0,100.0,0.0,,0.0,L,0.11064299999999999,M,,
6686,12,1,1317658632,7. Кабели,"Проводник H05V-K (ПВ-А2) 500V 0,5mm черен",,100.0,0.0,100.0,0.0,,0.0,L,0.109467,M,,
6686,13,1,1317658632,7. Кабели,"Проводник H05V-K (ПВ-А2) 500V 0,75mm син",,200.0,0.0,200.0,0.0,,0.0,L,0.14443899999999998,M,,
6686,14,1,1317658632,7. Кабели,"Проводник H05V-K (ПВ-А2) 500V 0,75mm червен",,200.0,0.0,200.0,0.0,,0.0,L,0.14443899999999998,M,,
6686,15,1,1317658632,7. Кабели,"Проводник H05V-K (ПВ-А2) 500V 0,75mm черен",,200.0,0.0,200.0,0.0,,0.0,L,0.14443899999999998,M,,
6686,16,1,1317658632,Кабелни Канали,"T-образно разклонение за кабелна скар, 60х152mm",,0.0,0.0,0.0,0.0,,0.0,L,6.396237999999999,M,,
6686,17,1,1317658632,Кабелни Канали,T-образно разклонение за кабелна скара 60х202mm,,2.0,0.0,2.0,0.0,,0.0,L,6.68256,M,,
6686,18,1,1317658632,Кабелни Канали,T-разклонение за кабелна скара 60х202mm с неперф,,1.0,0.0,1.0,0.0,,0.0,L,16.054506,M,,
6686,19,1,1317658632,Кабелни Канали,Вертканел ъгъл понижаващ 60х202mm с неперфориран,,3.0,0.0,3.0,0.0,,0.0,L,16.739635,M,,
6686,20,1,1317658632,Кабелни Канали,Кабелна скара перфорирана с интегриран съедините,,3.0,0.0,3.0,0.0,,0.0,L,4.32,M,,
6686,21,1,1317658632,Кабелни Канали,"Кабелна скара, перф.,с интегр. съед. 60х200х3000",,5.0,0.0,5.0,0.0,,0.0,L,5.603738,M,,
6686,22,1,1317658632,Кабелни Канали,"Кабелна стълба 60x200x3000mm t=1,5mm",,3.0,0.0,3.0,0.0,,0.0,L,8.881107,M,,
6686,23,1,1317658632,Кабелни Канали,"С-профил, шлиц 16 mm, 30x15x3000mm, перфорирана",,0.0,0.0,0.0,0.0,,0.0,L,2.1014019999999998,M,,
6686,24,1,1317658632,Кабелни Канали,"Стенна конзола 90x610mm 2,5kN",,3.0,0.0,3.0,0.0,,0.0,L,6.07,M,,
6686,25,1,1317658632,Кабелни Канали,Фуния за кабелна скара напречна 60х150mm,,4.0,0.0,4.0,0.0,,0.0,L,38.305847,M,,
6686,26,1,1317658632,Кабелни Канали,Фуния за кабелна скара напречна 60х200mm,,7.0,0.0,7.0,0.0,,0.0,L,39.098346,M,,
6686,27,1,1317658632,Кабелни Канали,Ъгъл 90° за кабелна скара 60х202mm с неперфорира,,1.0,0.0,1.0,0.0,,0.0,L,8.906672,M,,
6686,28,1,1317658632,М10,Болт с шест.гл. А2 М10х30,,40.0,0.0,40.0,0.0,,0.0,L,0.0,L,,
6686,29,1,1317658632,М/Ж резба,Преход 304L резба М/Ж 1/2``x1/4``,,9.0,0.0,9.0,0.0,,0.0,L,0.991903,M,,
6687,0,1,1317658632,М10,Гайка шест. А2 М10,,53.0,0.0,53.0,0.0,,0.0,L,0.0,L,,
6687,1,1,1317658632,М10,Шайба пружинна А2 М10,,13.0,0.0,13.0,0.0,,0.0,L,0.0,L,,
6687,2,1,1317658632,М10,Болт с шест.гл. 8.8 vZn М10х30,,92.0,0.0,92.0,0.0,,0.0,L,0.14,L,,
6687,3,1,1317658632,М10,Болт с шест.гл. 8.8 vZn М10х40,,150.0,0.0,150.0,0.0,,0.0,L,0.17,L,,
6687,4,1,1317658632,М/Ж резба,Преход 304L резба М/Ж 2“х1“,,2.0,0.0,2.0,0.0,,0.0,L,5.46,M,,
6687,5,1,1317658632,М10,Болт с шест.гл. 8.8 vZn М10х45,,140.0,0.0,140.0,0.0,,0.0,L,0.0,L,,
6687,6,1,1317658632,М10,Гайка шест. 8 vZn М10,,270.0,0.0,270.0,0.0,,0.0,L,0.04,L,,
6687,7,1,1317658632,М10,Шайба подложна vZn М10,,275.0,0.0,275.0,0.0,,0.0,L,0.02,L,,
6687,8,1,1317658632,М10,Шайба с широка периферия vZn М10,,100.0,0.0,100.0,0.0,,0.0,L,0.0,L,,
6687,9,1,1317658632,М12,Болт с шест.гл. А2 М12х50,,854.0,0.0,854.0,0.0,,0.0,L,0.0,L,,
6687,10,1,1317658632,М12,Болт с шест.гл. А2 М12х100,,69.0,0.0,69.0,0.0,,0.0,L,0.0,L,,
6687,11,1,1317658632,М12,Гайка шест. А2 М12,,770.0,0.0,770.0,0.0,,0.0,L,0.0,L,,
6687,12,1,1317658632,М/Ж резба,Преход 316L резба М/Ж 1 1/4“-1/2“,,8.0,0.0,8.0,0.0,,0.0,L,9.12,M,,
6687,13,1,1317658632,2.5.5. Клапани,Иглен клапан (Slid. Gate Mot. Valve 8038 H2) 1“,,0.0,0.0,0.0,0.0,,0.0,L,3614.49,M,,
6687,14,1,1317658632,М12,Шайба пружинна А2 М12,,513.0,0.0,513.0,0.0,,0.0,L,0.0,L,,
6687,15,1,1317658632,М12,Шайба подложна А2 М12,,1815.0,0.0,1815.0,0.0,,0.0,L,0.0,L,,
6687,16,1,1317658632,М16,Болт с шест.гл. А2 М16х60,,386.0,0.0,386.0,0.0,,0.0,L,0.0,L,,
6687,17,1,1317658632,М16,Гайка шест. А2 М16,,480.0,0.0,480.0,0.0,,0.0,L,0.0,L,,
6687,18,1,1317658632,Тапи на резба,Тапа 304L резба 1/4“,,1.0,0.0,1.0,0.0,,0.0,L,1.0,L,,
6687,19,1,1317658632,М16,Шайба пружинна А2 М16,,463.0,0.0,463.0,0.0,,0.0,L,0.0,L,,
6687,20,1,1317658632,Холендри на резба,Холендър 316L резба М/Ж PTFE 150LBS 1/2“,,1.0,0.0,1.0,0.0,,0.0,L,11.054089999999999,M,,
6687,21,1,1317658632,М16,Шайба подложна А2 М16,,919.0,0.0,919.0,0.0,,0.0,L,0.0,L,,
6687,22,1,1317658632,М16,Шайба пружинна gvZn М16,,89.0,0.0,89.0,0.0,,0.0,L,0.4,L,,
6687,23,1,1317658632,М16,Болт с шест.гл. 8.8 vZn М16х40,,100.0,0.0,100.0,0.0,,0.0,L,0.245419,M,,
6687,24,1,1317658632,М16,Гайка шест. 10 Bl. М16,,100.0,0.0,100.0,0.0,,0.0,L,0.18,L,,
6687,25,1,1317658632,М16,Шайба пружинна-федер vZn М16,,454.0,0.0,454.0,0.0,,0.0,L,0.0,L,,
6687,26,1,1317658632,М16,Гайка самоос. 8 vZn М16,,145.0,0.0,145.0,0.0,,0.0,L,0.0,L,,
6687,27,1,1317658632,М16,Шайба с широка периферия vZn M16,,190.0,0.0,190.0,0.0,,0.0,L,0.0,L,,
6687,28,1,1317658632,М3,Болт с шест.гл. А2 М3х25,,321.0,0.0,321.0,0.0,,0.0,L,0.05,M,,
6687,29,1,1317658632,М3,Болт с шест.гл. vZn М3х25,,123.0,0.0,123.0,0.0,,0.0,L,0.03,M,,
6687,30,1,1317658632,М3,Гайка шест. А2 М3,,313.0,0.0,313.0,0.0,,0.0,L,0.01,M,,
6687,31,1,1317658632,Винтове,"Винт самонарезен с шайба vZn ф4,2x13",,300.0,0.0,300.0,0.0,,0.0,L,0.09,L,,
6687,32,1,1317658632,Винтове,"Винт самопробивен с шайба ф4,2х13",,1000.0,0.0,1000.0,0.0,,0.0,L,0.01,L,,
6687,33,1,49796793,Външна резба,Нипел намалител 316L 150LBS 1/2“х1/4“,,0.0,0.0,10.0,0.0,Y,0.0,L,0.0,L,в 09:17 през “Складове и Стоки”,
6687,34,1,35663615,Релета,Цокъл за реле PT 14 пина с лог.подр. 6A,,0.0,0.0,20.0,0.0,Y,0.0,L,0.0,M,в 09:28 през “Складове и Стоки”,
6689,0,1,1317658632,Холендри на резба,Холендър 316L резба М/Ж PTFE 150LBS 1 1/2“,,5.0,0.0,5.0,0.0,,0.0,L,47.68,L,,
6689,1,1,1317658632,1. Пречистване на вода,B520 PRO,,1.0,0.0,1.0,0.0,,0.0,L,51.129,M,,
6689,2,1,1317658632,Холендри на резба,Холендър 316L резба М/М PTFE 150LBS 1/2“,,3.0,0.0,3.0,0.0,,0.0,L,9.46,M,,
6689,3,1,1317658632,Фитинги - Щуцер на резба,Щуцер за маркуч 304 1/4“,,1.0,0.0,1.0,0.0,,0.0,L,1.0,L,,
6689,4,1,1317658632,М5,Винт с лещ.гл. 4.8 vZn М5х16,,490.0,0.0,490.0,0.0,,0.0,L,0.0,L,,
6689,5,1,1317658632,М5,Винт с лещ.гл. 4.8 vZn М5х20,,500.0,0.0,500.0,0.0,,0.0,L,0.0,L,,
6689,6,1,1317658632,М5,Винт с лещ.гл. 4.8 vZn М5х12,,486.0,0.0,486.0,0.0,,0.0,L,0.0,L,,
6689,7,1,1317658632,М5,Винт с лещ.гл. 4.8 vZn М5х25,,465.0,0.0,465.0,0.0,,0.0,L,0.0,L,,
6689,8,1,1317658632,М5,"Винт самопр. vZn М5,5х32",,100.0,0.0,100.0,0.0,,0.0,L,0.0,L,,
6689,9,1,1317658632,М5,Шайба с широка периферия vZn М5,,200.0,0.0,200.0,0.0,,0.0,L,0.0,L,,
6689,10,1,1317658632,М6,Гайка ниска А2 М6,,47.0,0.0,47.0,0.0,,0.0,L,0.03,M,,
6689,11,1,1317658632,М6,Болт с шест.гл. А2 М6х40,,26.0,0.0,26.0,0.0,,0.0,L,0.09,M,,
6689,12,1,1317658632,М6,Болт с шест.гл. 8.8 vZn М6х16,,416.0,0.0,416.0,0.0,,0.0,L,0.0,L,,
6689,13,1,1317658632,М6,Болт с шест.гл. 8.8 vZn М6х25,,67.0,0.0,67.0,0.0,,0.0,L,0.0,L,,
6689,14,1,1317658632,М6,Болт с шест.гл. 8.8 vZn М6х60,,148.0,0.0,148.0,0.0,,0.0,L,0.07,L,,
6689,15,1,1317658632,М6,Болт с шест.гл. 8.8 vZn М6х65,,200.0,0.0,200.0,0.0,,0.0,L,0.0,L,,
6689,16,1,1317658632,М6,Болт с шест.гл. 8.8 vZn М6х90,,136.0,0.0,136.0,0.0,,0.0,L,0.0,L,,
6689,17,1,1317658632,М6,Болт с шест.гл. 8.8 vZn М6х50,,88.0,0.0,88.0,0.0,,0.0,L,0.0,L,,
6689,18,1,1317658632,М6,Винт с лещ.гл. 4.8 vZn М6х16,,365.0,0.0,365.0,0.0,,0.0,L,0.0,L,,
6689,19,1,1317658632,М6,Винт с лещ.гл. 4.8 vZn М6х35,,500.0,0.0,500.0,0.0,,0.0,L,0.0,L,,
6689,20,1,1317658632,Капи на резба,Капа 316L резба 1/4“,,6.0,0.0,6.0,0.0,,0.0,L,0.0,L,,
6689,21,1,1317658632,Капи на резба,Капа 316L резба 1/2“,,38.0,0.0,38.0,0.0,,0.0,L,0.0,L,,
6689,22,1,1317658632,М6,Винт с върт.шест. 8.8 vZn М6х60,,77.0,0.0,77.0,0.0,,0.0,L,0.0,L,,
6689,23,1,1317658632,1. Пречистване на вода,"Горен дистрибутор D5120-1, 1`",,1.0,0.0,1.0,0.0,,0.0,L,10.000831999999999,M,,
6689,24,1,1317658632,М6,Гайка самоос. 8 vZn М6,,45.0,0.0,45.0,0.0,,0.0,L,0.0,L,,
6689,25,1,1317658632,М6,Шайба пружинна vZn М6,,5.0,0.0,5.0,0.0,,0.0,L,0.0,L,,
6689,26,1,1317658632,М8,Болт с шест.гл. 8.8 vZn М8х16,,63.0,0.0,63.0,0.0,,0.0,L,0.06,L,,
6689,27,1,1317658632,Колена на резба,Коляно 45° 316L резба вътрешна 150LBS 1/2“,,4.0,0.0,4.0,0.0,,0.0,L,0.0,L,,
6689,28,1,1317658632,М8,Болт с шест.гл. 8.8 vZn М8х20,,96.0,0.0,96.0,0.0,,0.0,L,0.07,L,,
6689,29,1,1317658632,М8,Болт с шест.гл. 8.8 vZn М8х35,,91.0,0.0,91.0,0.0,,0.0,L,0.09,L,,
6689,30,1,1317658632,М8,Шайба пружинна vZn М8,,169.0,0.0,169.0,0.0,,0.0,L,0.0,L,,
6689,31,1,1317658632,Колена на резба,Коляно 90° 304L резба вътрешна 1 1/4“,,5.0,0.0,5.0,0.0,,0.0,L,1.0,L,,
6689,32,1,1317658632,М8,Шайба с широка периферия vZn М8,,217.0,0.0,217.0,0.0,,0.0,L,0.0,L,,
6689,33,1,1317658632,Колена на резба,Коляно 90° 304L резба М/Ж 1 1/2“,,3.0,0.0,3.0,0.0,,0.0,L,1.0,L,,
6689,34,1,1317658632,Колена на резба,Коляно 90° 304L резба М/Ж 1 1/4“,,5.0,0.0,5.0,0.0,,0.0,L,1.0,L,,
6690,0,1,1317658632,Колена на резба,Коляно 90° 304L резба М/Ж 2“,,12.0,0.0,12.0,0.0,,0.0,L,1.0,L,,
6690,1,1,1317658632,Колена на резба,Коляно 90° 304L резба М/Ж 1/2“,,4.0,0.0,4.0,0.0,,0.0,L,1.0,L,,
6690,2,1,1317658632,Колена на резба,Коляно 90° 304L резба М/Ж 1“,,1.0,0.0,1.0,0.0,,0.0,L,1.0,L,,
6690,3,1,1317658632,Колена на резба,Коляно 90° 316L резба вътрешна 1/2“,,43.0,0.0,43.0,0.0,,0.0,L,0.0,M,,
6690,4,1,1317658632,Колена на резба,Коляно 90° 316L резба вътрешна 3/4“,,10.0,0.0,10.0,0.0,,0.0,L,0.0,L,,
6690,5,1,1317658632,Колена на резба,Коляно 90° 316L резба вътрешна 1/4“,,14.0,0.0,14.0,0.0,,0.0,L,0.0,L,,
6690,6,1,1317658632,1. Пречистване на вода,"Предфилтърен корпус, Викинг ПРО за студена вода",,1.0,0.0,1.0,0.0,,0.0,L,93.05478,M,,
6690,7,1,1317658632,Колена на резба,Коляно 90° 316L резба вътрешна 1“,,1.0,0.0,1.0,0.0,,0.0,L,2.991047,M,,
6690,8,1,1317658632,2.5.4. Вентили,Вентил предпазен 1216 НРЖ PN40 1 1/2“x2“,,2.0,0.0,2.0,0.0,,0.0,L,343.75,M,,
6690,9,1,1317658632,Колена на резба,Коляно 90° 316L резба М/Ж 1/4“,,9.0,0.0,9.0,0.0,,0.0,L,0.0,M,,
6690,10,1,1317658632,Колена на резба,Коляно 90° 316L резба М/Ж 1/2“,,29.0,0.0,29.0,0.0,,0.0,L,1.9991439999999998,M,,
6690,11,1,1317658632,Кръстове на резба,Кръст 316L резба 1/2“,,2.0,0.0,2.0,0.0,,0.0,L,0.0,L,,
6690,12,1,1317658632,1. Пречистване на вода,"Управляваща глава/клапан Runxin, H9901",,2.0,0.0,2.0,0.0,,0.0,L,13.436701,M,,
6690,13,1,1317658632,Кръстове на резба,Кръст 316L резба 1“,,2.0,0.0,2.0,0.0,,0.0,L,0.0,L,,
6690,14,1,1317658632,Кръстове на резба,Кръст 316L резба 1 1/4`,,7.0,0.0,7.0,0.0,,0.0,L,24.7,L,,
6690,15,1,1317658632,Муфи на резба,Муфа 316L резба 150LBS 3/4“,,8.0,0.0,8.0,0.0,,0.0,L,0.0,L,,
6690,16,1,1317658632,Вътрешна резба,Преход 316L резба вътрешна 150LBS 3/4“х1/4“,,66.0,0.0,66.0,0.0,,0.0,L,0.0,L,,
6690,17,1,1317658632,Вътрешна резба,Преход 316L резба вътрешна 150LBS 3/8“х1/4“,,7.0,0.0,7.0,0.0,,0.0,L,1.88,L,,
6690,18,1,1317658632,Вътрешна резба,Преход 316L резба вътрешна 150LBS 1/2“х1/4“,,11.0,0.0,11.0,0.0,,0.0,L,0.0,L,,
6690,19,1,1317658632,Вътрешна резба,Преход 316L резба вътрешна 150LBS 3/4“х1/2“,,6.0,0.0,6.0,0.0,,0.0,L,0.0,L,,
6690,20,1,1317658632,Вътрешна резба,Преход 316L резба вътрешна 150LBS 1“х1/2“,,3.0,0.0,3.0,0.0,,0.0,L,0.0,L,,
6690,21,1,1317658632,Вътрешна резба,Преход 316L резба вътрешна 150LBS 2“х1 1/2“,,1.0,0.0,1.0,0.0,,0.0,L,0.0,L,,
6690,22,1,1317658632,Вътрешна резба,Преход 316L резба вътрешна 150LBS 1/2“х1/8“,,4.0,0.0,4.0,0.0,,0.0,L,0.0,L,,
6690,23,1,1317658632,Външна резба,Нипел намалител 316L 150LBS 1/4“х1/8“,,4.0,0.0,4.0,0.0,,0.0,L,0.0,M,,
6690,24,1,38903846,М/Ж резба,Преход 316L резба М/Ж 3/4“х1/2“,,15.0,0.0,17.0,0.0,Y,0.0,L,0.0,L,в 14:58 през “Складове и Стоки”,
6690,25,1,1317658632,Външна резба,Нипел намалител 316L 150LBS 1/2“х3/8“,,15.0,0.0,15.0,0.0,,0.0,L,0.0,L,,
6690,26,1,1317658632,Външна резба,Нипел намалител 316L 150LBS 3/4“х1/2“,,9.0,0.0,9.0,0.0,,0.0,L,0.0,L,,
6690,27,1,1317658632,Външна резба,Нипел намалител 316L 150LBS 1“х1/2“,,2.0,0.0,2.0,0.0,,0.0,L,3.093305,M,,
6690,28,1,1317658632,Външна резба,Нипел намалител 316L 150LBS 2“х1“,,4.0,0.0,4.0,0.0,,0.0,L,0.0,L,,
6690,29,1,1317658632,Външна резба,Нипел намалител 316L 150LBS 2“х1 1/4“,,4.0,0.0,4.0,0.0,,0.0,L,0.0,L,,
6690,30,1,1317658632,1.2.2 Съдове (Очиска),Топлообменник HE40,,1.0,0.0,1.0,0.0,,0.0,L,327.0,M,,
6692,0,1,1317658632,Нипели на резба,Нипел шест. 316L резба 150LBS 2“,,3.0,0.0,3.0,0.0,,0.0,L,0.0,L,,
6692,1,1,1317658632,Нипели на резба,Нипел шест. 316L резба 150LBS 1/2“,,13.0,0.0,13.0,0.0,,0.0,L,2.055386,M,,
6692,2,1,1317658632,Нипели на резба,Нипел шест. 304L резба 150LBS 1 1/4“,,5.0,0.0,5.0,0.0,,0.0,L,1.0,L,,
6692,3,1,1317658632,Нипели на резба,Нипел шест. 304L резба 150LBS 1/2“,,16.0,0.0,16.0,0.0,,0.0,L,1.8,L,,
6692,4,1,1317658632,Нипели на резба,Нипел шест. 304L резба 150LBS 1“,,9.0,0.0,9.0,0.0,,0.0,L,1.0,L,,
6692,5,1,1317658632,2.2. Фитинги за заваряване,Полунипел 316L 150LBS 1/4“,,20.0,0.0,20.0,0.0,,0.0,L,0.0,L,,
6692,6,1,1317658632,2.2. Фитинги за заваряване,Полунипел 316L 150LBS 1/2“,,14.0,0.0,14.0,0.0,,0.0,L,0.0,L,,
6692,7,1,1317658632,2.2. Фитинги за заваряване,Полунипел 316L 150LBS 1“,,16.0,0.0,16.0,0.0,,0.0,L,2.52,L,,
6692,8,1,1317658632,М/Ж резба,Преход 316L резба М/Ж 1/4“х1/8“,,12.0,0.0,12.0,0.0,,0.0,L,0.7,M,,
6692,9,1,1317658632,М/Ж резба,Преход 316L резба М/Ж 1/2“х1/4“,,28.0,0.0,28.0,0.0,,0.0,L,0.83,M,,
6692,10,1,1317658632,М/Ж резба,Преход 316L резба М/Ж 3/4“х1/2“,,15.0,0.0,15.0,0.0,,0.0,L,0.0,L,,
6692,11,1,1317658632,М/Ж резба,Преход 316L резба М/Ж 1“х1/2“,,7.0,0.0,7.0,0.0,,0.0,L,3.5,L,,
6692,12,1,1317658632,М/Ж резба,Преход 316L резба М/Ж 1 1/2“х1/2“,,1.0,0.0,1.0,0.0,,0.0,L,0.0,L,,
6692,13,1,1317658632,М/Ж резба,Преход 304L резба М/Ж 1“x1/2“,,4.0,0.0,4.0,0.0,,0.0,L,4.37,L,,
6692,14,1,1317658632,М/Ж резба,Преход 304L резба М/Ж 3/4“x1/2“,,2.0,0.0,2.0,0.0,,0.0,L,1.0,L,,
6692,15,1,1317658632,1.1.1. Части (Електролизьор),Уплътнение (S.G.M. PTFE) 393x325x5мм,,370.0,0.0,370.0,0.0,,0.0,L,15.0,$,,
6692,16,1,1317658632,Тапи на резба,Тапа 304L резба 1 1/2“,,3.0,0.0,3.0,0.0,,0.0,L,5.71,L,,
6692,17,1,1317658632,Тройници на резба,Тройник 304L резба вътрешна 1 1/2“,,6.0,0.0,6.0,0.0,,0.0,L,1.0,L,,
6692,18,1,1317658632,Тройници на резба,Тройник 304L резба вътрешна 1 1/4“,,6.0,0.0,6.0,0.0,,0.0,L,1.0,L,,
6692,19,1,1317658632,Тройници на резба,Тройник 304L резба вътрешна 1“,,20.0,0.0,20.0,0.0,,0.0,L,1.0,L,,
6692,20,1,1317658632,1.1.2. Крепежи (Електролизьор),Гайка шест. 8.8 M56x4,,40.0,0.0,40.0,0.0,,0.0,L,16.62,M,,
6692,21,1,1317658632,Тройници на резба,Тройник 316L резба вътрешна 1/2“,,37.0,0.0,37.0,0.0,,0.0,L,2.32637,M,,
6692,22,1,1317658632,Тройници на резба,Тройник 316L резба вътрешна 1/4“,,18.0,0.0,18.0,0.0,,0.0,L,0.0,L,,
6692,23,1,1317658632,Тройници на резба,Тройник 304L резба вътрешна 3/4“,,6.0,0.0,6.0,0.0,,0.0,L,0.51129,M,,
6692,24,1,1317658632,Тапи на резба,Тапа 316L резба 1/4“,,5.0,0.0,5.0,0.0,,0.0,L,0.0,L,,
6692,25,1,1317658632,Тапи на резба,Тапа 316L резба 1 1/4“,,2.0,0.0,2.0,0.0,,0.0,L,0.0,L,,
6692,26,1,1317658632,Тапи на резба,Тапа 316L резба 2“,,2.0,0.0,2.0,0.0,,0.0,L,0.0,L,,
6692,27,1,1317658632,2.2. Фитинги за заваряване,Холендър 316L заварка PTFE 1“,,2.0,0.0,2.0,0.0,,0.0,L,17.98,M,,
6692,28,1,1317658632,1.1.1. Части (Електролизьор),Гумен лист EPDM 6/1200мм,,6.0,0.0,6.0,0.0,,0.0,L,108.0,L,,
6692,29,1,1317658632,Холендри на резба,Холендър 316L резба М/Ж 150LBS 1 1/2“,,1.0,0.0,1.0,0.0,,0.0,L,0.0,L,,
6692,30,1,1317658632,Холендри на резба,Холендър 316L резба М/Ж 150LBS 2“,,2.0,0.0,2.0,0.0,,0.0,L,0.0,L,,
6692,31,1,1317658632,1.1.1. Части (Електролизьор),Мембрани (Composite Membrane) 1х1м,,502.0,0.0,502.0,0.0,,0.0,L,132.42,$,,
6694,0,1,1317658632,Холендри на резба,Холендър 316L резба вътрешна PTFE 150LBS 1/2“,,2.0,0.0,2.0,0.0,,0.0,L,14.85,L,,
6694,1,1,1317658632,Кабели - Захранващи,Кабел захранващ (Angled cabel socket),,4.0,0.0,4.0,0.0,,0.0,L,13.7,M,,
6694,2,1,1317658632,Холендри на резба,Холендър 316L резба вътрешна PTFE 150LBS 1“,,4.0,0.0,4.0,0.0,,0.0,L,23.06,L,,
6694,3,1,1317658632,1.1.1. Части (Електролизьор),"Перфорирана ламарина 316L LB 1000x2000x0,5мм",,282.0,0.0,282.0,0.0,,0.0,L,60.122591,M,,
6694,4,1,1317658632,Холендри на резба,Холендър 316L резба вътрешна PTFE 150LBS 1 1/2“,,1.0,0.0,1.0,0.0,,0.0,L,0.0,L,,
6694,5,1,1317658632,Холендри на резба,Холендър 316L резба вътрешна PTFE 150LBS 2“,,1.0,0.0,1.0,0.0,,0.0,L,0.0,L,,
6694,6,1,1317658632,1.1.1. Части (Електролизьор),Плетена мрежа  INOX AISI 316L H 1000мм,,283.0,0.0,283.0,0.0,,0.0,L,10.997848,M,,
6694,7,1,1317658632,2.5.4. Вентили,Вентил предпазен 1216 НРЖ PN40 2“x2“,,2.0,0.0,2.0,0.0,,0.0,L,954.0,L,,
6694,8,1,1317658632,Сензори,Дебитомер (Electromagnetic flowmeter) DN50,,2.0,0.0,2.0,0.0,,0.0,L,790.02,M,,
6694,9,1,1317658632,1.1.2. Крепежи (Електролизьор),Тръба ПП студена вода ф63/PN20,,0.0,0.0,0.0,0.0,,0.0,L,10.54,M,,
6694,10,1,1317658632,1.1.2. Крепежи (Електролизьор),Тръба ПП топла вода ф63/PN20,,0.0,0.0,0.0,0.0,,0.0,L,12.38,M,,
6694,11,1,1317658632,1.1.2. Крепежи (Електролизьор),Ринг гайка DIN582 C15 vZn M24,,4.0,0.0,4.0,0.0,,0.0,L,3.885804,M,,
6694,12,1,1317658632,1.1.1. Части (Електролизьор),Тефлонов лист 1200х1200х1мм,,30.0,0.0,30.0,0.0,,0.0,L,108.383254,M,,
6694,13,1,1317658632,Газ анализ - Арматури,2 micron element kit for 2F series - филтър,,31.0,0.0,31.0,0.0,,0.0,L,8.7,M,,
6694,14,1,1317658632,Газ анализ - Арматури,3 Way Ball valve - трипътник,,6.0,0.0,6.0,0.0,,0.0,L,154.61,M,,
6694,15,1,1317658632,Газ анализ - Фитинги,316 SS Ferrule set - комплект ферули,,0.0,0.0,0.0,0.0,,0.0,L,3.49,M,,
6694,16,1,1317658632,Газ анализ - Фитинги,BULKHEAD UNION 6MM SWA - удължен фитинг,,23.0,0.0,23.0,0.0,,0.0,L,30.57,M,,
6694,17,1,1317658632,Газ анализ - Крепежи,"Bolted Plastic Clamp Support Kit, 6 mm - скоба",,71.0,0.0,71.0,0.0,,0.0,L,7.43,M,,
6694,18,1,1317658632,Газ анализ - Крепежи,Cable gland 1/2` NPT PG 13.5 with OR modular,,10.0,0.0,10.0,0.0,,0.0,L,8.74,M,,
6694,19,1,1317658632,Газ анализ - Крепежи,Cable gland 3/4` NPT PG 16 with OR modular,,5.0,0.0,5.0,0.0,,0.0,L,8.74,M,,
6694,20,1,1317658632,Газ анализ - Сензори,"DP324B-P Dew point analyser, LCD display",,1.0,0.0,1.0,0.0,,0.0,L,1270.6,M,,
6694,21,1,1317658632,Газ анализ - Сензори,Electronic assembly for OxyTrend - рез. платка,,1.0,0.0,1.0,0.0,,0.0,L,692.3,M,,
6694,22,1,1317658632,Газ анализ - Сензори,Electrochemical sensor,,2.0,0.0,2.0,0.0,,0.0,L,269.5,M,,
6694,23,1,1317658632,Сензори,Дебитомер (Magnetic Contact),,2.0,0.0,2.0,0.0,,0.0,L,78.67,M,,
6694,24,1,1317658632,Газ анализ - Крепежи,Fixing bracket for DP324,,1.0,0.0,1.0,0.0,,0.0,L,24.16,M,,
6694,25,1,1317658632,Газ анализ - Сензори,"Дебитомер Н2 Plexiglass, 0,02-0,5",,6.0,0.0,6.0,0.0,,0.0,L,195.3,M,,
6694,26,1,1317658632,Газ анализ - Сензори,"Дебитомер О2 Plexiglass, Scale 0,2-3",,5.0,0.0,5.0,0.0,,0.0,L,211.3,M,,
6694,27,1,1317658632,Газ анализ - Арматури,Flowmeter and needle valve bracket - крепеж,,18.0,0.0,18.0,0.0,,0.0,L,25.765,M,,
6694,28,1,1317658632,Газ анализ - Фитинги,MALE CONNECTOR 6MM SWA - 1/4`` NPT,,0.0,0.0,0.0,0.0,,0.0,L,11.95,M,,
6695,0,1,1317658632,Газ анализ - Фитинги,MALE CONNECTOR 6MM SWA - 1/8`` NPT,,18.0,0.0,18.0,0.0,,0.0,L,11.45,M,,
6695,1,1,1317658632,Сензори,Нивомер (Magnetic level indicator),,2.0,0.0,2.0,0.0,,0.0,L,304.26,M,,
6695,2,1,1317658632,Газ анализ - Фитинги,MALE CONNECTOR 6MM SWA – R 1/8`` - мъжка връзка,,0.0,0.0,0.0,0.0,,0.0,L,11.45,M,,
6695,3,1,1317658632,Газ анализ - Фитинги,MALE Elbow  6MM SWA – R 1/8``,,1.0,0.0,1.0,0.0,,0.0,L,23.1,M,,
6695,4,1,1317658632,Газ анализ - Фитинги,Male connector 6MM SWA-1/4`` GAS-CONICO,,0.0,0.0,0.0,0.0,,0.0,L,12.98,M,,
6695,5,1,1317658632,Газ анализ - Арматури,Needle valve - иглен клапан,,6.0,0.0,6.0,0.0,,0.0,L,118.08,M,,
6695,6,1,1317658632,Газ анализ - Сензори,Мeasuring chamber for DPA- измервателна камера,,1.0,0.0,1.0,0.0,,0.0,L,316.56,M,,
6695,7,1,1317658632,Газ анализ - Фитинги,"Instr., low profile sleeve -",,31.0,0.0,31.0,0.0,,0.0,L,71.269738,M,,
6695,8,1,1317658632,Газ анализ - Фитинги,Instrumentation quick connect - бърза връзка,,1.0,0.0,1.0,0.0,,0.0,L,382.29,M,,
6695,9,1,1317658632,Газ анализ - Фитинги,"Stainless steel tube fitting, union 6mm",,10.0,0.0,10.0,0.0,,0.0,L,20.21,M,,
6695,10,1,1317658632,Газ анализ - Крепежи,"Twin Bolted Plastic Clamp Tube Support Kit, 6 mm",,10.0,0.0,10.0,0.0,,0.0,L,9.85,M,,
6695,11,1,1317658632,Газ анализ - Фитинги,"Тройник, union tee 6mm SWA",,10.0,0.0,10.0,0.0,,0.0,L,36.516332,M,,
6695,12,1,1317658632,Газ анализ - Сензори,Universal control unit,,2.0,0.0,2.0,0.0,,0.0,L,1527.68,M,,
6695,13,1,1317658632,2.5.5. Клапани,Иглен клапан (Slid. Gate Mot. Valve 8038 O2) 1“,,0.0,0.0,0.0,0.0,,0.0,L,3333.77,M,,
6695,14,1,1317658632,Газ анализ - Сензори,Анализатор на общозапалими вещества Sirius 8866,,2.0,0.0,2.0,0.0,,0.0,L,3033.6,M,,
6695,15,1,1317658632,Газ анализ - Сензори,Електрохимичен кислороден анализатор OxyTrend E2,,2.0,0.0,2.0,0.0,,0.0,L,1643.500802,M,,
6695,16,1,1317658632,Сензори,Нивомер (Magnetic level transmiter LCD),,2.0,0.0,2.0,0.0,,0.0,L,415.8,M,,
6695,17,1,1317658632,Сензори,Нивомер (RFLS-35Xi high frequency level sensor),,4.0,0.0,4.0,0.0,,0.0,L,186.8,M,,
6695,18,1,1317658632,2.5.4. Вентили,Магнетвентил 1/4“,,0.0,0.0,0.0,0.0,,0.0,L,67.14515899999999,M,,
6695,19,1,1317658632,Сензори,Дебитомер Н2,,1.0,0.0,1.0,0.0,,0.0,L,1735.0,M,,
6695,20,1,1317658632,Сензори,Дебитомер О2,,1.0,0.0,1.0,0.0,,0.0,L,2506.0,M,,
6695,21,1,1317658632,2.5.4. Вентили,Магнетвентил 1“,,0.0,0.0,0.0,0.0,,0.0,L,191.66,M,,
6695,22,1,1317658632,5. Устройства,Чилър EAS.HK 161 V1.MBP.SHR,,0.0,0.0,0.0,0.0,,0.0,L,5399.59,M,,
6695,23,1,1317658632,Кабели - Захранващи,Кабел захранващ 3м,,3.0,0.0,3.0,0.0,,0.0,L,180.91,M,,
6695,24,1,1317658632,Други (Електроника),Управление за дебитомери,,1.0,0.0,1.0,0.0,,0.0,L,2254.0,M,,
6695,25,1,1317658632,Кабелни Канали,Болт с гладка глава в комплект с широкопола гайк,,0.0,0.0,0.0,0.0,,0.0,L,0.08180599999999999,M,,
6695,26,1,1317658632,Кабелни Канали,Вертикален ъгъл понижаващ 60х102мм. с борд,,0.0,0.0,0.0,0.0,,0.0,L,15.67,M,,
6695,27,1,1317658632,Кабелни Канали,Вертканел ъгъл понижаващ 60х152mm с неперфориран,,0.0,0.0,0.0,0.0,,0.0,L,16.074958,M,,
6695,28,1,1317658632,Кабелни Канали,Кабелна скара 60х150х3000мм.,,3.0,0.0,3.0,0.0,,0.0,L,4.985078,M,,
6695,29,1,1317658632,Кабелни Канали,Кабелна стълба на 100мм с капак,,0.0,0.0,0.0,0.0,,0.0,L,7.66935,M,,
6698,0,1,1317658632,Кабелни Канали,Капак за T-образно разклонение за кабелна скара,,1.0,0.0,1.0,0.0,,0.0,L,8.206204999999999,M,,
6698,1,1,1317658632,Кабелни Канали,Капак за кабелна скара/стълба с лайстна 102х3000,,0.0,0.0,0.0,0.0,,0.0,L,2.955256,M,,
6698,2,1,1317658632,Кабелни Канали,Капак за кабелна скара/стълба с лайстна 202х3000,,0.0,0.0,0.0,0.0,,0.0,L,4.3766419999999995,M,,
6698,3,1,1317658632,Кабелни Канали,"Капак за пон. и пок. ъгъл, височина 60мм,В=106мм",,0.0,0.0,0.0,0.0,,0.0,L,6.99,M,,
6698,4,1,1317658632,Кабелни Канали,Капак за ъгъл 90° за кабелна скара,,2.0,0.0,2.0,0.0,,0.0,L,11.550041,M,,
6698,5,1,1317658632,Кабелни Канали,"Капак за ъгъл 90° за кабелна скара широчина 105,",,1.0,0.0,1.0,0.0,,0.0,L,4.985078,M,,
6698,6,1,1317658632,Кабелни Канали,"Окачвач, широчина 100mm 0,2kN",,0.0,0.0,0.0,0.0,,0.0,L,1.523644,M,,
6698,7,1,1317658632,Кабелни Канали,"Окачвач, широчина 200mm",,0.0,0.0,0.0,0.0,,0.0,L,1.937789,M,,
6698,8,1,1317658632,Кабелни Канали,Покачващ ъгъл за каб.скара 60х102мм. с борд,,0.0,0.0,0.0,0.0,,0.0,L,18.3,M,,
6698,9,1,1317658632,Кабелни Канали,Капак за ъгъл 90° за кабелна скара 100,,6.0,0.0,6.0,0.0,,0.0,L,2.183208,M,,
6698,10,1,1317658632,Клеми,Крайна секция за IK690001,,8.0,0.0,8.0,0.0,,0.0,L,0.62,L,,
6698,11,1,1317658632,Клеми,"Клемни марк.верт.DY10/6,5 ненадписани (30х)",,4.0,0.0,4.0,0.0,,0.0,L,1.45,L,,
6698,12,1,1317658632,Клеми,Клема винтова заземителна 6-10mm AVK6/20Т,,9.0,0.0,9.0,0.0,,0.0,L,1.39,M,,
6698,13,1,1317658632,Клеми,Клема винтова 6mm AVK6 синя,,10.0,0.0,10.0,0.0,,0.0,L,0.44,M,,
6698,14,1,1317658632,Клеми,Клема винтова 6mm AVK6 сива,,20.0,0.0,20.0,0.0,,0.0,L,0.39,M,,
6698,15,1,1317658632,Кабели - Мрежови,"Кабел F/UTP cat.5e, 4x2xAWG24/1, PVC",,305.0,0.0,305.0,0.0,,0.0,L,0.39,M,,
6698,16,1,1317658632,"Прекъсвачи, Предпазители",Прекъсвач мин.авт. AMPARO 10kA D 25A 3P,,0.0,0.0,0.0,0.0,,0.0,L,10.67,M,,
6698,17,1,1317658632,Платки - Green Innovation,Визуализация 3 реда,,0.0,0.0,0.0,0.0,,0.0,L,0.0,L,,
6698,18,1,1317658632,2. Консумативи,Джоб за докумнти,,0.0,0.0,0.0,0.0,,0.0,L,2.63,M,,
6698,19,1,1317658632,Други (Електроника),Контакт доп. NC заден м-ж (ав. стоп),,3.0,0.0,3.0,0.0,,0.0,L,3.77,L,,
6698,20,1,1317658632,0. Разни,Захранване 24V,,0.0,0.0,0.0,0.0,,0.0,L,62.88867,M,,
6698,21,1,1317658632,Шини (Електроника),"Носач изолационен за 2 шини 10, 16mm",,0.0,0.0,0.0,0.0,,0.0,L,0.36,M,,
6698,22,1,1317658632,Шрак техник ЕООД,Кабелен канал  40x40mm,,10.0,0.0,10.0,0.0,,0.0,L,10.87,L,,
6698,23,1,1317658632,Кабелни Канали,Кабелен канал 60х25mm,,12.0,0.0,12.0,0.0,,0.0,L,9.55,L,,
6698,24,1,1317658632,Кабелни Канали,Кабелен канал 60х40mm,,22.0,0.0,22.0,0.0,,0.0,L,5.75,M,,
6698,25,1,1317658632,Кабелни Канали,Кабелен канал 60х60mm,,22.0,0.0,22.0,0.0,,0.0,L,8.1,M,,
6698,26,1,1317658632,Кабелни Канали,"Кабелна обувка М12, 70мм",,0.0,0.0,0.0,0.0,,0.0,L,2.69,M,,
6698,27,1,1317658632,Клеми,Клемни марк.хор. DY5 1-50 (50 символа),,4.0,0.0,4.0,0.0,,0.0,L,2.14,L,,
6698,28,1,1317658632,Клеми,Клемни марк.хор. DY5 101-150 (50 символа),,4.0,0.0,4.0,0.0,,0.0,L,2.14,L,,
6698,29,1,1317658632,Клеми,Клемни марк.хор. DY5 151-200 (50 символа),,4.0,0.0,4.0,0.0,,0.0,L,2.14,L,,
6698,30,1,1317658632,Клеми,Клемни марк.хор. DY5 51-100 (50 символа),,4.0,0.0,4.0,0.0,,0.0,L,2.14,L,,
6698,31,1,1317658632,3. Инструменти,"Клещи за каб. обувки, 0.5-6мм",,1.0,0.0,1.0,0.0,,0.0,L,47.67,M,,
6699,0,1,1317658632,0. Разни,Компютър,,0.0,0.0,0.0,0.0,,0.0,L,102.258,M,,
6699,1,1,1317658632,"Кабелни накрайници, обувки","Конектор RJ45, cat.5, MP0011",,100.0,0.0,100.0,0.0,,0.0,L,0.24,M,,
6699,2,1,1317658632,Други (Електроника),"Контакт за DIN релса, 16А",,1.0,0.0,1.0,0.0,,0.0,L,3.46,M,,
6699,3,1,1317658632,Контактори,"Контактор 15kW/32A, 1NO, 230V AC размер 1",,0.0,0.0,0.0,0.0,,0.0,L,36.86,M,,
6699,4,1,1317658632,Контактори,"Контактор 30kW/65A, AC-3, 230V AC размер 2",,3.0,0.0,3.0,0.0,,0.0,L,142.868,L,,
6699,5,1,1317658632,Клеми,"Крайна секция за клеми 2,5-10мм сива",,24.0,0.0,24.0,0.0,,0.0,L,0.21,M,,
6699,6,1,1317658632,Клеми,Кр. скоба за DIN релса,,79.0,0.0,79.0,0.0,,0.0,L,0.28,M,,
6699,7,1,1317658632,Клеми,Крайна секция YBK 2F,,40.0,0.0,40.0,0.0,,0.0,L,0.64,L,,
6699,8,1,1317658632,Клеми,Крайна секция за YBK 6mm.,,20.0,0.0,20.0,0.0,,0.0,L,0.35,L,,
6699,9,1,1317658632,Други (Електроника),Кутия за бутони с 1 отв. (ав. стоп),,3.0,0.0,3.0,0.0,,0.0,L,13.78,L,,
6699,10,1,1317658632,"Прекъсвачи, Предпазители",Прекъсвач мин. AMPARO 6kA C 25А 3P,,6.0,0.0,6.0,0.0,,0.0,L,7.490398,M,,
6699,11,1,1317658632,"Прекъсвачи, Предпазители",Прекъсвач мин. AMPARO 6kA C 32А 3P,,1.0,0.0,1.0,0.0,,0.0,L,6.37,M,,
6699,12,1,1317658632,"Прекъсвачи, Предпазители",Прекъсвач мин. AMPARO 6kA C 6A 1P,,0.0,0.0,0.0,0.0,,0.0,L,2.06,M,,
6699,13,1,1317658632,"Прекъсвачи, Предпазители",Прекъсвач мин. AMPARO 6kA C 63А 3P,,0.0,0.0,0.0,0.0,,0.0,L,11.205943,M,,
6699,14,1,1317658632,"Прекъсвачи, Предпазители",Прекъсвач мин. AMPARO 6kA C 10A 1P,,0.0,0.0,0.0,0.0,,0.0,L,1.77663,M,,
6699,15,1,1317658632,3. Инструменти,Отвертка права 2.4х75,,2.0,0.0,2.0,0.0,,0.0,L,6.29,L,,
6699,16,1,1317658632,Кабели - Мрежови,"Кабел пач RJ45 екр. Cat.6 сив 0,5м",,0.0,0.0,0.0,0.0,,0.0,L,1.76,L,,
6699,17,1,1317658632,Кабели - Мрежови,"Кабел пач RJ45 екр. Cat.6 сив 1,0м",,0.0,0.0,0.0,0.0,,0.0,L,2.12,L,,
6699,18,1,1317658632,Платки - Green Innovation,Платка - PLC,,0.0,0.0,0.0,0.0,,0.0,L,0.0,L,,
6699,19,1,1317658632,Платки - Green Innovation,Платка - аналогови входове 4-20mA,,0.0,0.0,0.0,0.0,,0.0,L,0.0,L,,
6699,20,1,1317658632,Платки - Green Innovation,Платка - галванично разделени цифрови входове,,0.0,0.0,0.0,0.0,,0.0,L,0.0,L,,
6699,21,1,1317658632,Скоби,Скоба укрепваща с уплътнение 2“,,4.0,0.0,4.0,0.0,,0.0,L,1.61,L,,
6699,22,1,1317658632,Платки - Green Innovation,Платка - задвижки,,0.0,0.0,0.0,0.0,,0.0,L,0.0,L,,
6699,23,1,1317658632,Платки - Green Innovation,Платка - изходи 4-20mA,,0.0,0.0,0.0,0.0,,0.0,L,0.0,L,,
6699,24,1,1317658632,2. Консумативи,Свредло цилидрично ф8,,1.0,0.0,1.0,0.0,,0.0,L,5.35,M,,
6699,25,1,1317658632,Платки - Green Innovation,Платка - индикатор ресет,,0.0,0.0,0.0,0.0,,0.0,L,0.0,L,,
6699,26,1,1317658632,Платки - Green Innovation,Платка - силова 2,,0.0,0.0,0.0,0.0,,0.0,L,0.0,L,,
6699,27,1,1317658632,Платки - Green Innovation,Потенциометър,,0.0,0.0,0.0,0.0,,0.0,L,0.0,M,,
6699,28,1,1317658632,Клеми,"Пр. клема 2,5мм, сива, двуредна, YBK 2,5-2F",,154.0,0.0,154.0,0.0,,0.0,L,2.22,L,,
6699,29,1,1317658632,Клеми,"Пр. клема триредна, 2,5мм, YBK 2,5-3F",,44.0,0.0,44.0,0.0,,0.0,L,3.09,L,,
6699,30,1,1317658632,Клеми,"Пружинна клема, YBK 6mm",,30.0,0.0,30.0,0.0,,0.0,L,1.05,L,,
6699,31,1,1317658632,Клеми,"Разделител, тип DP-PTRV 4",,0.0,0.0,0.0,0.0,,0.0,L,0.0,L,,
6699,32,1,1317658632,Релета,Реле мини тип PT 14 пина 4CO 230AC 6A,,11.0,0.0,11.0,0.0,,0.0,L,9.29,L,,
6699,33,1,1317658632,Клеми,Свързваща клема 2х0.2-4мм,,100.0,0.0,100.0,0.0,,0.0,L,0.49,L,,
6700,0,1,1317658632,Клеми,Свързваща клема 3х0.2-4мм,,50.0,0.0,50.0,0.0,,0.0,L,0.6,L,,
6700,1,1,1317658632,Клеми,Свързваща клема 5х0.2-4мм,,25.0,0.0,25.0,0.0,,0.0,L,0.97,L,,
6700,2,1,1317658632,2. Корпуси,Табло с 2 врати 1000х1000х300,,0.0,0.0,0.0,0.0,,0.0,L,534.888,L,,
6700,3,1,1317658632,2. Корпуси,"Табло с 2 врати, 1200х1200х300",,1.0,0.0,1.0,0.0,,0.0,L,369.63,M,,
6700,4,1,1317658632,"2.7. PP, Месинг, Хром връзки",Преход PP тръба - резба 1“,,0.0,0.0,0.0,0.0,,0.0,L,2.55645,M,,
6700,5,1,1317658632,2. Корпуси,Табло с монт. пл. 1200х800х300,,1.0,0.0,1.0,0.0,,0.0,L,242.06,M,,
6700,6,1,1317658632,Релета,Реле термично за контактор 12 - 16А размер 0,,2.0,0.0,2.0,0.0,,0.0,L,20.65,M,,
6700,7,1,1317658632,Релета,Реле термично за контактор 24 - 32А размер 1,,0.0,0.0,0.0,0.0,,0.0,L,35.2,M,,
6700,8,1,1317658632,Релета,Реле термично 4 - 6А размер 0,,0.0,0.0,0.0,0.0,,0.0,L,17.76,M,,
6700,9,1,1317658632,2. Консумативи,"Термосв. шл, 25.4/12.7мм, 1м",,0.0,0.0,0.0,0.0,,0.0,L,2.47,M,,
6700,10,1,1317658632,Релета,"Цокъл за реле RS/PT5 4CO, винт.кл. 10А",,10.0,0.0,10.0,0.0,,0.0,L,1.86,M,,
6700,11,1,1317658632,Шини (Електроника),Шина 0,,0.0,0.0,0.0,0.0,,0.0,L,6.135479999999999,M,,
6700,12,1,1317658632,Шини (Електроника),"Шина нулева/земя месинг. 166 изх., 1m, 10mm, 40А",,0.0,0.0,0.0,0.0,,0.0,L,6.135479999999999,M,,
6700,13,1,1317658632,Други (Електроника),Диференциалнотокова защита XKR6 40А,,1.0,0.0,1.0,0.0,,0.0,L,0.0,L,,
6700,14,1,1317658632,Захранвания,Захранване за DIN шина MDR-100-24 24V/4A,,2.0,0.0,2.0,0.0,,0.0,L,0.0,L,,
6700,15,1,1317658632,"Прекъсвачи, Предпазители",Прекъсвач мин.авт. AMPARO 10kA D 16A 3P,,1.0,0.0,1.0,0.0,,0.0,L,10.49,M,,
6700,16,1,1317658632,"Прекъсвачи, Предпазители",Прекъсвач мин.авт. AMPARO 10kA D 20A 3P,,2.0,0.0,2.0,0.0,,0.0,L,10.67,M,,
6700,17,1,1317658632,2.6. Арматури,Филтър на фл. 316 INOX PN16 DN50,,6.0,0.0,6.0,0.0,,0.0,L,354.216599,M,,
6700,18,1,42796368,3. Консумативи,Калиева основа,,200.0,0.0,650.0,0.0,Y,2.8,M,2.8,M,в 15:25 през “Складове и Стоки”,
6700,19,1,49018270,М6,Болт с шест.гл. 8.8 vZn М6х35,,410.0,0.0,410.0,0.0,Y,0.0245,M,0.0245,M,в 15:15 през “Складове и Стоки”,
6700,20,1,1317658632,Релета,Времереле 24-240V AC/DC 1CO 8А/250V,,1.0,0.0,1.0,0.0,,0.0,L,52.84,L,,
6700,21,1,1317658632,"2.7. PP, Месинг, Хром връзки",Кран сфер. PP ф20,,0.0,0.0,0.0,0.0,,0.0,L,5.215158,M,,
6700,22,1,1317658632,Други (Електроника),Трансформатор токов CT50/5A,,2.0,0.0,2.0,0.0,,0.0,L,0.0,L,,
6700,23,1,1317658632,"2.7. PP, Месинг, Хром връзки",Муфа PP 1“,,0.0,0.0,0.0,0.0,,0.0,L,1.02258,M,,
6700,24,1,1317658632,Релета,Цокъл за реле PT 14 пина с лог.подр. 6A,,0.0,0.0,0.0,0.0,,0.0,L,0.0,L,,
6700,25,1,1317658632,"2.7. PP, Месинг, Хром връзки",Скоба PP ф20,,0.0,0.0,0.0,0.0,,0.0,L,0.117597,M,,
6700,26,1,1317658632,2.5.4. Вентили,"Вентил предпазен 1216 НРЖ, PN40  1“х1“",,2.0,0.0,2.0,0.0,,0.0,L,475.14,L,,
6700,27,1,1317658632,"2.7. PP, Месинг, Хром връзки",Тройник PP ф20,,0.0,0.0,0.0,0.0,,0.0,L,0.306774,M,,
6700,28,1,1317658632,2.5.4. Вентили,"Пружина TOSACA 2,1-4,0 bar M2170",,2.0,0.0,2.0,0.0,,0.0,L,81.52,L,,
6700,29,1,1317658632,"2.7. PP, Месинг, Хром връзки",Тръба PP за топла вода PN20 ф20,,0.0,0.0,0.0,0.0,,0.0,L,1.1350639999999999,M,,
6700,30,1,1317658632,"2.7. PP, Месинг, Хром връзки",Разглобяема свръзка месинг ф20,,0.0,0.0,0.0,0.0,,0.0,L,2.55645,M,,
6700,31,1,1317658632,1.2.1. Части (Очиска),Демистър 4“ - Кръст,,24.0,0.0,24.0,0.0,,0.0,L,2.351934,M,,
6700,32,1,1317658632,1.2.1. Части (Очиска),Демистър 4“ - Ос,,3.56,0.0,3.56,0.0,,0.0,L,0.51129,M,,
6700,33,1,1317658632,Платки - Green Innovation, IRM-03-12 захранващо устройство,,10.0,0.0,10.0,0.0,,0.0,L,8.75,L,,
6703,0,1,1317658632,М5,Болт М5х12,,36.0,0.0,36.0,0.0,,0.0,L,0.18,L,,
6703,1,1,1317658632,"Схеми, софтуери",Интегрални схеми,,60.0,0.0,60.0,0.0,,0.0,L,2.71,L,,
6703,2,1,1317658632,"Схеми, софтуери",Интегрални схеми 1,,50.0,0.0,50.0,0.0,,0.0,L,0.26,L,,
6703,3,1,1317658632,2.5.4. Вентили,"Пружина TOSACA 4,1-8,0 bar M2215",,2.0,0.0,2.0,0.0,,0.0,L,43.3,M,,
6703,4,1,1317658632,"Схеми, софтуери",Интегрални схеми 2,,60.0,0.0,60.0,0.0,,0.0,L,2.46,L,,
6703,5,1,1317658632,"Схеми, софтуери",Интегрални схеми 3,,20.0,0.0,20.0,0.0,,0.0,L,3.44,L,,
6703,6,1,1317658632,Кабелни Канали,Кабелна обувка без изолация,,30.0,0.0,30.0,0.0,,0.0,L,2.15,L,,
6703,7,1,1317658632,Платки - Green Innovation,Кв. резонатор,,100.0,0.0,100.0,0.0,,0.0,L,0.29,L,,
6703,8,1,1317658632,Комет електроникс,Клеми,,5.0,0.0,5.0,0.0,,0.0,L,1.48,L,,
6703,9,1,1317658632,Комет електроникс,Клеми 1,,2.0,0.0,2.0,0.0,,0.0,L,7.91,L,,
6703,10,1,1317658632,Комет електроникс,Клеми 3,,5.0,0.0,5.0,0.0,,0.0,L,0.06,L,,
6703,11,1,1317658632,Комет електроникс,Клеми 4,,5.0,0.0,5.0,0.0,,0.0,L,2.09,L,,
6703,12,1,1317658632,Комет електроникс,Клеми 5,,2.0,0.0,2.0,0.0,,0.0,L,7.91,L,,
6703,13,1,1317658632,Комет електроникс,Клеми 6,,5.0,0.0,5.0,0.0,,0.0,L,0.06,L,,
6703,14,1,1317658632,Комет електроникс,Клеми HD,,50.0,0.0,50.0,0.0,,0.0,L,3.33,L,,
6703,15,1,1317658632,Платки - Green Innovation,Кондензатори,,600.0,0.0,600.0,0.0,,0.0,L,0.1,L,,
6703,16,1,1317658632,Платки - Green Innovation,Кондензатори 47uF 6.3V X5R Samsung,,300.0,0.0,300.0,0.0,,0.0,L,0.07,L,,
6703,17,1,1317658632,"Кабелни накрайници, обувки",Конектори cat.7a,,100.0,0.0,100.0,0.0,,0.0,L,0.76,L,,
6703,18,1,1317658632,2.5.4. Вентили,Магнетвентил 3/4“,,4.0,0.0,4.0,0.0,,0.0,L,0.0,L,,
6703,19,1,1317658632,2.5.4. Вентили,Магнетвентил 1/2“,,5.0,0.0,5.0,0.0,,0.0,L,208.25,L,,
6703,20,1,1317658632,Платки - Green Innovation,Модули,,10.0,0.0,10.0,0.0,,0.0,L,6.95,L,,
6703,21,1,1317658632,Платки - Green Innovation,Опртони,,200.0,0.0,200.0,0.0,,0.0,L,0.09,L,,
6703,22,1,1317658632,Платки - Green Innovation,Оптрони,,25.0,0.0,25.0,0.0,,0.0,L,0.44,L,,
6703,23,1,1317658632,Платки - Green Innovation,Платка GI1LZDV8,,4.0,0.0,4.0,0.0,,0.0,L,18.8,L,,
6703,24,1,1317658632,Платки - Green Innovation,Платка GI1PWR02,,4.0,0.0,4.0,0.0,,0.0,L,22.69,L,,
6703,25,1,1317658632,Платки - Green Innovation,Платка GI1RS485,,8.0,0.0,8.0,0.0,,0.0,L,13.09,L,,
6703,26,1,1317658632,Платки - Green Innovation,Платка GI1TZDV8,,18.0,0.0,18.0,0.0,,0.0,L,4.96,L,,
6703,27,1,1317658632,Платки - Green Innovation,Платка GI1UZDV8,,4.0,0.0,4.0,0.0,,0.0,L,18.54,L,,
6703,28,1,1317658632,Платки - Green Innovation,Платки 1,,8.0,0.0,8.0,0.0,,0.0,L,16.94,L,,
6703,29,1,1317658632,Платки - Green Innovation,Платки 2,,12.0,0.0,12.0,0.0,,0.0,L,10.67,L,,
6703,30,1,1317658632,Платки - Green Innovation,Платки 3,,10.0,0.0,10.0,0.0,,0.0,L,13.18,L,,
6703,31,1,1317658632,3. Инструменти,Преходник,,5.0,0.0,5.0,0.0,,0.0,L,4.16,L,,
6703,32,1,1317658632,Платки - Green Innovation,Резистори 4.7K 5%,,1000.0,0.0,1000.0,0.0,,0.0,L,0.01,L,,
6703,33,1,1317658632,"Кабелни накрайници, обувки",Съединители,,100.0,0.0,100.0,0.0,,0.0,L,0.23,L,,
6703,34,1,1317658632,"Кабелни накрайници, обувки",Съединители 1,,50.0,0.0,50.0,0.0,,0.0,L,0.38,L,,
6703,35,1,1317658632,"Кабелни накрайници, обувки",Съединители 2,,50.0,0.0,50.0,0.0,,0.0,L,0.3,L,,
6704,0,1,1317658632,"Кабелни накрайници, обувки",Съединители 3,,1000.0,0.0,1000.0,0.0,,0.0,L,0.03,L,,
6704,1,1,1317658632,"Кабелни накрайници, обувки",Съединители 4,,200.0,0.0,200.0,0.0,,0.0,L,0.06,L,,
6704,2,1,1317658632,Сензори,"Термодвойка тип К1300, 150мм.",,2.0,0.0,2.0,0.0,,0.0,L,32.615189,M,,
6704,3,1,1317658632,Други (Електроника),Торморегулатор REX C100 SSR,,2.0,0.0,2.0,0.0,,0.0,L,17.041296,M,,
6704,4,1,1317658632,Други (Електроника),Ф2.5 21L2K1T25 R42,,7.0,0.0,7.0,0.0,,0.0,L,0.0,L,,
6704,5,1,1317658632,Други (Електроника),Ф3.0 21L2K1T30 P08,,1.0,0.0,1.0,0.0,,0.0,L,0.0,L,,
6704,6,1,1317658632,Платки - Green Innovation,Цокли М8,,240.0,0.0,240.0,0.0,,0.0,L,0.38,L,,
6704,7,1,1317658632,Платки - Green Innovation,Цокъл  М16,,150.0,0.0,150.0,0.0,,0.0,L,0.63,L,,
6704,8,1,1317658632,Платки - Green Innovation,"Захранващо устройство, SDR-240-24",,1.0,0.0,1.0,0.0,,0.0,L,180.0,L,,
6704,9,1,1317658632,1.1.1. Части (Електролизьор),Ламарина кръг 1060мм 316L 3мм,,32.0,0.0,32.0,0.0,,0.0,L,1.0,M,,
6704,10,1,1317658632,1.1.1. Части (Електролизьор),Плочa PP 500x500x20мм,,8.0,0.0,8.0,0.0,,0.0,L,53.685449999999996,M,,
6704,11,1,1317658632,1.1.1. Части (Електролизьор),"Уплътнение от експандиран теф. ф397х325х0,5мм",,455.0,0.0,455.0,0.0,,0.0,L,9.561123,M,,
6704,12,1,1317658632,2.2. Фитинги за заваряване,"Капа 316L (219,1х2) 8“",,6.0,0.0,6.0,0.0,,0.0,L,26.44,M,,
6704,13,1,1317658632,Кабели - Сензори,Кабел PUR М12 конектор 2м,,48.0,0.0,48.0,0.0,,0.0,L,0.0,L,,
6704,14,1,1317658632,Кабели - Сензори,Кабел PUR М12 конектор 10м,,35.0,0.0,35.0,0.0,,0.0,L,0.0,L,,
6704,15,1,1317658632,Кабели - Сензори,Кабел PUR М12 конектор 15м,,67.0,0.0,67.0,0.0,,0.0,L,54.57,L,,
6704,16,1,1317658632,Кабели - Сензори,Кабел PUR М12 конектор 12м,,1.0,0.0,1.0,0.0,,0.0,L,0.0,L,,
6704,17,1,1317658632,Винтове,"Винт самопробивен с шайба 5,5х32",,100.0,0.0,100.0,0.0,,0.0,L,0.25,L,,
6704,18,1,1317658632,Гофри,Гофре армирано ф16 V филтър,,35.0,0.0,35.0,0.0,,0.0,L,1.17,L,,
6704,19,1,1317658632,Шрак техник ЕООД,Изолирбанд черен 19ммх25мм,,1.0,0.0,1.0,0.0,,0.0,L,1.14,M,,
6704,20,1,1317658632,Шрак техник ЕООД,Каб. превръзка черна 2.5х96,,200.0,0.0,200.0,0.0,,0.0,L,0.0062,M,,
6704,21,1,1317658632,7. Кабели,Кабел 4х0,,100.0,0.0,100.0,0.0,,0.0,L,0.36,L,,
6704,22,1,1317658632,7. Кабели,Кабел 6х1,,21.0,0.0,21.0,0.0,,0.0,L,0.48,L,,
6704,23,1,1317658632,7. Кабели,"Кабел ШВПЛ-Б 2х0,5, бял",,100.0,0.0,100.0,0.0,,0.0,L,0.27,M,,
6704,24,1,1317658632,7. Кабели,"Кабел ШВПС 2х0,75, бял",,200.0,0.0,200.0,0.0,,0.0,L,0.41,M,,
6704,25,1,1317658632,7. Кабели,"Кабел ШВПС 3х0,75, бял",,30.0,0.0,30.0,0.0,,0.0,L,0.49,M,,
6704,26,1,1317658632,7. Кабели,"Кабел ШВПС 3х1, бял",,100.0,0.0,100.0,0.0,,0.0,L,0.62,M,,
6704,27,1,1317658632,7. Кабели,"Кабел ШВПС 3х1,5, кв. бял",,100.0,0.0,100.0,0.0,,0.0,L,0.84,M,,
6704,28,1,1317658632,7. Кабели,"Кабел ШВПС 5х1,5 бял",,100.0,0.0,100.0,0.0,,0.0,L,1.38,M,,
6704,29,1,1317658632,7. Кабели,Кабел HO7V-K 25мм жълт/зелен,,10.0,0.0,10.0,0.0,,0.0,L,2.817208,M,,
6704,30,1,1317658632,Шрак техник ЕООД,"Кабелен накрайник 6мм 0,34мм",,1500.0,0.0,1500.0,0.0,,0.0,L,0.03,L,,
6704,31,1,1317658632,"Кабелни накрайници, обувки","Кабелен накрайник 8mm сив 2x0,75mm",,200.0,0.0,200.0,0.0,,0.0,L,0.0176,M,,
6705,0,1,1317658632,"Кабелни накрайници, обувки","Кабелен накрайник дв. 8mm 2x0,5mm",,300.0,0.0,300.0,0.0,,0.0,L,0.03,L,,
6705,1,1,1317658632,"Кабелни накрайници, обувки","Кабелен накрайник дв. 8мм, 2х1.5мм",,200.0,0.0,200.0,0.0,,0.0,L,0.02,M,,
6705,2,1,1317658632,"Кабелни накрайници, обувки","Кабелен накрайник дв., 10 mm, 2x2.5mm",,200.0,0.0,200.0,0.0,,0.0,L,0.01,M,,
6705,3,1,1317658632,"Кабелни накрайници, обувки","Кабелен накрайник дв., 12мм, 2х4мм",,200.0,0.0,200.0,0.0,,0.0,L,0.0517,M,,
6705,4,1,1317658632,"Кабелни накрайници, обувки","Кабелен накрайник дв., 8мм, 2х0.5мм",,200.0,0.0,200.0,0.0,,0.0,L,0.0172,M,,
6705,5,1,1317658632,"Кабелни накрайници, обувки","Кабелен накрайник дв.14мм, 2х6мм",,100.0,0.0,100.0,0.0,,0.0,L,0.07,M,,
6705,6,1,1317658632,"Кабелни накрайници, обувки","Кабелен накрайник дв.8 мм, 2х1мм",,200.0,0.0,200.0,0.0,,0.0,L,0.02,M,,
6705,7,1,1317658632,Шрак техник ЕООД,Кабелна превръзка бяла 2.5х96,,200.0,0.0,200.0,0.0,,0.0,L,0.01,M,,
6705,8,1,1317658632,"Кабелни накрайници, обувки","Обувка изол. М5, 1.5-2.5мм",,200.0,0.0,200.0,0.0,,0.0,L,0.06,M,,
6705,9,1,1317658632,"Кабелни накрайници, обувки","Обувка изол. М6, 0.25-1.5мм",,200.0,0.0,200.0,0.0,,0.0,L,0.06,M,,
6705,10,1,1317658632,"Кабелни накрайници, обувки",Съединител изол.0.25-1.5мм,,200.0,0.0,200.0,0.0,,0.0,L,0.05,M,,
6705,11,1,1317658632,Ивда Гео,"Шкурка CRD руло 5м./115, P120",,5.0,0.0,5.0,0.0,,0.0,L,1.24,L,,
6705,12,1,1317658632,2. Консумативи,20`` DV Контейнер,,1.0,0.0,1.0,0.0,,0.0,L,6700.0,L,,
6705,13,1,1317658632,2. Консумативи,Unior Електронен шублер 216829,,1.0,0.0,1.0,0.0,,0.0,L,0.0,L,,
6705,14,1,1317658632,2. Консумативи,Вентилатор за баня МТ100С,,2.0,0.0,2.0,0.0,,0.0,L,39.99,L,,
6705,15,1,1317658632,2. Консумативи,Градински маркуч 25 мм,,0.0,0.0,0.0,0.0,,0.0,L,2.62,M,,
6705,16,1,1317658632,2. Консумативи,"Диск рязане ф125х1, прав",,25.0,0.0,25.0,0.0,,0.0,L,2.16,L,,
6705,17,1,1317658632,2. Консумативи,Етилов алкохол 96%,,20.0,0.0,20.0,0.0,,0.0,L,18.96,L,,
6705,18,1,1317658632,2. Консумативи,Клапа ф100,,3.0,0.0,3.0,0.0,,0.0,L,9.99,L,,
6705,19,1,1317658632,2. Консумативи,Клапа ф120,,1.0,0.0,1.0,0.0,,0.0,L,10.99,L,,
6705,20,1,1317658632,2. Консумативи,"Нитрилни ръкавици, оранжеви, XL",,300.0,0.0,300.0,0.0,,0.0,L,0.15,L,,
6705,21,1,1317658632,2. Консумативи,"Нитрилни ръкавици, оранжеви, XXL",,300.0,0.0,300.0,0.0,,0.0,L,0.15,L,,
6705,22,1,1317658632,2. Консумативи,Свредло цилидрично ф10,,1.0,0.0,1.0,0.0,,0.0,L,8.03,M,,
6705,23,1,1317658632,2. Консумативи,Свредло цилидрично ф6,,1.0,0.0,1.0,0.0,,0.0,L,3.6,M,,
6705,24,1,1317658632,2. Консумативи,"Скоби  водни съединения, 1`",,1.0,0.0,1.0,0.0,,0.0,L,0.41,M,,
6705,25,1,1317658632,2. Консумативи,Смола за дейонизатор,,194.0,0.0,194.0,0.0,,0.0,L,15.952247999999999,M,,
6705,26,1,1317658632,2. Консумативи,"Тефлонова лента, 13м 3/4`",,35.0,0.0,35.0,0.0,,0.0,L,3.4,L,,
6705,27,1,1317658632,2. Консумативи,"Тефлонова лента, 7м. 1/2`",,25.0,0.0,25.0,0.0,,0.0,L,1.56,L,,
6705,28,1,1317658632,2.8. Маркучи,Шлаух полиамид бял 8/6,,100.0,0.0,100.0,0.0,,0.0,L,4.83,L,,
6705,29,1,1317658632,2.8. Маркучи,"Шлаух полиамид бял 15/12,5",,50.0,0.0,50.0,0.0,,0.0,L,5.3,L,,
6705,30,1,1317658632,2. Консумативи,филтри - S10SS 235551 1`,,20.0,0.0,20.0,0.0,,0.0,L,1361.26,L,,
6705,31,1,35663615,Сензори,Дебитомер DN25-R1-M-24V-PTFE,2260080,2.0,0.0,0.0,0.0,Y,1357.5,M,1357.5,M,в 13:02 през “Складове и Стоки”,
6707,0,1,1317658632,2.5.1. Кранове на фланци,Кран сфер. на фл. 2-части 316L PN40 1“,,9.0,0.0,9.0,0.0,,0.0,L,66.73,M,,
6707,1,1,1317658632,2.5.6. Актуатори,Актуатор (Electric act. GE-15 24/240V),,5.0,0.0,5.0,0.0,,0.0,L,309.93,M,,
6707,2,1,1317658632,2.5.2. Кранове на заварка,Кран сфер. на зав. 3-части 316L PN63 1“,,13.0,0.0,13.0,0.0,,0.0,L,15.783522,M,,
6707,3,1,1317658632,2. Консумативи,"О пръстен 47.22/3.53, EPDM 70",,20.0,0.0,20.0,0.0,,0.0,L,0.82,L,,
6707,4,1,1317658632,М16,Шайба пружинна vZn M16,,200.0,0.0,200.0,0.0,,0.0,L,0.67,L,,
6707,5,1,1317658632,3. Метални Елементи,Винкел ГВ 40/40/3,,12.0,0.0,12.0,0.0,,0.0,L,1.978692,M,,
6707,6,1,1317658632,3. Метални Елементи,"Профилна тръба 304 20х20х1,5",,12.0,0.0,12.0,0.0,,0.0,L,5.11,M,,
6707,7,1,1317658632,2.1. Тръби,"Тръба шевна 304L (48,3х3) 1 1/2“",,25.799999999999997,0.0,25.799999999999997,0.0,,0.0,L,16.141424999999998,M,,
6707,8,1,1317658632,Сензори,Трансмитер за налягане 0-3 bar,,2.0,0.0,2.0,0.0,,0.0,L,1.0,L,,
6707,9,1,1317658632,Сензори,Трансмитер за налягане 0-10 bar. G 1/2“,,13.0,0.0,13.0,0.0,,0.0,L,639.43,L,,
6707,10,1,1317658632,2.5.5. Клапани,Иглен клапан (0-6bar G 1/4“ EPDM),,3.0,0.0,3.0,0.0,,0.0,L,1253.25,L,,
6707,11,1,1317658632,2.5.5. Клапани,Иглен клапан (0-6bar G 1/4“ FKM),,1.0,0.0,1.0,0.0,,0.0,L,1253.25,L,,
6707,12,1,1317658632,"Кабелни накрайници, обувки","Куплунг M12, 8-пина, кабел 2m.",,4.0,0.0,4.0,0.0,,0.0,L,142.83,L,,
6707,13,1,1317658632,5. Устройства,Панел HMI 7`,,1.0,0.0,1.0,0.0,,0.0,L,295.2,M,,
6707,14,1,1317658632,Сензори,Дебитомер (flowmeter) малък,,2.0,0.0,2.0,0.0,,0.0,L,554.06,M,,
6707,15,1,1317658632,Сензори,Трансмитер за налягане 0-15 bar,,5.0,0.0,5.0,0.0,,0.0,L,0.0,L,,
6707,16,1,1317658632,Фитинги - Щуцер на резба,Гайки за щуцери 1/2“,,70.0,0.0,70.0,0.0,,0.0,L,1.84,L,,
6707,17,1,1317658632,Захранвания,Захранване за DIN шина SDR-120-24 24V/5A,661/181125/2,1.0,0.0,1.0,0.0,,0.0,L,44.87,M,,
6707,18,1,1317658632,3. Метални Елементи,"Профилна тръба Е3 25х25х1,5",134250/121125/2,18.0,0.0,18.0,0.0,,0.0,L,1.31,M,,
6707,19,1,1317658632,3. Метални Елементи,Профилна тръба ЕЗ 100х40х3,132017/28082025,3.4,0.0,3.4,0.0,,0.0,L,5.88,M,,
6707,20,1,1317658632,3. Метални Елементи,Профилна тръба ЕЗ 15х15х3,134250/121125/1,18.0,0.0,18.0,0.0,,0.0,L,1.24,M,,
6707,21,1,1317658632,3. Метални Елементи,"Профилна тръба ЕЗ 30х30х1,5",28082025/10,53.0,0.0,53.0,0.0,,0.0,L,1.16,M,,
6707,22,1,1317658632,3. Метални Елементи,Профилна тръба ЕЗ 40х20х2,28082025/11,5.93,0.0,5.93,0.0,,0.0,L,0.0,M,,
6707,23,1,1317658632,3. Метални Елементи,Профилна тръба ЕЗ 40х40х2,134250/121125/3,30.0,0.0,30.0,0.0,,0.0,L,2.13,M,,
6707,24,1,1317658632,3. Метални Елементи,Профилна тръба ЕЗ 50х50х2,28082025/13,90.0,0.0,90.0,0.0,,0.0,L,2.48,M,,
6707,25,1,1317658632,3. Метални Елементи,Профилна тръба ЕЗ 60х60х2,28082025/14,19.5,0.0,19.5,0.0,,0.0,L,2.67,M,,
6707,26,1,1317658632,1.1.1. Части (Електролизьор),Ламарина кръг 1060мм 316L 2мм,97611/130825,100.0,0.0,100.0,0.0,,0.0,L,450.38,L,,
6707,27,1,1317658632,1.1.1. Части (Електролизьор),Ламарина кръг 1060мм 316L 5мм,97611/130825/2,8.0,0.0,8.0,0.0,,0.0,L,1129.72,L,,
6707,28,1,1317658632,Шини (Електроника),DIN-релса за модулна апаратура перфорирана 2m,1459019554/071125/1,0.0,0.0,0.0,0.0,,0.0,L,6.36,L,,
6707,29,1,1317658632,Шини (Електроника),DIN-релса за модулна апаратура перфорирана 2m,1469000128/060126/5,3.0,0.0,3.0,0.0,,0.0,L,3.31,M,,
6708,0,1,1317658632,2.1. Тръби,"Тръба прецизна ф20х1,2",28082025,6.0,0.0,6.0,0.0,,0.0,L,2.56,M,,
6708,1,1,1317658632,2.1. Тръби,"Тръба шевна 304L (48,3х2) 1 1/2``",10143532/110925/48.3,150.0,0.0,150.0,0.0,,0.0,L,14.909215999999999,M,,
6708,2,1,1317658632,2.1. Тръби,"Тръба шевна 304L (323,9х3) 12``",10143532/110925/323.9,28.0,0.0,28.0,0.0,,0.0,L,147.655439,M,,
6708,3,1,1317658632,2.1. Тръби,"Тръба безшевна 316L 6x1,0",10143532/110925/6x1,36.0,0.0,36.0,0.0,,0.0,L,5.051545,M,,
6708,4,1,1317658632,2.1. Тръби,"Тръба безшевна 316L 6x1,0",28082025/1,0.0,0.0,0.0,0.0,,0.0,L,5.051545,M,,
6708,5,1,1317658632,2.1. Тръби,Тръба оребрена 25х2,28082025/8,156.0,0.0,156.0,0.0,,0.0,L,48.137952999999996,M,,
6708,6,1,1317658632,2.1. Тръби,"Тръба шевна 304L (114,3х2) 4``",10143532/110925/114.3,12.0,0.0,12.0,0.0,,0.0,L,31.239818999999997,M,,
6708,7,1,1317658632,2.1. Тръби,"Тръба шевна 304L (114,3х2) 4``",28082025/7,1.5,0.0,1.5,0.0,,0.0,L,31.239818999999997,M,,
6708,8,1,1317658632,2.1. Тръби,"Тръба шевна 304L (33,7x2.6) 1“",10143626/120925,0.89,0.0,0.89,0.0,,0.0,L,13.068572,M,,
6708,9,1,1317658632,2.1. Тръби,"Тръба шевна 304L (168,3х2) 6``",10143532/110925/168.3,9.0,0.0,9.0,0.0,,0.0,L,33.642882,M,,
6708,10,1,1317658632,2.1. Тръби,"Тръба шевна 304L (168,3х2) 6``",28082025/6,1.7,0.0,1.7,0.0,,0.0,L,33.642882,M,,
6708,11,1,1317658632,2.1. Тръби,"Тръба шевна 304L (21,3x2) 1/2``",28082025/2,1.5,0.0,1.5,0.0,,0.0,L,5.721335,M,,
6708,12,1,1317658632,2.1. Тръби,"Тръба шевна 304L (60,3х2) 2``","10143532/110925/60,3",9.0,0.0,9.0,0.0,,0.0,L,12.061331,M,,
6708,13,1,1317658632,2.2. Фитинги за заваряване,"Капа 316L (114,3х2) 4``",10143532/110925/4`,23.0,0.0,23.0,0.0,,0.0,L,7.98635,M,,
6708,14,1,1317658632,2.2. Фитинги за заваряване,"Капа 316L (168,3x2,0) 6``",10144231/011025/1,15.0,0.0,15.0,0.0,,0.0,L,20.190842,M,,
6708,15,1,1317658632,2.2. Фитинги за заваряване,"Капа 316L (323.0х3,0) 12“",10144231/011025/2,16.0,0.0,16.0,0.0,,0.0,L,78.534144,M,,
6708,16,1,1317658632,2.2. Фитинги за заваряване,"Коляно 45° 304L заварка (48,3х2) 1 1/2``",050126/1,17.0,0.0,17.0,0.0,,0.0,L,5.752013,M,,
6708,17,1,1317658632,2.1. Тръби,"Тръба шевна 304L (33,7x2.6) 1“",10144596/101025/1,4.54,0.0,4.54,0.0,,0.0,L,13.068572,M,,
6708,18,1,1317658632,2.2. Фитинги за заваряване,"Коляно 90° 304L заварка (33,7х2) 1``",10143532/110925/k1`,95.0,0.0,95.0,0.0,,0.0,L,2.996159,M,,
6708,19,1,1317658632,2.2. Фитинги за заваряване,"Коляно 90° 304L заварка (48,3х2) 1 1/2``",10143532/110925/k1.1/2`,215.0,0.0,215.0,0.0,,0.0,L,3.798885,M,,
6708,20,1,1317658632,2.2. Фитинги за заваряване,"Коляно 90° 304L зав. (60,3x2) 2``",10143532/110925/k2`,32.0,0.0,32.0,0.0,,0.0,L,5.724403,M,,
6708,21,1,1317658632,2.2. Фитинги за заваряване,Полунипел 316L 150LBS 1 1/2“,10143532/110925/pn1.1/2`,16.0,0.0,16.0,0.0,,0.0,L,2.766079,M,,
6708,22,1,1317658632,2.2. Фитинги за заваряване,"Тройник 304L заварка (60,3х2) 2``",10143532/110925/t2`,18.0,0.0,18.0,0.0,,0.0,L,11.069428,M,,
6708,23,1,1317658632,2.2. Фитинги за заваряване,Кръст зав. 316L W/W DIN11850 SERIE2 DN32,1,6.0,0.0,6.0,0.0,,0.0,L,12.63,M,,
6708,24,1,1317658632,2.6. Арматури,Филтър на фл. 316 INOX PN16 DN40,10146144/141125/1,0.0,0.0,0.0,0.0,,0.0,L,256.263661,M,,
6708,25,1,1317658632,2.2. Фитинги за заваряване,Тройник 304L заварка (48.3х2) 1 1/2“,10143532/110925/t1.1/2`,50.0,0.0,50.0,0.0,,0.0,L,8.615237,M,,
6708,26,1,1317658632,2.4. Фланци,Фланец плосък 304 T10 PN16 DN40,10143532/110925/40,166.0,0.0,166.0,0.0,,0.0,L,11.015077999999999,M,,
6709,0,1,1317658632,2.2. Фитинги за заваряване,Тройник 304L заварка (33.7х2) 1`,10143532/110925/t1`,24.0,0.0,24.0,0.0,,0.0,L,6.033221999999999,M,,
6709,1,1,1317658632,2.5.1. Кранове на фланци,Кран сфер. на фл. 2-части 316L PN40 (Акт) 1 1/2“,1419195/040925/5,6.0,0.0,6.0,0.0,,0.0,L,379.755535,M,,
6709,2,1,1317658632,2.4. Фланци,Фланец плосък 304 T10 PN16 DN50,10143532/110925/50,31.0,0.0,31.0,0.0,,0.0,L,10.607529,M,,
6709,3,1,1317658632,2.4. Фланци,Фланец плосък 304 T8 PN16 DN25,10143532/110925/25,63.0,0.0,63.0,0.0,,0.0,L,5.682068,M,,
6709,4,1,1317658632,2.4. Фланци,Фланец плосък с резба 304L PN10/16 DN50 x2“,10143532/110925/r50,8.0,0.0,8.0,0.0,,0.0,L,29.512680999999997,M,,
6709,5,1,1317658632,2.4. Фланци,Фланец плосък с резба 304L PN10/16/40 DN25 x1“,10143532/110925/r25,5.0,0.0,5.0,0.0,,0.0,L,17.166459,M,,
6709,6,1,1317658632,2.4. Фланци,Фланец плосък с резба 304L PN10/16/40 DN40x1 1/2,10143532/110925/r40,8.0,0.0,8.0,0.0,,0.0,L,32.456689,M,,
6709,7,1,1317658632,2.4. Фланци,Уплътнение CF3000 PTFE DN25,10143532/110925/pfte25,40.0,0.0,40.0,0.0,,0.0,L,0.920322,M,,
6709,8,1,1317658632,2.4. Фланци,Уплътнение CF3000 PTFE DN40,10143532/110925/pfte40,67.0,0.0,67.0,0.0,,0.0,L,1.089048,M,,
6709,9,1,1317658632,2.4. Фланци,Уплътнение CF3000 PTFE DN50,10143532/110925/pfte50,65.0,0.0,65.0,0.0,,0.0,L,2.157644,M,,
6709,10,1,1317658632,2.5.1. Кранове на фланци,Кран сфер. на фл. 2-части 316L PN40 (Акт) 1“,050126/2,21.0,0.0,21.0,0.0,,0.0,L,274.58,M,,
6709,11,1,1317658632,2.5.1. Кранове на фланци,Кран сфер. на фл. 2-части 316L PN40 (Акт) 2“,1419195/040925/4,3.0,0.0,3.0,0.0,,0.0,L,438.664579,M,,
6709,12,1,1317658632,2.5.2. Кранове на заварка,Кран сфер. на зав. 3-части 316L PN63 (Акт) 1“,1419195/040925/2,4.0,0.0,4.0,0.0,,0.0,L,191.7,M,,
6709,13,1,1317658632,2.5.3. Кранове на резба,Кран сфер. на рез. 3-части 316L PN63 1/2“,1419196/040925/2,4.0,0.0,4.0,0.0,,0.0,L,10.467385,M,,
6709,14,1,1317658632,2.2. Фитинги за заваряване,"Концентричен нам. 304L (60,3х33,7х2) 2``-1``",160126/1,18.0,0.0,18.0,0.0,,0.0,L,4.28,M,,
6709,15,1,1317658632,2.5.2. Кранове на заварка,Кран сфер. на зав. 3-части 316L PN63 1/2“,1419196/040925/1,8.0,0.0,8.0,0.0,,0.0,L,10.467385,M,,
6709,16,1,1317658632,2.5.1. Кранове на фланци,Кран сфер. на фл. трипътен 316L (Акт) 1 1/2`“,1419195/040925/3,3.0,0.0,3.0,0.0,,0.0,L,537.820071,M,,
6709,17,1,1317658632,2.5.1. Кранове на фланци,Кран сфер. на фл. трипътен 316L (Акт) 1“,84818099/2/101225,3.0,0.0,3.0,0.0,,0.0,L,485.2,M,,
6709,18,1,1317658632,2.5.4. Вентили,Вентил предпазен 2“G x 2“G,1419195/040925,4.0,0.0,4.0,0.0,,0.0,L,247.14736,M,,
6709,19,1,1317658632,М16,Болт с шест.гл. 8.8 vZn M16x55,10524822/311025/4,100.0,0.0,100.0,0.0,,0.0,L,0.301508,M,,
6709,20,1,1317658632,2.5.4. Вентили,Вентил предпазен 1216 НРЖ PN40 1 1/2“x2“,10147786/050126/1,2.0,0.0,2.0,0.0,,0.0,L,343.75,M,,
6709,21,1,1317658632,М/Ж резба,Преход 316L резба М/Ж 3/4“х1/4“,10143532/110925/1,111.0,0.0,111.0,0.0,,0.0,L,3.527901,M,,
6709,22,1,1317658632,Муфи на резба,Муфа 304L резба 150LBS 1/4“,10143532/110925/1.4,61.0,0.0,61.0,0.0,,0.0,L,0.761822,M,,
6709,23,1,1317658632,Муфи на резба,Муфа 304L резбa 150LBS  1/2``,10143532/110925/1.2,58.0,0.0,58.0,0.0,,0.0,L,1.3498059999999998,M,,
6709,24,1,1317658632,Муфи на резба,Муфа 304L резбa 150LBS  1/2``,143284/02092025/4,50.0,0.0,50.0,0.0,,0.0,L,1.3498059999999998,M,,
6709,25,1,1317658632,Муфи на резба,Муфа 304L резбa 150LBS L42 1``,10143532/110925/1.,14.0,0.0,14.0,0.0,,0.0,L,2.970595,M,,
6712,0,1,1317658632,Муфи на резба,Муфа 304L резбa 150LBS L45 1 1/2``,10143532/110925/1.1/2,16.0,0.0,16.0,0.0,,0.0,L,2.781418,M,,
6712,1,1,1317658632,Муфи на резба,Муфа 304L резбa 150LBS L54 2``,10143532/110925/2.,6.0,0.0,6.0,0.0,,0.0,L,4.172126,M,,
6712,2,1,1317658632,Фитинги - Щуцер на резба,Щуцер за маркуч 304 1/2“,061125/1,61.0,0.0,61.0,0.0,,0.0,L,0.935661,M,,
6712,3,1,1317658632,Муфи на резба,Муфа 316L резба 150LBS 1/4“,181225/14,23.0,0.0,23.0,0.0,,0.0,L,0.7669349999999999,M,,
6712,4,1,1317658632,Муфи на резба,Муфа 316L резба 150LBS 1/2“,07082025,14.0,0.0,14.0,0.0,,0.0,L,1.840644,M,,
6712,5,1,1317658632,2. Консумативи,Скоба за тръба 1 1/2`,167415/271025,4.0,0.0,4.0,0.0,,0.0,L,4.192578,M,,
6712,6,1,1317658632,Нипели на резба,Нипел шест. 316L резба 150LBS 1“,10143532/110925/100806,11.0,0.0,11.0,0.0,,0.0,L,3.2620299999999998,M,,
6712,7,1,1317658632,Нипели на резба,Нипел шест. 316L резба 150LBS 1/4“,181225/21,18.0,0.0,18.0,0.0,,0.0,L,0.7822739999999999,M,,
6712,8,1,1317658632,Холендри на резба,Холендър 316L резба М/Ж PTFE 150LBS 2“,10143120/27082025/2,6.0,0.0,6.0,0.0,,0.0,L,53.378676,M,,
6712,9,1,1317658632,Холендри на резба,Холендър 316L резба вътрешна 3000LBS 1/2“,300925,11.0,0.0,11.0,0.0,,0.0,L,3.5483529999999996,M,,
6712,10,1,1317658632,Тапи на резба,Тапа 304L резба 1/2``,16584381,21.0,0.0,21.0,0.0,,0.0,L,0.690241,M,,
6712,11,1,1317658632,М16,Шайба пружинна DIN2093 М16,14798/041225,220.0,0.0,220.0,0.0,,0.0,L,0.245419,M,,
6712,12,1,1317658632,М8,Шпилка 8.8 vZn M8x1000,031125/2,4.0,0.0,4.0,0.0,,0.0,L,95.836198,M,,
6712,13,1,1317658632,М12,Болт с шест.гл. 8.8 vZn М12х100,091025/3,40.0,0.0,40.0,0.0,,0.0,L,0.24,M,,
6712,14,1,1317658632,М12,Болт с шест.гл. 8.8 vZn М12х100,10527503/071125/6,100.0,0.0,100.0,0.0,,0.0,L,0.240306,M,,
6712,15,1,1317658632,М12,Болт с шест.гл. 8.8 vZn М12х25,12345,267.0,0.0,267.0,0.0,,0.0,L,0.1,M,,
6712,16,1,1317658632,М12,Болт с шест.гл. 8.8 vZn М12х40,10527503/071125/4,88.0,0.0,88.0,0.0,,0.0,L,0.14,M,,
6712,17,1,1317658632,М16,Болт с шест.гл. 8.8 vZn М16х45,250725,28.0,0.0,28.0,0.0,,0.0,L,0.29,M,,
6712,18,1,1317658632,М16,Болт с шест.гл. 8.8 vZn М16х50,10524822/311025/3,100.0,0.0,100.0,0.0,,0.0,L,0.28120999999999996,M,,
6712,19,1,1317658632,М16,Болт с шест.гл. 8.8 vZn М16х60,081025/1,75.0,0.0,75.0,0.0,,0.0,L,0.34,M,,
6712,20,1,1317658632,М8,Болт с шест.гл. 8.8 vZn М8х25,090925/16,42.0,0.0,42.0,0.0,,0.0,L,0.04,M,,
6712,21,1,1317658632,М12,Болт с шест.гл. 8.8 vZn М12х45,12345/12,94.0,0.0,94.0,0.0,,0.0,L,0.14,M,,
6712,22,1,1317658632,М12,Болт с шест.гл. 8.8 vZn М12х60,10527503/071125/5,100.0,0.0,100.0,0.0,,0.0,L,0.159471,M,,
6712,23,1,1317658632,М6,Болт с шест.гл. 8.8 vZn М6х35,241025/20,440.0,0.0,440.0,0.0,,0.0,L,0.02,M,,
6712,24,1,1317658632,М6,Болт с шест.гл. 8.8 vZn М6х70,090925/2,93.0,0.0,93.0,0.0,,0.0,L,0.05,M,,
6712,25,1,1317658632,М6,Гайка шест. 8 vZn М6,031025/2,307.0,0.0,307.0,0.0,,0.0,L,0.03,M,,
6712,26,1,1317658632,М16,Гайка самоос. 10 vZn М16,10530304/171125/3,100.0,0.0,100.0,0.0,,0.0,L,0.35279,M,,
6712,27,1,1317658632,М12,Гайка шест. 8 vZn М12,091025/2,307.0,0.0,307.0,0.0,,0.0,L,0.03,M,,
6712,28,1,1317658632,М8,Гайка шест. 8 vZn М8,12345,201.0,0.0,201.0,0.0,,0.0,L,0.01,M,,
6712,29,1,1317658632,М16,Гайка шест. 8 Bl. М16,10524822/311025/1,416.0,0.0,416.0,0.0,,0.0,L,0.062531,M,,
6712,30,1,1317658632,М12,Шайба подложна vZn М12,241025/11,599.0,0.0,599.0,0.0,,0.0,L,0.01,M,,
6713,0,1,1317658632,М16,Шайба подложна vZn М16,10524822/311025/5,759.0,0.0,759.0,0.0,,0.0,L,0.025921999999999997,M,,
6713,1,1,1317658632,М16,Шайба подложна vZn М16,10530304/171125/4,100.0,0.0,100.0,0.0,,0.0,L,0.025564999999999997,M,,
6713,2,1,1317658632,М6,Шайба подложна vZn М6,031025/1,559.0,0.0,559.0,0.0,,0.0,L,0.01,L,,
6713,3,1,1317658632,М8,Шайба подложна vZn М8,10527503/071125/3,65.0,0.0,65.0,0.0,,0.0,L,0.0051129999999999995,M,,
6713,4,1,1317658632,2.5.5. Клапани,Иглен клапан (Slid. Gate Mot. Valve 8038 H2),2916800002/3,1.0,0.0,1.0,0.0,,0.0,L,3569.44,M,,
6713,5,1,1317658632,М16,Шпилка М16,10530304/171125/1,16.0,0.0,16.0,0.0,,0.0,L,8.661253,M,,
6713,6,1,1317658632,2.5.5. Клапани,Иглен клапан (Slid. Gate Mot. Valve 8038 H2),2994840002/1,1.0,0.0,1.0,0.0,,0.0,L,3569.44,M,,
6713,7,1,1317658632,2.5.5. Клапани,Иглен клапан (Slid. Gate Mot. Valve 8038 H2),2994840002/2,1.0,0.0,1.0,0.0,,0.0,L,3569.44,M,,
6713,8,1,1317658632,2.5.5. Клапани,Иглен клапан (Slid. Gate Mot. Valve 8038 О2),2916800001/1,1.0,0.0,1.0,0.0,,0.0,L,3233.29,M,,
6713,9,1,1317658632,2.5.5. Клапани,Иглен клапан (Slid. Gate Mot. Valve 8038 О2),2994840001/1,1.0,0.0,1.0,0.0,,0.0,L,3233.29,M,,
6713,10,1,1317658632,2.5.5. Клапани,Иглен клапан (Slid. Gate Mot. Valve 8038 О2),2994840001/2,1.0,0.0,1.0,0.0,,0.0,L,3233.29,M,,
6713,11,1,1317658632,2.5.6. Актуатори,Актуатор електрически 24V,PBC875689,1.0,0.0,1.0,0.0,,0.0,L,167.754249,M,,
6713,12,1,1317658632,2.5.6. Актуатори,Актуатор електрически 24V,PBC875694,1.0,0.0,1.0,0.0,,0.0,L,201.30509899999998,M,,
6713,13,1,1317658632,2.5.6. Актуатори,Актуатор електрически 24V,PBC912241,1.0,0.0,1.0,0.0,,0.0,L,167.754249,M,,
6713,14,1,1317658632,2.5.6. Актуатори,Актуатор електрически 24V,PBC912242,1.0,0.0,1.0,0.0,,0.0,L,167.754249,M,,
6713,15,1,1317658632,2.5.6. Актуатори,Актуатор електрически 24V,PBC912243,1.0,0.0,1.0,0.0,,0.0,L,167.754249,M,,
6713,16,1,1317658632,2.5.6. Актуатори,Актуатор електрически 24V,PBC912244,1.0,0.0,1.0,0.0,,0.0,L,167.754249,M,,
6713,17,1,1317658632,5. Устройства,Захранване 275 kW,160126/5,4.0,0.0,4.0,0.0,,0.0,L,27500.883052999998,M,,
6713,18,1,1317658632,Сензори,Нивомер поплавъчен тип 8181,po34479,6.0,0.0,6.0,0.0,,0.0,L,87.992,M,,
6713,19,1,1317658632,Сензори,Сензор за газ H2 GS-220,25070100096,1.0,0.0,1.0,0.0,,0.0,L,177.315372,M,,
6713,20,1,1317658632,Сензори,Сензор за газ H2 GS-220,25070100097,1.0,0.0,1.0,0.0,,0.0,L,177.315372,M,,
6713,21,1,1317658632,Сензори,Сензор за газ H2 GS-220,25070100099,1.0,0.0,1.0,0.0,,0.0,L,177.315372,M,,
6713,22,1,1317658632,Сензори,Сензор за газ H2 GS-220,25070100104,1.0,0.0,1.0,0.0,,0.0,L,177.315372,M,,
6713,23,1,1317658632,Сензори,Сензор за газ H2 GS-220,25070100100,1.0,0.0,1.0,0.0,,0.0,L,177.315372,M,,
6713,24,1,1317658632,Сензори,Сензор за газ H2 GS-220,25070100107,1.0,0.0,1.0,0.0,,0.0,L,177.315372,M,,
6713,25,1,1317658632,Сензори,Сензор за газ H2 GS-220,25070100108,1.0,0.0,1.0,0.0,,0.0,L,177.315372,M,,
6713,26,1,1317658632,Сензори,Сензор за газ H2 GS-220,25070100111,1.0,0.0,1.0,0.0,,0.0,L,177.315372,M,,
6713,27,1,1317658632,Сензори,Сензор за газ H2 GS-220,25070100112,1.0,0.0,1.0,0.0,,0.0,L,177.315372,M,,
6713,28,1,1317658632,Сензори,Сензор за газ H2 GS-220,25070100113,1.0,0.0,1.0,0.0,,0.0,L,177.315372,M,,
6713,29,1,1317658632,Сензори,Сензор за газ H2 GS-220,25070100116,1.0,0.0,1.0,0.0,,0.0,L,177.315372,M,,
6714,0,1,1317658632,Сензори,Сензор за газ H2 GS-220,25070100118,1.0,0.0,1.0,0.0,,0.0,L,177.315372,M,,
6714,1,1,1317658632,5. Устройства,"Помпа-мотор (Motor IE3 size 80,1,1kW)",84131900 /251125/2,1.0,0.0,1.0,0.0,,0.0,L,196.0,M,,
6714,2,1,1317658632,Сензори,Датчик за температура,082025,27.0,0.0,27.0,0.0,,0.0,L,105.67853,M,,
6714,3,1,1317658632,Други (Електроника),Управление за сензор за газ GA-220,213814/130825,12.0,0.0,12.0,0.0,,0.0,L,138.201687,M,,
6714,4,1,1317658632,5. Устройства,Помпа (Pump MOD. HTM 10 SS316),251413/251125/1,1.0,0.0,1.0,0.0,,0.0,L,1347.5,M,,
6714,5,1,1317658632,Други (Електроника),"Авариен стоп бутон, въртящ",1459015258/090925/3,3.0,0.0,3.0,0.0,,0.0,L,11.999976,M,,
6714,6,1,1317658632,Клеми,"Клема винтове 2,5mm AVK2,5 сива",1469000014/050126/9,100.0,0.0,100.0,0.0,,0.0,L,0.27,M,,
6714,7,1,1317658632,Клеми,"Клема винтова 2,5mm AVK2,5 червена",1469000014/050126/10,100.0,0.0,100.0,0.0,,0.0,L,0.29,M,,
6714,8,1,1317658632,Контактори,"Контактор 7,5kW/15A, AC-3, 1NO, 230V AC размер 0",1469000014/050126/11,0.0,0.0,0.0,0.0,,0.0,L,17.03,M,,
6714,9,1,1317658632,"Прекъсвачи, Предпазители",Прекъсвач мин. AMPARO 6kA C 10А 1P,1469000128/060126/1,5.0,0.0,5.0,0.0,,0.0,L,1.79,M,,
6714,10,1,1317658632,"Прекъсвачи, Предпазители",Прекъсвач мин. AMPARO 6kA C 10А 1P,221225/8,2.0,0.0,2.0,0.0,,0.0,L,1.79,M,,
6714,11,1,1317658632,Кабели - Захранващи,Кабел 70мм HO7V-K червен,213597/011225/3,36.0,0.0,36.0,0.0,,0.0,L,8.291079,M,,
6714,12,1,1317658632,Други (Електроника),Трансмитер с галванично разделяне,A807.1/09.2025,1.0,0.0,1.0,0.0,,0.0,L,113.50638,M,,
6714,13,1,1317658632,Други (Електроника),Трансмитер с галванично разделяне,A807.10/09.2025,1.0,0.0,1.0,0.0,,0.0,L,113.50638,M,,
6714,14,1,1317658632,Кабели - Захранващи,Кабел 70мм HO7V-K черен,213597/011225/2,24.0,0.0,24.0,0.0,,0.0,L,8.291079,M,,
6714,15,1,1317658632,Други (Електроника),Трансмитер с галванично разделяне,A807.11/09.2025,1.0,0.0,1.0,0.0,,0.0,L,113.50638,M,,
6714,16,1,1317658632,Други (Електроника),Трансмитер с галванично разделяне,A807.12/09.2025,1.0,0.0,1.0,0.0,,0.0,L,113.50638,M,,
6714,17,1,1317658632,Други (Електроника),Трансмитер с галванично разделяне,A807.13/09.2025,1.0,0.0,1.0,0.0,,0.0,L,113.50638,M,,
6714,18,1,1317658632,Други (Електроника),Трансмитер с галванично разделяне,A807.14/09.2025,1.0,0.0,1.0,0.0,,0.0,L,113.50638,M,,
6714,19,1,1317658632,Други (Електроника),Трансмитер с галванично разделяне,A807.15/09.2025,1.0,0.0,1.0,0.0,,0.0,L,113.50638,M,,
6714,20,1,1317658632,Други (Електроника),Трансмитер с галванично разделяне,A807.16/09.2025,1.0,0.0,1.0,0.0,,0.0,L,113.50638,M,,
6714,21,1,1317658632,Други (Електроника),Трансмитер с галванично разделяне,A807.17/09.2025,1.0,0.0,1.0,0.0,,0.0,L,113.50638,M,,
6714,22,1,1317658632,Други (Електроника),Трансмитер с галванично разделяне,A807.18/09.2025,1.0,0.0,1.0,0.0,,0.0,L,113.50638,M,,
6714,23,1,1317658632,Други (Електроника),Трансмитер с галванично разделяне,A807.19/09.2025,1.0,0.0,1.0,0.0,,0.0,L,113.50638,M,,
6714,24,1,1317658632,Други (Електроника),Трансмитер с галванично разделяне,A807.2/09.2025,1.0,0.0,1.0,0.0,,0.0,L,113.50638,M,,
6714,25,1,1317658632,Други (Електроника),Трансмитер с галванично разделяне,A807.20/09.2025,1.0,0.0,1.0,0.0,,0.0,L,113.50638,M,,
6714,26,1,1317658632,Други (Електроника),Трансмитер с галванично разделяне,A807.3/09.2025,1.0,0.0,1.0,0.0,,0.0,L,113.50638,M,,
6714,27,1,1317658632,Други (Електроника),Трансмитер с галванично разделяне,A807.4/09.2025,1.0,0.0,1.0,0.0,,0.0,L,113.50638,M,,
6715,0,1,1317658632,Други (Електроника),Трансмитер с галванично разделяне,A807.5/09.2025,1.0,0.0,1.0,0.0,,0.0,L,113.50638,M,,
6715,1,1,1317658632,7. Кабели,"Проводник H05V-K (ПВ-А2) 500V 0,5mm виолетов",1459019939/121125/12,100.0,0.0,100.0,0.0,,0.0,L,0.11064299999999999,M,,
6715,2,1,1317658632,Шини (Електроника),DIN-релса за модулна апаратура перфорирана 1m,1459015258/090925/2,1.0,0.0,1.0,0.0,,0.0,L,1.252661,M,,
6715,3,1,1317658632,Други (Електроника),Трансмитер с галванично разделяне,A807.6/09.2025,1.0,0.0,1.0,0.0,,0.0,L,113.50638,M,,
6715,4,1,1317658632,7. Кабели,"Проводник H05V-K (ПВ-А2) 500V 0,5mm черен",1459019939/121125/11,100.0,0.0,100.0,0.0,,0.0,L,0.109467,M,,
6715,5,1,1317658632,Други (Електроника),Трансмитер с галванично разделяне,A807.7/09.2025,1.0,0.0,1.0,0.0,,0.0,L,113.50638,M,,
6715,6,1,1317658632,7. Кабели,"Проводник H05V-K (ПВ-А2) 500V 0,75mm син",1459019939/121125/10,200.0,0.0,200.0,0.0,,0.0,L,0.14443899999999998,M,,
6715,7,1,1317658632,Други (Електроника),Трансмитер с галванично разделяне,A807.8/09.2025,1.0,0.0,1.0,0.0,,0.0,L,113.50638,M,,
6715,8,1,1317658632,7. Кабели,"Проводник H05V-K (ПВ-А2) 500V 0,75mm червен",1459019939/121125/9,200.0,0.0,200.0,0.0,,0.0,L,0.14443899999999998,M,,
6715,9,1,1317658632,Други (Електроника),Трансмитер с галванично разделяне,A807.9/09.2025,1.0,0.0,1.0,0.0,,0.0,L,113.50638,M,,
6715,10,1,1317658632,Релета,Реле мини тип PT 14 пина 4CO 24VDC 6A,1459019939/121125/13,21.0,0.0,21.0,0.0,,0.0,L,2.955256,M,,
6715,11,1,1317658632,Релета,Реле мини тип PT 14 пина 4CO 24VDC 6A,pt196,10.0,0.0,10.0,0.0,,0.0,L,2.955256,M,,
6715,12,1,1317658632,Релета,Цокъл за реле (PT YP 6A/250V AC),120126/6,4.0,0.0,4.0,0.0,,0.0,L,3.492111,M,,
6715,13,1,1317658632,7. Кабели,"Проводник H05V-K (ПВ-А2) 500V 0,75mm черен",1459019939/121125/8,200.0,0.0,200.0,0.0,,0.0,L,0.14443899999999998,M,,
6715,14,1,1317658632,Кабелни Канали,"T-образно разклонение за кабелна скар, 60х152mm",47571/151025/7,0.0,0.0,0.0,0.0,,0.0,L,6.396237999999999,M,,
6715,15,1,1317658632,Кабелни Канали,T-образно разклонение за кабелна скара 60х202mm,47571/151025/6,2.0,0.0,2.0,0.0,,0.0,L,13.07,L,,
6715,16,1,1317658632,Кабелни Канали,T-разклонение за кабелна скара 60х202mm с неперф,47571/151025/5,1.0,0.0,1.0,0.0,,0.0,L,31.4,L,,
6715,17,1,1317658632,Кабелни Канали,Вертканел ъгъл понижаващ 60х202mm с неперфориран,47571/151025/8,3.0,0.0,3.0,0.0,,0.0,L,16.739635,M,,
6715,18,1,1317658632,Кабелни Канали,Кабелна скара перфорирана с интегриран съедините,47571/151025/1,3.0,0.0,3.0,0.0,,0.0,L,4.3204009999999995,M,,
6715,19,1,1317658632,Кабелни Канали,"Кабелна скара, перф.,с интегр. съед. 60х200х3000",47571/151025/2,5.0,0.0,5.0,0.0,,0.0,L,5.603738,M,,
6715,20,1,1317658632,Кабелни Канали,"Кабелна стълба 60x200x3000mm t=1,5mm",47571/151025/11,3.0,0.0,3.0,0.0,,0.0,L,8.881107,M,,
6715,21,1,1317658632,Кабелни Канали,"С-профил, шлиц 16 mm, 30x15x3000mm, перфорирана",47914/041125/1,0.0,0.0,0.0,0.0,,0.0,L,2.1014019999999998,M,,
6715,22,1,1317658632,Кабелни Канали,"Стенна конзола 90x610mm 2,5kN",47571/151025/3,3.0,0.0,3.0,0.0,,0.0,L,6.017882999999999,M,,
6715,23,1,1317658632,1.2.2 Съдове (Очиска),Топлообменник HE40,2301001885401010002,1.0,0.0,1.0,0.0,,0.0,L,327.0,M,,
6715,24,1,1317658632,Кабелни Канали,Фуния за кабелна скара напречна 60х150mm,47571/151025/10,4.0,0.0,4.0,0.0,,0.0,L,38.305847,M,,
6715,25,1,1317658632,Кабелни Канали,Фуния за кабелна скара напречна 60х200mm,47571/151025/9,7.0,0.0,7.0,0.0,,0.0,L,39.098346,M,,
6715,26,1,1317658632,Кабелни Канали,Ъгъл 90° за кабелна скара 60х202mm с неперфорира,47571/151025/4,1.0,0.0,1.0,0.0,,0.0,L,8.906672,M,,
6716,0,1,1317658632,Фитинги - Щуцер на резба,Щуцер за маркуч 304 1/2“,270126/1,40.0,0.0,40.0,0.0,,0.0,L,0.9363157894736841,M,,
6716,1,1,1317658632,2.6. Арматури,Филтър на фл. 316 INOX PN16 DN40,10148565/270126/3,2.0,0.0,2.0,0.0,,0.0,L,256.263661,M,,
6716,2,1,1317658632,М10,Болт с шест.гл. 8.8 vZn М10х30,10527503/071125/7,92.0,0.0,92.0,0.0,,0.0,L,0.14,L,,
6716,3,1,1317658632,М10,Болт с шест.гл. 8.8 vZn М10х40,10527503/071125/8,100.0,0.0,100.0,0.0,,0.0,L,0.1673,L,,
6716,4,1,1317658632,М10,Болт с шест.гл. 8.8 vZn М10х40,241025/5,50.0,0.0,50.0,0.0,,0.0,L,0.0,L,,
6716,5,1,1317658632,М10,Болт с шест.гл. 8.8 vZn М10х45,241025/6,140.0,0.0,140.0,0.0,,0.0,L,0.0,L,,
6716,6,1,1317658632,М10,Гайка шест. 8 vZn М10,10527503/071125/9,192.0,0.0,192.0,0.0,,0.0,L,0.0371,L,,
6716,7,1,1317658632,М10,Гайка шест. 8 vZn М10,241025/7,78.0,0.0,78.0,0.0,,0.0,L,0.0,L,,
6716,8,1,1317658632,М10,Шайба подложна vZn М10,10527503/071125/10,192.0,0.0,192.0,0.0,,0.0,L,0.0151,L,,
6716,9,1,1317658632,М10,Шайба подложна vZn М10,241025/8,83.0,0.0,83.0,0.0,,0.0,L,0.0,L,,
6716,10,1,1317658632,М10,Шайба с широка периферия vZn М10,241025/9,100.0,0.0,100.0,0.0,,0.0,L,0.0,L,,
6716,11,1,1317658632,М16,Шайба пружинна gvZn М16,340046105/181125,89.0,0.0,89.0,0.0,,0.0,L,0.4,L,,
6716,12,1,1317658632,М16,Болт с шест.гл. 8.8 vZn М16х40,10524822/311025/2,100.0,0.0,100.0,0.0,,0.0,L,0.247158,M,,
6716,13,1,1317658632,М16,Гайка шест. 10 Bl. М16,10530304/171125/2,100.0,0.0,100.0,0.0,,0.0,L,0.18,L,,
6716,14,1,1317658632,М16,Шайба пружинна-федер vZn М16,241025/1,454.0,0.0,454.0,0.0,,0.0,L,0.0,L,,
6716,15,1,1317658632,М16,Гайка самоос. 8 vZn М16,241025/3,145.0,0.0,145.0,0.0,,0.0,L,0.0,L,,
6716,16,1,1317658632,М16,Шайба с широка периферия vZn M16,241025/4,190.0,0.0,190.0,0.0,,0.0,L,0.0,L,,
6716,17,1,1317658632,М3,Болт с шест.гл. А2 М3х25,10544810/120126/1,300.0,0.0,300.0,0.0,,0.0,L,0.05,M,,
6716,18,1,1317658632,М3,Болт с шест.гл. А2 М3х25,340047100/120126/1,21.0,0.0,21.0,0.0,,0.0,L,0.046015,M,,
6716,19,1,1317658632,М3,Болт с шест.гл. vZn М3х25,340047100/120126/2,123.0,0.0,123.0,0.0,,0.0,L,0.03,M,,
6716,20,1,1317658632,М3,Гайка шест. А2 М3,10544810/120126/2,300.0,0.0,300.0,0.0,,0.0,L,0.01,M,,
6716,21,1,1317658632,М3,Гайка шест. А2 М3,340047100/120126/3,13.0,0.0,13.0,0.0,,0.0,L,0.010226,M,,
6716,22,1,1317658632,Винтове,"Винт самонарезен с шайба vZn ф4,2x13",10514758/021025,300.0,0.0,300.0,0.0,,0.0,L,0.09,L,,
6716,23,1,1317658632,Винтове,"Винт самопробивен с шайба ф4,2х13",340045982/131125,1000.0,0.0,1000.0,0.0,,0.0,L,0.01,L,,
6716,24,1,49796793,Външна резба,Нипел намалител 316L 150LBS 1/2“х1/4“,201025/2,0.0,0.0,10.0,0.0,Y,0.0,L,0.0,L,в 09:18 през “Складове и Стоки”,
6716,25,1,1317658632,М5,Винт с лещ.гл. 4.8 vZn М5х16,241025/14,490.0,0.0,490.0,0.0,,0.0,L,0.0,L,,
6716,26,1,1317658632,М5,Винт с лещ.гл. 4.8 vZn М5х20,241025/13,500.0,0.0,500.0,0.0,,0.0,L,0.0,L,,
6716,27,1,1317658632,М5,Винт с лещ.гл. 4.8 vZn М5х12,241025/12,486.0,0.0,486.0,0.0,,0.0,L,0.0,L,,
6716,28,1,1317658632,М/Ж резба,Преход 304L резба М/Ж 1/2``x1/4``,143284/02092025/5,9.0,0.0,9.0,0.0,,0.0,L,0.991903,M,,
6716,29,1,1317658632,М5,Винт с лещ.гл. 4.8 vZn М5х25,241025/14,465.0,0.0,465.0,0.0,,0.0,L,0.0,L,,
6716,30,1,1317658632,М5,"Винт самопр. vZn М5,5х32",241025/15,100.0,0.0,100.0,0.0,,0.0,L,0.0,L,,
6717,0,1,1317658632,М5,Шайба с широка периферия vZn М5,241025/17,200.0,0.0,200.0,0.0,,0.0,L,0.0,L,,
6717,1,1,1317658632,М6,Гайка ниска А2 М6,0340047352/220126/2,47.0,0.0,47.0,0.0,,0.0,L,0.03,M,,
6717,2,1,1317658632,М6,Болт с шест.гл. А2 М6х40,0340047352/220126/1,26.0,0.0,26.0,0.0,,0.0,L,0.09,M,,
6717,3,1,1317658632,М6,Болт с шест.гл. 8.8 vZn М6х16,241025/19,416.0,0.0,416.0,0.0,,0.0,L,0.0,L,,
6717,4,1,1317658632,М6,Болт с шест.гл. 8.8 vZn М6х25,151025/4,67.0,0.0,67.0,0.0,,0.0,L,0.0,L,,
6717,5,1,1317658632,М6,Болт с шест.гл. 8.8 vZn М6х60,10524822/311025/7,148.0,0.0,148.0,0.0,,0.0,L,0.0729,L,,
6717,6,1,1317658632,М6,Болт с шест.гл. 8.8 vZn М6х65,241025/18,200.0,0.0,200.0,0.0,,0.0,L,0.0,L,,
6717,7,1,1317658632,М6,Болт с шест.гл. 8.8 vZn М6х90,090925/3,136.0,0.0,136.0,0.0,,0.0,L,0.0,L,,
6717,8,1,1317658632,М6,Болт с шест.гл. 8.8 vZn М6х50,241025/21,88.0,0.0,88.0,0.0,,0.0,L,0.0,L,,
6717,9,1,1317658632,М6,Винт с лещ.гл. 4.8 vZn М6х16,230925/1,365.0,0.0,365.0,0.0,,0.0,L,0.0,L,,
6717,10,1,1317658632,М6,Винт с лещ.гл. 4.8 vZn М6х35,230925/3,500.0,0.0,500.0,0.0,,0.0,L,0.0,L,,
6717,11,1,1317658632,М6,Винт с върт.шест. 8.8 vZn М6х60,241025/22,77.0,0.0,77.0,0.0,,0.0,L,0.0,L,,
6717,12,1,1317658632,М6,Гайка самоос. 8 vZn М6,241025/23,45.0,0.0,45.0,0.0,,0.0,L,0.0,L,,
6717,13,1,1317658632,М6,Шайба пружинна vZn М6,241025/24,5.0,0.0,5.0,0.0,,0.0,L,0.0,L,,
6717,14,1,1317658632,М8,Болт с шест.гл. 8.8 vZn М8х16,10527503/071125/1,63.0,0.0,63.0,0.0,,0.0,L,0.064,L,,
6717,15,1,1317658632,М8,Болт с шест.гл. 8.8 vZn М8х20,10524822/311025/6,96.0,0.0,96.0,0.0,,0.0,L,0.0706,L,,
6717,16,1,1317658632,М8,Болт с шест.гл. 8.8 vZn М8х35,10527503/071125/2,91.0,0.0,91.0,0.0,,0.0,L,0.09,L,,
6717,17,1,1317658632,М8,Шайба пружинна vZn М8,201025/6,169.0,0.0,169.0,0.0,,0.0,L,0.0,L,,
6717,18,1,1317658632,М/Ж резба,Преход 304L резба М/Ж 2“х1“,10148002/120126,2.0,0.0,2.0,0.0,,0.0,L,5.46,M,,
6717,19,1,1317658632,М8,Шайба с широка периферия vZn М8,230925/2,217.0,0.0,217.0,0.0,,0.0,L,0.0,L,,
6717,20,1,1317658632,М/Ж резба,Преход 316L резба М/Ж 1 1/4“-1/2“,181225/26,8.0,0.0,8.0,0.0,,0.0,L,9.116301,M,,
6717,21,1,1317658632,Тапи на резба,Тапа 304L резба 1/4“,16816512,1.0,0.0,1.0,0.0,,0.0,L,1.0,L,,
6717,22,1,1317658632,Холендри на резба,Холендър 316L резба М/Ж PTFE 150LBS 1/2“,10143120/27082025/3,1.0,0.0,1.0,0.0,,0.0,L,11.054089999999999,M,,
6717,23,1,1317658632,Холендри на резба,Холендър 316L резба М/Ж PTFE 150LBS 1 1/2“,10145394/291025,5.0,0.0,5.0,0.0,,0.0,L,47.68,L,,
6717,24,1,1317658632,Холендри на резба,Холендър 316L резба М/М PTFE 150LBS 1/2“,10148408/210126/2,3.0,0.0,3.0,0.0,,0.0,L,9.46,M,,
6717,25,1,1317658632,Фитинги - Щуцер на резба,Щуцер за маркуч 304 1/4“,090925/6,1.0,0.0,1.0,0.0,,0.0,L,1.0,L,,
6717,26,1,1317658632,Капи на резба,Капа 316L резба 1/4“,181225/9,6.0,0.0,6.0,0.0,,0.0,L,0.0,L,,
6717,27,1,1317658632,Капи на резба,Капа 316L резба 1/2“,181225/10,38.0,0.0,38.0,0.0,,0.0,L,0.0,L,,
6717,28,1,1317658632,Колена на резба,Коляно 45° 316L резба вътрешна 150LBS 1/2“,181225/11,4.0,0.0,4.0,0.0,,0.0,L,0.0,L,,
6717,29,1,1317658632,Колена на резба,Коляно 90° 304L резба вътрешна 1 1/4“,16984615,5.0,0.0,5.0,0.0,,0.0,L,1.0,L,,
6717,30,1,1317658632,Колена на резба,Коляно 90° 304L резба М/Ж 1 1/2“,16813615,3.0,0.0,3.0,0.0,,0.0,L,1.0,L,,
6717,31,1,1317658632,Колена на резба,Коляно 90° 304L резба М/Ж 1 1/4“,16846425,5.0,0.0,5.0,0.0,,0.0,L,1.0,L,,
6718,0,1,1317658632,Колена на резба,Коляно 90° 304L резба М/Ж 2“,1684354,12.0,0.0,12.0,0.0,,0.0,L,1.0,L,,
6718,1,1,1317658632,Колена на резба,Коляно 90° 304L резба М/Ж 1/2“,181225/8,4.0,0.0,4.0,0.0,,0.0,L,1.0,L,,
6718,2,1,1317658632,Колена на резба,Коляно 90° 304L резба М/Ж 1“,16843651,1.0,0.0,1.0,0.0,,0.0,L,1.0,L,,
6718,3,1,1317658632,Колена на резба,Коляно 90° 316L резба вътрешна 1/2“,101125/1,43.0,0.0,43.0,0.0,,0.0,L,0.0,M,,
6718,4,1,1317658632,Колена на резба,Коляно 90° 316L резба вътрешна 3/4“,130126/2,10.0,0.0,10.0,0.0,,0.0,L,0.0,L,,
6718,5,1,1317658632,Колена на резба,Коляно 90° 316L резба вътрешна 1/4“,260925/1,14.0,0.0,14.0,0.0,,0.0,L,0.0,L,,
6718,6,1,1317658632,Колена на резба,Коляно 90° 316L резба вътрешна 1“,120126/18,1.0,0.0,1.0,0.0,,0.0,L,2.991047,M,,
6718,7,1,1317658632,Колена на резба,Коляно 90° 316L резба М/Ж 1/4“,181225/12,9.0,0.0,9.0,0.0,,0.0,L,0.0,M,,
6718,8,1,1317658632,1. Пречистване на вода,B520 PRO,81066/040925/1,1.0,0.0,1.0,0.0,,0.0,L,51.129,M,,
6718,9,1,1317658632,Колена на резба,Коляно 90° 316L резба М/Ж 1/2“,143284/02092025/3,29.0,0.0,29.0,0.0,,0.0,L,2.000166,M,,
6718,10,1,1317658632,Кръстове на резба,Кръст 316L резба 1“,181225/13,2.0,0.0,2.0,0.0,,0.0,L,0.0,L,,
6718,11,1,1317658632,Кръстове на резба,Кръст 316L резба 1 1/4`,10144596/101025/2,7.0,0.0,7.0,0.0,,0.0,L,24.7,L,,
6718,12,1,1317658632,Вътрешна резба,Преход 316L резба вътрешна 150LBS 1/2“х1/4“,181225/16,11.0,0.0,11.0,0.0,,0.0,L,0.0,L,,
6718,13,1,1317658632,Вътрешна резба,Преход 316L резба вътрешна 150LBS 1“х1/2“,181225/17,3.0,0.0,3.0,0.0,,0.0,L,0.0,L,,
6718,14,1,1317658632,Вътрешна резба,Преход 316L резба вътрешна 150LBS 2“х1 1/2“,181225/18,1.0,0.0,1.0,0.0,,0.0,L,0.0,L,,
6718,15,1,1317658632,Вътрешна резба,Преход 316L резба вътрешна 150LBS 1/2“х1/8“,201025/4,4.0,0.0,4.0,0.0,,0.0,L,0.0,L,,
6718,16,1,1317658632,Външна резба,Нипел намалител 316L 150LBS 1/4“х1/8“,120126/17,4.0,0.0,4.0,0.0,,0.0,L,0.0,M,,
6718,17,1,38903846,М/Ж резба,Преход 316L резба М/Ж 3/4“х1/2“,12345/1,15.0,0.0,17.0,0.0,Y,0.0,L,0.0,L,в 14:58 през “Складове и Стоки”,
6718,18,1,1317658632,Външна резба,Нипел намалител 316L 150LBS 1/2“х3/8“,181225/19,15.0,0.0,15.0,0.0,,0.0,L,0.0,L,,
6718,19,1,1317658632,Външна резба,Нипел намалител 316L 150LBS 3/4“х1/2“,181225/20,9.0,0.0,9.0,0.0,,0.0,L,0.0,L,,
6718,20,1,1317658632,Външна резба,Нипел намалител 316L 150LBS 1“х1/2“,120126/15,2.0,0.0,2.0,0.0,,0.0,L,3.093305,M,,
6718,21,1,1317658632,Външна резба,Нипел намалител 316L 150LBS 2“х1“,120126/16,4.0,0.0,4.0,0.0,,0.0,L,0.0,L,,
6718,22,1,1317658632,Нипели на резба,Нипел шест. 316L резба 150LBS 1/2“,143284/02092025/2,13.0,0.0,13.0,0.0,,0.0,L,2.055386,M,,
6718,23,1,1317658632,Нипели на резба,Нипел шест. 304L резба 150LBS 1 1/4“,138546123,5.0,0.0,5.0,0.0,,0.0,L,1.0,L,,
6718,24,1,1317658632,Нипели на резба,Нипел шест. 304L резба 150LBS 1/2“,10147297/101225,16.0,0.0,16.0,0.0,,0.0,L,1.8,L,,
6718,25,1,1317658632,Нипели на резба,Нипел шест. 304L резба 150LBS 1“,135843612,9.0,0.0,9.0,0.0,,0.0,L,1.0,L,,
6718,26,1,1317658632,М/Ж резба,Преход 316L резба М/Ж 1/4“х1/8“,10148565/270126/4,12.0,0.0,12.0,0.0,,0.0,L,0.6999999999999998,M,,
6718,27,1,1317658632,М/Ж резба,Преход 316L резба М/Ж 1/2“х1/4“,10148565/270126/2,12.0,0.0,12.0,0.0,,0.0,L,0.9899999999999999,M,,
6718,28,1,46739484,Външна резба,Нипел намалител 316L 150LBS 1/2“х3/8“,,15.0,0.0,15.0,0.0,Y,0.0,L,0.0,M,в 12:30 през “Складове и Стоки”,
6719,0,1,1317658632,М/Ж резба,Преход 316L резба М/Ж 1/2“х1/4“,143284/02092025/6,16.0,0.0,16.0,0.0,,0.0,L,1.94,L,,
6719,1,1,1317658632,М/Ж резба,Преход 316L резба М/Ж 3/4“х1/2“,12345/1,15.0,0.0,15.0,0.0,,0.0,L,0.0,L,,
6719,2,1,1317658632,М/Ж резба,Преход 316L резба М/Ж 1“х1/2“,181225/24,7.0,0.0,7.0,0.0,,0.0,L,3.5,L,,
6719,3,1,1317658632,М/Ж резба,Преход 316L резба М/Ж 1 1/2“х1/2“,181225/26,1.0,0.0,1.0,0.0,,0.0,L,0.0,L,,
6719,4,1,1317658632,М/Ж резба,Преход 304L резба М/Ж 1“x1/2“,684625513,4.0,0.0,4.0,0.0,,0.0,L,4.37,L,,
6719,5,1,1317658632,М/Ж резба,Преход 304L резба М/Ж 3/4“x1/2“,168453146,2.0,0.0,2.0,0.0,,0.0,L,1.0,L,,
6719,6,1,1317658632,Тапи на резба,Тапа 304L резба 1 1/2“,354136123,3.0,0.0,3.0,0.0,,0.0,L,5.71,L,,
6719,7,1,1317658632,1. Пречистване на вода,"Горен дистрибутор D5120-1, 1`",81066/040925/4,1.0,0.0,1.0,0.0,,0.0,L,10.000831999999999,M,,
6719,8,1,1317658632,Тройници на резба,Тройник 304L резба вътрешна 1 1/2“,16841351,6.0,0.0,6.0,0.0,,0.0,L,1.0,L,,
6719,9,1,1317658632,Тройници на резба,Тройник 304L резба вътрешна 1 1/4“,36814861,6.0,0.0,6.0,0.0,,0.0,L,1.0,L,,
6719,10,1,1317658632,Тройници на резба,Тройник 304L резба вътрешна 1“,16814681,20.0,0.0,20.0,0.0,,0.0,L,1.0,L,,
6719,11,1,1317658632,1. Пречистване на вода,"Предфилтърен корпус, Викинг ПРО за студена вода",81066/040925/2,1.0,0.0,1.0,0.0,,0.0,L,93.05478,M,,
6719,12,1,1317658632,Тройници на резба,Тройник 316L резба вътрешна 1/2“,143284/02092025/7,37.0,0.0,37.0,0.0,,0.0,L,2.325347,M,,
6719,13,1,1317658632,Тройници на резба,Тройник 316L резба вътрешна 1/4“,031125,18.0,0.0,18.0,0.0,,0.0,L,0.0,L,,
6719,14,1,1317658632,Тройници на резба,Тройник 304L резба вътрешна 3/4“,16813512,6.0,0.0,6.0,0.0,,0.0,L,0.51129,M,,
6719,15,1,1317658632,Тапи на резба,Тапа 316L резба 1/4“,181225/25,5.0,0.0,5.0,0.0,,0.0,L,0.0,L,,
6719,16,1,1317658632,2.2. Фитинги за заваряване,Холендър 316L заварка PTFE 1“,10148565/270126/1,2.0,0.0,2.0,0.0,,0.0,L,17.98,M,,
6719,17,1,1317658632,Холендри на резба,Холендър 316L резба вътрешна PTFE 150LBS 1/2“,10147733/231225,2.0,0.0,2.0,0.0,,0.0,L,14.85,L,,
6719,18,1,1317658632,1. Пречистване на вода,"Управляваща глава/клапан Runxin, H9901",81066/040925/5,2.0,0.0,2.0,0.0,,0.0,L,13.436701,M,,
6719,19,1,1317658632,1.1.1. Части (Електролизьор),Уплътнение (S.G.M. PTFE) 1060x900x5мм,VMA20250921/141025/1,535.0,0.0,535.0,0.0,,0.0,L,90.5,$,,
6719,20,1,1317658632,1.1.1. Части (Електролизьор),Уплътнение (S.G.M. PTFE) 393x325x5мм,050126/3,370.0,0.0,370.0,0.0,,0.0,L,15.0,$,,
6719,21,1,1317658632,Кабели - Захранващи,Кабел захранващ (Angled cabel socket),2250493/281125/1,4.0,0.0,4.0,0.0,,0.0,L,13.7,M,,
6719,22,1,1317658632,1.1.2. Крепежи (Електролизьор),Гайка шест. 8.8 M56x4,230126/1,40.0,0.0,40.0,0.0,,0.0,L,16.616925,M,,
6719,23,1,1317658632,Сензори,Дебитомер (Electromagnetic flowmeter) DN50,SAT012424/301025/1,2.0,0.0,2.0,0.0,,0.0,L,790.02,M,,
6719,24,1,1317658632,1.1.1. Части (Електролизьор),Гумен лист EPDM 6/1200мм,192741/031025,6.0,0.0,6.0,0.0,,0.0,L,108.0,L,,
6719,25,1,1317658632,Сензори,Дебитомер (Magnetic Contact),SAT012424/301025/2,2.0,0.0,2.0,0.0,,0.0,L,78.665,M,,
6719,26,1,1317658632,1.1.1. Части (Електролизьор),Мембрани (Composite Membrane) 1х1м,VMA20250921/141025/2,502.0,0.0,502.0,0.0,,0.0,L,132.42,$,,
6719,27,1,1317658632,1.1.1. Части (Електролизьор),"Перфорирана ламарина 316L LB 1000x2000x0,5мм",1216/230925,282.0,0.0,282.0,0.0,,0.0,L,60.122591,M,,
6720,0,1,1317658632,1.1.1. Части (Електролизьор),Плетена мрежа  INOX AISI 316L H 1000мм,120126/7,283.0,0.0,283.0,0.0,,0.0,L,0.0,L,,
6720,1,1,1317658632,1.1.2. Крепежи (Електролизьор),Ринг гайка DIN582 C15 vZn M24,10527933/101125,4.0,0.0,4.0,0.0,,0.0,L,3.885804,M,,
6720,2,1,1317658632,1.1.1. Части (Електролизьор),Тефлонов лист 1200х1200х1мм,120126/4,30.0,0.0,30.0,0.0,,0.0,L,108.383254,M,,
6720,3,1,1317658632,Газ анализ - Арматури,2 micron element kit for 2F series - филтър,0005330327,19.0,0.0,19.0,0.0,,0.0,L,8.7,M,,
6720,4,1,1317658632,Газ анализ - Арматури,2 micron element kit for 2F series - филтър,0005335353,12.0,0.0,12.0,0.0,,0.0,L,8.7,M,,
6720,5,1,1317658632,Газ анализ - Арматури,3 Way Ball valve - трипътник,0005358918,6.0,0.0,6.0,0.0,,0.0,L,154.61,M,,
6720,6,1,1317658632,Газ анализ - Фитинги,BULKHEAD UNION 6MM SWA - удължен фитинг,0005235216,23.0,0.0,23.0,0.0,,0.0,L,30.57,M,,
6720,7,1,1317658632,Газ анализ - Крепежи,"Bolted Plastic Clamp Support Kit, 6 mm - скоба",0005315211,71.0,0.0,71.0,0.0,,0.0,L,7.43,M,,
6720,8,1,1317658632,Газ анализ - Крепежи,Cable gland 1/2` NPT PG 13.5 with OR modular,E250569/14,10.0,0.0,10.0,0.0,,0.0,L,8.74,M,,
6720,9,1,1317658632,Газ анализ - Крепежи,Cable gland 3/4` NPT PG 16 with OR modular,E250569/13,5.0,0.0,5.0,0.0,,0.0,L,8.74,M,,
6720,10,1,1317658632,Газ анализ - Сензори,"DP324B-P Dew point analyser, LCD display",E260004-01/140126/1,1.0,0.0,1.0,0.0,,0.0,L,1270.6,M,,
6720,11,1,1317658632,Сензори,Нивомер (Magnetic level indicator),SAT012424/301025/3,2.0,0.0,2.0,0.0,,0.0,L,304.265,M,,
6720,12,1,1317658632,Газ анализ - Сензори,Electrochemical sensor,05G034462,1.0,0.0,1.0,0.0,,0.0,L,269.5,M,,
6720,13,1,1317658632,Сензори,Нивомер (Magnetic level transmiter LCD),SAT012424/301025/4,2.0,0.0,2.0,0.0,,0.0,L,415.8,M,,
6720,14,1,1317658632,Газ анализ - Сензори,Electrochemical sensor,05G034467,1.0,0.0,1.0,0.0,,0.0,L,269.5,M,,
6720,15,1,1317658632,Газ анализ - Сензори,Electronic assembly for OxyTrend - рез. платка,E250569-B,1.0,0.0,1.0,0.0,,0.0,L,692.3,M,,
6720,16,1,1317658632,Газ анализ - Крепежи,Fixing bracket for DP324,E260004-01/140126/2,1.0,0.0,1.0,0.0,,0.0,L,24.16,M,,
6720,17,1,1317658632,Газ анализ - Сензори,"Дебитомер Н2 Plexiglass, 0,02-0,5",E250569/11,6.0,0.0,6.0,0.0,,0.0,L,195.3,M,,
6720,18,1,1317658632,Газ анализ - Сензори,"Дебитомер О2 Plexiglass, Scale 0,2-3",E250569/10,3.0,0.0,3.0,0.0,,0.0,L,211.3,M,,
6720,19,1,1317658632,Газ анализ - Сензори,"Дебитомер О2 Plexiglass, Scale 0,2-3",E260004-01/140126/3,2.0,0.0,2.0,0.0,,0.0,L,211.3,M,,
6720,20,1,1317658632,Газ анализ - Арматури,Flowmeter and needle valve bracket - крепеж,E250569/12,16.0,0.0,16.0,0.0,,0.0,L,25.77,M,,
6720,21,1,1317658632,Газ анализ - Арматури,Flowmeter and needle valve bracket - крепеж,E260004-01/140126/4,2.0,0.0,2.0,0.0,,0.0,L,25.765,M,,
6720,22,1,1317658632,Газ анализ - Фитинги,MALE CONNECTOR 6MM SWA - 1/8`` NPT,230126/12,18.0,0.0,18.0,0.0,,0.0,L,11.45,M,,
6720,23,1,1317658632,Газ анализ - Фитинги,MALE Elbow  6MM SWA – R 1/8``,0004494882,1.0,0.0,1.0,0.0,,0.0,L,23.1,M,,
6720,24,1,1317658632,Газ анализ - Арматури,Needle valve - иглен клапан,0005326933,6.0,0.0,6.0,0.0,,0.0,L,118.08,M,,
6720,25,1,1317658632,Газ анализ - Сензори,Мeasuring chamber for DPA- измервателна камера,E260004-01/140126/5,1.0,0.0,1.0,0.0,,0.0,L,316.56,M,,
6721,0,1,1317658632,Газ анализ - Фитинги,"Instr., low profile sleeve -",0005550271,31.0,0.0,31.0,0.0,,0.0,L,69.26,M,,
6721,1,1,1317658632,Газ анализ - Фитинги,Instrumentation quick connect - бърза връзка,0005450659,1.0,0.0,1.0,0.0,,0.0,L,382.29,M,,
6721,2,1,1317658632,Сензори,Нивомер (RFLS-35Xi high frequency level sensor),2250493/281125/2,4.0,0.0,4.0,0.0,,0.0,L,186.8,M,,
6721,3,1,1317658632,Газ анализ - Фитинги,"Stainless steel tube fitting, union 6mm",0005292001,10.0,0.0,10.0,0.0,,0.0,L,20.21,M,,
6721,4,1,1317658632,Газ анализ - Крепежи,"Twin Bolted Plastic Clamp Tube Support Kit, 6 mm",0005418800,10.0,0.0,10.0,0.0,,0.0,L,9.85,M,,
6721,5,1,1317658632,Газ анализ - Фитинги,"Тройник, union tee 6mm SWA",230126/14,10.0,0.0,10.0,0.0,,0.0,L,36.516332,M,,
6721,6,1,1317658632,Апогей,Топлообменник XT,36342/261125,2.0,0.0,2.0,0.0,,0.0,L,779.9984599999999,M,,
6721,7,1,1317658632,Газ анализ - Сензори,Universal control unit,E250569/1111,1.0,0.0,1.0,0.0,,0.0,L,1527.68,M,,
6721,8,1,1317658632,Сензори,Дебитомер Н2,06c53400200,1.0,0.0,1.0,0.0,,0.0,L,1735.0,M,,
6721,9,1,1317658632,Газ анализ - Сензори,Universal control unit,E250569/2222,1.0,0.0,1.0,0.0,,0.0,L,1527.68,M,,
6721,10,1,1317658632,Газ анализ - Сензори,Анализатор на общозапалими вещества Sirius 8866,E250569/111,1.0,0.0,1.0,0.0,,0.0,L,3033.6,M,,
6721,11,1,1317658632,Сензори,Дебитомер О2,06c53400199,1.0,0.0,1.0,0.0,,0.0,L,2506.0,M,,
6721,12,1,1317658632,Газ анализ - Сензори,Анализатор на общозапалими вещества Sirius 8866,E250569/222,1.0,0.0,1.0,0.0,,0.0,L,3033.6,M,,
6721,13,1,1317658632,Кабели - Захранващи,Кабел захранващ 3м,928991/110925,3.0,0.0,3.0,0.0,,0.0,L,180.91,M,,
6721,14,1,1317658632,Газ анализ - Сензори,Електрохимичен кислороден анализатор OxyTrend E2,E250569/3,1.0,0.0,1.0,0.0,,0.0,L,1643.500802,M,,
6721,15,1,1317658632,Други (Електроника),Управление за дебитомери,06c53400198,1.0,0.0,1.0,0.0,,0.0,L,2254.0,M,,
6721,16,1,1317658632,Газ анализ - Сензори,Електрохимичен кислороден анализатор OxyTrend E2,E250569/4,1.0,0.0,1.0,0.0,,0.0,L,1643.500802,M,,
6721,17,1,1317658632,Кабелни Канали,Кабелна скара 60х150х3000мм.,47914/041125/2,3.0,0.0,3.0,0.0,,0.0,L,4.985078,M,,
6721,18,1,1317658632,Кабелни Канали,Капак за T-образно разклонение за кабелна скара,280126/1,1.0,0.0,1.0,0.0,,0.0,L,8.206204999999999,M,,
6721,19,1,1317658632,Кабелни Канали,Капак за ъгъл 90° за кабелна скара,280126/2,2.0,0.0,2.0,0.0,,0.0,L,11.550041,M,,
6721,20,1,1317658632,Кабелни Канали,"Капак за ъгъл 90° за кабелна скара широчина 105,",280126/3,1.0,0.0,1.0,0.0,,0.0,L,4.985078,M,,
6721,21,1,1317658632,Кабелни Канали,Капак за ъгъл 90° за кабелна скара 100,280126/4,6.0,0.0,6.0,0.0,,0.0,L,2.183208,M,,
6721,22,1,1317658632,Кабели - Мрежови,"Кабел F/UTP cat.5e, 4x2xAWG24/1, PVC",1469001151/210126/1,305.0,0.0,305.0,0.0,,0.0,L,0.39,M,,
6721,23,1,1317658632,Клеми,Клема винтова 6mm AVK6 сива,1469000128/060126/7,20.0,0.0,20.0,0.0,,0.0,L,0.39,M,,
6721,24,1,1317658632,Клеми,Клема винтова 6mm AVK6 синя,1469000128/060126/8,10.0,0.0,10.0,0.0,,0.0,L,0.44,M,,
6721,25,1,1317658632,Клеми,Клема винтова заземителна 6-10mm AVK6/20Т,1469000128/060126/9,9.0,0.0,9.0,0.0,,0.0,L,1.39,M,,
6721,26,1,1317658632,Други (Електроника),Контакт доп. NC заден м-ж (ав. стоп),1459015258/090925/5,3.0,0.0,3.0,0.0,,0.0,L,3.77,L,,
6722,0,1,1317658632,Шрак техник ЕООД,Кабелен канал  40x40mm,1459016267/240925,10.0,0.0,10.0,0.0,,0.0,L,10.87,L,,
6722,1,1,1317658632,Кабелни Канали,Кабелен канал 60х25mm,1459019939/121125/7,12.0,0.0,12.0,0.0,,0.0,L,9.55,L,,
6722,2,1,1317658632,Кабелни Канали,Кабелен канал 60х40mm,1459019939/121125/6,12.0,0.0,12.0,0.0,,0.0,L,11.24,L,,
6722,3,1,1317658632,Кабелни Канали,Кабелен канал 60х40mm,1469000128/060126/4,10.0,0.0,10.0,0.0,,0.0,L,5.7469,M,,
6722,4,1,1317658632,Кабелни Канали,Кабелен канал 60х60mm,1459019996/121125,12.0,0.0,12.0,0.0,,0.0,L,15.84,L,,
6722,5,1,1317658632,Кабелни Канали,Кабелен канал 60х60mm,1469000128/060126/3,10.0,0.0,10.0,0.0,,0.0,L,8.098834,M,,
6722,6,1,1317658632,Клеми,Клемни марк.хор. DY5 1-50 (50 символа),1459019939/121125/1,4.0,0.0,4.0,0.0,,0.0,L,2.14,L,,
6722,7,1,1317658632,Клеми,Клемни марк.хор. DY5 101-150 (50 символа),1459019939/121125/3,4.0,0.0,4.0,0.0,,0.0,L,2.14,L,,
6722,8,1,1317658632,Клеми,Клемни марк.хор. DY5 151-200 (50 символа),1459019939/121125/4,4.0,0.0,4.0,0.0,,0.0,L,2.14,L,,
6722,9,1,1317658632,Клеми,Клемни марк.хор. DY5 51-100 (50 символа),1459019939/121125/2,4.0,0.0,4.0,0.0,,0.0,L,2.14,L,,
6722,10,1,1317658632,Клеми,"Клемни марк.верт.DY10/6,5 ненадписани (30х)",1459020514/191125/2,4.0,0.0,4.0,0.0,,0.0,L,1.45,L,,
6722,11,1,1317658632,3. Инструменти,"Клещи за каб. обувки, 0.5-6мм",1469001221/220126/19,1.0,0.0,1.0,0.0,,0.0,L,47.67,M,,
6722,12,1,1317658632,"Кабелни накрайници, обувки","Конектор RJ45, cat.5, MP0011",1459016513/290925,100.0,0.0,100.0,0.0,,0.0,L,0.24,M,,
6722,13,1,1317658632,Други (Електроника),"Контакт за DIN релса, 16А",1469000128/060126/6,1.0,0.0,1.0,0.0,,0.0,L,3.46,M,,
6722,14,1,1317658632,Контактори,"Контактор 30kW/65A, AC-3, 230V AC размер 2",181225/5,3.0,0.0,3.0,0.0,,0.0,L,142.868,L,,
6722,15,1,1317658632,Клеми,"Крайна секция за клеми 2,5-10мм сива",1469000014/050126/8,24.0,0.0,24.0,0.0,,0.0,L,0.21,M,,
6722,16,1,1317658632,Клеми,Кр. скоба за DIN релса,1459019733/101125/5,35.0,0.0,35.0,0.0,,0.0,L,0.54,L,,
6722,17,1,1317658632,Клеми,Кр. скоба за DIN релса,1459019939/121125/5,20.0,0.0,20.0,0.0,,0.0,L,0.54,L,,
6722,18,1,1317658632,Клеми,Кр. скоба за DIN релса,1469000014/050126/7,24.0,0.0,24.0,0.0,,0.0,L,0.28,M,,
6722,19,1,1317658632,Клеми,Крайна секция YBK 2F,1459019733/101125/3,20.0,0.0,20.0,0.0,,0.0,L,0.64,L,,
6722,20,1,1317658632,Клеми,Крайна секция YBK 2F,1459020514/191125/3,20.0,0.0,20.0,0.0,,0.0,L,0.64,L,,
6722,21,1,1317658632,Клеми,Крайна секция за IK690001,459020513/191125/1,8.0,0.0,8.0,0.0,,0.0,L,0.62,L,,
6722,22,1,1317658632,Клеми,Крайна секция за YBK 6mm.,1459020514/191125/4,20.0,0.0,20.0,0.0,,0.0,L,0.35,L,,
6722,23,1,1317658632,Други (Електроника),Кутия за бутони с 1 отв. (ав. стоп),1459015258/090925/4,3.0,0.0,3.0,0.0,,0.0,L,13.78,L,,
6722,24,1,1317658632,"Прекъсвачи, Предпазители",Прекъсвач мин. AMPARO 6kA C 25А 3P,1459015258/090925/1,6.0,0.0,6.0,0.0,,0.0,L,14.65,L,,
6722,25,1,1317658632,"Прекъсвачи, Предпазители",Прекъсвач мин. AMPARO 6kA C 32А 3P,1469000014/050126/5,1.0,0.0,1.0,0.0,,0.0,L,6.37,M,,
6722,26,1,1317658632,3. Инструменти,Отвертка права 2.4х75,1459019554/071125/8,2.0,0.0,2.0,0.0,,0.0,L,6.29,L,,
6722,27,1,1317658632,Клеми,"Пр. клема 2,5мм, сива, двуредна, YBK 2,5-2F",1459019554/071125/6,4.0,0.0,4.0,0.0,,0.0,L,2.22,L,,
6724,0,1,1317658632,Клеми,"Пр. клема 2,5мм, сива, двуредна, YBK 2,5-2F",1459019733/101125/2,100.0,0.0,100.0,0.0,,0.0,L,2.22,L,,
6724,1,1,1317658632,Клеми,"Пр. клема 2,5мм, сива, двуредна, YBK 2,5-2F",459020513/191125/2,50.0,0.0,50.0,0.0,,0.0,L,2.22,L,,
6724,2,1,1317658632,Клеми,"Пр. клема триредна, 2,5мм, YBK 2,5-3F",1459019554/071125/7,4.0,0.0,4.0,0.0,,0.0,L,3.09,L,,
6724,3,1,1317658632,Клеми,"Пр. клема триредна, 2,5мм, YBK 2,5-3F",1459019733/101125/4,40.0,0.0,40.0,0.0,,0.0,L,3.09,L,,
6724,4,1,1317658632,Клеми,"Пружинна клема, YBK 6mm",1459019733/101125/6,30.0,0.0,30.0,0.0,,0.0,L,1.05,L,,
6724,5,1,1317658632,Релета,Реле мини тип PT 14 пина 4CO 230AC 6A,1459015834/170925/5,2.0,0.0,2.0,0.0,,0.0,L,9.29,L,,
6724,6,1,1317658632,Релета,Реле мини тип PT 14 пина 4CO 230AC 6A,pt154,9.0,0.0,9.0,0.0,,0.0,L,9.29,L,,
6724,7,1,1317658632,Клеми,Свързваща клема 2х0.2-4мм,1459019554/071125/2,100.0,0.0,100.0,0.0,,0.0,L,0.49,L,,
6724,8,1,1317658632,Клеми,Свързваща клема 3х0.2-4мм,1459019554/071125/3,50.0,0.0,50.0,0.0,,0.0,L,0.6,L,,
6724,9,1,1317658632,Клеми,Свързваща клема 5х0.2-4мм,1459019554/071125/4,25.0,0.0,25.0,0.0,,0.0,L,0.97,L,,
6724,10,1,1317658632,2. Корпуси,"Табло с 2 врати, 1200х1200х300",1469000014/050126/6,1.0,0.0,1.0,0.0,,0.0,L,369.63,M,,
6724,11,1,1317658632,2. Корпуси,Табло с монт. пл. 1200х800х300,1469000014/050126/1,1.0,0.0,1.0,0.0,,0.0,L,242.06,M,,
6724,12,1,1317658632,Релета,Реле термично за контактор 12 - 16А размер 0,1469000014/050126/2,2.0,0.0,2.0,0.0,,0.0,L,20.65,M,,
6724,13,1,1317658632,Релета,"Цокъл за реле RS/PT5 4CO, винт.кл. 10А",1459019939/121125/14,10.0,0.0,10.0,0.0,,0.0,L,1.86,M,,
6724,14,1,1317658632,Контактори,"Контактор 4kW/9A, AC-3, 1NO, 230V AC размер 0",181225/4,2.0,0.0,2.0,0.0,,0.0,L,0.0,L,,
6724,15,1,1317658632,Контактори,"Контактор 22kW/50A, AC-3, 230V AC размер 2",181225/3,2.0,0.0,2.0,0.0,,0.0,L,0.0,L,,
6724,16,1,1317658632,"Прекъсвачи, Предпазители",Предпазител LQA01230 16А,090925/14,9.0,0.0,9.0,0.0,,0.0,L,0.0,L,,
6724,17,1,1317658632,"Прекъсвачи, Предпазители",Прекъсвач мин.авт. C 32/1 6kA,BMS6,4.0,0.0,4.0,0.0,,0.0,L,1.0,L,,
6724,18,1,1317658632,"Прекъсвачи, Предпазители",Прекъсвач (C20/3),201025/6,2.0,0.0,2.0,0.0,,0.0,L,0.0,M,,
6724,19,1,1317658632,1.2.1. Части (Очиска),Демистър 4“ - Кръст,29416/271125/1,24.0,0.0,24.0,0.0,,0.0,L,2.351934,M,,
6724,20,1,1317658632,"Прекъсвачи, Предпазители",Прекъсвач (C43),181225/6,4.0,0.0,4.0,0.0,,0.0,L,0.0,L,,
6724,21,1,1317658632,"Прекъсвачи, Предпазители",Прекъсвач (C63/3),181225/6,1.0,0.0,1.0,0.0,,0.0,L,0.0,L,,
6724,22,1,1317658632,"Прекъсвачи, Предпазители","Прекъсвач (MCB 10kA,  D10/3)",220126/1,1.0,0.0,1.0,0.0,,0.0,L,0.0,L,,
6724,23,1,1317658632,"Прекъсвачи, Предпазители",Прекъсвач мин.авт. AMPARO 10kA D 16A 3P,1469000014/050126/3,1.0,0.0,1.0,0.0,,0.0,L,10.49,M,,
6724,24,1,1317658632,"Прекъсвачи, Предпазители",Прекъсвач мин.авт. AMPARO 10kA D 20A 3P,1469000014/050126/4,2.0,0.0,2.0,0.0,,0.0,L,10.67,M,,
6724,25,1,1317658632,Релета,Времереле 24-240V AC/DC 1CO 8А/250V,1459017125/061025,1.0,0.0,1.0,0.0,,0.0,L,52.84,L,,
6724,26,1,1317658632,1.2.1. Части (Очиска),Демистър 4“ - Ос,031225/1,3.56,0.0,3.56,0.0,,0.0,L,0.51129,M,,
6724,27,1,1317658632,Платки - Green Innovation, IRM-03-12 захранващо устройство,661/181125/1,10.0,0.0,10.0,0.0,,0.0,L,8.75,L,,
6724,28,1,1317658632,М5,Болт М5х12,263403/211025/1,20.0,0.0,20.0,0.0,,0.0,L,0.18,L,,
6726,0,1,1317658632,М5,Болт М5х12,265835/031225/4,16.0,0.0,16.0,0.0,,0.0,L,0.18,L,,
6726,1,1,1317658632,"Схеми, софтуери",Интегрални схеми,432681/281025/1,60.0,0.0,60.0,0.0,,0.0,L,2.71,L,,
6726,2,1,1317658632,"Схеми, софтуери",Интегрални схеми 1,433309/061125/1,50.0,0.0,50.0,0.0,,0.0,L,0.26,L,,
6726,3,1,1317658632,"Схеми, софтуери",Интегрални схеми 2,433309/061125/2,60.0,0.0,60.0,0.0,,0.0,L,2.46,L,,
6726,4,1,1317658632,"Схеми, софтуери",Интегрални схеми 3,433309/061125/3,20.0,0.0,20.0,0.0,,0.0,L,3.44,L,,
6726,5,1,1317658632,Кабелни Канали,Кабелна обувка без изолация,2730593/011225,30.0,0.0,30.0,0.0,,0.0,L,2.15,L,,
6726,6,1,1317658632,Платки - Green Innovation,Кв. резонатор,434394/211125/1,100.0,0.0,100.0,0.0,,0.0,L,0.29,L,,
6726,7,1,1317658632,Комет електроникс,Клеми,432483/241025/3,5.0,0.0,5.0,0.0,,0.0,L,1.48,L,,
6726,8,1,1317658632,Комет електроникс,Клеми 1,432483/241025/4,2.0,0.0,2.0,0.0,,0.0,L,7.91,L,,
6726,9,1,1317658632,Комет електроникс,Клеми 3,432483/241025/5,5.0,0.0,5.0,0.0,,0.0,L,0.06,L,,
6726,10,1,1317658632,Комет електроникс,Клеми 4,432483/241025/6,5.0,0.0,5.0,0.0,,0.0,L,2.09,L,,
6726,11,1,1317658632,Комет електроникс,Клеми 5,432483/241025/7,2.0,0.0,2.0,0.0,,0.0,L,7.91,L,,
6726,12,1,1317658632,Комет електроникс,Клеми 6,432483/241025/8,5.0,0.0,5.0,0.0,,0.0,L,0.06,L,,
6726,13,1,1317658632,Комет електроникс,Клеми HD,432681/281025/2,50.0,0.0,50.0,0.0,,0.0,L,3.33,L,,
6726,14,1,1317658632,2.6. Арматури,Филтър на фл. 316 INOX PN16 DN50,10143532/110925/f50,6.0,0.0,6.0,0.0,,0.0,L,354.216599,M,,
6726,15,1,1317658632,Платки - Green Innovation,Кондензатори,35ZLH100MEFC6.3x11/19613,600.0,0.0,600.0,0.0,,0.0,L,0.1,L,,
6726,16,1,1317658632,Платки - Green Innovation,Кондензатори 47uF 6.3V X5R Samsung,432681/281025/3,300.0,0.0,300.0,0.0,,0.0,L,0.07,L,,
6726,17,1,1317658632,"Кабелни накрайници, обувки",Конектори cat.7a,19931/031225,100.0,0.0,100.0,0.0,,0.0,L,0.76,L,,
6726,18,1,1317658632,2.5.4. Вентили,Магнетвентил 3/4“,181225/1,4.0,0.0,4.0,0.0,,0.0,L,0.0,L,,
6726,19,1,1317658632,2.5.4. Вентили,Магнетвентил 1/2“,181225/2,5.0,0.0,5.0,0.0,,0.0,L,208.25,L,,
6726,20,1,1317658632,Платки - Green Innovation,Модули,434285/201125,10.0,0.0,10.0,0.0,,0.0,L,6.95,L,,
6726,21,1,1317658632,Платки - Green Innovation,Опртони,432483/241025/1,200.0,0.0,200.0,0.0,,0.0,L,0.09,L,,
6726,22,1,1317658632,Платки - Green Innovation,Оптрони,432483/241025/2,25.0,0.0,25.0,0.0,,0.0,L,0.44,L,,
6726,23,1,1317658632,Платки - Green Innovation,Платка GI1LZDV8,19860/141125/1,4.0,0.0,4.0,0.0,,0.0,L,18.8,L,,
6726,24,1,1317658632,Платки - Green Innovation,Платка GI1PWR02,19860/141125/2,4.0,0.0,4.0,0.0,,0.0,L,22.69,L,,
6726,25,1,1317658632,Платки - Green Innovation,Платка GI1RS485,19860/141125/3,8.0,0.0,8.0,0.0,,0.0,L,13.09,L,,
6726,26,1,1317658632,Платки - Green Innovation,Платка GI1TZDV8,19860/141125/4,18.0,0.0,18.0,0.0,,0.0,L,4.96,L,,
6726,27,1,1317658632,Платки - Green Innovation,Платка GI1UZDV8,19860/141125/5,4.0,0.0,4.0,0.0,,0.0,L,18.54,L,,
6726,28,1,1317658632,2.5.4. Вентили,Вентил предпазен 1216 НРЖ PN40 2“x2“,202530099001,1.0,0.0,1.0,0.0,,0.0,L,954.0,L,,
6726,29,1,1317658632,Платки - Green Innovation,Платки 1,GI1SCPU1/19614/190925,8.0,0.0,8.0,0.0,,0.0,L,16.94,L,,
6726,30,1,1317658632,Платки - Green Innovation,Платки 2,GI1UART2/19615/190925,12.0,0.0,12.0,0.0,,0.0,L,10.67,L,,
6727,0,1,1317658632,Платки - Green Innovation,Платки 3,GI3CIN16/19613/190925,10.0,0.0,10.0,0.0,,0.0,L,13.18,L,,
6727,1,1,1317658632,3. Инструменти,Преходник,263403/211025/2,1.0,0.0,1.0,0.0,,0.0,L,4.16,L,,
6727,2,1,1317658632,3. Инструменти,Преходник,265835/031225/3,4.0,0.0,4.0,0.0,,0.0,L,4.16,L,,
6727,3,1,1317658632,Платки - Green Innovation,Резистори 4.7K 5%,433867/131125/2,1000.0,0.0,1000.0,0.0,,0.0,L,0.01,L,,
6727,4,1,1317658632,"Кабелни накрайници, обувки",Съединители,432681/281025/4,100.0,0.0,100.0,0.0,,0.0,L,0.23,L,,
6727,5,1,1317658632,"Кабелни накрайници, обувки",Съединители 1,433867/131125/1,50.0,0.0,50.0,0.0,,0.0,L,0.38,L,,
6727,6,1,1317658632,"Кабелни накрайници, обувки",Съединители 2,433309/061125/4,50.0,0.0,50.0,0.0,,0.0,L,0.3,L,,
6727,7,1,1317658632,"Кабелни накрайници, обувки",Съединители 3,434394/211125/3,1000.0,0.0,1000.0,0.0,,0.0,L,0.03,L,,
6727,8,1,1317658632,"Кабелни накрайници, обувки",Съединители 4,434394/211125/4,200.0,0.0,200.0,0.0,,0.0,L,0.06,L,,
6727,9,1,1317658632,Сензори,"Термодвойка тип К1300, 150мм.",24295/141025,2.0,0.0,2.0,0.0,,0.0,L,32.615189,M,,
6727,10,1,1317658632,Други (Електроника),Торморегулатор REX C100 SSR,2025Y06M,2.0,0.0,2.0,0.0,,0.0,L,17.041296,M,,
6727,11,1,1317658632,Други (Електроника),Ф2.5 21L2K1T25 R42,12345,7.0,0.0,7.0,0.0,,0.0,L,0.0,L,,
6727,12,1,1317658632,Други (Електроника),Ф3.0 21L2K1T30 P08,123456,1.0,0.0,1.0,0.0,,0.0,L,0.0,L,,
6727,13,1,1317658632,Платки - Green Innovation,Цокли М8,429962/150925,240.0,0.0,240.0,0.0,,0.0,L,0.38,L,,
6727,14,1,1317658632,Платки - Green Innovation,Цокъл  М16,434394/211125/2,150.0,0.0,150.0,0.0,,0.0,L,0.63,L,,
6727,15,1,1317658632,Платки - Green Innovation,"Захранващо устройство, SDR-240-24",661/181125/3,1.0,0.0,1.0,0.0,,0.0,L,180.0,L,,
6727,16,1,1317658632,Други (Електроника),Щекер  (LD),265836/031225/2,13.0,0.0,13.0,0.0,,0.0,L,1.59,M,,
6727,17,1,1317658632,1.2.1. Части (Очиска),Демистър 4“ - Гъба (Wire mesh sep. mono circol.),246/141025,21.0,0.0,21.0,0.0,,0.0,L,82.00069,M,,
6727,18,1,1317658632,1.1.1. Части (Електролизьор),Ламарина кръг 1060мм 316L 3мм,140126/1,32.0,0.0,32.0,0.0,,0.0,L,1.0,M,,
6727,19,1,1317658632,1.1.1. Части (Електролизьор),Плочa PP 500x500x20мм,4033/171125,6.0,0.0,6.0,0.0,,0.0,L,53.685449999999996,M,,
6727,20,1,1317658632,1.1.1. Части (Електролизьор),Плочa PP 500x500x20мм,4046/121225,2.0,0.0,2.0,0.0,,0.0,L,53.685449999999996,M,,
6727,21,1,1317658632,1.1.1. Части (Електролизьор),"Уплътнение от експандиран теф. ф397х325х0,5мм",4507/241125,455.0,0.0,455.0,0.0,,0.0,L,9.561123,M,,
6727,22,1,1317658632,2.2. Фитинги за заваряване,"Капа 316L (219,1х2) 8“",10148408/210126/1,6.0,0.0,6.0,0.0,,0.0,L,26.438806,M,,
6727,23,1,1317658632,Кабели - Сензори,Кабел PUR М12 конектор 2м,28082025/31,48.0,0.0,48.0,0.0,,0.0,L,0.0,L,,
6727,24,1,1317658632,Кабели - Сензори,Кабел PUR М12 конектор 10м,28082025/30,35.0,0.0,35.0,0.0,,0.0,L,0.0,L,,
6727,25,1,1317658632,Кабели - Сензори,Кабел PUR М12 конектор 15м,38838/27082025,67.0,0.0,67.0,0.0,,0.0,L,54.566,L,,
6727,26,1,1317658632,Кабели - Сензори,Кабел PUR М12 конектор 12м,28082025/32,1.0,0.0,1.0,0.0,,0.0,L,0.0,L,,
6727,27,1,1317658632,Винтове,"Винт самопробивен с шайба 5,5х32",167836/041125/3,100.0,0.0,100.0,0.0,,0.0,L,0.25,L,,
6727,28,1,1317658632,Гофри,Гофре армирано ф16 V филтър,8032/101125/1,35.0,0.0,35.0,0.0,,0.0,L,1.17,L,,
6727,29,1,43469508,1.2.1. Части (Очиска),Демистър 4“ - Гъба (Wire mesh sep. mono circol.),246/141025,15.0,0.0,0.0,0.0,Y,82.00069,M,82.00069,M,в 08:50 през “Складове и Стоки”,
6728,0,1,1317658632,Шрак техник ЕООД,Изолирбанд черен 19ммх25мм,1469001221/220126/16,1.0,0.0,1.0,0.0,,0.0,L,1.14,M,,
6728,1,1,1317658632,Шрак техник ЕООД,Каб. превръзка черна 2.5х96,1469001221/220126/18,200.0,0.0,200.0,0.0,,0.0,L,0.0062,M,,
6728,2,1,1317658632,7. Кабели,Кабел 4х0,201025/28871/1,100.0,0.0,100.0,0.0,,0.0,L,0.36,L,,
6728,3,1,1317658632,7. Кабели,Кабел 6х1,201025/28871/2,21.0,0.0,21.0,0.0,,0.0,L,0.48,L,,
6728,4,1,1317658632,7. Кабели,"Кабел ШВПЛ-Б 2х0,5, бял",8378/070126/6,100.0,0.0,100.0,0.0,,0.0,L,0.27,M,,
6728,5,1,1317658632,7. Кабели,"Кабел ШВПС 2х0,75, бял",8032/101125/2,100.0,0.0,100.0,0.0,,0.0,L,0.41,M,,
6728,6,1,1317658632,7. Кабели,"Кабел ШВПС 2х0,75, бял",8378/070126/1,100.0,0.0,100.0,0.0,,0.0,L,0.41,M,,
6728,7,1,1317658632,7. Кабели,"Кабел ШВПС 3х0,75, бял",8378/070126/2,30.0,0.0,30.0,0.0,,0.0,L,0.49,M,,
6728,8,1,1317658632,7. Кабели,"Кабел ШВПС 3х1, бял",8378/070126/3,100.0,0.0,100.0,0.0,,0.0,L,0.62,M,,
6728,9,1,1317658632,7. Кабели,"Кабел ШВПС 3х1,5, кв. бял",8378/070126/4,100.0,0.0,100.0,0.0,,0.0,L,0.84,M,,
6728,10,1,1317658632,7. Кабели,"Кабел ШВПС 5х1,5 бял",8378/070126/5,100.0,0.0,100.0,0.0,,0.0,L,1.38,M,,
6728,11,1,1317658632,7. Кабели,Кабел HO7V-K 25мм жълт/зелен,213597/011225/1,10.0,0.0,10.0,0.0,,0.0,L,2.817208,M,,
6728,12,1,1317658632,Шрак техник ЕООД,"Кабелен накрайник 6мм 0,34мм",1459019554/071125/5,500.0,0.0,500.0,0.0,,0.0,L,0.03,L,,
6728,13,1,1317658632,Шрак техник ЕООД,"Кабелен накрайник 6мм 0,34мм",1459019733/101125/7,500.0,0.0,500.0,0.0,,0.0,L,0.03,L,,
6728,14,1,1317658632,Шрак техник ЕООД,"Кабелен накрайник 6мм 0,34мм",1459022054/101225,500.0,0.0,500.0,0.0,,0.0,L,0.03,L,,
6728,15,1,1317658632,"Кабелни накрайници, обувки","Кабелен накрайник 8mm сив 2x0,75mm",1469001221/220126/10,200.0,0.0,200.0,0.0,,0.0,L,0.0176,M,,
6728,16,1,1317658632,"Кабелни накрайници, обувки","Кабелен накрайник дв. 8mm 2x0,5mm",1459020514/191125/1,300.0,0.0,300.0,0.0,,0.0,L,0.03,L,,
6728,17,1,1317658632,"Кабелни накрайници, обувки","Кабелен накрайник дв. 8мм, 2х1.5мм",1469001221/220126/11,200.0,0.0,200.0,0.0,,0.0,L,0.02,M,,
6728,18,1,1317658632,"Кабелни накрайници, обувки","Кабелен накрайник дв., 10 mm, 2x2.5mm",1469001221/220126/14,200.0,0.0,200.0,0.0,,0.0,L,0.01,M,,
6728,19,1,1317658632,"Кабелни накрайници, обувки","Кабелен накрайник дв., 12мм, 2х4мм",1469001221/220126/15,200.0,0.0,200.0,0.0,,0.0,L,0.051699999999999996,M,,
6728,20,1,1317658632,"Кабелни накрайници, обувки","Кабелен накрайник дв., 8мм, 2х0.5мм",1469001221/220126/8,200.0,0.0,200.0,0.0,,0.0,L,0.0172,M,,
6728,21,1,1317658632,"Кабелни накрайници, обувки","Кабелен накрайник дв.14мм, 2х6мм",1469001221/220126/13,100.0,0.0,100.0,0.0,,0.0,L,0.07,M,,
6728,22,1,1317658632,"Кабелни накрайници, обувки","Кабелен накрайник дв.8 мм, 2х1мм",1469001221/220126/9,200.0,0.0,200.0,0.0,,0.0,L,0.02,M,,
6728,23,1,1317658632,Шрак техник ЕООД,Кабелна превръзка бяла 2.5х96,1469001221/220126/17,200.0,0.0,200.0,0.0,,0.0,L,0.01,M,,
6728,24,1,1317658632,"Кабелни накрайници, обувки","Обувка изол. М5, 1.5-2.5мм",1469001221/220126/6,200.0,0.0,200.0,0.0,,0.0,L,0.06,M,,
6728,25,1,1317658632,"Кабелни накрайници, обувки","Обувка изол. М6, 0.25-1.5мм",1469001221/220126/12,200.0,0.0,200.0,0.0,,0.0,L,0.06,M,,
6728,26,1,35663615,Сензори,Дебитомер DN25-R1-M-24V-PTFE,,0.0,0.0,0.0,0.0,Y,1357.5,M,1357.5,M,в 13:02 през “Складове и Стоки”,
6728,27,1,39240599,Релета,Цокъл за реле PT 14 пина с лог.подр. 6A,,20.0,0.0,0.0,0.0,Y,0.0,L,0.0,M,в 13:07 през “Складове и Стоки”,
6729,0,1,1317658632,"Кабелни накрайници, обувки",Съединител изол.0.25-1.5мм,1469001221/220126/7,200.0,0.0,200.0,0.0,,0.0,L,0.05,M,,
6729,1,1,1317658632,Ивда Гео,"Шкурка CRD руло 5м./115, P120",8032/101125/4,5.0,0.0,5.0,0.0,,0.0,L,1.24,L,,
6729,2,1,1317658632,2. Консумативи,20`` DV Контейнер,167/121125,1.0,0.0,1.0,0.0,,0.0,L,6700.0,L,,
6729,3,1,1317658632,2. Консумативи,Вентилатор за баня МТ100С,20218272/111125/1,2.0,0.0,2.0,0.0,,0.0,L,39.99,L,,
6729,4,1,1317658632,2. Консумативи,"Диск рязане ф125х1, прав",81288/211125/1,25.0,0.0,25.0,0.0,,0.0,L,2.16,L,,
6729,5,1,1317658632,2. Консумативи,Етилов алкохол 96%,74922/260925,20.0,0.0,20.0,0.0,,0.0,L,18.96,L,,
6729,6,1,1317658632,2. Консумативи,Клапа ф100,20218272/111125/2,3.0,0.0,3.0,0.0,,0.0,L,9.99,L,,
6729,7,1,1317658632,2. Консумативи,Клапа ф120,20218272/111125/3,1.0,0.0,1.0,0.0,,0.0,L,10.99,L,,
6729,8,1,1317658632,2. Консумативи,"Нитрилни ръкавици, оранжеви, XL",460167323/211125/1,300.0,0.0,300.0,0.0,,0.0,L,0.15,L,,
6729,9,1,1317658632,2. Консумативи,"Нитрилни ръкавици, оранжеви, XXL",460167323/211125/2,300.0,0.0,300.0,0.0,,0.0,L,0.15,L,,
6729,10,1,1317658632,2. Консумативи,Свредло цилидрично ф10,10544810/120126/3,1.0,0.0,1.0,0.0,,0.0,L,8.03,M,,
6729,11,1,1317658632,2. Консумативи,Свредло цилидрично ф6,10544810/120126/4,1.0,0.0,1.0,0.0,,0.0,L,3.6,M,,
6729,12,1,1317658632,2. Консумативи,Свредло цилидрично ф8,10544810/120126/5,1.0,0.0,1.0,0.0,,0.0,L,5.35,M,,
6729,13,1,1317658632,2. Консумативи,Смола за дейонизатор,122217/18082025,194.0,0.0,194.0,0.0,,0.0,L,31.2,L,,
6729,14,1,1317658632,2. Консумативи,"Тефлонова лента, 13м 3/4`",3901-00,35.0,0.0,35.0,0.0,,0.0,L,3.396,L,,
6729,15,1,1317658632,2. Консумативи,"Тефлонова лента, 7м. 1/2`",3899-00,25.0,0.0,25.0,0.0,,0.0,L,1.56,L,,
6729,16,1,1317658632,2.8. Маркучи,Шлаух полиамид бял 8/6,261188/090925/1,100.0,0.0,100.0,0.0,,0.0,L,4.83,L,,
6729,17,1,1317658632,2.8. Маркучи,"Шлаух полиамид бял 15/12,5",265835/031225/5,50.0,0.0,50.0,0.0,,0.0,L,5.3,L,,
6729,18,1,1317658632,2.5.1. Кранове на фланци,Кран сфер. на фл. 2-части 316L PN40 1“,84818081/101225,9.0,0.0,9.0,0.0,,0.0,L,66.73,M,,
6729,19,1,1317658632,2.5.6. Актуатори,Актуатор (Electric act. GE-15 24/240V),85439000/101225,5.0,0.0,5.0,0.0,,0.0,L,309.93,M,,
6729,20,1,1317658632,2.5.2. Кранове на заварка,Кран сфер. на зав. 3-части 316L PN63 1“,84818099/1/101225,13.0,0.0,13.0,0.0,,0.0,L,15.783522,M,,
6729,21,1,1317658632,2.5.3. Кранове на резба,Кран сфер. на рез. 316L PN64 DN15,265835/031225/2,6.0,0.0,6.0,0.0,,0.0,L,110.5,L,,
6729,22,1,1317658632,2.5.3. Кранове на резба,Кран сфер. на рез. 316L PN64 DN25,16156,5.0,0.0,5.0,0.0,,0.0,L,0.0,L,,
6729,23,1,1317658632,2.5.3. Кранове на резба,Кран сфер. на рез. 316L PN64 DN20,263496/221025,1.0,0.0,1.0,0.0,,0.0,L,75.14,L,,
6729,24,1,1317658632,2.5.3. Кранове на резба,Кран сфер. на рез. 316L DN15,265835/031225/1,8.0,0.0,8.0,0.0,,0.0,L,65.28,L,,
6729,25,1,43862356,2.5.2. Кранове на заварка,Кран сфер. на зав. 3-части 316L PN63 1“,84818099/1/101225,13.0,0.0,9.0,0.0,Y,15.783522,M,15.783522,M,в 12:41 през “Складове и Стоки”,
6729,26,1,1317658632,2.5.3. Кранове на резба,Кран сфер. на рез. 3-части 316L PN63 (Акт) 1“,28082025/15,7.0,0.0,7.0,0.0,,0.0,L,0.0,L,,
6729,27,1,1317658632,2.5.4. Вентили,Вентил предпазен 1216 НРЖ PN40 2“x2“,202530099002,1.0,0.0,1.0,0.0,,0.0,L,954.0,L,,
6729,28,1,1317658632,2. Консумативи,"О пръстен 47.22/3.53, EPDM 70",196057/131025,20.0,0.0,20.0,0.0,,0.0,L,0.82,L,,
6730,0,1,1317658632,М16,Шайба пружинна vZn M16,1200180962/251125,200.0,0.0,200.0,0.0,,0.0,L,0.67,L,,
6730,1,1,1317658632,3. Метални Елементи,Винкел ГВ 40/40/3,134462/191125/1,12.0,0.0,12.0,0.0,,0.0,L,1.978692,M,,
6730,2,1,1317658632,3. Метални Елементи,"Профилна тръба 304 20х20х1,5",10147014/031225,12.0,0.0,12.0,0.0,,0.0,L,5.11,M,,
6730,3,1,1317658632,2.1. Тръби,"Тръба шевна 304L (48,3х3) 1 1/2“",10143532/110925/48x3x3,25.799999999999997,0.0,25.799999999999997,0.0,,0.0,L,31.570000000000004,L,,
6730,4,1,1317658632,2.1. Тръби,"Тръба шевна 304L (33,7x2) 1``",10143532/110925/33.7,77.0,0.0,77.0,0.0,,0.0,L,22.58,L,,
6730,5,1,1317658632,2.1. Тръби,"Тръба шевна 304L (33,7x2) 1``",28082025/3,0.22,0.0,0.22,0.0,,0.0,L,22.58,L,,
6730,6,1,1317658632,2.1. Тръби,"Тръба шевна 304L (33,7х3) 1“",10143532/110925/33.7/3,25.0,0.0,25.0,0.0,,0.0,L,22.58,L,,
6730,7,1,1317658632,Сензори,Трансмитер за налягане 0-3 bar,131125/rem,2.0,0.0,2.0,0.0,,0.0,L,1.0,L,,
6730,8,1,1317658632,Скоби,Скоба укрепваща с уплътнение 2“,10144596/101025/4,4.0,0.0,4.0,0.0,,0.0,L,1.61,L,,
6730,9,1,1317658632,Сензори,Трансмитер за налягане 0-10 bar. G 1/2“,25685,1.0,0.0,1.0,0.0,,0.0,L,639.432,L,,
6730,10,1,1317658632,Сензори,Трансмитер за налягане 0-10 bar. G 1/2“,25686,1.0,0.0,1.0,0.0,,0.0,L,639.432,L,,
6730,11,1,1317658632,Сензори,Трансмитер за налягане 0-10 bar. G 1/2“,25687,1.0,0.0,1.0,0.0,,0.0,L,639.432,L,,
6730,12,1,1317658632,Сензори,Трансмитер за налягане 0-10 bar. G 1/2“,25688,1.0,0.0,1.0,0.0,,0.0,L,639.432,L,,
6730,13,1,1317658632,Сензори,Трансмитер за налягане 0-10 bar. G 1/2“,25689,1.0,0.0,1.0,0.0,,0.0,L,639.432,L,,
6730,14,1,1317658632,Сензори,Трансмитер за налягане 0-10 bar. G 1/2“,25690,1.0,0.0,1.0,0.0,,0.0,L,639.432,L,,
6730,15,1,1317658632,Сензори,Трансмитер за налягане 0-10 bar. G 1/2“,25691,1.0,0.0,1.0,0.0,,0.0,L,639.432,L,,
6730,16,1,1317658632,Сензори,Трансмитер за налягане 0-10 bar. G 1/2“,25692,1.0,0.0,1.0,0.0,,0.0,L,639.432,L,,
6730,17,1,1317658632,Сензори,Трансмитер за налягане 0-10 bar. G 1/2“,25693,1.0,0.0,1.0,0.0,,0.0,L,639.432,L,,
6730,18,1,1317658632,Сензори,Трансмитер за налягане 0-10 bar. G 1/2“,25695,1.0,0.0,1.0,0.0,,0.0,L,639.43,L,,
6730,19,1,1317658632,Сензори,Трансмитер за налягане 0-10 bar. G 1/2“,25696,1.0,0.0,1.0,0.0,,0.0,L,639.43,L,,
6730,20,1,1317658632,Сензори,Трансмитер за налягане 0-10 bar. G 1/2“,25700,1.0,0.0,1.0,0.0,,0.0,L,639.43,L,,
6730,21,1,1317658632,Сензори,Трансмитер за налягане 0-10 bar. G 1/2“,25699,1.0,0.0,1.0,0.0,,0.0,L,639.43,L,,
6730,22,1,1317658632,2.5.5. Клапани,Иглен клапан (0-6bar G 1/4“ EPDM),1031,1.0,0.0,1.0,0.0,,0.0,L,1253.25,L,,
6730,23,1,1317658632,2.5.5. Клапани,Иглен клапан (0-6bar G 1/4“ EPDM),1034,1.0,0.0,1.0,0.0,,0.0,L,1253.25,L,,
6730,24,1,1317658632,2.5.5. Клапани,Иглен клапан (0-6bar G 1/4“ EPDM),1036,1.0,0.0,1.0,0.0,,0.0,L,1253.25,L,,
6730,25,1,1317658632,2.5.5. Клапани,Иглен клапан (0-6bar G 1/4“ FKM),1064,1.0,0.0,1.0,0.0,,0.0,L,1253.25,L,,
6730,26,1,1317658632,2.5.4. Вентили,"Вентил предпазен 1216 НРЖ, PN40  1“х1“",202530315001,1.0,0.0,1.0,0.0,,0.0,L,475.14,L,,
6730,27,1,1317658632,"Кабелни накрайници, обувки","Куплунг M12, 8-пина, кабел 2m.",pbc786382,4.0,0.0,4.0,0.0,,0.0,L,142.83,L,,
6730,28,1,1317658632,5. Устройства,Панел HMI 7`,h70072968,1.0,0.0,1.0,0.0,,0.0,L,295.2,M,,
6732,0,1,1317658632,Сензори,Дебитомер (flowmeter) малък,N01840812254,1.0,0.0,1.0,0.0,,0.0,L,554.06,M,,
6732,1,1,1317658632,Сензори,Дебитомер (flowmeter) малък,N01980812258,1.0,0.0,1.0,0.0,,0.0,L,554.06,M,,
6732,2,1,1317658632,Сензори,Трансмитер за налягане 0-15 bar,230925/6,5.0,0.0,5.0,0.0,,0.0,L,0.0,L,,
6732,3,1,1317658632,Фитинги - Щуцер на резба,Гайки за щуцери 1/2“,261922/240925,70.0,0.0,70.0,0.0,,0.0,L,1.84,L,,
6732,4,1,1317658632,Фитинги - Щуцер на резба,Връзка ъглова 1500  8/6“х1/4“,101225/3,113.0,0.0,113.0,0.0,,0.0,L,3.0,L,,
6732,5,1,1317658632,2.5.4. Вентили,"Вентил предпазен 1216 НРЖ, PN40  1“х1“",202530315008,1.0,0.0,1.0,0.0,,0.0,L,475.14,L,,
6732,6,1,1317658632,2.5.4. Вентили,"Пружина TOSACA 2,1-4,0 bar M2170",10142820/19082025,2.0,0.0,2.0,0.0,,0.0,L,81.52,L,,
6732,7,1,1317658632,2.5.4. Вентили,"Пружина TOSACA 4,1-8,0 bar M2215",10147786/050126/2,2.0,0.0,2.0,0.0,,0.0,L,43.3,M,,
6732,8,1,38903846,Кабелни Канали,Вертканел ъгъл понижаващ 60х152mm с неперфориран,,0.0,0.0,3.0,0.0,Y,16.074958,M,16.074958,M,в 07:57 през “Складове и Стоки”,
6732,9,1,38903846,Кабелни Канали,Вертканел ъгъл понижаващ 60х152mm с неперфориран,290126/1,0.0,0.0,3.0,0.0,Y,16.074958,M,16.074958,M,в 07:58 през “Редактирай Серийни/Партидни №”,
6732,10,1,38903846,Колена на резба,Коляно 90° 316L резба М/Ж 1/2“,,29.0,0.0,43.0,0.0,Y,1.999144,M,1.999144,M,в 09:17 през “Складове и Стоки”,
6732,11,1,38903846,Колена на резба,Коляно 90° 316L резба М/Ж 1/2“,143284/02092025/3,29.0,0.0,43.0,0.0,Y,2.000166,M,2.000166,M,в 09:17 през “Складове и Стоки”,
6732,12,1,38903846,Вътрешна резба,Преход 316L резба вътрешна 150LBS 1“х1/2“,,3.0,0.0,2.0,0.0,Y,0.0,L,0.0,L,в 09:23 през “Складове и Стоки”,
6732,13,1,38903846,Вътрешна резба,Преход 316L резба вътрешна 150LBS 1“х1/2“,181225/17,3.0,0.0,2.0,0.0,Y,0.0,L,0.0,L,в 09:23 през “Складове и Стоки”,
6732,14,1,38903846,Фитинги - Щуцер на резба,Гайки за щуцери 1/2“,,70.0,0.0,81.0,0.0,Y,1.84,L,1.84,L,в 14:35 през “Складове и Стоки”,
6732,15,1,38903846,Фитинги - Щуцер на резба,Гайки за щуцери 1/2“,261922/240925,70.0,0.0,81.0,0.0,Y,1.84,L,1.84,L,в 14:35 през “Складове и Стоки”,
6732,16,1,38903846,Муфи на резба,Муфа 304L резбa 150LBS  1/2``,,108.0,0.0,101.0,0.0,Y,1.349806,M,1.349806,M,в 14:33 през “Складове и Стоки”,
6732,17,1,38903846,Муфи на резба,Муфа 304L резбa 150LBS  1/2``,10143532/110925/1.2,58.0,0.0,51.0,0.0,Y,1.349806,M,1.349806,M,в 14:32 през “Складове и Стоки”,
6732,18,1,38903846,Муфи на резба,Муфа 316L резба 150LBS 1/2“,,14.0,0.0,0.0,0.0,Y,1.840644,M,1.840644,M,в 12:08 през “Складове и Стоки”,
6732,19,1,38903846,Муфи на резба,Муфа 316L резба 150LBS 1/2“,07082025,14.0,0.0,0.0,0.0,Y,1.840644,M,1.840644,M,в 12:08 през “Складове и Стоки”,
6732,20,1,38903846,Муфи на резба,Муфа 304L резбa 150LBS L42 1``,,14.0,0.0,12.0,0.0,Y,2.970595,M,2.970595,M,в 12:10 през “Складове и Стоки”,
6732,21,1,38903846,Муфи на резба,Муфа 304L резбa 150LBS L42 1``,10143532/110925/1.,14.0,0.0,12.0,0.0,Y,2.970595,M,2.970595,M,в 12:10 през “Складове и Стоки”,
6732,22,1,1317757149,2.6. Арматури,Филтър на фл. 316 INOX PN16 DN40,,2.0,0.0,2.0,0.0,,0.0,L,256.263661,M,,
6732,23,1,1317757149,"2.7. PP, Месинг, Хром връзки",Капа PP G8301 ф32,,5.0,0.0,5.0,0.0,,0.0,L,2.0,L,,
6732,24,1,1317757149,2.2. Фитинги за заваряване,"Капа 304L (88,9х2) 3“",,3.0,0.0,3.0,0.0,,0.0,L,4.177239,M,,
6735,0,1,1317757149,"Прекъсвачи, Предпазители",Прекъсвач (С10/3),,1.0,0.0,1.0,0.0,,0.0,L,8.69193,M,,
6735,1,1,1317757149,Колена на резба,Коляно 90° 304L резба М/Ж 1 1/2“,,1.0,0.0,1.0,0.0,,0.0,L,1.0,L,,
6735,2,1,1317757149,Колена на резба,Коляно 90° 316L резба вътрешна 1“,,1.0,0.0,1.0,0.0,,0.0,L,2.991047,M,,
6735,3,1,1317757149,Нипели на резба,Нипел шест. 304L резба 150LBS 1“,,1.0,0.0,1.0,0.0,,0.0,L,1.0,L,,
6735,4,1,1317757149,Газ анализ - Сензори,Електрохимичен кислороден анализатор OxyTrend E2,,1.0,0.0,1.0,0.0,,0.0,L,1643.500802,M,,
6735,5,1,1317757149,Крисметал,Тръба шевна 304L (88.9х2) 3“,,3.0,0.0,3.0,0.0,,0.0,L,16.71407,M,,
6735,6,1,1317757149,Логисофт,"Контролер (Simatic HMI, 7``TFT display)",,1.0,0.0,1.0,0.0,,0.0,L,1488.36,L,,
6735,7,1,1317757149,Логисофт,Карта памет (Simatic S7),,1.0,0.0,1.0,0.0,,0.0,L,383.34,L,,
6735,8,1,1317757149,Логисофт,Електроника (Simatic S7-1200 G2),,1.0,0.0,1.0,0.0,,0.0,L,840.99,L,,
6735,9,1,1317757149,Логисофт,"Захранване (Sitop PSU100L,24V/10A pow.sup.inp.)",,1.0,0.0,1.0,0.0,,0.0,L,244.47,L,,
6735,10,1,1317757149,МЕРКОМ ЕООД,Осветително тяло овално 100W 1XE27 G FILO 1V EEx,,4.0,0.0,4.0,0.0,,0.0,L,220.4,L,,
6735,11,1,1317757149,1.1.2. Крепежи (Електролизьор),Ринг гайка DIN582 C15 vZn M24,,6.0,0.0,6.0,0.0,,0.0,L,3.885804,M,,
6735,12,1,1317757149,2.4. Фланци,Фланец плосък 304 T8 PN16 DN25,,61.0,0.0,61.0,0.0,,0.0,L,5.68,M,,
6735,13,1,1317757149,Сити склад,10`  складов контейнер,,1.0,0.0,1.0,0.0,,0.0,L,5800.0,L,,
6735,14,1,1317757149,3. Метални Елементи,Винкел ГВ 40/40/3,,12.0,0.0,12.0,0.0,,0.0,L,1.978692,M,,
6735,15,1,1317757149,3. Метални Елементи,"Профилна тръба ЕЗ 40х40х1,5",,12.0,0.0,12.0,0.0,,0.0,L,2.1525309999999998,M,,
6735,16,1,1317757149,3. Метални Елементи,Шина 20х3,,2.0,0.0,2.0,0.0,,0.0,L,3.021724,M,,
6735,17,1,1317757149,1.1.1. Части (Електролизьор),Плоча S355 J2+N HRP 2x6 70мм,,2.0,0.0,2.0,0.0,,0.0,L,3559.24,L,,
6735,18,1,1317757149,АНГЕЛ СТОИЛОВ,Газово рязане (Ангел Стоилов) за 70мм.,,2.0,0.0,2.0,0.0,,0.0,L,30.6774,M,,
6735,19,1,1317757149,Светлю Шишков,"Буферен съд 100л, ф500",,2.0,0.0,2.0,0.0,,0.0,L,1041.67,L,,
6735,20,1,1317757149,3. Метални Елементи,"Профилна тръба ЕЗ 30х30х1,5",,12.0,0.0,12.0,0.0,,0.0,L,2.58406,M,,
6735,21,1,1317757149,М8,Болт с шест.гл. 8.8 vZn М8х35,,0.0,0.0,0.0,0.0,,0.0,L,0.09,L,,
6735,22,1,1317757149,М8,Болт с шест.гл. 8.8 vZn М8х16,,0.0,0.0,0.0,0.0,,0.0,L,0.06,L,,
6735,23,1,1317757149,М8,Шайба пружинна vZn М8,,6.0,0.0,6.0,0.0,,0.0,L,0.0,L,,
6735,24,1,1317757149,М8,Гайка шест. 8 vZn М8,,46.0,0.0,46.0,0.0,,0.0,L,0.01,M,,
6735,25,1,1317757149,М8,Шайба подложна vZn М8,,43.0,0.0,43.0,0.0,,0.0,L,0.0051129999999999995,M,,
6735,26,1,1317757149,М6,Болт с шест.гл. А2 М6х40,,54.0,0.0,54.0,0.0,,0.0,L,0.18,L,,
6735,27,1,1317757149,2.5.1. Кранове на фланци,Кран седлови на фл. 316 PN40 DN25,,3.0,0.0,3.0,0.0,,0.0,L,796.8,L,,
6735,28,1,1317757149,1.2.1. Части (Очиска),Демистър 4“ - Гъба (Wire mesh sep. mono circol.),,0.0,0.0,0.0,0.0,,0.0,L,82.0,M,,
6735,29,1,1317757149,3. Метални Елементи,Профилна тръба ЕЗ 40х40х2,,6.0,0.0,6.0,0.0,,0.0,L,2.132079,M,,
6735,30,1,1317757149,2.1. Тръби,Тръба оребрена 25х2,,24.0,0.0,24.0,0.0,,0.0,L,48.137952999999996,M,,
6735,31,1,1317757149,1.2.2 Съдове (Очиска),Демистър 4“,,4.0,0.0,4.0,0.0,,0.0,L,292.25,L,,
6736,0,1,1317757149,5. Устройства,"Помпа-мотор (Motor IE3 size 80,1,1kW)",,2.0,0.0,2.0,0.0,,0.0,L,196.0,M,,
6736,1,1,1317757149,5. Устройства,Помпа (Pump MOD. HTM 10 SS316),,2.0,0.0,2.0,0.0,,0.0,L,1347.5,M,,
6736,2,1,1317757149,Сензори,Дебитомер SM 9500,,2.0,0.0,2.0,0.0,,0.0,L,1057.0,L,,
6736,3,1,1317757149,2.5.3. Кранове на резба,Кран сфер. на рез. 316L DN15,,2.0,0.0,2.0,0.0,,0.0,L,65.28,L,,
6736,4,1,1317757149,2. Консумативи,Гумена защитна лента за ръб 1-4мм.,,10.0,0.0,10.0,0.0,,0.0,L,2.85,L,,
6736,5,1,1317757149,2.2. Фитинги за заваряване,Кръст зав. 316L W/W DIN11850 SERIE2 DN32,,2.0,0.0,2.0,0.0,,0.0,L,12.628862999999999,M,,
6736,6,1,1317757149,Холендри на резба,Холендър 316L резба вътрешна PTFE 150LBS 1/2“,,2.0,0.0,2.0,0.0,,0.0,L,14.85,L,,
6736,7,1,1317757149,М12,Болт с шест.гл. 8.8 vZn М12х45,,73.0,0.0,73.0,0.0,,0.0,L,0.14,M,,
6736,8,1,1317757149,М12,Гайка шест. 8 vZn М12,,77.0,0.0,77.0,0.0,,0.0,L,0.03,M,,
6736,9,1,1317757149,М12,Шайба подложна vZn М12,,34.0,0.0,34.0,0.0,,0.0,L,0.01,M,,
6736,10,1,1317757149,М10,Шайба подложна vZn М10,,8.0,0.0,8.0,0.0,,0.0,L,0.02,L,,
6736,11,1,1317757149,М10,Гайка шест. 8 vZn М10,,8.0,0.0,8.0,0.0,,0.0,L,0.04,L,,
6736,12,1,1317757149,М10,Болт с шест.гл. 8.8 vZn М10х30,,8.0,0.0,8.0,0.0,,0.0,L,0.14,L,,
6736,13,1,1317757149,Сензори,Трансмитер за налягане 0-3 bar,,2.0,0.0,2.0,0.0,,0.0,L,1.0,L,,
6736,14,1,1317757149,М/Ж резба,Преход 316L резба М/Ж 3/4“х1/4“,,2.0,0.0,2.0,0.0,,0.0,L,3.527901,M,,
6736,15,1,1317757149,Нипели на резба,Нипел шест. 316L резба 150LBS 1/4“,,0.0,0.0,0.0,0.0,,0.0,L,0.7822739999999999,M,,
6736,16,1,1317757149,М8,Шайба с широка периферия vZn М8,,3.0,0.0,3.0,0.0,,0.0,L,0.0,L,,
6736,17,1,1317757149,5. Устройства,Захранване 125kW,,1.0,0.0,1.0,0.0,,0.0,L,21850.0,$,,
6736,18,1,1317757149,М6,Винт с върт.шест. 8.8 vZn М6х60,,0.0,0.0,0.0,0.0,,0.0,L,0.0,L,,
6736,19,1,1317757149,М8,Шпилка 8.8 vZn M8x1000,,3.0,0.0,3.0,0.0,,0.0,L,95.836198,M,,
6736,20,1,1317757149,М/Ж резба,Преход 316L резба М/Ж 1/2“х1/4“,,3.0,0.0,3.0,0.0,,0.0,L,0.83,M,,
6736,21,1,1317757149,Нирстрой,ГВ Винкел 100/100/10,,2.0,0.0,2.0,0.0,,0.0,L,20.2,M,,
6736,22,1,1317757149,Ивда Гео,Щуцер 1`,,2.0,0.0,2.0,0.0,,0.0,L,2.54,M,,
6736,23,1,1317757149,"2.7. PP, Месинг, Хром връзки",Тройник PP ф32,,2.0,0.0,2.0,0.0,,0.0,L,0.78,M,,
6736,24,1,1317757149,"2.7. PP, Месинг, Хром връзки",Разглобяема свръзка месинг ф32,,4.0,0.0,4.0,0.0,,0.0,L,7.7,M,,
6736,25,1,1317757149,Ивда Гео,Вътрешно редуктивен нипел  2`-1`,,4.0,0.0,4.0,0.0,,0.0,L,2.42,M,,
6736,26,1,1317757149,"2.7. PP, Месинг, Хром връзки",Коляно PP 90° ф32,,10.0,0.0,10.0,0.0,,0.0,L,0.49,M,,
6736,27,1,1317757149,Ивда Гео,Преход женски 32х1,,4.0,0.0,4.0,0.0,,0.0,L,4.86,M,,
6736,28,1,1317757149,"2.7. PP, Месинг, Хром връзки",Преход PP резба външна ф32х1“,,4.0,0.0,4.0,0.0,,0.0,L,4.86,M,,
6736,29,1,1317757149,1.1.1. Части (Електролизьор),Ламарина кръг 1060мм 316L 2мм,,12.0,0.0,12.0,0.0,,0.0,L,230.27479,M,,
6736,30,1,1317757149,1.1.1. Части (Електролизьор),Уплътнение (S.G.M. PTFE) 1060x900x5мм,,52.0,0.0,52.0,0.0,,0.0,L,90.5,$,,
6736,31,1,1317757149,1.1.1. Части (Електролизьор),Мембрани (Composite Membrane) 1х1м,,24.0,0.0,24.0,0.0,,0.0,L,132.42,$,,
6736,32,1,1317757149,1.1.1. Части (Електролизьор),"Уплътнение от експандиран теф. ф1060хф900х0,5мм",,78.0,0.0,78.0,0.0,,0.0,L,69.238637,M,,
6737,0,1,1317757149,1.1.1. Части (Електролизьор),Ламарина кръг 1060мм 316L 5мм,,1.5,0.0,1.5,0.0,,0.0,L,577.6145389999999,M,,
6737,1,1,1317757149,2.4. Фланци,Уплътнение CF3000 PTFE DN25,,37.0,0.0,37.0,0.0,,0.0,L,0.92,M,,
6737,2,1,1317757149,2.4. Фланци,Уплътнение CF3000 PTFE DN40,,10.0,0.0,10.0,0.0,,0.0,L,1.089048,M,,
6737,3,1,1317757149,Муфи на резба,Муфа 304L резбa 150LBS  1/2``,,2.0,0.0,2.0,0.0,,0.0,L,1.3498059999999998,M,,
6737,4,1,1317757149,Кабелни Канали,Кабелна скара перфорирана с интегриран съедините,,6.0,0.0,6.0,0.0,,0.0,L,4.32,M,,
6737,5,1,1317757149,Кабелни Канали,"Стенна конзола 90x610mm 2,5kN",,6.0,0.0,6.0,0.0,,0.0,L,6.07,M,,
6737,6,1,1317757149,Кабелни Канали,Вертикален ъгъл понижаващ 60х102мм. с борд,,3.0,0.0,3.0,0.0,,0.0,L,15.67,M,,
6737,7,1,1317757149,Кабелни Канали,Покачващ ъгъл за каб.скара 60х102мм. с борд,,1.0,0.0,1.0,0.0,,0.0,L,18.3,M,,
6737,8,1,1317757149,Кабелни Канали,"Капак за пон. и пок. ъгъл, височина 60мм,В=106мм",,4.0,0.0,4.0,0.0,,0.0,L,6.99,M,,
6737,9,1,1317757149,Тапи на резба,Тапа 304L резба 1/2``,,2.0,0.0,2.0,0.0,,0.0,L,0.690241,M,,
6737,10,1,1317757149,Тапи на резба,Тапа 304L резба 1“,,3.0,0.0,3.0,0.0,,0.0,L,1.56,M,,
6737,11,1,1317757149,2.5.5. Клапани,Иглен клапан (Slid. Gate Mot. Valve 8038 H2) 1“,,1.0,0.0,1.0,0.0,,0.0,L,3614.49,M,,
6737,12,1,1317757149,2.5.5. Клапани,Иглен клапан (Slid. Gate Mot. Valve 8038 O2) 1“,,1.0,0.0,1.0,0.0,,0.0,L,3333.77,M,,
6737,13,1,1317757149,2.5.4. Вентили,Магнетвентил 1“,,2.0,0.0,2.0,0.0,,0.0,L,191.66,M,,
6737,14,1,1317757149,Ивда Гео,"Кабел ШВПС 2х0,5, бял",,100.0,0.0,100.0,0.0,,0.0,L,0.32,M,,
6737,15,1,1317757149,7. Кабели,"Кабел ШВПС 3х0,75, бял",,70.0,0.0,70.0,0.0,,0.0,L,0.49,M,,
6737,16,1,1317757149,Контактори,"Контактор 7,5kW/15A, AC-3, 1NO, 230V AC размер 0",,2.0,0.0,2.0,0.0,,0.0,L,17.03,M,,
6737,17,1,1317757149,"Прекъсвачи, Предпазители",Прекъсвач мин. AMPARO 6kA C 32А 3P,,5.0,0.0,5.0,0.0,,0.0,L,6.37,M,,
6737,18,1,1317757149,"Прекъсвачи, Предпазители",Прекъсвач мин. AMPARO 6kA C 6A 1P,,6.0,0.0,6.0,0.0,,0.0,L,2.06,M,,
6737,19,1,1317757149,"Прекъсвачи, Предпазители",Прекъсвач (C20/3),,0.0,0.0,0.0,0.0,,0.0,L,0.0,M,,
6737,20,1,1317757149,"Прекъсвачи, Предпазители",Прекъсвач мин.авт. AMPARO 10kA D 16A 3P,,1.0,0.0,1.0,0.0,,0.0,L,10.49,M,,
6737,21,1,1317757149,Други (Електроника),Бобина прав ток 12W,,2.0,0.0,2.0,0.0,,0.0,L,24.82,L,,
6737,22,1,1317757149,Други (Електроника),Щекер  (LD),,2.0,0.0,2.0,0.0,,0.0,L,1.59,M,,
6737,23,1,1317757149,2.1. Тръби,"Тръба шевна 304L (33,7x2) 1``",,21.0,0.0,21.0,0.0,,0.0,L,11.544927999999999,M,,
6737,24,1,1317757149,2.1. Тръби,"Тръба шевна 304L (48,3х2) 1 1/2``",,8.0,0.0,8.0,0.0,,0.0,L,14.909215999999999,M,,
6737,25,1,1317757149,Газ анализ - Сензори,Анализатор на общозапалими вещества Sirius 8866,,1.0,0.0,1.0,0.0,,0.0,L,3033.6,M,,
6737,26,1,1317757149,Шини (Електроника),DIN-релса за модулна апаратура перфорирана 2m,,2.0,0.0,2.0,0.0,,0.0,L,3.31,M,,
6737,27,1,1317757149,М6,Гайка ниска А2 М6,,3.0,0.0,3.0,0.0,,0.0,L,0.03,M,,
6737,28,1,1317757149,2. Консумативи,Джоб за докумнти,,1.0,0.0,1.0,0.0,,0.0,L,2.63,M,,
6737,29,1,1317757149,"Прекъсвачи, Предпазители",Прекъсвач мин.авт. AMPARO 10kA D 25A 3P,,1.0,0.0,1.0,0.0,,0.0,L,10.67,M,,
6737,30,1,1317757149,Релета,Реле термично за контактор 24 - 32А размер 1,,1.0,0.0,1.0,0.0,,0.0,L,35.2,M,,
6739,0,1,1317757149,Релета,Реле термично 4 - 6А размер 0,,1.0,0.0,1.0,0.0,,0.0,L,17.76,M,,
6739,1,1,1317757149,Контактори,"Контактор 15kW/32A, 1NO, 230V AC размер 1",,1.0,0.0,1.0,0.0,,0.0,L,36.86,M,,
6739,2,1,1317757149,Релета,"Цокъл за реле RS/PT5 4CO, винт.кл. 10А",,20.0,0.0,20.0,0.0,,0.0,L,1.86,M,,
6739,3,1,1317757149,5. Устройства,Вентилатор (ZN080-ZIL.GQ.V7P3),,1.0,0.0,1.0,0.0,,0.0,L,1443.94,M,,
6739,4,1,1317757149,Релета,Реле термично за контактор 12 - 16А размер 0,,2.0,0.0,2.0,0.0,,0.0,L,20.65,M,,
6739,5,1,1317757149,Шрак техник ЕООД,"Контактор 7,5kW/15A, AC-3, 1NO, 230V-AC",,4.0,0.0,4.0,0.0,,0.0,L,17.03,M,,
6739,6,1,1317757149,"Кабелни накрайници, обувки","Конектор RJ45, cat.5, MP0011",,100.0,0.0,100.0,0.0,,0.0,L,0.24,M,,
6739,7,1,1317757149,Шини (Електроника),"Носач изолационен за 2 шини 10, 16mm",,20.0,0.0,20.0,0.0,,0.0,L,0.36,M,,
6739,8,1,1317757149,Нипели на резба,Нипел шест. 304L резба 150LBS 1/2“,,0.0,0.0,0.0,0.0,,0.0,L,1.8,L,,
6739,9,1,1317757149,Кабелни Канали,"Кабелна обувка М12, 70мм",,15.0,0.0,15.0,0.0,,0.0,L,2.69,M,,
6739,10,1,1317757149,2. Консумативи,"Термосв. шл, 25.4/12.7мм, 1м",,10.0,0.0,10.0,0.0,,0.0,L,2.47,M,,
6739,11,1,1317757149,2.2. Фитинги за заваряване,Холендър 316L заварка PTFE 1“,,8.0,0.0,8.0,0.0,,0.0,L,17.98,M,,
6739,12,1,1317757149,Кабелни Канали,"T-образно разклонение за кабелна скар, 60х152mm",,2.0,0.0,2.0,0.0,,0.0,L,6.396237999999999,M,,
6739,13,1,1317757149,Кабелни Канали,T-образно разклонение за кабелна скара 60х202mm,,2.0,0.0,2.0,0.0,,0.0,L,6.68256,M,,
6739,14,1,1317757149,Кабелни Канали,Вертканел ъгъл понижаващ 60х152mm с неперфориран,,1.0,0.0,1.0,0.0,,0.0,L,16.074958,M,,
6739,15,1,1317757149,2.5.3. Кранове на резба,Кран сфер. на рез. 316L DN15,265835/031225/1,2.0,0.0,2.0,0.0,,0.0,L,33.377010999999996,M,,
6739,16,1,1317757149,3. Метални Елементи,Профилна тръба ЕЗ 40х40х2,134250/121125/3,6.0,0.0,6.0,0.0,,0.0,L,4.17,L,,
6739,17,1,1317757149,М8,Шайба с широка периферия vZn М8,230925/2,3.0,0.0,3.0,0.0,,0.0,L,0.0,L,,
6739,18,1,1317757149,Логисофт,"Контролер (Simatic HMI, 7``TFT display)",2505/071025/1,1.0,0.0,1.0,0.0,,0.0,L,760.983584,M,,
6739,19,1,1317757149,Логисофт,Карта памет (Simatic S7),2505/071025/2,1.0,0.0,1.0,0.0,,0.0,L,195.997909,M,,
6739,20,1,1317757149,Логисофт,Електроника (Simatic S7-1200 G2),2505/071025/3,1.0,0.0,1.0,0.0,,0.0,L,429.989777,M,,
6739,21,1,1317757149,Логисофт,"Захранване (Sitop PSU100L,24V/10A pow.sup.inp.)",2505/071025/4,1.0,0.0,1.0,0.0,,0.0,L,124.995066,M,,
6739,22,1,1317757149,МЕРКОМ ЕООД,Осветително тяло овално 100W 1XE27 G FILO 1V EEx,1013328/071125,4.0,0.0,4.0,0.0,,0.0,L,112.688316,M,,
6739,23,1,1317757149,1.1.2. Крепежи (Електролизьор),Ринг гайка DIN582 C15 vZn M24,10527933/101125,6.0,0.0,6.0,0.0,,0.0,L,3.885804,M,,
6739,24,1,1317757149,"2.7. PP, Месинг, Хром връзки",Капа PP G8301 ф32,10146144/141125/2,5.0,0.0,5.0,0.0,,0.0,L,2.0,L,,
6739,25,1,1317757149,2.6. Арматури,Филтър на фл. 316 INOX PN16 DN40,10146144/141125/1,2.0,0.0,2.0,0.0,,0.0,L,501.21,L,,
6739,26,1,1317757149,2.2. Фитинги за заваряване,"Капа 304L (88,9х2) 3“",10146121/141125/1,3.0,0.0,3.0,0.0,,0.0,L,8.17,L,,
6739,27,1,1317757149,Крисметал,Тръба шевна 304L (88.9х2) 3“,10146121/141125/2,3.0,0.0,3.0,0.0,,0.0,L,32.69,L,,
6739,28,1,1317757149,2.4. Фланци,Фланец плосък 304 T8 PN16 DN25,10143532/110925/25,61.0,0.0,61.0,0.0,,0.0,L,5.682068,M,,
6739,29,1,1317757149,Сити склад,10`  складов контейнер,653/171025,1.0,0.0,1.0,0.0,,0.0,L,5800.0,L,,
6740,0,1,1317757149,1.1.1. Части (Електролизьор),Плоча S355 J2+N HRP 2x6 70мм,7753/060825,2.0,0.0,2.0,0.0,,0.0,L,1819.8038199999999,M,,
6740,1,1,1317757149,3. Метални Елементи,Винкел ГВ 40/40/3,134462/191125/1,12.0,0.0,12.0,0.0,,0.0,L,3.87,L,,
6740,2,1,1317757149,3. Метални Елементи,"Профилна тръба ЕЗ 40х40х1,5",134462/191125/2,12.0,0.0,12.0,0.0,,0.0,L,4.21,L,,
6740,3,1,1317757149,3. Метални Елементи,Шина 20х3,134462/191125/3,2.0,0.0,2.0,0.0,,0.0,L,5.91,L,,
6740,4,1,1317757149,Светлю Шишков,"Буферен съд 100л, ф500",14752/211125,2.0,0.0,2.0,0.0,,0.0,L,1041.67,L,,
6740,5,1,1317757149,М6,Болт с шест.гл. А2 М6х40,340046315/261125,30.0,0.0,30.0,0.0,,0.0,L,0.092032,M,,
6740,6,1,1317757149,2.5.1. Кранове на фланци,Кран седлови на фл. 316 PN40 DN25,10146662/261125,3.0,0.0,3.0,0.0,,0.0,L,796.8,L,,
6740,7,1,1317757149,1.2.1. Части (Очиска),Демистър 4“ - Гъба (Wire mesh sep. mono circol.),246/141025,0.0,0.0,0.0,0.0,,0.0,L,82.00069,M,,
6740,8,1,1317757149,2.1. Тръби,Тръба оребрена 25х2,28082025/8,24.0,0.0,24.0,0.0,,0.0,L,48.137952999999996,M,,
6740,9,1,1317757149,1.2.2 Съдове (Очиска),Демистър 4“,041225/5,4.0,0.0,4.0,0.0,,0.0,L,149.424564,M,,
6740,10,1,1317757149,3. Метални Елементи,"Профилна тръба ЕЗ 30х30х1,5",134758/011225,12.0,0.0,12.0,0.0,,0.0,L,5.054,L,,
6740,11,1,1317757149,М8,Болт с шест.гл. 8.8 vZn М8х35,10527503/071125/2,0.0,0.0,0.0,0.0,,0.0,L,0.09,L,,
6740,12,1,1317757149,М8,Болт с шест.гл. 8.8 vZn М8х16,241025/26,0.0,0.0,0.0,0.0,,0.0,L,0.0,L,,
6740,13,1,1317757149,М8,Шайба пружинна vZn М8,201025/6,6.0,0.0,6.0,0.0,,0.0,L,0.0,L,,
6740,14,1,1317757149,М8,Гайка шест. 8 vZn М8,12345,46.0,0.0,46.0,0.0,,0.0,L,0.0,L,,
6740,15,1,1317757149,М8,Шайба подложна vZn М8,10527503/071125/3,43.0,0.0,43.0,0.0,,0.0,L,0.0051129999999999995,M,,
6740,16,1,1317757149,5. Устройства,"Помпа-мотор (Motor IE3 size 80,1,1kW)",1/862/100925,2.0,0.0,2.0,0.0,,0.0,L,196.0,M,,
6740,17,1,1317757149,5. Устройства,Помпа (Pump MOD. HTM 10 SS316),251090/1,1.0,0.0,1.0,0.0,,0.0,L,1347.5,M,,
6740,18,1,1317757149,5. Устройства,Помпа (Pump MOD. HTM 10 SS316),251090/2,1.0,0.0,1.0,0.0,,0.0,L,1347.5,M,,
6740,19,1,1317757149,Сензори,Дебитомер SM 9500,39889/021225,2.0,0.0,2.0,0.0,,0.0,L,540.43353,M,,
6740,20,1,1317757149,2. Консумативи,Гумена защитна лента за ръб 1-4мм.,100813/171225,10.0,0.0,10.0,0.0,,0.0,L,2.85,L,,
6740,21,1,1317757149,2.2. Фитинги за заваряване,Кръст зав. 316L W/W DIN11850 SERIE2 DN32,1,2.0,0.0,2.0,0.0,,0.0,L,1.0,L,,
6740,22,1,1317757149,Холендри на резба,Холендър 316L резба вътрешна PTFE 150LBS 1/2“,10147733/231225,2.0,0.0,2.0,0.0,,0.0,L,14.85,L,,
6740,23,1,1317757149,М12,Болт с шест.гл. 8.8 vZn М12х45,12345/12,73.0,0.0,73.0,0.0,,0.0,L,0.14,M,,
6740,24,1,1317757149,М12,Гайка шест. 8 vZn М12,091025/2,77.0,0.0,77.0,0.0,,0.0,L,0.03,M,,
6740,25,1,1317757149,М12,Шайба подложна vZn М12,241025/11,34.0,0.0,34.0,0.0,,0.0,L,0.01,M,,
6740,26,1,1317757149,М10,Шайба подложна vZn М10,10527503/071125/10,8.0,0.0,8.0,0.0,,0.0,L,0.007719999999999999,M,,
6740,27,1,1317757149,М10,Гайка шест. 8 vZn М10,10527503/071125/9,8.0,0.0,8.0,0.0,,0.0,L,0.018969,M,,
6740,28,1,1317757149,М10,Болт с шест.гл. 8.8 vZn М10х30,10527503/071125/7,8.0,0.0,8.0,0.0,,0.0,L,0.07158099999999999,M,,
6740,29,1,1317757149,Сензори,Трансмитер за налягане 0-3 bar,131125/rem,2.0,0.0,2.0,0.0,,0.0,L,1.0,L,,
6740,30,1,1317757149,М/Ж резба,Преход 316L резба М/Ж 3/4“х1/4“,10143532/110925/1,2.0,0.0,2.0,0.0,,0.0,L,6.9,L,,
6741,0,1,1317757149,Нипели на резба,Нипел шест. 316L резба 150LBS 1/4“,181225/21,0.0,0.0,0.0,0.0,,0.0,L,0.0,L,,
6741,1,1,1317757149,5. Устройства,Захранване 125kW,CI-GP-25167/011225,1.0,0.0,1.0,0.0,,0.0,L,22343.290793,M,,
6741,2,1,1317757149,М6,Винт с върт.шест. 8.8 vZn М6х60,241025/22,0.0,0.0,0.0,0.0,,0.0,L,0.0,L,,
6741,3,1,1317757149,М8,Шпилка 8.8 vZn M8x1000,031125/2,3.0,0.0,3.0,0.0,,0.0,L,95.836198,M,,
6741,4,1,1317757149,М/Ж резба,Преход 316L резба М/Ж 1/2“х1/4“,143284/02092025/6,3.0,0.0,3.0,0.0,,0.0,L,1.94,L,,
6741,5,1,1317757149,Нирстрой,ГВ Винкел 100/100/10,135561/120126,2.0,0.0,2.0,0.0,,0.0,L,20.2,M,,
6741,6,1,1317757149,Ивда Гео,Щуцер 1`,170628/080126/1,2.0,0.0,2.0,0.0,,0.0,L,2.544,M,,
6741,7,1,1317757149,"2.7. PP, Месинг, Хром връзки",Тройник PP ф32,170628/080126/6,2.0,0.0,2.0,0.0,,0.0,L,0.776,M,,
6741,8,1,1317757149,"2.7. PP, Месинг, Хром връзки",Разглобяема свръзка месинг ф32,170628/080126/7,4.0,0.0,4.0,0.0,,0.0,L,7.696,M,,
6741,9,1,1317757149,Ивда Гео,Вътрешно редуктивен нипел  2`-1`,170628/080126/2,4.0,0.0,4.0,0.0,,0.0,L,2.416,M,,
6741,10,1,1317757149,"2.7. PP, Месинг, Хром връзки",Коляно PP 90° ф32,170628/080126/5,10.0,0.0,10.0,0.0,,0.0,L,0.488,M,,
6741,11,1,1317757149,Ивда Гео,Преход женски 32х1,170628/080126/4,4.0,0.0,4.0,0.0,,0.0,L,4.864,M,,
6741,12,1,1317757149,"2.7. PP, Месинг, Хром връзки",Преход PP резба външна ф32х1“,170628/080126/3,4.0,0.0,4.0,0.0,,0.0,L,4.864,M,,
6741,13,1,1317757149,1.1.1. Части (Електролизьор),Ламарина кръг 1060мм 316L 2мм,97611/130825,12.0,0.0,12.0,0.0,,0.0,L,450.38,L,,
6741,14,1,1317757149,1.1.1. Части (Електролизьор),Уплътнение (S.G.M. PTFE) 1060x900x5мм,VMA20250921/141025/1,52.0,0.0,52.0,0.0,,0.0,L,90.5,$,,
6741,15,1,1317757149,1.1.1. Части (Електролизьор),Мембрани (Composite Membrane) 1х1м,VMA20250921/141025/2,24.0,0.0,24.0,0.0,,0.0,L,132.42,$,,
6741,16,1,1317757149,1.1.1. Части (Електролизьор),"Уплътнение от експандиран теф. ф1060хф900х0,5мм",3907/22082025,78.0,0.0,78.0,0.0,,0.0,L,67.71,$,,
6741,17,1,1317757149,1.1.1. Части (Електролизьор),Ламарина кръг 1060мм 316L 5мм,97611/130825/2,1.5,0.0,1.5,0.0,,0.0,L,1129.72,L,,
6741,18,1,1317757149,2.4. Фланци,Уплътнение CF3000 PTFE DN25,10143532/110925/pfte25,37.0,0.0,37.0,0.0,,0.0,L,0.920322,M,,
6741,19,1,1317757149,2.4. Фланци,Уплътнение CF3000 PTFE DN40,10143532/110925/pfte40,10.0,0.0,10.0,0.0,,0.0,L,2.13,L,,
6741,20,1,1317757149,Муфи на резба,Муфа 304L резбa 150LBS  1/2``,10143532/110925/1.2,2.0,0.0,2.0,0.0,,0.0,L,2.64,L,,
6741,21,1,1317757149,Кабелни Канали,Кабелна скара перфорирана с интегриран съедините,48804/080126/1,6.0,0.0,6.0,0.0,,0.0,L,4.32,M,,
6741,22,1,1317757149,Кабелни Канали,"Стенна конзола 90x610mm 2,5kN",48804/080126/2,6.0,0.0,6.0,0.0,,0.0,L,6.2,M,,
6741,23,1,1317757149,Кабелни Канали,Вертикален ъгъл понижаващ 60х102мм. с борд,48804/080126/3,3.0,0.0,3.0,0.0,,0.0,L,15.67,M,,
6741,24,1,1317757149,Кабелни Канали,Покачващ ъгъл за каб.скара 60х102мм. с борд,48804/080126/4,1.0,0.0,1.0,0.0,,0.0,L,18.3,M,,
6741,25,1,1317757149,Кабелни Канали,"Капак за пон. и пок. ъгъл, височина 60мм,В=106мм",48804/080126/5,4.0,0.0,4.0,0.0,,0.0,L,6.99,M,,
6741,26,1,1317757149,Тапи на резба,Тапа 304L резба 1/2``,16584381,2.0,0.0,2.0,0.0,,0.0,L,0.690244039614895,M,,
6741,27,1,1317757149,Тапи на резба,Тапа 304L резба 1“,16846123,3.0,0.0,3.0,0.0,,0.0,L,1.56,M,,
6743,0,1,1317757149,2.5.5. Клапани,Иглен клапан (Slid. Gate Mot. Valve 8038 H2) 1“,025VTG11AM11,1.0,0.0,1.0,0.0,,0.0,L,3614.49,M,,
6743,1,1,1317757149,2.5.5. Клапани,Иглен клапан (Slid. Gate Mot. Valve 8038 O2) 1“,025VTG11AM1,1.0,0.0,1.0,0.0,,0.0,L,3333.77,M,,
6743,2,1,1317757149,2.5.4. Вентили,Магнетвентил 1“,265836/031225/3,1.0,0.0,1.0,0.0,,0.0,L,191.66,M,,
6743,3,1,1317757149,2.5.4. Вентили,Магнетвентил 1“,pbc853531,1.0,0.0,1.0,0.0,,0.0,L,191.66,M,,
6743,4,1,1317757149,2.2. Фитинги за заваряване,Холендър 316L заварка PTFE 1“,10143120/27082025/1,4.0,0.0,4.0,0.0,,0.0,L,35.16,L,,
6743,5,1,1317757149,Ивда Гео,"Кабел ШВПС 2х0,5, бял",8032/101125/3,100.0,0.0,100.0,0.0,,0.0,L,0.32,M,,
6743,6,1,1317757149,7. Кабели,"Кабел ШВПС 3х0,75, бял",8378/070126/2,70.0,0.0,70.0,0.0,,0.0,L,0.49,M,,
6743,7,1,1317757149,"Прекъсвачи, Предпазители",Прекъсвач мин. AMPARO 6kA C 32А 3P,1469000014/050126/5,1.0,0.0,1.0,0.0,,0.0,L,6.37,M,,
6743,8,1,1317757149,"Прекъсвачи, Предпазители",Прекъсвач мин. AMPARO 6kA C 6A 1P,1469000128/060126/2,2.0,0.0,2.0,0.0,,0.0,L,2.06,M,,
6743,9,1,1317757149,"Прекъсвачи, Предпазители",Прекъсвач (C20/3),201025/6,0.0,0.0,0.0,0.0,,0.0,L,0.0,M,,
6743,10,1,1317757149,"Прекъсвачи, Предпазители",Прекъсвач мин.авт. AMPARO 10kA D 16A 3P,1469000014/050126/3,1.0,0.0,1.0,0.0,,0.0,L,10.49,M,,
6743,11,1,1317757149,Контактори,"Контактор 7,5kW/15A, AC-3, 1NO, 230V AC размер 0",1469000014/050126/11,2.0,0.0,2.0,0.0,,0.0,L,17.03,M,,
6743,12,1,1317757149,Други (Електроника),Бобина прав ток 12W,265836/031225/1,2.0,0.0,2.0,0.0,,0.0,L,24.82,L,,
6743,13,1,1317757149,Други (Електроника),Щекер  (LD),265836/031225/2,2.0,0.0,2.0,0.0,,0.0,L,1.59,M,,
6743,14,1,1317757149,"Прекъсвачи, Предпазители",Прекъсвач (С10/3),181225/7,1.0,0.0,1.0,0.0,,0.0,L,8.69193,M,,
6743,15,1,1317757149,Колена на резба,Коляно 90° 304L резба М/Ж 1 1/2“,16813615,1.0,0.0,1.0,0.0,,0.0,L,1.0,L,,
6743,16,1,1317757149,Нипели на резба,Нипел шест. 304L резба 150LBS 1“,135843612,1.0,0.0,1.0,0.0,,0.0,L,1.0,L,,
6743,17,1,1317757149,Колена на резба,Коляно 90° 316L резба вътрешна 1“,220126/2,1.0,0.0,1.0,0.0,,0.0,L,5.85,L,,
6743,18,1,1317757149,2.1. Тръби,"Тръба шевна 304L (33,7x2) 1``",10143532/110925/33.7,21.0,0.0,21.0,0.0,,0.0,L,22.58,L,,
6743,19,1,1317757149,2.1. Тръби,"Тръба шевна 304L (48,3х2) 1 1/2``",10143532/110925/48.3,8.0,0.0,8.0,0.0,,0.0,L,14.909215999999999,M,,
6743,20,1,1317757149,Газ анализ - Сензори,Електрохимичен кислороден анализатор OxyTrend E2,E250569/2,1.0,0.0,1.0,0.0,,0.0,L,1643.500802,M,,
6743,21,1,1317757149,Газ анализ - Сензори,Анализатор на общозапалими вещества Sirius 8866,E240801-6,1.0,0.0,1.0,0.0,,0.0,L,2987.88,L,,
6743,22,1,1317757149,Шини (Електроника),DIN-релса за модулна апаратура перфорирана 2m,1459019554/071125/1,1.0,0.0,1.0,0.0,,0.0,L,6.36,L,,
6743,23,1,1317757149,Шини (Електроника),DIN-релса за модулна апаратура перфорирана 2m,1469000128/060126/5,1.0,0.0,1.0,0.0,,0.0,L,3.31,M,,
6743,24,1,1317757149,М6,Гайка ниска А2 М6,0340047352/220126/2,3.0,0.0,3.0,0.0,,0.0,L,0.03,M,,
6743,25,1,1317757149,М6,Болт с шест.гл. А2 М6х40,0340047352/220126/1,24.0,0.0,24.0,0.0,,0.0,L,0.09,M,,
6743,26,1,1317757149,2. Консумативи,Джоб за докумнти,1469001221/220126/5,1.0,0.0,1.0,0.0,,0.0,L,2.63,M,,
6743,27,1,1317757149,"Прекъсвачи, Предпазители",Прекъсвач мин.авт. AMPARO 10kA D 25A 3P,1469001221/220126/4,1.0,0.0,1.0,0.0,,0.0,L,10.67,M,,
6744,0,1,1317757149,Релета,Реле термично за контактор 24 - 32А размер 1,1469001221/220126/2,1.0,0.0,1.0,0.0,,0.0,L,35.2,M,,
6744,1,1,1317757149,Релета,Реле термично 4 - 6А размер 0,1469001221/220126/1,1.0,0.0,1.0,0.0,,0.0,L,17.76,M,,
6744,2,1,1317757149,Контактори,"Контактор 15kW/32A, 1NO, 230V AC размер 1",1469001221/220126/3,1.0,0.0,1.0,0.0,,0.0,L,36.86,M,,
6744,3,1,1317757149,"Прекъсвачи, Предпазители",Прекъсвач мин. AMPARO 6kA C 32А 3P,1469001084/210126/1,4.0,0.0,4.0,0.0,,0.0,L,6.37,M,,
6744,4,1,1317757149,"Прекъсвачи, Предпазители",Прекъсвач мин. AMPARO 6kA C 6A 1P,1469001084/210126/2,4.0,0.0,4.0,0.0,,0.0,L,2.06,M,,
6744,5,1,1317757149,Шрак техник ЕООД,"Контактор 7,5kW/15A, AC-3, 1NO, 230V-AC",1469001084/210126/3,4.0,0.0,4.0,0.0,,0.0,L,17.03,M,,
6744,6,1,1317757149,Релета,"Цокъл за реле RS/PT5 4CO, винт.кл. 10А",1469001084/210126/4,20.0,0.0,20.0,0.0,,0.0,L,1.86,M,,
6744,7,1,1317757149,Шини (Електроника),"Носач изолационен за 2 шини 10, 16mm",1469001084/210126/5,20.0,0.0,20.0,0.0,,0.0,L,0.36,M,,
6744,8,1,1317757149,Релета,Реле термично за контактор 12 - 16А размер 0,1469001151/210126/5,2.0,0.0,2.0,0.0,,0.0,L,20.65,M,,
6744,9,1,1317757149,"Кабелни накрайници, обувки","Конектор RJ45, cat.5, MP0011",1469001151/210126/3,100.0,0.0,100.0,0.0,,0.0,L,0.24,M,,
6744,10,1,1317757149,5. Устройства,Вентилатор (ZN080-ZIL.GQ.V7P3),42600137/160126,1.0,0.0,1.0,0.0,,0.0,L,1443.94,M,,
6744,11,1,1317757149,Кабелни Канали,"Кабелна обувка М12, 70мм",1469001151/210126/2,15.0,0.0,15.0,0.0,,0.0,L,2.69,M,,
6744,12,1,1317757149,2. Консумативи,"Термосв. шл, 25.4/12.7мм, 1м",1469001151/210126/4,10.0,0.0,10.0,0.0,,0.0,L,2.47,M,,
6744,13,1,1317757149,Нипели на резба,Нипел шест. 304L резба 150LBS 1“,1469001151/210126/,0.0,0.0,0.0,0.0,,0.0,L,1.0,L,,
6744,14,1,1317757149,2.2. Фитинги за заваряване,Холендър 316L заварка PTFE 1“,10148565/270126/1,4.0,0.0,4.0,0.0,,0.0,L,17.98,M,,
6744,15,1,1317757149,Кабелни Канали,"T-образно разклонение за кабелна скар, 60х152mm",47571/151025/7,2.0,0.0,2.0,0.0,,0.0,L,6.396237999999999,M,,
6744,16,1,1317757149,Кабелни Канали,T-образно разклонение за кабелна скара 60х202mm,47571/151025/6,2.0,0.0,2.0,0.0,,0.0,L,13.07,L,,
6744,17,1,1317757149,Кабелни Канали,Вертканел ъгъл понижаващ 60х152mm с неперфориран,290126/1,1.0,0.0,1.0,0.0,,0.0,L,16.074958,M,,
6744,18,1,38903846,Муфи на резба,Муфа 304L резба 150LBS 1/4“,,61.0,0.0,60.0,0.0,Y,0.761822,M,0.761822,M,в 13:50 през “Складове и Стоки”,
6744,19,1,38903846,Муфи на резба,Муфа 304L резба 150LBS 1/4“,10143532/110925/1.4,61.0,0.0,60.0,0.0,Y,0.761822,M,0.761822,M,в 13:50 през “Складове и Стоки”,
6744,20,1,38903846,Муфи на резба,Муфа 316L резба 150LBS 1/4“,,23.0,0.0,24.0,0.0,Y,0.766935,M,0.766935,M,в 13:51 през “Складове и Стоки”,
6744,21,1,38903846,Муфи на резба,Муфа 316L резба 150LBS 1/4“,181225/14,23.0,0.0,24.0,0.0,Y,0.766935,M,0.766935,M,в 13:51 през “Складове и Стоки”,
6744,22,1,38903846,Муфи на резба,Муфа 316L резба 150LBS 3/4“,290126/3,0.0,0.0,7.0,0.0,Y,0.0,L,0.0,L,в 13:55 през “Складове и Стоки”,
6744,23,1,38903846,Муфи на резба,Муфа 316L резба 150LBS 3/4“,,8.0,0.0,7.0,0.0,Y,0.0,L,0.0,L,в 13:55 през “Складове и Стоки”,
6744,24,1,38903846,М/Ж резба,Преход 304L резба М/Ж 1/2``x1/4``,,9.0,0.0,4.0,0.0,Y,0.991903,M,0.991903,M,в 14:46 през “Складове и Стоки”,
6744,25,1,38903846,М/Ж резба,Преход 304L резба М/Ж 1/2``x1/4``,143284/02092025/5,9.0,0.0,4.0,0.0,Y,0.991903,M,0.991903,M,в 14:46 през “Складове и Стоки”,
6754,0,1,38903846,2.5.2. Кранове на заварка,Кран сфер. на зав. 3-части 316L PN63 (Акт) 1“,,4.0,0.0,6.0,0.0,Y,191.7,M,191.7,M,в 15:29 през “Складове и Стоки”,
6754,1,1,38903846,2.5.2. Кранове на заварка,Кран сфер. на зав. 3-части 316L PN63 (Акт) 1“,1419195/040925/2,4.0,0.0,6.0,0.0,Y,191.7,M,191.7,M,в 15:29 през “Складове и Стоки”,
6754,2,1,43862356,2.5.2. Кранове на заварка,Кран сфер. на зав. 3-части 316L PN63 (Акт) 1“,,6.0,0.0,4.0,0.0,Y,191.7,M,191.7,M,в 12:29 през “Складове и Стоки”,
6754,3,1,43862356,2.5.2. Кранове на заварка,Кран сфер. на зав. 3-части 316L PN63 (Акт) 1“,1419195/040925/2,6.0,0.0,4.0,0.0,Y,191.7,M,191.7,M,в 12:29 през “Складове и Стоки”,
6754,4,1,43862356,2.5.3. Кранове на резба,Кран сфер. на рез. 3-части 316L PN63 (Акт) 1“,,7.0,0.0,6.0,0.0,Y,0.0,L,0.0,L,в 12:33 през “Складове и Стоки”,
6754,5,1,43862356,2.5.3. Кранове на резба,Кран сфер. на рез. 3-части 316L PN63 (Акт) 1“,28082025/15,7.0,0.0,6.0,0.0,Y,0.0,L,0.0,L,в 12:33 през “Складове и Стоки”,
6754,6,1,43862356,2.5.2. Кранове на заварка,Кран сфер. на зав. 3-части 316L PN63 1/2“,,8.0,0.0,14.0,0.0,Y,10.467385,M,10.467385,M,в 12:55 през “Складове и Стоки”,
6754,7,1,43862356,2.5.2. Кранове на заварка,Кран сфер. на зав. 3-части 316L PN63 1/2“,1419196/040925/1,8.0,0.0,14.0,0.0,Y,10.467385,M,10.467385,M,в 12:55 през “Складове и Стоки”,
6754,8,1,43862356,2.5.1. Кранове на фланци,Кран сфер. на фл. трипътен 316L (Акт) 1 1/2`“,,3.0,0.0,4.0,0.0,Y,537.820071,M,537.820071,M,в 13:08 през “Складове и Стоки”,
6754,9,1,43862356,2.5.1. Кранове на фланци,Кран сфер. на фл. трипътен 316L (Акт) 1 1/2`“,1419195/040925/3,3.0,0.0,4.0,0.0,Y,537.820071,M,537.820071,M,в 13:08 през “Складове и Стоки”,
6754,10,1,43862356,Сензори,Нивомер поплавъчен тип 8181,,6.0,0.0,2.0,0.0,Y,87.74,M,87.74,M,в 14:05 през “Складове и Стоки”,
6754,11,1,43862356,Сензори,Нивомер поплавъчен тип 8181,po34479,6.0,0.0,2.0,0.0,Y,87.992,M,87.992,M,в 14:05 през “Складове и Стоки”,
6754,12,1,43862356,1.1.1. Части (Електролизьор),Плоча S355 J2+N HRP 2x6 70мм,300126/1,0.0,0.0,2.0,0.0,Y,1819.80382,M,1819.80382,M,в 14:58 през “Редактирай Серийни/Партидни №”,
6754,13,1,43862356,1.1.1. Части (Електролизьор),Плоча S355 J2+N HRP 2x6 70мм,,0.0,0.0,2.0,0.0,Y,1819.80382,M,1819.80382,M,в 14:58 през “Складове и Стоки”,
6754,14,1,50273524,М/Ж резба,Преход 316L резба М/Ж 1“х1/2“,,7.0,0.0,8.0,0.0,Y,1.789515,M,1.789515,M,в 09:22 през “Складове и Стоки”,
6754,15,1,50273524,М/Ж резба,Преход 316L резба М/Ж 1“х1/2“,181225/24,7.0,0.0,8.0,0.0,Y,1.789515,M,1.789515,M,в 09:22 през “Складове и Стоки”,
6754,16,1,50273524,Тапи на резба,Тапа 316L резба 1 1/4“,020226/5,0.0,0.0,2.0,0.0,Y,0.0,L,0.0,L,в 09:25 през “Редактирай Серийни/Партидни №”,
6754,17,1,50273524,Тапи на резба,Тапа 316L резба 1 1/4“,,2.0,0.0,2.0,0.0,Y,0.0,L,0.0,L,в 09:25 през “Редактирай Серийни/Партидни №”,
6754,18,1,50273524,Тапи на резба,Тапа 316L резба 2“,020226/6,0.0,0.0,2.0,0.0,Y,0.0,L,0.0,L,в 09:28 през “Редактирай Серийни/Партидни №”,
6754,19,1,50273524,Тапи на резба,Тапа 316L резба 2“,,2.0,0.0,2.0,0.0,Y,0.0,L,0.0,L,в 09:28 през “Редактирай Серийни/Партидни №”,
6754,20,1,50273524,Тапи на резба,Тапа 316L резба 1/4“,,5.0,0.0,3.0,0.0,Y,0.0,L,0.0,L,в 09:58 през “Складове и Стоки”,
6754,21,1,50273524,Тапи на резба,Тапа 316L резба 1/4“,181225/25,5.0,0.0,3.0,0.0,Y,0.0,L,0.0,L,в 09:58 през “Складове и Стоки”,
6754,22,1,50273524,7. Кабели,"Кабел ШВПС 3х0,75, бял",,30.0,0.0,130.0,0.0,Y,0.49,M,0.49,M,в 10:25 през “Складове и Стоки”,
6754,23,1,39240599,2. Консумативи,Скоба с гума и гайка 1`,,-1.0,0.0,0.0,0.0,Y,0.39,M,0.39,M,в 13:14 през “Складове и Стоки”,
6806,0,1,50273524,7. Кабели,"Кабел ШВПС 3х0,75, бял",8378/070126/2,30.0,0.0,130.0,0.0,Y,0.49,M,0.49,M,в 10:25 през “Складове и Стоки”,
6806,1,1,50273524,7. Кабели,Кабел 6х1,,21.0,0.0,700.0,0.0,Y,0.48,L,0.48,L,в 10:33 през “Складове и Стоки”,
6806,2,1,50273524,7. Кабели,Кабел 6х1,201025/28871/2,21.0,0.0,700.0,0.0,Y,0.48,L,0.48,L,в 10:33 през “Складове и Стоки”,
6806,3,1,1318253334,М16,Гайка шест. 8 Bl. М16,,408.0,0.0,408.0,0.0,,0.0,L,0.061355,M,,
6806,4,1,1318253334,М12,Шайба подложна vZn М12,,539.0,0.0,539.0,0.0,,0.0,L,0.014827,M,,
6806,5,1,1318253334,М10,Шайба пружинна vZn М10,,996.0,0.0,996.0,0.0,,0.0,L,0.01,M,,
6806,6,1,1318253334,М12,Шайба пружинна vZn М12,,484.0,0.0,484.0,0.0,,0.0,L,0.01,M,,
6806,7,1,1318253334,М16,Болт с шест.гл. 8.8 vZn M16x55,,100.0,0.0,100.0,0.0,,0.0,L,0.301661,M,,
6806,8,1,1318253334,2. Консумативи,Скоба за тръба 1 1/2`,,4.0,0.0,4.0,0.0,,0.0,L,4.192578,M,,
6806,9,1,1318253334,М16,Шайба пружинна DIN2093 М16,,220.0,0.0,220.0,0.0,,0.0,L,0.245419,M,,
6806,10,1,1318253334,М8,Шпилка 8.8 vZn M8x1000,,2.0,0.0,2.0,0.0,,0.0,L,95.836198,M,,
6806,11,1,1318253334,М12,Болт с шест.гл. 8.8 vZn М12х100,,140.0,0.0,140.0,0.0,,0.0,L,0.240306,M,,
6806,12,1,1318253334,М12,Болт с шест.гл. 8.8 vZn М12х25,,267.0,0.0,267.0,0.0,,0.0,L,0.10011099999999999,M,,
6806,13,1,1318253334,М12,Болт с шест.гл. 8.8 vZn М12х40,,80.0,0.0,80.0,0.0,,0.0,L,0.142241,M,,
6806,14,1,1318253334,М16,Болт с шест.гл. 8.8 vZn М16х45,,20.0,0.0,20.0,0.0,,0.0,L,0.285198,M,,
6806,15,1,1318253334,М16,Болт с шест.гл. 8.8 vZn М16х50,,100.0,0.0,100.0,0.0,,0.0,L,0.28120999999999996,M,,
6806,16,1,1318253334,М16,Болт с шест.гл. 8.8 vZn М16х60,,75.0,0.0,75.0,0.0,,0.0,L,0.337,M,,
6806,17,1,1318253334,М8,Болт с шест.гл. 8.8 vZn М8х25,,40.0,0.0,40.0,0.0,,0.0,L,0.040852,M,,
6806,18,1,1318253334,М12,Болт с шест.гл. 8.8 vZn М12х45,,46.0,0.0,46.0,0.0,,0.0,L,0.14,M,,
6806,19,1,1318253334,М12,Болт с шест.гл. 8.8 vZn М12х60,,100.0,0.0,100.0,0.0,,0.0,L,0.1585,M,,
6806,20,1,1318253334,М6,Болт с шест.гл. 8.8 vZn М6х35,,410.0,0.0,410.0,0.0,,0.0,L,0.0245,M,,
6806,21,1,1318253334,М6,Болт с шест.гл. 8.8 vZn М6х70,,93.0,0.0,93.0,0.0,,0.0,L,0.0453,M,,
6806,22,1,1318253334,М6,Гайка шест. 8 vZn М6,,302.0,0.0,302.0,0.0,,0.0,L,0.026484999999999998,M,,
6806,23,1,1318253334,М16,Гайка самоос. 10 vZn М16,,100.0,0.0,100.0,0.0,,0.0,L,0.35279,M,,
6806,24,1,1318253334,М12,Гайка шест. 8 vZn М12,,250.0,0.0,250.0,0.0,,0.0,L,0.03,M,,
6806,25,1,1318253334,М8,Гайка шест. 8 vZn М8,,156.0,0.0,156.0,0.0,,0.0,L,0.01,M,,
6806,26,1,1318253334,М16,Шайба подложна vZn М16,,843.0,0.0,843.0,0.0,,0.0,L,0.025564999999999997,M,,
6806,27,1,1318253334,М6,Шайба подложна vZn М6,,559.0,0.0,559.0,0.0,,0.0,L,0.01,M,,
6806,28,1,1318253334,М8,Шайба подложна vZn М8,,0.0,0.0,0.0,0.0,,0.0,L,0.0051129999999999995,M,,
6806,29,1,1318253334,М16,Шпилка М16,,16.0,0.0,16.0,0.0,,0.0,L,8.661253,M,,
6806,30,1,1318253334,М10,Болт с шест.гл. А2 М10х30,,40.0,0.0,40.0,0.0,,0.0,L,0.0,L,,
6806,31,1,1318253334,М10,Гайка шест. А2 М10,,53.0,0.0,53.0,0.0,,0.0,L,0.0,L,,
6806,32,1,1318253334,М10,Шайба пружинна А2 М10,,13.0,0.0,13.0,0.0,,0.0,L,0.0,L,,
6806,33,1,1318253334,М10,Болт с шест.гл. 8.8 vZn М10х30,,92.0,0.0,92.0,0.0,,0.0,L,0.14,L,,
6806,34,1,1318253334,М10,Болт с шест.гл. 8.8 vZn М10х40,,146.0,0.0,146.0,0.0,,0.0,L,0.17,L,,
6809,0,1,1318253334,М10,Болт с шест.гл. 8.8 vZn М10х45,,140.0,0.0,140.0,0.0,,0.0,L,0.0,L,,
6809,1,1,1318253334,М10,Гайка шест. 8 vZn М10,,266.0,0.0,266.0,0.0,,0.0,L,0.04,L,,
6809,2,1,1318253334,М10,Шайба подложна vZn М10,,267.0,0.0,267.0,0.0,,0.0,L,0.02,L,,
6809,3,1,1318253334,М10,Шайба с широка периферия vZn М10,,100.0,0.0,100.0,0.0,,0.0,L,0.0,L,,
6809,4,1,1318253334,М12,Болт с шест.гл. А2 М12х50,,854.0,0.0,854.0,0.0,,0.0,L,0.0,L,,
6809,5,1,1318253334,М12,Болт с шест.гл. А2 М12х100,,69.0,0.0,69.0,0.0,,0.0,L,0.0,L,,
6809,6,1,1318253334,М12,Гайка шест. А2 М12,,770.0,0.0,770.0,0.0,,0.0,L,0.0,L,,
6809,7,1,1318253334,М12,Шайба пружинна А2 М12,,513.0,0.0,513.0,0.0,,0.0,L,0.0,L,,
6809,8,1,1318253334,М12,Шайба подложна А2 М12,,1815.0,0.0,1815.0,0.0,,0.0,L,0.0,L,,
6809,9,1,1318253334,М16,Болт с шест.гл. А2 М16х60,,386.0,0.0,386.0,0.0,,0.0,L,0.0,L,,
6809,10,1,1318253334,М16,Гайка шест. А2 М16,,480.0,0.0,480.0,0.0,,0.0,L,0.0,L,,
6809,11,1,1318253334,М16,Шайба пружинна А2 М16,,463.0,0.0,463.0,0.0,,0.0,L,0.0,L,,
6809,12,1,1318253334,М16,Шайба подложна А2 М16,,919.0,0.0,919.0,0.0,,0.0,L,0.0,L,,
6809,13,1,1318253334,М16,Шайба пружинна gvZn М16,,89.0,0.0,89.0,0.0,,0.0,L,0.4,L,,
6809,14,1,1318253334,М16,Болт с шест.гл. 8.8 vZn М16х40,,100.0,0.0,100.0,0.0,,0.0,L,0.245419,M,,
6809,15,1,1318253334,М16,Гайка шест. 10 Bl. М16,,100.0,0.0,100.0,0.0,,0.0,L,0.18,L,,
6809,16,1,1318253334,М16,Шайба пружинна-федер vZn М16,,438.0,0.0,438.0,0.0,,0.0,L,0.0,L,,
6809,17,1,1318253334,М16,Гайка самоос. 8 vZn М16,,145.0,0.0,145.0,0.0,,0.0,L,0.38,M,,
6809,18,1,1318253334,М16,Шайба с широка периферия vZn M16,,190.0,0.0,190.0,0.0,,0.0,L,0.0,L,,
6809,19,1,1318253334,М3,Болт с шест.гл. А2 М3х25,,321.0,0.0,321.0,0.0,,0.0,L,0.05,M,,
6809,20,1,1318253334,М3,Болт с шест.гл. vZn М3х25,,123.0,0.0,123.0,0.0,,0.0,L,0.03,M,,
6809,21,1,1318253334,М3,Гайка шест. А2 М3,,313.0,0.0,313.0,0.0,,0.0,L,0.01,M,,
6809,22,1,1318253334,Винтове,"Винт самонарезен с шайба vZn ф4,2x13",,300.0,0.0,300.0,0.0,,0.0,L,0.09,L,,
6809,23,1,1318253334,Винтове,"Винт самопробивен с шайба ф4,2х13",,1000.0,0.0,1000.0,0.0,,0.0,L,0.01,L,,
6809,24,1,1318253334,М5,Винт с лещ.гл. 4.8 vZn М5х16,,490.0,0.0,490.0,0.0,,0.0,L,0.0,L,,
6809,25,1,1318253334,М5,Винт с лещ.гл. 4.8 vZn М5х20,,500.0,0.0,500.0,0.0,,0.0,L,0.0,L,,
6809,26,1,1318253334,М5,Винт с лещ.гл. 4.8 vZn М5х12,,486.0,0.0,486.0,0.0,,0.0,L,0.0,L,,
6809,27,1,1318253334,М5,Винт с лещ.гл. 4.8 vZn М5х25,,465.0,0.0,465.0,0.0,,0.0,L,0.0,L,,
6809,28,1,1318253334,М5,"Винт самопр. vZn М5,5х32",,100.0,0.0,100.0,0.0,,0.0,L,0.0,L,,
6809,29,1,1318253334,М5,Шайба с широка периферия vZn М5,,200.0,0.0,200.0,0.0,,0.0,L,0.0,L,,
6809,30,1,1318253334,М6,Гайка ниска А2 М6,,47.0,0.0,47.0,0.0,,0.0,L,0.03,M,,
6809,31,1,1318253334,М6,Болт с шест.гл. А2 М6х40,,26.0,0.0,26.0,0.0,,0.0,L,0.09,M,,
6809,32,1,1318253334,М6,Болт с шест.гл. 8.8 vZn М6х16,,411.0,0.0,411.0,0.0,,0.0,L,0.0,L,,
6809,33,1,1318253334,М6,Болт с шест.гл. 8.8 vZn М6х25,,67.0,0.0,67.0,0.0,,0.0,L,0.0,L,,
6809,34,1,1318253334,М6,Болт с шест.гл. 8.8 vZn М6х60,,148.0,0.0,148.0,0.0,,0.0,L,0.035789999999999995,M,,
6809,35,1,1318253334,М6,Болт с шест.гл. 8.8 vZn М6х65,,200.0,0.0,200.0,0.0,,0.0,L,0.0,L,,
6810,0,1,1318253334,М6,Болт с шест.гл. 8.8 vZn М6х90,,136.0,0.0,136.0,0.0,,0.0,L,0.0,L,,
6810,1,1,1318253334,М6,Болт с шест.гл. 8.8 vZn М6х50,,88.0,0.0,88.0,0.0,,0.0,L,0.0,L,,
6810,2,1,1318253334,М6,Винт с лещ.гл. 4.8 vZn М6х16,,365.0,0.0,365.0,0.0,,0.0,L,0.0,L,,
6810,3,1,1318253334,М6,Винт с лещ.гл. 4.8 vZn М6х35,,500.0,0.0,500.0,0.0,,0.0,L,0.0,L,,
6810,4,1,1318253334,М6,Винт с върт.шест. 8.8 vZn М6х60,,77.0,0.0,77.0,0.0,,0.0,L,0.0,L,,
6810,5,1,1318253334,М6,Гайка самоос. 8 vZn М6,,45.0,0.0,45.0,0.0,,0.0,L,0.0,L,,
6810,6,1,1318253334,М6,Шайба пружинна vZn М6,,0.0,0.0,0.0,0.0,,0.0,L,0.0,L,,
6810,7,1,1318253334,М8,Болт с шест.гл. 8.8 vZn М8х16,,63.0,0.0,63.0,0.0,,0.0,L,0.030677,M,,
6810,8,1,1318253334,М8,Болт с шест.гл. 8.8 vZn М8х20,,96.0,0.0,96.0,0.0,,0.0,L,0.035789999999999995,M,,
6810,9,1,1318253334,М8,Болт с шест.гл. 8.8 vZn М8х35,,91.0,0.0,91.0,0.0,,0.0,L,0.046016,M,,
6810,10,1,1318253334,М8,Шайба пружинна vZn М8,,137.0,0.0,137.0,0.0,,0.0,L,0.0,L,,
6810,11,1,1318253334,М8,Шайба с широка периферия vZn М8,,262.0,0.0,262.0,0.0,,0.0,L,0.0164,M,,
6810,12,1,1318253334,2. Консумативи,"О пръстен 47.22/3.53, EPDM 70",,20.0,0.0,20.0,0.0,,0.0,L,0.82,L,,
6810,13,1,1318253334,М16,Шайба пружинна vZn M16,,200.0,0.0,200.0,0.0,,0.0,L,0.67,L,,
6810,14,1,1318253334,М8,Шпилка 4.8 vZn М8х2000,,5.0,0.0,5.0,0.0,,0.0,L,1.08,M,,
6810,15,1,1318253334,Винтове,Винт 4.8 vZn М4х30,,44.0,0.0,44.0,0.0,,0.0,L,0.03,M,,
6810,16,1,1318253334,Винтове,Винт 4.8 vZn М4х12,,49.0,0.0,49.0,0.0,,0.0,L,0.02,M,,
6810,17,1,1318253334,Винтове,"Винт самопробивен ф4,8х50",,115.0,0.0,115.0,0.0,,0.0,L,0.03,M,,
6810,18,1,1318253334,М16,Болт с шест.гл. 8.8 vZn M16x55,10524822/311025/4,100.0,0.0,100.0,0.0,,0.0,L,0.301508,M,,
6810,19,1,1318253334,2. Консумативи,Скоба за тръба 1 1/2`,167415/271025,4.0,0.0,4.0,0.0,,0.0,L,4.192578,M,,
6810,20,1,1318253334,М16,Шайба пружинна DIN2093 М16,14798/041225,220.0,0.0,220.0,0.0,,0.0,L,0.245419,M,,
6810,21,1,1318253334,М8,Шпилка 8.8 vZn M8x1000,031125/2,2.0,0.0,2.0,0.0,,0.0,L,95.836198,M,,
6810,22,1,1318253334,М12,Болт с шест.гл. 8.8 vZn М12х100,091025/3,40.0,0.0,40.0,0.0,,0.0,L,0.24,M,,
6810,23,1,1318253334,М12,Болт с шест.гл. 8.8 vZn М12х100,10527503/071125/6,100.0,0.0,100.0,0.0,,0.0,L,0.240306,M,,
6810,24,1,1318253334,М12,Болт с шест.гл. 8.8 vZn М12х25,12345,267.0,0.0,267.0,0.0,,0.0,L,0.1,M,,
6810,25,1,1318253334,М12,Болт с шест.гл. 8.8 vZn М12х40,10527503/071125/4,80.0,0.0,80.0,0.0,,0.0,L,0.14,M,,
6810,26,1,1318253334,М16,Болт с шест.гл. 8.8 vZn М16х45,250725,20.0,0.0,20.0,0.0,,0.0,L,0.29,M,,
6810,27,1,1318253334,М16,Болт с шест.гл. 8.8 vZn М16х50,10524822/311025/3,100.0,0.0,100.0,0.0,,0.0,L,0.28120999999999996,M,,
6810,28,1,1318253334,М16,Болт с шест.гл. 8.8 vZn М16х60,081025/1,75.0,0.0,75.0,0.0,,0.0,L,0.34,M,,
6810,29,1,1318253334,М8,Болт с шест.гл. 8.8 vZn М8х25,090925/16,40.0,0.0,40.0,0.0,,0.0,L,0.04,M,,
6810,30,1,1318253334,М12,Болт с шест.гл. 8.8 vZn М12х45,12345/12,46.0,0.0,46.0,0.0,,0.0,L,0.14,M,,
6810,31,1,1318253334,М12,Болт с шест.гл. 8.8 vZn М12х60,10527503/071125/5,100.0,0.0,100.0,0.0,,0.0,L,0.159471,M,,
6810,32,1,1318253334,М6,Болт с шест.гл. 8.8 vZn М6х35,241025/20,410.0,0.0,410.0,0.0,,0.0,L,0.02,M,,
6810,33,1,1318253334,М6,Болт с шест.гл. 8.8 vZn М6х70,090925/2,93.0,0.0,93.0,0.0,,0.0,L,0.05,M,,
6810,34,1,1318253334,М6,Гайка шест. 8 vZn М6,031025/2,302.0,0.0,302.0,0.0,,0.0,L,0.03,M,,
6812,0,1,1318253334,М16,Гайка самоос. 10 vZn М16,10530304/171125/3,100.0,0.0,100.0,0.0,,0.0,L,0.35279,M,,
6812,1,1,1318253334,М12,Гайка шест. 8 vZn М12,091025/2,250.0,0.0,250.0,0.0,,0.0,L,0.03,M,,
6812,2,1,1318253334,М8,Гайка шест. 8 vZn М8,12345,156.0,0.0,156.0,0.0,,0.0,L,0.01,M,,
6812,3,1,1318253334,М16,Гайка шест. 8 Bl. М16,10524822/311025/1,408.0,0.0,408.0,0.0,,0.0,L,0.062531,M,,
6812,4,1,1318253334,М12,Шайба подложна vZn М12,241025/11,539.0,0.0,539.0,0.0,,0.0,L,0.01,M,,
6812,5,1,1318253334,М16,Шайба подложна vZn М16,10524822/311025/5,743.0,0.0,743.0,0.0,,0.0,L,0.025921999999999997,M,,
6812,6,1,1318253334,М16,Шайба подложна vZn М16,10530304/171125/4,100.0,0.0,100.0,0.0,,0.0,L,0.025564999999999997,M,,
6812,7,1,1318253334,М6,Шайба подложна vZn М6,031025/1,559.0,0.0,559.0,0.0,,0.0,L,0.01,L,,
6812,8,1,1318253334,М8,Шайба подложна vZn М8,10527503/071125/3,0.0,0.0,0.0,0.0,,0.0,L,0.0051129999999999995,M,,
6812,9,1,1318253334,М16,Шпилка М16,10530304/171125/1,16.0,0.0,16.0,0.0,,0.0,L,8.661253,M,,
6812,10,1,1318253334,М10,Болт с шест.гл. 8.8 vZn М10х30,10527503/071125/7,92.0,0.0,92.0,0.0,,0.0,L,0.14,L,,
6812,11,1,1318253334,М10,Болт с шест.гл. 8.8 vZn М10х40,10527503/071125/8,96.0,0.0,96.0,0.0,,0.0,L,0.1673,L,,
6812,12,1,1318253334,М10,Болт с шест.гл. 8.8 vZn М10х40,241025/5,50.0,0.0,50.0,0.0,,0.0,L,0.0,L,,
6812,13,1,1318253334,М10,Болт с шест.гл. 8.8 vZn М10х45,241025/6,140.0,0.0,140.0,0.0,,0.0,L,0.0,L,,
6812,14,1,1318253334,М10,Гайка шест. 8 vZn М10,10527503/071125/9,192.0,0.0,192.0,0.0,,0.0,L,0.0371,L,,
6812,15,1,1318253334,М10,Гайка шест. 8 vZn М10,241025/7,74.0,0.0,74.0,0.0,,0.0,L,0.0,L,,
6812,16,1,1318253334,М10,Шайба подложна vZn М10,10527503/071125/10,192.0,0.0,192.0,0.0,,0.0,L,0.0151,L,,
6812,17,1,1318253334,М10,Шайба подложна vZn М10,241025/8,75.0,0.0,75.0,0.0,,0.0,L,0.0,L,,
6812,18,1,1318253334,М10,Шайба с широка периферия vZn М10,241025/9,100.0,0.0,100.0,0.0,,0.0,L,0.0,L,,
6812,19,1,1318253334,М16,Шайба пружинна gvZn М16,340046105/181125,89.0,0.0,89.0,0.0,,0.0,L,0.4,L,,
6812,20,1,1318253334,М16,Болт с шест.гл. 8.8 vZn М16х40,10524822/311025/2,100.0,0.0,100.0,0.0,,0.0,L,0.247158,M,,
6812,21,1,1318253334,М16,Гайка шест. 10 Bl. М16,10530304/171125/2,100.0,0.0,100.0,0.0,,0.0,L,0.18,L,,
6812,22,1,1318253334,М16,Шайба пружинна-федер vZn М16,241025/1,438.0,0.0,438.0,0.0,,0.0,L,0.0,L,,
6812,23,1,1318253334,М16,Гайка самоос. 8 vZn М16,241025/3,145.0,0.0,145.0,0.0,,0.0,L,0.38,M,,
6812,24,1,1318253334,М16,Шайба с широка периферия vZn M16,241025/4,190.0,0.0,190.0,0.0,,0.0,L,0.0,L,,
6812,25,1,1318253334,М3,Болт с шест.гл. А2 М3х25,10544810/120126/1,300.0,0.0,300.0,0.0,,0.0,L,0.05,M,,
6812,26,1,1318253334,М3,Болт с шест.гл. А2 М3х25,340047100/120126/1,21.0,0.0,21.0,0.0,,0.0,L,0.046015,M,,
6812,27,1,1318253334,М3,Болт с шест.гл. vZn М3х25,340047100/120126/2,123.0,0.0,123.0,0.0,,0.0,L,0.03,M,,
6812,28,1,1318253334,М3,Гайка шест. А2 М3,10544810/120126/2,300.0,0.0,300.0,0.0,,0.0,L,0.01,M,,
6812,29,1,1318253334,М3,Гайка шест. А2 М3,340047100/120126/3,13.0,0.0,13.0,0.0,,0.0,L,0.010226,M,,
6812,30,1,1318253334,Винтове,"Винт самонарезен с шайба vZn ф4,2x13",10514758/021025,300.0,0.0,300.0,0.0,,0.0,L,0.09,L,,
6812,31,1,1318253334,Винтове,"Винт самопробивен с шайба ф4,2х13",340045982/131125,1000.0,0.0,1000.0,0.0,,0.0,L,0.01,L,,
6814,0,1,1318253334,М5,Винт с лещ.гл. 4.8 vZn М5х16,241025/14,490.0,0.0,490.0,0.0,,0.0,L,0.0,L,,
6814,1,1,1318253334,М5,Винт с лещ.гл. 4.8 vZn М5х20,241025/13,500.0,0.0,500.0,0.0,,0.0,L,0.0,L,,
6814,2,1,1318253334,М5,Винт с лещ.гл. 4.8 vZn М5х12,241025/12,486.0,0.0,486.0,0.0,,0.0,L,0.0,L,,
6814,3,1,1318253334,М5,Винт с лещ.гл. 4.8 vZn М5х25,241025/14,465.0,0.0,465.0,0.0,,0.0,L,0.0,L,,
6814,4,1,1318253334,М5,"Винт самопр. vZn М5,5х32",241025/15,100.0,0.0,100.0,0.0,,0.0,L,0.0,L,,
6814,5,1,1318253334,М5,Шайба с широка периферия vZn М5,241025/17,200.0,0.0,200.0,0.0,,0.0,L,0.0,L,,
6814,6,1,1318253334,М6,Гайка ниска А2 М6,0340047352/220126/2,47.0,0.0,47.0,0.0,,0.0,L,0.03,M,,
6814,7,1,1318253334,М6,Болт с шест.гл. А2 М6х40,0340047352/220126/1,26.0,0.0,26.0,0.0,,0.0,L,0.09,M,,
6814,8,1,1318253334,М6,Болт с шест.гл. 8.8 vZn М6х16,241025/19,411.0,0.0,411.0,0.0,,0.0,L,0.0,L,,
6814,9,1,1318253334,М6,Болт с шест.гл. 8.8 vZn М6х25,151025/4,67.0,0.0,67.0,0.0,,0.0,L,0.0,L,,
6814,10,1,1318253334,М6,Болт с шест.гл. 8.8 vZn М6х60,10524822/311025/7,148.0,0.0,148.0,0.0,,0.0,L,0.037273,M,,
6814,11,1,1318253334,М6,Болт с шест.гл. 8.8 vZn М6х65,241025/18,200.0,0.0,200.0,0.0,,0.0,L,0.0,L,,
6814,12,1,1318253334,М6,Болт с шест.гл. 8.8 vZn М6х90,090925/3,136.0,0.0,136.0,0.0,,0.0,L,0.0,L,,
6814,13,1,1318253334,М6,Болт с шест.гл. 8.8 vZn М6х50,241025/21,88.0,0.0,88.0,0.0,,0.0,L,0.0,L,,
6814,14,1,1318253334,М6,Винт с лещ.гл. 4.8 vZn М6х16,230925/1,365.0,0.0,365.0,0.0,,0.0,L,0.0,L,,
6814,15,1,1318253334,М6,Винт с лещ.гл. 4.8 vZn М6х35,230925/3,500.0,0.0,500.0,0.0,,0.0,L,0.0,L,,
6814,16,1,1318253334,М6,Винт с върт.шест. 8.8 vZn М6х60,241025/22,77.0,0.0,77.0,0.0,,0.0,L,0.0,L,,
6814,17,1,1318253334,М6,Гайка самоос. 8 vZn М6,241025/23,45.0,0.0,45.0,0.0,,0.0,L,0.0,L,,
6814,18,1,1318253334,М6,Шайба пружинна vZn М6,241025/24,0.0,0.0,0.0,0.0,,0.0,L,0.0,L,,
6814,19,1,1318253334,М8,Болт с шест.гл. 8.8 vZn М8х16,10527503/071125/1,63.0,0.0,63.0,0.0,,0.0,L,0.032722999999999995,M,,
6814,20,1,1318253334,М8,Болт с шест.гл. 8.8 vZn М8х20,10524822/311025/6,96.0,0.0,96.0,0.0,,0.0,L,0.036097,M,,
6814,21,1,1318253334,М8,Болт с шест.гл. 8.8 vZn М8х35,10527503/071125/2,91.0,0.0,91.0,0.0,,0.0,L,0.046016,M,,
6814,22,1,1318253334,М8,Шайба пружинна vZn М8,201025/6,137.0,0.0,137.0,0.0,,0.0,L,0.0,L,,
6814,23,1,1318253334,М8,Шайба с широка периферия vZn М8,230925/2,217.0,0.0,217.0,0.0,,0.0,L,0.0164,M,,
6814,24,1,1318253334,2. Консумативи,"О пръстен 47.22/3.53, EPDM 70",196057/131025,20.0,0.0,20.0,0.0,,0.0,L,0.82,L,,
6814,25,1,1318253334,М16,Шайба пружинна vZn M16,1200180962/251125,200.0,0.0,200.0,0.0,,0.0,L,0.67,L,,
6814,26,1,1318253334,М10,Шайба пружинна vZn М10,340047510/290126/1,996.0,0.0,996.0,0.0,,0.0,L,0.01,M,,
6814,27,1,1318253334,М12,Шайба пружинна vZn М12,340047510/290126/2,484.0,0.0,484.0,0.0,,0.0,L,0.015,M,,
6814,28,1,1318253334,М8,Шайба с широка периферия vZn М8,0340047549/020226/1,45.0,0.0,45.0,0.0,,0.0,L,0.0164,M,,
6814,29,1,1318253334,М8,Шпилка 4.8 vZn М8х2000,0340047549/020226/2,5.0,0.0,5.0,0.0,,0.0,L,1.08,M,,
6814,30,1,1318253334,Винтове,Винт 4.8 vZn М4х30,020226/1,44.0,0.0,44.0,0.0,,0.0,L,0.03,M,,
6814,31,1,1318253334,Винтове,Винт 4.8 vZn М4х12,020226/2,49.0,0.0,49.0,0.0,,0.0,L,0.02,M,,
6814,32,1,1318253334,Винтове,"Винт самопробивен ф4,8х50",0010479589/050526,115.0,0.0,115.0,0.0,,0.0,L,0.03,M,,
6815,0,1,50273524,2.4. Фланци,Фланец плосък 304 T10 PN16 DN50,,31.0,0.0,32.0,0.0,Y,10.609268,M,10.609268,M,в 14:10 през “Складове и Стоки”,
6815,1,1,50273524,2.4. Фланци,Фланец плосък 304 T10 PN16 DN50,10143532/110925/50,31.0,0.0,32.0,0.0,Y,10.607529,M,10.607529,M,в 14:10 през “Складове и Стоки”,
6815,2,1,50273524,Колена на резба,Коляно 90° 304L резба М/Ж 1 1/2“,,3.0,0.0,4.0,0.0,Y,1.0,L,1.0,L,в 14:33 през “Складове и Стоки”,
6815,3,1,50273524,Колена на резба,Коляно 90° 304L резба М/Ж 1 1/2“,16813615,3.0,0.0,4.0,0.0,Y,1.0,L,1.0,L,в 14:33 през “Складове и Стоки”,
6815,4,1,50273524,Вътрешна резба,Преход 316L резба вътрешна 150LBS 1“х1/2“,,2.0,0.0,4.0,0.0,Y,0.0,L,0.0,L,в 14:37 през “Складове и Стоки”,
6815,5,1,50273524,Вътрешна резба,Преход 316L резба вътрешна 150LBS 1“х1/2“,181225/17,2.0,0.0,4.0,0.0,Y,0.0,L,0.0,L,в 14:37 през “Складове и Стоки”,
6815,6,1,50273524,Холендри на резба,Холендър 316L резба М/Ж 150LBS 2“,020226/7,0.0,0.0,2.0,0.0,Y,0.0,L,0.0,L,в 14:41 през “Редактирай Серийни/Партидни №”,
6815,7,1,50273524,Холендри на резба,Холендър 316L резба М/Ж 150LBS 2“,,2.0,0.0,2.0,0.0,Y,0.0,L,0.0,L,в 14:41 през “Редактирай Серийни/Партидни №”,
6815,8,1,50273524,Холендри на резба,Холендър 316L резба вътрешна PTFE 150LBS 1 1/2“,,1.0,0.0,5.0,0.0,Y,0.0,L,0.0,L,в 14:53 през “Складове и Стоки”,
6815,9,1,50273524,Холендри на резба,Холендър 316L резба вътрешна PTFE 150LBS 1 1/2“,020226/9,0.0,0.0,5.0,0.0,Y,0.0,L,0.0,L,в 14:53 през “Редактирай Серийни/Партидни №”,
6815,10,1,50273524,Холендри на резба,Холендър 316L резба вътрешна PTFE 150LBS 2“,020226/10,0.0,0.0,1.0,0.0,Y,0.0,L,0.0,L,в 14:54 през “Редактирай Серийни/Партидни №”,
6815,11,1,50273524,Холендри на резба,Холендър 316L резба вътрешна PTFE 150LBS 2“,,1.0,0.0,1.0,0.0,Y,0.0,L,0.0,L,в 14:54 през “Редактирай Серийни/Партидни №”,
6815,12,1,50273524,Холендри на резба,Холендър 316L резба вътрешна PTFE 150LBS 1“,020226/11,0.0,0.0,4.0,0.0,Y,23.06,L,23.06,L,в 14:56 през “Редактирай Серийни/Партидни №”,
6815,13,1,50273524,Холендри на резба,Холендър 316L резба вътрешна PTFE 150LBS 1“,,4.0,0.0,4.0,0.0,Y,23.06,L,23.06,L,в 14:56 през “Редактирай Серийни/Партидни №”,
6815,14,1,43540008,Тройници на резба,Тройник 316L резба вътрешна 1/4“,,18.0,0.0,20.0,0.0,Y,0.0,L,0.0,L,в 08:27 през “Складове и Стоки”,
6815,15,1,43540008,Тройници на резба,Тройник 316L резба вътрешна 1/4“,031125,18.0,0.0,20.0,0.0,Y,0.0,L,0.0,L,в 08:27 през “Складове и Стоки”,
6815,16,1,43540008,Вътрешна резба,Преход 316L резба вътрешна 150LBS 3/4“х1/2“,030226/1,0.0,0.0,6.0,0.0,Y,0.0,L,0.0,L,в 09:36 през “Редактирай Серийни/Партидни №”,
6815,17,1,43540008,Вътрешна резба,Преход 316L резба вътрешна 150LBS 3/4“х1/2“,,6.0,0.0,6.0,0.0,Y,0.0,L,0.0,L,в 09:36 през “Редактирай Серийни/Партидни №”,
6815,18,1,43540008,Вътрешна резба,Преход 316L резба вътрешна 150LBS 3/8“х1/4“,,7.0,0.0,5.0,0.0,Y,1.88,L,1.88,L,в 09:37 през “Складове и Стоки”,
6815,19,1,43540008,Вътрешна резба,Преход 316L резба вътрешна 150LBS 3/8“х1/4“,030226/2,0.0,0.0,5.0,0.0,Y,1.88,L,1.88,L,в 09:37 през “Редактирай Серийни/Партидни №”,
6815,20,1,43540008,Кабели - Захранващи,Кабел 70мм HO7V-K червен,213597/011225/3,36.0,0.0,10.0,0.0,Y,8.291079,M,8.291079,M,в 14:32 през “Складове и Стоки”,
6815,21,1,43540008,Кабели - Захранващи,Кабел 70мм HO7V-K червен,,87.0,0.0,61.0,0.0,Y,9.92,M,9.92,M,в 14:32 през “Складове и Стоки”,
6815,22,1,43540008,Кабели - Захранващи,Кабел 70мм HO7V-K черен,213597/011225/2,24.0,0.0,10.0,0.0,Y,8.291079,M,8.291079,M,в 14:32 през “Складове и Стоки”,
6927,0,1,43540008,Кабели - Захранващи,Кабел 70мм HO7V-K черен,,54.0,0.0,40.0,0.0,Y,9.92,M,9.92,M,в 14:32 през “Складове и Стоки”,
6927,1,1,44768933,Кабелни Канали,"Стенна конзола 90x610mm 2,5kN",,3.0,0.0,8.0,0.0,Y,6.07,M,6.07,M,в 12:26 през “Складове и Стоки”,
6927,2,1,44768933,Кабелни Канали,"Стенна конзола 90x610mm 2,5kN",47571/151025/3,3.0,0.0,8.0,0.0,Y,6.017883,M,6.017883,M,в 12:26 през “Складове и Стоки”,
6927,3,1,44768933,2.4. Фланци,Уплътнение CF3000 PTFE DN25,10148677/290126/3,50.0,0.0,58.0,0.0,Y,1.08,M,1.08,M,в 13:25 през “Складове и Стоки”,
6927,4,1,44768933,2.4. Фланци,Уплътнение CF3000 PTFE DN25,,100.0,0.0,108.0,0.0,Y,1.08,M,1.08,M,в 13:26 през “Складове и Стоки”,
6927,5,1,47038648,М10,Шайба пружинна vZn М10,340047510/290126/1,996.0,0.0,0.0,0.0,Y,0.01,M,0.01,M,в 07:56 през “Складове и Стоки”,
6927,6,1,47038648,М10,Шайба пружинна vZn М10,,996.0,0.0,996.0,0.0,Y,0.01,M,0.01,M,в 07:56 през “Складове и Стоки”,
6927,7,1,47038648,М10,Болт с шест.гл. 8.8 vZn М10х30,10527503/071125/7,71.0,0.0,0.0,0.0,Y,0.071581,M,0.071581,M,в 07:56 през “Складове и Стоки”,
6927,8,1,47038648,М10,Болт с шест.гл. 8.8 vZn М10х30,,71.0,0.0,71.0,0.0,Y,0.071581,M,0.071581,M,в 07:56 през “Складове и Стоки”,
6927,9,1,47038648,М10,Болт с шест.гл. 8.8 vZn М10х40,10527503/071125/8,96.0,0.0,0.0,0.0,Y,0.085539,M,0.085539,M,в 07:56 през “Складове и Стоки”,
6927,10,1,47038648,М10,Болт с шест.гл. 8.8 vZn М10х40,,146.0,0.0,146.0,0.0,Y,0.086919,M,0.086919,M,в 07:56 през “Складове и Стоки”,
6927,11,1,47038648,М10,Болт с шест.гл. 8.8 vZn М10х40,241025/5,50.0,0.0,0.0,0.0,Y,0.09,M,0.09,M,в 07:56 през “Складове и Стоки”,
6927,12,1,47038648,М10,Болт с шест.гл. 8.8 vZn М10х45,241025/6,140.0,0.0,0.0,0.0,Y,0.0,L,0.0,M,в 07:56 през “Складове и Стоки”,
6927,13,1,47038648,М10,Болт с шест.гл. 8.8 vZn М10х45,,140.0,0.0,140.0,0.0,Y,0.0,L,0.0,M,в 07:56 през “Складове и Стоки”,
6927,14,1,47038648,М10,Гайка шест. 8 vZn М10,10527503/071125/9,192.0,0.0,0.0,0.0,Y,0.018969,M,0.018969,M,в 07:56 през “Складове и Стоки”,
6927,15,1,47038648,М10,Гайка шест. 8 vZn М10,,266.0,0.0,266.0,0.0,Y,0.020452,M,0.020452,M,в 07:56 през “Складове и Стоки”,
6927,16,1,47038648,М10,Гайка шест. 8 vZn М10,241025/7,74.0,0.0,0.0,0.0,Y,0.02,M,0.02,M,в 07:57 през “Складове и Стоки”,
6927,17,1,47038648,М10,Шайба подложна vZn М10,10527503/071125/10,192.0,0.0,0.0,0.0,Y,0.00772,M,0.00772,M,в 07:57 през “Складове и Стоки”,
6927,18,1,47038648,М10,Шайба подложна vZn М10,,267.0,0.0,267.0,0.0,Y,0.010226,M,0.010226,M,в 07:57 през “Складове и Стоки”,
6927,19,1,47038648,М10,Шайба подложна vZn М10,241025/8,75.0,0.0,0.0,0.0,Y,0.01,M,0.01,M,в 07:57 през “Складове и Стоки”,
6927,20,1,47038648,М10,Шайба с широка периферия vZn М10,241025/9,100.0,0.0,0.0,0.0,Y,0.0,L,0.0,M,в 07:57 през “Складове и Стоки”,
6927,21,1,47038648,М10,Шайба с широка периферия vZn М10,,100.0,0.0,100.0,0.0,Y,0.0,L,0.0,M,в 07:57 през “Складове и Стоки”,
6927,22,1,47038648,М12,Шайба пружинна vZn М12,340047510/290126/2,444.0,0.0,0.0,0.0,Y,0.015,M,0.015,M,в 07:59 през “Складове и Стоки”,
6927,23,1,47038648,М12,Шайба пружинна vZn М12,,444.0,0.0,444.0,0.0,Y,0.01,M,0.01,M,в 07:59 през “Складове и Стоки”,
6927,24,1,47038648,М12,Болт с шест.гл. 8.8 vZn М12х100,091025/3,40.0,0.0,0.0,0.0,Y,0.24,M,0.24,M,в 07:59 през “Складове и Стоки”,
7063,0,1,47038648,М12,Болт с шест.гл. 8.8 vZn М12х100,,140.0,0.0,140.0,0.0,Y,0.240306,M,0.240306,M,в 07:59 през “Складове и Стоки”,
7063,1,1,47038648,М12,Болт с шест.гл. 8.8 vZn М12х100,10527503/071125/6,100.0,0.0,0.0,0.0,Y,0.240306,M,0.240306,M,в 07:59 през “Складове и Стоки”,
7063,2,1,47038648,М12,Болт с шест.гл. 8.8 vZn М12х25,12345,267.0,0.0,0.0,0.0,Y,0.1,M,0.1,M,в 08:01 през “Складове и Стоки”,
7063,3,1,47038648,М12,Болт с шест.гл. 8.8 vZn М12х25,,267.0,0.0,267.0,0.0,Y,0.100111,M,0.100111,M,в 08:01 през “Складове и Стоки”,
7063,4,1,47038648,М12,Болт с шест.гл. 8.8 vZn М12х40,10527503/071125/4,80.0,0.0,0.0,0.0,Y,0.14,M,0.14,M,в 08:01 през “Складове и Стоки”,
7063,5,1,47038648,М12,Болт с шест.гл. 8.8 vZn М12х40,,80.0,0.0,80.0,0.0,Y,0.142241,M,0.142241,M,в 08:01 през “Складове и Стоки”,
7063,6,1,47038648,М12,Болт с шест.гл. 8.8 vZn М12х45,12345/12,46.0,0.0,0.0,0.0,Y,0.14,M,0.14,M,в 08:01 през “Складове и Стоки”,
7063,7,1,47038648,М12,Болт с шест.гл. 8.8 vZn М12х45,,46.0,0.0,46.0,0.0,Y,0.14,M,0.14,M,в 08:01 през “Складове и Стоки”,
7063,8,1,47038648,М12,Болт с шест.гл. 8.8 vZn М12х60,10527503/071125/5,60.0,0.0,0.0,0.0,Y,0.159471,M,0.159471,M,в 08:01 през “Складове и Стоки”,
7063,9,1,47038648,М12,Болт с шест.гл. 8.8 vZn М12х60,,60.0,0.0,60.0,0.0,Y,0.1585,M,0.1585,M,в 08:01 през “Складове и Стоки”,
7063,10,1,47038648,М12,Гайка шест. 8 vZn М12,091025/2,190.0,0.0,0.0,0.0,Y,0.03,M,0.03,M,в 08:01 през “Складове и Стоки”,
7063,11,1,47038648,М12,Гайка шест. 8 vZn М12,,190.0,0.0,190.0,0.0,Y,0.03,M,0.03,M,в 08:01 през “Складове и Стоки”,
7063,12,1,47038648,М12,Шайба подложна vZn М12,241025/11,499.0,0.0,0.0,0.0,Y,0.01,M,0.01,M,в 08:02 през “Складове и Стоки”,
7063,13,1,47038648,М12,Шайба подложна vZn М12,,499.0,0.0,499.0,0.0,Y,0.014827,M,0.014827,M,в 08:02 през “Складове и Стоки”,
7063,14,1,47038648,М16,Гайка самоос. 8 vZn М16,241025/3,145.0,0.0,0.0,0.0,Y,0.38,M,0.38,M,в 08:03 през “Складове и Стоки”,
7063,15,1,47038648,М16,Гайка самоос. 8 vZn М16,,145.0,0.0,145.0,0.0,Y,0.38,M,0.38,M,в 08:03 през “Складове и Стоки”,
7063,16,1,47038648,М16,Болт с шест.гл. 8.8 vZn M16x55,10524822/311025/4,100.0,0.0,0.0,0.0,Y,0.301508,M,0.301508,M,в 08:03 през “Складове и Стоки”,
7063,17,1,47038648,М16,Болт с шест.гл. 8.8 vZn M16x55,,100.0,0.0,100.0,0.0,Y,0.301661,M,0.301661,M,в 08:03 през “Складове и Стоки”,
7063,18,1,47038648,М16,Шайба пружинна DIN2093 М16,14798/041225,220.0,0.0,0.0,0.0,Y,0.245419,M,0.245419,M,в 08:04 през “Складове и Стоки”,
7063,19,1,47038648,М16,Шайба пружинна DIN2093 М16,,220.0,0.0,220.0,0.0,Y,0.245419,M,0.245419,M,в 08:04 през “Складове и Стоки”,
7063,20,1,47038648,М16,Шайба пружинна gvZn М16,340046105/181125,89.0,0.0,0.0,0.0,Y,0.204516752478487,M,0.204516752478487,M,в 08:04 през “Складове и Стоки”,
7063,21,1,47038648,М16,Шайба пружинна gvZn М16,,89.0,0.0,89.0,0.0,Y,0.204516752478487,M,0.204516752478487,M,в 08:04 през “Складове и Стоки”,
7063,22,1,47038648,М16,Болт с шест.гл. 8.8 vZn М16х40,10524822/311025/2,100.0,0.0,0.0,0.0,Y,0.247158,M,0.247158,M,в 08:23 през “Складове и Стоки”,
7063,23,1,47038648,М16,Болт с шест.гл. 8.8 vZn М16х40,,100.0,0.0,100.0,0.0,Y,0.245419,M,0.245419,M,в 08:23 през “Складове и Стоки”,
7063,24,1,47038648,М16,Болт с шест.гл. 8.8 vZn М16х45,250725,20.0,0.0,0.0,0.0,Y,0.29,M,0.29,M,в 08:24 през “Складове и Стоки”,
7065,0,1,47038648,М16,Болт с шест.гл. 8.8 vZn М16х45,,20.0,0.0,20.0,0.0,Y,0.285198,M,0.285198,M,в 08:24 през “Складове и Стоки”,
7065,1,1,47038648,М16,Болт с шест.гл. 8.8 vZn М16х50,10524822/311025/3,100.0,0.0,0.0,0.0,Y,0.28121,M,0.28121,M,в 08:25 през “Складове и Стоки”,
7065,2,1,47038648,М16,Болт с шест.гл. 8.8 vZn М16х50,,100.0,0.0,100.0,0.0,Y,0.28121,M,0.28121,M,в 08:25 през “Складове и Стоки”,
7065,3,1,47038648,М16,Болт с шест.гл. 8.8 vZn М16х60,081025/1,75.0,0.0,0.0,0.0,Y,0.34,M,0.34,M,в 08:25 през “Складове и Стоки”,
7065,4,1,47038648,М16,Болт с шест.гл. 8.8 vZn М16х60,,75.0,0.0,75.0,0.0,Y,0.337,M,0.337,M,в 08:25 през “Складове и Стоки”,
7065,5,1,47038648,М16,Гайка самоос. 10 vZn М16,10530304/171125/3,100.0,0.0,0.0,0.0,Y,0.35279,M,0.35279,M,в 08:25 през “Складове и Стоки”,
7065,6,1,47038648,М16,Гайка самоос. 10 vZn М16,,100.0,0.0,100.0,0.0,Y,0.35279,M,0.35279,M,в 08:25 през “Складове и Стоки”,
7065,7,1,47038648,М16,Гайка шест. 8 Bl. М16,10524822/311025/1,408.0,0.0,0.0,0.0,Y,0.062531,M,0.062531,M,в 08:25 през “Складове и Стоки”,
7065,8,1,47038648,М16,Гайка шест. 8 Bl. М16,,408.0,0.0,408.0,0.0,Y,0.061355,M,0.061355,M,в 08:25 през “Складове и Стоки”,
7065,9,1,47038648,М16,Гайка шест. 10 Bl. М16,10530304/171125/2,100.0,0.0,0.0,0.0,Y,0.0920325386153193,M,0.0920325386153193,M,в 08:25 през “Складове и Стоки”,
7065,10,1,47038648,М16,Гайка шест. 10 Bl. М16,,100.0,0.0,100.0,0.0,Y,0.0920325386153193,M,0.0920325386153193,M,в 08:25 през “Складове и Стоки”,
7065,11,1,47038648,М16,Шайба пружинна-федер vZn М16,241025/1,438.0,0.0,0.0,0.0,Y,0.0,L,0.0,M,в 08:25 през “Складове и Стоки”,
7065,12,1,47038648,М16,Шайба пружинна-федер vZn М16,,438.0,0.0,438.0,0.0,Y,0.0,L,0.0,M,в 08:25 през “Складове и Стоки”,
7065,13,1,47038648,М16,Шайба подложна vZn М16,10524822/311025/5,743.0,0.0,0.0,0.0,Y,0.025922,M,0.025922,M,в 08:26 през “Складове и Стоки”,
7065,14,1,47038648,М16,Шайба подложна vZn М16,,843.0,0.0,843.0,0.0,Y,0.025565,M,0.025565,M,в 08:26 през “Складове и Стоки”,
7065,15,1,47038648,М16,Шайба подложна vZn М16,10530304/171125/4,100.0,0.0,0.0,0.0,Y,0.025565,M,0.025565,M,в 08:26 през “Складове и Стоки”,
7065,16,1,47038648,М16,Шайба с широка периферия vZn M16,241025/4,190.0,0.0,0.0,0.0,Y,0.0,L,0.0,M,в 08:26 през “Складове и Стоки”,
7065,17,1,47038648,М16,Шайба с широка периферия vZn M16,,190.0,0.0,190.0,0.0,Y,0.0,L,0.0,M,в 08:26 през “Складове и Стоки”,
7065,18,1,47038648,М16,Шпилка М16,10530304/171125/1,16.0,0.0,0.0,0.0,Y,8.661253,M,8.661253,M,в 08:26 през “Складове и Стоки”,
7065,19,1,47038648,М16,Шпилка М16,,16.0,0.0,16.0,0.0,Y,8.661253,M,8.661253,M,в 08:26 през “Складове и Стоки”,
7065,20,1,47038648,М3,Болт с шест.гл. А2 М3х25,10544810/120126/1,300.0,0.0,0.0,0.0,Y,0.05,M,0.05,M,в 08:46 през “Складове и Стоки”,
7065,21,1,47038648,М3,Болт с шест.гл. А2 М3х25,,321.0,0.0,321.0,0.0,Y,0.05,M,0.05,M,в 08:46 през “Складове и Стоки”,
7065,22,1,47038648,М3,Болт с шест.гл. А2 М3х25,340047100/120126/1,21.0,0.0,0.0,0.0,Y,0.046015,M,0.046015,M,в 08:46 през “Складове и Стоки”,
7065,23,1,47038648,М3,Болт с шест.гл. vZn М3х25,340047100/120126/2,123.0,0.0,0.0,0.0,Y,0.03,M,0.03,M,в 08:46 през “Складове и Стоки”,
7065,24,1,47038648,М3,Болт с шест.гл. vZn М3х25,,123.0,0.0,123.0,0.0,Y,0.03,M,0.03,M,в 08:46 през “Складове и Стоки”,
7068,0,1,47038648,М3,Гайка шест. А2 М3,10544810/120126/2,300.0,0.0,0.0,0.0,Y,0.01,M,0.01,M,в 08:46 през “Складове и Стоки”,
7068,1,1,47038648,М3,Гайка шест. А2 М3,,313.0,0.0,313.0,0.0,Y,0.01,M,0.01,M,в 08:46 през “Складове и Стоки”,
7068,2,1,47038648,М3,Гайка шест. А2 М3,340047100/120126/3,13.0,0.0,0.0,0.0,Y,0.010226,M,0.010226,M,в 08:46 през “Складове и Стоки”,
7068,3,1,47038648,Винтове,Винт 4.8 vZn М4х12,020226/2,49.0,0.0,0.0,0.0,Y,0.02,M,0.02,M,в 08:47 през “Складове и Стоки”,
7068,4,1,47038648,Винтове,Винт 4.8 vZn М4х12,,49.0,0.0,49.0,0.0,Y,0.02,M,0.02,M,в 08:47 през “Складове и Стоки”,
7068,5,1,47038648,Винтове,Винт 4.8 vZn М4х30,020226/1,44.0,0.0,0.0,0.0,Y,0.03,M,0.03,M,в 08:47 през “Складове и Стоки”,
7068,6,1,47038648,Винтове,Винт 4.8 vZn М4х30,,44.0,0.0,44.0,0.0,Y,0.03,M,0.03,M,в 08:47 през “Складове и Стоки”,
7068,7,1,47038648,Винтове,"Винт самонарезен с шайба vZn ф4,2x13",10514758/021025,300.0,0.0,0.0,0.0,Y,0.0460162693076597,M,0.0460162693076597,M,в 08:47 през “Складове и Стоки”,
7068,8,1,47038648,Винтове,"Винт самонарезен с шайба vZn ф4,2x13",,300.0,0.0,300.0,0.0,Y,0.0460162693076597,M,0.0460162693076597,M,в 08:47 през “Складове и Стоки”,
7068,9,1,47038648,Винтове,"Винт самопробивен с шайба ф4,2х13",340045982/131125,1000.0,0.0,0.0,0.0,Y,0.00511291881196219,M,0.00511291881196219,M,в 08:47 през “Складове и Стоки”,
7068,10,1,47038648,Винтове,"Винт самопробивен с шайба ф4,2х13",,1000.0,0.0,1000.0,0.0,Y,0.00511291881196219,M,0.00511291881196219,M,в 08:47 през “Складове и Стоки”,
7068,11,1,47038648,Винтове,"Винт самопробивен ф4,8х50",0010479589/050526,115.0,0.0,0.0,0.0,Y,0.03,M,0.03,M,в 08:47 през “Складове и Стоки”,
7068,12,1,47038648,Винтове,"Винт самопробивен ф4,8х50",,115.0,0.0,115.0,0.0,Y,0.03,M,0.03,M,в 08:47 през “Складове и Стоки”,
7068,13,1,47038648,М5,Винт с лещ.гл. 4.8 vZn М5х16,241025/14,490.0,0.0,0.0,0.0,Y,0.0,L,0.0,M,в 08:48 през “Складове и Стоки”,
7068,14,1,47038648,М5,Винт с лещ.гл. 4.8 vZn М5х16,,490.0,0.0,490.0,0.0,Y,0.0,L,0.0,M,в 08:48 през “Складове и Стоки”,
7068,15,1,47038648,М5,Винт с лещ.гл. 4.8 vZn М5х20,241025/13,500.0,0.0,0.0,0.0,Y,0.0,L,0.0,M,в 08:48 през “Складове и Стоки”,
7068,16,1,47038648,М5,Винт с лещ.гл. 4.8 vZn М5х20,,500.0,0.0,500.0,0.0,Y,0.0,L,0.0,M,в 08:48 през “Складове и Стоки”,
7068,17,1,47038648,М5,Винт с лещ.гл. 4.8 vZn М5х12,241025/12,486.0,0.0,0.0,0.0,Y,0.0,L,0.0,M,в 08:48 през “Складове и Стоки”,
7068,18,1,47038648,М5,Винт с лещ.гл. 4.8 vZn М5х12,,486.0,0.0,486.0,0.0,Y,0.0,L,0.0,M,в 08:48 през “Складове и Стоки”,
7068,19,1,47038648,М5,Винт с лещ.гл. 4.8 vZn М5х25,241025/14,465.0,0.0,0.0,0.0,Y,0.0,L,0.0,M,в 08:48 през “Складове и Стоки”,
7068,20,1,47038648,М5,Винт с лещ.гл. 4.8 vZn М5х25,,465.0,0.0,465.0,0.0,Y,0.0,L,0.0,M,в 08:48 през “Складове и Стоки”,
7068,21,1,47038648,М5,"Винт самопр. vZn М5,5х32",241025/15,100.0,0.0,0.0,0.0,Y,0.0,L,0.0,M,в 08:48 през “Складове и Стоки”,
7068,22,1,47038648,М5,"Винт самопр. vZn М5,5х32",,100.0,0.0,100.0,0.0,Y,0.0,L,0.0,M,в 08:48 през “Складове и Стоки”,
7068,23,1,47038648,М5,Шайба с широка периферия vZn М5,241025/17,200.0,0.0,0.0,0.0,Y,0.0,L,0.0,M,в 08:48 през “Складове и Стоки”,
7068,24,1,47038648,М5,Шайба с широка периферия vZn М5,,200.0,0.0,200.0,0.0,Y,0.0,L,0.0,M,в 08:48 през “Складове и Стоки”,
7068,25,1,47038648,М6,Гайка ниска А2 М6,0340047352/220126/2,47.0,0.0,0.0,0.0,Y,0.03,M,0.03,M,в 08:49 през “Складове и Стоки”,
7070,0,1,47038648,М6,Гайка ниска А2 М6,,47.0,0.0,47.0,0.0,Y,0.03,M,0.03,M,в 08:49 през “Складове и Стоки”,
7070,1,1,47038648,М6,Болт с шест.гл. А2 М6х40,0340047352/220126/1,26.0,0.0,0.0,0.0,Y,0.09,M,0.09,M,в 08:49 през “Складове и Стоки”,
7070,2,1,47038648,М6,Болт с шест.гл. А2 М6х40,,26.0,0.0,26.0,0.0,Y,0.09,M,0.09,M,в 08:49 през “Складове и Стоки”,
7070,3,1,47038648,М6,Болт с шест.гл. 8.8 vZn М6х16,241025/19,411.0,0.0,0.0,0.0,Y,0.0,L,0.0,M,в 08:49 през “Складове и Стоки”,
7070,4,1,47038648,М6,Болт с шест.гл. 8.8 vZn М6х16,,411.0,0.0,411.0,0.0,Y,0.0,L,0.0,M,в 08:49 през “Складове и Стоки”,
7070,5,1,47038648,М6,Болт с шест.гл. 8.8 vZn М6х25,151025/4,67.0,0.0,0.0,0.0,Y,0.0,L,0.0,M,в 08:49 през “Складове и Стоки”,
7070,6,1,47038648,М6,Болт с шест.гл. 8.8 vZn М6х25,,67.0,0.0,67.0,0.0,Y,0.0,L,0.0,M,в 08:49 през “Складове и Стоки”,
7070,7,1,47038648,М6,Болт с шест.гл. 8.8 vZn М6х60,10524822/311025/7,148.0,0.0,0.0,0.0,Y,0.037273,M,0.037273,M,в 08:50 през “Складове и Стоки”,
7070,8,1,47038648,М6,Болт с шест.гл. 8.8 vZn М6х60,,148.0,0.0,148.0,0.0,Y,0.03579,M,0.03579,M,в 08:50 през “Складове и Стоки”,
7070,9,1,47038648,М6,Болт с шест.гл. 8.8 vZn М6х65,241025/18,184.0,0.0,0.0,0.0,Y,0.0,L,0.0,M,в 08:50 през “Складове и Стоки”,
7070,10,1,47038648,М6,Болт с шест.гл. 8.8 vZn М6х65,,184.0,0.0,184.0,0.0,Y,0.0,L,0.0,M,в 08:50 през “Складове и Стоки”,
7070,11,1,47038648,М6,Болт с шест.гл. 8.8 vZn М6х90,090925/3,136.0,0.0,0.0,0.0,Y,0.0,L,0.0,M,в 08:50 през “Складове и Стоки”,
7070,12,1,47038648,М6,Болт с шест.гл. 8.8 vZn М6х90,,136.0,0.0,136.0,0.0,Y,0.0,L,0.0,M,в 08:50 през “Складове и Стоки”,
7070,13,1,47038648,М6,Болт с шест.гл. 8.8 vZn М6х35,241025/20,410.0,0.0,0.0,0.0,Y,0.02,M,0.02,M,в 08:50 през “Складове и Стоки”,
7070,14,1,47038648,М6,Болт с шест.гл. 8.8 vZn М6х35,,410.0,0.0,410.0,0.0,Y,0.0245,M,0.0245,M,в 08:50 през “Складове и Стоки”,
7070,15,1,47038648,М6,Болт с шест.гл. 8.8 vZn М6х50,241025/21,88.0,0.0,0.0,0.0,Y,0.0,L,0.0,M,в 08:54 през “Складове и Стоки”,
7070,16,1,47038648,М6,Болт с шест.гл. 8.8 vZn М6х50,,88.0,0.0,88.0,0.0,Y,0.0,L,0.0,M,в 08:54 през “Складове и Стоки”,
7070,17,1,47038648,М6,Болт с шест.гл. 8.8 vZn М6х70,090925/2,93.0,0.0,0.0,0.0,Y,0.05,M,0.05,M,в 08:54 през “Складове и Стоки”,
7070,18,1,47038648,М6,Болт с шест.гл. 8.8 vZn М6х70,,93.0,0.0,93.0,0.0,Y,0.0453,M,0.0453,M,в 08:54 през “Складове и Стоки”,
7070,19,1,47038648,М6,Винт с лещ.гл. 4.8 vZn М6х16,230925/1,365.0,0.0,0.0,0.0,Y,0.0,L,0.0,M,в 08:54 през “Складове и Стоки”,
7070,20,1,47038648,М6,Винт с лещ.гл. 4.8 vZn М6х16,,365.0,0.0,365.0,0.0,Y,0.0,L,0.0,M,в 08:54 през “Складове и Стоки”,
7070,21,1,47038648,М6,Винт с лещ.гл. 4.8 vZn М6х35,230925/3,500.0,0.0,0.0,0.0,Y,0.0,L,0.0,M,в 08:54 през “Складове и Стоки”,
7070,22,1,47038648,М6,Винт с лещ.гл. 4.8 vZn М6х35,,500.0,0.0,500.0,0.0,Y,0.0,L,0.0,M,в 08:54 през “Складове и Стоки”,
7070,23,1,47038648,М6,Винт с върт.шест. 8.8 vZn М6х60,241025/22,77.0,0.0,0.0,0.0,Y,0.0,L,0.0,M,в 08:54 през “Складове и Стоки”,
7070,24,1,47038648,М6,Винт с върт.шест. 8.8 vZn М6х60,,77.0,0.0,77.0,0.0,Y,0.0,L,0.0,M,в 08:54 през “Складове и Стоки”,
7070,25,1,47038648,М6,Гайка шест. 8 vZn М6,031025/2,254.0,0.0,0.0,0.0,Y,0.03,M,0.03,M,в 08:54 през “Складове и Стоки”,
7070,26,1,47038648,М6,Гайка шест. 8 vZn М6,,254.0,0.0,254.0,0.0,Y,0.026485,M,0.026485,M,в 08:54 през “Складове и Стоки”,
7070,27,1,47038648,М6,Гайка самоос. 8 vZn М6,241025/23,45.0,0.0,0.0,0.0,Y,0.0,L,0.0,M,в 08:55 през “Складове и Стоки”,
6919,0,1,47038648,М6,Гайка самоос. 8 vZn М6,,45.0,0.0,45.0,0.0,Y,0.0,L,0.0,M,в 08:55 през “Складове и Стоки”,
6919,1,1,47038648,М6,Шайба подложна vZn М6,031025/1,495.0,0.0,0.0,0.0,Y,0.005113,M,0.005113,M,в 08:55 през “Складове и Стоки”,
6919,2,1,47038648,М6,Шайба подложна vZn М6,,495.0,0.0,495.0,0.0,Y,0.01,M,0.01,M,в 08:55 през “Складове и Стоки”,
6919,3,1,47038648,М8,Шпилка 4.8 vZn М8х2000,0340047549/020226/2,5.0,0.0,0.0,0.0,Y,1.08,M,1.08,M,в 08:55 през “Складове и Стоки”,
6919,4,1,47038648,М8,Шпилка 4.8 vZn М8х2000,,5.0,0.0,5.0,0.0,Y,1.08,M,1.08,M,в 08:55 през “Складове и Стоки”,
6919,5,1,47038648,М8,Шпилка 8.8 vZn M8x1000,031125/2,2.0,0.0,0.0,0.0,Y,95.836198,M,95.836198,M,в 08:55 през “Складове и Стоки”,
6919,6,1,47038648,М8,Шпилка 8.8 vZn M8x1000,,2.0,0.0,2.0,0.0,Y,95.836198,M,95.836198,M,в 08:55 през “Складове и Стоки”,
6919,7,1,47038648,М8,Болт с шест.гл. 8.8 vZn М8х16,10527503/071125/1,63.0,0.0,0.0,0.0,Y,0.032723,M,0.032723,M,в 08:56 през “Складове и Стоки”,
6919,8,1,47038648,М8,Болт с шест.гл. 8.8 vZn М8х16,,63.0,0.0,63.0,0.0,Y,0.030677,M,0.030677,M,в 08:56 през “Складове и Стоки”,
6919,9,1,47038648,М8,Болт с шест.гл. 8.8 vZn М8х20,10524822/311025/6,96.0,0.0,0.0,0.0,Y,0.036097,M,0.036097,M,в 08:56 през “Складове и Стоки”,
6919,10,1,47038648,М8,Болт с шест.гл. 8.8 vZn М8х20,,96.0,0.0,96.0,0.0,Y,0.03579,M,0.03579,M,в 08:56 през “Складове и Стоки”,
6919,11,1,47038648,М8,Болт с шест.гл. 8.8 vZn М8х25,090925/16,40.0,0.0,0.0,0.0,Y,0.04,M,0.04,M,в 08:56 през “Складове и Стоки”,
6919,12,1,47038648,М8,Болт с шест.гл. 8.8 vZn М8х25,,40.0,0.0,40.0,0.0,Y,0.040852,M,0.040852,M,в 08:56 през “Складове и Стоки”,
6919,13,1,47038648,М8,Болт с шест.гл. 8.8 vZn М8х35,10527503/071125/2,91.0,0.0,0.0,0.0,Y,0.046016,M,0.046016,M,в 08:56 през “Складове и Стоки”,
6919,14,1,47038648,М8,Болт с шест.гл. 8.8 vZn М8х35,,91.0,0.0,91.0,0.0,Y,0.046016,M,0.046016,M,в 08:56 през “Складове и Стоки”,
6919,15,1,47038648,М8,Гайка шест. 8 vZn М8,12345,156.0,0.0,0.0,0.0,Y,0.01,M,0.01,M,в 08:56 през “Складове и Стоки”,
6919,16,1,47038648,М8,Гайка шест. 8 vZn М8,,156.0,0.0,156.0,0.0,Y,0.01,M,0.01,M,в 08:56 през “Складове и Стоки”,
6919,17,1,47038648,М8,Шайба пружинна vZn М8,201025/6,137.0,0.0,0.0,0.0,Y,0.0,L,0.0,M,в 08:56 през “Складове и Стоки”,
6919,18,1,47038648,М8,Шайба пружинна vZn М8,,137.0,0.0,137.0,0.0,Y,0.0,L,0.0,M,в 08:56 през “Складове и Стоки”,
6919,19,1,47038648,М8,Шайба с широка периферия vZn М8,0340047549/020226/1,45.0,0.0,0.0,0.0,Y,0.0164,M,0.0164,M,в 08:57 през “Складове и Стоки”,
6919,20,1,47038648,М8,Шайба с широка периферия vZn М8,,262.0,0.0,262.0,0.0,Y,0.0164,M,0.0164,M,в 08:57 през “Складове и Стоки”,
6919,21,1,47038648,М8,Шайба с широка периферия vZn М8,230925/2,217.0,0.0,0.0,0.0,Y,0.0164,M,0.0164,M,в 08:57 през “Складове и Стоки”,
6919,22,1,47038648,2. Консумативи,"О пръстен 47.22/3.53, EPDM 70",196057/131025,20.0,0.0,0.0,0.0,Y,0.419259,M,0.419259,M,в 08:57 през “Складове и Стоки”,
6919,23,1,47038648,2. Консумативи,"О пръстен 47.22/3.53, EPDM 70",,20.0,0.0,20.0,0.0,Y,0.419259,M,0.419259,M,в 08:57 през “Складове и Стоки”,
6919,24,1,47038648,М16,Шайба пружинна vZn M16,1200180962/251125,200.0,0.0,0.0,0.0,Y,0.342565,M,0.342565,M,в 08:57 през “Складове и Стоки”,
6919,25,1,47038648,М16,Шайба пружинна vZn M16,,200.0,0.0,200.0,0.0,Y,0.342565,M,0.342565,M,в 08:57 през “Складове и Стоки”,
7073,0,1,47038648,2. Консумативи,Скоба за тръба 1 1/2`,167415/271025,4.0,0.0,0.0,0.0,Y,4.192578,M,4.192578,M,в 08:57 през “Складове и Стоки”,
7073,1,1,47038648,2. Консумативи,Скоба за тръба 1 1/2`,,4.0,0.0,4.0,0.0,Y,4.192578,M,4.192578,M,в 08:57 през “Складове и Стоки”,
7073,2,1,47038648,Тапи на резба,Тапа 304L резба 1 1/2“,,3.0,0.0,4.0,0.0,Y,2.919466,M,2.919466,M,в 10:45 през “Складове и Стоки”,
7073,3,1,47038648,Тапи на резба,Тапа 304L резба 1 1/2“,354136123,3.0,0.0,0.0,0.0,Y,2.919466,M,2.919466,M,в 10:45 през “Складове и Стоки”,
7073,4,1,47038648,1.2.1. Части (Очиска),Демистър 4“ - Кръст,,24.0,0.0,36.0,0.0,Y,2.351934,M,2.351934,M,в 14:45 през “Складове и Стоки”,
7073,5,1,47038648,1.2.1. Части (Очиска),Демистър 4“ - Кръст,29416/271125/1,24.0,0.0,0.0,0.0,Y,2.351934,M,2.351934,M,в 14:45 през “Складове и Стоки”,
7073,6,1,47038648,2.2. Фитинги за заваряване,"Коляно 90° 304L заварка (33,7х2) 1``",,11.0,0.0,15.0,0.0,Y,3.0,M,3.0,M,в 14:59 през “Складове и Стоки”,
7073,7,1,47038648,2.2. Фитинги за заваряване,"Коляно 90° 304L заварка (33,7х2) 1``",10143532/110925/k1`,11.0,0.0,15.0,0.0,Y,5.86,L,2.996159,M,в 14:59 през “Складове и Стоки”,
7073,8,1,47038648,2.4. Фланци,Фланец плосък 304 T8 PN16 DN25,,81.0,0.0,89.0,0.0,Y,5.4,M,5.4,M,в 15:11 през “Складове и Стоки”,
7073,9,1,47038648,2.4. Фланци,Фланец плосък 304 T8 PN16 DN25,10143532/110925/25,33.0,0.0,0.0,0.0,Y,5.4,M,5.4,M,в 15:11 през “Складове и Стоки”,
7073,10,1,47038648,2.4. Фланци,Фланец плосък 304 T8 PN16 DN25,10148677/290126/2,48.0,0.0,0.0,0.0,Y,5.4,M,5.4,M,в 15:11 през “Складове и Стоки”,
7073,11,1,47038648,2.4. Фланци,Фланец плосък 304 T10 PN16 DN50,10143532/110925/50,32.0,0.0,0.0,0.0,Y,10.607529,M,10.607529,M,в 15:11 през “Складове и Стоки”,
7073,12,1,47038648,2.4. Фланци,Фланец плосък 304 T10 PN16 DN50,,32.0,0.0,32.0,0.0,Y,10.609268,M,10.609268,M,в 15:11 през “Складове и Стоки”,
7073,13,1,47038648,2.4. Фланци,Фланец плосък 304 T10 PN16 DN40,10143532/110925/40,162.0,0.0,0.0,0.0,Y,11.015078,M,11.015078,M,в 15:12 през “Складове и Стоки”,
7073,14,1,47038648,2.4. Фланци,Фланец плосък 304 T10 PN16 DN40,,162.0,0.0,162.0,0.0,Y,11.015078,M,11.015078,M,в 15:12 през “Складове и Стоки”,
7073,15,1,47038648,Релета,Реле мини тип PT 14 пина 4CO 24VDC 6A,pt196,10.0,0.0,0.0,0.0,Y,2.955256,M,2.955256,M,в 15:24 през “Складове и Стоки”,
7073,16,1,47038648,Релета,Реле мини тип PT 14 пина 4CO 24VDC 6A,,31.0,0.0,31.0,0.0,Y,2.96,M,2.96,M,в 15:24 през “Складове и Стоки”,
7073,17,1,48285327,Кръстове на резба,Кръст 316L резба 1“,181225/13,2.0,0.0,0.0,0.0,Y,0.0,L,0.0,M,в 07:42 през “Складове и Стоки”,
7073,18,1,48285327,Кръстове на резба,Кръст 316L резба 1“,,2.0,0.0,2.0,0.0,Y,0.0,L,0.0,M,в 07:42 през “Складове и Стоки”,
7073,19,1,48285327,Фитинги - Щуцер на резба,Щуцер за маркуч 304 1/2“,061125/1,61.0,0.0,0.0,0.0,Y,0.935661,M,0.935661,M,в 07:46 през “Складове и Стоки”,
7073,20,1,48285327,Фитинги - Щуцер на резба,Щуцер за маркуч 304 1/2“,,101.0,0.0,101.0,0.0,Y,0.935661,M,0.935661,M,в 07:46 през “Складове и Стоки”,
7073,21,1,48285327,Фитинги - Щуцер на резба,Щуцер за маркуч 304 1/2“,270126/1,40.0,0.0,0.0,0.0,Y,0.936315789473684,M,0.936315789473684,M,в 07:46 през “Складове и Стоки”,
7073,22,1,48285327,2.2. Фитинги за заваряване,Кръст зав. 316L W/W DIN11850 SERIE2 DN32,1,4.0,0.0,0.0,0.0,Y,12.63,M,12.63,M,в 10:40 през “Складове и Стоки”,
7073,23,1,48285327,2.2. Фитинги за заваряване,Кръст зав. 316L W/W DIN11850 SERIE2 DN32,,4.0,0.0,4.0,0.0,Y,12.63,M,12.63,M,в 10:40 през “Складове и Стоки”,
7093,0,1,48285327,Нипели на резба,Нипел шест. 304L резба 150LBS 1“,135843612,9.0,0.0,0.0,0.0,Y,0.511291881196218,M,0.511291881196218,M,в 10:55 през “Складове и Стоки”,
7093,1,1,48285327,Нипели на резба,Нипел шест. 304L резба 150LBS 1“,,9.0,0.0,9.0,0.0,Y,0.511291881196218,M,0.511291881196218,M,в 10:55 през “Складове и Стоки”,
7093,2,1,48285327,2.2. Фитинги за заваряване,Тройник 304L заварка (33.7х2) 1`,100226/1,40.0,0.0,0.0,0.0,Y,5.49,M,5.49,M,в 13:35 през “Складове и Стоки”,
7093,3,1,48285327,2.2. Фитинги за заваряване,Тройник 304L заварка (33.7х2) 1`,,54.0,0.0,54.0,0.0,Y,5.49,M,5.49,M,в 13:35 през “Складове и Стоки”,
7093,4,1,48285327,2.2. Фитинги за заваряване,Тройник 304L заварка (33.7х2) 1`,10143532/110925/t1`,14.0,0.0,0.0,0.0,Y,6.033222,M,6.033222,M,в 13:35 през “Складове и Стоки”,
7093,5,1,48285327,Фитинги - Щуцер на резба,Щуцер за маркуч 304 1/4“,090925/6,1.0,0.0,0.0,0.0,Y,0.511291881196218,M,0.511291881196218,M,в 15:09 през “Складове и Стоки”,
7093,6,1,48285327,Фитинги - Щуцер на резба,Щуцер за маркуч 304 1/4“,,1.0,0.0,3.0,0.0,Y,0.511291881196218,M,0.511291881196218,M,в 15:09 през “Складове и Стоки”,
7093,7,1,38211867,1.1.1. Части (Електролизьор),Ламарина кръг 1060мм 316L 5мм,,8.0,0.0,1.0,0.0,Y,577.614539,M,577.614539,M,в 08:27 през “Складове и Стоки”,
7093,8,1,38211867,1.1.1. Части (Електролизьор),Ламарина кръг 1060мм 316L 5мм,97611/130825/2,8.0,0.0,0.0,0.0,Y,577.616664024992,M,577.616664024992,M,в 08:28 през “Складове и Стоки”,
7093,9,1,38211867,1.1.1. Части (Електролизьор),Ламарина кръг 1060мм 316L 2мм,97611/130825,100.0,0.0,0.0,0.0,Y,230.275637453153,M,230.275637453153,M,в 08:28 през “Складове и Стоки”,
7093,10,1,38211867,1.1.1. Части (Електролизьор),Ламарина кръг 1060мм 316L 2мм,,100.0,0.0,100.0,0.0,Y,230.27479,M,230.27479,M,в 08:28 през “Складове и Стоки”,
7093,11,1,38211867,1.1.1. Части (Електролизьор),"Перфорирана ламарина 316L LB 1000x2000x0,5мм",1216/230925,282.0,0.0,0.0,0.0,Y,60.122591,M,60.122591,M,в 08:33 през “Складове и Стоки”,
7093,12,1,38211867,1.1.1. Части (Електролизьор),"Перфорирана ламарина 316L LB 1000x2000x0,5мм",,282.0,0.0,282.0,0.0,Y,60.122591,M,60.122591,M,в 08:33 през “Складове и Стоки”,
7093,13,1,38211867,1.1.1. Части (Електролизьор),"Уплътнение от експандиран теф. ф397х325х0,5мм",4507/241125,455.0,0.0,0.0,0.0,Y,9.561123,M,9.561123,M,в 08:38 през “Складове и Стоки”,
7093,14,1,38211867,1.1.1. Части (Електролизьор),"Уплътнение от експандиран теф. ф397х325х0,5мм",,455.0,0.0,455.0,0.0,Y,9.561123,M,9.561123,M,в 08:38 през “Складове и Стоки”,
7093,15,1,38211867,1.1.1. Части (Електролизьор),Уплътнение (S.G.M. PTFE) 393x325x5мм,050126/3,370.0,0.0,0.0,0.0,Y,15.0,$,15.0,$,в 08:40 през “Складове и Стоки”,
7093,16,1,38211867,1.1.1. Части (Електролизьор),Уплътнение (S.G.M. PTFE) 393x325x5мм,,370.0,0.0,370.0,0.0,Y,15.0,$,15.0,$,в 08:40 през “Складове и Стоки”,
7093,17,1,38211867,1.1.1. Части (Електролизьор),Уплътнение (S.G.M. PTFE) 1060x900x5мм,VMA20250921/141025/1,535.0,0.0,0.0,0.0,Y,90.5,$,90.5,$,в 08:40 през “Складове и Стоки”,
7093,18,1,38211867,1.1.1. Части (Електролизьор),Уплътнение (S.G.M. PTFE) 1060x900x5мм,,535.0,0.0,535.0,0.0,Y,90.5,$,90.5,$,в 08:40 през “Складове и Стоки”,
7093,19,1,38211867,7. Кабели,"Кабел ШВПС 3х1,5, кв. бял",8378/070126/4,100.0,0.0,0.0,0.0,Y,0.84,M,0.84,M,в 12:24 през “Складове и Стоки”,
7093,20,1,38211867,7. Кабели,"Кабел ШВПС 3х1,5, кв. бял",,100.0,0.0,100.0,0.0,Y,0.84,M,0.84,M,в 12:24 през “Складове и Стоки”,
7093,21,1,38211867,7. Кабели,"Кабел ШВПС 3х1, бял",8378/070126/3,100.0,0.0,0.0,0.0,Y,0.62,M,0.62,M,в 12:26 през “Складове и Стоки”,
7103,0,1,38211867,7. Кабели,"Кабел ШВПС 3х1, бял",,100.0,0.0,100.0,0.0,Y,0.62,M,0.62,M,в 12:26 през “Складове и Стоки”,
7103,1,1,38211867,7. Кабели,"Кабел ШВПС 5х1,5 бял",8378/070126/5,84.0,0.0,0.0,0.0,Y,1.38,M,1.38,M,в 12:26 през “Складове и Стоки”,
7103,2,1,38211867,7. Кабели,"Кабел ШВПС 5х1,5 бял",,84.0,0.0,84.0,0.0,Y,1.38,M,1.38,M,в 12:26 през “Складове и Стоки”,
7103,3,1,38211867,7. Кабели,"Кабел ШВПС 3х0,75, бял",8378/070126/2,75.0,0.0,0.0,0.0,Y,0.49,M,0.49,M,в 12:26 през “Складове и Стоки”,
7103,4,1,38211867,7. Кабели,"Кабел ШВПС 3х0,75, бял",,75.0,0.0,75.0,0.0,Y,0.49,M,0.49,M,в 12:26 през “Складове и Стоки”,
7103,5,1,38211867,7. Кабели,"Кабел ШВПС 2х0,75, бял",8032/101125/2,20.0,0.0,0.0,0.0,Y,0.41,M,0.41,M,в 12:26 през “Складове и Стоки”,
7103,6,1,38211867,7. Кабели,"Кабел ШВПС 2х0,75, бял",,120.0,0.0,120.0,0.0,Y,0.41,M,0.41,M,в 12:26 през “Складове и Стоки”,
7103,7,1,38211867,7. Кабели,"Кабел ШВПС 2х0,75, бял",8378/070126/1,100.0,0.0,0.0,0.0,Y,0.41,M,0.41,M,в 12:26 през “Складове и Стоки”,
7103,8,1,38211867,7. Кабели,"Кабел ШВПЛ-Б 2х0,5, бял",8378/070126/6,75.0,0.0,0.0,0.0,Y,0.27,M,0.27,M,в 12:27 през “Складове и Стоки”,
7103,9,1,38211867,7. Кабели,"Кабел ШВПЛ-Б 2х0,5, бял",,75.0,0.0,75.0,0.0,Y,0.27,M,0.27,M,в 12:27 през “Складове и Стоки”,
7103,10,1,38211867,Кабели - Захранващи,Кабел 70мм HO7V-K черен,213597/011225/2,10.0,0.0,0.0,0.0,Y,8.291079,M,8.291079,M,в 12:27 през “Складове и Стоки”,
7103,11,1,38211867,Кабели - Захранващи,Кабел 70мм HO7V-K черен,,40.0,0.0,40.0,0.0,Y,9.92,M,9.92,M,в 12:27 през “Складове и Стоки”,
7103,12,1,38211867,Кабели - Захранващи,Кабел 70мм HO7V-K черен,215187/300126/2,30.0,0.0,0.0,0.0,Y,9.919,M,9.919,M,в 12:27 през “Складове и Стоки”,
7103,13,1,38211867,Кабели - Захранващи,Кабел 70мм HO7V-K червен,213597/011225/3,10.0,0.0,0.0,0.0,Y,8.291079,M,8.291079,M,в 12:27 през “Складове и Стоки”,
7103,14,1,38211867,Кабели - Захранващи,Кабел 70мм HO7V-K червен,,61.0,0.0,61.0,0.0,Y,9.92,M,9.92,M,в 12:27 през “Складове и Стоки”,
7103,15,1,38211867,Кабели - Захранващи,Кабел 70мм HO7V-K червен,215187/300126/1,51.0,0.0,0.0,0.0,Y,9.919,M,9.919,M,в 12:27 през “Складове и Стоки”,
7103,16,1,38211867,7. Кабели,Кабел 6х1,201025/28871/2,700.0,0.0,0.0,0.0,Y,0.245420102974185,M,0.245420102974185,M,в 12:27 през “Складове и Стоки”,
7103,17,1,38211867,7. Кабели,Кабел 6х1,,700.0,0.0,700.0,0.0,Y,0.245420102974185,M,0.245420102974185,M,в 12:27 през “Складове и Стоки”,
7103,18,1,38211867,7. Кабели,Кабел 4х0,201025/28871/1,100.0,0.0,0.0,0.0,Y,0.184065077230639,M,0.184065077230639,M,в 12:28 през “Складове и Стоки”,
7103,19,1,38211867,7. Кабели,Кабел 4х0,,100.0,0.0,100.0,0.0,Y,0.184065077230639,M,0.184065077230639,M,в 12:28 през “Складове и Стоки”,
7103,20,1,38211867,Кабели - Сензори,Кабел PUR М12 конектор 2м,28082025/31,47.0,0.0,0.0,0.0,Y,0.0,L,0.0,M,в 12:28 през “Складове и Стоки”,
7103,21,1,38211867,Кабели - Сензори,Кабел PUR М12 конектор 2м,,47.0,0.0,47.0,0.0,Y,0.0,L,0.0,M,в 12:28 през “Складове и Стоки”,
7103,22,1,38211867,Кабели - Сензори,Кабел PUR М12 конектор 10м,28082025/30,28.0,0.0,0.0,0.0,Y,0.0,L,0.0,M,в 12:28 през “Складове и Стоки”,
7103,23,1,34594145,2.5.4. Вентили,Магнетвентил 1/4“,,0.0,0.0,5.0,0.0,Y,67.145159,M,67.145159,M,в 12:00 през “Складове и Стоки”,
7103,24,1,34594145,2.5.2. Кранове на заварка,Кран сфер. на зав. 3-части 316L PN63 (Акт) 1“,,14.0,0.0,12.0,0.0,Y,191.7,M,191.7,M,в 12:39 през “Складове и Стоки”,
7104,0,1,38211867,Кабели - Сензори,Кабел PUR М12 конектор 10м,,28.0,0.0,28.0,0.0,Y,0.0,L,0.0,M,в 12:28 през “Складове и Стоки”,
7104,1,1,38211867,Кабели - Сензори,Кабел PUR М12 конектор 15м,38838/27082025,65.0,0.0,0.0,0.0,Y,54.566,L,27.8991527893529,M,в 12:28 през “Складове и Стоки”,
7104,2,1,38211867,Кабели - Сензори,Кабел PUR М12 конектор 15м,,65.0,0.0,65.0,0.0,Y,54.57,L,27.9011979568776,M,в 12:28 през “Складове и Стоки”,
7104,3,1,38211867,Кабели - Сензори,Кабел PUR М12 конектор 12м,28082025/32,1.0,0.0,0.0,0.0,Y,0.0,L,0.0,M,в 12:28 през “Складове и Стоки”,
7104,4,1,38211867,Кабели - Сензори,Кабел PUR М12 конектор 12м,,1.0,0.0,1.0,0.0,Y,0.0,L,0.0,M,в 12:28 през “Складове и Стоки”,
7104,5,1,38211867,1.2.1. Части (Очиска),Демистър 4“ - Ос,031225/1,3.12,0.0,0.0,0.0,Y,0.51129,M,0.51129,M,в 13:28 през “Складове и Стоки”,
7104,6,1,38211867,1.2.1. Части (Очиска),Демистър 4“ - Ос,,3.12,0.0,3.12,0.0,Y,0.51129,M,0.51129,M,в 13:28 през “Складове и Стоки”,
7104,7,1,38211867,2.2. Фитинги за заваряване,"Капа 304L (88,9х2) 3“",10148872/050226,6.0,0.0,0.0,0.0,Y,4.177239,M,4.177239,M,в 13:28 през “Складове и Стоки”,
7104,8,1,38211867,2.2. Фитинги за заваряване,"Капа 304L (88,9х2) 3“",,6.0,0.0,6.0,0.0,Y,4.18,M,4.18,M,в 13:28 през “Складове и Стоки”,
7104,9,1,38211867,2.2. Фитинги за заваряване,"Капа 316L (114,3х2) 4``",10143532/110925/4`,23.0,0.0,0.0,0.0,Y,7.98635,M,7.98635,M,в 13:29 през “Складове и Стоки”,
7104,10,1,38211867,2.2. Фитинги за заваряване,"Капа 316L (114,3х2) 4``",,23.0,0.0,23.0,0.0,Y,7.98635,M,7.98635,M,в 13:29 през “Складове и Стоки”,
7104,11,1,38211867,2.2. Фитинги за заваряване,"Капа 316L (168,3x2,0) 6``",10144231/011025/1,7.0,0.0,0.0,0.0,Y,20.190842,M,20.190842,M,в 13:29 през “Складове и Стоки”,
7104,12,1,38211867,2.2. Фитинги за заваряване,"Капа 316L (168,3x2,0) 6``",,7.0,0.0,7.0,0.0,Y,20.190842,M,20.190842,M,в 13:29 през “Складове и Стоки”,
7104,13,1,38211867,2.2. Фитинги за заваряване,"Капа 316L (219,1х2) 8“",10148408/210126/1,6.0,0.0,0.0,0.0,Y,26.438806,M,26.438806,M,в 13:32 през “Складове и Стоки”,
7104,14,1,38211867,2.2. Фитинги за заваряване,"Капа 316L (219,1х2) 8“",,6.0,0.0,6.0,0.0,Y,26.44,M,26.44,M,в 13:32 през “Складове и Стоки”,
7104,15,1,38211867,2.2. Фитинги за заваряване,"Коляно 45° 304L заварка (48,3х2) 1 1/2``",050126/1,17.0,0.0,0.0,0.0,Y,5.752013,M,5.752013,M,в 13:33 през “Складове и Стоки”,
7104,16,1,38211867,2.2. Фитинги за заваряване,"Коляно 45° 304L заварка (48,3х2) 1 1/2``",,17.0,0.0,17.0,0.0,Y,5.752013,M,5.752013,M,в 13:33 през “Складове и Стоки”,
7104,17,1,38211867,2.2. Фитинги за заваряване,"Коляно 90° 304L заварка (48,3х2) 1 1/2``",10143532/110925/k1.1/2`,215.0,0.0,0.0,0.0,Y,3.798885,M,3.798885,M,в 13:33 през “Складове и Стоки”,
7104,18,1,38211867,2.2. Фитинги за заваряване,"Коляно 90° 304L заварка (48,3х2) 1 1/2``",,215.0,0.0,215.0,0.0,Y,3.798885,M,3.798885,M,в 13:33 през “Складове и Стоки”,
7104,19,1,38211867,2.2. Фитинги за заваряване,"Коляно 90° 304L зав. (60,3x2) 2``",10143532/110925/k2`,32.0,0.0,0.0,0.0,Y,5.724403,M,5.724403,M,в 13:33 през “Складове и Стоки”,
7104,20,1,38211867,2.2. Фитинги за заваряване,"Коляно 90° 304L зав. (60,3x2) 2``",,32.0,0.0,32.0,0.0,Y,5.726448,M,5.726448,M,в 13:33 през “Складове и Стоки”,
7104,21,1,38211867,2.2. Фитинги за заваряване,"Концентричен нам. 304L (60,3х33,7х2) 2``-1``",160126/1,18.0,0.0,0.0,0.0,Y,4.28,M,4.28,M,в 13:33 през “Складове и Стоки”,
7107,0,1,38211867,2.2. Фитинги за заваряване,"Концентричен нам. 304L (60,3х33,7х2) 2``-1``",,18.0,0.0,18.0,0.0,Y,4.28,M,4.28,M,в 13:33 през “Складове и Стоки”,
7107,1,1,38211867,2.2. Фитинги за заваряване,"Тройник 304L заварка (60,3х2) 2``",10143532/110925/t2`,18.0,0.0,0.0,0.0,Y,11.069428,M,11.069428,M,в 13:33 през “Складове и Стоки”,
7107,2,1,38211867,2.2. Фитинги за заваряване,"Тройник 304L заварка (60,3х2) 2``",,18.0,0.0,18.0,0.0,Y,11.069428,M,11.069428,M,в 13:33 през “Складове и Стоки”,
7107,3,1,38211867,2.2. Фитинги за заваряване,Тройник 304L заварка (48.3х2) 1 1/2“,10143532/110925/t1.1/2`,50.0,0.0,0.0,0.0,Y,8.615237,M,8.615237,M,в 13:33 през “Складове и Стоки”,
7107,4,1,38211867,2.2. Фитинги за заваряване,Тройник 304L заварка (48.3х2) 1 1/2“,,50.0,0.0,50.0,0.0,Y,8.615237,M,8.615237,M,в 13:33 през “Складове и Стоки”,
7107,5,1,38211867,Винтове,"Винт самопробивен с шайба 5,5х32",167836/041125/3,100.0,0.0,0.0,0.0,Y,0.127822970299055,M,0.127822970299055,M,в 13:36 през “Складове и Стоки”,
7107,6,1,38211867,Винтове,"Винт самопробивен с шайба 5,5х32",,100.0,0.0,100.0,0.0,Y,0.127822970299055,M,0.127822970299055,M,в 13:36 през “Складове и Стоки”,
7107,7,1,38211867,Гофри,Гофре армирано ф16 V филтър,8032/101125/1,35.0,0.0,0.0,0.0,Y,0.598211500999576,M,0.598211500999576,M,в 13:37 през “Складове и Стоки”,
7107,8,1,38211867,Гофри,Гофре армирано ф16 V филтър,,35.0,0.0,35.0,0.0,Y,0.598211500999576,M,0.598211500999576,M,в 13:37 през “Складове и Стоки”,
7107,9,1,38211867,Шрак техник ЕООД,Изолирбанд черен 19ммх25мм,1469001221/220126/16,1.0,0.0,0.0,0.0,Y,1.14,M,1.14,M,в 13:37 през “Складове и Стоки”,
7107,10,1,38211867,Шрак техник ЕООД,Изолирбанд черен 19ммх25мм,,1.0,0.0,1.0,0.0,Y,1.14,M,1.14,M,в 13:37 през “Складове и Стоки”,
7107,11,1,38211867,Шрак техник ЕООД,Каб. превръзка черна 2.5х96,1469001221/220126/18,200.0,0.0,0.0,0.0,Y,0.0062,M,0.0062,M,в 13:37 през “Складове и Стоки”,
7107,12,1,38211867,Шрак техник ЕООД,Каб. превръзка черна 2.5х96,,200.0,0.0,200.0,0.0,Y,0.0062,M,0.0062,M,в 13:37 през “Складове и Стоки”,
7107,13,1,38211867,7. Кабели,Кабел HO7V-K 25мм жълт/зелен,213597/011225/1,10.0,0.0,0.0,0.0,Y,2.817208,M,2.817208,M,в 13:37 през “Складове и Стоки”,
7107,14,1,38211867,7. Кабели,Кабел HO7V-K 25мм жълт/зелен,,10.0,0.0,10.0,0.0,Y,2.817208,M,2.817208,M,в 13:37 през “Складове и Стоки”,
7107,15,1,38211867,Шрак техник ЕООД,"Кабелен накрайник 6мм 0,34мм",1459019554/071125/5,500.0,0.0,0.0,0.0,Y,0.0153387564358866,M,0.0153387564358866,M,в 13:37 през “Складове и Стоки”,
7107,16,1,38211867,Шрак техник ЕООД,"Кабелен накрайник 6мм 0,34мм",,1500.0,0.0,1500.0,0.0,Y,0.0153387564358866,M,0.0153387564358866,M,в 13:37 през “Складове и Стоки”,
7107,17,1,38211867,Шрак техник ЕООД,"Кабелен накрайник 6мм 0,34мм",1459019733/101125/7,500.0,0.0,0.0,0.0,Y,0.0153387564358866,M,0.0153387564358866,M,в 13:37 през “Складове и Стоки”,
7107,18,1,38211867,Шрак техник ЕООД,"Кабелен накрайник 6мм 0,34мм",1459022054/101225,500.0,0.0,0.0,0.0,Y,0.0153387564358866,M,0.0153387564358866,M,в 13:38 през “Складове и Стоки”,
7107,19,1,38211867,"Кабелни накрайници, обувки","Кабелен накрайник 8mm сив 2x0,75mm",1469001221/220126/10,200.0,0.0,0.0,0.0,Y,0.0176,M,0.0176,M,в 13:38 през “Складове и Стоки”,
7107,20,1,38211867,"Кабелни накрайници, обувки","Кабелен накрайник 8mm сив 2x0,75mm",,200.0,0.0,200.0,0.0,Y,0.0176,M,0.0176,M,в 13:38 през “Складове и Стоки”,
7107,21,1,38211867,"Кабелни накрайници, обувки","Кабелен накрайник дв. 8mm 2x0,5mm",1459020514/191125/1,300.0,0.0,0.0,0.0,Y,0.0153387564358866,M,0.0153387564358866,M,в 13:38 през “Складове и Стоки”,
7107,22,1,34594145,Сензори,Трансмитер за налягане 0-3 bar,,5.0,0.0,6.0,0.0,Y,326.94,M,326.94,M,в 12:52 през “Складове и Стоки”,
7109,0,1,38211867,"Кабелни накрайници, обувки","Кабелен накрайник дв. 8mm 2x0,5mm",,300.0,0.0,300.0,0.0,Y,0.0153387564358866,M,0.0153387564358866,M,в 13:38 през “Складове и Стоки”,
7109,1,1,38211867,"Кабелни накрайници, обувки","Кабелен накрайник дв. 8мм, 2х1.5мм",1469001221/220126/11,200.0,0.0,0.0,0.0,Y,0.02,M,0.02,M,в 13:41 през “Складове и Стоки”,
7109,2,1,38211867,"Кабелни накрайници, обувки","Кабелен накрайник дв. 8мм, 2х1.5мм",,200.0,0.0,200.0,0.0,Y,0.02,M,0.02,M,в 13:41 през “Складове и Стоки”,
7109,3,1,38211867,"Кабелни накрайници, обувки","Кабелен накрайник дв., 10 mm, 2x2.5mm",1469001221/220126/14,200.0,0.0,0.0,0.0,Y,0.01,M,0.01,M,в 13:41 през “Складове и Стоки”,
7109,4,1,38211867,"Кабелни накрайници, обувки","Кабелен накрайник дв., 10 mm, 2x2.5mm",,200.0,0.0,200.0,0.0,Y,0.01,M,0.01,M,в 13:41 през “Складове и Стоки”,
7109,5,1,38211867,"Кабелни накрайници, обувки","Кабелен накрайник дв., 12мм, 2х4мм",1469001221/220126/15,200.0,0.0,0.0,0.0,Y,0.0517,M,0.0517,M,в 13:41 през “Складове и Стоки”,
7109,6,1,38211867,"Кабелни накрайници, обувки","Кабелен накрайник дв., 12мм, 2х4мм",,200.0,0.0,200.0,0.0,Y,0.0517,M,0.0517,M,в 13:41 през “Складове и Стоки”,
7109,7,1,38211867,"Кабелни накрайници, обувки","Кабелен накрайник дв., 8мм, 2х0.5мм",1469001221/220126/8,200.0,0.0,0.0,0.0,Y,0.0172,M,0.0172,M,в 13:41 през “Складове и Стоки”,
7109,8,1,38211867,"Кабелни накрайници, обувки","Кабелен накрайник дв., 8мм, 2х0.5мм",,200.0,0.0,200.0,0.0,Y,0.0172,M,0.0172,M,в 13:41 през “Складове и Стоки”,
7109,9,1,38211867,"Кабелни накрайници, обувки","Кабелен накрайник дв.14мм, 2х6мм",1469001221/220126/13,100.0,0.0,0.0,0.0,Y,0.07,M,0.07,M,в 13:41 през “Складове и Стоки”,
7109,10,1,38211867,"Кабелни накрайници, обувки","Кабелен накрайник дв.14мм, 2х6мм",,100.0,0.0,100.0,0.0,Y,0.07,M,0.07,M,в 13:41 през “Складове и Стоки”,
7109,11,1,38211867,"Кабелни накрайници, обувки","Кабелен накрайник дв.8 мм, 2х1мм",1469001221/220126/9,200.0,0.0,0.0,0.0,Y,0.02,M,0.02,M,в 13:42 през “Складове и Стоки”,
7109,12,1,38211867,"Кабелни накрайници, обувки","Кабелен накрайник дв.8 мм, 2х1мм",,200.0,0.0,200.0,0.0,Y,0.02,M,0.02,M,в 13:42 през “Складове и Стоки”,
7109,13,1,38211867,Шрак техник ЕООД,Кабелна превръзка бяла 2.5х96,1469001221/220126/17,200.0,0.0,0.0,0.0,Y,0.01,M,0.01,M,в 13:42 през “Складове и Стоки”,
7109,14,1,38211867,Шрак техник ЕООД,Кабелна превръзка бяла 2.5х96,,400.0,0.0,400.0,0.0,Y,0.01,M,0.01,M,в 13:42 през “Складове и Стоки”,
7109,15,1,38211867,Шрак техник ЕООД,Кабелна превръзка бяла 2.5х96,1469001851/020226/38,200.0,0.0,0.0,0.0,Y,0.01,M,0.01,M,в 13:42 през “Складове и Стоки”,
7109,16,1,38211867,"Кабелни накрайници, обувки","Обувка изол. М5, 1.5-2.5мм",1469001221/220126/6,200.0,0.0,0.0,0.0,Y,0.06,M,0.06,M,в 13:42 през “Складове и Стоки”,
7109,17,1,38211867,"Кабелни накрайници, обувки","Обувка изол. М5, 1.5-2.5мм",,200.0,0.0,200.0,0.0,Y,0.06,M,0.06,M,в 13:42 през “Складове и Стоки”,
7109,18,1,38211867,"Кабелни накрайници, обувки","Обувка изол. М6, 0.25-1.5мм",1469001221/220126/12,200.0,0.0,0.0,0.0,Y,0.06,M,0.06,M,в 13:42 през “Складове и Стоки”,
7109,19,1,38211867,"Кабелни накрайници, обувки","Обувка изол. М6, 0.25-1.5мм",,200.0,0.0,200.0,0.0,Y,0.06,M,0.06,M,в 13:42 през “Складове и Стоки”,
7109,20,1,38211867,7. Кабели,"Проводник H05V-K (ПВ-А2) 500V 0,5mm виолетов",1459019939/121125/12,100.0,0.0,0.0,0.0,Y,0.110643,M,0.110643,M,в 13:42 през “Складове и Стоки”,
7109,21,1,34594145,2.5.4. Вентили,Вентил предпазен 2“G x 2“G,,4.0,0.0,1.0,0.0,Y,247.14736,M,247.14736,M,в 12:54 през “Складове и Стоки”,
7109,22,1,34594145,2.5.6. Актуатори,Актуатор (Electric act. GE-15 24/240V),,4.0,0.0,5.0,0.0,Y,309.93,M,309.93,M,в 13:00 през “Складове и Стоки”,
7112,0,1,38211867,7. Кабели,"Проводник H05V-K (ПВ-А2) 500V 0,5mm виолетов",,100.0,0.0,100.0,0.0,Y,0.110643,M,0.110643,M,в 13:42 през “Складове и Стоки”,
7112,1,1,38211867,7. Кабели,"Проводник H05V-K (ПВ-А2) 500V 0,5mm черен",1459019939/121125/11,100.0,0.0,0.0,0.0,Y,0.109467,M,0.109467,M,в 13:43 през “Складове и Стоки”,
7112,2,1,38211867,7. Кабели,"Проводник H05V-K (ПВ-А2) 500V 0,5mm черен",,100.0,0.0,100.0,0.0,Y,0.109467,M,0.109467,M,в 13:43 през “Складове и Стоки”,
7112,3,1,38211867,7. Кабели,"Проводник H05V-K (ПВ-А2) 500V 0,75mm син",1459019939/121125/10,200.0,0.0,0.0,0.0,Y,0.144439,M,0.144439,M,в 13:43 през “Складове и Стоки”,
7112,4,1,38211867,7. Кабели,"Проводник H05V-K (ПВ-А2) 500V 0,75mm син",,200.0,0.0,200.0,0.0,Y,0.144439,M,0.144439,M,в 13:43 през “Складове и Стоки”,
7112,5,1,38211867,7. Кабели,"Проводник H05V-K (ПВ-А2) 500V 0,75mm червен",1459019939/121125/9,200.0,0.0,0.0,0.0,Y,0.144439,M,0.144439,M,в 13:43 през “Складове и Стоки”,
7112,6,1,38211867,7. Кабели,"Проводник H05V-K (ПВ-А2) 500V 0,75mm червен",,200.0,0.0,200.0,0.0,Y,0.144439,M,0.144439,M,в 13:43 през “Складове и Стоки”,
7112,7,1,38211867,7. Кабели,"Проводник H05V-K (ПВ-А2) 500V 0,75mm черен",1459019939/121125/8,200.0,0.0,0.0,0.0,Y,0.144439,M,0.144439,M,в 13:43 през “Складове и Стоки”,
7112,8,1,38211867,7. Кабели,"Проводник H05V-K (ПВ-А2) 500V 0,75mm черен",,200.0,0.0,200.0,0.0,Y,0.144439,M,0.144439,M,в 13:43 през “Складове и Стоки”,
7112,9,1,38211867,"Кабелни накрайници, обувки",Съединител изол.0.25-1.5мм,1469001221/220126/7,200.0,0.0,0.0,0.0,Y,0.05,M,0.05,M,в 13:43 през “Складове и Стоки”,
7112,10,1,38211867,"Кабелни накрайници, обувки",Съединител изол.0.25-1.5мм,,200.0,0.0,200.0,0.0,Y,0.05,M,0.05,M,в 13:43 през “Складове и Стоки”,
7112,11,1,38211867,Ивда Гео,"Шкурка CRD руло 5м./115, P120",8032/101125/4,5.0,0.0,0.0,0.0,Y,0.634001932683311,M,0.634001932683311,M,в 13:43 през “Складове и Стоки”,
7112,12,1,38211867,Ивда Гео,"Шкурка CRD руло 5м./115, P120",,5.0,0.0,5.0,0.0,Y,0.634001932683311,M,0.634001932683311,M,в 13:43 през “Складове и Стоки”,
7112,13,1,38211867,Платки - Green Innovation, IRM-03-12 захранващо устройство,661/181125/1,10.0,0.0,0.0,0.0,Y,4.47380396046691,M,4.47380396046691,M,в 14:41 през “Складове и Стоки”,
7112,14,1,38211867,Платки - Green Innovation, IRM-03-12 захранващо устройство,,10.0,0.0,10.0,0.0,Y,4.47380396046691,M,4.47380396046691,M,в 14:41 през “Складове и Стоки”,
7112,15,1,38211867,Кабели - Мрежови,"Кабел F/UTP cat.5e, 4x2xAWG24/1, PVC",1469001151/210126/1,305.0,0.0,0.0,0.0,Y,0.39,M,0.39,M,в 14:41 през “Складове и Стоки”,
7112,16,1,38211867,Кабели - Мрежови,"Кабел F/UTP cat.5e, 4x2xAWG24/1, PVC",,305.0,0.0,305.0,0.0,Y,0.39,M,0.39,M,в 14:41 през “Складове и Стоки”,
7112,17,1,38211867,Други (Електроника),"Авариен стоп бутон, въртящ",1459015258/090925/3,3.0,0.0,0.0,0.0,Y,11.999976,M,11.999976,M,в 14:42 през “Складове и Стоки”,
7112,18,1,38211867,Други (Електроника),"Авариен стоп бутон, въртящ",,4.0,0.0,4.0,0.0,Y,11.999976,M,11.999976,M,в 14:42 през “Складове и Стоки”,
7112,19,1,38211867,М5,Болт М5х12,263403/211025/1,20.0,0.0,0.0,0.0,Y,0.0920325386153193,M,0.0920325386153193,M,в 14:44 през “Складове и Стоки”,
7112,20,1,38211867,М5,Болт М5х12,,36.0,0.0,36.0,0.0,Y,0.0920325386153193,M,0.0920325386153193,M,в 14:44 през “Складове и Стоки”,
7112,21,1,38211867,М5,Болт М5х12,265835/031225/4,16.0,0.0,0.0,0.0,Y,0.0920325386153193,M,0.0920325386153193,M,в 14:44 през “Складове и Стоки”,
7112,22,1,48627586,Ташев Галвинг,Нипел вътрешно-редуктивен 1`х1/2` полипропилен,,11.0,0.0,0.0,0.0,Y,0.69,L,0.69,L,в 15:00 през “Складове и Стоки”,
7136,0,1,48627586,Ташев Галвинг,Нипел вътрешно-редуктивен 1`х1/2` полипропилен,2698164/170925,11.0,0.0,0.0,0.0,Y,0.69,L,0.69,L,в 15:00 през “Складове и Стоки”,
7136,1,1,48627586,2.1. Тръби,"Тръба шевна 304L (33,7x2) 1``",,0.004,0.0,0.0,0.0,Y,11.544928,M,11.544928,M,в 15:00 през “Складове и Стоки”,
7136,2,1,34867648,3. Метални Елементи,СИС (304) ф35,,16.0,0.0,2.0,0.0,Y,31.21,M,31.21,M,в 07:57 през “Складове и Стоки”,
7136,4,1,43469508,2.1. Тръби,"Тръба шевна 304L (168,3х2) 6``",10143532/110925/168.3,9.0,0.0,0.0,0.0,Y,33.642882,M,33.642882,M,в 08:34 през “Складове и Стоки”,
7136,5,1,43469508,2.1. Тръби,"Тръба шевна 304L (168,3х2) 6``",,9.8,0.0,6.8,0.0,Y,33.642882,M,33.642882,M,в 08:31 през “Складове и Стоки”,
7136,6,1,43469508,2.1. Тръби,"Тръба шевна 304L (323,9х3) 12``",10143532/110925/323.9,28.0,0.0,0.0,0.0,Y,147.655439,M,147.655439,M,в 08:32 през “Складове и Стоки”,
7136,7,1,43469508,2.1. Тръби,"Тръба шевна 304L (323,9х3) 12``",,28.0,0.0,28.0,0.0,Y,147.655439,M,147.655439,M,в 08:32 през “Складове и Стоки”,
7136,8,1,43469508,2.1. Тръби,"Тръба безшевна 316L 6x1,0",10143532/110925/6x1,24.0,0.0,0.0,0.0,Y,5.051545,M,5.051545,M,в 08:32 през “Складове и Стоки”,
7136,9,1,43469508,2.1. Тръби,"Тръба безшевна 316L 6x1,0",,24.0,0.0,24.0,0.0,Y,5.051545,M,5.051545,M,в 08:32 през “Складове и Стоки”,
7136,10,1,43469508,3. Метални Елементи,"Профилна тръба 304 20х20х1,5",10147014/031225,12.0,0.0,0.0,0.0,Y,5.11,M,5.11,M,в 08:32 през “Складове и Стоки”,
7136,11,1,43469508,3. Метални Елементи,"Профилна тръба 304 20х20х1,5",,12.0,0.0,12.0,0.0,Y,5.11,M,5.11,M,в 08:32 през “Складове и Стоки”,
7136,12,1,43469508,2.1. Тръби,Тръба оребрена 25х2,28082025/8,180.0,0.0,0.0,0.0,Y,48.137953,M,48.137953,M,в 08:33 през “Складове и Стоки”,
7136,13,1,43469508,2.1. Тръби,Тръба оребрена 25х2,,180.0,0.0,180.0,0.0,Y,48.137953,M,48.137953,M,в 08:33 през “Складове и Стоки”,
7136,14,1,43469508,2.1. Тръби,"Тръба прецизна ф20х1,2",28082025,6.0,0.0,0.0,0.0,Y,2.56,M,2.56,M,в 08:33 през “Складове и Стоки”,
7136,15,1,43469508,2.1. Тръби,"Тръба прецизна ф20х1,2",,6.0,0.0,6.0,0.0,Y,2.55645,M,2.55645,M,в 08:33 през “Складове и Стоки”,
7136,16,1,43469508,2.1. Тръби,"Тръба шевна 304L (48,3х3) 1 1/2“",10143532/110925/48x3x3,25.8,0.0,0.0,0.0,Y,16.1414846893646,M,16.1414846893646,M,в 08:33 през “Складове и Стоки”,
7136,17,1,43469508,2.1. Тръби,"Тръба шевна 304L (48,3х3) 1 1/2“",,25.8,0.0,25.8,0.0,Y,16.141425,M,16.141425,M,в 08:33 през “Складове и Стоки”,
7136,18,1,43469508,2.1. Тръби,"Тръба шевна 304L (114,3х2) 4``",10143532/110925/114.3,12.0,0.0,0.0,0.0,Y,31.239819,M,31.239819,M,в 08:33 през “Складове и Стоки”,
7136,19,1,43469508,2.1. Тръби,"Тръба шевна 304L (114,3х2) 4``",,13.5,0.0,13.5,0.0,Y,31.239819,M,31.239819,M,в 08:33 през “Складове и Стоки”,
7136,20,1,43469508,2.1. Тръби,"Тръба шевна 304L (114,3х2) 4``",28082025/7,1.5,0.0,0.0,0.0,Y,31.239819,M,31.239819,M,в 08:33 през “Складове и Стоки”,
7136,21,1,43469508,2.1. Тръби,"Тръба шевна 304L (168,3х2) 6``",28082025/6,0.8,0.0,0.0,0.0,Y,33.642882,M,33.642882,M,в 08:34 през “Складове и Стоки”,
7136,22,1,43469508,2.1. Тръби,"Тръба шевна 304L (21,3x2) 1/2``",28082025/2,1.5,0.0,0.0,0.0,Y,5.721335,M,5.721335,M,в 08:34 през “Складове и Стоки”,
7136,23,1,43469508,2.1. Тръби,"Тръба шевна 304L (21,3x2) 1/2``",,1.5,0.0,1.5,0.0,Y,5.721335,M,5.721335,M,в 08:34 през “Складове и Стоки”,
6450,0,1,43469508,2.1. Тръби,"Тръба шевна 304L (33,7x2) 1``",10143532/110925/33.7,50.83,0.0,0.0,0.0,Y,11.5449706774106,M,11.5449706774106,M,в 08:34 през “Складове и Стоки”,
6450,1,1,43469508,2.1. Тръби,"Тръба шевна 304L (33,7x2) 1``",,50.836,0.0,50.836,0.0,Y,11.544928,M,11.544928,M,в 08:34 през “Складове и Стоки”,
6450,2,1,43469508,2.1. Тръби,"Тръба шевна 304L (33,7x2.6) 1“",10143626/120925,0.89,0.0,0.0,0.0,Y,13.068572,M,13.068572,M,в 08:34 през “Складове и Стоки”,
6450,3,1,43469508,2.1. Тръби,"Тръба шевна 304L (33,7x2.6) 1“",,8.510438,0.0,8.510438,0.0,Y,11.88,M,11.88,M,в 08:34 през “Складове и Стоки”,
6450,4,1,43469508,2.1. Тръби,"Тръба шевна 304L (33,7x2.6) 1“",10144596/101025/1,1.62,0.0,0.0,0.0,Y,13.068572,M,13.068572,M,в 08:34 през “Складове и Стоки”,
6450,5,1,43469508,2.1. Тръби,"Тръба шевна 304L (33,7x2.6) 1“",10148871/050226/1,6.0,0.0,0.0,0.0,Y,10.89,M,10.89,M,в 08:34 през “Складове и Стоки”,
6450,6,1,43469508,2.1. Тръби,"Тръба шевна 304L (33,7х3) 1“",10143532/110925/33.7/3,25.0,0.0,0.0,0.0,Y,11.5449706774106,M,11.5449706774106,M,в 08:34 през “Складове и Стоки”,
6450,7,1,43469508,2.1. Тръби,"Тръба шевна 304L (33,7х3) 1“",,25.0,0.0,25.0,0.0,Y,11.544928,M,11.544928,M,в 08:34 през “Складове и Стоки”,
6450,8,1,43469508,2.1. Тръби,"Тръба шевна 304L (48,3х2) 1 1/2``",10143532/110925/48.3,150.0,0.0,0.0,0.0,Y,14.909216,M,14.909216,M,в 08:35 през “Складове и Стоки”,
6450,9,1,43469508,2.1. Тръби,"Тръба шевна 304L (48,3х2) 1 1/2``",,150.0,0.0,150.0,0.0,Y,14.909216,M,14.909216,M,в 08:35 през “Складове и Стоки”,
6450,10,1,43469508,2.1. Тръби,"Тръба шевна 304L (60,3х2) 2``","10143532/110925/60,3",9.0,0.0,0.0,0.0,Y,12.061331,M,12.061331,M,в 08:35 през “Складове и Стоки”,
6450,11,1,43469508,2.1. Тръби,"Тръба шевна 304L (60,3х2) 2``",,9.0,0.0,9.0,0.0,Y,12.061287,M,12.061287,M,в 08:35 през “Складове и Стоки”,
6450,12,1,43469508,2.2. Фитинги за заваряване,"Капа 316L (323.0х3,0) 12“",10144231/011025/2,16.0,0.0,0.0,0.0,Y,78.534144,M,78.534144,M,в 08:46 през “Складове и Стоки”,
6450,13,1,43469508,2.2. Фитинги за заваряване,"Капа 316L (323.0х3,0) 12“",,16.0,0.0,16.0,0.0,Y,78.534144,M,78.534144,M,в 08:46 през “Складове и Стоки”,
6450,14,1,43469508,2.2. Фитинги за заваряване,"Капа 316L (168,3x2,0) 6``",,3.0,0.0,11.0,0.0,Y,20.190842,M,20.190842,M,в 08:49 през “Складове и Стоки”,
6450,15,1,43469508,1.2.1. Части (Очиска),Демистър 4“ - Гъба (Wire mesh sep. mono circol.),,15.0,0.0,17.0,0.0,Y,82.0,M,82.0,M,в 08:51 през “Складове и Стоки”,
6450,16,1,42310998,1.2.2 Съдове (Очиска),Демистър 4“,160226/6,2.0,0.0,4.0,0.0,Y,148.59,M,148.59,M,в 13:19 през “Складове и Стоки”,
6450,17,1,42310998,1.2.2 Съдове (Очиска),Демистър 4“,,2.0,0.0,4.0,0.0,Y,148.59,M,148.59,M,в 13:19 през “Складове и Стоки”,
6450,18,1,43469508,"Прекъсвачи, Предпазители",Прекъсвач мин. AMPARO 6kA C 32А 1P,,1.0,0.0,2.0,0.0,Y,1.91,M,1.91,M,в 14:07 през “Складове и Стоки”,
6450,19,1,43469508,"Прекъсвачи, Предпазители",Прекъсвач мин. AMPARO 6kA C 32А 1P,1469001851/020226/21,1.0,0.0,0.0,0.0,Y,1.91,M,1.91,M,в 14:07 през “Складове и Стоки”,
6450,20,1,43469508,"Прекъсвачи, Предпазители",Прекъсвач мин. AMPARO 6kA C 10А 1P,1469000128/060126/1,5.0,0.0,0.0,0.0,Y,1.79,M,1.79,M,в 14:07 през “Складове и Стоки”,
6450,21,1,43469508,"Прекъсвачи, Предпазители",Прекъсвач мин. AMPARO 6kA C 10А 1P,,7.0,0.0,6.0,0.0,Y,1.79,M,1.79,M,в 14:08 през “Складове и Стоки”,
6450,22,1,43469508,"Прекъсвачи, Предпазители",Прекъсвач мин. AMPARO 6kA C 10А 1P,221225/8,2.0,0.0,0.0,0.0,Y,1.79,M,1.79,M,в 14:07 през “Складове и Стоки”,
7199,0,1,46927223,Други (Електроника),Щекер  (LD),265836/031225/2,13.0,0.0,0.0,0.0,Y,1.59,M,1.59,M,в 07:43 през “Складове и Стоки”,
7199,1,1,46927223,Други (Електроника),Щекер  (LD),,13.0,0.0,13.0,0.0,Y,1.649,M,1.649,M,в 07:43 през “Складове и Стоки”,
7199,2,1,46927223,Контактори,"Контактор 15kW/32A, 1NO, 230V AC размер 1",1469001851/020226/27,1.0,0.0,0.0,0.0,Y,36.86,M,36.86,M,в 08:09 през “Складове и Стоки”,
7199,3,1,46927223,Контактори,"Контактор 15kW/32A, 1NO, 230V AC размер 1",,1.0,0.0,1.0,0.0,Y,36.86,M,36.86,M,в 08:09 през “Складове и Стоки”,
7199,4,1,46927223,Контактори,"Контактор 30kW/65A, AC-3, 230V AC размер 2",181225/5,3.0,0.0,0.0,0.0,Y,73.0472484827413,M,73.0472484827413,M,в 08:09 през “Складове и Стоки”,
7199,5,1,46927223,Контактори,"Контактор 30kW/65A, AC-3, 230V AC размер 2",,3.0,0.0,3.0,0.0,Y,73.0472484827413,M,73.0472484827413,M,в 08:09 през “Складове и Стоки”,
7199,6,1,46927223,Контактори,"Контактор 7,5kW/15A, AC-3, 1NO, 230V AC размер 0",1469001851/020226/24,2.0,0.0,0.0,0.0,Y,17.03,M,17.03,M,в 08:09 през “Складове и Стоки”,
7199,7,1,46927223,Контактори,"Контактор 7,5kW/15A, AC-3, 1NO, 230V AC размер 0",,2.0,0.0,2.0,0.0,Y,17.03,M,17.03,M,в 08:09 през “Складове и Стоки”,
7199,8,1,46927223,Контактори,"Контактор 4kW/9A, AC-3, 1NO, 230V AC размер 0",181225/4,2.0,0.0,0.0,0.0,Y,0.0,L,0.0,M,в 08:09 през “Складове и Стоки”,
7199,9,1,46927223,Контактори,"Контактор 4kW/9A, AC-3, 1NO, 230V AC размер 0",,2.0,0.0,2.0,0.0,Y,0.0,L,0.0,M,в 08:09 през “Складове и Стоки”,
7199,10,1,46927223,Контактори,"Контактор 22kW/50A, AC-3, 230V AC размер 2",181225/3,2.0,0.0,0.0,0.0,Y,0.0,L,0.0,M,в 08:10 през “Складове и Стоки”,
7199,11,1,46927223,Контактори,"Контактор 22kW/50A, AC-3, 230V AC размер 2",,2.0,0.0,2.0,0.0,Y,0.0,L,0.0,M,в 08:10 през “Складове и Стоки”,
7199,12,1,46927223,"Прекъсвачи, Предпазители",Прекъсвач мин. AMPARO 6kA C 25А 3P,1459015258/090925/1,6.0,0.0,0.0,0.0,Y,7.4904260595246,M,7.4904260595246,M,в 08:42 през “Складове и Стоки”,
7199,13,1,46927223,"Прекъсвачи, Предпазители",Прекъсвач мин. AMPARO 6kA C 25А 3P,,6.0,0.0,6.0,0.0,Y,7.490398,M,7.490398,M,в 08:42 през “Складове и Стоки”,
7199,14,1,46927223,"Прекъсвачи, Предпазители",Прекъсвач мин. AMPARO 6kA C 32А 3P,1469000014/050126/5,1.0,0.0,0.0,0.0,Y,6.37,M,6.37,M,в 08:42 през “Складове и Стоки”,
7199,15,1,46927223,"Прекъсвачи, Предпазители",Прекъсвач мин. AMPARO 6kA C 32А 3P,,2.0,0.0,2.0,0.0,Y,6.37,M,6.37,M,в 08:42 през “Складове и Стоки”,
7199,16,1,46927223,"Прекъсвачи, Предпазители",Прекъсвач мин. AMPARO 6kA C 32А 3P,1469001851/020226/28,1.0,0.0,0.0,0.0,Y,6.37,M,6.37,M,в 08:42 през “Складове и Стоки”,
7199,17,1,46927223,"Прекъсвачи, Предпазители",Прекъсвач мин. AMPARO 6kA C 6A 1P,1469001851/020226/22,3.0,0.0,0.0,0.0,Y,2.06,M,2.06,M,в 08:42 през “Складове и Стоки”,
7199,18,1,46927223,"Прекъсвачи, Предпазители",Прекъсвач мин. AMPARO 6kA C 6A 1P,,7.0,0.0,7.0,0.0,Y,2.06,M,2.06,M,в 08:42 през “Складове и Стоки”,
7199,19,1,46927223,Шини (Електроника),"Гребен разпределителен, виличен, 3P, 1m, 10mm",1469001851/020226/32,1.0,0.0,0.0,0.0,Y,16.01,M,16.01,M,в 08:42 през “Складове и Стоки”,
7199,20,1,46927223,Шини (Електроника),"Гребен разпределителен, виличен, 3P, 1m, 10mm",,1.0,0.0,1.0,0.0,Y,16.01,M,16.01,M,в 08:42 през “Складове и Стоки”,
7199,21,1,46927223,Клеми,"Клема винтове 2,5mm AVK2,5 сива",1469000014/050126/9,100.0,0.0,0.0,0.0,Y,0.27,M,0.27,M,в 08:43 през “Складове и Стоки”,
7199,22,1,46927223,Клеми,"Клема винтове 2,5mm AVK2,5 сива",,104.0,0.0,104.0,0.0,Y,0.27,M,0.27,M,в 08:43 през “Складове и Стоки”,
7199,23,1,46927223,Клеми,"Клема винтове 2,5mm AVK2,5 сива",1469001851/020226/20,4.0,0.0,0.0,0.0,Y,0.27,M,0.27,M,в 08:43 през “Складове и Стоки”,
7206,0,1,46927223,Клеми,"Клема винтова 2,5mm AVK2,5 синя",1469001851/020226/18,3.0,0.0,0.0,0.0,Y,0.29,M,0.29,M,в 08:43 през “Складове и Стоки”,
7206,1,1,46927223,Клеми,"Клема винтова 2,5mm AVK2,5 синя",,3.0,0.0,3.0,0.0,Y,0.29,M,0.29,M,в 08:43 през “Складове и Стоки”,
7206,2,1,46927223,Клеми,"Клема винтова 2,5mm AVK2,5 червена",1469000014/050126/10,100.0,0.0,0.0,0.0,Y,0.29,M,0.29,M,в 08:43 през “Складове и Стоки”,
7206,3,1,46927223,Клеми,"Клема винтова 2,5mm AVK2,5 червена",,100.0,0.0,100.0,0.0,Y,0.29,M,0.29,M,в 08:43 през “Складове и Стоки”,
7206,4,1,46927223,Клеми,Клема винтова 6mm AVK6 сива,1469000128/060126/7,20.0,0.0,0.0,0.0,Y,0.39,M,0.39,M,в 08:43 през “Складове и Стоки”,
7206,5,1,46927223,Клеми,Клема винтова 6mm AVK6 сива,,36.0,0.0,36.0,0.0,Y,0.39,M,0.39,M,в 08:43 през “Складове и Стоки”,
7206,6,1,46927223,Клеми,Клема винтова 6mm AVK6 сива,1469001851/020226/16,16.0,0.0,0.0,0.0,Y,0.39,M,0.39,M,в 08:43 през “Складове и Стоки”,
7206,7,1,46927223,Клеми,Клема винтова 6mm AVK6 синя,1469000128/060126/8,10.0,0.0,0.0,0.0,Y,0.44,M,0.44,M,в 08:43 през “Складове и Стоки”,
7206,8,1,46927223,Клеми,Клема винтова 6mm AVK6 синя,,10.0,0.0,10.0,0.0,Y,0.44,M,0.44,M,в 08:43 през “Складове и Стоки”,
7206,9,1,46927223,Клеми,Клема винтова заземителна 6-10mm AVK6/20Т,1469000128/060126/9,9.0,0.0,0.0,0.0,Y,1.39,M,1.39,M,в 08:43 през “Складове и Стоки”,
7206,10,1,46927223,Клеми,Клема винтова заземителна 6-10mm AVK6/20Т,,21.0,0.0,21.0,0.0,Y,1.39,M,1.39,M,в 08:43 през “Складове и Стоки”,
7206,11,1,46927223,Клеми,"Клема винтова заземителна 2,5-4mm AVK2,5/4Т",1469001851/020226/19,2.0,0.0,0.0,0.0,Y,1.12,M,1.12,M,в 08:44 през “Складове и Стоки”,
7206,12,1,46927223,Клеми,"Клема винтова заземителна 2,5-4mm AVK2,5/4Т",,2.0,0.0,2.0,0.0,Y,1.12,M,1.12,M,в 08:44 през “Складове и Стоки”,
7206,13,1,46927223,2. Консумативи,Джоб за докумнти,1469001851/020226/7,1.0,0.0,0.0,0.0,Y,2.63,M,2.63,M,в 08:44 през “Складове и Стоки”,
7206,14,1,46927223,2. Консумативи,Джоб за докумнти,,1.0,0.0,1.0,0.0,Y,2.63,M,2.63,M,в 08:44 през “Складове и Стоки”,
7206,15,1,46927223,Други (Електроника),Контакт доп. NC заден м-ж (ав. стоп),1459015258/090925/5,3.0,0.0,0.0,0.0,Y,1.92757039210974,M,1.92757039210974,M,в 08:44 през “Складове и Стоки”,
7206,16,1,46927223,Други (Електроника),Контакт доп. NC заден м-ж (ав. стоп),,3.0,0.0,3.0,0.0,Y,1.92757039210974,M,1.92757039210974,M,в 08:44 през “Складове и Стоки”,
7206,17,1,46927223,"Схеми, софтуери",Интегрални схеми,432681/281025/1,60.0,0.0,0.0,0.0,Y,1.38560099804175,M,1.38560099804175,M,в 08:44 през “Складове и Стоки”,
7206,18,1,46927223,"Схеми, софтуери",Интегрални схеми,,60.0,0.0,60.0,0.0,Y,1.38560099804175,M,1.38560099804175,M,в 08:44 през “Складове и Стоки”,
7206,19,1,46927223,"Схеми, софтуери",Интегрални схеми 1,433309/061125/1,50.0,0.0,0.0,0.0,Y,0.132935889111017,M,0.132935889111017,M,в 08:45 през “Складове и Стоки”,
7206,20,1,46927223,"Схеми, софтуери",Интегрални схеми 1,,50.0,0.0,50.0,0.0,Y,0.132935889111017,M,0.132935889111017,M,в 08:45 през “Складове и Стоки”,
7206,21,1,46927223,"Схеми, софтуери",Интегрални схеми 2,433309/061125/2,60.0,0.0,0.0,0.0,Y,1.2577780277427,M,1.2577780277427,M,в 08:45 през “Складове и Стоки”,
7206,22,1,46927223,"Схеми, софтуери",Интегрални схеми 2,,60.0,0.0,60.0,0.0,Y,1.2577780277427,M,1.2577780277427,M,в 08:45 през “Складове и Стоки”,
7206,23,1,46927223,"Схеми, софтуери",Интегрални схеми 3,433309/061125/3,20.0,0.0,0.0,0.0,Y,1.75884407131499,M,1.75884407131499,M,в 08:45 през “Складове и Стоки”,
7208,0,1,46927223,"Схеми, софтуери",Интегрални схеми 3,,20.0,0.0,20.0,0.0,Y,1.75884407131499,M,1.75884407131499,M,в 08:45 през “Складове и Стоки”,
7208,1,1,46927223,Кабелни Канали,Кабелен канал 40x25mm,1469001851/020226/40,0.9,0.0,0.0,0.0,Y,3.62,M,3.62,M,в 08:45 през “Складове и Стоки”,
7208,2,1,46927223,Кабелни Канали,Кабелен канал 40x25mm,,0.9,0.0,0.9,0.0,Y,3.62,M,3.62,M,в 08:45 през “Складове и Стоки”,
7208,3,1,46927223,Шрак техник ЕООД,Кабелен канал  40x40mm,1459016267/240925,10.0,0.0,0.0,0.0,Y,5.55774274860289,M,5.55774274860289,M,в 08:45 през “Складове и Стоки”,
7208,4,1,46927223,Шрак техник ЕООД,Кабелен канал  40x40mm,,14.0,0.0,14.0,0.0,Y,5.28,M,5.28,M,в 08:45 през “Складове и Стоки”,
7208,5,1,46927223,Шрак техник ЕООД,Кабелен канал  40x40mm,1469001851/020226/6,4.0,0.0,0.0,0.0,Y,4.57,M,4.57,M,в 08:45 през “Складове и Стоки”,
7208,6,1,46927223,Кабелни Канали,Кабелен канал 60х25mm,1459019939/121125/7,8.0,0.0,0.0,0.0,Y,4.88283746542389,M,4.88283746542389,M,в 08:46 през “Складове и Стоки”,
7208,7,1,46927223,Кабелни Канали,Кабелен канал 60х25mm,,16.0,0.0,16.0,0.0,Y,4.88283746542389,M,4.88283746542389,M,в 08:46 през “Складове и Стоки”,
7208,8,1,46927223,Кабелни Канали,Кабелен канал 60х40mm,1459019939/121125/6,8.0,0.0,0.0,0.0,Y,5.7469207446455,M,5.7469207446455,M,в 08:46 през “Складове и Стоки”,
7208,9,1,46927223,Кабелни Канали,Кабелен канал 60х40mm,,18.0,0.0,18.0,0.0,Y,5.75,M,5.75,M,в 08:46 през “Складове и Стоки”,
7208,10,1,46927223,Кабелни Канали,Кабелен канал 60х40mm,1469000128/060126/4,10.0,0.0,0.0,0.0,Y,5.7469,M,5.7469,M,в 08:46 през “Складове и Стоки”,
7208,11,1,46927223,Кабелни Канали,Кабелен канал 60х60mm,1459019996/121125,2.0,0.0,0.0,0.0,Y,8.0988633981481,M,8.0988633981481,M,в 08:46 през “Складове и Стоки”,
7208,12,1,46927223,Кабелни Канали,Кабелен канал 60х60mm,,16.0,0.0,16.0,0.0,Y,8.1,M,8.1,M,в 08:46 през “Складове и Стоки”,
7208,13,1,46927223,Кабелни Канали,Кабелен канал 60х60mm,1469000128/060126/3,10.0,0.0,0.0,0.0,Y,8.098834,M,8.098834,M,в 08:46 през “Складове и Стоки”,
7208,14,1,46927223,Кабелни Канали,Кабелен канал 60х60mm,1469001851/020226/5,4.0,0.0,0.0,0.0,Y,8.1,M,8.1,M,в 08:46 през “Складове и Стоки”,
7208,15,1,46927223,Кабелни Канали,"Кабелна обувка М12, 70мм",1469001851/020226/1,135.0,0.0,0.0,0.0,Y,2.69,M,2.69,M,в 08:46 през “Складове и Стоки”,
7208,16,1,46927223,Кабелни Канали,"Кабелна обувка М12, 70мм",,135.0,0.0,135.0,0.0,Y,2.69,M,2.69,M,в 08:46 през “Складове и Стоки”,
7208,17,1,46927223,Кабелни Канали,Кабелна обувка без изолация,2730593/011225,30.0,0.0,0.0,0.0,Y,1.09927754457187,M,1.09927754457187,M,в 08:46 през “Складове и Стоки”,
7208,18,1,46927223,Кабелни Канали,Кабелна обувка без изолация,,30.0,0.0,30.0,0.0,Y,1.09927754457187,M,1.09927754457187,M,в 08:46 през “Складове и Стоки”,
7208,19,1,46927223,Платки - Green Innovation,Кв. резонатор,434394/211125/1,100.0,0.0,0.0,0.0,Y,0.148274645546903,M,0.148274645546903,M,в 08:47 през “Складове и Стоки”,
7208,20,1,46927223,Платки - Green Innovation,Кв. резонатор,,100.0,0.0,100.0,0.0,Y,0.148274645546903,M,0.148274645546903,M,в 08:47 през “Складове и Стоки”,
7208,21,1,46927223,Клеми,Клемни марк.хор. DY5 1-50 (50 символа),1459019939/121125/1,2.0,0.0,0.0,0.0,Y,1.09416462575991,M,1.09416462575991,M,в 08:47 през “Складове и Стоки”,
7208,22,1,46927223,Клеми,Клемни марк.хор. DY5 1-50 (50 символа),,8.0,0.0,8.0,0.0,Y,1.12,M,1.12,M,в 08:47 през “Складове и Стоки”,
7208,23,1,46927223,Клеми,Клемни марк.хор. DY5 1-50 (50 символа),1469001851/020226/12,3.0,0.0,0.0,0.0,Y,1.12,M,1.12,M,в 08:47 през “Складове и Стоки”,
7211,0,1,46927223,Клеми,Клемни марк.хор. DY5 101-150 (50 символа),1459019939/121125/3,2.0,0.0,0.0,0.0,Y,1.09416462575991,M,1.09416462575991,M,в 08:47 през “Складове и Стоки”,
7211,1,1,46927223,Клеми,Клемни марк.хор. DY5 101-150 (50 символа),,7.0,0.0,7.0,0.0,Y,1.12,M,1.12,M,в 08:47 през “Складове и Стоки”,
7211,2,1,46927223,Клеми,Клемни марк.хор. DY5 101-150 (50 символа),1469001851/020226/14,2.0,0.0,0.0,0.0,Y,1.12,M,1.12,M,в 08:47 през “Складове и Стоки”,
7211,3,1,46927223,Клеми,Клемни марк.хор. DY5 151-200 (50 символа),1459019939/121125/4,2.0,0.0,0.0,0.0,Y,1.09416462575991,M,1.09416462575991,M,в 08:47 през “Складове и Стоки”,
7211,4,1,46927223,Клеми,Клемни марк.хор. DY5 151-200 (50 символа),,7.0,0.0,7.0,0.0,Y,1.12,M,1.12,M,в 08:47 през “Складове и Стоки”,
7211,5,1,46927223,Клеми,Клемни марк.хор. DY5 151-200 (50 символа),1469001851/020226/15,2.0,0.0,0.0,0.0,Y,1.12,M,1.12,M,в 08:47 през “Складове и Стоки”,
7211,6,1,46927223,Клеми,Клемни марк.хор. DY5 51-100 (50 символа),1459019939/121125/2,2.0,0.0,0.0,0.0,Y,1.09416462575991,M,1.09416462575991,M,в 08:47 през “Складове и Стоки”,
7211,7,1,46927223,Клеми,Клемни марк.хор. DY5 51-100 (50 символа),,7.0,0.0,7.0,0.0,Y,1.12,M,1.12,M,в 08:47 през “Складове и Стоки”,
7211,8,1,46927223,Клеми,Клемни марк.хор. DY5 51-100 (50 символа),1469001851/020226/13,2.0,0.0,0.0,0.0,Y,1.12,M,1.12,M,в 08:47 през “Складове и Стоки”,
7211,9,1,46927223,Клеми,"Клемни марк.верт.DY10/6,5 ненадписани (30х)",1459020514/191125/2,4.0,0.0,0.0,0.0,Y,0.741373227734517,M,0.741373227734517,M,в 08:48 през “Складове и Стоки”,
7211,10,1,46927223,Клеми,"Клемни марк.верт.DY10/6,5 ненадписани (30х)",,4.0,0.0,4.0,0.0,Y,0.741373227734517,M,0.741373227734517,M,в 08:48 през “Складове и Стоки”,
7211,11,1,46927223,Клеми,"Клема за шина 10mm 1,5-16mm 65A",1469001851/020226/35,10.0,0.0,0.0,0.0,Y,0.87,M,0.87,M,в 08:48 през “Складове и Стоки”,
7211,12,1,46927223,Клеми,"Клема за шина 10mm 1,5-16mm 65A",,10.0,0.0,10.0,0.0,Y,0.87,M,0.87,M,в 08:48 през “Складове и Стоки”,
7211,13,1,46927223,Клеми,Клема свързващо WAGO 60br. 1x4mm,1469001851/020226/2,120.0,0.0,0.0,0.0,Y,0.36,M,0.36,M,в 08:48 през “Складове и Стоки”,
7211,14,1,46927223,Клеми,Клема свързващо WAGO 60br. 1x4mm,,120.0,0.0,120.0,0.0,Y,0.36,M,0.36,M,в 08:48 през “Складове и Стоки”,
7211,15,1,46927223,Комет електроникс,Клеми,432483/241025/3,5.0,0.0,0.0,0.0,Y,0.756711984170403,M,0.756711984170403,M,в 08:48 през “Складове и Стоки”,
7211,16,1,46927223,Комет електроникс,Клеми,,5.0,0.0,5.0,0.0,Y,0.756711984170403,M,0.756711984170403,M,в 08:48 през “Складове и Стоки”,
7211,17,1,46927223,Комет електроникс,Клеми 1,432483/241025/4,2.0,0.0,0.0,0.0,Y,4.04431878026209,M,4.04431878026209,M,в 08:48 през “Складове и Стоки”,
7211,18,1,46927223,Комет електроникс,Клеми 1,,2.0,0.0,2.0,0.0,Y,4.04431878026209,M,4.04431878026209,M,в 08:48 през “Складове и Стоки”,
7211,19,1,46927223,Комет електроникс,Клеми 3,432483/241025/5,5.0,0.0,0.0,0.0,Y,0.0306775128717731,M,0.0306775128717731,M,в 08:48 през “Складове и Стоки”,
7211,20,1,46927223,Комет електроникс,Клеми 3,,5.0,0.0,5.0,0.0,Y,0.0306775128717731,M,0.0306775128717731,M,в 08:48 през “Складове и Стоки”,
7211,21,1,46927223,Комет електроникс,Клеми 4,432483/241025/6,5.0,0.0,0.0,0.0,Y,1.0686000317001,M,1.0686000317001,M,в 08:56 през “Складове и Стоки”,
7211,22,1,46927223,Комет електроникс,Клеми 4,,5.0,0.0,5.0,0.0,Y,1.0686000317001,M,1.0686000317001,M,в 08:56 през “Складове и Стоки”,
7211,23,1,46927223,Комет електроникс,Клеми 5,432483/241025/7,2.0,0.0,0.0,0.0,Y,4.04431878026209,M,4.04431878026209,M,в 08:56 през “Складове и Стоки”,
7214,0,1,46927223,Комет електроникс,Клеми 5,,2.0,0.0,2.0,0.0,Y,4.04431878026209,M,4.04431878026209,M,в 08:56 през “Складове и Стоки”,
7214,1,1,46927223,Комет електроникс,Клеми 6,432483/241025/8,5.0,0.0,0.0,0.0,Y,0.0306775128717731,M,0.0306775128717731,M,в 08:56 през “Складове и Стоки”,
7214,2,1,46927223,Комет електроникс,Клеми 6,,5.0,0.0,5.0,0.0,Y,0.0306775128717731,M,0.0306775128717731,M,в 08:56 през “Складове и Стоки”,
7214,3,1,46927223,Комет електроникс,Клеми HD,432681/281025/2,50.0,0.0,0.0,0.0,Y,1.70260196438341,M,1.70260196438341,M,в 08:56 през “Складове и Стоки”,
7214,4,1,46927223,Комет електроникс,Клеми HD,,50.0,0.0,50.0,0.0,Y,1.70260196438341,M,1.70260196438341,M,в 08:56 през “Складове и Стоки”,
7214,5,1,46927223,3. Инструменти,"Клещи за каб. обувки, 0.5-6мм",1469001221/220126/19,1.0,0.0,0.0,0.0,Y,47.67,M,47.67,M,в 08:56 през “Складове и Стоки”,
7214,6,1,46927223,3. Инструменти,"Клещи за каб. обувки, 0.5-6мм",,1.0,0.0,1.0,0.0,Y,47.67,M,47.67,M,в 08:56 през “Складове и Стоки”,
7214,7,1,46927223,Платки - Green Innovation,Кондензатори,35ZLH100MEFC6.3x11/19613,600.0,0.0,0.0,0.0,Y,0.0511291881196219,M,0.0511291881196219,M,в 08:56 през “Складове и Стоки”,
7214,8,1,46927223,Платки - Green Innovation,Кондензатори,,600.0,0.0,600.0,0.0,Y,0.0511291881196219,M,0.0511291881196219,M,в 08:56 през “Складове и Стоки”,
7214,9,1,46927223,Платки - Green Innovation,Кондензатори 47uF 6.3V X5R Samsung,432681/281025/3,300.0,0.0,0.0,0.0,Y,0.0357904316837353,M,0.0357904316837353,M,в 08:57 през “Складове и Стоки”,
7214,10,1,46927223,Платки - Green Innovation,Кондензатори 47uF 6.3V X5R Samsung,,300.0,0.0,300.0,0.0,Y,0.0357904316837353,M,0.0357904316837353,M,в 08:57 през “Складове и Стоки”,
7214,11,1,46927223,"Кабелни накрайници, обувки","Конектор RJ45, cat.5, MP0011",1459016513/290925,100.0,0.0,0.0,0.0,Y,0.24,M,0.24,M,в 08:57 през “Складове и Стоки”,
7214,12,1,46927223,"Кабелни накрайници, обувки","Конектор RJ45, cat.5, MP0011",,100.0,0.0,100.0,0.0,Y,0.24,M,0.24,M,в 08:57 през “Складове и Стоки”,
7214,13,1,46927223,"Кабелни накрайници, обувки",Конектори cat.7a,19931/031225,100.0,0.0,0.0,0.0,Y,0.388581829709126,M,0.388581829709126,M,в 08:57 през “Складове и Стоки”,
7214,14,1,46927223,"Кабелни накрайници, обувки",Конектори cat.7a,,100.0,0.0,100.0,0.0,Y,0.388581829709126,M,0.388581829709126,M,в 08:57 през “Складове и Стоки”,
7214,15,1,46927223,Други (Електроника),"Контакт за DIN релса, 16А",1469000128/060126/6,1.0,0.0,0.0,0.0,Y,3.46,M,3.46,M,в 08:57 през “Складове и Стоки”,
7214,16,1,46927223,Други (Електроника),"Контакт за DIN релса, 16А",,2.0,0.0,2.0,0.0,Y,3.46,M,3.46,M,в 08:57 през “Складове и Стоки”,
7214,17,1,46927223,Други (Електроника),"Контакт за DIN релса, 16А",1469001851/020226/23,1.0,0.0,0.0,0.0,Y,3.46,M,3.46,M,в 08:57 през “Складове и Стоки”,
7214,18,1,46927223,Клеми,"Крайна секция за клеми 2,5-10мм сива",1469000014/050126/8,24.0,0.0,0.0,0.0,Y,0.21,M,0.21,M,в 08:57 през “Складове и Стоки”,
7214,19,1,46927223,Клеми,"Крайна секция за клеми 2,5-10мм сива",,31.0,0.0,31.0,0.0,Y,0.21,M,0.21,M,в 08:57 през “Складове и Стоки”,
7214,20,1,46927223,Клеми,"Крайна секция за клеми 2,5-10мм сива",1469001851/020226/17,7.0,0.0,0.0,0.0,Y,0.21,M,0.21,M,в 08:57 през “Складове и Стоки”,
7214,21,1,46927223,Клеми,Кр. скоба за DIN релса,1459019733/101125/5,5.0,0.0,0.0,0.0,Y,0.276097615845958,M,0.276097615845958,M,в 08:58 през “Складове и Стоки”,
7214,22,1,46927223,Клеми,Кр. скоба за DIN релса,,79.0,0.0,79.0,0.0,Y,0.28,M,0.28,M,в 08:58 през “Складове и Стоки”,
7214,23,1,46927223,Клеми,Кр. скоба за DIN релса,1459019939/121125/5,20.0,0.0,0.0,0.0,Y,0.276097615845958,M,0.276097615845958,M,в 08:58 през “Складове и Стоки”,
7216,0,1,46927223,Клеми,Кр. скоба за DIN релса,1469000014/050126/7,24.0,0.0,0.0,0.0,Y,0.28,M,0.28,M,в 08:58 през “Складове и Стоки”,
7216,1,1,46927223,Клеми,Кр. скоба за DIN релса,1469001851/020226/10,30.0,0.0,0.0,0.0,Y,0.28,M,0.28,M,в 08:58 през “Складове и Стоки”,
7216,2,1,46927223,Клеми,Крайна секция YBK 2F,1459019733/101125/3,10.0,0.0,0.0,0.0,Y,0.32722680396558,M,0.32722680396558,M,в 08:58 през “Складове и Стоки”,
7216,3,1,46927223,Клеми,Крайна секция YBK 2F,,40.0,0.0,40.0,0.0,Y,0.34,M,0.34,M,в 08:58 през “Складове и Стоки”,
7216,4,1,46927223,Клеми,Крайна секция YBK 2F,1459020514/191125/3,20.0,0.0,0.0,0.0,Y,0.32722680396558,M,0.32722680396558,M,в 08:58 през “Складове и Стоки”,
7216,5,1,46927223,Клеми,Крайна секция YBK 2F,1469001851/020226/9,9.0,0.0,0.0,0.0,Y,0.34,M,0.34,M,в 08:58 през “Складове и Стоки”,
7216,6,1,46927223,Клеми,Крайна секция за IK690001,459020513/191125/1,8.0,0.0,0.0,0.0,Y,0.317000966341655,M,0.317000966341655,M,в 08:58 през “Складове и Стоки”,
7216,7,1,46927223,Клеми,Крайна секция за IK690001,,10.0,0.0,10.0,0.0,Y,0.317000966341655,M,0.317000966341655,M,в 08:58 през “Складове и Стоки”,
7216,8,1,46927223,Клеми,Крайна секция за YBK 6mm.,1459020514/191125/4,20.0,0.0,0.0,0.0,Y,0.178952158418676,M,0.178952158418676,M,в 08:58 през “Складове и Стоки”,
7216,9,1,46927223,Клеми,Крайна секция за YBK 6mm.,,20.0,0.0,20.0,0.0,Y,0.178952158418676,M,0.178952158418676,M,в 08:58 през “Складове и Стоки”,
7216,10,1,46927223,Други (Електроника),Кутия за бутони с 1 отв. (ав. стоп),1459015258/090925/4,3.0,0.0,0.0,0.0,Y,7.04560212288389,M,7.04560212288389,M,в 08:58 през “Складове и Стоки”,
7216,11,1,46927223,Други (Електроника),Кутия за бутони с 1 отв. (ав. стоп),,3.0,0.0,3.0,0.0,Y,7.04560212288389,M,7.04560212288389,M,в 08:58 през “Складове и Стоки”,
7216,12,1,46927223,2.5.4. Вентили,Магнетвентил 3/4“,181225/1,4.0,0.0,0.0,0.0,Y,0.0,L,0.0,M,в 08:59 през “Складове и Стоки”,
7216,13,1,46927223,2.5.4. Вентили,Магнетвентил 3/4“,,4.0,0.0,4.0,0.0,Y,0.0,L,0.0,M,в 08:59 през “Складове и Стоки”,
7216,14,1,46927223,2.5.4. Вентили,Магнетвентил 1/2“,181225/2,5.0,0.0,0.0,0.0,Y,106.476534259112,M,106.476534259112,M,в 08:59 през “Складове и Стоки”,
7216,15,1,46927223,2.5.4. Вентили,Магнетвентил 1/2“,,5.0,0.0,5.0,0.0,Y,106.476534259112,M,106.476534259112,M,в 08:59 през “Складове и Стоки”,
7216,16,1,46927223,Шини (Електроника),"Шина медна 1240А, 80х10mm, 2m",1469000886/190126,2.0,0.0,0.0,0.0,Y,231.26,M,231.26,M,в 08:59 през “Складове и Стоки”,
7216,17,1,46927223,Шини (Електроника),"Шина медна 1240А, 80х10mm, 2m",,2.0,0.0,2.0,0.0,Y,231.26,M,231.26,M,в 08:59 през “Складове и Стоки”,
7216,18,1,46927223,Платки - Green Innovation,Модули,434285/201125,10.0,0.0,0.0,0.0,Y,3.55347857431372,M,3.55347857431372,M,в 08:59 през “Складове и Стоки”,
7216,19,1,46927223,Платки - Green Innovation,Модули,,10.0,0.0,10.0,0.0,Y,3.55347857431372,M,3.55347857431372,M,в 08:59 през “Складове и Стоки”,
7216,20,1,46927223,Платки - Green Innovation,Опртони,432483/241025/1,200.0,0.0,0.0,0.0,Y,0.0460162693076597,M,0.0460162693076597,M,в 08:59 през “Складове и Стоки”,
7216,21,1,46927223,Платки - Green Innovation,Опртони,,200.0,0.0,200.0,0.0,Y,0.0460162693076597,M,0.0460162693076597,M,в 08:59 през “Складове и Стоки”,
7216,22,1,46927223,Платки - Green Innovation,Оптрони,432483/241025/2,25.0,0.0,0.0,0.0,Y,0.224968427726336,M,0.224968427726336,M,в 08:59 през “Складове и Стоки”,
7216,23,1,46927223,Платки - Green Innovation,Оптрони,,25.0,0.0,25.0,0.0,Y,0.224968427726336,M,0.224968427726336,M,в 08:59 през “Складове и Стоки”,
7216,24,1,46927223,3. Инструменти,Отвертка права 2.4х75,1459019554/071125/8,2.0,0.0,0.0,0.0,Y,3.21602593272421,M,3.21602593272421,M,в 09:00 през “Складове и Стоки”,
7221,0,1,46927223,3. Инструменти,Отвертка права 2.4х75,,2.0,0.0,2.0,0.0,Y,3.21602593272421,M,3.21602593272421,M,в 09:00 през “Складове и Стоки”,
7221,1,1,46927223,Кабели - Мрежови,"Кабел пач RJ45 екр. Cat.6 сив 0,5м",1469001851/020226/36,3.0,0.0,0.0,0.0,Y,0.92,M,0.92,M,в 09:00 през “Складове и Стоки”,
7221,2,1,46927223,Кабели - Мрежови,"Кабел пач RJ45 екр. Cat.6 сив 0,5м",,3.0,0.0,3.0,0.0,Y,0.899873710905345,M,0.899873710905345,M,в 09:00 през “Складове и Стоки”,
7221,3,1,46927223,Кабели - Мрежови,"Кабел пач RJ45 екр. Cat.6 сив 1,0м",1469001851/020226/37,2.0,0.0,0.0,0.0,Y,1.12,M,1.12,M,в 09:00 през “Складове и Стоки”,
7221,4,1,46927223,Кабели - Мрежови,"Кабел пач RJ45 екр. Cat.6 сив 1,0м",,2.0,0.0,2.0,0.0,Y,1.08393878813598,M,1.08393878813598,M,в 09:00 през “Складове и Стоки”,
7221,5,1,46927223,Платки - Green Innovation,Платка GI1LZDV8,19860/141125/1,4.0,0.0,0.0,0.0,Y,9.61228736648891,M,9.61228736648891,M,в 09:08 през “Складове и Стоки”,
7221,6,1,46927223,Платки - Green Innovation,Платка GI1LZDV8,,4.0,0.0,4.0,0.0,Y,9.61228736648891,M,9.61228736648891,M,в 09:08 през “Складове и Стоки”,
7221,7,1,46927223,Платки - Green Innovation,Платка GI1LZDV8-,20054/220126/3,12.0,0.0,0.0,0.0,Y,3.31,M,3.31,M,в 09:08 през “Складове и Стоки”,
7221,8,1,46927223,Платки - Green Innovation,Платка GI1LZDV8-,,12.0,0.0,12.0,0.0,Y,3.31,M,3.31,M,в 09:08 през “Складове и Стоки”,
7221,9,1,46927223,Платки - Green Innovation,Платка GI1OUT44,20062/230126,8.0,0.0,0.0,0.0,Y,10.23,M,10.23,M,в 09:08 през “Складове и Стоки”,
7221,10,1,46927223,Платки - Green Innovation,Платка GI1OUT44,,8.0,0.0,8.0,0.0,Y,10.23,M,10.23,M,в 09:08 през “Складове и Стоки”,
7221,11,1,46927223,Платки - Green Innovation,Платка GI1PWR02,19860/141125/2,4.0,0.0,0.0,0.0,Y,11.6012127843422,M,11.6012127843422,M,в 09:08 през “Складове и Стоки”,
7221,12,1,46927223,Платки - Green Innovation,Платка GI1PWR02,,4.0,0.0,4.0,0.0,Y,11.6012127843422,M,11.6012127843422,M,в 09:08 през “Складове и Стоки”,
7221,13,1,46927223,Платки - Green Innovation,Платка GI1PWR02-,20054/220126/2,8.0,0.0,0.0,0.0,Y,4.3,M,4.3,M,в 09:09 през “Складове и Стоки”,
7221,14,1,46927223,Платки - Green Innovation,Платка GI1PWR02-,,8.0,0.0,8.0,0.0,Y,4.3,M,4.3,M,в 09:09 през “Складове и Стоки”,
7221,15,1,46927223,Платки - Green Innovation,Платка GI1RS485,19860/141125/3,8.0,0.0,0.0,0.0,Y,6.6928107248585,M,6.6928107248585,M,в 09:09 през “Складове и Стоки”,
7221,16,1,46927223,Платки - Green Innovation,Платка GI1RS485,,8.0,0.0,8.0,0.0,Y,6.6928107248585,M,6.6928107248585,M,в 09:09 през “Складове и Стоки”,
7221,17,1,46927223,Платки - Green Innovation,Платка GI1TZDV8,19860/141125/4,18.0,0.0,0.0,0.0,Y,2.53600773073324,M,2.53600773073324,M,в 09:09 през “Складове и Стоки”,
7221,18,1,46927223,Платки - Green Innovation,Платка GI1TZDV8,,18.0,0.0,18.0,0.0,Y,2.53600773073324,M,2.53600773073324,M,в 09:09 през “Складове и Стоки”,
7221,19,1,46927223,Платки - Green Innovation,Платка GI1UZDV8,19860/141125/5,4.0,0.0,0.0,0.0,Y,9.47935147737789,M,9.47935147737789,M,в 09:09 през “Складове и Стоки”,
7221,20,1,46927223,Платки - Green Innovation,Платка GI1UZDV8,,4.0,0.0,4.0,0.0,Y,9.47935147737789,M,9.47935147737789,M,в 09:09 през “Складове и Стоки”,
7221,21,1,46927223,Платки - Green Innovation,Платка GI1UZDV8-,20054/220126/1,4.0,0.0,0.0,0.0,Y,4.23,M,4.23,M,в 09:09 през “Складове и Стоки”,
7221,22,1,46927223,Платки - Green Innovation,Платка GI1UZDV8-,,4.0,0.0,4.0,0.0,Y,4.23,M,4.23,M,в 09:09 през “Складове и Стоки”,
7221,23,1,46927223,Платки - Green Innovation,Платка HG1LED8,20104/290126,12.0,0.0,0.0,0.0,Y,5.26,M,5.26,M,в 09:09 през “Складове и Стоки”,
7221,24,1,46927223,Платки - Green Innovation,Платка HG1LED8,,12.0,0.0,12.0,0.0,Y,5.26,M,5.26,M,в 09:09 през “Складове и Стоки”,
7223,0,1,46927223,Клеми,"Пр. клема 2,5мм, сива, двуредна, YBK 2,5-2F",1459019733/101125/2,30.0,0.0,0.0,0.0,Y,1.13506797625561,M,1.13506797625561,M,в 09:10 през “Складове и Стоки”,
7223,1,1,46927223,Клеми,"Пр. клема 2,5мм, сива, двуредна, YBK 2,5-2F",,155.0,0.0,155.0,0.0,Y,1.15,M,1.15,M,в 09:10 през “Складове и Стоки”,
7223,2,1,46927223,Клеми,"Пр. клема 2,5мм, сива, двуредна, YBK 2,5-2F",1469001851/020226/8,75.0,0.0,0.0,0.0,Y,1.16,M,1.16,M,в 09:10 през “Складове и Стоки”,
7223,3,1,46927223,Клеми,"Пр. клема 2,5мм, сива, двуредна, YBK 2,5-2F",459020513/191125/2,50.0,0.0,0.0,0.0,Y,1.13506797625561,M,1.13506797625561,M,в 09:10 през “Складове и Стоки”,
7223,4,1,46927223,Клеми,"Пр. клема триредна, 2,5мм, YBK 2,5-3F",1459019733/101125/4,28.0,0.0,0.0,0.0,Y,1.57989191289632,M,1.57989191289632,M,в 09:10 през “Складове и Стоки”,
7223,5,1,46927223,Клеми,"Пр. клема триредна, 2,5мм, YBK 2,5-3F",,74.0,0.0,74.0,0.0,Y,1.59,M,1.59,M,в 09:10 през “Складове и Стоки”,
7223,6,1,46927223,Клеми,"Пр. клема триредна, 2,5мм, YBK 2,5-3F",1469001851/020226/11,20.0,0.0,0.0,0.0,Y,1.61,M,1.61,M,в 09:10 през “Складове и Стоки”,
7223,7,1,46927223,3. Инструменти,Преходник,263403/211025/2,1.0,0.0,0.0,0.0,Y,2.12697422577627,M,2.12697422577627,M,в 09:11 през “Складове и Стоки”,
7223,8,1,46927223,3. Инструменти,Преходник,,5.0,0.0,5.0,0.0,Y,2.12697422577627,M,2.12697422577627,M,в 09:11 през “Складове и Стоки”,
7223,9,1,46927223,3. Инструменти,Преходник,265835/031225/3,4.0,0.0,0.0,0.0,Y,2.12697422577627,M,2.12697422577627,M,в 09:11 през “Складове и Стоки”,
7223,10,1,46927223,Клеми,"Пружинна клема, YBK 6mm",1459019733/101125/6,23.0,0.0,0.0,0.0,Y,0.536856475256029,M,0.536856475256029,M,в 09:11 през “Складове и Стоки”,
7223,11,1,46927223,Клеми,"Пружинна клема, YBK 6mm",,48.0,0.0,48.0,0.0,Y,0.536856475256029,M,0.536856475256029,M,в 09:11 през “Складове и Стоки”,
7223,12,1,46927223,Платки - Green Innovation,Резистори 4.7K 5%,433867/131125/2,1000.0,0.0,0.0,0.0,Y,0.00511291881196219,M,0.00511291881196219,M,в 09:11 през “Складове и Стоки”,
7223,13,1,46927223,Платки - Green Innovation,Резистори 4.7K 5%,,1000.0,0.0,1000.0,0.0,Y,0.00511291881196219,M,0.00511291881196219,M,в 09:11 през “Складове и Стоки”,
7223,14,1,46927223,Релета,Реле мини тип PT 14 пина 4CO 230AC 6A,1459015834/170925/5,2.0,0.0,0.0,0.0,Y,4.74990157631287,M,4.74990157631287,M,в 09:12 през “Складове и Стоки”,
7223,15,1,46927223,Релета,Реле мини тип PT 14 пина 4CO 230AC 6A,,11.0,0.0,11.0,0.0,Y,4.74990157631287,M,4.74990157631287,M,в 09:12 през “Складове и Стоки”,
7223,16,1,46927223,Релета,Реле мини тип PT 14 пина 4CO 230AC 6A,pt154,9.0,0.0,0.0,0.0,Y,4.74990157631287,M,4.74990157631287,M,в 09:12 през “Складове и Стоки”,
7223,17,1,46927223,Клеми,Свързваща клема 2х0.2-4мм,1459019554/071125/2,100.0,0.0,0.0,0.0,Y,0.250533021786147,M,0.250533021786147,M,в 09:12 през “Складове и Стоки”,
7223,18,1,46927223,Клеми,Свързваща клема 2х0.2-4мм,,100.0,0.0,100.0,0.0,Y,0.250533021786147,M,0.250533021786147,M,в 09:12 през “Складове и Стоки”,
7223,19,1,46927223,Клеми,Свързваща клема 3х0.2-4мм,1459019554/071125/3,50.0,0.0,0.0,0.0,Y,0.306775128717731,M,0.306775128717731,M,в 09:12 през “Складове и Стоки”,
7223,20,1,46927223,Клеми,Свързваща клема 3х0.2-4мм,,50.0,0.0,50.0,0.0,Y,0.306775128717731,M,0.306775128717731,M,в 09:12 през “Складове и Стоки”,
7223,21,1,46927223,Клеми,Свързваща клема 5х0.2-4мм,1459019554/071125/4,25.0,0.0,0.0,0.0,Y,0.495953124760332,M,0.495953124760332,M,в 09:12 през “Складове и Стоки”,
7223,22,1,46927223,Клеми,Свързваща клема 5х0.2-4мм,,25.0,0.0,25.0,0.0,Y,0.495953124760332,M,0.495953124760332,M,в 09:12 през “Складове и Стоки”,
7224,0,1,46927223,"Кабелни накрайници, обувки",Съединители,432681/281025/4,100.0,0.0,0.0,0.0,Y,0.11759713267513,M,0.11759713267513,M,в 09:13 през “Складове и Стоки”,
7224,1,1,46927223,"Кабелни накрайници, обувки",Съединители,,100.0,0.0,100.0,0.0,Y,0.11759713267513,M,0.11759713267513,M,в 09:13 през “Складове и Стоки”,
7224,2,1,46927223,"Кабелни накрайници, обувки",Съединители 1,433867/131125/1,50.0,0.0,0.0,0.0,Y,0.194290914854563,M,0.194290914854563,M,в 09:13 през “Складове и Стоки”,
7224,3,1,46927223,"Кабелни накрайници, обувки",Съединители 1,,50.0,0.0,50.0,0.0,Y,0.194290914854563,M,0.194290914854563,M,в 09:13 през “Складове и Стоки”,
7224,4,1,46927223,"Кабелни накрайници, обувки",Съединители 2,433309/061125/4,50.0,0.0,0.0,0.0,Y,0.153387564358866,M,0.153387564358866,M,в 09:13 през “Складове и Стоки”,
7224,5,1,46927223,"Кабелни накрайници, обувки",Съединители 2,,50.0,0.0,50.0,0.0,Y,0.153387564358866,M,0.153387564358866,M,в 09:13 през “Складове и Стоки”,
7224,6,1,46927223,"Кабелни накрайници, обувки",Съединители 3,434394/211125/3,1000.0,0.0,0.0,0.0,Y,0.0153387564358866,M,0.0153387564358866,M,в 09:13 през “Складове и Стоки”,
7224,7,1,46927223,"Кабелни накрайници, обувки",Съединители 3,,1000.0,0.0,1000.0,0.0,Y,0.0153387564358866,M,0.0153387564358866,M,в 09:13 през “Складове и Стоки”,
7224,8,1,46927223,"Кабелни накрайници, обувки",Съединители 4,434394/211125/4,200.0,0.0,0.0,0.0,Y,0.0306775128717731,M,0.0306775128717731,M,в 09:14 през “Складове и Стоки”,
7224,9,1,46927223,"Кабелни накрайници, обувки",Съединители 4,,200.0,0.0,200.0,0.0,Y,0.0306775128717731,M,0.0306775128717731,M,в 09:14 през “Складове и Стоки”,
7224,10,1,46927223,2. Корпуси,"Табло с 2 врати, 1200х1200х300",1469000014/050126/6,1.0,0.0,0.0,0.0,Y,369.63,M,369.63,M,в 09:14 през “Складове и Стоки”,
7224,11,1,46927223,2. Корпуси,"Табло с 2 врати, 1200х1200х300",,2.0,0.0,2.0,0.0,Y,369.63,M,369.63,M,в 09:14 през “Складове и Стоки”,
7224,12,1,46927223,2. Корпуси,"Табло с 2 врати, 1200х1200х300",1469001851/020226/3,1.0,0.0,0.0,0.0,Y,369.63,M,369.63,M,в 09:14 през “Складове и Стоки”,
7224,13,1,46927223,2. Корпуси,Табло с монт. пл. 1200х800х300,1469000014/050126/1,1.0,0.0,0.0,0.0,Y,242.06,M,242.06,M,в 09:15 през “Складове и Стоки”,
7224,14,1,46927223,2. Корпуси,Табло с монт. пл. 1200х800х300,,1.0,0.0,1.0,0.0,Y,242.06,M,242.06,M,в 09:15 през “Складове и Стоки”,
7224,15,1,46927223,Релета,Реле термично за контактор 12 - 16А размер 0,1469000014/050126/2,2.0,0.0,0.0,0.0,Y,20.65,M,20.65,M,в 09:15 през “Складове и Стоки”,
7224,16,1,46927223,Релета,Реле термично за контактор 12 - 16А размер 0,,3.0,0.0,3.0,0.0,Y,20.65,M,20.65,M,в 09:15 през “Складове и Стоки”,
7224,17,1,46927223,Релета,Реле термично за контактор 12 - 16А размер 0,1469001851/020226/26,1.0,0.0,0.0,0.0,Y,20.65,M,20.65,M,в 09:15 през “Складове и Стоки”,
7224,18,1,46927223,Релета,Реле термично за контактор 24 - 32А размер 1,1469001851/020226/39,1.0,0.0,0.0,0.0,Y,35.2,M,35.2,M,в 09:16 през “Складове и Стоки”,
7224,19,1,46927223,Релета,Реле термично за контактор 24 - 32А размер 1,,1.0,0.0,1.0,0.0,Y,35.2,M,35.2,M,в 09:16 през “Складове и Стоки”,
7224,20,1,46927223,Релета,Реле термично 4 - 6А размер 0,1469001851/020226/25,1.0,0.0,0.0,0.0,Y,17.76,M,17.76,M,в 09:16 през “Складове и Стоки”,
7224,21,1,46927223,Релета,Реле термично 4 - 6А размер 0,,1.0,0.0,1.0,0.0,Y,17.76,M,17.76,M,в 09:16 през “Складове и Стоки”,
7224,22,1,46927223,Сензори,"Термодвойка тип К1300, 150мм.",24295/141025,2.0,0.0,0.0,0.0,Y,32.615189,M,32.615189,M,в 09:16 през “Складове и Стоки”,
7224,23,1,46927223,Сензори,"Термодвойка тип К1300, 150мм.",,2.0,0.0,2.0,0.0,Y,32.615189,M,32.615189,M,в 09:16 през “Складове и Стоки”,
7226,0,1,46927223,Други (Електроника),Торморегулатор REX C100 SSR,2025Y06M,2.0,0.0,0.0,0.0,Y,17.041296,M,17.041296,M,в 09:16 през “Складове и Стоки”,
7226,1,1,46927223,Други (Електроника),Торморегулатор REX C100 SSR,,2.0,0.0,2.0,0.0,Y,17.041296,M,17.041296,M,в 09:16 през “Складове и Стоки”,
7226,2,1,46927223,Други (Електроника),Трансмитер с галванично разделяне,,17.0,0.0,16.0,0.0,Y,113.50638,M,113.50638,M,в 09:17 през “Складове и Стоки”,
7226,3,1,46927223,Други (Електроника),Ф2.5 21L2K1T25 R42,12345,3.0,0.0,0.0,0.0,Y,0.0,L,0.0,M,в 09:17 през “Складове и Стоки”,
7226,4,1,46927223,Други (Електроника),Ф2.5 21L2K1T25 R42,,3.0,0.0,3.0,0.0,Y,0.0,L,0.0,M,в 09:17 през “Складове и Стоки”,
7226,5,1,46927223,Други (Електроника),Ф3.0 21L2K1T30 P08,123456,1.0,0.0,0.0,0.0,Y,0.0,L,0.0,M,в 09:17 през “Складове и Стоки”,
7226,6,1,46927223,Други (Електроника),Ф3.0 21L2K1T30 P08,,1.0,0.0,1.0,0.0,Y,0.0,L,0.0,M,в 09:17 през “Складове и Стоки”,
7226,7,1,46927223,Платки - Green Innovation,Цокли М8,429962/150925,240.0,0.0,0.0,0.0,Y,0.194290914854563,M,0.194290914854563,M,в 09:17 през “Складове и Стоки”,
7226,8,1,46927223,Платки - Green Innovation,Цокли М8,,240.0,0.0,240.0,0.0,Y,0.194290914854563,M,0.194290914854563,M,в 09:17 през “Складове и Стоки”,
7226,9,1,46927223,Платки - Green Innovation,Цокъл  М16,434394/211125/2,150.0,0.0,0.0,0.0,Y,0.322113885153618,M,0.322113885153618,M,в 09:17 през “Складове и Стоки”,
7226,10,1,46927223,Платки - Green Innovation,Цокъл  М16,,150.0,0.0,150.0,0.0,Y,0.322113885153618,M,0.322113885153618,M,в 09:17 през “Складове и Стоки”,
7226,11,1,46927223,Релета,"Цокъл за реле RS/PT5 4CO, винт.кл. 10А",1459019939/121125/14,10.0,0.0,0.0,0.0,Y,1.86,M,1.86,M,в 09:18 през “Складове и Стоки”,
7226,12,1,46927223,Релета,"Цокъл за реле RS/PT5 4CO, винт.кл. 10А",,30.0,0.0,30.0,0.0,Y,1.86,M,1.86,M,в 09:18 през “Складове и Стоки”,
7226,13,1,46927223,Релета,"Цокъл за реле RS/PT5 4CO, винт.кл. 10А",1469001851/020226/33,20.0,0.0,0.0,0.0,Y,1.86,M,1.86,M,в 09:18 през “Складове и Стоки”,
7226,14,1,46927223,Шини (Електроника),"Шина нулева/земя месинг. 166 изх., 1m, 10mm, 40А",1469001851/020226/34,1.0,0.0,0.0,0.0,Y,14.67,M,14.67,M,в 09:18 през “Складове и Стоки”,
7226,15,1,46927223,Шини (Електроника),"Шина нулева/земя месинг. 166 изх., 1m, 10mm, 40А",,1.0,0.0,1.0,0.0,Y,14.67,M,14.67,M,в 09:18 през “Складове и Стоки”,
7226,16,1,46927223,Захранвания,Захранване за DIN шина SDR-120-24 24V/5A,661/181125/2,1.0,0.0,0.0,0.0,Y,44.87,M,44.87,M,в 09:19 през “Складове и Стоки”,
7226,17,1,46927223,Захранвания,Захранване за DIN шина SDR-120-24 24V/5A,,1.0,0.0,1.0,0.0,Y,44.87,M,44.87,M,в 09:19 през “Складове и Стоки”,
7226,18,1,46927223,Платки - Green Innovation,"Захранващо устройство, SDR-240-24",661/181125/3,1.0,0.0,0.0,0.0,Y,92.0325386153193,M,92.0325386153193,M,в 09:19 през “Складове и Стоки”,
7226,19,1,46927223,Платки - Green Innovation,"Захранващо устройство, SDR-240-24",,1.0,0.0,2.0,0.0,Y,92.0325386153193,M,92.0325386153193,M,в 10:39 през “Складове и Стоки”,
7226,20,1,46927223,"Прекъсвачи, Предпазители",Предпазител LQA01230 16А,090925/14,9.0,0.0,0.0,0.0,Y,0.0,L,0.0,M,в 09:20 през “Складове и Стоки”,
7226,21,1,46927223,"Прекъсвачи, Предпазители",Предпазител LQA01230 16А,,9.0,0.0,9.0,0.0,Y,0.0,L,0.0,M,в 09:20 през “Складове и Стоки”,
7226,22,1,46927223,"Прекъсвачи, Предпазители",Прекъсвач мин.авт. C 32/1 6kA,BMS6,4.0,0.0,0.0,0.0,Y,0.511291881196218,M,0.511291881196218,M,в 09:20 през “Складове и Стоки”,
7226,23,1,46927223,"Прекъсвачи, Предпазители",Прекъсвач мин.авт. C 32/1 6kA,,4.0,0.0,4.0,0.0,Y,0.511291881196218,M,0.511291881196218,M,в 09:20 през “Складове и Стоки”,
7226,24,1,46927223,"Прекъсвачи, Предпазители",Прекъсвач (C20/3),201025/6,2.0,0.0,0.0,0.0,Y,0.0,L,0.0,M,в 09:21 през “Складове и Стоки”,
7230,0,1,46927223,"Прекъсвачи, Предпазители",Прекъсвач (C20/3),,2.0,0.0,2.0,0.0,Y,0.0,L,0.0,M,в 09:21 през “Складове и Стоки”,
7230,1,1,46927223,"Прекъсвачи, Предпазители",Прекъсвач (C43),181225/6,4.0,0.0,0.0,0.0,Y,0.0,L,0.0,M,в 09:21 през “Складове и Стоки”,
7230,2,1,46927223,"Прекъсвачи, Предпазители",Прекъсвач (C43),,4.0,0.0,4.0,0.0,Y,0.0,L,0.0,M,в 09:21 през “Складове и Стоки”,
7230,3,1,46927223,"Прекъсвачи, Предпазители",Прекъсвач (C63/3),181225/6,1.0,0.0,0.0,0.0,Y,0.0,L,0.0,M,в 09:21 през “Складове и Стоки”,
7230,4,1,46927223,"Прекъсвачи, Предпазители",Прекъсвач (C63/3),,1.0,0.0,1.0,0.0,Y,0.0,L,0.0,M,в 09:21 през “Складове и Стоки”,
7230,5,1,46927223,"Прекъсвачи, Предпазители","Прекъсвач (MCB 10kA,  D10/3)",1469001851/020226/31,1.0,0.0,0.0,0.0,Y,10.49,M,10.49,M,в 09:21 през “Складове и Стоки”,
7230,6,1,46927223,"Прекъсвачи, Предпазители","Прекъсвач (MCB 10kA,  D10/3)",,2.0,0.0,2.0,0.0,Y,10.49,M,10.49,M,в 09:21 през “Складове и Стоки”,
7230,7,1,46927223,"Прекъсвачи, Предпазители","Прекъсвач (MCB 10kA,  D10/3)",220126/1,1.0,0.0,0.0,0.0,Y,10.49,M,10.49,M,в 09:21 през “Складове и Стоки”,
7230,8,1,46927223,"Прекъсвачи, Предпазители",Прекъсвач мин.авт. AMPARO 10kA D 16A 3P,1469000014/050126/3,1.0,0.0,0.0,0.0,Y,10.49,M,10.49,M,в 09:21 през “Складове и Стоки”,
7230,9,1,46927223,"Прекъсвачи, Предпазители",Прекъсвач мин.авт. AMPARO 10kA D 16A 3P,,2.0,0.0,2.0,0.0,Y,10.49,M,10.49,M,в 09:21 през “Складове и Стоки”,
7230,10,1,46927223,"Прекъсвачи, Предпазители",Прекъсвач мин.авт. AMPARO 10kA D 16A 3P,1469001851/020226/30,1.0,0.0,0.0,0.0,Y,10.49,M,10.49,M,в 09:21 през “Складове и Стоки”,
7230,11,1,46927223,"Прекъсвачи, Предпазители",Прекъсвач мин.авт. AMPARO 10kA D 20A 3P,1469000014/050126/4,2.0,0.0,0.0,0.0,Y,10.67,M,10.67,M,в 09:22 през “Складове и Стоки”,
7230,12,1,46927223,"Прекъсвачи, Предпазители",Прекъсвач мин.авт. AMPARO 10kA D 20A 3P,,2.0,0.0,2.0,0.0,Y,10.67,M,10.67,M,в 09:22 през “Складове и Стоки”,
7230,13,1,46927223,"Прекъсвачи, Предпазители",Прекъсвач мин.авт. AMPARO 10kA D 25A 3P,1469001851/020226/29,1.0,0.0,0.0,0.0,Y,10.67,M,10.67,M,в 09:22 през “Складове и Стоки”,
7230,14,1,46927223,"Прекъсвачи, Предпазители",Прекъсвач мин.авт. AMPARO 10kA D 25A 3P,,1.0,0.0,1.0,0.0,Y,10.67,M,10.67,M,в 09:22 през “Складове и Стоки”,
7230,15,1,46927223,Релета,Времереле 24-240V AC/DC 1CO 8А/250V,1459017125/061025,1.0,0.0,0.0,0.0,Y,27.0166630024082,M,27.0166630024082,M,в 09:22 през “Складове и Стоки”,
7230,16,1,46927223,Релета,Времереле 24-240V AC/DC 1CO 8А/250V,,1.0,0.0,1.0,0.0,Y,27.0166630024082,M,27.0166630024082,M,в 09:22 през “Складове и Стоки”,
7230,17,1,46927223,Релета,Цокъл за реле (PT YP 6A/250V AC),120126/6,4.0,0.0,0.0,0.0,Y,3.492111,M,3.492111,M,в 09:22 през “Складове и Стоки”,
7230,18,1,46927223,Релета,Цокъл за реле (PT YP 6A/250V AC),,4.0,0.0,4.0,0.0,Y,3.492111,M,3.492111,M,в 09:22 през “Складове и Стоки”,
7230,19,1,46927223,4. Услуги,Delivery - Compensator DN 40 304/321 POL. PN 1-,,1.0,0.0,0.0,0.0,Y,50.9553488800151,M,50.9553488800151,M,в 09:37 през “Складове и Стоки”,
7230,20,1,46927223,4. Услуги,Delivery parts,,1.0,0.0,0.0,0.0,Y,0.0,L,0.0,M,в 09:37 през “Складове и Стоки”,
7230,21,1,46927223,4. Услуги,"Буферен съд 100л, ф500 верт.",,1.0,0.0,0.0,0.0,Y,532.5958,M,532.5958,M,в 09:37 през “Складове и Стоки”,
7230,22,1,46927223,4. Услуги,Вода 1,,1.0,0.0,0.0,0.0,Y,2.50533021786147,M,2.50533021786147,M,в 09:37 през “Складове и Стоки”,
7230,23,1,46927223,4. Услуги,"Лазерно рязане Патлиджански големи, перф. лам.",,1.0,0.0,0.0,0.0,Y,6.39114851495273,M,6.39114851495273,M,в 09:37 през “Складове и Стоки”,
7230,24,1,46927223,4. Услуги,"Лазерно рязане Патлиджански малки, перф. лам.",,1.0,0.0,0.0,0.0,Y,1.53387564358866,M,1.53387564358866,M,в 09:37 през “Складове и Стоки”,
7231,0,1,46927223,4. Услуги,Обработка на полиамид,,1.0,0.0,0.0,0.0,Y,0.0,L,0.0,M,в 09:37 през “Складове и Стоки”,
7231,1,1,46927223,4. Услуги,Рязане на метал (НИРСТРОЙ),,1.0,0.0,0.0,0.0,Y,0.0,L,0.0,M,в 09:38 през “Складове и Стоки”,
7231,2,1,46927223,4. Услуги,Транспорт (Филипекс),,1.0,0.0,0.0,0.0,Y,0.0,L,0.0,M,в 09:38 през “Складове и Стоки”,
7231,3,1,46927223,Шини (Електроника),DIN-релса за модулна апаратура перфорирана 1m,1459015258/090925/2,1.0,0.0,0.0,0.0,Y,1.252661,M,1.252661,M,в 13:59 през “Складове и Стоки”,
7231,4,1,46927223,Шини (Електроника),DIN-релса за модулна апаратура перфорирана 1m,,1.0,0.0,1.0,0.0,Y,1.252661,M,1.252661,M,в 13:59 през “Складове и Стоки”,
7231,5,1,46927223,Шини (Електроника),DIN-релса за модулна апаратура перфорирана 2m,1469001851/020226/4,4.0,0.0,0.0,0.0,Y,1.655,M,1.655,M,в 14:00 през “Складове и Стоки”,
7231,6,1,46927223,Шини (Електроника),DIN-релса за модулна апаратура перфорирана 2m,,4.0,0.0,4.0,0.0,Y,2.36,M,2.36,M,в 14:00 през “Складове и Стоки”,
7231,7,1,46927223,3. Метални Елементи,Винкел ГВ 40/40/3,134462/191125/1,12.0,0.0,0.0,0.0,Y,1.978692,M,1.978692,M,в 14:00 през “Складове и Стоки”,
7231,8,1,46927223,3. Метални Елементи,Винкел ГВ 40/40/3,,12.0,0.0,12.0,0.0,Y,6.72,M,6.72,M,в 14:00 през “Складове и Стоки”,
7231,9,1,46927223,3. Метални Елементи,"Профилна тръба Е3 25х25х1,5",134250/121125/2,18.0,0.0,0.0,0.0,Y,1.31,M,1.31,M,в 14:00 през “Складове и Стоки”,
7231,10,1,46927223,3. Метални Елементи,"Профилна тръба Е3 25х25х1,5",,18.0,0.0,18.0,0.0,Y,5.2,M,5.2,M,в 14:00 през “Складове и Стоки”,
7231,11,1,46927223,3. Метални Елементи,Профилна тръба ЕЗ 100х40х3,132017/28082025,3.4,0.0,0.0,0.0,Y,5.88,M,5.88,M,в 14:00 през “Складове и Стоки”,
7231,12,1,46927223,3. Метални Елементи,Профилна тръба ЕЗ 100х40х3,,3.4,0.0,3.4,0.0,Y,5.879835,M,5.879835,M,в 14:00 през “Складове и Стоки”,
7231,13,1,46927223,3. Метални Елементи,Профилна тръба ЕЗ 15х15х3,134250/121125/1,18.0,0.0,0.0,0.0,Y,1.24,M,1.24,M,в 14:00 през “Складове и Стоки”,
7231,14,1,46927223,3. Метални Елементи,Профилна тръба ЕЗ 15х15х3,,18.0,0.0,18.0,0.0,Y,1.237322,M,1.237322,M,в 14:00 през “Складове и Стоки”,
7231,15,1,46927223,3. Метални Елементи,"Профилна тръба ЕЗ 30х30х1,5",28082025/10,53.0,0.0,0.0,0.0,Y,1.16,M,1.16,M,в 14:01 през “Складове и Стоки”,
7231,16,1,46927223,3. Метални Елементи,"Профилна тръба ЕЗ 30х30х1,5",,53.0,0.0,53.0,0.0,Y,2.58406,M,2.58406,M,в 14:01 през “Складове и Стоки”,
7231,17,1,46927223,3. Метални Елементи,Профилна тръба ЕЗ 40х20х2,28082025/11,5.93,0.0,0.0,0.0,Y,0.0,L,0.0,M,в 14:01 през “Складове и Стоки”,
7231,18,1,46927223,3. Метални Елементи,Профилна тръба ЕЗ 40х20х2,,5.93,0.0,5.93,0.0,Y,1.953128,M,1.953128,M,в 14:01 през “Складове и Стоки”,
7231,19,1,46927223,3. Метални Елементи,Профилна тръба ЕЗ 40х40х2,134250/121125/3,30.0,0.0,0.0,0.0,Y,2.13,M,2.13,M,в 14:01 през “Складове и Стоки”,
7231,20,1,46927223,3. Метални Елементи,Профилна тръба ЕЗ 40х40х2,,30.0,0.0,30.0,0.0,Y,2.132079,M,2.132079,M,в 14:01 през “Складове и Стоки”,
7231,21,1,46927223,3. Метални Елементи,Профилна тръба ЕЗ 50х50х2,28082025/13,90.0,0.0,0.0,0.0,Y,2.48,M,2.48,M,в 14:01 през “Складове и Стоки”,
7231,22,1,46927223,3. Метални Елементи,Профилна тръба ЕЗ 50х50х2,,90.0,0.0,90.0,0.0,Y,2.478979,M,2.478979,M,в 14:01 през “Складове и Стоки”,
7237,0,1,46927223,3. Метални Елементи,Профилна тръба ЕЗ 60х60х2,28082025/14,19.5,0.0,0.0,0.0,Y,2.67,M,2.67,M,в 14:01 през “Складове и Стоки”,
7237,1,1,46927223,3. Метални Елементи,Профилна тръба ЕЗ 60х60х2,,19.5,0.0,19.5,0.0,Y,2.670207,M,2.670207,M,в 14:01 през “Складове и Стоки”,
7237,2,1,46927223,1.1.2. Крепежи (Електролизьор),Гайка шест. 8.8 M56x4,230126/1,20.0,0.0,0.0,0.0,Y,16.616925,M,16.616925,M,в 14:02 през “Складове и Стоки”,
7237,3,1,46927223,1.1.2. Крепежи (Електролизьор),Гайка шест. 8.8 M56x4,,20.0,0.0,20.0,0.0,Y,16.62,M,16.62,M,в 14:02 през “Складове и Стоки”,
7237,4,1,46927223,1.1.1. Части (Електролизьор),Гумен лист EPDM 6/1200мм,192741/031025,4.0,0.0,0.0,0.0,Y,55.219524,M,55.219524,M,в 14:02 през “Складове и Стоки”,
7237,5,1,46927223,1.1.1. Части (Електролизьор),Гумен лист EPDM 6/1200мм,,4.0,0.0,4.0,0.0,Y,55.219524,M,55.219524,M,в 14:02 през “Складове и Стоки”,
7237,6,1,46927223,1.1.1. Части (Електролизьор),Мембрани (Composite Membrane) 1х1м,VMA20250921/141025/2,480.0,0.0,0.0,0.0,Y,132.42,$,132.42,$,в 14:02 през “Складове и Стоки”,
7237,7,1,46927223,1.1.1. Части (Електролизьор),Мембрани (Composite Membrane) 1х1м,,480.0,0.0,480.0,0.0,Y,132.42,$,132.42,$,в 14:02 през “Складове и Стоки”,
7237,8,1,46927223,1.1.1. Части (Електролизьор),Ламарина кръг 1060мм 316L 3мм,140126/1,32.0,0.0,0.0,0.0,Y,1.0,M,1.0,M,в 14:02 през “Складове и Стоки”,
7237,9,1,46927223,1.1.1. Части (Електролизьор),Ламарина кръг 1060мм 316L 3мм,,32.0,0.0,32.0,0.0,Y,1.0,M,1.0,M,в 14:02 през “Складове и Стоки”,
7237,10,1,46927223,1.1.1. Части (Електролизьор),Плетена мрежа  INOX AISI 316L H 1000мм,120126/7,239.0,0.0,0.0,0.0,Y,0.0,L,0.0,M,в 14:03 през “Складове и Стоки”,
7237,11,1,46927223,1.1.1. Части (Електролизьор),Плетена мрежа  INOX AISI 316L H 1000мм,,239.0,0.0,239.0,0.0,Y,0.0,L,0.0,M,в 14:03 през “Складове и Стоки”,
7237,12,1,46927223,1.1.1. Части (Електролизьор),Плочa PP 500x500x20мм,4033/171125,6.0,0.0,0.0,0.0,Y,53.68545,M,53.68545,M,в 14:04 през “Складове и Стоки”,
7237,13,1,46927223,1.1.1. Части (Електролизьор),Плочa PP 500x500x20мм,,8.0,0.0,4.0,0.0,Y,53.68545,M,53.68545,M,в 14:04 през “Складове и Стоки”,
7237,14,1,46927223,1.1.1. Части (Електролизьор),Плочa PP 500x500x20мм,4046/121225,2.0,0.0,0.0,0.0,Y,53.68545,M,53.68545,M,в 14:04 през “Складове и Стоки”,
7237,15,1,46927223,1.1.2. Крепежи (Електролизьор),Ринг гайка DIN582 C15 vZn M24,10527933/101125,4.0,0.0,0.0,0.0,Y,3.885804,M,3.885804,M,в 14:05 през “Складове и Стоки”,
7237,16,1,46927223,1.1.2. Крепежи (Електролизьор),Ринг гайка DIN582 C15 vZn M24,,4.0,0.0,4.0,0.0,Y,3.885804,M,3.885804,M,в 14:05 през “Складове и Стоки”,
7237,17,1,46927223,1.1.1. Части (Електролизьор),Тефлонов лист 1200х1200х1мм,120126/4,28.0,0.0,0.0,0.0,Y,108.383254,M,108.383254,M,в 14:05 през “Складове и Стоки”,
7237,18,1,46927223,1.1.1. Части (Електролизьор),Тефлонов лист 1200х1200х1мм,,28.0,0.0,28.0,0.0,Y,108.38,M,108.38,M,в 14:05 през “Складове и Стоки”,
7237,19,1,46927223,1.1.2. Крепежи (Електролизьор),Шайба подложна DIN125A vZn M56,300126/4,20.0,0.0,0.0,0.0,Y,170.438521,M,170.438521,M,в 14:05 през “Складове и Стоки”,
7237,20,1,46927223,1.1.2. Крепежи (Електролизьор),Шайба подложна DIN125A vZn M56,,20.0,0.0,20.0,0.0,Y,170.44,M,170.44,M,в 14:05 през “Складове и Стоки”,
7237,21,1,46927223,1.1.2. Крепежи (Електролизьор),Шпилка 5.5 М56х4,300126/2,27.0,0.0,0.0,0.0,Y,176.9,M,176.9,M,в 14:06 през “Складове и Стоки”,
7237,22,1,46927223,1.1.2. Крепежи (Електролизьор),Шпилка 5.5 М56х4,,27.0,0.0,27.0,0.0,Y,176.9,M,176.9,M,в 14:06 през “Складове и Стоки”,
7243,0,1,46927223,1.1.2. Крепежи (Електролизьор),Шпилка 4.5 М56х4,300126/3,3.0,0.0,0.0,0.0,Y,176.90634,M,176.90634,M,в 14:06 през “Складове и Стоки”,
7243,1,1,46927223,1.1.2. Крепежи (Електролизьор),Шпилка 4.5 М56х4,,3.0,0.0,3.0,0.0,Y,176.91,M,176.91,M,в 14:06 през “Складове и Стоки”,
7243,2,1,46927223,Кабелни Канали,T-образно разклонение за кабелна скара 60х202mm,47571/151025/6,1.0,0.0,0.0,0.0,Y,6.68258488723458,M,6.68258488723458,M,в 14:45 през “Складове и Стоки”,
7243,3,1,46927223,Кабелни Канали,T-образно разклонение за кабелна скара 60х202mm,,1.0,0.0,1.0,0.0,Y,6.68256,M,6.68256,M,в 14:45 през “Складове и Стоки”,
7243,4,1,46927223,Кабелни Канали,T-разклонение за кабелна скара 60х202mm с неперф,47571/151025/5,1.0,0.0,0.0,0.0,Y,16.0545650695613,M,16.0545650695613,M,в 14:45 през “Складове и Стоки”,
7243,5,1,46927223,Кабелни Канали,T-разклонение за кабелна скара 60х202mm с неперф,,1.0,0.0,1.0,0.0,Y,16.054506,M,16.054506,M,в 14:45 през “Складове и Стоки”,
7243,6,1,46927223,Кабелни Канали,Вертканел ъгъл понижаващ 60х152mm с неперфориран,290126/1,1.0,0.0,0.0,0.0,Y,16.074958,M,16.074958,M,в 14:46 през “Складове и Стоки”,
7243,7,1,46927223,Кабелни Канали,Вертканел ъгъл понижаващ 60х152mm с неперфориран,,1.0,0.0,1.0,0.0,Y,16.074958,M,16.074958,M,в 14:46 през “Складове и Стоки”,
7243,8,1,46927223,Кабелни Канали,Вертканел ъгъл понижаващ 60х202mm с неперфориран,47571/151025/8,3.0,0.0,0.0,0.0,Y,16.739635,M,16.739635,M,в 14:46 през “Складове и Стоки”,
7243,9,1,46927223,Кабелни Канали,Вертканел ъгъл понижаващ 60х202mm с неперфориран,,3.0,0.0,3.0,0.0,Y,16.739635,M,16.739635,M,в 14:46 през “Складове и Стоки”,
7243,10,1,46927223,Кабелни Канали,Кабелна скара 60х150х3000мм.,47914/041125/2,2.0,0.0,0.0,0.0,Y,4.985078,M,4.985078,M,в 14:46 през “Складове и Стоки”,
7243,11,1,46927223,Кабелни Канали,Кабелна скара 60х150х3000мм.,,2.0,0.0,2.0,0.0,Y,5.14,M,5.14,M,в 14:46 през “Складове и Стоки”,
7243,12,1,46927223,Кабелни Канали,Кабелна скара перфорирана с интегриран съедините,47571/151025/1,3.0,0.0,0.0,0.0,Y,4.320401,M,4.320401,M,в 14:46 през “Складове и Стоки”,
7243,13,1,46927223,Кабелни Канали,Кабелна скара перфорирана с интегриран съедините,,3.0,0.0,3.0,0.0,Y,4.32,M,4.32,M,в 14:46 през “Складове и Стоки”,
7243,14,1,46927223,Кабелни Канали,"Кабелна скара, перф.,с интегр. съед. 60х200х3000",47571/151025/2,5.0,0.0,0.0,0.0,Y,5.603738,M,5.603738,M,в 14:46 през “Складове и Стоки”,
7243,15,1,46927223,Кабелни Канали,"Кабелна скара, перф.,с интегр. съед. 60х200х3000",,5.0,0.0,5.0,0.0,Y,5.603738,M,5.603738,M,в 14:46 през “Складове и Стоки”,
7243,16,1,46927223,Кабелни Канали,"Кабелна стълба 60x200x3000mm t=1,5mm",47571/151025/11,3.0,0.0,0.0,0.0,Y,8.881107,M,8.881107,M,в 14:47 през “Складове и Стоки”,
7243,17,1,46927223,Кабелни Канали,"Кабелна стълба 60x200x3000mm t=1,5mm",,3.0,0.0,3.0,0.0,Y,8.881107,M,8.881107,M,в 14:47 през “Складове и Стоки”,
7243,18,1,46927223,Кабелни Канали,Капак за T-образно разклонение за кабелна скара,280126/1,1.0,0.0,0.0,0.0,Y,8.206205,M,8.206205,M,в 14:47 през “Складове и Стоки”,
7243,19,1,46927223,Кабелни Канали,Капак за T-образно разклонение за кабелна скара,,1.0,0.0,1.0,0.0,Y,8.206205,M,8.206205,M,в 14:47 през “Складове и Стоки”,
7243,20,1,46927223,Кабелни Канали,Капак за ъгъл 90° за кабелна скара,280126/2,2.0,0.0,0.0,0.0,Y,11.550041,M,11.550041,M,в 14:48 през “Складове и Стоки”,
7245,0,1,46927223,Кабелни Канали,Капак за ъгъл 90° за кабелна скара,,2.0,0.0,2.0,0.0,Y,11.550041,M,11.550041,M,в 14:48 през “Складове и Стоки”,
7245,1,1,46927223,Кабелни Канали,Капак за ъгъл 90° за кабелна скара 100,280126/4,6.0,0.0,0.0,0.0,Y,2.183208,M,2.183208,M,в 14:48 през “Складове и Стоки”,
7245,2,1,46927223,Кабелни Канали,Капак за ъгъл 90° за кабелна скара 100,,6.0,0.0,6.0,0.0,Y,2.183208,M,2.183208,M,в 14:48 през “Складове и Стоки”,
7245,3,1,46927223,Кабелни Канали,"Капак за ъгъл 90° за кабелна скара широчина 105,",280126/3,1.0,0.0,0.0,0.0,Y,4.985078,M,4.985078,M,в 14:48 през “Складове и Стоки”,
7245,4,1,46927223,Кабелни Канали,"Капак за ъгъл 90° за кабелна скара широчина 105,",,1.0,0.0,1.0,0.0,Y,4.985078,M,4.985078,M,в 14:48 през “Складове и Стоки”,
7245,5,1,46927223,Кабелни Канали,"Стенна конзола 90x610mm 2,5kN",47571/151025/3,8.0,0.0,0.0,0.0,Y,6.017883,M,6.017883,M,в 14:48 през “Складове и Стоки”,
7245,6,1,46927223,Кабелни Канали,"Стенна конзола 90x610mm 2,5kN",,8.0,0.0,8.0,0.0,Y,6.07,M,6.07,M,в 14:48 през “Складове и Стоки”,
7245,7,1,46927223,Кабелни Канали,Фуния за кабелна скара напречна 60х150mm,47571/151025/10,3.0,0.0,0.0,0.0,Y,38.305847,M,38.305847,M,в 14:48 през “Складове и Стоки”,
7245,8,1,46927223,Кабелни Канали,Фуния за кабелна скара напречна 60х150mm,,3.0,0.0,3.0,0.0,Y,38.305847,M,38.305847,M,в 14:48 през “Складове и Стоки”,
7245,9,1,46927223,Кабелни Канали,Фуния за кабелна скара напречна 60х200mm,47571/151025/9,7.0,0.0,0.0,0.0,Y,39.098346,M,39.098346,M,в 14:49 през “Складове и Стоки”,
7245,10,1,46927223,Кабелни Канали,Фуния за кабелна скара напречна 60х200mm,,7.0,0.0,7.0,0.0,Y,39.098346,M,39.098346,M,в 14:49 през “Складове и Стоки”,
7245,11,1,46927223,Кабелни Канали,Ъгъл 90° за кабелна скара 60х202mm с неперфорира,47571/151025/4,1.0,0.0,0.0,0.0,Y,8.906672,M,8.906672,M,в 14:49 през “Складове и Стоки”,
7245,12,1,46927223,Кабелни Канали,Ъгъл 90° за кабелна скара 60х202mm с неперфорира,,1.0,0.0,1.0,0.0,Y,8.906672,M,8.906672,M,в 14:49 през “Складове и Стоки”,
7245,13,1,46927223,2. Консумативи,Смола за дейонизатор,122217/18082025,194.0,0.0,0.0,0.0,Y,15.952306693322,M,15.952306693322,M,в 14:51 през “Складове и Стоки”,
7245,14,1,46927223,2. Консумативи,Смола за дейонизатор,,194.0,0.0,194.0,0.0,Y,15.952248,M,15.952248,M,в 14:51 през “Складове и Стоки”,
7245,15,1,46927223,2. Консумативи,"Тефлонова лента, 13м 3/4`",3901-00,35.0,0.0,0.0,0.0,Y,1.73634722854236,M,1.73634722854236,M,в 14:51 през “Складове и Стоки”,
7245,16,1,46927223,2. Консумативи,"Тефлонова лента, 13м 3/4`",,35.0,0.0,35.0,0.0,Y,1.73839239606714,M,1.73839239606714,M,в 14:51 през “Складове и Стоки”,
7245,17,1,46927223,2. Консумативи,"Тефлонова лента, 7м. 1/2`",3899-00,25.0,0.0,0.0,0.0,Y,0.797615334666101,M,0.797615334666101,M,в 14:51 през “Складове и Стоки”,
7245,18,1,46927223,2. Консумативи,"Тефлонова лента, 7м. 1/2`",,25.0,0.0,25.0,0.0,Y,0.797615334666101,M,0.797615334666101,M,в 14:51 през “Складове и Стоки”,
7245,19,1,46927223,2.8. Маркучи,"Шлаух полиамид бял 15/12,5",267809/060226,50.0,0.0,0.0,0.0,Y,2.71,M,2.71,M,в 14:51 през “Складове и Стоки”,
7245,20,1,46927223,2.8. Маркучи,"Шлаух полиамид бял 15/12,5",,50.0,0.0,50.0,0.0,Y,2.71,M,2.71,M,в 14:51 през “Складове и Стоки”,
7245,21,1,46927223,2. Консумативи,20`` DV Контейнер,167/121125,1.0,0.0,0.0,0.0,Y,3425.65560401466,M,3425.65560401466,M,в 14:57 през “Складове и Стоки”,
7246,0,1,46927223,2. Консумативи,20`` DV Контейнер,,1.0,0.0,1.0,0.0,Y,3425.65560401466,M,3425.65560401466,M,в 14:57 през “Складове и Стоки”,
7246,1,1,46927223,2. Консумативи,Вентилатор за баня МТ100С,20218272/111125/1,2.0,0.0,0.0,0.0,Y,20.4465623290368,M,20.4465623290368,M,в 14:57 през “Складове и Стоки”,
7246,2,1,46927223,2. Консумативи,Вентилатор за баня МТ100С,,2.0,0.0,2.0,0.0,Y,20.4465623290368,M,20.4465623290368,M,в 14:57 през “Складове и Стоки”,
7246,3,1,46927223,2. Консумативи,"Диск рязане ф125х1, прав",81288/211125/1,25.0,0.0,0.0,0.0,Y,1.10439046338383,M,1.10439046338383,M,в 14:58 през “Складове и Стоки”,
7246,4,1,46927223,2. Консумативи,"Диск рязане ф125х1, прав",,25.0,0.0,25.0,0.0,Y,1.10439046338383,M,1.10439046338383,M,в 14:58 през “Складове и Стоки”,
7246,5,1,46927223,2. Консумативи,Етилов алкохол 96%,74922/260925,20.0,0.0,0.0,0.0,Y,9.6940940674803,M,9.6940940674803,M,в 14:58 през “Складове и Стоки”,
7246,6,1,46927223,2. Консумативи,Етилов алкохол 96%,,20.0,0.0,20.0,0.0,Y,9.6940940674803,M,9.6940940674803,M,в 14:58 през “Складове и Стоки”,
7246,7,1,46927223,2. Консумативи,Клапа ф100,20218272/111125/2,3.0,0.0,0.0,0.0,Y,5.10780589315022,M,5.10780589315022,M,в 14:58 през “Складове и Стоки”,
7246,8,1,46927223,2. Консумативи,Клапа ф100,,3.0,0.0,3.0,0.0,Y,5.10780589315022,M,5.10780589315022,M,в 14:58 през “Складове и Стоки”,
7246,9,1,46927223,2. Консумативи,Клапа ф120,20218272/111125/3,1.0,0.0,0.0,0.0,Y,5.61909777434644,M,5.61909777434644,M,в 14:58 през “Складове и Стоки”,
7246,10,1,46927223,2. Консумативи,Клапа ф120,,1.0,0.0,1.0,0.0,Y,5.61909777434644,M,5.61909777434644,M,в 14:58 през “Складове и Стоки”,
7246,11,1,46927223,2. Консумативи,"Нитрилни ръкавици, оранжеви, XL",460167323/211125/1,300.0,0.0,0.0,0.0,Y,0.0766937821794328,M,0.0766937821794328,M,в 14:58 през “Складове и Стоки”,
7246,12,1,46927223,2. Консумативи,"Нитрилни ръкавици, оранжеви, XL",,300.0,0.0,300.0,0.0,Y,0.0766937821794328,M,0.0766937821794328,M,в 14:58 през “Складове и Стоки”,
7246,13,1,46927223,2. Консумативи,"Нитрилни ръкавици, оранжеви, XXL",460167323/211125/2,300.0,0.0,0.0,0.0,Y,0.0766937821794328,M,0.0766937821794328,M,в 14:58 през “Складове и Стоки”,
7246,14,1,46927223,2. Консумативи,"Нитрилни ръкавици, оранжеви, XXL",,300.0,0.0,300.0,0.0,Y,0.0766937821794328,M,0.0766937821794328,M,в 14:58 през “Складове и Стоки”,
7246,15,1,46927223,2. Консумативи,Свредло цилидрично ф10,10544810/120126/3,1.0,0.0,0.0,0.0,Y,8.03,M,8.03,M,в 14:59 през “Складове и Стоки”,
7246,16,1,46927223,2. Консумативи,Свредло цилидрично ф10,,1.0,0.0,1.0,0.0,Y,8.03,M,8.03,M,в 14:59 през “Складове и Стоки”,
7246,17,1,47487734,2. Консумативи,Свредло цилидрично ф6,10544810/120126/4,1.0,0.0,0.0,0.0,Y,3.6,M,3.6,M,в 08:06 през “Складове и Стоки”,
7246,18,1,47487734,2. Консумативи,Свредло цилидрично ф6,,1.0,0.0,1.0,0.0,Y,3.6,M,3.6,M,в 08:06 през “Складове и Стоки”,
7246,19,1,47487734,2. Консумативи,Свредло цилидрично ф8,10544810/120126/5,1.0,0.0,0.0,0.0,Y,5.35,M,5.35,M,в 08:06 през “Складове и Стоки”,
7246,20,1,47487734,2. Консумативи,Свредло цилидрично ф8,,1.0,0.0,1.0,0.0,Y,5.35,M,5.35,M,в 08:06 през “Складове и Стоки”,
7246,21,1,47487734,2.4. Фланци,Фланец плосък 304 T8 PN16 DN25,,71.0,0.0,76.0,0.0,Y,5.4,M,5.4,M,в 09:01 през “Складове и Стоки”,
7246,22,1,47487734,2.4. Фланци,Фланец плосък с резба 304L PN10/16 DN50 x2“,10143532/110925/r50,8.0,0.0,0.0,0.0,Y,29.512681,M,29.512681,M,в 09:01 през “Складове и Стоки”,
7246,23,1,47487734,2.4. Фланци,Фланец плосък с резба 304L PN10/16 DN50 x2“,,8.0,0.0,8.0,0.0,Y,29.512681,M,29.512681,M,в 09:01 през “Складове и Стоки”,
7259,0,1,47487734,2.4. Фланци,Фланец плосък с резба 304L PN10/16/40 DN25 x1“,10148870/050226,7.0,0.0,0.0,0.0,Y,14.81,M,14.81,M,в 09:01 през “Складове и Стоки”,
7259,1,1,47487734,2.4. Фланци,Фланец плосък с резба 304L PN10/16/40 DN25 x1“,,7.0,0.0,7.0,0.0,Y,14.81,M,14.81,M,в 09:01 през “Складове и Стоки”,
7259,2,1,47487734,2.4. Фланци,Фланец плосък с резба 304L PN10/16/40 DN40x1 1/2,10143532/110925/r40,8.0,0.0,0.0,0.0,Y,32.456689,M,32.456689,M,в 09:02 през “Складове и Стоки”,
7259,3,1,47487734,2.4. Фланци,Фланец плосък с резба 304L PN10/16/40 DN40x1 1/2,,8.0,0.0,8.0,0.0,Y,32.456689,M,32.456689,M,в 09:02 през “Складове и Стоки”,
7259,4,1,47487734,2.4. Фланци,Уплътнение CF3000 PTFE DN25,10148677/290126/3,37.0,0.0,0.0,0.0,Y,1.08,M,1.08,M,в 09:02 през “Складове и Стоки”,
7259,5,1,47487734,2.4. Фланци,Уплътнение CF3000 PTFE DN25,,87.0,0.0,87.0,0.0,Y,1.08,M,1.08,M,в 09:02 през “Складове и Стоки”,
7259,6,1,47487734,2.4. Фланци,Уплътнение CF3000 PTFE DN25,10148871/050226/2,50.0,0.0,0.0,0.0,Y,1.08,M,1.08,M,в 09:02 през “Складове и Стоки”,
7259,7,1,47487734,2.4. Фланци,Уплътнение CF3000 PTFE DN40,10143532/110925/pfte40,67.0,0.0,0.0,0.0,Y,1.089048,M,1.089048,M,в 09:02 през “Складове и Стоки”,
7259,8,1,47487734,2.4. Фланци,Уплътнение CF3000 PTFE DN40,,67.0,0.0,67.0,0.0,Y,1.089048,M,1.089048,M,в 09:02 през “Складове и Стоки”,
7259,9,1,47487734,2.4. Фланци,Уплътнение CF3000 PTFE DN50,10143532/110925/pfte50,65.0,0.0,0.0,0.0,Y,2.157644,M,2.157644,M,в 09:02 през “Складове и Стоки”,
7259,10,1,47487734,2.4. Фланци,Уплътнение CF3000 PTFE DN50,,65.0,0.0,65.0,0.0,Y,2.157644,M,2.157644,M,в 09:02 през “Складове и Стоки”,
7259,11,1,46739484,1.1.1. Части (Електролизьор),Тефлонов лист 1200х1200х1мм,,28.0,0.0,1.0,0.0,Y,108.38,M,108.38,M,в 09:30 през “Складове и Стоки”,
7259,12,1,46739484,1.1.1. Части (Електролизьор),Гумен лист EPDM 6/1200мм,,4.0,0.0,0.0,0.0,Y,55.219524,M,55.219524,M,в 09:32 през “Складове и Стоки”,
7259,13,1,46739484,1.1.1. Части (Електролизьор),Ламарина кръг 1060мм 316L 2мм,,90.0,0.0,150.0,0.0,Y,230.27479,M,230.27479,M,в 10:08 през “Складове и Стоки”,
7259,14,1,46739484,М/Ж резба,Преход 316L резба М/Ж 3/4“х1/4“,10143532/110925/1,109.0,0.0,0.0,0.0,Y,3.527901,M,3.527901,M,в 12:19 през “Складове и Стоки”,
7259,15,1,46739484,М/Ж резба,Преход 316L резба М/Ж 3/4“х1/4“,,109.0,0.0,109.0,0.0,Y,3.53,M,3.53,M,в 12:19 през “Складове и Стоки”,
7259,16,1,46739484,Фитинги - Щуцер на резба,Гайки за щуцери 1/2“,261922/240925,81.0,0.0,0.0,0.0,Y,0.940774,M,0.940774,M,в 12:19 през “Складове и Стоки”,
7259,17,1,46739484,Фитинги - Щуцер на резба,Гайки за щуцери 1/2“,,81.0,0.0,81.0,0.0,Y,0.940774,M,0.940774,M,в 12:19 през “Складове и Стоки”,
7259,18,1,46739484,Муфи на резба,Муфа 304L резба 150LBS 1/4“,10143532/110925/1.4,56.0,0.0,0.0,0.0,Y,0.761822,M,0.761822,M,в 12:19 през “Складове и Стоки”,
7259,19,1,46739484,Муфи на резба,Муфа 304L резба 150LBS 1/4“,,56.0,0.0,56.0,0.0,Y,0.761822,M,0.761822,M,в 12:19 през “Складове и Стоки”,
7259,20,1,46739484,Муфи на резба,Муфа 304L резбa 150LBS  1/2``,10143532/110925/1.2,51.0,0.0,0.0,0.0,Y,1.349806,M,1.349806,M,в 12:20 през “Складове и Стоки”,
7259,21,1,46739484,Муфи на резба,Муфа 304L резбa 150LBS  1/2``,,101.0,0.0,101.0,0.0,Y,1.349806,M,1.349806,M,в 12:20 през “Складове и Стоки”,
7286,0,1,46739484,Муфи на резба,Муфа 304L резбa 150LBS  1/2``,143284/02092025/4,50.0,0.0,0.0,0.0,Y,1.349806,M,1.349806,M,в 12:20 през “Складове и Стоки”,
7286,1,1,46739484,Муфи на резба,Муфа 304L резбa 150LBS L42 1``,10143532/110925/1.,10.0,0.0,0.0,0.0,Y,2.970595,M,2.970595,M,в 12:20 през “Складове и Стоки”,
7286,2,1,46739484,Муфи на резба,Муфа 304L резбa 150LBS L42 1``,,10.0,0.0,10.0,0.0,Y,2.97,M,2.97,M,в 12:20 през “Складове и Стоки”,
7286,3,1,46739484,Муфи на резба,Муфа 304L резбa 150LBS L45 1 1/2``,10143532/110925/1.1/2,16.0,0.0,0.0,0.0,Y,2.781418,M,2.781418,M,в 12:21 през “Складове и Стоки”,
7286,4,1,46739484,Муфи на резба,Муфа 304L резбa 150LBS L45 1 1/2``,,16.0,0.0,16.0,0.0,Y,2.781418,M,2.781418,M,в 12:21 през “Складове и Стоки”,
7286,5,1,46739484,Муфи на резба,Муфа 304L резбa 150LBS L54 2``,10143532/110925/2.,6.0,0.0,0.0,0.0,Y,4.172126,M,4.172126,M,в 12:21 през “Складове и Стоки”,
7286,6,1,46739484,Муфи на резба,Муфа 304L резбa 150LBS L54 2``,,6.0,0.0,6.0,0.0,Y,4.172126,M,4.172126,M,в 12:21 през “Складове и Стоки”,
7286,7,1,46739484,М/Ж резба,Преход 304L резба М/Ж 1/2``x1/4``,143284/02092025/5,4.0,0.0,0.0,0.0,Y,0.991903,M,0.991903,M,в 12:22 през “Складове и Стоки”,
7286,8,1,46739484,М/Ж резба,Преход 304L резба М/Ж 1/2``x1/4``,,4.0,0.0,4.0,0.0,Y,0.991903,M,0.991903,M,в 12:22 през “Складове и Стоки”,
7286,9,1,46739484,М/Ж резба,Преход 304L резба М/Ж 2“х1“,10148002/120126,2.0,0.0,0.0,0.0,Y,5.46,M,5.46,M,в 12:22 през “Складове и Стоки”,
7286,10,1,46739484,М/Ж резба,Преход 304L резба М/Ж 2“х1“,,2.0,0.0,2.0,0.0,Y,5.46,M,5.46,M,в 12:22 през “Складове и Стоки”,
7286,11,1,46739484,М/Ж резба,Преход 316L резба М/Ж 1 1/4“-1/2“,181225/26,8.0,0.0,0.0,0.0,Y,9.116301,M,9.116301,M,в 12:22 през “Складове и Стоки”,
7286,12,1,46739484,М/Ж резба,Преход 316L резба М/Ж 1 1/4“-1/2“,,8.0,0.0,8.0,0.0,Y,9.12,M,9.12,M,в 12:22 през “Складове и Стоки”,
7286,13,1,46739484,Тапи на резба,Тапа 304L резба 1/2``,16584381,21.0,0.0,0.0,0.0,Y,0.690241,M,0.690241,M,в 12:23 през “Складове и Стоки”,
7286,14,1,46739484,Тапи на резба,Тапа 304L резба 1/2``,,21.0,0.0,21.0,0.0,Y,0.690241,M,0.690241,M,в 12:23 през “Складове и Стоки”,
7286,15,1,46739484,Тапи на резба,Тапа 304L резба 1/4“,10148889/050226/1,7.0,0.0,0.0,0.0,Y,0.511291881196218,M,0.511291881196218,M,в 12:23 през “Складове и Стоки”,
7286,16,1,46739484,Тапи на резба,Тапа 304L резба 1/4“,,7.0,0.0,7.0,0.0,Y,0.51,M,0.51,M,в 12:23 през “Складове и Стоки”,
7286,17,1,46739484,Холендри на резба,Холендър 316L резба М/Ж PTFE 150LBS 1/2“,10143120/27082025/3,1.0,0.0,0.0,0.0,Y,11.05409,M,11.05409,M,в 12:23 през “Складове и Стоки”,
7286,18,1,46739484,Холендри на резба,Холендър 316L резба М/Ж PTFE 150LBS 1/2“,,1.0,0.0,1.0,0.0,Y,11.05409,M,11.05409,M,в 12:23 през “Складове и Стоки”,
7286,19,1,46739484,Холендри на резба,Холендър 316L резба М/Ж PTFE 150LBS 1 1/2“,10145394/291025,5.0,0.0,0.0,0.0,Y,24.3783968954357,M,24.3783968954357,M,в 12:23 през “Складове и Стоки”,
7286,20,1,46739484,Холендри на резба,Холендър 316L резба М/Ж PTFE 150LBS 1 1/2“,,5.0,0.0,5.0,0.0,Y,24.3783968954357,M,24.3783968954357,M,в 12:23 през “Складове и Стоки”,
7286,21,1,46739484,Холендри на резба,Холендър 316L резба М/М PTFE 150LBS 1/2“,10148408/210126/2,3.0,0.0,0.0,0.0,Y,9.46,M,9.46,M,в 12:24 през “Складове и Стоки”,
7286,22,1,37533029,2.5.2. Кранове на заварка,Кран сфер. на зав. 3-части 316L PN63 (Акт) 1“,,12.0,0.0,14.0,0.0,Y,191.7,M,191.7,M,в 09:35 през “Складове и Стоки”,
7288,0,1,46739484,Холендри на резба,Холендър 316L резба М/М PTFE 150LBS 1/2“,,3.0,0.0,3.0,0.0,Y,9.46,M,9.46,M,в 12:24 през “Складове и Стоки”,
7288,1,1,46739484,Капи на резба,Капа 316L резба 1/2“,181225/10,38.0,0.0,0.0,0.0,Y,0.0,L,0.0,M,в 12:24 през “Складове и Стоки”,
7288,2,1,46739484,Капи на резба,Капа 316L резба 1/2“,,38.0,0.0,38.0,0.0,Y,0.0,L,0.0,M,в 12:24 през “Складове и Стоки”,
7288,3,1,46739484,Капи на резба,Капа 316L резба 1/4“,181225/9,6.0,0.0,0.0,0.0,Y,0.0,L,0.0,M,в 12:24 през “Складове и Стоки”,
7288,4,1,46739484,Капи на резба,Капа 316L резба 1/4“,,6.0,0.0,6.0,0.0,Y,0.0,L,0.0,M,в 12:24 през “Складове и Стоки”,
7288,5,1,46739484,Колена на резба,Коляно 90° 304L резба вътрешна 1 1/4“,16984615,5.0,0.0,0.0,0.0,Y,0.511291881196218,M,0.511291881196218,M,в 12:25 през “Складове и Стоки”,
7288,6,1,46739484,Колена на резба,Коляно 90° 304L резба вътрешна 1 1/4“,,5.0,0.0,5.0,0.0,Y,0.511291881196218,M,0.511291881196218,M,в 12:25 през “Складове и Стоки”,
7288,7,1,46739484,Колена на резба,Коляно 90° 304L резба М/Ж 1 1/2“,16813615,4.0,0.0,0.0,0.0,Y,0.511291881196218,M,0.511291881196218,M,в 12:25 през “Складове и Стоки”,
7288,8,1,46739484,Колена на резба,Коляно 90° 304L резба М/Ж 1 1/2“,,4.0,0.0,4.0,0.0,Y,0.511291881196218,M,0.511291881196218,M,в 12:25 през “Складове и Стоки”,
7288,9,1,46739484,Колена на резба,Коляно 90° 304L резба М/Ж 1 1/4“,16846425,5.0,0.0,0.0,0.0,Y,0.511291881196218,M,0.511291881196218,M,в 12:25 през “Складове и Стоки”,
7288,10,1,46739484,Колена на резба,Коляно 90° 304L резба М/Ж 1 1/4“,,5.0,0.0,5.0,0.0,Y,0.511291881196218,M,0.511291881196218,M,в 12:25 през “Складове и Стоки”,
7288,11,1,46739484,Колена на резба,Коляно 90° 304L резба М/Ж 2“,1684354,12.0,0.0,0.0,0.0,Y,0.511291881196218,M,0.511291881196218,M,в 12:25 през “Складове и Стоки”,
7288,12,1,46739484,Колена на резба,Коляно 90° 304L резба М/Ж 2“,,12.0,0.0,12.0,0.0,Y,0.511291881196218,M,0.511291881196218,M,в 12:25 през “Складове и Стоки”,
7288,13,1,46739484,Колена на резба,Коляно 90° 304L резба М/Ж 1/2“,181225/8,4.0,0.0,0.0,0.0,Y,0.511291881196218,M,0.511291881196218,M,в 12:25 през “Складове и Стоки”,
7288,14,1,46739484,Колена на резба,Коляно 90° 304L резба М/Ж 1/2“,,4.0,0.0,4.0,0.0,Y,0.511291881196218,M,0.511291881196218,M,в 12:25 през “Складове и Стоки”,
7288,15,1,46739484,Колена на резба,Коляно 90° 304L резба М/Ж 1“,16843651,1.0,0.0,0.0,0.0,Y,0.511291881196218,M,0.511291881196218,M,в 12:25 през “Складове и Стоки”,
7288,16,1,46739484,Колена на резба,Коляно 90° 304L резба М/Ж 1“,,1.0,0.0,1.0,0.0,Y,0.511291881196218,M,0.511291881196218,M,в 12:25 през “Складове и Стоки”,
7288,17,1,46739484,Колена на резба,Коляно 90° 316L резба вътрешна 1/2“,101125/1,43.0,0.0,0.0,0.0,Y,0.0,L,0.0,M,в 12:25 през “Складове и Стоки”,
7288,18,1,46739484,Колена на резба,Коляно 90° 316L резба вътрешна 1/2“,,43.0,0.0,43.0,0.0,Y,0.0,L,0.0,M,в 12:25 през “Складове и Стоки”,
7288,19,1,46739484,Колена на резба,Коляно 90° 316L резба вътрешна 3/4“,130126/2,10.0,0.0,0.0,0.0,Y,0.0,L,0.0,M,в 12:26 през “Складове и Стоки”,
7288,20,1,46739484,Колена на резба,Коляно 90° 316L резба вътрешна 3/4“,,10.0,0.0,10.0,0.0,Y,0.0,L,0.0,M,в 12:26 през “Складове и Стоки”,
7288,21,1,46739484,Колена на резба,Коляно 90° 316L резба вътрешна 1/4“,260925/1,14.0,0.0,0.0,0.0,Y,0.0,L,0.0,M,в 12:26 през “Складове и Стоки”,
7288,22,1,46739484,Колена на резба,Коляно 90° 316L резба вътрешна 1/4“,,14.0,0.0,14.0,0.0,Y,0.0,L,0.0,M,в 12:26 през “Складове и Стоки”,
7288,23,1,46768049,2.5.2. Кранове на заварка,Кран сфер. на зав. 3-части 316L PN63 (Акт) 1“,1419195/040925/2,4.0,0.0,2.0,0.0,Y,191.7,M,191.7,M,в 09:43 през “Редактирай Серийни/Партидни №”,
6943,0,1,46739484,Колена на резба,Коляно 90° 316L резба вътрешна 1“,120126/18,1.0,0.0,0.0,0.0,Y,2.991047,M,2.991047,M,в 12:26 през “Складове и Стоки”,
6943,1,1,46739484,Колена на резба,Коляно 90° 316L резба вътрешна 1“,,1.0,0.0,1.0,0.0,Y,2.991047,M,2.991047,M,в 12:26 през “Складове и Стоки”,
6943,2,1,46739484,Колена на резба,Коляно 90° 316L резба М/Ж 1/2“,143284/02092025/3,43.0,0.0,0.0,0.0,Y,2.000166,M,2.000166,M,в 12:26 през “Складове и Стоки”,
6943,3,1,46739484,Колена на резба,Коляно 90° 316L резба М/Ж 1/2“,,43.0,0.0,43.0,0.0,Y,1.999144,M,1.999144,M,в 12:26 през “Складове и Стоки”,
6943,4,1,46739484,Колена на резба,Коляно 90° 316L резба М/Ж 1/4“,181225/12,9.0,0.0,0.0,0.0,Y,0.0,L,0.0,M,в 12:26 през “Складове и Стоки”,
6943,5,1,46739484,Колена на резба,Коляно 90° 316L резба М/Ж 1/4“,,9.0,0.0,9.0,0.0,Y,0.0,L,0.0,M,в 12:26 през “Складове и Стоки”,
6943,6,1,46739484,Кръстове на резба,Кръст 316L резба 1 1/4`,10144596/101025/2,7.0,0.0,0.0,0.0,Y,12.6289094655466,M,12.6289094655466,M,в 12:26 през “Складове и Стоки”,
6943,7,1,46739484,Кръстове на резба,Кръст 316L резба 1 1/4`,,7.0,0.0,7.0,0.0,Y,12.6289094655466,M,12.6289094655466,M,в 12:26 през “Складове и Стоки”,
6943,8,1,46739484,Муфи на резба,Муфа 316L резба 150LBS 1/4“,181225/14,24.0,0.0,0.0,0.0,Y,0.766935,M,0.766935,M,в 12:27 през “Складове и Стоки”,
6943,9,1,46739484,Муфи на резба,Муфа 316L резба 150LBS 1/4“,,24.0,0.0,24.0,0.0,Y,0.766935,M,0.766935,M,в 12:27 през “Складове и Стоки”,
6943,10,1,46739484,Муфи на резба,Муфа 316L резба 150LBS 3/4“,290126/3,7.0,0.0,0.0,0.0,Y,0.0,L,0.0,M,в 12:27 през “Складове и Стоки”,
6943,11,1,46739484,Муфи на резба,Муфа 316L резба 150LBS 3/4“,,7.0,0.0,7.0,0.0,Y,0.0,L,0.0,M,в 12:27 през “Складове и Стоки”,
6943,12,1,46739484,Вътрешна резба,Преход 316L резба вътрешна 150LBS 2“х1 1/2“,181225/18,1.0,0.0,0.0,0.0,Y,0.0,L,0.0,M,в 12:29 през “Складове и Стоки”,
6943,13,1,46739484,Вътрешна резба,Преход 316L резба вътрешна 150LBS 2“х1 1/2“,,1.0,0.0,1.0,0.0,Y,0.0,L,0.0,M,в 12:29 през “Складове и Стоки”,
6943,14,1,46739484,Вътрешна резба,Преход 316L резба вътрешна 150LBS 1/2“х1/4“,181225/16,11.0,0.0,0.0,0.0,Y,0.0,L,0.0,M,в 12:29 през “Складове и Стоки”,
6943,15,1,46739484,Вътрешна резба,Преход 316L резба вътрешна 150LBS 1/2“х1/4“,,11.0,0.0,11.0,0.0,Y,0.0,L,0.0,M,в 12:29 през “Складове и Стоки”,
6943,16,1,46739484,Вътрешна резба,Преход 316L резба вътрешна 150LBS 1/2“х1/8“,201025/4,4.0,0.0,0.0,0.0,Y,0.0,L,0.0,M,в 12:29 през “Складове и Стоки”,
6943,17,1,46739484,Вътрешна резба,Преход 316L резба вътрешна 150LBS 1/2“х1/8“,,4.0,0.0,4.0,0.0,Y,0.0,L,0.0,M,в 12:29 през “Складове и Стоки”,
6943,18,1,46739484,Вътрешна резба,Преход 316L резба вътрешна 150LBS 1“х1/2“,181225/17,4.0,0.0,0.0,0.0,Y,0.0,L,0.0,M,в 12:29 през “Складове и Стоки”,
6943,19,1,46739484,Вътрешна резба,Преход 316L резба вътрешна 150LBS 1“х1/2“,,4.0,0.0,4.0,0.0,Y,0.0,L,0.0,M,в 12:29 през “Складове и Стоки”,
6943,20,1,46739484,Вътрешна резба,Преход 316L резба вътрешна 150LBS 3/4“х1/2“,030226/1,6.0,0.0,0.0,0.0,Y,0.0,L,0.0,M,в 12:29 през “Складове и Стоки”,
6943,21,1,46739484,Вътрешна резба,Преход 316L резба вътрешна 150LBS 3/4“х1/2“,,6.0,0.0,6.0,0.0,Y,0.0,L,0.0,M,в 12:29 през “Складове и Стоки”,
6943,22,1,46739484,Вътрешна резба,Преход 316L резба вътрешна 150LBS 3/8“х1/4“,030226/2,5.0,0.0,0.0,0.0,Y,0.961228736648891,M,0.961228736648891,M,в 12:30 през “Складове и Стоки”,
6943,23,1,46739484,Вътрешна резба,Преход 316L резба вътрешна 150LBS 3/8“х1/4“,,5.0,0.0,5.0,0.0,Y,0.961228736648891,M,0.961228736648891,M,в 12:30 през “Складове и Стоки”,
7291,0,1,46739484,Външна резба,Нипел намалител 316L 150LBS 1/4“х1/8“,120126/17,4.0,0.0,0.0,0.0,Y,0.0,L,0.0,M,в 12:30 през “Складове и Стоки”,
7291,1,1,46739484,Външна резба,Нипел намалител 316L 150LBS 1/4“х1/8“,,4.0,0.0,4.0,0.0,Y,0.0,L,0.0,M,в 12:30 през “Складове и Стоки”,
7291,2,1,46739484,Външна резба,Нипел намалител 316L 150LBS 3/4“х1/2“,181225/20,9.0,0.0,0.0,0.0,Y,0.0,L,0.0,M,в 12:31 през “Складове и Стоки”,
7291,3,1,46739484,Външна резба,Нипел намалител 316L 150LBS 3/4“х1/2“,,9.0,0.0,9.0,0.0,Y,0.0,L,0.0,M,в 12:31 през “Складове и Стоки”,
7291,4,1,46739484,Външна резба,Нипел намалител 316L 150LBS 1/2“х1/4“,201025/2,10.0,0.0,0.0,0.0,Y,0.0,L,0.0,M,в 12:31 през “Складове и Стоки”,
7291,5,1,46739484,Външна резба,Нипел намалител 316L 150LBS 1/2“х1/4“,,10.0,0.0,10.0,0.0,Y,0.0,L,0.0,M,в 12:31 през “Складове и Стоки”,
7291,6,1,46739484,Външна резба,Нипел намалител 316L 150LBS 1“х1/2“,10148889/050226/2,10.0,0.0,0.0,0.0,Y,3.093305,M,3.093305,M,в 12:31 през “Складове и Стоки”,
7291,7,1,46739484,Външна резба,Нипел намалител 316L 150LBS 1“х1/2“,,12.0,0.0,12.0,0.0,Y,3.09,M,3.09,M,в 12:31 през “Складове и Стоки”,
7291,8,1,46739484,Външна резба,Нипел намалител 316L 150LBS 1“х1/2“,120126/15,2.0,0.0,0.0,0.0,Y,3.093305,M,3.093305,M,в 12:31 през “Складове и Стоки”,
7291,9,1,46739484,Външна резба,Нипел намалител 316L 150LBS 2“х1“,120126/16,4.0,0.0,0.0,0.0,Y,0.0,L,0.0,M,в 12:31 през “Складове и Стоки”,
7291,10,1,46739484,Външна резба,Нипел намалител 316L 150LBS 2“х1“,,4.0,0.0,4.0,0.0,Y,0.0,L,0.0,M,в 12:31 през “Складове и Стоки”,
7291,11,1,46739484,Нипели на резба,Нипел шест. 316L резба 150LBS 1/4“,181225/21,18.0,0.0,0.0,0.0,Y,0.782274,M,0.782274,M,в 12:32 през “Складове и Стоки”,
7291,12,1,46739484,Нипели на резба,Нипел шест. 316L резба 150LBS 1/4“,,18.0,0.0,18.0,0.0,Y,0.782274,M,0.782274,M,в 12:32 през “Складове и Стоки”,
7291,13,1,46739484,Нипели на резба,Нипел шест. 316L резба 150LBS 1/2“,143284/02092025/2,13.0,0.0,0.0,0.0,Y,2.055386,M,2.055386,M,в 12:33 през “Складове и Стоки”,
7291,14,1,46739484,Нипели на резба,Нипел шест. 316L резба 150LBS 1/2“,,13.0,0.0,13.0,0.0,Y,2.055386,M,2.055386,M,в 12:33 през “Складове и Стоки”,
7291,15,1,46739484,Нипели на резба,Нипел шест. 304L резба 150LBS 1 1/4“,138546123,5.0,0.0,0.0,0.0,Y,0.511291881196218,M,0.511291881196218,M,в 12:33 през “Складове и Стоки”,
7291,16,1,46739484,Нипели на резба,Нипел шест. 304L резба 150LBS 1 1/4“,,5.0,0.0,5.0,0.0,Y,0.511291881196218,M,0.511291881196218,M,в 12:33 през “Складове и Стоки”,
7291,17,1,46739484,Нипели на резба,Нипел шест. 304L резба 150LBS 1/2“,10147297/101225,16.0,0.0,0.0,0.0,Y,0.920325386153193,M,0.920325386153193,M,в 12:34 през “Складове и Стоки”,
7291,18,1,46739484,Нипели на резба,Нипел шест. 304L резба 150LBS 1/2“,,16.0,0.0,16.0,0.0,Y,0.920325386153193,M,0.920325386153193,M,в 12:34 през “Складове и Стоки”,
7291,19,1,46739484,Нипели на резба,Нипел шест. 316L резба 150LBS 1“,10143532/110925/100806,11.0,0.0,0.0,0.0,Y,3.26203,M,3.26203,M,в 12:34 през “Складове и Стоки”,
7291,20,1,46739484,Нипели на резба,Нипел шест. 316L резба 150LBS 1“,,11.0,0.0,11.0,0.0,Y,3.26203,M,3.26203,M,в 12:34 през “Складове и Стоки”,
7291,21,1,46739484,2.2. Фитинги за заваряване,Полунипел 316L 150LBS 1“,1,-2.0,0.0,0.0,0.0,Y,1.28845554061447,M,1.28845554061447,M,в 12:34 през “Складове и Стоки”,
7291,22,1,46739484,2.2. Фитинги за заваряване,Полунипел 316L 150LBS 1“,,14.0,0.0,14.0,0.0,Y,1.29,M,1.29,M,в 12:34 през “Складове и Стоки”,
7291,23,1,46739484,М/Ж резба,Преход 316L резба М/Ж 1/2“х1/4“,10148565/270126/2,9.0,0.0,0.0,0.0,Y,0.99,M,0.99,M,в 12:35 през “Складове и Стоки”,
7293,0,1,46739484,М/Ж резба,Преход 316L резба М/Ж 1/2“х1/4“,,25.0,0.0,25.0,0.0,Y,0.83,M,0.83,M,в 12:35 през “Складове и Стоки”,
7293,1,1,46739484,М/Ж резба,Преход 316L резба М/Ж 1/2“х1/4“,143284/02092025/6,16.0,0.0,0.0,0.0,Y,0.991906249520664,M,0.991906249520664,M,в 12:35 през “Складове и Стоки”,
7293,2,1,46739484,М/Ж резба,Преход 316L резба М/Ж 1 1/2“х1/2“,181225/26,1.0,0.0,0.0,0.0,Y,0.0,L,0.0,M,в 12:35 през “Складове и Стоки”,
7293,3,1,46739484,М/Ж резба,Преход 316L резба М/Ж 1 1/2“х1/2“,,1.0,0.0,1.0,0.0,Y,0.0,L,0.0,M,в 12:35 през “Складове и Стоки”,
7293,4,1,46739484,М/Ж резба,Преход 316L резба М/Ж 3/4“х1/2“,12345/1,17.0,0.0,0.0,0.0,Y,0.0,L,0.0,M,в 12:37 през “Складове и Стоки”,
7293,5,1,46739484,М/Ж резба,Преход 316L резба М/Ж 3/4“х1/2“,,17.0,0.0,17.0,0.0,Y,0.0,L,0.0,M,в 12:37 през “Складове и Стоки”,
7293,6,1,46739484,М/Ж резба,Преход 316L резба М/Ж 1“х1/2“,181225/24,8.0,0.0,0.0,0.0,Y,1.789515,M,1.789515,M,в 12:37 през “Складове и Стоки”,
7293,7,1,46739484,М/Ж резба,Преход 316L резба М/Ж 1“х1/2“,,8.0,0.0,0.0,0.0,Y,1.789515,M,1.789515,M,в 12:39 през “Складове и Стоки”,
7293,8,1,46739484,М/Ж резба,Преход 304L резба М/Ж 1“x1/2“,684625513,4.0,0.0,0.0,0.0,Y,2.234337,M,2.234337,M,в 12:37 през “Складове и Стоки”,
7293,9,1,46739484,М/Ж резба,Преход 304L резба М/Ж 1“x1/2“,,4.0,0.0,6.0,0.0,Y,2.234337,M,2.234337,M,в 12:39 през “Складове и Стоки”,
7293,10,1,46739484,М/Ж резба,Преход 316L резба М/Ж 1/4“х1/8“,10148565/270126/4,12.0,0.0,0.0,0.0,Y,0.7,M,0.7,M,в 12:42 през “Складове и Стоки”,
7293,11,1,46739484,М/Ж резба,Преход 316L резба М/Ж 1/4“х1/8“,,12.0,0.0,12.0,0.0,Y,0.7,M,0.7,M,в 12:44 през “Складове и Стоки”,
7293,12,1,46739484,М/Ж резба,Преход 304L резба М/Ж 3/4“x1/2“,168453146,2.0,0.0,0.0,0.0,Y,0.511291881196218,M,0.511291881196218,M,в 12:42 през “Складове и Стоки”,
7293,13,1,46739484,М/Ж резба,Преход 304L резба М/Ж 3/4“x1/2“,,2.0,0.0,2.0,0.0,Y,0.511291881196218,M,0.511291881196218,M,в 12:42 през “Складове и Стоки”,
7293,14,1,46739484,Тройници на резба,Тройник 304L резба вътрешна 1 1/2“,16841351,6.0,0.0,0.0,0.0,Y,0.511291881196218,M,0.511291881196218,M,в 12:46 през “Складове и Стоки”,
7293,15,1,46739484,Тройници на резба,Тройник 304L резба вътрешна 1 1/2“,,6.0,0.0,6.0,0.0,Y,0.511291881196218,M,0.511291881196218,M,в 12:46 през “Складове и Стоки”,
7293,16,1,46739484,Тройници на резба,Тройник 304L резба вътрешна 1 1/4“,36814861,6.0,0.0,0.0,0.0,Y,0.511291881196218,M,0.511291881196218,M,в 12:46 през “Складове и Стоки”,
7293,17,1,46739484,Тройници на резба,Тройник 304L резба вътрешна 1 1/4“,,6.0,0.0,6.0,0.0,Y,0.511291881196218,M,0.511291881196218,M,в 12:46 през “Складове и Стоки”,
7293,18,1,46739484,Тройници на резба,Тройник 304L резба вътрешна 1“,16814681,20.0,0.0,0.0,0.0,Y,0.511291881196218,M,0.511291881196218,M,в 12:46 през “Складове и Стоки”,
7293,19,1,46739484,Тройници на резба,Тройник 304L резба вътрешна 1“,,20.0,0.0,20.0,0.0,Y,0.511291881196218,M,0.511291881196218,M,в 12:46 през “Складове и Стоки”,
7293,20,1,46739484,Тройници на резба,Тройник 316L резба вътрешна 1/2“,143284/02092025/7,37.0,0.0,0.0,0.0,Y,2.325347,M,2.325347,M,в 12:46 през “Складове и Стоки”,
7293,21,1,46739484,Тройници на резба,Тройник 316L резба вътрешна 1/2“,,37.0,0.0,37.0,0.0,Y,2.32637,M,2.32637,M,в 12:46 през “Складове и Стоки”,
7293,22,1,46739484,Тройници на резба,Тройник 316L резба вътрешна 1/4“,031125,20.0,0.0,0.0,0.0,Y,0.0,L,0.0,M,в 12:47 през “Складове и Стоки”,
7293,23,1,46739484,Тройници на резба,Тройник 316L резба вътрешна 1/4“,,20.0,0.0,20.0,0.0,Y,0.0,L,0.0,M,в 12:47 през “Складове и Стоки”,
7296,0,1,46739484,Тройници на резба,Тройник 304L резба вътрешна 3/4“,16813512,6.0,0.0,0.0,0.0,Y,0.51129,M,0.51129,M,в 12:49 през “Складове и Стоки”,
7296,1,1,46739484,Тройници на резба,Тройник 304L резба вътрешна 3/4“,,6.0,0.0,6.0,0.0,Y,0.51129,M,0.51129,M,в 12:49 през “Складове и Стоки”,
7296,2,1,46739484,Тапи на резба,Тапа 316L резба 1 1/4“,020226/5,2.0,0.0,0.0,0.0,Y,0.0,L,0.0,M,в 12:49 през “Складове и Стоки”,
7296,3,1,46739484,Тапи на резба,Тапа 316L резба 1 1/4“,,2.0,0.0,2.0,0.0,Y,0.0,L,0.0,M,в 12:49 през “Складове и Стоки”,
7296,4,1,46739484,Тапи на резба,Тапа 316L резба 1/4“,181225/25,3.0,0.0,0.0,0.0,Y,0.0,L,0.0,M,в 12:49 през “Складове и Стоки”,
7296,5,1,46739484,Тапи на резба,Тапа 316L резба 1/4“,,3.0,0.0,3.0,0.0,Y,0.0,L,0.0,M,в 12:49 през “Складове и Стоки”,
7296,6,1,46739484,Тапи на резба,Тапа 316L резба 2“,020226/6,2.0,0.0,0.0,0.0,Y,0.0,L,0.0,M,в 12:50 през “Складове и Стоки”,
7296,7,1,46739484,Тапи на резба,Тапа 316L резба 2“,,2.0,0.0,2.0,0.0,Y,0.0,L,0.0,M,в 12:50 през “Складове и Стоки”,
7296,8,1,46739484,2.2. Фитинги за заваряване,Холендър 316L заварка PTFE 1“,10148677/290126/1,10.0,0.0,0.0,0.0,Y,17.98,M,17.98,M,в 12:53 през “Складове и Стоки”,
7296,9,1,46739484,2.2. Фитинги за заваряване,Холендър 316L заварка PTFE 1“,,10.0,0.0,10.0,0.0,Y,17.98,M,17.98,M,в 12:53 през “Складове и Стоки”,
7296,10,1,46739484,Холендри на резба,Холендър 316L резба М/Ж PTFE 150LBS 2“,10143120/27082025/2,6.0,0.0,0.0,0.0,Y,53.378676,M,53.378676,M,в 12:53 през “Складове и Стоки”,
7296,11,1,46739484,Холендри на резба,Холендър 316L резба М/Ж PTFE 150LBS 2“,,6.0,0.0,6.0,0.0,Y,53.378676,M,53.378676,M,в 12:53 през “Складове и Стоки”,
7296,12,1,46739484,Холендри на резба,Холендър 316L резба вътрешна PTFE 150LBS 1“,020226/11,4.0,0.0,0.0,0.0,Y,13.5,M,13.5,M,в 12:53 през “Складове и Стоки”,
7296,13,1,46739484,Холендри на резба,Холендър 316L резба вътрешна PTFE 150LBS 1“,,4.0,0.0,4.0,0.0,Y,13.498056,M,13.498056,M,в 12:53 през “Складове и Стоки”,
7296,14,1,46739484,Холендри на резба,Холендър 316L резба вътрешна 3000LBS 1/2“,300925,11.0,0.0,0.0,0.0,Y,3.548353,M,3.548353,M,в 12:53 през “Складове и Стоки”,
7296,15,1,46739484,Холендри на резба,Холендър 316L резба вътрешна 3000LBS 1/2“,,11.0,0.0,11.0,0.0,Y,3.548353,M,3.548353,M,в 12:53 през “Складове и Стоки”,
7296,16,1,46739484,Холендри на резба,Холендър 316L резба М/Ж 150LBS 2“,020226/7,2.0,0.0,0.0,0.0,Y,0.0,L,0.0,M,в 13:31 през “Складове и Стоки”,
7296,17,1,46739484,Холендри на резба,Холендър 316L резба М/Ж 150LBS 2“,,2.0,0.0,2.0,0.0,Y,0.0,L,0.0,M,в 13:31 през “Складове и Стоки”,
7296,18,1,46739484,Холендри на резба,Холендър 316L резба вътрешна PTFE 150LBS 1 1/2“,020226/9,5.0,0.0,0.0,0.0,Y,0.0,L,0.0,M,в 13:31 през “Складове и Стоки”,
7296,19,1,46739484,Холендри на резба,Холендър 316L резба вътрешна PTFE 150LBS 1 1/2“,,5.0,0.0,5.0,0.0,Y,0.0,L,0.0,M,в 13:31 през “Складове и Стоки”,
7296,20,1,46739484,Холендри на резба,Холендър 316L резба вътрешна PTFE 150LBS 2“,020226/10,1.0,0.0,0.0,0.0,Y,0.0,L,0.0,M,в 13:32 през “Складове и Стоки”,
7296,21,1,46739484,Холендри на резба,Холендър 316L резба вътрешна PTFE 150LBS 2“,,1.0,0.0,1.0,0.0,Y,0.0,L,0.0,M,в 13:32 през “Складове и Стоки”,
7296,22,1,46739484,Фитинги - Щуцер на резба,Връзка ъглова 1500  8/6“х1/4“,101225/3,113.0,0.0,0.0,0.0,Y,1.53387564358866,M,1.53387564358866,M,в 13:32 през “Складове и Стоки”,
7296,23,1,46739484,Фитинги - Щуцер на резба,Връзка ъглова 1500  8/6“х1/4“,,113.0,0.0,113.0,0.0,Y,1.53387564358866,M,1.53387564358866,M,в 13:32 през “Складове и Стоки”,
7301,0,1,46739484,Платки - Green Innovation,"Захранващо устройство, SDR-240-24",,0.0,0.0,2.0,0.0,Y,92.0325386153193,M,92.0325386153193,M,в 15:15 през “Складове и Стоки”,
7301,1,1,47827221,Холендри на резба,Холендър 316L резба вътрешна PTFE 150LBS 1/2“,,0.0,0.0,2.0,0.0,Y,7.59,M,7.59,M,в 07:44 през “Складове и Стоки”,
7301,2,1,47827221,Тапи на резба,Тапа 304L резба 1 1/2“,,4.0,0.0,8.0,0.0,Y,2.919466,M,2.919466,M,в 08:50 през “Складове и Стоки”,
7301,3,1,47827221,Тапи на резба,Тапа 304L резба 1/2``,,21.0,0.0,25.0,0.0,Y,0.690241,M,0.690241,M,в 09:01 през “Складове и Стоки”,
7301,4,1,47827221,Тапи на резба,Тапа 304L резба 1“,,10.0,0.0,13.0,0.0,Y,1.3,M,1.3,M,в 08:52 през “Складове и Стоки”,
7301,5,1,47827221,Вътрешна резба,Преход 316L резба вътрешна 150LBS 1“х1/2“,,4.0,0.0,7.0,0.0,Y,0.0,L,0.0,M,в 09:14 през “Складове и Стоки”,
7301,6,1,47827221,Нипели на резба,Нипел шест. 304L резба 150LBS 1“,,21.0,0.0,21.0,0.0,Y,1.46,M,1.46,M,в 09:14 през “Складове и Стоки”,
7301,7,1,47827221,Нипели на резба,Нипел шест. 316L резба 150LBS 1“,,11.0,0.0,15.0,0.0,Y,3.26203,M,3.26203,M,в 09:15 през “Складове и Стоки”,
7301,8,1,47827221,Нипели на резба,Нипел шест. 316L резба 150LBS 1/2“,,13.0,0.0,23.0,0.0,Y,2.055386,M,2.055386,M,в 09:15 през “Складове и Стоки”,
7301,9,1,47827221,Колена на резба,Коляно 90° 316L резба вътрешна 1/2“,,43.0,0.0,47.0,0.0,Y,0.0,L,0.0,M,в 09:17 през “Складове и Стоки”,
7301,10,1,47827221,Тройници на резба,Тройник 316L резба вътрешна 1/2“,,37.0,0.0,39.0,0.0,Y,2.32637,M,2.32637,M,в 09:17 през “Складове и Стоки”,
7301,11,1,47827221,Муфи на резба,Муфа 316L резба 150LBS 1/2“,,0.0,0.0,5.0,0.0,Y,1.840644,M,1.840644,M,в 09:17 през “Складове и Стоки”,
7301,12,1,47827221,Външна резба,Нипел намалител 316L 150LBS 1“х1/2“,,12.0,0.0,16.0,0.0,Y,3.09,M,3.09,M,в 09:18 през “Складове и Стоки”,
7301,13,1,47827221,Външна резба,Нипел намалител 316L 150LBS 3/4“х1/2“,,9.0,0.0,10.0,0.0,Y,0.0,L,0.0,M,в 09:18 през “Складове и Стоки”,
7301,14,1,47827221,М/Ж резба,Преход 304L резба М/Ж 1“x1/2“,,6.0,0.0,9.0,0.0,Y,2.234337,M,2.234337,M,в 09:39 през “Складове и Стоки”,
7301,15,1,47827221,М/Ж резба,Преход 316L резба М/Ж 1 1/2“х1/2“,,1.0,0.0,4.0,0.0,Y,0.0,L,0.0,M,в 09:31 през “Складове и Стоки”,
7301,16,1,47827221,Муфи на резба,Муфа 304L резбa 150LBS L42 1``,,10.0,0.0,14.0,0.0,Y,2.97,M,2.97,M,в 09:33 през “Складове и Стоки”,
7301,17,1,47827221,Колена на резба,Коляно 90° 304L резба М/Ж 1/2“,,4.0,0.0,5.0,0.0,Y,0.511291881196218,M,0.511291881196218,M,в 09:43 през “Складове и Стоки”,
7301,18,1,47827221,Колена на резба,Коляно 90° 316L резба вътрешна 1“,,1.0,0.0,27.0,0.0,Y,2.991047,M,2.991047,M,в 09:59 през “Складове и Стоки”,
7301,19,1,47827221,Колена на резба,Коляно 90° 304L резба М/Ж 1“,,1.0,0.0,3.0,0.0,Y,0.511291881196218,M,0.511291881196218,M,в 09:55 през “Складове и Стоки”,
7301,20,1,47827221,Тройници на резба,Тройник 304L резба вътрешна 1“,,20.0,0.0,22.0,0.0,Y,0.511291881196218,M,0.511291881196218,M,в 10:10 през “Складове и Стоки”,
7301,21,1,47827221,Муфи на резба,Муфа 304L резбa 150LBS L45 1 1/2``,,16.0,0.0,25.0,0.0,Y,2.781418,M,2.781418,M,в 10:17 през “Складове и Стоки”,
7301,22,1,47827221,Холендри на резба,Холендър 316L резба М/Ж 150LBS 1“,,1.0,0.0,2.0,0.0,Y,1.0,M,1.0,M,в 10:20 през “Складове и Стоки”,
7301,23,1,47300708,2.4. Фланци,Фланец плосък 304 T8 PN16 DN25,,104.0,0.0,101.0,0.0,Y,5.4,M,5.4,M,в 07:51 през “Складове и Стоки”,
7313,0,1,47300708,2.4. Фланци,Уплътнение CF3000 PTFE DN25,,157.0,0.0,150.0,0.0,Y,1.08,M,1.08,M,в 07:52 през “Складове и Стоки”,
7313,1,1,47300708,2. Консумативи,Скоби за водни съединения,,10.0,0.0,11.0,0.0,Y,0.21,M,0.21,M,в 10:30 през “Складове и Стоки”,
7313,2,1,46857789,"2.7. PP, Месинг, Хром връзки",Нипел месинг вътрешно редуктивен 1“х3/4“,,6.0,0.0,4.0,0.0,Y,1.43,M,1.43,M,в 06:54 през “Складове и Стоки”,
7313,3,1,46857789,"2.7. PP, Месинг, Хром връзки",Муфа PP 1“,,0.0,0.0,10.0,0.0,Y,1.02258,M,1.02258,M,в 07:56 през “Складове и Стоки”,
7313,4,1,46857789,"2.7. PP, Месинг, Хром връзки",Преход PP тръба - резба 1“,,0.0,0.0,5.0,0.0,Y,2.55645,M,2.55645,M,в 06:56 през “Складове и Стоки”,
7313,5,1,46857789,"2.7. PP, Месинг, Хром връзки",Преход PP резба вътрешна ф32х3/4“,,0.0,0.0,3.0,0.0,Y,4.38,M,4.38,M,в 06:59 през “Складове и Стоки”,
7313,6,1,46857789,"2.7. PP, Месинг, Хром връзки",Нипел месинг вътрешно редуктивен 1 1/2“х1“,,0.0,0.0,3.0,0.0,Y,1.29,M,1.29,M,в 07:02 през “Складове и Стоки”,
7313,7,1,46857789,"2.7. PP, Месинг, Хром връзки",Капа PP ф25,,0.0,0.0,1.0,0.0,Y,0.78,M,0.78,M,в 07:02 през “Складове и Стоки”,
7313,8,1,38429694,Газ анализ - Сензори,Dew Point Analyser with integral touchscreen LCD,260108-1,0.0,0.0,1.0,0.0,Y,1457.0,M,1457.0,M,в 13:59 през “Редактирай Серийни/Партидни №”,
7313,9,1,38429694,Газ анализ - Сензори,Dew Point Analyser with integral touchscreen LCD,,1.0,0.0,2.0,0.0,Y,1457.0,M,1457.0,M,в 13:59 през “Складове и Стоки”,
7313,10,1,41141260,"2.7. PP, Месинг, Хром връзки",Тройник PP ф20,,0.0,0.0,20.0,0.0,Y,0.306774,M,0.306774,M,в 09:37 през “Складове и Стоки”,
7313,11,1,41141260,2.4. Фланци,Фланец плосък с резба 304L PN10/16/40 DN25 x1“,,5.0,0.0,6.0,0.0,Y,14.81,M,14.81,M,в 13:19 през “Складове и Стоки”,
7313,12,1,41141260,М12,Гайка шест. 8 vZn М12,,136.0,0.0,26.0,0.0,Y,0.03,M,0.03,M,в 13:22 през “Складове и Стоки”,
7313,13,1,34675309,Крисметал,Тръба шевна 304L (88.9х2) 3“,10146121/141125/2,3.0,0.0,0.0,0.0,Y,32.69,L,32.69,L,в 14:57 през “Складове и Стоки”,
7313,14,1,34675309,Крисметал,Тръба шевна 304L (88.9х2) 3“,,3.0,0.0,3.0,0.0,Y,16.71407,M,16.71407,M,в 14:57 през “Складове и Стоки”,
7313,15,1,34675309,Сити склад,10`  складов контейнер,653/171025,1.0,0.0,0.0,0.0,Y,5800.0,L,5800.0,L,в 14:58 през “Складове и Стоки”,
7313,16,1,34675309,Сити склад,10`  складов контейнер,,1.0,0.0,1.0,0.0,Y,2965.492911,M,2965.492911,M,в 14:58 през “Складове и Стоки”,
7313,17,1,34446982,5. Устройства,Чилър EAS.HK 161 V1.MBP.SHR,,0.0,0.0,1.0,0.0,Y,5399.59,M,5399.59,M,в 07:10 през “Складове и Стоки”,
7313,18,1,34446982,2.1. Тръби,"Тръба безшевна 316L 6x1,0",,18.0,0.0,24.0,0.0,Y,5.051545,M,5.051545,M,в 08:36 през “Складове и Стоки”,
7313,20,1,34690285,2.2. Фитинги за заваряване,"Капа 316L (114,3х2) 4``",,4.0,0.0,12.0,0.0,Y,7.98635,M,7.98635,M,в 10:42 през “Складове и Стоки”,
7313,21,1,34690285,2.2. Фитинги за заваряване,"Капа 304L (88,9х2) 3“",,3.0,0.0,8.0,0.0,Y,4.18,M,4.18,M,в 10:42 през “Складове и Стоки”,
7313,22,1,34690285,2.4. Фланци,Фланец плосък 304 T10 PN16 DN40,,4.0,0.0,18.0,0.0,Y,11.015078,M,11.015078,M,в 10:43 през “Складове и Стоки”,
7313,23,1,34690285,2.4. Фланци,Фланец плосък 304 T8 PN16 DN25,,69.0,0.0,80.0,0.0,Y,5.4,M,5.4,M,в 10:43 през “Складове и Стоки”,
7313,24,1,47808361,Кабелни Канали,Болт с гладка глава в комплект с широкопола гайк,,0.0,0.0,220.0,0.0,Y,0.081806,M,0.081806,M,в 13:22 през “Складове и Стоки”,
7389,0,1,34690285,2.4. Фланци,Фланец плосък с резба 304L PN10/16/40 DN25 x1“,,14.0,0.0,8.0,0.0,Y,14.81,M,14.81,M,в 10:43 през “Складове и Стоки”,
7389,1,1,34690285,2.4. Фланци,Уплътнение CF3000 PTFE DN40,,10.0,0.0,18.0,0.0,Y,1.089048,M,1.089048,M,в 10:44 през “Складове и Стоки”,
7389,2,1,34690285,Апогей,Топлообменник XT,,2.0,0.0,4.0,0.0,Y,779.99846,M,779.99846,M,в 10:45 през “Складове и Стоки”,
7389,3,1,34690285,Апогей,Топлообменник XT,36342/261125,2.0,0.0,4.0,0.0,Y,779.99846,M,779.99846,M,в 10:45 през “Складове и Стоки”,
7389,4,1,34690285,Сензори,Трансмитер за налягане 0-3 bar,,2.0,0.0,4.0,0.0,Y,326.94,M,326.94,M,в 10:46 през “Складове и Стоки”,
7389,5,1,34690285,Сензори,Трансмитер за налягане 0-3 bar,131125/rem,2.0,0.0,4.0,0.0,Y,0.511291881196218,M,0.511291881196218,M,в 10:46 през “Складове и Стоки”,
7389,6,1,47808361,Сензори,Трансмитер за налягане 0-3 bar,,2.0,0.0,5.0,0.0,Y,326.94,M,326.94,M,в 14:33 през “Складове и Стоки”,
7389,7,1,47808361,Сензори,Трансмитер за налягане 0-3 bar,131125/rem,2.0,0.0,5.0,0.0,Y,0.511291881196218,M,0.511291881196218,M,в 14:33 през “Складове и Стоки”,
7389,8,1,47808361,Сензори,Трансмитер за налягане 0-15 bar,,5.0,0.0,2.0,0.0,Y,0.0,L,0.0,M,в 14:34 през “Складове и Стоки”,
7389,9,1,47808361,Сензори,Трансмитер за налягане 0-15 bar,230925/6,5.0,0.0,2.0,0.0,Y,0.0,L,0.0,M,в 14:34 през “Складове и Стоки”,
7389,10,1,47808361,Сензори,Трансмитер за налягане 0-10 bar. G 1/2“,25691,1.0,0.0,0.0,0.0,Y,326.93639017706,M,326.93639017706,M,в 14:35 през “Складове и Стоки”,
7389,11,1,47808361,Сензори,Трансмитер за налягане 0-10 bar. G 1/2“,,11.0,0.0,9.0,0.0,Y,326.935367593298,M,326.935367593298,M,в 14:35 през “Складове и Стоки”,
7389,12,1,47808361,Сензори,Трансмитер за налягане 0-10 bar. G 1/2“,25690,1.0,0.0,0.0,0.0,Y,326.93639017706,M,326.93639017706,M,в 14:35 през “Складове и Стоки”,
7389,13,1,33939240,3. Инструменти,Електрически промишлен контакт монофазен,,5.0,0.0,7.0,0.0,Y,3.79,M,3.79,M,в 08:37 през “Складове и Стоки”,
7389,14,1,50073588,1.1.1. Части (Електролизьор),Уплътнение (S.G.M. PTFE) с пластини 1060x900x5мм,,30.0,0.0,24.0,0.0,Y,80.02,M,80.02,M,в 14:19 през “Складове и Стоки”,
7389,15,1,50073588,М12,Шайба пружинна vZn М12,,114.0,0.0,28.0,0.0,Y,0.01,M,0.01,M,в 15:07 през “Складове и Стоки”,
7389,16,1,50073588,М12,Шайба подложна vZn М12,,165.0,0.0,100.0,0.0,Y,0.01,M,0.01,M,в 15:12 през “Складове и Стоки”,
7389,17,1,50073588,2.4. Фланци,Фланец плосък 304 T8 PN16 DN25,,51.0,0.0,52.0,0.0,Y,5.4,M,5.4,M,в 15:26 през “Складове и Стоки”,
7389,18,1,34332956,2.4. Фланци,Фланец плосък 304 T8 PN16 DN25,,73.0,0.0,74.0,0.0,Y,5.4,M,5.4,M,в 15:27 през “Складове и Стоки”,
7389,19,1,46673894,2.2. Фитинги за заваряване,Концентричен нам. 304L (48.3х33.7х2) 1 1/2“ -1“,,4.0,0.0,2.0,0.0,Y,3.81,M,3.81,M,в 08:13 през “Складове и Стоки”,
7389,20,1,46673894,Вътрешна резба,Преход 316L резба вътрешна 150LBS 1/2“х1/4“,,11.0,0.0,15.0,0.0,Y,0.0,L,0.0,M,в 10:52 през “Складове и Стоки”,
7389,21,1,46673894,Тройници на резба,Тройник 316L резба вътрешна 1/2“,,39.0,0.0,41.0,0.0,Y,2.32637,M,2.32637,M,в 10:53 през “Складове и Стоки”,
7389,22,1,46673894,Колена на резба,Коляно 90° 316L резба вътрешна 1/2“,,47.0,0.0,49.0,0.0,Y,0.0,L,0.0,M,в 10:53 през “Складове и Стоки”,
7389,23,1,46673894,М/Ж резба,Преход 304L резба М/Ж 1“x1/2“,,9.0,0.0,14.0,0.0,Y,2.234337,M,2.234337,M,в 10:55 през “Складове и Стоки”,
7752,0,1,46673894,Фитинги - Щуцер на резба,Щуцер за маркуч 304 1/4“,,3.0,0.0,21.0,0.0,Y,0.511291881196218,M,0.511291881196218,M,в 13:26 през “Складове и Стоки”,
7752,1,1,46673894,Нипели на резба,Нипел шест. 316L резба 150LBS 1/2“,,23.0,0.0,29.0,0.0,Y,2.055386,M,2.055386,M,в 13:44 през “Складове и Стоки”,
7752,2,1,46673894,2. Консумативи,"Кабелна връзка 3.6х250, бели",,0.0,0.0,300.0,0.0,Y,0.03,M,0.03,M,в 14:48 през “Складове и Стоки”,
7752,3,1,43915574,2.2. Фитинги за заваряване,Полунипел 316L 150LBS 1 1/2“,10143532/110925/pn1.1/2`,16.0,0.0,0.0,0.0,Y,2.766079,M,2.766079,M,в 08:03 през “Складове и Стоки”,
7752,4,1,43915574,2.2. Фитинги за заваряване,Полунипел 316L 150LBS 1 1/2“,,16.0,0.0,16.0,0.0,Y,2.766079,M,2.766079,M,в 08:03 през “Складове и Стоки”,
7752,5,1,43915574,2.2. Фитинги за заваряване,"Капа 316L (168,3x2,0) 6``",,9.0,0.0,10.0,0.0,Y,20.190842,M,20.190842,M,в 09:31 през “Складове и Стоки”,
7752,6,1,43915574,2.1. Тръби,"Тръба шевна 304L (33,7x2) 1``",,118.802,0.0,128.8,0.0,Y,6.44,M,6.44,M,в 09:55 през “Складове и Стоки”,
7752,7,1,43915574,2.1. Тръби,"Тръба шевна 304L (88,9х2) 3``",,6.3,0.0,2.3,0.0,Y,21.5,M,21.5,M,в 09:59 през “Складове и Стоки”,
7752,8,1,43915574,3. Консумативи,Калиева основа,,550.0,0.0,160.0,0.0,Y,2.8,M,2.8,M,в 13:35 през “Складове и Стоки”,
7752,9,1,43915574,М12,Шайба пружинна vZn М12,,20.0,0.0,320.0,0.0,Y,0.01,M,0.01,M,в 13:50 през “Складове и Стоки”,
7752,10,1,42324727,Вътрешни изделия и детайли,Пълнеж за бутилка,,3.0,0.0,0.0,0.0,Y,23.933572958795,M,23.933572958795,M,в 15:10 през “Складове и Стоки”,
7752,11,1,42324727,Вътрешни изделия и детайли,Пълнеж за бутилка,201125/3,3.0,0.0,0.0,0.0,Y,23.9325503750326,M,23.9325503750326,M,в 15:10 през “Складове и Стоки”,
7752,12,1,39649191,2. Консумативи,"Скоби  водни съединения, 1`",,0.0,0.0,8.0,0.0,Y,0.996,M,0.996,M,в 08:14 през “Складове и Стоки”,
7752,13,1,39649191,2.5.3. Кранове на резба,Кран сфер. на рез. 316L DN15,265835/031225/1,2.0,0.0,0.0,0.0,Y,33.3771340044891,M,33.3771340044891,M,в 14:17 през “Складове и Стоки”,
7752,14,1,39649191,2.5.3. Кранове на резба,Кран сфер. на рез. 316L DN15,,8.0,0.0,8.0,0.0,Y,33.3771340044891,M,33.3771340044891,M,в 14:17 през “Складове и Стоки”,
7752,15,1,45149519,2. Консумативи,Скоба водопр. с уплътнение 1“,,0.0,0.0,4.0,0.0,Y,0.66,M,0.66,M,в 09:14 през “Складове и Стоки”,
7752,16,1,35885452,1.1.1. Части (Електролизьор),"Уплътнение от експандиран теф. ф397х325х0,5мм",,383.0,0.0,500.0,0.0,Y,9.561123,M,9.561123,M,в 07:48 през “Складове и Стоки”,
7752,17,1,35885452,2.2. Фитинги за заваряване,"Коляно 90° 304L заварка (33,7х2) 1``",,24.0,0.0,25.0,0.0,Y,2.37,M,2.37,M,в 13:10 през “Складове и Стоки”,
7752,18,1,35885452,2.4. Фланци,Фланец плосък 304 T8 PN16 DN25,,22.0,0.0,21.0,0.0,Y,5.4,M,5.4,M,в 13:10 през “Складове и Стоки”,
7752,19,1,39133561,1.1.1. Части (Електролизьор),Мембрани (Composite Membrane) 1х1м,,456.0,0.0,449.0,0.0,Y,111.2328,M,111.2328,M,в 09:06 през “Складове и Стоки”,
7752,20,1,39133561,2. Консумативи,Disk check Valve DN-25 (Клапан),,4.0,0.0,20.0,0.0,Y,8.88,M,8.88,M,в 14:42 през “Складове и Стоки”,
7752,21,1,37937578,М16,Болт с шест.гл. 8.8 vZn М16х50,,24.0,0.0,0.0,0.0,Y,0.28121,M,0.28121,M,в 13:42 през “Складове и Стоки”,
7752,22,1,37937578,Фитинги - Щуцер на резба,Гайки за щуцери 1/2“,,12.0,0.0,0.0,0.0,Y,0.940774,M,0.940774,M,в 13:42 през “Складове и Стоки”,
7752,23,1,42729216,Сензори,Датчик за температура,,17.0,0.0,15.0,0.0,Y,105.68,M,105.68,M,в 14:01 през “Складове и Стоки”,
6100,0,1,42729216,Сензори,Датчик за температура,082025,17.0,0.0,15.0,0.0,Y,105.67853,M,105.67853,M,в 14:01 през “Складове и Стоки”,
6100,1,1,40186842,Газ анализ - Сензори,Електрохимичен анализатор - 0-100ppm vol. O2,E240373-1,0.0,0.0,1.0,0.0,Y,2568.0,M,2568.0,M,в 10:46 през “Редактирай Серийни/Партидни №”,
6100,2,1,40186842,Газ анализ - Сензори,Електрохимичен анализатор - 0-100ppm vol. O2,,1.0,0.0,1.0,0.0,Y,2568.0,M,2568.0,M,в 10:46 през “Редактирай Серийни/Партидни №”,
6100,3,1,40186842,2.5.1. Кранове на фланци,Кран сфер. на фл. 2-части 316L PN40 1“,84818081/101225,8.0,0.0,0.0,0.0,Y,66.73,M,66.73,M,в 12:26 през “Складове и Стоки”,
6100,4,1,40186842,2.5.1. Кранове на фланци,Кран сфер. на фл. 2-части 316L PN40 1“,,18.0,0.0,10.0,0.0,Y,66.73,M,66.73,M,в 12:26 през “Складове и Стоки”,
6100,5,1,40186842,Сензори,Трансмитер за налягане 0-10 bar. G 1/2“,25691,0.0,0.0,1.0,0.0,Y,326.93639017706,M,326.93639017706,M,в 13:10 през “Складове и Стоки”,
6100,6,1,40186842,Сензори,Трансмитер за налягане 0-10 bar. G 1/2“,,9.0,0.0,12.0,0.0,Y,326.935367593298,M,326.935367593298,M,в 13:15 през “Складове и Стоки”,
6100,7,1,40186842,Сензори,Трансмитер за налягане 0-10 bar. G 1/2“,25692,0.0,0.0,1.0,0.0,Y,326.93639017706,M,326.93639017706,M,в 13:13 през “Складове и Стоки”,
6100,8,1,40186842,Сензори,Трансмитер за налягане 0-10 bar. G 1/2“,25699,0.0,0.0,1.0,0.0,Y,326.935367593298,M,326.935367593298,M,в 13:14 през “Складове и Стоки”,
6100,9,1,42427168,Сензори,Трансмитер за налягане 0-10 bar. G 1/2“,25690,0.0,0.0,0.0,0.0,Y,326.93639017706,M,326.93639017706,M,в 07:50 през “Складове и Стоки”,
6100,10,1,42427168,Сензори,Трансмитер за налягане 0-10 bar. G 1/2“,,8.0,0.0,7.0,0.0,Y,326.94,M,326.94,M,в 07:51 през “Складове и Стоки”,
6100,11,1,42427168,Сензори,Трансмитер за налягане 0-10 bar. G 1/2“,25696,1.0,0.0,0.0,0.0,Y,326.935367593298,M,326.935367593298,M,в 07:51 през “Складове и Стоки”,
6100,12,1,42427168,1.1.1. Части (Електролизьор),Уплътнение (S.G.M. PTFE) с пластини 1060x900x5мм,,24.0,0.0,25.0,0.0,Y,80.02,M,80.02,M,в 08:03 през “Складове и Стоки”,
6100,13,1,46768049,2.5.2. Кранове на заварка,Кран сфер. на зав. 3-части 316L PN63 (Акт) 1“,,8.0,0.0,8.0,0.0,Y,191.7,M,191.7,M,в 09:43 през “Редактирай Серийни/Партидни №”,
6100,14,1,46768049,2.5.2. Кранове на заварка,Кран сфер. на зав. 3-части 316L PN63 (Акт) 1“,026011235066,0.0,0.0,1.0,0.0,Y,191.7,M,191.7,M,в 09:43 през “Редактирай Серийни/Партидни №”,
6100,15,1,46768049,2.5.2. Кранове на заварка,Кран сфер. на зав. 3-части 316L PN63 (Акт) 1“,026011235074,0.0,0.0,1.0,0.0,Y,191.7,M,191.7,M,в 09:43 през “Редактирай Серийни/Партидни №”,
6100,16,1,42633005,Газ анализ - Фитинги,MALE CONNECTOR 6MM SWA – R 1/8`` - мъжка връзка,5477898,0.0,0.0,0.0,0.0,Y,12.54,M,12.54,M,в 15:12 през “Редактирай Серийни/Партидни №”,
6100,17,1,42633005,Газ анализ - Фитинги,MALE CONNECTOR 6MM SWA – R 1/8`` - мъжка връзка,,20.0,0.0,20.0,0.0,Y,12.54,M,12.54,M,в 15:08 през “Редактирай Серийни/Партидни №”,
6100,18,1,42633005,Газ анализ - Фитинги,Male connector 6MM SWA-1/4`` GAS-CONICO,5338976,0.0,0.0,0.0,0.0,Y,13.08,M,13.08,M,в 15:15 през “Складове и Стоки”,
6100,19,1,42633005,Газ анализ - Фитинги,Male connector 6MM SWA-1/4`` GAS-CONICO,,20.0,0.0,20.0,0.0,Y,13.08,M,13.08,M,в 15:09 през “Редактирай Серийни/Партидни №”,
6100,20,1,42633005,Газ анализ - Фитинги,Male connector 6MM SWA-1/4`` GAS-CONICO,5509248,0.0,0.0,0.0,0.0,Y,13.08,M,13.08,M,в 15:15 през “Складове и Стоки”,
8551,0,1,39773179,0. Разни,Гъвкаво съединение INOX 1 L1000,,0.0,0.0,2.0,0.0,Y,110.4,M,110.4,M,в 08:41 през “Складове и Стоки”,
8551,1,1,39773179,2.4. Фланци,Фланец плосък с резба 304L PN10/16/40 DN25 x1“,,6.0,0.0,8.0,0.0,Y,14.81,M,14.81,M,в 09:04 през “Складове и Стоки”,
8551,2,1,39773179,2.4. Фланци,Уплътнение CF3000 PTFE DN25,,75.0,0.0,11.0,0.0,Y,1.08,M,1.08,M,в 09:22 през “Складове и Стоки”,
8551,3,1,39773179,Клеми,"Кабелна Муфа медна с изолация EMR5432,BV",,0.0,0.0,26.0,0.0,Y,0.06,M,0.06,M,в 12:26 през “Складове и Стоки”,
8551,4,1,45209550,2.4. Фланци,Уплътнение CF3000 PTFE DN25,,11.0,0.0,52.0,0.0,Y,1.08,M,1.08,M,в 09:52 през “Складове и Стоки”,
8551,5,1,45209550,Фитинги - Щуцер на резба,Щуцер за маркуч 304 1/2“,,98.0,0.0,73.0,0.0,Y,0.935661,M,0.935661,M,в 14:14 през “Складове и Стоки”,
8551,6,1,35488316,0. Разни,Гъвкава връзка неръждаема 1100мм 1“,,0.0,0.0,1.0,0.0,Y,110.4,M,110.4,M,в 08:25 през “Складове и Стоки”,
8551,7,1,35488316,Фитинги - Щуцер на резба,Щуцер к-т 1“ BSP-BSP,,0.0,0.0,2.0,0.0,Y,5.68,M,5.68,M,в 08:29 през “Складове и Стоки”,
8551,8,1,35488316,М/Ж резба,Преход 316L резба М/Ж 1“х1/2“,,0.0,0.0,13.0,0.0,Y,1.789515,M,1.789515,M,в 09:21 през “Складове и Стоки”,
8551,9,1,38402785,Кабелни Канали,"Покачващ ъгъл за каб. скара, 60х152мм",,0.0,0.0,1.0,0.0,Y,20.93,M,20.93,M,в 10:06 през “Складове и Стоки”,
8551,10,1,38402785,Кабелни Канали,Ъгъл покачващ за каб. скара 60х402мм,,0.0,0.0,1.0,0.0,Y,42.96,M,42.96,M,в 10:08 през “Складове и Стоки”,
8551,11,1,35488316,2.1. Тръби,"Тръба шевна 304L (33,7x2) 1``",,72.0,0.0,50.0,0.0,Y,6.44,M,6.44,M,в 09:37 през “Складове и Стоки”,
8551,12,1,39409165,М5,Шпилка DIN 976 vZn M5x1000,,0.0,0.0,1.0,0.0,Y,0.4,M,0.4,M,в 14:10 през “Складове и Стоки”,
8551,13,1,39409165,М5,Гайка шест. 8 vZn М5,,50.0,0.0,100.0,0.0,Y,0.01,M,0.01,M,в 14:12 през “Складове и Стоки”,
8551,14,1,39409165,М5,Шайба подложна DIN125 vZn M5,,0.0,0.0,50.0,0.0,Y,0.14,M,0.14,M,в 14:15 през “Складове и Стоки”,
8551,15,1,39409165,2. Консумативи,Разклонител за контакт 3х2PE,,0.0,0.0,2.0,0.0,Y,5.58,M,5.58,M,в 14:30 през “Складове и Стоки”,
8551,16,1,39409165,2. Консумативи,Батерия Варта 9v,,0.0,0.0,2.0,0.0,Y,3.18,M,3.18,M,в 14:30 през “Складове и Стоки”,
8551,17,1,39409165,3. Инструменти,Комплект битове TOTAL 30части,,0.0,0.0,1.0,0.0,Y,5.16,M,5.16,M,в 14:33 през “Складове и Стоки”,
8551,18,1,43690998,2. Консумативи,контакт 3фазен 32А,,0.0,0.0,1.0,0.0,Y,7.78,M,7.78,M,в 12:21 през “Складове и Стоки”,
8551,19,1,43690998,2. Консумативи,щепсел 3фазен 32А,,0.0,0.0,1.0,0.0,Y,9.15,M,9.15,M,в 12:21 през “Складове и Стоки”,
