__SOURCE_PAGE,__SOURCE_LINE,__RECORD_FORMAT,DATETIME,DT_DOC,DT_DOC_2S,DT_CHANGED,KASA,SMETKA,FIRMA,AGENT,PREWOZ,P_CONTACT,F_CONTACT,USD,DM,LV,S_1,S_2,S_3,S_4,S_5,LV_ZA_USD,LV_ZA_DM,DM_ZA_USD,LV_ZA_1,LV_ZA_2,LV_ZA_3,LV_ZA_4,LV_ZA_5,OWNER,SIGN_BY,FACTUR_ID,FACTUR_BY,FACTUR_NO,FACTUR_DT,FACTUR_EX,FACTUR_PN,FACTUR_PD,FACTUR_OS,ISTAT_DEAL_TYPE,ISTAT_STAT_PROC,ISTAT_TERMS,ISTAT_TRANS_TYPE,ISTAT_TRANS_FROM,ISTAT_REGION,PROPS,NOTE,IS_OPEN,DT_AVANS,CD_J_NUMBER,CD_J_DATE,CD_DDS,CD_DUTY
5255,1,1,1826566,1300661242,1300661313,1300661445,Z,0000000002,GENEBRE,,,,,0.0,0.0,966.76,0.0,0.0,0.0,0.0,0.0,2.0,1.95583,1.02258,1.0,1.0,1.0,1.0,1.0,ADMIN,,D,Грийн Иновейшън АД,,0,,,0,,,,,,,,,,,0,,1300600000,0.0,0.0
5255,2,1,6632939,1300838936,1300838984,1300839043,Z,0000000003,ШРАК ТЕХНИК ЕООД,,,,,0.0,0.0,5.0,0.0,0.0,0.0,0.0,0.0,2.0,1.95583,1.02258,1.0,1.0,1.0,1.0,1.0,ADMIN,,D,Грийн Иновейшън АД,,0,,,0,,,,,,,,,,,0,,1300800000,0.0,0.0
5255,3,1,3165006,1300840392,1300840413,1300840440,Z,0000000004,УНИТЕЛ ЕООД,,,,,0.0,0.0,900.0,0.0,0.0,0.0,0.0,0.0,2.0,1.95583,1.02258,1.0,1.0,1.0,1.0,1.0,ADMIN,,D,Грийн Иновейшън АД,389,1300140424,,,0,,,,,,,,,,,0,,1300800000,0.0,0.0
5255,4,1,45452706,1301033731,1301033750,1301033869,Z,0000000005,ИФМ ЕЛЕКТРОНИК ЕООД,,,,,0.0,0.0,2424.84,0.0,0.0,0.0,0.0,0.0,2.0,1.95583,1.02258,1.0,1.0,1.0,1.0,1.0,ADMIN,,D,Грийн Иновейшън АД,36198,1278633838,,,0,,,,,,,,,,,0,,1301000000,0.0,0.0
5255,5,1,39972610,1301039128,1301039330,1301040591,Z,0000000006,КРИСМЕТАЛ,,,,,0.0,0.0,330.25,0.0,0.0,0.0,0.0,0.0,2.0,1.95583,1.02258,1.0,1.0,1.0,1.0,1.0,ADMIN,,D,Грийн Иновейшън АД,,0,,,0,,,,,,,,,Стари наличности,,0,,1301000000,0.0,0.0
5255,6,1,42051419,1301046530,1301046584,1301046830,Z,0000000007,КРИСМЕТАЛ,,,,,0.0,0.0,323.72,0.0,0.0,0.0,0.0,0.0,2.0,1.95583,1.02258,1.0,1.0,1.0,1.0,1.0,ADMIN,,D,Грийн Иновейшън АД,,0,,,0,,,,,,,,,,,0,,1301000000,0.0,0.0
5255,7,1,44607876,1301442025,1301442059,1301743763,Z,0000000008,КРИСМЕТАЛ,,,,,0.0,0.0,1374.004,0.0,0.0,0.0,0.0,0.0,2.0,1.95583,1.02258,1.0,1.0,1.0,1.0,1.0,ADMIN,,D,Грийн Иновейшън АД,10142820,1301442971,,10142820,1301442498,,,,,,,,,,,0,,1301400000,0.0,0.0
5255,8,1,33676461,1301533578,1301533856,1301533943,Z,0000000009,ВАЛЕРУС - ВАЛЕРИ РУСИНОВ ЕТ,,,,,0.0,0.0,1620.0,0.0,0.0,0.0,0.0,0.0,2.0,1.95583,1.02258,1.0,1.0,1.0,1.0,1.0,ADMIN,,D,Грийн Иновейшън АД,122170,1300933901,,,0,,,,,,,,,,,0,,1301500000,0.0,0.0
5255,9,1,35412902,1301534433,1301534453,1301534529,Z,0000000010,ВАЛЕРУС - ВАЛЕРИ РУСИНОВ ЕТ,,,,,0.0,0.0,7020.0,0.0,0.0,0.0,0.0,0.0,2.0,1.95583,1.02258,1.0,1.0,1.0,1.0,1.0,ADMIN,,D,Грийн Иновейшън АД,122217,1301334515,,,0,,,,,,,,,,,0,,1301500000,0.0,0.0
5255,10,1,36002260,1302135630,1302135652,1302135713,Z,0000000011,ПАТЛИДЖАНСКИ ООД,,,,,0.0,0.0,1814.4,0.0,0.0,0.0,0.0,0.0,2.0,1.95583,1.02258,1.0,1.0,1.0,1.0,1.0,ADMIN,,D,Грийн Иновейшън АД,28675,1302035699,,,0,,,,,,,,,,,0,,1302100000,0.0,0.0
5255,11,1,6878510,1300260009,1300260045,1300260430,Z,0000000001,КРИСМЕТАЛ,,,,,0.0,0.0,678.12,0.0,0.0,0.0,0.0,0.0,2.0,1.95583,1.02258,1.0,1.0,1.0,1.0,1.0,ADMIN,,D,Грийн Иновейшън АД,10142438,1300260345,,,0,,,,,,,,,,,0,,1300200000,0.0,0.0
5255,12,1,50050216,1302241733,1302241775,1302242249,Z,0000000012,ДЕАТРЕЙД БГ ЕООД,,,,,0.0,0.0,0.0,0.0,0.0,0.0,0.0,0.0,2.0,1.95583,1.02258,1.0,1.0,1.0,1.0,1.0,ADMIN,,D,Грийн Иновейшън АД,3907,1301041932,,,0,,,,,,,,,,,0,,1302200000,0.0,0.0
5255,13,1,38382876,1302264600,1302264670,1302265066,Z,0000000013,КРИСМЕТАЛ,,,,,0.0,0.0,994.16,0.0,0.0,0.0,0.0,0.0,2.0,1.95583,1.02258,1.0,1.0,1.0,1.0,1.0,ADMIN,,D,Грийн Иновейшън АД,10143120,1302264772,,,0,,,,,,,,,,,0,,1302200000,0.0,0.0
5255,14,1,48492385,1302341564,1302341729,1302341899,Z,0000000014,НИРСТРОЙ ООД,,,,,0.0,0.0,69.0,0.0,0.0,0.0,0.0,0.0,2.0,1.95583,1.02258,1.0,1.0,1.0,1.0,1.0,ADMIN,,D,Грийн Иновейшън АД,132017,1302341834,,,0,,,,,,,,,,,0,,1302300000,0.0,0.0
5255,15,1,45264615,1302357353,1302357397,1302357701,Z,0000000015,SUZHOU,,,,,2809.0,0.0,0.0,0.0,0.0,0.0,0.0,0.0,2.0,1.95583,1.02258,1.0,1.0,1.0,1.0,1.0,ADMIN,,D,Грийн Иновейшън АД,VMA2025081801,1301357673,,,0,,,,,,,,,,,0,,1302300000,0.0,0.0
5255,16,1,37527279,1302362170,1302362210,1302362336,Z,0000000016,ИВДА-ГЕО ООД,,,,,0.0,0.0,145.35,0.0,0.0,0.0,0.0,0.0,2.0,1.95583,1.02258,1.0,1.0,1.0,1.0,1.0,ADMIN,,D,Грийн Иновейшън АД,164578,1302362327,,,0,,,,,,,,,,,0,,1302300000,0.0,0.0
5255,17,1,41568590,1302439015,1302439069,1302439547,Z,0000000017,ИФМ ЕЛЕКТРОНИК ЕООД,,,,,0.0,0.0,8882.704,0.0,0.0,0.0,0.0,0.0,2.0,1.95583,1.02258,1.0,1.0,1.0,1.0,1.0,ADMIN,,D,Грийн Иновейшън АД,38838,1302239536,,,0,,,,,,,,,,,0,,1302400000,0.0,0.0
5255,18,1,46806278,1302440687,1302440736,1302440921,Z,0000000018,СМ СЕНЗОРМАТИК ЕООД,,,,,0.0,0.0,5754.888,0.0,0.0,0.0,0.0,0.0,2.0,1.95583,1.02258,1.0,1.0,1.0,1.0,1.0,ADMIN,,D,Грийн Иновейшън АД,6013,1302140895,,,0,,,,,,,,,,,0,,1302400000,0.0,0.0
5255,19,1,41742386,1302462513,1302462673,1311433788,Z,0000000019,АПОГЕЙ 99 ООД,,,,,0.0,0.0,3661.32,0.0,0.0,0.0,0.0,0.0,2.0,1.95583,1.02258,1.0,1.0,1.0,1.0,1.0,ADMIN,,D,Грийн Иновейшън АД,2282,1302162727,,,0,,,,,,,,,,,0,,1302400000,0.0,0.0
5255,20,1,38839568,1302833591,1302833620,1302833794,Z,0000000020,ЯВОР-М ЕООД,,,,,0.0,0.0,171.9,0.0,0.0,0.0,0.0,0.0,2.0,1.95583,1.02258,1.0,1.0,1.0,1.0,1.0,ADMIN,,D,Грийн Иновейшън АД,96911,1302433755,,,0,,,,,,,,,,,0,,1302800000,0.0,0.0
5594,0,1,44088566,1302862987,1302863030,1303052182,Z,0000000021,КРИСМЕТАЛ,,,,,0.0,0.0,673.136,0.0,0.0,0.0,0.0,0.0,2.0,1.95583,1.02258,1.0,1.0,1.0,1.0,1.0,ADMIN,,D,Грийн Иновейшън АД,143284,1302863910,Y,,0,,,,,,,,,,,0,,1302800000,0.0,0.0
5594,1,1,34039120,1302958692,1302958725,1302958794,Z,0000000022,ИТТ БЪЛГАРИЯ ЕООД,,,,,0.0,0.0,192.912,0.0,0.0,0.0,0.0,0.0,2.0,1.95583,1.02258,1.0,1.0,1.0,1.0,1.0,ADMIN,,D,Грийн Иновейшън АД,10505475,1302858775,,,0,,,,,,,,,,,0,,1302900000,0.0,0.0
5594,2,1,37387668,1303052648,1303052794,1303053306,Z,0000000023,GENEBRE,,,,,0.0,0.0,245.66999999999996,0.0,0.0,0.0,0.0,0.0,2.0,1.95583,1.02258,1.0,1.0,1.0,1.0,1.0,ADMIN,,D,Грийн Иновейшън АД,1419196,1302253263,,,0,,,,,,,,,,,0,,1303000000,0.0,0.0
5594,3,1,43579242,1303137901,1303137992,1303139346,Z,0000000024,GENEBRE,,,,,0.0,0.0,26334.98,0.0,0.0,0.0,0.0,0.0,2.0,1.95583,1.02258,1.0,1.0,1.0,1.0,1.0,ADMIN,,D,Грийн Иновейшън АД,1419195,1302239030,,,0,,,,,,,,,,,0,,1303100000,0.0,0.0
5594,4,1,49165007,1303535747,1303536002,1303536028,Z,0000000025,стругарно,,,,,0.0,0.0,66.0,0.0,0.0,0.0,0.0,0.0,2.0,1.95583,1.02258,1.0,1.0,1.0,1.0,1.0,ADMIN,,D,Грийн Иновейшън АД,,0,,,0,,,,,,,,,,,0,,1303500000,0.0,0.0
5594,5,1,36655735,1303551848,1303551903,1303551947,Z,0000000026,ИНТЕРМЕТАЛ ООД,,,,,0.0,0.0,96.876,0.0,0.0,0.0,0.0,0.0,2.0,1.95583,1.02258,1.0,1.0,1.0,1.0,1.0,ADMIN,,D,Грийн Иновейшън АД,1172018,1303551935,,,0,,,,,,,,,,,0,,1303500000,0.0,0.0
5594,6,1,48827536,1303865207,1303865234,1303869486,Z,0000000027,КРИСМЕТАЛ,,,,,0.0,0.0,35262.0373,0.0,0.0,0.0,0.0,0.0,2.0,1.95583,1.02258,1.0,1.0,1.0,1.0,1.0,ADMIN,,D,Грийн Иновейшън АД,10143532,1303769468,,,0,,,,,,,,,,,0,,1303800000,0.0,0.0
5594,7,1,46404986,1303869947,1303869987,1303870379,Z,0000000028,КРИСМЕТАЛ,,,,,0.0,0.0,4321.704,0.0,0.0,0.0,0.0,0.0,2.0,1.95583,1.02258,1.0,1.0,1.0,1.0,1.0,ADMIN,,D,Грийн Иновейшън АД,10143548,1303770325,,,0,,,,,,,,,,,0,,1303800000,0.0,0.0
5594,8,1,43401378,1304932442,1304932470,1304932544,Z,0000000029,КРИСМЕТАЛ,,,,,0.0,0.0,78.1,0.0,0.0,0.0,0.0,0.0,2.0,1.95583,1.02258,1.0,1.0,1.0,1.0,1.0,ADMIN,,D,Грийн Иновейшън АД,10143544,1303732524,,,0,,,,,,,,,,,0,,1304900000,0.0,0.0
5594,9,1,48727531,1305141456,1305141553,1305141612,Z,0000000030,КРИСМЕТАЛ,,,,,0.0,0.0,153.36,0.0,0.0,0.0,0.0,0.0,2.0,1.95583,1.02258,1.0,1.0,1.0,1.0,1.0,ADMIN,,D,Грийн Иновейшън АД,10143626,1303841598,,,0,,,,,,,,,,,0,,1305100000,0.0,0.0
5594,10,1,38019176,1305142995,1305143072,1305143387,Z,0000000031,ИТТ БЪЛГАРИЯ ЕООД,,,,,0.0,0.0,90.38,0.0,0.0,0.0,0.0,0.0,2.0,1.95583,1.02258,1.0,1.0,1.0,1.0,1.0,ADMIN,,D,Грийн Иновейшън АД,10511494,1304943373,,,0,,,,,,,,,,,0,,1305100000,0.0,0.0
5594,11,1,46080348,1305155899,1305155947,1305156068,Z,0000000032,КОМЕТ ЕЛЕКТРОНИКС ООД,,,,,0.0,0.0,91.2,0.0,0.0,0.0,0.0,0.0,2.0,1.95583,1.02258,1.0,1.0,1.0,1.0,1.0,ADMIN,,D,Грийн Иновейшън АД,429962,1304155999,,,0,,,,,,,,,,,0,,1305100000,0.0,0.0
5594,12,1,48085251,1305158037,1305158180,1305158387,Z,0000000033,ХАРД ТЕХ ООД,,,,,0.0,0.0,191.8,0.0,0.0,0.0,0.0,0.0,2.0,1.95583,1.02258,1.0,1.0,1.0,1.0,1.0,ADMIN,,D,Грийн Иновейшън АД,19613,1304558373,,,0,,,,,,,,,,,0,,1305100000,0.0,0.0
5594,13,1,44383859,1305158413,1305158461,1305158527,Z,0000000034,ХАРД ТЕХ ООД,,,,,0.0,0.0,128.04,0.0,0.0,0.0,0.0,0.0,2.0,1.95583,1.02258,1.0,1.0,1.0,1.0,1.0,ADMIN,,D,Грийн Иновейшън АД,19615,1304558517,,,0,,,,,,,,,,,0,,1305100000,0.0,0.0
5594,14,1,42624232,1305158542,1305158569,1305158714,Z,0000000035,ХАРД ТЕХ ООД,,,,,0.0,0.0,135.52,0.0,0.0,0.0,0.0,0.0,2.0,1.95583,1.02258,1.0,1.0,1.0,1.0,1.0,ADMIN,,D,Грийн Иновейшън АД,19614,1304558703,,,0,,,,,,,,,,,0,,1305100000,0.0,0.0
5594,15,1,49623025,1305162736,1305162762,1305163219,Z,0000000036,ДЕЛТА ИНСТРУМЕНТ ООД,,,,,0.0,0.0,4440.0,0.0,0.0,0.0,0.0,0.0,2.0,1.95583,1.02258,1.0,1.0,1.0,1.0,1.0,ADMIN,,D,Грийн Иновейшън АД,24181,1304563199,,,0,,,,,,,,,,,0,,1305100000,0.0,0.0
5594,16,1,41001099,1305234818,1305234931,1305235002,Z,0000000037,ТАШЕВ ГАЛВИНГ ООД,,,,,0.0,0.0,7.59,0.0,0.0,0.0,0.0,0.0,2.0,1.95583,1.02258,1.0,1.0,1.0,1.0,1.0,ADMIN,,D,Грийн Иновейшън АД,2698164,1304334980,,,0,,,,,,,,,,,0,,1305200000,0.0,0.0
5594,17,1,41028384,1305235075,1305235113,1305235177,Z,0000000038,ВАЛЕРУС - ВАЛЕРИ РУСИНОВ ЕТ,,,,,0.0,0.0,1620.0,0.0,0.0,0.0,0.0,0.0,2.0,1.95583,1.02258,1.0,1.0,1.0,1.0,1.0,ADMIN,,D,Грийн Иновейшън АД,122846,1304435160,,,0,,,,,,,,,,,0,,1305200000,0.0,0.0
5594,18,1,37174955,1305236180,1305236333,1305236402,Z,0000000039,ДФ БЪЛГАРИЯ ЕООД,,,,,0.0,0.0,43508.3,0.0,0.0,0.0,0.0,0.0,2.0,1.95583,1.02258,1.0,1.0,1.0,1.0,1.0,ADMIN,,D,Грийн Иновейшън АД,1216,1304936385,,,0,,,,,,,,,,,0,,1305200000,0.0,0.0
5658,0,1,48811369,1305237529,1305237557,1305237595,Z,0000000040,СИМЕЙ ООД,,,,,0.0,0.0,360.0,0.0,0.0,0.0,0.0,0.0,2.0,1.95583,1.02258,1.0,1.0,1.0,1.0,1.0,ADMIN,,D,Грийн Иновейшън АД,63082,1304337580,,,0,,,,,,,,,,,0,,1305200000,0.0,0.0
5658,1,1,49937682,1305238695,1305238720,1305238794,Z,0000000041,АНГЕЛ СТОИЛОВ-96 АД,,,,,0.0,0.0,128.4,0.0,0.0,0.0,0.0,0.0,2.0,1.95583,1.02258,1.0,1.0,1.0,1.0,1.0,ADMIN,,D,Грийн Иновейшън АД,6722,1304438782,,,0,,,,,,,,,,,0,,1305200000,0.0,0.0
5658,2,1,50259698,1305239404,1305239521,1305239579,Z,0000000042,ИВДА-ГЕО ООД,,,,,0.0,0.0,59.4,0.0,0.0,0.0,0.0,0.0,2.0,1.95583,1.02258,1.0,1.0,1.0,1.0,1.0,ADMIN,,D,Грийн Иновейшън АД,165685,1304939570,,,0,,,,,,,,,,,0,,1305200000,0.0,0.0
5658,3,1,48350534,1305242582,1305242602,1305242690,Z,0000000043,ВАЛЕРУС - ВАЛЕРИ РУСИНОВ ЕТ,,,,,0.0,0.0,379.2,0.0,0.0,0.0,0.0,0.0,2.0,1.95583,1.02258,1.0,1.0,1.0,1.0,1.0,ADMIN,,D,Грийн Иновейшън АД,74922,1305242658,,,0,,,,,,,,,74922-проформа ф-ра,,0,,1305200000,0.0,0.0
5658,4,1,41029011,1305262766,1305262766,1305263239,Z,0000000044,ИНВЕСТ ЕЛЕКТРОНИКС ООД,,,,,0.0,0.0,7752.0,0.0,0.0,0.0,0.0,0.0,2.0,1.95583,1.02258,1.0,1.0,1.0,1.0,1.0,ADMIN,,D,Грийн Иновейшън АД,213814,1303963222,,,0,,,,,,,,,,,0,,1305200000,0.0,0.0
5658,5,1,44204736,1305538838,1305538878,1305538991,Z,0000000045,ЛД ООД,,,,,0.0,0.0,593.4,0.0,0.0,0.0,0.0,0.0,2.0,1.95583,1.02258,1.0,1.0,1.0,1.0,1.0,ADMIN,,D,Грийн Иновейшън АД,261188,1303538979,,,0,,,,,,,,,,,0,,1305500000,0.0,0.0
5658,6,1,40574174,1305538994,1305539023,1305539071,Z,0000000046,ЛД ООД,,,,,0.0,0.0,318.24,0.0,0.0,0.0,0.0,0.0,2.0,1.95583,1.02258,1.0,1.0,1.0,1.0,1.0,ADMIN,,D,Грийн Иновейшън АД,261121,1303139061,,,0,,,,,,,,,,,0,,1305500000,0.0,0.0
5658,7,1,48311715,1305539734,1305539755,1305539827,Z,0000000047,ЛД ООД,,,,,0.0,0.0,636.0,0.0,0.0,0.0,0.0,0.0,2.0,1.95583,1.02258,1.0,1.0,1.0,1.0,1.0,ADMIN,,D,Грийн Иновейшън АД,261508,1304139811,,,0,,,,,,,,,,,0,,1305500000,0.0,0.0
5658,8,1,47201478,1305539864,1305539882,1305539938,Z,0000000048,ЛД ООД,,,,,0.0,0.0,318.0,0.0,0.0,0.0,0.0,0.0,2.0,1.95583,1.02258,1.0,1.0,1.0,1.0,1.0,ADMIN,,D,Грийн Иновейшън АД,261509,1304139929,,,0,,,,,,,,,,,0,,1305500000,0.0,0.0
5658,9,1,42312747,1305542037,1305542054,1305542604,Z,0000000049,ЛД ООД,,,,,0.0,0.0,3541.44,0.0,0.0,0.0,0.0,0.0,2.0,1.95583,1.02258,1.0,1.0,1.0,1.0,1.0,ADMIN,,D,Грийн Иновейшън АД,261780,1304542583,,,0,,,,,,,,,,,0,,1305500000,0.0,0.0
5658,10,1,37379396,1305542754,1305542825,1305543079,Z,0000000050,ЛД ООД,,,,,0.0,0.0,1179.14,0.0,0.0,0.0,0.0,0.0,2.0,1.95583,1.02258,1.0,1.0,1.0,1.0,1.0,ADMIN,,D,Грийн Иновейшън АД,261920,1305043059,,,0,,,,,,,,,,,0,,1305500000,0.0,0.0
5658,11,1,46974319,1305543191,1305543209,1305543266,Z,0000000051,ЛД ООД,,,,,0.0,0.0,368.0,0.0,0.0,0.0,0.0,0.0,2.0,1.95583,1.02258,1.0,1.0,1.0,1.0,1.0,ADMIN,,D,Грийн Иновейшън АД,261922,1305043255,,,0,,,,,,,,,,,0,,1305500000,0.0,0.0
5658,12,1,46788486,1305637064,1305637100,1305637403,Z,0000000052,ШРАК ТЕХНИК ЕООД,,,,,0.0,0.0,181.19,0.0,0.0,0.0,0.0,0.0,2.0,1.95583,1.02258,1.0,1.0,1.0,1.0,1.0,ADMIN,,D,Грийн Иновейшън АД,1459015834,1304337375,,,0,,,,,,,,,,,0,,1305600000,0.0,0.0
5658,13,1,38832036,1305644564,1305644585,1305644746,Z,0000000053,АКВАФОР БЪЛГАРИЯ ООД,,,,,0.0,0.0,2892.120000000001,0.0,0.0,0.0,0.0,0.0,2.0,1.95583,1.02258,1.0,1.0,1.0,1.0,1.0,ADMIN,,D,Грийн Иновейшън АД,81066,1303044731,,,0,,,,,,,,,,,0,,1305600000,0.0,0.0
5658,14,1,38629448,1305655240,1305655260,1305655730,Z,0000000054,GEMMECOTTI SRL,,,,,0.0,3087.0,0.0,0.0,0.0,0.0,0.0,0.0,2.0,1.95583,1.02258,1.0,1.0,1.0,1.0,1.0,ADMIN,,D,Грийн Иновейшън АД,1/862,1303655715,,,0,,,,,,,,,,,0,,1305600000,0.0,0.0
5658,15,1,38833811,1305741580,1305741636,1305741853,Z,0000000055,SCHUBERT & SALZER,,,,,0.0,13605.46,0.0,0.0,0.0,0.0,0.0,0.0,2.0,1.95583,1.02258,1.0,1.0,1.0,1.0,1.0,ADMIN,,D,Грийн Иновейшън АД,R2025.10.06788,1305641827,,,0,,,,,,,,,,,0,,1305700000,0.0,0.0
5658,16,1,46148290,1305749917,1305749941,1305750182,Z,0000000056,BROOKS INSTRUMENT GmbH,,,,,0.0,7037.73,0.0,0.0,0.0,0.0,0.0,0.0,2.0,1.95583,1.02258,1.0,1.0,1.0,1.0,1.0,ADMIN,,D,Грийн Иновейшън АД,928991,1303750150,,,0,,,,,,,,,,,0,,1305700000,0.0,0.0
5658,17,1,49596078,1305834204,1305834234,1305835996,Z,0000000057,ADEV S.R.L.,,,,,0.0,18585.103208,0.0,0.0,0.0,0.0,0.0,0.0,2.0,1.95583,1.02258,1.0,1.0,1.0,1.0,1.0,ADMIN,,D,Грийн Иновейшън АД,333/E/25,1305035620,,,0,,,,,,,,,,,0,,1305800000,0.0,0.0
5658,18,1,39355756,1305862067,1305862109,1305863547,Z,0000000058,CENTRAL FLUIDSYSTEMS S.R.O. / SWAGELOK,,,,,0.0,4060.91,0.0,0.0,0.0,0.0,0.0,0.0,2.0,1.95583,1.02258,1.0,1.0,1.0,1.0,1.0,ADMIN,,D,Грийн Иновейшън АД,25002999,1305663482,,,0,,,,,,,,,,,0,,1305800000,0.0,0.0
5696,0,1,37685575,1305932796,1305932849,1305933617,Z,0000000059,КРИСМЕТАЛ,,,,,0.0,0.0,3102.05,0.0,0.0,0.0,0.0,0.0,2.0,1.95583,1.02258,1.0,1.0,1.0,1.0,1.0,ADMIN,,D,Грийн Иновейшън АД,10144231,1305733607,,,0,,,,,,,,,,,0,,1305900000,0.0,0.0
5696,1,1,38071344,1305934831,1305934847,1305934925,Z,0000000060,БАКТРЕЙД ООД,,,,,0.0,0.0,176.52,0.0,0.0,0.0,0.0,0.0,2.0,1.95583,1.02258,1.0,1.0,1.0,1.0,1.0,ADMIN,,D,Грийн Иновейшън АД,36392,1305634897,,,0,,,,,,,,,,,0,,1305900000,0.0,0.0
5696,2,1,43137882,1305961200,1305961220,1305961321,Z,0000000061,АНГЕЛ СТОИЛОВ-96 АД,,,,,0.0,0.0,7238.48,0.0,0.0,0.0,0.0,0.0,2.0,1.95583,1.02258,1.0,1.0,1.0,1.0,1.0,ADMIN,,D,Грийн Иновейшън АД,7753,1300161299,,,0,,,,,,,,,,,0,,1305900000,0.0,0.0
5696,3,1,38058525,1305961816,1305961834,1305961990,Z,0000000062,МИКРОМАКС ТРЕЙД ООД,,,,,0.0,0.0,1080.0,0.0,0.0,0.0,0.0,0.0,2.0,1.95583,1.02258,1.0,1.0,1.0,1.0,1.0,ADMIN,,D,Грийн Иновейшън АД,192741,1305961980,,,0,,,,,,,,,,,0,,1305900000,0.0,0.0
5696,4,1,47079747,1306264576,1306264605,1306333569,Z,0000000063,ФИЛИПЕКС - ИЛИЯ ФИЛИПОВ ЕТ,,,,,0.0,0.0,97556.28,0.0,0.0,0.0,0.0,0.0,2.0,1.95583,1.02258,1.0,1.0,1.0,1.0,1.0,ADMIN,,D,Грийн Иновейшън АД,97611,1300833559,,,0,,,,,,,,,,,0,,1306200000,0.0,0.0
5696,5,1,45871328,1306342150,1306342188,1306342241,Z,0000000064,ШРАК ТЕХНИК ЕООД,,,,,0.0,0.0,108.7,0.0,0.0,0.0,0.0,0.0,2.0,1.95583,1.02258,1.0,1.0,1.0,1.0,1.0,ADMIN,,D,Грийн Иновейшън АД,1459016267,1305042228,,,0,,,,,,,,,,,0,,1306300000,0.0,0.0
5696,6,1,40262814,1306343407,1306343457,1306343679,Z,0000000065,ШРАК ТЕХНИК ЕООД,,,,,0.0,0.0,213.41,0.0,0.0,0.0,0.0,0.0,2.0,1.95583,1.02258,1.0,1.0,1.0,1.0,1.0,ADMIN,,D,Грийн Иновейшън АД,1459015258,1303543627,,,0,,,,,,,,,,,0,,1306300000,0.0,0.0
5696,7,1,47987999,1306345470,1306345504,1306345552,Z,0000000066,ШРАК ТЕХНИК ЕООД,,,,,0.0,0.0,56.4,0.0,0.0,0.0,0.0,0.0,2.0,1.95583,1.02258,1.0,1.0,1.0,1.0,1.0,ADMIN,,D,Грийн Иновейшън АД,1459016513,1305545535,,,0,,,,,,,,,,,0,,1306300000,0.0,0.0
5696,8,1,34378253,1306352692,1306352712,1306352762,Z,0000000067,КРИСМЕТАЛ,,,,,0.0,0.0,1920.0,0.0,0.0,0.0,0.0,0.0,2.0,1.95583,1.02258,1.0,1.0,1.0,1.0,1.0,ADMIN,,D,Грийн Иновейшън АД,10144259,1305852750,,,0,,,,,,,,,,,0,,1306300000,0.0,0.0
5696,9,1,45509107,1306432704,1306432734,1306432812,Z,0000000068,ИТТ БЪЛГАРИЯ ЕООД,,,,,0.0,0.0,27.0,0.0,0.0,0.0,0.0,0.0,2.0,1.95583,1.02258,1.0,1.0,1.0,1.0,1.0,ADMIN,,D,Грийн Иновейшън АД,10514758,1305832794,,,0,,,,,,,,,,,0,,1306400000,0.0,0.0
5696,10,1,34507893,1306434709,1306434723,1306434776,Z,0000000069,ДЖУСИТА-ДЕС ООД,,,,,0.0,0.0,10800.0,0.0,0.0,0.0,0.0,0.0,2.0,1.95583,1.02258,1.0,1.0,1.0,1.0,1.0,ADMIN,,D,Грийн Иновейшън АД,18834,1305134759,,,0,,,,,,,,,,,0,,1306400000,0.0,0.0
5696,11,1,42570068,1306435711,1306435724,1306435774,Z,0000000070,ДЕАТРЕЙД БГ ЕООД,,,,,0.0,0.0,847.92,0.0,0.0,0.0,0.0,0.0,2.0,1.95583,1.02258,1.0,1.0,1.0,1.0,1.0,ADMIN,,D,Грийн Иновейшън АД,4170,1305835758,,,0,,,,,,,,,,,0,,1306400000,0.0,0.0
5696,12,1,46155776,1306451983,1306452027,1306452262,Z,0000000071,AFP TECH S.R.L.,,,,,0.0,2050.01725,0.0,0.0,0.0,0.0,0.0,0.0,2.0,1.95583,1.02258,1.0,1.0,1.0,1.0,1.0,ADMIN,,D,Грийн Иновейшън АД,246/2025,1305952231,,,0,,,,,,,,,,,0,,1306400000,0.0,0.0
5696,13,1,35819829,1306452775,1306452835,1306452886,Z,0000000072,ИТТ БЪЛГАРИЯ ЕООД,,,,,0.0,0.0,35.5,0.0,0.0,0.0,0.0,0.0,2.0,1.95583,1.02258,1.0,1.0,1.0,1.0,1.0,ADMIN,,D,Грийн Иновейшън АД,240045082,1306452876,,,0,,,,,,,,,,,0,,1306400000,0.0,0.0
5696,14,1,45206066,1306541807,1306541836,1306541982,Z,0000000073,ИТТ БЪЛГАРИЯ ЕООД,,,,,0.0,0.0,1.46,0.0,0.0,0.0,0.0,0.0,2.0,1.95583,1.02258,1.0,1.0,1.0,1.0,1.0,ADMIN,,D,Грийн Иновейшън АД,340044944,1305741954,,,0,,,,,,,,,,,0,,1306500000,0.0,0.0
5696,15,1,47560598,1306643724,1306643835,1306644547,Z,0000000074,КРИСМЕТАЛ,,,,,0.0,0.0,2255.92,0.0,0.0,0.0,0.0,0.0,2.0,1.95583,1.02258,1.0,1.0,1.0,1.0,1.0,ADMIN,,D,Грийн Иновейшън АД,10144596,1306644539,,,0,,,,,,,,,,,0,,1306600000,0.0,0.0
5696,16,1,35186127,1306651633,1306651713,1306651788,Z,0000000075,ШРАК ТЕХНИК ЕООД,,,,,0.0,0.0,105.68,0.0,0.0,0.0,0.0,0.0,2.0,1.95583,1.02258,1.0,1.0,1.0,1.0,1.0,ADMIN,,D,Грийн Иновейшън АД,1459017125,1306251759,,,0,,,,,,,,,,,0,,1306600000,0.0,0.0
5696,17,1,39879427,1306959182,1306959182,1306959237,Z,0000000076,ИНВЕСТ ЕЛЕКТРОНИКС ООД,,,,,0.0,0.0,270.3,0.0,0.0,0.0,0.0,0.0,2.0,1.95583,1.02258,1.0,1.0,1.0,1.0,1.0,ADMIN,,D,Грийн Иновейшън АД,19317,1300259221,,,0,,,,,,,,,,,0,,1306900000,0.0,0.0
5696,18,1,39075142,1307054154,1307054176,1307054303,Z,0000000077,ЛД ООД,,,,,0.0,0.0,5584.32,0.0,0.0,0.0,0.0,0.0,2.0,1.95583,1.02258,1.0,1.0,1.0,1.0,1.0,ADMIN,,D,Грийн Иновейшън АД,,0,,,0,,,,,,,,,няма фактура,,0,,1307000000,0.0,0.0
5790,0,1,35807438,1307130056,1307130088,1307130289,Z,0000000078,SUZHOU,,,,,62975.1,0.0,0.0,0.0,0.0,0.0,0.0,0.0,2.0,1.95583,1.02258,1.0,1.0,1.0,1.0,1.0,ADMIN,,D,Грийн Иновейшън АД,VMA20250921,1304730248,,,0,,,,,,,,,,,0,,1307100000,0.0,0.0
5790,1,1,44001677,1307150017,1307150035,1307150231,Z,0000000079,АЛЕЗОР ЕООД,,,,,0.0,0.0,485.6,0.0,0.0,0.0,0.0,0.0,2.0,1.95583,1.02258,1.0,1.0,1.0,1.0,1.0,ADMIN,,D,Грийн Иновейшън АД,24295,1307050221,,,0,,,,,,,,,,,0,,1307100000,0.0,0.0
5790,2,1,47105115,1307150526,1307150548,1307150596,Z,0000000080,БУЛТЕХ ЕООД,,,,,0.0,0.0,16.4,0.0,0.0,0.0,0.0,0.0,2.0,1.95583,1.02258,1.0,1.0,1.0,1.0,1.0,ADMIN,,D,Грийн Иновейшън АД,196057,1306950586,,,0,,,,,,,,,,,0,,1307100000,0.0,0.0
5790,3,1,46968514,1307159183,1307159199,1307159295,Z,0000000081,TRANSFER MULTISORT ELEKTRONIK SP. ZO.O.,,,,,0.0,295.2,0.0,0.0,0.0,0.0,0.0,0.0,2.0,1.95583,1.02258,1.0,1.0,1.0,1.0,1.0,ADMIN,,D,Грийн Иновейшън АД,1251581337,1307059257,,,0,,,,,,,,,,,0,,1307100000,0.0,0.0
5790,4,1,42437451,1307632453,1307632509,1307856884,Z,0000000082,CENTRAL FLUIDSYSTEMS S.R.O. / SWAGELOK,,,,,0.0,2416.76,0.0,0.0,0.0,0.0,0.0,0.0,2.0,1.95583,1.02258,1.0,1.0,1.0,1.0,1.0,ADMIN,,D,Грийн Иновейшън АД,25003225,1307332639,,,0,,,,,,,,,,,0,,1307600000,0.0,0.0
5790,5,1,46317287,1307634662,1307634743,1307635537,Z,0000000083,ШРАК ТЕХНИК ЕООД,,,,,0.0,0.0,222.1,0.0,0.0,0.0,0.0,0.0,2.0,1.95583,1.02258,1.0,1.0,1.0,1.0,1.0,ADMIN,,D,Грийн Иновейшън АД,1459017916,1307235529,,,0,,,,,,,,,,,0,,1307600000,0.0,0.0
5790,6,1,34053925,1307639453,1307639487,1307639541,Z,0000000084,ХАРД ТЕХ ООД,,,,,0.0,0.0,161.36,0.0,0.0,0.0,0.0,0.0,2.0,1.95583,1.02258,1.0,1.0,1.0,1.0,1.0,ADMIN,,D,Грийн Иновейшън АД,19718,1307139531,,,0,,,,,,,,,,,0,,1307600000,0.0,0.0
5790,7,1,41021969,1307653797,1307653814,1307655458,Z,0000000085,ЛОГИСОФТ ЕООД,,,,,0.0,0.0,2957.16,0.0,0.0,0.0,0.0,0.0,2.0,1.95583,1.02258,1.0,1.0,1.0,1.0,1.0,ADMIN,,D,Грийн Иновейшън АД,2505,1306355077,,,0,,,,,,,,,,,0,,1307600000,0.0,0.0
5790,8,1,47176214,1307657109,1307657168,1307657242,Z,0000000086,RS COMPONENTS LTD,,,,,0.0,37.12,0.0,0.0,0.0,0.0,0.0,0.0,2.0,1.95583,1.02258,1.0,1.0,1.0,1.0,1.0,ADMIN,,D,Грийн Иновейшън АД,2220118319,1307057212,,,0,,,,,,,,,,,0,,1307600000,0.0,0.0
5790,9,1,41667759,1307657476,1307657493,1307657536,Z,0000000087,СИТИ СКЛАД ЕООД,,,,,0.0,0.0,5800.0,0.0,0.0,0.0,0.0,0.0,2.0,1.95583,1.02258,1.0,1.0,1.0,1.0,1.0,ADMIN,,D,Грийн Иновейшън АД,653,1307657526,,,0,,,,,,,,,,,0,,1307600000,0.0,0.0
5790,10,1,34587011,1307657950,1307657971,1307658065,Z,0000000088,ЛД ООД,,,,,0.0,0.0,328.96,0.0,0.0,0.0,0.0,0.0,2.0,1.95583,1.02258,1.0,1.0,1.0,1.0,1.0,ADMIN,,D,Грийн Иновейшън АД,263197,1307258045,,,0,,,,,,,,,,,0,,1307600000,0.0,0.0
5790,11,1,46377330,1307659922,1307659951,1307850945,Z,0000000089,ПАВИРАНИ ООД,,,,,0.0,0.0,64.74,0.0,0.0,0.0,0.0,0.0,2.0,1.95583,1.02258,1.0,1.0,1.0,1.0,1.0,ADMIN,,D,Грийн Иновейшън АД,106197,1307359981,Y,,0,,,,,,,,,,,0,,1307600000,0.0,0.0
5790,12,1,36466852,1307830235,1307830252,1307830555,Z,0000000090,ЛД ООД,,,,,0.0,0.0,680.6,0.0,0.0,0.0,0.0,0.0,2.0,1.95583,1.02258,1.0,1.0,1.0,1.0,1.0,ADMIN,,D,Грийн Иновейшън АД,263403,1307730536,,,0,,,,,,,,,,,0,,1307800000,0.0,0.0
5790,13,1,38677557,1307862169,1307862191,1307940377,Z,0000000091,A.M.P.E.R.E. ALLOYS SAS,,,,,0.0,5135.0,0.0,0.0,0.0,0.0,0.0,0.0,2.0,1.95583,1.02258,1.0,1.0,1.0,1.0,1.0,ADMIN,,D,Грийн Иновейшън АД,5166101,1306440356,,,0,,,,,,,,,,,0,,1307800000,0.0,0.0
5790,14,1,41587473,1307929999,1307930088,1307930151,Z,0000000092,ЛД ООД,,,,,0.0,0.0,375.7,0.0,0.0,0.0,0.0,0.0,2.0,1.95583,1.02258,1.0,1.0,1.0,1.0,1.0,ADMIN,,D,Грийн Иновейшън АД,263496,1307830139,,,0,,,,,,,,,,,0,,1307900000,0.0,0.0
5790,15,1,43146800,1308063118,1308063147,1308063404,Z,0000000093,КОМЕТ ЕЛЕКТРОНИКС ООД,,,,,0.0,0.0,79.09,0.0,0.0,0.0,0.0,0.0,2.0,1.95583,1.02258,1.0,1.0,1.0,1.0,1.0,ADMIN,,D,Грийн Иновейшън АД,432483,1308063376,,,0,,,,,,,,,,,0,,1308000000,0.0,0.0
5790,16,1,39356480,1308433259,1308433278,1308433378,Z,0000000094,ЩАЙНБЕРГЕР ООД,,,,,0.0,0.0,46.08,0.0,0.0,0.0,0.0,0.0,2.0,1.95583,1.02258,1.0,1.0,1.0,1.0,1.0,ADMIN,,D,Грийн Иновейшън АД,28871,1307633346,,,0,,,,,,,,,,,0,,1308400000,0.0,0.0
5790,17,1,41976512,1308433710,1308433734,1308433810,Z,0000000095,ИВДА-ГЕО ООД,,,,,0.0,0.0,21.6,0.0,0.0,0.0,0.0,0.0,2.0,1.95583,1.02258,1.0,1.0,1.0,1.0,1.0,ADMIN,,D,Грийн Иновейшън АД,167415,1308333799,,,0,,,,,,,,,,,0,,1308400000,0.0,0.0
5790,18,1,40407147,1308730181,1308730204,1308730271,Z,0000000096,КРИСМЕТАЛ,,,,,0.0,0.0,381.44,0.0,0.0,0.0,0.0,0.0,2.0,1.95583,1.02258,1.0,1.0,1.0,1.0,1.0,ADMIN,,D,Грийн Иновейшън АД,10145394,1308530245,,,0,,,,,,,,,,,0,,1308700000,0.0,0.0
5480,0,1,47707450,1309032198,1309032257,1309032680,Z,0000000097,НИДАКС БЪЛГАРИЯ  ЕООД,,,,,0.0,0.0,1465.62,0.0,0.0,0.0,0.0,0.0,2.0,1.95583,1.02258,1.0,1.0,1.0,1.0,1.0,ADMIN,,D,Грийн Иновейшън АД,47571,1307132666,,,0,,,,,,,,,,,0,,1309000000,0.0,0.0
5480,1,1,36330120,1309133120,1309133147,1309133418,Z,0000000098,КОМЕТ ЕЛЕКТРОНИКС ООД,,,,,0.0,0.0,373.1,0.0,0.0,0.0,0.0,0.0,2.0,1.95583,1.02258,1.0,1.0,1.0,1.0,1.0,ADMIN,,D,Грийн Иновейшън АД,432681,1308433236,,,0,,,,,,,,,,,0,,1309100000,0.0,0.0
5480,2,1,49993345,1309151954,1309151977,1309151985,Z,0000000099,ПАТЛИДЖАНСКИ ООД,,,,,0.0,0.0,15.5,0.0,0.0,0.0,0.0,0.0,2.0,1.95583,1.02258,1.0,1.0,1.0,1.0,1.0,ADMIN,,D,Грийн Иновейшън АД,,0,,,0,,,,,,,,,,,0,,1309100000,0.0,0.0
5480,3,1,48478293,1309232809,1309232830,1309233117,Z,0000000100,ИТТ БЪЛГАРИЯ ЕООД,,,,,0.0,0.0,235.72,0.0,0.0,0.0,0.0,0.0,2.0,1.95583,1.02258,1.0,1.0,1.0,1.0,1.0,ADMIN,,D,Грийн Иновейшън АД,10524822,1308733102,,,0,,,,,,,,,,,0,,1309200000,0.0,0.0
5480,4,1,34144768,1309234336,1309234839,1309234993,Z,0000000101,ИВДА-ГЕО ООД,,,,,0.0,0.0,501.01,0.0,0.0,0.0,0.0,0.0,2.0,1.95583,1.02258,1.0,1.0,1.0,1.0,1.0,ADMIN,,D,Грийн Иновейшън АД,167836,1309134981,,,0,,,,,,,,,,,0,,1309200000,0.0,0.0
5480,5,1,49423417,1309329859,1309329911,1309330012,Z,0000000102,НИДАКС БЪЛГАРИЯ  ЕООД,,,,,0.0,0.0,66.24,0.0,0.0,0.0,0.0,0.0,2.0,1.95583,1.02258,1.0,1.0,1.0,1.0,1.0,ADMIN,,D,Грийн Иновейшън АД,47914,1309129943,,,0,,,,,,,,,,,0,,1309300000,0.0,0.0
5480,6,1,41770268,1309734080,1309734112,1309734252,Z,0000000103,КОМЕТ ЕЛЕКТРОНИКС ООД,,,,,0.0,0.0,244.4,0.0,0.0,0.0,0.0,0.0,2.0,1.95583,1.02258,1.0,1.0,1.0,1.0,1.0,ADMIN,,D,Грийн Иновейшън АД,433309,1309334235,,,0,,,,,,,,,,,0,,1309700000,0.0,0.0
5480,7,1,36197079,1309734923,1309734977,1309735094,Z,0000000104,ИВДА-ГЕО ООД,,,,,0.0,0.0,288.18,0.0,0.0,0.0,0.0,0.0,2.0,1.95583,1.02258,1.0,1.0,1.0,1.0,1.0,ADMIN,,D,Грийн Иновейшън АД,167992,1309435085,,,0,,,,,,,,,,,0,,1309700000,0.0,0.0
5480,8,1,35953555,1309761655,1309761923,1309763108,Z,0000000105,ШРАК ТЕХНИК ЕООД,,,,,0.0,0.0,725.118,0.0,0.0,0.0,0.0,0.0,2.0,1.95583,1.02258,1.0,1.0,1.0,1.0,1.0,ADMIN,,D,Грийн Иновейшън АД,1459019554,1309463097,,,0,,,,,,,,,,,0,,1309700000,0.0,0.0
5480,9,1,36129099,1309834527,1309834548,1309834593,Z,0000000106,ГУМПЛАСТ ООД,,,,,0.0,0.0,210.0,0.0,0.0,0.0,0.0,0.0,2.0,1.95583,1.02258,1.0,1.0,1.0,1.0,1.0,ADMIN,,D,Грийн Иновейшън АД,4031,1309734582,,,0,,,,,,,,,,,0,,1309800000,0.0,0.0
5480,10,1,49636250,1309835535,1309835560,1309836254,Z,0000000107,ШРАК ТЕХНИК ЕООД,,,,,0.0,0.0,1146.73,0.0,0.0,0.0,0.0,0.0,2.0,1.95583,1.02258,1.0,1.0,1.0,1.0,1.0,ADMIN,,D,Грийн Иновейшън АД,1459019733,1309736145,,,0,,,,,,,,,,,0,,1309800000,0.0,0.0
5480,11,1,41590418,1309840532,1309840566,1309840918,Z,0000000108,ИТТ БЪЛГАРИЯ ЕООД,,,,,0.0,0.0,157.56,0.0,0.0,0.0,0.0,0.0,2.0,1.95583,1.02258,1.0,1.0,1.0,1.0,1.0,ADMIN,,D,Грийн Иновейшън АД,10527503,1309440906,,,0,,,,,,,,,,,0,,1309800000,0.0,0.0
5480,12,1,40651421,1309841549,1309841594,1309842492,Z,0000000109,ИВДА-ГЕО ООД,,,,,0.0,0.0,204.15,0.0,0.0,0.0,0.0,0.0,2.0,1.95583,1.02258,1.0,1.0,1.0,1.0,1.0,ADMIN,,D,Грийн Иновейшън АД,8032,1309741698,,,0,,,,,,,,,,,0,,1309800000,0.0,0.0
5480,13,1,49473062,1309857118,1309857163,1309857206,Z,0000000110,МЕРКОМ ЕООД,,,,,0.0,0.0,1322.4,0.0,0.0,0.0,0.0,0.0,2.0,1.95583,1.02258,1.0,1.0,1.0,1.0,1.0,ADMIN,,D,Грийн Иновейшън АД,1013328,1309457197,,,0,,,,,,,,,,,0,,1309800000,0.0,0.0
5480,14,1,40456087,1309958619,1309958643,1309958681,Z,0000000111,ШРАК ТЕХНИК ЕООД,,,,,0.0,0.0,190.08,0.0,0.0,0.0,0.0,0.0,2.0,1.95583,1.02258,1.0,1.0,1.0,1.0,1.0,ADMIN,,D,Грийн Иновейшън АД,1459019996,1309958672,,,0,,,,,,,,,,,0,,1309900000,0.0,0.0
5480,15,1,34327954,1309960020,1309960090,1309961485,Z,0000000112,ШРАК ТЕХНИК ЕООД,,,,,0.0,0.0,787.57,0.0,0.0,0.0,0.0,0.0,2.0,1.95583,1.02258,1.0,1.0,1.0,1.0,1.0,ADMIN,,D,Грийн Иновейшън АД,1459019939,1309961477,,,0,,,,,,,,,,,0,,1309900000,0.0,0.0
5480,16,1,41576703,1310032831,1310032873,1310033014,Z,0000000113,НИРСТРОЙ ООД,,,,,0.0,0.0,239.796,0.0,0.0,0.0,0.0,0.0,2.0,1.95583,1.02258,1.0,1.0,1.0,1.0,1.0,ADMIN,,D,Грийн Иновейшън АД,134250,1309932974,,,0,,,,,,,,,,,0,,1310000000,0.0,0.0
5480,17,1,46082984,1310033227,1310033243,1310033291,Z,0000000114,ИТТ БЪЛГАРИЯ ЕООД,,,,,0.0,0.0,76.0,0.0,0.0,0.0,0.0,0.0,2.0,1.95583,1.02258,1.0,1.0,1.0,1.0,1.0,ADMIN,,D,Грийн Иновейшън АД,10527933,1309733277,,,0,,,,,,,,,,,0,,1310000000,0.0,0.0
5480,18,1,39615148,1310034284,1310034318,1310034458,Z,0000000115,ИТТ БЪЛГАРИЯ ЕООД,,,,,0.0,0.0,10.72999999999999,0.0,0.0,0.0,0.0,0.0,2.0,1.95583,1.02258,1.0,1.0,1.0,1.0,1.0,ADMIN,,D,Грийн Иновейшън АД,340045915,1309834446,,,0,,,,,,,,,,,0,,1310000000,0.0,0.0
6071,0,1,42783170,1310035250,1310035280,1310035553,Z,0000000116,ДОВЕРИЕ-БРИКО АД,,,,,0.0,0.0,120.94,0.0,0.0,0.0,0.0,0.0,2.0,1.95583,1.02258,1.0,1.0,1.0,1.0,1.0,ADMIN,,D,Грийн Иновейшън АД,20218272,1309835368,,,0,,,,,,,,,,,0,,1310000000,0.0,0.0
6071,1,1,47828419,1310042969,1310043027,1310043089,Z,0000000117,СМ СЕНЗОРМАТИК ЕООД,,,,,0.0,0.0,5.0,0.0,0.0,0.0,0.0,0.0,2.0,1.95583,1.02258,1.0,1.0,1.0,1.0,1.0,ADMIN,,D,Грийн Иновейшън АД,,0,,,0,,,,,,,,,От ремонт,,0,,1310000000,0.0,0.0
6071,2,1,37094582,1310044842,1310044906,1310044955,Z,0000000118,ИТТ БЪЛГАРИЯ ЕООД,,,,,0.0,0.0,10.0,0.0,0.0,0.0,0.0,0.0,2.0,1.95583,1.02258,1.0,1.0,1.0,1.0,1.0,ADMIN,,D,Грийн Иновейшън АД,340045982,1310044946,,,0,,,,,,,,,,,0,,1310000000,0.0,0.0
6071,3,1,48999513,1310433169,1310433210,1310433379,Z,0000000119,НИДАКС БЪЛГАРИЯ  ЕООД,,,,,0.0,0.0,86.91,0.0,0.0,0.0,0.0,0.0,2.0,1.95583,1.02258,1.0,1.0,1.0,1.0,1.0,ADMIN,,D,Грийн Иновейшън АД,48078,1309933368,,,0,,,,,,,,,,,0,,1310400000,0.0,0.0
6071,4,1,40535871,1310435605,1310435653,1310435746,Z,0000000120,КОМЕТ ЕЛЕКТРОНИКС ООД,,,,,0.0,0.0,29.0,0.0,0.0,0.0,0.0,0.0,2.0,1.95583,1.02258,1.0,1.0,1.0,1.0,1.0,ADMIN,,D,Грийн Иновейшън АД,433867,1310035714,,,0,,,,,,,,,,,0,,1310400000,0.0,0.0
6071,5,1,40920450,1310437626,1310437646,1310437712,Z,0000000121,КРИСМЕТАЛ,,,,,0.0,0.0,1012.42,0.0,0.0,0.0,0.0,0.0,2.0,1.95583,1.02258,1.0,1.0,1.0,1.0,1.0,ADMIN,,D,Грийн Иновейшън АД,10146144,1310137701,,,0,,,,,,,,,,,0,,1310400000,0.0,0.0
6071,6,1,46110877,1310438142,1310438167,1310438257,Z,0000000122,КРИСМЕТАЛ,,,,,0.0,0.0,122.58,0.0,0.0,0.0,0.0,0.0,2.0,1.95583,1.02258,1.0,1.0,1.0,1.0,1.0,ADMIN,,D,Грийн Иновейшън АД,10146121,1310138235,,,0,,,,,,,,,,,0,,1310400000,0.0,0.0
6071,7,1,37537795,1310440857,1310440906,1310441134,Z,0000000123,ХАРД ТЕХ ООД,,,,,0.0,0.0,434.12,0.0,0.0,0.0,0.0,0.0,2.0,1.95583,1.02258,1.0,1.0,1.0,1.0,1.0,ADMIN,,D,Грийн Иновейшън АД,19860,1310141115,,,0,,,,,,,,,,,0,,1310400000,0.0,0.0
6071,8,1,42432372,1310460905,1310460917,1310460960,Z,0000000124,ГУМПЛАСТ ООД,,,,,0.0,0.0,840.0,0.0,0.0,0.0,0.0,0.0,2.0,1.95583,1.02258,1.0,1.0,1.0,1.0,1.0,ADMIN,,D,Грийн Иновейшън АД,4033,1310460952,,,0,,,,,,,,,,,0,,1310400000,0.0,0.0
6071,9,1,46745472,1310461474,1310461491,1310461544,Z,0000000125,СИТИ СКЛАД ЕООД,,,,,0.0,0.0,6700.0,0.0,0.0,0.0,0.0,0.0,2.0,1.95583,1.02258,1.0,1.0,1.0,1.0,1.0,ADMIN,,D,Грийн Иновейшън АД,167,1309961527,,,0,,,,,,,,,,,0,,1310400000,0.0,0.0
6071,10,1,41016704,1310539024,1310539056,1310539126,Z,0000000126,A.M.P.E.R.E. ALLOYS SAS,,,,,0.0,0.0,35.0,0.0,0.0,0.0,0.0,0.0,2.0,1.95583,1.02258,1.0,1.0,1.0,1.0,1.0,ADMIN,,D,Грийн Иновейшън АД,,0,,,0,,,,,,,,,Има го на склад от преди да се заведе в програмата,,0,,1310500000,0.0,0.0
6071,11,1,49478535,1310550299,1310550451,1310550646,Z,0000000127,НИРСТРОЙ ООД,,,,,0.0,0.0,108.78,0.0,0.0,0.0,0.0,0.0,2.0,1.95583,1.02258,1.0,1.0,1.0,1.0,1.0,ADMIN,,D,Грийн Иновейшън АД,28766,1310450612,,,0,,,,,,,,,,,0,,1310500000,0.0,0.0
6071,12,1,40812025,1310641190,1310641253,1310641416,Z,0000000128,ШРАК ТЕХНИК ЕООД,,,,,0.0,0.0,34.6,0.0,0.0,0.0,0.0,0.0,2.0,1.95583,1.02258,1.0,1.0,1.0,1.0,1.0,ADMIN,,D,Грийн Иновейшън АД,1459020514,1310641406,,,0,,,,,,,,,,,0,,1310600000,0.0,0.0
6071,13,1,49928509,1310642227,1310642254,1310642399,Z,0000000129,ШРАК ТЕХНИК ЕООД,,,,,0.0,0.0,115.96,0.0,0.0,0.0,0.0,0.0,2.0,1.95583,1.02258,1.0,1.0,1.0,1.0,1.0,ADMIN,,D,Грийн Иновейшън АД,459020513,1310642385,,,0,,,,,,,,,,,0,,1310600000,0.0,0.0
6071,14,1,47737855,1310652448,1310652468,1310652529,Z,0000000130,ИТТ БЪЛГАРИЯ ЕООД,,,,,0.0,0.0,8.4,0.0,0.0,0.0,0.0,0.0,2.0,1.95583,1.02258,1.0,1.0,1.0,1.0,1.0,ADMIN,,D,Грийн Иновейшън АД,340046105,1310552516,,,0,,,,,,,,,,,0,,1310600000,0.0,0.0
6071,15,1,46400372,1310652545,1310652694,1310652861,Z,0000000131,ИТТ БЪЛГАРИЯ ЕООД,,,,,0.0,0.0,363.04,0.0,0.0,0.0,0.0,0.0,2.0,1.95583,1.02258,1.0,1.0,1.0,1.0,1.0,ADMIN,,D,Грийн Иновейшън АД,10530304,1310452844,,,0,,,,,,,,,,,0,,1310600000,0.0,0.0
6071,16,1,36947822,1310652985,1310653051,1310653094,Z,0000000132,ИТТ БЪЛГАРИЯ ЕООД,,,,,0.0,0.0,40.0,0.0,0.0,0.0,0.0,0.0,2.0,1.95583,1.02258,1.0,1.0,1.0,1.0,1.0,ADMIN,,D,Грийн Иновейшън АД,60055380,1310553083,,,0,,,,,,,,,,,0,,1310600000,0.0,0.0
6071,17,1,34462792,1310753258,1310753274,1310753339,Z,0000000133,ZIEHL-ABEGG,,,,,0.0,3451.94,0.0,0.0,0.0,0.0,0.0,0.0,2.0,1.95583,1.02258,1.0,1.0,1.0,1.0,1.0,ADMIN,,D,Грийн Иновейшън АД,42503561,1309753324,,,0,,,,,,,,,,,0,,1310700000,0.0,0.0
6071,18,1,39676573,1310761204,1310761231,1310761276,Z,0000000134,ИТТ БЪЛГАРИЯ ЕООД,,,,,0.0,0.0,72.0,0.0,0.0,0.0,0.0,0.0,2.0,1.95583,1.02258,1.0,1.0,1.0,1.0,1.0,ADMIN,,D,Грийн Иновейшън АД,130111486,1310661263,,,0,,,,,,,,,,,0,,1310700000,0.0,0.0
5774,0,1,40363797,1311133305,1311133321,1311133411,Z,0000000135,KOBOLD,,,,,0.0,-5.684341886080802e-14,0.0,0.0,0.0,0.0,0.0,0.0,2.0,1.95583,1.02258,1.0,1.0,1.0,1.0,1.0,ADMIN,,D,Грийн Иновейшън АД,448937,1310433395,,,0,,,,,,,,,,,0,,1311100000,0.0,0.0
5774,1,1,34863009,1311137244,1311137488,1311137711,Z,0000000136,КОМЕТ ЕЛЕКТРОНИКС ООД,,,,,0.0,0.0,165.5,0.0,0.0,0.0,0.0,0.0,2.0,1.95583,1.02258,1.0,1.0,1.0,1.0,1.0,ADMIN,,D,Грийн Иновейшън АД,434394,1310837700,,,0,,,,,,,,,,,0,,1311100000,0.0,0.0
5774,2,1,38957632,1311140234,1311140266,1311140363,Z,0000000137,ШРАК ТЕХНИК ЕООД,,,,,0.0,0.0,30.32,0.0,0.0,0.0,0.0,0.0,2.0,1.95583,1.02258,1.0,1.0,1.0,1.0,1.0,ADMIN,,D,Грийн Иновейшън АД,1459020722,1310840350,,,0,,,,,,,,,,,0,,1311100000,0.0,0.0
5774,3,1,47932419,1311142628,1311142654,1311142734,Z,0000000138,РЕДКО,,,,,0.0,0.0,526.5,0.0,0.0,0.0,0.0,0.0,2.0,1.95583,1.02258,1.0,1.0,1.0,1.0,1.0,ADMIN,,D,Грийн Иновейшън АД,81288,1310842725,,,0,,,,,,,,,,,0,,1311100000,0.0,0.0
5774,4,1,46727308,1311144578,1311144592,1311144671,Z,0000000139,БУЛТЕКС 99 ЕООД,,,,,0.0,0.0,90.0,0.0,0.0,0.0,0.0,0.0,2.0,1.95583,1.02258,1.0,1.0,1.0,1.0,1.0,ADMIN,,D,Грийн Иновейшън АД,460167323,1310844663,,,0,,,,,,,,,,,0,,1311100000,0.0,0.0
5774,5,1,35630325,1311149529,1311149565,1313633699,Z,0000000140,ДЕАТРЕЙД БГ ЕООД,,,,,0.0,0.0,9350.0,0.0,0.0,0.0,0.0,0.0,2.0,1.95583,1.02258,1.0,1.0,1.0,1.0,1.0,ADMIN,,D,Грийн Иновейшън АД,4507,1311133672,,,0,,,,,,,,,,,0,,1311100000,0.0,0.0
5774,6,1,44584124,1311232785,1311232870,1311550329,Z,0000000141,GEMMECOTTI SRL,,,,,0.0,1543.5,0.0,0.0,0.0,0.0,0.0,0.0,2.0,1.95583,1.02258,1.0,1.0,1.0,1.0,1.0,ADMIN,,D,Грийн Иновейшън АД,1/1.152,1311250311,,,0,,,,,,,,,,,0,,1311200000,0.0,0.0
5774,7,1,37928129,1311233634,1311233663,1311233730,Z,0000000142,СВЕТЛЮ ШИШКОВ С ООД,,,,,0.0,0.0,2083.34,0.0,0.0,0.0,0.0,0.0,2.0,1.95583,1.02258,1.0,1.0,1.0,1.0,1.0,ADMIN,,D,Грийн Иновейшън АД,14752,1310833720,,,0,,,,,,,,,,,0,,1311200000,0.0,0.0
5774,8,1,45969273,1311339135,1311339168,1311339184,Z,0000000143,АЛЕРТ ЕООД,,,,,0.0,0.0,0.0,0.0,0.0,0.0,0.0,0.0,2.0,1.95583,1.02258,1.0,1.0,1.0,1.0,1.0,ADMIN,,D,Грийн Иновейшън АД,2977,1311139175,,,0,,,,,,,,,,,0,,1311300000,0.0,0.0
5774,9,1,35789362,1311433798,1311433915,1311433969,Z,0000000144,АПОГЕЙ 99 ООД,,,,,0.0,0.0,3051.1,0.0,0.0,0.0,0.0,0.0,2.0,1.95583,1.02258,1.0,1.0,1.0,1.0,1.0,ADMIN,,D,Грийн Иновейшън АД,36342,1311333928,,,0,,,,,,,,,,,0,,1311400000,0.0,0.0
5774,10,1,33792396,1311450981,1311451015,1311451134,Z,0000000145,ТИЛКОМ ООД,,,,,0.0,0.0,3234.0,0.0,0.0,0.0,0.0,0.0,2.0,1.95583,1.02258,1.0,1.0,1.0,1.0,1.0,ADMIN,,D,Грийн Иновейшън АД,213483,1311451126,,,0,,,,,,,,,,,0,,1311400000,0.0,0.0
5774,11,1,34079318,1311460456,1311460475,1311460514,Z,0000000146,НИРСТРОЙ ООД,,,,,0.0,0.0,62.78,0.0,0.0,0.0,0.0,0.0,2.0,1.95583,1.02258,1.0,1.0,1.0,1.0,1.0,ADMIN,,D,Грийн Иновейшън АД,134696,1311460506,,,0,,,,,,,,,,,0,,1311400000,0.0,0.0
5774,12,1,38202661,1311460922,1311460947,1311460994,Z,0000000147,ИТТ БЪЛГАРИЯ ЕООД,,,,,0.0,0.0,5.4,0.0,0.0,0.0,0.0,0.0,2.0,1.95583,1.02258,1.0,1.0,1.0,1.0,1.0,ADMIN,,D,Грийн Иновейшън АД,340046315,1311360979,,,0,,,,,,,,,,,0,,1311400000,0.0,0.0
5774,13,1,34977946,1311461384,1311461399,1311461440,Z,0000000148,ИФМ ЕЛЕКТРОНИК ЕООД,,,,,0.0,0.0,502.12,0.0,0.0,0.0,0.0,0.0,2.0,1.95583,1.02258,1.0,1.0,1.0,1.0,1.0,ADMIN,,D,Грийн Иновейшън АД,39804,1311261427,,,0,,,,,,,,,,,0,,1311400000,0.0,0.0
5774,14,1,43861433,1311463344,1311463375,1311463432,Z,0000000149,КРИСМЕТАЛ,,,,,0.0,0.0,2390.4,0.0,0.0,0.0,0.0,0.0,2.0,1.95583,1.02258,1.0,1.0,1.0,1.0,1.0,ADMIN,,D,Грийн Иновейшън АД,10146662,1311363416,,,0,,,,,,,,,,,0,,1311400000,0.0,0.0
5774,15,1,37966738,1311563320,1311563347,1311563402,Z,0000000150,ПАНЧЕВ ЕООД,,,,,0.0,0.0,147.4,0.0,0.0,0.0,0.0,0.0,2.0,1.95583,1.02258,1.0,1.0,1.0,1.0,1.0,ADMIN,,D,Грийн Иновейшън АД,1200180962,1311263385,,,0,,,,,,,,,,,0,,1311500000,0.0,0.0
5774,16,1,49130235,1311563667,1311563704,1311563777,Z,0000000151,КОМЕТ ЕЛЕКТРОНИКС ООД,,,,,0.0,0.0,69.5,0.0,0.0,0.0,0.0,0.0,2.0,1.95583,1.02258,1.0,1.0,1.0,1.0,1.0,ADMIN,,D,Грийн Иновейшън АД,434285,1310763754,,,0,,,,,,,,,,,0,,1311500000,0.0,0.0
5774,17,1,45177091,1311851075,1311851099,1311851206,Z,0000000152,ТАШЕВ ГАЛВИНГ ООД,,,,,0.0,0.0,64.5,0.0,0.0,0.0,0.0,0.0,2.0,1.95583,1.02258,1.0,1.0,1.0,1.0,1.0,ADMIN,,D,Грийн Иновейшън АД,2730593,1311851193,,,0,,,,,,,,,,,0,,1311800000,0.0,0.0
5774,18,1,46187340,1311851419,1311851450,1311851649,Z,0000000153,ТИЛКОМ ООД,,,,,0.0,0.0,1028.06,0.0,0.0,0.0,0.0,0.0,2.0,1.95583,1.02258,1.0,1.0,1.0,1.0,1.0,ADMIN,,D,Грийн Иновейшън АД,213597,1311851553,,,0,,,,,,,,,,,0,,1311800000,0.0,0.0
5882,0,1,43530277,1312049679,1312049715,1312049746,Z,0000000154,РЕДКО,,,,,0.0,0.0,4.0,0.0,0.0,0.0,0.0,0.0,2.0,1.95583,1.02258,1.0,1.0,1.0,1.0,1.0,ADMIN,,D,Грийн Иновейшън АД,,0,,,0,,,,,,,,,,,0,,1312000000,0.0,0.0
5882,1,1,42309329,1312049827,1312049887,1312049949,Z,0000000155,ПАТЛИДЖАНСКИ ООД,,,,,0.0,0.0,147.2,0.0,0.0,0.0,0.0,0.0,2.0,1.95583,1.02258,1.0,1.0,1.0,1.0,1.0,ADMIN,,D,Грийн Иновейшън АД,29416,1311449938,,,0,,,,,,,,,,,0,,1312000000,0.0,0.0
5882,2,1,34933435,1312142628,1312142672,1312142731,Z,0000000156,ЛД ООД,,,,,0.0,0.0,328.1,0.0,0.0,0.0,0.0,0.0,2.0,1.95583,1.02258,1.0,1.0,1.0,1.0,1.0,ADMIN,,D,Грийн Иновейшън АД,265834,1312042709,,,0,,,,,,,,,,,0,,1312100000,0.0,0.0
5882,3,1,49077482,1312142859,1312142891,1312143493,Z,0000000157,ЛД ООД,,,,,0.0,0.0,2691.72,0.0,0.0,0.0,0.0,0.0,2.0,1.95583,1.02258,1.0,1.0,1.0,1.0,1.0,ADMIN,,D,Грийн Иновейшън АД,265835,1312043479,,,0,,,,,,,,,,,0,,1312100000,0.0,0.0
5882,4,1,47815937,1312144612,1312144634,1312144836,Z,0000000158,ЛД ООД,,,,,0.0,0.0,486.53,0.0,0.0,0.0,0.0,0.0,2.0,1.95583,1.02258,1.0,1.0,1.0,1.0,1.0,ADMIN,,D,Грийн Иновейшън АД,265836,1312044739,,,0,,,,,,,,,,,0,,1312100000,0.0,0.0
5882,5,1,37438033,1312156731,1312156755,1312156840,Z,0000000159,ХАРД ТЕХ ООД,,,,,0.0,0.0,95.0,0.0,0.0,0.0,0.0,0.0,2.0,1.95583,1.02258,1.0,1.0,1.0,1.0,1.0,ADMIN,,D,Грийн Иновейшън АД,26765,1310456829,,,0,,,,,,,,,,,0,,1312100000,0.0,0.0
5882,6,1,42478987,1312232265,1312232285,1312232320,Z,0000000160,ВАЛЕРУС - ВАЛЕРИ РУСИНОВ ЕТ,,,,,0.0,0.0,2700.0,0.0,0.0,0.0,0.0,0.0,2.0,1.95583,1.02258,1.0,1.0,1.0,1.0,1.0,ADMIN,,D,Грийн Иновейшън АД,124421,1312032311,,,0,,,,,,,,,,,0,,1312200000,0.0,0.0
5882,7,1,42906776,1312250898,1312250926,1312250970,Z,0000000161,НИРСТРОЙ ООД,,,,,0.0,0.0,60.648,0.0,0.0,0.0,0.0,0.0,2.0,1.95583,1.02258,1.0,1.0,1.0,1.0,1.0,ADMIN,,D,Грийн Иновейшън АД,134758,1311850961,,,0,,,,,,,,,,,0,,1312200000,0.0,0.0
5882,8,1,48590840,1312563388,1312563407,1312563570,Z,0000000162,УНИТЕЛ ЕООД,,,,,0.0,0.0,710.75,0.0,0.0,0.0,0.0,0.0,2.0,1.95583,1.02258,1.0,1.0,1.0,1.0,1.0,ADMIN,,D,Грийн Иновейшън АД,661,1310563557,,,0,,,,,,,,,,,0,,1312500000,0.0,0.0
5882,9,1,46490897,1312663907,1312663938,1312663974,Z,0000000163,ХАРД ТЕХ ООД,,,,,0.0,0.0,76.0,0.0,0.0,0.0,0.0,0.0,2.0,1.95583,1.02258,1.0,1.0,1.0,1.0,1.0,ADMIN,,D,Грийн Иновейшън АД,19931,1312063964,,,0,,,,,,,,,,,0,,1312600000,0.0,0.0
5882,10,1,38410228,1312731777,1312731806,1312731851,Z,0000000164,ИЛЧЕВ КРЕПЕЖИ ЕООД,,,,,0.0,0.0,720.0,0.0,0.0,0.0,0.0,0.0,2.0,1.95583,1.02258,1.0,1.0,1.0,1.0,1.0,ADMIN,,D,Грийн Иновейшън АД,14798,1312131841,,,0,,,,,,,,,,,0,,1312700000,0.0,0.0
5882,11,1,44870868,1312757056,1312757082,1312758887,Z,0000000165,GENEBRE,,,,,0.0,6531.78,0.0,0.0,0.0,0.0,0.0,0.0,2.0,1.95583,1.02258,1.0,1.0,1.0,1.0,1.0,ADMIN,,D,Грийн Иновейшън АД,1433412,1311757174,,,0,,,,,,,,,,,0,,1312700000,0.0,0.0
5882,12,1,42719774,1312844496,1312844516,1312844633,Z,0000000166,ПАТЛИДЖАНСКИ ООД,,,,,0.0,0.0,277.44,0.0,0.0,0.0,0.0,0.0,2.0,1.95583,1.02258,1.0,1.0,1.0,1.0,1.0,ADMIN,,D,Грийн Иновейшън АД,29512,1312744568,,,0,,,,,,,,,,,0,,1312800000,0.0,0.0
5882,13,1,39646533,1312844713,1312844743,1312844788,Z,0000000167,КРИСМЕТАЛ,,,,,0.0,0.0,36.0,0.0,0.0,0.0,0.0,0.0,2.0,1.95583,1.02258,1.0,1.0,1.0,1.0,1.0,ADMIN,,D,Грийн Иновейшън АД,10147297,1312744774,,,0,,,,,,,,,,,0,,1312800000,0.0,0.0
5882,14,1,44303613,1312844927,1312844985,1312845031,Z,0000000168,ШРАК ТЕХНИК ЕООД,,,,,0.0,0.0,30.0,0.0,0.0,0.0,0.0,0.0,2.0,1.95583,1.02258,1.0,1.0,1.0,1.0,1.0,ADMIN,,D,Грийн Иновейшън АД,1459022054,1312745019,,,0,,,,,,,,,,,0,,1312800000,0.0,0.0
5882,15,1,48728803,1313233823,1313233838,1313233935,Z,0000000169,DINEL S.R.O.,,,,,0.0,802.0,0.0,0.0,0.0,0.0,0.0,0.0,2.0,1.95583,1.02258,1.0,1.0,1.0,1.0,1.0,ADMIN,,D,Грийн Иновейшън АД,2250493,1311533921,,,0,,,,,,,,,,,0,,1313200000,0.0,0.0
5882,16,1,38877538,1313234194,1313234228,1313234267,Z,0000000170,ИФМ ЕЛЕКТРОНИК ЕООД,,,,,0.0,0.0,2114.0,0.0,0.0,0.0,0.0,0.0,2.0,1.95583,1.02258,1.0,1.0,1.0,1.0,1.0,ADMIN,,D,Грийн Иновейшън АД,39889,1311934259,,,0,,,,,,,,,,,0,,1313200000,0.0,0.0
5882,17,1,45824884,1313333545,1313333565,1313333607,Z,0000000171,ГУМПЛАСТ ООД,,,,,0.0,0.0,630.0,0.0,0.0,0.0,0.0,0.0,2.0,1.95583,1.02258,1.0,1.0,1.0,1.0,1.0,ADMIN,,D,Грийн Иновейшън АД,4046,1312933597,,,0,,,,,,,,,,,0,,1313300000,0.0,0.0
5882,18,1,39302706,1313539878,1313539906,1313539951,Z,0000000172,ЛД ООД,,,,,0.0,0.0,1041.25,0.0,0.0,0.0,0.0,0.0,2.0,1.95583,1.02258,1.0,1.0,1.0,1.0,1.0,ADMIN,,D,Грийн Иновейшън АД,,0,,,0,,,,,,,,,След ревизия,,0,,1313500000,0.0,0.0
5882,19,1,40286859,1313551253,1313551270,1313551309,Z,0000000173,ЯВОР-М ЕООД,,,,,0.0,0.0,28.5,0.0,0.0,0.0,0.0,0.0,2.0,1.95583,1.02258,1.0,1.0,1.0,1.0,1.0,ADMIN,,D,Грийн Иновейшън АД,100813,1313451300,,,0,,,,,,,,,,,0,,1313500000,0.0,0.0
6063,0,1,45855810,1313633351,1313633360,1313633424,Z,0000000174,ERACO,,,,,0.0,5399.59,0.0,0.0,0.0,0.0,0.0,0.0,2.0,1.95583,1.02258,1.0,1.0,1.0,1.0,1.0,ADMIN,,D,Грийн Иновейшън АД,105,1304433407,,,0,,,,,,,,,,,0,,1313600000,0.0,0.0
6063,1,1,45416077,1315344714,1315344865,1315344923,Z,0000000175,SUZHOU,,,,,6000.0,0.0,0.0,0.0,0.0,0.0,0.0,0.0,2.0,1.95583,1.02258,1.0,1.0,1.0,1.0,1.0,ADMIN,,D,Грийн Иновейшън АД,,0,,,0,,,,,,,,,,,0,,1315300000,0.0,0.0
6063,2,1,37251875,1315433857,1315433893,1315433988,Z,0000000176,КРИСМЕТАЛ,,,,,0.0,774.1,0.0,0.0,0.0,0.0,0.0,0.0,2.0,1.95583,1.02258,1.0,1.0,1.0,1.0,1.0,ADMIN,,D,Грийн Иновейшън АД,10147786,1315333972,,,0,,,,,,,,,,,0,,1315400000,0.0,0.0
6063,3,1,42517627,1315454892,1315454986,1315455631,Z,0000000177,ШРАК ТЕХНИК ЕООД,,,,,0.0,809.87,0.0,0.0,0.0,0.0,0.0,0.0,2.0,1.95583,1.02258,1.0,1.0,1.0,1.0,1.0,ADMIN,,D,Грийн Иновейшън АД,1469000014,1315355617,,,0,,,,,,,,,,,0,,1315400000,0.0,0.0
6063,4,1,40239934,1315553341,1315553365,1315553577,Z,0000000178,ENELSAN IHRACAT,,,,,0.0,3177.5,0.0,0.0,0.0,0.0,0.0,0.0,2.0,1.95583,1.02258,1.0,1.0,1.0,1.0,1.0,ADMIN,,D,Грийн Иновейшън АД,SAT012424,1308653546,,,0,,,,,,,,,,,0,,1315500000,0.0,0.0
6063,5,1,34355354,1315560716,1315560739,1315560903,Z,0000000179,GREEN POWER CO.,,,,,21850.0,0.0,0.0,0.0,0.0,0.0,0.0,0.0,2.0,1.95583,1.02258,1.0,1.0,1.0,1.0,1.0,ADMIN,,D,Грийн Иновейшън АД,CI-GP-25167,1311860870,,,0,,,,,,,,,,,0,,1315500000,0.0,0.0
6063,6,1,35649075,1316039716,1316039738,1316039814,Z,0000000180,ЛД ООД,,,,,0.0,0.0,328.1,0.0,0.0,0.0,0.0,0.0,2.0,1.95583,1.02258,1.0,1.0,1.0,1.0,1.0,ADMIN,,D,Грийн Иновейшън АД,Без ф-ра,1316039788,,,0,,,,,,,,,От стара поръчка,,0,,1316000000,0.0,0.0
6063,7,1,36319413,1316042619,1316042649,1316042762,Z,0000000181,ЛД ООД,,,,,0.0,703.936,0.0,0.0,0.0,0.0,0.0,0.0,2.0,1.95583,1.02258,1.0,1.0,1.0,1.0,1.0,ADMIN,,D,Грийн Иновейшън АД,267230,1315742749,,,0,,,,,,,,,,,0,,1316000000,0.0,0.0
6063,8,1,37570476,1316044910,1316044944,1316045002,Z,0000000182,НИРСТРОЙ ООД,,,,,0.0,40.4,0.0,0.0,0.0,0.0,0.0,0.0,2.0,1.95583,1.02258,1.0,1.0,1.0,1.0,1.0,ADMIN,,D,Грийн Иновейшън АД,135561,1316044992,,,0,,,,,,,,,,,0,,1316000000,0.0,0.0
6063,9,1,44877970,1316132613,1316132654,1316132837,Z,0000000183,ИВДА-ГЕО ООД,,,,,0.0,401.0,0.0,0.0,0.0,0.0,0.0,0.0,2.0,1.95583,1.02258,1.0,1.0,1.0,1.0,1.0,ADMIN,,D,Грийн Иновейшън АД,8378,1315532818,,,0,,,,,,,,,,,0,,1316100000,0.0,0.0
6063,10,1,46717349,1316141105,1316141174,1316141524,Z,0000000184,ШРАК ТЕХНИК ЕООД,,,,,0.0,203.96734,0.0,0.0,0.0,0.0,0.0,0.0,2.0,1.95583,1.02258,1.0,1.0,1.0,1.0,1.0,ADMIN,,D,Грийн Иновейшън АД,1469000128,1315441500,,,0,,,,,,,,,,,0,,1316100000,0.0,0.0
6063,11,1,40982239,1316151405,1316151568,1316152709,Z,0000000185,ИВДА-ГЕО ООД,,,,,0.0,90.88,0.0,0.0,0.0,0.0,0.0,0.0,2.0,1.95583,1.02258,1.0,1.0,1.0,1.0,1.0,ADMIN,,D,Грийн Иновейшън АД,170628,1315652601,,,0,,,,,,,,,,,0,,1316100000,0.0,0.0
6063,12,1,49200308,1316154716,1316154752,1316154884,Z,0000000186,ИТТ БЪЛГАРИЯ ЕООД,,,,,0.0,4.789253,0.0,0.0,0.0,0.0,0.0,0.0,2.0,1.95583,1.02258,1.0,1.0,1.0,1.0,1.0,ADMIN,,D,Грийн Иновейшън АД,0340047100,1316054864,,,0,,,,,,,,,,,0,,1316100000,0.0,0.0
6063,13,1,49285892,1316158666,1316158683,1316158800,Z,0000000187,ZIEHL-ABEGG,,,,,0.0,2834.51,0.0,0.0,0.0,0.0,0.0,0.0,2.0,1.95583,1.02258,1.0,1.0,1.0,1.0,1.0,ADMIN,,D,Грийн Иновейшън АД,42502651/5250259,1301558759,,,0,,,,,,,,,,,0,,1316100000,0.0,0.0
6063,14,1,44550479,1316162658,1316162692,1316162749,Z,0000000188,КРИСМЕТАЛ,,,,,0.0,32.76,0.0,0.0,0.0,0.0,0.0,0.0,2.0,1.95583,1.02258,1.0,1.0,1.0,1.0,1.0,ADMIN,,D,Грийн Иновейшън АД,10148002,1316062730,,,0,,,,,,,,,,,0,,1316100000,0.0,0.0
6063,15,1,39374886,1316253437,1316253503,1316253544,Z,0000000189,ФИЛИПЕКС - ИЛИЯ ФИЛИПОВ ЕТ,,,,,0.0,32.0,0.0,0.0,0.0,0.0,0.0,0.0,2.0,1.95583,1.02258,1.0,1.0,1.0,1.0,1.0,ADMIN,,D,Грийн Иновейшън АД,,0,,,0,,,,,,,,,,,0,,1316200000,0.0,0.0
6063,16,1,35258226,1316259996,1316260081,1316260275,Z,0000000190,НИДАКС БЪЛГАРИЯ  ЕООД,,,,,0.0,156.39,0.0,0.0,0.0,0.0,0.0,0.0,2.0,1.95583,1.02258,1.0,1.0,1.0,1.0,1.0,ADMIN,,D,Грийн Иновейшън АД,48804,1315660260,,,0,,,,,,,,,,,0,,1316200000,0.0,0.0
6063,17,1,39544870,1316261174,1316261199,1316261289,Z,0000000191,АВТОМЕТАН ООД,,,,,0.0,11423.64,0.0,0.0,0.0,0.0,0.0,0.0,2.0,1.95583,1.02258,1.0,1.0,1.0,1.0,1.0,ADMIN,,D,Грийн Иновейшън АД,12599,1315761277,,,0,,,,,,,,,,,0,,1316200000,0.0,0.0
6063,18,1,44232707,1316345632,1316345654,1316345892,Z,0000000192,SCHUBERT & SALZER,,,,,0.0,6948.26,0.0,0.0,0.0,0.0,0.0,0.0,2.0,1.95583,1.02258,1.0,1.0,1.0,1.0,1.0,ADMIN,,D,Грийн Иновейшън АД,A3023,1310445860,,,0,,,,,,,,,,,0,,1316300000,0.0,0.0
6293,0,1,49265369,1316352392,1316352500,1316352530,Z,0000000193,КРИСМЕТАЛ,,,,,0.0,0.0,0.0,0.0,0.0,0.0,0.0,0.0,2.0,1.95583,1.02258,1.0,1.0,1.0,1.0,1.0,ADMIN,,D,Грийн Иновейшън АД,йфуъжйу,1316352506,,,0,,,,,,,,,,,0,,1316300000,0.0,0.0
6293,1,1,45726019,1316431882,1316431965,1316432111,Z,0000000194,ИТТ БЪЛГАРИЯ ЕООД,,,,,0.0,34.98,0.0,0.0,0.0,0.0,0.0,0.0,2.0,1.95583,1.02258,1.0,1.0,1.0,1.0,1.0,ADMIN,,D,Грийн Иновейшън АД,10544810,1316032100,,,0,,,,,,,,,,,0,,1316400000,0.0,0.0
6293,2,1,39840647,1316441562,1316441591,1316441739,Z,0000000195,ИФМ ЕЛЕКТРОНИК ЕООД,,,,,0.0,1108.12,0.0,0.0,0.0,0.0,0.0,0.0,2.0,1.95583,1.02258,1.0,1.0,1.0,1.0,1.0,ADMIN,,D,Грийн Иновейшън АД,40204,1315741719,,,0,,,,,,,,,,,0,,1316400000,0.0,0.0
6293,3,1,37715589,1316450355,1316450385,1316450419,Z,0000000196,КРИСМЕТАЛ,,,,,0.0,77.04,0.0,0.0,0.0,0.0,0.0,0.0,2.0,1.95583,1.02258,1.0,1.0,1.0,1.0,1.0,ADMIN,,D,Грийн Иновейшън АД,няма,1316450394,,,0,,,,,,,,,,,0,,1316400000,0.0,0.0
6293,4,1,41827223,1317053516,1317053549,1317053605,Z,0000000197,КРИСМЕТАЛ,,,,,0.0,61.32,0.0,0.0,0.0,0.0,0.0,0.0,2.0,1.95583,1.02258,1.0,1.0,1.0,1.0,1.0,ADMIN,,D,Грийн Иновейшън АД,10147014,1312053582,,,0,,,,,,,,,,,0,,1317000000,0.0,0.0
6293,5,1,38099697,1317056513,1317056546,1317056741,Z,0000000198,КРИСМЕТАЛ,,,,,0.0,187.012836,0.0,0.0,0.0,0.0,0.0,0.0,2.0,1.95583,1.02258,1.0,1.0,1.0,1.0,1.0,ADMIN,,D,Грийн Иновейшън АД,10148408,1316956729,,,0,,,,,,,,,,,0,,1317000000,0.0,0.0
6293,6,1,40146649,1317136084,1317136170,1317136204,Z,0000000199,вътрешно,,,,,0.0,598.2093,0.0,0.0,0.0,0.0,0.0,0.0,2.0,1.95583,1.02258,1.0,1.0,1.0,1.0,1.0,ADMIN,,D,Грийн Иновейшън АД,вътрешно,1317136196,,,0,,,,,,,,,,,0,,1317100000,0.0,0.0
6293,7,1,45044130,1317138243,1317138448,1319553948,Z,0000000200,CENTRAL FLUIDSYSTEMS S.R.O. / SWAGELOK,,,,,0.0,2728.6,0.0,0.0,0.0,0.0,0.0,0.0,2.0,1.95583,1.02258,1.0,1.0,1.0,1.0,1.0,ADMIN,,D,Грийн Иновейшън АД,26000182,1316740458,Y,,0,,,,,,,,,,,0,,1317100000,0.0,0.0
6293,8,1,44163758,1317439133,1317439168,1319551493,Z,0000000201,ADEV S.R.L.,,,,,0.0,2085.45,0.0,0.0,0.0,0.0,0.0,0.0,2.0,1.95583,1.02258,1.0,1.0,1.0,1.0,1.0,ADMIN,,D,Грийн Иновейшън АД,022/E/26,1317051204,Y,,0,,,,,,,,,,,0,,1317400000,0.0,0.0
6293,9,1,44910496,1317443630,1317443674,1317443815,Z,0000000202,ИТТ БЪЛГАРИЯ ЕООД,,,,,0.0,6.0,0.0,0.0,0.0,0.0,0.0,0.0,2.0,1.95583,1.02258,1.0,1.0,1.0,1.0,1.0,ADMIN,,D,Грийн Иновейшън АД,0340047352,1317043786,,,0,,,,,,,,,,,0,,1317400000,0.0,0.0
6293,10,1,41882686,1317450340,1317450359,1317450455,Z,0000000203,ДОВЕРИЕ-БРИКО АД,,,,,0.0,70.42,0.0,0.0,0.0,0.0,0.0,0.0,2.0,1.95583,1.02258,1.0,1.0,1.0,1.0,1.0,ADMIN,,D,Грийн Иновейшън АД,20231099,1316450444,,,0,,,,,,,,,,,0,,1317400000,0.0,0.0
6293,11,1,37014662,1317454038,1317454075,1317455030,Z,0000000204,ШРАК ТЕХНИК ЕООД,,,,,0.0,226.1,0.0,0.0,0.0,0.0,0.0,0.0,2.0,1.95583,1.02258,1.0,1.0,1.0,1.0,1.0,ADMIN,,D,Грийн Иновейшън АД,1469001221,1317054996,,,0,,,,,,,,,,,0,,1317400000,0.0,0.0
6293,12,1,50226802,1317456042,1317456228,1317456479,Z,0000000205,ШРАК ТЕХНИК ЕООД,,,,,0.0,146.24,0.0,0.0,0.0,0.0,0.0,0.0,2.0,1.95583,1.02258,1.0,1.0,1.0,1.0,1.0,ADMIN,,D,Грийн Иновейшън АД,1469001084,1316956468,,,0,,,,,,,,,,,0,,1317400000,0.0,0.0
6293,13,1,36826080,1317457822,1317457856,1317458188,Z,0000000206,ШРАК ТЕХНИК ЕООД,,,,,0.0,249.3,0.0,0.0,0.0,0.0,0.0,0.0,2.0,1.95583,1.02258,1.0,1.0,1.0,1.0,1.0,ADMIN,,D,Грийн Иновейшън АД,1459001151,1316958144,,,0,,,,,,,,,,,0,,1317400000,0.0,0.0
6293,14,1,46943753,1317459308,1317459323,1317459383,Z,0000000207,ZIEHL-ABEGG,,,,,0.0,1443.94,0.0,0.0,0.0,0.0,0.0,0.0,2.0,1.95583,1.02258,1.0,1.0,1.0,1.0,1.0,ADMIN,,D,Грийн Иновейшън АД,42600137,1316459371,,,0,,,,,,,,,,,0,,1317400000,0.0,0.0
6293,15,1,39454847,1317545118,1317545174,1317551656,Z,0000000208,КРИСМЕТАЛ,,,,,0.0,604.727322,0.0,0.0,0.0,0.0,0.0,0.0,2.0,1.95583,1.02258,1.0,1.0,1.0,1.0,1.0,ADMIN,,D,Грийн Иновейшън АД,10148565,1317551630,,,0,,,,,,,,,,,0,,1317500000,0.0,0.0
6293,16,1,38252955,1317554864,1317554904,1317555065,Z,0000000209,ИНТЕРМЕТАЛ ООД,,,,,0.0,113.98,0.0,0.0,0.0,0.0,0.0,0.0,2.0,1.95583,1.02258,1.0,1.0,1.0,1.0,1.0,ADMIN,,D,Грийн Иновейшън АД,1184242,1317555050,,,0,,,,,,,,,,,0,,1317500000,0.0,0.0
6293,17,1,43908621,1317632527,1317632571,1317632661,Z,0000000210,вътрешно,,,,,0.0,327.0,0.0,0.0,0.0,0.0,0.0,0.0,2.0,1.95583,1.02258,1.0,1.0,1.0,1.0,1.0,ADMIN,,D,Грийн Иновейшън АД,,0,,,0,,,,,,,,,,,0,,1317600000,0.0,0.0
6293,18,1,36022835,1317832919,1317832973,1317833144,Z,0000000211,КРИСМЕТАЛ,,,,,0.0,503.8,0.0,0.0,0.0,0.0,0.0,0.0,2.0,1.95583,1.02258,1.0,1.0,1.0,1.0,1.0,ADMIN,,D,Грийн Иновейшън АД,10148677,1317733131,,,0,,,,,,,,,,,0,,1317800000,0.0,0.0
5495,0,1,39044558,1317842916,1317842934,1317843027,Z,0000000212,ИТТ БЪЛГАРИЯ ЕООД,,,,,0.0,17.5,0.0,0.0,0.0,0.0,0.0,0.0,2.0,1.95583,1.02258,1.0,1.0,1.0,1.0,1.0,ADMIN,,D,Грийн Иновейшън АД,340047510,1317743016,,,0,,,,,,,,,,,0,,1317800000,0.0,0.0
5495,1,1,36075849,1317845151,1317845206,1317845530,Z,0000000213,ИТТ БЪЛГАРИЯ ЕООД,,,,,0.0,22.38,0.0,0.0,0.0,0.0,0.0,0.0,2.0,1.95583,1.02258,1.0,1.0,1.0,1.0,1.0,ADMIN,,D,Грийн Иновейшън АД,10549203,1317545512,,,0,,,,,,,,,,,0,,1317800000,0.0,0.0
5495,2,1,40513898,1317856645,1317856671,1317856749,Z,0000000214,ТИЛКОМ ООД,,,,,0.0,1983.8,0.0,0.0,0.0,0.0,0.0,0.0,2.0,1.95583,1.02258,1.0,1.0,1.0,1.0,1.0,ADMIN,,D,Грийн Иновейшън АД,215187,1317856724,,,0,,,,,,,,,,,0,,1317800000,0.0,0.0
5495,3,1,49354288,1317857566,1317857598,1317857848,Z,0000000215,НИДАКС БЪЛГАРИЯ  ЕООД,,,,,0.0,56.62,0.0,0.0,0.0,0.0,0.0,0.0,2.0,1.95583,1.02258,1.0,1.0,1.0,1.0,1.0,ADMIN,,D,Грийн Иновейшън АД,476 prof.,1317757829,,,0,,,,,,,,,,,0,,1317800000,0.0,0.0
5495,4,1,45027041,1317859660,1317859679,1317859797,Z,0000000216,AYVAZ GLOBAL,,,,,0.0,1180.0,0.0,0.0,0.0,0.0,0.0,0.0,2.0,1.95583,1.02258,1.0,1.0,1.0,1.0,1.0,ADMIN,,D,Грийн Иновейшън АД,IAG2025000001445,1313459761,,,0,,,,,,,,,,,0,,1317800000,0.0,0.0
5495,5,1,38184077,1317862935,1317862979,1317863093,Z,0000000217,вътрешно,,,,,0.0,13009.05986,0.0,0.0,0.0,0.0,0.0,0.0,2.0,1.95583,1.02258,1.0,1.0,1.0,1.0,1.0,ADMIN,,D,Грийн Иновейшън АД,няма,1317863087,,,0,,,,,,,,,,,0,,1317800000,0.0,0.0
5495,6,1,45146274,1318144770,1318144803,1318144902,Z,0000000218,ШРАК ТЕХНИК ЕООД,,,,,0.0,462.52,0.0,0.0,0.0,0.0,0.0,0.0,2.0,1.95583,1.02258,1.0,1.0,1.0,1.0,1.0,ADMIN,,D,Грийн Иновейшън АД,1469000886,1316744894,,,0,,,,,,,,,,,0,,1318100000,0.0,0.0
5495,7,1,40246761,1318145112,1318145136,1318145225,Z,0000000219,ШРАК ТЕХНИК ЕООД,,,,,0.0,43.06,0.0,0.0,0.0,0.0,0.0,0.0,2.0,1.95583,1.02258,1.0,1.0,1.0,1.0,1.0,ADMIN,,D,Грийн Иновейшън АД,1469000887,1316745207,,,0,,,,,,,,,,,0,,1318100000,0.0,0.0
5495,8,1,46746076,1318146168,1318146219,1318146326,Z,0000000220,ХАРД ТЕХ ООД,,,,,0.0,91.04,0.0,0.0,0.0,0.0,0.0,0.0,2.0,1.95583,1.02258,1.0,1.0,1.0,1.0,1.0,ADMIN,,D,Грийн Иновейшън АД,20054,1317046313,,,0,,,,,,,,,,,0,,1318100000,0.0,0.0
5495,9,1,48721152,1318148844,1318148892,1318148937,Z,0000000221,ХАРД ТЕХ ООД,,,,,0.0,63.12,0.0,0.0,0.0,0.0,0.0,0.0,2.0,1.95583,1.02258,1.0,1.0,1.0,1.0,1.0,ADMIN,,D,Грийн Иновейшън АД,20104,1317748925,,,0,,,,,,,,,,,0,,1318100000,0.0,0.0
5495,10,1,44626322,1318149110,1318149140,1318149180,Z,0000000222,ХАРД ТЕХ ООД,,,,,0.0,81.84,0.0,0.0,0.0,0.0,0.0,0.0,2.0,1.95583,1.02258,1.0,1.0,1.0,1.0,1.0,ADMIN,,D,Грийн Иновейшън АД,20062,1317149169,,,0,,,,,,,,,,,0,,1318100000,0.0,0.0
5495,11,1,45097386,1318152347,1318152398,1319044596,Z,0000000223,ШРАК ТЕХНИК ЕООД,,,,,0.0,1280.71,0.0,0.0,0.0,0.0,0.0,0.0,2.0,1.95583,1.02258,1.0,1.0,1.0,1.0,1.0,ADMIN,,D,Грийн Иновейшън АД,1469001851,1318155375,Y,,0,,,,,,,,,,,0,,1318100000,0.0,0.0
5495,12,1,35582792,1318155931,1318156043,1319044596,Z,0000000224,ИТТ БЪЛГАРИЯ ЕООД,,,,,0.0,6.22,0.0,0.0,0.0,0.0,0.0,0.0,2.0,1.95583,1.02258,1.0,1.0,1.0,1.0,1.0,ADMIN,,D,Грийн Иновейшън АД,0340047549,1318156445,Y,,0,,,,,,,,,,,0,,1318100000,0.0,0.0
5495,13,1,34009114,1318163178,1318163208,1318163316,Z,0000000225,вътрешно,,,,,0.0,2.3,0.0,0.0,0.0,0.0,0.0,0.0,2.0,1.95583,1.02258,1.0,1.0,1.0,1.0,1.0,ADMIN,,D,Грийн Иновейшън АД,,0,,,0,,,,,,,,,,,0,,1318100000,0.0,0.0
5495,14,1,35508936,1318238114,1318238264,1318238361,Z,0000000226,вътрешно,,,,,0.0,3.45,0.0,0.0,0.0,0.0,0.0,0.0,2.0,1.95583,1.02258,1.0,1.0,1.0,1.0,1.0,ADMIN,,D,Грийн Иновейшън АД,,0,,,0,,,,,,,,,,,0,,1318200000,0.0,0.0
5495,15,1,39735341,1318332770,1318332803,1318333029,Z,0000000227,ИФМ ЕЛЕКТРОНИК ЕООД,,,,,0.0,703.73,0.0,0.0,0.0,0.0,0.0,0.0,2.0,1.95583,1.02258,1.0,1.0,1.0,1.0,1.0,ADMIN,,D,Грийн Иновейшън АД,40428,1317532909,,,0,,,,,,,,,,,0,,1318300000,0.0,0.0
5495,16,1,42096570,1318432474,1318432634,1318432744,Z,0000000228,ЖАР ЕООД,,,,,0.0,336.672,0.0,0.0,0.0,0.0,0.0,0.0,0.84,1.0,0.84,1.0,1.0,1.0,1.0,1.0,Yordan Markov,,D,Грийн Иновейшън АД,10037765,1317532714,,,0,,,,,,,,,,,0,,1318400000,0.0,0.0
5495,17,1,35900191,1318454234,1318454281,1319044597,Z,0000000229,КРИСМЕТАЛ,,,,,0.0,160.873434,0.0,0.0,0.0,0.0,0.0,0.0,0.84,1.0,0.84,1.0,1.0,1.0,1.0,1.0,Yordan Markov,,D,Грийн Иновейшън АД,10148872,1318454352,Y,,0,,,,,,,,,,,0,,1318400000,0.0,0.0
5495,18,1,37660741,1318454396,1318454462,1319044598,Z,0000000230,КРИСМЕТАЛ,,,,,0.0,119.34,0.0,0.0,0.0,0.0,0.0,0.0,0.84,1.0,0.84,1.0,1.0,1.0,1.0,1.0,Yordan Markov,,D,Грийн Иновейшън АД,10148871,1318454555,Y,,0,,,,,,,,,,,0,,1318400000,0.0,0.0
7053,0,1,47535362,1318454594,1318454630,1319044598,Z,0000000231,КРИСМЕТАЛ,,,,,0.0,207.34,0.0,0.0,0.0,0.0,0.0,0.0,0.84,1.0,0.84,1.0,1.0,1.0,1.0,1.0,Yordan Markov,,D,Грийн Иновейшън АД,10148870,1318454666,Y,,0,,,,,,,,,,,0,,1318400000,0.0,0.0
7053,1,1,38844044,1318455132,1318455189,1319551493,Z,0000000232,ИВДА-ГЕО ООД,,,,,0.0,136.03,0.0,0.0,0.0,0.0,0.0,0.0,0.84,1.0,0.84,1.0,1.0,1.0,1.0,1.0,Yordan Markov,,D,Грийн Иновейшън АД,171926,1318455811,Y,,0,,,,,,,,,,,0,,1318400000,0.0,0.0
7053,2,1,44978138,1318460024,1318460084,1319044598,Z,0000000233,ШРАК ТЕХНИК ЕООД,,,,,0.0,43.18,0.0,0.0,0.0,0.0,0.0,0.0,0.84,1.0,0.84,1.0,1.0,1.0,1.0,1.0,Yordan Markov,,D,Грийн Иновейшън АД,1469002156,1318460159,Y,,0,,,,,,,,,,,0,,1318400000,0.0,0.0
7053,3,1,48662461,1318463214,1318463254,1319044598,Z,0000000234,КРИСМЕТАЛ,,,,,0.0,58.3259688119622,0.0,0.0,0.0,0.0,0.0,0.0,0.84,1.0,0.84,1.0,1.0,1.0,1.0,1.0,Yordan Markov,,D,Грийн Иновейшън АД,10148889,1318463460,Y,,0,,,,,,,,,,,0,,1318400000,0.0,0.0
7053,4,1,48492718,1318541163,1318541203,1319044598,Z,0000000235,ИВДА-ГЕО ООД,,,,,0.0,10.448,0.0,0.0,0.0,0.0,0.0,0.0,0.84,1.0,0.84,1.0,1.0,1.0,1.0,1.0,Yordan Markov,,D,Грийн Иновейшън АД,20234963,1318541256,Y,,0,,,,,,,,,,,0,,1318500000,0.0,0.0
7053,5,1,45945347,1318555643,1318555699,1318555720,Z,0000000236,ИЛЧЕВ КРЕПЕЖИ ЕООД,,,,,0.0,350.0,0.0,0.0,0.0,0.0,0.0,0.0,0.84,1.0,0.84,1.0,1.0,1.0,1.0,1.0,Yordan Markov,,D,Грийн Иновейшън АД,14955,1317755707,,,0,,,,,,,,,,,0,,1318500000,0.0,0.0
7053,6,1,45789386,1318839843,1318839868,1319044597,Z,0000000237,ИТТ БЪЛГАРИЯ ЕООД,,,,,0.0,315.00344,0.0,0.0,0.0,0.0,0.0,0.0,0.84,1.0,0.84,1.0,1.0,1.0,1.0,1.0,Yordan Markov,,D,Грийн Иновейшън АД,10552344,1318441088,Y,,0,,,,,,,,,,,0,,1318800000,0.0,0.0
7053,7,1,38413518,1318843625,1318843673,1318843839,Z,0000000238,ДОВЕРИЕ-БРИКО АД,,,,,0.0,37.64,0.0,0.0,0.0,0.0,0.0,0.0,0.84,1.0,0.84,1.0,1.0,1.0,1.0,1.0,Yordan Markov,,D,Грийн Иновейшън АД,20235503,1318843822,,,0,,,,,,,,,,,0,,1318800000,0.0,0.0
7053,8,1,35458503,1318845139,1318845183,1323756833,Z,0000000239,вътрешно,,,,,0.0,32530.9337091677,0.0,0.0,0.0,0.0,0.0,0.0,0.84,1.0,0.84,1.0,1.0,1.0,1.0,1.0,Yordan Markov,,D,Грийн Иновейшън АД,,0,,,0,,,,,,,,,,,0,,1318800000,0.0,0.0
7053,9,1,39224982,1318855473,1318855499,1319044598,Z,0000000240,ЛД ООД,,,,,0.0,271.0,0.0,0.0,0.0,0.0,0.0,0.0,0.84,1.0,0.84,1.0,1.0,1.0,1.0,1.0,Yordan Markov,,D,Грийн Иновейшън АД,267809,1318555542,Y,,0,,,,,,,,,,,0,,1318800000,0.0,0.0
7053,10,1,41735561,1318856449,1318856465,1318856508,Z,0000000241,ЛД ООД,,,,,0.0,11.87,0.0,0.0,0.0,0.0,0.0,0.0,0.84,1.0,0.84,1.0,1.0,1.0,1.0,1.0,Yordan Markov,,D,Грийн Иновейшън АД,0340047689,1318856495,,,0,,,,,,,,,,,0,,1318800000,0.0,0.0
7053,11,1,35877129,1318956228,1318956344,1318956518,Z,0000000242,КРИСМЕТАЛ,,,,,0.0,1337.5,0.0,0.0,0.0,0.0,0.0,0.0,0.84,1.0,0.84,1.0,1.0,1.0,1.0,1.0,Yordan Markov,,D,Грийн Иновейшън АД,10149146,1318956503,,,0,,,,,,,,,,,0,,1318900000,0.0,0.0
7053,12,1,47846868,1318957618,1318957762,1319553948,Z,0000000243,SUZHOU,,,,,0.0,1089.9,0.0,0.0,0.0,0.0,0.0,0.0,0.84,1.0,0.84,1.0,1.0,1.0,1.0,1.0,Yordan Markov,,D,Грийн Иновейшън АД,VMA20260121,1316958545,Y,,0,,,,,,,,,,,0,,1318900000,0.0,0.0
7053,13,1,48989930,1318963924,1318963967,1318964042,Z,0000000244,КРИСМЕТАЛ,,,,,0.0,82.98,0.0,0.0,0.0,0.0,0.0,0.0,0.84,1.0,0.84,1.0,1.0,1.0,1.0,1.0,Yordan Markov,,D,Грийн Иновейшън АД,10149047,1318964022,,,0,,,,,,,,,,,0,,1318900000,0.0,0.0
7053,14,1,48471748,1319153755,1319153800,1319154655,Z,0000000245,ИВДА-ГЕО ООД,,,,,0.0,126.82,0.0,0.0,0.0,0.0,0.0,0.0,0.84,1.0,0.84,1.0,1.0,1.0,1.0,1.0,Yordan Markov,,D,Грийн Иновейшън АД,172296,1319154643,,,0,,,,,,,,,,,0,,1319100000,0.0,0.0
7053,15,1,47635888,1319236868,1319236905,1319236933,Z,0000000246,СВЕТЛЮ ШИШКОВ С ООД,,,,,0.0,1065.1916,0.0,0.0,0.0,0.0,0.0,0.0,0.84,1.0,0.84,1.0,1.0,1.0,1.0,1.0,Yordan Markov,,D,Грийн Иновейшън АД,14846,1316836916,,,0,,,,,,,,,,,0,,1319200000,0.0,0.0
7053,16,1,50062403,1319245146,1319245179,1319245282,Z,0000000247,НИРСТРОЙ ООД,,,,,0.0,216.236,0.0,0.0,0.0,0.0,0.0,0.0,0.84,1.0,0.84,1.0,1.0,1.0,1.0,1.0,Yordan Markov,,D,Грийн Иновейшън АД,135841,1317145253,,,0,,,,,,,,,,,0,,1319200000,0.0,0.0
7053,17,1,47640366,1319252232,1319252291,1319252342,Z,0000000248,ЛД ООД,,,,,0.0,351.68,0.0,0.0,0.0,0.0,0.0,0.0,0.84,1.0,0.84,1.0,1.0,1.0,1.0,1.0,Yordan Markov,,D,Грийн Иновейшън АД,268708,1318552319,,,0,,,,,,,,,,,0,,1319200000,0.0,0.0
7201,0,1,39651140,1319635329,1319635384,1319636245,Z,0000000249,ШРАК ТЕХНИК ЕООД,,,,,0.0,248.548113537475,0.0,0.0,0.0,0.0,0.0,0.0,0.84,1.0,0.84,1.0,1.0,1.0,1.0,1.0,Yordan Markov,,D,Грийн Иновейшън АД,1469002808,1319536227,,,0,,,,,,,,,,,0,,1319600000,0.0,0.0
7201,1,1,36828605,1319643923,1319643998,1319644344,Z,0000000250,ЛД ООД,,,,,0.0,1928.245,0.0,0.0,0.0,0.0,0.0,0.0,0.84,1.0,0.84,1.0,1.0,1.0,1.0,1.0,Yordan Markov,,D,Грийн Иновейшън АД,269162,1319544328,,,0,,,,,,,,,,,0,,1319600000,0.0,0.0
7201,2,1,34027556,1319739178,1319739214,1319739232,Z,0000000251,ХАРД ТЕХ ООД,,,,,0.0,38.08,0.0,0.0,0.0,0.0,0.0,0.0,0.84,1.0,0.84,1.0,1.0,1.0,1.0,1.0,Yordan Markov,,D,Грийн Иновейшън АД,20190,1319639223,,,0,,,,,,,,,,,0,,1319700000,0.0,0.0
7201,3,1,50183452,1319740673,1319740696,1319740875,Z,0000000252,ИВДА-ГЕО ООД,,,,,0.0,33.495,0.0,0.0,0.0,0.0,0.0,0.0,0.84,1.0,0.84,1.0,1.0,1.0,1.0,1.0,Yordan Markov,,D,Грийн Иновейшън АД,172478,1319640858,,,0,,,,,,,,,,,0,,1319700000,0.0,0.0
7201,4,1,40045632,1319857795,1319857832,1324650308,Z,0000000253,AQUAPHOR INTERNATIONAL,,,,,0.0,10178.0,0.0,0.0,0.0,0.0,0.0,0.0,0.84,1.0,0.84,1.0,1.0,1.0,1.0,1.0,Yordan Markov,,D,Грийн Иновейшън АД,60003038,1320434458,,,0,,,,,,,,,,,0,,1319800000,0.0,0.0
7201,5,1,50305128,1319944504,1319944612,1319944663,Z,0000000254,КРИСМЕТАЛ,,,,,0.0,477.34,0.0,0.0,0.0,0.0,0.0,0.0,0.84,1.0,0.84,1.0,1.0,1.0,1.0,1.0,Yordan Markov,,D,Грийн Иновейшън АД,10149208,1319244649,,,0,,,,,,,,,,,0,,1319900000,0.0,0.0
7201,6,1,46630477,1319945617,1319945655,1319945672,Z,0000000255,ЛД ООД,,,,,0.0,114.52,0.0,0.0,0.0,0.0,0.0,0.0,0.84,1.0,0.84,1.0,1.0,1.0,1.0,1.0,Yordan Markov,,D,Грийн Иновейшън АД,269025,1319145663,,,0,,,,,,,,,,,0,,1319900000,0.0,0.0
7201,7,1,44030901,1319951961,1319952028,1319952076,Z,0000000256,МИКРОМАКС ТРЕЙД ООД,,,,,0.0,351.18,0.0,0.0,0.0,0.0,0.0,0.0,0.84,1.0,0.84,1.0,1.0,1.0,1.0,1.0,Yordan Markov,,D,Грийн Иновейшън АД,197453,1319852036,,,0,,,,,,,,,,,0,,1319900000,0.0,0.0
7201,8,1,38956522,1319958517,1319958641,1319958749,Z,0000000257,КРИСМЕТАЛ,,,,,0.0,983.04,0.0,0.0,0.0,0.0,0.0,0.0,0.84,1.0,0.84,1.0,1.0,1.0,1.0,1.0,Yordan Markov,,D,Грийн Иновейшън АД,10149452,1319958741,,,0,,,,,,,,,,,0,,1319900000,0.0,0.0
7201,9,1,47442856,1319959230,1319959251,1319959312,Z,0000000258,КРИСМЕТАЛ,,,,,0.0,59.09,0.0,0.0,0.0,0.0,0.0,0.0,0.84,1.0,0.84,1.0,1.0,1.0,1.0,1.0,Yordan Markov,,D,Грийн Иновейшън АД,10149451,1319959298,,,0,,,,,,,,,,,0,,1319900000,0.0,0.0
7201,10,1,36527251,1320234089,1320234125,1320234194,Z,0000000259,ИТТ БЪЛГАРИЯ ЕООД,,,,,0.0,5.14,0.0,0.0,0.0,0.0,0.0,0.0,0.84,1.0,0.84,1.0,1.0,1.0,1.0,1.0,Yordan Markov,,D,Грийн Иновейшън АД,340047996,1319934180,,,0,,,,,,,,,,,0,,1320200000,0.0,0.0
7201,11,1,40973965,1320239548,1320239615,1320239642,Z,0000000260,ЖИЛАНОВИ ООД,,,,,0.0,450.0,0.0,0.0,0.0,0.0,0.0,0.0,0.84,1.0,0.84,1.0,1.0,1.0,1.0,1.0,Yordan Markov,,D,Грийн Иновейшън АД,12807,1318539625,,,0,,,,,,,,,,,0,,1320200000,0.0,0.0
7201,12,1,33612707,1320332502,1320332543,1320332924,Z,0000000261,ИВДА-ГЕО ООД,,,,,0.0,51.15,0.0,0.0,0.0,0.0,0.0,0.0,0.84,1.0,0.84,1.0,1.0,1.0,1.0,1.0,Yordan Markov,,D,Грийн Иновейшън АД,172798,1320232913,,,0,,,,,,,,,,,0,,1320300000,0.0,0.0
7201,13,1,40764779,1320443951,1320443973,1320444364,Z,0000000262,SCHUBERT & SALZER,,,,,0.0,7008.83,0.0,0.0,0.0,0.0,0.0,0.0,0.84,1.0,0.84,1.0,1.0,1.0,1.0,1.0,Yordan Markov,,D,Грийн Иновейшън АД,R2026.10.01126,1319844334,,,0,,,,,,,,,,,0,,1320400000,0.0,0.0
7201,14,1,48958610,1320456711,1320456738,1321132379,Z,0000000263,ADEV S.R.L.,,,,,0.0,3011.52,0.0,0.0,0.0,0.0,0.0,0.0,0.84,1.0,0.84,1.0,1.0,1.0,1.0,1.0,Yordan Markov,,D,Грийн Иновейшън АД,069/E/26,1320332353,,,0,,,,,,,,,,,0,,1320400000,0.0,0.0
7201,15,1,49639522,1320934037,1320934057,1320934073,Z,0000000264,ЛАТРАНД ЕООД,,,,,0.0,30.09,0.0,0.0,0.0,0.0,0.0,0.0,0.84,1.0,0.84,1.0,1.0,1.0,1.0,1.0,Yordan Markov,,D,Грийн Иновейшън АД,31,1323134063,,,0,,,,,,,,,,,0,,1320900000,0.0,0.0
7201,16,1,44695596,1320934350,1320934378,1320934396,Z,0000000265,ХАРД ТЕХ ООД,,,,,0.0,76.4,0.0,0.0,0.0,0.0,0.0,0.0,0.84,1.0,0.84,1.0,1.0,1.0,1.0,1.0,Yordan Markov,,D,Грийн Иновейшън АД,20221,1323334387,,,0,,,,,,,,,,,0,,1320900000,0.0,0.0
7201,17,1,35126905,1320938411,1320938442,1320938589,Z,0000000266,ИВДА-ГЕО ООД,,,,,0.0,110.58,0.0,0.0,0.0,0.0,0.0,0.0,0.84,1.0,0.84,1.0,1.0,1.0,1.0,1.0,Yordan Markov,,D,Грийн Иновейшън АД,172906,1320938579,,,0,,,,,,,,,,,0,,1320900000,0.0,0.0
7344,0,1,39241121,1320940264,1320940288,1321758612,Z,0000000267,ИВДА-ГЕО ООД,,,,,0.0,33.32,0.0,0.0,0.0,0.0,0.0,0.0,0.84,1.0,0.84,1.0,1.0,1.0,1.0,1.0,Yordan Markov,,D,Грийн Иновейшън АД,8717,1320540407,,,0,,,,,,,,,,,0,,1320900000,0.0,0.0
7344,1,1,47190346,1320949577,1320949624,1320949806,Z,0000000268,ВАГО БЪЛГАРИЯ ООД,,,,,0.0,2964.06,0.0,0.0,0.0,0.0,0.0,0.0,0.84,1.0,0.84,1.0,1.0,1.0,1.0,1.0,Yordan Markov,,D,Грийн Иновейшън АД,6290014786,1320249789,,,0,,,,,,,,,,,0,,1320900000,0.0,0.0
7344,2,1,44164537,1320949819,1320949844,1320949878,Z,0000000269,ВАГО БЪЛГАРИЯ ООД,,,,,0.0,255.33,0.0,0.0,0.0,0.0,0.0,0.0,0.84,1.0,0.84,1.0,1.0,1.0,1.0,1.0,Yordan Markov,,D,Грийн Иновейшън АД,6290014822,1320449854,,,0,,,,,,,,,,,0,,1320900000,0.0,0.0
7344,3,1,37826781,1320964379,1320964409,1320964433,Z,0000000270,НИРСТРОЙ ООД,,,,,0.0,40.425,0.0,0.0,0.0,0.0,0.0,0.0,0.84,1.0,0.84,1.0,1.0,1.0,1.0,1.0,Yordan Markov,,D,Грийн Иновейшън АД,2120029704,1320664427,,,0,,,,,,,,,,,0,,1320900000,0.0,0.0
7344,4,1,40130868,1321151452,1321151476,1321151721,Z,0000000271,ТЕХНОМАРКЕТ ЕАД,,,,,0.0,100.26,0.0,0.0,0.0,0.0,0.0,0.0,0.84,1.0,0.84,1.0,1.0,1.0,1.0,1.0,Yordan Markov,,D,Грийн Иновейшън АД,1090149565,1320751693,,,0,,,,,,,,,,,0,,1321100000,0.0,0.0
7344,5,1,38300840,1321157199,1321157270,1321157521,Z,0000000272,ЖИЛАНОВИ ООД,,,,,0.0,5786.0,0.0,0.0,0.0,0.0,0.0,0.0,0.84,1.0,0.84,1.0,1.0,1.0,1.0,1.0,Yordan Markov,,D,Грийн Иновейшън АД,12899,1319657299,,,0,,,,,,,,,,,0,,1321100000,0.0,0.0
7344,6,1,43268339,1321245268,1321245820,1321245838,Z,0000000273,ИТТ БЪЛГАРИЯ ЕООД,,,,,0.0,15.0,0.0,0.0,0.0,0.0,0.0,0.0,0.84,1.0,0.84,1.0,1.0,1.0,1.0,1.0,Yordan Markov,,D,Грийн Иновейшън АД,340048202,1321145827,,,0,,,,,,,,,,,0,,1321200000,0.0,0.0
7344,7,1,43463659,1321253497,1321253532,1321253710,Z,0000000274,ИТТ БЪЛГАРИЯ ЕООД,,,,,0.0,422.82,0.0,0.0,0.0,0.0,0.0,0.0,0.84,1.0,0.84,1.0,1.0,1.0,1.0,1.0,Yordan Markov,,D,Грийн Иновейшън АД,10559651,1321153699,,,0,,,,,,,,,,,0,,1321200000,0.0,0.0
7344,8,1,49713271,1321332418,1321332440,1321332495,Z,0000000275,КРИСМЕТАЛ,,,,,0.0,76.17407,0.0,0.0,0.0,0.0,0.0,0.0,0.84,1.0,0.84,1.0,1.0,1.0,1.0,1.0,Yordan Markov,,D,Грийн Иновейшън АД,10149799,1321132479,,,0,,,,,,,,,,,0,,1321300000,0.0,0.0
7344,9,1,46825669,1321333415,1321333451,1321333594,Z,0000000276,КРИСМЕТАЛ,,,,,0.0,931.6,0.0,0.0,0.0,0.0,0.0,0.0,0.84,1.0,0.84,1.0,1.0,1.0,1.0,1.0,Yordan Markov,,D,Грийн Иновейшън АД,10149798,1321133563,,,0,,,,,,,,,,,0,,1321300000,0.0,0.0
7344,10,1,46377876,1321333641,1321333669,1321333693,Z,0000000277,КРИСМЕТАЛ,,,,,0.0,92.88,0.0,0.0,0.0,0.0,0.0,0.0,0.84,1.0,0.84,1.0,1.0,1.0,1.0,1.0,Yordan Markov,,D,Грийн Иновейшън АД,10149882,1321233680,,,0,,,,,,,,,,,0,,1321300000,0.0,0.0
7344,11,1,40069661,1321333966,1321334036,1321334074,Z,0000000278,ЯВОР-М ЕООД,,,,,0.0,14.57182,0.0,0.0,0.0,0.0,0.0,0.0,0.84,1.0,0.84,1.0,1.0,1.0,1.0,1.0,Yordan Markov,,D,Грийн Иновейшън АД,103122,1321134061,,,0,,,,,,,,,,,0,,1321300000,0.0,0.0
7344,12,1,37823411,1321334864,1321334899,1321337968,Z,0000000279,GEMMECOTTI SRL,,,,,0.0,4436.2,0.0,0.0,0.0,0.0,0.0,0.0,0.84,1.0,0.84,1.0,1.0,1.0,1.0,1.0,Yordan Markov,,D,Грийн Иновейшън АД,1/168,1319637952,,,0,,,,,,,,,,,0,,1321300000,0.0,0.0
7344,13,1,38503818,1321343775,1321343817,1321343846,Z,0000000280,ИВДА-ГЕО ООД,,,,,0.0,124.0,0.0,0.0,0.0,0.0,0.0,0.0,0.84,1.0,0.84,1.0,1.0,1.0,1.0,1.0,Yordan Markov,,D,Грийн Иновейшън АД,173222,1321243827,,,0,,,,,,,,,,,0,,1321300000,0.0,0.0
7344,14,1,39608404,1321345573,1321345607,1321345837,Z,0000000281,ВАГО БЪЛГАРИЯ ООД,,,,,0.0,2852.32,0.0,0.0,0.0,0.0,0.0,0.0,0.84,1.0,0.84,1.0,1.0,1.0,1.0,1.0,Yordan Markov,,D,Грийн Иновейшън АД,6290014856,1321045826,,,0,,,,,,,,,,,0,,1321300000,0.0,0.0
7344,15,1,41566256,1321352078,1321352102,1321352128,Z,0000000282,ШРАК ТЕХНИК ЕООД,,,,,0.0,13.84,0.0,0.0,0.0,0.0,0.0,0.0,0.84,1.0,0.84,1.0,1.0,1.0,1.0,1.0,Yordan Markov,,D,Грийн Иновейшън АД,1669003983,1321252109,,,0,,,,,,,,,,,0,,1321300000,0.0,0.0
7344,16,1,34116242,1321355408,1321355441,1321355468,Z,0000000283,ИТТ БЪЛГАРИЯ ЕООД,,,,,0.0,52.86,0.0,0.0,0.0,0.0,0.0,0.0,0.84,1.0,0.84,1.0,1.0,1.0,1.0,1.0,Yordan Markov,,D,Грийн Иновейшън АД,10558819,1320655454,,,0,,,,,,,,,,,0,,1321300000,0.0,0.0
7344,17,1,35462808,1321355685,1321355706,1321355778,Z,0000000284,ЛД ООД,,,,,0.0,147.22,0.0,0.0,0.0,0.0,0.0,0.0,0.84,1.0,0.84,1.0,1.0,1.0,1.0,1.0,Yordan Markov,,D,Грийн Иновейшън АД,270150,1321255714,,,0,,,,,,,,,,,0,,1321300000,0.0,0.0
7695,0,1,33928304,1321356849,1321356873,1321363327,Z,0000000285,REV GAZIPARI KFT.,,,,,0.0,283.0,0.0,0.0,0.0,0.0,0.0,0.0,0.84,1.0,0.84,1.0,1.0,1.0,1.0,1.0,Yordan Markov,,D,Грийн Иновейшън АД,VGZ26-00346,1319963305,,,0,,,,,,,,,,,0,,1321300000,0.0,0.0
7695,1,1,40201203,1321357659,1321357693,1321357749,Z,0000000286,МОНТАЖИ-64 ООД,,,,,0.0,11.31,0.0,0.0,0.0,0.0,0.0,0.0,0.84,1.0,0.84,1.0,1.0,1.0,1.0,1.0,Yordan Markov,,D,Грийн Иновейшън АД,211585,1320357729,,,0,,,,,,,,,,,0,,1321300000,0.0,0.0
7695,2,1,48700346,1321363026,1321363075,1324136378,Z,0000000287,DINEL S.R.O.,,,,,0.0,2715.0,0.0,0.0,0.0,0.0,0.0,0.0,0.84,1.0,0.84,1.0,1.0,1.0,1.0,1.0,Yordan Markov,,D,Грийн Иновейшън АД,2260080,1320963085,,,0,,,,,,,,,,,0,,1321300000,0.0,0.0
7695,3,1,39987315,1321363556,1321363574,1321363854,Z,0000000288,ERACO,,,,,0.0,6077.5,0.0,0.0,0.0,0.0,0.0,0.0,0.84,1.0,0.84,1.0,1.0,1.0,1.0,1.0,Yordan Markov,,D,Грийн Иновейшън АД,1010,1319663842,,,0,,,,,,,,,,,0,,1321300000,0.0,0.0
7695,4,1,41348270,1321364158,1321364182,1321364211,Z,0000000289,ВАЛЕРУС - ВАЛЕРИ РУСИНОВ ЕТ,,,,,0.0,560.0,0.0,0.0,0.0,0.0,0.0,0.0,0.84,1.0,0.84,1.0,1.0,1.0,1.0,1.0,Yordan Markov,,D,Грийн Иновейшън АД,125869,1320664200,,,0,,,,,,,,,,,0,,1321300000,0.0,0.0
7695,5,1,38385929,1321732404,1321732437,1321732456,Z,0000000290,НИРСТРОЙ ООД,,,,,0.0,28.2,0.0,0.0,0.0,0.0,0.0,0.0,0.84,1.0,0.84,1.0,1.0,1.0,1.0,1.0,Yordan Markov,,D,Грийн Иновейшън АД,136985,1321632445,,,0,,,,,,,,,,,0,,1321700000,0.0,0.0
7695,6,1,48113521,1321734971,1321734997,1321735032,Z,0000000291,ПРАКТИКЕР РИТЕЙЛ ЕООД,,,,,0.0,12.35,0.0,0.0,0.0,0.0,0.0,0.0,0.84,1.0,0.84,1.0,1.0,1.0,1.0,1.0,Yordan Markov,,D,Грийн Иновейшън АД,91136641,1321335009,,,0,,,,,,,,,,,0,,1321700000,0.0,0.0
7695,7,1,34199050,1321735671,1321735692,1321735739,Z,0000000292,ТАШЕВ ГАЛВИНГ ООД,,,,,0.0,44.5,0.0,0.0,0.0,0.0,0.0,0.0,0.84,1.0,0.84,1.0,1.0,1.0,1.0,1.0,Yordan Markov,,D,Грийн Иновейшън АД,2762891,1321335718,,,0,,,,,,,,,,,0,,1321700000,0.0,0.0
7695,8,1,47384384,1321740392,1321740428,1321740541,Z,0000000293,ИНТЕРМЕТАЛ ООД,,,,,0.0,72.0,0.0,0.0,0.0,0.0,0.0,0.0,0.84,1.0,0.84,1.0,1.0,1.0,1.0,1.0,Yordan Markov,,D,Грийн Иновейшън АД,1186621,1320440438,,,0,,,,,,,,,,,0,,1321700000,0.0,0.0
7695,9,1,39566039,1321740780,1321740803,1321741397,Z,0000000294,ТЕКА ООД,,,,,0.0,79.24,0.0,0.0,0.0,0.0,0.0,0.0,0.84,1.0,0.84,1.0,1.0,1.0,1.0,1.0,Yordan Markov,,D,Грийн Иновейшън АД,61479,1320341084,,,0,,,,,,,,,,,0,,1321700000,0.0,0.0
7695,10,1,48354021,1321753132,1321753153,1321753371,Z,0000000295,НИДАКС БЪЛГАРИЯ  ЕООД,,,,,0.0,27.25,0.0,0.0,0.0,0.0,0.0,0.0,0.84,1.0,0.84,1.0,1.0,1.0,1.0,1.0,Yordan Markov,,D,Грийн Иновейшън АД,49712,1321753192,,,0,,,,,,,,,,,0,,1321700000,0.0,0.0
7695,11,1,45625303,1321753934,1321753980,1321754004,Z,0000000296,СФК-ТРАК ООД,,,,,0.0,43.38,0.0,0.0,0.0,0.0,0.0,0.0,0.84,1.0,0.84,1.0,1.0,1.0,1.0,1.0,Yordan Markov,,D,Грийн Иновейшън АД,399585,1321753990,,,0,,,,,,,,,,,0,,1321700000,0.0,0.0
7695,12,1,49928270,1321757769,1321757793,1321757993,Z,0000000297,КОМЕТ ЕЛЕКТРОНИКС ООД,,,,,0.0,44.8,0.0,0.0,0.0,0.0,0.0,0.0,0.84,1.0,0.84,1.0,1.0,1.0,1.0,1.0,Yordan Markov,,D,Грийн Иновейшън АД,440387,1320957821,,,0,,,,,,,,,,,0,,1321700000,0.0,0.0
7695,13,1,46475098,1321758386,1321758413,1321758465,Z,0000000298,ИВДА-ГЕО ООД,,,,,0.0,11.63,0.0,0.0,0.0,0.0,0.0,0.0,0.84,1.0,0.84,1.0,1.0,1.0,1.0,1.0,Yordan Markov,,D,Грийн Иновейшън АД,173077,1320958443,,,0,,,,,,,,,,,0,,1321700000,0.0,0.0
7695,14,1,46070651,1321758496,1321758529,1321758570,Z,0000000299,ИВДА-ГЕО ООД,,,,,0.0,17.42,0.0,0.0,0.0,0.0,0.0,0.0,0.84,1.0,0.84,1.0,1.0,1.0,1.0,1.0,Yordan Markov,,D,Грийн Иновейшън АД,172792,1320258548,,,0,,,,,,,,,,,0,,1321700000,0.0,0.0
7695,15,1,44529112,1321759253,1321759323,1321759410,Z,0000000300,ИВДА-ГЕО ООД,,,,,0.0,43.29,0.0,0.0,0.0,0.0,0.0,0.0,0.84,1.0,0.84,1.0,1.0,1.0,1.0,1.0,Yordan Markov,,D,Грийн Иновейшън АД,8699,1320259383,,,0,,,,,,,,,,,0,,1321700000,0.0,0.0
7695,16,1,40581141,1321761880,1321761905,1321763114,Z,0000000301,ТАШЕВ ГАЛВИНГ ООД,,,,,0.0,134.91,0.0,0.0,0.0,0.0,0.0,0.0,0.84,1.0,0.84,1.0,1.0,1.0,1.0,1.0,Yordan Markov,,D,Грийн Иновейшън АД,2759156,1320263097,,,0,,,,,,,,,,,0,,1321700000,0.0,0.0
7695,17,1,39549036,1321832125,1321832138,1321832163,Z,0000000302,ЯВОР-М ЕООД,,,,,0.0,3.51,0.0,0.0,0.0,0.0,0.0,0.0,0.84,1.0,0.84,1.0,1.0,1.0,1.0,1.0,Yordan Markov,,D,Грийн Иновейшън АД,103266,1321632155,,,0,,,,,,,,,,,0,,1321800000,0.0,0.0
7733,0,1,44237267,1321835479,1321835522,1321835871,Z,0000000303,ВЮРТ-БЪЛГАРИЯ ЕООД,,,,,0.0,83.49,0.0,0.0,0.0,0.0,0.0,0.0,0.84,1.0,0.84,1.0,1.0,1.0,1.0,1.0,Yordan Markov,,D,Грийн Иновейшън АД,1878014,1320435709,,,0,,,,,,,,,,,0,,1321800000,0.0,0.0
7733,1,1,46412897,1321836979,1321837023,1321837352,Z,0000000304,АПОГЕЙ 99 ООД,,,,,0.0,5320.0,0.0,0.0,0.0,0.0,0.0,0.0,0.84,1.0,0.84,1.0,1.0,1.0,1.0,1.0,Yordan Markov,,D,Грийн Иновейшън АД,39180,1321737341,,,0,,,,,,,,,,,0,,1321800000,0.0,0.0
7733,2,1,39712425,1322054160,1322054474,1322054518,Z,0000000305,ПРАКТИКЕР РИТЕЙЛ ЕООД,,,,,0.0,59.78,0.0,0.0,0.0,0.0,0.0,0.0,0.84,1.0,0.84,1.0,1.0,1.0,1.0,1.0,Yordan Markov,,D,Грийн Иновейшън АД,91138772,1321954491,,,0,,,,,,,,,,,0,,1322000000,0.0,0.0
7733,3,1,42718659,1322055395,1322055411,1322055471,Z,0000000306,ИВДА-ГЕО ООД,,,,,0.0,18.3,0.0,0.0,0.0,0.0,0.0,0.0,0.84,1.0,0.84,1.0,1.0,1.0,1.0,1.0,Yordan Markov,,D,Грийн Иновейшън АД,173565,1321955457,,,0,,,,,,,,,,,0,,1322000000,0.0,0.0
7733,4,1,42003430,1322055973,1322056023,1322056056,Z,0000000307,НИРСТРОЙ ООД,,,,,0.0,15.14,0.0,0.0,0.0,0.0,0.0,0.0,0.84,1.0,0.84,1.0,1.0,1.0,1.0,1.0,Yordan Markov,,D,Грийн Иновейшън АД,137110,1321956048,,,0,,,,,,,,,,,0,,1322000000,0.0,0.0
7733,5,1,37295550,1322057361,1322057406,1324060593,Z,0000000308,ИТТ БЪЛГАРИЯ ЕООД,,,,,0.0,59.25,0.0,0.0,0.0,0.0,0.0,0.0,0.84,1.0,0.84,1.0,1.0,1.0,1.0,1.0,Yordan Markov,,D,Грийн Иновейшън АД,340048391,1321957562,,,0,,,,,,,,,,,0,,1322000000,0.0,0.0
7733,6,1,33993022,1322057862,1322057908,1322057924,Z,0000000309,ИТТ БЪЛГАРИЯ ЕООД,,,,,0.0,19.92,0.0,0.0,0.0,0.0,0.0,0.0,0.84,1.0,0.84,1.0,1.0,1.0,1.0,1.0,Yordan Markov,,D,Грийн Иновейшън АД,10560852,1321657915,,,0,,,,,,,,,,,0,,1322000000,0.0,0.0
7733,7,1,41611647,1322059074,1322059101,1322059128,Z,0000000310,ДОВЕРИЕ-БРИКО АД,,,,,0.0,6.43,0.0,0.0,0.0,0.0,0.0,0.0,0.84,1.0,0.84,1.0,1.0,1.0,1.0,1.0,Yordan Markov,,D,Грийн Иновейшън АД,20241709,1322059117,,,0,,,,,,,,,,,0,,1322000000,0.0,0.0
7733,8,1,46010653,1322061940,1322061991,1322062162,Z,0000000311,ХИМ-СПЕКТЪР ООД,,,,,0.0,23.0,0.0,0.0,0.0,0.0,0.0,0.0,0.84,1.0,0.84,1.0,1.0,1.0,1.0,1.0,Yordan Markov,,D,Грийн Иновейшън АД,27159,1322062009,,,0,,,,,,,,,,,0,,1322000000,0.0,0.0
7733,9,1,40752959,1322338844,1322338872,1322338960,Z,0000000312,ДОВЕРИЕ-БРИКО АД,,,,,0.0,9.81,0.0,0.0,0.0,0.0,0.0,0.0,0.84,1.0,0.84,1.0,1.0,1.0,1.0,1.0,Yordan Markov,,D,Грийн Иновейшън АД,20242131,1322338941,,,0,,,,,,,,,,,0,,1322300000,0.0,0.0
7733,10,1,48939640,1322356467,1322356492,1322356559,Z,0000000313,ВЮРТ-БЪЛГАРИЯ ЕООД,,,,,0.0,43.8,0.0,0.0,0.0,0.0,0.0,0.0,0.84,1.0,0.84,1.0,1.0,1.0,1.0,1.0,Yordan Markov,,D,Грийн Иновейшън АД,1882062,1321956541,,,0,,,,,,,,,,,0,,1322300000,0.0,0.0
7733,11,1,46286976,1322359444,1322359479,1322359502,Z,0000000314,ЛД ООД,,,,,0.0,200.262804026935,0.0,0.0,0.0,0.0,0.0,0.0,0.84,1.0,0.84,1.0,1.0,1.0,1.0,1.0,Yordan Markov,,D,Грийн Иновейшън АД,270671,1322059490,,,0,,,,,,,,,,,0,,1322300000,0.0,0.0
7733,12,1,44048724,1322362531,1322362565,1322362582,Z,0000000315,ХАРД ТЕХ ООД,,,,,0.0,80.32,0.0,0.0,0.0,0.0,0.0,0.0,0.84,1.0,0.84,1.0,1.0,1.0,1.0,1.0,Yordan Markov,,D,Грийн Иновейшън АД,20280,1321962573,,,0,,,,,,,,,,,0,,1322300000,0.0,0.0
7733,13,1,46233117,1322432828,1322432879,1322432976,Z,0000000316,ТАШЕВ ГАЛВИНГ ООД,,,,,0.0,251.4,0.0,0.0,0.0,0.0,0.0,0.0,0.84,1.0,0.84,1.0,1.0,1.0,1.0,1.0,Yordan Markov,,D,Грийн Иновейшън АД,2764915,1321832961,,,0,,,,,,,,,,,0,,1322400000,0.0,0.0
7733,14,1,35312672,1322433715,1322433859,1322433889,Z,0000000317,ШРАК ТЕХНИК ЕООД,,,,,0.0,64.8,0.0,0.0,0.0,0.0,0.0,0.0,0.84,1.0,0.84,1.0,1.0,1.0,1.0,1.0,Yordan Markov,,D,Грийн Иновейшън АД,1469004381,1321833873,,,0,,,,,,,,,,,0,,1322400000,0.0,0.0
7733,15,1,42141506,1322550472,1322550550,1322551062,Z,0000000318,ШРАК ТЕХНИК ЕООД,,,,,0.0,50.1712665545267,0.0,0.0,0.0,0.0,0.0,0.0,0.84,1.0,0.84,1.0,1.0,1.0,1.0,1.0,Yordan Markov,,D,Грийн Иновейшън АД,1469004728,1322451045,,,0,,,,,,,,,,,0,,1322500000,0.0,0.0
7733,16,1,49202417,1322553961,1322553983,1322554402,Z,0000000319,РЕДКО,,,,,0.0,15.0,0.0,0.0,0.0,0.0,0.0,0.0,0.84,1.0,0.84,1.0,1.0,1.0,1.0,1.0,Yordan Markov,,D,Грийн Иновейшън АД,82805,1322454388,,,0,,,,,,,,,,,0,,1322500000,0.0,0.0
7733,17,1,39948306,1322554599,1322554770,1322554785,Z,0000000320,ИТТ БЪЛГАРИЯ ЕООД,,,,,0.0,52.74,0.0,0.0,0.0,0.0,0.0,0.0,0.84,1.0,0.84,1.0,1.0,1.0,1.0,1.0,Yordan Markov,,D,Грийн Иновейшън АД,10563131,1322354776,,,0,,,,,,,,,,,0,,1322500000,0.0,0.0
7844,0,1,34985736,1322555272,1322555300,1322555329,Z,0000000321,ВАЛЕРУС - ВАЛЕРИ РУСИНОВ ЕТ,,,,,0.0,123.0,0.0,0.0,0.0,0.0,0.0,0.0,0.84,1.0,0.84,1.0,1.0,1.0,1.0,1.0,Yordan Markov,,D,Грийн Иновейшън АД,126129,1322055312,,,0,,,,,,,,,,,0,,1322500000,0.0,0.0
7844,1,1,43713642,1322643592,1322643640,1322643829,Z,0000000322,ЛД ООД,,,,,0.0,179.5,0.0,0.0,0.0,0.0,0.0,0.0,0.84,1.0,0.84,1.0,1.0,1.0,1.0,1.0,Yordan Markov,,D,Грийн Иновейшън АД,270802,1322443669,,,0,,,,,,,,,,,0,,1322600000,0.0,0.0
7844,2,1,36171769,1322653610,1322653689,1322653742,Z,0000000323,ЕЛЕНА - ИНВЕСТ ООД,,,,,0.0,15.36,0.0,0.0,0.0,0.0,0.0,0.0,0.84,1.0,0.84,1.0,1.0,1.0,1.0,1.0,Yordan Markov,,D,Грийн Иновейшън АД,204328,1322653712,,,0,,,,,,,,,,,0,,1322600000,0.0,0.0
7844,3,1,41472027,1322656661,1322656729,1322656913,Z,0000000324,ПАТЛИДЖАНСКИ ООД,,,,,0.0,36.5,0.0,0.0,0.0,0.0,0.0,0.0,0.84,1.0,0.84,1.0,1.0,1.0,1.0,1.0,Yordan Markov,,D,Грийн Иновейшън АД,29992,1320656882,,,0,,,,,,,,,,,0,,1322600000,0.0,0.0
7844,4,1,35528408,1322660945,1322660976,1322661109,Z,0000000325,GENEBRE,,,,,0.0,1246.29,0.0,0.0,0.0,0.0,0.0,0.0,0.84,1.0,0.84,1.0,1.0,1.0,1.0,1.0,Yordan Markov,,D,Грийн Иновейшън АД,1447687,1321961086,,,0,,,,,,,,,,,0,,1322600000,0.0,0.0
7844,5,1,47552843,1322663356,1322663438,1322664574,Z,0000000326,КРИСМЕТАЛ,,,,,0.0,388.5,0.0,0.0,0.0,0.0,0.0,0.0,0.84,1.0,0.84,1.0,1.0,1.0,1.0,1.0,Yordan Markov,,D,Грийн Иновейшън АД,10150425,1322563478,,,0,,,,,,,,,,,0,,1322600000,0.0,0.0
7844,6,1,39759828,1322737578,1322737716,1322738131,Z,0000000327,АПОГЕЙ 99 ООД,,,,,0.0,1560.0,0.0,0.0,0.0,0.0,0.0,0.0,0.84,1.0,0.84,1.0,1.0,1.0,1.0,1.0,Yordan Markov,,D,Грийн Иновейшън АД,100039409,1322538100,,,0,,,,,,,,,,,0,,1322700000,0.0,0.0
7844,7,1,38528848,1322750590,1322750680,1322750892,Z,0000000328,АКСО МАНИЯ ЕООД,,,,,0.0,242.87,0.0,0.0,0.0,0.0,0.0,0.0,0.84,1.0,0.84,1.0,1.0,1.0,1.0,1.0,Yordan Markov,,D,Грийн Иновейшън АД,1000048919,1322650752,,,0,,,,,,,,,,,0,,1322700000,0.0,0.0
7844,8,1,38355489,1322751614,1322751652,1322751692,Z,0000000329,ИВДА-ГЕО ООД,,,,,0.0,36.48,0.0,0.0,0.0,0.0,0.0,0.0,0.84,1.0,0.84,1.0,1.0,1.0,1.0,1.0,Yordan Markov,,D,Грийн Иновейшън АД,1000173938,1322751666,,,0,,,,,,,,,,,0,,1322700000,0.0,0.0
7844,9,1,36049486,1322751798,1322751913,1322751940,Z,0000000330,ИТТ БЪЛГАРИЯ ЕООД,,,,,0.0,15.0,0.0,0.0,0.0,0.0,0.0,0.0,0.84,1.0,0.84,1.0,1.0,1.0,1.0,1.0,Yordan Markov,,D,Грийн Иновейшън АД,0340048623,1322751924,,,0,,,,,,,,,,,0,,1322700000,0.0,0.0
7844,10,1,42494605,1323054908,1323054940,1323054983,Z,0000000331,КОМЕКО АД,,,,,0.0,299.56,0.0,0.0,0.0,0.0,0.0,0.0,0.84,1.0,0.84,1.0,1.0,1.0,1.0,1.0,Yordan Markov,,D,Грийн Иновейшън АД,48785,1319954972,,,0,,,,,,,,,,,0,,1323000000,0.0,0.0
7844,11,1,49127007,1323054985,1323055004,1323055030,Z,0000000332,КОМЕКО АД,,,,,0.0,69.37,0.0,0.0,0.0,0.0,0.0,0.0,0.84,1.0,0.84,1.0,1.0,1.0,1.0,1.0,Yordan Markov,,D,Грийн Иновейшън АД,48945,1322755014,,,0,,,,,,,,,,,0,,1323000000,0.0,0.0
7844,12,1,35289984,1323141634,1323141707,1323142757,Z,0000000333,GENEBRE,,,,,0.0,2218.67,0.0,0.0,0.0,0.0,0.0,0.0,0.84,1.0,0.84,1.0,1.0,1.0,1.0,1.0,Yordan Markov,,D,Грийн Иновейшън АД,Proforma,1320942736,,,0,,,,,,,,,,,0,,1323100000,0.0,0.0
7844,13,1,47821663,1323150166,1323150333,1323151713,Z,0000000334,GENEBRE,,,,,0.0,2439.4,0.0,0.0,0.0,0.0,0.0,0.0,0.84,1.0,0.84,1.0,1.0,1.0,1.0,1.0,Yordan Markov,,D,Грийн Иновейшън АД,1448317,1322350752,,,0,,,,,,,,,,,0,,1323100000,0.0,0.0
7844,14,1,47556610,1323153438,1323153456,1323153503,Z,0000000335,МЕДИЛИНК 2001 ЕООД,,,,,0.0,154.17,0.0,0.0,0.0,0.0,0.0,0.0,0.84,1.0,0.84,1.0,1.0,1.0,1.0,1.0,Yordan Markov,,D,Грийн Иновейшън АД,300125458,1322753472,,,0,,,,,,,,,,,0,,1323100000,0.0,0.0
7844,15,1,34566740,1323153875,1323153966,1323154086,Z,0000000336,РИТБУЛ ЕООД,,,,,0.0,17.48,0.0,0.0,0.0,0.0,0.0,0.0,0.84,1.0,0.84,1.0,1.0,1.0,1.0,1.0,Yordan Markov,,D,Грийн Иновейшън АД,5000040057,1323154059,,,0,,,,,,,,,,,0,,1323100000,0.0,0.0
7844,16,1,39843024,1323156584,1323156640,1323157216,Z,0000000337,ИВДА-ГЕО ООД,,,,,0.0,31.18,0.0,0.0,0.0,0.0,0.0,0.0,0.84,1.0,0.84,1.0,1.0,1.0,1.0,1.0,Yordan Markov,,D,Грийн Иновейшън АД,1000174113,1323157199,,,0,,,,,,,,,,,0,,1323100000,0.0,0.0
7844,17,1,35997411,1323258558,1323258583,1323259029,Z,0000000338,РЕДКО,,,,,0.0,102.5,0.0,0.0,0.0,0.0,0.0,0.0,0.84,1.0,0.84,1.0,1.0,1.0,1.0,1.0,Yordan Markov,,D,Грийн Иновейшън АД,0100082919,1323259015,,,0,,,,,,,,,,,0,,1323200000,0.0,0.0
6553,0,1,38010296,1323263869,1323263907,1323264131,Z,0000000339,МИКРОСИСТ ЕООД,,,,,0.0,187.148,0.0,0.0,0.0,0.0,0.0,0.0,0.84,1.0,0.84,1.0,1.0,1.0,1.0,1.0,Yordan Markov,,D,Грийн Иновейшън АД,0001105383,1272764086,,,0,,,,,,,,,Стара фактура,,0,,1323200000,0.0,0.0
6553,1,1,41919532,1323365697,1323365721,1323365756,Z,0000000340,ИВДА-ГЕО ООД,,,,,0.0,2.7,0.0,0.0,0.0,0.0,0.0,0.0,0.84,1.0,0.84,1.0,1.0,1.0,1.0,1.0,ADMIN,,D,Грийн Иновейшън АД,1000174245,1323365738,,,0,,,,,,,,,,,0,,1323300000,0.0,0.0
6553,2,1,49768853,1323366126,1323366164,1323366188,Z,0000000341,ТАШЕВ ГАЛВИНГ ООД,,,,,0.0,371.33,0.0,0.0,0.0,0.0,0.0,0.0,0.84,1.0,0.84,1.0,1.0,1.0,1.0,1.0,ADMIN,,D,Грийн Иновейшън АД,0002771107,1323366173,,,0,,,,,,,,,,,0,,1323300000,0.0,0.0
6553,3,1,48916675,1323366401,1323366437,1323366575,Z,0000000342,БУЛТЕКС 99 ЕООД,,,,,0.0,10.33,0.0,0.0,0.0,0.0,0.0,0.0,0.84,1.0,0.84,1.0,1.0,1.0,1.0,1.0,ADMIN,,D,Грийн Иновейшън АД,0460172359,1323366553,,,0,,,,,,,,,,,0,,1323300000,0.0,0.0
6553,4,1,44678299,1323434811,1323434866,1323434916,Z,0000000343,КРИСМЕТАЛ,,,,,0.0,96.02,0.0,0.0,0.0,0.0,0.0,0.0,0.84,1.0,0.84,1.0,1.0,1.0,1.0,1.0,ADMIN,,D,Грийн Иновейшън АД,0010150743,1323334902,,,0,,,,,,,,,,,0,,1323400000,0.0,0.0
6553,5,1,34045628,1323464686,1323464747,1323465227,Z,0000000344,ИТТ БЪЛГАРИЯ ЕООД,,,,,0.0,34.23,0.0,0.0,0.0,0.0,0.0,0.0,0.84,1.0,0.84,1.0,1.0,1.0,1.0,1.0,ADMIN,,D,Грийн Иновейшън АД,0340048814,1323465212,,,0,,,,,,,,,,,0,,1323400000,0.0,0.0
6553,6,1,46854626,1323466416,1323466451,1323466641,Z,0000000345,МОНТАЖИ-64 ООД,,,,,0.0,144.96,0.0,0.0,0.0,0.0,0.0,0.0,0.84,1.0,0.84,1.0,1.0,1.0,1.0,1.0,ADMIN,,D,Грийн Иновейшън АД,2000212556,1321466581,,,0,,,,,,,,,,,0,,1323400000,0.0,0.0
6553,7,1,48531273,1323932581,1323932617,1323932909,Z,0000000346,ЛД ООД,,,,,0.0,3818.22,0.0,0.0,0.0,0.0,0.0,0.0,0.84,1.0,0.84,1.0,1.0,1.0,1.0,1.0,Yordan Markov,,D,Грийн Иновейшън АД,0000271545,1323832882,,,0,,,,,,,,,,,0,,1323900000,0.0,0.0
6553,8,1,42765683,1323933460,1323933485,1323934342,Z,0000000347,ЛД ООД,,,,,0.0,830.09,0.0,0.0,0.0,0.0,0.0,0.0,0.84,1.0,0.84,1.0,1.0,1.0,1.0,1.0,Yordan Markov,,D,Грийн Иновейшън АД,0000271544,1323834307,,,0,,,,,,,,,,,0,,1323900000,0.0,0.0
6553,9,1,49957218,1323934411,1323934521,1323934603,Z,0000000348,ЛД ООД,,,,,0.0,383.32,0.0,0.0,0.0,0.0,0.0,0.0,0.84,1.0,0.84,1.0,1.0,1.0,1.0,1.0,Yordan Markov,,D,Грийн Иновейшън АД,0000271542,1323834572,,,0,,,,,,,,,,,0,,1323900000,0.0,0.0
6553,10,1,44305497,1323935389,1323935415,1323935443,Z,0000000349,КЕЪРОКС БЪЛГАРИЯ ЕООД,,,,,0.0,4900.0,0.0,0.0,0.0,0.0,0.0,0.0,0.84,1.0,0.84,1.0,1.0,1.0,1.0,1.0,Yordan Markov,,D,Грийн Иновейшън АД,0000467021,1323435425,,,0,,,,,,,,,,,0,,1323900000,0.0,0.0
6553,11,1,34463675,1323938927,1323939002,1323939116,Z,0000000350,GREEN POWER CO.,,,,,0.0,17207.01,0.0,0.0,0.0,0.0,0.0,0.0,0.84,1.0,0.84,1.0,1.0,1.0,1.0,1.0,Yordan Markov,,D,Грийн Иновейшън АД,CIGP26007,1322639090,,,0,,,,,,,,,,,0,,1323900000,0.0,0.0
6553,12,1,45189030,1323955183,1323955201,1323955239,Z,0000000351,ИФМ ЕЛЕКТРОНИК ЕООД,,,,,0.0,464.69,0.0,0.0,0.0,0.0,0.0,0.0,0.84,1.0,0.84,1.0,1.0,1.0,1.0,1.0,Yordan Markov,,D,Грийн Иновейшън АД,0000041056,1323155222,,,0,,,,,,,,,,,0,,1323900000,0.0,0.0
6553,13,1,42217908,1323958968,1323959065,1323963551,Z,0000000352,CENTRAL FLUIDSYSTEMS S.R.O. / SWAGELOK,,,,,0.0,2827.398,0.0,0.0,0.0,0.0,0.0,0.0,0.84,1.0,0.84,1.0,1.0,1.0,1.0,1.0,Yordan Markov,,D,Грийн Иновейшън АД,26001063,1322759885,,,0,,,,,,,,,,,0,,1323900000,0.0,0.0
6553,14,1,50123861,1324152089,1324152270,1324152418,Z,0000000353,CENTRAL FLUIDSYSTEMS S.R.O. / SWAGELOK,,,,,0.0,3076.988,0.0,0.0,0.0,0.0,0.0,0.0,0.84,1.0,0.84,1.0,1.0,1.0,1.0,1.0,Yordan Markov,,D,Грийн Иновейшън АД,26001175,1323452401,,,0,,,,,,,,,,,0,,1324100000,0.0,0.0
6553,15,1,40114980,1324563972,1324563996,1324564067,Z,0000000361,ИВДА-ГЕО ООД,,,,,0.0,22.35,0.0,0.0,0.0,0.0,0.0,0.0,0.84,1.0,0.84,1.0,1.0,1.0,1.0,1.0,Yordan Markov,,D,Грийн Иновейшън АД,1000174738,1324564045,,,0,,,,,,,,,,,0,,1324500000,0.0,0.0
6553,16,1,49763607,1324633638,1324633658,1324633708,Z,0000000362,ТАШЕВ ГАЛВИНГ ООД,,,,,0.0,98.49,0.0,0.0,0.0,0.0,0.0,0.0,0.84,1.0,0.84,1.0,1.0,1.0,1.0,1.0,Yordan Markov,,D,Грийн Иновейшън АД,0002775549,1324433694,,,0,,,,,,,,,,,0,,1324600000,0.0,0.0
6553,24,1,39281484,1324452583,1324452602,1324452644,Z,0000000359,VITKOVICE CYLINDERS A.S.,,,,,0.0,22110.0,0.0,0.0,0.0,0.0,0.0,0.0,0.84,1.0,0.84,1.0,1.0,1.0,1.0,1.0,Yordan Markov,,D,Грийн Иновейшън АД,15260022,1323452610,,,0,,,,,,,,,,,0,,1324400000,0.0,0.0
8110,1,1,47523351,1324152863,1324152887,1324152932,Z,0000000354,ЕЛЕКТРА ООД,,,,,0.0,68.0,0.0,0.0,0.0,0.0,0.0,0.0,0.84,1.0,0.84,1.0,1.0,1.0,1.0,1.0,Yordan Markov,,D,Грийн Иновейшън АД,61381,1323752901,,,0,,,,,,,,,,,0,,1324100000,0.0,0.0
8110,2,1,47326246,1324634359,1324634380,1324634410,Z,0000000363,ВИ ДЖИ ЕФ ООД,,,,,0.0,36.28,0.0,0.0,0.0,0.0,0.0,0.0,0.84,1.0,0.84,1.0,1.0,1.0,1.0,1.0,Yordan Markov,,D,Грийн Иновейшън АД,182331,1324434401,,,0,,,,,,,,,,,0,,1324600000,0.0,0.0
8110,3,1,46757408,1324635811,1324635922,1324635990,Z,0000000364,ТИЛКОМ ООД,,,,,0.0,992.0,0.0,0.0,0.0,0.0,0.0,0.0,0.84,1.0,0.84,1.0,1.0,1.0,1.0,1.0,Yordan Markov,,D,Грийн Иновейшън АД,0000217193,1324135970,,,0,,,,,,,,,,,0,,1324600000,0.0,0.0
8110,4,1,38654618,1324461606,1324461664,1324461829,Z,0000000360,ПРАКТИКЕР РИТЕЙЛ ЕООД,,,,,0.0,38.88,0.0,0.0,0.0,0.0,0.0,0.0,0.84,1.0,0.84,1.0,1.0,1.0,1.0,1.0,Yordan Markov,,D,Грийн Иновейшън АД,0091148362,1324461794,,,0,,,,,,,,,,,0,,1324400000,0.0,0.0
8110,5,1,35371493,1324641035,1324641085,1324641103,Z,0000000365,БУЛТЕКС 99 ЕООД,,,,,0.0,33.76,0.0,0.0,0.0,0.0,0.0,0.0,0.84,1.0,0.84,1.0,1.0,1.0,1.0,1.0,Yordan Markov,,D,Грийн Иновейшън АД,0460172815,1324641092,,,0,,,,,,,,,,,0,,1324600000,0.0,0.0
8110,6,1,39898046,1324641860,1324641917,1324642172,Z,0000000366,ИВДА-ГЕО ООД,,,,,0.0,55.29,0.0,0.0,0.0,0.0,0.0,0.0,0.84,1.0,0.84,1.0,1.0,1.0,1.0,1.0,Yordan Markov,,D,Грийн Иновейшън АД,1000174551,1324042149,,,0,,,,,,,,,,,0,,1324600000,0.0,0.0
8110,7,1,46976076,1324754565,1324754607,1324754684,Z,0000000367,ШРАК ТЕХНИК ЕООД,,,,,0.0,144.6,0.0,0.0,0.0,0.0,0.0,0.0,0.84,1.0,0.84,1.0,1.0,1.0,1.0,1.0,Yordan Markov,,D,Грийн Иновейшън АД,1469006288,1324654650,,,0,,,,,,,,,,,0,,1324700000,0.0,0.0
8110,8,1,45247936,1324754757,1324754812,1324755031,Z,0000000368,ШРАК ТЕХНИК ЕООД,,,,,0.0,19.680596,0.0,0.0,0.0,0.0,0.0,0.0,0.84,1.0,0.84,1.0,1.0,1.0,1.0,1.0,Yordan Markov,,D,Грийн Иновейшън АД,1469006245,1324555018,,,0,,,,,,,,,,,0,,1324700000,0.0,0.0
8110,9,1,33671433,1324755362,1324755415,1324755682,Z,0000000369,ДОВЕРИЕ-БРИКО АД,,,,,0.0,78.33,0.0,0.0,0.0,0.0,0.0,0.0,0.84,1.0,0.84,1.0,1.0,1.0,1.0,1.0,Yordan Markov,,D,Грийн Иновейшън АД,0020247015,1324655650,,,0,,,,,,,,,,,0,,1324700000,0.0,0.0
8110,10,1,47461536,1324756068,1324756118,1324756171,Z,0000000370,ИТТ БЪЛГАРИЯ ЕООД,,,,,0.0,31.113,0.0,0.0,0.0,0.0,0.0,0.0,0.84,1.0,0.84,1.0,1.0,1.0,1.0,1.0,Yordan Markov,,D,Грийн Иновейшън АД,0340049086,1324756160,,,0,,,,,,,,,,,0,,1324700000,0.0,0.0
8110,11,1,47027000,1325239110,1325339179,1325340072,Z,0000000371,ИВДА-ГЕО ООД,,,,,0.0,23.18,0.0,0.0,0.0,0.0,0.0,0.0,0.84,1.0,0.84,1.0,1.0,1.0,1.0,1.0,ADMIN,,D,Грийн Иновейшън АД,1000174891,1325239533,,,0,,,,,,,,,,,0,,1325300000,0.0,0.0
8110,12,1,37762506,1325249168,1325349327,1325349414,Z,0000000372,ТАШЕВ ГАЛВИНГ ООД,,,,,0.0,1.352,0.0,0.0,0.0,0.0,0.0,0.0,0.84,1.0,0.84,1.0,1.0,1.0,1.0,1.0,ADMIN,,D,Грийн Иновейшън АД,0002777465,1325249367,,,0,,,,,,,,,,,0,,1325300000,0.0,0.0
8110,13,1,36719890,1325367023,1325367055,1325367080,Z,0000000373,ПАПЕ ЕООД,,,,,0.0,184.0,0.0,0.0,0.0,0.0,0.0,0.0,0.84,1.0,0.84,1.0,1.0,1.0,1.0,1.0,ADMIN,,D,Грийн Иновейшън АД,0000087546,1325367067,,,0,,,,,,,,,,,0,,1325300000,0.0,0.0
8110,14,1,46219561,1324156717,1324156750,1324156991,Z,0000000355,ИВДА-ГЕО ООД,,,,,0.0,69.975,0.0,0.0,0.0,0.0,0.0,0.0,0.84,1.0,0.84,1.0,1.0,1.0,1.0,1.0,Yordan Markov,,D,Грийн Иновейшън АД,1000174494,1323956872,,,0,,,,,,,,,,,0,,1324100000,0.0,0.0
8110,28,1,49860928,1324157264,1324157284,1324157324,Z,0000000356,ИТТ БЪЛГАРИЯ ЕООД,,,,,0.0,19.68,0.0,0.0,0.0,0.0,0.0,0.0,0.84,1.0,0.84,1.0,1.0,1.0,1.0,1.0,Yordan Markov,,D,Грийн Иновейшън АД,0340048903,1323957293,,,0,,,,,,,,,,,0,,1324100000,0.0,0.0
8110,40,1,49205039,1324157673,1324157697,1324157732,Z,0000000357,ИТТ БЪЛГАРИЯ ЕООД,,,,,0.0,94.55,0.0,0.0,0.0,0.0,0.0,0.0,0.84,1.0,0.84,1.0,1.0,1.0,1.0,1.0,Yordan Markov,,D,Грийн Иновейшън АД,0010567575,1323757721,,,0,,,,,,,,,,,0,,1324100000,0.0,0.0
8110,53,1,45503500,1324158030,1324158122,1324159395,Z,0000000358,ИВДА-ГЕО ООД,,,,,0.0,186.85498,0.0,0.0,0.0,0.0,0.0,0.0,0.84,1.0,0.84,1.0,1.0,1.0,1.0,1.0,Yordan Markov,,D,Грийн Иновейшън АД,6000008901,1324159377,,,0,,,,,,,,,,,0,,1324100000,0.0,0.0
8569,0,1,48935165,1324663973,1325464001,1325464074,Z,0000000374,TRANSFER MULTISORT ELEKTRONIK SP. ZO.O.,,,,,0.0,266.52,0.0,0.0,0.0,0.0,0.0,0.0,0.84,1.0,0.84,1.0,1.0,1.0,1.0,1.0,ADMIN,,D,Грийн Иновейшън АД,1265087054,1324664010,,,0,,,,,,,,,,,0,,1325400000,0.0,0.0
8569,1,1,48265428,1324664355,1325464373,1325464405,Z,0000000375,TRANSFER MULTISORT ELEKTRONIK SP. ZO.O.,,,,,0.0,569.64,0.0,0.0,0.0,0.0,0.0,0.0,0.84,1.0,0.84,1.0,1.0,1.0,1.0,1.0,ADMIN,,D,Грийн Иновейшън АД,1261218946,1324664391,,,0,,,,,,,,,,,0,,1325400000,0.0,0.0
8569,2,1,47034219,1328635325,1328635419,1328860585,Z,0000000381,КРИСМЕТАЛ,,,,,0.0,210.3,0.0,0.0,0.0,0.0,0.0,0.0,0.84,1.0,0.84,1.0,1.0,1.0,1.0,1.0,ADMIN,,D,Грийн Иновейшън АД,0010152294,1327660544,,,0,,,,,,,,,,,0,,1328600000,0.0,0.0
8569,3,1,49447782,1328853439,1328853764,1328860360,Z,0000000382,TRANSFER MULTISORT ELEKTRONIK SP. ZO.O.,,,,,0.0,244.89,0.0,0.0,0.0,0.0,0.0,0.0,0.84,1.0,0.84,1.0,1.0,1.0,1.0,1.0,ADMIN,,D,Грийн Иновейшън АД,1261302298,1328260313,,,0,,,,,,,,,,,0,,1328800000,0.0,0.0
8569,4,1,49127269,1330234360,1330234401,1330234792,Z,0000000383,ИВДА-ГЕО ООД,,,,,0.0,513.3,0.0,0.0,0.0,0.0,0.0,0.0,0.84,1.0,0.84,1.0,1.0,1.0,1.0,1.0,ADMIN,,D,Грийн Иновейшън АД,6000009168,1329034524,,,0,,,,,,,,,,,0,,1330200000,0.0,0.0
8569,5,1,42487304,1330252357,1330252410,1330252581,Z,0000000384,ВАГО БЪЛГАРИЯ ООД,,,,,0.0,5343.56,0.0,0.0,0.0,0.0,0.0,0.0,0.84,1.0,0.84,1.0,1.0,1.0,1.0,1.0,ADMIN,,D,Грийн Иновейшън АД,6290015452,1328952549,,,0,,,,,,,,,,,0,,1330200000,0.0,0.0
8569,6,1,41528035,1330253076,1330253108,1330253136,Z,0000000385,ВАГО БЪЛГАРИЯ ООД,,,,,0.0,1000.75,0.0,0.0,0.0,0.0,0.0,0.0,0.84,1.0,0.84,1.0,1.0,1.0,1.0,1.0,ADMIN,,D,Грийн Иновейшън АД,6290015500,1329553116,,,0,,,,,,,,,,,0,,1330200000,0.0,0.0
8569,7,1,38646161,1330254333,1330254358,1330254403,Z,0000000386,ВАГО БЪЛГАРИЯ ООД,,,,,0.0,311.44,0.0,0.0,0.0,0.0,0.0,0.0,0.84,1.0,0.84,1.0,1.0,1.0,1.0,1.0,ADMIN,,D,Грийн Иновейшън АД,6290015512,1329654366,,,0,,,,,,,,,,,0,,1330200000,0.0,0.0
8569,8,1,46186138,1330055196,1330255255,1330255320,Z,0000000387,ИТТ БЪЛГАРИЯ ЕООД,,,,,0.0,5.0,0.0,0.0,0.0,0.0,0.0,0.0,0.84,1.0,0.84,1.0,1.0,1.0,1.0,1.0,ADMIN,,D,Грийн Иновейшън АД,0340050241,1330055263,,,0,,,,,,,,,,,0,,1330200000,0.0,0.0
8569,9,1,36475093,1327256229,1330256272,1330256391,Z,0000000388,ИТТ БЪЛГАРИЯ ЕООД,,,,,0.0,5.64,0.0,0.0,0.0,0.0,0.0,0.0,0.84,1.0,0.84,1.0,1.0,1.0,1.0,1.0,ADMIN,,D,Грийн Иновейшън АД,0340049594,1327256355,,,0,,,,,,,,,,,0,,1330200000,0.0,0.0
8569,10,1,35970801,1326557796,1330257907,1330257980,Z,0000000389,ПАПЕ ЕООД,,,,,0.0,101.48,0.0,0.0,0.0,0.0,0.0,0.0,0.84,1.0,0.84,1.0,1.0,1.0,1.0,1.0,ADMIN,,D,Грийн Иновейшън АД,0000087666,1326557944,,,0,,,,,,,,,,,0,,1330200000,0.0,0.0
8569,11,1,45337455,1328959593,1330259622,1330259660,Z,0000000390,АНГЕЛ СТОИЛОВ-96 АД,,,,,0.0,60.96,0.0,0.0,0.0,0.0,0.0,0.0,0.84,1.0,0.84,1.0,1.0,1.0,1.0,1.0,ADMIN,,D,Грийн Иновейшън АД,5300014451,1328959640,,,0,,,,,,,,,,,0,,1330200000,0.0,0.0
8569,12,1,40948639,1321263790,1330263829,1330263957,Z,0000000391,ИВДА-ГЕО ООД,,,,,0.0,136.0,0.0,0.0,0.0,0.0,0.0,0.0,0.84,1.0,0.84,1.0,1.0,1.0,1.0,1.0,ADMIN,,D,Грийн Иновейшън АД,1000173222,1321263851,,,0,,,,,,,,,,,0,,1330200000,0.0,0.0
8569,13,1,38736349,1330334527,1330334565,1330334715,Z,0000000392,НИДАКС БЪЛГАРИЯ  ЕООД,,,,,0.0,177.02,0.0,0.0,0.0,0.0,0.0,0.0,0.84,1.0,0.84,1.0,1.0,1.0,1.0,1.0,ADMIN,,D,Грийн Иновейшън АД,0000000529,1324034695,,,0,,,,,,,,,,,0,,1330300000,0.0,0.0
8569,14,1,49297627,1330335517,1330335556,1330335588,Z,0000000393,КРИСМЕТАЛ,,,,,0.0,74.0,0.0,0.0,0.0,0.0,0.0,0.0,0.84,1.0,0.84,1.0,1.0,1.0,1.0,1.0,ADMIN,,D,Грийн Иновейшън АД,0010151309,1324735570,,,0,,,,,,,,,,,0,,1330300000,0.0,0.0
8569,15,1,44330202,1330337547,1330337736,1330337871,Z,0000000394,AQUAPHOR INTERNATIONAL,,,,,0.0,705.2,0.0,0.0,0.0,0.0,0.0,0.0,0.84,1.0,0.84,1.0,1.0,1.0,1.0,1.0,ADMIN,,D,Грийн Иновейшън АД,IIP000009467,1325137841,,,0,,,,,,,,,,,0,,1330300000,0.0,0.0
8569,16,1,48167746,1330338689,1330338726,1330338874,Z,0000000395,КРИСМЕТАЛ,,,,,0.0,636.68,0.0,0.0,0.0,0.0,0.0,0.0,0.84,1.0,0.84,1.0,1.0,1.0,1.0,1.0,ADMIN,,D,Грийн Иновейшън АД,0010151335,1325238856,,,0,,,,,,,,,,,0,,1330300000,0.0,0.0
8569,17,1,38253885,1330339578,1330345086,1330347556,Z,0000000396,КРИСМЕТАЛ,,,,,0.0,143.82,0.0,0.0,0.0,0.0,0.0,0.0,0.84,1.0,0.84,1.0,1.0,1.0,1.0,1.0,ADMIN,,D,Грийн Иновейшън АД,0010151564,1325847515,,,0,,,,,,,,,,,0,,1330300000,0.0,0.0
9834,1,1,34390814,1330345204,1330345227,1330347602,Z,0000000397,ЛД ООД,,,,,0.0,1636.38,0.0,0.0,0.0,0.0,0.0,0.0,0.84,1.0,0.84,1.0,1.0,1.0,1.0,1.0,ADMIN,,D,Грийн Иновейшън АД,0000272330,1325847584,,,0,,,,,,,,,,,0,,1330300000,0.0,0.0
9834,2,1,41384168,1330346718,1330346758,1330346952,Z,0000000398,ЖИЛАНОВИ ООД,,,,,0.0,8422.91,0.0,0.0,0.0,0.0,0.0,0.0,0.84,1.0,0.84,1.0,1.0,1.0,1.0,1.0,ADMIN,,D,Грийн Иновейшън АД,0000000593,1325946932,,,0,,,,,,,,,,,0,,1330300000,0.0,0.0
9834,3,1,36772276,1330351027,1330351205,1330352221,Z,0000000399,GENEBRE,,,,,0.0,2386.6788,0.0,0.0,0.0,0.0,0.0,0.0,0.84,1.0,0.84,1.0,1.0,1.0,1.0,1.0,ADMIN,,D,Грийн Иновейшън АД,001454221,1326552188,,,0,,,,,,,,,,,0,,1330300000,0.0,0.0
9834,4,1,50096253,1330352796,1330352846,1330352963,Z,0000000400,НИДАКС БЪЛГАРИЯ  ЕООД,,,,,0.0,35.8,0.0,0.0,0.0,0.0,0.0,0.0,0.84,1.0,0.84,1.0,1.0,1.0,1.0,1.0,ADMIN,,D,Грийн Иновейшън АД,0000000559,1327652944,,,0,,,,,,,,,,,0,,1330300000,0.0,0.0
9834,5,1,36362632,1330353374,1330353404,1330353436,Z,0000000401,ДЕЛТА ИНСТРУМЕНТ ООД,,,,,0.0,160.0,0.0,0.0,0.0,0.0,0.0,0.0,0.84,1.0,0.84,1.0,1.0,1.0,1.0,1.0,ADMIN,,D,Грийн Иновейшън АД,0000025000,1327553420,,,0,,,,,,,,,,,0,,1330300000,0.0,0.0
9834,6,1,37869281,1330353840,1330353886,1330353917,Z,0000000402,ИТТ БЪЛГАРИЯ ЕООД,,,,,0.0,30.31,0.0,0.0,0.0,0.0,0.0,0.0,0.84,1.0,0.84,1.0,1.0,1.0,1.0,1.0,ADMIN,,D,Грийн Иновейшън АД,00975 1000 16,1327653895,,,0,,,,,,,,,,,0,,1330300000,0.0,0.0
9834,7,1,44996534,1330354353,1330354394,1330354523,Z,0000000403,ШРАК ТЕХНИК ЕООД,,,,,0.0,51.74,0.0,0.0,0.0,0.0,0.0,0.0,0.84,1.0,0.84,1.0,1.0,1.0,1.0,1.0,ADMIN,,D,Грийн Иновейшън АД,1469008463,1328154495,,,0,,,,,,,,,,,0,,1330300000,0.0,0.0
9834,8,1,50256845,1330356813,1330357193,1330357716,Z,0000000404,КРИСМЕТАЛ,,,,,0.0,1062.78,0.0,0.0,0.0,0.0,0.0,0.0,0.84,1.0,0.84,1.0,1.0,1.0,1.0,1.0,ADMIN,,D,Грийн Иновейшън АД,0010152852,1329057697,,,0,,,,,,,,,,,0,,1330300000,0.0,0.0
9834,9,1,38955260,1330360009,1330360062,1330360165,Z,0000000405,ЛД ООД,,,,,0.0,477.0,0.0,0.0,0.0,0.0,0.0,0.0,0.84,1.0,0.84,1.0,1.0,1.0,1.0,1.0,ADMIN,,D,Грийн Иновейшън АД,0000273898,1329060146,,,0,,,,,,,,,,,0,,1330300000,0.0,0.0
9834,10,1,36564598,1330360782,1330360801,1335163661,Z,0000000406,BROOKS INSTRUMENT GmbH,,,,,0.0,7924.0,0.0,0.0,0.0,0.0,0.0,0.0,0.84,1.0,0.84,1.0,1.0,1.0,1.0,1.0,ADMIN,,D,Грийн Иновейшън АД,CO9029739,1329060896,,,0,,,,,,,,,,,0,,1330300000,0.0,0.0
9834,11,1,39620481,1330365133,1330365186,1330365218,Z,0000000407,ВАГО БЪЛГАРИЯ ООД,,,,,0.0,11.11,0.0,0.0,0.0,0.0,0.0,0.0,0.84,1.0,0.84,1.0,1.0,1.0,1.0,1.0,ADMIN,,D,Грийн Иновейшън АД,6290015188,1325365201,,,0,,,,,,,,,,,0,,1330300000,0.0,0.0
9834,12,1,42437727,1330365632,1330365662,1330365704,Z,0000000408,ВАГО БЪЛГАРИЯ ООД,,,,,0.0,582.38,0.0,0.0,0.0,0.0,0.0,0.0,0.84,1.0,0.84,1.0,1.0,1.0,1.0,1.0,ADMIN,,D,Грийн Иновейшън АД,6290015146,1324765671,,,0,,,,,,,,,,,0,,1330300000,0.0,0.0
9834,13,1,34787197,1330366299,1330366342,1330734745,Z,0000000409,AQUAPHOR INTERNATIONAL,,,,,0.0,705.2,0.0,0.0,0.0,0.0,0.0,0.0,0.84,1.0,0.84,1.0,1.0,1.0,1.0,1.0,ADMIN,,D,Грийн Иновейшън АД,IIN60006854,1326034714,,,0,,,,,,,,,,,0,,1330300000,0.0,0.0
9834,14,1,36257364,1330731976,1330732034,1330732257,Z,0000000410,ИВДА-ГЕО ООД,,,,,0.0,107.53,0.0,0.0,0.0,0.0,0.0,0.0,0.84,1.0,0.84,1.0,1.0,1.0,1.0,1.0,ADMIN,,D,Грийн Иновейшън АД,6000009189,1330432240,,,0,,,,,,,,,,,0,,1330700000,0.0,0.0
9834,15,1,41179309,1330732528,1330732544,1330732598,Z,0000000411,ДЕАТРЕЙД БГ ЕООД,,,,,0.0,364.72,0.0,0.0,0.0,0.0,0.0,0.0,0.84,1.0,0.84,1.0,1.0,1.0,1.0,1.0,ADMIN,,D,Грийн Иновейшън АД,0000005558,1330332581,,,0,,,,,,,,,,,0,,1330700000,0.0,0.0
9834,16,1,43356163,1330733082,1330733104,1330733133,Z,0000000412,БУЛТЕКС 99 ЕООД,,,,,0.0,78.12,0.0,0.0,0.0,0.0,0.0,0.0,0.84,1.0,0.84,1.0,1.0,1.0,1.0,1.0,ADMIN,,D,Грийн Иновейшън АД,0460175130,1330433117,,,0,,,,,,,,,,,0,,1330700000,0.0,0.0
9834,37,1,37788538,1327542252,1327542411,1327545217,Z,0000000376,GENEBRE,,,,,0.0,1746.72,0.0,0.0,0.0,0.0,0.0,0.0,0.84,1.0,0.84,1.0,1.0,1.0,1.0,1.0,ADMIN,ADMIN,D,Грийн Иновейшън АД,01454221,1327545160,,,0,,,,,,,,,,,0,,1327500000,0.0,0.0
9834,63,1,49194602,1327551168,1327551218,1327551457,Z,0000000377,ИВДА-ГЕО ООД,,,,,0.0,4.35,0.0,0.0,0.0,0.0,0.0,0.0,0.84,1.0,0.84,1.0,1.0,1.0,1.0,1.0,ADMIN,,D,Грийн Иновейшън АД,,0,,,0,,,,,,,,,,,0,,1327500000,0.0,0.0
10031,1,1,44262471,1330733365,1330733493,1330733617,Z,0000000413,МАРВИН ООД,,,,,0.0,62.0,0.0,0.0,0.0,0.0,0.0,0.0,0.84,1.0,0.84,1.0,1.0,1.0,1.0,1.0,ADMIN,,D,Грийн Иновейшън АД,0000113051,1329433592,,,0,,,,,,,,,,,0,,1330700000,0.0,0.0
10031,2,1,36898533,1330734868,1330734908,1330734965,Z,0000000414,TRANSFER MULTISORT ELEKTRONIK SP. ZO.O.,,,,,0.0,244.89,0.0,0.0,0.0,0.0,0.0,0.0,0.84,1.0,0.84,1.0,1.0,1.0,1.0,1.0,ADMIN,,D,Грийн Иновейшън АД,1261302298,1328234919,,,0,,,,,,,,,,,0,,1330700000,0.0,0.0
10031,3,1,45607840,1327557859,1327558226,1328137495,Z,0000000378,GENEBRE,,,,,0.0,362.16,0.0,0.0,0.0,0.0,0.0,0.0,0.84,1.0,0.84,1.0,1.0,1.0,1.0,1.0,ADMIN,,D,Грийн Иновейшън АД,01454221,1328137492,,,0,,,,,,,,,,,0,,1327500000,0.0,0.0
10031,4,1,48756194,1330736695,1330736732,1330736818,Z,0000000415,ШРАК ТЕХНИК ЕООД,,,,,0.0,58.0,0.0,0.0,0.0,0.0,0.0,0.0,0.84,1.0,0.84,1.0,1.0,1.0,1.0,1.0,ADMIN,,D,Грийн Иновейшън АД,1469009189,1329036792,,,0,,,,,,,,,,,0,,1330700000,0.0,0.0
10031,5,1,36394533,1330738395,1330738425,1330738639,Z,0000000416,ШРАК ТЕХНИК ЕООД,,,,,0.0,123.37,0.0,0.0,0.0,0.0,0.0,0.0,0.84,1.0,0.84,1.0,1.0,1.0,1.0,1.0,ADMIN,,D,Грийн Иновейшън АД,1469009236,1329438554,,,0,,,,,,,,,,,0,,1330700000,0.0,0.0
10031,6,1,48602370,1330742454,1330742505,1330742586,Z,0000000417,ИВДА-ГЕО ООД,,,,,0.0,198.32,0.0,0.0,0.0,0.0,0.0,0.0,0.84,1.0,0.84,1.0,1.0,1.0,1.0,1.0,ADMIN,,D,Грийн Иновейшън АД,1000177196,1330442570,,,0,,,,,,,,,,,0,,1330700000,0.0,0.0
10031,7,1,38780541,1331541312,1331541344,1331541610,Z,0000000418,ИВДА-ГЕО ООД,,,,,0.0,246.88,0.0,0.0,0.0,0.0,0.0,0.0,0.84,1.0,0.84,1.0,1.0,1.0,1.0,1.0,ADMIN,,D,Грийн Иновейшън АД,1000177302,1330741559,,,0,,,,,,,,,,,0,,1331500000,0.0,0.0
10031,8,1,42254328,1331633037,1331633077,1331633104,Z,0000000419,МИКРОМАКС ТРЕЙД ООД,,,,,0.0,403.2,0.0,0.0,0.0,0.0,0.0,0.0,0.84,1.0,0.84,1.0,1.0,1.0,1.0,1.0,ADMIN,,D,Грийн Иновейшън АД,1000201783,1331433090,,,0,,,,,,,,,,,0,,1331600000,0.0,0.0
10031,9,1,37325624,1331732500,1331732747,1331733009,Z,0000000420,АйСи Лоджистик ООД,,,,,0.0,25.54,0.0,0.0,0.0,0.0,0.0,0.0,0.84,1.0,0.84,1.0,1.0,1.0,1.0,1.0,ADMIN,,D,Грийн Иновейшън АД,0000008654,1331632987,,,0,,,,,,,,,,,0,,1331700000,0.0,0.0
10031,10,1,34232177,1331733786,1331733808,1331733852,Z,0000000421,ДЕЛТА ИНСТРУМЕНТ ООД,,,,,0.0,184.0,0.0,0.0,0.0,0.0,0.0,0.0,0.84,1.0,0.84,1.0,1.0,1.0,1.0,1.0,ADMIN,,D,Грийн Иновейшън АД,0000025014,1328033838,,,0,,,,,,,,,,,0,,1331700000,0.0,0.0
10031,11,1,42606361,1331734206,1331734280,1331735513,Z,0000000422,КРИСМЕТАЛ,,,,,0.0,116.97,0.0,0.0,0.0,0.0,0.0,0.0,0.84,1.0,0.84,1.0,1.0,1.0,1.0,1.0,ADMIN,,D,Грийн Иновейшън АД,0010153473,1330735497,,,0,,,,,,,,,,,0,,1331700000,0.0,0.0
10031,12,1,40542066,1331735883,1331735999,1331736020,Z,0000000423,КРИСМЕТАЛ,,,,,0.0,53.28,0.0,0.0,0.0,0.0,0.0,0.0,0.84,1.0,0.84,1.0,1.0,1.0,1.0,1.0,ADMIN,,D,Грийн Иновейшън АД,0010153478,1330736006,,,0,,,,,,,,,,,0,,1331700000,0.0,0.0
10031,13,1,38167661,1331736050,1331736124,1331736586,Z,0000000424,КРИСМЕТАЛ,,,,,0.0,277.046507723064,0.0,0.0,0.0,0.0,0.0,0.0,0.84,1.0,0.84,1.0,1.0,1.0,1.0,1.0,ADMIN,,D,Грийн Иновейшън АД,0010153543,1330836571,,,0,,,,,,,,,,,0,,1331700000,0.0,0.0
10031,14,1,40429175,1327559588,1327560014,1328137482,Z,0000000379,GENEBRE,,,,,0.0,11.1,0.0,0.0,0.0,0.0,0.0,0.0,0.84,1.0,0.84,1.0,1.0,1.0,1.0,1.0,ADMIN,,D,Грийн Иновейшън АД,01454221,1328137479,,,0,,,,,,,,,,,0,,1327500000,0.0,0.0
10031,15,1,44849564,1331737591,1331737607,1331737635,Z,0000000425,НИРСТРОЙ ООД,,,,,0.0,133.8,0.0,0.0,0.0,0.0,0.0,0.0,0.84,1.0,0.84,1.0,1.0,1.0,1.0,1.0,ADMIN,,D,Грийн Иновейшън АД,2120030949,1330937621,,,0,,,,,,,,,,,0,,1331700000,0.0,0.0
10031,16,1,47174364,1331738529,1331738565,1331738590,Z,0000000426,КРИСМЕТАЛ,,,,,0.0,61.76,0.0,0.0,0.0,0.0,0.0,0.0,0.84,1.0,0.84,1.0,1.0,1.0,1.0,1.0,ADMIN,,D,Грийн Иновейшън АД,0010153913,1331638573,,,0,,,,,,,,,,,0,,1331700000,0.0,0.0
10031,17,1,42122879,1331741058,1331741124,1332343966,Z,0000000427,АЛУСИЛ ООД,,,,,0.0,24.0,0.0,0.0,0.0,0.0,0.0,0.0,0.84,1.0,0.84,1.0,1.0,1.0,1.0,1.0,ADMIN,,D,Грийн Иновейшън АД,1000003022,1330743943,,,0,,,,,,,,,,,0,,1331700000,0.0,0.0
10031,18,1,40596399,1331741380,1331741649,1331741677,Z,0000000428,ВАГО БЪЛГАРИЯ ООД,,,,,0.0,141.03,0.0,0.0,0.0,0.0,0.0,0.0,0.84,1.0,0.84,1.0,1.0,1.0,1.0,1.0,ADMIN,,D,Грийн Иновейшън АД,6290015552,1330241661,,,0,,,,,,,,,,,0,,1331700000,0.0,0.0
10031,25,1,45406938,1327560833,1327561063,1328137468,Z,0000000380,GENEBRE,,,,,0.0,557.79,0.0,0.0,0.0,0.0,0.0,0.0,0.84,1.0,0.84,1.0,1.0,1.0,1.0,1.0,ADMIN,,D,Грийн Иновейшън АД,01454221,1328137465,,,0,,,,,,,,,,,0,,1327500000,0.0,0.0
10600,0,1,34681326,1332333789,1332333811,1332333842,Z,0000000429,АПОГЕЙ 99 ООД,,,,,0.0,4060.0,0.0,0.0,0.0,0.0,0.0,0.0,0.84,1.0,0.84,1.0,1.0,1.0,1.0,1.0,ADMIN,,D,Грийн Иновейшън АД,1000042363,1332233826,,,0,,,,,,,,,,,0,,1332300000,0.0,0.0
10600,1,1,45513858,1332343395,1332343423,1332343463,Z,0000000430,ЛД ООД,,,,,0.0,3774.51,0.0,0.0,0.0,0.0,0.0,0.0,0.84,1.0,0.84,1.0,1.0,1.0,1.0,1.0,ADMIN,,D,Грийн Иновейшън АД,0000275338,1332143446,,,0,,,,,,,,,,,0,,1332300000,0.0,0.0
10600,2,1,34646318,1332343530,1332343580,1332343741,Z,0000000431,CENTRAL FLUIDSYSTEMS S.R.O. / SWAGELOK,,,,,0.0,3076.8,0.0,0.0,0.0,0.0,0.0,0.0,0.84,1.0,0.84,1.0,1.0,1.0,1.0,1.0,ADMIN,,D,Грийн Иновейшън АД,-,1332343722,,,0,,,,,,,,,,,0,,1332300000,0.0,0.0
10600,3,1,44066368,1333235654,1333235699,1333235749,Z,0000000432,НИРСТРОЙ ООД,,,,,0.0,115.2,0.0,0.0,0.0,0.0,0.0,0.0,0.84,1.0,0.84,1.0,1.0,1.0,1.0,1.0,ADMIN,,D,Грийн Иновейшън АД,5000139939,1331735727,,,0,,,,,,,,,,,0,,1333200000,0.0,0.0
10600,4,1,44346983,1333252434,1333252471,1333252502,Z,0000000433,НИРСТРОЙ ООД,,,,,0.0,133.92,0.0,0.0,0.0,0.0,0.0,0.0,0.84,1.0,0.84,1.0,1.0,1.0,1.0,1.0,ADMIN,,D,Грийн Иновейшън АД,5000139940,1331752482,,,0,,,,,,,,,,,0,,1333200000,0.0,0.0
10600,5,1,46802620,1333252743,1333252768,1333252794,Z,0000000434,ТАНГРА - АВ ООД,,,,,0.0,911.9,0.0,0.0,0.0,0.0,0.0,0.0,0.84,1.0,0.84,1.0,1.0,1.0,1.0,1.0,ADMIN,,D,Грийн Иновейшън АД,1001072028,1332352777,,,0,,,,,,,,,,,0,,1333200000,0.0,0.0
10600,6,1,35412475,1333255103,1333255122,1333255183,Z,0000000435,ТАШЕВ ГАЛВИНГ ООД,,,,,0.0,24.18,0.0,0.0,0.0,0.0,0.0,0.0,0.84,1.0,0.84,1.0,1.0,1.0,1.0,1.0,ADMIN,,D,Грийн Иновейшън АД,0002807173,1332455159,,,0,,,,,,,,,,,0,,1333200000,0.0,0.0
10600,7,1,42627835,1333255778,1333255797,1333255899,Z,0000000436,КРИСМЕТАЛ,,,,,0.0,65.34,0.0,0.0,0.0,0.0,0.0,0.0,0.84,1.0,0.84,1.0,1.0,1.0,1.0,1.0,ADMIN,,D,Грийн Иновейшън АД,0010154140,1332355806,,,0,,,,,,,,,,,0,,1333200000,0.0,0.0
10600,8,1,40670004,1333257293,1333257313,1333257357,Z,0000000437,AQUAPHOR INTERNATIONAL,,,,,0.0,4459.0,0.0,0.0,0.0,0.0,0.0,0.0,0.84,1.0,0.84,1.0,1.0,1.0,1.0,1.0,ADMIN,,D,Грийн Иновейшън АД,60008444,1328257328,,,0,,,,,,,,,,,0,,1333200000,0.0,0.0
10600,9,1,45256256,1333633155,1333633170,1333633190,Z,0000000438,АНГЕЛ СТОИЛОВ-96 АД,,,,,0.0,62.42,0.0,0.0,0.0,0.0,0.0,0.0,0.84,1.0,0.84,1.0,1.0,1.0,1.0,1.0,ADMIN,,D,Грийн Иновейшън АД,5300015833,1333533176,,,0,,,,,,,,,,,0,,1333600000,0.0,0.0
10600,10,1,35346353,1333932244,1333932269,1333932296,Z,0000000439,АПОГЕЙ 99 ООД,,,,,0.0,1560.0,0.0,0.0,0.0,0.0,0.0,0.0,0.84,1.0,0.84,1.0,1.0,1.0,1.0,1.0,ADMIN,,D,Грийн Иновейшън АД,1000043022,1333732278,,,0,,,,,,,,,,,0,,1333900000,0.0,0.0
10600,11,1,36038809,1333932880,1333932896,1333932941,Z,0000000440,ZEST S.R.L.,,,,,0.0,1546.6,0.0,0.0,0.0,0.0,0.0,0.0,0.84,1.0,0.84,1.0,1.0,1.0,1.0,1.0,ADMIN,,D,Грийн Иновейшън АД,782,1333532931,,,0,,,,,,,,,,,0,,1333900000,0.0,0.0
10600,12,1,48828158,1333933330,1333933369,1333933397,Z,0000000441,КРИСМЕТАЛ,,,,,0.0,53.28,0.0,0.0,0.0,0.0,0.0,0.0,0.84,1.0,0.84,1.0,1.0,1.0,1.0,1.0,ADMIN,,D,Грийн Иновейшън АД,0010154633,1333633376,,,0,,,,,,,,,,,0,,1333900000,0.0,0.0
10600,13,1,34389088,1333933568,1333933645,1333934050,Z,0000000442,CENTRAL FLUIDSYSTEMS S.R.O. / SWAGELOK,,,,,0.0,3077.2,0.0,0.0,0.0,0.0,0.0,0.0,0.84,1.0,0.84,1.0,1.0,1.0,1.0,1.0,ADMIN,,D,Грийн Иновейшън АД,123626,1329434027,,,0,,,,,,,,,,,0,,1333900000,0.0,0.0
10600,14,1,44851515,1333939103,1333939190,1333939256,Z,0000000443,НИРСТРОЙ ООД,,,,,0.0,115.2,0.0,0.0,0.0,0.0,0.0,0.0,0.84,1.0,0.84,1.0,1.0,1.0,1.0,1.0,ADMIN,,D,Грийн Иновейшън АД,2120031028,1331539222,,,0,,,,,,,,,,,0,,1333900000,0.0,0.0
10600,15,1,43353868,1334332418,1334332442,1334332487,Z,0000000444,ТМТ - ЕЛКОМ - ООД,,,,,0.0,45.5,0.0,0.0,0.0,0.0,0.0,0.0,0.84,1.0,0.84,1.0,1.0,1.0,1.0,1.0,ADMIN,,D,Грийн Иновейшън АД,6800171193,1334232471,,,0,,,,,,,,,,,0,,1334300000,0.0,0.0
10600,16,1,43754610,1334341651,1334341679,1334341970,Z,0000000445,AQUAPHOR INTERNATIONAL,,,,,0.0,625.98,0.0,0.0,0.0,0.0,0.0,0.0,0.84,1.0,0.84,1.0,1.0,1.0,1.0,1.0,ADMIN,,D,Грийн Иновейшън АД,60012026,1331041949,,,0,,,,,,,,,,,0,,1334300000,0.0,0.0
10600,17,1,47483790,1334342715,1334342741,1334342973,Z,0000000446,ШРАК ТЕХНИК ЕООД,,,,,0.0,179.15,0.0,0.0,0.0,0.0,0.0,0.0,0.84,1.0,0.84,1.0,1.0,1.0,1.0,1.0,ADMIN,,D,Грийн Иновейшън АД,1469012698,1333942944,,,0,,,,,,,,,,,0,,1334300000,0.0,0.0
10600,18,1,40925152,1334343218,1334343264,1334343285,Z,0000000447,ВАЛЕРУС - ВАЛЕРИ РУСИНОВ ЕТ,,,,,0.0,700.0,0.0,0.0,0.0,0.0,0.0,0.0,0.84,1.0,0.84,1.0,1.0,1.0,1.0,1.0,ADMIN,,D,Грийн Иновейшън АД,90913,1333943277,,,0,,,,,,,,,,,0,,1334300000,0.0,0.0
10811,0,1,36031712,1334343706,1334343853,1334343881,Z,0000000448,ШРАК ТЕХНИК ЕООД,,,,,0.0,53.58,0.0,0.0,0.0,0.0,0.0,0.0,0.84,1.0,0.84,1.0,1.0,1.0,1.0,1.0,ADMIN,,D,Грийн Иновейшън АД,1469012798,1334243862,,,0,,,,,,,,,,,0,,1334300000,0.0,0.0
10811,1,1,38829268,1334344125,1334344235,1334344295,Z,0000000449,ИТТ БЪЛГАРИЯ ЕООД,,,,,0.0,26.27,0.0,0.0,0.0,0.0,0.0,0.0,0.84,1.0,0.84,1.0,1.0,1.0,1.0,1.0,ADMIN,,D,Грийн Иновейшън АД,0340051267,1334344282,,,0,,,,,,,,,,,0,,1334300000,0.0,0.0
10811,2,1,47115931,1335154024,1335154041,1335154088,Z,0000000450,GEMMECOTTI SRL,,,,,0.0,80.5,0.0,0.0,0.0,0.0,0.0,0.0,0.84,1.0,0.84,1.0,1.0,1.0,1.0,1.0,ADMIN,,D,Грийн Иновейшън АД,10003107,1334354071,,,0,,,,,,,,,,,0,,1335100000,0.0,0.0
10811,3,1,49946729,1335154430,1335154569,1335154748,Z,0000000451,ШРАК ТЕХНИК ЕООД,,,,,0.0,298.52,0.0,0.0,0.0,0.0,0.0,0.0,0.84,1.0,0.84,1.0,1.0,1.0,1.0,1.0,ADMIN,,D,Грийн Иновейшън АД,1469013030,1334454715,,,0,,,,,,,,,,,0,,1335100000,0.0,0.0
10811,4,1,49740336,1335155028,1335155097,1335155399,Z,0000000452,TRANSFER MULTISORT ELEKTRONIK SP. ZO.O.,,,,,0.0,430.08,0.0,0.0,0.0,0.0,0.0,0.0,0.84,1.0,0.84,1.0,1.0,1.0,1.0,1.0,ADMIN,,D,Грийн Иновейшън АД,1261445140,1334555377,,,0,,,,,,,,,,,0,,1335100000,0.0,0.0
10811,5,1,49442964,1335157843,1335157933,1335159885,Z,0000000453,ШРАК ТЕХНИК ЕООД,,,,,0.0,116.79,0.0,0.0,0.0,0.0,0.0,0.0,0.84,1.0,0.84,1.0,1.0,1.0,1.0,1.0,ADMIN,,D,Грийн Иновейшън АД,1469013319,1334959855,,,0,,,,,,,,,,,0,,1335100000,0.0,0.0
10811,6,1,36784362,1335159899,1335159956,1335160008,Z,0000000454,ШРАК ТЕХНИК ЕООД,,,,,0.0,40.0,0.0,0.0,0.0,0.0,0.0,0.0,0.84,1.0,0.84,1.0,1.0,1.0,1.0,1.0,ADMIN,,D,Грийн Иновейшън АД,1469013320,1334459991,,,0,,,,,,,,,,,0,,1335100000,0.0,0.0
10811,7,1,37342093,1335160113,1335160360,1335160459,Z,0000000455,ШРАК ТЕХНИК ЕООД,,,,,0.0,5.56,0.0,0.0,0.0,0.0,0.0,0.0,0.84,1.0,0.84,1.0,1.0,1.0,1.0,1.0,ADMIN,,D,Грийн Иновейшън АД,1469013513,1335160439,,,0,,,,,,,,,,,0,,1335100000,0.0,0.0
10811,8,1,37975925,1335160587,1335160699,1335160757,Z,0000000456,ИТТ БЪЛГАРИЯ ЕООД,,,,,0.0,18.7,0.0,0.0,0.0,0.0,0.0,0.0,0.84,1.0,0.84,1.0,1.0,1.0,1.0,1.0,ADMIN,,D,Грийн Иновейшън АД,0340051446,1335160743,,,0,,,,,,,,,,,0,,1335100000,0.0,0.0
10811,9,1,47198608,1335160960,1335161076,1335161845,Z,0000000457,ВАГО БЪЛГАРИЯ ООД,,,,,0.0,208.4,0.0,0.0,0.0,0.0,0.0,0.0,0.84,1.0,0.84,1.0,1.0,1.0,1.0,1.0,ADMIN,,D,Грийн Иновейшън АД,6290015955,1334361829,,,0,,,,,,,,,,,0,,1335100000,0.0,0.0
10811,10,1,38580121,1335161429,1335161687,1335161718,Z,0000000458,TRANSFER MULTISORT ELEKTRONIK SP. ZO.O.,,,,,0.0,260.15,0.0,0.0,0.0,0.0,0.0,0.0,0.84,1.0,0.84,1.0,1.0,1.0,1.0,1.0,ADMIN,,D,Грийн Иновейшън АД,126145664,1335061697,,,0,,,,,,,,,,,0,,1335100000,0.0,0.0
10811,11,1,44283986,1335332482,1335332558,1335332645,Z,0000000459,ВАГО БЪЛГАРИЯ ООД,,,,,0.0,625.18,0.0,0.0,0.0,0.0,0.0,0.0,0.84,1.0,0.84,1.0,1.0,1.0,1.0,1.0,ADMIN,,D,Грийн Иновейшън АД,6290016067,1335132618,,,0,,,,,,,,,,,0,,1335300000,0.0,0.0
10811,12,1,46548725,1335632515,1335632851,1335634708,Z,0000000460,ШРАК ТЕХНИК ЕООД,,,,,0.0,8.55,0.0,0.0,0.0,0.0,0.0,0.0,0.84,1.0,0.84,1.0,1.0,1.0,1.0,1.0,ADMIN,,D,Грийн Иновейшън АД,1469013718,1335334531,,,0,,,,,,,,,,,0,,1335600000,0.0,0.0
10811,13,1,40660457,1335834284,1335835118,1335835233,Z,0000000461,ВАЛЕРУС - ВАЛЕРИ РУСИНОВ ЕТ,,,,,0.0,700.0,0.0,0.0,0.0,0.0,0.0,0.0,0.84,1.0,0.84,1.0,1.0,1.0,1.0,1.0,Simeon Spasov,,D,Грийн Иновейшън АД,0000128704,1335635159,,,0,,,,,,,,,,,0,,1335800000,0.0,0.0
10811,14,1,45805861,1336333954,1336334184,1336334318,Z,0000000462,УНИТЕЛ ЕООД,,,,,0.0,150.0,0.0,0.0,0.0,0.0,0.0,0.0,0.84,1.0,0.84,1.0,1.0,1.0,1.0,1.0,Simeon Spasov,,D,Грийн Иновейшън АД,2000001201,1335934256,,,0,,,,,,,,,,,0,,1336300000,0.0,0.0
10811,15,1,41104440,1336435424,1336436534,1336436666,Z,0000000463,ОБЛИКОС-96 - ООД,,,,,0.0,994.5,0.0,0.0,0.0,0.0,0.0,0.0,0.84,1.0,0.84,1.0,1.0,1.0,1.0,1.0,Simeon Spasov,,D,Грийн Иновейшън АД,0000032877,1336336600,,,0,,,,,,,,,,,0,,1336400000,0.0,0.0
