__SOURCE_PAGE,__SOURCE_LINE,__RECORD_FORMAT,DATE_CREATED,DT_CHANGED,STOKA_CHANGED,GRUPA,STOKA,CODE,BARCODE,VALUTA_KUP,VALUTA_PROD_ED,VALUTA_PROD_DR,RAZFAS1,RAZFAS2,RELATOR,CENA_KUP,CENA_PROD_ED1,CENA_PROD_DR1,DDS_DEF,PROPS,NOTE,IS_SER_NO,MIN_KOLICH,MAX_KOLICH,WARRANTY,DOSTAW,INTRASTAT,COUNTRY,TEGLO,TREND,FOTO,FOTO2,FOTO3,THUMBNAIL,THUMBNAIL2,THUMBNAIL3,ASSOC,IS_ACTIVE,ACC_TIP,EEO_NO,EEO_TEGLO,WEB_IS_FOTO_CHANGED,CAT_ID,BONUS_ADD,BONUS_SUB,IS_ACTIVE_WEB,IS_ACTIVE_PARENT,IS_ACTIVE_WEB_PARENT,IS_VALID_EAN13,ITEM_ID,DT_CHANGED_FOTO,FOLLOW_NUM,WEB_PRODUCT_NAME,WEB_PRODUCT_NOTE,WEB_PRODUCT_NAME_EN,WEB_PRODUCT_NOTE_EN,WEB_PRODUCT_NAME2,WEB_PRODUCT_NAME2_EN,NOTE2,RAZFAS_STEP,WEB_MIN_KOLICH,KOLICH_STEP,KOLICH_STEP_DOST,NOTE_FG_COLOR,SIZE_X,SIZE_Y,SIZE_Z,WIN_MIN_KOLICH,FISCAL_RISK
1662,2,1,2025-08-06 14:30:23.523,1319852426,2026-07-27 13:04:47.650,М/Ж резба,Преход 316L резба М/Ж 1/2“х1/4“,102105,00001405,M,L,L,бр.,,,0.83,0.0,0.0,,|1—преход м/ж|2—1/2х1/4|,,N,1.0,2.0,,КРИСМЕТАЛ,0,,,1.5,,,,,,,,Y,0,,0.0,,,0.0,0.0,Y,Y,Y,N,2,,0.0,,,,,,,,,,,,0,0.0,0.0,0.0,,N
1662,4,1,2025-08-06 14:30:23.991,1319851342,2026-06-23 11:02:06.443,М/Ж резба,Преход 316L резба М/Ж 3/4“х1/4“,102108,00001406,M,L,L,бр.,,,3.53,0.0,0.0,,|1—преход м/ж|2—3/4х1/4|,,N,1.0,2.0,,КРИСМЕТАЛ,38,,,1.5,,,,,,,,Y,0,,0.0,,,0.0,0.0,Y,Y,Y,N,3,,0.0,,,,,,,,,,,,0,0.0,0.0,0.0,,N
1662,6,1,2025-08-06 14:31:17.648,1322341702,2026-06-23 11:01:12.509,М/Ж резба,Преход 316L резба М/Ж 3/4“х1/2“,102110,00001407,M,L,L,бр.,,,1.14,0.0,0.0,,|1—преход м/ж|2—3/4х1/2|,,N,1.0,2.0,,КРИСМЕТАЛ,18,,,1.5,,,,,,,,Y,0,,0.0,,,0.0,0.0,Y,Y,Y,N,4,,0.0,,,,,,,,,,,,0,0.0,0.0,0.0,,N
1662,8,1,2025-08-06 14:31:19.991,1319852594,2026-06-23 11:01:12.556,М/Ж резба,Преход 316L резба М/Ж 1“х1/2“,102114,00001408,M,L,L,бр.,,,1.789515,0.0,0.0,,|1—преход м/ж|2—1х1/2|,,N,1.0,2.0,,КРИСМЕТАЛ,12,,,1.5,,,,,,,,Y,0,,0.0,,,0.0,0.0,Y,Y,Y,N,5,,0.0,,,,,,,,,,,,0,0.0,0.0,0.0,,N
1662,10,1,2025-08-06 14:31:20.023,1322341737,2026-06-23 11:01:12.759,М/Ж резба,Преход 316L резба М/Ж 1 1/2“х1/2“,102120,00001409,M,L,L,бр.,,,4.05,0.0,0.0,,|1—преход м/ж|2—1 1/2х1/2|,,N,1.0,2.0,,КРИСМЕТАЛ,1,,,1.5,,,,,,,,Y,0,,0.0,,,0.0,0.0,Y,Y,Y,N,6,,0.0,,,,,,,,,,,,0,0.0,0.0,0.0,,N
1662,12,1,2025-08-06 14:31:20.031,1322341665,2026-06-23 10:48:40.048,2.2. Фитинги за заваряване,Полунипел 316L 150LBS 1/4“,108602,00001385,M,L,L,бр.,,,0.72,0.0,0.0,,|1—полунипел|2—1/4`|,,N,1.0,2.0,,КРИСМЕТАЛ,22,,,1.5,,,,,,,,Y,0,,0.0,,,0.0,0.0,Y,Y,Y,N,7,,0.0,,,,,,,,,,,,0,0.0,0.0,0.0,,N
1662,14,1,2025-08-06 14:31:20.042,1331736505,2026-07-10 09:54:32.805,2.2. Фитинги за заваряване,Полунипел 316L 150LBS 1/2“,108604,00001386,M,L,L,бр.,,,0.79,0.0,0.0,,|1—полунипел|2—1/2`|,,N,1.0,2.0,,КРИСМЕТАЛ,14,,,1.5,,,,,,,,Y,0,,0.0,,,0.0,0.0,Y,Y,Y,N,8,,0.0,,,,,,,,,,,,0,0.0,0.0,0.0,,N
1662,16,1,2025-08-06 14:31:20.055,1319852395,2026-06-23 10:48:40.048,2.2. Фитинги за заваряване,Полунипел 316L 150LBS 1“,108606,00001387,M,L,L,бр.,,,1.29,0.0,0.0,,|1—полунипел|2—1`|,,N,1.0,2.0,,КРИСМЕТАЛ,16,,,1.5,,,,,,,,Y,0,,0.0,,,0.0,0.0,Y,Y,Y,N,9,,0.0,,,,,,,,,,,,0,0.0,0.0,0.0,,N
1662,18,1,2025-08-06 14:31:20.063,1322033567,2026-06-23 10:48:40.048,2.2. Фитинги за заваряване,Полунипел 316L 150LBS 1 1/2“,108608,00001388,M,L,L,бр.,,,2.766079,0.0,0.0,,|1—полунипел|2—1 1/2`|,,N,1.0,2.0,,КРИСМЕТАЛ,0,,,1.5,,,,,,,,Y,0,,0.0,,,0.0,0.0,Y,Y,Y,N,10,,0.0,,,,,,,,,,,,0,0.0,0.0,0.0,,N
1662,20,1,2025-08-06 14:31:20.075,1322341403,2026-07-10 10:03:01.390,Външна резба,Нипел намалител 316L 150LBS 1/4“х1/8“,106101,00001356,M,L,L,бр.,,,0.64,0.0,0.0,,|1—нипел намалител|2—1/4х1/8|,,N,1.0,2.0,,КРИСМЕТАЛ,4,,,1.5,,,,,,,,Y,0,,0.0,,,0.0,0.0,Y,Y,Y,N,11,,0.0,,,,,,,,,,,,0,0.0,0.0,0.0,,N
1662,22,1,2025-08-06 14:31:20.084,1322341317,2026-06-23 11:02:34.551,Външна резба,Нипел намалител 316L 150LBS 1/2“х1/4“,106105,00001357,M,L,L,бр.,,,1.16,0.0,0.0,,|1—нипел намалител|2—1/2х1/4|,,N,1.0,2.0,,КРИСМЕТАЛ,8,,,1.5,,,,,,,,Y,0,,0.0,,,0.0,0.0,Y,Y,Y,N,12,,0.0,,,,,,,,,,,,0,0.0,0.0,0.0,,N
1662,24,1,2025-08-06 14:31:20.097,1322341357,2026-06-23 11:02:34.614,Външна резба,Нипел намалител 316L 150LBS 1/2“х3/8“,106106,00001358,M,L,L,бр.,,,1.2,0.0,0.0,,|1—нипел намалител|2—1/2х3/8|,,N,1.0,2.0,,КРИСМЕТАЛ,15,,,1.5,,,,,,,,Y,0,,0.0,,,0.0,0.0,Y,Y,Y,N,13,,0.0,,,,,,,,,,,,0,0.0,0.0,0.0,,N
1662,26,1,2025-08-06 14:31:20.107,1322341232,2026-06-23 11:03:50.380,Външна резба,Нипел намалител 316L 150LBS 3/4“х1/2“,106110,00001359,M,L,L,бр.,,,1.68,0.0,0.0,,|1—нипел намалител|2—3/4х1/2|,,N,1.0,2.0,,КРИСМЕТАЛ,12,,,1.5,,,,,,,,Y,0,,0.0,,,0.0,0.0,Y,Y,Y,N,14,,0.0,,,,,,,,,,,,0,0.0,0.0,0.0,,N
1666,0,1,2025-08-06 14:31:20.120,1319852171,2026-06-23 11:02:34.708,Външна резба,Нипел намалител 316L 150LBS 1“х1/2“,106114,00001360,M,L,L,бр.,,,3.09,0.0,0.0,,|1—нипел намалител|2—1х1/2|,,N,1.0,2.0,,КРИСМЕТАЛ,3,,,1.5,,,,,,,,Y,0,,0.0,,,0.0,0.0,Y,Y,Y,N,15,,0.0,,,,,,,,,,,,0,0.0,0.0,0.0,,N
1666,2,1,2025-08-06 14:31:20.135,1322341446,2026-06-23 11:02:34.801,Външна резба,Нипел намалител 316L 150LBS 2“х1“,106126,00001361,M,L,L,бр.,,,6.97,0.0,0.0,,|1—нипел намалител|2—2х1|,,N,1.0,2.0,,КРИСМЕТАЛ,4,,,1.5,,,,,,,,Y,0,,0.0,,,0.0,0.0,Y,Y,Y,N,16,,0.0,,,,,,,,,,,,0,0.0,0.0,0.0,,N
1666,4,1,2025-08-06 14:31:20.146,1322341465,2026-06-23 11:02:34.755,Външна резба,Нипел намалител 316L 150LBS 2“х1 1/4“,106127,00001362,M,L,L,бр.,,,6.77,0.0,0.0,,|1—нипел намалител|2—2х1 1/4|,,N,1.0,2.0,,КРИСМЕТАЛ,4,,,1.5,,,,,,,,Y,0,,0.0,,,0.0,0.0,Y,Y,Y,N,17,,0.0,,,,,,,,,,,,0,0.0,0.0,0.0,,N
1666,6,1,2025-08-06 14:31:20.157,1319852214,2026-06-23 10:54:04.025,Нипели на резба,Нипел шест. 316L резба 150LBS 1/4“,108802,00001366,M,L,L,бр.,,,0.7822739999999999,0.0,0.0,,|1—нипел шестостен|2—1/4`|,,N,1.0,2.0,,КРИСМЕТАЛ,26,,,1.5,,,,,,,,Y,0,,0.0,,,0.0,0.0,Y,Y,Y,N,18,,0.0,,,,,,,,,,,,0,0.0,0.0,0.0,,N
1666,8,1,2025-08-06 14:31:20.164,1319852322,2026-06-23 10:53:59.673,Нипели на резба,Нипел шест. 316L резба 150LBS 1/2“,108804,00001367,M,L,L,бр.,,,2.055386,0.0,0.0,,|1—нипел шестостен|2—1/2`|,,N,1.0,2.0,,КРИСМЕТАЛ,0,,,1.5,,,,,,,,Y,0,,0.0,,,0.0,0.0,Y,Y,Y,N,19,,0.0,,,,,,,,,,,,0,0.0,0.0,0.0,,N
1666,10,1,2025-08-06 14:31:20.172,1319852372,2026-06-23 10:54:08.136,Нипели на резба,Нипел шест. 316L резба 150LBS 1“,100806,00001363,M,L,L,бр.,,,3.2620299999999998,0.0,0.0,,|1—нипел шестостен|2—1`|,,N,1.0,2.0,,КРИСМЕТАЛ,0,,,1.5,,,,,,,,Y,0,,0.0,,,0.0,0.0,Y,Y,Y,N,20,,0.0,,,,,,,,,,,,0,0.0,0.0,0.0,,N
1666,12,1,2025-08-06 14:31:20.179,1320962424,2026-06-23 10:53:55.439,Нипели на резба,Нипел шест. 316L резба 150LBS 1 1/2“,100808,00001364,M,L,L,бр.,,,4.294851802048235,0.0,0.0,,|1—нипел шестостен|2—1 1/2`|,,P,1.0,2.0,,КРИСМЕТАЛ,0,,,1.5,,,,,,,,Y,0,,0.0,,,0.0,0.0,Y,Y,Y,N,21,,0.0,,,,,,,,,,,,0,0.0,0.0,0.0,,N
1666,14,1,2025-08-06 14:31:20.186,1322341582,2026-06-23 10:54:13.214,Нипели на резба,Нипел шест. 316L резба 150LBS 2“,107709,00001365,M,L,L,бр.,,,27.64,0.0,0.0,,|1—нипел шестостен|2—2`|,,N,1.0,2.0,,КРИСМЕТАЛ,3,,,1.5,,,,,,,,Y,0,,0.0,,,0.0,0.0,Y,Y,Y,N,22,,0.0,,,,,,,,,,,,0,0.0,0.0,0.0,,N
1666,16,1,2025-08-06 14:31:20.193,1320962424,2026-06-23 11:00:42.619,Вътрешна резба,Преход 316L резба вътрешна 150LBS 3/8“х1/4“,105403,00001348,M,L,L,бр.,,,0.9612287366488907,0.0,0.0,,|1—муфа намалител|2—3/8х1/4|,,N,1.0,2.0,,КРИСМЕТАЛ,7,,,1.5,,,,,,,,Y,0,,0.0,,,0.0,0.0,Y,Y,Y,N,23,,0.0,,,,,,,,,,,,0,0.0,0.0,0.0,,N
1666,18,1,2025-08-06 14:31:20.215,1322341132,2026-06-23 11:00:42.369,Вътрешна резба,Преход 316L резба вътрешна 150LBS 1/2“х1/8“,105404,00001349,M,L,L,бр.,,,2.04,0.0,0.0,,|1—муфа намалител|2—1/2х1/8|,,N,1.0,2.0,,КРИСМЕТАЛ,4,,,1.5,,,,,,,,Y,0,,0.0,,,0.0,0.0,Y,Y,Y,N,24,,0.0,,,,,,,,,,,,0,0.0,0.0,0.0,,N
1666,20,1,2025-08-06 14:31:20.222,1322340958,2026-06-23 11:00:42.306,Вътрешна резба,Преход 316L резба вътрешна 150LBS 1/2“х1/4“,105405,00001350,M,L,L,бр.,,,1.5,0.0,0.0,,|1—муфа намалител|2—1/2х1/4|,,N,1.0,2.0,,КРИСМЕТАЛ,26,,,1.5,,,,,,,,Y,0,,0.0,,,0.0,0.0,Y,Y,Y,N,25,,0.0,,,,,,,,,,,,0,0.0,0.0,0.0,,N
1666,22,1,2025-08-06 14:31:20.232,1322341195,2026-06-23 11:00:42.525,Вътрешна резба,Преход 316L резба вътрешна 150LBS 3/4“х1/2“,105410,00001351,M,L,L,бр.,,,1.72,0.0,0.0,,|1—муфа намалител|2—3/4х1/2|,,N,1.0,2.0,,КРИСМЕТАЛ,12,,,1.5,,,,,,,,Y,0,,0.0,,,0.0,0.0,Y,Y,Y,N,26,,0.0,,,,,,,,,,,,0,0.0,0.0,0.0,,N
1666,24,1,2025-08-06 14:31:20.239,1322341156,2026-06-23 11:00:42.416,Вътрешна резба,Преход 316L резба вътрешна 150LBS 1“х1/2“,105414,00001352,M,L,L,бр.,,,4.22,0.0,0.0,,|1—муфа намалител|2—1х1/2|,,N,1.0,2.0,,КРИСМЕТАЛ,11,,,1.5,,,,,,,,Y,0,,0.0,,,0.0,0.0,Y,Y,Y,N,27,,0.0,,,,,,,,,,,,0,0.0,0.0,0.0,,N
1667,0,1,2025-08-06 14:31:20.255,1322340831,2026-06-23 11:00:42.478,Вътрешна резба,Преход 316L резба вътрешна 150LBS 2“х1 1/2“,105428,00001353,M,L,L,бр.,,,13.43,0.0,0.0,,|1—муфа намалител|2—2х1 1/2|,,N,1.0,2.0,,КРИСМЕТАЛ,2,,,1.5,,,,,,,,Y,0,,0.0,,,0.0,0.0,Y,Y,Y,N,28,,0.0,,,,,,,,,,,,0,0.0,0.0,0.0,,N
1667,2,1,2025-08-06 14:31:20.263,1319851911,2026-06-17 14:08:41.851,Муфи на резба,Муфа 316L резба 150LBS 1/4“,101802,00001344,M,L,L,бр.,,,0.7669349999999999,0.0,0.0,,|1—муфа вътр. резба|2—1/4`|,,N,1.0,2.0,,КРИСМЕТАЛ,30,,,1.5,,,,,,,,Y,0,,0.0,,,0.0,0.0,Y,Y,Y,N,29,,0.0,,,,,,,,,,,,0,0.0,0.0,0.0,,N
1667,4,1,2025-08-06 14:31:20.279,1319851902,2026-06-17 08:42:17.346,Муфи на резба,Муфа 316L резба 150LBS 1/2“,101804,00001345,M,L,L,бр.,,,1.840644,0.0,0.0,0.0,|1—муфа вътр. резба|2—1/2`|,,N,1.0,2.0,,КРИСМЕТАЛ,2,,0.0,1.5,,,,,,,0,Y,0,,0.0,,0,0.0,0.0,Y,Y,Y,N,30,,0.0,,,,,,,,0.0,0.0,0.0,0.0,0,0.0,0.0,0.0,0.0,N
1667,6,1,2025-08-06 14:31:20.293,1322340785,2026-06-17 14:08:41.851,Муфи на резба,Муфа 316L резба 150LBS 3/4“,101805,00001346,M,L,L,бр.,,,1.7,0.0,0.0,,|1—муфа вътр. резба|2—3/4`|,,N,1.0,2.0,,КРИСМЕТАЛ,8,,,1.5,,,,,,,,Y,0,,0.0,,,0.0,0.0,Y,Y,Y,N,31,,0.0,,,,,,,,,,,,0,0.0,0.0,0.0,,N
1667,8,1,2025-08-06 14:31:20.302,1322339723,2026-06-23 10:40:26.867,Колена на резба,Коляно 90° 316L резба вътрешна 1/4“,100202,00001308,M,L,L,бр.,,,0.8,0.0,0.0,,|1—коляно 90гр. вътр. резба|2—1/4`|,,N,1.0,2.0,,КРИСМЕТАЛ,16,,,1.5,,,,,,,,Y,0,,0.0,,,0.0,0.0,Y,Y,Y,N,32,,0.0,,,,,,,,,,,,0,0.0,0.0,0.0,,N
1667,10,1,2025-08-06 14:31:20.309,1322339750,2026-06-23 10:40:19.633,Колена на резба,Коляно 90° 316L резба вътрешна 1/2“,100204,00001309,M,L,L,бр.,,,1.34,0.0,0.0,,|1—коляно 90гр. вътр. резба|2—1/2`|,,N,1.0,2.0,,КРИСМЕТАЛ,47,,,1.5,,,,,,,,Y,0,,0.0,,,0.0,0.0,Y,Y,Y,N,33,,0.0,,,,,,,,,,,,0,0.0,0.0,0.0,,N
1667,12,1,2025-08-06 14:31:20.316,1322339676,2026-06-23 10:40:44.319,Колена на резба,Коляно 90° 316L резба вътрешна 3/4“,100205,00001310,M,L,L,бр.,,,1.98,0.0,0.0,,|1—коляно 90гр. вътр. резба|2—3/4`|,,N,1.0,2.0,,КРИСМЕТАЛ,10,,,1.5,,,,,,,,Y,0,,0.0,,,0.0,0.0,Y,Y,Y,N,34,,0.0,,,,,,,,,,,,0,0.0,0.0,0.0,,N
1667,14,1,2025-08-06 14:31:20.324,1319851825,2026-06-23 10:40:36.804,Колена на резба,Коляно 90° 316L резба вътрешна 1“,100206,00001311,M,L,L,бр.,,,2.991047,0.0,0.0,,|1—коляно 90гр. вътр. резба|2—1`|,,N,1.0,2.0,,КРИСМЕТАЛ,5,,,1.5,,,,,,,,Y,0,,0.0,,,0.0,0.0,Y,Y,Y,N,35,,0.0,,,,,,,,,,,,0,0.0,0.0,0.0,,N
1667,16,1,2025-08-06 14:31:20.331,1320962424,2026-06-23 10:40:12.649,Колена на резба,Коляно 90° 316L резба вътрешна 1 1/2“,100208,00001312,M,L,L,бр.,,,4.765240332748756,0.0,0.0,,|1—коляно 90гр. вътр. резба|2—1 1/2`|,,P,1.0,2.0,,КРИСМЕТАЛ,0,,,1.5,,,,,,,,Y,0,,0.0,,,0.0,0.0,Y,Y,Y,N,36,,0.0,,,,,,,,,,,,0,0.0,0.0,0.0,,N
1667,18,1,2025-08-06 14:31:20.349,1322339962,2026-06-23 10:40:03.681,Колена на резба,Коляно 90° 316L резба М/Ж 1/4“,101502,00001313,M,L,L,бр.,,,1.9,0.0,0.0,,|1—коляно 90гр. вътр./вън. резба|2—1/4`|,,N,1.0,2.0,,КРИСМЕТАЛ,18,,,1.5,,,,,,,,Y,0,,0.0,,,0.0,0.0,Y,Y,Y,N,37,,0.0,,,,,,,,,,,,0,0.0,0.0,0.0,,N
1667,20,1,2025-08-06 14:31:20.356,1319851834,2026-06-23 10:39:51.197,Колена на резба,Коляно 90° 316L резба М/Ж 1/2“,101504,00001314,M,L,L,бр.,,,1.9991439999999998,0.0,0.0,0.0,|1—коляно 90гр. вътр./вън. резба|2—1/2`|,,N,1.0,2.0,,КРИСМЕТАЛ,0,,0.0,1.5,,,,,,,0,Y,0,,0.0,,0,0.0,0.0,Y,Y,Y,N,38,,0.0,,,,,,,,0.0,0.0,0.0,0.0,0,0.0,0.0,0.0,0.0,N
1667,22,1,2025-08-06 14:31:20.373,1322339647,2026-06-23 10:37:59.791,Колена на резба,Коляно 45° 316L резба вътрешна 150LBS 1/2“,100004,00001295,M,L,L,бр.,,,1.45,0.0,0.0,,|1—коляно 45гр. вътр. резба|2—1/2`|,,N,1.0,2.0,,КРИСМЕТАЛ,4,,,1.5,,,,,,,,Y,0,,0.0,,,0.0,0.0,Y,Y,Y,N,39,,0.0,,,,,,,,,,,,0,0.0,0.0,0.0,,N
1668,0,1,2025-08-06 14:31:20.380,1320962424,2026-06-23 10:37:47.805,Колена на резба,Коляно 45° 316L резба вътрешна 150LBS 1 1/2“,100008,00001296,M,L,L,бр.,,,9.254383049651555,0.0,0.0,,|1—коляно 45гр. вътр. резба|2—1 1/2`|,,P,1.0,2.0,,КРИСМЕТАЛ,0,,,1.5,,,,,,,,Y,0,,0.0,,,0.0,0.0,Y,Y,Y,N,40,,0.0,,,,,,,,,,,,0,0.0,0.0,0.0,,N
1668,2,1,2025-08-06 14:31:20.389,1322342256,2026-06-23 12:29:59.245,Холендри на резба,Холендър 316L резба М/Ж 150LBS 1 1/2“,100308,00001489,M,L,L,бр.,,,19.65,0.0,0.0,,|1—холендер вътр./вън. резба|2—1.5|,,N,1.0,2.0,,КРИСМЕТАЛ,1,,,1.5,,,,,,,,Y,0,,0.0,,,0.0,0.0,Y,Y,Y,N,41,,0.0,,,,,,,,,,,,0,0.0,0.0,0.0,,N
1668,4,1,2025-08-06 14:31:20.397,1322342301,2026-06-23 12:29:38.221,Холендри на резба,Холендър 316L резба М/Ж 150LBS 2“,100309,00001490,M,L,L,бр.,,,27.3,0.0,0.0,,|1—холендер вътр./вън. резба|2—2`|,,N,1.0,2.0,,КРИСМЕТАЛ,2,,,1.5,,,,,,,,Y,0,,0.0,,,0.0,0.0,Y,Y,Y,N,42,,0.0,,,,,,,,,,,,0,0.0,0.0,0.0,,N
1668,6,1,2025-08-06 14:31:20.404,1319853721,2026-06-23 12:32:22.927,Холендри на резба,Холендър 316L резба вътрешна 3000LBS 1/2“,107804,00001647,M,L,L,бр.,,,3.5483529999999996,0.0,0.0,,|1—холендер вътр. резба|2—1/2`|,,N,1.0,2.0,,КРИСМЕТАЛ,13,,,1.5,,,,,,,,Y,0,,0.0,,,0.0,0.0,Y,Y,Y,N,43,,0.0,,,,,,,,,,,,0,0.0,0.0,0.0,,N
1668,8,1,2025-08-06 14:31:20.412,1320962424,2026-06-23 12:31:55.482,Холендри на резба,Холендър 316L резба вътрешна 3000LBS 1“,107806,00001488,M,L,L,бр.,,,0.0,0.0,0.0,,|1—холендер вътр. резба|2—1`|,,P,1.0,2.0,,КРИСМЕТАЛ,0,,,1.5,,,,,,,,Y,0,,0.0,,,0.0,0.0,Y,Y,Y,N,44,,0.0,,,,,,,,,,,,0,0.0,0.0,0.0,,N
1668,10,1,2025-08-06 14:31:20.419,1322342336,2026-06-23 12:28:46.096,Холендри на резба,Холендър 316L резба вътрешна PTFE 150LBS 1 1/2“,101368,00001493,M,L,L,бр.,,,17.14,0.0,0.0,,|1—холендер с PTFE|2—1.5|,,N,1.0,2.0,,КРИСМЕТАЛ,1,,,1.5,,,,,,,,Y,0,,0.0,,,0.0,0.0,Y,Y,Y,N,45,,0.0,,,,,,,,,,,,0,0.0,0.0,0.0,,N
1668,12,1,2025-08-06 14:31:20.429,1322342366,2026-06-23 12:28:18.073,Холендри на резба,Холендър 316L резба вътрешна PTFE 150LBS 2“,101369,00001494,M,L,L,бр.,,,28.46,0.0,0.0,,|1—холендер с PTFE|2—2`|,,N,1.0,2.0,,КРИСМЕТАЛ,1,,,1.5,,,,,,,,Y,0,,0.0,,,0.0,0.0,Y,Y,Y,N,46,,0.0,,,,,,,,,,,,0,0.0,0.0,0.0,,N
1668,14,1,2025-08-06 14:31:20.444,1319853483,2026-06-23 12:28:33.712,Холендри на резба,Холендър 316L резба вътрешна PTFE 150LBS 1/2“,101364,00001491,M,L,L,бр.,,,7.59,0.0,0.0,,|1—холендер вътр.резба PTFE|2—1/2`|,,N,1.0,2.0,,КРИСМЕТАЛ,4,,,1.5,,,,,,,,Y,0,,0.0,,,0.0,0.0,Y,Y,Y,N,47,,0.0,,,,,,,,,,,,0,0.0,0.0,0.0,,N
1668,16,1,2025-08-06 14:31:20.451,1319853712,2026-06-23 12:28:25.291,Холендри на резба,Холендър 316L резба вътрешна PTFE 150LBS 1“,101366,00001492,M,L,L,бр.,,,13.498056,0.0,0.0,,|1—холендер вътр.резба PTFE|2—1`|,,N,1.0,2.0,,КРИСМЕТАЛ,4,,,1.5,,,,,,,,Y,0,,0.0,,,0.0,0.0,Y,Y,Y,N,48,,0.0,,,,,,,,,,,,0,0.0,0.0,0.0,,N
1668,18,1,2025-08-06 14:31:20.462,1319853493,2026-06-23 10:48:40.048,2.2. Фитинги за заваряване,Холендър 316L заварка PTFE 1“,952976,00001485,M,L,L,бр.,,,17.98,0.0,0.0,,"|1—холендер PTFE ж/ж, BSP|2—1`|",,N,1.0,2.0,,КРИСМЕТАЛ,0,,,1.5,,,,,,,,Y,0,,0.0,,,0.0,0.0,Y,Y,Y,N,49,,0.0,,,,,,,,,,,,0,0.0,0.0,0.0,,N
1668,20,1,2025-08-06 14:31:20.478,1319853703,2026-06-23 12:35:23.593,Холендри на резба,Холендър 316L резба М/Ж PTFE 150LBS 2“,959495,00001486,M,L,L,бр.,,,53.378676,0.0,0.0,,"|1—холендер PTFE м/ж, BSP|2—2`|",,N,1.0,2.0,,КРИСМЕТАЛ,2,,,1.5,,,,,,,,Y,0,,0.0,,,0.0,0.0,Y,Y,Y,N,50,,0.0,,,,,,,,,,,,0,0.0,0.0,0.0,,N
1668,22,1,2025-08-06 14:31:20.485,1322342133,2026-06-23 11:05:15.981,Тапи на резба,Тапа 316L резба 1/4“,101202,00001481,M,L,L,бр.,,,0.74,0.0,0.0,,|1—хексагонална тапа|2—1/4`|,,N,1.0,2.0,,КРИСМЕТАЛ,11,,,1.5,,,,,,,,Y,0,,0.0,,,0.0,0.0,Y,Y,Y,N,51,,0.0,,,,,,,,,,,,0,0.0,0.0,0.0,,N
1669,0,1,2025-08-06 14:31:20.492,1320962425,2026-06-23 11:05:10.872,Тапи на резба,Тапа 316L резба 1/2“,101204,00001482,M,L,L,бр.,,,0.9663416554608529,0.0,0.0,,|1—хексагонална тапа|2—1/2`|,,P,1.0,2.0,,КРИСМЕТАЛ,0,,,1.5,,,,,,,,Y,0,,0.0,,,0.0,0.0,Y,Y,Y,N,52,,0.0,,,,,,,,,,,,0,0.0,0.0,0.0,,N
1669,2,1,2025-08-06 14:31:20.500,1322342096,2026-06-23 11:05:05.185,Тапи на резба,Тапа 316L резба 1 1/4“,101207,00001483,M,L,L,бр.,,,2.54,0.0,0.0,,|1—хексагонална тапа|2—1.25|,,N,1.0,2.0,,КРИСМЕТАЛ,2,,,1.5,,,,,,,,Y,0,,0.0,,,0.0,0.0,Y,Y,Y,N,53,,0.0,,,,,,,,,,,,0,0.0,0.0,0.0,,N
1669,4,1,2025-08-06 14:31:20.507,1322342158,2026-06-23 11:05:20.137,Тапи на резба,Тапа 316L резба 2“,101209,00001484,M,L,L,бр.,,,5.08,0.0,0.0,,|1—хексагонална тапа|2—2`|,,N,1.0,2.0,,КРИСМЕТАЛ,2,,,1.5,,,,,,,,Y,0,,0.0,,,0.0,0.0,Y,Y,Y,N,54,,0.0,,,,,,,,,,,,0,0.0,0.0,0.0,,N
1669,6,1,2025-08-06 14:31:20.523,1322341960,2026-06-23 11:08:22.789,Тройници на резба,Тройник 316L резба вътрешна 1/4“,102302,00001457,M,L,L,бр.,,,1.36,0.0,0.0,,|1—тройник вътр. резба|2—1/4`|,,N,1.0,2.0,,КРИСМЕТАЛ,26,,,1.5,,,,,,,,Y,0,,0.0,,,0.0,0.0,Y,Y,Y,N,55,,0.0,,,,,,,,,,,,0,0.0,0.0,0.0,,N
1669,8,1,2025-08-06 14:31:20.530,1319853258,2026-07-10 09:53:34.015,Тройници на резба,Тройник 316L резба вътрешна 1/2“,102304,00001458,M,L,L,бр.,,,2.32637,0.0,0.0,0.0,|1—тройник вътр. резба|2—1/2`|,,N,1.0,2.0,,КРИСМЕТАЛ,1,,0.0,1.5,,,,,,,0,Y,0,,0.0,,0,0.0,0.0,Y,Y,Y,N,56,,0.0,,,,,,,,0.0,0.0,0.0,0.0,0,0.0,0.0,0.0,0.0,N
1669,10,1,2025-08-06 14:31:20.538,1320962425,2026-06-23 09:40:12.502,Кръстове на резба,Кръст 316L резба 1/2“,102357,00001327,M,L,L,бр.,,,0.0,0.0,0.0,,|1—кръст|2—1/2`|,,N,1.0,2.0,,КРИСМЕТАЛ,2,,,1.5,,,,,,,,Y,0,,0.0,,,0.0,0.0,Y,Y,Y,N,57,,0.0,,,,,,,,,,,,0,0.0,0.0,0.0,,N
1669,12,1,2025-08-06 14:31:20.555,1320962425,2026-06-23 09:40:20.110,Кръстове на резба,Кръст 316L резба 1“,102359,00001328,M,L,L,бр.,,,0.0,0.0,0.0,,|1—кръст|2—1`|,,N,1.0,2.0,,КРИСМЕТАЛ,3,,,1.5,,,,,,,,Y,0,,0.0,,,0.0,0.0,Y,Y,Y,N,58,,0.0,,,,,,,,,,,,0,0.0,0.0,0.0,,N
1669,14,1,2025-08-06 14:31:20.563,1320962425,2026-06-23 09:40:02.631,Кръстове на резба,Кръст 316L резба 1 1/4`,AB1345,00001329,M,L,L,бр.,,,12.628909465546597,0.0,0.0,,|1—кръст|2—1 1/4`|,,N,1.0,2.0,,КРИСМЕТАЛ,0,,,1.5,,,,,,,,Y,0,,0.0,,,0.0,0.0,Y,Y,Y,N,59,,0.0,,,,,,,,,,,,0,0.0,0.0,0.0,,N
1669,16,1,2025-08-06 14:31:20.573,1322339555,2026-06-23 09:39:23.241,Капи на резба,Капа 316L резба 1/4“,100502,00001281,M,L,L,бр.,,,0.85,0.0,0.0,,|1—капа|2—1/4`|,,N,1.0,2.0,,КРИСМЕТАЛ,7,,,1.5,,,,,,,,Y,0,,0.0,,,0.0,0.0,Y,Y,Y,N,60,,0.0,,,,,,,,,,,,0,0.0,0.0,0.0,,N
1669,18,1,2025-08-06 14:31:20.582,1322339490,2026-06-23 09:39:16.914,Капи на резба,Капа 316L резба 1/2“,100504,00001282,M,L,L,бр.,,,0.86,0.0,0.0,,|1—капа|2—1/2`|,,N,1.0,2.0,,КРИСМЕТАЛ,40,,,1.5,,,,,,,,Y,0,,0.0,,,0.0,0.0,Y,Y,Y,N,61,,0.0,,,,,,,,,,,,0,0.0,0.0,0.0,,N
1669,20,1,2025-08-06 14:31:20.593,1320962425,2026-07-07 08:21:08.406,Крисметал,капа 102664 168.3х2,102664,00001283,M,L,L,бр.,,,16.82661581016755,0.0,0.0,,|1—капа|2—168.3х2|,,P,1.0,2.0,,КРИСМЕТАЛ,10,,,1.5,,,,,,,,Y,0,,0.0,,,0.0,0.0,Y,Y,Y,N,62,,0.0,,,,,,,,,,,,0,0.0,0.0,0.0,,N
1669,22,1,2025-08-06 14:31:20.601,1322340939,2026-06-23 11:00:42.572,Вътрешна резба,Преход 316L резба вътрешна 150LBS 3/4“х1/4“,105408,00001347,M,L,L,бр.,,,2.79,0.0,0.0,,|1—муфа намалител|2—3/4х1/4|,,N,1.0,2.0,,КРИСМЕТАЛ,66,,,1.5,,,,,,,,Y,0,,0.0,,,0.0,0.0,Y,Y,Y,N,63,,0.0,,,,,,,,,,,,0,0.0,0.0,0.0,,N
1669,25,1,2025-08-06 14:42:42.635,1320962425,2026-06-16 13:30:08.978,Машини,Винтоверт Makita DHP482,,00000466,M,L,L,бр.,,,0.0,0.0,0.0,,|1—Винтоверт|3—Makita|4—DHP482|5—производствен цех|,,Y,1.0,2.0,,,1,,,1.5,,,,,,,,Y,0,,0.0,,,0.0,0.0,Y,Y,Y,N,254,,0.0,,,,,,,491544R,,,,,0,0.0,0.0,0.0,,N
5466,0,1,2025-08-27 09:56:22.239,1333637273,2026-07-07 08:56:47.787,Ивда Гео,ПП тръба за т. вода Ф63/PN20.,702,,M,L,L,м.,,,10.31787016253969,0.0,0.0,0.0,,ПП тръба за т. вода Ф63/PN20,P,1.0,2.0,,ИВДА-ГЕО,,,0.0,1.5,,,,,,,0,Y,0,,0.0,,0,0.0,0.0,Y,Y,Y,N,1376,0,0.0,,,,,,,AEM10KW,0.0,0.0,0.0,0.0,0,0.0,0.0,0.0,0.0,N
5466,2,1,2025-08-27 09:56:22.254,1336436666,2026-08-04 08:48:00.022,1.1.3. Други (Електролизьор),Полиамид,,00000875,M,L,L,бр.,,,994.5,0.0,0.0,0.0,,Полиамид,P,1.0,2.0,,Гумпласт,1,,0.0,1.5,,,,,,,0,Y,0,,0.0,,0,0.0,0.0,Y,Y,Y,N,1377,0,0.0,,,,,,,AEM10KW,0.0,0.0,0.0,0.0,0,0.0,0.0,0.0,0.0,N
5466,3,1,2025-08-27 09:59:45.807,1319035992,2026-06-23 10:47:02.224,1.1.1. Части (Електролизьор),"Уплътнение от експандиран теф. ф397х325х0,5мм",,00001126,M,L,L,бр.,,,9.561123,0.0,0.0,0.0,,,N,0.0,0.0,,ДЕАТРЕЙД БГ ЕООД,,,,1.5,,,,,,,,Y,0,,0.0,,,0.0,0.0,Y,Y,Y,N,1378,,0.0,,,,,,,,,,,,0,0.0,0.0,0.0,,N
5466,5,1,2026-06-18 09:01:15.301,1333252417,2026-07-03 12:35:36.012,3. Метални Елементи,"Профилна тръба ГВ 40х40х1,5",,00002086,M,M,M,м.,,,1.86,0.0,0.0,0.0,,"Цена артикул:1.65 EUR
Цена транспорт: 0.21 EUR",N,0.0,0.0,,НИРСТРОЙ ООД,,,,1.5,,,,,,,,Y,0,,0.0,,,0.0,0.0,Y,Y,Y,N,2360,,0.0,,,,,,,,,,,,0,0.0,0.0,0.0,,N
5466,24,1,2025-10-10 10:36:39.171,1318956546,2026-06-23 16:00:50.838,Скоби,Скоба укрепваща с уплътнение 2“,051909,00000996,M,L,L,бр.,,,0.8231799287259118,0.0,0.0,0.0,,,P,1.0,2.0,,КРИСМЕТАЛ,,,,1.5,,,,,,,,Y,0,,0.0,,,0.0,0.0,Y,Y,Y,N,1449,,0.0,,,,,,,,,,,,0,0.0,0.0,0.0,,N
1671,3,1,2026-02-05 07:46:32.239,1318956546,2026-06-16 13:37:14.711,Сензори,Пожароизвестител оптично-димен,HM/PSE 1483766,00001648,M,M,M,бр.,,,42.084,0.0,0.0,0.0,,,P,3.0,20.0,,ЖАР ЕООД,,,,1.5,,,,,,,,Y,0,,0.0,,,0.0,0.0,Y,Y,Y,N,2037,,0.0,,,,,,,,,,,,0,0.0,0.0,0.0,,N
1671,21,1,2026-06-18 09:12:43.935,1333235749,2026-07-10 09:24:20.841,3. Метални Елементи,Винкел ГВ 20/20/3,,00002087,M,M,M,м.,,,0.8,0.0,0.0,0.0,,,N,1.0,2.0,,НИРСТРОЙ ООД,,,,1.5,,,,,,,,Y,0,,0.0,,,0.0,0.0,Y,Y,Y,N,2361,,0.0,,,,,,,,,,,,0,0.0,0.0,0.0,,N
1671,35,1,2026-02-19 13:46:00.817,1319857731,2026-06-24 15:38:03.961,1. Пречистване на вода,Система за преч. на вода APRO-MCR-100-DI,502996,00001810,M,M,M,бр.,,,3518.0,0.0,0.0,0.0,,"Върви с лампа за пречистване комплект/water sterilizing system 533376

За Полша",N,1.0,20.0,,АКВАФОР БЪЛГАРИЯ ООД,,,,1.5,,,,,,,,Y,0,,0.0,,,0.0,0.0,Y,Y,Y,N,2083,,0.0,,,,,,,,,,,,0,0.0,0.0,0.0,,N
1671,42,1,2026-02-19 13:50:30.643,1319857755,2026-06-24 15:38:03.961,1. Пречистване на вода,Система за преч. на вода APRO-HP-500-DI,218177,00001811,M,M,M,бр.,,,6230.0,0.0,0.0,0.0,,"Върви с лампа за пречистване комплект/water sterilizing system 533376

За Златна Панега",N,1.0,20.0,,АКВАФОР БЪЛГАРИЯ ООД,,,,1.5,,,,,,,,Y,0,,0.0,,,0.0,0.0,Y,Y,Y,N,2084,,0.0,,,,,,,,,,,,0,0.0,0.0,0.0,,N
1672,1,1,2025-08-06 14:42:43.096,1320962425,2026-06-16 13:30:08.978,Машини,Винтоверт Makita DDf458,,00000465,M,L,L,бр.,,,0.0,0.0,0.0,,|1—Винтоверт|3—Makita|4—DDf458|5—производствен цех|,,Y,1.0,2.0,,,1,,,1.5,,,,,,,,Y,0,,0.0,,,0.0,0.0,Y,Y,Y,N,255,,0.0,,,,,,,0395523Y,,,,,0,0.0,0.0,0.0,,N
1672,5,1,2025-08-06 14:31:20.894,1322342586,2026-06-23 11:11:01.444,Фитинги - Щуцер на резба,"Връзка ъглова 1500 15/12,5“х1/2“",1500,00001752,M,L,L,бр.,,,2.04,0.0,0.0,,"|1—ъглова връзка|2—15/12,5х1/2|",,N,1.0,2.0,,,27,,,1.5,,,,,,,,Y,0,,0.0,,,0.0,0.0,Y,Y,Y,N,94,,0.0,,,,,,,,,,,,0,0.0,0.0,0.0,,N
1672,7,1,2025-08-06 14:31:20.901,1320962425,2026-06-23 11:10:53.382,Фитинги - Щуцер на резба,Връзка ъглова 1500  8/6“х1/4“,X1500,00001753,M,L,L,бр.,,,1.5338756435886554,0.0,0.0,,|1—ъглова връзка|2—8/6х1/4|,,N,1.0,2.0,,,56,,,1.5,,,,,,,,Y,0,,0.0,,,0.0,0.0,Y,Y,Y,N,95,,0.0,,,,,,,,,,,,0,0.0,0.0,0.0,,N
1672,8,1,2026-05-13 10:06:16.522,1330352547,2026-06-16 13:37:14.711,Кабелни Канали,Ъгъл покачващ за каб. скара 60х402мм,RSD 60.400,00002014,M,M,M,бр.,,,42.96,,,0.0,,,N,1.0,2.0,,НИДАКС БЪЛГАРИЯ  ЕООД,,,,1.5,,,,,,,,Y,0,,0.0,,,0.0,0.0,Y,Y,Y,N,2288,,0.0,,,,,,,,,,,,0,0.0,0.0,0.0,,N
1672,9,1,2025-08-06 14:31:20.910,1320962425,2026-06-23 11:10:09.916,Фитинги - Щуцер на резба,Връзка права 1510 8/6“х1/4“,1510,00001391,M,L,L,бр.,,,0.0,0.0,0.0,,|1—права връзка|2—8/6х1/4|,,N,1.0,2.0,,,112,,,1.5,,,,,,,,Y,0,,0.0,,,0.0,0.0,Y,Y,Y,N,96,,0.0,,,,,,,,,,,,0,0.0,0.0,0.0,,N
1672,11,1,2025-08-06 14:31:20.918,1320962425,2026-06-23 11:10:24.306,Фитинги - Щуцер на резба,Връзка права 1511 8/6“х1/8“,1511,00001393,M,L,L,бр.,,,0.0,0.0,0.0,0.0,|1—права връзка|2—8/6х1/8|,,N,1.0,2.0,,,8,,0.0,1.5,,,,,,,0,Y,0,,0.0,,0,0.0,0.0,Y,Y,Y,N,97,,0.0,,,,,,,,0.0,0.0,0.0,0.0,0,0.0,0.0,0.0,0.0,N
1672,13,1,2025-08-06 14:31:20.926,1320962425,2026-06-23 11:10:16.713,Фитинги - Щуцер на резба,Връзка права 1511 8/6“х1/4“,1511,00001392,M,L,L,бр.,,,0.0,0.0,0.0,0.0,|1—права връзка|2—8/6х1/4|,,N,1.0,2.0,,,29,,0.0,1.5,,,,,,,0,Y,0,,0.0,,0,0.0,0.0,Y,Y,Y,N,98,,0.0,,,,,,,,0.0,0.0,0.0,0.0,0,0.0,0.0,0.0,0.0,N
1672,15,1,2025-08-06 14:31:20.943,1330352212,2026-06-23 13:27:42.191,2.5.4. Вентили,Магнетвентил GENEBRE 1/4“,4630 02 220V,00001684,M,L,L,бр.,,,60.36,0.0,0.0,,|1—сферичен кран мини|2—1/4`|,,N,1.0,2.0,,GENEBRE,,,,1.5,,,,,,,,Y,0,,0.0,,,0.0,0.0,Y,Y,Y,N,99,,0.0,,,,,,,,,,,,0,0.0,0.0,0.0,,N
1672,17,1,2025-08-06 14:31:20.955,1320962425,2026-06-23 11:08:58.708,Фитинги - Щуцер на резба,Тройник 8мм,7540 8,00001456,M,L,L,бр.,,,0.0,0.0,0.0,,|1—тройник|2—8 мм.|,,N,1.0,2.0,,,4,,,1.5,,,,,,,,Y,0,,0.0,,,0.0,0.0,Y,Y,Y,N,100,,0.0,,,,,,,,,,,,0,0.0,0.0,0.0,,N
1672,19,1,2025-08-06 14:31:20.962,1320962425,2026-06-24 10:52:33.357,Други (Електроника),"Щекер със светлодиод 124-703 230 V, AC/DC",124-703,00001751,M,L,L,бр.,,,0.0,0.0,0.0,,"|1—щекер със светлодиод|2—230 V, AC/DC|",,N,1.0,2.0,,,2,,,1.5,,,,,,,,Y,0,,0.0,,,0.0,0.0,Y,Y,Y,N,101,,0.0,,,,,,,,,,,,0,0.0,0.0,0.0,,N
1672,21,1,2025-08-06 14:31:20.968,1319632182,2026-06-24 10:52:27.457,Други (Електроника),Щекер  (LD),124-800 (LD),00001750,M,L,L,бр.,,,1.649,0.0,0.0,,|1—щекер|2—без опаковка|,,N,1.0,2.0,,ЛД ООД,11,,,1.5,,,,,,,,Y,0,,0.0,,,0.0,0.0,Y,Y,Y,N,102,,0.0,,,,,,,,,,,,0,0.0,0.0,0.0,,N
1672,24,1,2025-08-06 14:42:59.215,1320962425,2026-06-16 13:30:08.978,Машини,Винтоверт Makita DDF482,,00000464,M,L,L,бр.,,,0.0,0.0,0.0,,|1—Винтоверт|3—Makita|4—DDF482|5—производствен цех|,,Y,1.0,2.0,,,1,,,1.5,,,,,,,,Y,0,,0.0,,,0.0,0.0,Y,Y,Y,N,256,,0.0,,,,,,,725801R,,,,,0,0.0,0.0,0.0,,N
1673,0,1,2025-08-06 14:31:20.984,1320962425,2026-06-24 10:45:53.353,"Прекъсвачи, Предпазители",Прекъсвач (C43),C43/3,00001399,M,L,L,бр.,,,0.0,0.0,0.0,,|1—прекъсвач|,,N,1.0,2.0,,ШРАК ТЕХНИК ЕООД,2,,,1.5,,,,,,,,Y,0,,0.0,,,0.0,0.0,Y,Y,Y,N,104,,0.0,,,,,,,,,,,,0,0.0,0.0,0.0,,N
1673,2,1,2025-08-06 14:31:20.991,1319558877,2026-06-24 10:45:53.353,"Прекъсвачи, Предпазители",Прекъсвач мин. AMPARO 6kA C 10А 1P,AM617110,00001403,M,L,L,бр.,,,1.79,0.0,0.0,,|1—прекъсвач|,,N,1.0,2.0,,ШРАК ТЕХНИК ЕООД,2,,,1.5,,,,,,,,Y,0,,0.0,,,0.0,0.0,Y,Y,Y,N,105,,0.0,,,,,,,,,,,,0,0.0,0.0,0.0,,N
1673,4,1,2025-08-06 14:31:20.998,1317059269,2026-06-24 10:45:53.353,"Прекъсвачи, Предпазители",Прекъсвач (С10/3),D10/3,00001404,M,L,L,бр.,,,8.69193,0.0,0.0,,|1—прекъсвач|,,P,1.0,2.0,,ШРАК ТЕХНИК ЕООД,2,,,1.5,,,,,,,,Y,0,,0.0,,,0.0,0.0,Y,Y,Y,N,106,,0.0,,,,,,,,,,,,0,0.0,0.0,0.0,,N
1673,6,1,2025-08-06 14:31:21.004,1320962425,2026-06-24 10:45:53.353,"Прекъсвачи, Предпазители",Прекъсвач (C63/3),C63/3,00001401,M,L,L,бр.,,,0.0,0.0,0.0,,|1—прекъсвач|,,N,1.0,2.0,,ШРАК ТЕХНИК ЕООД,4,,,1.5,,,,,,,,Y,0,,0.0,,,0.0,0.0,Y,Y,Y,N,107,,0.0,,,,,,,,,,,,0,0.0,0.0,0.0,,N
1673,8,1,2025-08-06 14:31:21.019,1319638955,2026-06-24 10:45:53.353,"Прекъсвачи, Предпазители",Прекъсвач (C20/3),C20/3,00001398,M,L,L,бр.,,,0.0,0.0,0.0,,|1—прекъсвач|,,N,1.0,2.0,,ШРАК ТЕХНИК ЕООД,3,,,1.5,,,,,,,,Y,0,,0.0,,,0.0,0.0,Y,Y,Y,N,108,,0.0,,,,,,,,,,,,0,0.0,0.0,0.0,,N
1673,10,1,2025-08-06 14:31:21.027,1320962425,2026-06-24 10:45:53.353,"Прекъсвачи, Предпазители",Прекъсвач (C40/3),C40/3,00001400,M,L,L,бр.,,,0.0,0.0,0.0,,|1—прекъсвач|,,N,1.0,2.0,,ШРАК ТЕХНИК ЕООД,4,,,1.5,,,,,,,,Y,0,,0.0,,,0.0,0.0,Y,Y,Y,N,109,,0.0,,,,,,,,,,,,0,0.0,0.0,0.0,,N
1673,12,1,2025-08-06 14:31:21.036,1319638997,2026-06-24 10:45:53.353,"Прекъсвачи, Предпазители","Прекъсвач (MCB 10kA,  D10/3)",D10/3,00001402,M,L,L,бр.,,,10.49,0.0,0.0,,|1—прекъсвач|,,N,1.0,2.0,,ШРАК ТЕХНИК ЕООД,1,,,1.5,,,,,,,,Y,0,,0.0,,,0.0,0.0,Y,Y,Y,N,110,,0.0,,,,,,,,,,,,0,0.0,0.0,0.0,,N
1673,14,1,2025-08-06 14:31:21.048,1320962425,2026-06-16 13:30:08.978,Релета,Времереле 24-240V AC/DC 1CO 8А/250V,ZR5E0011,00001662,M,L,L,бр.,,,27.016663002408187,0.0,0.0,,|1—реле за време - механично|2—8А|,,N,1.0,2.0,,ШРАК ТЕХНИК ЕООД,1,,,1.5,,,,,,,,Y,0,,0.0,,,0.0,0.0,Y,Y,Y,N,111,,0.0,,,,,,,,,,,,0,0.0,0.0,0.0,,N
1673,16,1,2025-08-06 14:31:21.056,1318864188,2026-06-17 14:08:41.851,Релета,Реле мини тип PT 14 пина 4CO 24VDC 6A,PT570024,00001663,M,L,L,бр.,,,2.96,0.0,0.0,,|1—реле с цокъл|2—6A/24V|,,N,1.0,2.0,,ШРАК ТЕХНИК ЕООД,4,,,1.5,,,,,,,,Y,0,,0.0,,,0.0,0.0,Y,Y,Y,N,112,,0.0,,,,,,,,,,,,0,0.0,0.0,0.0,,N
1673,18,1,2025-08-06 14:31:21.074,1320962425,2026-06-16 13:36:15.310,Релета,Цокъл за реле PT 14 пина с лог.подр. 6A,PT78742,00001495,M,L,L,бр.,,,0.0,0.0,0.0,,|1—цокъл за PT реле|2—6A/250V AC|,,N,1.0,2.0,,ШРАК ТЕХНИК ЕООД,5,,,1.5,,,,,,,,Y,0,,0.0,,,0.0,0.0,Y,Y,Y,N,113,,0.0,,,,,,,,,,,,0,0.0,0.0,0.0,,N
1673,20,1,2025-08-06 14:31:21.083,1319639068,2026-06-16 13:30:08.978,Релета,Цокъл за реле (PT YP 6A/250V AC),YPT78704,00001496,M,L,L,бр.,,,3.492111,0.0,0.0,,|1—цокъл за PT реле|2—6A/250V AC|,,N,1.0,2.0,,ШРАК ТЕХНИК ЕООД,4,,,1.5,,,,,,,,Y,0,,0.0,,,0.0,0.0,Y,Y,Y,N,114,,0.0,,,,,,,,,,,,0,0.0,0.0,0.0,,N
1673,22,1,2025-08-06 14:31:21.097,1320962425,2026-06-24 10:52:19.866,Други (Електроника),Трансформатор токов CT50/5A,MG952005-A,00001693,M,L,L,бр.,,,0.0,0.0,0.0,,|1—токов трансформатор|2—CT50/5A|,,N,1.0,2.0,,ШРАК ТЕХНИК ЕООД,2,,,1.5,,,,,,,,Y,0,,0.0,,,0.0,0.0,Y,Y,Y,N,115,,0.0,,,,,,,,,,,,0,0.0,0.0,0.0,,N
1673,24,1,2025-08-06 14:31:21.113,1320962425,2026-06-16 13:30:08.978,Контактори,"Контактор 11kW/25A, AC-3, 1NC, 230V AC размер 1",LTD12523,00001323,M,L,L,бр.,,,0.0,0.0,0.0,,|1—контактор|2—11KW|,,N,1.0,2.0,,ШРАК ТЕХНИК ЕООД,6,,,1.5,,,,,,,,Y,0,,0.0,,,0.0,0.0,Y,Y,Y,N,116,,0.0,,,,,,,,,,,,0,0.0,0.0,0.0,,N
1675,0,1,2025-08-06 14:31:21.122,1320962425,2026-06-16 13:30:08.978,Контактори,"Контактор 22kW/50A, AC-3, 230V AC размер 2",LTD25033,00001324,M,L,L,бр.,,,0.0,0.0,0.0,,|1—контактор|2—22KW|,,N,1.0,2.0,,ШРАК ТЕХНИК ЕООД,2,,,1.5,,,,,,,,Y,0,,0.0,,,0.0,0.0,Y,Y,Y,N,117,,0.0,,,,,,,,,,,,0,0.0,0.0,0.0,,N
1675,2,1,2025-08-06 14:31:21.135,1320962425,2026-06-16 13:30:08.978,Контактори,"Контактор 4kW/9A, AC-3, 1NO, 230V AC размер 0",LTD00913,00001322,M,L,L,бр.,,,0.0,0.0,0.0,,|1—контактор|2—4KW|,,N,1.0,2.0,,ШРАК ТЕХНИК ЕООД,2,,,1.5,,,,,,,,Y,0,,0.0,,,0.0,0.0,Y,Y,Y,N,118,,0.0,,,,,,,,,,,,0,0.0,0.0,0.0,,N
1675,4,1,2025-08-06 14:31:21.147,1320962425,2026-06-24 10:45:53.353,"Прекъсвачи, Предпазители",Предпазител B-FA/24,B-FA/24,00001395,M,L,L,бр.,,,0.0,0.0,0.0,,|1—предпазители|,,N,1.0,2.0,,ШРАК ТЕХНИК ЕООД,19,,,1.5,,,,,,,,Y,0,,0.0,,,0.0,0.0,Y,Y,Y,N,119,,0.0,,,,,,,,,,,,0,0.0,0.0,0.0,,N
1675,6,1,2025-08-06 14:31:21.160,1320962425,2026-06-24 10:45:53.353,"Прекъсвачи, Предпазители",Предпазител LQA01230 16А,LQA01230,00001396,M,L,L,бр.,,,0.0,0.0,0.0,,|1—предпазители|2—16А|,,N,1.0,2.0,,ШРАК ТЕХНИК ЕООД,8,,,1.5,,,,,,,,Y,0,,0.0,,,0.0,0.0,Y,Y,Y,N,120,,0.0,,,,,,,,,,,,0,0.0,0.0,0.0,,N
1675,8,1,2025-08-06 14:31:21.168,1332345268,2026-06-24 10:52:00.338,Други (Електроника),Диференциалнотокова защита XKR6 40А,,00001274,M,L,L,бр.,,,0.0,0.0,0.0,,|1—диференциалнотокова защита|2—40А|,,N,1.0,2.0,,ШРАК ТЕХНИК ЕООД,1,,,1.5,,,,,,,,Y,0,,0.0,,,0.0,0.0,Y,Y,Y,N,121,,0.0,,,,,,,,,,,,0,0.0,0.0,0.0,,N
1675,10,1,2025-08-06 14:31:21.177,1320962426,2026-06-24 10:43:14.975,Захранвания,Захранване за DIN шина MDR-100-24 24V/4A,MDR-100-24,00001276,M,L,L,бр.,,,0.0,0.0,0.0,,|1—захранване за DIN шина|2—24V/4A|,,N,1.0,2.0,,ШРАК ТЕХНИК ЕООД,2,,,1.5,,,,,,,,Y,0,,0.0,,,0.0,0.0,Y,Y,Y,N,122,,0.0,,,,,,,,,,,,0,0.0,0.0,0.0,,N
1675,12,1,2025-08-06 14:31:21.184,1316433400,2026-06-16 14:15:44.068,Унител,захранване за DIN шина SDR-120-24 24V/5A,2080,00001278,M,L,L,бр.,,,44.87,0.0,0.0,,|1—захранване за DIN шина|2—24V/5A|,,P,1.0,2.0,,УНИТЕЛ ЕООД,3,,,1.5,,,,,,,,Y,0,,0.0,,,0.0,0.0,Y,Y,Y,N,123,,0.0,,,,,,,,,,,,0,0.0,0.0,0.0,,N
1675,13,1,2025-08-06 14:42:59.228,1320962426,2026-06-16 13:30:08.978,Машини,Гайковерт Makita DTW285,,00000494,M,L,L,бр.,,,0.0,0.0,0.0,,|1—Гайковерт|3—Makita|4—DTW285|5—производствен цех|,,Y,1.0,2.0,,,1,,,1.5,,,,,,,,Y,0,,0.0,,,0.0,0.0,Y,Y,Y,N,257,,0.0,,,,,,,0503327Y,,,,,0,0.0,0.0,0.0,,N
1675,15,1,2025-08-06 14:31:21.212,1319051954,2026-06-24 14:44:29.667,Кабели - Сензори,Кабел PUR М12 конектор 2м,EVC004,00000336,M,L,L,бр.,,,0.0,0.0,0.0,,"|1—PUR кабел, М12 конектор|2—2 м.|",,N,1.0,2.0,,,52,,,1.5,,,,,,,,Y,0,,0.0,,,0.0,0.0,Y,Y,Y,N,125,,0.0,,,,,,,,,,,,0,0.0,0.0,0.0,,N
1675,17,1,2025-08-06 14:31:21.219,1322064385,2026-07-24 08:14:28.622,Кабели - Сензори,Кабел PUR М12 конектор 10м,EVC006,00000337,M,L,L,бр.,,,22.0,0.0,0.0,,"|1—PUR кабел, М12 конектор|2—10 м.|",,N,1.0,2.0,,,44,,,1.5,,,,,,,,Y,0,,0.0,,,0.0,0.0,Y,Y,Y,N,126,,0.0,,,,,,,,,,,,0,0.0,0.0,0.0,,N
1675,19,1,2025-08-06 14:31:21.232,1320962426,2026-06-24 14:44:21.028,Кабели - Сензори,Кабел PUR М12 конектор 12м,EVC520,00000339,M,L,L,бр.,,,0.0,0.0,0.0,,"|1—PUR кабел, М12 конектор|2—12 м.|",,N,1.0,2.0,,,1,,,1.5,,,,,,,,Y,0,,0.0,,,0.0,0.0,Y,Y,Y,N,127,,0.0,,,,,,,,,,,,0,0.0,0.0,0.0,,N
1675,21,1,2025-08-06 14:31:21.240,1320962426,2026-06-24 14:44:25.245,Кабели - Сензори,Кабел PUR М12 конектор 15м,EVC086,00000338,M,L,L,бр.,,,27.901197956877642,54.57,54.57,,"|1—PUR кабел, М12 конектор|2—15 м.|",,N,1.0,2.0,,ИФМ ЕЛЕКТРОНИК ЕООД,16,,,1.5,,,,,,,,Y,0,,0.0,,,0.0,0.0,Y,Y,Y,N,128,,0.0,,,,,,,,,,,,0,0.0,0.0,0.0,,N
1676,0,1,2025-08-06 14:31:21.254,1322755980,2026-06-24 10:48:31.640,Други (Електроника),Бобина прав ток 12W,OD UDA12024CS,00001390,M,L,L,бр.,,,12.69,0.0,0.0,,|1—прав ток|2—12W|,,P,1.0,2.0,,ЛД ООД,7,,,1.5,,,,,,,,Y,0,,0.0,,,0.0,0.0,Y,Y,Y,N,130,,0.0,,,,,,,,,,,,0,0.0,0.0,0.0,,N
1676,1,1,2025-08-06 14:42:59.253,1320962426,2026-06-16 13:30:08.978,Машини,Флекс Bosch GWS750,,00001147,M,L,L,бр.,,,0.0,0.0,0.0,,|1—Флекс|3—Bosch|4—GWS750|5—производствен цех|,,Y,1.0,2.0,,,1,,,1.5,,,,,,,,Y,0,,0.0,,,0.0,0.0,Y,Y,Y,N,258,,0.0,,,,,,,124088157,,,,,0,0.0,0.0,0.0,,N
1676,3,1,2025-08-06 14:31:21.279,1331636296,2026-06-23 13:27:22.772,2.5.3. Кранове на резба,Кран сфер. на рез. 316L PN64 DN15,VP703000 1/2`,00001325,M,L,L,бр.,,,56.5,0.0,0.0,,|1—кран за задвижка|2—1/2 - DN15|,,P,1.0,2.0,,ЛД ООД,13,,,1.5,,,,,,,,Y,0,,0.0,,,0.0,0.0,Y,Y,Y,N,132,,0.0,,,,,,,,,,,,0,0.0,0.0,0.0,,N
1676,5,1,2025-08-06 14:31:21.288,1322359419,2026-06-23 13:27:22.660,2.5.3. Кранове на резба,Кран сфер. на рез. 316L PN64 DN25,VP703000 1`,00001326,M,L,L,бр.,,,56.5,0.0,0.0,,|1—кран за задвижка|2—1` - DN25|,,P,1.0,2.0,,,4,,,1.5,,,,,,,,Y,0,,0.0,,,0.0,0.0,Y,Y,Y,N,133,,0.0,,,,,,,,,,,,0,0.0,0.0,0.0,,N
1676,7,1,2025-08-06 14:31:21.296,1322359516,2026-06-23 13:27:22.817,2.5.3. Кранове на резба,Кран сфер. на рез. 316L DN15,VP704000,00001685,M,L,L,бр.,,,33.37713400448914,0.0,0.0,,|1—сферичен кран с резба|2—1/2 - DN15|,,N,1.0,2.0,,ЛД ООД,4,,,1.5,,,,,,,,Y,0,,0.0,,,0.0,0.0,Y,Y,Y,N,134,,0.0,,,,,,,,,,,,0,0.0,0.0,0.0,,N
1676,9,1,2025-08-06 14:31:21.304,1322358961,2026-06-23 13:27:22.708,2.5.3. Кранове на резба,Кран сфер. на рез. 316L PN64 DN20,VP7020000,00001683,M,L,L,бр.,,,38.41847195308386,0.0,0.0,,|1—сферичен кран|2—3/4` - DN20|,,P,1.0,2.0,,ЛД ООД,4,,,1.5,,,,,,,,Y,0,,0.0,,,0.0,0.0,Y,Y,Y,N,135,,0.0,,,,,,,,,,,,0,0.0,0.0,0.0,,N
1676,12,1,2025-08-06 14:31:21.319,1321241539,2026-06-16 13:44:22.895,Други (Електроника),Ф2.5 21L2K1T25 R42,21L2K1T25,00001131,M,L,L,бр.,,,67.14,0.0,0.0,,|1—Ф2.5|2—R42|,,N,1.0,2.0,,,1,,,1.5,,,,,,,,Y,0,,0.0,,,0.0,0.0,Y,Y,Y,N,137,,0.0,,,,,,,,,,,,0,0.0,0.0,0.0,,N
1676,14,1,2025-08-06 14:31:21.327,1321344249,2026-06-16 13:30:08.978,Други (Електроника),Ф3.0 21L2K1T30 P08,21L2K1T30,00001132,M,L,L,бр.,,,67.14,0.0,0.0,,|1—Ф3.0|2—P08|,,N,1.0,2.0,,,11,,,1.5,,,,,,,,Y,0,,0.0,,,0.0,0.0,Y,Y,Y,N,138,,0.0,,,,,,,,,,,,0,0.0,0.0,0.0,,N
1676,16,1,2025-08-06 14:31:21.340,1320962426,2026-03-02 14:59:42.176,ЛД,Ф5.5 21L2K1T55 P16,21L2K1T55,00001133,M,L,L,бр.,,,0.0,0.0,0.0,,|1—Ф5.5|2—P16|,,P,1.0,2.0,,,2,,,1.5,,,,,,,,Y,0,,0.0,,,0.0,0.0,Y,Y,Y,N,139,,0.0,,,,,,,,,,,,0,0.0,0.0,0.0,,N
1676,18,1,2025-08-06 14:31:21.357,1320962426,2026-06-23 13:27:42.191,2.5.4. Вентили,Магнетвентил 3/4“,21H9KB180,00001335,M,L,L,бр.,,,0.0,0.0,0.0,,|1—магнетвентил|2—3/4`|,,N,1.0,2.0,,ЛД ООД,6,,,1.5,,,,,,,,Y,0,,0.0,,,0.0,0.0,Y,Y,Y,N,140,,0.0,,,,,,,,,,,,0,0.0,0.0,0.0,,N
1676,20,1,2025-08-06 14:31:21.369,1320962426,2026-03-02 14:59:17.896,магнетвентил,магнетвентил 21IH6K1V250 1` - PBC853530,21IH6K1V250,00001336,M,L,L,бр.,,,191.6577616664025,0.0,0.0,,|1—магнетвентил|2—1` - PBC853530|,,P,1.0,2.0,,,1,,,1.5,,,,,,,,Y,0,,0.0,,,0.0,0.0,Y,Y,Y,N,141,,0.0,,,,,,,,,,,,0,0.0,0.0,0.0,,N
1676,22,1,2025-08-06 14:31:21.376,1320962426,2026-03-02 14:59:17.943,магнетвентил,поплавъци HLS-M23,HLS-M23,00001389,M,L,L,бр.,,,0.0,0.0,0.0,,|1—поплавъци|,,P,1.0,2.0,,,19,,,1.5,,,,,,,,Y,0,,0.0,,,0.0,0.0,Y,Y,Y,N,142,,0.0,,,,,,,,,,,,0,0.0,0.0,0.0,,N
1677,0,1,2025-08-06 14:31:21.384,1318956546,2026-06-16 13:36:15.310,Сензори,Трансмитер за налягане 0-15 bar,1877,00001273,M,L,L,бр.,,,0.0,0.0,0.0,,|1—датчици за налягане|2—0-15 bar|,,P,1.0,2.0,,,12,,,1.5,,,,,,,,Y,0,,0.0,,,0.0,0.0,Y,Y,Y,N,143,,0.0,,,,,,,,,,,,0,0.0,0.0,0.0,,N
1677,2,1,2025-08-06 14:31:21.405,1319737676,2026-07-30 15:03:08.886,2.4. Фланци,Уплътнение CF3000 PTFE DN40,453988,00001463,M,L,L,бр.,,,1.089048,0.0,0.0,,|1—уплътнение CF3000 PTFE|2—DN40|,,N,1.0,2.0,,КРИСМЕТАЛ,47,,,1.5,,,,,,,,Y,0,,0.0,,,0.0,0.0,Y,Y,Y,N,144,,0.0,,,,,,,,,,,,0,0.0,0.0,0.0,,N
1677,4,1,2025-08-06 14:31:21.413,1319737661,2026-07-27 13:42:49.782,2.4. Фланци,Уплътнение CF3000 PTFE DN25,453986,00001462,M,L,L,бр.,,,1.08,0.0,0.0,,|1—уплътнение CF3000 PTFE|2—DN25|,,N,1.0,2.0,,КРИСМЕТАЛ,21,,,1.5,,,,,,,,Y,0,,0.0,,,0.0,0.0,Y,Y,Y,N,145,,0.0,,,,,,,,,,,,0,0.0,0.0,0.0,,N
1677,6,1,2025-08-06 14:31:21.421,1319737689,2026-08-03 07:59:03.404,2.4. Фланци,Уплътнение CF3000 PTFE DN50,453989,00001464,M,L,L,бр.,,,2.157644,0.0,0.0,,|1—уплътнение CF3000 PTFE|2—DN50|,,N,1.0,2.0,,КРИСМЕТАЛ,18,,,1.5,,,,,,,,Y,0,,0.0,,,0.0,0.0,Y,Y,Y,N,146,,0.0,,,,,,,,,,,,0,0.0,0.0,0.0,,N
1677,8,1,2025-08-06 14:31:21.436,1320962426,2026-07-03 15:27:03.515,2. Консумативи,Unior Електронен шублер 216829,Електронен шублер,00000382,M,L,L,бр.,,,0.0,0.0,0.0,,|1—Unior|2—216829|,,N,1.0,2.0,,,1,,,1.5,,,,,,,,Y,0,,0.0,,,0.0,0.0,Y,Y,Y,N,147,,0.0,,,,,,,,,,,,0,0.0,0.0,0.0,,N
1677,10,1,2025-08-06 14:31:21.445,1320962426,2026-03-02 14:59:18.036,магнетвентил,метална скоба с болт 51906 1`,51906,00001340,M,L,L,бр.,,,0.4243722613928613,0.0,0.0,,|1—метална скоба с болт|2—1`|,,N,1.0,2.0,,,0,,,1.5,,,,,,,,Y,0,,0.0,,,0.0,0.0,Y,Y,Y,N,148,,0.0,,,,,,,,,,,,0,0.0,0.0,0.0,,N
1677,12,1,2025-08-06 14:31:21.453,1319944663,2026-06-23 13:27:42.191,2.5.4. Вентили,"Вентил предпазен 1216 НРЖ, PN40  1“х1“",442806,00001394,M,L,L,бр.,,,238.67,0.0,0.0,,"|1—предпазен вентил 1216 НРЖ, PN40|2—1``-1``|",,P,1.0,2.0,,КРИСМЕТАЛ,0,,,1.5,,,,,,,,Y,0,,0.0,,,0.0,0.0,Y,Y,Y,N,149,,0.0,,,,,,,,,,,,0,0.0,0.0,0.0,,N
1677,14,1,2025-08-06 14:31:21.460,1318956546,2026-06-23 13:27:42.191,2.5.4. Вентили,"Пружина TOSACA 2,1-4,0 bar M2170",442892,00001413,M,L,L,бр.,,,41.68051415511573,0.0,0.0,,|1—пружина TOSACA 2.1-4.0 obarg|2—M2170|,,P,1.0,2.0,,КРИСМЕТАЛ,0,,,1.5,,,,,,,,Y,0,,0.0,,,0.0,0.0,Y,Y,Y,N,150,,0.0,,,,,,,,,,,,0,0.0,0.0,0.0,,N
1677,16,1,2025-08-06 14:31:21.468,1323144171,2026-06-24 15:14:48.988,Газ анализ - Сензори,Електрохимичен кислороден анализатор OxyTrend E2,OxyTrend,00000525,M,L,L,бр.,,,1643.5,0.0,0.0,,|1—Електрохимичен кислороден анализатор|2—E240373-5|,,P,1.0,2.0,,ADEV S.R.L.,1,,,1.5,,,,,,,,Y,0,,0.0,,,0.0,0.0,Y,Y,Y,N,151,,0.0,,,,,,,,,,,,0,0.0,0.0,0.0,,N
1677,18,1,2025-08-06 14:31:21.475,1320237975,2026-06-24 15:16:05.817,Газ анализ - Сензори,Анализатор на общозапалими вещества Sirius 8866,Sirius 8866,00000422,M,L,L,бр.,,,3033.6,0.0,0.0,,|1—Анализатор на общозапалими вещества|2—E240801-5|,Е 240801-6 е повреден и трябва да се изпрати за ремонт,P,1.0,2.0,,ADEV S.R.L.,1,,,1.5,,,,,,,,Y,0,,0.0,,,0.0,0.0,Y,Y,Y,N,152,,0.0,,,,,,,,,,,,0,0.0,0.0,0.0,,N
1677,20,1,2025-08-06 14:31:21.482,1320962426,2026-07-03 15:27:03.515,2. Консумативи,филтри - S10SS 235551 1`,235551,00001708,M,L,L,бр.,,,696.0011861971643,0.0,0.0,,|1—филтри - S10SS|2—1`|,,N,1.0,2.0,,,20,,,1.5,,,,,,,,Y,0,,0.0,,,0.0,0.0,Y,Y,Y,N,153,,0.0,,,,,,,,,,,,0,0.0,0.0,0.0,,N
1677,21,1,2025-08-06 14:42:59.273,1320962426,2026-06-16 13:30:08.978,Машини,Оберфреза Makita RP0900,,00000791,M,L,L,бр.,,,0.0,0.0,0.0,,|1—Оберфреза|3—Makita|4—RP0900|5—производствен цех|,,Y,1.0,2.0,,,1,,,1.5,,,,,,,,Y,0,,0.0,,,0.0,0.0,Y,Y,Y,N,259,,0.0,,,,,,,587575,,,,,0,0.0,0.0,0.0,,N
1679,0,1,2025-08-06 14:31:21.504,1320962426,2026-07-03 15:39:28.477,0. Разни,Кран сферичен на зав. със задв.,563706511,000000011,M,L,L,бр.,,,0.0,0.0,0.0,,"|1—сферичен кран със задвижкa, зав.|2—модел J4C|",,P,1.0,2.0,,,2,,,1.5,,,,,,,,Y,0,,0.0,,,0.0,0.0,Y,Y,Y,N,155,,0.0,,,,,,,,,,,,0,0.0,0.0,0.0,,N
1679,2,1,2025-08-06 14:31:21.511,1323360630,2026-06-23 13:27:22.941,2.5.3. Кранове на резба,Кран сфер. на рез. 3-части 316L PN63 (Акт) 1“,5621 06 51,00001442,M,L,L,бр.,,,191.7,0.0,0.0,,|1—сферичен кран със задвижка|,,P,1.0,2.0,,,7,,,1.5,,,,,,,,Y,0,,0.0,,,0.0,0.0,Y,Y,Y,N,156,,0.0,,,,,,,,,,,,0,0.0,0.0,0.0,,N
1679,4,1,2025-08-06 14:31:21.519,1320962426,2026-03-02 14:58:56.163,Цех,фланци DN40,102938,00001474,M,L,L,бр.,,,0.0,0.0,0.0,,|1—фланци|2—DN40|,,P,1.0,2.0,,,35,,,1.5,,,,,,,,Y,0,,0.0,,,0.0,0.0,Y,Y,Y,N,157,,0.0,,,,,,,,,,,,0,0.0,0.0,0.0,,N
1679,6,1,2025-08-06 14:31:21.527,1320962426,2026-03-02 14:58:56.194,Цех,фланци DN50,102939,00001475,M,L,L,бр.,,,0.0,0.0,0.0,,|1—фланци|2—DN50|,,P,1.0,2.0,,,39,,,1.5,,,,,,,,Y,0,,0.0,,,0.0,0.0,Y,Y,Y,N,158,,0.0,,,,,,,,,,,,0,0.0,0.0,0.0,,N
1679,8,1,2025-08-06 14:31:21.537,1320962426,2026-03-02 14:58:56.209,Цех,фланци  DN25,102936,00001470,M,L,L,бр.,,,0.0,0.0,0.0,,|1—фланци|2—DN25|,,P,1.0,2.0,,,55,,,1.5,,,,,,,,Y,0,,0.0,,,0.0,0.0,Y,Y,Y,N,159,,0.0,,,,,,,,,,,,0,0.0,0.0,0.0,,N
1679,10,1,2025-08-06 14:31:21.545,1320962426,2026-03-04 08:11:01.438,Цех,фланци с резба  DN25,951036,00001476,M,L,L,бр.,,,20.599949893395642,0.0,0.0,,|1—фланци с резба|2—DN25|,,P,1.0,2.0,,,7,,,1.5,,,,,,,,Y,0,,0.0,,,0.0,0.0,Y,Y,Y,N,160,,0.0,,,,,,,,,,,,0,0.0,0.0,0.0,,N
1679,12,1,2025-08-06 14:31:21.553,1320962426,2026-03-04 08:11:01.454,Цех,фланци с резба  DN50,951039,00001477,M,L,L,бр.,,,35.417188610462055,0.0,0.0,,|1—фланци с резба|2—DN50|,,P,1.0,2.0,,,4,,,1.5,,,,,,,,Y,0,,0.0,,,0.0,0.0,Y,Y,Y,N,161,,0.0,,,,,,,,,,,,0,0.0,0.0,0.0,,N
1679,14,1,2025-08-06 14:31:21.563,1320962426,2026-03-02 14:58:56.272,951038,фланци с резба 951038 DN 40,951038,00001479,M,L,L,бр.,,,0.0,0.0,0.0,,|1—фланци с резба|2—DN 40|,,N,1.0,2.0,,,,,,1.5,,,,,,,,Y,0,,0.0,,,0.0,0.0,Y,Y,Y,N,162,,0.0,,,,,,,,,,,,0,0.0,0.0,0.0,,N
1679,15,1,2025-08-06 14:42:59.290,1320962426,2026-06-16 13:30:08.978,Машини,Флекс Bosch GWS2200,,00001146,M,L,L,бр.,,,0.0,0.0,0.0,,|1—Флекс|3—Bosch|4—GWS2200|5—производствен цех|,,Y,1.0,2.0,,,1,,,1.5,,,,,,,,Y,0,,0.0,,,0.0,0.0,Y,Y,Y,N,260,,0.0,,,,,,,327029927,,,,,0,0.0,0.0,0.0,,N
1679,17,1,2025-08-06 14:31:21.579,1319564231,2026-06-16 13:30:08.978,М16,Гайка самоос. 10 vZn М16,00985 1001 16,00001265,M,L,L,бр.,,,0.35279,0.0,0.0,,"|1—гайка самоосигурителна 10, цинк|2—М16|",,N,1.0,2.0,,ИТТ БЪЛГАРИЯ ЕООД,100,,,1.5,,,,,,,,Y,0,,0.0,,,0.0,0.0,Y,Y,Y,N,164,,0.0,,,,,,,,,,,,0,0.0,0.0,0.0,,N
1679,19,1,2025-08-06 14:31:21.587,1318835103,2026-06-17 14:08:41.851,М16,Гайка шест. 8 Bl. М16,00934 8000 16,00001269,M,L,L,бр.,,,0.061355,0.0,0.0,,"|1—гайка шестостенна 10, цинк|2—М16|",,N,1.0,2.0,,ИТТ БЪЛГАРИЯ ЕООД,200,,,1.5,,,,,,,,Y,0,,0.0,,,0.0,0.0,Y,Y,Y,N,165,,0.0,,,,,,,,,,,,0,0.0,0.0,0.0,,N
1679,21,1,2025-08-06 14:31:21.594,1332265688,2026-06-23 15:45:54.904,М16,Шпилка М16,009575 1000 16 2000,00001510,M,L,L,бр.,,,8.661253,0.0,0.0,,|1—шпилка|2—М16х2000|,,N,1.0,2.0,,ИТТ БЪЛГАРИЯ ЕООД,,,,1.5,,,,,,,,Y,0,,0.0,,,0.0,0.0,Y,Y,Y,N,166,,0.0,,,,,,,,,,,,0,0.0,0.0,0.0,,N
1679,24,1,2025-08-06 14:42:59.306,1320962426,2026-06-16 13:30:08.978,Машини,Флекс Bosch GWS9-125S,,00001148,M,L,L,бр.,,,0.0,0.0,0.0,,|1—Флекс|3—Bosch|4—GWS9-125S|5—производствен цех|,,Y,1.0,2.0,,,1,,,1.5,,,,,,,,Y,0,,0.0,,,0.0,0.0,Y,Y,Y,N,261,,0.0,,,,,,,911061887,,,,,0,0.0,0.0,0.0,,N
1682,0,1,2025-08-06 14:31:21.608,1320962426,2026-03-02 14:58:56.350,фитинги за заварки,коляно 90? зав. 316 106406 33.7х2,106406,00001297,M,L,L,бр.,,,3.5330268990658698,0.0,0.0,,|1—коляно 90` зав. 316|2—33.7х2|,,P,1.0,2.0,,,10,,,1.5,,,,,,,,Y,0,,0.0,,,0.0,0.0,Y,Y,Y,N,168,,0.0,,,,,,,,,,,,0,0.0,0.0,0.0,,N
1682,2,1,2025-08-06 14:31:21.616,1320962426,2026-03-02 14:58:56.366,фитинги за заварки,"коляно 45?, зав. 316 106448 48.3х2",106448,00001294,M,L,L,бр.,,,5.752033663457458,0.0,0.0,,"|1—коляно 45`, зав. 316|2—48.3х2|",,P,1.0,2.0,,КРИСМЕТАЛ,6,,,1.5,,,,,,,,Y,0,,0.0,,,0.0,0.0,Y,Y,Y,N,169,,0.0,,,,,,,,,,,,0,0.0,0.0,0.0,,N
1682,4,1,2025-08-06 14:31:21.623,1320962426,2026-03-02 14:58:56.381,фитинги за заварки,"коляно 90?, зав. 316 106408 48.3х2",106408,00001300,M,L,L,бр.,,,5.051563786218639,0.0,0.0,,"|1—коляно 90`, зав. 316|2—48.3х2|",,P,1.0,2.0,,,40,,,1.5,,,,,,,,Y,0,,0.0,,,0.0,0.0,Y,Y,Y,N,170,,0.0,,,,,,,,,,,,0,0.0,0.0,0.0,,N
1682,6,1,2025-08-06 14:31:21.631,1320962426,2026-03-02 14:58:56.413,фитинги за заварки,"коляно 90?, зав. 304 106306 33.7х2",106306,00001298,M,L,L,бр.,,,2.4951043802375463,0.0,0.0,,"|1—коляно 90`, зав. 304|2—33.7х2|",,P,1.0,2.0,,,0,,,1.5,,,,,,,,Y,0,,0.0,,,0.0,0.0,Y,Y,Y,N,171,,0.0,,,,,,,,,,,,0,0.0,0.0,0.0,,N
1682,8,1,2025-08-06 14:31:21.639,1320962426,2026-03-02 14:58:56.428,фитинги за заварки,"коляно 90?, зав. 304 106308 48.3х2",106308,00001299,M,L,L,бр.,,,3.798898677287903,0.0,0.0,,"|1—коляно 90`, зав. 304|2—48.3х2|",,P,1.0,2.0,,,0,,,1.5,,,,,,,,Y,0,,0.0,,,0.0,0.0,Y,Y,Y,N,172,,0.0,,,,,,,,,,,,0,0.0,0.0,0.0,,N
1682,10,1,2025-08-06 14:31:21.647,1318956603,2026-08-04 09:19:30.086,2.2. Фитинги за заваряване,Тройник 304L заварка (33.7х2) 1`,106506,00001451,M,L,L,бр.,,,5.49,0.0,0.0,,|1—тройник|2—33.7х2|,,N,1.0,2.0,,КРИСМЕТАЛ,3,,,1.5,,,,,,,,Y,0,,0.0,,,0.0,0.0,Y,Y,Y,N,173,,0.0,,,,,,,,,,,,0,0.0,0.0,0.0,,N
1682,12,1,2025-08-06 14:31:21.662,1319056518,2026-06-23 10:48:40.048,2.2. Фитинги за заваряване,Тройник 304L заварка (48.3х2) 1 1/2“,106508,00001450,M,L,L,бр.,,,8.615237,0.0,0.0,,|1—тройник|2—48.3х2|,,N,1.0,2.0,,КРИСМЕТАЛ,8,,,1.5,,,,,,,,Y,0,,0.0,,,0.0,0.0,Y,Y,Y,N,174,,0.0,,,,,,,,,,,,0,0.0,0.0,0.0,,N
1682,13,1,2025-08-19 10:16:43.774,1320962426,2026-06-23 10:48:40.048,2.2. Фитинги за заваряване,"Капа 304L (168,3х2) 6“",959729,00000612,M,L,L,бр.,,,18.171246999999997,0.0,0.0,0.0,,,P,0.0,0.0,,КРИСМЕТАЛ,,,,1.5,,,,,,,,Y,0,,0.0,,,0.0,0.0,Y,Y,Y,N,1362,,0.0,,,,,,,,,,,,0,0.0,0.0,0.0,,N
1682,14,1,2025-08-06 14:31:21.671,1320962426,2026-03-02 14:58:56.459,фитинги за заварки,тройник 304 106508 48.3х2,106508,00001449,M,L,L,бр.,,,6.4831810535680505,0.0,0.0,,|1—тройник 304|2—48.3х2|,,P,1.0,2.0,,,0,,,1.5,,,,,,,,Y,0,,0.0,,,0.0,0.0,Y,Y,Y,N,175,,0.0,,,,,,,,,,,,0,0.0,0.0,0.0,,N
1682,16,1,2025-08-06 14:31:21.686,1320962426,2026-03-02 14:58:56.475,фитинги за заварки,тръби нж.ст. 304 73800 168.3х2,73800,00001460,M,L,L,бр.,,,33.64300578271118,0.0,0.0,,|1—тръби нж.ст. 304|2—168.3х2|,,P,1.0,2.0,,,4,,,1.5,,,,,,,,Y,0,,0.0,,,0.0,0.0,Y,Y,Y,N,176,,0.0,,,,,,,,,,,,0,0.0,0.0,0.0,,N
1682,18,1,2025-08-06 14:31:21.693,1320962426,2026-03-02 14:58:56.506,фитинги за заварки,намалител зав. 102707 1 1/2х1/2,102707,00001354,M,L,L,бр.,,,6.386035596140769,0.0,0.0,,|1—намалител зав.|2—1 1/2х1/2|,,P,1.0,2.0,,,0,,,1.5,,,,,,,,Y,0,,0.0,,,0.0,0.0,Y,Y,Y,N,177,,0.0,,,,,,,,,,,,0,0.0,0.0,0.0,,N
1682,20,1,2025-08-06 14:31:21.705,1320962426,2026-03-02 14:58:56.522,фитинги за заварки,намалител зав. 102713 2х1,102713,00001355,M,L,L,бр.,,,8.155105505079684,0.0,0.0,,|1—намалител зав.|2—2х1|,,P,1.0,2.0,,,0,,,1.5,,,,,,,,Y,0,,0.0,,,0.0,0.0,Y,Y,Y,N,178,,0.0,,,,,,,,,,,,0,0.0,0.0,0.0,,N
1682,22,1,2025-08-06 14:31:21.720,1320962426,2026-03-02 14:58:56.553,фитинги за заварки,капа зав. 316 102662 114.3х2,102662,00001286,M,L,L,бр.,,,7.9863791842849325,0.0,0.0,,|1—капа зав. 316|2—114.3х2|,,P,1.0,2.0,,,0,,,1.5,,,,,,,,Y,0,,0.0,,,0.0,0.0,Y,Y,Y,N,179,,0.0,,,,,,,,,,,,0,0.0,0.0,0.0,,N
1683,0,1,2025-08-06 14:31:21.727,1319056445,2026-06-23 10:48:40.048,2.2. Фитинги за заваряване,"Капа 316L (219,1х2) 8“",102665,00001287,M,L,L,бр.,,,26.44,0.0,0.0,,|1—капа зав. 316|2—219.1х2|,,N,1.0,2.0,,КРИСМЕТАЛ,0,,,1.5,,,,,,,,Y,0,,0.0,,,0.0,0.0,Y,Y,Y,N,180,,0.0,,,,,,,,,,,,0,0.0,0.0,0.0,,N
1683,2,1,2025-08-06 14:31:21.735,1320962427,2026-03-02 14:58:56.584,фитинги за заварки,капа зав. 304 103217 12`,103217,00001284,M,L,L,бр.,,,102.2583762392437,0.0,0.0,,|1—капа зав. 304|2—12`|,,P,1.0,2.0,,,0,,,1.5,,,,,,,,Y,0,,0.0,,,0.0,0.0,Y,Y,Y,N,181,,0.0,,,,,,,,,,,,0,0.0,0.0,0.0,,N
1683,4,1,2025-08-06 14:31:21.742,1320962427,2026-03-02 14:58:56.600,фитинги за заварки,"капа зав. 304, 12` 103253 323.9х3",103253,00001285,M,L,L,бр.,,,66.46794455550841,0.0,0.0,,"|1—капа зав. 304, 12`|2—323.9х3|",,P,1.0,2.0,,,0,,,1.5,,,,,,,,Y,0,,0.0,,,0.0,0.0,Y,Y,Y,N,182,,0.0,,,,,,,,,,,,0,0.0,0.0,0.0,,N
1683,7,1,2025-08-06 14:31:21.757,1318841151,2026-06-17 08:20:27.756,М16,Болт с шест.гл. 8.8 vZn М16х60,00933 8801 16 60,00001241,M,L,L,бр.,,,0.32,0.0,0.0,,|1—болт цинк|2—М16х60|,,N,1.0,2.0,,ИТТ БЪЛГАРИЯ ЕООД,114,,,1.5,,,,,,,,Y,0,,0.0,,,0.0,0.0,Y,Y,Y,N,184,,0.0,,,,,,,,,,,,0,0.0,0.0,0.0,,N
1683,9,1,2025-08-06 14:31:21.765,1318834985,2026-06-16 14:08:35.823,М16,Болт с шест.гл. 8.8 vZn М16х40,00933 8801 16 40,00001238,M,L,L,бр.,,,0.245419,0.0,0.0,,|1—болт цинк|2—М16х40|,,N,1.0,2.0,,ИТТ БЪЛГАРИЯ ЕООД,34,,,1.5,,,,,,,,Y,0,,0.0,,,0.0,0.0,Y,Y,Y,N,185,,0.0,,,,,,,,,,,,0,0.0,0.0,0.0,,N
1683,11,1,2025-08-06 14:31:21.773,1319564128,2026-07-28 08:00:12.219,М16,Болт с шест.гл. 8.8 vZn М16х45,00933 8801 16 45,00001239,M,L,L,бр.,,,0.27,0.0,0.0,,|1—болт цинк|2—М16х45|,,N,1.0,2.0,,ИТТ БЪЛГАРИЯ ЕООД,110,,,1.5,,,,,,,,Y,0,,0.0,,,0.0,0.0,Y,Y,Y,N,186,,0.0,,,,,,,,,,,,0,0.0,0.0,0.0,,N
1683,13,1,2025-08-06 14:31:21.781,1318835066,2026-08-03 07:55:28.911,М16,Болт с шест.гл. 8.8 vZn М16х50,00933 8801 16 50,00001240,M,L,L,бр.,,,0.28120999999999996,0.0,0.0,,|1—болт цинк|2—М16х50|,,N,1.0,2.0,,ИТТ БЪЛГАРИЯ ЕООД,40,,,1.5,,,,,,,,Y,0,,0.0,,,0.0,0.0,Y,Y,Y,N,187,,0.0,,,,,,,,,,,,0,0.0,0.0,0.0,,N
1683,15,1,2025-08-06 14:31:21.790,1320962427,2026-03-27 13:58:11.267,М16,Гайка шест. 8 vZn М16,00934 8001 16,00001504,M,L,L,бр.,,,0.0,0.0,0.0,,|1—шестоъгълна гайка цинк|2—М16|,,P,1.0,2.0,,ИТТ БЪЛГАРИЯ ЕООД,168,,,1.5,,,,,,,,Y,0,,0.0,,,0.0,0.0,Y,Y,Y,N,188,,0.0,,,,,,,,,,,,0,0.0,0.0,0.0,,N
1683,17,1,2025-08-06 14:31:21.808,1318833590,2026-06-16 13:30:08.978,М16,Гайка самоос. 8 vZn М16,00985 8001 16,00001503,M,L,L,бр.,,,0.38,0.0,0.0,,|1—шестоъгълна гайка с уплътнение цинк|2—М16|,,N,1.0,2.0,,ИТТ БЪЛГАРИЯ ЕООД,145,,,1.5,,,,,,,,Y,0,,0.0,,,0.0,0.0,Y,Y,Y,N,189,,0.0,,,,,,,,,,,,0,0.0,0.0,0.0,,N
1683,19,1,2025-08-06 14:31:21.820,1319564254,2026-08-03 07:55:46.897,М16,Шайба подложна vZn М16,00125 0001 16,00001500,M,L,L,бр.,,,0.025564999999999997,0.0,0.0,,|1—шайба цинк|2—М16|,,N,1.0,2.0,,ИТТ БЪЛГАРИЯ ЕООД,608,,,1.5,,,,,,,,Y,0,,0.0,,,0.0,0.0,Y,Y,Y,N,190,,0.0,,,,,,,,,,,,0,0.0,0.0,0.0,,N
1683,21,1,2025-08-06 14:31:21.830,1320962427,2026-06-17 07:49:22.922,М16,Шайба с широка периферия vZn M16,09021 0001 16,00001506,M,L,L,бр.,,,0.0,0.0,0.0,,|1—широка шайба цинк|2—М16|,,N,1.0,2.0,,ИТТ БЪЛГАРИЯ ЕООД,182,,,1.5,,,,,,,,Y,0,,0.0,,,0.0,0.0,Y,Y,Y,N,191,,0.0,,,,,,,,,,,,0,0.0,0.0,0.0,,N
1683,23,1,2025-08-06 14:31:21.837,1321241257,2026-07-28 08:01:26.660,М16,Шайба пружинна-федер vZn М16,00127 0021 16,00001466,M,L,L,бр.,,,0.03,0.0,0.0,,|1—федер шайба цинк|2—М16|,,N,1.0,2.0,,ИТТ БЪЛГАРИЯ ЕООД,560,,,1.5,,,,,,,,Y,0,,0.0,,,0.0,0.0,Y,Y,Y,N,192,,0.0,,,,,,,,,,,,0,0.0,0.0,0.0,,N
1684,0,1,2025-08-06 14:31:21.846,1320962427,2026-06-23 15:48:37.701,М16,Болт с шест.гл. А2 М16х60,57371606002,00000400,M,L,L,бр.,,,0.0,0.0,0.0,,|1—А2 болт|2—М16х60|,,P,1.0,2.0,,ИТТ БЪЛГАРИЯ ЕООД,386,,,1.5,,,,,,,,Y,0,,0.0,,,0.0,0.0,Y,Y,Y,N,193,,0.0,,,,,,,,,,,,0,0.0,0.0,0.0,,N
1684,2,1,2025-08-06 14:31:21.861,1320962427,2026-06-23 15:48:37.654,М16,Гайка шест. А2 М16,55881600002,00000404,M,L,L,бр.,,,0.0,0.0,0.0,,|1—А2 гайка|2—М16|,,P,1.0,2.0,,ИТТ БЪЛГАРИЯ ЕООД,480,,,1.5,,,,,,,,Y,0,,0.0,,,0.0,0.0,Y,Y,Y,N,194,,0.0,,,,,,,,,,,,0,0.0,0.0,0.0,,N
1684,4,1,2025-08-06 14:31:21.869,1320962427,2026-06-23 15:48:37.608,М16,Шайба подложна А2 М16,1252170,00000409,M,L,L,бр.,,,0.0,0.0,0.0,,|1—А2 шайба|2—М16|,,P,1.0,2.0,,ИТТ БЪЛГАРИЯ ЕООД,919,,,1.5,,,,,,,,Y,0,,0.0,,,0.0,0.0,Y,Y,Y,N,195,,0.0,,,,,,,,,,,,0,0.0,0.0,0.0,,N
1684,6,1,2025-08-06 14:31:21.876,1320962427,2026-06-16 13:30:08.978,М16,Шайба пружинна А2 М16,127-2-16,00000406,M,L,L,бр.,,,0.0,0.0,0.0,,|1—А2 федер шайба|2—М16|,,P,1.0,2.0,,ИТТ БЪЛГАРИЯ ЕООД,463,,,1.5,,,,,,,,Y,0,,0.0,,,0.0,0.0,Y,Y,Y,N,196,,0.0,,,,,,,,,,,,0,0.0,0.0,0.0,,N
1684,7,1,2025-08-06 14:42:59.316,1320962427,2026-06-16 13:30:08.978,Машини,Флекс Bosch GWS17-125S,,00001145,M,L,L,бр.,,,0.0,0.0,0.0,,|1—Флекс|3—Bosch|4—GWS17-125S|5—производствен цех|,,Y,1.0,2.0,,,1,,,1.5,,,,,,,,Y,0,,0.0,,,0.0,0.0,Y,Y,Y,N,262,,0.0,,,,,,,323001071,,,,,0,0.0,0.0,0.0,,N
1684,9,1,2025-08-06 14:31:21.899,1318833318,2026-06-17 15:39:03.089,М12,Болт с шест.гл. 8.8 vZn М12х100,00933 8801 12 100,00001235,M,L,L,бр.,,,0.240306,0.0,0.0,,|1—болт цинк|2—М12х100|,,N,1.0,2.0,,ИТТ БЪЛГАРИЯ ЕООД,50,,,1.5,,,,,,,,Y,0,,0.0,,,0.0,0.0,Y,Y,Y,N,198,,0.0,,,,,,,,,,,,0,0.0,0.0,0.0,,N
1684,11,1,2025-08-06 14:31:21.907,1318833441,2026-06-16 13:37:14.711,М12,Болт с шест.гл. 8.8 vZn М12х60,00933 8801 12 60,00001252,M,L,L,бр.,,,0.1585,0.0,0.0,,|1—болт цинк|2—М12х60|,,N,1.0,2.0,,ИТТ БЪЛГАРИЯ ЕООД,16,,,1.5,,,,,,,,Y,0,,0.0,,,0.0,0.0,Y,Y,Y,N,199,,0.0,,,,,,,,,,,,0,0.0,0.0,0.0,,N
1684,13,1,2025-08-06 14:31:21.916,1318841150,2026-06-17 16:03:36.039,М12,Болт с шест.гл. 8.8 vZn М12х45,00933 8801 12 45,00001251,M,L,L,бр.,,,0.13,0.0,0.0,,|1—болт цинк|2—М12х45|,,N,1.0,2.0,,ИТТ БЪЛГАРИЯ ЕООД,200,,,1.5,,,,,,,,Y,0,,0.0,,,0.0,0.0,Y,Y,Y,N,200,,0.0,,,,,,,,,,,,0,0.0,0.0,0.0,,N
1684,15,1,2025-08-06 14:31:21.924,1318841150,2026-06-17 14:08:41.851,М12,Болт с шест.гл. 8.8 vZn М12х40,00933 8801 12 40,00001237,M,L,L,бр.,,,0.12,0.0,0.0,,|1—болт цинк|2—М12х40|,,N,50.0,50.0,,ИТТ БЪЛГАРИЯ ЕООД,103,,,1.5,,,,,,,,Y,0,,0.0,,,0.0,0.0,Y,Y,Y,N,201,,0.0,,,,,,,,,,,,0,0.0,0.0,0.0,,N
1684,17,1,2025-08-06 14:31:21.932,1319563947,2026-06-17 08:15:21.320,М12,Болт с шест.гл. 8.8 vZn М12х25,00933 8801 12 25,00001236,M,L,L,бр.,,,0.10011099999999999,0.0,0.0,,|1—болт цинк|2—М12х25|,,N,1.0,2.0,,ИТТ БЪЛГАРИЯ ЕООД,275,,,1.5,,,,,,,,Y,0,,0.0,,,0.0,0.0,Y,Y,Y,N,202,,0.0,,,,,,,,,,,,0,0.0,0.0,0.0,,N
1684,19,1,2025-08-06 14:31:21.939,1325255836,2026-07-24 08:08:20.483,М12,Гайка шест. 8 vZn М12,00934 8001 12,00001267,M,L,L,бр.,,,0.03,0.0,0.0,,|1—гайка цинк|2—М12|,,N,100.0,200.0,,ИТТ БЪЛГАРИЯ ЕООД,584,,,1.5,,,,,,,,Y,0,,0.0,,,0.0,0.0,Y,Y,Y,N,203,,0.0,,,,,,,,,,,,0,0.0,0.0,0.0,,N
1684,21,1,2025-08-06 14:31:21.948,1322057593,2026-07-07 08:22:10.928,ИТТ,Шайба пружинна vZn-М12,00127 0021 12,00001465,M,L,L,бр.,,,0.01,0.0,0.0,,|1—федер шайба цинк|2—М12|,,N,1.0,2.0,,ИТТ БЪЛГАРИЯ ЕООД,181,,,1.5,,,,,,,,Y,0,,0.0,,,0.0,0.0,Y,Y,Y,N,204,,0.0,,,,,,,,,,,,0,0.0,0.0,0.0,,N
1684,23,1,2025-08-06 14:31:21.956,1319563975,2026-06-17 16:03:57.443,М12,Шайба подложна vZn М12,00125 0001 12,00001499,M,L,L,бр.,,,0.01,0.0,0.0,,|1—шайба цинк|2—М12|,,N,1.0,2.0,,ИТТ БЪЛГАРИЯ ЕООД,781,,,1.5,,,,,,,,Y,0,,0.0,,,0.0,0.0,Y,Y,Y,N,205,,0.0,,,,,,,,,,,,0,0.0,0.0,0.0,,N
1685,0,1,2025-08-06 14:31:21.973,1320962427,2026-06-23 15:47:36.983,М12,Болт с шест.гл. А2 М12х50,00933 9200 12 50,00000399,M,L,L,бр.,,,0.0,0.0,0.0,,|1—А2 болт|2—М12х50|,,P,1.0,2.0,,ИТТ БЪЛГАРИЯ ЕООД,854,,,1.5,,,,,,,,Y,0,,0.0,,,0.0,0.0,Y,Y,Y,N,206,,0.0,,,,,,,,,,,,0,0.0,0.0,0.0,,N
1685,2,1,2025-08-06 14:31:21.982,1325255878,2026-06-23 15:47:36.936,М12,Гайка шест. А2 М12,00934 9200 12,00000403,M,L,L,бр.,,,0.0,0.0,0.0,,|1—А2 гайка|2—М12|,,P,100.0,200.0,,ИТТ БЪЛГАРИЯ ЕООД,770,,,1.5,,,,,,,,Y,0,,0.0,,,0.0,0.0,Y,Y,Y,N,207,,0.0,,,,,,,,,,,,0,0.0,0.0,0.0,,N
1685,4,1,2025-08-06 14:31:21.995,1320962427,2026-06-17 14:08:41.851,М12,Шайба подложна А2 М12,00125 9210 12,00000408,M,L,L,бр.,,,0.0,0.0,0.0,,|1—А2 шайба|2—М12|,,P,1.0,2.0,,ИТТ БЪЛГАРИЯ ЕООД,1815,,,1.5,,,,,,,,Y,0,,0.0,,,0.0,0.0,Y,Y,Y,N,208,,0.0,,,,,,,,,,,,0,0.0,0.0,0.0,,N
1685,6,1,2025-08-06 14:31:22.004,1320962427,2026-06-23 15:47:36.892,М12,Шайба пружинна А2 М12,1751120002,00000407,M,L,L,бр.,,,0.0,0.0,0.0,,|1—А2 федер шайба|2—М12|,,P,1.0,2.0,,ИТТ БЪЛГАРИЯ ЕООД,513,,,1.5,,,,,,,,Y,0,,0.0,,,0.0,0.0,Y,Y,Y,N,209,,0.0,,,,,,,,,,,,0,0.0,0.0,0.0,,N
1685,8,1,2025-08-06 14:31:22.012,1320962427,2026-06-23 15:47:37.030,М12,Болт с шест.гл. А2 М12х100,5739121002,00000401,M,L,L,бр.,,,0.0,0.0,0.0,,|1—А2 болт|2—М12х100|,,P,1.0,2.0,,ИТТ БЪЛГАРИЯ ЕООД,69,,,1.5,,,,,,,,Y,0,,0.0,,,0.0,0.0,Y,Y,Y,N,210,,0.0,,,,,,,,,,,,0,0.0,0.0,0.0,,N
1685,9,1,2025-08-06 14:42:59.325,1320962427,2026-06-16 13:30:08.978,Машини,Флекс Bosch GWS9-125S 0,,00001149,M,L,L,бр.,,,0.0,0.0,0.0,,|1—Флекс|3—Bosch|4—GWS9-125S|5—производствен цех|,,Y,1.0,2.0,,,1,,,1.5,,,,,,,,Y,0,,0.0,,,0.0,0.0,Y,Y,Y,N,263,,0.0,,,,,,,123061469,,,,,0,0.0,0.0,0.0,,N
1685,11,1,2025-08-06 14:31:22.032,1321349703,2026-06-17 14:08:41.851,М6,Болт с шест.гл. 8.8 vZn М6х90,00933 8801 6 90,00001246,M,L,L,бр.,,,0.08,0.0,0.0,,|1—болт цинк|2—М6х90|,,N,1.0,2.0,,ИТТ БЪЛГАРИЯ ЕООД,188,,,1.5,,,,,,,,Y,0,,0.0,,,0.0,0.0,Y,Y,Y,N,212,,0.0,,,,,,,,,,,,0,0.0,0.0,0.0,,N
1685,13,1,2025-08-06 14:31:22.040,1319563716,2026-06-17 14:08:41.851,М6,Болт с шест.гл. 8.8 vZn М6х70,00933 8801 6 70,00001255,M,L,L,бр.,,,0.0453,0.0,0.0,,|1—болт цинк|2—М6х70|,,N,1.0,2.0,,ИТТ БЪЛГАРИЯ ЕООД,147,,,1.5,,,,,,,,Y,0,,0.0,,,0.0,0.0,Y,Y,Y,N,213,,0.0,,,,,,,,,,,,0,0.0,0.0,0.0,,N
1685,15,1,2025-08-06 14:31:22.055,1321349690,2026-06-17 14:08:41.851,М6,Болт с шест.гл. 8.8 vZn М6х65,VE200 093300600650008201,00001245,M,L,L,бр.,,,0.05,0.0,0.0,,|1—болт цинк|2—М6х65|,,N,1.0,2.0,,ИТТ БЪЛГАРИЯ ЕООД,200,,,1.5,,,,,,,,Y,0,,0.0,,,0.0,0.0,Y,Y,Y,N,214,,0.0,,,,,,,,,,,,0,0.0,0.0,0.0,,N
1685,17,1,2025-08-06 14:31:22.062,1318841149,2026-06-17 14:08:41.851,М6,Болт с шест.гл. 8.8 vZn М6х60,00933 8801 6 60,00001244,M,L,L,бр.,,,0.04,0.0,0.0,,|1—болт цинк|2—М6х60|,,N,1.0,2.0,,ИТТ БЪЛГАРИЯ ЕООД,58,,,1.5,,,,,,,,Y,0,,0.0,,,0.0,0.0,Y,Y,Y,N,215,,0.0,,,,,,,,,,,,0,0.0,0.0,0.0,,N
1685,19,1,2025-08-06 14:31:22.080,1321349745,2026-06-17 15:27:06.414,М6,Болт с шест.гл. 8.8 vZn М6х50,00933 8801 6 50,00001254,M,L,L,бр.,,,0.04,0.0,0.0,,|1—болт цинк|2—М6х50|,,N,1.0,2.0,,ИТТ БЪЛГАРИЯ ЕООД,108,,,1.5,,,,,,,,Y,0,,0.0,,,0.0,0.0,Y,Y,Y,N,216,,0.0,,,,,,,,,,,,0,0.0,0.0,0.0,,N
1685,21,1,2025-08-06 14:31:22.089,1318836852,2026-06-17 14:08:41.851,М6,Болт с шест.гл. 8.8 vZn М6х35,00933 8801 6 35,00001253,M,L,L,бр.,,,0.0245,0.0,0.0,,|1—болт цинк|2—М6х35|,,N,1.0,2.0,,ИТТ БЪЛГАРИЯ ЕООД,490,,,1.5,,,,,,,,Y,0,,0.0,,,0.0,0.0,Y,Y,Y,N,217,,0.0,,,,,,,,,,,,0,0.0,0.0,0.0,,N
1685,23,1,2025-08-06 14:31:22.097,1318841149,2026-06-17 14:08:41.851,М6,Болт с шест.гл. 8.8 vZn М6х25,00933 8801 6 25,00001243,M,L,L,бр.,,,0.02,0.0,0.0,,|1—болт цинк|2—М6х25|,,N,1.0,2.0,,ИТТ БЪЛГАРИЯ ЕООД,135,,,1.5,,,,,,,,Y,0,,0.0,,,0.0,0.0,Y,Y,Y,N,218,,0.0,,,,,,,,,,,,0,0.0,0.0,0.0,,N
1686,0,1,2025-08-06 14:31:22.106,1321241119,2026-07-27 13:31:08.314,М6,Болт с шест.гл. 8.8 vZn М6х16,00933 8801 6 16,00001242,M,L,L,бр.,,,0.01,0.0,0.0,,|1—болт цинк|2—М6х16|,,N,1.0,2.0,,ИТТ БЪЛГАРИЯ ЕООД,500,,,1.5,,,,,,,,Y,0,,0.0,,,0.0,0.0,Y,Y,Y,N,219,,0.0,,,,,,,,,,,,0,0.0,0.0,0.0,,N
1686,2,1,2025-08-06 14:31:22.125,1321349719,2026-06-17 14:08:41.851,М6,Винт с лещ.гл. 4.8 vZn М6х35,07985 4801 6 35,00001257,M,L,L,бр.,,,0.02,0.0,0.0,,|1—винт звезда цинк|2—М6х35|,,N,1.0,2.0,,ИТТ БЪЛГАРИЯ ЕООД,500,,,1.5,,,,,,,,Y,0,,0.0,,,0.0,0.0,Y,Y,Y,N,220,,0.0,,,,,,,,,,,,0,0.0,0.0,0.0,,N
1686,4,1,2025-08-06 14:31:22.133,1321349635,2026-06-17 14:08:41.851,М6,Винт с лещ.гл. 4.8 vZn М6х16,07985 4801 6 16,00001256,M,L,L,бр.,,,0.01,0.0,0.0,,|1—винт звезда цинк|2—М6х16|,,N,1.0,2.0,,ИТТ БЪЛГАРИЯ ЕООД,450,,,1.5,,,,,,,,Y,0,,0.0,,,0.0,0.0,Y,Y,Y,N,221,,0.0,,,,,,,,,,,,0,0.0,0.0,0.0,,N
1686,6,1,2025-08-06 14:31:22.141,1321241150,2026-06-17 14:08:41.851,М6,Винт с върт.шест. 8.8 vZn М6х60,00912 8801 6 60,00001258,M,L,L,бр.,,,0.05,0.0,0.0,,|1—винт с върт.шестостен цинк|2—М6х60|,,N,1.0,2.0,,ИТТ БЪЛГАРИЯ ЕООД,77,,,1.5,,,,,,,,Y,0,,0.0,,,0.0,0.0,Y,Y,Y,N,222,,0.0,,,,,,,,,,,,0,0.0,0.0,0.0,,N
1686,8,1,2025-08-06 14:31:22.149,1319563759,2026-07-27 13:32:09.528,М6,Шайба подложна vZn М6,00125 0001 6,00001501,M,L,L,бр.,,,0.01,0.0,0.0,,|1—шайба цинк|2—М6|,,N,1.0,2.0,,ИТТ БЪЛГАРИЯ ЕООД,626,,,1.5,,,,,,,,Y,0,,0.0,,,0.0,0.0,Y,Y,Y,N,223,,0.0,,,,,,,,,,,,0,0.0,0.0,0.0,,N
1686,10,1,2025-08-06 14:31:22.157,1321241202,2026-06-16 14:08:35.823,М6,Шайба пружинна vZn М6,00127 0021 6,00001467,M,L,L,бр.,,,0.01,0.0,0.0,,|1—федер шайба цинк|2—М6|,,N,1.0,2.0,,ИТТ БЪЛГАРИЯ ЕООД,83,,,1.5,,,,,,,,Y,0,,0.0,,,0.0,0.0,Y,Y,Y,N,224,,0.0,,,,,,,,,,,,0,0.0,0.0,0.0,,N
1686,12,1,2025-08-06 14:31:22.172,1320962427,2026-03-27 13:58:34.235,М6,Шайба с широка периферия vZn М6,09021 0001 6,00001508,M,L,L,бр.,,,0.0,0.0,0.0,,|1—широка шайба цинк|2—М6|,,P,1.0,2.0,,ИТТ БЪЛГАРИЯ ЕООД,168,,,1.5,,,,,,,,Y,0,,0.0,,,0.0,0.0,Y,Y,Y,N,225,,0.0,,,,,,,,,,,,0,0.0,0.0,0.0,,N
1686,14,1,2025-08-06 14:31:22.191,1318841149,2026-07-27 13:32:43.026,М6,Гайка самоос. 8 vZn М6,00985 8001 6,00001263,M,L,L,бр.,,,0.03,0.0,0.0,,|1—гайка с уплътнение цинк|2—М6|,,N,1.0,2.0,,ИТТ БЪЛГАРИЯ ЕООД,90,,,1.5,,,,,,,,Y,0,,0.0,,,0.0,0.0,Y,Y,Y,N,226,,0.0,,,,,,,,,,,,0,0.0,0.0,0.0,,N
1686,16,1,2025-08-06 14:31:22.199,1321241162,2026-06-17 14:08:41.851,М6,Гайка шест. 8 vZn М6,00934 8001 6,00001262,M,L,L,бр.,,,0.01,0.0,0.0,,|1—гайка|2—М6|,,N,1.0,2.0,,ИТТ БЪЛГАРИЯ ЕООД,486,,,1.5,,,,,,,,Y,0,,0.0,,,0.0,0.0,Y,Y,Y,N,227,,0.0,,,,,,,,,,,,0,0.0,0.0,0.0,,N
1686,17,1,2025-08-06 14:42:59.340,1320962427,2026-06-16 13:30:08.978,Машини,Циркуляр Metabo KGS305M,,00001175,M,L,L,бр.,,,0.0,0.0,0.0,,|1—Циркуляр|3—Metabo|4—KGS305M|5—производствен цех|,,Y,1.0,2.0,,,1,,,1.5,,,,,,,,Y,0,,0.0,,,0.0,0.0,Y,Y,Y,N,264,,0.0,,,,,,,19305000,,,,,0,0.0,0.0,0.0,,N
1686,19,1,2025-08-06 14:31:22.220,1321851383,2026-08-03 07:54:47.333,М10,Болт с шест.гл. 8.8 vZn М10х45,00933 8801 10 45,00001250,M,L,L,бр.,,,0.1,0.0,0.0,,|1—болт цинк|2—М10х45|,,N,50.0,50.0,,ИТТ БЪЛГАРИЯ ЕООД,140,,,1.5,,,,,,,,Y,0,,0.0,,,0.0,0.0,Y,Y,Y,N,229,,0.0,,,,,,,,,,,,0,0.0,0.0,0.0,,N
1686,21,1,2025-08-06 14:31:22.226,1318833089,2026-06-17 15:45:29.119,М10,Болт с шест.гл. 8.8 vZn М10х40,00933 8801 10 40,00001234,M,L,L,бр.,,,0.086919,0.0,0.0,,|1—болт цинк|2—М10х40|,,N,50.0,50.0,,ИТТ БЪЛГАРИЯ ЕООД,50,,,1.5,,,,,,,,Y,0,,0.0,,,0.0,0.0,Y,Y,Y,N,230,,0.0,,,,,,,,,,,,0,0.0,0.0,0.0,,N
1686,23,1,2025-08-06 14:31:22.247,1318833073,2026-06-17 14:08:41.851,М10,Болт с шест.гл. 8.8 vZn М10х30,00933 8801 10 30,00001233,M,L,L,бр.,,,0.07158099999999999,0.0,0.0,,|1—болт цинк|2—М10х30|,,N,50.0,50.0,,ИТТ БЪЛГАРИЯ ЕООД,0,,,1.5,,,,,,,,Y,0,,0.0,,,0.0,0.0,Y,Y,Y,N,231,,0.0,,,,,,,,,,,,0,0.0,0.0,0.0,,N
1688,0,1,2025-08-06 14:31:22.255,1322654534,2026-06-16 13:30:08.978,М10,Болт с шест.гл. А2 М10х30,00933 9200 10 30,00000398,M,L,L,бр.,,,0.0,0.0,0.0,,|1—А2 болт|2—М10х30|,,N,1.0,2.0,,ИТТ БЪЛГАРИЯ ЕООД,40,,,1.5,,,,,,,,Y,0,,0.0,,,0.0,0.0,Y,Y,Y,N,232,,0.0,,,,,,,,,,,,0,0.0,0.0,0.0,,N
1688,2,1,2025-08-06 14:31:22.272,1335160757,2026-07-24 08:10:07.039,М10,Гайка шест. 8 vZn М10,00934 8001 10,00001266,M,L,L,бр.,,,0.0201,0.0,0.0,,|1—гайка цинк|2—М10|,,N,50.0,50.0,,ИТТ БЪЛГАРИЯ ЕООД,78,,,1.5,,,,,,,,Y,0,,0.0,,,0.0,0.0,Y,Y,Y,N,233,,0.0,,,,,,,,,,,,0,0.0,0.0,0.0,,N
1688,4,1,2025-08-06 14:31:22.281,1318841150,2026-08-03 07:55:14.532,М10,Шайба подложна vZn М10,00125 0001 10,00001498,M,L,L,бр.,,,0.01,0.0,0.0,,|1—шайба цинк|2—М10|,,N,50.0,50.0,,ИТТ БЪЛГАРИЯ ЕООД,79,,,1.5,,,,,,,,Y,0,,0.0,,,0.0,0.0,Y,Y,Y,N,234,,0.0,,,,,,,,,,,,0,0.0,0.0,0.0,,N
1688,6,1,2025-08-06 14:31:22.288,1321851410,2026-06-16 13:30:08.978,М10,Шайба с широка периферия vZn М10,09021 0001 10,00001505,M,L,L,бр.,,,0.02,0.0,0.0,,|1—широка шайба|2—М10|,,N,50.0,50.0,,ИТТ БЪЛГАРИЯ ЕООД,100,,,1.5,,,,,,,,Y,0,,0.0,,,0.0,0.0,Y,Y,Y,N,235,,0.0,,,,,,,,,,,,0,0.0,0.0,0.0,,N
1688,8,1,2025-08-06 14:31:22.297,1322654567,2026-06-16 13:30:08.978,М10,Гайка шест. А2 М10,00934 9200 10,00000402,M,L,L,бр.,,,0.0,0.0,0.0,,|1—А2 гайка|2—М10|,,N,1.0,2.0,,ИТТ БЪЛГАРИЯ ЕООД,53,,,1.5,,,,,,,,Y,0,,0.0,,,0.0,0.0,Y,Y,Y,N,236,,0.0,,,,,,,,,,,,0,0.0,0.0,0.0,,N
1688,10,1,2025-08-06 14:31:22.304,1322654571,2026-06-16 13:30:08.978,М10,Шайба пружинна А2 М10,00127 9220 10,00000405,M,L,L,бр.,,,0.0,0.0,0.0,,|1—А2 федер шайба|2—М10|,,N,1.0,2.0,,ИТТ БЪЛГАРИЯ ЕООД,13,,,1.5,,,,,,,,Y,0,,0.0,,,0.0,0.0,Y,Y,Y,N,237,,0.0,,,,,,,,,,,,0,0.0,0.0,0.0,,N
1688,11,1,2025-08-06 14:42:59.358,1320962427,2026-06-16 13:30:08.978,Машини,Ексцентършлайф Bosch GEX 125-1 AE,,00000519,M,L,L,бр.,,,0.0,0.0,0.0,,|1—Ексцентършлайф|3—Bosch|4—GEX 125-1 AE|5—производствен цех|,,Y,1.0,2.0,,,1,,,1.5,,,,,,,,Y,0,,0.0,,,0.0,0.0,Y,Y,Y,N,265,,0.0,,,,,,,327001725,,,,,0,0.0,0.0,0.0,,N
1688,13,1,2025-08-06 14:31:22.335,1318837248,2026-07-10 09:52:43.409,М8,Болт с шест.гл. 8.8 vZn М8х25,00933 8801 8 25,00001249,M,L,L,бр.,,,0.040852,0.0,0.0,,|1—болт цинк|2—М8х25|,,N,1.0,2.0,,ИТТ БЪЛГАРИЯ ЕООД,92,,,1.5,,,,,,,,Y,0,,0.0,,,0.0,0.0,Y,Y,Y,N,239,,0.0,,,,,,,,,,,,0,0.0,0.0,0.0,,N
1688,15,1,2025-08-06 14:31:22.349,1318837236,2026-06-17 15:28:35.520,М8,Болт с шест.гл. 8.8 vZn М8х20,00933 8801 8 20,00001248,M,L,L,бр.,,,0.035789999999999995,0.0,0.0,,|1—болт цинк|2—М8х20|,,N,1.0,2.0,,ИТТ БЪЛГАРИЯ ЕООД,34,,,1.5,,,,,,,,Y,0,,0.0,,,0.0,0.0,Y,Y,Y,N,240,,0.0,,,,,,,,,,,,0,0.0,0.0,0.0,,N
1688,17,1,2025-08-06 14:31:22.360,1319260131,2026-07-10 09:55:53.330,М8,Болт с шест.гл. 8.8 vZn М8х16,00933 8801 8 16,00001247,M,L,L,бр.,,,0.03,0.0,0.0,,|1—болт цинк|2—М8х16|,,N,1.0,2.0,,ИТТ БЪЛГАРИЯ ЕООД,65,,,1.5,,,,,,,,Y,0,,0.0,,,0.0,0.0,Y,Y,Y,N,241,,0.0,,,,,,,,,,,,0,0.0,0.0,0.0,,N
1688,19,1,2025-08-06 14:31:22.374,1319260124,2026-07-10 09:55:18.219,М8,Гайка шест. 8 vZn М8,00934 8001 8,00001268,M,L,L,бр.,,,0.01,0.0,0.0,,|1—гайка цинк|2—М8|,,N,1.0,2.0,,ИТТ БЪЛГАРИЯ ЕООД,506,,,1.5,,,,,,,,Y,0,,0.0,,,0.0,0.0,Y,Y,Y,N,242,,0.0,,,,,,,,,,,,0,0.0,0.0,0.0,,N
1688,21,1,2025-08-06 14:31:22.382,1321241325,2026-06-17 15:36:43.947,М8,Шайба подложна vZn М8,00125 0001 8,00001502,M,L,L,бр.,,,0.01,0.0,0.0,,|1—шайба цинк|2—М8|,,N,50.0,50.0,,ИТТ БЪЛГАРИЯ ЕООД,112,,,1.5,,,,,,,,Y,0,,0.0,,,0.0,0.0,Y,Y,Y,N,243,,0.0,,,,,,,,,,,,0,0.0,0.0,0.0,,N
1688,23,1,2025-08-06 14:31:22.394,1318837307,2026-07-10 09:55:21.829,М8,Шайба с широка периферия vZn М8,09021 0001 8,00001509,M,L,L,бр.,,,0.0164,0.0,0.0,,|1—широка шайба цинк|2—М8|,,N,1.0,2.0,,ИТТ БЪЛГАРИЯ ЕООД,184,,,1.5,,,,,,,,Y,0,,0.0,,,0.0,0.0,Y,Y,Y,N,244,,0.0,,,,,,,,,,,,0,0.0,0.0,0.0,,N
1689,0,1,2025-08-06 14:31:22.403,1318841150,2026-07-10 09:55:25.532,М8,Шайба пружинна vZn М8,00127 0021 8,00001468,M,L,L,бр.,,,0.01,0.0,0.0,,|1—федер шайба цинк|2—М8|,,N,1.0,2.0,,ИТТ БЪЛГАРИЯ ЕООД,188,,,1.5,,,,,,,,Y,0,,0.0,,,0.0,0.0,Y,Y,Y,N,245,,0.0,,,,,,,,,,,,0,0.0,0.0,0.0,,N
1689,1,1,2025-08-06 14:42:59.381,1320962427,2026-06-16 13:30:08.978,Машини,Машина за полиране Bosch GPO14CE,,00000729,M,L,L,бр.,,,0.0,0.0,0.0,,|1—Машина за полиране|3—Bosch|4—GPO14CE|5—производствен цех|,,Y,1.0,2.0,,,1,,,1.5,,,,,,,,Y,0,,0.0,,,0.0,0.0,Y,Y,Y,N,266,,0.0,,,,,,,328055617,,,,,0,0.0,0.0,0.0,,N
1689,3,1,2025-08-06 14:31:22.423,1320962427,2026-06-16 14:08:35.823,М5,Винт с лещ.гл. 4.8 vZn М5х25,07985 4801 5 25,00001333,M,L,L,бр.,,,0.0,0.0,0.0,,|1—кръстат винт цинк|2—М5х25|,,N,1.0,2.0,,ИТТ БЪЛГАРИЯ ЕООД,465,,,1.5,,,,,,,,Y,0,,0.0,,,0.0,0.0,Y,Y,Y,N,247,,0.0,,,,,,,,,,,,0,0.0,0.0,0.0,,N
1689,5,1,2025-08-06 14:31:22.431,1320962427,2026-06-16 14:08:35.823,М5,Винт с лещ.гл. 4.8 vZn М5х20,07985 4801 5 20,00001331,M,L,L,бр.,,,0.0,0.0,0.0,,|1—кръстат винт цинк|2—М5х20|,,N,1.0,2.0,,ИТТ БЪЛГАРИЯ ЕООД,497,,,1.5,,,,,,,,Y,0,,0.0,,,0.0,0.0,Y,Y,Y,N,248,,0.0,,,,,,,,,,,,0,0.0,0.0,0.0,,N
1689,7,1,2025-08-06 14:31:22.439,1323440917,2026-06-16 14:08:35.823,М5,Винт с лещ.гл. 4.8 vZn М5х16,09785 4801 5 16,00001330,M,L,L,бр.,,,0.0,0.0,0.0,,|1—кръстат винт цинк|2—М5х16|,,N,1.0,2.0,,ИТТ БЪЛГАРИЯ ЕООД,480,,,1.5,,,,,,,,Y,0,,0.0,,,0.0,0.0,Y,Y,Y,N,249,,0.0,,,,,,,,,,,,0,0.0,0.0,0.0,,N
1689,9,1,2025-08-06 14:31:22.447,1320962427,2026-06-16 14:08:35.823,М5,Винт с лещ.гл. 4.8 vZn М5х12,07985 4801 5 12,00001332,M,L,L,бр.,,,0.0,0.0,0.0,,|1—кръстат винт цинк|2—М5х12|,,N,1.0,2.0,,ИТТ БЪЛГАРИЯ ЕООД,500,,,1.5,,,,,,,,Y,0,,0.0,,,0.0,0.0,Y,Y,Y,N,250,,0.0,,,,,,,,,,,,0,0.0,0.0,0.0,,N
1689,11,1,2025-08-06 14:31:22.455,1320962427,2026-06-17 14:08:41.851,М5,"Винт самопр. vZn М5,5х32",07504 0071 55 32,00001422,M,L,L,бр.,,,0.0,0.0,0.0,,"|1—самопробивен винт цинк|2—М5,5х70|",,N,1.0,2.0,,ИТТ БЪЛГАРИЯ ЕООД,138,,,1.5,,,,,,,,Y,0,,0.0,,,0.0,0.0,Y,Y,Y,N,251,,0.0,,,,,,,,,,,,0,0.0,0.0,0.0,,N
1689,13,1,2025-08-06 14:31:22.467,1320962428,2026-06-16 13:30:08.978,М5,Шайба с широка периферия vZn М5,09021 0001 5,00001507,M,L,L,бр.,,,0.0,0.0,0.0,,|1—широка шайба цинк|2—М5|,,N,1.0,2.0,,ИТТ БЪЛГАРИЯ ЕООД,200,,,1.5,,,,,,,,Y,0,,0.0,,,0.0,0.0,Y,Y,Y,N,252,,0.0,,,,,,,,,,,,0,0.0,0.0,0.0,,N
1689,15,1,2025-08-06 14:31:22.476,1320962428,2026-07-07 08:20:58.329,ИТТ,"самопробивен винт цинк  М 4,8х50",75040071,00001421,M,L,L,бр.,,,0.0,0.0,0.0,,"|1—самопробивен винт цинк|2—М 4,8х50|",,P,1.0,2.0,,ИТТ БЪЛГАРИЯ ЕООД,75,,,1.5,,,,,,,,Y,0,,0.0,,,0.0,0.0,Y,Y,Y,N,253,,0.0,,,,,,,,,,,,0,0.0,0.0,0.0,,N
1689,17,1,2025-08-06 14:42:59.399,1320962428,2026-06-16 13:30:08.978,Машини,Флекс Sparky,,00001150,M,L,L,бр.,,,0.0,0.0,0.0,,|1—Флекс|3—Sparky|5—производствен цех|,,N,1.0,2.0,,,1,,,1.5,,,,,,,,Y,0,,0.0,,,0.0,0.0,Y,Y,Y,N,267,,0.0,,,,,,,,,,,,0,0.0,0.0,0.0,,N
1689,19,1,2025-08-06 14:42:59.409,1320962428,2026-06-16 13:30:08.978,Машини,Машина за заостряне на волфрамови електроди Delt,,00000728,M,L,L,бр.,,,0.0,0.0,0.0,,|1—Машина за заостряне на волфрамови електроди|3—Deltech|4—RDD-M02|5—производствен цех|,,Y,1.0,2.0,,,1,,,1.5,,,,,,,,Y,0,,0.0,,,0.0,0.0,Y,Y,Y,N,268,,0.0,,,,,,,SN2021010,,,,,0,0.0,0.0,0.0,,N
1689,21,1,2025-08-06 14:42:59.422,1320962428,2026-06-16 13:30:08.978,Машини,Пневматичен винтоверт Raider RD-AD02,,00000874,M,L,L,бр.,,,0.0,0.0,0.0,,|1—Пневматичен винтоверт|3—Raider|4—RD-AD02|5—производствен цех|,,Y,1.0,2.0,,,1,,,1.5,,,,,,,,Y,0,,0.0,,,0.0,0.0,Y,Y,Y,N,269,,0.0,,,,,,,80103,,,,,0,0.0,0.0,0.0,,N
1691,0,1,2025-08-06 14:42:59.431,1320962428,2026-06-16 13:30:08.978,Машини,Зеге Sparky,,00000541,M,L,L,бр.,,,0.0,0.0,0.0,,|1—Зеге|3—Sparky|5—производствен цех|,,N,1.0,2.0,,,1,,,1.5,,,,,,,,Y,0,,0.0,,,0.0,0.0,Y,Y,Y,N,270,,0.0,,,,,,,,,,,,0,0.0,0.0,0.0,,N
1691,2,1,2025-08-06 14:42:59.446,1320962428,2026-06-16 13:30:08.978,Машини,Мултицет Elitmex UT131C,,00000742,M,L,L,бр.,,,0.0,0.0,0.0,,|1—Мултицет|3—Elitmex|4—UT131C|5—производствен цех|,,N,1.0,2.0,,,1,,,1.5,,,,,,,,Y,0,,0.0,,,0.0,0.0,Y,Y,Y,N,271,,0.0,,,,,,,,,,,,0,0.0,0.0,0.0,,N
1691,4,1,2025-08-06 14:42:59.457,1320962428,2026-06-16 13:30:08.978,Машини,Пистолет за топъл въздух Daewoo DAHG 2000,,00000841,M,L,L,бр.,,,0.0,0.0,0.0,,|1—Пистолет за топъл въздух|3—Daewoo|4—DAHG 2000|5—производствен цех|,,Y,1.0,2.0,,,1,,,1.5,,,,,,,,Y,0,,0.0,,,0.0,0.0,Y,Y,Y,N,272,,0.0,,,,,,,DHG0650PRBUL2106,,,,,0,0.0,0.0,0.0,,N
1691,6,1,2025-08-06 14:42:59.469,1320962428,2026-06-16 13:30:08.978,Машини,Лазерен нивелир Bosch Quingo Plus,,00000698,M,L,L,бр.,,,0.0,0.0,0.0,,|1—Лазерен нивелир|3—Bosch|4—Quingo Plus|5—производствен цех|,,Y,1.0,2.0,,,1,,,1.5,,,,,,,,Y,0,,0.0,,,0.0,0.0,Y,Y,Y,N,273,,0.0,,,,,,,324032899,,,,,0,0.0,0.0,0.0,,N
1691,8,1,2025-08-06 14:42:59.477,1320962428,2026-06-16 13:30:08.978,Машини,Електронен шублер,,00000523,M,L,L,бр.,,,0.0,0.0,0.0,,|1—Електронен шублер|5—производствен цех|,,N,1.0,2.0,,,1,,,1.5,,,,,,,,Y,0,,0.0,,,0.0,0.0,Y,Y,Y,N,274,,0.0,,,,,,,,,,,,0,0.0,0.0,0.0,,N
1691,10,1,2025-08-06 14:42:59.486,1320962428,2026-06-16 13:30:08.978,Машини,Перфоратор Bosch GBH 2-24D,,00000833,M,L,L,бр.,,,0.0,0.0,0.0,,|1—Перфоратор|3—Bosch|4—GBH 2-24D|5—производствен цех|,,Y,1.0,2.0,,,1,,,1.5,,,,,,,,Y,0,,0.0,,,0.0,0.0,Y,Y,Y,N,275,,0.0,,,,,,,3611BA0000,,,,,0,0.0,0.0,0.0,,N
1691,12,1,2025-08-06 14:42:59.495,1320962428,2026-06-16 13:30:08.978,Машини,Бормашина Metabo BEV 1300-2,,00000438,M,L,L,бр.,,,0.0,0.0,0.0,,|1—Бормашина|3—Metabo|4—BEV 1300-2|5—производствен цех|,,Y,1.0,2.0,,,1,,,1.5,,,,,,,,Y,0,,0.0,,,0.0,0.0,Y,Y,Y,N,276,,0.0,,,,,,,574000,,,,,0,0.0,0.0,0.0,,N
1691,14,1,2025-08-06 14:42:59.505,1320962428,2026-06-16 13:30:08.978,Машини,Лепачка за тръби Total TT328151,,00000708,M,L,L,бр.,,,0.0,0.0,0.0,,|1—Лепачка за тръби|3—Total|4—TT328151|5—производствен цех|,,Y,1.0,2.0,,,1,,,1.5,,,,,,,,Y,0,,0.0,,,0.0,0.0,Y,Y,Y,N,277,,0.0,,,,,,,24137910792,,,,,0,0.0,0.0,0.0,,N
1691,16,1,2025-08-06 14:42:59.517,1320962428,2026-06-16 13:30:08.978,Машини,Перфоратор Makita DHR241,,00000834,M,L,L,бр.,,,0.0,0.0,0.0,,|1—Перфоратор|3—Makita|4—DHR241|5—хале|,,Y,1.0,2.0,,,1,,,1.5,,,,,,,,Y,0,,0.0,,,0.0,0.0,Y,Y,Y,N,278,,0.0,,,,,,,0503327Y,,,,,0,0.0,0.0,0.0,,N
1691,18,1,2025-08-06 14:42:59.527,1320962428,2026-06-16 13:30:08.978,Машини,Импакт Makita DTD152,,00000546,M,L,L,бр.,,,0.0,0.0,0.0,,|1—Импакт|3—Makita|4—DTD152|5—хале|,,Y,1.0,2.0,,,1,,,1.5,,,,,,,,Y,0,,0.0,,,0.0,0.0,Y,Y,Y,N,279,,0.0,,,,,,,395879N,,,,,0,0.0,0.0,0.0,,N
1691,20,1,2025-08-06 14:42:59.537,1320962428,2026-06-16 13:30:08.978,Машини,Бормашина Parkside PSBM1100B1,,00000439,M,L,L,бр.,,,0.0,0.0,0.0,,|1—Бормашина|3—Parkside|4—PSBM1100B1|5—хале|,,Y,1.0,2.0,,,1,,,1.5,,,,,,,,Y,0,,0.0,,,0.0,0.0,Y,Y,Y,N,280,,0.0,,,,,,,87202,,,,,0,0.0,0.0,0.0,,N
1691,22,1,2025-08-06 14:42:59.554,1320962428,2026-06-16 13:30:08.978,Машини,Фреза Makita N5900B,,00001151,M,L,L,бр.,,,0.0,0.0,0.0,,|1—Фреза|3—Makita|4—N5900B|5—хале|,,Y,1.0,2.0,,,1,,,1.5,,,,,,,,Y,0,,0.0,,,0.0,0.0,Y,Y,Y,N,281,,0.0,,,,,,,1354710,,,,,0,0.0,0.0,0.0,,N
1693,0,1,2025-08-06 14:42:59.570,1320962428,2026-06-16 13:30:08.978,Машини,Ампер клещи Uni-t UT230R,,00000419,M,L,L,бр.,,,0.0,0.0,0.0,,|1—Ампер клещи|3—Uni-t|4—UT230R|5—хале|,,Y,1.0,2.0,,,1,,,1.5,,,,,,,,Y,0,,0.0,,,0.0,0.0,Y,Y,Y,N,282,,0.0,,,,,,,C220357502,,,,,0,0.0,0.0,0.0,,N
1693,2,1,2025-08-06 14:42:59.579,1320962428,2026-06-16 13:30:08.978,Машини,Ампер клещи Uni-t UT230R 1,,00000420,M,L,L,бр.,,,0.0,0.0,0.0,,|1—Ампер клещи|3—Uni-t|4—UT230R|5—хале|,,Y,1.0,2.0,,,1,,,1.5,,,,,,,,Y,0,,0.0,,,0.0,0.0,Y,Y,Y,N,283,,0.0,,,,,,,C220357511,,,,,0,0.0,0.0,0.0,,N
1693,4,1,2025-08-06 14:42:59.587,1320962428,2026-06-16 13:30:08.978,Машини,Ампер клещи Uni-t UT230R 2,,00000421,M,L,L,бр.,,,0.0,0.0,0.0,,|1—Ампер клещи|3—Uni-t|4—UT230R|5—хале|,,Y,1.0,2.0,,,1,,,1.5,,,,,,,,Y,0,,0.0,,,0.0,0.0,Y,Y,Y,N,284,,0.0,,,,,,,C220357514,,,,,0,0.0,0.0,0.0,,N
1693,6,1,2025-08-06 14:42:59.597,1320962428,2026-06-16 13:30:08.978,Машини,Ампер клещи Total TMT46003,,00000418,M,L,L,бр.,,,0.0,0.0,0.0,,|1—Ампер клещи|3—Total|4—TMT46003|5—хале|,,Y,1.0,2.0,,,1,,,1.5,,,,,,,,Y,0,,0.0,,,0.0,0.0,Y,Y,Y,N,285,,0.0,,,,,,,H12B-G010591,,,,,0,0.0,0.0,0.0,,N
1693,8,1,2025-08-06 14:42:59.611,1320962428,2026-06-16 13:30:08.978,Машини,Лазерен термометър Infrared DT8016H,,00000699,M,L,L,бр.,,,0.0,0.0,0.0,,|1—Лазерен термометър|3—Infrared|4—DT8016H|5—хале|,,Y,1.0,2.0,,,1,,,1.5,,,,,,,,Y,0,,0.0,,,0.0,0.0,Y,Y,Y,N,286,,0.0,,,,,,,210636056,,,,,0,0.0,0.0,0.0,,N
1693,10,1,2025-08-06 14:42:59.619,1320962428,2026-06-16 13:30:08.978,Машини,Електронен шублер 3,,00000524,M,L,L,бр.,,,0.0,0.0,0.0,,|1—Електронен шублер|5—хале|,,N,1.0,2.0,,,1,,,1.5,,,,,,,,Y,0,,0.0,,,0.0,0.0,Y,Y,Y,N,287,,0.0,,,,,,,,,,,,0,0.0,0.0,0.0,,N
1693,12,1,2025-08-06 14:42:59.628,1320962428,2026-06-16 13:30:08.978,Машини,Манометър Bauihr 5110,,00000726,M,L,L,бр.,,,0.0,0.0,0.0,,|1—Манометър|3—Bauihr|4—5110|5—хале|,,Y,1.0,2.0,,,1,,,1.5,,,,,,,,Y,0,,0.0,,,0.0,0.0,Y,Y,Y,N,288,,0.0,,,,,,,MAN-277,,,,,0,0.0,0.0,0.0,,N
1693,14,1,2025-08-06 14:42:59.648,1320962428,2026-06-16 13:30:08.978,Машини,Пистолет за топъл въздух Stainel,,00000842,M,L,L,бр.,,,0.0,0.0,0.0,,|1—Пистолет за топъл въздух|3—Stainel|5—хале|,,Y,1.0,2.0,,,1,,,1.5,,,,,,,,Y,0,,0.0,,,0.0,0.0,Y,Y,Y,N,289,,0.0,,,,,,,SN506000660,,,,,0,0.0,0.0,0.0,,N
1693,16,1,2025-08-06 14:42:59.666,1320962428,2026-06-16 13:30:08.978,Машини,Виноверт Bavaria BCD14,,00000452,M,L,L,бр.,,,0.0,0.0,0.0,,|1—Виноверт|3—Bavaria|4—BCD14|5—хале|,,Y,1.0,2.0,,,1,,,1.5,,,,,,,,Y,0,,0.0,,,0.0,0.0,Y,Y,Y,N,290,,0.0,,,,,,,01BG-14-2026,,,,,0,0.0,0.0,0.0,,N
1693,18,1,2025-08-06 14:42:59.675,1320962428,2026-06-16 13:30:08.978,Машини,Зеге Raider RDP-JS21,,00000540,M,L,L,бр.,,,0.0,0.0,0.0,,|1—Зеге|3—Raider|4—RDP-JS21|5—хале|,,Y,1.0,2.0,,,1,,,1.5,,,,,,,,Y,0,,0.0,,,0.0,0.0,Y,Y,Y,N,291,,0.0,,,,,,,50201,,,,,0,0.0,0.0,0.0,,N
1693,20,1,2025-08-06 14:42:59.684,1320962428,2026-06-16 13:30:08.978,Машини,Дигитален термометър PeakTeck 5110,,00000509,M,L,L,бр.,,,0.0,0.0,0.0,,|1—Дигитален термометър|3—PeakTeck|4—5110|5—хале|,,Y,1.0,2.0,,,1,,,1.5,,,,,,,,Y,0,,0.0,,,0.0,0.0,Y,Y,Y,N,292,,0.0,,,,,,,200204430,,,,,0,0.0,0.0,0.0,,N
1693,22,1,2025-08-06 14:42:59.693,1320962428,2026-06-16 13:30:08.978,Машини,Мултицет Schneider IMT23202,,00000743,M,L,L,бр.,,,0.0,0.0,0.0,,|1—Мултицет|3—Schneider|4—IMT23202|5—хале|,,Y,1.0,2.0,,,1,,,1.5,,,,,,,,Y,0,,0.0,,,0.0,0.0,Y,Y,Y,N,293,,0.0,,,,,,,8A-2021-11-23,,,,,0,0.0,0.0,0.0,,N
1694,0,1,2025-08-06 14:42:59.705,1320962428,2026-06-16 13:30:08.978,Машини,Мултишлайф Dremel 4000,,00000745,M,L,L,бр.,,,0.0,0.0,0.0,,|1—Мултишлайф|3—Dremel|4—4000|5—хале|,,Y,1.0,2.0,,,1,,,1.5,,,,,,,,Y,0,,0.0,,,0.0,0.0,Y,Y,Y,N,294,,0.0,,,,,,,F013400046,,,,,0,0.0,0.0,0.0,,N
1694,2,1,2025-08-06 14:42:59.714,1320962428,2026-06-16 13:30:08.978,Машини,Електрическа отвертка Makita DF011D,,00000521,M,L,L,бр.,,,0.0,0.0,0.0,,|1—Електрическа отвертка|3—Makita|4—DF011D|5—хале|,,Y,1.0,2.0,,,1,,,1.5,,,,,,,,Y,0,,0.0,,,0.0,0.0,Y,Y,Y,N,295,,0.0,,,,,,,6854,,,,,0,0.0,0.0,0.0,,N
1694,4,1,2025-08-06 14:42:59.723,1320962428,2026-06-16 13:30:08.978,Машини,Електрическа отвертка Makita,,00000520,M,L,L,бр.,,,0.0,0.0,0.0,,|1—Електрическа отвертка|3—Makita|5—хале|,,Y,1.0,2.0,,,1,,,1.5,,,,,,,,Y,0,,0.0,,,0.0,0.0,Y,Y,Y,N,296,,0.0,,,,,,,0569316Y,,,,,0,0.0,0.0,0.0,,N
1694,6,1,2025-08-06 14:42:59.740,1320962428,2026-06-16 13:30:08.978,Машини,Газ детектор писалка,,00000475,M,L,L,бр.,,,0.0,0.0,0.0,,|1—Газ детектор|3—писалка|5—хале|,,N,1.0,2.0,,,1,,,1.5,,,,,,,,Y,0,,0.0,,,0.0,0.0,Y,Y,Y,N,297,,0.0,,,,,,,,,,,,0,0.0,0.0,0.0,,N
1694,8,1,2025-08-06 14:42:59.750,1320962428,2026-06-16 13:30:08.978,Машини,Газ анализатор Testo 300 633300250,,00000474,M,L,L,бр.,,,0.0,0.0,0.0,,|1—Газ анализатор|3—Testo 300|4—633300250|5—хале/склад|,,Y,1.0,2.0,,,1,,,1.5,,,,,,,,Y,0,,0.0,,,0.0,0.0,Y,Y,Y,N,298,,0.0,,,,,,,62649073,,,,,0,0.0,0.0,0.0,,N
1694,10,1,2025-08-06 14:42:59.760,1320962428,2026-06-16 13:30:08.978,Производствен цех - инструменти,Количка с инструменти Unior,,00000649,M,L,L,бр.,,,0.0,0.0,0.0,,|1—Количка с инструменти|3—Unior|5—производствен цех|,,N,1.0,2.0,,,1,,,1.5,,,,,,,,Y,0,,0.0,,,0.0,0.0,Y,Y,Y,N,299,,0.0,,,,,,,,,,,,0,0.0,0.0,0.0,,N
1694,12,1,2025-08-06 14:42:59.768,1320962428,2026-06-16 13:30:08.978,Производствен цех - инструменти,Чук гумен,,00001187,M,L,L,бр.,,,0.0,0.0,0.0,,|1—Чук гумен|5—производствен цех|,,N,1.0,2.0,,,2,,,1.5,,,,,,,,Y,0,,0.0,,,0.0,0.0,Y,Y,Y,N,300,,0.0,,,,,,,,,,,,0,0.0,0.0,0.0,,N
1694,14,1,2025-08-06 14:42:59.779,1320962428,2026-06-16 13:30:08.978,Производствен цех - инструменти,Тръбен ключ Top Master 18`,,00001117,M,L,L,бр.,,,0.0,0.0,0.0,,|1—Тръбен ключ|3—Top Master|4—18`|5—производствен цех|,,N,1.0,2.0,,,2,,,1.5,,,,,,,,Y,0,,0.0,,,0.0,0.0,Y,Y,Y,N,301,,0.0,,,,,,,,,,,,0,0.0,0.0,0.0,,N
1694,16,1,2025-08-06 14:42:59.788,1320962428,2026-06-16 13:30:08.978,Производствен цех - инструменти,Макетен нож Premium,,00000721,M,L,L,бр.,,,0.0,0.0,0.0,,|1—Макетен нож|3—Premium|5—производствен цех|,,N,1.0,2.0,,,1,,,1.5,,,,,,,,Y,0,,0.0,,,0.0,0.0,Y,Y,Y,N,302,,0.0,,,,,,,,,,,,0,0.0,0.0,0.0,,N
1694,18,1,2025-08-06 14:42:59.806,1320962428,2026-06-16 13:30:08.978,Производствен цех - инструменти,Отвертки Vorel права,,00000813,M,L,L,бр.,,,0.0,0.0,0.0,,|1—Отвертки|3—Vorel|4—права|5—производствен цех|,,N,1.0,2.0,,,1,,,1.5,,,,,,,,Y,0,,0.0,,,0.0,0.0,Y,Y,Y,N,303,,0.0,,,,,,,,,,,,0,0.0,0.0,0.0,,N
1694,20,1,2025-08-06 14:42:59.821,1320962429,2026-06-16 13:30:08.978,Производствен цех - инструменти,Кримпващи клещи Hanlong,,00000690,M,L,L,бр.,,,0.0,0.0,0.0,,|1—Кримпващи клещи|3—Hanlong|5—производствен цех|,,N,1.0,2.0,,,1,,,1.5,,,,,,,,Y,0,,0.0,,,0.0,0.0,Y,Y,Y,N,304,,0.0,,,,,,,,,,,,0,0.0,0.0,0.0,,N
1694,22,1,2025-08-06 14:42:59.842,1320962429,2026-06-16 13:30:08.978,Производствен цех - инструменти,Гаечен ключ раздвижен Stanley 8mm-14mm,,00000473,M,L,L,бр.,,,0.0,0.0,0.0,,|1—Гаечен ключ раздвижен|3—Stanley|4—8mm-14mm|5—производствен цех|,,N,1.0,2.0,,,1,,,1.5,,,,,,,,Y,0,,0.0,,,0.0,0.0,Y,Y,Y,N,305,,0.0,,,,,,,,,,,,0,0.0,0.0,0.0,,N
1698,0,1,2025-08-06 14:42:59.850,1320962429,2026-06-16 13:30:08.978,Производствен цех - инструменти,Комплект шестограми Haogong,,00000660,M,L,L,бр.,,,0.0,0.0,0.0,,|1—Комплект шестограми|3—Haogong|5—производствен цех|,,N,1.0,2.0,,,1,,,1.5,,,,,,,,Y,0,,0.0,,,0.0,0.0,Y,Y,Y,N,306,,0.0,,,,,,,,,,,,0,0.0,0.0,0.0,,N
1698,2,1,2025-08-06 14:42:59.859,1320962429,2026-06-16 13:30:08.978,Производствен цех - инструменти,Комплект шестограми Parkside,,00000661,M,L,L,бр.,,,0.0,0.0,0.0,,|1—Комплект шестограми|3—Parkside|5—производствен цех|,,N,1.0,2.0,,,1,,,1.5,,,,,,,,Y,0,,0.0,,,0.0,0.0,Y,Y,Y,N,307,,0.0,,,,,,,,,,,,0,0.0,0.0,0.0,,N
1698,4,1,2025-08-06 14:42:59.874,1320962429,2026-06-16 13:30:08.978,Производствен цех - инструменти,Мултицет Elimex UT131C C222183700,,00000741,M,L,L,бр.,,,0.0,0.0,0.0,,|1—Мултицет|3—Elimex UT131C|4—C222183700|5—производствен цех|,,N,1.0,2.0,,,1,,,1.5,,,,,,,,Y,0,,0.0,,,0.0,0.0,Y,Y,Y,N,308,,0.0,,,,,,,,,,,,0,0.0,0.0,0.0,,N
1698,6,1,2025-08-06 14:42:59.883,1320962429,2026-06-16 13:30:08.978,Производствен цех - инструменти,Резач за кабели Total,,00000943,M,L,L,бр.,,,0.0,0.0,0.0,,|1—Резач за кабели|3—Total|5—производствен цех|,,N,1.0,2.0,,,1,,,1.5,,,,,,,,Y,0,,0.0,,,0.0,0.0,Y,Y,Y,N,309,,0.0,,,,,,,,,,,,0,0.0,0.0,0.0,,N
1698,8,1,2025-08-06 14:42:59.893,1320962429,2026-06-16 13:30:08.978,Производствен цех - инструменти,Раздвижен ключ Knipex SW68 2 1/2`,,00000930,M,L,L,бр.,,,0.0,0.0,0.0,,|1—Раздвижен ключ|3—Knipex SW68|4—2 1/2`|5—производствен цех|,,N,1.0,2.0,,,1,,,1.5,,,,,,,,Y,0,,0.0,,,0.0,0.0,Y,Y,Y,N,310,,0.0,,,,,,,,,,,,0,0.0,0.0,0.0,,N
1698,10,1,2025-08-06 14:42:59.904,1320962429,2026-06-16 13:30:08.978,Производствен цех - инструменти,Тръбен ключ Rothenberger 7.0123/ 1 1/2` 45? `S`,,00001116,M,L,L,бр.,,,0.0,0.0,0.0,,|1—Тръбен ключ|3—Rothenberger|4—7.0123/ 1 1/2` 45` `S`|5—производствен цех|,,N,1.0,2.0,,,1,,,1.5,,,,,,,,Y,0,,0.0,,,0.0,0.0,Y,Y,Y,N,311,,0.0,,,,,,,,,,,,0,0.0,0.0,0.0,,N
1698,12,1,2025-08-06 14:42:59.919,1320962429,2026-06-16 13:30:08.978,Производствен цех - инструменти,Тръбен ключ Gross 1/2`,,00001115,M,L,L,бр.,,,0.0,0.0,0.0,,|1—Тръбен ключ|3—Gross|4—1/2`|5—производствен цех|,,N,1.0,2.0,,,1,,,1.5,,,,,,,,Y,0,,0.0,,,0.0,0.0,Y,Y,Y,N,312,,0.0,,,,,,,,,,,,0,0.0,0.0,0.0,,N
1698,14,1,2025-08-06 14:42:59.928,1320962429,2026-06-16 13:30:08.978,Производствен цех - инструменти,Клещи резачки Knipex,,00000645,M,L,L,бр.,,,0.0,0.0,0.0,,|1—Клещи резачки|3—Knipex|5—производствен цех|,,N,1.0,2.0,,,1,,,1.5,,,,,,,,Y,0,,0.0,,,0.0,0.0,Y,Y,Y,N,313,,0.0,,,,,,,,,,,,0,0.0,0.0,0.0,,N
1698,16,1,2025-08-06 14:42:59.937,1320962429,2026-06-16 13:30:08.978,Производствен цех - инструменти,Клещи резачки Suki,,00000648,M,L,L,бр.,,,0.0,0.0,0.0,,|1—Клещи резачки|3—Suki|5—производствен цех|,,N,1.0,2.0,,,1,,,1.5,,,,,,,,Y,0,,0.0,,,0.0,0.0,Y,Y,Y,N,314,,0.0,,,,,,,,,,,,0,0.0,0.0,0.0,,N
1698,18,1,2025-08-06 14:42:59.952,1320962429,2026-06-16 13:30:08.978,Производствен цех - инструменти,Телена четка Spid,,00001056,M,L,L,бр.,,,0.0,0.0,0.0,,|1—Телена четка|3—Spid|5—производствен цех|,,N,1.0,2.0,,,4,,,1.5,,,,,,,,Y,0,,0.0,,,0.0,0.0,Y,Y,Y,N,315,,0.0,,,,,,,,,,,,0,0.0,0.0,0.0,,N
1698,20,1,2025-08-06 14:42:59.962,1320962429,2026-06-16 13:30:08.978,Производствен цех - инструменти,Телена четка кръгла,,00001057,M,L,L,бр.,,,0.0,0.0,0.0,,|1—Телена четка кръгла|5—производствен цех|,,N,1.0,2.0,,,10,,,1.5,,,,,,,,Y,0,,0.0,,,0.0,0.0,Y,Y,Y,N,316,,0.0,,,,,,,,,,,,0,0.0,0.0,0.0,,N
1698,22,1,2025-08-06 15:08:42.942,1320962429,2026-06-16 13:30:08.978,Машини,Мултицет V&A VA19,,00000744,M,L,L,бр.,,,0.0,0.0,0.0,0.0,|1—Мултицет|3—V&A|4—VA19|5—хале|,,N,10.0,15.0,,,,,,1.5,,,,,,,,Y,0,,0.0,,,0.0,0.0,Y,Y,Y,N,452,,0.0,,,,,,,,,,,,0,0.0,0.0,0.0,,N
1700,0,1,2025-08-06 14:42:59.977,1320962429,2026-06-16 13:30:08.978,Производствен цех - инструменти,Ролетка Sola 3m,,00000970,M,L,L,бр.,,,0.0,0.0,0.0,,|1—Ролетка|3—Sola|4—3m|5—производствен цех|,,N,1.0,2.0,,,4,,,1.5,,,,,,,,Y,0,,0.0,,,0.0,0.0,Y,Y,Y,N,317,,0.0,,,,,,,,,,,,0,0.0,0.0,0.0,,N
1700,2,1,2025-08-06 14:42:59.988,1320962429,2026-06-16 13:30:08.978,Производствен цех - инструменти,Ролетка Sola 5m,,00000971,M,L,L,бр.,,,0.0,0.0,0.0,,|1—Ролетка|3—Sola|4—5m|5—производствен цех|,,N,1.0,2.0,,,1,,,1.5,,,,,,,,Y,0,,0.0,,,0.0,0.0,Y,Y,Y,N,318,,0.0,,,,,,,,,,,,0,0.0,0.0,0.0,,N
1700,4,1,2025-08-06 14:42:59.998,1320962429,2026-06-16 13:30:08.978,Производствен цех - инструменти,Ролетка Profi + 5m,,00000969,M,L,L,бр.,,,0.0,0.0,0.0,,|1—Ролетка|3—Profi +|4—5m|5—производствен цех|,,N,1.0,2.0,,,1,,,1.5,,,,,,,,Y,0,,0.0,,,0.0,0.0,Y,Y,Y,N,319,,0.0,,,,,,,,,,,,0,0.0,0.0,0.0,,N
1700,6,1,2025-08-06 14:43:00.047,1320962429,2026-06-16 13:30:08.978,Производствен цех - инструменти,Клещи Top Master жълти,,00000637,M,L,L,бр.,,,0.0,0.0,0.0,,|1—Клещи|3—Top Master|4—жълти|5—производствен цех|,,N,1.0,2.0,,,1,,,1.5,,,,,,,,Y,0,,0.0,,,0.0,0.0,Y,Y,Y,N,320,,0.0,,,,,,,,,,,,0,0.0,0.0,0.0,,N
1700,8,1,2025-08-06 14:43:00.059,1320962429,2026-06-16 13:30:08.978,Производствен цех - инструменти,Клещи други,,00000640,M,L,L,бр.,,,0.0,0.0,0.0,,|1—Клещи|3—други|5—производствен цех|,,N,1.0,2.0,,,1,,,1.5,,,,,,,,Y,0,,0.0,,,0.0,0.0,Y,Y,Y,N,321,,0.0,,,,,,,,,,,,0,0.0,0.0,0.0,,N
1700,10,1,2025-08-06 14:43:00.068,1320962429,2026-06-16 13:30:08.978,Производствен цех - инструменти,Шублер други,,00001226,M,L,L,бр.,,,0.0,0.0,0.0,,|1—Шублер|3—други|5—производствен цех|,,N,1.0,2.0,,,2,,,1.5,,,,,,,,Y,0,,0.0,,,0.0,0.0,Y,Y,Y,N,322,,0.0,,,,,,,,,,,,0,0.0,0.0,0.0,,N
1700,12,1,2025-08-06 14:43:00.081,1320962429,2026-06-16 13:30:08.978,Производствен цех - инструменти,Стегни други,,00001002,M,L,L,бр.,,,0.0,0.0,0.0,,|1—Стегни|3—други|5—производствен цех|,,N,1.0,2.0,,,15,,,1.5,,,,,,,,Y,0,,0.0,,,0.0,0.0,Y,Y,Y,N,323,,0.0,,,,,,,,,,,,0,0.0,0.0,0.0,,N
1700,14,1,2025-08-06 14:43:00.099,1320962429,2026-06-16 13:30:08.978,Производствен цех - инструменти,Стегни други 4,,00001003,M,L,L,бр.,,,0.0,0.0,0.0,,|1—Стегни|3—други|5—производствен цех|,,N,1.0,2.0,,,2,,,1.5,,,,,,,,Y,0,,0.0,,,0.0,0.0,Y,Y,Y,N,324,,0.0,,,,,,,,,,,,0,0.0,0.0,0.0,,N
1700,16,1,2025-08-06 14:43:00.119,1320962429,2026-06-16 13:30:08.978,Производствен цех - инструменти,Стегни Top Master,,00001000,M,L,L,бр.,,,0.0,0.0,0.0,,|1—Стегни|3—Top Master|5—производствен цех|,,N,1.0,2.0,,,1,,,1.5,,,,,,,,Y,0,,0.0,,,0.0,0.0,Y,Y,Y,N,325,,0.0,,,,,,,,,,,,0,0.0,0.0,0.0,,N
1700,18,1,2025-08-06 14:43:00.147,1320962429,2026-06-16 13:30:08.978,Производствен цех - инструменти,Стегни Wolfcraft,,00001001,M,L,L,бр.,,,0.0,0.0,0.0,,|1—Стегни|3—Wolfcraft|5—производствен цех|,,N,1.0,2.0,,,2,,,1.5,,,,,,,,Y,0,,0.0,,,0.0,0.0,Y,Y,Y,N,326,,0.0,,,,,,,,,,,,0,0.0,0.0,0.0,,N
1700,20,1,2025-08-06 14:43:00.156,1320962429,2026-06-16 13:30:08.978,Производствен цех - инструменти,Чирак Profi,,00001182,M,L,L,бр.,,,0.0,0.0,0.0,,|1—Чирак|3—Profi|5—производствен цех|,,N,1.0,2.0,,,1,,,1.5,,,,,,,,Y,0,,0.0,,,0.0,0.0,Y,Y,Y,N,327,,0.0,,,,,,,,,,,,0,0.0,0.0,0.0,,N
1700,22,1,2025-08-06 14:43:00.164,1320962429,2026-06-16 13:30:08.978,Производствен цех - инструменти,Чирак други,,00001183,M,L,L,бр.,,,0.0,0.0,0.0,,|1—Чирак|3—други|5—производствен цех|,,N,1.0,2.0,,,1,,,1.5,,,,,,,,Y,0,,0.0,,,0.0,0.0,Y,Y,Y,N,328,,0.0,,,,,,,,,,,,0,0.0,0.0,0.0,,N
1701,0,1,2025-08-06 14:43:00.176,1320962429,2026-06-16 13:30:08.978,Производствен цех - инструменти,Чирак други 5,,00001185,M,L,L,бр.,,,0.0,0.0,0.0,,|1—Чирак|3—други|5—производствен цех|,,N,1.0,2.0,,,2,,,1.5,,,,,,,,Y,0,,0.0,,,0.0,0.0,Y,Y,Y,N,329,,0.0,,,,,,,,,,,,0,0.0,0.0,0.0,,N
1701,2,1,2025-08-06 14:43:00.191,1320962429,2026-06-16 13:30:08.978,Производствен цех - инструменти,Клещи за тръби Total,,00000642,M,L,L,бр.,,,0.0,0.0,0.0,,|1—Клещи за тръби|3—Total|5—производствен цех|,,N,1.0,2.0,,,2,,,1.5,,,,,,,,Y,0,,0.0,,,0.0,0.0,Y,Y,Y,N,330,,0.0,,,,,,,,,,,,0,0.0,0.0,0.0,,N
1701,4,1,2025-08-06 14:43:00.201,1320962429,2026-06-16 13:30:08.978,Производствен цех - инструменти,Пила други,,00000840,M,L,L,бр.,,,0.0,0.0,0.0,,|1—Пила|3—други|5—производствен цех|,,N,1.0,2.0,,,3,,,1.5,,,,,,,,Y,0,,0.0,,,0.0,0.0,Y,Y,Y,N,331,,0.0,,,,,,,,,,,,0,0.0,0.0,0.0,,N
1701,6,1,2025-08-06 14:43:00.210,1320962429,2026-06-16 13:30:08.978,Производствен цех - инструменти,Клещи армировъчни други,,00000639,M,L,L,бр.,,,0.0,0.0,0.0,,|1—Клещи армировъчни|3—други|5—производствен цех|,,N,1.0,2.0,,,1,,,1.5,,,,,,,,Y,0,,0.0,,,0.0,0.0,Y,Y,Y,N,332,,0.0,,,,,,,,,,,,0,0.0,0.0,0.0,,N
1701,8,1,2025-08-06 14:43:00.219,1320962429,2026-06-16 13:30:08.978,Производствен цех - инструменти,Сандък система за електрохимично почистване,,00000976,M,L,L,бр.,,,0.0,0.0,0.0,,|1—Сандък система за електрохимично почистване|5—производствен цех|,,N,1.0,2.0,,,1,,,1.5,,,,,,,,Y,0,,0.0,,,0.0,0.0,Y,Y,Y,N,333,,0.0,,,,,,,,,,,,0,0.0,0.0,0.0,,N
1701,10,1,2025-08-06 14:43:00.228,1320962429,2026-06-16 13:30:08.978,Производствен цех - инструменти,Ножица за ламарина Total,,00000786,M,L,L,бр.,,,0.0,0.0,0.0,,|1—Ножица за ламарина|3—Total|5—производствен цех|,,N,1.0,2.0,,,1,,,1.5,,,,,,,,Y,0,,0.0,,,0.0,0.0,Y,Y,Y,N,334,,0.0,,,,,,,,,,,,0,0.0,0.0,0.0,,N
1701,12,1,2025-08-06 14:43:00.242,1320962429,2026-06-16 13:30:08.978,Производствен цех - инструменти,Антифони,,00000424,M,L,L,бр.,,,0.0,0.0,0.0,,|1—Антифони|5—производствен цех|,,N,1.0,2.0,,,3,,,1.5,,,,,,,,Y,0,,0.0,,,0.0,0.0,Y,Y,Y,N,335,,0.0,,,,,,,,,,,,0,0.0,0.0,0.0,,N
1701,14,1,2025-08-06 14:43:00.255,1320962429,2026-06-16 13:30:08.978,Хале  - инструменти,Отвертки Powerfix права,,00000811,M,L,L,бр.,,,0.0,0.0,0.0,,|1—Отвертки|3—Powerfix|4—права|5—хале|,,N,1.0,2.0,,,1,,,1.5,,,,,,,,Y,0,,0.0,,,0.0,0.0,Y,Y,Y,N,336,,0.0,,,,,,,,,,,,0,0.0,0.0,0.0,,N
1701,16,1,2025-08-06 14:43:00.264,1320962429,2026-06-16 13:30:08.978,Хале  - инструменти,Отвертки други права,,00000819,M,L,L,бр.,,,0.0,0.0,0.0,,|1—Отвертки|3—други|4—права|5—хале|,,N,1.0,2.0,,,2,,,1.5,,,,,,,,Y,0,,0.0,,,0.0,0.0,Y,Y,Y,N,337,,0.0,,,,,,,,,,,,0,0.0,0.0,0.0,,N
1701,18,1,2025-08-06 14:43:00.279,1320962429,2026-06-16 13:30:08.978,Хале  - инструменти,Отвертки Parkside мини права,,00000809,M,L,L,бр.,,,0.0,0.0,0.0,,|1—Отвертки|3—Parkside|4—мини права|5—хале|,,N,1.0,2.0,,,1,,,1.5,,,,,,,,Y,0,,0.0,,,0.0,0.0,Y,Y,Y,N,338,,0.0,,,,,,,,,,,,0,0.0,0.0,0.0,,N
1701,20,1,2025-08-06 14:43:00.288,1320962429,2026-06-16 13:30:08.978,Хале  - инструменти,Отвертки мини права,,00000822,M,L,L,бр.,,,0.0,0.0,0.0,,|1—Отвертки|4—мини права|5—хале|,,N,1.0,2.0,,,1,,,1.5,,,,,,,,Y,0,,0.0,,,0.0,0.0,Y,Y,Y,N,339,,0.0,,,,,,,,,,,,0,0.0,0.0,0.0,,N
1701,22,1,2025-08-06 14:43:00.301,1320962429,2026-06-16 13:30:08.978,Хале  - инструменти,Отвертки други фазомер,,00000820,M,L,L,бр.,,,0.0,0.0,0.0,,|1—Отвертки|3—други|4—фазомер|5—хале|,,N,1.0,2.0,,,1,,,1.5,,,,,,,,Y,0,,0.0,,,0.0,0.0,Y,Y,Y,N,340,,0.0,,,,,,,,,,,,0,0.0,0.0,0.0,,N
1702,0,1,2025-08-06 14:43:00.310,1320962429,2026-06-16 13:30:08.978,Хале  - инструменти,Отвертки Unior 629 TBI SW 10x125 права,,00000812,M,L,L,бр.,,,0.0,0.0,0.0,,|1—Отвертки|3—Unior|4—629 TBI SW 10x125 права|5—хале|,,N,1.0,2.0,,,1,,,1.5,,,,,,,,Y,0,,0.0,,,0.0,0.0,Y,Y,Y,N,341,,0.0,,,,,,,,,,,,0,0.0,0.0,0.0,,N
1702,2,1,2025-08-06 14:43:00.322,1320962430,2026-06-16 13:30:08.978,Хале  - инструменти,Отвертки други кръстати,,00000817,M,L,L,бр.,,,0.0,0.0,0.0,,|1—Отвертки|3—други|4—кръстати|5—хале|,,N,1.0,2.0,,,3,,,1.5,,,,,,,,Y,0,,0.0,,,0.0,0.0,Y,Y,Y,N,342,,0.0,,,,,,,,,,,,0,0.0,0.0,0.0,,N
1702,4,1,2025-08-06 14:43:00.332,1320962430,2026-06-16 13:30:08.978,Хале  - инструменти,Отвертки Parkside кръстата,,00000808,M,L,L,бр.,,,0.0,0.0,0.0,,|1—Отвертки|3—Parkside|4—кръстата|5—хале|,,N,1.0,2.0,,,2,,,1.5,,,,,,,,Y,0,,0.0,,,0.0,0.0,Y,Y,Y,N,343,,0.0,,,,,,,,,,,,0,0.0,0.0,0.0,,N
1702,6,1,2025-08-06 14:43:00.351,1320962430,2026-06-16 13:30:08.978,Хале  - инструменти,Отвертки мини кръстата,,00000821,M,L,L,бр.,,,0.0,0.0,0.0,,|1—Отвертки|4—мини кръстата|5—хале|,,N,1.0,2.0,,,1,,,1.5,,,,,,,,Y,0,,0.0,,,0.0,0.0,Y,Y,Y,N,344,,0.0,,,,,,,,,,,,0,0.0,0.0,0.0,,N
1702,8,1,2025-08-06 14:43:00.360,1320962430,2026-06-16 13:30:08.978,Хале  - инструменти,Отвертки Gross кръстата,,00000806,M,L,L,бр.,,,0.0,0.0,0.0,,|1—Отвертки|3—Gross|4—кръстата|5—хале|,,N,1.0,2.0,,,1,,,1.5,,,,,,,,Y,0,,0.0,,,0.0,0.0,Y,Y,Y,N,345,,0.0,,,,,,,,,,,,0,0.0,0.0,0.0,,N
1702,10,1,2025-08-06 14:43:00.371,1320962430,2026-06-16 13:30:08.978,Хале  - инструменти,Отвертки Ceta Form кръстата,,00000804,M,L,L,бр.,,,0.0,0.0,0.0,,|1—Отвертки|3—Ceta Form|4—кръстата|5—хале|,,N,1.0,2.0,,,2,,,1.5,,,,,,,,Y,0,,0.0,,,0.0,0.0,Y,Y,Y,N,346,,0.0,,,,,,,,,,,,0,0.0,0.0,0.0,,N
1702,12,1,2025-08-06 14:43:00.389,1320962430,2026-06-16 13:30:08.978,Хале  - инструменти,Отвертки Force кръстата,,00000805,M,L,L,бр.,,,0.0,0.0,0.0,,|1—Отвертки|3—Force|4—кръстата|5—хале|,,N,1.0,2.0,,,1,,,1.5,,,,,,,,Y,0,,0.0,,,0.0,0.0,Y,Y,Y,N,347,,0.0,,,,,,,,,,,,0,0.0,0.0,0.0,,N
1702,14,1,2025-08-06 14:43:00.401,1320962430,2026-06-16 13:30:08.978,Хале  - инструменти,Отвертки Mr.Bricolage кръстата,,00000807,M,L,L,бр.,,,0.0,0.0,0.0,,|1—Отвертки|3—Mr.Bricolage|4—кръстата|5—хале|,,N,1.0,2.0,,,1,,,1.5,,,,,,,,Y,0,,0.0,,,0.0,0.0,Y,Y,Y,N,348,,0.0,,,,,,,,,,,,0,0.0,0.0,0.0,,N
1702,16,1,2025-08-06 14:43:00.410,1320962430,2026-06-16 13:30:08.978,Хале  - инструменти,Отвертки Powerfix кръстата,,00000810,M,L,L,бр.,,,0.0,0.0,0.0,,|1—Отвертки|3—Powerfix|4—кръстата|5—хале|,,N,1.0,2.0,,,1,,,1.5,,,,,,,,Y,0,,0.0,,,0.0,0.0,Y,Y,Y,N,349,,0.0,,,,,,,,,,,,0,0.0,0.0,0.0,,N
1702,18,1,2025-08-06 14:43:00.421,1320962430,2026-06-16 13:30:08.978,Хале  - инструменти,Отвертки Whirlpower мини кръстата,,00000814,M,L,L,бр.,,,0.0,0.0,0.0,,|1—Отвертки|3—Whirlpower|4—мини кръстата|5—хале|,,N,1.0,2.0,,,1,,,1.5,,,,,,,,Y,0,,0.0,,,0.0,0.0,Y,Y,Y,N,350,,0.0,,,,,,,,,,,,0,0.0,0.0,0.0,,N
1702,20,1,2025-08-06 14:43:00.438,1320962430,2026-06-16 13:30:08.978,Хале  - инструменти,комплект отвертки + клещи Whirlpower,,00001315,M,L,L,бр.,,,0.0,0.0,0.0,,|1—комплект отвертки + клещи|3—Whirlpower|5—хале|,,N,1.0,2.0,,,1,,,1.5,,,,,,,,Y,0,,0.0,,,0.0,0.0,Y,Y,Y,N,351,,0.0,,,,,,,,,,,,0,0.0,0.0,0.0,,N
1702,22,1,2025-08-06 14:43:00.451,1320962430,2026-06-16 13:30:08.978,Хале  - инструменти,комплект отвертки Parkside,,00001316,M,L,L,бр.,,,0.0,0.0,0.0,,|1—комплект отвертки|3—Parkside|5—хале|,,N,1.0,2.0,,,1,,,1.5,,,,,,,,Y,0,,0.0,,,0.0,0.0,Y,Y,Y,N,352,,0.0,,,,,,,,,,,,0,0.0,0.0,0.0,,N
1703,0,1,2025-08-06 14:43:00.460,1320962430,2026-06-16 13:30:08.978,Хале  - инструменти,комплект отвертки Vorel,,00001317,M,L,L,бр.,,,0.0,0.0,0.0,,|1—комплект отвертки|3—Vorel|5—хале|,,N,1.0,2.0,,,1,,,1.5,,,,,,,,Y,0,,0.0,,,0.0,0.0,Y,Y,Y,N,353,,0.0,,,,,,,,,,,,0,0.0,0.0,0.0,,N
1703,2,1,2025-08-06 14:43:00.471,1320962430,2026-06-16 13:30:08.978,Хале  - инструменти,комплект отвертки за очила други,,00001319,M,L,L,бр.,,,0.0,0.0,0.0,,|1—комплект отвертки за очила|3—други|5—хале|,,N,1.0,2.0,,,1,,,1.5,,,,,,,,Y,0,,0.0,,,0.0,0.0,Y,Y,Y,N,354,,0.0,,,,,,,,,,,,0,0.0,0.0,0.0,,N
1703,4,1,2025-08-06 14:43:00.479,1320962430,2026-06-16 13:30:08.978,Хале  - инструменти,комплект отвертки за очила Powerfix,,00001318,M,L,L,бр.,,,0.0,0.0,0.0,,|1—комплект отвертки за очила|3—Powerfix|5—хале|,,N,1.0,2.0,,,1,,,1.5,,,,,,,,Y,0,,0.0,,,0.0,0.0,Y,Y,Y,N,355,,0.0,,,,,,,,,,,,0,0.0,0.0,0.0,,N
1703,6,1,2025-08-06 14:43:00.489,1320962430,2026-06-16 13:30:08.978,Хале  - инструменти,Ножици други,,00000788,M,L,L,бр.,,,0.0,0.0,0.0,,|1—Ножици|3—други|5—хале|,,N,1.0,2.0,,,5,,,1.5,,,,,,,,Y,0,,0.0,,,0.0,0.0,Y,Y,Y,N,356,,0.0,,,,,,,,,,,,0,0.0,0.0,0.0,,N
1703,8,1,2025-08-06 14:43:00.506,1320962430,2026-06-16 13:30:08.978,Хале  - инструменти,Ножици други за ламарина,,00000789,M,L,L,бр.,,,0.0,0.0,0.0,,|1—Ножици|3—други|4—за ламарина|5—хале|,,N,1.0,2.0,,,1,,,1.5,,,,,,,,Y,0,,0.0,,,0.0,0.0,Y,Y,Y,N,357,,0.0,,,,,,,,,,,,0,0.0,0.0,0.0,,N
1703,10,1,2025-08-06 14:43:00.516,1320962430,2026-06-16 13:30:08.978,Хале  - инструменти,Клещи резачки Haupa,,00000644,M,L,L,бр.,,,0.0,0.0,0.0,,|1—Клещи резачки|3—Haupa|5—хале|,,N,1.0,2.0,,,4,,,1.5,,,,,,,,Y,0,,0.0,,,0.0,0.0,Y,Y,Y,N,358,,0.0,,,,,,,,,,,,0,0.0,0.0,0.0,,N
1703,12,1,2025-08-06 14:43:00.524,1320962430,2026-06-16 13:30:08.978,Хале  - инструменти,Клещи резачки Knipex,,00000646,M,L,L,бр.,,,0.0,0.0,0.0,,|1—Клещи резачки|3—Knipex|5—хале|,,N,1.0,2.0,,,1,,,1.5,,,,,,,,Y,0,,0.0,,,0.0,0.0,Y,Y,Y,N,359,,0.0,,,,,,,,,,,,0,0.0,0.0,0.0,,N
1703,14,1,2025-08-06 14:43:00.540,1320962430,2026-06-16 13:30:08.978,Хале  - инструменти,Клещи резачки Powershark,,00000647,M,L,L,бр.,,,0.0,0.0,0.0,,|1—Клещи резачки|3—Powershark|5—хале|,,N,1.0,2.0,,,1,,,1.5,,,,,,,,Y,0,,0.0,,,0.0,0.0,Y,Y,Y,N,360,,0.0,,,,,,,,,,,,0,0.0,0.0,0.0,,N
1703,16,1,2025-08-06 14:43:00.550,1320962430,2026-06-16 13:30:08.978,Хале  - инструменти,Клещи зегер Whirlpower,,00000643,M,L,L,бр.,,,0.0,0.0,0.0,,|1—Клещи зегер|3—Whirlpower|5—хале|,,N,1.0,2.0,,,2,,,1.5,,,,,,,,Y,0,,0.0,,,0.0,0.0,Y,Y,Y,N,361,,0.0,,,,,,,,,,,,0,0.0,0.0,0.0,,N
1703,18,1,2025-08-06 14:43:00.559,1320962430,2026-06-16 13:30:08.978,Хале  - инструменти,Клещи Top Tools,,00000638,M,L,L,бр.,,,0.0,0.0,0.0,,|1—Клещи|3—Top Tools|5—хале|,,N,1.0,2.0,,,1,,,1.5,,,,,,,,Y,0,,0.0,,,0.0,0.0,Y,Y,Y,N,362,,0.0,,,,,,,,,,,,0,0.0,0.0,0.0,,N
1703,20,1,2025-08-06 14:43:00.569,1320962430,2026-06-16 13:30:08.978,Хале  - инструменти,Клещи Premium,,00000634,M,L,L,бр.,,,0.0,0.0,0.0,,|1—Клещи|3—Premium|5—хале|,,N,1.0,2.0,,,1,,,1.5,,,,,,,,Y,0,,0.0,,,0.0,0.0,Y,Y,Y,N,363,,0.0,,,,,,,,,,,,0,0.0,0.0,0.0,,N
1703,22,1,2025-08-06 14:43:00.582,1320962430,2026-06-16 13:30:08.978,Хале  - инструменти,Клещи Suki,,00000635,M,L,L,бр.,,,0.0,0.0,0.0,,|1—Клещи|3—Suki|5—хале|,,N,1.0,2.0,,,1,,,1.5,,,,,,,,Y,0,,0.0,,,0.0,0.0,Y,Y,Y,N,364,,0.0,,,,,,,,,,,,0,0.0,0.0,0.0,,N
1703,24,1,2025-08-06 14:43:00.592,1320962430,2026-06-16 13:30:08.978,Хале  - инструменти,Клещи Top Aster,,00000636,M,L,L,бр.,,,0.0,0.0,0.0,,|1—Клещи|3—Top Aster|5—хале|,,N,1.0,2.0,,,1,,,1.5,,,,,,,,Y,0,,0.0,,,0.0,0.0,Y,Y,Y,N,365,,0.0,,,,,,,,,,,,0,0.0,0.0,0.0,,N
1704,0,1,2025-08-06 14:43:00.607,1320962430,2026-06-16 13:30:08.978,Хале  - инструменти,Клещи Gadget,,00000633,M,L,L,бр.,,,0.0,0.0,0.0,,|1—Клещи|3—Gadget|5—хале|,,N,1.0,2.0,,,1,,,1.5,,,,,,,,Y,0,,0.0,,,0.0,0.0,Y,Y,Y,N,366,,0.0,,,,,,,,,,,,0,0.0,0.0,0.0,,N
1704,2,1,2025-08-06 14:43:00.617,1320962430,2026-06-16 13:30:08.978,Хале  - инструменти,Клещи други,,00000641,M,L,L,бр.,,,0.0,0.0,0.0,,|1—Клещи|3—други|5—хале|,,N,1.0,2.0,,,5,,,1.5,,,,,,,,Y,0,,0.0,,,0.0,0.0,Y,Y,Y,N,367,,0.0,,,,,,,,,,,,0,0.0,0.0,0.0,,N
1704,4,1,2025-08-06 14:43:00.631,1320962430,2026-06-16 13:30:08.978,Хале  - инструменти,Кримпващи клещи Cembre,,00000688,M,L,L,бр.,,,0.0,0.0,0.0,,|1—Кримпващи клещи|3—Cembre|5—хале|,,N,1.0,2.0,,,1,,,1.5,,,,,,,,Y,0,,0.0,,,0.0,0.0,Y,Y,Y,N,368,,0.0,,,,,,,,,,,,0,0.0,0.0,0.0,,N
1704,6,1,2025-08-06 14:43:00.642,1320962430,2026-06-16 13:30:08.978,Хале  - инструменти,Кримпващи клещи HBG,,00000689,M,L,L,бр.,,,0.0,0.0,0.0,,|1—Кримпващи клещи|4—HBG|5—хале|,,N,1.0,2.0,,,1,,,1.5,,,,,,,,Y,0,,0.0,,,0.0,0.0,Y,Y,Y,N,369,,0.0,,,,,,,,,,,,0,0.0,0.0,0.0,,N
1704,8,1,2025-08-06 14:43:00.655,1320962430,2026-06-16 13:30:08.978,Хале  - инструменти,Кримпващи клещи Unior 427/4DG,,00000693,M,L,L,бр.,,,0.0,0.0,0.0,,|1—Кримпващи клещи|3—Unior|4—427/4DG|5—хале|,,N,1.0,2.0,,,1,,,1.5,,,,,,,,Y,0,,0.0,,,0.0,0.0,Y,Y,Y,N,370,,0.0,,,,,,,,,,,,0,0.0,0.0,0.0,,N
1704,10,1,2025-08-06 14:43:00.667,1320962430,2026-06-16 13:30:08.978,Хале  - инструменти,Кримпващи клещи Haupa 210695,,00000691,M,L,L,бр.,,,0.0,0.0,0.0,,|1—Кримпващи клещи|3—Haupa|4—210695|5—хале|,,N,1.0,2.0,,,1,,,1.5,,,,,,,,Y,0,,0.0,,,0.0,0.0,Y,Y,Y,N,371,,0.0,,,,,,,,,,,,0,0.0,0.0,0.0,,N
1704,12,1,2025-08-06 14:43:00.682,1320962430,2026-06-16 13:30:08.978,Хале  - инструменти,Кримпващи клещи 211816,,00000687,M,L,L,бр.,,,0.0,0.0,0.0,,|1—Кримпващи клещи|4—211816|5—хале|,,N,1.0,2.0,,,1,,,1.5,,,,,,,,Y,0,,0.0,,,0.0,0.0,Y,Y,Y,N,372,,0.0,,,,,,,,,,,,0,0.0,0.0,0.0,,N
1704,14,1,2025-08-06 14:43:00.692,1320962430,2026-06-16 13:30:08.978,Хале  - инструменти,Кримпващи клещи 210853 - 10- 120мм?,,00000686,M,L,L,бр.,,,0.0,0.0,0.0,,|1—Кримпващи клещи|4—210853 - 10- 120мм`|5—хале|,,N,1.0,2.0,,,1,,,1.5,,,,,,,,Y,0,,0.0,,,0.0,0.0,Y,Y,Y,N,373,,0.0,,,,,,,,,,,,0,0.0,0.0,0.0,,N
1704,16,1,2025-08-06 14:43:00.701,1320962430,2026-06-16 13:30:08.978,Хале  - инструменти,Кримпващи клещи Pros`s kit 808-376C,,00000692,M,L,L,бр.,,,0.0,0.0,0.0,,|1—Кримпващи клещи|3—Pros`s kit|4—808-376C|5—хале|,,N,1.0,2.0,,,1,,,1.5,,,,,,,,Y,0,,0.0,,,0.0,0.0,Y,Y,Y,N,374,,0.0,,,,,,,,,,,,0,0.0,0.0,0.0,,N
1704,18,1,2025-08-06 14:43:00.710,1320962430,2026-06-16 13:30:08.978,Хале  - инструменти,Кримпващи клещи други,,00000694,M,L,L,бр.,,,0.0,0.0,0.0,,|1—Кримпващи клещи|3—други|5—хале|,,N,1.0,2.0,,,2,,,1.5,,,,,,,,Y,0,,0.0,,,0.0,0.0,Y,Y,Y,N,375,,0.0,,,,,,,,,,,,0,0.0,0.0,0.0,,N
1704,20,1,2025-08-06 14:43:00.718,1320962430,2026-06-16 13:30:08.978,Хале  - инструменти,Чирак други,,00001184,M,L,L,бр.,,,0.0,0.0,0.0,,|1—Чирак|3—други|5—хале|,,N,1.0,2.0,,,1,,,1.5,,,,,,,,Y,0,,0.0,,,0.0,0.0,Y,Y,Y,N,376,,0.0,,,,,,,,,,,,0,0.0,0.0,0.0,,N
1704,22,1,2025-08-06 14:43:00.728,1320962430,2026-06-16 13:30:08.978,Хале  - инструменти,Нож макетен други,,00000785,M,L,L,бр.,,,0.0,0.0,0.0,,|1—Нож макетен|3—други|5—хале|,,N,1.0,2.0,,,3,,,1.5,,,,,,,,Y,0,,0.0,,,0.0,0.0,Y,Y,Y,N,377,,0.0,,,,,,,,,,,,0,0.0,0.0,0.0,,N
1704,24,1,2025-08-06 14:43:00.747,1320962430,2026-06-16 13:30:08.978,Хале  - инструменти,Нож за кабелни изолации Total,,00000784,M,L,L,бр.,,,0.0,0.0,0.0,,|1—Нож за кабелни изолации|3—Total|5—хале|,,N,1.0,2.0,,,1,,,1.5,,,,,,,,Y,0,,0.0,,,0.0,0.0,Y,Y,Y,N,378,,0.0,,,,,,,,,,,,0,0.0,0.0,0.0,,N
1706,0,1,2025-08-06 14:43:00.764,1320962430,2026-06-16 13:30:08.978,Хале  - инструменти,Чук гумен,,00001186,M,L,L,бр.,,,0.0,0.0,0.0,,|1—Чук|4—гумен|5—хале|,,N,1.0,2.0,,,3,,,1.5,,,,,,,,Y,0,,0.0,,,0.0,0.0,Y,Y,Y,N,379,,0.0,,,,,,,,,,,,0,0.0,0.0,0.0,,N
1706,2,1,2025-08-06 14:43:00.781,1320962430,2026-06-16 13:30:08.978,Хале  - инструменти,Чук обикновен,,00001189,M,L,L,бр.,,,0.0,0.0,0.0,,|1—Чук|4—обикновен|5—хале|,,N,1.0,2.0,,,1,,,1.5,,,,,,,,Y,0,,0.0,,,0.0,0.0,Y,Y,Y,N,380,,0.0,,,,,,,,,,,,0,0.0,0.0,0.0,,N
1706,4,1,2025-08-06 14:43:00.789,1320962431,2026-06-16 13:30:08.978,Хале  - инструменти,Чук дървен,,00001188,M,L,L,бр.,,,0.0,0.0,0.0,,|1—Чук|4—дървен|5—хале|,,N,1.0,2.0,,,1,,,1.5,,,,,,,,Y,0,,0.0,,,0.0,0.0,Y,Y,Y,N,381,,0.0,,,,,,,,,,,,0,0.0,0.0,0.0,,N
1706,6,1,2025-08-06 14:43:00.798,1320962431,2026-06-16 13:30:08.978,Хале  - инструменти,Ръчна кабелна ножица други,,00000973,M,L,L,бр.,,,0.0,0.0,0.0,,|1—Ръчна кабелна ножица|3—други|5—хале|,,N,1.0,2.0,,,1,,,1.5,,,,,,,,Y,0,,0.0,,,0.0,0.0,Y,Y,Y,N,382,,0.0,,,,,,,,,,,,0,0.0,0.0,0.0,,N
1706,8,1,2025-08-06 14:43:00.816,1320962431,2026-06-16 13:30:08.978,Хале  - инструменти,Водопроводен ключ други,,00000470,M,L,L,бр.,,,0.0,0.0,0.0,,|1—Водопроводен ключ|3—други|5—хале|,,N,1.0,2.0,,,1,,,1.5,,,,,,,,Y,0,,0.0,,,0.0,0.0,Y,Y,Y,N,383,,0.0,,,,,,,,,,,,0,0.0,0.0,0.0,,N
1706,10,1,2025-08-06 14:43:00.824,1320962431,2026-06-16 13:30:08.978,Хале  - инструменти,Ножица за тръби други,,00000787,M,L,L,бр.,,,0.0,0.0,0.0,,|1—Ножица за тръби|3—други|5—хале|,,N,1.0,2.0,,,1,,,1.5,,,,,,,,Y,0,,0.0,,,0.0,0.0,Y,Y,Y,N,384,,0.0,,,,,,,,,,,,0,0.0,0.0,0.0,,N
1706,12,1,2025-08-06 14:43:00.835,1320962431,2026-06-16 13:30:08.978,Хале  - инструменти,Механични кербоващи клещи Troy t 24009,,00000733,M,L,L,бр.,,,0.0,0.0,0.0,,|1—Механични кербоващи клещи|3—Troy|4—t 24009|5—хале|,,N,1.0,2.0,,,1,,,1.5,,,,,,,,Y,0,,0.0,,,0.0,0.0,Y,Y,Y,N,385,,0.0,,,,,,,,,,,,0,0.0,0.0,0.0,,N
1706,14,1,2025-08-06 14:43:00.848,1320962431,2026-06-16 13:30:08.978,Хале  - инструменти,Ролетка Total 8m,,00000972,M,L,L,бр.,,,0.0,0.0,0.0,,|1—Ролетка|3—Total|4—8m|5—хале|,,N,1.0,2.0,,,2,,,1.5,,,,,,,,Y,0,,0.0,,,0.0,0.0,Y,Y,Y,N,386,,0.0,,,,,,,,,,,,0,0.0,0.0,0.0,,N
1706,16,1,2025-08-06 14:43:00.857,1320962431,2026-06-16 13:30:08.978,Хале  - инструменти,Манометри Pro Control,,00000725,M,L,L,бр.,,,0.0,0.0,0.0,,|1—Манометри|3—Pro Control|5—хале|,,N,1.0,2.0,,,1,,,1.5,,,,,,,,Y,0,,0.0,,,0.0,0.0,Y,Y,Y,N,387,,0.0,,,,,,,,,,,,0,0.0,0.0,0.0,,N
1706,18,1,2025-08-06 14:43:00.871,1320962431,2026-06-16 13:30:08.978,Хале  - инструменти,Манометри GCE,,00000723,M,L,L,бр.,,,0.0,0.0,0.0,,|1—Манометри|3—GCE|5—хале|,,N,1.0,2.0,,,1,,,1.5,,,,,,,,Y,0,,0.0,,,0.0,0.0,Y,Y,Y,N,388,,0.0,,,,,,,,,,,,0,0.0,0.0,0.0,,N
1706,20,1,2025-08-06 14:43:00.884,1320962431,2026-06-16 13:30:08.978,Хале  - инструменти,Манометри Oxyturbo,,00000724,M,L,L,бр.,,,0.0,0.0,0.0,,|1—Манометри|3—Oxyturbo|5—хале|,,N,1.0,2.0,,,1,,,1.5,,,,,,,,Y,0,,0.0,,,0.0,0.0,Y,Y,Y,N,389,,0.0,,,,,,,,,,,,0,0.0,0.0,0.0,,N
1706,22,1,2025-08-06 14:43:00.893,1320962431,2026-06-16 13:30:08.978,Фрезовъчен цех,инструментален шкаф,,00001280,M,L,L,бр.,,,0.0,0.0,0.0,,|1—инструментален шкаф|5—стругарно фрезовъчен цех|,,N,1.0,2.0,,,2,,,1.5,,,,,,,,Y,0,,0.0,,,0.0,0.0,Y,Y,Y,N,390,,0.0,,,,,,,,,,,,0,0.0,0.0,0.0,,N
1706,24,1,2025-08-06 14:43:00.902,1320962431,2026-06-16 13:30:08.978,Фрезовъчен цех,винтоверт Makita DDF482 725801 R,,00001259,M,L,L,бр.,,,0.0,0.0,0.0,,|1—винтоверт|3—Makita DDF482|4—725801 R|5—стругарно фрезовъчен цех|,,N,1.0,2.0,,,1,,,1.5,,,,,,,,Y,0,,0.0,,,0.0,0.0,Y,Y,Y,N,391,,0.0,,,,,,,,,,,,0,0.0,0.0,0.0,,N
1707,0,1,2025-08-06 14:43:00.914,1320962431,2026-06-16 13:30:08.978,Фрезовъчен цех,клещи обикновени,,00001289,M,L,L,бр.,,,0.0,0.0,0.0,,|1—клещи|4—обикновени|5—стругарно фрезовъчен цех|,,N,1.0,2.0,,,1,,,1.5,,,,,,,,Y,0,,0.0,,,0.0,0.0,Y,Y,Y,N,392,,0.0,,,,,,,,,,,,0,0.0,0.0,0.0,,N
1707,2,1,2025-08-06 14:43:00.922,1320962431,2026-06-16 13:30:08.978,Фрезовъчен цех,комплект шестограми,,00001320,M,L,L,бр.,,,0.0,0.0,0.0,,|1—комплект шестограми|5—стругарно фрезовъчен цех|,,N,1.0,2.0,,,1,,,1.5,,,,,,,,Y,0,,0.0,,,0.0,0.0,Y,Y,Y,N,393,,0.0,,,,,,,,,,,,0,0.0,0.0,0.0,,N
1707,4,1,2025-08-06 14:43:00.930,1320962431,2026-06-16 13:30:08.978,Фрезовъчен цех,отвертки прави,,00001378,M,L,L,бр.,,,0.0,0.0,0.0,,|1—отвертки|4—прави|5—стругарно фрезовъчен цех|,,N,1.0,2.0,,,3,,,1.5,,,,,,,,Y,0,,0.0,,,0.0,0.0,Y,Y,Y,N,394,,0.0,,,,,,,,,,,,0,0.0,0.0,0.0,,N
1707,6,1,2025-08-06 14:43:00.947,1320962431,2026-06-16 13:30:08.978,Фрезовъчен цех,отвертки кръстати,,00001376,M,L,L,бр.,,,0.0,0.0,0.0,,|1—отвертки|4—кръстати|5—стругарно фрезовъчен цех|,,N,1.0,2.0,,,3,,,1.5,,,,,,,,Y,0,,0.0,,,0.0,0.0,Y,Y,Y,N,395,,0.0,,,,,,,,,,,,0,0.0,0.0,0.0,,N
1707,8,1,2025-08-06 14:43:00.961,1320962431,2026-06-16 13:30:08.978,Фрезовъчен цех,мултицет Doldtool GSM860,,00001343,M,L,L,бр.,,,0.0,0.0,0.0,,|1—мултицет|3—Doldtool|4—GSM860|5—стругарно фрезовъчен цех|,,N,1.0,2.0,,,1,,,1.5,,,,,,,,Y,0,,0.0,,,0.0,0.0,Y,Y,Y,N,396,,0.0,,,,,,,,,,,,0,0.0,0.0,0.0,,N
1707,10,1,2025-08-06 14:43:00.971,1320962431,2026-06-16 13:30:08.978,Фрезовъчен цех,ролетка 5 м.,,00001664,M,L,L,бр.,,,0.0,0.0,0.0,,|1—ролетка|4—5 м.|5—стругарно фрезовъчен цех|,,N,1.0,2.0,,,1,,,1.5,,,,,,,,Y,0,,0.0,,,0.0,0.0,Y,Y,Y,N,397,,0.0,,,,,,,,,,,,0,0.0,0.0,0.0,,N
1707,12,1,2025-08-06 14:43:00.981,1320962431,2026-06-16 13:30:08.978,Фрезовъчен цех,ролетка Sola 5 м.,,00001665,M,L,L,бр.,,,0.0,0.0,0.0,,|1—ролетка|3—Sola|4—5 м.|5—стругарно фрезовъчен цех|,,N,1.0,2.0,,,1,,,1.5,,,,,,,,Y,0,,0.0,,,0.0,0.0,Y,Y,Y,N,398,,0.0,,,,,,,,,,,,0,0.0,0.0,0.0,,N
1707,14,1,2025-08-06 14:43:00.994,1320962431,2026-06-16 13:30:08.978,Фрезовъчен цех,ел. шублер Precise,,00001275,M,L,L,бр.,,,0.0,0.0,0.0,,|1—ел. шублер|3—Precise|5—стругарно фрезовъчен цех|,,N,1.0,2.0,,,1,,,1.5,,,,,,,,Y,0,,0.0,,,0.0,0.0,Y,Y,Y,N,399,,0.0,,,,,,,,,,,,0,0.0,0.0,0.0,,N
1707,16,1,2025-08-06 14:43:01.001,1320962431,2026-06-16 13:30:08.978,Фрезовъчен цех,макетен нож,,00001338,M,L,L,бр.,,,0.0,0.0,0.0,,|1—макетен нож|5—стругарно фрезовъчен цех|,,N,1.0,2.0,,,3,,,1.5,,,,,,,,Y,0,,0.0,,,0.0,0.0,Y,Y,Y,N,400,,0.0,,,,,,,,,,,,0,0.0,0.0,0.0,,N
1707,18,1,2025-08-06 14:43:01.012,1320962431,2026-06-16 13:30:08.978,Фрезовъчен цех,пила Topmaster,,00001381,M,L,L,бр.,,,0.0,0.0,0.0,,|1—пила|3—Topmaster|5—стругарно фрезовъчен цех|,,N,1.0,2.0,,,1,,,1.5,,,,,,,,Y,0,,0.0,,,0.0,0.0,Y,Y,Y,N,401,,0.0,,,,,,,,,,,,0,0.0,0.0,0.0,,N
1707,20,1,2025-08-06 14:43:01.030,1320962431,2026-06-16 13:30:08.978,Фрезовъчен цех,пила други,,00001383,M,L,L,бр.,,,0.0,0.0,0.0,,|1—пила|3—други|5—стругарно фрезовъчен цех|,,N,1.0,2.0,,,2,,,1.5,,,,,,,,Y,0,,0.0,,,0.0,0.0,Y,Y,Y,N,402,,0.0,,,,,,,,,,,,0,0.0,0.0,0.0,,N
1707,22,1,2025-08-06 14:43:01.048,1320962431,2026-06-16 13:30:08.978,Фрезовъчен цех,комплект шестограми еврейска зв.,,00001321,M,L,L,бр.,,,0.0,0.0,0.0,,|1—комплект шестограми еврейска зв.|5—стругарно фрезовъчен цех|,,N,1.0,2.0,,,1,,,1.5,,,,,,,,Y,0,,0.0,,,0.0,0.0,Y,Y,Y,N,403,,0.0,,,,,,,,,,,,0,0.0,0.0,0.0,,N
1709,0,1,2025-08-06 14:43:01.059,1320962431,2026-06-16 13:30:08.978,Фрезовъчен цех,телелни четки Topmaster,,00001691,M,L,L,бр.,,,0.0,0.0,0.0,,|1—телелни четки|3—Topmaster|5—стругарно фрезовъчен цех|,,N,1.0,2.0,,,4,,,1.5,,,,,,,,Y,0,,0.0,,,0.0,0.0,Y,Y,Y,N,404,,0.0,,,,,,,,,,,,0,0.0,0.0,0.0,,N
1709,2,1,2025-08-06 14:43:01.067,1320962431,2026-06-16 13:30:08.978,Фрезовъчен цех,ъгломер,,00001755,M,L,L,бр.,,,0.0,0.0,0.0,,|1—ъгломер|5—стругарно фрезовъчен цех|,,N,1.0,2.0,,,1,,,1.5,,,,,,,,Y,0,,0.0,,,0.0,0.0,Y,Y,Y,N,405,,0.0,,,,,,,,,,,,0,0.0,0.0,0.0,,N
1709,4,1,2025-08-06 14:43:01.082,1320962431,2026-06-16 13:30:08.978,Фрезовъчен цех,водопроводни ключове обикновен,,00001261,M,L,L,бр.,,,0.0,0.0,0.0,,|1—водопроводни ключове|3—обикновен|5—стругарно фрезовъчен цех|,,N,1.0,2.0,,,1,,,1.5,,,,,,,,Y,0,,0.0,,,0.0,0.0,Y,Y,Y,N,406,,0.0,,,,,,,,,,,,0,0.0,0.0,0.0,,N
1709,6,1,2025-08-06 14:43:01.097,1320962431,2026-06-16 13:30:08.978,Фрезовъчен цех,водопроводни ключове Heavy duty 10`,,00001260,M,L,L,бр.,,,0.0,0.0,0.0,,|1—водопроводни ключове|3—Heavy duty|4—10`|5—стругарно фрезовъчен цех|,,N,1.0,2.0,,,1,,,1.5,,,,,,,,Y,0,,0.0,,,0.0,0.0,Y,Y,Y,N,407,,0.0,,,,,,,,,,,,0,0.0,0.0,0.0,,N
1709,8,1,2025-08-06 14:43:01.107,1320962431,2026-06-16 13:30:08.978,Фрезовъчен цех,ъгъл Topmaster,,00001756,M,L,L,бр.,,,0.0,0.0,0.0,,|1—ъгъл|3—Topmaster|5—стругарно фрезовъчен цех|,,N,1.0,2.0,,,1,,,1.5,,,,,,,,Y,0,,0.0,,,0.0,0.0,Y,Y,Y,N,408,,0.0,,,,,,,,,,,,0,0.0,0.0,0.0,,N
1709,10,1,2025-08-06 14:43:01.123,1320962431,2026-06-16 13:30:08.978,Фрезовъчен цех,магнитно индикаторна стойка счасовник,,00001337,M,L,L,бр.,,,0.0,0.0,0.0,,|1—магнитно индикаторна стойка счасовник|5—стругарно фрезовъчен цех|,,N,1.0,2.0,,,1,,,1.5,,,,,,,,Y,0,,0.0,,,0.0,0.0,Y,Y,Y,N,409,,0.0,,,,,,,,,,,,0,0.0,0.0,0.0,,N
1709,12,1,2025-08-06 14:43:01.134,1320962431,2026-06-16 13:30:08.978,Фрезовъчен цех,сменяеми пластини отрезни Korloy NC3020,,00001676,M,L,L,бр.,,,0.0,0.0,0.0,,|1—сменяеми пластини отрезни|3—Korloy|4—NC3020|5—стругарно фрезовъчен цех|,,N,1.0,2.0,,,6,,,1.5,,,,,,,,Y,0,,0.0,,,0.0,0.0,Y,Y,Y,N,410,,0.0,,,,,,,,,,,,0,0.0,0.0,0.0,,N
1709,14,1,2025-08-06 14:43:01.143,1320962431,2026-06-16 13:30:08.978,Фрезовъчен цех,сменяеми пластини отрезни Gx24-2E300N03-UF4 / WS,,00001673,M,L,L,бр.,,,0.0,0.0,0.0,,|1—сменяеми пластини отрезни|4—Gx24-2E300N03-UF4 / WSM335|5—стругарно фрезовъчен цех|,,N,1.0,2.0,,,9,,,1.5,,,,,,,,Y,0,,0.0,,,0.0,0.0,Y,Y,Y,N,411,,0.0,,,,,,,,,,,,0,0.0,0.0,0.0,,N
1709,16,1,2025-08-06 14:43:01.155,1320962431,2026-06-16 13:30:08.978,Фрезовъчен цех,сменяеми пластини отрезни Deskar AG55,,00001671,M,L,L,бр.,,,0.0,0.0,0.0,,|1—сменяеми пластини отрезни|3—Deskar|4—AG55|5—стругарно фрезовъчен цех|,,N,1.0,2.0,,,7,,,1.5,,,,,,,,Y,0,,0.0,,,0.0,0.0,Y,Y,Y,N,412,,0.0,,,,,,,,,,,,0,0.0,0.0,0.0,,N
1709,18,1,2025-08-06 14:43:01.167,1320962431,2026-06-16 13:30:08.978,Фрезовъчен цех,сменяеми пластини отрезни WNMG080408-MA / LF6018,,00001680,M,L,L,бр.,,,0.0,0.0,0.0,,|1—сменяеми пластини отрезни|4—WNMG080408-MA / LF6018S|5—стругарно фрезовъчен цех|,,N,1.0,2.0,,,8,,,1.5,,,,,,,,Y,0,,0.0,,,0.0,0.0,Y,Y,Y,N,413,,0.0,,,,,,,,,,,,0,0.0,0.0,0.0,,N
1709,20,1,2025-08-06 14:43:01.179,1320962431,2026-06-16 13:30:08.978,Фрезовъчен цех,сменяеми пластини отрезни 16 ER AG 60 LDA,,00001668,M,L,L,бр.,,,0.0,0.0,0.0,,|1—сменяеми пластини отрезни|4—16 ER AG 60 LDA|5—стругарно фрезовъчен цех|,,N,1.0,2.0,,,7,,,1.5,,,,,,,,Y,0,,0.0,,,0.0,0.0,Y,Y,Y,N,414,,0.0,,,,,,,,,,,,0,0.0,0.0,0.0,,N
1710,0,1,2025-08-06 14:43:01.188,1320962431,2026-06-16 13:30:08.978,Фрезовъчен цех,сменяеми пластини отрезни 16 IR AG 60 LDA,,00001670,M,L,L,бр.,,,0.0,0.0,0.0,,|1—сменяеми пластини отрезни|4—16 IR AG 60 LDA|5—стругарно фрезовъчен цех|,,N,1.0,2.0,,,10,,,1.5,,,,,,,,Y,0,,0.0,,,0.0,0.0,Y,Y,Y,N,415,,0.0,,,,,,,,,,,,0,0.0,0.0,0.0,,N
1710,2,1,2025-08-06 14:43:01.200,1320962431,2026-06-16 13:30:08.978,Фрезовъчен цех,сменяеми пластини отрезни MGGN300 / JM LF6018,,00001677,M,L,L,бр.,,,0.0,0.0,0.0,,|1—сменяеми пластини отрезни|4—MGGN300 / JM LF6018|5—стругарно фрезовъчен цех|,,N,1.0,2.0,,,9,,,1.5,,,,,,,,Y,0,,0.0,,,0.0,0.0,Y,Y,Y,N,416,,0.0,,,,,,,,,,,,0,0.0,0.0,0.0,,N
1710,4,1,2025-08-06 14:43:01.213,1320962431,2026-06-16 13:30:08.978,Фрезовъчен цех,сменяеми пластини отрезни 16 ERM AG 55 LF6018,,00001669,M,L,L,бр.,,,0.0,0.0,0.0,,|1—сменяеми пластини отрезни|4—16 ERM AG 55 LF6018|5—стругарно фрезовъчен цех|,,N,1.0,2.0,,,9,,,1.5,,,,,,,,Y,0,,0.0,,,0.0,0.0,Y,Y,Y,N,417,,0.0,,,,,,,,,,,,0,0.0,0.0,0.0,,N
1710,6,1,2025-08-06 14:43:01.225,1320962431,2026-06-16 13:30:08.978,Фрезовъчен цех,сменяеми пластини отрезни Koesotr WNMG080404-HA,,00001675,M,L,L,бр.,,,0.0,0.0,0.0,,|1—сменяеми пластини отрезни|3—Koesotr|4—WNMG080404-HA / 37CTX4|5—стругарно фрезовъчен цех|,,N,1.0,2.0,,,10,,,1.5,,,,,,,,Y,0,,0.0,,,0.0,0.0,Y,Y,Y,N,418,,0.0,,,,,,,,,,,,0,0.0,0.0,0.0,,N
1710,8,1,2025-08-06 14:43:01.238,1320962431,2026-06-16 13:30:08.978,Фрезовъчен цех,сменяеми пластини отрезни Isenr SNMG 431-F3M / I,,00001674,M,L,L,бр.,,,0.0,0.0,0.0,,|1—сменяеми пластини отрезни|3—Isenr|4—SNMG 431-F3M / IC807|5—стругарно фрезовъчен цех|,,N,1.0,2.0,,,9,,,1.5,,,,,,,,Y,0,,0.0,,,0.0,0.0,Y,Y,Y,N,419,,0.0,,,,,,,,,,,,0,0.0,0.0,0.0,,N
1710,10,1,2025-08-06 14:43:01.251,1320962431,2026-06-16 13:30:08.978,Фрезовъчен цех,сменяеми пластини отрезни Diaedge CCMT09T308 / V,,00001672,M,L,L,бр.,,,0.0,0.0,0.0,,|1—сменяеми пластини отрезни|3—Diaedge|4—CCMT09T308 / VP15TF|5—стругарно фрезовъчен цех|,,N,1.0,2.0,,,9,,,1.5,,,,,,,,Y,0,,0.0,,,0.0,0.0,Y,Y,Y,N,420,,0.0,,,,,,,,,,,,0,0.0,0.0,0.0,,N
1710,12,1,2025-08-06 14:43:01.263,1320962432,2026-06-16 13:30:08.978,Фрезовъчен цех,сменяеми пластини отрезни Sartorius 10413-21922,,00001678,M,L,L,бр.,,,0.0,0.0,0.0,,|1—сменяеми пластини отрезни|3—Sartorius|4—10413-21922 / JC215V|5—стругарно фрезовъчен цех|,,N,1.0,2.0,,,10,,,1.5,,,,,,,,Y,0,,0.0,,,0.0,0.0,Y,Y,Y,N,421,,0.0,,,,,,,,,,,,0,0.0,0.0,0.0,,N
1710,14,1,2025-08-06 14:43:01.276,1320962432,2026-06-16 13:30:08.978,Фрезовъчен цех,сменяеми пластини отрезни Sumitomo ACZ330 / WCMX,,00001679,M,L,L,бр.,,,0.0,0.0,0.0,,|1—сменяеми пластини отрезни|3—Sumitomo|4—ACZ330 / WCMX030208FN|5—стругарно фрезовъчен цех|,,N,1.0,2.0,,,8,,,1.5,,,,,,,,Y,0,,0.0,,,0.0,0.0,Y,Y,Y,N,422,,0.0,,,,,,,,,,,,0,0.0,0.0,0.0,,N
1710,16,1,2025-08-06 14:43:01.290,1320962432,2026-06-16 13:30:08.978,Фрезовъчен цех,отрезна шина CNC Tools SPB332,,00001380,M,L,L,бр.,,,0.0,0.0,0.0,,|1—отрезна шина|3—CNC Tools|4—SPB332|5—стругарно фрезовъчен цех|,,N,1.0,2.0,,,1,,,1.5,,,,,,,,Y,0,,0.0,,,0.0,0.0,Y,Y,Y,N,423,,0.0,,,,,,,,,,,,0,0.0,0.0,0.0,,N
1710,18,1,2025-08-06 14:43:01.297,1320962432,2026-06-16 13:30:08.978,Фрезовъчен цех,стругарски ножове със запоени пластини,,00001682,M,L,L,бр.,,,0.0,0.0,0.0,,|1—стругарски ножове със запоени пластини|5—стругарно фрезовъчен цех|,,N,1.0,2.0,,,15,,,1.5,,,,,,,,Y,0,,0.0,,,0.0,0.0,Y,Y,Y,N,424,,0.0,,,,,,,,,,,,0,0.0,0.0,0.0,,N
1710,20,1,2025-08-06 15:11:57.452,1320962432,2026-06-16 13:30:08.978,Машини,Мултицет CAT JTW838,,00000740,M,L,L,бр.,,,0.0,0.0,0.0,0.0,|1—Мултицет|3—CAT|4—JTW838|5—хале|,,Y,10.0,15.0,,,,,,1.5,,,,,,,,Y,0,,0.0,,,0.0,0.0,Y,Y,Y,N,453,,0.0,,,,,,,201007751,,,,,0,0.0,0.0,0.0,,N
1712,0,1,2025-08-06 14:43:01.314,1320962432,2026-06-16 13:30:08.978,Фрезовъчен цех,микрометър вътрешен отвор Insize 25-50mm. 210301,,00001342,M,L,L,бр.,,,0.0,0.0,0.0,,|1—микрометър вътрешен отвор|3—Insize 25-50mm.|4—21030127|5—стругарно фрезовъчен цех|,,N,1.0,2.0,,,1,,,1.5,,,,,,,,Y,0,,0.0,,,0.0,0.0,Y,Y,Y,N,425,,0.0,,,,,,,,,,,,0,0.0,0.0,0.0,,N
1712,2,1,2025-08-06 14:43:01.331,1320962432,2026-06-16 13:30:08.978,Фрезовъчен цех,микрометър външен отвор 0-25мм. руски,,00001341,M,L,L,бр.,,,0.0,0.0,0.0,,|1—микрометър външен отвор|3—0-25мм.|4—руски|5—стругарно фрезовъчен цех|,,N,1.0,2.0,,,1,,,1.5,,,,,,,,Y,0,,0.0,,,0.0,0.0,Y,Y,Y,N,426,,0.0,,,,,,,,,,,,0,0.0,0.0,0.0,,N
1712,4,1,2025-08-06 14:43:01.341,1320962432,2026-06-16 13:30:08.978,Фрезовъчен цех,Винтоверт Parkside 72036190 / 006315,,00000467,M,L,L,бр.,,,0.0,0.0,0.0,,|1—Винтоверт|3—Parkside|4—72036190 / 006315|5—стругарно фрезовъчен цех|,,N,1.0,2.0,,,1,,,1.5,,,,,,,,Y,0,,0.0,,,0.0,0.0,Y,Y,Y,N,427,,0.0,,,,,,,,,,,,0,0.0,0.0,0.0,,N
1712,6,1,2025-08-06 14:43:01.350,1320962432,2026-06-16 13:30:08.978,Фрезовъчен цех,гумен чук,,00001272,M,L,L,бр.,,,0.0,0.0,0.0,,|1—гумен чук|5—стругарно фрезовъчен цех|,,N,1.0,2.0,,,1,,,1.5,,,,,,,,Y,0,,0.0,,,0.0,0.0,Y,Y,Y,N,428,,0.0,,,,,,,,,,,,0,0.0,0.0,0.0,,N
1712,8,1,2025-08-06 14:43:01.360,1320962432,2026-06-16 13:30:08.978,Фрезовъчен цех,пристъргваща глава MT4 / 612502,,00001658,M,L,L,бр.,,,0.0,0.0,0.0,,|1—пристъргваща глава|4—MT4 / 612502|5—стругарно фрезовъчен цех|,,N,1.0,2.0,,,1,,,1.5,,,,,,,,Y,0,,0.0,,,0.0,0.0,Y,Y,Y,N,429,,0.0,,,,,,,,,,,,0,0.0,0.0,0.0,,N
1712,10,1,2025-08-06 14:43:01.371,1320962432,2026-06-16 13:30:08.978,Металхидрид,клещи обикновени,,00001288,M,L,L,бр.,,,0.0,0.0,0.0,,|1—клещи обикновени|5—металхидрид|,,N,1.0,2.0,,,2,,,1.5,,,,,,,,Y,0,,0.0,,,0.0,0.0,Y,Y,Y,N,430,,0.0,,,,,,,,,,,,0,0.0,0.0,0.0,,N
1712,12,1,2025-08-06 14:43:01.379,1320962432,2026-06-16 13:30:08.978,Металхидрид,клещи огънат връх,,00001290,M,L,L,бр.,,,0.0,0.0,0.0,,|1—клещи огънат връх|5—металхидрид|,,N,1.0,2.0,,,1,,,1.5,,,,,,,,Y,0,,0.0,,,0.0,0.0,Y,Y,Y,N,431,,0.0,,,,,,,,,,,,0,0.0,0.0,0.0,,N
1712,14,1,2025-08-06 14:43:01.388,1320962432,2026-06-16 13:30:08.978,Металхидрид,клещи резачки Suki 1600064,,00001291,M,L,L,бр.,,,0.0,0.0,0.0,,|1—клещи резачки|3—Suki|4—1600064|5—металхидрид|,,N,1.0,2.0,,,1,,,1.5,,,,,,,,Y,0,,0.0,,,0.0,0.0,Y,Y,Y,N,432,,0.0,,,,,,,,,,,,0,0.0,0.0,0.0,,N
1712,16,1,2025-08-06 14:43:01.398,1320962432,2026-06-16 13:30:08.978,Металхидрид,клещи резачки Topmaster,,00001292,M,L,L,бр.,,,0.0,0.0,0.0,,|1—клещи резачки|3—Topmaster|5—металхидрид|,,N,1.0,2.0,,,1,,,1.5,,,,,,,,Y,0,,0.0,,,0.0,0.0,Y,Y,Y,N,433,,0.0,,,,,,,,,,,,0,0.0,0.0,0.0,,N
1712,18,1,2025-08-06 14:43:01.414,1320962432,2026-06-16 13:30:08.978,Металхидрид,клещи резачки други,,00001293,M,L,L,бр.,,,0.0,0.0,0.0,,|1—клещи резачки|3—други|5—металхидрид|,,N,1.0,2.0,,,1,,,1.5,,,,,,,,Y,0,,0.0,,,0.0,0.0,Y,Y,Y,N,434,,0.0,,,,,,,,,,,,0,0.0,0.0,0.0,,N
1712,20,1,2025-08-06 14:43:01.430,1320962432,2026-06-16 13:30:08.978,Металхидрид,отвертки прави,,00001377,M,L,L,бр.,,,0.0,0.0,0.0,,|1—отвертки прави|5—металхидрид|,,N,1.0,2.0,,,10,,,1.5,,,,,,,,Y,0,,0.0,,,0.0,0.0,Y,Y,Y,N,435,,0.0,,,,,,,,,,,,0,0.0,0.0,0.0,,N
1712,22,1,2025-08-06 14:43:01.439,1320962432,2026-06-16 13:30:08.978,Металхидрид,отвертки прави фазомер,,00001379,M,L,L,бр.,,,0.0,0.0,0.0,,|1—отвертки прави|3—фазомер|5—металхидрид|,,N,1.0,2.0,,,1,,,1.5,,,,,,,,Y,0,,0.0,,,0.0,0.0,Y,Y,Y,N,436,,0.0,,,,,,,,,,,,0,0.0,0.0,0.0,,N
1713,0,1,2025-08-06 14:43:01.450,1320962432,2026-06-16 13:30:08.978,Металхидрид,отвертки кръстати,,00001375,M,L,L,бр.,,,0.0,0.0,0.0,,|1—отвертки кръстати|5—металхидрид|,,N,1.0,2.0,,,3,,,1.5,,,,,,,,Y,0,,0.0,,,0.0,0.0,Y,Y,Y,N,437,,0.0,,,,,,,,,,,,0,0.0,0.0,0.0,,N
1713,2,1,2025-08-06 14:43:01.493,1320962432,2026-06-16 13:30:08.978,Металхидрид,раздвижен ключ,,00001659,M,L,L,бр.,,,0.0,0.0,0.0,,|1—раздвижен ключ|5—металхидрид|,,N,1.0,2.0,,,2,,,1.5,,,,,,,,Y,0,,0.0,,,0.0,0.0,Y,Y,Y,N,438,,0.0,,,,,,,,,,,,0,0.0,0.0,0.0,,N
1713,4,1,2025-08-06 14:43:01.501,1320962432,2026-06-16 13:30:08.978,Металхидрид,резачка за тел,,00001660,M,L,L,бр.,,,0.0,0.0,0.0,,|1—резачка за тел|5—металхидрид|,,N,1.0,2.0,,,2,,,1.5,,,,,,,,Y,0,,0.0,,,0.0,0.0,Y,Y,Y,N,439,,0.0,,,,,,,,,,,,0,0.0,0.0,0.0,,N
1713,6,1,2025-08-06 14:43:01.509,1320962432,2026-06-16 13:30:08.978,Металхидрид,резачка за тръби,,00001661,M,L,L,бр.,,,0.0,0.0,0.0,,|1—резачка за тръби|5—металхидрид|,,N,1.0,2.0,,,4,,,1.5,,,,,,,,Y,0,,0.0,,,0.0,0.0,Y,Y,Y,N,440,,0.0,,,,,,,,,,,,0,0.0,0.0,0.0,,N
1713,8,1,2025-08-06 14:43:01.518,1320962432,2026-06-16 13:30:08.978,Металхидрид,макетен нож,,00001339,M,L,L,бр.,,,0.0,0.0,0.0,,|1—макетен нож|5—металхидрид|,,N,1.0,2.0,,,2,,,1.5,,,,,,,,Y,0,,0.0,,,0.0,0.0,Y,Y,Y,N,441,,0.0,,,,,,,,,,,,0,0.0,0.0,0.0,,N
1713,10,1,2025-08-06 14:43:01.527,1320962432,2026-06-16 13:30:08.978,Металхидрид,пила Topmaster,,00001382,M,L,L,бр.,,,0.0,0.0,0.0,,|1—пила|3—Topmaster|5—металхидрид|,,N,1.0,2.0,,,1,,,1.5,,,,,,,,Y,0,,0.0,,,0.0,0.0,Y,Y,Y,N,442,,0.0,,,,,,,,,,,,0,0.0,0.0,0.0,,N
1713,12,1,2025-08-06 14:43:01.536,1320962432,2026-06-16 13:30:08.978,Металхидрид,пила други,,00001384,M,L,L,бр.,,,0.0,0.0,0.0,,|1—пила|3—други|5—металхидрид|,,N,1.0,2.0,,,3,,,1.5,,,,,,,,Y,0,,0.0,,,0.0,0.0,Y,Y,Y,N,443,,0.0,,,,,,,,,,,,0,0.0,0.0,0.0,,N
1713,14,1,2025-08-06 14:43:01.546,1320962432,2026-06-16 13:30:08.978,Металхидрид,тресчотка,,00001694,M,L,L,бр.,,,0.0,0.0,0.0,,|1—тресчотка|5—металхидрид|,,N,1.0,2.0,,,4,,,1.5,,,,,,,,Y,0,,0.0,,,0.0,0.0,Y,Y,Y,N,444,,0.0,,,,,,,,,,,,0,0.0,0.0,0.0,,N
1713,16,1,2025-08-06 14:43:01.554,1320962432,2026-06-16 13:30:08.978,Металхидрид,ножица,,00001373,M,L,L,бр.,,,0.0,0.0,0.0,,|1—ножица|5—металхидрид|,,N,1.0,2.0,,,2,,,1.5,,,,,,,,Y,0,,0.0,,,0.0,0.0,Y,Y,Y,N,445,,0.0,,,,,,,,,,,,0,0.0,0.0,0.0,,N
1713,18,1,2025-08-06 14:43:01.567,1320962432,2026-06-16 13:30:08.978,Металхидрид,ножица за ламарина,,00001374,M,L,L,бр.,,,0.0,0.0,0.0,,|1—ножица за ламарина|5—металхидрид|,,N,1.0,2.0,,,1,,,1.5,,,,,,,,Y,0,,0.0,,,0.0,0.0,Y,Y,Y,N,446,,0.0,,,,,,,,,,,,0,0.0,0.0,0.0,,N
1713,20,1,2025-08-06 14:43:01.575,1320962432,2026-06-16 13:30:08.978,Металхидрид,чук,,00001735,M,L,L,бр.,,,0.0,0.0,0.0,,|1—чук|5—металхидрид|,,N,1.0,2.0,,,3,,,1.5,,,,,,,,Y,0,,0.0,,,0.0,0.0,Y,Y,Y,N,447,,0.0,,,,,,,,,,,,0,0.0,0.0,0.0,,N
1713,22,1,2025-08-06 14:43:01.584,1320962432,2026-06-16 13:30:08.978,Металхидрид,лула 24`,,00001334,M,L,L,бр.,,,0.0,0.0,0.0,,|1—лула|4—24`|5—металхидрид|,,N,1.0,2.0,,,1,,,1.5,,,,,,,,Y,0,,0.0,,,0.0,0.0,Y,Y,Y,N,448,,0.0,,,,,,,,,,,,0,0.0,0.0,0.0,,N
1713,24,1,2025-08-06 14:43:01.597,1320962432,2026-06-16 13:30:08.978,Металхидрид,нитачка за нит гайки HBM-6342C000221S15H24214,,00001372,M,L,L,бр.,,,0.0,0.0,0.0,,|1—нитачка за нит гайки|4—HBM-6342C000221S15H24214|5—металхидрид|,,N,1.0,2.0,,,1,,,1.5,,,,,,,,Y,0,,0.0,,,0.0,0.0,Y,Y,Y,N,449,,0.0,,,,,,,,,,,,0,0.0,0.0,0.0,,N
1714,0,1,2025-08-06 14:43:01.607,1320962432,2026-06-16 13:30:08.978,Металхидрид,тръбогиб Yato YT-21840 / 6-8-10mm.,,00001773,M,L,L,бр.,,,0.0,0.0,0.0,,|1—тръбогиб|3—Yato|4—YT-21840 / 6-8-10mm.|5—металхидрид|,,N,1.0,2.0,,,1,,,1.5,,,,,,,,Y,0,,0.0,,,0.0,0.0,Y,Y,Y,N,450,,0.0,,,,,,,,,,,,0,0.0,0.0,0.0,,N
1714,2,1,2025-08-06 14:43:01.623,1320962432,2026-06-16 13:30:08.978,Металхидрид,Винтоверт Einhell 45.138.21 / 2016/11/BG-16-2013,,00000463,M,L,L,бр.,,,0.0,0.0,0.0,,|1—Винтоверт|3—Einhell|4—45.138.21 / 2016/11/BG-16-2013|5—металхидрид|,,N,1.0,2.0,,,1,,,1.5,,,,,,,,Y,0,,0.0,,,0.0,0.0,Y,Y,Y,N,451,,0.0,,,,,,,,,,,,0,0.0,0.0,0.0,,N
1714,3,1,2025-08-06 15:13:28.349,1320962432,2026-06-16 13:30:08.978,Производствен цех - инструменти,Макетен нож други,,00000722,M,L,L,бр.,,,0.0,0.0,0.0,0.0,|1—Макетен нож|3—други|5—производствен цех|,,N,10.0,15.0,,,,,,1.5,,,,,,,,Y,0,,0.0,,,0.0,0.0,Y,Y,Y,N,454,,0.0,,,,,,,,,,,,0,0.0,0.0,0.0,,N
1714,6,1,2025-08-06 15:14:48.813,1320962432,2026-06-16 13:30:08.978,Производствен цех - инструменти,Отвертки други права,,00000818,M,L,L,бр.,,,0.0,0.0,0.0,0.0,|1—Отвертки|3—други|4—права|5—производствен цех|,,N,10.0,15.0,,,,,,1.5,,,,,,,,Y,0,,0.0,,,0.0,0.0,Y,Y,Y,N,455,,0.0,,,,,,,,,,,,0,0.0,0.0,0.0,,N
1714,9,1,2025-08-06 15:15:22.452,1320962432,2026-06-16 13:30:08.978,Производствен цех - инструменти,Отвертки други кръстата,,00000815,M,L,L,бр.,,,0.0,0.0,0.0,0.0,|1—Отвертки|3—други|4—кръстата|5—производствен цех|,,N,10.0,15.0,,,,,0.0,1.5,,,,,,,,Y,0,,0.0,,,0.0,0.0,Y,Y,Y,N,456,,0.0,,,,,,,,,,,,0,0.0,0.0,0.0,,N
1714,12,1,2025-08-06 15:15:45.565,1320962432,2026-06-16 13:30:08.978,Производствен цех - инструменти,Отвертки други кръстата червена,,00000816,M,L,L,бр.,,,0.0,0.0,0.0,0.0,|1—Отвертки|3—други|4—кръстата червена|5—производствен цех|,,N,10.0,15.0,,,,,0.0,1.5,,,,,,,,Y,0,,0.0,,,0.0,0.0,Y,Y,Y,N,457,,0.0,,,,,,,,,,,,0,0.0,0.0,0.0,,N
1714,16,1,2025-08-06 14:31:21.000,1319638835,2026-06-16 13:30:08.978,Захранвания,Захранване за DIN шина SDR-120-24 24V/5A,2080,00001277,M,L,L,бр.,,,44.87,0.0,0.0,0.0,|1—захранване за DIN шина|2—24V/5A|,,N,1.0,2.0,,ШРАК ТЕХНИК ЕООД,3,,0.0,1.5,,,,,,,0,Y,0,,0.0,,0,0.0,0.0,Y,Y,Y,N,123,,0.0,,,,,,,,0.0,0.0,0.0,0.0,0,0.0,0.0,0.0,0.0,N
1714,17,1,2025-08-11 09:10:36.633,1316451198,2026-06-23 13:27:42.191,2.5.4. Вентили,Вентил предпазен 2“G x 2“G,2252 09 09 03,00000350,M,L,L,бр.,,,247.14736,0.0,0.0,0.0,|1—Предпазен вентил|3—Genebre|5—склад|,,P,1.0,2.0,,GENEBRE,,,,1.5,,,,,,,,Y,0,,0.0,,,0.0,0.0,Y,Y,Y,N,459,,0.0,,,,,,,,,,,,0,0.0,0.0,0.0,,N
1714,20,1,2025-08-12 14:26:57.845,1335654747,2026-07-27 13:08:22.489,Сензори,Трансмитер за налягане 0-10 bar. G 1/2“,IPS-G-406-05-I-04-D,00000503,M,L,L,бр.,,,326.9396,0.0,0.0,0.0,|1—датчик|5—склад|,,P,1.0,2.0,,СМ СЕНЗОРМАТИК ЕООД,,,,1.5,,,,,,,,Y,0,,0.0,,,0.0,0.0,Y,Y,Y,N,460,,0.0,,,,,,,,,,,,0,0.0,0.0,0.0,1.0,N
1714,21,1,2025-08-13 09:20:31.470,1320962432,2026-06-24 10:45:53.353,"Прекъсвачи, Предпазители",Прекъсвач мин.авт. C 32/1 6kA,BM617132,00001397,M,L,L,бр.,,,0.0,0.0,0.0,0.0,,,N,1.0,2.0,,ШРАК ТЕХНИК ЕООД,,,,1.5,,,,,,,,Y,0,,0.0,,,0.0,0.0,Y,Y,Y,N,461,,0.0,,,,,,,,,,,,0,0.0,0.0,0.0,,N
1714,23,1,2025-08-13 09:40:41.445,1336334318,2026-08-03 08:14:11.206,Платки - Green Innovation,"Захранващо устройство, SDR-240-24",2079,00001279,M,L,L,бр.,,,87.1661,0.0,0.0,0.0,,,N,1.0,2.0,,УНИТЕЛ ЕООД,,,,1.5,,,,,,,,Y,0,,0.0,,,0.0,0.0,Y,Y,Y,N,462,,0.0,,,,,,,,,,,,0,0.0,0.0,0.0,,N
5269,0,1,2025-08-06 14:31:21.000,1320962432,2026-03-02 14:59:01.740,Цех,"сферичен кран със задвижкa, зав. 56370651 модел",56370651a,00001686,M,L,L,бр.,,,0.0,0.0,0.0,0.0,"|1—сферичен кран със задвижкa, зав.|2—модел J4C|",,N,1.0,2.0,,,2,,0.0,1.5,,,,,,,0,Y,0,,0.0,,0,0.0,0.0,Y,Y,Y,N,155,,0.0,,,,,,,,0.0,0.0,0.0,0.0,0,0.0,0.0,0.0,0.0,N
5269,2,1,2025-08-06 14:31:21.000,1320962433,2026-03-02 14:59:01.772,Цех,сферичен кран със задвижка 56210651,56210651а,00001688,M,L,L,бр.,,,0.0,0.0,0.0,0.0,|1—сферичен кран със задвижка|,,N,1.0,2.0,,,7,,0.0,1.5,,,,,,,0,Y,0,,0.0,,0,0.0,0.0,Y,Y,Y,N,156,,0.0,,,,,,,,0.0,0.0,0.0,0.0,0,0.0,0.0,0.0,0.0,N
5269,4,1,2025-08-06 14:31:21.000,1320962433,2026-03-02 14:59:41.097,Цех,фланци 102938 DN40,102938,00001472,M,L,L,бр.,,,13.216895128922248,0.0,0.0,0.0,|1—фланци|2—DN40|,,P,1.0,2.0,,,35,,0.0,1.5,,,,,,,0,Y,0,,0.0,,0,0.0,0.0,Y,Y,Y,N,157,,0.0,,,,,,,,0.0,0.0,0.0,0.0,0,0.0,0.0,0.0,0.0,N
5269,6,1,2025-08-06 14:31:21.000,1320962433,2026-03-02 14:59:41.097,Цех,фланци 102939 DN50,102939,00001473,M,L,L,бр.,,,12.73116784178584,0.0,0.0,0.0,|1—фланци|2—DN50|,,P,1.0,2.0,,,39,,0.0,1.5,,,,,,,0,Y,0,,0.0,,0,0.0,0.0,Y,Y,Y,N,158,,0.0,,,,,,,,0.0,0.0,0.0,0.0,0,0.0,0.0,0.0,0.0,N
5269,8,1,2025-08-06 14:31:21.000,1320962433,2026-03-04 08:11:01.235,Цех,фланци 102936 DN25,102936,00001471,M,L,L,бр.,,,6.820633695157555,0.0,0.0,0.0,|1—фланци|2—DN25|,,P,1.0,2.0,,,55,,0.0,1.5,,,,,,,0,Y,0,,0.0,,0,0.0,0.0,Y,Y,Y,N,159,,0.0,,,,,,,,0.0,0.0,0.0,0.0,0,0.0,0.0,0.0,0.0,N
5269,10,1,2025-08-06 14:31:21.000,1320962433,2026-03-02 14:59:01.850,Цех,фланци с резба 951036 DN25,951036,00001478,M,L,L,бр.,,,0.0,0.0,0.0,0.0,|1—фланци с резба|2—DN25|,,P,1.0,2.0,,,7,,0.0,1.5,,,,,,,0,Y,0,,0.0,,0,0.0,0.0,Y,Y,Y,N,160,,0.0,,,,,,,,0.0,0.0,0.0,0.0,0,0.0,0.0,0.0,0.0,N
5269,12,1,2025-08-06 14:31:21.000,1320962433,2026-03-02 14:59:01.881,Цех,фланци с резба 951039 DN50,951039,00001480,M,L,L,бр.,,,0.0,0.0,0.0,0.0,|1—фланци с резба|2—DN50|,,P,1.0,2.0,,,4,,0.0,1.5,,,,,,,0,Y,0,,0.0,,0,0.0,0.0,Y,Y,Y,N,161,,0.0,,,,,,,,0.0,0.0,0.0,0.0,0,0.0,0.0,0.0,0.0,N
5269,14,1,2025-08-06 14:31:21.000,1320962433,2026-03-02 14:59:01.897,кабелни магистрали,"гайка самоосигурителна 10, цинк 00985 1001 16 М1",00985 1001 16,00001264,M,L,L,бр.,,0.0,0.0,0.0,0.0,0.0,"|1—гайка самоосигурителна 10, цинк|2—М16|",,N,1.0,2.0,,,100,,0.0,1.5,,,,,,,0,Y,0,,0.0,,0,0.0,0.0,Y,Y,Y,N,164,,0.0,,,,,,,,0.0,0.0,0.0,0.0,0,0.0,0.0,0.0,0.0,N
5269,16,1,2025-08-06 14:31:21.000,1320962433,2026-03-02 14:59:01.928,кабелни магистрали,"гайка шестостенна 10, цинк 00934 1001 16 М16",00934 1001 16,00001270,M,L,L,бр.,,0.0,0.0,0.0,0.0,0.0,"|1—гайка шестостенна 10, цинк|2—М16|",,N,1.0,2.0,,,200,,0.0,1.5,,,,,,,0,Y,0,,0.0,,0,0.0,0.0,Y,Y,Y,N,165,,0.0,,,,,,,,0.0,0.0,0.0,0.0,0,0.0,0.0,0.0,0.0,N
5269,18,1,2025-08-06 14:31:21.000,1320962433,2026-03-02 14:59:01.943,кабелни магистрали,шпилка 009575 1000 16 2000 М16х2000,009575 1000 16 2000-,00001749,M,L,L,бр.,,,0.0,0.0,0.0,0.0,|1—шпилка|2—М16х2000|,,N,1.0,2.0,,,14,,0.0,1.5,,,,,,,0,Y,0,,0.0,,0,0.0,0.0,Y,Y,Y,N,166,,0.0,,,,,,,,0.0,0.0,0.0,0.0,0,0.0,0.0,0.0,0.0,N
5269,20,1,2025-08-13 14:32:34.000,1320962433,2026-07-07 09:02:13.795,1) Грийн Иновейшън АД,Капак (Кондензоуловител),,00000614,M,L,L,бр.,,0.0,0.0,0.0,0.0,0.0,,Капак (Кондензоуловител),N,1.0,2.0,,,1,,0.0,1.5,,,,,,,0,Y,0,,0.0,,0,0.0,0.0,Y,Y,Y,N,909,,0.0,,,,,,,AEM10KW,0.0,0.0,0.0,0.0,0,0.0,0.0,0.0,0.0,N
5269,22,1,2025-08-13 14:32:33.000,1320962433,2026-07-07 09:01:59.505,Нирстрой,Винкел ГВ 40х40х3,,00000450,M,L,L,бр.,,,0.0,0.0,0.0,0.0,,Винкел ГВ 40х40х3,P,1.0,2.0,,НИРСТРОЙ,2.2,,0.0,1.5,,,,,,,0,Y,0,,0.0,,0,0.0,0.0,Y,Y,Y,N,900,,0.0,,,,,,,AEM10KW,0.0,0.0,0.0,0.0,0,0.0,0.0,0.0,0.0,N
5269,24,1,2025-08-15 08:02:23.002,1322534971,2026-06-17 14:08:41.851,Сензори,Датчик за температура,TA3105,00001058,M,L,L,бр.,,,105.68,0.0,0.0,0.0,,,P,0.0,0.0,,ИФМ ЕЛЕКТРОНИК ЕООД,,,,1.5,,,,,,,,Y,0,,0.0,,,0.0,0.0,Y,Y,Y,N,1339,,0.0,,,,,,,AEM10KW,,,,,0,0.0,0.0,0.0,,N
5270,0,1,2025-08-13 14:32:34.000,1320962433,2026-07-07 09:04:34.976,Метал-М,Плоча притискаща 495х45х10,-,00000873,M,L,L,бр.,,0.0,42.93829218285843,0.0,0.0,0.0,,Плоча притискаща 495х45х10,N,1.0,2.0,,Метал-М,2,,0.0,1.5,,,,,,,0,Y,0,,0.0,,0,0.0,0.0,Y,Y,Y,N,901,,0.0,,,,,,,AEM10KW,0.0,0.0,0.0,0.0,0,0.0,0.0,0.0,0.0,N
5270,2,1,2025-08-13 14:32:34.000,1333637710,2026-07-07 09:03:24.716,Филипекс,Лист неръждаема стомана 316L. 2500х1250х1,193411,,M,L,L,бр.,,,85.70274512611014,0.0,0.0,0.0,,Лист неръждаема стомана 316L 2500х1250х1,N,1.0,2.0,,Филипекс,,,0.0,1.5,,,,,,,0,Y,0,,0.0,,0,0.0,0.0,Y,Y,Y,N,902,,0.0,,,,,,,AEM10KW,0.0,0.0,0.0,0.0,0,0.0,0.0,0.0,0.0,N
5270,4,1,2025-08-13 14:32:34.000,1333637721,2026-07-07 09:03:24.762,Филипекс,Лист неръждаема стомана 316L. 2500х1250х3,193211,,M,L,L,бр.,,,329.39979446066377,0.0,0.0,0.0,,Лист неръждаема стомана 316L 2500х1250х3,N,1.0,2.0,,Филипекс,,,0.0,1.5,,,,,,,0,Y,0,,0.0,,0,0.0,0.0,Y,Y,Y,N,903,,0.0,,,,,,,AEM10KW,0.0,0.0,0.0,0.0,0,0.0,0.0,0.0,0.0,N
5270,6,1,2025-08-13 14:32:34.000,1320962433,2026-07-07 09:02:44.961,Нирстрой,Шина 20х3,,00001210,M,L,L,бр.,,0.0,0.0,0.0,0.0,0.0,,Шина 20х3,N,1.0,2.0,,НИРСТРОЙ,0.11,,0.0,1.5,,,,,,,0,Y,0,,0.0,,0,0.0,0.0,Y,Y,Y,N,904,,0.0,,,,,,,AEM10KW,0.0,0.0,0.0,0.0,0,0.0,0.0,0.0,0.0,N
5270,8,1,2025-08-13 14:32:34.000,1317555065,2026-07-07 09:04:10.310,Интерметал,Материал за фитинги - шестостен S22,041106-009,00000727,M,L,L,м.,,,15.68,0.0,0.0,0.0,,Материал за фитинги - шестостен S22,P,1.0,2.0,,Интерметал,3.004545455,,0.0,1.5,,,,,,,0,Y,0,,0.0,,0,0.0,0.0,Y,Y,Y,N,905,,0.0,,,,,,,AEM10KW,0.0,0.0,0.0,0.0,0,0.0,0.0,0.0,0.0,N
5270,10,1,2025-08-13 14:32:34.000,1320962433,2026-07-07 09:02:13.839,1) Грийн Иновейшън АД,Дъно (Съд за електролит),,00000516,M,L,L,бр.,,0.0,0.0,0.0,0.0,0.0,,Дъно (Съд за електролит),N,1.0,2.0,,,1,,0.0,1.5,,,,,,,0,Y,0,,0.0,,0,0.0,0.0,Y,Y,Y,N,906,,0.0,,,,,,,AEM10KW,0.0,0.0,0.0,0.0,0,0.0,0.0,0.0,0.0,N
5270,12,1,2025-08-13 14:32:34.000,1320962433,2026-07-07 09:02:13.748,1) Грийн Иновейшън АД,Капак (Съд за електролит),,00000615,M,L,L,бр.,,0.0,0.0,0.0,0.0,0.0,,Капак (Съд за електролит),N,1.0,2.0,,,1,,0.0,1.5,,,,,,,0,Y,0,,0.0,,0,0.0,0.0,Y,Y,Y,N,907,,0.0,,,,,,,AEM10KW,0.0,0.0,0.0,0.0,0,0.0,0.0,0.0,0.0,N
5270,14,1,2025-08-13 14:32:34.000,1320962433,2026-07-07 09:02:13.882,1) Грийн Иновейшън АД,Дъно (Кондензоуловител),,00000515,M,L,L,бр.,,0.0,0.0,0.0,0.0,0.0,,Дъно (Кондензоуловител),N,1.0,2.0,,,1,,0.0,1.5,,,,,,,0,Y,0,,0.0,,0,0.0,0.0,Y,Y,Y,N,908,,0.0,,,,,,,AEM10KW,0.0,0.0,0.0,0.0,0,0.0,0.0,0.0,0.0,N
5270,16,1,2025-08-13 14:32:34.000,1318454139,2026-06-23 10:48:32.408,2.1. Тръби,"Тръба шевна 304L (219,1х2) 8“",074100,00001114,M,L,L,м.,,,45.27,0.0,0.0,0.0,,"Тръба шевна 316L (168,3х2,0) 6``",N,1.0,2.0,,КРИСМЕТАЛ,1,,0.0,1.5,,,,,,,0,Y,0,,0.0,,0,0.0,0.0,Y,Y,Y,N,910,,0.0,,,,,,,AEM10KW,0.0,0.0,0.0,0.0,0,0.0,0.0,0.0,0.0,N
5270,18,1,2025-08-13 14:32:34.000,1319535758,2026-06-23 10:48:32.408,2.1. Тръби,"Тръба шевна 304L (33,7х3) 1“",071329,00001106,M,L,L,м.,,,11.544927999999999,0.0,0.0,0.0,,Тръба шевна 304L (33.7х3),N,1.0,2.0,,КРИСМЕТАЛ,0.66,,0.0,1.5,,,,,,,0,Y,0,,0.0,,0,0.0,0.0,Y,Y,Y,N,911,,0.0,,,,,,,AEM10KW,0.0,0.0,0.0,0.0,0,0.0,0.0,0.0,0.0,N
5270,20,1,2025-08-13 14:32:34.000,1320962433,2026-06-23 10:48:32.408,2.1. Тръби,Серпентина,А110508,00000987,M,L,L,бр.,,,283.7669940639013,0.0,0.0,0.0,,Серпентина,P,1.0,2.0,,Климатех,,,0.0,1.5,,,,,,,0,Y,0,,0.0,,0,0.0,0.0,Y,Y,Y,N,912,,0.0,,,,,,,AEM10KW,0.0,0.0,0.0,0.0,0,0.0,0.0,0.0,0.0,N
5270,22,1,2025-08-13 14:32:43.000,1319535657,2026-06-23 10:48:32.408,2.1. Тръби,"Тръба прецизна ф20х1,2",,00001104,M,L,L,м.,,,2.55645,0.0,0.0,0.0,,Цената не е актуална,N,1.0,2.0,,КРИСМЕТАЛ,0.495,,0.0,1.5,,,,,,,0,Y,0,,0.0,,0,0.0,0.0,Y,Y,Y,N,1092,,0.0,,,,,,,AEM10KW,0.0,0.0,0.0,0.0,0,0.0,0.0,0.0,0.0,N
5271,0,1,2025-08-13 14:32:43.000,1319535606,2026-06-23 10:48:32.408,2.1. Тръби,"Тръба безшевна 316L 6x1,0",098050,00001098,M,L,L,м.,,,5.051545,0.0,0.0,0.0,,Тръба безшевна 316L 6x1.0,N,1.0,2.0,,КРИСМЕТАЛ,9.35,,0.0,1.5,,,,,,,0,Y,0,,0.0,,0,0.0,0.0,Y,Y,Y,N,1093,,0.0,,,,,,,AEM10KW,0.0,0.0,0.0,0.0,0,0.0,0.0,0.0,0.0,N
5271,2,1,2025-08-13 14:32:43.000,1319535708,2026-06-23 10:48:32.408,2.1. Тръби,"Тръба шевна 304L (21,3x2) 1/2``",070709,00001109,M,L,L,м.,,,5.721335,0.0,0.0,0.0,,Тръба шевна 304L (21.3x2) 1/2``,N,1.0,2.0,,КРИСМЕТАЛ,0.5148,,0.0,1.5,,,,,,,0,Y,0,,0.0,,0,0.0,0.0,Y,Y,Y,N,1094,,0.0,,,,,,,AEM10KW,0.0,0.0,0.0,0.0,0,0.0,0.0,0.0,0.0,N
5271,4,1,2025-08-13 14:32:43.000,1319958749,2026-06-23 10:48:32.408,2.1. Тръби,"Тръба шевна 304L (33,7x2) 1``",071323,00001110,M,L,L,м.,,,6.44,0.0,0.0,0.0,,Тръба шевна 304L (33.7x2) 1``,N,1.0,2.0,,КРИСМЕТАЛ,29.9976,,0.0,1.5,,,,,,,0,Y,0,,0.0,,0,0.0,0.0,Y,Y,Y,N,1095,,0.0,,,,,,,AEM10KW,0.0,0.0,0.0,0.0,0,0.0,0.0,0.0,0.0,N
5271,6,1,2025-08-13 14:32:43.000,1319535769,2026-06-23 10:48:32.408,2.1. Тръби,"Тръба шевна 304L (48,3х2) 1 1/2``",071711,00001112,M,L,L,м.,,,14.909215999999999,0.0,0.0,0.0,,"Тръба шевна 304L (48,3х2) 1 1/2``",N,1.0,2.0,,КРИСМЕТАЛ,41.996,,0.0,1.5,,,,,,,0,Y,0,,0.0,,0,0.0,0.0,Y,Y,Y,N,1096,,0.0,,,,,,,AEM10KW,0.0,0.0,0.0,0.0,0,0.0,0.0,0.0,0.0,N
5271,8,1,2025-08-13 14:32:43.000,1319535778,2026-06-23 10:48:32.408,2.1. Тръби,"Тръба шевна 304L (60,3х2) 2``",072110,00001113,M,L,L,м.,,,12.061331,0.0,0.0,0.0,,"Тръба шевна 304L (60,3х2) 2``",N,1.0,2.0,,КРИСМЕТАЛ,3.00174,,0.0,1.5,,,,,,,0,Y,0,,0.0,,0,0.0,0.0,Y,Y,Y,N,1097,,0.0,,,,,,,AEM10KW,0.0,0.0,0.0,0.0,0,0.0,0.0,0.0,0.0,N
5271,10,1,2025-08-13 14:32:43.000,1316361320,2026-07-07 08:22:43.999,Крисметал,"Тръба (609,6х3) 24``",,00001092,M,L,L,бр.,,,0.0,0.0,0.0,0.0,,Взима се на готов продукт от Шишков,P,1.0,2.0,,КРИСМЕТАЛ,3.3,,0.0,1.5,,,,,,,0,Y,0,,0.0,,0,0.0,0.0,Y,Y,Y,N,1098,,0.0,,,,,,,AEM10KW,0.0,0.0,0.0,0.0,0,0.0,0.0,0.0,0.0,N
5271,12,1,2025-08-13 14:32:43.000,1319535596,2026-06-23 10:48:32.408,2.1. Тръби,"Тръба шевна 304L (323,9х3) 12``",074604,00001091,M,L,L,м.,,,147.655439,0.0,0.0,0.0,,"Тръба (323,9х3) 12``",N,1.0,2.0,,КРИСМЕТАЛ,6,,0.0,1.5,,,,,,,0,Y,0,,0.0,,0,0.0,0.0,Y,Y,Y,N,1099,,0.0,,,,,,,AEM10KW,0.0,0.0,0.0,0.0,0,0.0,0.0,0.0,0.0,N
5271,14,1,2025-08-13 14:32:43.000,1319535693,2026-06-23 10:48:32.408,2.1. Тръби,"Тръба шевна 304L (168,3х2) 6``",073800,00001108,M,L,L,м.,,,33.642882,0.0,0.0,0.0,,"Тръба шевна 304L (168,3х2) 6``",N,1.0,2.0,,КРИСМЕТАЛ,2.9985,,0.0,1.5,,,,,,,0,Y,0,,0.0,,0,0.0,0.0,Y,Y,Y,N,1100,,0.0,,,,,,,AEM10KW,0.0,0.0,0.0,0.0,0,0.0,0.0,0.0,0.0,N
5271,16,1,2025-08-13 14:32:43.000,1319535677,2026-06-23 10:48:32.408,2.1. Тръби,"Тръба шевна 304L (114,3х2) 4``",073001,00001107,M,L,L,м.,,,31.239818999999997,0.0,0.0,0.0,,"Тръба шевна 304L (114,3х2) 4``",N,1.0,2.0,,КРИСМЕТАЛ,2.998,,0.0,1.5,,,,,,,0,Y,0,,0.0,,0,0.0,0.0,Y,Y,Y,N,1101,,0.0,,,,,,,AEM10KW,0.0,0.0,0.0,0.0,0,0.0,0.0,0.0,0.0,N
5271,18,1,2025-08-13 14:32:43.000,1319535644,2026-06-23 10:48:32.408,2.1. Тръби,Тръба оребрена 25х2,А110586,00001101,M,L,L,бр.,,,48.137952999999996,0.0,0.0,0.0,,Тръба оребрена (25х2 - 50) 2м,N,1.0,2.0,,Климатех,60,,0.0,1.5,,,,,,,0,Y,0,,0.0,,0,0.0,0.0,Y,Y,Y,N,1102,,0.0,,,,,,,AEM10KW,0.0,0.0,0.0,0.0,0,0.0,0.0,0.0,0.0,N
5271,20,1,2025-08-13 14:32:34.000,1320962433,2026-07-07 08:40:46.960,ЛД,Кран сферичен 316L DN15-PN64,VP 703000 1/2,00000681,M,L,L,бр.,,,55.62855667414857,0.0,0.0,0.0,,Кран сферичен 316L DN15 PN64,P,1.0,2.0,,LD GmbH,5,,0.0,1.5,,,,,,,0,Y,0,,0.0,,0,0.0,0.0,Y,Y,Y,N,913,,0.0,,,,,,,AEM10KW,0.0,0.0,0.0,0.0,0,0.0,0.0,0.0,0.0,N
5271,22,1,2025-08-15 08:21:36.945,1320962433,2026-07-07 08:09:21.177,Колена на резба,Коляно 90° 304L резба М/Ж 1/2“,101404,00001306,M,L,L,бр.,,,0.5112918811962185,0.0,0.0,0.0,,,N,0.0,0.0,,КРИСМЕТАЛ,,,,1.5,,,,,,,,Y,0,,0.0,,,0.0,0.0,Y,Y,Y,N,1340,,0.0,,,,,,,,,,,,0,0.0,0.0,0.0,,N
5273,0,1,2025-08-13 14:32:34.000,1320962433,2026-06-23 13:27:42.191,2.5.4. Вентили,Вентил 2/2 (кран с бърза връзка),7910 08 00,00000255,M,L,L,бр.,,,13.197312649872432,0.0,0.0,0.0,,2/2 Вентил (кран за бърза връзка),P,1.0,2.0,,Софиана,0,,0.0,1.5,,,,,,,0,Y,0,,0.0,,0,0.0,0.0,Y,Y,Y,N,914,,0.0,,,,,,,AEM10KW,0.0,0.0,0.0,0.0,0,0.0,0.0,0.0,0.0,N
5273,2,1,2025-08-13 14:32:34.000,1320962433,2026-06-23 13:30:14.239,2.6. Арматури,Искроуловител на фл.(Inline Det. Flame Arrester),1002-0024-45,00000303,M,L,L,бр.,,,833.4057663498361,0.0,0.0,0.0,,Inline Detonation Flame Arrester,P,1.0,2.0,,Flammer,1,,0.0,1.5,,,,,,,0,Y,0,,0.0,,0,0.0,0.0,Y,Y,Y,N,915,,0.0,,,,,,,AEM10KW,0.0,0.0,0.0,0.0,0,0.0,0.0,0.0,0.0,N
5273,3,1,2025-11-17 08:59:00.487,1320962433,2026-06-23 15:19:44.584,"2.7. PP, Месинг, Хром връзки",Капа PP G8301 ф32,834406,00001699,M,L,L,бр.,,,1.022583762392437,0.0,0.0,0.0,,,P,1.0,1.0,,КРИСМЕТАЛ,,,,1.5,,,,,,,,Y,0,,0.0,,,0.0,0.0,Y,Y,Y,N,1841,,0.0,,,,,,,,,,,,0,0.0,0.0,0.0,,N
5273,5,1,2025-11-17 09:01:42.983,1318359834,2026-06-23 13:30:43.349,2.6. Арматури,Филтър на фл. 316 INOX PN16 DN40,TH7308,00001644,M,L,L,бр.,,,256.263661,0.0,0.0,0.0,,,P,1.0,1.0,,КРИСМЕТАЛ,,,,1.5,,,,,,,,Y,0,,0.0,,,0.0,0.0,Y,Y,Y,N,1842,,0.0,,,,,,,,,,,,0,0.0,0.0,0.0,,N
5273,7,1,2025-11-17 09:33:41.885,1320962433,2026-06-16 13:30:08.978,Платки - Green Innovation,Платка GI1RS485,HT45696,00001645,M,L,L,бр.,,,6.6928107248585,0.0,0.0,0.0,,,N,1.0,1.0,,ХАРД ТЕХ ООД,,,,1.5,,,,,,,,Y,0,,0.0,,,0.0,0.0,Y,Y,Y,N,1843,,0.0,,,,,,,,,,,,0,0.0,0.0,0.0,,N
5273,9,1,2025-11-17 09:35:00.182,1320962433,2026-06-16 13:30:08.978,Платки - Green Innovation,Платка GI1PWR02,HT45697,00001700,M,L,L,бр.,,,11.601212784342199,0.0,0.0,0.0,,,N,1.0,1.0,,ХАРД ТЕХ ООД,,,,1.5,,,,,,,,Y,0,,0.0,,,0.0,0.0,Y,Y,Y,N,1844,,0.0,,,,,,,,,,,,0,0.0,0.0,0.0,,N
5273,10,1,2025-08-13 14:32:34.000,1320962433,2026-06-23 13:31:20.395,2.6. Арматури,Филтър-Y на рез. 1/2“,TD 230004,00000395,M,L,L,бр.,,,18.509533037124903,0.0,0.0,0.0,,Y-Филтър 1/2,P,1.0,2.0,,LD GmbH,1,,0.0,1.5,,,,,,,0,Y,0,,0.0,,0,0.0,0.0,Y,Y,Y,N,919,,0.0,,,,,,,AEM10KW,0.0,0.0,0.0,0.0,0,0.0,0.0,0.0,0.0,N
5273,12,1,2025-08-13 14:32:34.000,1318932364,2026-07-27 13:03:18.875,Фитинги - Щуцер на резба,Щуцер за маркуч 304 1/2“,1000122,00001229,M,L,L,бр.,,,0.935661,0.0,0.0,0.0,,Произвежда се от стругарно,N,1.0,2.0,,стругарно,7,,0.0,1.5,,,,,,,0,Y,0,,0.0,,0,0.0,0.0,Y,Y,Y,N,920,,0.0,,,,,,,AEM10KW,0.0,0.0,0.0,0.0,0,0.0,0.0,0.0,0.0,N
5273,14,1,2025-08-13 14:32:34.000,1320962433,2026-07-07 08:48:31.740,ЛД,"Права връзка 1510 15/12,5-1/2","1510 15/12,5-1/2",00000887,M,L,L,бр.,,,2.6331531881605255,0.0,0.0,0.0,,"Права връзка 1510 15/12,5-1/2",P,1.0,2.0,,LD GmbH,12,,0.0,1.5,,,,,,,0,Y,0,,0.0,,0,0.0,0.0,Y,Y,Y,N,921,,0.0,,,,,,,AEM10KW,0.0,0.0,0.0,0.0,0,0.0,0.0,0.0,0.0,N
5273,16,1,2025-08-13 14:32:34.000,1320962433,2026-07-07 08:48:31.791,ЛД,Права връзка  1511 8/6-1/4,1511 8/6-1/4,00000885,M,L,L,бр.,,,1.1943778344743663,0.0,0.0,0.0,,Права връзка  1511 8/6-1/4,P,1.0,2.0,,LD GmbH,0,,0.0,1.5,,,,,,,0,Y,0,,0.0,,0,0.0,0.0,Y,Y,Y,N,922,,0.0,,,,,,,AEM10KW,0.0,0.0,0.0,0.0,0,0.0,0.0,0.0,0.0,N
5273,17,1,2025-11-17 09:35:52.287,1320962433,2026-06-16 13:30:08.978,Платки - Green Innovation,Платка GI1UZDV8,HT45698,00001701,M,L,L,бр.,,,9.47935147737789,0.0,0.0,0.0,,,N,1.0,1.0,,ХАРД ТЕХ ООД,,,,1.5,,,,,,,,Y,0,,0.0,,,0.0,0.0,Y,Y,Y,N,1845,,0.0,,,,,,,,,,,,0,0.0,0.0,0.0,,N
5273,20,1,2025-11-17 09:37:34.140,1320962433,2026-06-16 13:30:08.978,Платки - Green Innovation,Платка GI1LZDV8,HT45699,00001461,M,L,L,бр.,,,9.612287366488907,0.0,0.0,0.0,,,N,1.0,1.0,,ХАРД ТЕХ ООД,,,,1.5,,,,,,,,Y,0,,0.0,,,0.0,0.0,Y,Y,Y,N,1846,,0.0,,,,,,,,,,,,0,0.0,0.0,0.0,,N
5274,1,1,2025-11-28 15:11:44.066,1320962433,2026-06-16 13:36:15.310,М16,Шайба пружинна vZn M16,6796zn000016bg,00001732,M,L,L,бр.,,,0.342565,0.0,0.0,0.0,,,N,10.0,10.0,,ПАНЧЕВ ЕООД,,,,1.5,,,,,,,,Y,0,,0.0,,,0.0,0.0,Y,Y,Y,N,1880,,0.0,,,,,,,,,,,,0,0.0,0.0,0.0,,N
5274,2,1,2025-11-17 09:43:05.144,1320962433,2026-06-16 13:30:08.978,Платки - Green Innovation,Платка GI1TZDV8,HT45700,00001649,M,L,L,бр.,,,2.536007730733244,0.0,0.0,0.0,,,N,1.0,1.0,,ХАРД ТЕХ ООД,,,,1.5,,,,,,,,Y,0,,0.0,,,0.0,0.0,Y,Y,Y,N,1847,,0.0,,,,,,,,,,,,0,0.0,0.0,0.0,,N
5274,5,1,2025-11-18 09:27:05.108,1320962433,2026-06-16 14:15:36.751,Вътрешни изделия и детайли,Пълнеж за бутилка,1000119,00001702,M,L,L,кг.,,,0.0,0.0,0.0,0.0,,,P,1.0,1.0,,,,,,1.5,,,,,,,,Y,0,,0.0,,,0.0,0.0,Y,Y,Y,N,1848,,0.0,,,,,,,,,,,,0,0.0,0.0,0.0,,N
5274,8,1,2025-08-13 14:32:34.000,1319851401,2026-07-28 08:34:22.234,Муфи на резба,Муфа 304L резбa 150LBS  1/2``,101734,00000749,M,L,L,бр.,,,1.3498059999999998,0.0,0.0,0.0,,Муфа 304L резбa 150LBS L25/30  1/2``,N,1.0,2.0,,КРИСМЕТАЛ,12,,0.0,1.5,,,,,,,0,Y,0,,0.0,,0,0.0,0.0,Y,Y,Y,N,929,,0.0,,,,,,,AEM10KW,0.0,0.0,0.0,0.0,0,0.0,0.0,0.0,0.0,N
5274,9,1,2025-11-28 15:16:43.871,1320962433,2026-06-16 13:30:08.978,Платки - Green Innovation,Модули,SBC-TTL,00001733,M,L,L,бр.,,,3.5534785743137185,0.0,0.0,0.0,,,N,10.0,10.0,,КОМЕТ ЕЛЕКТРОНИКС ООД,,,,1.5,,,,,,,,Y,0,,0.0,,,0.0,0.0,Y,Y,Y,N,1881,,0.0,,,,,,,,,,,,0,0.0,0.0,0.0,,N
5274,12,1,2025-08-13 14:32:34.000,1319851470,2026-06-23 10:41:35.021,Муфи на резба,Муфа 304L резбa 150LBS L45 1 1/2``,101738,00000753,M,L,L,бр.,,,2.781418,0.0,0.0,0.0,,Муфа 304L резбa 150LBS L45 1 1/2``,N,1.0,2.0,,КРИСМЕТАЛ,2,,0.0,1.5,,,,,,,0,Y,0,,0.0,,0,0.0,0.0,Y,Y,Y,N,931,,0.0,,,,,,,AEM10KW,0.0,0.0,0.0,0.0,0,0.0,0.0,0.0,0.0,N
5274,13,1,2025-12-02 07:17:38.410,1320962433,2026-06-16 13:30:08.978,Платки - Green Innovation, IRM-03-12 захранващо устройство,2173,00001736,M,L,L,бр.,,,4.4738039604669115,0.0,0.0,0.0,,,N,2.0,2.0,,УНИТЕЛ ЕООД,,,,1.5,,,,,,,,Y,0,,0.0,,,0.0,0.0,Y,Y,Y,N,1884,,0.0,,,,,,,,,,,,0,0.0,0.0,0.0,,N
5274,15,1,2025-12-03 07:59:36.357,1331558609,2026-07-07 08:22:21.209,1) Грийн Иновейшън АД,Тяло на демистър,1000010,00001737,M,L,L,бр.,,,15.14,0.0,0.0,0.0,,,P,2.0,2.0,,,,,,1.5,,,,,,,,Y,0,,0.0,,,0.0,0.0,Y,Y,Y,N,1885,,0.0,,,,,,,,,,,,0,0.0,0.0,0.0,,N
5274,17,1,2025-12-03 08:00:08.429,1322037667,2026-06-23 10:47:33.362,1.2.1. Части (Очиска),Демистър 4“ - Дъно,1000013,00001738,M,L,L,бр.,,,25.99,0.0,0.0,0.0,,,P,2.0,2.0,,,,,,1.5,,,,,,,,Y,0,,0.0,,,0.0,0.0,Y,Y,Y,N,1886,,0.0,,,,,,,,,,,,0,0.0,0.0,0.0,,N
5274,19,1,2025-12-03 08:03:49.773,1322037694,2026-07-03 15:39:28.746,0. Разни,Среден фланец с тръба и коляно,,00001739,M,L,L,бр.,,,8.22,0.0,0.0,0.0,,,P,2.0,2.0,,,,,,1.5,,,,,,,,Y,0,,0.0,,,0.0,0.0,Y,Y,Y,N,1887,,0.0,,,,,,,,,,,,0,0.0,0.0,0.0,,N
5274,20,1,2025-08-13 14:32:34.000,1319851601,2026-06-23 11:04:44.795,Тапи на резба,Тапа 304L резба 1/2``,101004,00001043,M,L,L,бр.,,,0.690241,0.0,0.0,0.0,,Тапа 304L 150LBS 1/2``,N,1.0,2.0,,КРИСМЕТАЛ,4,,0.0,1.5,,,,,,,0,Y,0,,0.0,,0,0.0,0.0,Y,Y,Y,N,935,,0.0,,,,,,,AEM10KW,0.0,0.0,0.0,0.0,0,0.0,0.0,0.0,0.0,N
5274,26,1,2025-12-03 08:06:18.653,1319056162,2026-06-23 10:47:33.362,1.2.1. Части (Очиска),Демистър 4“ - Ос,,00001740,M,L,L,м,,,0.51129,0.0,0.0,0.0,,,N,2.0,2.0,,РЕДКО,,,,1.5,,,,,,,,Y,0,,0.0,,,0.0,0.0,Y,Y,Y,N,1888,,0.0,,,,,,,,,,,,0,0.0,0.0,0.0,,N
5274,28,1,2025-12-03 08:08:12.781,1318861484,2026-06-23 10:47:33.362,1.2.1. Части (Очиска),Демистър 4“ - Кръст,1000014,00001741,M,L,L,бр.,,,2.351934,0.0,0.0,0.0,,,N,2.0,2.0,,ПАТЛИДЖАНСКИ ООД,,,,1.5,,,,,,,,Y,0,,0.0,,,0.0,0.0,Y,Y,Y,N,1889,,0.0,,,,,,,,,,,,0,0.0,0.0,0.0,,N
5275,0,1,2025-08-13 14:32:34.000,1319851533,2026-06-23 11:01:12.962,М/Ж резба,Преход 304L резба М/Ж 1/2``x1/4``,102005,00000895,M,L,L,бр.,,,0.991903,0.0,0.0,0.0,,Преход 304L 1/2`` x 1/4``,N,1.0,2.0,,КРИСМЕТАЛ,1,,0.0,1.5,,,,,,,0,Y,0,,0.0,,0,0.0,0.0,Y,Y,Y,N,936,,0.0,,,,,,,AEM10KW,0.0,0.0,0.0,0.0,0,0.0,0.0,0.0,0.0,N
5275,2,1,2025-12-03 08:10:38.516,1322038035,2026-06-23 10:48:03.829,1.2.2 Съдове (Очиска),Демистър 4“,1000009,00001742,M,L,L,бр.,,,163.73,0.0,0.0,0.0,,,P,2.0,2.0,,,,,,1.5,,,,,,,,Y,0,,0.0,,,0.0,0.0,Y,Y,Y,N,1890,,0.0,,,,,,,,,,,,0,0.0,0.0,0.0,,N
5275,3,1,2025-12-03 08:27:31.570,1320962434,2026-07-03 15:39:28.680,0. Разни,Разпробита капа,,00001743,M,L,L,бр.,,,0.0,0.0,0.0,0.0,,,P,2.0,2.0,,,,,,1.5,,,,,,,,Y,0,,0.0,,,0.0,0.0,Y,Y,Y,N,1891,,0.0,,,,,,,,,,,,0,0.0,0.0,0.0,,N
5275,6,1,2025-12-03 11:51:27.223,1320962434,2026-07-03 16:09:29.424,1) Грийн Иновейшън АД,"Вътрешна част(гъба,кръст,ос)",,00001744,M,L,L,бр.,,,0.0,0.0,0.0,0.0,,,P,2.0,2.0,,,,,,1.5,,,,,,,,Y,0,,0.0,,,0.0,0.0,Y,Y,Y,N,1892,,0.0,,,,,,,,,,,,0,0.0,0.0,0.0,,N
5275,9,1,2025-12-04 07:44:05.646,1320962434,2026-07-07 09:00:18.162,0. Разни,"Профилна тръба Е3 20х20х1,5",940115-,00001745,M,L,L,м,,,0.0,0.0,0.0,0.0,,,P,0.0,0.0,,,,,,1.5,,,,,,,,Y,0,,0.0,,,0.0,0.0,Y,Y,Y,N,1893,,0.0,,,,,,,,,,,,0,0.0,0.0,0.0,,N
5275,10,1,2025-08-13 14:32:43.000,1320962434,2026-06-23 13:27:42.191,2.5.4. Вентили,Вентил предпазен (Safety valve DE seg. 2“Gx2“G),2252 09 09 03,00000351,M,L,L,бр.,,,205.95808429157955,0.0,0.0,0.0,,Safety valve DE seguridad 2````G x 2````G,P,1.0,2.0,,GENEBRE,2,,0.0,1.5,,,,,,,0,Y,0,,0.0,,0,0.0,0.0,Y,Y,Y,N,1136,,0.0,,,,,,,AEM10KW,0.0,0.0,0.0,0.0,0,0.0,0.0,0.0,0.0,N
5275,14,1,2025-12-04 13:35:53.959,1320962434,2026-06-16 13:44:23.788,Хим - спектър,Банка реактивна градуирана,4003.1000,00001746,M,L,L,бр.,,,5.752033663457458,0.0,0.0,0.0,,,P,20.0,20.0,,ХИМ-СПЕКТЪР ООД,,,,1.5,,,,,,,,Y,0,,0.0,,,0.0,0.0,Y,Y,Y,N,1894,,0.0,,,,,,,,,,,,0,0.0,0.0,0.0,,N
5275,18,1,2025-12-04 13:36:52.788,1320962434,2026-06-16 13:44:23.823,Хим - спектър,Контейнер за проби 100мл.,4060.100,00001747,M,L,L,бр.,,,0.25564594059810924,0.0,0.0,0.0,,,P,20.0,20.0,,ХИМ-СПЕКТЪР ООД,,,,1.5,,,,,,,,Y,0,,0.0,,,0.0,0.0,Y,Y,Y,N,1895,,0.0,,,,,,,,,,,,0,0.0,0.0,0.0,,N
5275,19,1,2025-08-15 08:50:36.124,1320962434,2026-06-23 10:53:31.729,Нипели на резба,Нипел шест. 304L резба 150LBS 1 1/2“,100648,00001368,M,L,L,бр.,,,4.765240332748756,0.0,0.0,0.0,,,P,0.0,0.0,,КРИСМЕТАЛ,,,,1.5,,,,,,,,Y,0,,0.0,,,0.0,0.0,Y,Y,Y,N,1357,,0.0,,,,,,,,,,,,0,0.0,0.0,0.0,,N
5275,20,1,2025-08-13 14:32:43.000,1319851443,2026-06-17 14:08:41.851,Муфи на резба,Муфа 304L резбa 150LBS L42 1``,101706,00000751,M,L,L,бр.,,,2.97,0.0,0.0,0.0,,Муфа 304L резбa 150LBS L42 1``,N,1.0,2.0,,КРИСМЕТАЛ,2,,0.0,1.5,,,,,,,0,Y,0,,0.0,,0,0.0,0.0,Y,Y,Y,N,1141,,0.0,,,,,,,AEM10KW,0.0,0.0,0.0,0.0,0,0.0,0.0,0.0,0.0,N
5275,29,1,2025-12-10 13:34:28.008,1320962434,2026-06-23 13:26:16.379,2.5.1. Кранове на фланци,Кран сфер. на фл. 2-части 316L PN40 1“,2528 06,00001512,M,L,L,бр.,,,66.73,0.0,0.0,0.0,,,P,3.0,3.0,,GENEBRE,,,,1.5,,,,,,,,Y,0,,0.0,,,0.0,0.0,Y,Y,Y,N,1898,,0.0,,,,,,,,,,,,0,0.0,0.0,0.0,,N
5277,0,1,2025-08-13 14:32:43.000,1319851500,2026-06-16 14:08:35.823,Муфи на резба,Муфа 304L резбa 150LBS L54 2``,101739,00000755,M,L,L,бр.,,,4.172126,0.0,0.0,0.0,,Муфа 304L резбa 150LBS L54 2``,N,1.0,2.0,,КРИСМЕТАЛ,2,,0.0,1.5,,,,,,,0,Y,0,,0.0,,0,0.0,0.0,Y,Y,Y,N,1142,,0.0,,,,,,,AEM10KW,0.0,0.0,0.0,0.0,0,0.0,0.0,0.0,0.0,N
5277,1,1,2025-08-15 11:09:53.021,1319851629,2026-06-23 11:04:49.889,Тапи на резба,Тапа 304L резба 1/4“,101002,00001054,M,L,L,бр.,,,0.51,0.0,0.0,0.0,,,N,0.0,0.0,,КРИСМЕТАЛ,,,,1.5,,,,,,,,Y,0,,0.0,,,0.0,0.0,Y,Y,Y,N,1361,,0.0,,,,,,,,,,,,0,0.0,0.0,0.0,,N
5277,4,1,2025-12-10 13:37:56.542,1320962434,2026-06-23 13:26:16.285,2.5.1. Кранове на фланци,Кран сфер. на фл. трипътен 316L (Акт) 1“,5643E 06 52,00001513,M,L,L,бр.,,,485.2,0.0,0.0,0.0,,,P,1.0,1.0,,GENEBRE,,,,1.5,,,,,,,,Y,0,,0.0,,,0.0,0.0,Y,Y,Y,N,1899,,0.0,,,,,,,,,,,,0,0.0,0.0,0.0,,N
5277,6,1,2025-08-13 14:32:43.000,1319851559,2026-06-23 11:01:12.712,М/Ж резба,Преход 316L резба М/Ж 1 1/4“-1/2“,102117,00000889,M,L,L,бр.,,,9.12,0.0,0.0,0.0,,Права връзка неръждаема X1510 8/6-1/4,N,1.0,2.0,,LD GmbH,2,,0.0,1.5,,,,,,,0,Y,0,,0.0,,0,0.0,0.0,Y,Y,Y,N,1145,,0.0,,,,,,,AEM10KW,0.0,0.0,0.0,0.0,0,0.0,0.0,0.0,0.0,N
5277,10,1,2025-08-13 14:32:34.000,1320962434,2026-07-07 09:06:47.077,Гумпласт,Плоча PP 500х500х20,-,00000872,M,L,L,бр.,,0.0,53.68564752560294,0.0,0.0,0.0,,Плоча PP 500х500х20,N,1.0,2.0,,Гумпласт,2,,0.0,1.5,,,,,,,0,Y,0,,0.0,,0,0.0,0.0,Y,Y,Y,N,940,,0.0,,,,,,,AEM10KW,0.0,0.0,0.0,0.0,0,0.0,0.0,0.0,0.0,N
5277,11,1,2025-12-11 10:38:08.271,1320962434,2026-03-04 08:11:02.360,Патлиджански,"Стойка 1, 1.5мм",21-11,00001515,M,L,L,бр.,,,84.51654796173491,0.0,0.0,0.0,,,P,1.0,1.0,,ПАТЛИДЖАНСКИ ООД,,,,1.5,,,,,,,,Y,0,,0.0,,,0.0,0.0,Y,Y,Y,N,1901,,0.0,,,,,,,,,,,,0,0.0,0.0,0.0,,N
5277,12,1,2025-08-13 14:32:34.000,1320962434,2026-07-07 09:06:32.288,Ивда Гео,ПП тръба за т. вода Ф25/PN25,697,00000828,M,L,L,м.,,,2.5308948119212817,0.0,0.0,0.0,,ПП тръба за т. вода Ф20/PN20,P,1.0,2.0,,ИВДА-ГЕО,7,,0.0,1.5,,,,,,,0,Y,0,,0.0,,0,0.0,0.0,Y,Y,Y,N,941,,0.0,,,,,,,AEM10KW,0.0,0.0,0.0,0.0,0,0.0,0.0,0.0,0.0,N
5277,14,1,2025-08-13 14:32:34.000,1320962434,2026-07-07 08:53:21.073,ИТТ,"Болт с шестостенна глава, DIN 933, 8.8, vZn, M8x",00933 8801 8 16,00000434,M,L,L,100 бр.,,0.0,3.4921235485701723,0.0,0.0,0.0,,"Болт с шестостенна глава, DIN 933, 8.8, vZn, M8x16",N,1.0,2.0,,ИТТ,0.08,,0.0,1.5,,,,,,,0,Y,0,,0.0,,0,0.0,0.0,Y,Y,Y,N,942,,0.0,,,,,,,AEM10KW,0.0,0.0,0.0,0.0,0,0.0,0.0,0.0,0.0,N
5277,16,1,2025-08-13 14:32:34.000,1320962434,2026-07-07 08:54:39.653,ИТТ,"Гайка самоосигурителна, DIN 985, 10, vZn, M16",00985 1001 16,00000481,M,L,L,бр.,,,37.804921695648396,0.0,0.0,0.0,,"Гайка самоосигурителна, DIN 985, 10, vZn, M16",N,1.0,2.0,,ИТТ,0.5,,0.0,1.5,,,,,,,0,Y,0,,0.0,,0,0.0,0.0,Y,Y,Y,N,943,,0.0,,,,,,,AEM10KW,0.0,0.0,0.0,0.0,0,0.0,0.0,0.0,0.0,N
5277,18,1,2025-08-13 14:32:34.000,1320962434,2026-07-07 08:54:16.015,ИТТ,"Гайка шестостенна, DIN 934, 8, vZn, M8",00934 8001 8,00000489,M,L,L,100 бр.,,0.0,0.8334057663498361,0.0,0.0,0.0,,"Гайка шестостенна, DIN 934, 8, vZn, M8",N,1.0,2.0,,ИТТ,0.08,,0.0,1.5,,,,,,,0,Y,0,,0.0,,0,0.0,0.0,Y,Y,Y,N,944,,0.0,,,,,,,AEM10KW,0.0,0.0,0.0,0.0,0,0.0,0.0,0.0,0.0,N
5277,20,1,2025-08-13 14:32:34.000,1320962434,2026-07-07 08:55:48.409,ИТТ,"Шайба пружинна, DIN 127B, vZn, M16",127002116,00001204,M,L,L,100 бр.,,0.0,2.6689436198442604,0.0,0.0,0.0,,"Шайба пружинна, DIN 127B, vZn, M16",N,1.0,2.0,,ИТТ,0.5,,0.0,1.5,,,,,,,0,Y,0,,0.0,,0,0.0,0.0,Y,Y,Y,N,945,,0.0,,,,,,,AEM10KW,0.0,0.0,0.0,0.0,0,0.0,0.0,0.0,0.0,N
5278,0,1,2025-08-13 14:32:34.000,1320962434,2026-07-07 08:55:48.449,ИТТ,"Шайба подложна, DIN 125, vZn, M8",00125 0001 8,00001198,M,L,L,100 бр.,,0.0,0.4397110178287479,0.0,0.0,0.0,,"Шайба подложна, DIN 125, vZn, M8",N,1.0,2.0,,ИТТ,0.08,,0.0,1.5,,,,,,,0,Y,0,,0.0,,0,0.0,0.0,Y,Y,Y,N,946,,0.0,,,,,,,AEM10KW,0.0,0.0,0.0,0.0,0,0.0,0.0,0.0,0.0,N
5278,4,1,2025-08-13 14:32:38.000,1334344294,2026-07-14 10:37:51.366,Скоби,Скоба за тръба RS PD 48-51mm 1 1/2``,KNR RS 112,00000994,M,L,L,бр.,,,0.38,0.0,0.0,0.0,,"Скоба за тръба GRS,PD 48-51mm 1 1/2``",N,1.0,2.0,,ИТТ,,,0.0,1.5,,,,,,,0,Y,0,,0.0,,0,0.0,0.0,Y,Y,Y,N,1007,,0.0,,,,,,,AEM10KW,0.0,0.0,0.0,0.0,0,0.0,0.0,0.0,0.0,N
5278,6,1,2025-08-13 14:32:44.000,1332266518,2026-06-23 15:57:51.907,Винтове,"Винт самонарезен vZn ф4,8х19",0692800014819,00000454,M,L,L,бр.,,,0.047396999999999995,0.0,0.0,0.0,,"Винт самонарезен, DIN 6928 C, vZn, ф4,8х19",P,1.0,2.0,,ИТТ БЪЛГАРИЯ ЕООД,140,,0.0,1.5,,,,,,,0,Y,0,,0.0,,0,0.0,0.0,Y,Y,Y,N,1156,,0.0,,,,,,,AEM10KW,0.0,0.0,0.0,0.0,0,0.0,0.0,0.0,0.0,N
5278,8,1,2025-08-13 14:32:44.000,1316453275,2026-03-27 13:58:39.123,М8,Винт за дърво М8х60,,00000461,M,L,L,бр.,,,0.0355,0.0,0.0,0.0,,Винтове за дърво М8,P,1.0,2.0,,ИТТ БЪЛГАРИЯ ЕООД,8,,0.0,1.5,,,,,,,0,Y,0,,0.0,,0,0.0,0.0,Y,Y,Y,N,1157,,0.0,,,,,,,AEM10KW,0.0,0.0,0.0,0.0,0,0.0,0.0,0.0,0.0,N
5278,10,1,2025-08-13 14:32:44.000,1320962434,2026-03-02 14:59:34.379,Крепежи машина,"Болт с шестостенна глава, DIN 933, А2, M6x35",,00000436,M,L,L,бр.,,0.0,0.0,0.0,0.0,0.0,,"Болт с шестостенна глава, DIN 933, А2, M6x35",N,1.0,2.0,,,16,,0.0,1.5,,,,,,,0,Y,0,,0.0,,0,0.0,0.0,Y,Y,Y,N,1158,,0.0,,,,,,,AEM10KW,0.0,0.0,0.0,0.0,0,0.0,0.0,0.0,0.0,N
5278,12,1,2025-08-13 14:32:44.000,1320962434,2026-07-07 08:53:21.033,ИТТ,"Болт с шестостенна глава, DIN 933, 8.8, vZn, M6x",00933 8801 6 70,00000432,M,L,L,100 бр.,,0.0,4.530046067398495,0.0,0.0,0.0,,"Болт с шестостенна глава, DIN 933, 8.8, vZn, M6x70",N,1.0,2.0,,ИТТ,14,,0.0,1.5,,,,,,,0,Y,0,,0.0,,0,0.0,0.0,Y,Y,Y,N,1159,,0.0,,,,,,,AEM10KW,0.0,0.0,0.0,0.0,0,0.0,0.0,0.0,0.0,N
5278,14,1,2025-08-13 14:32:44.000,1320962434,2026-07-07 08:53:20.937,ИТТ,"Болт с шестостенна глава, DIN 933, 8.8, vZn, M12",00933 8801 12 25,00000430,M,L,L,100 бр.,,0.0,10.011095033821958,0.0,0.0,0.0,,"Болт с шестостенна глава, DIN 933, 8.8, vZn, M12x25",N,1.0,2.0,,ИТТ,28,,0.0,1.5,,,,,,,0,Y,0,,0.0,,0,0.0,0.0,Y,Y,Y,N,1160,,0.0,,,,,,,AEM10KW,0.0,0.0,0.0,0.0,0,0.0,0.0,0.0,0.0,N
5278,16,1,2025-08-13 14:32:44.000,1320962434,2026-07-07 08:53:20.986,ИТТ,"Болт с шестостенна глава, DIN 933, 8.8, vZn, M16",00933 8801 16 45,00000431,M,L,L,100 бр.,,0.0,28.51986113312507,0.0,0.0,0.0,,"Болт с шестостенна глава, DIN 933, 8.8, vZn, M16x45",N,1.0,2.0,,ИТТ,112,,0.0,1.5,,,,,,,0,Y,0,,0.0,,0,0.0,0.0,Y,Y,Y,N,1161,,0.0,,,,,,,AEM10KW,0.0,0.0,0.0,0.0,0,0.0,0.0,0.0,0.0,N
5278,18,1,2025-08-13 14:32:44.000,1320962434,2026-03-02 14:59:03.115,Крепежи машина,Болт имбусен М8х8,,00000427,M,L,L,бр.,,0.0,0.0,0.0,0.0,0.0,,Болт имбусен М8х8,N,1.0,2.0,,,18,,0.0,1.5,,,,,,,0,Y,0,,0.0,,0,0.0,0.0,Y,Y,Y,N,1162,,0.0,,,,,,,AEM10KW,0.0,0.0,0.0,0.0,0,0.0,0.0,0.0,0.0,N
5278,20,1,2025-08-13 14:32:44.000,1318839833,2026-06-16 13:30:08.978,М6,Гайка шест. А2 M6,00934 9200 6,00000491,M,L,L,бр.,,,0.0228,0.0,0.0,0.0,,"Гайка шестостенна, DIN 934, А2, M6",N,1.0,2.0,,ИТТ,30,,0.0,1.5,,,,,,,0,Y,0,,0.0,,0,0.0,0.0,Y,Y,Y,N,1163,,0.0,,,,,,,AEM10KW,0.0,0.0,0.0,0.0,0,0.0,0.0,0.0,0.0,N
5279,0,1,2025-08-13 14:32:44.000,1320962434,2026-03-02 14:59:34.379,Крепежи машина,Гайка дълга М8х40,,00000479,M,L,L,бр.,,0.0,0.0,0.0,0.0,0.0,,Гайка дълга М8х40,N,1.0,2.0,,,2,,0.0,1.5,,,,,,,0,Y,0,,0.0,,0,0.0,0.0,Y,Y,Y,N,1164,,0.0,,,,,,,AEM10KW,0.0,0.0,0.0,0.0,0,0.0,0.0,0.0,0.0,N
5279,2,1,2025-08-13 14:32:44.000,1320962434,2026-03-02 14:59:34.395,Крепежи машина,"Гайка шестостенна, DIN 934, 8, vZn, M10",,00000483,M,L,L,бр.,,0.0,0.0,0.0,0.0,0.0,,"Гайка шестостенна, DIN 934, 8, vZn, M10",N,1.0,2.0,,,22,,0.0,1.5,,,,,,,0,Y,0,,0.0,,0,0.0,0.0,Y,Y,Y,N,1165,,0.0,,,,,,,AEM10KW,0.0,0.0,0.0,0.0,0,0.0,0.0,0.0,0.0,N
5279,4,1,2025-08-13 14:32:44.000,1320962434,2026-07-07 08:54:16.101,ИТТ,"Гайка шестостенна, DIN 934, 8, vZn, M12",00934 8001 12,00000485,M,L,L,100 бр.,,0.0,2.6996211327160338,0.0,0.0,0.0,,"Гайка шестостенна, DIN 934, 8, vZn, M12",N,1.0,2.0,,ИТТ,219,,0.0,1.5,,,,,,,0,Y,0,,0.0,,0,0.0,0.0,Y,Y,Y,N,1166,,0.0,,,,,,,AEM10KW,0.0,0.0,0.0,0.0,0,0.0,0.0,0.0,0.0,N
5279,6,1,2025-08-13 14:32:44.000,1320962434,2026-07-07 08:54:16.059,ИТТ,"Гайка шестостенна, DIN 934, 8, vZn, M16",00934 8001 16,00000487,M,L,L,100 бр.,,0.0,6.10993798029481,0.0,0.0,0.0,,"Гайка шестостенна, DIN 934, 8, vZn, M16",N,1.0,2.0,,ИТТ,223,,0.0,1.5,,,,,,,0,Y,0,,0.0,,0,0.0,0.0,Y,Y,Y,N,1167,,0.0,,,,,,,AEM10KW,0.0,0.0,0.0,0.0,0,0.0,0.0,0.0,0.0,N
5279,8,1,2025-08-13 14:32:44.000,1320962434,2026-07-07 08:55:48.489,ИТТ,"Шайба подложна, DIN 125, vZn, M6",00125 0001 6,00001196,M,L,L,100 бр.,,0.0,0.276097615845958,0.0,0.0,0.0,,"Шайба подложна, DIN 125, vZn, M6",N,1.0,2.0,,ИТТ,12,,0.0,1.5,,,,,,,0,Y,0,,0.0,,0,0.0,0.0,Y,Y,Y,N,1168,,0.0,,,,,,,AEM10KW,0.0,0.0,0.0,0.0,0,0.0,0.0,0.0,0.0,N
5279,10,1,2025-08-13 14:32:44.000,1320962434,2026-03-02 14:59:34.426,Крепежи машина,"Шайба подложна, DIN 125, vZn, M10",,00001190,M,L,L,бр.,,0.0,0.0,0.0,0.0,0.0,,"Шайба подложна, DIN 125, vZn, M10",N,1.0,2.0,,,20,,0.0,1.5,,,,,,,0,Y,0,,0.0,,0,0.0,0.0,Y,Y,Y,N,1169,,0.0,,,,,,,AEM10KW,0.0,0.0,0.0,0.0,0,0.0,0.0,0.0,0.0,N
5279,12,1,2025-08-13 14:32:44.000,1320962434,2026-07-07 08:55:48.567,ИТТ,"Шайба подложна, DIN 125, vZn, M12",00125 0001 12,00001192,M,L,L,100 бр.,,0.0,1.4929722930929579,0.0,0.0,0.0,,"Шайба подложна, DIN 125, vZn, M12",N,1.0,2.0,,ИТТ,171,,0.0,1.5,,,,,,,0,Y,0,,0.0,,0,0.0,0.0,Y,Y,Y,N,1170,,0.0,,,,,,,AEM10KW,0.0,0.0,0.0,0.0,0,0.0,0.0,0.0,0.0,N
5279,14,1,2025-08-13 14:32:44.000,1320962434,2026-07-07 08:55:48.530,ИТТ,"Шайба подложна, DIN 125, vZn, M16",00125 0001 16,00001194,M,L,L,100 бр.,,0.0,2.622927350536601,0.0,0.0,0.0,,"Шайба подложна, DIN 125, vZn, M16",N,1.0,2.0,,ИТТ,228,,0.0,1.5,,,,,,,0,Y,0,,0.0,,0,0.0,0.0,Y,Y,Y,N,1171,,0.0,,,,,,,AEM10KW,0.0,0.0,0.0,0.0,0,0.0,0.0,0.0,0.0,N
5279,16,1,2025-08-13 14:32:44.000,1320962434,2026-07-07 08:55:48.368,ИТТ,"Шайба пружинна, DIN 127B, vZn, M8",0012700218,00001206,M,L,L,100 бр.,,0.0,0.5573081505038782,0.0,0.0,0.0,,"Шайба пружинна, DIN 127B, vZn, M8",N,1.0,2.0,,ИТТ,64,,0.0,1.5,,,,,,,0,Y,0,,0.0,,0,0.0,0.0,Y,Y,Y,N,1172,,0.0,,,,,,,AEM10KW,0.0,0.0,0.0,0.0,0,0.0,0.0,0.0,0.0,N
5279,18,1,2025-08-13 14:32:44.000,1316458368,2026-07-07 08:22:10.975,ИТТ,Шайба пружинна vZn-M12,00127002112,00001202,M,L,L,бр.,,,0.013651,0.0,0.0,0.0,,"Шайба пружинна, DIN 127B, vZn, M12",P,1.0,2.0,,ИТТ,124,,0.0,1.5,,,,,,,0,Y,0,,0.0,,0,0.0,0.0,Y,Y,Y,N,1173,,0.0,,,,,,,AEM10KW,0.0,0.0,0.0,0.0,0,0.0,0.0,0.0,0.0,N
5279,20,1,2025-08-13 14:32:44.000,1320962434,2026-07-07 08:55:48.323,ИТТ,"Шпилка, DIN 976, 10.9, Bl., M 16 x 2000",00975 1000 16 2000,00001222,M,L,L,бр.,,,824.6524493437569,0.0,0.0,0.0,,"Шпилка, DIN 976, 10.9, Bl., M 16 x 2000",N,1.0,2.0,,ИТТ,3.75,,0.0,1.5,,,,,,,0,Y,0,,0.0,,0,0.0,0.0,Y,Y,Y,N,1174,,0.0,,,,,,,AEM10KW,0.0,0.0,0.0,0.0,0,0.0,0.0,0.0,0.0,N
5280,0,1,2025-08-13 14:32:44.000,1318837203,2026-06-17 14:08:41.851,М8,Шпилка 8.8 vZn M8x1000,00975 8801 8,00001224,M,L,L,бр.,,,95.836198,0.0,0.0,0.0,,"Шпилка, DIN 976, 8.8, vZn, M 8 x 1000",N,1.0,2.0,,ИТТ,0.5575,,0.0,1.5,,,,,,,0,Y,0,,0.0,,0,0.0,0.0,Y,Y,Y,N,1175,,0.0,,,,,,,AEM10KW,0.0,0.0,0.0,0.0,0,0.0,0.0,0.0,0.0,N
5280,2,1,2025-08-13 14:32:44.000,1316458886,2026-06-23 16:00:50.985,Скоби,Скоба за тръба 1``,,00000990,M,L,L,бр.,,,3.9880619999999998,0.0,0.0,0.0,,Цената не е актуална,P,1.0,2.0,,,13,,0.0,1.5,,,,,,,0,Y,0,,0.0,,0,0.0,0.0,Y,Y,Y,N,1176,,0.0,,,,,,,AEM10KW,0.0,0.0,0.0,0.0,0,0.0,0.0,0.0,0.0,N
5280,4,1,2025-08-13 14:32:44.000,1316458861,2026-06-23 16:00:50.934,Скоби,Скоба за тръба 2``,,00000992,M,L,L,бр.,,,5.62419,0.0,0.0,0.0,,Цената не е актуална,P,1.0,2.0,,,11,,0.0,1.5,,,,,,,0,Y,0,,0.0,,0,0.0,0.0,Y,Y,Y,N,1177,,0.0,,,,,,,AEM10KW,0.0,0.0,0.0,0.0,0,0.0,0.0,0.0,0.0,N
5280,6,1,2025-08-13 14:32:44.000,1320962434,2026-03-02 14:59:34.410,Крепежи машина,Окачвач 200 мм,,00000796,M,L,L,бр.,,0.0,0.0,0.0,0.0,0.0,,Окачвач 200 мм,N,1.0,2.0,,,1,,0.0,1.5,,,,,,,0,Y,0,,0.0,,0,0.0,0.0,Y,Y,Y,N,1178,,0.0,,,,,,,AEM10KW,0.0,0.0,0.0,0.0,0,0.0,0.0,0.0,0.0,N
5280,8,1,2025-08-13 14:32:44.000,1320962434,2026-07-07 08:57:57.323,Бактрейд,Тампон MGP 50x50mm M10x28,68531750,00001039,M,L,L,бр.,,0.0,5.225403025825353,0.0,0.0,0.0,,Тампон MGP 50x50mm M10x28,N,1.0,2.0,,Бактрейд,10,,0.0,1.5,,,,,,,0,Y,0,,0.0,,0,0.0,0.0,Y,Y,Y,N,1179,,0.0,,,,,,,AEM10KW,0.0,0.0,0.0,0.0,0,0.0,0.0,0.0,0.0,N
5280,10,1,2025-08-13 14:32:44.000,1320962434,2026-07-07 08:58:51.821,Крисметал,Тапа 304L 150LBS 1/2``,101004,00001042,M,L,L,бр.,,0.0,0.690244039614895,0.0,0.0,0.0,,Тапа 304L 150LBS 1/2``,N,1.0,2.0,,КРИСМЕТАЛ,4,,0.0,1.5,,,,,,,0,Y,0,,0.0,,0,0.0,0.0,Y,Y,Y,N,1180,,0.0,,,,,,,AEM10KW,0.0,0.0,0.0,0.0,0,0.0,0.0,0.0,0.0,N
5280,12,1,2025-08-13 14:32:44.000,1320962434,2026-03-02 14:59:34.426,Крепежи машина,Тапа 40х40,,00001046,M,L,L,бр.,,0.0,0.0,0.0,0.0,0.0,,Тапа 40х40,N,1.0,2.0,,,1,,0.0,1.5,,,,,,,0,Y,0,,0.0,,0,0.0,0.0,Y,Y,Y,N,1181,,0.0,,,,,,,AEM10KW,0.0,0.0,0.0,0.0,0,0.0,0.0,0.0,0.0,N
5280,14,1,2025-08-13 14:32:44.000,1320962434,2026-03-02 14:59:34.426,Крепежи машина,Тапа 50х50,,00001048,M,L,L,бр.,,0.0,0.0,0.0,0.0,0.0,,Тапа 50х50,N,1.0,2.0,,,6,,0.0,1.5,,,,,,,0,Y,0,,0.0,,0,0.0,0.0,Y,Y,Y,N,1182,,0.0,,,,,,,AEM10KW,0.0,0.0,0.0,0.0,0,0.0,0.0,0.0,0.0,N
5280,16,1,2025-08-13 14:32:44.000,1320962434,2026-03-02 14:59:34.426,Крепежи машина,Тапа с отвор 50х50,,00001052,M,L,L,бр.,,0.0,0.0,0.0,0.0,0.0,,Тапа с отвор 50х50,N,1.0,2.0,,,4,,0.0,1.5,,,,,,,0,Y,0,,0.0,,0,0.0,0.0,Y,Y,Y,N,1183,,0.0,,,,,,,AEM10KW,0.0,0.0,0.0,0.0,0,0.0,0.0,0.0,0.0,N
5280,18,1,2025-08-13 14:32:44.000,1320962435,2026-03-02 14:59:34.395,Крепежи машина,Крепежи - сини,,00000684,M,L,L,бр.,,0.0,0.0,0.0,0.0,0.0,,Крепежи - сини,N,1.0,2.0,,,4,,0.0,1.5,,,,,,,0,Y,0,,0.0,,0,0.0,0.0,Y,Y,Y,N,1184,,0.0,,,,,,,AEM10KW,0.0,0.0,0.0,0.0,0,0.0,0.0,0.0,0.0,N
5280,20,1,2025-08-13 14:32:44.000,1320962435,2026-03-02 14:59:34.410,Крепежи машина,Обтегачи + въжета,,00000793,M,L,L,бр.,,0.0,0.0,0.0,0.0,0.0,,Обтегачи + въжета,N,1.0,2.0,,,0,,0.0,1.5,,,,,,,0,Y,0,,0.0,,0,0.0,0.0,Y,Y,Y,N,1185,,0.0,,,,,,,AEM10KW,0.0,0.0,0.0,0.0,0,0.0,0.0,0.0,0.0,N
5280,22,1,2025-08-13 14:32:34.000,1320962435,2026-07-07 09:16:51.071,0. Разни,Захранване 10 kW,,00000528,M,L,L,бр.,,0.0,0.0,0.0,0.0,0.0,,Захранване 10 kW,N,1.0,2.0,,,1,,0.0,1.5,,,,,,,0,Y,0,,0.0,,0,0.0,0.0,Y,Y,Y,N,948,,0.0,,,,,,,AEM10KW,0.0,0.0,0.0,0.0,0,0.0,0.0,0.0,0.0,N
5280,23,1,2025-08-15 08:27:28.409,1320962435,2026-06-23 10:38:32.118,Колена на резба,Коляно 90° 304L резба М/Ж 1“,101406,00001307,M,L,L,бр.,,,0.5112918811962185,0.0,0.0,0.0,,,N,0.0,0.0,,КРИСМЕТАЛ,,,,1.5,,,,,,,,Y,0,,0.0,,,0.0,0.0,Y,Y,Y,N,1341,,0.0,,,,,,,,,,,,0,0.0,0.0,0.0,,N
5281,0,1,2025-08-13 14:32:34.000,1316463670,2026-03-27 12:52:22.001,Сензори,Трансмитер за налягане взривозащитен,IPS-G-403-05-I-04-D,00001074,M,L,L,бр.,,,260.7579,0.0,0.0,0.0,,"Трансмитер за налягане, взривозащитен",P,1.0,2.0,,Сензорматик,1,,0.0,1.5,,,,,,,0,Y,0,,0.0,,0,0.0,0.0,Y,Y,Y,N,950,,0.0,,,,,,,AEM10KW,0.0,0.0,0.0,0.0,0,0.0,0.0,0.0,0.0,N
5281,2,1,2025-08-13 14:32:34.000,1320962435,2026-07-07 09:19:38.965,Айса консулт,Вентилатор KSA 400 4K-М,-,00000445,M,L,L,бр.,,0.0,133.57500396251208,0.0,0.0,0.0,,Вентилатор KSA 400 4K-М,N,1.0,2.0,,Айса Консулт,2,,0.0,1.5,,,,,,,0,Y,0,,0.0,,0,0.0,0.0,Y,Y,Y,N,951,,0.0,,,,,,,AEM10KW,0.0,0.0,0.0,0.0,0,0.0,0.0,0.0,0.0,N
5281,4,1,2025-08-13 14:32:34.000,1331558102,2026-06-16 14:15:44.068,Сензори,Нивомер поплавъчен тип 8181,W KSR 118332,00000880,M,L,L,бр.,,,86.66,0.0,0.0,0.0,,Поплавъчен нивомер тип 8181,P,1.0,2.0,,LD GmbH,1,,0.0,1.5,,,,,,,0,Y,0,,0.0,,0,0.0,0.0,Y,Y,Y,N,952,,0.0,,,,,,,AEM10KW,0.0,0.0,0.0,0.0,0,0.0,0.0,0.0,0.0,N
5281,6,1,2025-08-13 14:32:34.000,1320962435,2026-07-07 09:19:11.439,Тапфло,"Центробежна помпа TPH100 TH/0,1kW резба 3/4",-,00001171,M,L,L,бр.,,0.0,373.2430732732395,0.0,0.0,0.0,,"Центробежна помпа TPH100 TH/0,1kW резба 3/4",N,1.0,2.0,,Тапфло,,,0.0,1.5,,,,,,,0,Y,0,,0.0,,0,0.0,0.0,Y,Y,Y,N,953,,0.0,,,,,,,AEM10KW,0.0,0.0,0.0,0.0,0,0.0,0.0,0.0,0.0,N
5281,8,1,2025-08-13 14:32:38.000,1320962435,2026-07-07 09:20:04.901,Green Power,Захранване 30 kW,GA-300A/100V-STA,00000531,M,L,L,бр.,,0.0,0.0,0.0,0.0,0.0,,Захранване 30 kW,N,1.0,2.0,,Green Power,1,,0.0,1.5,,,,,,,0,Y,0,,0.0,,0,0.0,0.0,Y,Y,Y,N,1008,,0.0,,,,,,,AEM10KW,0.0,0.0,0.0,0.0,0,0.0,0.0,0.0,0.0,N
5281,10,1,2025-08-13 14:32:38.000,1320962435,2026-03-02 14:59:33.801,ЛД,Регулиращ вентил G1/2,BU 20052319,00000932,M,L,L,бр.,,0.0,0.0,0.0,0.0,0.0,,Регулиращ вентил G1/2,N,1.0,2.0,,LD GmbH,2,,0.0,1.5,,,,,,,0,Y,0,,0.0,,0,0.0,0.0,Y,Y,Y,N,1009,,0.0,,,,,,,AEM10KW,0.0,0.0,0.0,0.0,0,0.0,0.0,0.0,0.0,N
5281,12,1,2025-08-13 14:32:38.000,1320962435,2026-03-02 14:59:33.785,ЛД,Бобина 24V DC / 8 W,OD BDA08024CS,00000425,M,L,L,бр.,,0.0,0.0,0.0,0.0,0.0,,Бобина 24V DC / 8 W,N,1.0,2.0,,LD GmbH,6,,0.0,1.5,,,,,,,0,Y,0,,0.0,,0,0.0,0.0,Y,Y,Y,N,1010,,0.0,,,,,,,AEM10KW,0.0,0.0,0.0,0.0,0,0.0,0.0,0.0,0.0,N
5281,14,1,2025-08-13 14:32:38.000,1320962435,2026-03-02 14:59:33.801,ЛД,Магнетвентил 1/4`` (без бобина),21L2K1T30,00000715,M,L,L,бр.,,,67.14284983868741,0.0,0.0,0.0,,Магнетвентил 1/4`` (без бобина),P,1.0,2.0,,LD GmbH,6,,0.0,1.5,,,,,,,0,Y,0,,0.0,,0,0.0,0.0,Y,Y,Y,N,1011,,0.0,,,,,,,AEM10KW,0.0,0.0,0.0,0.0,0,0.0,0.0,0.0,0.0,N
5281,16,1,2025-08-13 14:32:38.000,1320962435,2026-07-07 09:16:51.029,0. Разни,Задвижки,,00000527,M,L,L,бр.,,0.0,0.0,0.0,0.0,0.0,,Задвижки,N,1.0,2.0,,,2,,0.0,1.5,,,,,,,0,Y,0,,0.0,,0,0.0,0.0,Y,Y,Y,N,1012,,0.0,,,,,,,AEM10KW,0.0,0.0,0.0,0.0,0,0.0,0.0,0.0,0.0,N
5281,18,1,2025-08-13 14:32:38.000,1320962435,2026-07-07 09:16:50.983,0. Разни,ДСферични кранове за задвижка,,00000502,M,L,L,бр.,,0.0,0.0,0.0,0.0,0.0,,ДСферични кранове за задвижка,N,1.0,2.0,,,2,,0.0,1.5,,,,,,,0,Y,0,,0.0,,0,0.0,0.0,Y,Y,Y,N,1013,,0.0,,,,,,,AEM10KW,0.0,0.0,0.0,0.0,0,0.0,0.0,0.0,0.0,N
5281,20,1,2025-08-13 14:32:44.000,1316461476,2026-06-23 10:45:32.010,5. Устройства,Захранване 275 kW,GA-2500A/ 110V-SCR6,00000530,M,L,L,бр.,,,27500.883052999998,0.0,0.0,0.0,,Захранване 275 kW,P,1.0,2.0,,Green Power,2,,0.0,1.5,,,,,,,0,Y,0,,0.0,,0,0.0,0.0,Y,Y,Y,N,1186,,0.0,,,,,,,AEM10KW,0.0,0.0,0.0,0.0,0,0.0,0.0,0.0,0.0,N
5281,22,1,2025-08-13 14:32:44.000,1320962435,2026-07-07 09:19:11.488,Тапфло,"Центробежна помпа с магнитно задвижна AISI316 1,",-,00001172,M,L,L,бр.,,0.0,2479.76562380166,0.0,0.0,0.0,,"Центробежна помпа с магнитно задвижна AISI316 1,5kW",N,1.0,2.0,,Тапфло,2,,0.0,1.5,,,,,,,0,Y,0,,0.0,,0,0.0,0.0,Y,Y,Y,N,1187,,0.0,,,,,,,AEM10KW,0.0,0.0,0.0,0.0,0,0.0,0.0,0.0,0.0,N
5283,0,1,2025-08-13 14:32:44.000,1309163070,2026-06-23 13:27:53.691,2.5.5. Клапани,Иглен клапан (Slid. Gate Mot. Valve 8038 О2),4029075,00000362,M,L,L,бр.,,,3233.29,0.0,0.0,0.0,,Sliding Gate Motor Valve 8038 О2,P,1.0,2.0,,Schubert & Salzer,1,,0.0,1.5,,,,,,,0,Y,0,,0.0,,0,0.0,0.0,Y,Y,Y,N,1188,,0.0,,,,,,,AEM10KW,0.0,0.0,0.0,0.0,0,0.0,0.0,0.0,0.0,N
5283,1,1,2025-09-12 15:38:43.133,1319535666,2026-06-23 10:48:32.408,2.1. Тръби,"Тръба шевна 304L (48,3х3) 1 1/2“",071709,00001105,M,L,L,м.,,,16.141424999999998,0.0,0.0,0.0,,,N,0.0,0.0,,КРИСМЕТАЛ,,,,1.5,,,,,,,,Y,0,,0.0,,,0.0,0.0,Y,Y,Y,N,1387,,0.0,,,,,,,,,,,,0,0.0,0.0,0.0,,N
5283,2,1,2025-08-13 14:32:44.000,1309163070,2026-06-23 13:27:53.691,2.5.5. Клапани,Иглен клапан (Slid. Gate Mot. Valve 8038 H2),4029081,00000360,M,L,L,бр.,,,3569.44,0.0,0.0,0.0,,Sliding Gate Motor Valve 8038 H2,P,1.0,2.0,,Schubert & Salzer,1,,0.0,1.5,,,,,,,0,Y,0,,0.0,,0,0.0,0.0,Y,Y,Y,N,1189,,0.0,,,,,,,AEM10KW,0.0,0.0,0.0,0.0,0,0.0,0.0,0.0,0.0,N
5283,4,1,2025-08-13 14:32:44.000,1323753853,2026-06-16 13:30:08.978,Сензори,Дебитомер (flowmeter) калиева основа,SM2100,00000985,M,L,L,бр.,,,512.2666591677191,0.0,0.0,0.0,,Сензор за поток (flowmeter),P,1.0,2.0,,ifm,2,,0.0,1.5,,,,,,,0,Y,0,,0.0,,0,0.0,0.0,Y,Y,Y,N,1190,,0.0,,,,,,,AEM10KW,0.0,0.0,0.0,0.0,0,0.0,0.0,0.0,1.0,N
5283,6,1,2025-08-13 14:32:44.000,1323753890,2026-03-30 12:56:01.500,Сензори,Монтажен комплект (flowmeter),E40240,00000738,M,L,L,бр.,,,159.83947999999998,0.0,0.0,0.0,,Монтажен комплект (flowmeter),N,1.0,2.0,,ifm,2,,0.0,1.5,,,,,,,0,Y,0,,0.0,,0,0.0,0.0,Y,Y,Y,N,1191,,0.0,,,,,,,AEM10KW,0.0,0.0,0.0,0.0,0,0.0,0.0,0.0,1.0,N
5283,8,1,2025-08-13 14:32:44.000,1323750084,2026-06-23 13:27:42.191,2.5.4. Вентили,Магнетвентил 1/4“,21L2K1V25,00000717,M,L,L,бр.,,,67.14515899999999,0.0,0.0,0.0,,Магнетвентил 1/4````,N,1.0,2.0,,LD GmbH,2,,0.0,1.5,,,,,,,0,Y,0,,0.0,,0,0.0,0.0,Y,Y,Y,N,1192,,0.0,,,,,,,AEM10KW,0.0,0.0,0.0,0.0,0,0.0,0.0,0.0,0.0,N
5283,10,1,2025-08-13 14:32:44.000,1316433400,2026-06-23 13:27:42.191,2.5.4. Вентили,Магнетвентил 1“,21IH6K1V250,00000719,M,L,L,бр.,,,191.66,0.0,0.0,0.0,,Магнетвентил 1``,P,1.0,2.0,,LD GmbH,2,,0.0,1.5,,,,,,,0,Y,0,,0.0,,0,0.0,0.0,Y,Y,Y,N,1193,,0.0,,,,,,,AEM10KW,0.0,0.0,0.0,0.0,0,0.0,0.0,0.0,0.0,N
5283,12,1,2025-08-13 14:32:44.000,1316462576,2026-06-23 13:28:00.801,2.5.6. Актуатори,Актуатор електрически 24V,85L00001,00000416,M,L,L,бр.,,,167.754249,0.0,0.0,0.0,,"Актуатор електрически 24V, комплект с 1преходник и 4 болта М5х12",P,1.0,2.0,,LD GmbH,2,,0.0,1.5,,,,,,,0,Y,0,,0.0,,0,0.0,0.0,Y,Y,Y,N,1194,,0.0,,,,,,,AEM10KW,0.0,0.0,0.0,0.0,0,0.0,0.0,0.0,0.0,N
5283,14,1,2025-08-13 14:32:44.000,1316462686,2026-06-23 13:28:00.801,2.5.6. Актуатори,Актуатор JJ ON/OFF J4C-S55 24-240VD,4401521,00000304,M,L,L,бр.,,0.0,316.9998,0.0,0.0,0.0,,JJ Електрическа задвижка ON/OFF J4C-S55 24-240VDC/AC,N,1.0,2.0,,КРИСМЕТАЛ,2,,0.0,1.5,,,,,,,0,Y,0,,0.0,,0,0.0,0.0,Y,Y,Y,N,1195,,0.0,,,,,,,AEM10KW,0.0,0.0,0.0,0.0,0,0.0,0.0,0.0,0.0,N
5283,16,1,2025-08-13 14:32:44.000,1321956527,2026-06-17 14:08:41.851,Сензори,Сензор за газ H2 GS-220,GS-220.B.V.02-06/H2,00000982,M,L,L,бр.,,,177.32,0.0,0.0,0.0,,Сензор за газ H2 GS-220,P,1.0,2.0,,Инвест Електроникс,1,,0.0,1.5,,,,,,,0,Y,0,,0.0,,0,0.0,0.0,Y,Y,Y,N,1196,,0.0,,,,,,,AEM10KW,0.0,0.0,0.0,0.0,0,0.0,0.0,0.0,0.0,N
5283,18,1,2025-08-13 14:32:44.000,1316462888,2026-06-23 10:45:32.010,5. Устройства,Вентилатор (KSA 600 4K-T),-,00000446,M,L,L,бр.,,,173.83859999999999,0.0,0.0,0.0,,Вентилатор KSA 600 4K-T,P,1.0,2.0,,Айса Консулт,4,,0.0,1.5,,,,,,,0,Y,0,,0.0,,0,0.0,0.0,Y,Y,Y,N,1197,,0.0,,,,,,,AEM10KW,0.0,0.0,0.0,0.0,0,0.0,0.0,0.0,0.0,N
5283,20,1,2025-08-13 14:32:34.000,1320962435,2026-07-07 08:23:31.888,Delta instruments,Трансмитер с галванично разделяне PISO-U,-,00001077,M,L,L,бр.,,0.0,92.03253861531933,0.0,0.0,0.0,,Трансмитер с галванично разделяне PISO-U,N,1.0,2.0,,delta Instruments,1,,0.0,1.5,,,,,,,0,Y,0,,0.0,,0,0.0,0.0,Y,Y,Y,N,954,,0.0,,,,,,,AEM10KW,0.0,0.0,0.0,0.0,0,0.0,0.0,0.0,0.0,N
5284,0,1,2025-08-13 14:32:34.000,1317035198,2026-06-24 10:45:53.353,"Прекъсвачи, Предпазители",Прекъсвач мин. AMPARO 6kA C 63А 3P,AM617363--,00000734,M,L,L,бр.,,0.0,11.205943,0.0,0.0,0.0,,Миниатюрен прекъсвач 63А,N,1.0,2.0,,ШРАК ТЕХНИК ЕООД,1,,0.0,1.5,,,,,,,0,Y,0,,0.0,,0,0.0,0.0,Y,Y,Y,N,955,,0.0,,,,,,,AEM10KW,0.0,0.0,0.0,0.0,0,0.0,0.0,0.0,0.0,N
5284,2,1,2025-08-13 14:32:34.000,1320962435,2026-07-03 15:25:47.548,Шрак техник ЕООД,Клема нулева за 7 проводника,IK021036--,00000624,M,L,L,бр.,,0.0,0.9109176155391829,0.0,0.0,0.0,,Клема нулева за 7 проводника,N,1.0,2.0,,ШРАК ТЕХНИК ЕООД,1,,0.0,1.5,,,,,,,0,Y,0,,0.0,,0,0.0,0.0,Y,Y,Y,N,956,,0.0,,,,,,,AEM10KW,0.0,0.0,0.0,0.0,0,0.0,0.0,0.0,0.0,N
5284,4,1,2025-08-13 14:32:34.000,1320962435,2026-07-03 15:25:47.506,Шрак техник ЕООД,Клема нулева за 15 проводника изолирана,IK021038I-,00000623,M,L,L,бр.,,0.0,1.933092344426663,0.0,0.0,0.0,,Клема нулева за 15 проводника изолирана,N,1.0,2.0,,ШРАК ТЕХНИК ЕООД,1,,0.0,1.5,,,,,,,0,Y,0,,0.0,,0,0.0,0.0,Y,Y,Y,N,957,,0.0,,,,,,,AEM10KW,0.0,0.0,0.0,0.0,0,0.0,0.0,0.0,0.0,N
5284,6,1,2025-08-13 14:32:34.000,1320962435,2026-07-03 15:25:47.464,Шрак техник ЕООД,Клема заземителна за 15 проводника,,00000622,M,L,L,бр.,,0.0,0.0,0.0,0.0,0.0,,Клема заземителна за 15 проводника,N,1.0,2.0,,ШРАК ТЕХНИК ЕООД,1,,0.0,1.5,,,,,,,0,Y,0,,0.0,,0,0.0,0.0,Y,Y,Y,N,958,,0.0,,,,,,,AEM10KW,0.0,0.0,0.0,0.0,0,0.0,0.0,0.0,0.0,N
5284,8,1,2025-08-13 14:32:34.000,1320962435,2026-07-03 15:25:47.590,Шрак техник ЕООД,Клеми маркировки 100x,IK1900,00000632,M,L,L,100 бр.,,0.0,4.613693419162197,0.0,0.0,0.0,,Клеми маркировки 100x,N,1.0,2.0,,ШРАК ТЕХНИК ЕООД,0.1,,0.0,1.5,,,,,,,0,Y,0,,0.0,,0,0.0,0.0,Y,Y,Y,N,959,,0.0,,,,,,,AEM10KW,0.0,0.0,0.0,0.0,0,0.0,0.0,0.0,0.0,N
5284,10,1,2025-08-13 14:32:34.000,1320962435,2026-07-03 15:25:11.856,Шрак техник ЕООД,Винтова клема 6mm сива,IK600006--,00000459,M,L,L,бр.,,0.0,0.37896954234263713,0.0,0.0,0.0,,Винтова клема 6mm сива,N,1.0,2.0,,ШРАК ТЕХНИК ЕООД,3,,0.0,1.5,,,,,,,0,Y,0,,0.0,,0,0.0,0.0,Y,Y,Y,N,960,,0.0,,,,,,,AEM10KW,0.0,0.0,0.0,0.0,0,0.0,0.0,0.0,0.0,N
5284,12,1,2025-08-13 14:32:34.000,1320962435,2026-07-03 15:25:11.900,Шрак техник ЕООД,Винтова клема 6mm синя,IK601006--,00000460,M,L,L,бр.,,0.0,0.42069095984824856,0.0,0.0,0.0,,Винтова клема 6mm синя,N,1.0,2.0,,ШРАК ТЕХНИК ЕООД,1,,0.0,1.5,,,,,,,0,Y,0,,0.0,,0,0.0,0.0,Y,Y,Y,N,961,,0.0,,,,,,,AEM10KW,0.0,0.0,0.0,0.0,0,0.0,0.0,0.0,0.0,N
5284,14,1,2025-08-13 14:32:34.000,1320962435,2026-07-03 15:25:11.772,Шрак техник ЕООД,"Винтова клема 2,5mm червена",IK608002--,00000457,M,L,L,бр.,,0.0,0.2885731377471457,0.0,0.0,0.0,,"Винтова клема 2,5mm червена",N,1.0,2.0,,ШРАК ТЕХНИК ЕООД,7,,0.0,1.5,,,,,,,0,Y,0,,0.0,,0,0.0,0.0,Y,Y,Y,N,962,,0.0,,,,,,,AEM10KW,0.0,0.0,0.0,0.0,0,0.0,0.0,0.0,0.0,N
5284,16,1,2025-08-13 14:32:34.000,1320962435,2026-07-03 15:25:11.815,Шрак техник ЕООД,Винтова клема 6mm PE,IK622010--,00000458,M,L,L,бр.,,0.0,1.3385621449717,0.0,0.0,0.0,,Винтова клема 6mm PE,N,1.0,2.0,,ШРАК ТЕХНИК ЕООД,1,,0.0,1.5,,,,,,,0,Y,0,,0.0,,0,0.0,0.0,Y,Y,Y,N,963,,0.0,,,,,,,AEM10KW,0.0,0.0,0.0,0.0,0,0.0,0.0,0.0,0.0,N
5284,18,1,2025-08-13 14:32:34.000,1320962435,2026-07-03 15:25:47.411,Шрак техник ЕООД,Импулсно реле 230V,LQA01230--,00000548,M,L,L,бр.,,0.0,5.875766298706943,0.0,0.0,0.0,,Импулсно реле 230V,N,1.0,2.0,,ШРАК ТЕХНИК ЕООД,1,,0.0,1.5,,,,,,,0,Y,0,,0.0,,0,0.0,0.0,Y,Y,Y,N,964,,0.0,,,,,,,AEM10KW,0.0,0.0,0.0,0.0,0,0.0,0.0,0.0,0.0,N
5284,20,1,2025-08-13 14:32:34.000,1320962435,2026-06-16 13:30:08.978,Контактори,"Контактор 30kW/65A, AC-3, 230V AC размер 2",LTD26533,00000678,M,L,L,бр.,,,73.04724848274134,0.0,0.0,0.0,,Контактор 30kW/65A,N,1.0,2.0,,ШРАК ТЕХНИК ЕООД,1,,0.0,1.5,,,,,,,0,Y,0,,0.0,,0,0.0,0.0,Y,Y,Y,N,965,,0.0,,,,,,,AEM10KW,0.0,0.0,0.0,0.0,0,0.0,0.0,0.0,0.0,N
5284,22,1,2025-08-13 14:32:34.000,1320962435,2026-07-03 15:26:26.581,Шрак техник ЕООД,Фланец STOP бутон,MM216374--,00001138,M,L,L,бр.,,0.0,0.7301248063482,0.0,0.0,0.0,,Фланец STOP бутон,N,1.0,2.0,,ШРАК ТЕХНИК ЕООД,1,,0.0,1.5,,,,,,,0,Y,0,,0.0,,0,0.0,0.0,Y,Y,Y,N,966,,0.0,,,,,,,AEM10KW,0.0,0.0,0.0,0.0,0,0.0,0.0,0.0,0.0,N
5285,0,1,2025-08-13 14:32:34.000,1320962435,2026-07-03 15:25:47.633,Шрак техник ЕООД,Контакт STOP бутон,MM216378--,00000677,M,L,L,бр.,,0.0,1.5819370804211,0.0,0.0,0.0,,Контакт STOP бутон,N,1.0,2.0,,ШРАК ТЕХНИК ЕООД,1,,0.0,1.5,,,,,,,0,Y,0,,0.0,,0,0.0,0.0,Y,Y,Y,N,967,,0.0,,,,,,,AEM10KW,0.0,0.0,0.0,0.0,0,0.0,0.0,0.0,0.0,N
5285,2,1,2025-08-13 14:32:34.000,1334342973,2026-07-14 10:18:49.199,Други (Електроника),"Табелка авариен STOP, D=60mm",MM216483--,00001036,M,L,L,бр.,,0.0,2.91,0.0,0.0,0.0,,"Табелка авариен STOP, D=60mm",N,1.0,2.0,,ШРАК ТЕХНИК ЕООД,1,,0.0,1.5,,,,,,,0,Y,0,,0.0,,0,0.0,0.0,Y,Y,Y,N,968,,0.0,,,,,,,AEM10KW,0.0,0.0,0.0,0.0,0,0.0,0.0,0.0,0.0,N
5285,4,1,2025-08-13 14:32:34.000,1320962435,2026-07-03 15:25:11.640,Шрак техник ЕООД,Авариен STOP бутон,MM216876--,00000414,M,L,L,бр.,,0.0,8.958345050438945,0.0,0.0,0.0,,Авариен STOP бутон,N,1.0,2.0,,ШРАК ТЕХНИК ЕООД,1,,0.0,1.5,,,,,,,0,Y,0,,0.0,,0,0.0,0.0,Y,Y,Y,N,969,,0.0,,,,,,,AEM10KW,0.0,0.0,0.0,0.0,0,0.0,0.0,0.0,0.0,N
5285,6,1,2025-08-13 14:32:34.000,1320962435,2026-07-03 15:26:05.706,Шрак техник ЕООД,Реле 24V,PT570024--,00000961,M,L,L,бр.,,0.0,2.9956591319286443,0.0,0.0,0.0,,Реле 24V,N,1.0,2.0,,ШРАК ТЕХНИК ЕООД,1,,0.0,1.5,,,,,,,0,Y,0,,0.0,,0,0.0,0.0,Y,Y,Y,N,970,,0.0,,,,,,,AEM10KW,0.0,0.0,0.0,0.0,0,0.0,0.0,0.0,0.0,N
5285,8,1,2025-08-13 14:32:34.000,1320962435,2026-06-16 13:30:08.978,Релета,Реле мини тип PT 14 пина 4CO 230AC 6A,PT570730,00000963,M,L,L,бр.,,,4.749901576312869,0.0,0.0,0.0,,"Реле с 14 пина, 6А",N,1.0,2.0,,ШРАК ТЕХНИК ЕООД,1,,0.0,1.5,,,,,,,0,Y,0,,0.0,,0,0.0,0.0,Y,Y,Y,N,971,,0.0,,,,,,,"AEM10KW, 500kW",0.0,0.0,0.0,0.0,0,0.0,0.0,0.0,0.0,N
5285,10,1,2025-08-13 14:32:34.000,1320962435,2026-07-03 15:26:26.540,Шрак техник ЕООД,"Цокъл за реле 14пина, 6А",PT78742---,00001178,M,L,L,бр.,,0.0,3.4931461323325648,0.0,0.0,0.0,,"Цокъл за реле 14пина, 6А",N,1.0,2.0,,ШРАК ТЕХНИК ЕООД,1,,0.0,1.5,,,,,,,0,Y,0,,0.0,,0,0.0,0.0,Y,Y,Y,N,972,,0.0,,,,,,,AEM10KW,0.0,0.0,0.0,0.0,0,0.0,0.0,0.0,0.0,N
5285,12,1,2025-08-13 14:32:34.000,1320962435,2026-07-03 15:26:26.493,Шрак техник ЕООД,"Цокъл за реле с 14 пина, 10А",YRS50004--,00001179,M,L,L,бр.,,0.0,1.8503653180491149,0.0,0.0,0.0,,"Цокъл за реле с 14 пина, 10А",N,1.0,2.0,,ШРАК ТЕХНИК ЕООД,1,,0.0,1.5,,,,,,,0,Y,0,,0.0,,0,0.0,0.0,Y,Y,Y,N,973,,0.0,,,,,,,AEM10KW,0.0,0.0,0.0,0.0,0,0.0,0.0,0.0,0.0,N
5285,14,1,2025-08-13 14:32:34.000,1320962435,2026-07-03 15:31:00.500,Технополис,АДАПТЕР TP-LINK USB WN-722 N,565834,00000410,M,L,L,бр.,,0.0,9.709432823916188,0.0,0.0,0.0,,АДАПТЕР TP-LINK USB WN-722 N,N,1.0,2.0,,Technopolis,1,,0.0,1.5,,,,,,,0,Y,0,,0.0,,0,0.0,0.0,Y,Y,Y,N,974,,0.0,,,,,,,AEM10KW,0.0,0.0,0.0,0.0,0,0.0,0.0,0.0,0.0,N
5285,16,1,2025-08-13 14:32:34.000,1320962435,2026-07-03 15:30:11.848,ИНТ Уорълд,Sonoff Smart Switch Basic R2,-,00000364,M,L,L,бр.,,0.0,7.071166716943702,0.0,0.0,0.0,,Sonoff Smart Switch Basic R2,N,1.0,2.0,,ИНТ УОРЛД,1,,0.0,1.5,,,,,,,0,Y,0,,0.0,,0,0.0,0.0,Y,Y,Y,N,975,,0.0,,,,,,,AEM10KW,0.0,0.0,0.0,0.0,0,0.0,0.0,0.0,0.0,N
5285,18,1,2025-08-13 14:32:34.000,1320962435,2026-07-03 15:27:44.353,Унител,SDR-I 20-24 захр. устройство,2080,00000347,M,L,L,бр.,,0.0,48.57272871364076,0.0,0.0,0.0,,SDR-I 20-24 захр. устройство,N,1.0,2.0,,Унител,1,,0.0,1.5,,,,,,,0,Y,0,,0.0,,0,0.0,0.0,Y,Y,Y,N,976,,0.0,,,,,,,AEM10KW,0.0,0.0,0.0,0.0,0,0.0,0.0,0.0,0.0,N
5285,20,1,2025-08-13 14:32:34.000,1320962435,2026-07-03 15:35:13.293,1) Грийн Иновейшън АД,Платки,,00000865,M,L,L,бр.,,0.0,0.0,0.0,0.0,0.0,,Платки,N,1.0,2.0,,,1,,0.0,1.5,,,,,,,0,Y,0,,0.0,,0,0.0,0.0,Y,Y,Y,N,977,,0.0,,,,,,,AEM10KW,0.0,0.0,0.0,0.0,0,0.0,0.0,0.0,0.0,N
5285,22,1,2025-08-13 14:32:44.000,1317033613,2026-07-03 15:39:28.371,0. Разни,Компютър,,00000664,M,L,L,бр.,,0.0,102.258,0.0,0.0,0.0,,Компютър,N,1.0,2.0,,,1,,0.0,1.5,,,,,,,0,Y,0,,0.0,,0,0.0,0.0,Y,Y,Y,N,1198,,0.0,,,,,,,AEM10KW,0.0,0.0,0.0,0.0,0,0.0,0.0,0.0,0.0,N
5286,0,1,2025-08-13 14:32:44.000,1320962435,2026-07-03 15:25:47.675,Шрак техник ЕООД,"Контактор 7,5kW",,00000679,M,L,L,бр.,,0.0,0.0,0.0,0.0,0.0,,"Контактор 7,5kW",N,1.0,2.0,,,2,,0.0,1.5,,,,,,,0,Y,0,,0.0,,0,0.0,0.0,Y,Y,Y,N,1199,,0.0,,,,,,,AEM10KW,0.0,0.0,0.0,0.0,0,0.0,0.0,0.0,0.0,N
5286,2,1,2025-08-13 14:32:44.000,1319636425,2026-07-03 15:39:27.931,0. Разни,Захранване 24V,,00000529,M,L,L,бр.,,,62.88867,0.0,0.0,0.0,,Захранване 24V,N,1.0,2.0,,,2,,0.0,1.5,,,,,,,0,Y,0,,0.0,,0,0.0,0.0,Y,Y,Y,N,1200,,0.0,,,,,,,AEM10KW,0.0,0.0,0.0,0.0,0,0.0,0.0,0.0,0.0,N
5286,4,1,2025-08-13 14:32:44.000,1321956528,2026-06-17 14:08:41.851,Други (Електроника),Управление за сензор за газ GA-220,GA-220.EI.01,00001129,M,L,L,бр.,,,138.2,0.0,0.0,0.0,,Станция за сензор за газ GA-220,P,1.0,2.0,,Инвест Електроникс,1,,0.0,1.5,,,,,,,0,Y,0,,0.0,,0,0.0,0.0,Y,Y,Y,N,1201,,0.0,,,,,,,AEM10KW,0.0,0.0,0.0,0.0,0,0.0,0.0,0.0,0.0,N
5286,6,1,2025-08-13 14:32:44.000,1317035207,2026-06-24 10:45:53.353,"Прекъсвачи, Предпазители",Прекъсвач мин. AMPARO 6kA C 10A 1P,AM617110--,00000735,M,L,L,бр.,,0.0,1.77663,0.0,0.0,0.0,,Миниатюрен прекъсвач AMPARO 6kA C10/1,N,1.0,2.0,,ШРАК ТЕХНИК ЕООД,3,,0.0,1.5,,,,,,,0,Y,0,,0.0,,0,0.0,0.0,Y,Y,Y,N,1202,,0.0,,,,,,,AEM10KW,0.0,0.0,0.0,0.0,0,0.0,0.0,0.0,0.0,N
5286,8,1,2025-08-13 14:32:44.000,1319638768,2026-06-16 13:30:08.978,Шини (Електроника),Шина 0,,00001209,M,L,L,бр.,,,6.135479999999999,0.0,0.0,0.0,,Шина 0,N,1.0,2.0,,,1,,0.0,1.5,,,,,,,0,Y,0,,0.0,,0,0.0,0.0,Y,Y,Y,N,1203,,0.0,,,,,,,AEM10KW,0.0,0.0,0.0,0.0,0,0.0,0.0,0.0,0.0,N
5286,10,1,2025-08-13 14:32:44.000,1335154747,2026-07-22 13:08:22.762,Шини (Електроника),"Шина нулева/земя месинг. 166 изх., 1m, 10mm, 40А",IK020014,00001213,M,L,L,м.,,,15.06,0.0,0.0,0.0,,Шина земя,N,1.0,2.0,,ШРАК ТЕХНИК ЕООД,1,,0.0,1.5,,,,,,,0,Y,0,,0.0,,0,0.0,0.0,Y,Y,Y,N,1204,,0.0,,,,,,,AEM10KW,0.0,0.0,0.0,0.0,0,0.0,0.0,0.0,0.0,N
5286,12,1,2025-08-13 14:32:44.000,1320962436,2026-07-03 15:25:11.731,Шрак техник ЕООД,"Винтова клема 2,5mm сива",IK600002--,00000456,M,L,L,бр.,,,0.26423564420220574,0.0,0.0,0.0,,"Винтова клема 2,5mm сива",P,1.0,2.0,,ШРАК ТЕХНИК ЕООД,53,,0.0,1.5,,,,,,,0,Y,0,,0.0,,0,0.0,0.0,Y,Y,Y,N,1205,,0.0,,,,,,,AEM10KW,0.0,0.0,0.0,0.0,0,0.0,0.0,0.0,0.0,N
5286,14,1,2025-08-13 14:32:44.000,1320962436,2026-06-16 13:30:08.978,Клеми,"Разделител, тип DP-PTRV 4",,00000931,M,L,L,бр.,,,0.0,0.0,0.0,0.0,,"Разделител, тип DP-PTRV 4",N,1.0,2.0,,,8,,0.0,1.5,,,,,,,0,Y,0,,0.0,,0,0.0,0.0,Y,Y,Y,N,1206,,0.0,,,,,,,AEM10KW,0.0,0.0,0.0,0.0,0,0.0,0.0,0.0,0.0,N
5286,16,1,2025-08-13 14:32:44.000,1319638232,2026-06-16 13:30:08.978,Платки - Green Innovation,Потенциометър,,00000882,M,L,L,бр.,,,0.0,0.0,0.0,0.0,,Потенциометър,N,1.0,2.0,,,2,,0.0,1.5,,,,,,,0,Y,0,,0.0,,0,0.0,0.0,Y,Y,Y,N,1207,,0.0,,,,,,,AEM10KW,0.0,0.0,0.0,0.0,0,0.0,0.0,0.0,0.0,N
5286,18,1,2025-08-13 14:32:44.000,1320962436,2026-07-03 15:25:11.688,Шрак техник ЕООД,Бутон - stop reset,,00000441,M,L,L,бр.,,0.0,0.0,0.0,0.0,0.0,,Бутон - stop reset,N,1.0,2.0,,,1,,0.0,1.5,,,,,,,0,Y,0,,0.0,,0,0.0,0.0,Y,Y,Y,N,1208,,0.0,,,,,,,AEM10KW,0.0,0.0,0.0,0.0,0,0.0,0.0,0.0,0.0,N
5286,20,1,2025-08-13 14:32:44.000,1320962436,2026-06-16 13:30:08.978,Платки - Green Innovation,Платка - PLC,,00000844,M,L,L,бр.,,0.0,0.0,0.0,0.0,0.0,,Платка - PLC,N,1.0,2.0,,Green-Innovation,1,,0.0,1.5,,,,,,,0,Y,0,,0.0,,0,0.0,0.0,Y,Y,Y,N,1209,,0.0,,,,,,,AEM10KW,0.0,0.0,0.0,0.0,0,0.0,0.0,0.0,0.0,N
5286,22,1,2025-08-13 14:32:44.000,1320962436,2026-06-16 13:30:08.978,Платки - Green Innovation,Платка - задвижки,,00000847,M,L,L,бр.,,0.0,0.0,0.0,0.0,0.0,,Платка - задвижки,N,1.0,2.0,,Green-Innovation,1,,0.0,1.5,,,,,,,0,Y,0,,0.0,,0,0.0,0.0,Y,Y,Y,N,1210,,0.0,,,,,,,AEM10KW,0.0,0.0,0.0,0.0,0,0.0,0.0,0.0,0.0,N
5286,24,1,2025-08-13 14:32:44.000,1320962436,2026-06-16 13:30:08.978,Платки - Green Innovation,Платка - силова 2,,00000850,M,L,L,бр.,,0.0,0.0,0.0,0.0,0.0,,Платка - силова 2,N,1.0,2.0,,Green-Innovation,1,,0.0,1.5,,,,,,,0,Y,0,,0.0,,0,0.0,0.0,Y,Y,Y,N,1211,,0.0,,,,,,,AEM10KW,0.0,0.0,0.0,0.0,0,0.0,0.0,0.0,0.0,N
5288,0,1,2025-08-13 14:32:44.000,1320962436,2026-06-16 13:30:08.978,Платки - Green Innovation,Платка - индикатор ресет,,00000849,M,L,L,бр.,,0.0,0.0,0.0,0.0,0.0,,Платка - индикатор ресет,N,1.0,2.0,,Green-Innovation,1,,0.0,1.5,,,,,,,0,Y,0,,0.0,,0,0.0,0.0,Y,Y,Y,N,1212,,0.0,,,,,,,AEM10KW,0.0,0.0,0.0,0.0,0,0.0,0.0,0.0,0.0,N
5288,2,1,2025-08-13 14:32:44.000,1320962436,2026-06-16 13:30:08.978,Платки - Green Innovation,Платка - аналогови входове 4-20mA,,00000845,M,L,L,бр.,,0.0,0.0,0.0,0.0,0.0,,Платка - аналогови входове 4-20mA,N,1.0,2.0,,Green-Innovation,2,,0.0,1.5,,,,,,,0,Y,0,,0.0,,0,0.0,0.0,Y,Y,Y,N,1213,,0.0,,,,,,,AEM10KW,0.0,0.0,0.0,0.0,0,0.0,0.0,0.0,0.0,N
5288,4,1,2025-08-13 14:32:44.000,1320962436,2026-06-16 13:30:08.978,Платки - Green Innovation,Платка - изходи 4-20mA,,00000848,M,L,L,бр.,,0.0,0.0,0.0,0.0,0.0,,Платка - изходи 4-20mA,N,1.0,2.0,,Green-Innovation,2,,0.0,1.5,,,,,,,0,Y,0,,0.0,,0,0.0,0.0,Y,Y,Y,N,1214,,0.0,,,,,,,AEM10KW,0.0,0.0,0.0,0.0,0,0.0,0.0,0.0,0.0,N
5288,6,1,2025-08-13 14:32:44.000,1320962436,2026-06-16 13:30:08.978,Платки - Green Innovation,Платка - галванично разделени цифрови входове,,00000846,M,L,L,бр.,,0.0,0.0,0.0,0.0,0.0,,Платка - галванично разделени цифрови входове,N,1.0,2.0,,Green-Innovation,3,,0.0,1.5,,,,,,,0,Y,0,,0.0,,0,0.0,0.0,Y,Y,Y,N,1215,,0.0,,,,,,,AEM10KW,0.0,0.0,0.0,0.0,0,0.0,0.0,0.0,0.0,N
5288,8,1,2025-08-13 14:32:44.000,1320962436,2026-06-16 13:30:08.978,Платки - Green Innovation,Визуализация 3 реда,,00000449,M,L,L,бр.,,0.0,0.0,0.0,0.0,0.0,,Визуализация 3 реда,N,1.0,2.0,,Green-Innovation,3,,0.0,1.5,,,,,,,0,Y,0,,0.0,,0,0.0,0.0,Y,Y,Y,N,1216,,0.0,,,,,,,AEM10KW,0.0,0.0,0.0,0.0,0,0.0,0.0,0.0,0.0,N
5288,10,1,2025-08-13 14:32:34.000,1320962436,2026-03-02 14:59:33.738,Кабели и накрайници,Кабел сигнален (датчик за налягане),-,00000586,M,L,L,-,,0.0,0.0,0.0,0.0,0.0,,Кабел сигнален (датчик за налягане),N,1.0,2.0,,ADEV S.R.L.,0,,0.0,1.5,,,,,,,0,Y,0,,0.0,,0,0.0,0.0,Y,Y,Y,N,978,,0.0,,,,,,,AEM10KW,0.0,0.0,0.0,0.0,0,0.0,0.0,0.0,0.0,N
5288,12,1,2026-01-26 12:43:21.556,1320962436,2026-06-16 13:30:08.978,"Кабелни накрайници, обувки","Кабелен накрайник дв.8 мм, 2х1мм",BGH270784,00001585,M,L,L,бр.,,,0.02,0.0,0.0,0.0,,,N,0.0,0.0,,ШРАК ТЕХНИК ЕООД,,,,1.5,,,,,,,,Y,0,,0.0,,,0.0,0.0,Y,Y,Y,N,1974,,0.0,,,,,,,,,,,,0,0.0,0.0,0.0,,N
5288,14,1,2025-08-13 14:32:34.000,1319056819,2026-07-27 08:08:40.040,"Кабелни накрайници, обувки","Кабелен накрайник 8mm сив 2x0,75mm",BGH270780-,00000594,M,L,L,бр.,,,0.0176,0.0,0.0,0.0,,"Кабелен накрайник 8mm сив 2x0,75mm",N,1.0,2.0,,ШРАК ТЕХНИК ЕООД,0.1,,0.0,1.5,,,,,,,0,Y,0,,0.0,,0,0.0,0.0,Y,Y,Y,N,980,,0.0,,,,,,,AEM10KW,0.0,0.0,0.0,0.0,0,0.0,0.0,0.0,0.0,N
5288,16,1,2025-08-13 14:32:34.000,1322551102,2026-06-16 13:30:08.978,"Кабелни накрайници, обувки","Кабелен накрайник 8mm сив 0,75mm",BGH270803-,00000593,M,L,L,бр.,,,0.01,0.0,0.0,0.0,,Тази не се използва,N,1.0,2.0,,ШРАК ТЕХНИК ЕООД,0.5,,0.0,1.5,,,,,,,0,Y,0,,0.0,,0,0.0,0.0,Y,Y,Y,N,981,,0.0,,,,,,,AEM10KW,0.0,0.0,0.0,0.0,0,0.0,0.0,0.0,0.0,N
5288,18,1,2025-08-13 14:32:34.000,1317051066,2026-06-24 14:02:04.796,Кабели - Мрежови,Кабел S/FTP,HSKP423HB5,00000580,M,L,L,м.,,,79.096563,0.0,0.0,0.0,,Кабел S/FTP,P,1.0,2.0,,ШРАК ТЕХНИК ЕООД,0.03,,0.0,1.5,,,,,,,0,Y,0,,0.0,,0,0.0,0.0,Y,Y,Y,N,982,,0.0,,,,,,,AEM10KW,0.0,0.0,0.0,0.0,0,0.0,0.0,0.0,0.0,N
5288,20,1,2025-08-13 14:32:34.000,1320962436,2026-03-02 14:59:33.738,Кабели и накрайници,Конектори RJ45,Q7151792--,00000676,M,L,L,бр.,,,24.63813317108338,0.0,0.0,0.0,,Конектори RJ45,N,1.0,2.0,,ШРАК ТЕХНИК ЕООД,0.02,,0.0,1.5,,,,,,,0,Y,0,,0.0,,0,0.0,0.0,Y,Y,Y,N,983,,0.0,,,,,,,AEM10KW,0.0,0.0,0.0,0.0,0,0.0,0.0,0.0,0.0,N
5289,0,1,2025-08-13 14:32:34.000,1335157239,2026-07-22 13:44:14.432,7. Кабели,"Проводник H05V-K (ПВ-А2) 500V 0,75mm жълто-зелен",XC01040204,00000910,M,L,L,м.,,,14.661548,0.0,0.0,0.0,,"Проводник 500V 0,75mm жълто-зелен",N,1.0,2.0,,ШРАК ТЕХНИК ЕООД,,,0.0,1.5,,,,,,,0,Y,0,,0.0,,0,0.0,0.0,Y,Y,Y,N,984,,0.0,,,,,,,AEM10KW,0.0,0.0,0.0,0.0,0,0.0,0.0,0.0,0.0,N
5289,2,1,2025-08-13 14:32:34.000,1335157178,2026-07-22 13:43:22.197,7. Кабели,"Проводник H05V-K (ПВ-А2) 500V 0,75mm червен",XC01040211,00000914,M,L,L,м.,бр.,100.0,0.14443899999999998,0.0,0.0,0.0,,"Проводник 500V 0,75mm червен",N,20.0,20.0,,ШРАК ТЕХНИК ЕООД,,,0.0,1.5,,,,,,,0,Y,0,,0.0,,0,0.0,0.0,Y,Y,Y,N,985,,0.0,,,,,,,AEM10KW,0.0,0.0,0.0,0.0,0,0.0,0.0,0.0,0.0,N
5289,4,1,2025-08-13 14:32:34.000,1335157183,2026-07-22 13:43:26.000,7. Кабели,"Проводник H05V-K (ПВ-А2) 500V 0,75mm син",XC01040212,00000913,M,L,L,м.,бр.,100.0,0.14443899999999998,0.0,0.0,0.0,,"Проводник 500V 0,75mm син",N,20.0,20.0,,ШРАК ТЕХНИК ЕООД,,,0.0,1.5,,,,,,,0,Y,0,,0.0,,0,0.0,0.0,Y,Y,Y,N,986,,0.0,,,,,,,AEM10KW,0.0,0.0,0.0,0.0,0,0.0,0.0,0.0,0.0,N
5289,6,1,2025-08-13 14:32:34.000,1320962436,2026-03-02 14:59:33.754,Кабели и накрайници,"Проводник 6mm, PVC Sheathead H05VV-F 5 G",XC3072314C,00000916,M,L,L,100 м.,,0.0,540.8521190492016,0.0,0.0,0.0,,"Проводник 6mm, PVC Sheathead H05VV-F 5 G",N,1.0,2.0,,ШРАК ТЕХНИК ЕООД,0.04,,0.0,1.5,,,,,,,0,Y,0,,0.0,,0,0.0,0.0,Y,Y,Y,N,987,,0.0,,,,,,,AEM10KW,0.0,0.0,0.0,0.0,0,0.0,0.0,0.0,0.0,N
5289,8,1,2025-08-13 14:32:34.000,1317456855,2026-01-28 09:49:08.541,Кабели и накрайници,Кабелна обувка 25mm  M8,XCZ104R8--,00000598,M,L,L,бр.,,0.0,0.924821,0.0,0.0,0.0,,Кабелна обувка 25mm  M8,N,1.0,2.0,,ШРАК ТЕХНИК ЕООД,20,,0.0,1.5,,,,,,,0,Y,0,,0.0,,0,0.0,0.0,Y,Y,Y,N,988,,0.0,,,,,,,AEM10KW,0.0,0.0,0.0,0.0,0,0.0,0.0,0.0,0.0,N
5289,10,1,2025-08-13 14:32:34.000,1320962436,2026-03-02 14:59:33.738,Кабели и накрайници,"Кабел ШВПС 3х1,5 бял",-,00000581,M,L,L,м.,,0.0,1.0123579247685126,0.0,0.0,0.0,,"Кабел ШВПС 3х1,5 бял",N,1.0,2.0,,ИВДА-ГЕО,7,,0.0,1.5,,,,,,,0,Y,0,,0.0,,0,0.0,0.0,Y,Y,Y,N,989,,0.0,,,,,,,AEM10KW,0.0,0.0,0.0,0.0,0,0.0,0.0,0.0,0.0,N
5289,12,1,2025-08-13 14:32:34.000,1320962436,2026-03-02 14:59:33.723,Кабели и накрайници,Кабел 1х25мм,V981920K01250,00000574,M,L,L,м.,,0.0,4.1414642376893696,0.0,0.0,0.0,,Кабел 1х25мм,N,1.0,2.0,,Редко,30,,0.0,1.5,,,,,,,0,Y,0,,0.0,,0,0.0,0.0,Y,Y,Y,N,990,,0.0,,,,,,,AEM10KW,0.0,0.0,0.0,0.0,0,0.0,0.0,0.0,0.0,N
5289,14,1,2025-08-13 14:32:38.000,1320962436,2026-03-02 14:59:33.738,Кабели и накрайници,Кабелна обувка 25mm? M8,XCZ104R8--,00000599,M,L,L,бр.,,0.0,0.0,0.0,0.0,0.0,,Кабелна обувка 25mm? M8,N,1.0,2.0,,ШРАК ТЕХНИК ЕООД,0.24,,0.0,1.5,,,,,,,0,Y,0,,0.0,,0,0.0,0.0,Y,Y,Y,N,1014,,0.0,,,,,,,AEM10KW,0.0,0.0,0.0,0.0,0,0.0,0.0,0.0,0.0,N
5289,16,1,2025-08-13 14:32:44.000,1320962436,2026-03-02 14:59:34.176,Кабели и накрайници,HO7V-K 70.00 червен,05.01.02.00100,00000300,M,L,L,м.,,0.0,8.14487966745576,0.0,0.0,0.0,,HO7V-K 70.00 червен,N,1.0,2.0,,Тилком,95,,0.0,1.5,,,,,,,0,Y,0,,0.0,,0,0.0,0.0,Y,Y,Y,N,1217,,0.0,,,,,,,AEM10KW,0.0,0.0,0.0,0.0,0,0.0,0.0,0.0,0.0,N
5289,18,1,2025-08-13 14:32:44.000,1320962436,2026-03-02 14:59:34.176,Кабели и накрайници,HO7V-K 70.00 черен,05.01.02.00099,00000301,M,L,L,м.,,0.0,8.14487966745576,0.0,0.0,0.0,,HO7V-K 70.00 черен,N,1.0,2.0,,Тилком,95,,0.0,1.5,,,,,,,0,Y,0,,0.0,,0,0.0,0.0,Y,Y,Y,N,1218,,0.0,,,,,,,AEM10KW,0.0,0.0,0.0,0.0,0,0.0,0.0,0.0,0.0,N
5289,20,1,2025-08-13 14:32:44.000,1317050929,2026-06-24 14:07:52.624,Кабели - Сензори,Кабел сигнален (за датчик за налягане),,00000587,M,L,L,бр.,,0.0,0.0,0.0,0.0,0.0,,Кабел сигнален (за датчик за налягане),N,1.0,2.0,,Green-Innovation,0,,0.0,1.5,,,,,,,0,Y,0,,0.0,,0,0.0,0.0,Y,Y,Y,N,1219,,0.0,,,,,,,AEM10KW,0.0,0.0,0.0,0.0,0,0.0,0.0,0.0,0.0,N
5290,0,1,2025-08-13 14:32:44.000,1317050938,2026-06-24 11:05:34.002,7. Кабели,Кабел 2х1,,00000588,M,L,L,бр.,,,0.0,0.0,0.0,0.0,,Кабел сигнален 2х1,P,1.0,2.0,,ШРАК ТЕХНИК ЕООД,100,,0.0,1.5,,,,,,,0,Y,0,,0.0,,0,0.0,0.0,Y,Y,Y,N,1220,,0.0,,,,,,,AEM10KW,0.0,0.0,0.0,0.0,0,0.0,0.0,0.0,0.0,N
5290,2,1,2025-08-13 14:32:44.000,1317050895,2026-06-23 10:45:47.937,7. Кабели,Кабел 3х1,,00000575,M,L,L,бр.,,0.0,0.0,0.0,0.0,0.0,,Кабел 3х1,N,1.0,2.0,,ШРАК ТЕХНИК ЕООД,80,,0.0,1.5,,,,,,,0,Y,0,,0.0,,0,0.0,0.0,Y,Y,Y,N,1221,,0.0,,,,,,,AEM10KW,0.0,0.0,0.0,0.0,0,0.0,0.0,0.0,0.0,N
5290,4,1,2025-08-13 14:32:44.000,1330234349,2026-06-23 10:45:47.937,7. Кабели,Кабел ШВПС 5х1 бял,1521,00000582,M,L,L,м.,,,1.13,0.0,0.0,0.0,,Кабел ШВПС 5х1 бял,P,1.0,2.0,,ИВДА-ГЕО,40,,0.0,1.5,,,,,,,0,Y,0,,0.0,,0,0.0,0.0,Y,Y,Y,N,1222,,0.0,,,,,,,AEM10KW,0.0,0.0,0.0,0.0,0,0.0,0.0,0.0,0.0,N
5290,6,1,2025-08-13 14:32:44.000,1324156589,2026-07-07 08:36:59.432,Ивда Гео,"Кабел ШВПС 5х1,5,, бял",,00000583,M,L,L,м.,,,1.65658,0.0,0.0,0.0,,"Кабел ШВПС 5х1,5 бял",P,1.0,2.0,,ИВДА-ГЕО,25,,0.0,1.5,,,,,,,0,Y,0,,0.0,,0,0.0,0.0,Y,Y,Y,N,1223,,0.0,,,,,,,AEM10KW,0.0,0.0,0.0,0.0,0,0.0,0.0,0.0,0.0,N
5290,8,1,2025-08-13 14:32:44.000,1317051017,2026-06-23 10:45:47.937,7. Кабели,"Кабел 5х2,5",,00000577,M,L,L,бр.,,,3.57903,0.0,0.0,0.0,,"Кабел 5х2,5",P,1.0,2.0,,ШРАК ТЕХНИК ЕООД,20,,0.0,1.5,,,,,,,0,Y,0,,0.0,,0,0.0,0.0,Y,Y,Y,N,1224,,0.0,,,,,,,AEM10KW,0.0,0.0,0.0,0.0,0,0.0,0.0,0.0,0.0,N
5290,10,1,2025-08-13 14:32:44.000,1317050925,2026-06-23 10:45:47.937,7. Кабели,Кабел ШВПС 5х6 бял,9988,00000584,M,L,L,м.,,,5.936077,0.0,0.0,0.0,,Кабел ШВПС 5х6 бял,P,1.0,2.0,,ИВДА-ГЕО,20,,0.0,1.5,,,,,,,0,Y,0,,0.0,,0,0.0,0.0,Y,Y,Y,N,1225,,0.0,,,,,,,AEM10KW,0.0,0.0,0.0,0.0,0,0.0,0.0,0.0,0.0,N
5290,12,1,2025-08-13 14:32:44.000,1317050996,2026-06-23 10:45:47.937,7. Кабели,"Кабел 8х0,22",,00000579,M,L,L,бр.,,,0.0,0.0,0.0,0.0,,"Кабел 8х0,22",P,1.0,2.0,,ШРАК ТЕХНИК ЕООД,40,,0.0,1.5,,,,,,,0,Y,0,,0.0,,0,0.0,0.0,Y,Y,Y,N,1226,,0.0,,,,,,,AEM10KW,0.0,0.0,0.0,0.0,0,0.0,0.0,0.0,0.0,N
5290,14,1,2025-08-13 14:32:44.000,1335159883,2026-07-22 14:22:20.141,7. Кабели,"Проводник H05V-K (ПВ-А2) 500V 0,5mm бял",XC01040107,00000901,M,L,L,м.,,,0.1185,0.0,0.0,0.0,,"Проводник 500V 0,5mm бял",N,1.0,2.0,,ШРАК ТЕХНИК ЕООД,,,0.0,1.5,,,,,,,0,Y,0,,0.0,,0,0.0,0.0,Y,Y,Y,N,1227,,0.0,,,,,,,AEM10KW,0.0,0.0,0.0,0.0,0,0.0,0.0,0.0,0.0,N
5290,16,1,2025-08-13 14:32:45.000,1335157223,2026-07-22 13:44:00.716,7. Кабели,"Проводник H05V-K (ПВ-А2) 500V 0,5mm син",XC01040112,00000906,M,L,L,м.,,,11.111763,0.0,0.0,0.0,,"Проводник 500V 0,5mm син",N,1.0,2.0,,ШРАК ТЕХНИК ЕООД,,,0.0,1.5,,,,,,,0,Y,0,,0.0,,0,0.0,0.0,Y,Y,Y,N,1228,,0.0,,,,,,,AEM10KW,0.0,0.0,0.0,0.0,0,0.0,0.0,0.0,0.0,N
5290,18,1,2025-08-13 14:32:45.000,1335159884,2026-07-22 14:22:20.891,7. Кабели,"Проводник H05V-K (ПВ-А2) 500V 0,5mm червен",XC01040111,00000907,M,L,L,м.,,,0.1185,0.0,0.0,0.0,,"Проводник 500V 0,5mm червен",N,1.0,2.0,,ШРАК ТЕХНИК ЕООД,,,0.0,1.5,,,,,,,0,Y,0,,0.0,,0,0.0,0.0,Y,Y,Y,N,1229,,0.0,,,,,,,AEM10KW,0.0,0.0,0.0,0.0,0,0.0,0.0,0.0,0.0,N
5290,20,1,2025-08-13 14:32:45.000,1335157219,2026-07-22 13:43:57.790,7. Кабели,"Проводник H05V-K (ПВ-А2) 500V 0,5mm кафяв",XC01040103,00000905,M,L,L,м.,,,11.111763,0.0,0.0,0.0,,"Проводник 500V 0,5mm кафяв",N,1.0,2.0,,ШРАК ТЕХНИК ЕООД,,,0.0,1.5,,,,,,,0,Y,0,,0.0,,0,0.0,0.0,Y,Y,Y,N,1230,,0.0,,,,,,,AEM10KW,0.0,0.0,0.0,0.0,0,0.0,0.0,0.0,0.0,N
5290,22,1,2025-08-13 14:32:45.000,1335159884,2026-07-22 14:22:20.454,7. Кабели,"Проводник H05V-K (ПВ-А2) 500V 0,5mm жълт",XC01040110,00000903,M,L,L,м.,,,0.1185,0.0,0.0,0.0,,"Проводник 500V 0,5mm жълт",N,1.0,2.0,,ШРАК ТЕХНИК ЕООД,,,0.0,1.5,,,,,,,0,Y,0,,0.0,,0,0.0,0.0,Y,Y,Y,N,1231,,0.0,,,,,,,AEM10KW,0.0,0.0,0.0,0.0,0,0.0,0.0,0.0,0.0,N
5291,0,1,2025-08-13 14:32:45.000,1335159884,2026-07-22 14:22:20.579,7. Кабели,"Проводник H05V-K (ПВ-А2) 500V 0,5mm зелен",XC01040109,00000904,M,L,L,м.,,,0.1185,0.0,0.0,0.0,,"Проводник 500V 0,5mm зелен",N,1.0,2.0,,ШРАК ТЕХНИК ЕООД,,,0.0,1.5,,,,,,,0,Y,0,,0.0,,0,0.0,0.0,Y,Y,Y,N,1232,,0.0,,,,,,,AEM10KW,0.0,0.0,0.0,0.0,0,0.0,0.0,0.0,0.0,N
5291,2,1,2025-08-13 14:32:45.000,1335159884,2026-07-22 14:22:20.313,7. Кабели,"Проводник H05V-K (ПВ-А2) 500V 0,5mm виолетов",XC01040106,00000902,M,L,L,м.,бр.,100.0,0.1146,0.0,0.0,0.0,,"Проводник 500V 0,5mm виолетов",N,20.0,20.0,,ШРАК ТЕХНИК ЕООД,,,0.0,1.5,,,,,,,0,Y,0,,0.0,,0,0.0,0.0,Y,Y,Y,N,1233,,0.0,,,,,,,AEM10KW,0.0,0.0,0.0,0.0,0,0.0,0.0,0.0,0.0,N
5291,4,1,2025-08-13 14:32:45.000,1335157231,2026-07-22 13:44:08.159,7. Кабели,"Проводник H05V-K (ПВ-А2) 500V 0,75mm бял",XC01040207,00000908,M,L,L,м.,,,14.661548,0.0,0.0,0.0,,"Проводник 500V 0,75mm бял",N,1.0,2.0,,ШРАК ТЕХНИК ЕООД,,,0.0,1.5,,,,,,,0,Y,0,,0.0,,0,0.0,0.0,Y,Y,Y,N,1234,,0.0,,,,,,,AEM10KW,0.0,0.0,0.0,0.0,0,0.0,0.0,0.0,0.0,N
5291,6,1,2025-08-13 14:32:45.000,1319057187,2026-07-22 13:41:42.301,7. Кабели,"Проводник H05V-K (ПВ-А2) 500V 0,75mm черен",XC01040201,00000915,M,L,L,м.,бр.,100.0,0.14443899999999998,0.0,0.0,0.0,,"Проводник 500V 0,75mm черен",N,20.0,20.0,,ШРАК ТЕХНИК ЕООД,,,0.0,1.5,,,,,,,0,Y,0,,0.0,,0,0.0,0.0,Y,Y,Y,N,1235,,0.0,,,,,,,AEM10KW,0.0,0.0,0.0,0.0,0,0.0,0.0,0.0,0.0,N
5291,8,1,2025-08-13 14:32:45.000,1335159884,2026-07-22 14:22:21.016,7. Кабели,"Проводник H05V-K (ПВ-А2) 500V 0,75mm кафяв",XC01040203,00000912,M,L,L,м.,,,0.1546,0.0,0.0,0.0,,"Проводник 500V 0,75mm кафяв",N,1.0,2.0,,ШРАК ТЕХНИК ЕООД,,,0.0,1.5,,,,,,,0,Y,0,,0.0,,0,0.0,0.0,Y,Y,Y,N,1236,,0.0,,,,,,,AEM10KW,0.0,0.0,0.0,0.0,0,0.0,0.0,0.0,0.0,N
5291,10,1,2025-08-13 14:32:45.000,1335157235,2026-07-22 13:44:11.202,7. Кабели,"Проводник H05V-K (ПВ-А2) 500V 0,75mm жълт",XC01040210,00000909,M,L,L,м.,,,14.661548,0.0,0.0,0.0,,"Проводник 500V 0,75mm жълт",N,1.0,2.0,,ШРАК ТЕХНИК ЕООД,,,0.0,1.5,,,,,,,0,Y,0,,0.0,,0,0.0,0.0,Y,Y,Y,N,1237,,0.0,,,,,,,AEM10KW,0.0,0.0,0.0,0.0,0,0.0,0.0,0.0,0.0,N
5291,12,1,2025-08-13 14:32:45.000,1335157242,2026-07-22 13:44:17.202,7. Кабели,"Проводник H05V-K (ПВ-А2) 500V 0,75mm зелен",XC01040209,00000911,M,L,L,м.,,,14.661548,0.0,0.0,0.0,,"Проводник 500V 0,75mm зелен",N,1.0,2.0,,ШРАК ТЕХНИК ЕООД,,,0.0,1.5,,,,,,,0,Y,0,,0.0,,0,0.0,0.0,Y,Y,Y,N,1238,,0.0,,,,,,,AEM10KW,0.0,0.0,0.0,0.0,0,0.0,0.0,0.0,0.0,N
5291,14,1,2025-08-13 14:32:45.000,1317051094,2026-07-07 08:37:24.151,Шрак техник ЕООД,Кабел за температурен сензор,,00000585,M,L,L,бр.,,,0.0,0.0,0.0,0.0,,Кабел за температурен сензор,P,1.0,2.0,,ШРАК ТЕХНИК ЕООД,90,,0.0,1.5,,,,,,,0,Y,0,,0.0,,0,0.0,0.0,Y,Y,Y,N,1239,,0.0,,,,,,,AEM10KW,0.0,0.0,0.0,0.0,0,0.0,0.0,0.0,0.0,N
5291,16,1,2025-08-13 14:32:45.000,1317051169,2026-06-24 13:57:59.079,Гофри,Гофре армирано ф19,20116,00000497,M,L,L,м.,,,0.19429,0.0,0.0,0.0,,Гофрирана тръба за ел. проводник Ф19,P,1.0,2.0,,ИВДА-ГЕО,50,,0.0,1.5,,,,,,,0,Y,0,,0.0,,0,0.0,0.0,Y,Y,Y,N,1240,,0.0,,,,,,,AEM10KW,0.0,0.0,0.0,0.0,0,0.0,0.0,0.0,0.0,N
5291,18,1,2025-08-13 14:32:45.000,1317051229,2026-06-24 13:57:59.169,Гофри,Гофре (тръба инсталационна гъвкава) 320N M25,GTPTXL25--,00001100,M,L,L,бр.,,,32.055838,0.0,0.0,0.0,,Тръба инсталационна гъвкава M25 320N 50m,P,1.0,2.0,,ШРАК ТЕХНИК ЕООД,1,,0.0,1.5,,,,,,,0,Y,0,,0.0,,0,0.0,0.0,Y,Y,Y,N,1241,,0.0,,,,,,,AEM10KW,0.0,0.0,0.0,0.0,0,0.0,0.0,0.0,0.0,N
5291,20,1,2025-08-13 14:32:45.000,1320962436,2026-03-02 14:59:34.176,Кабели и накрайници,Кабелна обувка за силови кабели,,00000600,M,L,L,бр.,,,0.0,0.0,0.0,0.0,,Кабелна обувка за силови кабели,N,1.0,2.0,,ШРАК ТЕХНИК ЕООД,1,,0.0,1.5,,,,,,,0,Y,0,,0.0,,0,0.0,0.0,Y,Y,Y,N,1242,,0.0,,,,,,,AEM10KW,0.0,0.0,0.0,0.0,0,0.0,0.0,0.0,0.0,N
5292,0,1,2025-08-13 14:32:45.000,1335634678,2026-07-27 08:19:22.850,"Кабелни накрайници, обувки","Кабелен накрайник 8mm бял 0,5mm",BGH270800-,00000592,M,L,L,бр.,,,0.0087,0.0,0.0,0.0,,"Кабелен накрайник 8mm бял 0,5mm",N,1.0,2.0,,ШРАК ТЕХНИК ЕООД,4,,0.0,1.5,,,,,,,0,Y,0,,0.0,,0,0.0,0.0,Y,Y,Y,N,1243,,0.0,,,,,,,AEM10KW,0.0,0.0,0.0,0.0,0,0.0,0.0,0.0,0.0,N
5292,2,1,2025-08-13 14:32:45.000,1317051744,2026-06-08 08:59:18.839,"Кабелни накрайници, обувки","Кабелен накрайник 8mm червен 1,0mm",BGH270804-,00000596,M,L,L,бр.,оп.,100.0,0.9874029999999999,0.0,0.0,0.0,,"Кабелен накрайник 8mm червен 1,0mm",P,1.0,2.0,,ШРАК ТЕХНИК ЕООД,1,,0.0,1.5,,,,,,,0,Y,0,,0.0,,0,0.0,0.0,Y,Y,Y,N,1244,,0.0,,,,,,,AEM10KW,0.0,0.0,0.0,0.0,0,0.0,0.0,0.0,0.0,N
5292,4,1,2025-08-13 14:32:45.000,1317051776,2026-06-08 08:59:18.801,"Кабелни накрайници, обувки","Кабелен накрайник 8mm черен 1,5mm",BGH270808-,00000597,M,L,L,бр.,оп.,100.0,0.9665429999999999,0.0,0.0,0.0,,"Кабелен накрайник 8mm черен 1,5mm",P,1.0,2.0,,ШРАК ТЕХНИК ЕООД,1,,0.0,1.5,,,,,,,0,Y,0,,0.0,,0,0.0,0.0,Y,Y,Y,N,1245,,0.0,,,,,,,AEM10KW,0.0,0.0,0.0,0.0,0,0.0,0.0,0.0,0.0,N
5292,6,1,2025-08-13 14:32:45.000,1324755031,2026-06-16 13:30:08.978,"Кабелни накрайници, обувки","Кабелен накрайник 8mm син 2,5mm",BGH270810-,00000595,M,L,L,бр.,,,0.01,0.0,0.0,0.0,,"Кабелен накрайник 8mm син 2,5mm",P,1.0,2.0,,ШРАК ТЕХНИК ЕООД,1,,0.0,1.5,,,,,,,0,Y,0,,0.0,,0,0.0,0.0,Y,Y,Y,N,1246,,0.0,,,,,,,AEM10KW,0.0,0.0,0.0,0.0,0,0.0,0.0,0.0,0.0,N
5292,8,1,2025-08-13 14:32:45.000,1335159883,2026-07-22 14:22:19.969,"Кабелни накрайници, обувки",Кабелен накрайник 6мм жълт 12мм,BGH270818-,00000591,M,L,L,бр.,,,0.0292,0.0,0.0,0.0,,Кабелен накрайник 12mm жълт 6mm,P,1.0,2.0,,ШРАК ТЕХНИК ЕООД,1,,0.0,1.5,,,,,,,0,Y,0,,0.0,,0,0.0,0.0,Y,Y,Y,N,1247,,0.0,,,,,,,AEM10KW,0.0,0.0,0.0,0.0,0,0.0,0.0,0.0,0.0,N
5292,10,1,2025-08-13 14:32:34.000,1320962436,2026-07-07 09:09:26.735,Деатрейд,"Уплътнение от Virgin (твърд) ПТФЕф400хф325х0,5",-,00001123,M,L,L,бр.,,0.0,12.271005148709243,0.0,0.0,0.0,,"Уплътнение от Virgin (твърд) ПТФЕф400хф325х0,5",N,1.0,2.0,,ДЕАТРЕЙД,54,,0.0,1.5,,,,,,,0,Y,0,,0.0,,0,0.0,0.0,Y,Y,Y,N,991,,0.0,,,,,,,AEM10KW,0.0,0.0,0.0,0.0,0,0.0,0.0,0.0,0.0,N
5292,12,1,2025-08-13 14:32:34.000,1320962436,2026-07-07 09:09:26.783,Деатрейд,"Уплътнение от експандиран тефлон ф400хф425х0,5",-,00001127,M,L,L,бр.,,0.0,10.737129505120588,0.0,0.0,0.0,,"Уплътнение от експандиран тефлон ф400хф425х0,5",N,1.0,2.0,,ДЕАТРЕЙД,81,,0.0,1.5,,,,,,,0,Y,0,,0.0,,0,0.0,0.0,Y,Y,Y,N,992,,0.0,,,,,,,AEM10KW,0.0,0.0,0.0,0.0,0,0.0,0.0,0.0,0.0,N
5292,14,1,2025-08-13 14:32:38.000,1333638419,2026-07-07 09:13:23.451,AGFA,Мембрани 1000х1000.,-,,M,L,L,лист,,,0.0,0.0,0.0,0.0,,Мембрани 1000х1000,N,1.0,2.0,,AGFA,,,0.0,1.5,,,,,,,0,Y,0,,0.0,,0,0.0,0.0,Y,Y,Y,N,1015,,0.0,,,,,,,AEM10KW,0.0,0.0,0.0,0.0,0,0.0,0.0,0.0,0.0,N
5292,16,1,2025-08-13 14:32:38.000,1320962436,2026-06-23 10:47:02.224,1.1.1. Части (Електролизьор),Ламарина кръг 1060мм 316L 3мм,,00000835,M,L,L,бр.,,,0.0,0.0,0.0,0.0,,"Перфорирана ламарина LB 1000x2000x0,5, RV 2-3: 1.4404",N,1.0,2.0,,ФИЛИПЕКС - ИЛИЯ ФИЛИПОВ ЕТ,10.25,,0.0,1.5,,,,,,,0,Y,0,,0.0,,0,0.0,0.0,Y,Y,Y,N,1016,,0.0,,,,,,,AEM10KW,0.0,0.0,0.0,0.0,0,0.0,0.0,0.0,0.0,N
5292,18,1,2025-08-13 14:32:38.000,1322549853,2026-06-23 10:47:02.224,1.1.1. Части (Електролизьор),Плетена мрежа  INOX AISI 316L H 1000мм,02112004,00000869,M,L,L,м.,,,5.96,0.0,0.0,0.0,,Плетена мрежа INOX AISI 316L H 1000 mm,N,1.0,2.0,,SOTAR S.R.L,,,0.0,1.5,,,,,,,0,Y,0,,0.0,,0,0.0,0.0,Y,Y,Y,N,1017,,0.0,,,,,,,AEM10KW,0.0,0.0,0.0,0.0,0,0.0,0.0,0.0,0.0,N
5292,20,1,2025-08-13 14:32:34.000,1334342540,2026-07-14 10:12:34.992,2. Корпуси,Тава фиксирана перфорирана 19`` 80kg 1U D=650mm,DFS14865-C,00001134,M,L,L,бр.,,,29.920800887602706,0.0,0.0,0.0,,Фиксирана тава перфорирана 19`` 80kg 1U D=650mm,N,1.0,2.0,,ШРАК ТЕХНИК ЕООД,,,0.0,1.5,,,,,,,0,Y,0,,0.0,,0,0.0,0.0,Y,Y,Y,N,993,,0.0,,,,,,,AEM10KW,0.0,0.0,0.0,0.0,0,0.0,0.0,0.0,0.0,N
5293,0,1,2025-08-13 14:32:34.000,1320962436,2026-06-24 15:43:51.028,2. Корпуси,ABS кутия с непрозрачен капак 187x122x90mm,IG707004--,00000264,M,L,L,бр.,,0.0,10.23913121283547,0.0,0.0,0.0,,ABS кутия с непрозрачен капак 187x122x90mm,N,1.0,2.0,,ШРАК ТЕХНИК ЕООД,1,,0.0,1.5,,,,,,,0,Y,0,,0.0,,0,0.0,0.0,Y,Y,Y,N,994,,0.0,,,,,,,AEM10KW,0.0,0.0,0.0,0.0,0,0.0,0.0,0.0,0.0,N
5293,2,1,2025-08-13 14:32:34.000,1320962436,2026-07-07 08:37:24.104,Шрак техник ЕООД,Кабелен канал  40x40mm,RH229206,00000589,M,L,L,м.,,,5.5577427486028945,0.0,0.0,0.0,,Кабелен канал 40x40mm,N,1.0,2.0,,ШРАК ТЕХНИК ЕООД,3,,0.0,1.5,,,,,,,0,Y,0,,0.0,,0,0.0,0.0,Y,Y,Y,N,995,,0.0,,,,,,,AEM10KW,0.0,0.0,0.0,0.0,0,0.0,0.0,0.0,0.0,N
5293,4,1,2025-08-13 14:32:34.000,1320962436,2026-06-24 15:43:51.075,2. Корпуси,"Шкаф комуникационен стоящ S-RACK, W800 H2010 D10",DT428010--,00000665,M,L,L,бр.,,0.0,620.2481810791326,0.0,0.0,0.0,,"Комуникационен шкаф стоящ S-RACK, W800 H2010 D1000 19`` 42U``",N,1.0,2.0,,ШРАК ТЕХНИК ЕООД,1,,0.0,1.5,,,,,,,0,Y,0,,0.0,,0,0.0,0.0,Y,Y,Y,N,996,,0.0,,,,,,,AEM10KW,0.0,0.0,0.0,0.0,0,0.0,0.0,0.0,0.0,N
5293,6,1,2025-08-13 14:32:34.000,1320962436,2026-06-24 15:43:51.153,2. Корпуси,Табло за вграждане 4М 1 ред,BK080005--,00001037,M,L,L,бр.,,0.0,7.697601529785308,0.0,0.0,0.0,,Табло за вграждане 4М 1 ред,N,1.0,2.0,,ШРАК ТЕХНИК ЕООД,1,,0.0,1.5,,,,,,,0,Y,0,,0.0,,0,0.0,0.0,Y,Y,Y,N,997,,0.0,,,,,,,AEM10KW,0.0,0.0,0.0,0.0,0,0.0,0.0,0.0,0.0,N
5293,8,1,2025-08-13 14:32:34.000,1320962436,2026-06-24 15:48:52.654,9. Други,Решетка за вентилатор PAN 400 (?),,00000966,M,L,L,бр.,,0.0,0.0,0.0,0.0,0.0,,Решетка PAN 400 (?),N,1.0,2.0,,ADEV S.R.L.,2,,0.0,1.5,,,,,,,0,Y,0,,0.0,,0,0.0,0.0,Y,Y,Y,N,998,,0.0,,,,,,,AEM10KW,0.0,0.0,0.0,0.0,0,0.0,0.0,0.0,0.0,N
5293,10,1,2025-08-13 14:32:34.000,1320962436,2026-06-24 15:46:19.028,3. Консумативи,Калиева основа Labimex *Средно аритметично 25кг.,CL00.1135.9025,00000607,M,L,L,бр.,,0.0,345.6588762827035,0.0,0.0,0.0,,Калиева основа Labimex *Средно аритметично 25кг.,N,1.0,2.0,,Labimex,0.698823529,,0.0,1.5,,,,,,,0,Y,0,,0.0,,0,0.0,0.0,Y,Y,Y,N,999,,0.0,,,,,,,AEM10KW,0.0,0.0,0.0,0.0,0,0.0,0.0,0.0,0.0,N
5293,12,1,2025-08-13 14:32:34.000,1320962436,2026-07-03 15:27:03.515,2. Консумативи,"Тефлонова лента, 13м 3/4`",12517,00001067,M,L,L,бр.,,,1.7383923960671428,0.0,0.0,0.0,,Тефлонова лента проф. 12м12*0.1,N,1.0,2.0,,ЯВОР-М ЕООД,1,,0.0,1.5,,,,,,,0,Y,0,,0.0,,0,0.0,0.0,Y,Y,Y,N,1000,,0.0,,,,,,,AEM10KW,0.0,0.0,0.0,0.0,0,0.0,0.0,0.0,0.0,N
5293,13,1,2025-09-29 09:19:09.421,1319851353,2026-06-17 14:08:41.851,Фитинги - Щуцер на резба,Гайки за щуцери 1/2“,1703 15/12.5-M20X1,00000493,M,L,L,бр.,,,0.940774,0.0,0.0,0.0,,,N,1.0,2.0,,ЛД ООД,,,,1.5,,,,,,,,Y,0,,0.0,,,0.0,0.0,Y,Y,Y,N,1404,,0.0,,,,,,,,,,,,0,0.0,0.0,0.0,,N
5293,14,1,2025-08-13 14:32:34.000,1330359963,2026-06-24 15:24:31.576,2.8. Маркучи,Шлаух полиамид бял 8/6,TRN 8/6,00001215,M,L,L,м.,,,1.03,0.0,0.0,0.0,,Шлаух полиамид бял 8/6,N,1.0,2.0,,LD GmbH,0.2,,0.0,1.5,,,,,,,0,Y,0,,0.0,,0,0.0,0.0,Y,Y,Y,N,1001,,0.0,,,,,,,AEM10KW,0.0,0.0,0.0,0.0,0,0.0,0.0,0.0,0.0,N
5293,16,1,2025-08-13 14:32:34.000,1330359920,2026-06-24 15:24:31.522,2.8. Маркучи,"Шлаух полиамид бял 15/12,5","TRN 15/12,5",00001217,M,L,L,м.,,,2.71,0.0,0.0,0.0,,"Шлаух полиамид, бял 15/12,5",N,1.0,2.0,,LD GmbH,,,0.0,1.5,,,,,,,0,Y,0,,0.0,,0,0.0,0.0,Y,Y,Y,N,1002,,0.0,,,,,,,AEM10KW,0.0,0.0,0.0,0.0,0,0.0,0.0,0.0,0.0,N
5293,18,1,2025-08-13 14:32:45.000,1320962436,2026-07-03 15:27:03.515,2. Консумативи,20`` DV Контейнер,1535,00000256,M,L,L,бр.,,,3425.655604014664,0.0,0.0,0.0,,20`` Контейнер HPCU2248917,N,1.0,2.0,,ФРИЛАЙН,1,,0.0,1.5,,,,,,,0,Y,0,,0.0,,0,0.0,0.0,Y,Y,Y,N,1318,,0.0,,,,,,,AEM10KW,0.0,0.0,0.0,0.0,0,0.0,0.0,0.0,0.0,N
5293,20,1,2025-08-13 14:32:45.000,1320962437,2026-06-24 15:43:51.214,2. Корпуси,Табло с 2 врати 1000х1000х300,WSA1010309,00001038,M,L,L,бр.,,,273.4838917492829,0.0,0.0,0.0,,Табло с 2 врати 1000х1000х300,N,1.0,2.0,,ШРАК ТЕХНИК ЕООД,1,,0.0,1.5,,,,,,,0,Y,0,,0.0,,0,0.0,0.0,Y,Y,Y,N,1319,,0.0,,,,,,,AEM10KW,0.0,0.0,0.0,0.0,0,0.0,0.0,0.0,0.0,N
5294,0,1,2025-08-13 14:32:45.000,1320962437,2026-06-16 13:37:14.711,МЕРКОМ ЕООД,Осветително тяло овално 100W 1XE27 G FILO 1V EEx,831172Ex,00000803,M,L,L,бр.,,,112.68873061564656,0.0,0.0,0.0,,Осветително тяло овално 100W 1XE27 G FILO 1V EEx,P,1.0,2.0,,Мерком,4,,0.0,1.5,,,,,,,0,Y,0,,0.0,,0,0.0,0.0,Y,Y,Y,N,1320,,0.0,,,,,,,AEM10KW,0.0,0.0,0.0,0.0,0,0.0,0.0,0.0,0.0,N
5294,2,1,2025-08-13 14:32:45.000,1320962437,2026-06-24 15:44:38.872,Други (Крепежи),Уплътнеине за отвори в контейнер,,00001119,M,L,L,бр.,,0.0,0.0,0.0,0.0,0.0,,Уплътнеине за отвори в контейнер,N,1.0,2.0,,ADEV S.R.L.,10,,0.0,1.5,,,,,,,0,Y,0,,0.0,,0,0.0,0.0,Y,Y,Y,N,1321,,0.0,,,,,,,AEM10KW,0.0,0.0,0.0,0.0,0,0.0,0.0,0.0,0.0,N
5294,3,1,2025-08-20 08:15:44.288,1320962437,2026-07-03 15:27:03.515,2. Консумативи,Смола за дейонизатор,,00000997,M,L,L,литър.,,,15.952247999999999,0.0,0.0,0.0,,За всички видове машини,N,0.0,0.0,,ВАЛЕРУС - ВАЛЕРИ РУСИНОВ ЕТ,,,,1.5,,,,,,,,Y,0,,0.0,,,0.0,0.0,Y,Y,Y,N,1363,,0.0,,,,,,,,,,,,0,0.0,0.0,0.0,,N
5294,4,1,2025-08-13 14:32:45.000,1334343210,2026-07-29 08:25:42.669,3. Консумативи,Калиева основа,MTH 2815 20 00,00000606,M,L,L,кг.,,,2.8,0.0,0.0,0.0,,Калиева основа *2,N,100.0,100.0,,ВАЛЕРУС - ВАЛЕРИ РУСИНОВ ЕТ,450,,0.0,1.5,,,,,,,0,Y,0,,0.0,,0,0.0,0.0,Y,Y,Y,N,1322,,0.0,,,,,,,AEM10KW,0.0,0.0,0.0,0.0,0,0.0,0.0,0.0,0.0,N
5294,6,1,2025-08-13 14:32:45.000,1320962437,2026-07-03 16:09:17.503,2. Консумативи,Вода,-,00000469,M,L,L,м3,,0.0,2.505330217861471,0.0,0.0,0.0,,Вода,N,1.0,2.0,,ADEV S.R.L.,1,,0.0,1.5,,,,,,,0,Y,0,,0.0,,0,0.0,0.0,Y,Y,Y,N,1323,,0.0,,,,,,,AEM10KW,0.0,0.0,0.0,0.0,0,0.0,0.0,0.0,0.0,N
5294,8,1,2025-08-13 14:32:45.000,1320962437,2026-07-03 15:27:03.515,2. Консумативи,"Тефлонова лента, 7м. 1/2`",12515,00001068,M,L,L,бр.,,,0.7976153346661009,0.0,0.0,0.0,,Тефлонова лента,N,1.0,2.0,,ЯВОР-М ЕООД,2,,0.0,1.5,,,,,,,0,Y,0,,0.0,,0,0.0,0.0,Y,Y,Y,N,1324,,0.0,,,,,,,AEM10KW,0.0,0.0,0.0,0.0,0,0.0,0.0,0.0,0.0,N
5294,10,1,2025-08-13 14:32:34.000,1320962437,2026-07-03 15:37:14.897,4. Услуги,Вода 1,,00000468,M,L,L,м3,,,2.505330217861471,0.0,0.0,0.0,,Вода,N,1.0,2.0,,ADEV S.R.L.,0.030282353,,0.0,1.5,,,,,,,0,Y,0,,0.0,,0,0.0,0.0,Y,Y,Y,N,1003,,0.0,,,,,,,AEM10KW,0.0,0.0,0.0,0.0,0,0.0,0.0,0.0,0.0,N
5294,12,1,2025-08-13 14:32:34.000,1320962437,2026-07-03 15:37:14.897,4. Услуги,Delivery - Compensator DN 40 304/321 POL. PN 1-,,00000280,M,L,L,дост.,,,50.95534888001513,0.0,0.0,0.0,,Delivery - Compensator DN 40 304/321 POL. PN 1-,N,1.0,2.0,,M&S,1,,0.0,1.5,,,,,,,0,Y,0,,0.0,,0,0.0,0.0,Y,Y,Y,N,1004,,0.0,,,,,,,AEM10KW,0.0,0.0,0.0,0.0,0,0.0,0.0,0.0,0.0,N
5294,14,1,2025-08-13 14:32:34.000,1320962437,2026-07-03 15:37:14.897,4. Услуги,"Лазерно рязане Патлиджански малки, перф. лам.",,00000701,M,L,L,бр.,,,1.5338756435886554,0.0,0.0,0.0,,Лазерно рязане,N,1.0,2.0,,ПАТЛИДЖАНСКИ ООД,,,0.0,1.5,,,,,,,0,Y,0,,0.0,,0,0.0,0.0,Y,Y,Y,N,1005,,0.0,,,,,,,AEM30KW,0.0,0.0,0.0,0.0,0,0.0,0.0,0.0,0.0,N
5294,16,1,2025-08-13 14:32:38.000,1320962437,2026-07-03 15:37:14.897,4. Услуги,Delivery parts,,00000281,M,L,L,бр.,,0.0,0.0,0.0,0.0,0.0,,Delivery parts,N,1.0,2.0,,,1,,0.0,1.5,,,,,,,0,Y,0,,0.0,,0,0.0,0.0,Y,Y,Y,N,1018,,0.0,,,,,,,AEM10KW,0.0,0.0,0.0,0.0,0,0.0,0.0,0.0,0.0,N
5294,18,1,2025-08-13 14:32:45.000,1319236788,2026-07-03 15:37:14.897,4. Услуги,"Буферен съд 100л, ф500 верт.",450,00000442,M,L,L,бр.,,0.0,532.5958,0.0,0.0,0.0,,Буферен съд 500л,N,1.0,2.0,,Светлю Шишков С,2,,0.0,1.5,,,,,,,0,Y,0,,0.0,,0,0.0,0.0,Y,Y,Y,N,1325,,0.0,,,,,,,AEM10KW,0.0,0.0,0.0,0.0,0,0.0,0.0,0.0,0.0,N
5294,20,1,2025-08-13 14:32:45.000,1320962437,2026-07-03 15:37:14.897,4. Услуги,Транспорт ДУНАВ-СВ (Притискаща плоча),080155,00001081,M,L,L,бр.,,0.0,102.2583762392437,0.0,0.0,0.0,,Транспорт ДУНАВ-СВ (Притискаща плоча),N,1.0,2.0,,ДУНОВ-СВ,1,,0.0,1.5,,,,,,,0,Y,0,,0.0,,0,0.0,0.0,Y,Y,Y,N,1326,,0.0,,,,,,,AEM10KW,0.0,0.0,0.0,0.0,0,0.0,0.0,0.0,0.0,N
5294,22,1,2025-08-13 14:32:45.000,1317562485,2026-06-16 13:36:44.671,Джусита,ВОДНО Рязане метал (Притискаща плоча),-,00000443,M,L,L,бр.,,,2760.966,0.0,0.0,0.0,,ВОДНО Рязане метал (Притискаща плоча),P,1.0,2.0,,Джусита-ДЕС,2,,0.0,1.5,,,,,,,0,Y,0,,0.0,,0,0.0,0.0,Y,Y,Y,N,1327,,0.0,,,,,,,AEM10KW,0.0,0.0,0.0,0.0,0,0.0,0.0,0.0,0.0,N
5296,0,1,2025-08-13 14:32:45.000,1320962437,2026-07-03 15:37:14.897,4. Услуги,"Лазерно рязане Патлиджански големи, перф. лам.",,00000700,M,L,L,бр.,,,6.391148514952731,0.0,0.0,0.0,,Лазерно рязане (Патлиджански),N,1.0,2.0,,ПАТЛИДЖАНСКИ ООД,1,,0.0,1.5,,,,,,,0,Y,0,,0.0,,0,0.0,0.0,Y,Y,Y,N,1328,,0.0,,,,,,,AEM500KW,0.0,0.0,0.0,0.0,0,0.0,0.0,0.0,0.0,N
5296,2,1,2025-08-13 14:32:45.000,1320962437,2026-07-03 15:37:14.897,4. Услуги,Рязане на метал (НИРСТРОЙ),,00000974,M,L,L,бр.,,0.0,0.0,0.0,0.0,0.0,,Рязане на метал (НИРСТРОЙ),N,1.0,2.0,,,1,,0.0,1.5,,,,,,,0,Y,0,,0.0,,0,0.0,0.0,Y,Y,Y,N,1329,,0.0,,,,,,,AEM10KW,0.0,0.0,0.0,0.0,0,0.0,0.0,0.0,0.0,N
5296,4,1,2025-08-13 14:32:45.000,1320962437,2026-07-03 15:37:14.897,4. Услуги,Транспорт на метал (НИРСТРОЙ),,00001084,M,L,L,бр.,,0.0,0.0,0.0,0.0,0.0,,Транспорт на метал (НИРСТРОЙ),N,1.0,2.0,,,1,,0.0,1.5,,,,,,,0,Y,0,,0.0,,0,0.0,0.0,Y,Y,Y,N,1330,,0.0,,,,,,,AEM10KW,0.0,0.0,0.0,0.0,0,0.0,0.0,0.0,0.0,N
5296,6,1,2025-08-13 14:32:45.000,1320962437,2026-07-03 15:37:14.897,4. Услуги,Огъване,,00000795,M,L,L,бр.,,0.0,0.0,0.0,0.0,0.0,,Огъване,N,1.0,2.0,,,1,,0.0,1.5,,,,,,,0,Y,0,,0.0,,0,0.0,0.0,Y,Y,Y,N,1331,,0.0,,,,,,,AEM10KW,0.0,0.0,0.0,0.0,0,0.0,0.0,0.0,0.0,N
5296,8,1,2025-08-13 14:32:46.000,1320962437,2026-07-03 15:37:14.897,4. Услуги,Мито,,00000736,M,L,L,бр.,,0.0,0.0,0.0,0.0,0.0,,Мито,N,1.0,2.0,,,1,,0.0,1.5,,,,,,,0,Y,0,,0.0,,0,0.0,0.0,Y,Y,Y,N,1332,,0.0,,,,,,,AEM10KW,0.0,0.0,0.0,0.0,0,0.0,0.0,0.0,0.0,N
5296,10,1,2025-08-13 14:32:46.000,1320962437,2026-07-03 15:37:14.897,4. Услуги,Транспорт Китай,,00001082,M,L,L,бр.,,0.0,0.0,0.0,0.0,0.0,,Транспорт Китай,N,1.0,2.0,,SUZHOU,1,,0.0,1.5,,,,,,,0,Y,0,,0.0,,0,0.0,0.0,Y,Y,Y,N,1333,,0.0,,,,,,,AEM10KW,0.0,0.0,0.0,0.0,0,0.0,0.0,0.0,0.0,N
5296,12,1,2025-08-13 14:32:46.000,1320962437,2026-07-03 15:37:14.897,4. Услуги,Опаковка (Филипекс),,00000800,M,L,L,бр.,,0.0,0.0,0.0,0.0,0.0,,Опаковка (Филипекс),N,1.0,2.0,,,1,,0.0,1.5,,,,,,,0,Y,0,,0.0,,0,0.0,0.0,Y,Y,Y,N,1334,,0.0,,,,,,,AEM10KW,0.0,0.0,0.0,0.0,0,0.0,0.0,0.0,0.0,N
5296,14,1,2025-08-13 14:32:46.000,1320962437,2026-07-03 15:37:14.897,4. Услуги,Транспорт (Филипекс),,00001079,M,L,L,бр.,,0.0,0.0,0.0,0.0,0.0,,Транспорт (Филипекс),N,1.0,2.0,,,1,,0.0,1.5,,,,,,,0,Y,0,,0.0,,0,0.0,0.0,Y,Y,Y,N,1335,,0.0,,,,,,,AEM10KW,0.0,0.0,0.0,0.0,0,0.0,0.0,0.0,0.0,N
5296,16,1,2025-08-13 14:32:46.000,1320962437,2026-07-03 15:37:14.897,4. Услуги,Обработка на полиамид,,00000792,M,L,L,бр.,,0.0,0.0,0.0,0.0,0.0,,Обработка на полиамид,N,1.0,2.0,,,1,,0.0,1.5,,,,,,,0,Y,0,,0.0,,0,0.0,0.0,Y,Y,Y,N,1336,,0.0,,,,,,,AEM10KW,0.0,0.0,0.0,0.0,0,0.0,0.0,0.0,0.0,N
5296,18,1,2025-08-13 14:32:46.000,1320962437,2026-07-03 15:37:14.897,4. Услуги,Транспорт контейнер (Шапкаров),,00001083,M,L,L,бр.,,0.0,0.0,0.0,0.0,0.0,,Транспорт контейнер (Шапкаров),N,1.0,2.0,,,1,,0.0,1.5,,,,,,,0,Y,0,,0.0,,0,0.0,0.0,Y,Y,Y,N,1337,,0.0,,,,,,,AEM10KW,0.0,0.0,0.0,0.0,0,0.0,0.0,0.0,0.0,N
5296,20,1,2025-08-13 14:32:46.000,1320962437,2026-07-03 15:37:14.897,4. Услуги,Транспорт 20`` контейнер (ФРИЛАЙН),-,00001080,M,L,L,бр.,,0.0,138.048807922979,0.0,0.0,0.0,,Транспорт 20`` контейнер (ФРИЛАЙН),N,1.0,2.0,,ФРИЛАЙН,1,,0.0,1.5,,,,,,,0,Y,0,,0.0,,0,0.0,0.0,Y,Y,Y,N,1338,,0.0,,,,,,,AEM10KW,0.0,0.0,0.0,0.0,0,0.0,0.0,0.0,0.0,N
5296,22,1,2025-08-13 14:32:38.000,1320962437,2026-03-02 14:59:33.770,Каталитична колона,Oxygone 133,,00000334,M,L,L,бр.,,0.0,0.0,0.0,0.0,0.0,,Oxygone 133,N,1.0,2.0,,,1,,0.0,1.5,,,,,,,0,Y,0,,0.0,,0,0.0,0.0,Y,Y,Y,N,1019,,0.0,,,,,,,AEM10KW,0.0,0.0,0.0,0.0,0,0.0,0.0,0.0,0.0,N
5296,24,1,2025-08-13 14:32:38.000,1320962437,2026-03-02 14:59:33.785,Каталитична колона,Тръба ? 48.3х2,,00001097,M,L,L,бр.,,0.0,0.0,0.0,0.0,0.0,,Тръба ? 48.3х2,N,1.0,2.0,,,1,,0.0,1.5,,,,,,,0,Y,0,,0.0,,0,0.0,0.0,Y,Y,Y,N,1020,,0.0,,,,,,,AEM10KW,0.0,0.0,0.0,0.0,0,0.0,0.0,0.0,0.0,N
5297,0,1,2025-08-13 14:32:38.000,1320962437,2026-03-02 14:59:33.770,Каталитична колона,Капи ? 48.3х2,102658,00000619,M,L,L,бр.,,0.0,0.0,0.0,0.0,0.0,,Капи ? 48.3х2,N,1.0,2.0,,,2,,0.0,1.5,,,,,,,0,Y,0,,0.0,,0,0.0,0.0,Y,Y,Y,N,1021,,0.0,,,,,,,AEM10KW,0.0,0.0,0.0,0.0,0,0.0,0.0,0.0,0.0,N
5297,2,1,2025-08-13 14:32:38.000,1320962437,2026-03-02 14:59:33.785,Каталитична колона,"Тръба ? 10х1, 316L",98058,00001093,M,L,L,бр.,,0.0,0.0,0.0,0.0,0.0,,"Тръба ? 10х1, 316L",N,1.0,2.0,,,11,,0.0,1.5,,,,,,,0,Y,0,,0.0,,0,0.0,0.0,Y,Y,Y,N,1022,,0.0,,,,,,,AEM10KW,0.0,0.0,0.0,0.0,0,0.0,0.0,0.0,0.0,N
5297,4,1,2025-08-13 14:32:38.000,1320962437,2026-03-02 14:59:33.770,Каталитична колона,10мм тръба към 3/8“,8405D 03 010,00000252,M,L,L,бр.,,0.0,0.0,0.0,0.0,0.0,,10мм тръба към 3/8“,N,1.0,2.0,,,40,,0.0,1.5,,,,,,,0,Y,0,,0.0,,0,0.0,0.0,Y,Y,Y,N,1023,,0.0,,,,,,,AEM10KW,0.0,0.0,0.0,0.0,0,0.0,0.0,0.0,0.0,N
5297,6,1,2025-08-13 14:32:38.000,1320962437,2026-03-02 14:59:33.785,Каталитична колона,"Муфа, 3/8“",0270 03,00000764,M,L,L,бр.,,0.0,0.0,0.0,0.0,0.0,,"Муфа, 3/8“",N,1.0,2.0,,,8,,0.0,1.5,,,,,,,0,Y,0,,0.0,,0,0.0,0.0,Y,Y,Y,N,1024,,0.0,,,,,,,AEM10KW,0.0,0.0,0.0,0.0,0,0.0,0.0,0.0,0.0,N
5297,8,1,2025-08-13 14:32:38.000,1320962437,2026-03-02 14:59:33.692,Изсушител,"Капи ?114.3х2, 316L",102662,00000620,M,L,L,бр.,,0.0,0.0,0.0,0.0,0.0,,"Капи ?114.3х2, 316L",N,1.0,2.0,,,6,,0.0,1.5,,,,,,,0,Y,0,,0.0,,0,0.0,0.0,Y,Y,Y,N,1025,,0.0,,,,,,,AEM10KW,0.0,0.0,0.0,0.0,0,0.0,0.0,0.0,0.0,N
5297,10,1,2025-08-13 14:32:38.000,1320962437,2026-03-02 14:59:33.723,Изсушител,"Тръба ? 114.3х2, 316L",93009,00001095,M,L,L,бр.,,0.0,0.0,0.0,0.0,0.0,,"Тръба ? 114.3х2, 316L",N,1.0,2.0,,,3,,0.0,1.5,,,,,,,0,Y,0,,0.0,,0,0.0,0.0,Y,Y,Y,N,1026,,0.0,,,,,,,AEM10KW,0.0,0.0,0.0,0.0,0,0.0,0.0,0.0,0.0,N
5297,12,1,2025-08-13 14:32:38.000,1320962437,2026-03-02 14:59:33.723,Изсушител,"Тръба ? 26.9х2, 316L",91023,00001096,M,L,L,бр.,,0.0,0.0,0.0,0.0,0.0,,"Тръба ? 26.9х2, 316L",N,1.0,2.0,,,3,,0.0,1.5,,,,,,,0,Y,0,,0.0,,0,0.0,0.0,Y,Y,Y,N,1027,,0.0,,,,,,,AEM10KW,0.0,0.0,0.0,0.0,0,0.0,0.0,0.0,0.0,N
5297,14,1,2025-08-13 14:32:38.000,1320962437,2026-03-02 14:59:33.660,Изсушител,10мм тръба към 3/8“,8405D 03 010,00000253,M,L,L,бр.,,0.0,0.0,0.0,0.0,0.0,,10мм тръба към 3/8“,N,1.0,2.0,,,,,0.0,1.5,,,,,,,0,Y,0,,0.0,,0,0.0,0.0,Y,Y,Y,N,1028,,0.0,,,,,,,AEM10KW,0.0,0.0,0.0,0.0,0,0.0,0.0,0.0,0.0,N
5297,16,1,2025-08-13 14:32:38.000,1320962437,2026-03-02 14:59:33.692,Изсушител,"Муфа, 3/8“",0270 03,00000765,M,L,L,бр.,,0.0,0.0,0.0,0.0,0.0,,"Муфа, 3/8“",N,1.0,2.0,,,,,0.0,1.5,,,,,,,0,Y,0,,0.0,,0,0.0,0.0,Y,Y,Y,N,1029,,0.0,,,,,,,AEM10KW,0.0,0.0,0.0,0.0,0,0.0,0.0,0.0,0.0,N
5297,18,1,2025-08-13 14:32:38.000,1320962437,2026-03-02 14:59:33.676,Изсушител,Зеолит 4А,,00000542,M,L,L,бр.,,0.0,0.0,0.0,0.0,0.0,,Зеолит 4А,N,1.0,2.0,,,11,,0.0,1.5,,,,,,,0,Y,0,,0.0,,0,0.0,0.0,Y,Y,Y,N,1030,,0.0,,,,,,,AEM10KW,0.0,0.0,0.0,0.0,0,0.0,0.0,0.0,0.0,N
5297,20,1,2025-08-13 14:32:38.000,1320962437,2026-03-02 14:59:33.692,Изсушител,"Патронни Нагреватели, ? 22х550",,00000832,M,L,L,бр.,,0.0,0.0,0.0,0.0,0.0,,"Патронни Нагреватели, ? 22х550",N,1.0,2.0,,,3,,0.0,1.5,,,,,,,0,Y,0,,0.0,,0,0.0,0.0,Y,Y,Y,N,1031,,0.0,,,,,,,AEM10KW,0.0,0.0,0.0,0.0,0,0.0,0.0,0.0,0.0,N
5297,22,1,2025-08-13 14:32:38.000,1320962437,2026-03-02 14:59:33.692,Изсушител,Релета,,00000965,M,L,L,бр.,,0.0,0.0,0.0,0.0,0.0,,Релета,N,1.0,2.0,,,3,,0.0,1.5,,,,,,,0,Y,0,,0.0,,0,0.0,0.0,Y,Y,Y,N,1032,,0.0,,,,,,,AEM10KW,0.0,0.0,0.0,0.0,0,0.0,0.0,0.0,0.0,N
5297,24,1,2025-08-13 14:32:38.000,1320962438,2026-03-02 14:59:33.707,Изсушител,Трансмитер термодвойка тип „К“,,00001078,M,L,L,бр.,,0.0,0.0,0.0,0.0,0.0,,Трансмитер термодвойка тип „К“,N,1.0,2.0,,,3,,0.0,1.5,,,,,,,0,Y,0,,0.0,,0,0.0,0.0,Y,Y,Y,N,1033,,0.0,,,,,,,AEM10KW,0.0,0.0,0.0,0.0,0,0.0,0.0,0.0,0.0,N
5298,0,1,2025-08-13 14:32:38.000,1320962438,2026-03-02 14:59:33.707,Изсушител,Топлообменник,B500 01700007,00001070,M,L,L,бр.,,0.0,0.0,0.0,0.0,0.0,,Топлообменник,N,1.0,2.0,,,2,,0.0,1.5,,,,,,,0,Y,0,,0.0,,0,0.0,0.0,Y,Y,Y,N,1034,,0.0,,,,,,,AEM10KW,0.0,0.0,0.0,0.0,0,0.0,0.0,0.0,0.0,N
5298,2,1,2025-08-13 14:32:38.000,1320962438,2026-03-02 14:59:33.676,Изсушител,Електромагнитни клапани,HK 10-S,00000522,M,L,L,бр.,,0.0,0.0,0.0,0.0,0.0,,Електромагнитни клапани,N,1.0,2.0,,,16,,0.0,1.5,,,,,,,0,Y,0,,0.0,,0,0.0,0.0,Y,Y,Y,N,1035,,0.0,,,,,,,AEM10KW,0.0,0.0,0.0,0.0,0,0.0,0.0,0.0,0.0,N
5298,4,1,2025-08-13 14:32:38.000,1320962438,2026-03-02 14:59:33.707,Изсушител,Тройник 10мм,8403D 010 010,00001085,M,L,L,бр.,,0.0,0.0,0.0,0.0,0.0,,Тройник 10мм,N,1.0,2.0,,,35,,0.0,1.5,,,,,,,0,Y,0,,0.0,,0,0.0,0.0,Y,Y,Y,N,1036,,0.0,,,,,,,AEM10KW,0.0,0.0,0.0,0.0,0,0.0,0.0,0.0,0.0,N
5298,6,1,2025-08-13 14:32:38.000,1320962438,2026-03-02 14:59:33.676,Изсушител,Union Tube – 10mm,8401D 010 010,00000377,M,L,L,бр.,,0.0,0.0,0.0,0.0,0.0,,Union Tube – 10mm,N,1.0,2.0,,,8,,0.0,1.5,,,,,,,0,Y,0,,0.0,,0,0.0,0.0,Y,Y,Y,N,1037,,0.0,,,,,,,AEM10KW,0.0,0.0,0.0,0.0,0,0.0,0.0,0.0,0.0,N
5298,8,1,2025-08-13 14:32:38.000,1320962438,2026-03-02 14:59:33.676,Изсушител,Иглен вентил,2225 03,00000543,M,L,L,бр.,,0.0,0.0,0.0,0.0,0.0,,Иглен вентил,N,1.0,2.0,,,3,,0.0,1.5,,,,,,,0,Y,0,,0.0,,0,0.0,0.0,Y,Y,Y,N,1038,,0.0,,,,,,,AEM10KW,0.0,0.0,0.0,0.0,0,0.0,0.0,0.0,0.0,N
5298,10,1,2025-08-13 14:32:38.000,1320962438,2026-03-02 14:59:33.676,Изсушител,Еднопътен вентил,2001 03,00000518,M,L,L,бр.,,0.0,0.0,0.0,0.0,0.0,,Еднопътен вентил,N,1.0,2.0,,,5,,0.0,1.5,,,,,,,0,Y,0,,0.0,,0,0.0,0.0,Y,Y,Y,N,1039,,0.0,,,,,,,AEM10KW,0.0,0.0,0.0,0.0,0,0.0,0.0,0.0,0.0,N
5298,12,1,2025-08-13 14:32:38.000,1320962438,2026-03-02 14:59:33.723,Изсушител,Циклонен сепаратор с дренаж,"SPR-25, SA-61",00001174,M,L,L,бр.,,0.0,0.0,0.0,0.0,0.0,,Циклонен сепаратор с дренаж,N,1.0,2.0,,,2,,0.0,1.5,,,,,,,0,Y,0,,0.0,,0,0.0,0.0,Y,Y,Y,N,1040,,0.0,,,,,,,AEM10KW,0.0,0.0,0.0,0.0,0,0.0,0.0,0.0,0.0,N
5298,14,1,2025-08-13 14:32:38.000,1320962438,2026-03-02 14:59:33.723,Изсушител,"Тръба ? 10х1, 316L",98058,00001094,M,L,L,бр.,,0.0,0.0,0.0,0.0,0.0,,"Тръба ? 10х1, 316L",N,1.0,2.0,,,,,0.0,1.5,,,,,,,0,Y,0,,0.0,,0,0.0,0.0,Y,Y,Y,N,1041,,0.0,,,,,,,AEM10KW,0.0,0.0,0.0,0.0,0,0.0,0.0,0.0,0.0,N
5298,16,1,2025-08-13 14:32:38.000,1320962438,2026-03-02 14:59:33.707,Изсушител,Температурни сензори,TA3115,00001060,M,L,L,бр.,,0.0,0.0,0.0,0.0,0.0,,Температурни сензори,N,1.0,2.0,,,4,,0.0,1.5,,,,,,,0,Y,0,,0.0,,0,0.0,0.0,Y,Y,Y,N,1042,,0.0,,,,,,,AEM10KW,0.0,0.0,0.0,0.0,0,0.0,0.0,0.0,0.0,N
5298,18,1,2025-08-13 14:32:38.000,1320962438,2026-03-02 14:59:33.707,Изсушител,Трансмитер за налягане,,00001073,M,L,L,бр.,,0.0,0.0,0.0,0.0,0.0,,Трансмитер за налягане,N,1.0,2.0,,,2,,0.0,1.5,,,,,,,0,Y,0,,0.0,,0,0.0,0.0,Y,Y,Y,N,1043,,0.0,,,,,,,AEM10KW,0.0,0.0,0.0,0.0,0,0.0,0.0,0.0,0.0,N
5298,20,1,2025-08-13 14:32:38.000,1320962438,2026-03-02 14:59:33.692,Изсушител,Компресор/Вакуум помпа,,00000663,M,L,L,бр.,,0.0,0.0,0.0,0.0,0.0,,Компресор/Вакуум помпа,N,1.0,2.0,,,1,,0.0,1.5,,,,,,,0,Y,0,,0.0,,0,0.0,0.0,Y,Y,Y,N,1044,,0.0,,,,,,,AEM10KW,0.0,0.0,0.0,0.0,0,0.0,0.0,0.0,0.0,N
5298,22,1,2025-08-13 14:32:38.000,1320962438,2026-03-02 14:59:33.660,Изсушител,Scrubber,,00000353,M,L,L,бр.,,0.0,0.0,0.0,0.0,0.0,,Scrubber,N,1.0,2.0,,,1,,0.0,1.5,,,,,,,0,Y,0,,0.0,,0,0.0,0.0,Y,Y,Y,N,1045,,0.0,,,,,,,AEM10KW,0.0,0.0,0.0,0.0,0,0.0,0.0,0.0,0.0,N
5298,24,1,2025-08-13 14:32:38.000,1323144960,2026-06-24 15:14:48.925,Газ анализ - Сензори,Електрохимичен анализатор - 0-100ppm vol. O2,OxyTrend-G-A,00000287,M,L,L,бр.,,,2568.0,0.0,0.0,0.0,,Electrochemical Oxygen analyser: 0-100ppm vol. O2,P,1.0,2.0,,ADEV S.R.L.,1,,0.0,1.5,,,,,,,0,Y,0,,0.0,,0,0.0,0.0,Y,Y,Y,N,1046,,0.0,,,,,,,AEM10KW,0.0,0.0,0.0,0.0,0,0.0,0.0,0.0,0.0,N
5299,0,1,2025-08-13 14:32:38.000,1309163070,2026-03-02 14:59:33.848,Табло - Газ анализатор,Electrochemical Oxygen analyser:  0-5% vol. O2,OxyTrend-G-A,00000286,M,L,L,бр.,,0.0,2568.0,0.0,0.0,0.0,,Electrochemical Oxygen analyser:  0-5% vol. O2,N,1.0,2.0,,,1,,0.0,1.5,,,,,,,0,Y,0,,0.0,,0,0.0,0.0,Y,Y,Y,N,1047,,0.0,,,,,,,AEM10KW,0.0,0.0,0.0,0.0,0,0.0,0.0,0.0,0.0,N
5299,2,1,2025-08-13 14:32:38.000,1309163070,2026-03-02 14:59:33.832,Табло - Газ анализатор,8866 - Thermal Conductivity Analyser 0-5% vol. H,8866-03-16-2G-2-S-GF,00000263,M,L,L,бр.,,0.0,4706.0,0.0,0.0,0.0,,8866 - Thermal Conductivity Analyser 0-5% vol. H2,N,1.0,2.0,,,1,,0.0,1.5,,,,,,,0,Y,0,,0.0,,0,0.0,0.0,Y,Y,Y,N,1048,,0.0,,,,,,,AEM10KW,0.0,0.0,0.0,0.0,0,0.0,0.0,0.0,0.0,N
5299,4,1,2025-08-13 14:32:38.000,1309163070,2026-03-02 14:59:34.613,Табло - Газ анализатор,Control Unit with display for 8866 Thermal Condu,Sirius-G-LIN-000-N-N-N-EN,00000277,M,L,L,бр.,,0.0,2387.0,0.0,0.0,0.0,,Control Unit with display for 8866 Thermal Conduct Analyser,N,1.0,2.0,,,1,,0.0,1.5,,,,,,,0,Y,0,,0.0,,0,0.0,0.0,Y,Y,Y,N,1049,,0.0,,,,,,,AEM10KW,0.0,0.0,0.0,0.0,0,0.0,0.0,0.0,0.0,N
5299,6,1,2025-08-13 14:32:38.000,1320458377,2026-06-24 15:04:53.183,Газ анализ - Сензори,Dew Point Analyser with integral touchscreen LCD,A59047,00000282,M,L,L,бр.,,,1457.0,0.0,0.0,0.0,,Dew Point Analyser with integral touchscreen LCD display,P,1.0,2.0,,ADEV S.R.L.,1,,0.0,1.5,,,,,,,0,Y,0,,0.0,,0,0.0,0.0,Y,Y,Y,N,1050,,0.0,,,,,,,AEM10KW,0.0,0.0,0.0,0.0,0,0.0,0.0,0.0,0.0,N
5299,8,1,2025-08-13 14:32:38.000,1317440118,2026-06-24 15:14:25.003,Газ анализ - Сензори,Мeasuring chamber for DPA- измервателна камера,[A42339],00000348,M,L,L,бр.,,,316.56,0.0,0.0,0.0,,"SS 316 measuring chamber for Dew Point Analyser, 1/8“ FNPT",P,1.0,2.0,,ADEV S.R.L.,1,,0.0,1.5,,,,,,,0,Y,0,,0.0,,0,0.0,0.0,Y,Y,Y,N,1051,,0.0,,,,,,,AEM10KW,0.0,0.0,0.0,0.0,0,0.0,0.0,0.0,0.0,N
5299,9,1,2025-08-15 08:28:29.290,1320962438,2026-06-23 10:38:16.557,Колена на резба,Коляно 90° 304L резба М/Ж 1 1/4“,101407,00001304,M,L,L,бр.,,,0.5112918811962185,0.0,0.0,0.0,,,N,0.0,0.0,,КРИСМЕТАЛ,,,,1.5,,,,,,,,Y,0,,0.0,,,0.0,0.0,Y,Y,Y,N,1342,,0.0,,,,,,,,,,,,0,0.0,0.0,0.0,,N
5299,11,1,2025-08-15 08:29:46.812,1320962438,2026-06-23 10:38:07.777,Колена на резба,Коляно 90° 304L резба М/Ж 1 1/2“,101408,00001303,M,L,L,бр.,,,0.5112918811962185,0.0,0.0,0.0,,,N,0.0,0.0,,КРИСМЕТАЛ,,,,1.5,,,,,,,,Y,0,,0.0,,,0.0,0.0,Y,Y,Y,N,1343,,0.0,,,,,,,,,,,,0,0.0,0.0,0.0,,N
5299,14,1,2025-08-13 14:32:38.000,1309163070,2026-03-02 14:59:33.863,Табло - Газ анализатор,Flowmeter and needle valve bracket,[A26040],00000298,M,L,L,бр.,,0.0,10.5,0.0,0.0,0.0,,Flowmeter and needle valve bracket,N,1.0,2.0,,,10,,0.0,1.5,,,,,,,0,Y,0,,0.0,,0,0.0,0.0,Y,Y,Y,N,1054,,0.0,,,,,,,AEM10KW,0.0,0.0,0.0,0.0,0,0.0,0.0,0.0,0.0,N
5299,16,1,2025-08-13 14:32:38.000,1309163070,2026-03-02 14:59:33.879,Табло - Газ анализатор,"Pressure regulator G 1/4``, AISI 316  for Oxygen",ID R314MC O2,00000342,M,L,L,бр.,,0.0,183.3,0.0,0.0,0.0,,"Pressure regulator G 1/4``, AISI 316  for Oxygen",N,1.0,2.0,,,1,,0.0,1.5,,,,,,,0,Y,0,,0.0,,0,0.0,0.0,Y,Y,Y,N,1055,,0.0,,,,,,,AEM10KW,0.0,0.0,0.0,0.0,0,0.0,0.0,0.0,0.0,N
5299,18,1,2025-08-13 14:32:38.000,1309163070,2026-03-02 14:59:33.863,Табло - Газ анализатор,"Pressure regulator  G 1/4``, AISI 316  for Hydro",ID R314MC H2,00000341,M,L,L,бр.,,0.0,172.0,0.0,0.0,0.0,,"Pressure regulator  G 1/4``, AISI 316  for Hydrogen",N,1.0,2.0,,,2,,0.0,1.5,,,,,,,0,Y,0,,0.0,,0,0.0,0.0,Y,Y,Y,N,1056,,0.0,,,,,,,AEM10KW,0.0,0.0,0.0,0.0,0,0.0,0.0,0.0,0.0,N
5299,20,1,2025-08-15 08:30:40.922,1320962438,2026-06-23 10:38:40.571,Колена на резба,Коляно 90° 304L резба М/Ж 2“,101409,00001305,M,L,L,бр.,,,0.5112918811962185,0.0,0.0,0.0,,,N,0.0,0.0,,КРИСМЕТАЛ,,,,1.5,,,,,,,,Y,0,,0.0,,,0.0,0.0,Y,Y,Y,N,1344,,0.0,,,,,,,,,,,,0,0.0,0.0,0.0,,N
5300,0,1,2025-08-13 14:32:38.000,1309163070,2026-03-02 14:59:33.863,Табло - Газ анализатор,Mounting Bracket,ID M13301,00000329,M,L,L,бр.,,0.0,16.5,0.0,0.0,0.0,,Mounting Bracket,N,1.0,2.0,,,3,,0.0,1.5,,,,,,,0,Y,0,,0.0,,0,0.0,0.0,Y,Y,Y,N,1057,,0.0,,,,,,,AEM10KW,0.0,0.0,0.0,0.0,0,0.0,0.0,0.0,0.0,N
5300,2,1,2025-08-13 14:32:38.000,1309163070,2026-03-02 14:59:33.863,Табло - Газ анализатор,"Pressure gauge ф40, 0/2.5 bar (Oxygen)",W 83156643,00000340,M,L,L,бр.,,0.0,52.9,0.0,0.0,0.0,,"Pressure gauge ф40, 0/2.5 bar (Oxygen)",N,1.0,2.0,,,3,,0.0,1.5,,,,,,,0,Y,0,,0.0,,0,0.0,0.0,Y,Y,Y,N,1058,,0.0,,,,,,,AEM10KW,0.0,0.0,0.0,0.0,0,0.0,0.0,0.0,0.0,N
5300,4,1,2025-08-13 14:32:38.000,1309163070,2026-06-24 15:06:22.596,Газ анализ - Фитинги,MALE CONNECTOR 6MM SWA - 1/4`` NPT,SS-6M0-1-4,00000309,M,L,L,бр.,,,11.95,0.0,0.0,0.0,,MALE CONNECTOR 6MM SWA - 1/4`` NPT,P,1.0,2.0,,CENTRAL FLUIDSYSTEMS S.R.O. / SWAGELOK,2,,0.0,1.5,,,,,,,0,Y,0,,0.0,,0,0.0,0.0,Y,Y,Y,N,1059,,0.0,,,,,,,AEM10KW,0.0,0.0,0.0,0.0,0,0.0,0.0,0.0,0.0,N
5300,6,1,2025-08-13 14:32:38.000,1325466263,2026-06-24 15:06:22.533,Газ анализ - Фитинги,MALE CONNECTOR 6MM SWA - 1/8`` NPT,SS-6M0-1-2,00000311,M,L,L,бр.,,,12.4,0.0,0.0,0.0,,MALE CONNECTOR 6MM SWA - 1/8`` NPT,P,1.0,2.0,,CENTRAL FLUIDSYSTEMS S.R.O. / SWAGELOK,10,,0.0,1.5,,,,,,,0,Y,0,,0.0,,0,0.0,0.0,Y,Y,Y,N,1060,,0.0,,,,,,,AEM10KW,0.0,0.0,0.0,0.0,0,0.0,0.0,0.0,0.0,N
5300,8,1,2025-08-13 14:32:38.000,1309163070,2026-06-24 15:02:52.062,Газ анализ - Фитинги,BULKHEAD UNION 6MM SWA - удължен фитинг,SS-6M0-61,00000266,M,L,L,бр.,,,30.57,0.0,0.0,0.0,,BULKHEAD UNION 6MM SWA,P,1.0,2.0,,CENTRAL FLUIDSYSTEMS S.R.O. / SWAGELOK,9,,0.0,1.5,,,,,,,0,Y,0,,0.0,,0,0.0,0.0,Y,Y,Y,N,1061,,0.0,,,,,,,AEM10KW,0.0,0.0,0.0,0.0,0,0.0,0.0,0.0,0.0,N
5300,10,1,2025-08-13 14:32:38.000,1331637492,2026-06-24 15:06:22.487,Газ анализ - Фитинги,MALE CONNECTOR 6MM SWA – R 1/8`` - мъжка връзка,SS-6M0-1-2RT,00000313,M,L,L,бр.,,,12.54,0.0,0.0,0.0,,MALE CONNECTOR 6MM SWA – R 1/8``,P,1.0,2.0,,CENTRAL FLUIDSYSTEMS S.R.O. / SWAGELOK,4,,0.0,1.5,,,,,,,0,Y,0,,0.0,,0,0.0,0.0,Y,Y,Y,N,1062,,0.0,,,,,,,AEM10KW,0.0,0.0,0.0,0.0,0,0.0,0.0,0.0,0.0,N
5300,12,1,2025-08-13 14:32:38.000,1309163070,2026-03-02 14:59:33.535,Swagelok,MALE CONNECTOR 6MM SWA – R ?``,SS-6M0-1-4RT,00000315,M,L,L,бр.,,,11.95,0.0,0.0,0.0,,MALE CONNECTOR 6MM SWA – R ?``,P,1.0,2.0,,CENTRAL FLUIDSYSTEMS S.R.O. / SWAGELOK,10,,0.0,1.5,,,,,,,0,Y,0,,0.0,,0,0.0,0.0,Y,Y,Y,N,1063,,0.0,,,,,,,AEM10KW,0.0,0.0,0.0,0.0,0,0.0,0.0,0.0,0.0,N
5300,14,1,2025-08-13 14:32:38.000,1333942117,2026-07-10 10:06:29.336,Газ анализ - Фитинги,MALE Elbow  6MM SWA – R 1/8``,SS-6M0-2-2RT,00000317,M,L,L,бр.,,,23.2,0.0,0.0,0.0,,MALE Elbow  6MM SWA – R 1/8``,P,1.0,2.0,,CENTRAL FLUIDSYSTEMS S.R.O. / SWAGELOK,6,,0.0,1.5,,,,,,,0,Y,0,,0.0,,0,0.0,0.0,Y,Y,Y,N,1064,,0.0,,,,,,,AEM10KW,0.0,0.0,0.0,0.0,0,0.0,0.0,0.0,0.0,N
5300,16,1,2025-08-13 14:32:38.000,1309163070,2026-03-02 14:59:33.535,Swagelok,"Union tee, 6MM SWA",SS-6M0-3,00000380,M,L,L,бр.,,0.0,40.65,0.0,0.0,0.0,,"Union tee, 6MM SWA",N,1.0,2.0,,CENTRAL FLUIDSYSTEMS S.R.O. / SWAGELOK,3,,0.0,1.5,,,,,,,0,Y,0,,0.0,,0,0.0,0.0,Y,Y,Y,N,1065,,0.0,,,,,,,AEM10KW,0.0,0.0,0.0,0.0,0,0.0,0.0,0.0,0.0,N
5300,18,1,2025-08-13 14:32:38.000,1325466354,2026-06-24 15:17:22.770,Газ анализ - Арматури,Needle valve - иглен клапан,SS-1RS6MM,00000330,M,L,L,бр.,,,118.08,0.0,0.0,0.0,,Needle valve,P,1.0,2.0,,CENTRAL FLUIDSYSTEMS S.R.O. / SWAGELOK,3,,0.0,1.5,,,,,,,0,Y,0,,0.0,,0,0.0,0.0,Y,Y,Y,N,1066,,0.0,,,,,,,AEM10KW,0.0,0.0,0.0,0.0,0,0.0,0.0,0.0,0.0,N
5300,20,1,2025-08-13 14:32:38.000,1325466125,2026-06-24 15:02:08.906,Газ анализ - Арматури,3 Way Ball valve - трипътник,SS-42GXS6MM,00000258,M,L,L,бр.,,,154.61,0.0,0.0,0.0,,3 Way Ball valve,P,1.0,2.0,,CENTRAL FLUIDSYSTEMS S.R.O. / SWAGELOK,3,,0.0,1.5,,,,,,,0,Y,0,,0.0,,0,0.0,0.0,Y,Y,Y,N,1067,,0.0,,,,,,,AEM10KW,0.0,0.0,0.0,0.0,0,0.0,0.0,0.0,0.0,N
5300,22,1,2025-10-02 07:54:14.140,1320962438,2026-06-24 15:19:33.255,Газ анализ - Крепежи,Cable gland 3/4` NPT PG 16 with OR modular,A37453,00000275,M,L,L,бр.,,,8.74,0.0,0.0,0.0,,,P,1.0,2.0,,ADEV S.R.L.,,,,1.5,,,,,,,,Y,0,,0.0,,,0.0,0.0,Y,Y,Y,N,1421,,0.0,,,,,,,,,,,,0,0.0,0.0,0.0,,N
5301,0,1,2025-08-13 14:32:38.000,1309163070,2026-06-24 14:52:52.577,Газ анализ - Крепежи,"Twin Bolted Plastic Clamp Tube Support Kit, 6 mm",304-S1T-PP-6TM,00000375,M,L,L,бр.,,,9.85,0.0,0.0,0.0,,"Twin Bolted Plastic Clamp Tube Support Kit, 6 mm",P,1.0,2.0,,CENTRAL FLUIDSYSTEMS S.R.O. / SWAGELOK,4,,0.0,1.5,,,,,,,0,Y,0,,0.0,,0,0.0,0.0,Y,Y,Y,N,1068,,0.0,,,,,,,AEM10KW,0.0,0.0,0.0,0.0,0,0.0,0.0,0.0,0.0,N
5301,2,1,2025-08-13 14:32:38.000,1309163070,2026-06-24 15:03:01.344,Газ анализ - Крепежи,"Bolted Plastic Clamp Support Kit, 6 mm - скоба",304-S1-PP-6TM,00000270,M,L,L,бр.,,,7.43,0.0,0.0,0.0,,"Bolted Plastic Clamp Tube Support Kit, 6 mm",P,1.0,2.0,,CENTRAL FLUIDSYSTEMS S.R.O. / SWAGELOK,10,,0.0,1.5,,,,,,,0,Y,0,,0.0,,0,0.0,0.0,Y,Y,Y,N,1069,,0.0,,,,,,,AEM10KW,0.0,0.0,0.0,0.0,0,0.0,0.0,0.0,0.0,N
5301,4,1,2025-08-13 14:32:38.000,1309163070,2026-03-02 14:59:34.613,Табло - Газ анализатор,Dryer with molecular sieve 4A and desiccant,,00000285,M,L,L,бр.,,0.0,25.0,0.0,0.0,0.0,,Dryer with molecular sieve 4A and desiccant,N,1.0,2.0,,,2,,0.0,1.5,,,,,,,0,Y,0,,0.0,,0,0.0,0.0,Y,Y,Y,N,1070,,0.0,,,,,,,AEM10KW,0.0,0.0,0.0,0.0,0,0.0,0.0,0.0,0.0,N
5301,6,1,2025-08-13 14:32:38.000,1309163070,2026-03-02 14:59:33.879,Табло - Газ анализатор,Stainless steel sheet,,00000367,M,L,L,бр.,,0.0,70.0,0.0,0.0,0.0,,Stainless steel sheet,N,1.0,2.0,,,1,,0.0,1.5,,,,,,,0,Y,0,,0.0,,0,0.0,0.0,Y,Y,Y,N,1071,,0.0,,,,,,,AEM10KW,0.0,0.0,0.0,0.0,0,0.0,0.0,0.0,0.0,N
5301,8,1,2025-08-13 14:32:38.000,1309163070,2026-03-02 14:59:33.832,Табло - Газ анализатор,"Carbon steel proflile square 40x40x1.5, 12m",,00000276,M,L,L,бр.,,0.0,42.0,0.0,0.0,0.0,,"Carbon steel proflile square 40x40x1.5, 12m",N,1.0,2.0,,,1,,0.0,1.5,,,,,,,0,Y,0,,0.0,,0,0.0,0.0,Y,Y,Y,N,1072,,0.0,,,,,,,AEM10KW,0.0,0.0,0.0,0.0,0,0.0,0.0,0.0,0.0,N
5301,10,1,2025-08-13 14:32:45.000,1320962438,2026-03-02 14:59:34.613,Табло - Газ анализатор,Electrochemical Oxygen analyser: 0-5% vol. H2,OxyTrend-G-A,00000288,M,L,L,бр.,,0.0,1746.3020814692482,0.0,0.0,0.0,,Electrochemical Oxygen analyser: 0-5% vol. H2,N,1.0,2.0,,ADEV SRL,1,,0.0,1.5,,,,,,,0,Y,0,,0.0,,0,0.0,0.0,Y,Y,Y,N,1303,,0.0,,,,,,,AEM10KW,0.0,0.0,0.0,0.0,0,0.0,0.0,0.0,0.0,N
5301,12,1,2025-08-13 14:32:45.000,1320962438,2026-03-02 14:59:34.598,Табло - Газ анализатор,8866 - Thermal Comductivity Analyser 0-5% vol. H,8866-03-16-2G-S-GF,00000262,M,L,L,бр.,,0.0,3200.1961315656267,0.0,0.0,0.0,,8866 - Thermal Comductivity Analyser 0-5% vol. H2,N,1.0,2.0,,ADEV SRL,1,,0.0,1.5,,,,,,,0,Y,0,,0.0,,0,0.0,0.0,Y,Y,Y,N,1304,,0.0,,,,,,,AEM10KW,0.0,0.0,0.0,0.0,0,0.0,0.0,0.0,0.0,N
5301,14,1,2025-08-13 14:32:45.000,1309163070,2026-06-24 15:15:16.175,Газ анализ - Сензори,"Дебитомер Н2 Plexiglass, 0,02-0,5",[A43309],00000293,M,L,L,бр.,,,195.3,0.0,0.0,0.0,,"Flow meter in Plexiglass for hydrogen, Scale 0,02-0,5 NL/min",P,1.0,2.0,,ADEV SRL,2,,0.0,1.5,,,,,,,0,Y,0,,0.0,,0,0.0,0.0,Y,Y,Y,N,1305,,0.0,,,,,,,AEM10KW,0.0,0.0,0.0,0.0,0,0.0,0.0,0.0,0.0,N
5301,16,1,2025-08-13 14:32:45.000,1317438970,2026-07-10 10:06:29.427,Газ анализ - Сензори,"Дебитомер О2 Plexiglass, Scale 0,2-3",[A43311],00000296,M,L,L,бр.,,,211.3,0.0,0.0,0.0,,"Flow meter in Plexiglass for oxygen, Scale 0,2-3 NL/min",P,1.0,2.0,,ADEV SRL,1,,0.0,1.5,,,,,,,0,Y,0,,0.0,,0,0.0,0.0,Y,Y,Y,N,1306,,0.0,,,,,,,AEM10KW,0.0,0.0,0.0,0.0,0,0.0,0.0,0.0,0.0,N
5301,18,1,2025-08-13 14:32:45.000,1320962438,2026-03-02 14:59:34.629,Табло - Газ анализатор,needle valve bracket,,00000397,M,L,L,бр.,,0.0,0.0,0.0,0.0,0.0,,needle valve bracket,N,1.0,2.0,,,0,,0.0,1.5,,,,,,,0,Y,0,,0.0,,0,0.0,0.0,Y,Y,Y,N,1307,,0.0,,,,,,,AEM10KW,0.0,0.0,0.0,0.0,0,0.0,0.0,0.0,0.0,N
5301,20,1,2025-08-15 08:31:40.808,1320962438,2026-06-23 10:39:00.729,Колена на резба,Коляно 90° 304L резба вътрешна 1 1/4“,100107,00001302,M,L,L,бр.,,,0.5112918811962185,0.0,0.0,0.0,,,N,0.0,0.0,,КРИСМЕТАЛ,,,,1.5,,,,,,,,Y,0,,0.0,,,0.0,0.0,Y,Y,Y,N,1345,,0.0,,,,,,,,,,,,0,0.0,0.0,0.0,,N
5303,0,1,2025-08-13 14:32:45.000,1320962438,2026-03-02 14:59:33.973,Swagelok,Male connector 6MM SWA-1/8`` NPT,SS-6M0-1-2,00000324,M,L,L,бр.,,,11.437599382359409,0.0,0.0,0.0,,Male connector 6MM SWA-1/8`` NPT,P,1.0,2.0,,Swagelok,10,,0.0,1.5,,,,,,,0,Y,0,,0.0,,0,0.0,0.0,Y,Y,Y,N,1308,,0.0,,,,,,,AEM10KW,0.0,0.0,0.0,0.0,0,0.0,0.0,0.0,0.0,N
5303,2,1,2025-08-13 14:32:45.000,1320962438,2026-03-02 14:59:33.973,Swagelok,Bulkhead union 6mm SWA,SS-6M0-61,00000272,M,L,L,бр.,,,27.676229529151307,0.0,0.0,0.0,,Bulkhead union 6mm SWA,P,1.0,2.0,,Swagelok,9,,0.0,1.5,,,,,,,0,Y,0,,0.0,,0,0.0,0.0,Y,Y,Y,N,1309,,0.0,,,,,,,AEM10KW,0.0,0.0,0.0,0.0,0,0.0,0.0,0.0,0.0,N
5303,3,1,2025-10-02 12:56:52.583,1333934050,2026-07-10 08:10:19.812,Газ анализ - Арматури,2 micron element kit for 2F series - филтър,SS-2F-K4-2,00000254,M,L,L,бр.,,,8.89,0.0,0.0,0.0,,,P,1.0,2.0,,CENTRAL FLUIDSYSTEMS S.R.O. / SWAGELOK,,,,1.5,,,,,,,,Y,0,,0.0,,,0.0,0.0,Y,Y,Y,N,1427,,0.0,,,,,,,,,,,,0,0.0,0.0,0.0,,N
5303,4,1,2025-08-13 14:32:45.000,1320962438,2026-03-02 14:59:33.973,Swagelok,Male connector 6MM SWA-1/8`` GAS-CONICO,SS-6M0-1-2RT,00000322,M,L,L,бр.,,,11.84151996850442,0.0,0.0,0.0,,Male connector 6MM SWA-1/8`` GAS-CONICO,P,1.0,2.0,,Swagelok,4,,0.0,1.5,,,,,,,0,Y,0,,0.0,,0,0.0,0.0,Y,Y,Y,N,1310,,0.0,,,,,,,AEM10KW,0.0,0.0,0.0,0.0,0,0.0,0.0,0.0,0.0,N
5303,6,1,2025-08-13 14:32:45.000,1331637492,2026-06-24 15:17:43.160,Газ анализ - Фитинги,Male connector 6MM SWA-1/4`` GAS-CONICO,SS-6M0-1-4RT,00000320,M,L,L,бр.,,,13.08,0.0,0.0,0.0,,Male connector 6MM SWA-1/4`` GAS-CONICO,P,1.0,2.0,,Swagelok,10,,0.0,1.5,,,,,,,0,Y,0,,0.0,,0,0.0,0.0,Y,Y,Y,N,1311,,0.0,,,,,,,AEM10KW,0.0,0.0,0.0,0.0,0,0.0,0.0,0.0,0.0,N
5303,8,1,2025-08-13 14:32:45.000,1320962438,2026-03-02 14:59:33.973,Swagelok,Male elbow 6MM SWA-1/8`` GAS-CONICO,SS-6M0-2-2RT,00000326,M,L,L,бр.,,,20.932289616173183,0.0,0.0,0.0,,Male elbow 6MM SWA-1/8`` GAS-CONICO,P,1.0,2.0,,Swagelok,6,,0.0,1.5,,,,,,,0,Y,0,,0.0,,0,0.0,0.0,Y,Y,Y,N,1312,,0.0,,,,,,,AEM10KW,0.0,0.0,0.0,0.0,0,0.0,0.0,0.0,0.0,N
5303,10,1,2025-08-13 14:32:45.000,1321235667,2026-06-24 15:11:30.503,Газ анализ - Фитинги,"Тройник, union tee 6mm SWA",SS-6M0-3,00000378,M,L,L,бр.,,,36.52,0.0,0.0,0.0,,Union tee 6mm SWA,P,1.0,2.0,,Swagelok,3,,0.0,1.5,,,,,,,0,Y,0,,0.0,,0,0.0,0.0,Y,Y,Y,N,1313,,0.0,,,,,,,AEM10KW,0.0,0.0,0.0,0.0,0,0.0,0.0,0.0,0.0,N
5303,12,1,2025-08-13 14:32:45.000,1320962438,2026-03-02 14:59:33.988,Swagelok,Needle valve 1`` integral bonnet,SS-1RS6MM,00000332,M,L,L,бр.,,,113.5477009760562,0.0,0.0,0.0,,Needle valve 1`` integral bonnet,P,1.0,2.0,,Swagelok,3,,0.0,1.5,,,,,,,0,Y,0,,0.0,,0,0.0,0.0,Y,Y,Y,N,1314,,0.0,,,,,,,AEM10KW,0.0,0.0,0.0,0.0,0,0.0,0.0,0.0,0.0,N
5303,14,1,2025-08-13 14:32:45.000,1320962438,2026-03-02 14:59:33.973,Swagelok,Ball valve 3-way 40G,SS-42GXS 6mm,00000268,M,L,L,бр.,,,147.51793356273294,0.0,0.0,0.0,,Ball valve 3-way 40G,P,1.0,2.0,,Swagelok,3,,0.0,1.5,,,,,,,0,Y,0,,0.0,,0,0.0,0.0,Y,Y,Y,N,1315,,0.0,,,,,,,AEM10KW,0.0,0.0,0.0,0.0,0,0.0,0.0,0.0,0.0,N
5303,16,1,2025-08-13 14:32:45.000,1320962438,2026-03-02 14:59:34.629,Табло - Газ анализатор,Support kit Twin Bolted Plastic Clamp Tube 6mm,304-S1T-PP-6TM,00000370,M,L,L,бр.,,0.0,9.090769647668765,0.0,0.0,0.0,,Support kit Twin Bolted Plastic Clamp Tube 6mm,N,1.0,2.0,,Swagelok,4,,0.0,1.5,,,,,,,0,Y,0,,0.0,,0,0.0,0.0,Y,Y,Y,N,1316,,0.0,,,,,,,AEM10KW,0.0,0.0,0.0,0.0,0,0.0,0.0,0.0,0.0,N
5303,18,1,2025-08-13 14:32:45.000,1320962438,2026-03-02 14:59:34.613,Табло - Газ анализатор,Support kit Bolted Plastic Clamp Tube 6mm,304-S1T-PP-6TM,00000369,M,L,L,бр.,,0.0,7.495538978336563,0.0,0.0,0.0,,Support kit Bolted Plastic Clamp Tube 6mm,N,1.0,2.0,,Swagelok,10,,0.0,1.5,,,,,,,0,Y,0,,0.0,,0,0.0,0.0,Y,Y,Y,N,1317,,0.0,,,,,,,AEM10KW,0.0,0.0,0.0,0.0,0,0.0,0.0,0.0,0.0,N
5303,20,1,2025-08-13 14:32:43.000,1319658367,2026-06-23 10:45:19.417,3. Метални Елементи,"Профилна тръба Е3 25х25х1,5",,00000917,M,L,L,м.,,,5.2,0.0,0.0,0.0,,"Профилна тръба 304 25х25х1,5",N,3.0,3.0,,НИРСТРОЙ ООД,1.595,,0.0,1.5,,,,,,,0,Y,0,,0.0,,0,0.0,0.0,Y,Y,Y,N,1073,,0.0,,,,,,,AEM10KW,0.0,0.0,0.0,0.0,0,0.0,0.0,0.0,0.0,N
5305,0,1,2025-08-13 14:32:43.000,1319658399,2026-06-23 10:45:19.417,3. Метални Елементи,"Профилна тръба ЕЗ 30х30х1,5",,00000919,M,L,L,м.,,,2.58406,0.0,0.0,0.0,,"Профилна тръба ЕЗ 30х30х1,5",N,1.0,2.0,,НИРСТРОЙ,31.372,,0.0,1.5,,,,,,,0,Y,0,,0.0,,0,0.0,0.0,Y,Y,Y,N,1074,,0.0,,,,,,,AEM10KW,0.0,0.0,0.0,0.0,0,0.0,0.0,0.0,0.0,N
5305,1,1,2025-08-28 13:45:45.134,1320962438,2026-06-23 10:47:02.224,1.1.1. Части (Електролизьор),Мембрани (Composite Membrane) 1х1м,CN,00000662,M,L,L,бр.,,,111.23279999999998,0.0,0.0,0.0,,,N,0.0,0.0,,SUZHOU,,,,1.5,,,,,,,,Y,0,,0.0,,,0.0,0.0,Y,Y,Y,N,1380,,0.0,,,,,,,,,,,,0,0.0,0.0,0.0,,N
5305,2,1,2025-08-13 14:32:43.000,1319658408,2026-06-23 10:45:19.417,3. Метални Елементи,Профилна тръба ЕЗ 40х20х2,,00000920,M,L,L,м.,,,1.953128,0.0,0.0,0.0,,Цената не е актуална,N,1.0,2.0,,,0.066,,0.0,1.5,,,,,,,0,Y,0,,0.0,,0,0.0,0.0,Y,Y,Y,N,1075,,0.0,,,,,,,AEM10KW,0.0,0.0,0.0,0.0,0,0.0,0.0,0.0,0.0,N
5305,4,1,2025-08-13 14:32:43.000,1321135253,2026-06-23 10:45:19.417,3. Метални Елементи,"Профилна тръба ЕЗ 40х40х1,5",,00000921,M,L,L,м.,,,2.1525309999999998,0.0,0.0,0.0,,"Профилна тръба ЕЗ 40х40х1,5",P,1.0,2.0,,НИРСТРОЙ,6,,0.0,1.5,,,,,,,0,Y,0,,0.0,,0,0.0,0.0,Y,Y,Y,N,1076,,0.0,,,,,,,AEM10KW,0.0,0.0,0.0,0.0,0,0.0,0.0,0.0,0.0,N
5305,6,1,2025-08-13 14:32:43.000,1319658418,2026-06-23 10:45:19.417,3. Метални Елементи,Профилна тръба ЕЗ 40х40х2,,00000922,M,L,L,м.,,,2.132079,0.0,0.0,0.0,,Профилна тръба ЕЗ 40х40х2,N,6.0,6.0,,НИРСТРОЙ,26.79798,,0.0,1.5,,,,,,,0,Y,0,,0.0,,0,0.0,0.0,Y,Y,Y,N,1077,,0.0,,,,,,,AEM10KW,0.0,0.0,0.0,0.0,0,0.0,0.0,0.0,0.0,N
5305,8,1,2025-08-13 14:32:43.000,1319658427,2026-06-23 10:45:19.417,3. Метални Елементи,Профилна тръба ЕЗ 50х50х2,,00000923,M,L,L,м.,,,2.478979,0.0,0.0,0.0,,Профилна тръба ЕЗ 50х50х2,N,1.0,2.0,,НИРСТРОЙ,42.1344,,0.0,1.5,,,,,,,0,Y,0,,0.0,,0,0.0,0.0,Y,Y,Y,N,1078,,0.0,,,,,,,AEM10KW,0.0,0.0,0.0,0.0,0,0.0,0.0,0.0,0.0,N
5305,10,1,2025-08-13 14:32:43.000,1319658437,2026-06-23 10:45:19.417,3. Метални Елементи,Профилна тръба ЕЗ 60х60х2,,00000924,M,L,L,м.,,,2.670207,0.0,0.0,0.0,,Профилна тръба ЕЗ 60х60х2,N,1.0,2.0,,НИРСТРОЙ,1.386,,0.0,1.5,,,,,,,0,Y,0,,0.0,,0,0.0,0.0,Y,Y,Y,N,1079,,0.0,,,,,,,AEM10KW,0.0,0.0,0.0,0.0,0,0.0,0.0,0.0,0.0,N
5305,12,1,2025-08-13 14:32:43.000,1319658378,2026-06-23 10:45:19.417,3. Метални Елементи,Профилна тръба ЕЗ 100х40х3,,00000918,M,L,L,м.,,,5.879835,0.0,0.0,0.0,,Профилна тръба ЕЗ 100х40х3,N,1.0,2.0,,НИРСТРОЙ,2.86,,0.0,1.5,,,,,,,0,Y,0,,0.0,,0,0.0,0.0,Y,Y,Y,N,1080,,0.0,,,,,,,AEM10KW,0.0,0.0,0.0,0.0,0,0.0,0.0,0.0,0.0,N
5305,14,1,2025-08-13 14:32:43.000,1333235628,2026-07-10 09:24:33.550,3. Метални Елементи,Винкел ГВ 40/40/3,,00000451,M,L,L,м.,,,1.68,0.0,0.0,0.0,,Винкел ГВ 40х40х3,N,1.0,2.0,,НИРСТРОЙ ООД,11.759,,0.0,1.5,,,,,,,0,Y,0,,0.0,,0,0.0,0.0,Y,Y,Y,N,1081,,0.0,,,,,,,AEM10KW,0.0,0.0,0.0,0.0,0,0.0,0.0,0.0,0.0,N
5305,16,1,2025-08-13 14:32:43.000,1316358668,2026-06-23 10:45:19.417,3. Метални Елементи,Ламарина S235 ГВ 1000х1000х1,-,00000704,M,L,L,бр.,,,9.714509999999999,0.0,0.0,0.0,,Цената не е реална,P,1.0,2.0,,,6.319968,,0.0,1.5,,,,,,,0,Y,0,,0.0,,0,0.0,0.0,Y,Y,Y,N,1082,,0.0,,,,,,,AEM10KW,0.0,0.0,0.0,0.0,0,0.0,0.0,0.0,0.0,N
5305,18,1,2025-08-13 14:32:43.000,1316358605,2026-06-23 10:45:19.417,3. Метални Елементи,Ламарина S235 ГВ 1000х1000х3,-,00000705,M,L,L,бр.,,,18.422546,0.0,0.0,0.0,,Ламарина S235 ГВ 1000х1000х3,P,1.0,2.0,,НИРСТРОЙ,1,,0.0,1.5,,,,,,,0,Y,0,,0.0,,0,0.0,0.0,Y,Y,Y,N,1083,,0.0,,,,,,,AEM10KW,0.0,0.0,0.0,0.0,0,0.0,0.0,0.0,0.0,N
5305,20,1,2025-08-13 14:32:43.000,1316358624,2026-06-23 10:45:19.417,3. Метални Елементи,Ламарина S235 ГВ 1000х1000х6,-,00000706,M,L,L,бр.,,,38.525701,0.0,0.0,0.0,,Ламарина S235 ГВ 1000х1000х6,P,1.0,2.0,,НИРСТРОЙ,0.22,,0.0,1.5,,,,,,,0,Y,0,,0.0,,0,0.0,0.0,Y,Y,Y,N,1084,,0.0,,,,,,,AEM10KW,0.0,0.0,0.0,0.0,0,0.0,0.0,0.0,0.0,N
5305,22,1,2025-08-15 08:33:21.285,1320962438,2026-06-23 10:38:49.461,Колена на резба,Коляно 90° 304L резба вътрешна 1 1/2“,100108,00001301,M,L,L,бр.,,,0.5112918811962185,0.0,0.0,0.0,,,P,0.0,0.0,,КРИСМЕТАЛ,,,,1.5,,,,,,,,Y,0,,0.0,,,0.0,0.0,Y,Y,Y,N,1346,,0.0,,,,,,,,,,,,0,0.0,0.0,0.0,,N
5306,0,1,2025-08-13 14:32:43.000,1320962438,2026-07-07 09:00:45.235,Филипекс,Лист неръждаема стомана 316L 2500х1250х1,193411,00000710,M,L,L,бр.,,0.0,85.70274512611014,0.0,0.0,0.0,,Лист неръждаема стомана 316L 2500х1250х1,N,1.0,2.0,,Филипекс,0.5,,0.0,1.5,,,,,,,0,Y,0,,0.0,,0,0.0,0.0,Y,Y,Y,N,1085,,0.0,,,,,,,AEM10KW,0.0,0.0,0.0,0.0,0,0.0,0.0,0.0,0.0,N
5306,2,1,2025-08-13 14:32:43.000,1320962438,2026-07-07 09:00:45.193,Филипекс,Лист неръждаема стомана 316L 2500х1250х3,193211,00000712,M,L,L,бр.,,0.0,329.39979446066377,0.0,0.0,0.0,,Лист неръждаема стомана 316L 2500х1250х3,N,1.0,2.0,,Филипекс,46.87516,,0.0,1.5,,,,,,,0,Y,0,,0.0,,0,0.0,0.0,Y,Y,Y,N,1086,,0.0,,,,,,,AEM10KW,0.0,0.0,0.0,0.0,0,0.0,0.0,0.0,0.0,N
5306,4,1,2025-08-13 14:32:43.000,1320962438,2026-07-07 09:00:45.142,Филипекс,Лист неръждаема стомана 316L 2500х1250х5,193101,00000713,M,L,L,бр.,,0.0,548.9996574344397,0.0,0.0,0.0,,Лист неръждаема стомана 316L 2500х1250х5,N,1.0,2.0,,Филипекс,2,,0.0,1.5,,,,,,,0,Y,0,,0.0,,0,0.0,0.0,Y,Y,Y,N,1087,,0.0,,,,,,,AEM10KW,0.0,0.0,0.0,0.0,0,0.0,0.0,0.0,0.0,N
5306,6,1,2025-08-13 14:32:43.000,1316359520,2026-06-23 10:47:02.224,1.1.1. Части (Електролизьор),Черна ламарина S355 1500х1500x100мм,100707,00001180,M,L,L,бр.,,,2070.7245,0.0,0.0,0.0,,Черна ламарина 100х1500х1500 S355,P,1.0,2.0,,ДУНОВ-СВ,2,,0.0,1.5,,,,,,,0,Y,0,,0.0,,0,0.0,0.0,Y,Y,Y,N,1088,,0.0,,,,,,,AEM10KW,0.0,0.0,0.0,0.0,0,0.0,0.0,0.0,0.0,N
5306,8,1,2025-08-13 14:32:43.000,1316359933,2026-06-23 10:45:19.417,3. Метални Елементи,Шина 20х3,,00001211,M,L,L,бр.,,,3.021724,0.0,0.0,0.0,,Шина 20х3,P,1.0,2.0,,НИРСТРОЙ ООД,0.8184,,0.0,1.5,,,,,,,0,Y,0,,0.0,,0,0.0,0.0,Y,Y,Y,N,1089,,0.0,,,,,,,AEM10KW,0.0,0.0,0.0,0.0,0,0.0,0.0,0.0,0.0,N
5306,10,1,2025-08-13 14:32:43.000,1316359918,2026-06-23 10:45:19.417,3. Метални Елементи,Шина 40х3,,00001212,M,L,L,бр.,,0.0,4.039191,0.0,0.0,0.0,,Цената не  е актуална,N,1.0,2.0,,,1.6346,,0.0,1.5,,,,,,,0,Y,0,,0.0,,0,0.0,0.0,Y,Y,Y,N,1090,,0.0,,,,,,,AEM10KW,0.0,0.0,0.0,0.0,0,0.0,0.0,0.0,0.0,N
5306,12,1,2025-08-13 14:32:43.000,1331659277,2026-07-27 13:14:26.309,Шини (Електроника),DIN-релса за модулна апаратура перфорирана 2m,BK14005--A,00000279,M,L,L,м.,,,2.36,0.0,0.0,0.0,,DIN-релса за модулна апаратура перфорирана 2m,N,1.0,2.0,,ШРАК ТЕХНИК ЕООД,1,,0.0,1.5,,,,,,,0,Y,0,,0.0,,0,0.0,0.0,Y,Y,Y,N,1091,,0.0,,,,,,,AEM10KW,0.0,0.0,0.0,0.0,0,0.0,0.0,0.0,0.0,N
5306,14,1,2025-08-13 14:32:43.000,1319056460,2026-06-23 10:48:40.048,2.2. Фитинги за заваряване,"Коляно 45° 304L заварка (48,3х2) 1 1/2``",,00000653,M,L,L,бр.,,,5.752013,0.0,0.0,0.0,,"Коляно 45о 304L заварка (48,3х2) 1 1/2``",N,1.0,2.0,,КРИСМЕТАЛ,4,,0.0,1.5,,,,,,,0,Y,0,,0.0,,0,0.0,0.0,Y,Y,Y,N,1103,,0.0,,,,,,,AEM10KW,0.0,0.0,0.0,0.0,0,0.0,0.0,0.0,0.0,N
5306,16,1,2025-08-13 14:32:43.000,1322033551,2026-07-30 15:00:09.263,2.2. Фитинги за заваряване,"Коляно 90° 304L заварка (33,7х2) 1``",106306,00000654,M,L,L,бр.,,,2.37,4.63,4.63,0.0,,"Коляно 90o 304L заварка (33,7х2) 1``",N,1.0,2.0,,КРИСМЕТАЛ,46,,0.0,1.5,,,,,,,0,Y,0,,0.0,,0,0.0,0.0,Y,Y,Y,N,1104,,0.0,,,,,,,AEM10KW,0.0,0.0,0.0,0.0,0,0.0,0.0,0.0,0.0,N
5306,17,1,2025-09-12 15:47:24.021,1319851362,2026-06-17 15:36:22.318,Муфи на резба,Муфа 304L резба 150LBS 1/4“,101732,00000748,M,L,L,бр.,,,0.761822,0.0,0.0,0.0,,,N,0.0,0.0,,КРИСМЕТАЛ,,,,1.5,,,,,,,,Y,0,,0.0,,,0.0,0.0,Y,Y,Y,N,1388,,0.0,,,,,,,,,,,,0,0.0,0.0,0.0,,N
5306,18,1,2025-08-13 14:32:43.000,1319056473,2026-08-04 09:23:30.325,2.2. Фитинги за заваряване,"Коляно 90° 304L заварка (48,3х2) 1 1/2``",106308,00000655,M,L,L,бр.,,,3.798885,0.0,0.0,0.0,,"Коляно 90o 304L заварка (48,3х2) 1 1/2``",N,1.0,2.0,,КРИСМЕТАЛ,71,,0.0,1.5,,,,,,,0,Y,0,,0.0,,0,0.0,0.0,Y,Y,Y,N,1105,,0.0,,,,,,,AEM10KW,0.0,0.0,0.0,0.0,0,0.0,0.0,0.0,0.0,N
5306,20,1,2025-08-13 14:32:43.000,1319056485,2026-06-23 10:48:40.048,2.2. Фитинги за заваряване,"Коляно 90° 304L зав. (60,3x2) 2``",106312,00000656,M,L,L,бр.,,,5.7264479999999995,0.0,0.0,0.0,,"Коляно 90o 304L заварка (60,3x2) 2``",N,1.0,2.0,,КРИСМЕТАЛ,8,,0.0,1.5,,,,,,,0,Y,0,,0.0,,0,0.0,0.0,Y,Y,Y,N,1106,,0.0,,,,,,,AEM10KW,0.0,0.0,0.0,0.0,0,0.0,0.0,0.0,0.0,N
5307,0,1,2025-08-13 14:32:43.000,1320962439,2026-03-02 14:59:34.176,Заваръчни връзки,"Тройник 304L заварка (33,7x2) 1``",,00001086,M,L,L,бр.,,,0.0,0.0,0.0,0.0,,"Тройник 304L заварка (33,7x2) 1``",P,1.0,2.0,,КРИСМЕТАЛ,9,,0.0,1.5,,,,,,,0,Y,0,,0.0,,0,0.0,0.0,Y,Y,Y,N,1107,,0.0,,,,,,,AEM10KW,0.0,0.0,0.0,0.0,0,0.0,0.0,0.0,0.0,N
5307,1,1,2025-08-27 09:56:22.098,1320962439,2026-06-23 10:47:02.224,1.1.1. Части (Електролизьор),Уплътнение (S.G.M. PTFE) 1060x900x5мм,,00000354,M,L,L,бр.,,,76.02,0.0,0.0,0.0,,Sealing Gasket Modified PTFE 1060х900х5,N,1.0,2.0,,Suzhou VMA,188,,0.0,1.5,,,,,,,0,Y,0,,0.0,,0,0.0,0.0,Y,Y,Y,N,1364,0,0.0,,,,,,,AEM10KW,0.0,0.0,0.0,0.0,0,0.0,0.0,0.0,0.0,N
5307,2,1,2025-08-13 14:32:43.000,1320962439,2026-03-02 14:59:34.176,Заваръчни връзки,"Тройник 304L заварка (48,3х2) 1 1/2``",106508,00001087,M,L,L,бр.,,,6.4831810535680505,0.0,0.0,0.0,,"Тройник 304L заварка (48,3х2) 1 1/2``",P,1.0,2.0,,КРИСМЕТАЛ,16,,0.0,1.5,,,,,,,0,Y,0,,0.0,,0,0.0,0.0,Y,Y,Y,N,1108,,0.0,,,,,,,AEM10KW,0.0,0.0,0.0,0.0,0,0.0,0.0,0.0,0.0,N
5307,4,1,2025-08-13 14:32:43.000,1319056508,2026-06-23 10:48:40.048,2.2. Фитинги за заваряване,"Тройник 304L заварка (60,3х2) 2``",106512,00001088,M,L,L,бр.,,,11.069428,0.0,0.0,0.0,,"Тройник 304L заварка (60,3х2) 2``",N,1.0,2.0,,КРИСМЕТАЛ,4,,0.0,1.5,,,,,,,0,Y,0,,0.0,,0,0.0,0.0,Y,Y,Y,N,1109,,0.0,,,,,,,AEM10KW,0.0,0.0,0.0,0.0,0,0.0,0.0,0.0,0.0,N
5307,6,1,2025-08-13 14:32:43.000,1318944471,2026-06-23 10:48:40.048,2.2. Фитинги за заваряване,Кръст зав. 316L W/W DIN11850 SERIE2 DN32,,00001181,M,L,L,бр.,,,12.63,0.0,0.0,0.0,,,N,1.0,2.0,,КРИСМЕТАЛ,2,,0.0,1.5,,,,,,,0,Y,0,,0.0,,0,0.0,0.0,Y,Y,Y,N,1110,,0.0,,,,,,,AEM10KW,0.0,0.0,0.0,0.0,0,0.0,0.0,0.0,0.0,N
5307,8,1,2025-08-13 14:32:43.000,1319536916,2026-08-04 09:22:44.546,2.2. Фитинги за заваряване,"Концентричен нам. 304L (60,3х33,7х2) 2``-1``",,00000680,M,L,L,бр.,,,4.28,0.0,0.0,0.0,,"Концентричен намалител (60,3х33,7х2) 2``-1``",N,1.0,2.0,,КРИСМЕТАЛ,4,,0.0,1.5,,,,,,,0,Y,0,,0.0,,0,0.0,0.0,Y,Y,Y,N,1111,,0.0,,,,,,,AEM10KW,0.0,0.0,0.0,0.0,0,0.0,0.0,0.0,0.0,N
5307,9,1,2025-08-27 09:56:22.114,1320962439,2026-07-07 08:58:26.058,Деатрейд,"Уплътнение от експандиран тефл. ф1060хф900х0,5",-,00001124,M,L,L,бр.,,0.0,81.34653829831836,0.0,0.0,0.0,,"Уплътнение от експандиран тефлон ф1060хф900х0,5",P,1.0,2.0,,ДЕАТРЕЙД,282,,0.0,1.5,,,,,,,0,Y,0,,0.0,,0,0.0,0.0,Y,Y,Y,N,1365,0,0.0,,,,,,,AEM500KW,0.0,0.0,0.0,0.0,0,0.0,0.0,0.0,0.0,N
5307,10,1,2025-08-13 14:32:43.000,1316437501,2026-06-23 10:48:40.048,2.2. Фитинги за заваряване,Полунипел 316L 150LBS 1 1/2``,108608,00000878,M,L,L,бр.,,,2.766079,0.0,0.0,0.0,,Полунипел 316L 150LBS 1 1/2``,P,1.0,2.0,,КРИСМЕТАЛ,4,,0.0,1.5,,,,,,,0,Y,0,,0.0,,0,0.0,0.0,Y,Y,Y,N,1112,,0.0,,,,,,,AEM10KW,0.0,0.0,0.0,0.0,0,0.0,0.0,0.0,0.0,N
5307,12,1,2025-08-13 14:32:43.000,1320962439,2026-07-07 08:37:44.449,Крисметал,"Капа 316L заварка (609,6х3) 24``",,00000611,M,L,L,бр.,,,0.0,0.0,0.0,0.0,,Взима се от Шишков с готов продукт,P,1.0,2.0,,КРИСМЕТАЛ,4,,0.0,1.5,,,,,,,0,Y,0,,0.0,,0,0.0,0.0,Y,Y,Y,N,1113,,0.0,,,,,,,AEM10KW,0.0,0.0,0.0,0.0,0,0.0,0.0,0.0,0.0,N
5307,14,1,2025-08-13 14:32:43.000,1317634132,2026-06-23 10:48:40.048,2.2. Фитинги за заваряване,"Капа 304L (323,9x3) 12``",103217,00000608,M,L,L,бр.,,,66.4677,0.0,0.0,0.0,,Капа 304L заварка (323.9x3) 12``,P,1.0,2.0,,КРИСМЕТАЛ,4,,0.0,1.5,,,,,,,0,Y,0,,0.0,,0,0.0,0.0,Y,Y,Y,N,1114,,0.0,,,,,,,AEM10KW,0.0,0.0,0.0,0.0,0,0.0,0.0,0.0,0.0,N
5307,16,1,2025-08-13 14:32:43.000,1330339568,2026-06-23 10:48:40.048,2.2. Фитинги за заваряване,"Капа 316L (168,3x2,0) 6``",102664,00000610,M,L,L,бр.,,,15.98,0.0,0.0,0.0,,Капа 316L заварка (168.3x2.0) 6``,N,1.0,2.0,,КРИСМЕТАЛ,8,,0.0,1.5,,,,,,,0,Y,0,,0.0,,0,0.0,0.0,Y,Y,Y,N,1115,,0.0,,,,,,,AEM10KW,0.0,0.0,0.0,0.0,0,0.0,0.0,0.0,0.0,N
5307,18,1,2025-08-13 14:32:43.000,1322033536,2026-06-23 10:48:40.048,2.2. Фитинги за заваряване,"Капа 316L (114,3х2) 4``",102662,00000609,M,L,L,бр.,,,7.98635,0.0,0.0,0.0,,"Капа 316L заварка (114,3х2) 4``",N,1.0,2.0,,КРИСМЕТАЛ,8,,0.0,1.5,,,,,,,0,Y,0,,0.0,,0,0.0,0.0,Y,Y,Y,N,1116,,0.0,,,,,,,AEM10KW,0.0,0.0,0.0,0.0,0,0.0,0.0,0.0,0.0,N
5307,20,1,2025-08-13 14:32:43.000,1319737603,2026-08-04 09:19:49.616,2.4. Фланци,Фланец плосък 304 T8 PN16 DN25,102936,00001141,M,L,L,бр.,,,5.4,0.0,0.0,0.0,,Фланец плосък 304 T8 PN16 DN25,N,1.0,2.0,,КРИСМЕТАЛ,55,,0.0,1.5,,,,,,,0,Y,0,,0.0,,0,0.0,0.0,Y,Y,Y,N,1117,,0.0,,,,,,,AEM10KW,0.0,0.0,0.0,0.0,0,0.0,0.0,0.0,0.0,N
5308,0,1,2025-08-13 14:32:43.000,1319737645,2026-07-24 08:17:05.409,2.4. Фланци,Фланец плосък 304 T10 PN16 DN40,102938,00001139,M,L,L,бр.,,,11.015077999999999,0.0,0.0,0.0,,Фланец плосък 304 T10 PN16 DN40,N,1.0,2.0,,КРИСМЕТАЛ,61,,0.0,1.5,,,,,,,0,Y,0,,0.0,,0,0.0,0.0,Y,Y,Y,N,1118,,0.0,,,,,,,AEM10KW,0.0,0.0,0.0,0.0,0,0.0,0.0,0.0,0.0,N
5308,2,1,2025-08-13 14:32:43.000,1319737640,2026-06-23 10:48:52.172,2.4. Фланци,Фланец плосък 304 T10 PN16 DN50,102939,00001140,M,L,L,бр.,,,10.609268,0.0,0.0,0.0,,Фланец плосък 304 T10 PN16 DN50,N,1.0,2.0,,КРИСМЕТАЛ,10,,0.0,1.5,,,,,,,0,Y,0,,0.0,,0,0.0,0.0,Y,Y,Y,N,1119,,0.0,,,,,,,AEM10KW,0.0,0.0,0.0,0.0,0,0.0,0.0,0.0,0.0,N
5308,4,1,2025-08-13 14:32:43.000,1319737628,2026-06-23 10:48:52.172,2.4. Фланци,Фланец плосък с резба 304L PN10/16/40 DN25 x1“,951036,00001143,M,L,L,бр.,,,14.81,0.0,0.0,0.0,,Фланец плосък с резба 304L PN10/16/40 DN25x1````,N,1.0,2.0,,КРИСМЕТАЛ,2,,0.0,1.5,,,,,,,0,Y,0,,0.0,,0,0.0,0.0,Y,Y,Y,N,1120,,0.0,,,,,,,AEM10KW,0.0,0.0,0.0,0.0,0,0.0,0.0,0.0,0.0,N
5308,5,1,2025-09-12 16:42:54.891,1320962439,2026-03-02 14:59:41.457,магнетвентил,"Пружина Tosaca, 8.1-14.0 M2216",442977,00000925,M,L,L,бр.,,,47.82624256709428,0.0,0.0,0.0,,,P,1.0,2.0,,КРИСМЕТАЛ,,,,1.5,,,,,,,,Y,0,,0.0,,,0.0,0.0,Y,Y,Y,N,1390,,0.0,,,,,,,,,,,,0,0.0,0.0,0.0,,N
5308,6,1,2025-08-13 14:32:43.000,1319737650,2026-06-23 10:48:52.172,2.4. Фланци,Фланец плосък с резба 304L PN10/16/40 DN40x1 1/2,951038,00001144,M,L,L,бр.,,,32.456689,0.0,0.0,0.0,,Фланец плосък с резба 304L PN10/16/40 DN40x1 1/2````,N,1.0,2.0,,КРИСМЕТАЛ,2,,0.0,1.5,,,,,,,0,Y,0,,0.0,,0,0.0,0.0,Y,Y,Y,N,1121,,0.0,,,,,,,AEM10KW,0.0,0.0,0.0,0.0,0,0.0,0.0,0.0,0.0,N
5308,8,1,2025-08-13 14:32:43.000,1319737617,2026-06-23 10:48:52.172,2.4. Фланци,Фланец плосък с резба 304L PN10/16 DN50 x2“,951039,00001142,M,L,L,бр.,,,29.512680999999997,0.0,0.0,0.0,,Фланец плосък с резба 304L PN10/16 DN50x2````,N,1.0,2.0,,КРИСМЕТАЛ,2,,0.0,1.5,,,,,,,0,Y,0,,0.0,,0,0.0,0.0,Y,Y,Y,N,1122,,0.0,,,,,,,AEM10KW,0.0,0.0,0.0,0.0,0,0.0,0.0,0.0,0.0,N
5308,10,1,2025-08-13 14:32:43.000,1320962439,2026-03-02 14:59:34.723,Фланцови връзки,Уплътнение CF3000 PTFE PN10/16/25/40 DN25,453986,00001120,M,L,L,бр.,,0.0,0.9203253861531933,0.0,0.0,0.0,,Уплътнение CF3000 PTFE PN10/16/25/40 DN25,N,1.0,2.0,,КРИСМЕТАЛ,27,,0.0,1.5,,,,,,,0,Y,0,,0.0,,0,0.0,0.0,Y,Y,Y,N,1123,,0.0,,,,,,,AEM10KW,0.0,0.0,0.0,0.0,0,0.0,0.0,0.0,0.0,N
5308,12,1,2025-08-13 14:32:43.000,1320962439,2026-03-02 14:59:34.738,Фланцови връзки,Уплътнение CF3000 PTFE PN10/16/25/40 DN40,453986,00001121,M,L,L,бр.,,0.0,1.0890517069479453,0.0,0.0,0.0,,Уплътнение CF3000 PTFE PN10/16/25/40 DN40,N,1.0,2.0,,КРИСМЕТАЛ,46,,0.0,1.5,,,,,,,0,Y,0,,0.0,,0,0.0,0.0,Y,Y,Y,N,1124,,0.0,,,,,,,AEM10KW,0.0,0.0,0.0,0.0,0,0.0,0.0,0.0,0.0,N
5308,14,1,2025-08-13 14:32:43.000,1320962439,2026-03-02 14:59:34.738,Фланцови връзки,Уплътнение CF3000 PTFE PN10/16/25/40 DN50,453989,00001122,M,L,L,бр.,,0.0,2.7200728079638825,0.0,0.0,0.0,,Уплътнение CF3000 PTFE PN10/16/25/40 DN50,N,1.0,2.0,,КРИСМЕТАЛ,12,,0.0,1.5,,,,,,,0,Y,0,,0.0,,0,0.0,0.0,Y,Y,Y,N,1125,,0.0,,,,,,,AEM10KW,0.0,0.0,0.0,0.0,0,0.0,0.0,0.0,0.0,N
5308,16,1,2025-08-13 14:32:43.000,1317550957,2026-06-23 13:30:57.786,2.6. Арматури,Филтър на фл. 316 INOX PN16 DN50,TH7309,00001135,M,L,L,бр.,,,354.216599,0.0,0.0,0.0,,Винаги се поръчват четни бройки,P,1.0,2.0,,КРИСМЕТАЛ,2,,0.0,1.5,,,,,,,0,Y,0,,0.0,,0,0.0,0.0,Y,Y,Y,N,1126,,0.0,,,,,,,AEM10KW,0.0,0.0,0.0,0.0,0,0.0,0.0,0.0,0.0,N
5308,18,1,2025-08-13 14:32:43.000,1323151713,2026-06-23 13:26:16.473,2.5.1. Кранове на фланци,Кран сфер. на фл. 2-части 316L PN40 (Акт) 1“,5628 06 51,00000385,M,L,L,бр.,,,274.58,0.0,0.0,0.0,,Valve 2PC full bore ball (flanges ends) 1`` with GE,P,1.0,2.0,,GENEBRE,3,,0.0,1.5,,,,,,,0,Y,0,,0.0,,0,0.0,0.0,Y,Y,Y,N,1127,,0.0,,,,,,,AEM10KW,0.0,0.0,0.0,0.0,0,0.0,0.0,0.0,0.0,N
5308,20,1,2025-08-13 14:32:43.000,1316432514,2026-03-02 14:59:34.363,Кранове,Valve 2PC full bore ball PN40 1 1/2````,2528 08,00000387,M,L,L,бр.,,,109.95368099999999,0.0,0.0,0.0,,Valve 2PC full bore ball PN40 1 1/2````,P,1.0,2.0,,GENEBRE,8,,0.0,1.5,,,,,,,0,Y,0,,0.0,,0,0.0,0.0,Y,Y,Y,N,1128,,0.0,,,,,,,AEM10KW,0.0,0.0,0.0,0.0,0,0.0,0.0,0.0,0.0,N
5309,0,1,2025-08-13 14:32:43.000,1320962439,2026-03-02 14:59:34.363,Кранове,Valve 2PC full bore ball PN40 1 1/2```` with GE,,00000388,M,L,L,бр.,,,0.0,0.0,0.0,0.0,,Valve 2PC full bore ball PN40 1 1/2```` with GE,P,1.0,2.0,,,2,,0.0,1.5,,,,,,,0,Y,0,,0.0,,0,0.0,0.0,Y,Y,Y,N,1129,,0.0,,,,,,,AEM10KW,0.0,0.0,0.0,0.0,0,0.0,0.0,0.0,0.0,N
5309,1,1,2025-10-06 07:49:24.269,1320962439,2026-03-02 14:59:07.209,RS COMPONENTS,RevPI AIO Analog,1811146,00000344,M,L,L,бр.,,,362.86,0.0,0.0,0.0,,,P,1.0,2.0,,RS COMPONENTS LTD,,,,1.5,,,,,,,,Y,0,,0.0,,,0.0,0.0,Y,Y,Y,N,1438,,0.0,,,,,,,,,,,,0,0.0,0.0,0.0,,N
5309,2,1,2025-08-13 14:32:43.000,1316432484,2026-06-23 13:26:16.426,2.5.1. Кранове на фланци,Кран сфер. на фл. 2-части 316L PN40 (Акт) 2“,5628 09 52,00000386,M,L,L,бр.,,,438.664579,0.0,0.0,0.0,,Valve 2PC full bore ball (flanges ends) 2```` with GE-1 24/240V,P,1.0,2.0,,GENEBRE,2,,0.0,1.5,,,,,,,0,Y,0,,0.0,,0,0.0,0.0,Y,Y,Y,N,1130,,0.0,,,,,,,AEM10KW,0.0,0.0,0.0,0.0,0,0.0,0.0,0.0,0.0,N
5309,4,1,2025-08-13 14:32:43.000,1316432563,2026-06-23 13:26:59.987,2.5.2. Кранове на заварка,Кран сфер. на зав. 3-части 316L PN63 1/2“,2026 04,00000392,M,L,L,бр.,,,10.467385,0.0,0.0,0.0,,Valve 3PCS full bore ball (welded ends) 1/2``,P,1.0,2.0,,GENEBRE,2,,0.0,1.5,,,,,,,0,Y,0,,0.0,,0,0.0,0.0,Y,Y,Y,N,1131,,0.0,,,,,,,AEM10KW,0.0,0.0,0.0,0.0,0,0.0,0.0,0.0,0.0,N
5309,5,1,2025-08-27 09:56:22.145,1333637406,2026-07-07 08:58:43.532,Деатрейд,Тефлонов лист 1000х1000х1.,SKU0000000427,,M,L,L,бр.,,,57.56123998507027,0.0,0.0,0.0,,Тефлонов лист 1000х1000х1,P,1.0,2.0,,ДЕАТРЕЙД,,,0.0,1.5,,,,,,,0,Y,0,,0.0,,0,0.0,0.0,Y,Y,Y,N,1367,0,0.0,,,,,,,AEM10KW,0.0,0.0,0.0,0.0,0,0.0,0.0,0.0,0.0,N
5309,6,1,2025-08-13 14:32:43.000,1316432554,2026-06-23 13:27:22.879,2.5.3. Кранове на резба,Кран сфер. на рез. 3-части 316L PN63 1/2“,2025 04,00000391,M,L,L,бр.,,,10.467385,0.0,0.0,0.0,,Valve 3PCS full bore ball (threaded ends) 1/2````,P,1.0,2.0,,GENEBRE,2,,0.0,1.5,,,,,,,0,Y,0,,0.0,,0,0.0,0.0,Y,Y,Y,N,1132,,0.0,,,,,,,AEM10KW,0.0,0.0,0.0,0.0,0,0.0,0.0,0.0,0.0,N
5309,8,1,2025-08-13 14:32:43.000,1323435475,2026-06-23 13:27:00.034,2.5.2. Кранове на заварка,Кран сфер. на зав. 3-части 316L PN63 (Акт) 1“,5637 06 51,00000390,M,L,L,бр.,,,191.7,0.0,0.0,0.0,,Valve 3PC full bore ball (welded ends) 1```` with GE-0 24/240V,P,1.0,2.0,,GENEBRE,5,,0.0,1.5,,,,,,,0,Y,0,,0.0,,0,0.0,0.0,Y,Y,Y,N,1133,,0.0,,,,,,,AEM10KW,0.0,0.0,0.0,0.0,0,0.0,0.0,0.0,0.0,N
5309,10,1,2025-08-13 14:32:43.000,1327542448,2026-06-23 13:26:16.332,2.5.1. Кранове на фланци,Кран сфер. на фл. трипътен 316L (Акт) 1 1/2`“,5643E 08 52,00000393,M,L,L,бр.,,,582.24,0.0,0.0,0.0,,Valve T3 ways ball ACT. Electric 1 1/2``,P,1.0,2.0,,GENEBRE,2,,0.0,1.5,,,,,,,0,Y,0,,0.0,,0,0.0,0.0,Y,Y,Y,N,1134,,0.0,,,,,,,AEM10KW,0.0,0.0,0.0,0.0,0,0.0,0.0,0.0,0.0,N
5309,12,1,2025-08-13 14:32:43.000,1323151713,2026-06-23 13:26:59.925,2.5.2. Кранове на заварка,Кран сфер. на зав. 3-части 316L PN63 1“,2027 06,00000389,M,L,L,бр.,,,20.77,0.0,0.0,0.0,,Valve 3PC full bore ball (welded ends) 1````,P,1.0,2.0,,GENEBRE,1,,0.0,1.5,,,,,,,0,Y,0,,0.0,,0,0.0,0.0,Y,Y,Y,N,1135,,0.0,,,,,,,AEM10KW,0.0,0.0,0.0,0.0,0,0.0,0.0,0.0,0.0,N
5309,14,1,2025-08-13 14:32:44.000,1324158386,2026-06-23 15:36:48.370,"2.7. PP, Месинг, Хром връзки",Тръба PP за топла вода PN20 ф20,697,00000826,M,L,L,м.,,,1.36,0.0,0.0,0.0,,ПП тръба за т. вода Ф20/PN20,N,1.0,2.0,,ИВДА-ГЕО,4,,0.0,1.5,,,,,,,0,Y,0,,0.0,,0,0.0,0.0,Y,Y,Y,N,1147,,0.0,,,,,,,AEM10KW,0.0,0.0,0.0,0.0,0,0.0,0.0,0.0,0.0,N
5309,16,1,2025-08-13 14:32:44.000,1319061035,2026-06-23 15:19:44.584,"2.7. PP, Месинг, Хром връзки",Коляно PP 90° 1“,,00000659,M,L,L,бр.,,,1.5338699999999998,0.0,0.0,0.0,,Цената не е актуална,N,1.0,2.0,,,3,,0.0,1.5,,,,,,,0,Y,0,,0.0,,0,0.0,0.0,Y,Y,Y,N,1148,,0.0,,,,,,,AEM10KW,0.0,0.0,0.0,0.0,0,0.0,0.0,0.0,0.0,N
5309,18,1,2025-08-13 14:32:44.000,1319061051,2026-06-23 15:19:44.584,"2.7. PP, Месинг, Хром връзки",Тройник PP ф20,738,00000824,M,L,L,бр.,,,0.306774,0.0,0.0,0.0,,ПП тройник Ф20,N,1.0,2.0,,ИВДА-ГЕО,2,,0.0,1.5,,,,,,,0,Y,0,,0.0,,0,0.0,0.0,Y,Y,Y,N,1149,,0.0,,,,,,,AEM10KW,0.0,0.0,0.0,0.0,0,0.0,0.0,0.0,0.0,N
5309,20,1,2025-08-13 14:32:44.000,1319061027,2026-06-23 15:19:44.584,"2.7. PP, Месинг, Хром връзки",Преход PP тръба - резба 1“,,00000471,M,L,L,бр.,,,2.55645,0.0,0.0,0.0,,Цената не е актуална,N,1.0,2.0,,,2,,0.0,1.5,,,,,,,0,Y,0,,0.0,,0,0.0,0.0,Y,Y,Y,N,1150,,0.0,,,,,,,AEM10KW,0.0,0.0,0.0,0.0,0,0.0,0.0,0.0,0.0,N
5310,0,1,2025-08-13 14:32:44.000,1320332924,2026-06-23 15:19:44.584,"2.7. PP, Месинг, Хром връзки",Муфа PP 1“,,00000763,M,L,L,бр.,,,0.37,0.0,0.0,0.0,,Цената не е актуална,N,1.0,2.0,,ИВДА-ГЕО ООД,3,,0.0,1.5,,,,,,,0,Y,0,,0.0,,0,0.0,0.0,Y,Y,Y,N,1151,,0.0,,,,,,,AEM10KW,0.0,0.0,0.0,0.0,0,0.0,0.0,0.0,0.0,N
5310,2,1,2025-08-13 14:32:44.000,1331541255,2026-06-23 15:25:42.007,"2.7. PP, Месинг, Хром връзки",Разглобяема свръзка месинг ф20,,00001164,M,L,L,бр.,,,4.175,0.0,0.0,0.0,,Цената не е актуална,N,0.0,0.0,,ИВДА-ГЕО ООД,,,0.0,1.5,,,,,,,0,Y,0,,0.0,,0,0.0,0.0,Y,Y,Y,N,1152,,0.0,,,,,,,AEM10KW,0.0,0.0,0.0,0.0,0,0.0,0.0,0.0,0.0,N
5310,4,1,2025-08-13 14:32:44.000,1316452730,2026-06-23 15:19:44.584,"2.7. PP, Месинг, Хром връзки",Кран сфер. PP ф20,815,00000682,M,L,L,бр.,,0.0,5.215158,0.0,0.0,0.0,,Кран сферичен ПП Ф20,N,1.0,2.0,,ИВДА-ГЕО,1,,0.0,1.5,,,,,,,0,Y,0,,0.0,,0,0.0,0.0,Y,Y,Y,N,1153,,0.0,,,,,,,AEM10KW,0.0,0.0,0.0,0.0,0,0.0,0.0,0.0,0.0,N
5310,6,1,2025-08-13 14:32:44.000,1319061048,2026-06-23 15:19:44.584,"2.7. PP, Месинг, Хром връзки",Скоба PP ф20,950,00000823,M,L,L,бр.,,,0.117597,0.0,0.0,0.0,,ПП скоба Ф20,N,1.0,2.0,,ИВДА-ГЕО,1,,0.0,1.5,,,,,,,0,Y,0,,0.0,,0,0.0,0.0,Y,Y,Y,N,1154,,0.0,,,,,,,AEM10KW,0.0,0.0,0.0,0.0,0,0.0,0.0,0.0,0.0,N
5310,8,1,2025-08-13 14:32:44.000,1320962439,2026-07-07 09:07:16.319,0. Разни,ПП тръба за т. вода Ф110,,00000825,M,L,L,бр.,,0.0,0.0,0.0,0.0,0.0,,ПП тръба за т. вода Ф110,N,1.0,2.0,,,2,,0.0,1.5,,,,,,,0,Y,0,,0.0,,0,0.0,0.0,Y,Y,Y,N,1155,,0.0,,,,,,,AEM10KW,0.0,0.0,0.0,0.0,0,0.0,0.0,0.0,0.0,N
5310,10,1,2025-08-13 14:32:45.000,1320962439,2026-06-16 13:37:14.711,Кабелни Канали,"Стенна конзола 90x610mm 2,5kN",KTA 600,00001004,M,L,L,бр.,,,6.017905441679491,0.0,0.0,0.0,,"Стенна конзола 90x610mm 2,5kN",N,1.0,2.0,,НИДАКС,15,,0.0,1.5,,,,,,,0,Y,0,,0.0,,0,0.0,0.0,Y,Y,Y,N,1248,,0.0,,,,,,,AEM10KW,0.0,0.0,0.0,0.0,0,0.0,0.0,0.0,0.0,N
5310,12,1,2025-08-13 14:32:45.000,1319661702,2026-06-16 13:30:08.978,Кабелни Канали,"Окачвач, широчина 100mm 0,2kN",REBI 60.100 DV,00000798,M,L,L,бр.,,,1.523644,0.0,0.0,0.0,,"Окачвач, широчина 100mm 0,2kN",N,1.0,2.0,,НИДАКС,15,,0.0,1.5,,,,,,,0,Y,0,,0.0,,0,0.0,0.0,Y,Y,Y,N,1249,,0.0,,,,,,,AEM10KW,0.0,0.0,0.0,0.0,0,0.0,0.0,0.0,0.0,N
5310,14,1,2025-08-13 14:32:45.000,1319661706,2026-06-16 13:30:08.978,Кабелни Канали,"Окачвач, широчина 200mm",REBI 60.200 DV,00000799,M,L,L,бр.,,,1.937789,0.0,0.0,0.0,,"Окачвач, широчина 200mm 0,2kN",N,1.0,2.0,,НИДАКС,15,,0.0,1.5,,,,,,,0,Y,0,,0.0,,0,0.0,0.0,Y,Y,Y,N,1250,,0.0,,,,,,,AEM10KW,0.0,0.0,0.0,0.0,0,0.0,0.0,0.0,0.0,N
5310,16,1,2025-08-13 14:32:45.000,1319661659,2026-06-16 13:30:08.978,Кабелни Канали,Капак за кабелна скара/стълба с лайстна 102х3000,RDV 100,00000616,M,L,L,м.,,,2.955256,0.0,0.0,0.0,,"Капак за кабелна скара/стълба с лайстна 102х3000mm t=0,75mm със заключване",N,1.0,2.0,,НИДАКС,2,,0.0,1.5,,,,,,,0,Y,0,,0.0,,0,0.0,0.0,Y,Y,Y,N,1251,,0.0,,,,,,,AEM10KW,0.0,0.0,0.0,0.0,0,0.0,0.0,0.0,0.0,N
5310,18,1,2025-08-13 14:32:45.000,1319661663,2026-06-16 13:30:08.978,Кабелни Канали,Капак за кабелна скара/стълба с лайстна 202х3000,RDV 200,00000617,M,L,L,м.,,,4.3766419999999995,0.0,0.0,0.0,,"Капак за кабелна скара/стълба с лайстна 202х3000mm t=0,75mm със заключване",N,1.0,2.0,,НИДАКС,4.5,,0.0,1.5,,,,,,,0,Y,0,,0.0,,0,0.0,0.0,Y,Y,Y,N,1252,,0.0,,,,,,,AEM10KW,0.0,0.0,0.0,0.0,0,0.0,0.0,0.0,0.0,N
5310,20,1,2025-08-13 14:32:45.000,1319661693,2026-06-16 13:30:08.978,Кабелни Канали,"Капак за ъгъл 90° за кабелна скара широчина 105,",RESCD 100 S,00000618,M,L,L,бр.,,,4.985078,0.0,0.0,0.0,,"Капак за ъгъл 90° за кабелна скара широчина 105,5mm CITO",N,1.0,2.0,,НИДАКС,4,,0.0,1.5,,,,,,,0,Y,0,,0.0,,0,0.0,0.0,Y,Y,Y,N,1253,,0.0,,,,,,,AEM10KW,0.0,0.0,0.0,0.0,0,0.0,0.0,0.0,0.0,N
5311,0,1,2025-08-13 14:32:45.000,1320962439,2026-06-17 14:08:41.851,Кабелни Канали,Кабелна скара перфорирана с интегриран съедините,RLVC 60.100,00000602,M,L,L,м.,,,4.320416396108046,0.0,0.0,0.0,,Кабелна скара перфорирана с интегриран съединител 60х100х3000mm CITO,N,1.0,2.0,,НИДАКС,4,,0.0,1.5,,,,,,,0,Y,0,,0.0,,0,0.0,0.0,Y,Y,Y,N,1254,,0.0,,,,,,,AEM10KW,0.0,0.0,0.0,0.0,0,0.0,0.0,0.0,0.0,N
5311,2,1,2025-08-13 14:32:45.000,1319661646,2026-06-16 13:30:08.978,Кабелни Канали,Кабелна стълба на 100мм с капак,,00000605,M,L,L,бр.,,,7.66935,0.0,0.0,0.0,,Цената не е актуална,N,1.0,2.0,,НИДАКС БЪЛГАРИЯ  ЕООД,1,,0.0,1.5,,,,,,,0,Y,0,,0.0,,0,0.0,0.0,Y,Y,Y,N,1255,,0.0,,,,,,,AEM10KW,0.0,0.0,0.0,0.0,0,0.0,0.0,0.0,0.0,N
5311,4,1,2025-08-13 14:32:45.000,1319661636,2026-06-16 13:30:08.978,Кабелни Канали,"Кабелна стълба 60x200x3000mm t=1,5mm",KL 60.203/3,00000604,M,L,L,м.,,,8.881107,0.0,0.0,0.0,,"Кабелна стълба 60x200x3000mm t=1,5mm",N,1.0,2.0,,НИДАКС,4.5,,0.0,1.5,,,,,,,0,Y,0,,0.0,,0,0.0,0.0,Y,Y,Y,N,1256,,0.0,,,,,,,AEM10KW,0.0,0.0,0.0,0.0,0,0.0,0.0,0.0,0.0,N
5311,6,1,2025-08-13 14:32:45.000,1319661683,2026-06-16 13:30:08.978,Кабелни Канали,Капак за ъгъл 90° за кабелна скара 100,RESCD 150S,00000940,M,L,L,бр.,,,2.183208,0.0,0.0,0.0,,Редуцираща/затваряща/ъглова планка за кабелни скари 60х100mm,N,1.0,2.0,,НИДАКС,1,,0.0,1.5,,,,,,,0,Y,0,,0.0,,0,0.0,0.0,Y,Y,Y,N,1257,,0.0,,,,,,,AEM10KW,0.0,0.0,0.0,0.0,0,0.0,0.0,0.0,0.0,N
5311,8,1,2025-08-13 14:32:45.000,1319661499,2026-06-16 13:37:14.711,Кабелни Канали,"T-образно разклонение за кабелна скар, 60х152mm",RTAC 60.150 S,00000371,M,L,L,бр.,,,6.396237999999999,0.0,0.0,0.0,,"T-образно разклонение за кабелна скар, 60х152mm с неперфорирани бордове CITO",N,1.0,2.0,,НИДАКС,4,,0.0,1.5,,,,,,,0,Y,0,,0.0,,0,0.0,0.0,Y,Y,Y,N,1258,,0.0,,,,,,,AEM10KW,0.0,0.0,0.0,0.0,0,0.0,0.0,0.0,0.0,N
5311,10,1,2025-08-13 14:32:45.000,1319661504,2026-06-16 13:37:14.711,Кабелни Канали,T-образно разклонение за кабелна скара 60х202mm,RTAC 60.200 S,00000372,M,L,L,бр.,,,6.68256,0.0,0.0,0.0,,T-образно разклонение за кабелна скара 60х202mm с неперфорирани бордове CITO,N,1.0,2.0,,НИДАКС,2,,0.0,1.5,,,,,,,0,Y,0,,0.0,,0,0.0,0.0,Y,Y,Y,N,1259,,0.0,,,,,,,AEM10KW,0.0,0.0,0.0,0.0,0,0.0,0.0,0.0,0.0,N
5311,12,1,2025-08-13 14:32:45.000,1319661513,2026-06-16 13:36:44.671,Кабелни Канали,T-разклонение за кабелна скара 60х202mm с неперф,RTSC 60.200 S,00000373,M,L,L,бр.,,,16.054506,0.0,0.0,0.0,,T-разклонение за кабелна скара 60х202mm с неперфорирани бордове CITO,N,1.0,2.0,,НИДАКС,1,,0.0,1.5,,,,,,,0,Y,0,,0.0,,0,0.0,0.0,Y,Y,Y,N,1260,,0.0,,,,,,,AEM10KW,0.0,0.0,0.0,0.0,0,0.0,0.0,0.0,0.0,N
5311,14,1,2025-08-13 14:32:45.000,1319661729,2026-06-16 13:37:14.711,Кабелни Канали,Фуния за кабелна скара напречна 60х150mm,RTQ 60.150,00001152,M,L,L,бр.,,,38.305847,0.0,0.0,0.0,,Фуния за кабелна скара напречна 60х150mm,N,1.0,2.0,,НИДАКС,1,,0.0,1.5,,,,,,,0,Y,0,,0.0,,0,0.0,0.0,Y,Y,Y,N,1261,,0.0,,,,,,,AEM10KW,0.0,0.0,0.0,0.0,0,0.0,0.0,0.0,0.0,N
5311,16,1,2025-08-13 14:32:45.000,1319661737,2026-06-16 13:30:08.978,Кабелни Канали,Фуния за кабелна скара напречна 60х200mm,RTQ 60.200,00001153,M,L,L,бр.,,,39.098346,0.0,0.0,0.0,,Фуния за кабелна скара напречна 60х200mm,N,1.0,2.0,,НИДАКС,3,,0.0,1.5,,,,,,,0,Y,0,,0.0,,0,0.0,0.0,Y,Y,Y,N,1262,,0.0,,,,,,,AEM10KW,0.0,0.0,0.0,0.0,0,0.0,0.0,0.0,0.0,N
5311,18,1,2025-08-13 14:32:45.000,1319661539,2026-06-16 13:37:14.711,Кабелни Канали,Вертканел ъгъл понижаващ 60х152mm с неперфориран,RFD 60.150,00000447,M,L,L,бр.,,,16.074958,0.0,0.0,0.0,,Вертканел ъгъл понижаващ 60х152mm с неперфориран борд,N,1.0,2.0,,НИДАКС,2,,0.0,1.5,,,,,,,0,Y,0,,0.0,,0,0.0,0.0,Y,Y,Y,N,1263,,0.0,,,,,,,AEM10KW,0.0,0.0,0.0,0.0,0,0.0,0.0,0.0,0.0,N
5313,0,1,2025-08-13 14:32:45.000,1319661547,2026-06-16 13:36:44.671,Кабелни Канали,Вертканел ъгъл понижаващ 60х202mm с неперфориран,RFD 60.200,00000448,M,L,L,бр.,,,16.739635,0.0,0.0,0.0,,Вертканел ъгъл понижаващ 60х202mm с неперфориран борд,N,1.0,2.0,,НИДАКС,1,,0.0,1.5,,,,,,,0,Y,0,,0.0,,0,0.0,0.0,Y,Y,Y,N,1264,,0.0,,,,,,,AEM10KW,0.0,0.0,0.0,0.0,0,0.0,0.0,0.0,0.0,N
5313,2,1,2025-08-13 14:32:45.000,1319661752,2026-06-16 13:36:44.671,Кабелни Канали,Ъгъл 90° за кабелна скара 60х202mm с неперфорира,RESC 60.200 S,00001232,M,L,L,бр.,,,8.906672,0.0,0.0,0.0,,Ъгъл 90° за кабелна скара 60х202mm с неперфорирани бордове CITO,N,1.0,2.0,,НИДАКС,3,,0.0,1.5,,,,,,,0,Y,0,,0.0,,0,0.0,0.0,Y,Y,Y,N,1265,,0.0,,,,,,,AEM10KW,0.0,0.0,0.0,0.0,0,0.0,0.0,0.0,0.0,N
5313,4,1,2025-08-13 14:32:45.000,1319661715,2026-06-16 13:36:44.671,Кабелни Канали,"С-профил, шлиц 16 mm, 30x15x3000mm, перфорирана",2970/3 SL,00000975,M,L,L,м.,,,2.1014019999999998,0.0,0.0,0.0,,"С-профил, шлиц 16 mm, 30x15x3000mm, перфорирана",N,3.0,3.0,,НИДАКС,3,,0.0,1.5,,,,,,,0,Y,0,,0.0,,0,0.0,0.0,Y,Y,Y,N,1266,,0.0,,,,,,,AEM10KW,0.0,0.0,0.0,0.0,0,0.0,0.0,0.0,0.0,N
5313,6,1,2025-08-13 14:32:45.000,1319661531,2026-06-16 13:30:08.978,Кабелни Канали,Болт с гладка глава в комплект с широкопола гайк,FLM 6X12,00000428,M,L,L,бр.,,,0.08180599999999999,0.0,0.0,0.0,,Болт с гладка глава в комплект с широкопола гайка M6х12mm,N,1.0,2.0,,НИДАКС,50,,0.0,1.5,,,,,,,0,Y,0,,0.0,,0,0.0,0.0,Y,Y,Y,N,1267,,0.0,,,,,,,AEM10KW,0.0,0.0,0.0,0.0,0,0.0,0.0,0.0,0.0,N
5313,8,1,2025-08-13 14:32:45.000,1317132064,2026-07-07 09:08:29.505,Аквафор,Дисков филтър за механично пречистване на водата,-,00000511,M,L,L,бр.,,,383.953225,0.0,0.0,0.0,,Дисков филтър за механично пречистване на водата (50мкм),P,1.0,2.0,,Аквафор,1,,0.0,1.5,,,,,,,0,Y,0,,0.0,,0,0.0,0.0,Y,Y,Y,N,1268,,0.0,,,,,,,AEM10KW,0.0,0.0,0.0,0.0,0,0.0,0.0,0.0,0.0,N
5313,10,1,2025-08-13 14:32:45.000,1317132053,2026-07-07 09:08:29.505,Аквафор,Дозираща помпа Grundfos DDE6-10-P,-,00000513,M,L,L,бр.,,,647.6357039999999,0.0,0.0,0.0,,Дозираща помпа Grundfos DDE6-10-P,P,1.0,2.0,,Аквафор,1,,0.0,1.5,,,,,,,0,Y,0,,0.0,,0,0.0,0.0,Y,Y,Y,N,1269,,0.0,,,,,,,AEM10KW,0.0,0.0,0.0,0.0,0,0.0,0.0,0.0,0.0,N
5313,12,1,2025-08-13 14:32:45.000,1317132078,2026-07-07 09:08:29.505,Аквафор,Kit (комплект за засмукване),-,00000305,M,L,L,бр.,,,143.67248999999998,0.0,0.0,0.0,,Kit (комплект за засмукване),P,1.0,2.0,,Аквафор,2,,0.0,1.5,,,,,,,0,Y,0,,0.0,,0,0.0,0.0,Y,Y,Y,N,1270,,0.0,,,,,,,AEM10KW,0.0,0.0,0.0,0.0,0,0.0,0.0,0.0,0.0,N
5313,14,1,2025-08-13 14:32:45.000,1317132048,2026-07-07 09:08:29.505,Аквафор,Импулсен водомер 3/4`` с импулсен модул и холенд,-,00000547,M,L,L,бр.,,,55.4494,0.0,0.0,0.0,,Импулсен водомер 3/4`` с импулсен модул и холендри,P,1.0,2.0,,Аквафор,1,,0.0,1.5,,,,,,,0,Y,0,,0.0,,0,0.0,0.0,Y,Y,Y,N,1271,,0.0,,,,,,,AEM10KW,0.0,0.0,0.0,0.0,0,0.0,0.0,0.0,0.0,N
5313,16,1,2025-08-13 14:32:45.000,1317132038,2026-07-07 09:08:29.505,Аквафор,Колона BF1044-29-117Q3,-,00000650,M,L,L,бр.,,,471.66502499999996,0.0,0.0,0.0,,Колона BF1044-29-117Q3,P,1.0,2.0,,Аквафор,1,,0.0,1.5,,,,,,,0,Y,0,,0.0,,0,0.0,0.0,Y,Y,Y,N,1272,,0.0,,,,,,,AEM10KW,0.0,0.0,0.0,0.0,0,0.0,0.0,0.0,0.0,N
5313,18,1,2025-08-13 14:32:45.000,1317132034,2026-07-07 09:08:29.505,Аквафор,Колона CF844-22-117Q3,-,00000651,M,L,L,бр.,,,293.99174999999997,0.0,0.0,0.0,,Колона CF844-22-117Q3,P,1.0,2.0,,Аквафор,1,,0.0,1.5,,,,,,,0,Y,0,,0.0,,0,0.0,0.0,Y,Y,Y,N,1273,,0.0,,,,,,,AEM10KW,0.0,0.0,0.0,0.0,0,0.0,0.0,0.0,0.0,N
5313,20,1,2025-08-13 14:32:45.000,1317132059,2026-07-07 09:08:29.505,Аквафор,Дозираща помпа Grundfos DDE6-10-B,-,00000512,M,L,L,бр.,,,486.461758,0.0,0.0,0.0,,Дозираща помпа Grundfos DDE6-10-B,P,1.0,2.0,,Аквафор,1,,0.0,1.5,,,,,,,0,Y,0,,0.0,,0,0.0,0.0,Y,Y,Y,N,1274,,0.0,,,,,,,AEM10KW,0.0,0.0,0.0,0.0,0,0.0,0.0,0.0,0.0,N
5314,0,1,2025-08-13 14:32:45.000,1317132005,2026-07-07 09:08:29.505,Аквафор,Поплавък за съд за съхранение на чиста вода,-,00000879,M,L,L,бр.,,,33.131592,0.0,0.0,0.0,,Поплавък за съд за съхранение на чиста вода,P,1.0,2.0,,Аквафор,1,,0.0,1.5,,,,,,,0,Y,0,,0.0,,0,0.0,0.0,Y,Y,Y,N,1275,,0.0,,,,,,,AEM10KW,0.0,0.0,0.0,0.0,0,0.0,0.0,0.0,0.0,N
5314,2,1,2025-08-13 14:32:45.000,1317132069,2026-07-07 09:08:29.505,Аквафор,Дейонизираща колона DF830-24-117Q3,-,00000506,M,L,L,бр.,,,375.37377899999996,0.0,0.0,0.0,,Дейонизираща колона DF830-24-117Q3,P,1.0,2.0,,Аквафор,1,,0.0,1.5,,,,,,,0,Y,0,,0.0,,0,0.0,0.0,Y,Y,Y,N,1276,,0.0,,,,,,,AEM10KW,0.0,0.0,0.0,0.0,0,0.0,0.0,0.0,0.0,N
5314,4,1,2025-08-13 14:32:45.000,1317132044,2026-07-07 09:08:29.505,Аквафор,Индикатор за проводимост и TDS със сензор,-,00000549,M,L,L,бр.,,,220.80058599999998,0.0,0.0,0.0,,Индикатор за проводимост и TDS със сензор,P,1.0,2.0,,Аквафор,2,,0.0,1.5,,,,,,,0,Y,0,,0.0,,0,0.0,0.0,Y,Y,Y,N,1277,,0.0,,,,,,,AEM10KW,0.0,0.0,0.0,0.0,0,0.0,0.0,0.0,0.0,N
5314,6,1,2025-08-13 14:32:45.000,1317132074,2026-07-07 09:08:29.505,Аквафор,"Антискалант 230000л, кг",-,00000423,M,L,L,бр.,,,9.111188,0.0,0.0,0.0,,"Антискалант 230000л, кг",P,1.0,2.0,,Аквафор,1,,0.0,1.5,,,,,,,0,Y,0,,0.0,,0,0.0,0.0,Y,Y,Y,N,1278,,0.0,,,,,,,AEM10KW,0.0,0.0,0.0,0.0,0,0.0,0.0,0.0,0.0,N
5314,8,1,2025-08-13 14:32:45.000,1317132011,2026-07-07 09:08:29.505,Аквафор,"Нитриев хипохлорид (9%), л",-,00000783,M,L,L,бр.,,,2.55645,0.0,0.0,0.0,,"Нитриев хипохлорид (9%), л",P,1.0,2.0,,Аквафор,1,,0.0,1.5,,,,,,,0,Y,0,,0.0,,0,0.0,0.0,Y,Y,Y,N,1279,,0.0,,,,,,,AEM10KW,0.0,0.0,0.0,0.0,0,0.0,0.0,0.0,0.0,N
5314,10,1,2025-08-13 14:32:45.000,1317132017,2026-07-07 09:08:29.505,Аквафор,Настройки на оборудването по видео връзка,-,00000768,M,L,L,бр.,,,76.6935,0.0,0.0,0.0,,Настройки на оборудването по видео връзка,P,1.0,2.0,,Аквафор,1,,0.0,1.5,,,,,,,0,Y,0,,0.0,,0,0.0,0.0,Y,Y,Y,N,1280,,0.0,,,,,,,AEM10KW,0.0,0.0,0.0,0.0,0,0.0,0.0,0.0,0.0,N
5314,12,1,2025-08-13 14:32:45.000,1317131993,2026-07-07 09:08:29.505,Аквафор,Филтър за механично пречистване ВикингПРО+20мкм,,00001136,M,L,L,бр.,,,124.75475999999999,0.0,0.0,0.0,,Филтър за механично пречистване ВикингПРО+20мкм AS,P,1.0,2.0,,Аквафор,1,,0.0,1.5,,,,,,,0,Y,0,,0.0,,0,0.0,0.0,Y,Y,Y,N,1281,,0.0,,,,,,,AEM10KW,0.0,0.0,0.0,0.0,0,0.0,0.0,0.0,0.0,N
5314,14,1,2025-08-13 14:32:45.000,1317131988,2026-07-07 09:08:29.505,Аквафор,Филтър с активен въглен и функция за омекотяване,,00001137,M,L,L,бр.,,,174.86118,0.0,0.0,0.0,,Филтър с активен въглен и функция за омекотяването ВикингПРО AS,P,1.0,2.0,,Аквафор,1,,0.0,1.5,,,,,,,0,Y,0,,0.0,,0,0.0,0.0,Y,Y,Y,N,1282,,0.0,,,,,,,AEM10KW,0.0,0.0,0.0,0.0,0,0.0,0.0,0.0,0.0,N
5314,16,1,2025-08-13 14:32:45.000,1317132000,2026-07-07 09:08:29.505,Аквафор,Система с обратна осмоза АПРО-500 black,,00000988,M,L,L,бр.,,,2903.10462,0.0,0.0,0.0,,Система с обратна осмоза АПРО-500 black,P,1.0,2.0,,Аквафор,1,,0.0,1.5,,,,,,,0,Y,0,,0.0,,0,0.0,0.0,Y,Y,Y,N,1283,,0.0,,,,,,,AEM10KW,0.0,0.0,0.0,0.0,0,0.0,0.0,0.0,0.0,N
5314,18,1,2025-08-13 14:32:45.000,1317132022,2026-07-07 09:08:29.505,Аквафор,Напорен съд за съхранение 105л,,00000767,M,L,L,бр.,,,308.81916,0.0,0.0,0.0,,Напорен съд за съхранение 105л,P,1.0,2.0,,Аквафор,1,,0.0,1.5,,,,,,,0,Y,0,,0.0,,0,0.0,0.0,Y,Y,Y,N,1284,,0.0,,,,,,,AEM10KW,0.0,0.0,0.0,0.0,0,0.0,0.0,0.0,0.0,N
5314,20,1,2025-08-13 14:32:45.000,1317132029,2026-07-07 09:08:29.505,Аквафор,Колона деионизираща DF1035-38-117Q3 (38л смола)*,,00000652,M,L,L,бр.,,,498.083379,0.0,0.0,0.0,,Колона деионизираща DF1035-38-117Q3 (38л смола)*,P,1.0,2.0,,Аквафор,1,,0.0,1.5,,,,,,,0,Y,0,,0.0,,0,0.0,0.0,Y,Y,Y,N,1285,,0.0,,,,,,,AEM10KW,0.0,0.0,0.0,0.0,0,0.0,0.0,0.0,0.0,N
5315,0,1,2025-08-13 14:32:45.000,1320962439,2026-07-03 15:23:37.082,Suzhou VMA,Sealing Gasket Modified PTFE 1060х900х5,-,00000355,M,L,L,бр.,,,69.0244039614895,0.0,0.0,0.0,,Sealing Gasket Modified PTFE 1060х900х5,P,1.0,2.0,,Suzhou VMA,188,,0.0,1.5,,,,,,,0,Y,0,,0.0,,0,0.0,0.0,Y,Y,Y,N,1286,,0.0,,,,,,,AEM10KW,0.0,0.0,0.0,0.0,0,0.0,0.0,0.0,0.0,N
5315,2,1,2025-08-13 14:32:45.000,1320237274,2026-06-23 10:47:02.224,1.1.1. Части (Електролизьор),"Уплътнение от експандиран теф. ф1060хф900х0,5мм",,00001125,M,L,L,бр.,,,69.238637,0.0,0.0,0.0,,"Уплътнение от експандиран тефлон ф1060хф900х0,5",N,1.0,2.0,,ДЕАТРЕЙД,282,,0.0,1.5,,,,,,,0,Y,0,,0.0,,0,0.0,0.0,Y,Y,Y,N,1287,,0.0,,,,,,,AEM500KW,0.0,0.0,0.0,0.0,0,0.0,0.0,0.0,0.0,N
5315,3,1,2025-09-26 09:00:13.237,1320962439,2026-07-03 15:27:23.723,3. Инструменти,Неръждаем съд 75л.,-,00000770,M,L,L,бр.,,,92.03253861531933,0.0,0.0,0.0,,,N,0.0,0.0,,СИМЕЙ ООД,,,,1.5,,,,,,,,Y,0,,0.0,,,0.0,0.0,Y,Y,Y,N,1401,,0.0,,,,,,,,,,,,0,0.0,0.0,0.0,,N
5315,4,1,2025-10-06 07:51:03.361,1320962439,2026-03-02 14:59:07.474,RS COMPONENTS,RevPI DIO 14IO,1811143,00000345,M,L,L,бр.,,,210.32,0.0,0.0,0.0,,,P,1.0,2.0,,RS COMPONENTS LTD,,,,1.5,,,,,,,,Y,0,,0.0,,,0.0,0.0,Y,Y,Y,N,1439,,0.0,,,,,,,,,,,,0,0.0,0.0,0.0,,N
5315,6,1,2025-08-13 14:32:45.000,1320962439,2026-07-07 08:25:54.148,Деатрейд,Тефлонов лист 1000х1000х1,SKU0000000427,00001063,M,L,L,бр.,,,57.56123998507027,0.0,0.0,0.0,,Тефлонов лист 1000х1000х1,P,1.0,2.0,,ДЕАТРЕЙД,1,,0.0,1.5,,,,,,,0,Y,0,,0.0,,0,0.0,0.0,Y,Y,Y,N,1289,,0.0,,,,,,,AEM10KW,0.0,0.0,0.0,0.0,0,0.0,0.0,0.0,0.0,N
5315,8,1,2025-08-13 14:32:45.000,1320962439,2026-07-03 15:32:57.519,AGFA,Мембрани 1000х1000,-,00000732,M,L,L,лист,,,266.0762949745121,0.0,0.0,0.0,,Мембрани 1000х1000,P,1.0,2.0,,AGFA,82,,0.0,1.5,,,,,,,0,Y,0,,0.0,,0,0.0,0.0,Y,Y,Y,N,1290,,0.0,,,,,,,AEM10KW,0.0,0.0,0.0,0.0,0,0.0,0.0,0.0,0.0,N
5315,10,1,2025-08-13 14:32:45.000,1320962439,2026-07-03 15:35:05.484,ДФ България,"Перфорирана ламарина LB 1000x2000x0,5, RV 2-3: 1",00721431,00000836,M,L,L, лист,,,63.06785354555355,0.0,0.0,0.0,,"Перфорирана ламарина LB 1000x2000x0,5, RV 2-3: 1.4404",P,1.0,2.0,,ДФ България,90,,0.0,1.5,,,,,,,0,Y,0,,0.0,,0,0.0,0.0,Y,Y,Y,N,1291,,0.0,,,,,,,AEM10KW,0.0,0.0,0.0,0.0,0,0.0,0.0,0.0,0.0,N
5315,11,1,2025-10-31 13:58:39.512,1320962439,2026-07-03 15:28:33.031,1) Грийн Иновейшън АД,Стак 500,1000051,00000998,M,L,L,бр.,,,0.0,0.0,0.0,0.0,,,P,3.0,3.0,,,,,,1.5,,,,,,,,Y,0,,0.0,,,0.0,0.0,Y,Y,Y,N,1776,,0.0,,,,,,,,,,,,0,0.0,0.0,0.0,,N
5315,12,1,2025-08-13 14:32:45.000,1320962439,2026-07-07 08:47:47.301,SOTAR,Плетена мрежа INOX AISI 316L H 1000 mm,2112003,00000870,M,L,L,кг.,,,10.99788836453066,0.0,0.0,0.0,,Плетена мрежа INOX AISI 316L H 1000 mm,P,1.0,2.0,,SOTAR S.R.L,92.24,,0.0,1.5,,,,,,,0,Y,0,,0.0,,0,0.0,0.0,Y,Y,Y,N,1292,,0.0,,,,,,,AEM10KW,0.0,0.0,0.0,0.0,0,0.0,0.0,0.0,0.0,N
5315,14,1,2025-08-13 14:32:45.000,1320962439,2026-07-07 08:51:50.864,ИТТ,"Ринг гайка, DIN 582, C15, vZn, M 24",00582 0001 24,00000967,M,L,L,бр.,,,437.1545584227668,0.0,0.0,0.0,,"Ринг гайка, DIN 582, C15, vZn, M 24",P,1.0,2.0,,ИТТ,6,,0.0,1.5,,,,,,,0,Y,0,,0.0,,0,0.0,0.0,Y,Y,Y,N,1293,,0.0,,,,,,,AEM10KW,0.0,0.0,0.0,0.0,0,0.0,0.0,0.0,0.0,N
5315,16,1,2025-08-13 14:32:45.000,1320962439,2026-07-07 08:21:46.086,Аронов,"Шпилка М56х4, 8.8, черна L=2000mm",-,00001218,M,L,L,бр.,,,176.9069908938916,0.0,0.0,0.0,,"Шпилка М56х4, 8.8, черна L=2000mm",P,1.0,2.0,,Аронов 87,10,,0.0,1.5,,,,,,,0,Y,0,,0.0,,0,0.0,0.0,Y,Y,Y,N,1294,,0.0,,,,,,,AEM10KW,0.0,0.0,0.0,0.0,0,0.0,0.0,0.0,0.0,N
5315,18,1,2025-08-13 14:32:45.000,1319658496,2026-06-23 10:47:07.239,1.1.2. Крепежи (Електролизьор),Гайка шест. 8.8 M56x4,,00000477,M,L,L,бр.,,,16.62,0.0,0.0,0.0,,"Гайка M56x4, 8.8",N,1.0,2.0,,Аронов 87,20,,0.0,1.5,,,,,,,0,Y,0,,0.0,,0,0.0,0.0,Y,Y,Y,N,1295,,0.0,,,,,,,AEM10KW,0.0,0.0,0.0,0.0,0,0.0,0.0,0.0,0.0,N
5315,20,1,2025-08-13 14:32:45.000,1320962439,2026-07-07 08:22:11.022,ИТТ,"Шайба подл., DIN 125A, vZn, M56",00125 0001 56,00001200,M,L,L,100 бр.,,,170.43914859675945,0.0,0.0,0.0,,"Шайба подложна, DIN 125A, vZn, M56",P,1.0,2.0,,ИТТ,10,,0.0,1.5,,,,,,,0,Y,0,,0.0,,0,0.0,0.0,Y,Y,Y,N,1296,,0.0,,,,,,,AEM10KW,0.0,0.0,0.0,0.0,0,0.0,0.0,0.0,0.0,N
5316,0,1,2025-08-13 14:32:45.000,1320962439,2026-07-03 15:23:26.028,Suzhou VMA,Disc Spring 112х57х4mm,-,00000283,M,L,L,бр.,,,1.4009397544776387,0.0,0.0,0.0,,Disc Spring 112х57х4mm,P,1.0,2.0,,Suzhou VMA,200,,0.0,1.5,,,,,,,0,Y,0,,0.0,,0,0.0,0.0,Y,Y,Y,N,1297,,0.0,,,,,,,AEM10KW,0.0,0.0,0.0,0.0,0,0.0,0.0,0.0,0.0,N
5316,1,1,2025-09-12 16:12:07.419,1320962439,2026-03-02 14:59:07.709,фитинги за заварки,"Намалител концентричен 316, зав. 60.3х33.7х2",106818,00000766,M,L,L,бр.,,,7.265457631798265,0.0,0.0,0.0,,,P,1.0,2.0,,КРИСМЕТАЛ,,,,1.5,,,,,,,,Y,0,,0.0,,,0.0,0.0,Y,Y,Y,N,1389,,0.0,,,,,,,,,,,,0,0.0,0.0,0.0,,N
5316,2,1,2025-08-13 14:32:45.000,1320962439,2026-07-03 15:34:33.209,Ивда Гео,ПП тръба за т. вода Ф63/PN20,702,00000830,M,L,L,м.,,,10.31787016253969,0.0,0.0,0.0,,ПП тръба за т. вода Ф63/PN20,P,1.0,2.0,,ИВДА-ГЕО,12,,0.0,1.5,,,,,,,0,Y,0,,0.0,,0,0.0,0.0,Y,Y,Y,N,1298,,0.0,,,,,,,AEM10KW,0.0,0.0,0.0,0.0,0,0.0,0.0,0.0,0.0,N
5316,4,1,2025-08-13 14:32:45.000,1320962439,2026-07-07 08:52:22.094,Гумпласт,Полиамид 0,-,00000876,M,L,L,бр.,,,1057.6583854424975,0.0,0.0,0.0,,Полиамид,P,1.0,2.0,,Гумпласт,1,,0.0,1.5,,,,,,,0,Y,0,,0.0,,0,0.0,0.0,Y,Y,Y,N,1299,,0.0,,,,,,,AEM10KW,0.0,0.0,0.0,0.0,0,0.0,0.0,0.0,0.0,N
5316,6,1,2025-08-13 14:32:45.000,1320962439,2026-07-03 15:28:33.031,1) Грийн Иновейшън АД,Сепаратор,,00000986,M,L,L,бр.,,,0.0,0.0,0.0,0.0,,Сепаратор,P,1.0,2.0,,,2,,0.0,1.5,,,,,,,0,Y,0,,0.0,,0,0.0,0.0,Y,Y,Y,N,1300,,0.0,,,,,,,AEM10KW,0.0,0.0,0.0,0.0,0,0.0,0.0,0.0,0.0,N
5316,8,1,2025-08-13 14:32:45.000,1320962440,2026-07-03 15:20:56.289,0. Разни,Тел домакинска неръждаема,,00001055,M,L,L,бр.,,,0.0,0.0,0.0,0.0,,Тел,P,1.0,2.0,,,14,,0.0,1.5,,,,,,,0,Y,0,,0.0,,0,0.0,0.0,Y,Y,Y,N,1301,,0.0,,,,,,,AEM10KW,0.0,0.0,0.0,0.0,0,0.0,0.0,0.0,0.0,N
5316,10,1,2025-08-13 14:32:45.000,1319536868,2026-06-23 10:47:33.362,1.2.1. Части (Очиска),Демистър 4“ - Гъба (Wire mesh sep. mono circol.),0000002194,00000500,M,L,L,бр.,,,82.0,0.0,0.0,0.0,,Гъба демистър (Wire mesh separator mono circolare 316L d.164 Sp tot 112),N,1.0,2.0,,AFP Tech,5,,0.0,1.5,,,,,,,0,Y,0,,0.0,,0,0.0,0.0,Y,Y,Y,N,1302,,0.0,,,,,,,"AEM10KW, 500kW",0.0,0.0,0.0,0.0,0,0.0,0.0,0.0,0.0,N
5316,11,1,2025-08-13 13:45:00.000,1320962440,2026-07-03 15:28:33.031,1) Грийн Иновейшън АД,АЕМ 10 kW,АЕМ 10 kW,00000412,M,L,L,бр.,,0.0,0.0,0.0,0.0,0.0,,,N,100.0,150.0,,,,,0.0,1.5,,,,,,,0,Y,0,,0.0,,0,0.0,0.0,Y,Y,Y,N,897,,0.0,,,,,,,,0.0,0.0,0.0,0.0,0,0.0,0.0,0.0,0.0,N
5316,12,1,2025-08-13 13:45:19.000,1331557389,2026-07-03 15:28:33.031,1) Грийн Иновейшън АД,АЕМ-Z 30 kW,АЕМ-Z 30 kW,00000413,M,L,L,бр.,,0.0,2636.8702801368217,0.0,0.0,0.0,,,N,100.0,150.0,,,,,0.0,1.5,,,,,,,0,Y,0,,0.0,,0,0.0,0.0,Y,Y,Y,N,898,,0.0,,,,,,,,0.0,0.0,0.0,0.0,0,0.0,0.0,0.0,0.0,N
5316,13,1,2025-08-13 13:45:53.000,1320962440,2026-07-03 15:28:33.031,1) Грийн Иновейшън АД,АЕM-Z 500 kW,АЕM-Z 500 kW,00000411,M,L,L,бр.,,0.0,0.0,0.0,0.0,0.0,,,N,100.0,150.0,,,,,0.0,1.5,,,,,,,0,Y,0,,0.0,,0,0.0,0.0,Y,Y,Y,N,899,,0.0,,,,,,,,0.0,0.0,0.0,0.0,0,0.0,0.0,0.0,0.0,N
5316,14,1,2025-08-15 08:38:27.582,1320962440,2026-06-23 11:07:45.982,Тройници на резба,Тройник 304L резба вътрешна 1/2“,102204,00001454,M,L,L,бр.,,,1.9991512554772144,0.0,0.0,0.0,,,P,0.0,0.0,,КРИСМЕТАЛ,,,,1.5,,,,,,,,Y,0,,0.0,,,0.0,0.0,Y,Y,Y,N,1347,,0.0,,,,,,,,,,,,0,0.0,0.0,0.0,,N
5316,16,1,2025-08-15 08:39:25.234,1319853427,2026-06-23 11:08:01.685,Тройници на резба,Тройник 304L резба вътрешна 3/4“,102205,00001459,M,L,L,бр.,,,0.51129,0.0,0.0,0.0,,,N,0.0,0.0,,КРИСМЕТАЛ,,,,1.5,,,,,,,,Y,0,,0.0,,,0.0,0.0,Y,Y,Y,N,1348,,0.0,,,,,,,,,,,,0,0.0,0.0,0.0,,N
5316,18,1,2025-08-15 08:40:25.464,1322341985,2026-06-23 11:07:55.341,Тройници на резба,Тройник 304L резба вътрешна 1“,102206,00001455,M,L,L,бр.,,,3.8,0.0,0.0,0.0,,,N,0.0,0.0,,КРИСМЕТАЛ,,,,1.5,,,,,,,,Y,0,,0.0,,,0.0,0.0,Y,Y,Y,N,1349,,0.0,,,,,,,,,,,,0,0.0,0.0,0.0,,N
5316,20,1,2025-08-15 08:41:21.297,1322342020,2026-06-23 11:07:38.858,Тройници на резба,Тройник 304L резба вътрешна 1 1/4“,102207,00001453,M,L,L,бр.,,,4.1,0.0,0.0,0.0,,,N,0.0,0.0,,КРИСМЕТАЛ,,,,1.5,,,,,,,,Y,0,,0.0,,,0.0,0.0,Y,Y,Y,N,1350,,0.0,,,,,,,,,,,,0,0.0,0.0,0.0,,N
5316,22,1,2025-08-15 08:42:56.939,1322342049,2026-06-23 11:07:22.221,Тройници на резба,Тройник 304L резба вътрешна 1 1/2“,102208,00001452,M,L,L,бр.,,,4.8,0.0,0.0,0.0,,,N,0.0,0.0,,КРИСМЕТАЛ,,,,1.5,,,,,,,,Y,0,,0.0,,,0.0,0.0,Y,Y,Y,N,1351,,0.0,,,,,,,,,,,,0,0.0,0.0,0.0,,N
5351,1,1,2025-08-27 09:56:22.176,1333637310,2026-07-07 08:57:22.273,SOTAR,Плетена мрежа INOX AISI 316L H 1000 mm.,2112003,,M,L,L,кг.,,,10.99788836453066,0.0,0.0,0.0,,Плетена мрежа INOX AISI 316L H 1000 mm,P,1.0,2.0,,SOTAR S.R.L,,,0.0,1.5,,,,,,,0,Y,0,,0.0,,0,0.0,0.0,Y,Y,Y,N,1370,0,0.0,,,,,,,AEM10KW,0.0,0.0,0.0,0.0,0,0.0,0.0,0.0,0.0,N
5351,2,1,2025-08-15 08:45:41.076,1320962440,2026-06-23 11:01:12.899,М/Ж резба,Преход 304L резба М/Ж 1“x1/2“,102014,00001410,M,L,L,бр.,,,2.234337,0.0,0.0,0.0,,,N,0.0,0.0,,КРИСМЕТАЛ,,,,1.5,,,,,,,,Y,0,,0.0,,,0.0,0.0,Y,Y,Y,N,1353,,0.0,,,,,,,,,,,,0,0.0,0.0,0.0,,N
5351,4,1,2025-08-15 08:47:11.132,1320962440,2026-06-23 10:53:40.463,Нипели на резба,Нипел шест. 304L резба 150LBS 1/2“,100644,00001370,M,L,L,бр.,,,0.9203253861531933,0.0,0.0,0.0,,,N,0.0,0.0,,КРИСМЕТАЛ,,,,1.5,,,,,,,,Y,0,,0.0,,,0.0,0.0,Y,Y,Y,N,1354,,0.0,,,,,,,,,,,,0,0.0,0.0,0.0,,N
5351,6,1,2025-08-15 08:47:48.604,1318964042,2026-06-23 10:53:44.338,Нипели на резба,Нипел шест. 304L резба 150LBS 1“,100646,00001371,M,L,L,бр.,,,1.46,0.0,0.0,0.0,,,N,0.0,0.0,,КРИСМЕТАЛ,,,,1.5,,,,,,,,Y,0,,0.0,,,0.0,0.0,Y,Y,Y,N,1355,,0.0,,,,,,,,,,,,0,0.0,0.0,0.0,,N
5351,8,1,2025-08-15 08:48:30.773,1322341619,2026-06-23 10:53:35.901,Нипели на резба,Нипел шест. 304L резба 150LBS 1 1/4“,100647,00001369,M,L,L,бр.,,,1.6,0.0,0.0,0.0,,,N,0.0,0.0,,КРИСМЕТАЛ,,,,1.5,,,,,,,,Y,0,,0.0,,,0.0,0.0,Y,Y,Y,N,1356,,0.0,,,,,,,,,,,,0,0.0,0.0,0.0,,N
5351,11,1,2025-08-15 08:52:30.101,1318463174,2026-06-23 11:04:53.873,Тапи на резба,Тапа 304L резба 1“,101006,00001445,M,L,L,бр.,,,1.3,0.0,0.0,0.0,,,N,0.0,0.0,,КРИСМЕТАЛ,,,,1.5,,,,,,,,Y,0,,0.0,,,0.0,0.0,Y,Y,Y,N,1358,,0.0,,,,,,,,,,,,0,0.0,0.0,0.0,,N
5351,13,1,2025-08-15 08:53:27.197,1320962440,2026-06-23 11:04:40.594,Тапи на резба,Тапа 304L резба 1 1/2“,101008,00001444,M,L,L,бр.,,,2.919466,0.0,0.0,0.0,,,N,0.0,0.0,,КРИСМЕТАЛ,,,,1.5,,,,,,,,Y,0,,0.0,,,0.0,0.0,Y,Y,Y,N,1359,,0.0,,,,,,,,,,,,0,0.0,0.0,0.0,,N
5351,15,1,2025-08-15 08:54:38.022,1322341820,2026-06-23 11:01:12.806,М/Ж резба,Преход 304L резба М/Ж 3/4“x1/2“,102010,00001411,M,L,L,бр.,,,1.1,0.0,0.0,0.0,,,N,0.0,0.0,,КРИСМЕТАЛ,,,,1.5,,,,,,,,Y,0,,0.0,,,0.0,0.0,Y,Y,Y,N,1360,,0.0,,,,,,,,,,,,0,0.0,0.0,0.0,,N
5351,18,1,2025-08-27 09:56:22.192,1319658688,2026-06-23 10:47:07.239,1.1.2. Крепежи (Електролизьор),Ринг гайка DIN582 C15 vZn M24,00582 0001 24,00000968,M,L,L,бр.,,,3.885804,0.0,0.0,0.0,,"Ринг гайка, DIN 582, C15, vZn, M 24",N,1.0,2.0,,ИТТ,6,,0.0,1.5,,,,,,,0,Y,0,,0.0,,0,0.0,0.0,Y,Y,Y,N,1371,0,0.0,,,,,,,AEM10KW,0.0,0.0,0.0,0.0,0,0.0,0.0,0.0,0.0,N
5351,20,1,2025-08-27 09:56:22.192,1319658761,2026-06-23 10:47:07.239,1.1.2. Крепежи (Електролизьор),Шпилка 4.5 М56х4,,00001219,M,L,L,бр.,,,176.91,0.0,0.0,0.0,,"Шпилка М56х4, 8.8, черна L=2000mm",N,1.0,2.0,,Аронов 87,10,,0.0,1.5,,,,,,,0,Y,0,,0.0,,0,0.0,0.0,Y,Y,Y,N,1372,0,0.0,,,,,,,AEM10KW,0.0,0.0,0.0,0.0,0,0.0,0.0,0.0,0.0,N
5351,24,1,2025-08-27 09:56:22.223,1319658736,2026-06-23 10:47:07.239,1.1.2. Крепежи (Електролизьор),Шайба подложна DIN125A vZn M56,00125 0001 56,00001201,M,L,L,бр.,,,170.44,0.0,0.0,0.0,,"Шайба подложна, DIN 125A, vZn, M56",N,1.0,2.0,,ИТТ,10,,0.0,1.5,,,,,,,0,Y,0,,0.0,,0,0.0,0.0,Y,Y,Y,N,1374,0,0.0,,,,,,,AEM10KW,0.0,0.0,0.0,0.0,0,0.0,0.0,0.0,0.0,N
5351,26,1,2025-08-27 09:56:22.223,1318957605,2026-06-23 10:47:07.239,1.1.2. Крепежи (Електролизьор),Шайба пружинна (Disc Spring) 112х57х4мм,60Si2MnA,00000284,M,L,L,бр.,,,3.633,0.0,0.0,0.0,,Disc Spring 112х57х4mm,N,50.0,50.0,,Suzhou VMA,,,0.0,1.5,,,,,,,0,Y,0,,0.0,,0,0.0,0.0,Y,Y,Y,N,1375,0,0.0,,,,,,,AEM10KW,0.0,0.0,0.0,0.0,0,0.0,0.0,0.0,0.0,N
5455,0,1,2025-08-27 15:24:03.742,1332252596,2026-06-23 12:37:23.620,Холендри на резба,Холендър 316L резба М/Ж PTFE 150LBS 1/2“,9594939,00001158,M,L,L,бр.,,,11.054089999999999,0.0,0.0,0.0,,,N,1.0,2.0,,КРИСМЕТАЛ,,,,1.5,,,,,,,,Y,0,,0.0,,,0.0,0.0,Y,Y,Y,N,1379,,0.0,,,,,,,,,,,,0,0.0,0.0,0.0,,N
5455,19,1,2026-02-20 10:49:34.399,1319945110,2026-07-03 15:27:03.515,2. Консумативи,Комплект плунжер/мембрана,OD R452846/V,00001812,M,M,M,бр.,,,57.26,0.0,0.0,0.0,,Ремонтен комлект за взривни клапани,N,1.0,20.0,,ЛД ООД,,,,1.5,,,,,,,,Y,0,,0.0,,,0.0,0.0,Y,Y,Y,N,2085,,0.0,,,,,,,,,,,,0,0.0,0.0,0.0,,N
5455,20,1,2026-02-20 14:09:29.353,1319958993,2026-06-23 10:48:40.048,2.2. Фитинги за заваряване,Концентричен нам. 304L (48.3х33.7х2) 1 1/2“ -1“,106713,00001813,M,M,M,бр.,,,3.81,0.0,0.0,0.0,,,N,2.0,20.0,,КРИСМЕТАЛ,,,,1.5,,,,,,,,Y,0,,0.0,,,0.0,0.0,Y,Y,Y,N,2086,,0.0,,,,,,,,,,,,0,0.0,0.0,0.0,,N
5455,37,1,2025-08-28 14:54:53.400,1320962440,2026-07-07 09:06:32.335,Ивда Гео,Тапа за У.К.Б.,,00001050,M,L,L,бр.,,,0.5982115009995755,0.0,0.0,0.0,,,P,0.0,0.0,,ИВДА-ГЕО ООД,,,,1.5,,,,,,,,Y,0,,0.0,,,0.0,0.0,Y,Y,Y,N,1381,,0.0,,,,,,,,,,,,0,0.0,0.0,0.0,,N
5455,40,1,2025-08-29 15:00:00.386,1322738041,2026-07-07 08:24:00.209,Апогей,Топлообменник XT,K FF.PRO.SS 01100003,00000394,M,L,L,бр.,,,780.0,0.0,0.0,0.0,,,P,0.0,0.0,,АПОГЕЙ 99 ООД,,,,1.5,,,,,,,,Y,0,,0.0,,,0.0,0.0,Y,Y,Y,N,1382,,0.0,,,,,,,,,,,,0,0.0,0.0,0.0,,N
5455,42,1,2025-09-03 14:02:09.610,1320962440,2026-06-17 14:08:41.851,М16,Шайба пружинна gvZn М16,06796 0006 16,00001208,M,L,L,бр.,оп.,100.0,0.2045167524784874,0.0,0.0,0.0,,,N,1.0,2.0,,ИТТ БЪЛГАРИЯ ЕООД,,,,1.5,,,,,,,,Y,0,,0.0,,,0.0,0.0,Y,Y,Y,N,1383,,0.0,,,,,,,,,,,,0,0.0,0.0,0.0,,N
5455,44,1,2025-09-04 12:43:45.142,1320962440,2026-03-02 14:59:08.177,Кранове,"3PCS full bore B.V., 1“",2026 06,00000261,M,L,L,бр.,,,15.783580372527265,0.0,0.0,0.0,,,P,0.0,0.0,,GENEBRE,,,,1.5,,,,,,,,Y,0,,0.0,,,0.0,0.0,Y,Y,Y,N,1384,,0.0,,,,,,,,,,,,0,0.0,0.0,0.0,,N
5455,46,1,2025-09-05 09:18:34.187,1320962440,2026-06-23 13:26:16.536,2.5.1. Кранове на фланци,Кран сфер. на фл. 2-части 316L PN40 (Акт) 1 1/2“,5628 08 47,00000384,M,L,L,бр.,,,379.755535,0.0,0.0,0.0,,,P,0.0,0.0,,GENEBRE,,,,1.5,,,,,,,,Y,0,,0.0,,,0.0,0.0,Y,Y,Y,N,1385,,0.0,,,,,,,,,,,,0,0.0,0.0,0.0,,N
5455,48,1,2025-09-09 08:24:27.239,1320962440,2026-06-17 08:41:55.909,Фитинги - Щуцер на резба,Щуцер за маркуч 304 1/4“,1000121,00001227,M,L,L,бр.,,,0.0,0.0,0.0,0.0,,,N,0.0,0.0,,стругарно,,,,1.5,,,,,,,,Y,0,,0.0,,,0.0,0.0,Y,Y,Y,N,1386,,0.0,,,,,,,,,,,,0,0.0,0.0,0.0,,N
5637,2,1,2025-09-12 16:46:49.209,1318956546,2026-06-23 13:27:42.191,2.5.4. Вентили,Вентил предпазен 1216 НРЖ PN40 2“x2“,442809,00000893,M,L,L,бр.,,,487.77245466119246,0.0,0.0,0.0,,,P,1.0,2.0,,КРИСМЕТАЛ,,,,1.5,,,,,,,,Y,0,,0.0,,,0.0,0.0,Y,Y,Y,N,1391,,0.0,,,,,,,,,,,,0,0.0,0.0,0.0,,N
5637,4,1,2025-09-25 09:54:54.478,1333255772,2026-07-03 13:23:29.673,2.1. Тръби,"Тръба шевна 304L (33,7x2.6) 1“",071326,00001099,M,L,L,м.,,,10.89,0.0,0.0,0.0,,За бутилки към Металхидрид,N,0.0,0.0,,КРИСМЕТАЛ,,,,1.5,,,,,,,,Y,0,,0.0,,,0.0,0.0,Y,Y,Y,N,1392,,0.0,,,,,,,,,,,,0,0.0,0.0,0.0,,N
5637,6,1,2025-09-25 13:24:47.873,1321340212,2026-06-16 13:30:08.978,Платки - Green Innovation,Цокли М8,,00001176,M,L,L,бр.,,,0.19429091485456304,0.0,0.0,0.0,,500kW,N,1.0,2.0,,КОМЕТ ЕЛЕКТРОНИКС ООД,,,,1.5,,,,,,,,Y,0,,0.0,,,0.0,0.0,Y,Y,Y,N,1393,,0.0,,,,,,,,,,,,0,0.0,0.0,0.0,,N
5637,7,1,2025-09-25 13:35:39.209,1320962440,2026-06-16 13:30:08.978,Платки - Green Innovation,Платки 1,HT45183,00000866,M,L,L,бр.,,,8.661284467463942,0.0,0.0,0.0,,,P,1.0,2.0,,ХАРД ТЕХ ООД,,,,1.5,,,,,,,,Y,0,,0.0,,,0.0,0.0,Y,Y,Y,N,1394,,0.0,,,,,,,,,,,,0,0.0,0.0,0.0,,N
5637,9,1,2025-09-25 13:47:28.061,1320962440,2026-06-16 13:30:08.978,Платки - Green Innovation,Платки 2,HT 45283,00000867,M,L,L,бр.,,,5.455484372363651,0.0,0.0,0.0,,,P,1.0,2.0,,ХАРД ТЕХ ООД,,,,1.5,,,,,,,,Y,0,,0.0,,,0.0,0.0,Y,Y,Y,N,1395,,0.0,,,,,,,,,,,,0,0.0,0.0,0.0,,N
5637,11,1,2025-09-25 13:48:28.969,1320962440,2026-06-16 13:30:08.978,Платки - Green Innovation,Платки 3,HT 45180,00000868,M,L,L,бр.,,,6.73882699416616,0.0,0.0,0.0,,,P,1.0,2.0,,ХАРД ТЕХ ООД,,,,1.5,,,,,,,,Y,0,,0.0,,,0.0,0.0,Y,Y,Y,N,1396,,0.0,,,,,,,,,,,,0,0.0,0.0,0.0,,N
5637,13,1,2025-09-25 13:49:55.704,1320962440,2026-06-16 13:30:08.978,Платки - Green Innovation,Кондензатори,C35ZLH,00000673,M,L,L,бр.,,,0.05112918811962185,0.0,0.0,0.0,,,N,1.0,2.0,,ХАРД ТЕХ ООД,,,,1.5,,,,,,,,Y,0,,0.0,,,0.0,0.0,Y,Y,Y,N,1397,,0.0,,,,,,,,,,,,0,0.0,0.0,0.0,,N
5637,16,1,2025-09-25 14:54:31.346,1316463688,2026-06-16 13:37:14.711,Други (Електроника),Трансмитер с галванично разделяне,PISO-U,00001076,M,L,L,бр.,,,113.50638,0.0,0.0,0.0,,"вх. 0-5 VDC, изход 4-20 mADC, активен, захранване 230 VAC, Ачо ги ползва за управленията.",P,1.0,2.0,,ДЕЛТА ИНСТРУМЕНТ ООД,,,,1.5,,,,,,,,Y,0,,0.0,,,0.0,0.0,Y,Y,Y,N,1398,,0.0,,,,,,,,,,,,0,0.0,0.0,0.0,,N
5637,18,1,2025-09-26 08:16:43.164,1320962440,2026-07-07 09:07:57.413,Ташев Галвинг,Нипел вътрешно-редуктивен 1`х1/2` полипропилен,124 HSB 122,00000780,M,L,L,бр.,,,0.3527913980253907,0.0,0.0,0.0,,за 10 kW,P,0.0,0.0,,ТАШЕВ ГАЛВИНГ ООД,,,,1.5,,,,,,,,Y,0,,0.0,,,0.0,0.0,Y,Y,Y,N,1399,,0.0,,,,,,,,,,,,0,0.0,0.0,0.0,,N
5637,19,1,2025-09-26 08:39:31.407,1320962440,2026-06-23 10:47:02.224,1.1.1. Части (Електролизьор),"Перфорирана ламарина 316L LB 1000x2000x0,5мм",00721431,00000839,M,L,L,бр.,,,60.122591,0.0,0.0,0.0,,,N,1.0,2.0,,ДФ БЪЛГАРИЯ ЕООД,,,,1.5,,,,,,,,Y,0,,0.0,,,0.0,0.0,Y,Y,Y,N,1400,,0.0,,,,,,,,,,,,0,0.0,0.0,0.0,,N
5637,21,1,2025-09-26 09:17:07.986,1317555065,2026-07-07 09:04:46.501,АНГЕЛ СТОИЛОВ,"Прът неръжд.304, ф35",041100-035,00000929,M,L,L,м.,,,25.64,0.0,0.0,0.0,,,P,0.0,0.0,,АНГЕЛ СТОИЛОВ-96 АД,,,,1.5,,,,,,,,Y,0,,0.0,,,0.0,0.0,Y,Y,Y,N,1402,,0.0,,,,,,,,,,,,0,0.0,0.0,0.0,,N
5637,23,1,2025-09-26 10:11:43.576,1322555329,2026-07-03 15:27:03.515,2. Консумативи,Етилов алкохол 96%,MTH 2207 10 00,00000526,M,L,L,литър.,,,8.2,0.0,0.0,0.0,,1 туба = 5 литра,N,0.0,0.0,,ВАЛЕРУС - ВАЛЕРИ РУСИНОВ ЕТ,,,,1.5,,,,,,,,Y,0,,0.0,,,0.0,0.0,Y,Y,Y,N,1403,,0.0,,,,,,,,,,,,0,0.0,0.0,0.0,,N
5637,25,1,2025-09-30 08:37:39.110,1334342973,2026-07-14 10:18:49.504,Други (Електроника),"Авариен стоп бутон, въртящ",MM263467--,00000415,M,L,L,бр.,,,11.68,0.0,0.0,0.0,,,N,0.0,0.0,,ШРАК ТЕХНИК ЕООД,,,,1.5,,,,,,,,Y,0,,0.0,,,0.0,0.0,Y,Y,Y,N,1405,,0.0,,,,,,,,,,,,0,0.0,0.0,0.0,,N
5678,0,1,2025-09-30 08:39:18.232,1334342521,2026-07-14 10:15:50.118,Други (Електроника),Кутия за бутони с 1 отвор/Жълта,MM216536--,00000696,M,L,L,бр.,,,6.79,0.0,0.0,0.0,,,P,0.0,0.0,,ШРАК ТЕХНИК ЕООД,,,,1.5,,,,,,,,Y,0,,0.0,,,0.0,0.0,Y,Y,Y,N,1406,,0.0,,,,,,,,,,,,0,0.0,0.0,0.0,,N
5678,2,1,2025-09-30 08:46:14.271,1334342973,2026-07-14 10:18:49.040,Други (Електроника),Контакт доп. NC заден м-ж (ав. стоп),MM216382--,00000514,M,L,L,бр.,,,1.86,0.0,0.0,0.0,,,N,0.0,0.0,,ШРАК ТЕХНИК ЕООД,,,,1.5,,,,,,,,Y,0,,0.0,,,0.0,0.0,Y,Y,Y,N,1407,,0.0,,,,,,,,,,,,0,0.0,0.0,0.0,,N
5678,4,1,2025-09-30 08:49:06.228,1319636261,2026-06-24 10:45:53.353,"Прекъсвачи, Предпазители",Прекъсвач мин. AMPARO 6kA C 25А 3P,AM617325,00000714,M,L,L,бр.,,,7.490398,0.0,0.0,0.0,,,N,0.0,0.0,,ШРАК ТЕХНИК ЕООД,,,,1.5,,,,,,,,Y,0,,0.0,,,0.0,0.0,Y,Y,Y,N,1408,,0.0,,,,,,,,,,,,0,0.0,0.0,0.0,,N
5678,6,1,2025-09-30 08:51:57.977,1319658324,2026-07-27 13:41:20.617,Шини (Електроника),DIN-релса за модулна апаратура перфорирана 1m,BGCT1000,00000278,M,L,L,бр.,,,1.252661,0.0,0.0,0.0,,,N,0.0,0.0,,ШРАК ТЕХНИК ЕООД,,,,1.5,,,,,,,,Y,0,,0.0,,,0.0,0.0,Y,Y,Y,N,1409,,0.0,,,,,,,,,,,,0,0.0,0.0,0.0,,N
5678,8,1,2025-09-30 10:30:25.041,1317561641,2026-06-24 15:38:03.961,1. Пречистване на вода,"Предфилтърен корпус, Викинг ПРО за студена вода",411015,00000894,M,L,L,бр.,,,93.05478,0.0,0.0,0.0,,,P,1.0,2.0,,АКВАФОР БЪЛГАРИЯ ООД,,,,1.5,,,,,,,,Y,0,,0.0,,,0.0,0.0,Y,Y,Y,N,1410,,0.0,,,,,,,,,,,,0,0.0,0.0,0.0,,N
5678,10,1,2025-09-30 10:32:52.434,1317561619,2026-06-24 15:38:03.961,1. Пречистване на вода,B520 PRO,422020,00000265,M,L,L,бр.,,,51.129,0.0,0.0,0.0,,,P,1.0,2.0,,АКВАФОР БЪЛГАРИЯ ООД,,,,1.5,,,,,,,,Y,0,,0.0,,,0.0,0.0,Y,Y,Y,N,1411,,0.0,,,,,,,,,,,,0,0.0,0.0,0.0,,N
5678,14,1,2025-09-30 10:36:14.810,1317561630,2026-06-24 15:38:03.961,1. Пречистване на вода,"Горен дистрибутор D5120-1, 1`",511013,00000495,M,L,L,бр.,,,10.000831999999999,0.0,0.0,0.0,,,P,1.0,2.0,,АКВАФОР БЪЛГАРИЯ ООД,,,,1.5,,,,,,,,Y,0,,0.0,,,0.0,0.0,Y,Y,Y,N,1413,,0.0,,,,,,,,,,,,0,0.0,0.0,0.0,,N
5678,16,1,2025-09-30 10:37:44.770,1317561650,2026-06-24 15:38:03.961,1. Пречистване на вода,"Управляваща глава/клапан Runxin, H9901",511109,00001130,M,L,L,бр.,,,13.436701,0.0,0.0,0.0,,,P,1.0,2.0,,АКВАФОР БЪЛГАРИЯ ООД,,,,1.5,,,,,,,,Y,0,,0.0,,,0.0,0.0,Y,Y,Y,N,1414,,0.0,,,,,,,,,,,,0,0.0,0.0,0.0,,N
5678,18,1,2025-09-30 13:11:56.080,1309163070,2026-06-23 10:45:32.010,5. Устройства,Помпа (Pump MOD. HTM 10 SS316),6274.02.008,00000343,M,L,L,бр.,,,1347.5,0.0,0.0,0.0,,,P,1.0,2.0,,GEMMECOTTI SRL,,,,1.5,,,,,,,,Y,0,,0.0,,,0.0,0.0,Y,Y,Y,N,1415,,0.0,,,,,,,,,,,,0,0.0,0.0,0.0,,N
5678,21,1,2025-09-30 13:14:29.929,1309163070,2026-06-23 10:45:32.010,5. Устройства,"Помпа-мотор (Motor IE3 size 80,1,1kW)",0017.01.000,00000328,M,L,L,бр.,,,196.0,0.0,0.0,0.0,,Монтира се на: Pump MOD. HTM 10 SS316,P,1.0,2.0,,GEMMECOTTI SRL,,,,1.5,,,,,,,,Y,0,,0.0,,,0.0,0.0,Y,Y,Y,N,1416,,0.0,,,,,,,,,,,,0,0.0,0.0,0.0,,N
5678,22,1,2025-10-06 09:26:51.911,1309163070,2026-02-04 09:58:05.246,RS COMPONENTS,PCB Female Connector 14-pole,352076,00000335,M,L,L,бр.,,,9.28,0.0,0.0,0.0,,,P,1.0,2.0,,RS COMPONENTS LTD,,,,1.5,,,,,,,,Y,0,,0.0,,,0.0,0.0,Y,Y,Y,N,1440,,0.0,,,,,,,,,,,,0,0.0,0.0,0.0,,N
5678,24,1,2025-10-06 15:27:51.999,1319035291,2026-06-23 10:47:02.224,1.1.1. Части (Електролизьор),Ламарина кръг 1060мм 316L 2мм,193311,00000702,M,L,L,бр.,,,230.27479,0.0,0.0,0.0,,,N,1.0,2.0,,ФИЛИПЕКС - ИЛИЯ ФИЛИПОВ ЕТ,,,,1.5,,,,,,,,Y,0,,0.0,,,0.0,0.0,Y,Y,Y,N,1441,,0.0,,,,,,,,,,,,0,0.0,0.0,0.0,,N
5492,0,1,2025-10-08 12:39:53.076,1318833603,2026-07-28 08:31:48.790,М16,Болт с шест.гл. 8.8 vZn M16x55,00933 8801 16 55,00000429,M,L,L,бр.,,,0.301661,0.0,0.0,0.0,,,N,1.0,2.0,,ИТТ БЪЛГАРИЯ ЕООД,,,,1.5,,,,,,,,Y,0,,0.0,,,0.0,0.0,Y,Y,Y,N,1447,,0.0,,,,,,,,,,,,0,0.0,0.0,0.0,,N
5492,2,1,2025-10-09 10:01:57.293,1320962440,2026-03-27 13:58:29.861,М5,Щекер пружинен vZn ф5/20.1-26,11024 0001 5,00000928,M,L,L,бр.,,,0.37324307327323947,0.0,0.0,0.0,,,P,1.0,2.0,,ИТТ БЪЛГАРИЯ ЕООД,,,,1.5,,,,,,,,Y,0,,0.0,,,0.0,0.0,Y,Y,Y,N,1448,,0.0,,,,,,,,,,,,0,0.0,0.0,0.0,,N
5492,4,1,2025-10-14 09:02:03.644,1320962440,2026-03-02 14:59:28.458,Климатех,"Тръба оребрена, 25х2, 2м.",А110586,00001103,M,L,L,бр.,,,24.069065307311988,0.0,0.0,0.0,,,P,1.0,2.0,,КЛИМАТЕХ АД,,,,1.5,,,,,,,,Y,0,,0.0,,,0.0,0.0,Y,Y,Y,N,1450,,0.0,,,,,,,,,,,,0,0.0,0.0,0.0,0.0,N
5492,6,1,2025-10-14 12:11:25.383,1318956546,2026-06-23 13:27:53.691,2.5.5. Клапани,Иглен клапан (0-6bar G 1/4“ EPDM),00276107,00000544,M,L,L,бр.,,,640.7765501091608,0.0,0.0,0.0,,Заедно с BU 00918991,P,0.0,0.0,,ADEV S.R.L.,,,,1.5,,,,,,,,Y,0,,0.0,,,0.0,0.0,Y,Y,Y,N,1451,,0.0,,,,,,,,,,,,0,0.0,0.0,0.0,,N
5492,7,1,2025-10-14 12:27:25.475,1318956546,2026-06-16 13:30:08.978,"Кабелни накрайници, обувки","Куплунг M12, 8-пина, кабел 2m.",BU 00918991,00000695,M,L,L,бр.,,,73.02781939125589,0.0,0.0,0.0,,Заедно с иглени клапани 00276107 и 00347154,P,1.0,2.0,,ЛД ООД,,,,1.5,,,,,,,,Y,0,,0.0,,,0.0,0.0,Y,Y,Y,N,1453,,0.0,,,,,,,,,,,,0,0.0,0.0,0.0,,N
5492,8,1,2025-10-14 12:16:04.247,1318956546,2026-06-23 13:27:53.691,2.5.5. Клапани,Иглен клапан (0-6bar G 1/4“ FKM),00347154,00000545,M,L,L,бр.,,,640.7765501091608,0.0,0.0,0.0,,Заедно с BU 00918991,P,1.0,2.0,,ЛД ООД,,,,1.5,,,,,,,,Y,0,,0.0,,,0.0,0.0,Y,Y,Y,N,1452,,0.0,,,,,,,,,,,,0,0.0,0.0,0.0,,N
5492,10,1,2025-08-13 14:32:43.000,1320962440,2026-03-02 14:59:08.521,Тръби,Тръба шевна 304L (33.7x2.6) 1``,071326,00001111,M,L,L,м.,,0.0,11.544970677410612,0.0,0.0,0.0,,Тръба шевна 304L (33.7x2.6) 1``,N,1.0,2.0,,Крисметал,29.9976,,0.0,1.5,,,,,,,0,Y,0,,0.0,,0,0.0,0.0,Y,Y,Y,N,1095,,0.0,,,,,,,AEM10KW,0.0,0.0,0.0,0.0,0,0.0,0.0,0.0,0.0,N
5492,12,1,2025-08-13 14:32:43.000,1320962440,2026-03-02 14:59:08.537,Тръби,Тръба оребрена (25х2 - 50) 2м,А110586,00001102,M,L,L,бр.,,0.0,48.138130614623975,0.0,0.0,0.0,,Тръба оребрена (25х2 - 50) 2м,N,1.0,2.0,,Климатех,60,,0.0,1.5,,,,,,,0,Y,0,,0.0,,0,0.0,0.0,Y,Y,Y,N,1102,,0.0,,,,,,,AEM10KW,0.0,0.0,0.0,0.0,0,0.0,0.0,0.0,0.0,N
5492,14,1,2025-08-13 14:32:43.000,1320962440,2026-03-02 14:59:08.568,Фитинги на резба,Safety valve DE seguridad 2````G x 2````G,2252 09 09 03,00000352,M,L,L,бр.,,0.0,205.95808429157955,0.0,0.0,0.0,,Safety valve DE seguridad 2````G x 2````G,N,1.0,2.0,,Genebre,2,,0.0,1.5,,,,,,,0,Y,0,,0.0,,0,0.0,0.0,Y,Y,Y,N,1136,,0.0,,,,,,,AEM10KW,0.0,0.0,0.0,0.0,0,0.0,0.0,0.0,0.0,N
5492,16,1,2025-08-13 14:32:43.000,1320962440,2026-06-23 12:29:23.425,Холендри на резба,Холендър 316L резба М/Ж PTFE 150LBS 1“,9594941,00001155,M,L,L,бр.,,,14.980852119049201,0.0,0.0,0.0,,Холендър 316 PTFE М/Ж BSP 1``,P,1.0,2.0,,Крисметал,8,,0.0,1.5,,,,,,,0,Y,0,,0.0,,0,0.0,0.0,Y,Y,Y,N,1137,,0.0,,,,,,,AEM10KW,0.0,0.0,0.0,0.0,0,0.0,0.0,0.0,0.0,N
5492,18,1,2025-08-13 14:32:43.000,1320962440,2026-03-02 14:59:08.615,Фитинги на резба,Холендър 316 PTFE М/Ж BSP 2``,959495,00001157,M,L,L,бр.,,0.0,46.527561188855884,0.0,0.0,0.0,,Холендър 316 PTFE М/Ж BSP 2``,N,1.0,2.0,,Крисметал,2,,0.0,1.5,,,,,,,0,Y,0,,0.0,,0,0.0,0.0,Y,Y,Y,N,1138,,0.0,,,,,,,AEM10KW,0.0,0.0,0.0,0.0,0,0.0,0.0,0.0,0.0,N
5492,20,1,2025-08-13 14:32:43.000,1318845113,2026-06-23 12:30:49.754,Холендри на резба,Холендър 316L резба М/Ж 150LBS 1/2“,100304,00001163,M,L,L,бр.,,,3.5483659999999997,0.0,0.0,0.0,,Холендър 316L вътрешнa резбa 150LBS 1/2``,N,1.0,2.0,,Крисметал,4,,0.0,1.5,,,,,,,0,Y,0,,0.0,,0,0.0,0.0,Y,Y,Y,N,1139,,0.0,,,,,,,AEM10KW,0.0,0.0,0.0,0.0,0,0.0,0.0,0.0,0.0,N
5582,1,1,2025-10-01 11:52:08.002,1317636691,2026-06-16 13:30:08.978,Сензори,Дебитомер Н2,SLAENH-225227,00000504,M,L,L,бр.,,,1735.0,0.0,0.0,0.0,,Заедно с управление и захр. кабел 3м.,P,1.0,2.0,,BROOKS INSTRUMENT GmbH,,,,1.5,,,,,,,,Y,0,,0.0,,,0.0,0.0,Y,Y,Y,N,1417,,0.0,,,,,,,,,,,,0,0.0,0.0,0.0,,N
5582,3,1,2025-10-01 11:53:21.690,1317636697,2026-06-16 13:30:08.978,Сензори,Дебитомер О2,SLAENH-225227,00000505,M,L,L,бр.,,,2506.0,0.0,0.0,0.0,,Заедно с управление и захр. кабел 3м.,P,1.0,2.0,,BROOKS INSTRUMENT GmbH,,,,1.5,,,,,,,,Y,0,,0.0,,,0.0,0.0,Y,Y,Y,N,1418,,0.0,,,,,,,,,,,,0,0.0,0.0,0.0,,N
5582,5,1,2025-10-01 11:57:09.021,1318956546,2026-06-16 13:30:08.978,Други (Електроника),Управление за дебитомери,0254A-200002,00001128,M,L,L,бр.,,,2254.0,0.0,0.0,0.0,,За дебитомери SLAENH-225227,P,1.0,2.0,,BROOKS INSTRUMENT GmbH,,,,1.5,,,,,,,,Y,0,,0.0,,,0.0,0.0,Y,Y,Y,N,1419,,0.0,,,,,,,,,,,,0,0.0,0.0,0.0,,N
5582,7,1,2025-10-01 11:58:41.851,1318956546,2026-06-24 14:06:53.421,Кабели - Захранващи,Кабел захранващ 3м,124Y058AAA,00000532,M,L,L,бр.,,,180.91,0.0,0.0,0.0,,За дебитомери SLAENH-225227,P,1.0,2.0,,BROOKS INSTRUMENT GmbH,,,,1.5,,,,,,,,Y,0,,0.0,,,0.0,0.0,Y,Y,Y,N,1420,,0.0,,,,,,,,,,,,0,0.0,0.0,0.0,,N
5582,10,1,2025-10-02 07:55:23.070,1320962440,2026-06-24 15:19:33.303,Газ анализ - Крепежи,Cable gland 1/2` NPT PG 13.5 with OR modular,A37522,00000274,M,L,L,бр.,,,8.74,0.0,0.0,0.0,,,P,1.0,2.0,,ADEV S.R.L.,,,,1.5,,,,,,,,Y,0,,0.0,,,0.0,0.0,Y,Y,Y,N,1422,,0.0,,,,,,,,,,,,0,0.0,0.0,0.0,,N
5582,12,1,2025-10-02 08:04:44.223,1317439042,2026-06-24 15:05:32.172,Газ анализ - Арматури,Flowmeter and needle valve bracket - крепеж,A26040,00000299,M,L,L,бр.,,,25.765,0.0,0.0,0.0,,,P,1.0,2.0,,ADEV S.R.L.,,,,1.5,,,,,,,,Y,0,,0.0,,,0.0,0.0,Y,Y,Y,N,1423,,0.0,,,,,,,,,,,,0,0.0,0.0,0.0,,N
5582,14,1,2025-10-02 08:05:59.685,1320962441,2026-06-24 15:04:53.126,Газ анализ - Сензори,Electrochemical sensor,A59021,00000289,M,L,L,бр.,,,269.5,0.0,0.0,0.0,,,P,1.0,2.0,,ADEV S.R.L.,,,,1.5,,,,,,,,Y,0,,0.0,,,0.0,0.0,Y,Y,Y,N,1424,,0.0,,,,,,,,,,,,0,0.0,0.0,0.0,,N
5582,16,1,2025-10-02 08:07:54.795,1320962441,2026-06-24 15:19:06.817,Газ анализ - Сензори,Electronic assembly for OxyTrend - рез. платка,A42302,00000291,M,L,L,бр.,,,692.3,0.0,0.0,0.0,,,P,1.0,2.0,,ADEV S.R.L.,,,,1.5,,,,,,,,Y,0,,0.0,,,0.0,0.0,Y,Y,Y,N,1425,,0.0,,,,,,,,,,,,0,0.0,0.0,0.0,,N
5582,19,1,2025-10-02 08:12:15.912,1309163070,2026-06-24 15:16:25.050,Газ анализ - Сензори,Universal control unit,Sirius,00000383,M,L,L,бр.,,,1527.68,0.0,0.0,0.0,,,P,1.0,2.0,,ADEV S.R.L.,,,,1.5,,,,,,,,Y,0,,0.0,,,0.0,0.0,Y,Y,Y,N,1426,,0.0,,,,,,,,,,,,0,0.0,0.0,0.0,,N
5582,22,1,2025-10-02 12:58:54.372,1309163070,2026-06-24 15:16:50.036,Газ анализ - Фитинги,"Stainless steel tube fitting, union 6mm",SS-6M0-6,00000368,M,L,L,бр.,,,20.21,0.0,0.0,0.0,,,P,1.0,2.0,,CENTRAL FLUIDSYSTEMS S.R.O. / SWAGELOK,,,,1.5,,,,,,,,Y,0,,0.0,,,0.0,0.0,Y,Y,Y,N,1428,,0.0,,,,,,,,,,,,0,0.0,0.0,0.0,,N
5582,24,1,2025-10-02 13:17:42.362,1325466374,2026-06-24 15:02:52.124,Газ анализ - Фитинги,316 SS Ferrule set - комплект ферули,SS-6M0-SET,00000260,M,L,L,бр.,,,3.49,0.0,0.0,0.0,,,P,1.0,2.0,,CENTRAL FLUIDSYSTEMS S.R.O. / SWAGELOK,,,,1.5,,,,,,,,Y,0,,0.0,,,0.0,0.0,Y,Y,Y,N,1429,,0.0,,,,,,,,,,,,0,0.0,0.0,0.0,,N
5582,26,1,2025-10-02 13:19:46.771,1309163070,2026-06-24 15:06:06.829,Газ анализ - Фитинги,Instrumentation quick connect - бърза връзка,SS-QC4-B-2PMIS-KZ,00000366,M,L,L,бр.,,,382.29,0.0,0.0,0.0,,,P,1.0,2.0,,CENTRAL FLUIDSYSTEMS S.R.O. / SWAGELOK,,,,1.5,,,,,,,,Y,0,,0.0,,,0.0,0.0,Y,Y,Y,N,1430,,0.0,,,,,,,,,,,,0,0.0,0.0,0.0,,N
5796,1,1,2025-08-13 14:32:34.000,1320962441,2026-03-02 14:59:08.677,Фитинги на резба,Муфа 316L резбa 150LBS L25 1/4``,101802,00000760,M,L,L,бр.,,0.0,0.9203253861531933,0.0,0.0,0.0,,Муфа 316L резбa 150LBS L25 1/4``,N,1.0,2.0,,Крисметал,3,,0.0,1.5,,,,,,,0,Y,0,,0.0,,0,0.0,0.0,Y,Y,Y,N,928,,0.0,,,,,,,AEM10KW,0.0,0.0,0.0,0.0,0,0.0,0.0,0.0,0.0,N
5796,3,1,2025-08-13 14:32:43.000,1320962441,2026-03-02 14:59:08.693,Фитинги на резба,Муфа 316L резбa 150LBS L10 1/2``,,00000758,M,L,L,бр.,,0.0,0.0,0.0,0.0,0.0,,Муфа 316L резбa 150LBS L10 1/2``,N,1.0,2.0,,КРИСМЕТАЛ,19,,0.0,1.5,,,,,,,0,Y,0,,0.0,,0,0.0,0.0,Y,Y,Y,N,1140,,0.0,,,,,,,AEM10KW,0.0,0.0,0.0,0.0,0,0.0,0.0,0.0,0.0,N
5796,5,1,2025-08-13 14:32:34.000,1320962441,2026-03-02 14:59:08.724,Фитинги на резба,Муфа 316L резбa 150LBS L33 1/2``,101804,00000762,M,L,L,бр.,,0.0,1.799747421810689,0.0,0.0,0.0,,Муфа 316L резбa 150LBS L33 1/2``,N,1.0,2.0,,Крисметал,2,,0.0,1.5,,,,,,,0,Y,0,,0.0,,0,0.0,0.0,Y,Y,Y,N,930,,0.0,,,,,,,AEM10KW,0.0,0.0,0.0,0.0,0,0.0,0.0,0.0,0.0,N
5796,7,1,2025-08-13 14:32:43.000,1320962441,2026-03-26 10:21:59.212,Фитинги на резба,Муфа 304L резбa 150LBS L42 - 1``,101806,00000752,M,L,L,бр.,,0.0,2.970605829750029,0.0,0.0,0.0,,Муфа 304L резбa 150LBS L42 1``,N,1.0,2.0,,Крисметал,2,,0.0,1.5,,,,,,,0,Y,0,,0.0,,0,0.0,0.0,Y,Y,Y,N,1141,,0.0,,,,,,,AEM10KW,0.0,0.0,0.0,0.0,0,0.0,0.0,0.0,0.0,N
5796,9,1,2025-08-13 14:32:34.000,1320962441,2026-06-23 10:41:29.741,Фитинги на резба,"Муфа 304L резбa 150LBS L45,, 1 1/2``",101738,00000754,M,L,L,бр.,,0.0,2.7814278337074287,0.0,0.0,0.0,,Муфа 304L резбa 150LBS L45 1 1/2``,N,1.0,2.0,,Крисметал,2,,0.0,1.5,,,,,,,0,Y,0,,0.0,,0,0.0,0.0,Y,Y,Y,N,931,,0.0,,,,,,,AEM10KW,0.0,0.0,0.0,0.0,0,0.0,0.0,0.0,0.0,N
5796,11,1,2025-08-13 14:32:43.000,1320962441,2026-03-26 10:22:57.446,Фитинги на резба,Муфа 304L резбa 150LBS L54 - 2``,101739,00000756,M,L,L,бр.,,0.0,4.172141750561143,0.0,0.0,0.0,,Муфа 304L резбa 150LBS L54 2``,N,1.0,2.0,,Крисметал,2,,0.0,1.5,,,,,,,0,Y,0,,0.0,,0,0.0,0.0,Y,Y,Y,N,1142,,0.0,,,,,,,AEM10KW,0.0,0.0,0.0,0.0,0,0.0,0.0,0.0,0.0,N
5796,14,1,2025-08-13 14:32:34.000,1320962441,2026-03-02 14:59:08.802,Фитинги на резба,Нипел 316L шестостен 1/4``,100802,00000775,M,L,L,бр.,,0.0,0.7822765782302143,0.0,0.0,0.0,,Нипел 316L шестостен 1/4``,N,1.0,2.0,,Крисметал,2,,0.0,1.5,,,,,,,0,Y,0,,0.0,,0,0.0,0.0,Y,Y,Y,N,933,,0.0,,,,,,,AEM10KW,0.0,0.0,0.0,0.0,0,0.0,0.0,0.0,0.0,N
5796,16,1,2025-08-13 14:32:43.000,1320962441,2026-03-02 14:59:08.834,Фитинги на резба,Нипел 316L шестостен 150LBS EU 1``,100826,00000779,M,L,L,бр.,,0.0,3.262042202031874,0.0,0.0,0.0,,Нипел 316L шестостен 150LBS EU 1``,N,1.0,2.0,,Крисметал,2,,0.0,1.5,,,,,,,0,Y,0,,0.0,,0,0.0,0.0,Y,Y,Y,N,1143,,0.0,,,,,,,AEM10KW,0.0,0.0,0.0,0.0,0,0.0,0.0,0.0,0.0,N
5796,18,1,2025-08-13 14:32:43.000,1320962441,2026-03-02 14:59:08.849,Фитинги на резба,Вътрешно редуциращ нипел 3/4-1/4,,00000472,M,L,L,бр.,,0.0,0.0,0.0,0.0,0.0,,Вътрешно редуциращ нипел 3/4-1/4,N,1.0,2.0,,КРИСМЕТАЛ,2,,0.0,1.5,,,,,,,0,Y,0,,0.0,,0,0.0,0.0,Y,Y,Y,N,1144,,0.0,,,,,,,AEM10KW,0.0,0.0,0.0,0.0,0,0.0,0.0,0.0,0.0,N
5796,20,1,2025-08-13 14:32:43.000,1320962441,2026-03-02 14:59:08.881,Фитинги на резба,Права връзка неръждаема X1510 8/6-1/4,X1510 8/6-1/4,00000890,M,L,L,бр.,,0.0,9.116334241728575,0.0,0.0,0.0,,Права връзка неръждаема X1510 8/6-1/4,N,1.0,2.0,,LD GmbH,2,,0.0,1.5,,,,,,,0,Y,0,,0.0,,0,0.0,0.0,Y,Y,Y,N,1145,,0.0,,,,,,,AEM10KW,0.0,0.0,0.0,0.0,0,0.0,0.0,0.0,0.0,N
5796,22,1,2025-08-13 14:32:34.000,1320962441,2026-03-02 14:59:08.896,Фитинги на резба,"Права връзка 1510 15/12,5-1/2","1510 15/12,5-1/2",00000888,M,L,L,бр.,,0.0,2.6331531881605255,0.0,0.0,0.0,,"Права връзка 1510 15/12,5-1/2",N,1.0,2.0,,LD GmbH,12,,0.0,1.5,,,,,,,0,Y,0,,0.0,,0,0.0,0.0,Y,Y,Y,N,921,,0.0,,,,,,,AEM10KW,0.0,0.0,0.0,0.0,0,0.0,0.0,0.0,0.0,N
5604,2,1,2025-10-02 13:22:38.521,1333934050,2026-07-10 08:10:20.073,Газ анализ - Фитинги,"Instr., low profile sleeve -",SS-QC4-B-2PMIS,00000365,M,L,L,бр.,,,68.04,0.0,0.0,0.0,,,P,1.0,2.0,,CENTRAL FLUIDSYSTEMS S.R.O. / SWAGELOK,,,,1.5,,,,,,,,Y,0,,0.0,,,0.0,0.0,Y,Y,Y,N,1431,,0.0,,,,,,,,,,,,0,0.0,0.0,0.0,,N
5604,4,1,2025-10-03 07:57:00.767,1319536555,2026-06-23 10:48:40.048,2.2. Фитинги за заваряване,"Капа 316L (323.0х3,0) 12“",959479,00000613,M,L,L,бр.,,,78.534144,0.0,0.0,0.0,,,N,0.0,0.0,,КРИСМЕТАЛ,,,,1.5,,,,,,,,Y,0,,0.0,,,0.0,0.0,Y,Y,Y,N,1432,,0.0,,,,,,,,,,,,0,0.0,0.0,0.0,,N
5604,7,1,2025-10-03 08:21:19.808,1316459162,2026-03-29 11:58:21.561,М10,Тампон MGP 50х50мм М10х28,68531750,00001041,M,L,L,бр.,,,7.521076,0.0,0.0,0.0,,,P,1.0,2.0,,БАКТРЕЙД ООД,,,,1.5,,,,,,,,Y,0,,0.0,,,0.0,0.0,Y,Y,Y,N,1433,,0.0,,,,,,,,,,,,0,0.0,0.0,0.0,,N
5604,9,1,2025-10-03 10:45:55.857,1330732598,2026-06-23 10:47:02.224,1.1.1. Части (Електролизьор),Тефлонов лист 1200х1200х1мм,SKU0000000439,00001064,M,L,L,бр.,,,91.18,0.0,0.0,0.0,,,N,1.0,2.0,,ДЕАТРЕЙД БГ ЕООД,,,,1.5,,,,,,,,Y,0,,0.0,,,0.0,0.0,Y,Y,Y,N,1434,,0.0,,,,,,,,,,,,0,0.0,0.0,0.0,,N
5604,11,1,2025-10-03 14:35:24.929,1316163882,2026-06-16 13:37:14.711,АНГЕЛ СТОИЛОВ,Газово рязане (Ангел Стоилов) за 70мм.,GC,00000476,M,L,L,бр.,,,30.6774,0.0,0.0,0.0,,Цената е за рязане на една плоча 70мм.,N,0.0,0.0,,АНГЕЛ СТОИЛОВ-96 АД,,,,1.5,,,,,,,,Y,0,,0.0,,,0.0,0.0,Y,Y,Y,N,1435,,0.0,,,,,,,,,,,,0,0.0,0.0,0.0,,N
5604,12,1,2025-10-03 14:46:00.133,1331633033,2026-07-03 16:16:50.638,1.1.1. Части (Електролизьор),Гумен лист EPDM 6/1200мм,,00000498,M,L,L,м.,,,67.2,0.0,0.0,0.0,,,N,1.0,2.0,,МИКРОМАКС ТРЕЙД ООД,,,,1.5,,,,,,,,Y,0,,0.0,,,0.0,0.0,Y,Y,Y,N,1437,,0.0,,,,,,,,,,,,0,0.0,0.0,0.0,,N
5604,13,1,2025-10-03 14:39:27.527,1319658487,2026-06-23 10:47:02.224,1.1.1. Части (Електролизьор),Плоча S355 J2+N HRP 2x6 70мм,S355J2+N,00000346,M,L,L,бр.,,,1819.8,0.0,0.0,0.0,,Плочи за Полша,N,1.0,2.0,,АНГЕЛ СТОИЛОВ-96 АД,,,,1.5,,,,,,,,Y,0,,0.0,,1282412746,0.0,0.0,Y,Y,Y,N,1436,,0.0,,,,,,,,,,,,0,0.0,0.0,0.0,,N
5604,16,1,2025-10-07 08:01:54.736,1319840210,2026-06-23 10:47:02.224,1.1.1. Части (Електролизьор),Ламарина кръг 1060мм 316L 5мм,193101,00000703,M,L,L,бр.,,,577.6145389999999,0.0,0.0,0.0,,,N,1.0,2.0,,ФИЛИПЕКС - ИЛИЯ ФИЛИПОВ ЕТ,,,,1.5,,,,,,,,Y,0,,0.0,,,0.0,0.0,Y,Y,Y,N,1442,,0.0,,,,,,,,,,,,0,0.0,0.0,0.0,,N
5604,18,1,2025-10-07 10:23:56.295,1320962441,2026-06-24 15:30:21.805,Други (Електроника),Кутия за бутони с 1 отв. (ав. стоп),MM216535,00000697,M,L,L,бр.,,,7.04560212288389,0.0,0.0,0.0,,,N,1.0,2.0,,ШРАК ТЕХНИК ЕООД,,,,1.5,,,,,,,,Y,0,,0.0,,,0.0,0.0,Y,Y,Y,N,1443,,0.0,,,,,,,,,,,,0,0.0,0.0,0.0,,N
5604,20,1,2025-10-07 10:52:46.133,1320962441,2026-06-16 13:37:14.711,"Кабелни накрайници, обувки","Конектор RJ45, cat.5, MP0011",Q7151792,00000675,M,L,L,бр.,оп.,100.0,0.24,0.0,0.0,0.0,,,N,1.0,2.0,,ШРАК ТЕХНИК ЕООД,,,,1.5,,,,,,,,Y,0,,0.0,,,0.0,0.0,Y,Y,Y,N,1444,,0.0,,,,,,,,,,,,0,0.0,0.0,0.0,,N
5604,22,1,2025-10-07 12:38:30.020,1320962441,2026-03-04 08:11:01.423,Крисметал,"Нерж. вентил 316, DN40",957208,00000769,M,L,L,бр.,,,490.84020594836977,0.0,0.0,0.0,,,P,1.0,2.0,,КРИСМЕТАЛ,,,,1.5,,,,,,,,Y,0,,0.0,,,0.0,0.0,Y,Y,Y,N,1445,,0.0,,,,,,,,,,,,0,0.0,0.0,0.0,,N
5604,24,1,2025-10-08 07:50:44.670,1320962441,2026-06-23 15:57:29.658,Винтове,"Винт самонарезен с шайба vZn ф4,2x13",00968 0001 42 13,00000453,M,L,L,бр.,,,0.04601626930765966,0.0,0.0,0.0,,,N,1.0,2.0,,ИТТ БЪЛГАРИЯ ЕООД,,,,1.5,,,,,,,,Y,0,,0.0,,,0.0,0.0,Y,Y,Y,N,1446,,0.0,,,,,,,,,,,,0,0.0,0.0,0.0,,N
5783,0,1,2025-08-13 14:32:44.000,1320962441,2026-06-23 11:10:41.477,Фитинги - Щуцер на резба,Връзка съединителна неръжаема 1/4“,,00001035,M,L,L,бр.,,0.0,0.0,0.0,0.0,0.0,,Съединителна връзка неръжаема 1/4``,N,1.0,2.0,,КРИСМЕТАЛ,2,,0.0,1.5,,,,,,,0,Y,0,,0.0,,0,0.0,0.0,Y,Y,Y,N,1146,,0.0,,,,,,,AEM10KW,0.0,0.0,0.0,0.0,0,0.0,0.0,0.0,0.0,N
5783,2,1,2025-08-13 14:32:34.000,1320962441,2026-03-02 14:59:09.037,Фитинги на резба,"Предпазен вентил 1216 TOSACA, 316L, М-Ж, PN40, 1",442806,00000892,M,L,L,бр.,,0.0,202.4470429434051,0.0,0.0,0.0,,"Предпазен вентил 1216 TOSACA, 316L, М-Ж, PN40, 1``x1``",N,1.0,2.0,,Крисметал,0,,0.0,1.5,,,,,,,0,Y,0,,0.0,,0,0.0,0.0,Y,Y,Y,N,916,,0.0,,,,,,,AEM10KW,0.0,0.0,0.0,0.0,0,0.0,0.0,0.0,0.0,N
5783,4,1,2025-08-13 14:32:34.000,1320962441,2026-03-02 14:59:09.052,Фитинги на резба,"Пружина за предпазен вентил M2170, 2.1-4.0 bar g",442892,00000927,M,L,L,бр.,,0.0,34.73205748965913,0.0,0.0,0.0,,"Пружина за предпазен вентил M2170, 2.1-4.0 bar g",N,1.0,2.0,,Крисметал,0,,0.0,1.5,,,,,,,0,Y,0,,0.0,,0,0.0,0.0,Y,Y,Y,N,917,,0.0,,,,,,,AEM10KW,0.0,0.0,0.0,0.0,0,0.0,0.0,0.0,0.0,N
5783,6,1,2025-08-13 14:32:34.000,1320962441,2026-03-02 14:59:09.084,Фитинги на резба,Регулиращ вентил модел 3280 G1/4`` 316,BU 00276107,00000935,M,L,L,бр.,,0.0,480.86490134623153,0.0,0.0,0.0,,Регулиращ вентил модел 3280 G1/4`` 316,N,1.0,2.0,,LD GmbH,2,,0.0,1.5,,,,,,,0,Y,0,,0.0,,0,0.0,0.0,Y,Y,Y,N,918,,0.0,,,,,,,AEM10KW,0.0,0.0,0.0,0.0,0,0.0,0.0,0.0,0.0,N
5783,8,1,2025-08-13 14:32:34.000,1320962441,2026-03-02 14:59:09.099,Фитинги на резба,Y-Филтър 1/2,TD 230004,00000396,M,L,L,бр.,,0.0,18.509533037124903,0.0,0.0,0.0,,Y-Филтър 1/2,N,1.0,2.0,,LD GmbH,1,,0.0,1.5,,,,,,,0,Y,0,,0.0,,0,0.0,0.0,Y,Y,Y,N,919,,0.0,,,,,,,AEM10KW,0.0,0.0,0.0,0.0,0,0.0,0.0,0.0,0.0,N
5783,10,1,2025-08-13 14:32:34.000,1320962441,2026-03-02 14:59:09.131,Фитинги на резба,Щуцер маркуч (AISI 304 шестостен S22),-,00001228,M,L,L,бр.,,0.0,4.090335049569748,0.0,0.0,0.0,,Щуцер маркуч (AISI 304 шестостен S22),N,1.0,2.0,,КС Метал,7,,0.0,1.5,,,,,,,0,Y,0,,0.0,,0,0.0,0.0,Y,Y,Y,N,920,,0.0,,,,,,,AEM10KW,0.0,0.0,0.0,0.0,0,0.0,0.0,0.0,0.0,N
5783,12,1,2025-08-13 14:32:34.000,1320962441,2026-03-02 14:59:09.146,Фитинги на резба,Права връзка  1511 8/6-1/4,1511 8/6-1/4,00000886,M,L,L,бр.,,0.0,1.1943778344743663,0.0,0.0,0.0,,Права връзка  1511 8/6-1/4,N,1.0,2.0,,LD GmbH,0,,0.0,1.5,,,,,,,0,Y,0,,0.0,,0,0.0,0.0,Y,Y,Y,N,922,,0.0,,,,,,,AEM10KW,0.0,0.0,0.0,0.0,0,0.0,0.0,0.0,0.0,N
5783,14,1,2025-08-13 14:32:34.000,1320962441,2026-03-02 14:59:09.177,Фитинги на резба,Ъглова връзка неръждаема 1/4,X1500 8/6-1/4,00001231,M,L,L,бр.,,,18.4422981547476,0.0,0.0,0.0,,Ъглова връзка неръждаема 1/4,P,1.0,2.0,,LD GmbH,2,,0.0,1.5,,,,,,,0,Y,0,,0.0,,0,0.0,0.0,Y,Y,Y,N,923,,0.0,,,,,,,AEM10KW,0.0,0.0,0.0,0.0,0,0.0,0.0,0.0,0.0,N
5783,16,1,2025-08-13 14:32:34.000,1320962441,2026-03-02 14:59:09.193,Фитинги на резба,Коляно 90o 316L М/Ж резба 150LBS 1/2``,101504,00000658,M,L,L,бр.,,0.0,1.6156823445800506,0.0,0.0,0.0,,Коляно 90o 316L М/Ж резба 150LBS 1/2``,N,1.0,2.0,,Крисметал,11,,0.0,1.5,,,,,,,0,Y,0,,0.0,,0,0.0,0.0,Y,Y,Y,N,924,,0.0,,,,,,,AEM10KW,0.0,0.0,0.0,0.0,0,0.0,0.0,0.0,0.0,N
5783,18,1,2025-08-13 14:32:34.000,1320962441,2026-03-02 14:59:31.239,Фитинги на резба,Тройник 316L вътрешна резба 150LBS 1/2``,102304,00001090,M,L,L,бр.,,0.0,2.392846003998302,0.0,0.0,0.0,,Тройник 316L вътрешна резба 150LBS 1/2``,N,1.0,2.0,,Крисметал,9,,0.0,1.5,,,,,,,0,Y,0,,0.0,,0,0.0,0.0,Y,Y,Y,N,925,,0.0,,,,,,,AEM10KW,0.0,0.0,0.0,0.0,0,0.0,0.0,0.0,0.0,N
5783,20,1,2025-08-13 14:32:34.000,1320962441,2026-03-02 14:59:09.240,Фитинги на резба,Холендър 316L вътрешнa резбa 105LBS 1/2``,101304,00001161,M,L,L,бр.,,0.0,3.5483656555017564,0.0,0.0,0.0,,Холендър 316L вътрешнa резбa 105LBS 1/2``,N,1.0,2.0,,Крисметал,2,,0.0,1.5,,,,,,,0,Y,0,,0.0,,0,0.0,0.0,Y,Y,Y,N,926,,0.0,,,,,,,AEM10KW,0.0,0.0,0.0,0.0,0,0.0,0.0,0.0,0.0,N
5806,0,1,2025-08-13 14:32:34.000,1320962441,2026-03-02 14:59:09.271,Фитинги на резба,Муфа 1/2 L16,,00000747,M,L,L,бр.,,0.0,0.0,0.0,0.0,0.0,,Муфа 1/2 L16,N,1.0,2.0,,Крисметал,2,,0.0,1.5,,,,,,,0,Y,0,,0.0,,0,0.0,0.0,Y,Y,Y,N,927,,0.0,,,,,,,AEM10KW,0.0,0.0,0.0,0.0,0,0.0,0.0,0.0,0.0,N
5806,2,1,2025-08-13 14:32:34.000,1320962441,2026-03-02 14:59:09.287,Фитинги на резба,Муфа 304L резбa 150LBS L25/30  1/2``,101734,00000750,M,L,L,бр.,,0.0,0.7822765782302143,0.0,0.0,0.0,,Муфа 304L резбa 150LBS L25/30  1/2``,N,1.0,2.0,,Крисметал,12,,0.0,1.5,,,,,,,0,Y,0,,0.0,,0,0.0,0.0,Y,Y,Y,N,929,,0.0,,,,,,,AEM10KW,0.0,0.0,0.0,0.0,0,0.0,0.0,0.0,0.0,N
5806,4,1,2025-08-13 14:32:34.000,1320962441,2026-03-02 14:59:09.318,Фитинги на резба,Нипел 316L шестостен 1/2``,100804,00000773,M,L,L,бр.,,0.0,1.3191330534862438,0.0,0.0,0.0,,Нипел 316L шестостен 1/2``,N,1.0,2.0,,Крисметал,5,,0.0,1.5,,,,,,,0,Y,0,,0.0,,0,0.0,0.0,Y,Y,Y,N,932,,0.0,,,,,,,AEM10KW,0.0,0.0,0.0,0.0,0,0.0,0.0,0.0,0.0,N
5806,6,1,2025-08-13 14:32:34.000,1320962441,2026-03-02 14:59:09.334,Фитинги на резба,Нипел 316L шестостен 150LBS EU 1/2``,100824,00000777,M,L,L,бр.,,0.0,1.8662153663661973,0.0,0.0,0.0,,Нипел 316L шестостен 150LBS EU 1/2``,N,1.0,2.0,,Крисметал,20,,0.0,1.5,,,,,,,0,Y,0,,0.0,,0,0.0,0.0,Y,Y,Y,N,934,,0.0,,,,,,,AEM10KW,0.0,0.0,0.0,0.0,0,0.0,0.0,0.0,0.0,N
5806,8,1,2025-08-13 14:32:34.000,1320962441,2026-03-02 14:59:09.365,Фитинги на резба,Тапа 304L 150LBS 1/2``,101004,00001044,M,L,L,бр.,,0.0,0.690244039614895,0.0,0.0,0.0,,Тапа 304L 150LBS 1/2``,N,1.0,2.0,,Крисметал,4,,0.0,1.5,,,,,,,0,Y,0,,0.0,,0,0.0,0.0,Y,Y,Y,N,935,,0.0,,,,,,,AEM10KW,0.0,0.0,0.0,0.0,0,0.0,0.0,0.0,0.0,N
5806,10,1,2025-08-13 14:32:34.000,1320962441,2026-03-02 14:59:09.381,Фитинги на резба,Преход 304L 1/2`` x 1/4``,102005,00000896,M,L,L,бр.,,0.0,0.8947607920933823,0.0,0.0,0.0,,Преход 304L 1/2`` x 1/4``,N,1.0,2.0,,Крисметал,1,,0.0,1.5,,,,,,,0,Y,0,,0.0,,0,0.0,0.0,Y,Y,Y,N,936,,0.0,,,,,,,AEM10KW,0.0,0.0,0.0,0.0,0,0.0,0.0,0.0,0.0,N
5806,12,1,2025-08-13 14:32:34.000,1320962441,2026-03-02 14:59:09.412,Фитинги на резба,Преход 316L 150LBS вътрешна резба 1/2``х1/4``,105405,00000898,M,L,L,бр.,,0.0,1.2884555406144707,0.0,0.0,0.0,,Преход 316L 150LBS вътрешна резба 1/2``х1/4``,N,1.0,2.0,,Крисметал,2,,0.0,1.5,,,,,,,0,Y,0,,0.0,,0,0.0,0.0,Y,Y,Y,N,937,,0.0,,,,,,,AEM10KW,0.0,0.0,0.0,0.0,0,0.0,0.0,0.0,0.0,N
5806,14,1,2025-08-13 14:32:34.000,1320962441,2026-03-02 14:59:09.427,Фитинги на резба,Редуктор (1?),,00000937,M,L,L,бр.,,0.0,0.0,0.0,0.0,0.0,,Редуктор (1?),N,1.0,2.0,,Крисметал,2,,0.0,1.5,,,,,,,0,Y,0,,0.0,,0,0.0,0.0,Y,Y,Y,N,938,,0.0,,,,,,,AEM10KW,0.0,0.0,0.0,0.0,0,0.0,0.0,0.0,0.0,N
5806,16,1,2025-08-13 14:32:34.000,1320962441,2026-03-02 14:59:09.459,Фитинги на резба,Редуктор (2?),,00000939,M,L,L,бр.,,0.0,0.0,0.0,0.0,0.0,,Редуктор (2?),N,1.0,2.0,,Крисметал,2,,0.0,1.5,,,,,,,0,Y,0,,0.0,,0,0.0,0.0,Y,Y,Y,N,939,,0.0,,,,,,,AEM10KW,0.0,0.0,0.0,0.0,0,0.0,0.0,0.0,0.0,N
5806,18,1,2025-08-13 14:32:38.000,1320962441,2026-03-02 14:59:09.474,Фитинги на резба,Нипел намалител 316L 150LBS 1/2``x1/4``,106105,00000782,M,L,L,бр.,,0.0,0.0,0.0,0.0,0.0,,Нипел намалител 316L 150LBS 1/2``x1/4``,N,1.0,2.0,,Крисметал,8,,0.0,1.5,,,,,,,0,Y,0,,0.0,,0,0.0,0.0,Y,Y,Y,N,1006,,0.0,,,,,,,AEM10KW,0.0,0.0,0.0,0.0,0,0.0,0.0,0.0,0.0,N
5810,1,1,2026-01-30 10:25:57.821,1320962441,2026-06-24 14:52:52.859,Газ анализ - Крепежи,"Нит-гайка с накат.нам.,цинк, М4/ф6х10",88418 0011 4 10,00001604,M,L,L,бр.,,,0.05,0.0,0.0,0.0,,Табло Ясен,P,20.0,20.0,,ИТТ БЪЛГАРИЯ ЕООД,,,,1.5,,,,,,,,Y,0,,0.0,,,0.0,0.0,Y,Y,Y,N,1996,,0.0,,,,,,,,,,,,0,0.0,0.0,0.0,,N
5810,3,1,2026-01-30 10:27:50.204,1320962441,2026-06-24 14:52:52.893,Газ анализ - Крепежи,"Нит-гайка с накат.нам.,цинк, М5/ф7х12",88418 0011 5 12,00001605,M,L,L,бр.,,,0.05,0.0,0.0,0.0,,Табло Ясен,P,20.0,20.0,,ИТТ БЪЛГАРИЯ ЕООД,,,,1.5,,,,,,,,Y,0,,0.0,,,0.0,0.0,Y,Y,Y,N,1997,,0.0,,,,,,,,,,,,0,0.0,0.0,0.0,,N
5810,5,1,2026-01-30 10:29:21.353,1320962441,2026-06-24 14:52:52.943,Газ анализ - Крепежи,"Нит-гайка с накат.нам.,цинк, М6/ф9х15",88418 0011 6 15,00001606,M,L,L,бр.,,,0.07,0.0,0.0,0.0,,Табло Ясен,P,20.0,20.0,,ИТТ БЪЛГАРИЯ ЕООД,,,,1.5,,,,,,,,Y,0,,0.0,,,0.0,0.0,Y,Y,Y,N,1998,,0.0,,,,,,,,,,,,0,0.0,0.0,0.0,,N
5810,7,1,2026-01-30 10:30:40.363,1320962441,2026-06-24 14:52:52.994,Газ анализ - Крепежи,"Нит-гайка с накат.нам.,цинк, М8/ф11х16",88418 0011 8 16,00001607,M,L,L,бр.,,,0.08,0.0,0.0,0.0,,Табло Ясен,P,20.0,20.0,,ИТТ БЪЛГАРИЯ ЕООД,,,,1.5,,,,,,,,Y,0,,0.0,,,0.0,0.0,Y,Y,Y,N,1999,,0.0,,,,,,,,,,,,0,0.0,0.0,0.0,,N
5810,9,1,2026-01-30 10:34:12.364,1320962441,2026-06-24 14:52:52.761,Газ анализ - Крепежи,"Винт с вътршен шестостен, А2, М6х30",00912 9200 6 30,00001608,M,L,L,бр.,,,0.11,0.0,0.0,0.0,,Табло Ясен,P,20.0,20.0,,ИТТ БЪЛГАРИЯ ЕООД,,,,1.5,,,,,,,,Y,0,,0.0,,,0.0,0.0,Y,Y,Y,N,2000,,0.0,,,,,,,,,,,,0,0.0,0.0,0.0,,N
5810,11,1,2026-01-30 10:36:27.792,1320962441,2026-06-24 14:52:52.728,Газ анализ - Крепежи,"Винт с вътршен шестостен, А2, М5х20",00912 9200 5 20,00001609,M,L,L,бр.,,,0.07,0.0,0.0,0.0,,Табло Ясен,P,20.0,20.0,,ИТТ БЪЛГАРИЯ ЕООД,,,,1.5,,,,,,,,Y,0,,0.0,,,0.0,0.0,Y,Y,Y,N,2001,,0.0,,,,,,,,,,,,0,0.0,0.0,0.0,,N
5810,13,1,2026-01-30 10:39:07.407,1320962442,2026-06-24 14:52:52.642,Газ анализ - Крепежи,"Винт с вътршен шестостен, А2, М4х10",00912 9200 4 10,00001610,M,L,L,бр.,,,0.04,0.0,0.0,0.0,,Табло Ясен,P,20.0,20.0,,ИТТ БЪЛГАРИЯ ЕООД,,,,1.5,,,,,,,,Y,0,,0.0,,,0.0,0.0,Y,Y,Y,N,2002,,0.0,,,,,,,,,,,,0,0.0,0.0,0.0,,N
5810,15,1,2026-01-30 10:41:04.477,1320962442,2026-06-24 14:52:52.677,Газ анализ - Крепежи,"Винт с вътршен шестостен, А2, М4х5",00912 9200 4 5,00001611,M,L,L,бр.,,,0.07,0.0,0.0,0.0,,Табло Ясен,P,20.0,20.0,,ИТТ БЪЛГАРИЯ ЕООД,,,,1.5,,,,,,,,Y,0,,0.0,,,0.0,0.0,Y,Y,Y,N,2003,,0.0,,,,,,,,,,,,0,0.0,0.0,0.0,,N
5810,17,1,2026-01-30 10:42:39.392,1320962442,2026-06-24 14:52:52.810,Газ анализ - Крепежи,"Винт с конусна глава, А2, М4х8",00963 9200 4 8,00001612,M,L,L,бр.,,,0.02,0.0,0.0,0.0,,Табло Ясен,P,20.0,20.0,,ИТТ БЪЛГАРИЯ ЕООД,,,,1.5,,,,,,,,Y,0,,0.0,,,0.0,0.0,Y,Y,Y,N,2004,,0.0,,,,,,,,,,,,0,0.0,0.0,0.0,,N
5810,19,1,2026-01-30 10:44:30.056,1320962442,2026-06-24 14:52:53.127,Газ анализ - Крепежи,"Шайба с широка периферия, А2, м8",09021 9200 8,00001762,M,L,L,бр.,,,0.08,0.0,0.0,0.0,,Табло Ясен,P,20.0,20.0,,ИТТ БЪЛГАРИЯ ЕООД,,,,1.5,,,,,,,,Y,0,,0.0,,,0.0,0.0,Y,Y,Y,N,2005,,0.0,,,,,,,,,,,,0,0.0,0.0,0.0,,N
5812,1,1,2026-01-30 10:45:51.863,1320962442,2026-06-24 14:52:53.077,Газ анализ - Крепежи,"Шайба с широка периферия, А2, м5",09021 9200 5,00001613,M,L,L,бр.,,,0.02,0.0,0.0,0.0,,Табло Ясен,P,20.0,20.0,,ИТТ БЪЛГАРИЯ ЕООД,,,,1.5,,,,,,,,Y,0,,0.0,,,0.0,0.0,Y,Y,Y,N,2006,,0.0,,,,,,,,,,,,0,0.0,0.0,0.0,,N
5812,3,1,2026-01-30 10:46:54.343,1320962442,2026-06-24 14:52:53.027,Газ анализ - Крепежи,"Шайба с широка периферия, А2, м4",09021 9200 4,00001763,M,L,L,бр.,,,0.01,0.0,0.0,0.0,,Табло Ясен,P,20.0,20.0,,ИТТ БЪЛГАРИЯ ЕООД,,,,1.5,,,,,,,,Y,0,,0.0,,,0.0,0.0,Y,Y,Y,N,2007,,0.0,,,,,,,,,,,,0,0.0,0.0,0.0,,N
5812,4,1,2026-01-30 10:48:48.844,1320962442,2026-07-03 15:27:03.515,2. Консумативи,"Свредло цилиндрично, ф5х86",00338 0010 5 00,00001614,M,L,L,бр.,,,2.7,0.0,0.0,0.0,,,N,1.0,20.0,,ИТТ БЪЛГАРИЯ ЕООД,,,,1.5,,,,,,,,Y,0,,0.0,,,0.0,0.0,Y,Y,Y,N,2008,,0.0,,,,,,,,,,,,0,0.0,0.0,0.0,,N
5812,6,1,2026-01-30 10:50:03.573,1320962442,2026-07-03 15:27:03.515,2. Консумативи,"Свредло цилиндрично, ф4х75",00338 0010 4 00,00001615,M,L,L,бр.,,,2.28,0.0,0.0,0.0,,,N,1.0,20.0,,ИТТ БЪЛГАРИЯ ЕООД,,,,1.5,,,,,,,,Y,0,,0.0,,,0.0,0.0,Y,Y,Y,N,2009,,0.0,,,,,,,,,,,,0,0.0,0.0,0.0,,N
5812,8,1,2026-01-30 14:17:50.258,1317859573,2026-06-23 10:45:32.010,5. Устройства,Кондензно котле SA-61 фланцово 1“,703280105014,00001618,M,L,L,бр.,,,430.0,0.0,0.0,0.0,,Полша,P,1.0,20.0,,AYVAZ GLOBAL,,,,1.5,,,,,,,,Y,0,,0.0,,,0.0,0.0,Y,Y,Y,N,2012,,0.0,,,,,,,,,,,,0,0.0,0.0,0.0,,N
5812,10,1,2026-01-30 14:19:01.580,1317859656,2026-06-23 10:45:32.010,5. Устройства,Кондензно котле SA-61 резбово 1/2“,703280105001,00001619,M,L,L,бр.,,,320.0,0.0,0.0,0.0,,Италия,P,1.0,20.0,,AYVAZ GLOBAL,,,,1.5,,,,,,,,Y,0,,0.0,,,0.0,0.0,Y,Y,Y,N,2013,,0.0,,,,,,,,,,,,0,0.0,0.0,0.0,,N
5812,11,1,2026-01-30 15:04:12.918,1319658751,2026-06-23 10:47:07.239,1.1.2. Крепежи (Електролизьор),Шпилка 5.5 М56х4,,00001620,M,L,L,бр.,,,176.9,0.0,0.0,0.0,,,N,1.0,20.0,,АРОНОВ 87,,,,1.5,,,,,,,,Y,0,,0.0,,,0.0,0.0,Y,Y,Y,N,2014,,0.0,,,,,,,,,,,,0,0.0,0.0,0.0,,N
5812,13,1,2026-02-02 10:44:33.021,1320962442,2026-06-17 14:08:41.851,Шини (Електроника),"Шина медна 1240А, 80х10mm, 2m",IS505117,00001621,M,L,L,бр.,,,231.26,0.0,0.0,0.0,,,N,1.0,20.0,,ШРАК ТЕХНИК ЕООД,,,,1.5,,,,,,,,Y,0,,0.0,,,0.0,0.0,Y,Y,Y,N,2015,,0.0,,,,,,,,,,,,0,0.0,0.0,0.0,,N
5812,15,1,2026-02-02 10:49:23.265,1320962442,2026-06-23 16:09:20.754,Контактори,"Контактен блок допълнителен 0-1, 2 NO 2 NC",LTZ0D222,00001622,M,L,L,бр.,,,6.2,0.0,0.0,0.0,,,N,1.0,20.0,,ШРАК ТЕХНИК ЕООД,,,,1.5,,,,,,,,Y,0,,0.0,,,0.0,0.0,Y,Y,Y,N,2016,,0.0,,,,,,,,,,,,0,0.0,0.0,0.0,,N
5812,17,1,2026-02-02 12:15:52.930,1320962442,2026-06-17 14:08:41.851,Кабелни Канали,Кабелен канал 40x25mm,RH229246,00001627,M,L,L,м.,,,3.62,0.0,0.0,0.0,,,N,5.0,20.0,,ШРАК ТЕХНИК ЕООД,,,,1.5,,,,,,,,Y,0,,0.0,,,0.0,0.0,Y,Y,Y,N,2022,,0.0,,,,,,,,,,,,0,0.0,0.0,0.0,,N
5812,19,1,2026-02-02 12:17:30.173,1320962442,2026-06-16 13:30:08.978,Клеми,"Клема за шина 10mm 1,5-16mm 65A",SI012890,00001628,M,L,L,бр.,,,0.87,0.0,0.0,0.0,,,N,5.0,20.0,,ШРАК ТЕХНИК ЕООД,,,,1.5,,,,,,,,Y,0,,0.0,,,0.0,0.0,Y,Y,Y,N,2023,,0.0,,,,,,,,,,,,0,0.0,0.0,0.0,,N
5812,21,1,2026-02-02 12:19:29.455,1320962442,2026-06-16 13:30:08.978,Шини (Електроника),"Гребен разпределителен, виличен, 3P, 1m, 10mm",BSA90113,00001629,M,L,L,бр.,,,16.01,0.0,0.0,0.0,,,N,5.0,20.0,,ШРАК ТЕХНИК ЕООД,,,,1.5,,,,,,,,Y,0,,0.0,,,0.0,0.0,Y,Y,Y,N,2024,,0.0,,,,,,,,,,,,0,0.0,0.0,0.0,,N
5816,1,1,2026-02-02 12:28:01.538,1320962442,2026-06-24 10:45:53.353,"Прекъсвачи, Предпазители",Прекъсвач мин. AMPARO 6kA C 32А 1P,AM617132,00001630,M,L,L,бр.,,,1.91,0.0,0.0,0.0,,,N,5.0,20.0,,ШРАК ТЕХНИК ЕООД,,,,1.5,,,,,,,,Y,0,,0.0,,,0.0,0.0,Y,Y,Y,N,2025,,0.0,,,,,,,,,,,,0,0.0,0.0,0.0,,N
5816,4,1,2026-02-02 12:29:54.545,1320962442,2026-06-16 13:30:08.978,Клеми,"Клема винтова заземителна 2,5-4mm AVK2,5/4Т",IK622002,00001631,M,L,L,бр.,,,1.12,0.0,0.0,0.0,,,N,5.0,20.0,,ШРАК ТЕХНИК ЕООД,,,,1.5,,,,,,,,Y,0,,0.0,,,0.0,0.0,Y,Y,Y,N,2026,,0.0,,,,,,,,,,,,0,0.0,0.0,0.0,,N
5816,7,1,2026-02-02 12:31:13.573,1320962442,2026-06-16 13:30:08.978,Клеми,Клема свързващо WAGO 60br. 1x4mm,BGVT2215,00001632,M,L,L,бр.,,,0.36,0.0,0.0,0.0,,,N,5.0,20.0,,ШРАК ТЕХНИК ЕООД,,,,1.5,,,,,,,,Y,0,,0.0,,,0.0,0.0,Y,Y,Y,N,2027,,0.0,,,,,,,,,,,,0,0.0,0.0,0.0,,N
5816,9,1,2026-02-02 15:06:27.984,1320962442,2026-06-23 15:56:31.673,Винтове,Винт 4.8 vZn М4х30,00967 4801 4 30,00001635,M,L,L,бр.,,,0.03,0.0,0.0,0.0,,,N,100.0,100.0,,ИТТ БЪЛГАРИЯ ЕООД,,,,1.5,,,,,,,,Y,0,,0.0,,,0.0,0.0,Y,Y,Y,N,2030,,0.0,,,,,,,,,,,,0,0.0,0.0,0.0,,N
5816,11,1,2026-02-02 15:09:22.831,1320962442,2026-06-23 15:56:31.673,Винтове,Винт 4.8 vZn М4х12,00967 4801 4 12,00001636,M,L,L,бр.,,,0.02,0.0,0.0,0.0,,,N,100.0,100.0,,ИТТ БЪЛГАРИЯ ЕООД,,,,1.5,,,,,,,,Y,0,,0.0,,,0.0,0.0,Y,Y,Y,N,2031,,0.0,,,,,,,,,,,,0,0.0,0.0,0.0,,N
5816,13,1,2026-02-03 09:08:46.865,1320962442,2026-06-23 15:58:46.407,Винтове,"Винт самопробивен ф4,8х50",07504 0071 48 50,00001637,M,L,L,бр.,,,0.03,0.0,0.0,0.0,,,N,100.0,100.0,,ИТТ БЪЛГАРИЯ ЕООД,,,,1.5,,,,,,,,Y,0,,0.0,,,0.0,0.0,Y,Y,Y,N,2032,,0.0,,,,,,,,,,,,0,0.0,0.0,0.0,,N
5816,21,1,2025-10-15 10:28:17.437,1320962442,2026-03-02 14:59:33.957,Вътрешни изделия и детайли,,,00000250,M,L,L,,,0.0,0.0,0.0,0.0,0.0,,,N,0.0,0.0,,,,,0.0,0.0,,,,,,,0,Y,0,,0.0,,0,0.0,0.0,Y,Y,Y,N,1454,,0.0,,,,,,,,0.0,0.0,0.0,0.0,0,0.0,0.0,0.0,0.0,N
5816,23,1,2025-08-13 14:32:44.000,1320962442,2026-07-07 09:16:23.057,Schubert - Salzer,Sliding Gate Motor Valve 8038 О2,4029075,00000363,M,L,L,бр.,,0.0,3172.949591733433,0.0,0.0,0.0,,Sliding Gate Motor Valve 8038 О2,N,1.0,2.0,,Schubert & Salzer,1,,0.0,1.5,,,,,,,0,Y,0,,0.0,,0,0.0,0.0,Y,Y,Y,N,1188,,0.0,,,,,,,AEM10KW,0.0,0.0,0.0,0.0,0,0.0,0.0,0.0,0.0,N
5816,34,1,2026-02-05 12:01:59.339,1318450140,2026-07-03 15:39:28.615,0. Разни,Пропуснат код 1,,00001643,M,M,M,бр.,,,0.0,0.0,0.0,0.0,,,N,3.0,20.0,,,,,,1.5,,,,,,,,Y,0,,0.0,,,0.0,0.0,Y,Y,Y,N,2038,,0.0,,,,,,,,,,,,0,0.0,0.0,0.0,,N
5816,40,1,2026-02-04 07:46:24.798,1318956546,2026-06-16 13:37:14.711,Сензори,Сензор за проводимост,LDL101,00001638,M,L,L,бр.,,,633.81,0.0,0.0,0.0,,"Обхват 0,04-1000 mS/cm
Заедно с Е43301 и EVT387(адаптер и кабел)
За Брикел",P,1.0,20.0,,ИФМ ЕЛЕКТРОНИК ЕООД,,,,1.5,,,,,,,,Y,0,,0.0,,,0.0,0.0,Y,Y,Y,N,2033,,0.0,,,,,,,,,,,,0,0.0,0.0,0.0,,N
5817,0,1,2025-08-13 14:32:44.000,1320962442,2026-07-07 09:16:23.103,Schubert - Salzer,Sliding Gate Motor Valve 8038 H2,4029081,00000361,M,L,L,бр.,,0.0,3502.835113481233,0.0,0.0,0.0,,Sliding Gate Motor Valve 8038 H2,N,1.0,2.0,,Schubert & Salzer,1,,0.0,1.5,,,,,,,0,Y,0,,0.0,,0,0.0,0.0,Y,Y,Y,N,1189,,0.0,,,,,,,AEM10KW,0.0,0.0,0.0,0.0,0,0.0,0.0,0.0,0.0,N
5817,2,1,2025-08-13 14:32:34.000,1320962442,2026-07-07 09:21:02.852,Сензорматик,"Трансмитер за налягане, взривозащитен",IPS-G-403-05-I-04-D,00001075,M,L,L,бр.,,0.0,260.7588594100714,0.0,0.0,0.0,,"Трансмитер за налягане, взривозащитен",N,1.0,2.0,,Сензорматик,1,,0.0,1.5,,,,,,,0,Y,0,,0.0,,0,0.0,0.0,Y,Y,Y,N,950,,0.0,,,,,,,AEM10KW,0.0,0.0,0.0,0.0,0,0.0,0.0,0.0,0.0,N
5817,4,1,2025-08-13 14:32:44.000,1320962442,2026-07-07 09:20:31.116,ИФМ,Сензор за поток (flowmeter),SM2100,00000984,M,L,L,бр.,,0.0,512.2666591677191,0.0,0.0,0.0,,Сензор за поток (flowmeter),N,1.0,2.0,,ifm,2,,0.0,1.5,,,,,,,0,Y,0,,0.0,,0,0.0,0.0,Y,Y,Y,N,1190,,0.0,,,,,,,AEM10KW,0.0,0.0,0.0,0.0,0,0.0,0.0,0.0,0.0,N
5817,6,1,2025-08-13 14:32:34.000,1320962442,2026-07-07 09:20:31.162,ИФМ,Температурен сензор,TA3105,00001059,M,L,L,бр.,,0.0,86.09567293680944,0.0,0.0,0.0,,Температурен сензор,N,1.0,2.0,,ifm,3,,0.0,1.5,,,,,,,0,Y,0,,0.0,,0,0.0,0.0,Y,Y,Y,N,949,,0.0,,,,,,,AEM10KW,0.0,0.0,0.0,0.0,0,0.0,0.0,0.0,0.0,N
5817,8,1,2025-08-13 14:32:34.000,1320962442,2026-07-07 09:17:14.954,ЛД,Поплавъчен нивомер тип 8181,W KSR 118332,00000881,M,L,L,бр.,,0.0,86.65886094394708,0.0,0.0,0.0,,Поплавъчен нивомер тип 8181,N,1.0,2.0,,LD GmbH,1,,0.0,1.5,,,,,,,0,Y,0,,0.0,,0,0.0,0.0,Y,Y,Y,N,952,,0.0,,,,,,,AEM10KW,0.0,0.0,0.0,0.0,0,0.0,0.0,0.0,0.0,N
5817,10,1,2025-08-13 14:32:44.000,1320962442,2026-07-07 09:17:14.871,ЛД,Магнетвентил 1/4````,21L2K1V25,00000718,M,L,L,бр.,,0.0,67.14540629809339,0.0,0.0,0.0,,Магнетвентил 1/4````,N,1.0,2.0,,LD GmbH,2,,0.0,1.5,,,,,,,0,Y,0,,0.0,,0,0.0,0.0,Y,Y,Y,N,1192,,0.0,,,,,,,AEM10KW,0.0,0.0,0.0,0.0,0,0.0,0.0,0.0,0.0,N
5817,12,1,2025-08-13 14:32:44.000,1320962442,2026-07-07 09:17:14.912,ЛД,Магнетвентил 1``,21IH6K1V250,00000720,M,L,L,бр.,,0.0,191.6577616664025,0.0,0.0,0.0,,Магнетвентил 1``,N,1.0,2.0,,LD GmbH,2,,0.0,1.5,,,,,,,0,Y,0,,0.0,,0,0.0,0.0,Y,Y,Y,N,1193,,0.0,,,,,,,AEM10KW,0.0,0.0,0.0,0.0,0,0.0,0.0,0.0,0.0,N
5817,14,1,2025-08-13 14:32:44.000,1320962442,2026-07-07 09:16:36.564,ЛД,Актуатор електрически 24V,85L00001,00000417,M,L,L,бр.,,0.0,167.7548662204793,0.0,0.0,0.0,,Актуатор електрически 24V,N,1.0,2.0,,LD GmbH,2,,0.0,1.5,,,,,,,0,Y,0,,0.0,,0,0.0,0.0,Y,Y,Y,N,1194,,0.0,,,,,,,AEM10KW,0.0,0.0,0.0,0.0,0,0.0,0.0,0.0,0.0,N
5817,16,1,2025-08-13 14:32:44.000,1320962442,2026-07-07 09:20:15.455,Инвест електроникс,Сензор за газ H2 GS-220,GS-220.B.V.02-06/H2,00000983,M,L,L,бр.,,0.0,156.45531564604286,0.0,0.0,0.0,,Сензор за газ H2 GS-220,N,1.0,2.0,,Инвест Електроникс,1,,0.0,1.5,,,,,,,0,Y,0,,0.0,,0,0.0,0.0,Y,Y,Y,N,1196,,0.0,,,,,,,AEM10KW,0.0,0.0,0.0,0.0,0,0.0,0.0,0.0,0.0,N
5817,17,1,2026-07-10 07:51:51.782,1333932875,2026-07-10 07:53:43.099,3. Консумативи,Молекулярно сито (Moleculaer sieve 4A 2-5 mm),DN1004A23001,00002101,M,M,M,кг.,,,7.733,0.0,0.0,0.0,,,N,0.0,0.0,,ZEST S.R.L.,,,,1.5,,,,,,,,Y,0,,0.0,,,0.0,0.0,Y,Y,Y,N,2375,,0.0,,,,,,,,,,,,0,0.0,0.0,0.0,,N
5817,18,1,2025-08-13 14:32:38.000,1333638780,2026-07-07 09:18:42.172,ЛД,Регулиращ вентил G1/2.,BU 20052319,,M,L,L,бр.,,,0.0,0.0,0.0,0.0,,Регулиращ вентил G1/2,N,1.0,2.0,,LD GmbH,,,0.0,1.5,,,,,,,0,Y,0,,0.0,,0,0.0,0.0,Y,Y,Y,N,1009,,0.0,,,,,,,AEM10KW,0.0,0.0,0.0,0.0,0,0.0,0.0,0.0,0.0,N
5817,20,1,2025-08-13 14:32:38.000,1333638753,2026-07-07 09:18:08.379,ЛД,Магнетвентил 1/4`` (без бобина).,21L2K1T30,,M,L,L,бр.,,,0.0,0.0,0.0,0.0,,Магнетвентил 1/4`` (без бобина),N,1.0,2.0,,LD GmbH,,,0.0,1.5,,,,,,,0,Y,0,,0.0,,0,0.0,0.0,Y,Y,Y,N,1011,,0.0,,,,,,,AEM10KW,0.0,0.0,0.0,0.0,0,0.0,0.0,0.0,0.0,N
5818,0,1,2025-08-13 14:32:44.000,1320962442,2026-07-07 08:27:11.471,Инвест електроникс,Станция за сензор за газ GA-220,GA-220.EI.01,00000999,M,L,L,бр.,,0.0,121.94311366529811,0.0,0.0,0.0,,Станция за сензор за газ GA-220,N,1.0,2.0,,Инвест Електроникс,1,,0.0,1.5,,,,,,,0,Y,0,,0.0,,0,0.0,0.0,Y,Y,Y,N,1201,,0.0,,,,,,,AEM10KW,0.0,0.0,0.0,0.0,0,0.0,0.0,0.0,0.0,N
5818,2,1,2025-08-13 14:32:34.000,1320962442,2026-07-03 15:26:05.751,Шрак техник ЕООД,"Реле с 14 пина, 6А",PT570730--,00000964,M,L,L,бр.,,0.0,4.0156864349151,0.0,0.0,0.0,,"Реле с 14 пина, 6А",N,1.0,2.0,,Schrack,1,,0.0,1.5,,,,,,,0,Y,0,,0.0,,0,0.0,0.0,Y,Y,Y,N,971,,0.0,,,,,,,AEM10KW,0.0,0.0,0.0,0.0,0,0.0,0.0,0.0,0.0,N
5818,4,1,2025-08-13 14:32:45.000,1320962442,2026-07-03 15:31:59.460,Микромакс Трейд,Гумен лист 5/1200мм EPDM/,-,00000499,M,L,L,кв.м.,,0.0,43.45980990167857,0.0,0.0,0.0,,Гумен лист 5/1200мм EPDM/,N,1.0,2.0,,Микромакс трейд,3.6,,0.0,1.5,,,,,,,0,Y,0,,0.0,,0,0.0,0.0,Y,Y,Y,N,1288,,0.0,,,,,,,AEM10KW,0.0,0.0,0.0,0.0,0,0.0,0.0,0.0,0.0,N
5818,6,1,2025-08-13 14:32:45.000,1320962442,2026-07-03 15:33:55.847,AFP TECH,Гъба демистър (Wire mesh separator mono circolar,0000002194,00000501,M,L,L,бр.,,0.0,82.00099190624952,0.0,0.0,0.0,,Гъба демистър (Wire mesh separator mono circolare 316L d.164 Sp tot 112),N,1.0,2.0,,AFP Tech,5,,0.0,1.5,,,,,,,0,Y,0,,0.0,,0,0.0,0.0,Y,Y,Y,N,1302,,0.0,,,,,,,AEM10KW,0.0,0.0,0.0,0.0,0,0.0,0.0,0.0,0.0,N
5818,8,1,2025-08-13 14:32:45.000,1320962442,2026-03-02 14:59:09.974,Табло - Газ анализатор,"Flow meter in Plexiglass for hydrogen, Scale 0,0",[A43309],00000294,M,L,L,бр.,,0.0,197.00587474371494,0.0,0.0,0.0,,"Flow meter in Plexiglass for hydrogen, Scale 0,02-0,5 NL/min",N,1.0,2.0,,ADEV SRL,2,,0.0,1.5,,,,,,,0,Y,0,,0.0,,0,0.0,0.0,Y,Y,Y,N,1305,,0.0,,,,,,,AEM10KW,0.0,0.0,0.0,0.0,0,0.0,0.0,0.0,0.0,N
5818,10,1,2025-08-13 14:32:45.000,1320962442,2026-03-02 14:59:10.005,Табло - Газ анализатор,"Flow meter in Plexiglass for oxygen, Scale 0,2-3",[A43311],00000297,M,L,L,бр.,,0.0,210.00802728253478,0.0,0.0,0.0,,"Flow meter in Plexiglass for oxygen, Scale 0,2-3 NL/min",N,1.0,2.0,,ADEV SRL,1,,0.0,1.5,,,,,,,0,Y,0,,0.0,,0,0.0,0.0,Y,Y,Y,N,1306,,0.0,,,,,,,AEM10KW,0.0,0.0,0.0,0.0,0,0.0,0.0,0.0,0.0,N
5818,12,1,2025-08-13 14:32:45.000,1320962442,2026-03-02 14:59:10.021,Табло - Газ анализатор,Male connector 6MM SWA-1/8`` NPT,SS-6M0-1-2,00000325,M,L,L,бр.,,0.0,11.437599382359409,0.0,0.0,0.0,,Male connector 6MM SWA-1/8`` NPT,N,1.0,2.0,,Swagelok,10,,0.0,1.5,,,,,,,0,Y,0,,0.0,,0,0.0,0.0,Y,Y,Y,N,1308,,0.0,,,,,,,AEM10KW,0.0,0.0,0.0,0.0,0,0.0,0.0,0.0,0.0,N
5818,14,1,2025-08-13 14:32:45.000,1320962442,2026-03-02 14:59:10.052,Табло - Газ анализатор,Bulkhead union 6mm SWA,SS-6M0-61,00000273,M,L,L,бр.,,0.0,27.676229529151307,0.0,0.0,0.0,,Bulkhead union 6mm SWA,N,1.0,2.0,,Swagelok,9,,0.0,1.5,,,,,,,0,Y,0,,0.0,,0,0.0,0.0,Y,Y,Y,N,1309,,0.0,,,,,,,AEM10KW,0.0,0.0,0.0,0.0,0,0.0,0.0,0.0,0.0,N
5818,16,1,2025-08-13 14:32:45.000,1320962442,2026-03-02 14:59:10.068,Табло - Газ анализатор,Male connector 6MM SWA-1/8`` GAS-CONICO,SS-6M0-1-2RT,00000323,M,L,L,бр.,,0.0,11.437599382359409,0.0,0.0,0.0,,Male connector 6MM SWA-1/8`` GAS-CONICO,N,1.0,2.0,,Swagelok,4,,0.0,1.5,,,,,,,0,Y,0,,0.0,,0,0.0,0.0,Y,Y,Y,N,1310,,0.0,,,,,,,AEM10KW,0.0,0.0,0.0,0.0,0,0.0,0.0,0.0,0.0,N
5818,18,1,2025-08-13 14:32:45.000,1320962442,2026-03-02 14:59:10.099,Табло - Газ анализатор,Male connector 6MM SWA-1/4`` GAS-CONICO,SS-6M0-1-4RT,00000321,M,L,L,бр.,,0.0,11.948891263555627,0.0,0.0,0.0,,Male connector 6MM SWA-1/4`` GAS-CONICO,N,1.0,2.0,,Swagelok,10,,0.0,1.5,,,,,,,0,Y,0,,0.0,,0,0.0,0.0,Y,Y,Y,N,1311,,0.0,,,,,,,AEM10KW,0.0,0.0,0.0,0.0,0,0.0,0.0,0.0,0.0,N
5819,0,1,2025-08-13 14:32:45.000,1320962442,2026-03-02 14:59:10.115,Табло - Газ анализатор,Male elbow 6MM SWA-1/8`` GAS-CONICO,SS-6M0-2-2RT,00000327,M,L,L,бр.,,0.0,20.932289616173183,0.0,0.0,0.0,,Male elbow 6MM SWA-1/8`` GAS-CONICO,N,1.0,2.0,,Swagelok,6,,0.0,1.5,,,,,,,0,Y,0,,0.0,,0,0.0,0.0,Y,Y,Y,N,1312,,0.0,,,,,,,AEM10KW,0.0,0.0,0.0,0.0,0,0.0,0.0,0.0,0.0,N
5819,2,1,2025-08-13 14:32:45.000,1320962442,2026-03-02 14:59:10.146,Табло - Газ анализатор,Union tee 6mm SWA,SS-6M0-3,00000379,M,L,L,бр.,,0.0,36.516466155033925,0.0,0.0,0.0,,Union tee 6mm SWA,N,1.0,2.0,,Swagelok,3,,0.0,1.5,,,,,,,0,Y,0,,0.0,,0,0.0,0.0,Y,Y,Y,N,1313,,0.0,,,,,,,AEM10KW,0.0,0.0,0.0,0.0,0,0.0,0.0,0.0,0.0,N
5819,4,1,2025-08-13 14:32:45.000,1320962442,2026-03-02 14:59:10.162,Табло - Газ анализатор,Needle valve 1`` integral bonnet,SS-1RS6MM,00000333,M,L,L,бр.,,0.0,113.5477009760562,0.0,0.0,0.0,,Needle valve 1`` integral bonnet,N,1.0,2.0,,Swagelok,3,,0.0,1.5,,,,,,,0,Y,0,,0.0,,0,0.0,0.0,Y,Y,Y,N,1314,,0.0,,,,,,,AEM10KW,0.0,0.0,0.0,0.0,0,0.0,0.0,0.0,0.0,N
5819,6,1,2025-08-13 14:32:45.000,1320962442,2026-03-02 14:59:10.193,Табло - Газ анализатор,Ball valve 3-way 40G,SS-42GXS 6mm,00000269,M,L,L,бр.,,0.0,147.51793356273294,0.0,0.0,0.0,,Ball valve 3-way 40G,N,1.0,2.0,,Swagelok,3,,0.0,1.5,,,,,,,0,Y,0,,0.0,,0,0.0,0.0,Y,Y,Y,N,1315,,0.0,,,,,,,AEM10KW,0.0,0.0,0.0,0.0,0,0.0,0.0,0.0,0.0,N
5819,8,1,2025-08-13 14:32:38.000,1309163070,2026-02-16 12:23:44.084,Табло - Газ анализатор,"SS 316 measuring chamber for Dew Point Analyser,",[A42339],00000349,M,L,L,бр.,,0.0,413.0,0.0,0.0,0.0,,"SS 316 measuring chamber for Dew Point Analyser, 1/8“ FNPT",N,1.0,2.0,,,1,,0.0,1.5,,,,,,,0,Y,0,,0.0,,0,0.0,0.0,Y,Y,Y,N,1051,,0.0,,,,,,,AEM10KW,0.0,0.0,0.0,0.0,0,0.0,0.0,0.0,0.0,N
5819,10,1,2025-08-13 14:32:38.000,1309163070,2026-02-16 12:23:44.084,Табло - Газ анализатор,"Flow meter in Plexiglass for hydrogen  Scale 0,0",[A43309],00000292,M,L,L,бр.,,0.0,197.0,0.0,0.0,0.0,,"Flow meter in Plexiglass for hydrogen  Scale 0,02-0,5 NL/min",N,1.0,2.0,,,2,,0.0,1.5,,,,,,,0,Y,0,,0.0,,0,0.0,0.0,Y,Y,Y,N,1052,,0.0,,,,,,,AEM10KW,0.0,0.0,0.0,0.0,0,0.0,0.0,0.0,0.0,N
5819,12,1,2025-08-13 14:32:38.000,1309163070,2026-02-16 12:23:44.084,Табло - Газ анализатор,"Flow meter in Plexiglass for oxygen Scale 0,2-3",[A43311],00000295,M,L,L,бр.,,0.0,210.0,0.0,0.0,0.0,,"Flow meter in Plexiglass for oxygen Scale 0,2-3 NL/min.",N,1.0,2.0,,,1,,0.0,1.5,,,,,,,0,Y,0,,0.0,,0,0.0,0.0,Y,Y,Y,N,1053,,0.0,,,,,,,AEM10KW,0.0,0.0,0.0,0.0,0,0.0,0.0,0.0,0.0,N
5819,14,1,2025-08-13 14:32:38.000,1309163070,2026-02-16 12:23:44.084,Табло - Газ анализатор,MALE CONNECTOR 6MM SWA - 1/4`` NPT,SS-6M0-1-4,00000310,M,L,L,бр.,,0.0,11.95,0.0,0.0,0.0,,MALE CONNECTOR 6MM SWA - 1/4`` NPT,N,1.0,2.0,,,2,,0.0,1.5,,,,,,,0,Y,0,,0.0,,0,0.0,0.0,Y,Y,Y,N,1059,,0.0,,,,,,,AEM10KW,0.0,0.0,0.0,0.0,0,0.0,0.0,0.0,0.0,N
5819,16,1,2025-08-13 14:32:38.000,1309163070,2026-02-16 12:23:44.084,Табло - Газ анализатор,MALE CONNECTOR 6MM SWA - 1/8`` NPT,SS-6M0-1-2,00000312,M,L,L,бр.,,0.0,11.45,0.0,0.0,0.0,,MALE CONNECTOR 6MM SWA - 1/8`` NPT,N,1.0,2.0,,,10,,0.0,1.5,,,,,,,0,Y,0,,0.0,,0,0.0,0.0,Y,Y,Y,N,1060,,0.0,,,,,,,AEM10KW,0.0,0.0,0.0,0.0,0,0.0,0.0,0.0,0.0,N
5819,18,1,2025-08-13 14:32:38.000,1309163070,2026-02-16 12:23:44.084,Табло - Газ анализатор,BULKHEAD UNION 6MM SWA,SS-6M0-61,00000267,M,L,L,бр.,,0.0,27.7,0.0,0.0,0.0,,BULKHEAD UNION 6MM SWA,N,1.0,2.0,,,9,,0.0,1.5,,,,,,,0,Y,0,,0.0,,0,0.0,0.0,Y,Y,Y,N,1061,,0.0,,,,,,,AEM10KW,0.0,0.0,0.0,0.0,0,0.0,0.0,0.0,0.0,N
5819,20,1,2025-08-13 14:32:38.000,1309163070,2026-02-16 12:23:44.084,Табло - Газ анализатор,MALE CONNECTOR 6MM SWA – R 1/8``,SS-6M0-1-2RT,00000314,M,L,L,бр.,,0.0,11.45,0.0,0.0,0.0,,MALE CONNECTOR 6MM SWA – R 1/8``,N,1.0,2.0,,,4,,0.0,1.5,,,,,,,0,Y,0,,0.0,,0,0.0,0.0,Y,Y,Y,N,1062,,0.0,,,,,,,AEM10KW,0.0,0.0,0.0,0.0,0,0.0,0.0,0.0,0.0,N
5820,0,1,2025-08-13 14:32:38.000,1309163070,2026-02-16 12:23:44.084,Табло - Газ анализатор,MALE CONNECTOR 6MM SWA – R ?``,SS-6M0-1-4RT,00000316,M,L,L,бр.,,0.0,11.95,0.0,0.0,0.0,,MALE CONNECTOR 6MM SWA – R ?``,N,1.0,2.0,,,10,,0.0,1.5,,,,,,,0,Y,0,,0.0,,0,0.0,0.0,Y,Y,Y,N,1063,,0.0,,,,,,,AEM10KW,0.0,0.0,0.0,0.0,0,0.0,0.0,0.0,0.0,N
5820,2,1,2025-08-13 14:32:38.000,1309163070,2026-02-16 12:23:44.084,Табло - Газ анализатор,MALE Elbow  6MM SWA – R 1/8``,SS-6M0-2-2RT,00000318,M,L,L,бр.,,0.0,23.1,0.0,0.0,0.0,,MALE Elbow  6MM SWA – R 1/8``,N,1.0,2.0,,,6,,0.0,1.5,,,,,,,0,Y,0,,0.0,,0,0.0,0.0,Y,Y,Y,N,1064,,0.0,,,,,,,AEM10KW,0.0,0.0,0.0,0.0,0,0.0,0.0,0.0,0.0,N
5820,4,1,2025-08-13 14:32:38.000,1309163070,2026-02-16 12:23:44.084,Табло - Газ анализатор,"Union tee, 6MM SWA",SS-6M0-3,00000381,M,L,L,бр.,,0.0,40.65,0.0,0.0,0.0,,"Union tee, 6MM SWA",N,1.0,2.0,,,3,,0.0,1.5,,,,,,,0,Y,0,,0.0,,0,0.0,0.0,Y,Y,Y,N,1065,,0.0,,,,,,,AEM10KW,0.0,0.0,0.0,0.0,0,0.0,0.0,0.0,0.0,N
5820,6,1,2025-08-13 14:32:38.000,1309163070,2026-02-16 12:23:44.084,Табло - Газ анализатор,Needle valve,SS-1RS6MM,00000331,M,L,L,бр.,,0.0,113.65,0.0,0.0,0.0,,Needle valve,N,1.0,2.0,,,3,,0.0,1.5,,,,,,,0,Y,0,,0.0,,0,0.0,0.0,Y,Y,Y,N,1066,,0.0,,,,,,,AEM10KW,0.0,0.0,0.0,0.0,0,0.0,0.0,0.0,0.0,N
5820,8,1,2025-08-13 14:32:38.000,1309163070,2026-02-16 12:23:44.084,Табло - Газ анализатор,3 Way Ball valve,SS-42GXS6MM,00000259,M,L,L,бр.,,0.0,163.95,0.0,0.0,0.0,,3 Way Ball valve,N,1.0,2.0,,,3,,0.0,1.5,,,,,,,0,Y,0,,0.0,,0,0.0,0.0,Y,Y,Y,N,1067,,0.0,,,,,,,AEM10KW,0.0,0.0,0.0,0.0,0,0.0,0.0,0.0,0.0,N
5820,10,1,2025-08-13 14:32:38.000,1309163070,2026-02-16 12:23:44.084,Табло - Газ анализатор,"Twin Bolted Plastic Clamp Tube Support Kit, 6 mm",304-S1T-PP-6TM,00000376,M,L,L,бр.,,0.0,9.85,0.0,0.0,0.0,,"Twin Bolted Plastic Clamp Tube Support Kit, 6 mm",N,1.0,2.0,,,4,,0.0,1.5,,,,,,,0,Y,0,,0.0,,0,0.0,0.0,Y,Y,Y,N,1068,,0.0,,,,,,,AEM10KW,0.0,0.0,0.0,0.0,0,0.0,0.0,0.0,0.0,N
5820,12,1,2025-08-13 14:32:38.000,1309163070,2026-02-16 12:23:44.084,Табло - Газ анализатор,"Bolted Plastic Clamp Tube Support Kit, 6 mm",304-S1-PP-6TM,00000271,M,L,L,бр.,,0.0,8.15,0.0,0.0,0.0,,"Bolted Plastic Clamp Tube Support Kit, 6 mm",N,1.0,2.0,,,10,,0.0,1.5,,,,,,,0,Y,0,,0.0,,0,0.0,0.0,Y,Y,Y,N,1069,,0.0,,,,,,,AEM10KW,0.0,0.0,0.0,0.0,0,0.0,0.0,0.0,0.0,N
5820,14,1,2025-08-13 14:32:45.000,1332364917,2026-06-24 15:43:51.122,2. Корпуси,Контейнер 20“,,00000257,M,L,L,бр.,,,3579.043168373529,0.0,0.0,0.0,,20`` Контейнер HPCU2248917,N,1.0,2.0,,ФРИЛАЙН,1,,0.0,1.5,,,,,,,0,Y,0,,0.0,,0,0.0,0.0,Y,Y,Y,N,1318,,0.0,,,,,,,AEM10KW,0.0,0.0,0.0,0.0,0,0.0,0.0,0.0,0.0,N
5820,16,1,2025-08-13 14:32:45.000,1320962442,2026-07-03 15:27:03.515,2. Консумативи,Тефлонова лента,,00001065,M,L,L,бр.,,0.0,0.0,0.0,0.0,0.0,,Тефлонова лента,N,1.0,2.0,,,2,,0.0,1.5,,,,,,,0,Y,0,,0.0,,0,0.0,0.0,Y,Y,Y,N,1324,,0.0,,,,,,,AEM10KW,0.0,0.0,0.0,0.0,0,0.0,0.0,0.0,0.0,N
5820,18,1,2025-08-13 14:32:34.000,1320962442,2026-06-24 15:25:20.914,Кабелни Канали,Кабелен канал 40x40mm,RH229206--,00000590,M,L,L,м.,,0.0,4.498959521021766,0.0,0.0,0.0,,Кабелен канал 40x40mm,N,1.0,2.0,,Schrack,3,,0.0,1.5,,,,,,,0,Y,0,,0.0,,0,0.0,0.0,Y,Y,Y,N,995,,0.0,,,,,,,AEM10KW,0.0,0.0,0.0,0.0,0,0.0,0.0,0.0,0.0,N
5820,20,1,2025-08-13 14:32:34.000,1320962442,2026-07-03 15:27:03.515,2. Консумативи,Тефлонова лента проф. 12м12*0.1,-,00001066,M,L,L,бр.,,0.0,0.5061789623842563,0.0,0.0,0.0,,Тефлонова лента проф. 12м12*0.1,N,1.0,2.0,,ИВДА-ГЕО,1,,0.0,1.5,,,,,,,0,Y,0,,0.0,,0,0.0,0.0,Y,Y,Y,N,1000,,0.0,,,,,,,AEM10KW,0.0,0.0,0.0,0.0,0,0.0,0.0,0.0,0.0,N
5820,22,1,2025-08-13 14:32:34.000,1320962442,2026-06-24 15:49:14.013,ЛД,.Шлаух полиамид бял 8/6,TRN 8/6,00001214,M,L,L,100m,,0.0,103.48547675411463,0.0,0.0,0.0,,Шлаух полиамид бял 8/6,N,1.0,2.0,,LD GmbH,0.2,,0.0,1.5,,,,,,,0,Y,0,,0.0,,0,0.0,0.0,Y,Y,Y,N,1001,,0.0,,,,,,,AEM10KW,0.0,0.0,0.0,0.0,0,0.0,0.0,0.0,0.0,N
5821,0,1,2025-08-13 14:32:34.000,1330359854,2026-06-24 15:49:14.060,ЛД,".Шлаух полиамид, бял 15/12,5","TRN 15/12,5--",00001216,M,L,L,50m,,,135.59460689323714,0.0,0.0,0.0,,"Шлаух полиамид, бял 15/12,5",N,1.0,2.0,,LD GmbH,,,0.0,1.5,,,,,,,0,Y,0,,0.0,,0,0.0,0.0,Y,Y,Y,N,1002,,0.0,,,,,,,AEM10KW,0.0,0.0,0.0,0.0,0,0.0,0.0,0.0,0.0,N
5821,2,1,2025-08-13 14:32:45.000,1320962442,2026-07-03 15:37:14.897,4. Услуги,ВОДНО Рязане метал (Притискаща плоча),-,00000444,M,L,L,бр.,,0.0,2556.4594059810925,0.0,0.0,0.0,,ВОДНО Рязане метал (Притискаща плоча),N,1.0,2.0,,Джусита-ДЕС,2,,0.0,1.5,,,,,,,0,Y,0,,0.0,,0,0.0,0.0,Y,Y,Y,N,1327,,0.0,,,,,,,AEM10KW,0.0,0.0,0.0,0.0,0,0.0,0.0,0.0,0.0,N
5821,4,1,2025-08-13 14:32:34.000,1320962443,2026-07-07 09:06:32.244,Ивда Гео,ПП тръба за т. вода Ф20/PN20,697,00000827,M,L,L,м.,,0.0,1.135067976255605,0.0,0.0,0.0,,ПП тръба за т. вода Ф20/PN20,N,1.0,2.0,,ИВДА-ГЕО,7,,0.0,1.5,,,,,,,0,Y,0,,0.0,,0,0.0,0.0,Y,Y,Y,N,941,,0.0,,,,,,,AEM10KW,0.0,0.0,0.0,0.0,0,0.0,0.0,0.0,0.0,N
5821,6,1,2025-10-10 17:25:08.000,1320962443,2026-07-07 09:05:51.043,Hard Tech,Платка PCB  GI2PLCH2,PCB  GI2PLCH2,00000861,M,L,L,бр.,,0.0,0.0,0.0,0.0,0.0,,Платка,N,1.0,2.0,,HardTech,,,0.0,1.5,,,,,,,0,Y,0,,0.0,,0,0.0,0.0,Y,Y,Y,N,1421,,0.0,,,,,,,,0.0,0.0,0.0,0.0,0,0.0,0.0,0.0,0.0,N
5821,8,1,2025-10-10 17:25:08.000,1320962443,2026-07-07 09:05:51.043,Hard Tech,Платка PCB  GI3CIN16,PCB  GI3CIN16,00000863,M,L,L,бр.,,0.0,0.0,0.0,0.0,0.0,,Платка,N,1.0,2.0,,HardTech,,,0.0,1.5,,,,,,,0,Y,0,,0.0,,0,0.0,0.0,Y,Y,Y,N,1462,,0.0,,,,,,,,0.0,0.0,0.0,0.0,0,0.0,0.0,0.0,0.0,N
5821,10,1,2025-10-10 17:25:08.000,1320962443,2026-07-07 09:05:51.043,Hard Tech,Платка PCB  GI1IN008,PCB  GI1IN008,00000852,M,L,L,бр.,,0.0,0.0,0.0,0.0,0.0,,Платка,N,1.0,2.0,,HardTech,,,0.0,1.5,,,,,,,0,Y,0,,0.0,,0,0.0,0.0,Y,Y,Y,N,1487,,0.0,,,,,,,,0.0,0.0,0.0,0.0,0,0.0,0.0,0.0,0.0,N
5821,12,1,2025-10-10 17:25:09.000,1320962443,2026-07-07 09:05:51.043,Hard Tech,Платка PCB  GI2IGLIU,PCB  GI2IGLIU,00000856,M,L,L,бр.,,0.0,0.0,0.0,0.0,0.0,,Платка,N,1.0,2.0,,HardTech,,,0.0,1.5,,,,,,,0,Y,0,,0.0,,0,0.0,0.0,Y,Y,Y,N,1500,,0.0,,,,,,,,0.0,0.0,0.0,0.0,0,0.0,0.0,0.0,0.0,N
5821,14,1,2025-10-10 17:25:09.000,1320962443,2026-07-07 09:05:51.043,Hard Tech,Платка PCB  GI2IGLI2,PCB  GI2IGLI2,00000855,M,L,L,бр.,,0.0,0.0,0.0,0.0,0.0,,Платка,N,1.0,2.0,,HardTech,,,0.0,1.5,,,,,,,0,Y,0,,0.0,,0,0.0,0.0,Y,Y,Y,N,1528,,0.0,,,,,,,,0.0,0.0,0.0,0.0,0,0.0,0.0,0.0,0.0,N
5821,16,1,2025-10-10 17:25:09.000,1320962443,2026-07-07 09:05:51.043,Hard Tech,Платка PCB  GI2OUT44,PCB  GI2OUT44,00000860,M,L,L,бр.,,0.0,0.0,0.0,0.0,0.0,,Платка,N,1.0,2.0,,HardTech,,,0.0,1.5,,,,,,,0,Y,0,,0.0,,0,0.0,0.0,Y,Y,Y,N,1550,,0.0,,,,,,,,0.0,0.0,0.0,0.0,0,0.0,0.0,0.0,0.0,N
5821,18,1,2025-10-10 17:25:09.000,1320962443,2026-07-07 09:05:51.043,Hard Tech,Платка PCB  GI2OUT08,PCB  GI2OUT08,00000858,M,L,L,бр.,,0.0,0.0,0.0,0.0,0.0,,Платка,N,1.0,2.0,,HardTech,,,0.0,1.5,,,,,,,0,Y,0,,0.0,,0,0.0,0.0,Y,Y,Y,N,1576,,0.0,,,,,,,,0.0,0.0,0.0,0.0,0,0.0,0.0,0.0,0.0,N
5821,20,1,2025-10-10 17:25:09.000,1320962443,2026-07-07 09:05:51.043,Hard Tech,Платка PCB  G2UART12,PCB  G2UART12,00000851,M,L,L,бр.,,0.0,0.0,0.0,0.0,0.0,,Платка,N,1.0,2.0,,HardTech,,,0.0,1.5,,,,,,,0,Y,0,,0.0,,0,0.0,0.0,Y,Y,Y,N,1597,,0.0,,,,,,,,0.0,0.0,0.0,0.0,0,0.0,0.0,0.0,0.0,N
5821,22,1,2025-10-10 17:25:09.000,1320962443,2026-07-07 09:05:51.043,Hard Tech,Платка PCB  GI2LD8AL,PCB  GI2LD8AL,00000857,M,L,L,бр.,,0.0,0.0,0.0,0.0,0.0,,Платка,N,1.0,2.0,,HardTech,,,0.0,1.5,,,,,,,0,Y,0,,0.0,,0,0.0,0.0,Y,Y,Y,N,1613,,0.0,,,,,,,,0.0,0.0,0.0,0.0,0,0.0,0.0,0.0,0.0,N
5821,24,1,2025-10-10 17:25:09.000,1320962443,2026-07-07 09:05:51.043,Hard Tech,Платка PCB  GI1UART2,PCB  GI1UART2,00000854,M,L,L,бр.,,0.0,0.0,0.0,0.0,0.0,,Платка,N,1.0,2.0,,HardTech,,,0.0,1.5,,,,,,,0,Y,0,,0.0,,0,0.0,0.0,Y,Y,Y,N,1623,,0.0,,,,,,,,0.0,0.0,0.0,0.0,0,0.0,0.0,0.0,0.0,N
5822,0,1,2025-10-10 17:25:10.000,1320962443,2026-07-07 09:05:51.043,Hard Tech,Платка PCB  GI2SGM20,PCB  GI2SGM20,00000862,M,L,L,бр.,,0.0,0.0,0.0,0.0,0.0,,Платка,N,1.0,2.0,,HardTech,,,0.0,1.5,,,,,,,0,Y,0,,0.0,,0,0.0,0.0,Y,Y,Y,N,1639,,0.0,,,,,,,,0.0,0.0,0.0,0.0,0,0.0,0.0,0.0,0.0,N
5822,2,1,2025-10-10 17:25:10.000,1320962443,2026-07-07 09:05:51.043,Hard Tech,Платка PCB  GI4SYS20,PCB  GI4SYS20,00000864,M,L,L,бр.,,0.0,0.0,0.0,0.0,0.0,,Платка,N,1.0,2.0,,HardTech,,,0.0,1.5,,,,,,,0,Y,0,,0.0,,0,0.0,0.0,Y,Y,Y,N,1651,,0.0,,,,,,,,0.0,0.0,0.0,0.0,0,0.0,0.0,0.0,0.0,N
5822,4,1,2025-10-10 17:25:10.000,1320962443,2026-07-07 09:05:51.043,Hard Tech,Платка PCB  GI2OUT16,PCB  GI2OUT16,00000859,M,L,L,бр.,,0.0,0.0,0.0,0.0,0.0,,Платка,N,1.0,2.0,,HardTech,,,0.0,1.5,,,,,,,0,Y,0,,0.0,,0,0.0,0.0,Y,Y,Y,N,1695,,0.0,,,,,,,,0.0,0.0,0.0,0.0,0,0.0,0.0,0.0,0.0,N
5822,6,1,2025-10-10 17:25:10.000,1320962443,2026-07-07 09:05:51.043,Hard Tech,Платка PCB  GI1SCPU1,PCB  GI1SCPU1,00000853,M,L,L,бр.,,0.0,0.0,0.0,0.0,0.0,,Платка,N,1.0,2.0,,HardTech,,,0.0,1.5,,,,,,,0,Y,0,,0.0,,0,0.0,0.0,Y,Y,Y,N,1713,,0.0,,,,,,,,0.0,0.0,0.0,0.0,0,0.0,0.0,0.0,0.0,N
5822,8,1,2025-10-10 17:25:08.000,1320962443,2026-07-07 08:59:45.300,2) Материали за платки,Резистор SMD R0603 430 1%,R0603 430 1%,00000945,M,L,L,бр.,,0.0,0.0,0.0,0.0,0.0,,Резистор SMD,N,1.0,2.0,,Comet,,,0.0,1.5,,,,,,,0,Y,0,,0.0,,0,0.0,0.0,Y,Y,Y,N,1422,,0.0,,,,,,,,0.0,0.0,0.0,0.0,0,0.0,0.0,0.0,0.0,N
5822,10,1,2025-10-10 17:25:08.000,1320962443,2026-07-07 08:59:45.300,2) Материали за платки,Резистор SMD R0805 1k0 1%,R0805 1k0 1%,00000950,M,L,L,бр.,,0.0,0.0,0.0,0.0,0.0,,Резистор SMD,N,1.0,2.0,,Comet,,,0.0,1.5,,,,,,,0,Y,0,,0.0,,0,0.0,0.0,Y,Y,Y,N,1423,,0.0,,,,,,,,0.0,0.0,0.0,0.0,0,0.0,0.0,0.0,0.0,N
5822,12,1,2025-10-10 17:25:08.000,1320962443,2026-07-07 08:59:45.300,2) Материали за платки,Резистор SMD R0805 4k7 1%,R0805 4k7 1%,00000955,M,L,L,бр.,,0.0,0.0,0.0,0.0,0.0,,Резистор SMD,N,1.0,2.0,,Comet,,,0.0,1.5,,,,,,,0,Y,0,,0.0,,0,0.0,0.0,Y,Y,Y,N,1424,,0.0,,,,,,,,0.0,0.0,0.0,0.0,0,0.0,0.0,0.0,0.0,N
5822,14,1,2025-10-10 17:25:08.000,1320962443,2026-07-07 08:59:45.300,2) Материали за платки,Резистор SMD R0805 8k2 1%,R0805 8k2 1%,00000956,M,L,L,бр.,,0.0,0.0,0.0,0.0,0.0,,Резистор SMD,N,1.0,2.0,,Comet,,,0.0,1.5,,,,,,,0,Y,0,,0.0,,0,0.0,0.0,Y,Y,Y,N,1425,,0.0,,,,,,,,0.0,0.0,0.0,0.0,0,0.0,0.0,0.0,0.0,N
5822,16,1,2025-10-10 17:25:08.000,1320962443,2026-07-07 08:59:45.300,2) Материали за платки,Рез.матрица TH 8x1k0,8x1k0,00000941,M,L,L,бр.,,0.0,0.0,0.0,0.0,0.0,,Рез.матрица TH,N,1.0,2.0,,Comet,,,0.0,1.5,,,,,,,0,Y,0,,0.0,,0,0.0,0.0,Y,Y,Y,N,1426,,0.0,,,,,,,,0.0,0.0,0.0,0.0,0,0.0,0.0,0.0,0.0,N
5822,18,1,2025-10-10 17:25:08.000,1320962443,2026-07-07 08:59:45.300,2) Материали за платки,Рез.матрица TH 8x4k7,8x4k7,00000942,M,L,L,бр.,,0.0,0.0,0.0,0.0,0.0,,Рез.матрица TH,N,1.0,2.0,,Comet,,,0.0,1.5,,,,,,,0,Y,0,,0.0,,0,0.0,0.0,Y,Y,Y,N,1427,,0.0,,,,,,,,0.0,0.0,0.0,0.0,0,0.0,0.0,0.0,0.0,N
5822,20,1,2025-10-10 17:25:08.000,1320962443,2026-07-07 08:59:45.300,2) Материали за платки,Кондензатор SMD C0805 30pF,C0805 30pF,00000671,M,L,L,бр.,,0.0,0.0,0.0,0.0,0.0,,Кондензатор SMD,N,1.0,2.0,,Comet,,,0.0,1.5,,,,,,,0,Y,0,,0.0,,0,0.0,0.0,Y,Y,Y,N,1428,,0.0,,,,,,,,0.0,0.0,0.0,0.0,0,0.0,0.0,0.0,0.0,N
5822,22,1,2025-10-10 17:25:08.000,1320962443,2026-07-07 08:59:45.300,2) Материали за платки,Кондензатор SMD C0805 100nF,C0805 100nF,00000669,M,L,L,бр.,,0.0,0.0,0.0,0.0,0.0,,Кондензатор SMD,N,1.0,2.0,,Comet,,,0.0,1.5,,,,,,,0,Y,0,,0.0,,0,0.0,0.0,Y,Y,Y,N,1429,,0.0,,,,,,,,0.0,0.0,0.0,0.0,0,0.0,0.0,0.0,0.0,N
5822,24,1,2025-10-10 17:25:08.000,1320962443,2026-07-07 08:59:45.300,2) Материали за платки,Кондензатор SMD C0805 10uF,C0805 10uF,00000670,M,L,L,бр.,,0.0,0.0,0.0,0.0,0.0,,Кондензатор SMD,N,1.0,2.0,,Comet,,,0.0,1.5,,,,,,,0,Y,0,,0.0,,0,0.0,0.0,Y,Y,Y,N,1430,,0.0,,,,,,,,0.0,0.0,0.0,0.0,0,0.0,0.0,0.0,0.0,N
5823,0,1,2025-10-10 17:25:08.000,1320962443,2026-07-07 08:59:45.300,2) Материали за платки,Конд. Електр. TH 100uF / 35V,100uF / 35V,00000667,M,L,L,бр.,,0.0,0.0,0.0,0.0,0.0,,Конд. Електр. TH,N,1.0,2.0,,HardTech,,,0.0,1.5,,,,,,,0,Y,0,,0.0,,0,0.0,0.0,Y,Y,Y,N,1431,,0.0,,,,,,,,0.0,0.0,0.0,0.0,0,0.0,0.0,0.0,0.0,N
5823,2,1,2025-10-10 17:25:08.000,1320962443,2026-07-07 08:59:45.300,2) Материали за платки,"Кварцов резонатор Q11,0592MHz","Q11,0592MHz",00000621,M,L,L,бр.,,0.0,0.0,0.0,0.0,0.0,,Кварцов резонатор,N,1.0,2.0,,Comet,,,0.0,1.5,,,,,,,0,Y,0,,0.0,,0,0.0,0.0,Y,Y,Y,N,1432,,0.0,,,,,,,,0.0,0.0,0.0,0.0,0,0.0,0.0,0.0,0.0,N
5823,4,1,2025-10-10 17:25:08.000,1320962443,2026-07-07 08:59:45.300,2) Материали за платки,Цангов цокъл 2x4 М08,М08,00001166,M,L,L,бр.,,0.0,0.0,0.0,0.0,0.0,,Цангов цокъл 2x4,N,1.0,2.0,,Comet,,,0.0,1.5,,,,,,,0,Y,0,,0.0,,0,0.0,0.0,Y,Y,Y,N,1433,,0.0,,,,,,,,0.0,0.0,0.0,0.0,0,0.0,0.0,0.0,0.0,N
5823,6,1,2025-10-10 17:25:08.000,1320962443,2026-06-16 13:30:08.978,Платки - Green Innovation,Цокъл  М16,М16,00001168,M,L,L,бр.,,,0.32211388515361766,0.0,0.0,0.0,,Цангов цокъл 2x8,N,20.0,20.0,,КОМЕТ ЕЛЕКТРОНИКС ООД,,,0.0,1.5,,,,,,,0,Y,0,,0.0,,0,0.0,0.0,Y,Y,Y,N,1434,,0.0,,,,,,,,0.0,0.0,0.0,0.0,0,0.0,0.0,0.0,0.0,N
5823,8,1,2025-10-10 17:25:08.000,1320962443,2026-07-07 08:59:45.300,2) Материали за платки,Цангов цокъл 2x10 М20,М20,00001165,M,L,L,бр.,,0.0,0.0,0.0,0.0,0.0,,Цангов цокъл 2x10,N,1.0,2.0,,Comet,,,0.0,1.5,,,,,,,0,Y,0,,0.0,,0,0.0,0.0,Y,Y,Y,N,1435,,0.0,,,,,,,,0.0,0.0,0.0,0.0,0,0.0,0.0,0.0,0.0,N
5823,10,1,2025-10-10 17:25:08.000,1320962443,2026-07-07 08:59:45.300,2) Материали за платки,Цангова редичка 1x5 M5S,M5S,00001170,M,L,L,бр.,,0.0,0.0,0.0,0.0,0.0,,Цангова редичка 1x5,N,1.0,2.0,,Comet,,,0.0,1.5,,,,,,,0,Y,0,,0.0,,0,0.0,0.0,Y,Y,Y,N,1436,,0.0,,,,,,,,0.0,0.0,0.0,0.0,0,0.0,0.0,0.0,0.0,N
5823,12,1,2025-10-10 17:25:08.000,1320962443,2026-07-07 08:59:45.300,2) Материали за платки,Инт.схема SMD 24C01,24C01,00000550,M,L,L,бр.,,0.0,0.0,0.0,0.0,0.0,,Инт.схема SMD,N,1.0,2.0,,Comet,,,0.0,1.5,,,,,,,0,Y,0,,0.0,,0,0.0,0.0,Y,Y,Y,N,1437,,0.0,,,,,,,,0.0,0.0,0.0,0.0,0,0.0,0.0,0.0,0.0,N
5823,14,1,2025-10-10 17:25:08.000,1320962443,2026-07-07 08:59:45.300,2) Материали за платки,Инт.схема SMD HEF4050,HEF4050,00000554,M,L,L,бр.,,0.0,0.0,0.0,0.0,0.0,,Инт.схема SMD,N,1.0,2.0,,Comet,,,0.0,1.5,,,,,,,0,Y,0,,0.0,,0,0.0,0.0,Y,Y,Y,N,1438,,0.0,,,,,,,,0.0,0.0,0.0,0.0,0,0.0,0.0,0.0,0.0,N
5823,16,1,2025-10-10 17:25:08.000,1320962443,2026-07-07 08:59:45.300,2) Материали за платки,Инт.схема SMD HEF4094,HEF4094,00000555,M,L,L,бр.,,0.0,0.0,0.0,0.0,0.0,,Инт.схема SMD,N,1.0,2.0,,Comet,,,0.0,1.5,,,,,,,0,Y,0,,0.0,,0,0.0,0.0,Y,Y,Y,N,1439,,0.0,,,,,,,,0.0,0.0,0.0,0.0,0,0.0,0.0,0.0,0.0,N
5823,18,1,2025-10-10 17:25:08.000,1320962443,2026-07-07 08:59:45.300,2) Материали за платки,Инт.схема TH 8pin SN75176BP,SN75176BP,00000569,M,L,L,бр.,,0.0,0.0,0.0,0.0,0.0,,Инт.схема TH 8pin,N,1.0,2.0,,Comet,,,0.0,1.5,,,,,,,0,Y,0,,0.0,,0,0.0,0.0,Y,Y,Y,N,1440,,0.0,,,,,,,,0.0,0.0,0.0,0.0,0,0.0,0.0,0.0,0.0,N
5823,20,1,2025-10-10 17:25:08.000,1320962443,2026-07-07 08:59:45.300,2) Материали за платки,Инт.схема TH 16pin HEF4021,HEF4021,00000563,M,L,L,бр.,,0.0,0.0,0.0,0.0,0.0,,Инт.схема TH 16pin,N,1.0,2.0,,Comet,,,0.0,1.5,,,,,,,0,Y,0,,0.0,,0,0.0,0.0,Y,Y,Y,N,1441,,0.0,,,,,,,,0.0,0.0,0.0,0.0,0,0.0,0.0,0.0,0.0,N
5823,22,1,2025-10-10 17:25:08.000,1320962443,2026-07-07 08:59:45.300,2) Материали за платки,Инт.схема TH 16 pin HEF4050,HEF4050,00000561,M,L,L,бр.,,0.0,0.0,0.0,0.0,0.0,,Инт.схема TH 16 pin,N,1.0,2.0,,Comet,,,0.0,1.5,,,,,,,0,Y,0,,0.0,,0,0.0,0.0,Y,Y,Y,N,1442,,0.0,,,,,,,,0.0,0.0,0.0,0.0,0,0.0,0.0,0.0,0.0,N
5823,24,1,2025-10-10 17:25:08.000,1320962444,2026-07-07 08:59:45.300,2) Материали за платки,Инт.схема TH 16 pin HEF4094,HEF4094,00000562,M,L,L,бр.,,0.0,0.0,0.0,0.0,0.0,,Инт.схема TH 16 pin,N,1.0,2.0,,Comet,,,0.0,1.5,,,,,,,0,Y,0,,0.0,,0,0.0,0.0,Y,Y,Y,N,1443,,0.0,,,,,,,,0.0,0.0,0.0,0.0,0,0.0,0.0,0.0,0.0,N
5824,0,1,2025-10-10 17:25:08.000,1320962444,2026-07-07 08:59:45.300,2) Материали за платки,Инт.схема TH 20 pin AT89C2051,AT89C2051,00000565,M,L,L,бр.,,0.0,0.0,0.0,0.0,0.0,,Инт.схема TH 20 pin,N,1.0,2.0,,Comet,,,0.0,1.5,,,,,,,0,Y,0,,0.0,,0,0.0,0.0,Y,Y,Y,N,1444,,0.0,,,,,,,,0.0,0.0,0.0,0.0,0,0.0,0.0,0.0,0.0,N
5824,2,1,2025-10-10 17:25:08.000,1320962444,2026-07-07 08:59:45.300,2) Материали за платки,Инт.схема TH 20 pin AT89C4051,AT89C4051,00000566,M,L,L,бр.,,0.0,0.0,0.0,0.0,0.0,,Инт.схема TH 20 pin,N,1.0,2.0,,Comet,,,0.0,1.5,,,,,,,0,Y,0,,0.0,,0,0.0,0.0,Y,Y,Y,N,1445,,0.0,,,,,,,,0.0,0.0,0.0,0.0,0,0.0,0.0,0.0,0.0,N
5824,4,1,2025-10-10 17:25:08.000,1320962444,2026-07-07 08:59:45.300,2) Материали за платки,Съединител TH 1x2 HN1X2,HN1X2,00001010,M,L,L,бр.,,0.0,0.0,0.0,0.0,0.0,,Съединител TH 1x2,N,1.0,2.0,,Comet,,,0.0,1.5,,,,,,,0,Y,0,,0.0,,0,0.0,0.0,Y,Y,Y,N,1446,,0.0,,,,,,,,0.0,0.0,0.0,0.0,0,0.0,0.0,0.0,0.0,N
5824,6,1,2025-10-10 17:25:08.000,1320962444,2026-07-07 08:59:45.300,2) Материали за платки,Съединител TH 2x5 HN2X5,HN2X5,00001026,M,L,L,бр.,,0.0,0.0,0.0,0.0,0.0,,Съединител TH 2x5,N,1.0,2.0,,Comet,,,0.0,1.5,,,,,,,0,Y,0,,0.0,,0,0.0,0.0,Y,Y,Y,N,1447,,0.0,,,,,,,,0.0,0.0,0.0,0.0,0,0.0,0.0,0.0,0.0,N
5824,8,1,2025-10-10 17:25:08.000,1320962444,2026-07-07 08:59:45.300,2) Материали за платки,Съединител TH 1x3 HD-515R 3P,HD-515R 3P,00001013,M,L,L,бр.,,0.0,0.0,0.0,0.0,0.0,,Съединител TH 1x3,N,1.0,2.0,,Comet,,,0.0,1.5,,,,,,,0,Y,0,,0.0,,0,0.0,0.0,Y,Y,Y,N,1448,,0.0,,,,,,,,0.0,0.0,0.0,0.0,0,0.0,0.0,0.0,0.0,N
5824,10,1,2025-10-10 17:25:08.000,1320962444,2026-07-07 08:59:45.300,2) Материали за платки,Съединител TH 1x6 HD-515R 6P,HD-515R 6P,00001019,M,L,L,бр.,,0.0,0.0,0.0,0.0,0.0,,Съединител TH 1x6,N,1.0,2.0,,Comet,,,0.0,1.5,,,,,,,0,Y,0,,0.0,,0,0.0,0.0,Y,Y,Y,N,1449,,0.0,,,,,,,,0.0,0.0,0.0,0.0,0,0.0,0.0,0.0,0.0,N
5824,12,1,2025-10-10 17:25:08.000,1320962444,2026-07-07 08:59:45.300,2) Материали за платки,Съединител TH 2x10 BH20S,BH20S,00001021,M,L,L,бр.,,0.0,0.0,0.0,0.0,0.0,,Съединител TH 2x10,N,1.0,2.0,,Comet,,,0.0,1.5,,,,,,,0,Y,0,,0.0,,0,0.0,0.0,Y,Y,Y,N,1450,,0.0,,,,,,,,0.0,0.0,0.0,0.0,0,0.0,0.0,0.0,0.0,N
5824,14,1,2025-10-10 17:25:08.000,1320962444,2026-07-07 08:59:45.300,2) Материали за платки,Съединител RJ45 RJ45 CAT6A,RJ45 CAT6A,00001005,M,L,L,бр.,,0.0,0.3476784792134286,0.0,0.0,0.0,,Съединител RJ45,N,1.0,2.0,,HardTech,,,0.0,1.5,,,,,,,0,Y,0,,0.0,,0,0.0,0.0,Y,Y,Y,N,1451,,0.0,,,,,,,,0.0,0.0,0.0,0.0,0,0.0,0.0,0.0,0.0,N
5824,16,1,2025-10-10 17:25:08.000,1320962444,2026-07-07 08:59:45.300,2) Материали за платки,Съединител TH 2x9 PN 2x9,PN 2x9,00001029,M,L,L,бр.,,0.0,0.0,0.0,0.0,0.0,,Съединител TH 2x9,N,1.0,2.0,,UniTel,,,0.0,1.5,,,,,,,0,Y,0,,0.0,,0,0.0,0.0,Y,Y,Y,N,1452,,0.0,,,,,,,,0.0,0.0,0.0,0.0,0,0.0,0.0,0.0,0.0,N
5824,18,1,2025-10-10 17:25:08.000,1320962444,2026-07-07 08:59:45.300,2) Материали за платки,Джъмпер 1x2 MJ6,MJ6,00000508,M,L,L,бр.,,0.0,0.0,0.0,0.0,0.0,,Джъмпер 1x2,N,1.0,2.0,,Comet,,,0.0,1.5,,,,,,,0,Y,0,,0.0,,0,0.0,0.0,Y,Y,Y,N,1453,,0.0,,,,,,,,0.0,0.0,0.0,0.0,0,0.0,0.0,0.0,0.0,N
5824,20,1,2025-10-10 17:25:08.000,1320962444,2026-07-07 08:59:45.300,2) Материали за платки,Захранващ модул IRM-30-5,IRM-30-5,00000537,M,L,L,бр.,,0.0,0.0,0.0,0.0,0.0,,Захранващ модул,N,1.0,2.0,,UniTel,,,0.0,1.5,,,,,,,0,Y,0,,0.0,,0,0.0,0.0,Y,Y,Y,N,1454,,0.0,,,,,,,,0.0,0.0,0.0,0.0,0,0.0,0.0,0.0,0.0,N
5824,22,1,2025-10-10 17:25:08.000,1320962444,2026-07-07 08:59:45.300,2) Материали за платки,Led Индикатор Rd SA56-11SURKWA,SA56-11SURKWA,00000307,M,L,L,бр.,,0.0,0.0,0.0,0.0,0.0,,Led Индикатор Rd,N,1.0,2.0,,Comet,,,0.0,1.5,,,,,,,0,Y,0,,0.0,,0,0.0,0.0,Y,Y,Y,N,1455,,0.0,,,,,,,,0.0,0.0,0.0,0.0,0,0.0,0.0,0.0,0.0,N
5825,0,1,2025-10-10 17:25:08.000,1320962444,2026-07-07 08:59:45.300,2) Материали за платки,Led Индикатор Gr SA56-11SGKWA,SA56-11SGKWA,00000306,M,L,L,бр.,,0.0,0.0,0.0,0.0,0.0,,Led Индикатор Gr,N,1.0,2.0,,Comet,,,0.0,1.5,,,,,,,0,Y,0,,0.0,,0,0.0,0.0,Y,Y,Y,N,1456,,0.0,,,,,,,,0.0,0.0,0.0,0.0,0,0.0,0.0,0.0,0.0,N
5825,2,1,2025-10-10 17:25:08.000,1320962444,2026-07-07 08:59:45.300,2) Материали за платки,Светодиод TH Led 3mm Red,Led 3mm Red,00000980,M,L,L,бр.,,0.0,0.0,0.0,0.0,0.0,,Светодиод TH,N,1.0,2.0,,Comet,,,0.0,1.5,,,,,,,0,Y,0,,0.0,,0,0.0,0.0,Y,Y,Y,N,1457,,0.0,,,,,,,,0.0,0.0,0.0,0.0,0,0.0,0.0,0.0,0.0,N
5825,4,1,2025-10-10 17:25:08.000,1320962444,2026-07-07 08:59:45.300,2) Материали за платки,Светодиод TH Led 3mm Yellow,Led 3mm Yellow,00000981,M,L,L,бр.,,0.0,0.0,0.0,0.0,0.0,,Светодиод TH,N,1.0,2.0,,Comet,,,0.0,1.5,,,,,,,0,Y,0,,0.0,,0,0.0,0.0,Y,Y,Y,N,1458,,0.0,,,,,,,,0.0,0.0,0.0,0.0,0,0.0,0.0,0.0,0.0,N
5825,6,1,2025-10-10 17:25:08.000,1320962444,2026-07-07 08:59:45.300,2) Материали за платки,Светодиод SMD Led 1206 Red,Led 1206 Red,00000978,M,L,L,бр.,,0.0,0.0,0.0,0.0,0.0,,Светодиод SMD,N,1.0,2.0,,Comet,,,0.0,1.5,,,,,,,0,Y,0,,0.0,,0,0.0,0.0,Y,Y,Y,N,1459,,0.0,,,,,,,,0.0,0.0,0.0,0.0,0,0.0,0.0,0.0,0.0,N
5825,8,1,2025-10-10 17:25:08.000,1320962444,2026-07-07 08:59:45.300,2) Материали за платки,Светодиод SMD Led 1206 Yellow,Led 1206 Yellow,00000979,M,L,L,бр.,,0.0,0.0,0.0,0.0,0.0,,Светодиод SMD,N,1.0,2.0,,Comet,,,0.0,1.5,,,,,,,0,Y,0,,0.0,,0,0.0,0.0,Y,Y,Y,N,1460,,0.0,,,,,,,,0.0,0.0,0.0,0.0,0,0.0,0.0,0.0,0.0,N
5825,10,1,2025-10-10 17:25:08.000,1320962444,2026-07-07 08:59:45.300,2) Материали за платки,Светодиод SMD Led 1206 Green,Led 1206 Green,00000977,M,L,L,бр.,,0.0,0.0,0.0,0.0,0.0,,Светодиод SMD,N,1.0,2.0,,Comet,,,0.0,1.5,,,,,,,0,Y,0,,0.0,,0,0.0,0.0,Y,Y,Y,N,1461,,0.0,,,,,,,,0.0,0.0,0.0,0.0,0,0.0,0.0,0.0,0.0,N
5825,12,1,2025-10-10 17:25:08.000,1320962444,2026-07-07 08:59:45.300,2) Материали за платки,Резистор SMD R0805 20 1%,R0805 20 1%,00000951,M,L,L,бр.,,0.0,0.0,0.0,0.0,0.0,,Резистор SMD,N,1.0,2.0,,Comet,,,0.0,1.5,,,,,,,0,Y,0,,0.0,,0,0.0,0.0,Y,Y,Y,N,1463,,0.0,,,,,,,,0.0,0.0,0.0,0.0,0,0.0,0.0,0.0,0.0,N
5825,14,1,2025-10-10 17:25:08.000,1320962444,2026-07-07 08:59:45.300,2) Материали за платки,Резистор SMD R0805 150 1%,R0805 150 1%,00000949,M,L,L,бр.,,0.0,0.0,0.0,0.0,0.0,,Резистор SMD,N,1.0,2.0,,Comet,,,0.0,1.5,,,,,,,0,Y,0,,0.0,,0,0.0,0.0,Y,Y,Y,N,1464,,0.0,,,,,,,,0.0,0.0,0.0,0.0,0,0.0,0.0,0.0,0.0,N
5825,16,1,2025-10-10 17:25:08.000,1320962444,2026-07-07 08:59:45.300,2) Материали за платки,Резистор SMD R0805 430 1%,R0805 430 1%,00000954,M,L,L,бр.,,0.0,0.0,0.0,0.0,0.0,,Резистор SMD,N,1.0,2.0,,Comet,,,0.0,1.5,,,,,,,0,Y,0,,0.0,,0,0.0,0.0,Y,Y,Y,N,1465,,0.0,,,,,,,,0.0,0.0,0.0,0.0,0,0.0,0.0,0.0,0.0,N
5825,18,1,2025-10-10 17:25:08.000,1320962444,2026-07-07 08:59:45.300,2) Материали за платки,Кондензатор SMD C0805 47uF,C0805 47uF,00000672,M,L,L,бр.,,0.0,0.0,0.0,0.0,0.0,,Кондензатор SMD,N,1.0,2.0,,Comet,,,0.0,1.5,,,,,,,0,Y,0,,0.0,,0,0.0,0.0,Y,Y,Y,N,1469,,0.0,,,,,,,,0.0,0.0,0.0,0.0,0,0.0,0.0,0.0,0.0,N
5825,20,1,2025-10-10 17:25:08.000,1320962444,2026-07-07 08:59:45.300,2) Материали за платки,Потенциометър TSR-3296-101R,TSR-3296-101R,00000883,M,L,L,бр.,,0.0,0.0,0.0,0.0,0.0,,Потенциометър,N,1.0,2.0,,Comet,,,0.0,1.5,,,,,,,0,Y,0,,0.0,,0,0.0,0.0,Y,Y,Y,N,1470,,0.0,,,,,,,,0.0,0.0,0.0,0.0,0,0.0,0.0,0.0,0.0,N
5825,22,1,2025-10-10 17:25:08.000,1320962444,2026-07-07 08:59:45.300,2) Материали за платки,Цангов цокъл 2x4 М8,М8,00001167,M,L,L,бр.,,0.0,0.0,0.0,0.0,0.0,,Цангов цокъл 2x4,N,1.0,2.0,,Comet,,,0.0,1.5,,,,,,,0,Y,0,,0.0,,0,0.0,0.0,Y,Y,Y,N,1471,,0.0,,,,,,,,0.0,0.0,0.0,0.0,0,0.0,0.0,0.0,0.0,N
5826,0,1,2025-10-10 17:25:08.000,1320962444,2026-07-07 08:59:45.300,2) Материали за платки,Инт.схема TH 8 pin MCP3002,MCP3002,00000567,M,L,L,бр.,,0.0,0.0,0.0,0.0,0.0,,Инт.схема TH 8 pin,N,1.0,2.0,,Comet,,,0.0,1.5,,,,,,,0,Y,0,,0.0,,0,0.0,0.0,Y,Y,Y,N,1473,,0.0,,,,,,,,0.0,0.0,0.0,0.0,0,0.0,0.0,0.0,0.0,N
5826,2,1,2025-10-10 17:25:08.000,1320962444,2026-07-07 08:59:45.300,2) Материали за платки,Инт.схема TH 16pin HEF4049,HEF4049,00000564,M,L,L,бр.,,0.0,0.0,0.0,0.0,0.0,,Инт.схема TH 16pin,N,1.0,2.0,,Comet,,,0.0,1.5,,,,,,,0,Y,0,,0.0,,0,0.0,0.0,Y,Y,Y,N,1474,,0.0,,,,,,,,0.0,0.0,0.0,0.0,0,0.0,0.0,0.0,0.0,N
5826,4,1,2025-10-10 17:25:08.000,1320962444,2026-07-07 08:59:45.300,2) Материали за платки,Инт.схема TH 16 pin 74HCT138,74HCT138,00000560,M,L,L,бр.,,0.0,0.0,0.0,0.0,0.0,,Инт.схема TH 16 pin,N,1.0,2.0,,Comet,,,0.0,1.5,,,,,,,0,Y,0,,0.0,,0,0.0,0.0,Y,Y,Y,N,1476,,0.0,,,,,,,,0.0,0.0,0.0,0.0,0,0.0,0.0,0.0,0.0,N
5826,6,1,2025-10-10 17:25:08.000,1320962444,2026-07-07 08:59:45.300,2) Материали за платки,Съединител TH 1x3 HN1X3,HN1X3,00001017,M,L,L,бр.,,0.0,0.0,0.0,0.0,0.0,,Съединител TH 1x3,N,1.0,2.0,,Comet,,,0.0,1.5,,,,,,,0,Y,0,,0.0,,0,0.0,0.0,Y,Y,Y,N,1478,,0.0,,,,,,,,0.0,0.0,0.0,0.0,0,0.0,0.0,0.0,0.0,N
5826,8,1,2025-10-10 17:25:08.000,1320962444,2026-07-07 08:59:45.300,2) Материали за платки,Съединител TH 2x4 HN2X4,HN2X4,00001024,M,L,L,бр.,,0.0,0.0,0.0,0.0,0.0,,Съединител TH 2x4,N,1.0,2.0,,Comet,,,0.0,1.5,,,,,,,0,Y,0,,0.0,,0,0.0,0.0,Y,Y,Y,N,1479,,0.0,,,,,,,,0.0,0.0,0.0,0.0,0,0.0,0.0,0.0,0.0,N
5826,10,1,2025-10-10 17:25:08.000,1320962444,2026-07-07 08:59:45.300,2) Материали за платки,Съединител TH 1x2 HD515V 2P,HD515V 2P,00001009,M,L,L,бр.,,0.0,0.0,0.0,0.0,0.0,,Съединител TH 1x2,N,1.0,2.0,,Comet,,,0.0,1.5,,,,,,,0,Y,0,,0.0,,0,0.0,0.0,Y,Y,Y,N,1480,,0.0,,,,,,,,0.0,0.0,0.0,0.0,0,0.0,0.0,0.0,0.0,N
5826,12,1,2025-10-10 17:25:08.000,1320962444,2026-07-07 08:59:45.300,2) Материали за платки,Съединител TH 1x3 HD515V 3P,HD515V 3P,00001015,M,L,L,бр.,,0.0,0.0,0.0,0.0,0.0,,Съединител TH 1x3,N,1.0,2.0,,Comet,,,0.0,1.5,,,,,,,0,Y,0,,0.0,,0,0.0,0.0,Y,Y,Y,N,1481,,0.0,,,,,,,,0.0,0.0,0.0,0.0,0,0.0,0.0,0.0,0.0,N
5826,14,1,2025-10-10 17:25:08.000,1320962444,2026-07-07 08:59:45.300,2) Материали за платки,Захранващ модул IRM-20-24,IRM-20-24,00000535,M,L,L,бр.,,0.0,0.0,0.0,0.0,0.0,,Захранващ модул,N,1.0,2.0,,UniTel,,,0.0,1.5,,,,,,,0,Y,0,,0.0,,0,0.0,0.0,Y,Y,Y,N,1484,,0.0,,,,,,,,0.0,0.0,0.0,0.0,0,0.0,0.0,0.0,0.0,N
5826,16,1,2025-10-10 17:25:08.000,1320962444,2026-07-07 08:59:45.300,2) Материали за платки,Резистор SMD R0805 100 1%,R0805 100 1%,00000948,M,L,L,бр.,,0.0,0.0,0.0,0.0,0.0,,Резистор SMD,N,1.0,2.0,,Comet,,,0.0,1.5,,,,,,,0,Y,0,,0.0,,0,0.0,0.0,Y,Y,Y,N,1488,,0.0,,,,,,,,0.0,0.0,0.0,0.0,0,0.0,0.0,0.0,0.0,N
5826,18,1,2025-10-10 17:25:08.000,1320962444,2026-07-07 08:59:45.300,2) Материали за платки,Инт.схема SMD HEF4021BT,HEF4021BT,00000552,M,L,L,бр.,,0.0,0.11759713267513025,0.0,0.0,0.0,,Инт.схема SMD,N,1.0,2.0,,Comet,,,0.0,1.5,,,,,,,0,Y,0,,0.0,,0,0.0,0.0,Y,Y,Y,N,1493,,0.0,,,,,,,,0.0,0.0,0.0,0.0,0,0.0,0.0,0.0,0.0,N
5826,20,1,2025-10-10 17:25:08.000,1320962444,2026-07-07 08:59:45.300,2) Материали за платки,IC - оптрон TH LTV817,LTV817,00000302,M,L,L,бр.,,0.0,0.04015175143033904,0.0,0.0,0.0,,IC - оптрон TH,N,1.0,2.0,,Comet,,,0.0,1.5,,,,,,,0,Y,0,,0.0,,0,0.0,0.0,Y,Y,Y,N,1494,,0.0,,,,,,,,0.0,0.0,0.0,0.0,0,0.0,0.0,0.0,0.0,N
5826,22,1,2025-10-10 17:25:08.000,1320962444,2026-07-07 08:59:45.300,2) Материали за платки,Съединител TH HN2X5,HN2X5,00001032,M,L,L,бр.,,0.0,0.0,0.0,0.0,0.0,,Съединител TH,N,1.0,2.0,,Comet,,,0.0,1.5,,,,,,,0,Y,0,,0.0,,0,0.0,0.0,Y,Y,Y,N,1495,,0.0,,,,,,,,0.0,0.0,0.0,0.0,0,0.0,0.0,0.0,0.0,N
5826,24,1,2025-10-10 17:25:08.000,1320962445,2026-07-07 08:59:45.300,2) Материали за платки,Съединител TH HD515R 2P,HD515R 2P,00001031,M,L,L,бр.,,0.0,0.0,0.0,0.0,0.0,,Съединител TH,N,1.0,2.0,,Comet,,,0.0,1.5,,,,,,,0,Y,0,,0.0,,0,0.0,0.0,Y,Y,Y,N,1496,,0.0,,,,,,,,0.0,0.0,0.0,0.0,0,0.0,0.0,0.0,0.0,N
5827,0,1,2025-10-10 17:25:09.000,1320962445,2026-07-07 08:59:45.300,2) Материали за платки,Съединител TH 2x5 HN2X10,HN2X10,00001025,M,L,L,бр.,,0.0,0.0,0.0,0.0,0.0,,Съединител TH 2x5,N,1.0,2.0,,Comet,,,0.0,1.5,,,,,,,0,Y,0,,0.0,,0,0.0,0.0,Y,Y,Y,N,1517,,0.0,,,,,,,,0.0,0.0,0.0,0.0,0,0.0,0.0,0.0,0.0,N
5827,2,1,2025-10-10 17:25:09.000,1320962445,2026-07-07 08:59:45.300,2) Материали за платки,Съединител TH 1x3 HD-515R 2P,HD-515R 2P,00001012,M,L,L,бр.,,0.0,0.0,0.0,0.0,0.0,,Съединител TH 1x3,N,1.0,2.0,,Comet,,,0.0,1.5,,,,,,,0,Y,0,,0.0,,0,0.0,0.0,Y,Y,Y,N,1518,,0.0,,,,,,,,0.0,0.0,0.0,0.0,0,0.0,0.0,0.0,0.0,N
5827,4,1,2025-10-10 17:25:09.000,1320962445,2026-07-07 08:59:45.300,2) Материали за платки,Захранващ модул IRM-05-5,IRM-05-5,00000533,M,L,L,бр.,,0.0,0.0,0.0,0.0,0.0,,Захранващ модул,N,1.0,2.0,,UniTel,,,0.0,1.5,,,,,,,0,Y,0,,0.0,,0,0.0,0.0,Y,Y,Y,N,1522,,0.0,,,,,,,,0.0,0.0,0.0,0.0,0,0.0,0.0,0.0,0.0,N
5827,6,1,2025-10-10 17:25:09.000,1320962445,2026-07-07 08:59:45.300,2) Материали за платки,Резистор SMD R1206 4k7 1%,R1206 4k7 1%,00000960,M,L,L,бр.,,0.0,0.0,0.0,0.0,0.0,,Резистор SMD,N,1.0,2.0,,Comet,,,0.0,1.5,,,,,,,0,Y,0,,0.0,,0,0.0,0.0,Y,Y,Y,N,1533,,0.0,,,,,,,,0.0,0.0,0.0,0.0,0,0.0,0.0,0.0,0.0,N
5827,8,1,2025-10-10 17:25:09.000,1320962445,2026-07-07 08:59:45.300,2) Материали за платки,Конд. Електр. SMD C0805 47uF / 10V,C0805 47uF / 10V,00000666,M,L,L,бр.,,0.0,0.0,0.0,0.0,0.0,,Конд. Електр. SMD,N,1.0,2.0,,HardTech,,,0.0,1.5,,,,,,,0,Y,0,,0.0,,0,0.0,0.0,Y,Y,Y,N,1535,,0.0,,,,,,,,0.0,0.0,0.0,0.0,0,0.0,0.0,0.0,0.0,N
5827,10,1,2025-10-10 17:25:09.000,1320962445,2026-07-07 08:59:45.300,2) Материали за платки,Инт.схема SMD MCP3002,MCP3002,00000557,M,L,L,бр.,,0.0,0.0,0.0,0.0,0.0,,Инт.схема SMD,N,1.0,2.0,,Comet,,,0.0,1.5,,,,,,,0,Y,0,,0.0,,0,0.0,0.0,Y,Y,Y,N,1537,,0.0,,,,,,,,0.0,0.0,0.0,0.0,0,0.0,0.0,0.0,0.0,N
5827,12,1,2025-10-10 17:25:09.000,1320962445,2026-07-07 08:59:45.300,2) Материали за платки,Инт.схема SMD MCP41010,MCP41010,00000558,M,L,L,бр.,,0.0,0.0,0.0,0.0,0.0,,Инт.схема SMD,N,1.0,2.0,,Comet,,,0.0,1.5,,,,,,,0,Y,0,,0.0,,0,0.0,0.0,Y,Y,Y,N,1538,,0.0,,,,,,,,0.0,0.0,0.0,0.0,0,0.0,0.0,0.0,0.0,N
5827,14,1,2025-10-10 17:25:09.000,1320962445,2026-07-07 08:59:45.300,2) Материали за платки,Съединител TH 2x9 HR2X9,HR2X9,00001028,M,L,L,бр.,,0.0,0.0,0.0,0.0,0.0,,Съединител TH 2x9,N,1.0,2.0,,Comet,,,0.0,1.5,,,,,,,0,Y,0,,0.0,,0,0.0,0.0,Y,Y,Y,N,1540,,0.0,,,,,,,,0.0,0.0,0.0,0.0,0,0.0,0.0,0.0,0.0,N
5827,16,1,2025-10-10 17:25:09.000,1320962445,2026-07-07 08:59:45.300,2) Материали за платки,Съединител TH 1x2 HD-515R 2P,HD-515R 2P,00001007,M,L,L,бр.,,0.0,0.0,0.0,0.0,0.0,,Съединител TH 1x2,N,1.0,2.0,,Comet,,,0.0,1.5,,,,,,,0,Y,0,,0.0,,0,0.0,0.0,Y,Y,Y,N,1541,,0.0,,,,,,,,0.0,0.0,0.0,0.0,0,0.0,0.0,0.0,0.0,N
5827,18,1,2025-10-10 17:25:09.000,1320962445,2026-07-07 08:59:45.300,2) Материали за платки,Съединител TH 1x2 HD-515V 2P,HD-515V 2P,00001008,M,L,L,бр.,,0.0,0.0,0.0,0.0,0.0,,Съединител TH 1x2,N,1.0,2.0,,Comet,,,0.0,1.5,,,,,,,0,Y,0,,0.0,,0,0.0,0.0,Y,Y,Y,N,1542,,0.0,,,,,,,,0.0,0.0,0.0,0.0,0,0.0,0.0,0.0,0.0,N
5827,20,1,2025-10-10 17:25:09.000,1320962445,2026-07-07 08:59:45.300,2) Материали за платки,Съединител TH 1x4 HD-515V 4P,HD-515V 4P,00001018,M,L,L,бр.,,0.0,0.0,0.0,0.0,0.0,,Съединител TH 1x4,N,1.0,2.0,,Comet,,,0.0,1.5,,,,,,,0,Y,0,,0.0,,0,0.0,0.0,Y,Y,Y,N,1543,,0.0,,,,,,,,0.0,0.0,0.0,0.0,0,0.0,0.0,0.0,0.0,N
5827,22,1,2025-10-10 17:25:09.000,1320962445,2026-07-07 08:59:45.300,2) Материали за платки,Transmiter 0-5VDC>4-20mA,0-5VDC>4-20mA,00000374,M,L,L,бр.,,0.0,0.0,0.0,0.0,0.0,,Transmiter,N,1.0,2.0,,Delta Instr.,,,0.0,1.5,,,,,,,0,Y,0,,0.0,,0,0.0,0.0,Y,Y,Y,N,1545,,0.0,,,,,,,,0.0,0.0,0.0,0.0,0,0.0,0.0,0.0,0.0,N
5828,0,1,2025-10-10 17:25:09.000,1320962445,2026-07-07 08:59:45.300,2) Материали за платки,Захранващ модул IRM-60-24,IRM-60-24,00000538,M,L,L,бр.,,0.0,0.0,0.0,0.0,0.0,,Захранващ модул,N,1.0,2.0,,UniTel,,,0.0,1.5,,,,,,,0,Y,0,,0.0,,0,0.0,0.0,Y,Y,Y,N,1546,,0.0,,,,,,,,0.0,0.0,0.0,0.0,0,0.0,0.0,0.0,0.0,N
5828,2,1,2025-10-10 17:25:09.000,1320962445,2026-07-07 08:59:45.300,2) Материали за платки,Резистор SMD R0603 4k7 1%,R0603 4k7 1%,00000946,M,L,L,бр.,,0.0,0.004003415429766391,0.0,0.0,0.0,,Резистор SMD,N,1.0,2.0,,Comet,,,0.0,1.5,,,,,,,0,Y,0,,0.0,,0,0.0,0.0,Y,Y,Y,N,1551,,0.0,,,,,,,,0.0,0.0,0.0,0.0,0,0.0,0.0,0.0,0.0,N
5828,4,1,2025-10-10 17:25:09.000,1320962445,2026-07-07 08:59:45.300,2) Материали за платки,Резистор SMD R1206 100 1%,R1206 100 1%,00000957,M,L,L,бр.,,0.0,0.007214328443678642,0.0,0.0,0.0,,Резистор SMD,N,1.0,2.0,,Comet,,,0.0,1.5,,,,,,,0,Y,0,,0.0,,0,0.0,0.0,Y,Y,Y,N,1553,,0.0,,,,,,,,0.0,0.0,0.0,0.0,0,0.0,0.0,0.0,0.0,N
5828,6,1,2025-10-10 17:25:09.000,1320962445,2026-07-07 08:59:45.300,2) Материали за платки,Резистор SMD R1206 1k0 1%,R1206 1k0 1%,00000958,M,L,L,бр.,,0.0,0.007214328443678642,0.0,0.0,0.0,,Резистор SMD,N,1.0,2.0,,Comet,,,0.0,1.5,,,,,,,0,Y,0,,0.0,,0,0.0,0.0,Y,Y,Y,N,1554,,0.0,,,,,,,,0.0,0.0,0.0,0.0,0,0.0,0.0,0.0,0.0,N
5828,8,1,2025-10-10 17:25:09.000,1320962445,2026-07-07 08:59:45.300,2) Материали за платки,Резистор SMD R1206 20k 1%,R1206 20k 1%,00000959,M,L,L,бр.,,0.0,0.007214328443678642,0.0,0.0,0.0,,Резистор SMD,N,1.0,2.0,,Comet,,,0.0,1.5,,,,,,,0,Y,0,,0.0,,0,0.0,0.0,Y,Y,Y,N,1555,,0.0,,,,,,,,0.0,0.0,0.0,0.0,0,0.0,0.0,0.0,0.0,N
5828,10,1,2025-10-10 17:25:09.000,1320962445,2026-07-07 08:59:45.300,2) Материали за платки,Диод SMD SMA 1N4007,1N4007,00000510,M,L,L,бр.,,0.0,0.0079096854021055,0.0,0.0,0.0,,Диод SMD SMA,N,1.0,2.0,,Comet,,,0.0,1.5,,,,,,,0,Y,0,,0.0,,0,0.0,0.0,Y,Y,Y,N,1558,,0.0,,,,,,,,0.0,0.0,0.0,0.0,0,0.0,0.0,0.0,0.0,N
5828,12,1,2025-10-10 17:25:09.000,1320962445,2026-07-07 08:59:45.300,2) Материали за платки,Транзистор DPAK 2SD2143TL,2SD2143TL,00001072,M,L,L,бр.,,0.0,0.0,0.0,0.0,0.0,,Транзистор DPAK,N,1.0,2.0,,Comet,,,0.0,1.5,,,,,,,0,Y,0,,0.0,,0,0.0,0.0,Y,Y,Y,N,1559,,0.0,,,,,,,,0.0,0.0,0.0,0.0,0,0.0,0.0,0.0,0.0,N
5828,14,1,2025-10-10 17:25:09.000,1320962445,2026-07-07 08:59:45.300,2) Материали за платки,Тиристор Т2535,Т2535,00001069,M,L,L,бр.,,0.0,0.0,0.0,0.0,0.0,,Тиристор,N,1.0,2.0,,Comet,,,0.0,1.5,,,,,,,0,Y,0,,0.0,,0,0.0,0.0,Y,Y,Y,N,1560,,0.0,,,,,,,,0.0,0.0,0.0,0.0,0,0.0,0.0,0.0,0.0,N
5828,16,1,2025-10-10 17:25:09.000,1320962445,2026-07-07 08:59:45.300,2) Материали за платки,Цангов цокъл 2x9 М18,М18,00001169,M,L,L,бр.,,0.0,0.0,0.0,0.0,0.0,,Цангов цокъл 2x9,N,1.0,2.0,,Comet,,,0.0,1.5,,,,,,,0,Y,0,,0.0,,0,0.0,0.0,Y,Y,Y,N,1562,,0.0,,,,,,,,0.0,0.0,0.0,0.0,0,0.0,0.0,0.0,0.0,N
5828,18,1,2025-10-10 17:25:09.000,1320962445,2026-07-07 08:59:45.300,2) Материали за платки,Инт.схема TH MOC3043,MOC3043,00000571,M,L,L,бр.,,0.0,0.0,0.0,0.0,0.0,,Инт.схема TH,N,1.0,2.0,,Comet,,,0.0,1.5,,,,,,,0,Y,0,,0.0,,0,0.0,0.0,Y,Y,Y,N,1563,,0.0,,,,,,,,0.0,0.0,0.0,0.0,0,0.0,0.0,0.0,0.0,N
5828,20,1,2025-10-10 17:25:09.000,1320962445,2026-07-07 08:59:45.300,2) Материали за платки,Инт.схема TH HEF4094BT,HEF4094BT,00000570,M,L,L,бр.,,0.0,0.0,0.0,0.0,0.0,,Инт.схема TH,N,1.0,2.0,,Comet,,,0.0,1.5,,,,,,,0,Y,0,,0.0,,0,0.0,0.0,Y,Y,Y,N,1564,,0.0,,,,,,,,0.0,0.0,0.0,0.0,0,0.0,0.0,0.0,0.0,N
5828,22,1,2025-10-10 17:25:09.000,1320962445,2026-07-07 08:59:45.300,2) Материали за платки,Инт.схема TH ULN2803A,ULN2803A,00000572,M,L,L,бр.,,0.0,0.0,0.0,0.0,0.0,,Инт.схема TH,N,1.0,2.0,,Comet,,,0.0,1.5,,,,,,,0,Y,0,,0.0,,0,0.0,0.0,Y,Y,Y,N,1565,,0.0,,,,,,,,0.0,0.0,0.0,0.0,0,0.0,0.0,0.0,0.0,N
5828,24,1,2025-10-10 17:25:09.000,1320962445,2026-07-07 08:59:45.300,2) Материали за платки,Съединител TH 1x8 HD515V 8P,HD515V 8P,00001020,M,L,L,бр.,,0.0,0.0,0.0,0.0,0.0,,Съединител TH 1x8,N,1.0,2.0,,Comet,,,0.0,1.5,,,,,,,0,Y,0,,0.0,,0,0.0,0.0,Y,Y,Y,N,1569,,0.0,,,,,,,,0.0,0.0,0.0,0.0,0,0.0,0.0,0.0,0.0,N
5829,0,1,2025-10-10 17:25:09.000,1320962445,2026-07-07 08:59:45.300,2) Материали за платки,Реле 24V RAS-2415,RAS-2415,00000962,M,L,L,бр.,,0.0,0.4806143683244454,0.0,0.0,0.0,,Реле 24V,N,1.0,2.0,,Comet,,,0.0,1.5,,,,,,,0,Y,0,,0.0,,0,0.0,0.0,Y,Y,Y,N,1570,,0.0,,,,,,,,0.0,0.0,0.0,0.0,0,0.0,0.0,0.0,0.0,N
5829,2,1,2025-10-10 17:25:09.000,1320962445,2026-07-07 08:59:45.300,2) Материали за платки,Съединител TH 1x3 HN1X1,HN1X1,00001016,M,L,L,бр.,,0.0,0.0,0.0,0.0,0.0,,Съединител TH 1x3,N,1.0,2.0,,Comet,,,0.0,1.5,,,,,,,0,Y,0,,0.0,,0,0.0,0.0,Y,Y,Y,N,1588,,0.0,,,,,,,,0.0,0.0,0.0,0.0,0,0.0,0.0,0.0,0.0,N
5829,4,1,2025-10-10 17:25:09.000,1320962445,2026-07-07 08:59:45.300,2) Материали за платки,Резистор SMD R0603 8k2 1%,R0603 8k2 1%,00000947,M,L,L,бр.,,0.0,0.0,0.0,0.0,0.0,,Резистор SMD,N,1.0,2.0,,Comet,,,0.0,1.5,,,,,,,0,Y,0,,0.0,,0,0.0,0.0,Y,Y,Y,N,1599,,0.0,,,,,,,,0.0,0.0,0.0,0.0,0,0.0,0.0,0.0,0.0,N
5829,6,1,2025-10-10 17:25:09.000,1320962445,2026-07-07 08:59:45.300,2) Материали за платки,Инт.схема SMD 8pin SN75176,SN75176,00000551,M,L,L,бр.,,0.0,0.0,0.0,0.0,0.0,,Инт.схема SMD 8pin,N,1.0,2.0,,Comet,,,0.0,1.5,,,,,,,0,Y,0,,0.0,,0,0.0,0.0,Y,Y,Y,N,1605,,0.0,,,,,,,,0.0,0.0,0.0,0.0,0,0.0,0.0,0.0,0.0,N
5829,8,1,2025-10-10 17:25:09.000,1320962445,2026-07-07 08:59:45.300,2) Материали за платки,Съединител TH 1x3 HD515R 2P,HD515R 2P,00001014,M,L,L,бр.,,0.0,0.0,0.0,0.0,0.0,,Съединител TH 1x3,N,1.0,2.0,,Comet,,,0.0,1.5,,,,,,,0,Y,0,,0.0,,0,0.0,0.0,Y,Y,Y,N,1607,,0.0,,,,,,,,0.0,0.0,0.0,0.0,0,0.0,0.0,0.0,0.0,N
5829,10,1,2025-10-10 17:25:09.000,1320962445,2026-07-07 08:59:45.300,2) Материали за платки,Захранващ модул IRM-10-5,IRM-10-5,00000534,M,L,L,бр.,,0.0,0.0,0.0,0.0,0.0,,Захранващ модул,N,1.0,2.0,,UniTel,,,0.0,1.5,,,,,,,0,Y,0,,0.0,,0,0.0,0.0,Y,Y,Y,N,1609,,0.0,,,,,,,,0.0,0.0,0.0,0.0,0,0.0,0.0,0.0,0.0,N
5829,12,1,2025-10-10 17:25:09.000,1320962445,2026-07-07 08:59:45.300,2) Материали за платки,Резистор SMD R0805 43 1%,R0805 43 1%,00000953,M,L,L,бр.,,0.0,0.0,0.0,0.0,0.0,,Резистор SMD,N,1.0,2.0,,Comet,,,0.0,1.5,,,,,,,0,Y,0,,0.0,,0,0.0,0.0,Y,Y,Y,N,1614,,0.0,,,,,,,,0.0,0.0,0.0,0.0,0,0.0,0.0,0.0,0.0,N
5829,14,1,2025-10-10 17:25:09.000,1320962445,2026-07-07 08:59:45.300,2) Материали за платки,Инт.схема SMD HEF4094BT,HEF4094BT,00000556,M,L,L,бр.,,0.0,0.0,0.0,0.0,0.0,,Инт.схема SMD,N,1.0,2.0,,Comet,,,0.0,1.5,,,,,,,0,Y,0,,0.0,,0,0.0,0.0,Y,Y,Y,N,1616,,0.0,,,,,,,,0.0,0.0,0.0,0.0,0,0.0,0.0,0.0,0.0,N
5829,16,1,2025-10-10 17:25:09.000,1320962445,2026-07-07 08:59:45.300,2) Материали за платки,Инт.схема SMD ULN2803A,ULN2803A,00000559,M,L,L,бр.,,0.0,0.0,0.0,0.0,0.0,,Инт.схема SMD,N,1.0,2.0,,Comet,,,0.0,1.5,,,,,,,0,Y,0,,0.0,,0,0.0,0.0,Y,Y,Y,N,1617,,0.0,,,,,,,,0.0,0.0,0.0,0.0,0,0.0,0.0,0.0,0.0,N
5829,18,1,2025-10-10 17:25:10.000,1320962445,2026-07-07 08:59:45.300,2) Материали за платки,Кондензатор SMD C0603 100nF,C0603 100nF,00000668,M,L,L,бр.,,0.0,0.0,0.0,0.0,0.0,,Кондензатор SMD,N,1.0,2.0,,Comet,,,0.0,1.5,,,,,,,0,Y,0,,0.0,,0,0.0,0.0,Y,Y,Y,N,1642,,0.0,,,,,,,,0.0,0.0,0.0,0.0,0,0.0,0.0,0.0,0.0,N
5829,20,1,2025-10-10 17:25:10.000,1320962445,2026-07-07 08:59:45.300,2) Материали за платки,Съединител TH 1x2 HR2X9,HR2X9,00001011,M,L,L,бр.,,0.0,0.0,0.0,0.0,0.0,,Съединител TH 1x2,N,1.0,2.0,,Comet,,,0.0,1.5,,,,,,,0,Y,0,,0.0,,0,0.0,0.0,Y,Y,Y,N,1645,,0.0,,,,,,,,0.0,0.0,0.0,0.0,0,0.0,0.0,0.0,0.0,N
5829,22,1,2025-10-10 17:25:10.000,1320962445,2026-07-07 08:59:45.300,2) Материали за платки,Съединител TH 2x9 PN2x9,PN2x9,00001030,M,L,L,бр.,,0.0,0.0,0.0,0.0,0.0,,Съединител TH 2x9,N,1.0,2.0,,UniTel,,,0.0,1.5,,,,,,,0,Y,0,,0.0,,0,0.0,0.0,Y,Y,Y,N,1646,,0.0,,,,,,,,0.0,0.0,0.0,0.0,0,0.0,0.0,0.0,0.0,N
5829,24,1,2025-10-10 17:25:10.000,1320962446,2026-07-07 08:59:45.300,2) Материали за платки,Led Индикатор Yl SA56-11SYKWA,SA56-11SYKWA,00000308,M,L,L,бр.,,0.0,0.0,0.0,0.0,0.0,,Led Индикатор Yl,N,1.0,2.0,,Comet,,,0.0,1.5,,,,,,,0,Y,0,,0.0,,0,0.0,0.0,Y,Y,Y,N,1649,,0.0,,,,,,,,0.0,0.0,0.0,0.0,0,0.0,0.0,0.0,0.0,N
5830,0,1,2025-10-10 17:25:10.000,1320962446,2026-07-07 08:59:45.300,2) Материали за платки,Потенциометър TSR-3296-103R,TSR-3296-103R,00000884,M,L,L,бр.,,0.0,0.0,0.0,0.0,0.0,,Потенциометър,N,1.0,2.0,,Comet,,,0.0,1.5,,,,,,,0,Y,0,,0.0,,0,0.0,0.0,Y,Y,Y,N,1664,,0.0,,,,,,,,0.0,0.0,0.0,0.0,0,0.0,0.0,0.0,0.0,N
5830,2,1,2025-10-10 17:25:10.000,1320962446,2026-07-07 08:59:45.300,2) Материали за платки,Инт.схема TH 8pin MCP3002,MCP3002,00000568,M,L,L,бр.,,0.0,0.0,0.0,0.0,0.0,,Инт.схема TH 8pin,N,1.0,2.0,,Comet,,,0.0,1.5,,,,,,,0,Y,0,,0.0,,0,0.0,0.0,Y,Y,Y,N,1674,,0.0,,,,,,,,0.0,0.0,0.0,0.0,0,0.0,0.0,0.0,0.0,N
5830,4,1,2025-10-10 17:25:10.000,1320962446,2026-07-07 08:59:45.300,2) Материали за платки,Захранващ модул IRM-20-5,IRM-20-5,00000536,M,L,L,бр.,,0.0,0.0,0.0,0.0,0.0,,Захранващ модул,N,1.0,2.0,,UniTel,,,0.0,1.5,,,,,,,0,Y,0,,0.0,,0,0.0,0.0,Y,Y,Y,N,1686,,0.0,,,,,,,,0.0,0.0,0.0,0.0,0,0.0,0.0,0.0,0.0,N
5830,6,1,2025-10-10 17:25:10.000,1320962446,2026-07-07 08:59:45.300,2) Материали за платки,Резистор SMD R0805 20k 1%,R0805 20k 1%,00000952,M,L,L,бр.,,0.0,0.0,0.0,0.0,0.0,,Резистор SMD,N,1.0,2.0,,Comet,,,0.0,1.5,,,,,,,0,Y,0,,0.0,,0,0.0,0.0,Y,Y,Y,N,1697,,0.0,,,,,,,,0.0,0.0,0.0,0.0,0,0.0,0.0,0.0,0.0,N
5830,8,1,2025-10-10 17:25:10.000,1320962446,2026-07-07 08:59:45.300,2) Материали за платки,Инт.схема SMD HEF4049BT,HEF4049BT,00000553,M,L,L,бр.,,0.0,0.0,0.0,0.0,0.0,,Инт.схема SMD,N,1.0,2.0,,Comet,,,0.0,1.5,,,,,,,0,Y,0,,0.0,,0,0.0,0.0,Y,Y,Y,N,1701,,0.0,,,,,,,,0.0,0.0,0.0,0.0,0,0.0,0.0,0.0,0.0,N
5830,10,1,2025-10-10 17:25:10.000,1320962446,2026-07-07 08:59:45.300,2) Материали за платки,Съединител TH 1x1 HN1X1,HN1X1,00001006,M,L,L,бр.,,0.0,0.0,0.0,0.0,0.0,,Съединител TH 1x1,N,1.0,2.0,,Comet,,,0.0,1.5,,,,,,,0,Y,0,,0.0,,0,0.0,0.0,Y,Y,Y,N,1704,,0.0,,,,,,,,0.0,0.0,0.0,0.0,0,0.0,0.0,0.0,0.0,N
5830,12,1,2025-10-10 17:25:10.000,1320962446,2026-07-07 08:59:45.300,2) Материали за платки,Съединител TH 2x2 HN2X2,HN2X2,00001022,M,L,L,бр.,,0.0,0.0,0.0,0.0,0.0,,Съединител TH 2x2,N,1.0,2.0,,Comet,,,0.0,1.5,,,,,,,0,Y,0,,0.0,,0,0.0,0.0,Y,Y,Y,N,1728,,0.0,,,,,,,,0.0,0.0,0.0,0.0,0,0.0,0.0,0.0,0.0,N
5830,14,1,2025-10-10 17:25:10.000,1320962446,2026-07-07 08:59:45.300,2) Материали за платки,Съединител TH 2x3 HN2X3,HN2X3,00001023,M,L,L,бр.,,0.0,0.0,0.0,0.0,0.0,,Съединител TH 2x3,N,1.0,2.0,,Comet,,,0.0,1.5,,,,,,,0,Y,0,,0.0,,0,0.0,0.0,Y,Y,Y,N,1729,,0.0,,,,,,,,0.0,0.0,0.0,0.0,0,0.0,0.0,0.0,0.0,N
5830,16,1,2025-10-10 17:25:10.000,1320962446,2026-07-07 08:59:45.300,2) Материали за платки,Съединител TH 2x5 PN 2x5,PN 2x5,00001027,M,L,L,бр.,,0.0,0.0,0.0,0.0,0.0,,Съединител TH 2x5,N,1.0,2.0,,UniTel,,,0.0,1.5,,,,,,,0,Y,0,,0.0,,0,0.0,0.0,Y,Y,Y,N,1734,,0.0,,,,,,,,0.0,0.0,0.0,0.0,0,0.0,0.0,0.0,0.0,N
5830,18,1,2025-10-10 17:25:10.000,1320962446,2026-07-07 08:59:45.300,2) Материали за платки,Захранващ модул IRM-60-5,IRM-60-5,00000539,M,L,L,бр.,,0.0,0.0,0.0,0.0,0.0,,Захранващ модул,N,1.0,2.0,,UniTel,,,0.0,1.5,,,,,,,0,Y,0,,0.0,,0,0.0,0.0,Y,Y,Y,N,1737,,0.0,,,,,,,,0.0,0.0,0.0,0.0,0,0.0,0.0,0.0,0.0,N
5830,19,1,2025-10-15 11:58:35.885,1319638643,2026-06-16 13:30:08.978,Други (Електроника),Торморегулатор REX C100 SSR,20200048,00001071,M,L,L,бр.,,,17.041296,0.0,0.0,0.0,,,N,1.0,2.0,,АЛЕЗОР ЕООД,,,,1.5,,,,,,,,Y,0,,0.0,,,0.0,0.0,Y,Y,Y,N,1738,,0.0,,,,,,,,,,,,0,0.0,0.0,0.0,,N
5830,21,1,2025-10-15 11:59:57.192,1319638630,2026-06-16 13:30:08.978,Сензори,"Термодвойка тип К1300, 150мм.",20200086,00001061,M,L,L,бр.,,,32.615189,0.0,0.0,0.0,,За 10kW,N,1.0,2.0,,АЛЕЗОР ЕООД,,,,1.5,,,,,,,,Y,0,,0.0,,,0.0,0.0,Y,Y,Y,N,1739,,0.0,,,,,,,,,,,,0,0.0,0.0,0.0,,N
5830,23,1,2025-10-15 12:07:26.193,1320962446,2026-07-03 15:27:03.515,2. Консумативи,"О пръстен 47.22/3.53, EPDM 70",O47.22x3.53 EPDM70,00000790,M,L,L,бр.,,,0.419259,0.0,0.0,0.0,,,N,1.0,2.0,,БУЛТЕХ ЕООД,,,,1.5,,,,,,,,Y,0,,0.0,,,0.0,0.0,Y,Y,Y,N,1740,,0.0,,,,,,,,,,,,0,0.0,0.0,0.0,,N
5865,0,1,2025-10-15 14:12:08.594,1318956546,2026-06-23 10:45:32.010,5. Устройства,Панел HMI 7`,GP-A070-T9D6,00000831,M,L,L,бр.,,,295.2,0.0,0.0,0.0,,,P,1.0,2.0,,TRANSFER MULTISORT ELEKTRONIK SP. ZO.O.,,,,1.5,,,,,,,,Y,0,,0.0,,,0.0,0.0,Y,Y,Y,N,1741,,0.0,,,,,,,,,,,,0,0.0,0.0,0.0,,N
5865,2,1,2025-10-20 07:42:43.803,1320962446,2026-07-03 15:39:27.613,0. Разни,Бутилки,GSH50C,00000440,M,L,L,бр.,,,0.0,0.0,0.0,0.0,,,P,1.0,2.0,,,,,,1.5,,,,,,,,Y,0,,0.0,,,0.0,0.0,Y,Y,Y,N,1742,,0.0,,,,,,,,,,,,0,0.0,0.0,0.0,,N
5865,4,1,2025-10-20 08:24:00.011,1335160459,2026-07-22 14:30:36.969,Релета,"Цокъл за реле RS/PT5 4CO, винт.кл. 10А",YRS50004,00001177,M,L,L,бр.,,,1.8609,0.0,0.0,0.0,,,N,1.0,2.0,,ШРАК ТЕХНИК ЕООД,,,,1.5,,,,,,,,Y,0,,0.0,,,0.0,0.0,Y,Y,Y,N,1743,,0.0,,,,,,,,,,,,0,0.0,0.0,0.0,,N
5865,6,1,2025-10-20 09:28:02.799,1320962446,2026-03-27 13:26:47.433,Платки - Green Innovation,Платка,HT45482,00000843,M,L,L,бр.,,,20.625514487455455,0.0,0.0,0.0,,,P,1.0,2.0,,ХАРД ТЕХ ООД,,,,1.5,,,,,,,,Y,0,,0.0,,,0.0,0.0,Y,Y,Y,N,1744,,0.0,,,,,,,,,,,,0,0.0,0.0,0.0,,N
5865,8,1,2025-10-20 12:38:16.213,1320962446,2026-06-16 13:37:14.711,Логисофт,"Захранване (Sitop PSU100L,24V/10A pow.sup.inp.)",6EP1334-1LB00,00000359,M,L,L,бр.,,,124.99552619603953,0.0,0.0,0.0,,,P,1.0,2.0,,ЛОГИСОФТ ЕООД,,,,1.5,,,,,,,,Y,0,,0.0,,,0.0,0.0,Y,Y,Y,N,1745,,0.0,,,,,,,,,,,,0,0.0,0.0,0.0,,N
5865,10,1,2025-10-20 12:50:34.835,1320962446,2026-06-16 13:37:14.711,Логисофт,Електроника (Simatic S7-1200 G2),6ЕС7214-1АХ50-0XB0,00000358,M,L,L,бр.,,,429.9913591672078,0.0,0.0,0.0,,,P,1.0,2.0,,ЛОГИСОФТ ЕООД,,,,1.5,,,,,,,,Y,0,,0.0,,,0.0,0.0,Y,Y,Y,N,1746,,0.0,,,,,,,,,,,,0,0.0,0.0,0.0,,N
5865,12,1,2025-10-20 12:51:59.939,1320962446,2026-06-16 13:37:14.711,Логисофт,Карта памет (Simatic S7),6ES7954-8LE04-0AA0,00000357,M,L,L,бр.,,,195.9986297377584,0.0,0.0,0.0,,,P,1.0,2.0,,ЛОГИСОФТ ЕООД,,,,1.5,,,,,,,,Y,0,,0.0,,,0.0,0.0,Y,Y,Y,N,1747,,0.0,,,,,,,,,,,,0,0.0,0.0,0.0,,N
5865,14,1,2025-10-20 12:54:18.194,1320962446,2026-06-16 13:37:14.711,Логисофт,"Контролер (Simatic HMI, 7``TFT display)",6AV2123-2GB03-0AX0,00000356,M,L,L,бр.,,,760.9863842972037,0.0,0.0,0.0,,,P,1.0,2.0,,ЛОГИСОФТ ЕООД,,,,1.5,,,,,,,,Y,0,,0.0,,,0.0,0.0,Y,Y,Y,N,1748,,0.0,,,,,,,,,,,,0,0.0,0.0,0.0,,N
5865,16,1,2025-10-20 13:47:29.304,1320962384,2026-06-16 13:37:14.711,Сити склад,10`  складов контейнер,1554,00000251,M,L,L,бр.,,,2965.492911,0.0,0.0,0.0,,,N,1.0,2.0,,СИТИ СКЛАД ЕООД,,,,1.5,,,,,,,,Y,0,,0.0,,,0.0,0.0,Y,Y,Y,N,1749,,0.0,,,,,,,,,,,,0,0.0,0.0,0.0,,N
5865,18,1,2025-10-20 13:52:44.456,1320962446,2026-03-02 14:59:42.504,ЛД,"Кран сферичен, 1/4`, PN 140",VP 700000 1/4,00000683,M,L,L,бр.,,,39.461507390724144,0.0,0.0,0.0,,,P,1.0,2.0,,ЛД ООД,,,,1.5,,,,,,,,Y,0,,0.0,,,0.0,0.0,Y,Y,Y,N,1750,,0.0,,,,,,,,,,,,0,0.0,0.0,0.0,,N
5865,20,1,2025-10-20 13:53:38.908,1320962446,2026-03-02 14:59:42.488,ЛД,Монтажен комплект,VA RI3782,00000737,M,L,L,бр.,,,23.381377727103068,0.0,0.0,0.0,,,P,1.0,2.0,,ЛД ООД,,,,1.5,,,,,,,,Y,0,,0.0,,,0.0,0.0,Y,Y,Y,N,1751,,0.0,,,,,,,,,,,,0,0.0,0.0,0.0,,N
5865,22,1,2025-10-20 13:54:22.947,1320962446,2026-03-02 14:59:42.488,ЛД,Монтажен комплект 2,VA RI3784,00000739,M,L,L,бр.,,,21.254403501326802,0.0,0.0,0.0,,,P,1.0,2.0,,ЛД ООД,,,,1.5,,,,,,,,Y,0,,0.0,,,0.0,0.0,Y,Y,Y,N,1752,,0.0,,,,,,,,,,,,0,0.0,0.0,0.0,,N
5865,24,1,2025-10-20 14:22:40.561,1320962446,2026-07-03 15:40:05.630,Павирани ООД,"Резервен корпус 1/4`, за линеен филтър",39138,00000944,M,L,L,бр.,,,5.516839398107197,0.0,0.0,0.0,,,P,1.0,2.0,,ПАВИРАНИ ООД,,,,1.5,,,,,,,,Y,0,,0.0,,,0.0,0.0,Y,Y,Y,N,1753,,0.0,,,,,,,,,,,,0,0.0,0.0,0.0,,N
5985,1,1,2025-10-29 10:26:15.779,1320962446,2026-06-16 14:15:36.751,A.M.P.E.R.E. ALLOYS,Церий,-,00001173,M,L,L,кг.,,,0.0,0.0,0.0,0.0,,За пълнеж бутилки Металхидрид,P,4.0,4.0,,A.M.P.E.R.E. ALLOYS SAS,,,,1.5,,,,,,,,Y,0,,0.0,,,0.0,0.0,Y,Y,Y,N,1774,,0.0,,,,,,,,,,,,0,0.0,0.0,0.0,,N
5985,2,1,2025-10-31 07:14:32.588,1320962446,2026-06-23 12:35:15.440,Холендри на резба,Холендър 316L резба М/Ж PTFE 150LBS 1 1/2“,959498,00001159,M,L,L,бр.,,,24.378396895435696,0.0,0.0,0.0,,,N,4.0,4.0,,КРИСМЕТАЛ,,,,1.5,,,,,,,,Y,0,,0.0,,,0.0,0.0,Y,Y,Y,N,1775,,0.0,,,,,,,,,,,,0,0.0,0.0,0.0,,N
5985,5,1,2025-11-03 07:43:32.353,1319661576,2026-06-16 13:36:44.671,Кабелни Канали,"Кабелна скара, перф.,с интегр. съед. 60х200х3000",RLVC 60.200,00000603,M,L,L,м.,,,5.603738,0.0,0.0,0.0,,,N,2.0,2.0,,НИДАКС БЪЛГАРИЯ  ЕООД,,,,1.5,,,,,,,,Y,0,,0.0,,,0.0,0.0,Y,Y,Y,N,1777,,0.0,,,,,,,,,,,,0,0.0,0.0,0.0,,N
5985,6,1,2025-11-04 07:51:08.604,1320962446,2026-06-16 13:30:08.978,Комет електроникс,Клеми HD,HD-515R 8P,00000631,M,L,L,бр.,,,1.7026019643834076,0.0,0.0,0.0,,,N,5.0,5.0,,КОМЕТ ЕЛЕКТРОНИКС ООД,,,,1.5,,,,,,,,Y,0,,0.0,,,0.0,0.0,Y,Y,Y,N,1778,,0.0,,,,,,,,,,,,0,0.0,0.0,0.0,,N
5985,7,1,2025-11-05 08:11:13.148,1319658655,2026-06-23 10:47:07.239,1.1.2. Крепежи (Електролизьор),Тръба ПП студена вода ф63/PN20,,00001652,M,L,L,м.,,,10.54,0.0,0.0,0.0,,Реже се на парчета за обличане на шпилките за 500КВ електролизьор.,N,100.0,100.0,,ИВДА-ГЕО ООД,,,,1.5,,,,,,,,Y,0,,0.0,,,0.0,0.0,Y,Y,Y,N,1787,,0.0,,,,,,,,,,,,0,0.0,0.0,0.0,,N
5985,9,1,2025-11-04 07:53:33.330,1320962446,2026-06-16 13:30:08.978,Платки - Green Innovation,Кондензатори 47uF 6.3V X5R Samsung,C0805,00000674,M,L,L,бр.,,,0.035790431683735295,0.0,0.0,0.0,,,N,5.0,5.0,,КОМЕТ ЕЛЕКТРОНИКС ООД,,,,1.5,,,,,,,,Y,0,,0.0,,,0.0,0.0,Y,Y,Y,N,1779,,0.0,,,,,,,,,,,,0,0.0,0.0,0.0,,N
5985,11,1,2025-11-04 07:54:31.681,1320962446,2026-06-16 13:30:08.978,"Кабелни накрайници, обувки",Съединители,IDC10DH MC,00001033,M,L,L,бр.,,,0.11759713267513025,0.0,0.0,0.0,,,N,5.0,5.0,,КОМЕТ ЕЛЕКТРОНИКС ООД,,,,1.5,,,,,,,,Y,0,,0.0,,,0.0,0.0,Y,Y,Y,N,1780,,0.0,,,,,,,,,,,,0,0.0,0.0,0.0,,N
5985,13,1,2025-11-04 07:56:33.891,1320962446,2026-06-16 13:30:08.978,"Схеми, софтуери",Интегрални схеми,1196794 MCP3202-CI/P,00000573,M,L,L,бр.,,,1.385600998041752,0.0,0.0,0.0,,,N,5.0,5.0,,КОМЕТ ЕЛЕКТРОНИКС ООД,,,,1.5,,,,,,,,Y,0,,0.0,,,0.0,0.0,Y,Y,Y,N,1781,,0.0,,,,,,,,,,,,0,0.0,0.0,0.0,,N
5985,15,1,2025-11-04 08:40:32.388,1318956546,2026-06-16 13:30:08.978,Сензори,Дебитомер (Electromagnetic flowmeter) DN50,ETRANS-M410R,00000290,M,L,L,бр.,,,790.02,0.0,0.0,0.0,,R&d,P,5.0,5.0,,ENELSAN IHRACAT,,,,1.5,,,,,,,,Y,0,,0.0,,,0.0,0.0,Y,Y,Y,N,1782,,0.0,,,,,,,,,,,,0,0.0,0.0,0.0,,N
5985,17,1,2025-11-04 08:43:18.946,1319260232,2026-06-16 13:30:08.978,Сензори,Нивомер (Magnetic level indicator),,00000319,M,L,L,бр.,,,304.265,0.0,0.0,0.0,,R&D,P,5.0,5.0,,ENELSAN IHRACAT,,,,1.5,,,,,,,,Y,0,,0.0,,,0.0,0.0,Y,Y,Y,N,1783,,0.0,,,,,,,,,,,,0,0.0,0.0,0.0,,N
5985,19,1,2025-11-04 12:37:49.265,1320962446,2026-07-07 09:05:24.732,1) Грийн Иновейшън АД,Перфорирана ламарина кръг 500kW,-,00000838,M,L,L,бр.,,,0.0,0.0,0.0,0.0,,,P,200.0,200.0,,,,,,1.5,,,,,,,,Y,0,,0.0,,,0.0,0.0,Y,Y,Y,N,1784,,0.0,,,,,,,,,,,,0,0.0,0.0,0.0,,N
5985,21,1,2025-11-04 12:38:44.937,1320962446,2026-07-07 09:05:24.775,1) Грийн Иновейшън АД,Перфорирана ламарина кръг 30kW,-,00000837,M,L,L,бр.,,,0.0,0.0,0.0,0.0,,,P,100.0,100.0,,,,,,1.5,,,,,,,,Y,0,,0.0,,,0.0,0.0,Y,Y,Y,N,1785,,0.0,,,,,,,,,,,,0,0.0,0.0,0.0,,N
5921,1,1,2025-10-22 14:54:17.528,1309163070,2026-06-16 14:15:36.751,A.M.P.E.R.E. ALLOYS,Лантан,955800050,00000707,M,L,L,кг.,,,14.5,0.0,0.0,0.0,,Дози 50гр.,P,20.0,20.0,,A.M.P.E.R.E. ALLOYS SAS,,,,1.5,,,,,,,,Y,0,,0.0,,,0.0,0.0,Y,Y,Y,N,1756,,0.0,,,,,,,,,,,,0,0.0,0.0,0.0,,N
5921,2,1,2025-10-24 14:57:32.896,1320962446,2026-06-16 13:30:08.978,Платки - Green Innovation,Опртони,LTV817,00000801,M,L,L,бр.,,,0.04601626930765966,0.0,0.0,0.0,,За развой нови платки,N,30.0,30.0,,КОМЕТ ЕЛЕКТРОНИКС ООД,,,,1.5,,,,,,,,Y,0,,0.0,,,0.0,0.0,Y,Y,Y,N,1758,,0.0,,,,,,,,,,,,0,0.0,0.0,0.0,,N
5921,3,1,2025-10-22 14:54:52.712,1309163070,2026-06-16 14:15:36.751,A.M.P.E.R.E. ALLOYS,Никел,1288300202,00000771,M,L,L,кг.,,,18.5,0.0,0.0,0.0,,Кофи по 20кг.,P,20.0,20.0,,A.M.P.E.R.E. ALLOYS SAS,,,,1.5,,,,,,,,Y,0,,0.0,,,0.0,0.0,Y,Y,Y,N,1757,,0.0,,,,,,,,,,,,0,0.0,0.0,0.0,,N
5921,5,1,2025-10-24 14:58:36.240,1320962446,2026-06-16 13:30:08.978,Платки - Green Innovation,Оптрони,LTV847,00000802,M,L,L,бр.,,,0.22496842772633613,0.0,0.0,0.0,,За развой нови платки,N,30.0,30.0,,КОМЕТ ЕЛЕКТРОНИКС ООД,,,,1.5,,,,,,,,Y,0,,0.0,,,0.0,0.0,Y,Y,Y,N,1759,,0.0,,,,,,,,,,,,0,0.0,0.0,0.0,,N
5921,7,1,2025-10-24 15:00:19.209,1320962446,2026-06-16 13:30:08.978,Комет електроникс,Клеми,WAGO 233-202,00000625,M,L,L,бр.,,,0.7567119841704033,0.0,0.0,0.0,,За развой нови платки,N,30.0,30.0,,КОМЕТ ЕЛЕКТРОНИКС ООД,,,,1.5,,,,,,,,Y,0,,0.0,,,0.0,0.0,Y,Y,Y,N,1760,,0.0,,,,,,,,,,,,0,0.0,0.0,0.0,,N
5921,9,1,2025-10-24 15:01:23.601,1320962446,2026-06-16 13:30:08.978,Комет електроникс,Клеми 1,WAGO 233-212,00000626,M,L,L,бр.,,,4.044318780262088,0.0,0.0,0.0,,За развой нови платки,N,30.0,30.0,,КОМЕТ ЕЛЕКТРОНИКС ООД,,,,1.5,,,,,,,,Y,0,,0.0,,,0.0,0.0,Y,Y,Y,N,1761,,0.0,,,,,,,,,,,,0,0.0,0.0,0.0,,N
5921,11,1,2025-10-24 15:03:45.140,1320962446,2026-06-16 13:30:08.978,Комет електроникс,Клеми 3,WAGO 233-301,00000627,M,L,L,бр.,,,0.03067751287177311,0.0,0.0,0.0,,За развой нови платки,N,30.0,30.0,,КОМЕТ ЕЛЕКТРОНИКС ООД,,,,1.5,,,,,,,,Y,0,,0.0,,,0.0,0.0,Y,Y,Y,N,1762,,0.0,,,,,,,,,,,,0,0.0,0.0,0.0,,N
5921,13,1,2025-10-24 15:06:05.296,1320962446,2026-06-16 13:30:08.978,Комет електроникс,Клеми 4,WAGO 233-503,00000628,M,L,L,бр.,,,1.0686000317000965,0.0,0.0,0.0,,За развой нови платки,N,30.0,30.0,,КОМЕТ ЕЛЕКТРОНИКС ООД,,,,1.5,,,,,,,,Y,0,,0.0,,,0.0,0.0,Y,Y,Y,N,1763,,0.0,,,,,,,,,,,,0,0.0,0.0,0.0,,N
5921,15,1,2025-10-24 15:06:55.294,1320962446,2026-06-16 13:30:08.978,Комет електроникс,Клеми 5,WAGO 233-512,00000629,M,L,L,бр.,,,4.044318780262088,0.0,0.0,0.0,,За развой нови платки,N,30.0,30.0,,КОМЕТ ЕЛЕКТРОНИКС ООД,,,,1.5,,,,,,,,Y,0,,0.0,,,0.0,0.0,Y,Y,Y,N,1764,,0.0,,,,,,,,,,,,0,0.0,0.0,0.0,,N
5921,17,1,2025-10-24 15:08:04.039,1320962447,2026-06-16 13:30:08.978,Комет електроникс,Клеми 6,WAGO 233-306,00000630,M,L,L,бр.,,,0.03067751287177311,0.0,0.0,0.0,,За развой нови платки,N,30.0,30.0,,КОМЕТ ЕЛЕКТРОНИКС ООД,,,,1.5,,,,,,,,Y,0,,0.0,,,0.0,0.0,Y,Y,Y,N,1765,,0.0,,,,,,,,,,,,0,0.0,0.0,0.0,,N
5921,19,1,2025-10-27 10:31:28.210,1320962447,2026-06-16 14:15:36.751,Вътрешни изделия и детайли,Дъно за бутилка,1000003,00000517,M,L,L,бр.,,,0.47550144951248324,0.0,0.0,0.0,,Дъно за бутилка за Металхидрид,P,30.0,30.0,,,,,,1.5,,,,,,,,Y,0,,0.0,,,0.0,0.0,Y,Y,Y,N,1766,,0.0,,,,,,,,,,,,0,0.0,0.0,0.0,,N
5921,21,1,2025-10-27 10:33:01.574,1320962447,2026-06-16 14:15:36.751,Вътрешни изделия и детайли,Тапа за бутилка,1000004,00001051,M,L,L,бр.,,,0.5879856633756512,0.0,0.0,0.0,,Тапа за бутилка за Металхидрид,P,30.0,30.0,,,,,,1.5,,,,,,,,Y,0,,0.0,,,0.0,0.0,Y,Y,Y,N,1767,,0.0,,,,,,,,,,,,0,0.0,0.0,0.0,,N
5921,23,1,2025-10-27 10:34:02.625,1322059346,2026-06-16 14:15:36.751,Вътрешни изделия и детайли,Тяло на бутилка,1000002,00001118,M,L,L,бр.,,,1.83,0.0,0.0,0.0,,Тяло на бутилка за Металхидрид,P,30.0,30.0,,,,,,1.5,,,,,,,,Y,0,,0.0,,,0.0,0.0,Y,Y,Y,N,1768,,0.0,,,,,,,,,,,,0,0.0,0.0,0.0,,N
5887,1,1,2025-10-22 07:10:18.124,1320962447,2026-06-17 15:32:38.457,М5,Болт М5х12,00933 9200 5 12,00000426,M,L,L,бр.,,,0.09203253861531932,0.0,0.0,0.0,,"Комплект 1 преходник, 1 актуатор, 4 болта М5х12
За присъединяване на кран към задвижка",N,1.0,2.0,,ЛД ООД,,,,1.5,,,,,,,,Y,0,,0.0,,,0.0,0.0,Y,Y,Y,N,1754,,0.0,,,,,,,,,,,,0,0.0,0.0,0.0,,N
5887,3,1,2025-10-22 07:12:39.327,1320962447,2026-07-03 15:27:23.723,3. Инструменти,Преходник,VA 04400110901,00000900,M,L,L,бр.,,,2.126974225776269,0.0,0.0,0.0,,"Комплект 1 преходник, 1 актуатор, 4 болта М5х12",N,1.0,2.0,,ЛД ООД,,,,1.5,,,,,,,,Y,0,,0.0,,,0.0,0.0,Y,Y,Y,N,1755,,0.0,,,,,,,,,,,,0,0.0,0.0,0.0,,N
5887,4,1,2026-02-05 12:02:19.775,1318450163,2026-07-03 15:39:28.650,0. Разни,Пропуснат код 2,,00001650,M,M,M,бр.,,,0.0,0.0,0.0,0.0,,,N,3.0,20.0,,,,,,1.5,,,,,,,,Y,0,,0.0,,,0.0,0.0,Y,Y,Y,N,2039,,0.0,,,,,,,,,,,,0,0.0,0.0,0.0,,N
5887,5,1,2025-10-27 12:23:11.474,1320962447,2026-06-23 10:46:43.959,1.3. Металхидрид,Бутилки Металхидрид - Полуготови,1000006,00000877,M,L,L,бр.,,,0.0,0.0,0.0,0.0,,"Полуготови бутилки следва поставяне на щуцер, филтър и пълнеж",P,30.0,30.0,,,,,,1.5,,,,,,,,Y,0,,0.0,,,0.0,0.0,Y,Y,Y,N,1769,,0.0,,,,,,,,,,,,0,0.0,0.0,0.0,,N
5887,8,1,2025-10-27 12:34:25.873,1331559074,2026-06-23 10:46:43.959,1.3. Металхидрид,Бутилки Металхидрид - Готови,1000050,00000496,M,L,L,бр.,,,94.62,0.0,0.0,0.0,,"Бутилки с налични щуцер, филтър и пълнеж",P,30.0,30.0,,,,,,1.5,,,,,,,,Y,0,,0.0,,,0.0,0.0,Y,Y,Y,N,1770,,0.0,,,,,,,,,,,,0,0.0,0.0,0.0,,N
5887,9,1,2025-11-05 08:12:09.301,1319658659,2026-06-23 10:47:07.239,1.1.2. Крепежи (Електролизьор),Тръба ПП топла вода ф63/PN20,,00001651,M,L,L,м.,,,12.38,0.0,0.0,0.0,,Реже се на парчета за обличане на шпилките за 500КВ електролизьор.,N,100.0,100.0,,ИВДА-ГЕО ООД,,,,1.5,,,,,,,,Y,0,,0.0,,,0.0,0.0,Y,Y,Y,N,1788,,0.0,,,,,,,,,,,,0,0.0,0.0,0.0,,N
5887,10,1,2025-10-28 07:58:01.635,1320962447,2026-06-23 10:45:47.937,7. Кабели,Кабел 4х0,900061,00000576,M,L,L,м.,,,0.18406507723063864,0.0,0.0,0.0,,,N,10.0,10.0,,ЩАЙНБЕРГЕР ООД,,,,1.5,,,,,,,,Y,0,,0.0,,,0.0,0.0,Y,Y,Y,N,1771,,0.0,,,,,,,,,,,,0,0.0,0.0,0.0,,N
5887,11,1,2025-11-05 08:13:08.859,1320962447,2026-06-23 15:58:59.413,Винтове,"Винт самопробивен с шайба 5,5х32",,00001654,M,L,L,бр.,,,0.12782297029905462,0.0,0.0,0.0,,,N,100.0,100.0,,ИВДА-ГЕО ООД,,,,1.5,,,,,,,,Y,0,,0.0,,,0.0,0.0,Y,Y,Y,N,1789,,0.0,,,,,,,,,,,,0,0.0,0.0,0.0,,N
5887,14,1,2025-10-28 07:58:43.945,1320962447,2026-06-23 10:45:47.937,7. Кабели,Кабел 6х1,900088,00000578,M,L,L,м.,,,0.24542010297418487,0.0,0.0,0.0,,,N,10.0,10.0,,ЩАЙНБЕРГЕР ООД,,,,1.5,,,,,,,,Y,0,,0.0,,,0.0,0.0,Y,Y,Y,N,1772,,0.0,,,,,,,,,,,,0,0.0,0.0,0.0,,N
5887,16,1,2025-10-28 08:05:17.835,1318837351,2026-07-03 15:27:03.515,2. Консумативи,Скоба за тръба 1 1/2`,,00000989,M,L,L,бр.,,,4.192578,0.0,0.0,0.0,,Цената не е актуална,N,10.0,10.0,,ИВДА-ГЕО ООД,,,,1.5,,,,,,,,Y,0,,0.0,,,0.0,0.0,Y,Y,Y,N,1773,,0.0,,,,,,,,,,,,0,0.0,0.0,0.0,,N
5887,19,1,2025-11-06 07:07:02.210,1330333260,2026-06-16 13:37:14.711,Кабелни Канали,Кабелна скара 60х150х3000мм.,RLV 60.150,00001646,M,L,L,м.,,,5.14,0.0,0.0,0.0,,,N,3.0,3.0,,НИДАКС БЪЛГАРИЯ  ЕООД,,,,1.5,,,,,,,,Y,0,,0.0,,,0.0,0.0,Y,Y,Y,N,1790,,0.0,,,,,,,,,,,,0,0.0,0.0,0.0,,N
5887,22,1,2025-11-10 08:06:11.732,1320962447,2026-06-16 13:30:08.978,"Схеми, софтуери",Интегрални схеми 1,SN75176BD,00001653,M,L,L,бр.,,,0.1329358891110168,0.0,0.0,0.0,,,N,6.0,6.0,,КОМЕТ ЕЛЕКТРОНИКС ООД,,,,1.5,,,,,,,,Y,0,,0.0,,,0.0,0.0,Y,Y,Y,N,1791,,0.0,,,,,,,,,,,,0,0.0,0.0,0.0,,N
6029,1,1,2025-11-11 09:29:29.161,1318837258,2026-06-17 14:08:41.851,М8,Болт с шест.гл. 8.8 vZn М8х35,00933 8801 8 35,00001428,M,L,L,бр.,,,0.046016,0.0,0.0,0.0,,,N,1.0,1.0,,ИТТ БЪЛГАРИЯ ЕООД,,,,1.5,,,,,,,,Y,0,,0.0,,,0.0,0.0,Y,Y,Y,N,1811,,0.0,,,,,,,,,,,,0,0.0,0.0,0.0,,N
6029,5,1,2025-11-11 09:52:15.951,1319051849,2026-06-23 10:45:47.937,7. Кабели,"Кабел ШВПС 2х0,75, бял",644,00001427,M,L,L,м.,,,0.41,0.0,0.0,0.0,,,N,50.0,50.0,,ИВДА-ГЕО ООД,,,,1.5,,,,,,,,Y,0,,0.0,,,0.0,0.0,Y,Y,Y,N,1812,,0.0,,,,,,,,,,,,0,0.0,0.0,0.0,,N
6029,7,1,2025-11-12 14:03:45.034,1319636554,2026-07-14 10:40:14.746,Кабелни Канали,Кабелен канал 60х60mm,RH229213,00001432,M,L,L,м.,,,8.1,0.0,0.0,0.0,,,N,2.0,2.0,,ШРАК ТЕХНИК ЕООД,,,,1.5,,,,,,,,Y,0,,0.0,,,0.0,0.0,Y,Y,Y,N,1816,,0.0,,,,,,,,,,,,0,0.0,0.0,0.0,,N
6029,9,1,2025-11-12 14:12:06.222,1319057150,2026-07-22 13:40:34.357,7. Кабели,"Проводник H05V-K (ПВ-А2) 500V 0,5mm черен",XC01040101,00001433,M,L,L,м.,бр.,100.0,0.109467,0.0,0.0,0.0,,,N,20.0,20.0,,ШРАК ТЕХНИК ЕООД,,,,1.5,,,,,,,,Y,0,,0.0,,,0.0,0.0,Y,Y,Y,N,1817,,0.0,,,,,,,,,,,,0,0.0,0.0,0.0,,N
6029,14,1,2025-11-11 09:53:58.176,1324156991,2026-06-24 13:57:59.122,Гофри,Гофре армирано ф16 V филтър,,00001429,M,L,L,м.,,,0.49,0.0,0.0,0.0,,,N,10.0,10.0,,ИВДА-ГЕО ООД,,,,1.5,,,,,,,,Y,0,,0.0,,,0.0,0.0,Y,Y,Y,N,1813,,0.0,,,,,,,,,,,,0,0.0,0.0,0.0,,N
6029,16,1,2025-11-11 09:55:09.093,1317053103,2026-07-03 15:34:33.209,Ивда Гео,"Кабел ШВПС 2х0,5, бял",-,00001430,M,L,L,м.,,,0.32,0.0,0.0,0.0,,,P,50.0,50.0,,ИВДА-ГЕО ООД,,,,1.5,,,,,,,,Y,0,,0.0,,,0.0,0.0,Y,Y,Y,N,1814,,0.0,,,,,,,,,,,,0,0.0,0.0,0.0,,N
6029,18,1,2025-11-11 09:57:39.079,1320962447,2026-07-07 08:21:56.117,Ивда Гео,"Шкурка CRD руло 5м./115, P120",,00001431,M,L,L,м.,,,0.634001932683311,0.0,0.0,0.0,,,N,1.0,1.0,,ИВДА-ГЕО ООД,,,,1.5,,,,,,,,Y,0,,0.0,,,0.0,0.0,Y,Y,Y,N,1815,,0.0,,,,,,,,,,,,0,0.0,0.0,0.0,,N
6029,21,1,2025-11-12 14:15:18.538,1319636608,2026-06-16 13:37:14.711,Клеми,Клемни марк.хор. DY5 1-50 (50 символа),IK697040,00001434,M,L,L,бр.,,,1.12,0.0,0.0,0.0,,,N,1.0,1.0,,ШРАК ТЕХНИК ЕООД,,,,1.5,,,,,,,,Y,0,,0.0,,,0.0,0.0,Y,Y,Y,N,1818,,0.0,,,,,,,,,,,,0,0.0,0.0,0.0,,N
6029,23,1,2025-11-12 14:16:27.893,1319636656,2026-06-16 13:37:14.711,Клеми,Клемни марк.хор. DY5 51-100 (50 символа),IK697041,00001435,M,L,L,бр.,,,1.12,0.0,0.0,0.0,,,N,1.0,1.0,,ШРАК ТЕХНИК ЕООД,,,,1.5,,,,,,,,Y,0,,0.0,,,0.0,0.0,Y,Y,Y,N,1819,,0.0,,,,,,,,,,,,0,0.0,0.0,0.0,,N
6029,25,1,2025-11-12 14:17:18.467,1319636626,2026-06-16 13:37:14.711,Клеми,Клемни марк.хор. DY5 101-150 (50 символа),IK697042,00001436,M,L,L,бр.,,,1.12,0.0,0.0,0.0,,,N,1.0,1.0,,ШРАК ТЕХНИК ЕООД,,,,1.5,,,,,,,,Y,0,,0.0,,,0.0,0.0,Y,Y,Y,N,1820,,0.0,,,,,,,,,,,,0,0.0,0.0,0.0,,N
6029,27,1,2025-11-12 14:19:04.350,1319636541,2026-07-14 10:40:24.724,Кабелни Канали,Кабелен канал 60х40mm,RH229210,00001437,M,L,L,м.,,,5.75,0.0,0.0,0.0,,,N,2.0,2.0,,ШРАК ТЕХНИК ЕООД,,,,1.5,,,,,,,,Y,0,,0.0,,,0.0,0.0,Y,Y,Y,N,1821,,0.0,,,,,,,,,,,,0,0.0,0.0,0.0,,N
6029,29,1,2025-11-12 14:20:15.986,1319636641,2026-06-16 13:37:14.711,Клеми,Клемни марк.хор. DY5 151-200 (50 символа),IK697043,00001438,M,L,L,бр.,,,1.12,0.0,0.0,0.0,,,N,1.0,1.0,,ШРАК ТЕХНИК ЕООД,,,,1.5,,,,,,,,Y,0,,0.0,,,0.0,0.0,Y,Y,Y,N,1822,,0.0,,,,,,,,,,,,0,0.0,0.0,0.0,,N
6005,1,1,2025-11-10 08:07:21.316,1320962447,2026-06-16 13:30:08.978,"Схеми, софтуери",Интегрални схеми 2,MCP41010-I/SN,00001655,M,L,L,бр.,,,1.2577780277426975,0.0,0.0,0.0,,,N,6.0,6.0,,КОМЕТ ЕЛЕКТРОНИКС ООД,,,,1.5,,,,,,,,Y,0,,0.0,,,0.0,0.0,Y,Y,Y,N,1792,,0.0,,,,,,,,,,,,0,0.0,0.0,0.0,,N
6005,2,1,2026-02-05 13:19:31.405,1331541283,2026-06-23 15:19:44.584,"2.7. PP, Месинг, Хром връзки",Кран сфер. PP ф32,,00001765,M,M,M,бр.,,,10.7,0.0,0.0,0.0,,,N,0.0,2.0,,ИВДА-ГЕО ООД,,,,1.5,,,,,,,,Y,0,,0.0,,,0.0,0.0,Y,Y,Y,N,2040,,0.0,,,,,,,,,,,,0,0.0,0.0,0.0,,N
6005,4,1,2025-11-10 08:08:17.867,1320962447,2026-06-16 13:30:08.978,"Схеми, софтуери",Интегрални схеми 3,MCP3002-I/SN,00001656,M,L,L,бр.,,,1.7588440713149915,0.0,0.0,0.0,,,N,6.0,6.0,,КОМЕТ ЕЛЕКТРОНИКС ООД,,,,1.5,,,,,,,,Y,0,,0.0,,,0.0,0.0,Y,Y,Y,N,1793,,0.0,,,,,,,,,,,,0,0.0,0.0,0.0,,N
6005,6,1,2025-11-10 08:09:27.829,1320962447,2026-06-16 13:30:08.978,"Кабелни накрайници, обувки",Съединители 2,BH16S,00001657,M,L,L,бр.,,,0.15338756435886555,0.0,0.0,0.0,,,N,6.0,6.0,,КОМЕТ ЕЛЕКТРОНИКС ООД,,,,1.5,,,,,,,,Y,0,,0.0,,,0.0,0.0,Y,Y,Y,N,1794,,0.0,,,,,,,,,,,,0,0.0,0.0,0.0,,N
6005,8,1,2025-11-10 08:16:37.016,1322751602,2026-07-10 10:00:19.600,"2.7. PP, Месинг, Хром връзки",Преход PP резба външна ф32х1“,,00001412,M,L,L,бр.,,,4.56,0.0,0.0,0.0,,,N,6.0,6.0,,ИВДА-ГЕО ООД,,,,1.5,,,,,,,,Y,0,,0.0,,,0.0,0.0,Y,Y,Y,N,1795,,0.0,,,,,,,,,,,,0,0.0,0.0,0.0,,N
6005,10,1,2025-11-10 08:18:19.430,1330741185,2026-07-10 10:00:35.836,"2.7. PP, Месинг, Хром връзки",Коляно PP 90° ф32,,000000000,M,L,L,бр.,,,0.53,0.0,0.0,0.0,,,N,6.0,6.0,,ИВДА-ГЕО ООД,,,,1.5,,,,,,,,Y,0,,0.0,,,0.0,0.0,Y,Y,Y,N,1796,,0.0,,,,,,,,,,,,0,0.0,0.0,0.0,,N
6005,12,1,2025-11-10 08:20:44.277,1320962447,2026-07-03 15:34:33.209,Ивда Гео,Муфа ПП ф32,-,00001415,M,L,L,бр.,,,0.414146423768937,0.0,0.0,0.0,,,P,6.0,6.0,,ИВДА-ГЕО ООД,,,,1.5,,,,,,,,Y,0,,0.0,,,0.0,0.0,Y,Y,Y,N,1797,,0.0,,,,,,,,,,,,0,0.0,0.0,0.0,,N
6005,13,1,2025-11-10 13:47:08.914,1335154747,2026-07-22 13:08:22.363,Клеми,"Пр. клема 2,5мм, сива, двуредна, YBK 2,5-2F",IK660002,00001419,M,L,L,бр.,,,1.16,0.0,0.0,0.0,,,N,6.0,6.0,,ШРАК ТЕХНИК ЕООД,,,,1.5,,,,,,,,Y,0,,0.0,,,0.0,0.0,Y,Y,Y,N,1799,,0.0,,,,,,,,,,,,0,0.0,0.0,0.0,,N
6005,14,1,2025-11-10 08:22:47.940,1330731705,2026-07-10 09:50:36.440,7. Кабели,"Кабел ШВПС 3х0,75, бял",24337,00001414,M,L,L,м.,,,0.56,0.0,0.0,0.0,,,N,6.0,6.0,,ИВДА-ГЕО ООД,,,,1.5,,,,,,,,Y,0,,0.0,,,0.0,0.0,Y,Y,Y,N,1798,,0.0,,,,,,,,,,,,0,0.0,0.0,0.0,,N
6005,17,1,2025-11-10 14:12:30.661,1335160008,2026-07-22 14:24:08.144,Клеми,"Пр. клема триредна, 2,5мм, YBK 2,5-3F",IK690001,00001418,M,L,L,бр.,,,1.6342,0.0,0.0,0.0,,,N,6.0,6.0,,ШРАК ТЕХНИК ЕООД,,,,1.5,,,,,,,,Y,0,,0.0,,,0.0,0.0,Y,Y,Y,N,1800,,0.0,,,,,,,,,,,,0,0.0,0.0,0.0,,N
6005,19,1,2025-11-10 14:15:06.937,1324755031,2026-07-07 08:37:24.041,Шрак техник ЕООД,"Кабелен накрайник 6мм 0,34мм",BGH270716,00001420,M,L,L,бр.,,,0.01,0.0,0.0,0.0,,,N,0.0,0.0,,ШРАК ТЕХНИК ЕООД,,,,1.5,,,,,,,,Y,0,,0.0,,,0.0,0.0,Y,Y,Y,N,1801,,0.0,,,,,,,,,,,,0,0.0,0.0,0.0,,N
6005,22,1,2025-11-10 14:18:02.659,1320962447,2026-06-16 13:30:08.978,Клеми,Свързваща клема 2х0.2-4мм,IKW22102,00001417,M,L,L,бр.,,,0.25053302178614706,0.0,0.0,0.0,,,N,6.0,6.0,,ШРАК ТЕХНИК ЕООД,,,,1.5,,,,,,,,Y,0,,0.0,,,0.0,0.0,Y,Y,Y,N,1802,,0.0,,,,,,,,,,,,0,0.0,0.0,0.0,,N
6005,25,1,2025-11-10 14:18:51.249,1320962447,2026-06-16 13:30:08.978,Клеми,Свързваща клема 3х0.2-4мм,IKW22103,00001416,M,L,L,бр.,,,0.3067751287177311,0.0,0.0,0.0,,,N,6.0,6.0,,ШРАК ТЕХНИК ЕООД,,,,1.5,,,,,,,,Y,0,,0.0,,,0.0,0.0,Y,Y,Y,N,1803,,0.0,,,,,,,,,,,,0,0.0,0.0,0.0,,N
6045,1,1,2025-11-12 14:21:17.107,1320962447,2026-07-14 10:41:15.737,Кабелни Канали,Кабелен канал 60х25mm,RH229247,00001439,M,L,L,м.,,,4.882837465423887,0.0,0.0,0.0,,,N,2.0,2.0,,ШРАК ТЕХНИК ЕООД,,,,1.5,,,,,,,,Y,0,,0.0,,,0.0,0.0,Y,Y,Y,N,1823,,0.0,,,,,,,,,,,,0,0.0,0.0,0.0,,N
6045,2,1,2025-11-10 14:46:14.547,1320962447,2026-06-16 13:30:08.978,Клеми,Свързваща клема 5х0.2-4мм,IKW22105,00001666,M,L,L,бр.,,,0.49595312476033193,0.0,0.0,0.0,,,N,6.0,6.0,,ШРАК ТЕХНИК ЕООД,,,,1.5,,,,,,,,Y,0,,0.0,,,0.0,0.0,Y,Y,Y,N,1804,,0.0,,,,,,,,,,,,0,0.0,0.0,0.0,,N
6045,4,1,2025-11-10 14:57:16.951,1324755031,2026-07-03 15:27:23.723,3. Инструменти,Отвертка права 2.4х75,BGH101910,00001667,M,L,L,бр.,,,4.18,0.0,0.0,0.0,,,N,1.0,1.0,,ШРАК ТЕХНИК ЕООД,,,,1.5,,,,,,,,Y,0,,0.0,,,0.0,0.0,Y,Y,Y,N,1805,,0.0,,,,,,,,,,,,0,0.0,0.0,0.0,,N
6045,6,1,2025-11-11 08:16:31.724,1319658619,2026-06-23 10:47:02.224,1.1.1. Части (Електролизьор),Плочa PP 500x500x20мм,,00001423,M,L,L,бр.,,,53.685449999999996,0.0,0.0,0.0,,,N,2.0,2.0,,ГУМПЛАСТ ООД,,,,1.5,,,,,,,,Y,0,,0.0,,,0.0,0.0,Y,Y,Y,N,1806,,0.0,,,,,,,,,,,,0,0.0,0.0,0.0,,N
6045,8,1,2025-11-11 08:22:32.142,1319637383,2026-07-22 13:06:23.171,Клеми,Крайна секция YBK 2F,IK690202,00001424,M,L,L,бр.,,,0.34,0.0,0.0,0.0,,,N,5.0,5.0,,ШРАК ТЕХНИК ЕООД,,,,1.5,,,,,,,,Y,0,,0.0,,,0.0,0.0,Y,Y,Y,N,1807,,0.0,,,,,,,,,,,,0,0.0,0.0,0.0,,N
6045,10,1,2025-11-11 08:23:41.737,1320962447,2026-06-17 14:08:41.851,Клеми,Кр. скоба за DIN релса,IK623001,00001425,M,L,L,бр.,,,0.276097615845958,0.0,0.0,0.0,,,N,5.0,5.0,,ШРАК ТЕХНИК ЕООД,,,,1.5,,,,,,,,Y,0,,0.0,,,0.0,0.0,Y,Y,Y,N,1808,,0.0,,,,,,,,,,,,0,0.0,0.0,0.0,,N
6045,12,1,2025-11-11 08:25:12.719,1320962447,2026-06-17 14:08:41.851,Клеми,"Пружинна клема, YBK 6mm",IK610006,00001426,M,L,L,бр.,,,0.5368564752560294,0.0,0.0,0.0,,,N,5.0,5.0,,ШРАК ТЕХНИК ЕООД,,,,1.5,,,,,,,,Y,0,,0.0,,,0.0,0.0,Y,Y,Y,N,1809,,0.0,,,,,,,,,,,,0,0.0,0.0,0.0,,N
6045,14,1,2025-11-11 08:31:38.462,1320962447,2026-06-24 15:43:51.262,2. Корпуси,"Табло с 2 врати, 1200х1200х300",WSA1212309,00001681,M,L,L,бр.,,,369.6282396731822,0.0,0.0,0.0,,,N,1.0,1.0,,ШРАК ТЕХНИК ЕООД,,,,1.5,,,,,,,,Y,0,,0.0,,,0.0,0.0,Y,Y,Y,N,1810,,0.0,,,,,,,,,,,,0,0.0,0.0,0.0,,N
6045,16,1,2025-11-13 07:49:35.132,1319658389,2026-06-23 10:45:19.417,3. Метални Елементи,Профилна тръба ЕЗ 15х15х3,,00001440,M,L,L,м.,,,1.237322,0.0,0.0,0.0,,,N,2.0,2.0,,НИРСТРОЙ ООД,,,,1.5,,,,,,,,Y,0,,0.0,,,0.0,0.0,Y,Y,Y,N,1824,,0.0,,,,,,,,,,,,0,0.0,0.0,0.0,,N
6045,23,1,2025-11-13 08:08:03.447,1320962447,2026-08-03 07:58:05.840,М16,Гайка шест. 10 Bl. М16,00934 1000 16,00001443,M,L,L,бр.,,,0.09203253861531932,0.0,0.0,0.0,,,N,10.0,10.0,,ИТТ БЪЛГАРИЯ ЕООД,,,,1.5,,,,,,,,Y,0,,0.0,,,0.0,0.0,Y,Y,Y,N,1825,,0.0,,,,,,,,,,,,0,0.0,0.0,0.0,,N
6045,25,1,2025-11-13 08:10:10.980,1318836567,2026-06-16 13:30:08.978,М3,Гайка шест. А2 М3,00934 9200 3,00001441,M,L,L,бр.,,,0.01,0.0,0.0,0.0,,,N,10.0,10.0,,ИТТ БЪЛГАРИЯ ЕООД,,,,1.5,,,,,,,,Y,0,,0.0,,,0.0,0.0,Y,Y,Y,N,1826,,0.0,,,,,,,,,,,,0,0.0,0.0,0.0,,N
6045,27,1,2025-11-13 08:12:25.767,1318836542,2026-06-16 13:30:08.978,М3,Болт с шест.гл. А2 М3х25,00933 9200 2 25,00001687,M,L,L,бр.,,,0.05,0.0,0.0,0.0,,,N,10.0,10.0,,ИТТ БЪЛГАРИЯ ЕООД,,,,1.5,,,,,,,,Y,0,,0.0,,,0.0,0.0,Y,Y,Y,N,1827,,0.0,,,,,,,,,,,,0,0.0,0.0,0.0,,N
6040,1,1,2025-11-13 08:24:52.395,1320962447,2026-07-03 15:27:03.515,2. Консумативи,Клапа ф100,3800211055052,00001689,M,L,L,бр.,,,5.107805893150223,0.0,0.0,0.0,,,N,1.0,10.0,,ДОВЕРИЕ-БРИКО АД,,,,1.5,,,,,,,,Y,0,,0.0,,,0.0,0.0,Y,Y,Y,N,1828,,0.0,,,,,,,,,,,,0,0.0,0.0,0.0,,N
6040,2,1,2026-02-05 13:20:52.322,1330742443,2026-06-23 15:36:13.167,"2.7. PP, Месинг, Хром връзки",Тръба PP за т. вода PN20 ф32,,00001766,M,M,M,м.,,,3.68,0.0,0.0,0.0,,,N,3.0,20.0,,ИВДА-ГЕО ООД,,,,1.5,,,,,,,,Y,0,,0.0,,,0.0,0.0,Y,Y,Y,N,2041,,0.0,,,,,,,,,,,,0,0.0,0.0,0.0,,N
6040,3,1,2025-11-13 08:26:06.207,1320962447,2026-07-03 15:27:03.515,2. Консумативи,Клапа ф120,3800211055069,00001690,M,L,L,бр.,,,5.619097774346441,0.0,0.0,0.0,,,N,1.0,10.0,,ДОВЕРИЕ-БРИКО АД,,,,1.5,,,,,,,,Y,0,,0.0,,,0.0,0.0,Y,Y,Y,N,1829,,0.0,,,,,,,,,,,,0,0.0,0.0,0.0,,N
6040,5,1,2025-11-13 08:27:29.586,1320962447,2026-07-03 15:27:03.515,2. Консумативи,Вентилатор за баня МТ100С,3800211051580,00001692,M,L,L,бр.,,,20.446562329036777,0.0,0.0,0.0,,,N,1.0,10.0,,ДОВЕРИЕ-БРИКО АД,,,,1.5,,,,,,,,Y,0,,0.0,,,0.0,0.0,Y,Y,Y,N,1830,,0.0,,,,,,,,,,,,0,0.0,0.0,0.0,,N
6040,6,1,2026-02-05 14:20:22.142,1318459750,2026-06-24 16:00:02.357,"Кабелни накрайници, обувки","Кабелен накрайник 0,5мм 8мм",BGH270800,00001767,M,M,M,бр.,,,0.01,0.0,0.0,0.0,,,N,3.0,20.0,,ШРАК ТЕХНИК ЕООД,,,,1.5,,,,,,,,Y,0,,0.0,,,0.0,0.0,Y,Y,Y,N,2042,,0.0,,,,,,,,,,,,0,0.0,0.0,0.0,,N
6040,7,1,2025-11-13 10:44:51.021,1320962447,2026-06-23 15:58:35.681,Винтове,"Винт самопробивен с шайба ф4,2х13",07504 0091 42 13,00001447,M,L,L,бр.,,,0.005112918811962185,0.0,0.0,0.0,,,N,50.0,50.0,,ИТТ БЪЛГАРИЯ ЕООД,,,,1.5,,,,,,,,Y,0,,0.0,,,0.0,0.0,Y,Y,Y,N,1832,,0.0,,,,,,,,,,,,0,0.0,0.0,0.0,,N
6040,8,1,2025-11-13 10:16:24.015,1321241578,2026-06-16 13:37:14.711,Сензори,Трансмитер за налягане 0-3 bar,IPS-G-403-01-I-03-S,00001446,M,L,L,бр.,,,326.94,0.0,0.0,0.0,,,P,2.0,10.0,,СМ СЕНЗОРМАТИК ЕООД,,,,1.5,,,,,,,,Y,0,,0.0,,,0.0,0.0,Y,Y,Y,N,1831,,0.0,,,,,,,,,,,,0,0.0,0.0,0.0,,N
6040,12,1,2025-11-13 14:43:06.059,1320962448,2026-07-07 09:05:03.871,1) Грийн Иновейшън АД,Голям кръг перф. ламарина,-,00001448,M,L,L,бр.,,,0.0,0.0,0.0,0.0,,,P,50.0,50.0,,,,,,1.5,,,,,,,,Y,0,,0.0,,,0.0,0.0,Y,Y,Y,N,1833,,0.0,,,,,,,,,,,,0,0.0,0.0,0.0,,N
6040,14,1,2025-11-19 09:41:59.114,1322551062,2026-06-16 13:30:08.978,"Кабелни накрайници, обувки","Кабелен накрайник дв. 8mm 2x0,5mm",BGH270778-,00001703,M,L,L,бр.,,,0.02,0.0,0.0,0.0,,,N,0.0,0.0,,ШРАК ТЕХНИК ЕООД,,,,1.5,,,,,,,,Y,0,,0.0,,,0.0,0.0,Y,Y,Y,N,1849,,0.0,,,,,,,,,,,,0,0.0,0.0,0.0,,N
6040,19,1,2025-11-13 14:43:58.990,1320962448,2026-07-07 09:05:03.916,1) Грийн Иновейшън АД,Малък кръг перф.ламарина,,00001695,M,L,L,бр.,,,0.0,0.0,0.0,0.0,,,P,50.0,50.0,,,,,,1.5,,,,,,,,Y,0,,0.0,,,0.0,0.0,Y,Y,Y,N,1834,,0.0,,,,,,,,,,,,0,0.0,0.0,0.0,,N
6040,23,1,2026-01-12 10:46:37.235,1320962448,2026-06-16 13:37:14.711,Нирстрой,ГВ Винкел 100/100/10,-,00001538,M,L,L,м.,,,20.2,0.0,0.0,0.0,,,P,1.0,1.0,,НИРСТРОЙ ООД,,,,1.5,,,,,,,,Y,0,,0.0,,,0.0,0.0,Y,Y,Y,N,1924,,0.0,,,,,,,,,,,,0,0.0,0.0,0.0,,N
6040,26,1,2025-11-17 07:49:17.926,1319661650,2026-06-16 13:30:08.978,Кабелни Канали,Капак за T-образно разклонение за кабелна скара,RTACDV 200S,00001696,M,L,L,бр.,,,8.206204999999999,0.0,0.0,0.0,,,N,0.0,0.0,,НИДАКС БЪЛГАРИЯ  ЕООД,,,,1.5,,,,,,,,Y,0,,0.0,,,0.0,0.0,Y,Y,Y,N,1835,,0.0,,,,,,,,,,,,0,0.0,0.0,0.0,,N
6053,1,1,2025-11-17 07:51:31.431,1319661675,2026-06-16 13:30:08.978,Кабелни Канали,Капак за ъгъл 90° за кабелна скара,RESCDV 200 S,00001697,M,L,L,бр.,,,11.550041,0.0,0.0,0.0,,,N,0.0,0.0,,НИДАКС БЪЛГАРИЯ  ЕООД,,,,1.5,,,,,,,,Y,0,,0.0,,,0.0,0.0,Y,Y,Y,N,1836,,0.0,,,,,,,,,,,,0,0.0,0.0,0.0,,N
6053,2,1,2025-12-18 09:31:06.890,1320962448,2026-06-23 13:27:42.191,2.5.4. Вентили,Магнетвентил 1/2“,21IH4K1V160,00001520,M,L,L,бр.,,,106.4765342591125,0.0,0.0,0.0,,,N,1.0,1.0,,ЛД ООД,,,,1.5,,,,,,,,Y,0,,0.0,,,0.0,0.0,Y,Y,Y,N,1906,,0.0,,,,,,,,,,,,0,0.0,0.0,0.0,,N
6053,3,1,2026-02-05 14:22:47.693,1318459917,2026-06-16 13:30:08.978,"Кабелни накрайници, обувки","Кабелен накрайник, 8мм, 0,75мм",BGH270803,00001768,M,M,M,бр.,,,0.01,0.0,0.0,0.0,,,N,3.0,20.0,,ШРАК ТЕХНИК ЕООД,,,,1.5,,,,,,,,Y,0,,0.0,,,0.0,0.0,Y,Y,Y,N,2043,,0.0,,,,,,,,,,,,0,0.0,0.0,0.0,,N
6053,5,1,2025-11-17 08:29:39.001,1320962448,2026-06-16 13:30:08.978,"Кабелни накрайници, обувки",Съединители 1,IDC16,00001642,M,L,L,бр.,,,0.19429091485456304,0.0,0.0,0.0,,,N,10.0,10.0,,КОМЕТ ЕЛЕКТРОНИКС ООД,,,,1.5,,,,,,,,Y,0,,0.0,,,0.0,0.0,Y,Y,Y,N,1837,,0.0,,,,,,,,,,,,0,0.0,0.0,0.0,,N
6053,6,1,2025-12-09 15:20:12.682,1320962448,2026-06-16 13:30:08.978,"Кабелни накрайници, обувки",Конектори cat.7a,RJ45,00001748,M,L,L,бр.,,,0.3885818297091261,0.0,0.0,0.0,,,N,20.0,20.0,,ХАРД ТЕХ ООД,,,,1.5,,,,,,,,Y,0,,0.0,,,0.0,0.0,Y,Y,Y,N,1896,,0.0,,,,,,,,,,,,0,0.0,0.0,0.0,,N
6053,7,1,2026-02-05 15:07:44.382,1318463039,2026-06-23 10:53:49.595,Нипели на резба,Нипел шест. 304L резба 150LBS 3/4“,100645,00001770,M,M,M,бр.,,,1.16,0.0,0.0,0.0,,,N,5.0,20.0,,КРИСМЕТАЛ,,,,1.5,,,,,,,,Y,0,,0.0,,,0.0,0.0,Y,Y,Y,N,2045,,0.0,,,,,,,,,,,,0,0.0,0.0,0.0,,N
6053,9,1,2025-11-17 08:32:30.186,1320962448,2026-06-16 13:30:08.978,Платки - Green Innovation,Резистори 4.7K 5%,R0805,00001641,M,L,L,бр.,,,0.005112918811962185,0.0,0.0,0.0,,,N,10.0,10.0,,КОМЕТ ЕЛЕКТРОНИКС ООД,,,,1.5,,,,,,,,Y,0,,0.0,,,0.0,0.0,Y,Y,Y,N,1838,,0.0,,,,,,,,,,,,0,0.0,0.0,0.0,,N
6053,14,1,2025-12-19 08:00:09.969,1323455204,2026-06-23 10:45:32.010,5. Устройства,Чилър EAS.HK 161 V1.MBP.SHR,,00001522,M,L,L,бр.,,,5399.59,0.0,0.0,0.0,,,N,1.0,1.0,,ERACO,,,,1.5,,,,,,,,Y,0,,0.0,,,0.0,0.0,Y,Y,Y,N,1908,,0.0,,,,,,,,,,,,0,0.0,0.0,0.0,,N
6053,15,1,2025-11-17 08:44:09.166,1320962341,2026-07-07 08:22:43.952,Крисметал,Тръба шевна 304L (88.9х2) 3“,072702,00001698,M,L,L,м.,,,16.71407,0.0,0.0,0.0,,За Полша,N,0.0,0.0,,КРИСМЕТАЛ,,,,1.5,,,,,,,,Y,0,,0.0,,,0.0,0.0,Y,Y,Y,N,1839,,0.0,,,,,,,,,,,,0,0.0,0.0,0.0,,N
6053,17,1,2025-11-17 08:46:00.380,1319056172,2026-06-23 10:48:40.048,2.2. Фитинги за заваряване,"Капа 304L (88,9х2) 3“",103242,00001967,M,L,L,бр.,,,4.18,0.0,0.0,0.0,,,N,0.0,0.0,,КРИСМЕТАЛ,,,,1.5,,,,,,,,Y,0,,0.0,,,0.0,0.0,Y,Y,Y,N,1840,,0.0,,,,,,,,,,,,0,0.0,0.0,0.0,,N
6053,23,1,2025-11-19 09:47:26.580,1320962448,2026-06-17 14:08:41.851,Клеми,Крайна секция за YBK 6mm.,IK610206,00001704,M,L,L,бр.,,,0.17895215841867645,0.0,0.0,0.0,,,N,10.0,10.0,,ШРАК ТЕХНИК ЕООД,,,,1.5,,,,,,,,Y,0,,0.0,,,0.0,0.0,Y,Y,Y,N,1850,,0.0,,,,,,,,,,,,0,0.0,0.0,0.0,,N
6053,25,1,2025-11-24 07:54:39.400,1320962448,2026-06-16 13:44:22.655,KOBOLD,Compact flow meter - датчик налягане,KET-ELR25AMSOO,00001774,M,L,L,бр.,,,1506.45,0.0,0.0,0.0,,За РНД Италия!,P,1.0,1.0,,KOBOLD,,,,1.5,,,,,,,,Y,0,,0.0,,,0.0,0.0,Y,Y,Y,N,1854,,0.0,,,,,,,,,,,,0,0.0,0.0,0.0,,N
6053,33,1,2026-01-28 07:48:18.144,1318956546,2026-06-23 10:48:03.876,1.2.2 Съдове (Очиска),Топлообменник HE40,88540101,00001761,M,L,L,бр.,,,327.0,0.0,0.0,0.0,,,P,1.0,20.0,,вътрешно,,,,1.5,,,,,,,,Y,0,,0.0,,,0.0,0.0,Y,Y,Y,N,1990,,0.0,,,,,,,,,,,,0,0.0,0.0,0.0,,N
6066,1,1,2025-11-19 09:51:31.842,1320962448,2026-06-16 13:30:08.978,Клеми,"Клемни марк.верт.DY10/6,5 ненадписани (30х)",IK697920,00001705,M,L,L,бр.,,,0.7413732277345167,0.0,0.0,0.0,,,N,10.0,10.0,,ШРАК ТЕХНИК ЕООД,,,,1.5,,,,,,,,Y,0,,0.0,,,0.0,0.0,Y,Y,Y,N,1851,,0.0,,,,,,,,,,,,0,0.0,0.0,0.0,,N
6066,3,1,2026-02-05 14:23:55.142,1318459995,2026-07-03 15:27:23.723,3. Инструменти,"Кабелни ножици 160мм, 16мм",BGH201085,00001769,M,M,M,бр.,,,15.59,0.0,0.0,0.0,,,N,3.0,20.0,,ШРАК ТЕХНИК ЕООД,,,,1.5,,,,,,,,Y,0,,0.0,,,0.0,0.0,Y,Y,Y,N,2044,,0.0,,,,,,,,,,,,0,0.0,0.0,0.0,,N
6066,5,1,2025-11-24 07:57:44.305,1320962448,2026-06-16 13:44:22.716,KOBOLD,"Plug connector M12x1,cabel 5m - конектор с кабел",ZUB-KAB-12K505,00001469,M,L,L,бр.,,,49.55,0.0,0.0,0.0,,,P,1.0,1.0,,KOBOLD,,,,1.5,,,,,,,,Y,0,,0.0,,,0.0,0.0,Y,Y,Y,N,1855,,0.0,,,,,,,,,,,,0,0.0,0.0,0.0,,N
6066,6,1,2025-11-19 10:06:21.812,1335160008,2026-07-22 14:24:07.956,Клеми,Крайна секция за IK690001,IK690201,00001706,M,L,L,бр.,,,0.3257,0.0,0.0,0.0,,,N,10.0,10.0,,ШРАК ТЕХНИК ЕООД,,,,1.5,,,,,,,,Y,0,,0.0,,,0.0,0.0,Y,Y,Y,N,1852,,0.0,,,,,,,,,,,,0,0.0,0.0,0.0,,N
6066,8,1,2026-01-05 10:43:24.171,1320962448,2026-06-23 10:47:02.224,1.1.1. Части (Електролизьор),Уплътнение (S.G.M. PTFE) 393x325x5мм,,00001523,M,L,L,бр.,,,12.6,0.0,0.0,0.0,,,N,1.0,1.0,,SUZHOU,,,,1.5,,,,,,,,Y,0,,0.0,,,0.0,0.0,Y,Y,Y,N,1909,,0.0,,,,,,,,,,,,0,0.0,0.0,0.0,,N
6066,9,1,2025-11-20 12:46:50.828,1320962448,2026-03-04 08:11:02.095,ZIEHL-ABEGG,Вентилатор,ZN063-ZIL.GL.V7P3,00001707,M,L,L,бр.,,,1725.97,0.0,0.0,0.0,,,P,10.0,10.0,,ZIEHL-ABEGG,,,,1.5,,,,,,,,Y,0,,0.0,,,0.0,0.0,Y,Y,Y,N,1853,,0.0,,,,,,,,,,,,0,0.0,0.0,0.0,,N
6066,13,1,2025-11-24 07:59:14.050,1320962448,2026-06-16 13:44:22.775,KOBOLD,Service software - софтуер,KEK-SOFT,00001709,M,L,L,бр.,,,378.5,0.0,0.0,0.0,,,P,1.0,1.0,,KOBOLD,,,,1.5,,,,,,,,Y,0,,0.0,,,0.0,0.0,Y,Y,Y,N,1856,,0.0,,,,,,,,,,,,0,0.0,0.0,0.0,,N
6066,15,1,2025-11-24 08:53:04.223,1320962448,2026-06-16 13:30:08.978,Платки - Green Innovation,Кв. резонатор, Q22.0592 MHz HC-49SM SMD,00001710,M,L,L,бр.,,,0.14827464554690334,0.0,0.0,0.0,,,N,20.0,20.0,,КОМЕТ ЕЛЕКТРОНИКС ООД,,,,1.5,,,,,,,,Y,0,,0.0,,,0.0,0.0,Y,Y,Y,N,1857,,0.0,,,,,,,,,,,,0,0.0,0.0,0.0,,N
6066,17,1,2025-11-24 08:54:25.540,1320962448,2026-06-16 13:30:08.978,"Кабелни накрайници, обувки",Съединители 3, MJ6,00001711,M,L,L,бр.,,,0.015338756435886555,0.0,0.0,0.0,,,N,20.0,20.0,,КОМЕТ ЕЛЕКТРОНИКС ООД,,,,1.5,,,,,,,,Y,0,,0.0,,,0.0,0.0,Y,Y,Y,N,1858,,0.0,,,,,,,,,,,,0,0.0,0.0,0.0,,N
6066,20,1,2025-11-24 08:55:59.127,1320962448,2026-06-16 13:30:08.978,"Кабелни накрайници, обувки",Съединители 4,MJ14,00001712,M,L,L,бр.,,,0.03067751287177311,0.0,0.0,0.0,,,N,20.0,20.0,,КОМЕТ ЕЛЕКТРОНИКС ООД,,,,1.5,,,,,,,,Y,0,,0.0,,,0.0,0.0,Y,Y,Y,N,1859,,0.0,,,,,,,,,,,,0,0.0,0.0,0.0,,N
6066,25,1,2025-11-24 09:25:32.882,1320962448,2026-06-24 14:02:04.796,Кабели - Мрежови,"Кабел пач RJ45 екр. Cat.6 сив 0,5м",H6GLG00K5G,00001713,M,L,L,бр.,,,0.8998737109053445,0.0,0.0,0.0,,,N,5.0,5.0,,ШРАК ТЕХНИК ЕООД,,,,1.5,,,,,,,,Y,0,,0.0,,,0.0,0.0,Y,Y,Y,N,1860,,0.0,,,,,,,,,,,,0,0.0,0.0,0.0,,N
6066,28,1,2025-11-24 09:39:05.160,1322551061,2026-06-24 14:02:04.796,Кабели - Мрежови,"Кабел пач RJ45 екр. Cat.6 сив 1,0м",H6GLG01K0G,00001714,M,L,L,бр.,,,1.12,0.0,0.0,0.0,,,N,5.0,5.0,,ШРАК ТЕХНИК ЕООД,,,,1.5,,,,,,,,Y,0,,0.0,,,0.0,0.0,Y,Y,Y,N,1861,,0.0,,,,,,,,,,,,0,0.0,0.0,0.0,,N
6066,31,1,2025-11-24 10:08:09.434,1320962448,2026-03-04 08:11:02.157,Редко,Кабел 1х50mm,V981920K01500,000017013,M,L,L,м.,,,7.592684435763844,0.0,0.0,0.0,,,P,5.0,5.0,,РЕДКО,,,,1.5,,,,,,,,Y,0,,0.0,,,0.0,0.0,Y,Y,Y,N,1862,,0.0,,,,,,,,,,,,0,0.0,0.0,0.0,,N
5722,1,1,2025-11-25 08:03:55.505,1320962448,2026-06-16 13:37:14.711,Светлю Шишков,"Буферен съд 100л, ф500",,00001719,M,L,L,бр.,,,532.597413885665,0.0,0.0,0.0,,,P,1.0,1.0,,СВЕТЛЮ ШИШКОВ С ООД,,,,1.5,,,,,,,,Y,0,,0.0,,,0.0,0.0,Y,Y,Y,N,1867,,0.0,,,,,,,,,,,,0,0.0,0.0,0.0,,N
5722,2,1,2025-11-24 10:11:32.688,1320962448,2026-03-04 08:11:02.173,Редко,Кабелна обувка 50х8,V981927K50080-,00001715,M,L,L,бр.,,,1.38048807922979,0.0,0.0,0.0,,,P,5.0,5.0,,РЕДКО,,,,1.5,,,,,,,,Y,0,,0.0,,,0.0,0.0,Y,Y,Y,N,1863,,0.0,,,,,,,,,,,,0,0.0,0.0,0.0,,N
5722,4,1,2025-11-24 10:13:46.556,1323259001,2026-07-03 15:27:03.515,2. Консумативи,"Диск рязане ф125х1, прав",P792024010000,00001716,M,L,L,бр.,,,1.04,0.0,0.0,0.0,,,N,5.0,5.0,,РЕДКО,,,,1.5,,,,,,,,Y,0,,0.0,,,0.0,0.0,Y,Y,Y,N,1864,,0.0,,,,,,,,,,,,0,0.0,0.0,0.0,,N
5722,6,1,2025-11-24 10:40:08.761,1320962448,2026-07-03 15:27:03.515,2. Консумативи,"Нитрилни ръкавици, оранжеви, XL",04300166.XL,00001717,M,L,L,бр.,оп.,100.0,0.07669378217943278,0.0,0.0,0.0,,,N,1.0,1.0,,БУЛТЕКС 99 ЕООД,,,,1.5,,,,,,,,Y,0,,0.0,,,0.0,0.0,Y,Y,Y,N,1865,,0.0,,,,,,,,,,,,0,0.0,0.0,0.0,,N
5722,10,1,2025-11-24 10:41:34.470,1324641026,2026-07-03 15:27:03.515,2. Консумативи,"Нитрилни ръкавици, оранжеви, XXL",04300166.2XL,00001718,M,L,L,бр.,оп.,100.0,0.0844,0.0,0.0,0.0,,,N,1.0,1.0,,БУЛТЕКС 99 ЕООД,,,,1.5,,,,,,,,Y,0,,0.0,,,0.0,0.0,Y,Y,Y,N,1866,,0.0,,,,,,,,,,,,0,0.0,0.0,0.0,,N
5722,13,1,2025-11-27 12:11:20.787,1324639253,2026-06-24 14:06:46.031,Кабели - Захранващи,Кабел 70мм HO7V-K червен,05.01.02.00100,00001721,M,L,L,м.,,,9.92,0.0,0.0,0.0,,,N,20.0,20.0,,ТИЛКОМ ООД,,,,1.5,,,,,,,,Y,0,,0.0,,,0.0,0.0,Y,Y,Y,N,1869,,0.0,,,,,,,,,,,,0,0.0,0.0,0.0,,N
5722,15,1,2025-11-27 12:11:59.409,1324639258,2026-06-24 14:06:46.031,Кабели - Захранващи,Кабел 70мм HO7V-K черен,05.01.02.00099,00001722,M,L,L,м.,,,9.92,0.0,0.0,0.0,,,N,20.0,20.0,,ТИЛКОМ ООД,,,,1.5,,,,,,,,Y,0,,0.0,,,0.0,0.0,Y,Y,Y,N,1870,,0.0,,,,,,,,,,,,0,0.0,0.0,0.0,,N
5722,17,1,2025-11-27 12:13:45.214,1320962448,2026-03-04 08:11:02.282,Тилком,"Обувка кабелна мед 70,ф12",40.01.01.00032,00001723,M,L,L,бр.,,,1.0839387881359832,0.0,0.0,0.0,,,P,20.0,20.0,,ТИЛКОМ ООД,,,,1.5,,,,,,,,Y,0,,0.0,,,0.0,0.0,Y,Y,Y,N,1871,,0.0,,,,,,,,,,,,0,0.0,0.0,0.0,,N
5722,19,1,2025-11-27 14:30:29.188,1320962448,2026-03-02 14:59:43.863,Нирстрой,"Поцинкована ламарина 2000/1000/1,0",,00001724,M,L,L,бр.,,,16.0494521507493,0.0,0.0,0.0,,,P,1.0,1.0,,НИРСТРОЙ ООД,,,,1.5,,,,,,,,Y,0,,0.0,,,0.0,0.0,Y,Y,Y,N,1872,,0.0,,,,,,,,,,,,0,0.0,0.0,0.0,,N
5722,21,1,2025-11-27 14:37:06.488,1320962448,2026-06-17 15:26:46.247,М6,Болт с шест.гл. А2 М6х40,00933 9200 6 40,00001725,M,L,L,бр.,,,0.09203253861531932,0.0,0.0,0.0,,,N,1.0,1.0,,ИТТ БЪЛГАРИЯ ЕООД,,,,1.5,,,,,,,,Y,0,,0.0,,,0.0,0.0,Y,Y,Y,N,1873,,0.0,,,,,,,,,,,,0,0.0,0.0,0.0,,N
5722,23,1,2025-11-27 14:42:59.231,1322755980,2026-06-16 13:44:23.023,ИФМ,Намур сензор,N0033A,00001726,M,L,L,бр.,,,128.36,0.0,0.0,0.0,,,P,1.0,1.0,,ИФМ ЕЛЕКТРОНИК ЕООД,,,,1.5,,,,,,,,Y,0,,0.0,,,0.0,0.0,Y,Y,Y,N,1874,,0.0,,,,,,,,,,,,0,0.0,0.0,0.0,,N
5722,25,1,2025-11-27 15:12:02.793,1318956518,2026-06-23 13:26:51.878,2.5.1. Кранове на фланци,Кран седлови на фл. 316 PN40 DN25,957206,00001727,M,L,L,бр.,,,407.4,0.0,0.0,0.0,,,P,1.0,1.0,,КРИСМЕТАЛ,,,,1.5,,,,,,,,Y,0,,0.0,,,0.0,0.0,Y,Y,Y,N,1875,,0.0,,,,,,,,,,,,0,0.0,0.0,0.0,,N
5845,1,1,2025-11-28 07:42:47.082,1320962448,2026-06-16 14:15:36.751,Вътрешни изделия и детайли,Табло Металхидрид,1000120,00001728,M,L,L,бр.,,,0.0,0.0,0.0,0.0,,За Златна Панега,P,1.0,1.0,,,,,,1.5,,,,,,,,Y,0,,0.0,,,0.0,0.0,Y,Y,Y,N,1876,,0.0,,,,,,,,,,,,0,0.0,0.0,0.0,,N
5845,2,1,2025-11-28 14:39:37.156,1331740909,2026-06-24 15:46:19.075,3. Консумативи,Силикагел - тип ORANGE,,00001729,M,L,L,кг.,,,8.0,0.0,0.0,0.0,,,P,0.0,0.0,,АЛУСИЛ ООД,,,,1.5,,,,,,,,Y,0,,0.0,,,0.0,0.0,Y,Y,Y,N,1877,,0.0,,,,,,,,,,,,0,0.0,0.0,0.0,,N
5845,3,1,2025-12-10 07:37:30.667,1318833614,2026-06-16 14:15:44.068,М16,Шайба пружинна DIN2093 М16,020930031163175,00001511,M,L,L,бр.,,,0.245419,0.0,0.0,0.0,,,N,20.0,20.0,,ИЛЧЕВ КРЕПЕЖИ ЕООД,,,,1.5,,,,,,,,Y,0,,0.0,,,0.0,0.0,Y,Y,Y,N,1897,,0.0,,,,,,,,,,,,0,0.0,0.0,0.0,,N
5845,5,1,2025-11-28 14:40:37.423,1320962448,2026-03-02 14:59:15.427,Вътрешни изделия и детайли,Цилиндър ПП,,00001731,M,L,L,бр.,,,0.5112918811962185,0.0,0.0,0.0,,,P,1.0,1.0,,,,,,1.5,,,,,,,,Y,0,,0.0,,,0.0,0.0,Y,Y,Y,N,1878,,0.0,,,,,,,,,,,,0,0.0,0.0,0.0,,N
5845,7,1,2025-11-28 14:42:08.633,1320962448,2026-03-02 14:59:15.458,Вътрешни изделия и детайли,Аква филтър,FCPNN50M,00001730,M,L,L,бр.,,,0.0,0.0,0.0,0.0,,,P,1.0,1.0,,,,,,1.5,,,,,,,,Y,0,,0.0,,,0.0,0.0,Y,Y,Y,N,1879,,0.0,,,,,,,,,,,,0,0.0,0.0,0.0,,N
5845,13,1,2026-01-26 09:17:00.317,1320962448,2026-06-24 15:03:35.047,Газ анализ - Сензори,"DP324B-P Dew point analyser, LCD display",A59048,00001572,M,L,L,бр.,,,1270.6,0.0,0.0,0.0,,"Анаилзатор на точка на оросяване
Брикел!!!",P,1.0,2.0,,ADEV S.R.L.,,,,1.5,,,,,,,,Y,0,,0.0,,,0.0,0.0,Y,Y,Y,N,1960,,0.0,,,,,,,,,,,,0,0.0,0.0,0.0,,N
5845,14,1,2025-12-01 12:15:24.552,1320962448,2026-06-16 13:30:08.978,Кабелни Канали,Кабелна обувка без изолация,028 LGR5979,00001734,M,L,L,бр.,,,1.0992775445718697,0.0,0.0,0.0,,,N,10.0,10.0,,ТАШЕВ ГАЛВИНГ ООД,,,,1.5,,,,,,,,Y,0,,0.0,,,0.0,0.0,Y,Y,Y,N,1882,,0.0,,,,,,,,,,,,0,0.0,0.0,0.0,,N
5845,18,1,2025-12-01 12:19:53.793,1319056780,2026-06-24 14:50:48.073,7. Кабели,Кабел HO7V-K 25мм жълт/зелен,,00001497,M,L,L,м.,,,2.817208,0.0,0.0,0.0,,,N,10.0,10.0,,ТИЛКОМ ООД,,,,1.5,,,,,,,,Y,0,,0.0,,,0.0,0.0,Y,Y,Y,N,1883,,0.0,,,,,,,,,,,,0,0.0,0.0,0.0,,N
5845,21,1,2025-12-10 13:41:17.503,1320962448,2026-06-23 13:28:00.801,2.5.6. Актуатори,Актуатор (Electric act. GE-15 24/240V),5803 48,00001514,M,L,L,бр.,,,309.93,0.0,0.0,0.0,,,P,2.0,2.0,,GENEBRE,,,,1.5,,,,,,,,Y,0,,0.0,,,0.0,0.0,Y,Y,Y,N,1900,,0.0,,,,,,,,,,,,0,0.0,0.0,0.0,,N
5845,23,1,2025-12-11 10:39:03.298,1320962448,2026-03-04 08:11:02.376,Патлиджански,"Стойка 2, 3мм инокс",18-11,00001516,M,L,L,бр.,,,57.33627155734394,0.0,0.0,0.0,,,P,1.0,1.0,,ПАТЛИДЖАНСКИ ООД,,,,1.5,,,,,,,,Y,0,,0.0,,,0.0,0.0,Y,Y,Y,N,1902,,0.0,,,,,,,,,,,,0,0.0,0.0,0.0,,N
5845,27,1,2025-12-15 08:04:01.361,1318956546,2026-06-16 13:30:08.978,Сензори,Нивомер (RFLS-35Xi high frequency level sensor),RFLS-35,00001517,M,L,L,бр.,,,186.8,0.0,0.0,0.0,,RnD,P,1.0,1.0,,DINEL S.R.O.,,,,1.5,,,,,,,,Y,0,,0.0,,,0.0,0.0,Y,Y,Y,N,1903,,0.0,,,,,,,,,,,,0,0.0,0.0,0.0,,N
5845,30,1,2025-12-15 08:06:36.077,1318956546,2026-06-24 14:06:53.484,Кабели - Захранващи,Кабел захранващ (Angled cabel socket),ELWIKA 4012,00001518,M,L,L,бр.,,,13.7,0.0,0.0,0.0,,RnD,P,1.0,1.0,,DINEL S.R.O.,,,,1.5,,,,,,,,Y,0,,0.0,,,0.0,0.0,Y,Y,Y,N,1904,,0.0,,,,,,,,,,,,0,0.0,0.0,0.0,,N
5845,32,1,2025-12-15 08:11:48.347,1323056691,2026-06-16 13:37:14.711,Сензори,Дебитомер SM 9500,SMK32XGXFRKG/US-100,00001519,M,L,L,бр.,,,508.2,0.0,0.0,0.0,,"5-300 l/min.,0.3-18m3/h",P,1.0,1.0,,ИФМ ЕЛЕКТРОНИК ЕООД,,,,1.5,,,,,,,,Y,0,,0.0,,,0.0,0.0,Y,Y,Y,N,1905,,0.0,,,,,,,,,,,,0,0.0,0.0,0.0,,N
6242,0,1,2026-01-07 12:19:30.670,1319260228,2026-06-16 13:30:08.978,Сензори,Дебитомер (Magnetic Contact),,00001535,M,L,L,бр.,,,78.665,0.0,0.0,0.0,,R&D,P,1.0,1.0,,ENELSAN IHRACAT,,,,1.5,,,,,,,,Y,0,,0.0,,,0.0,0.0,Y,Y,Y,N,1921,,0.0,,,,,,,,,,,,0,0.0,0.0,0.0,,N
6242,2,1,2026-01-07 12:22:44.183,1319260237,2026-06-16 13:30:08.978,Сензори,Нивомер (Magnetic level transmiter LCD),,00001536,M,L,L,бр.,,,415.8,0.0,0.0,0.0,,R&D,P,1.0,1.0,,ENELSAN IHRACAT,,,,1.5,,,,,,,,Y,0,,0.0,,,0.0,0.0,Y,Y,Y,N,1922,,0.0,,,,,,,,,,,,0,0.0,0.0,0.0,,N
6242,4,1,2026-01-07 14:32:43.939,1318956546,2026-06-23 10:45:32.010,5. Устройства,Захранване 125kW,GA-2500A/50v-STA,00001537,M,L,L,бр.,,,18354.0,0.0,0.0,0.0,,,P,1.0,1.0,,GREEN POWER CO.,,,,1.5,,,,,,,,Y,0,,0.0,,,0.0,0.0,Y,Y,Y,N,1923,,0.0,,,,,,,,,,,,0,0.0,0.0,0.0,,N
6242,6,1,2026-01-13 07:42:39.411,1330263787,2026-06-23 10:45:47.937,7. Кабели,"Кабел ШВПС 3х1, бял",649,00001539,M,L,L,м.,,,0.68,0.0,0.0,0.0,,,N,20.0,20.0,,ИВДА-ГЕО ООД,,,,1.5,,,,,,,,Y,0,,0.0,,,0.0,0.0,Y,Y,Y,N,1925,,0.0,,,,,,,,,,,,0,0.0,0.0,0.0,,N
6242,8,1,2026-01-13 07:44:38.621,1319051694,2026-06-23 10:45:47.937,7. Кабели,"Кабел ШВПС 3х1,5, кв. бял",650,00001540,M,L,L,м.,,,0.84,0.0,0.0,0.0,,,N,20.0,20.0,,ИВДА-ГЕО ООД,,,,1.5,,,,,,,,Y,0,,0.0,,,0.0,0.0,Y,Y,Y,N,1926,,0.0,,,,,,,,,,,,0,0.0,0.0,0.0,,N
6242,10,1,2026-01-13 07:46:16.380,1319051822,2026-06-24 11:06:45.334,7. Кабели,"Кабел ШВПС 5х1,5 бял",1520,00001541,M,L,L,м.,,,1.38,0.0,0.0,0.0,,,N,20.0,20.0,,ИВДА-ГЕО ООД,,,,1.5,,,,,,,,Y,0,,0.0,,,0.0,0.0,Y,Y,Y,N,1927,,0.0,,,,,,,,,,,,0,0.0,0.0,0.0,,N
6242,12,1,2026-01-13 07:47:26.438,1319051873,2026-06-23 10:45:47.937,7. Кабели,"Кабел ШВПЛ-Б 2х0,5, бял",642,00001542,M,L,L,м.,,,0.27,0.0,0.0,0.0,,,N,20.0,20.0,,ИВДА-ГЕО ООД,,,,1.5,,,,,,,,Y,0,,0.0,,,0.0,0.0,Y,Y,Y,N,1928,,0.0,,,,,,,,,,,,0,0.0,0.0,0.0,,N
6242,14,1,2026-01-13 08:01:34.379,1319636301,2026-06-24 10:45:53.353,"Прекъсвачи, Предпазители",Прекъсвач мин. AMPARO 6kA C 6A 1P,AM617106,00001757,M,L,L,бр.,,,2.06,0.0,0.0,0.0,,,N,2.0,2.0,,ШРАК ТЕХНИК ЕООД,,,,1.5,,,,,,,,Y,0,,0.0,,,0.0,0.0,Y,Y,Y,N,1929,,0.0,,,,,,,,,,,,0,0.0,0.0,0.0,,N
6242,16,1,2026-01-13 08:05:22.535,1319637324,2026-06-17 14:08:41.851,Други (Електроника),"Контакт за DIN релса, 16А",BZ325004,00001543,M,L,L,бр.,,,3.46,0.0,0.0,0.0,,,N,2.0,2.0,,ШРАК ТЕХНИК ЕООД,,,,1.5,,,,,,,,Y,0,,0.0,,,0.0,0.0,Y,Y,Y,N,1930,,0.0,,,,,,,,,,,,0,0.0,0.0,0.0,,N
6242,18,1,2026-01-13 08:08:03.235,1319636361,2026-06-16 13:30:08.978,Клеми,Клема винтова 6mm AVK6 сива,IK600006,00001544,M,L,L,бр.,,,0.39,0.0,0.0,0.0,,,N,2.0,2.0,,ШРАК ТЕХНИК ЕООД,,,,1.5,,,,,,,,Y,0,,0.0,,,0.0,0.0,Y,Y,Y,N,1931,,0.0,,,,,,,,,,,,0,0.0,0.0,0.0,,N
6242,20,1,2026-01-13 08:27:53.910,1319636372,2026-06-17 14:08:41.851,Клеми,Клема винтова 6mm AVK6 синя,IK601006,00001758,M,L,L,бр.,,,0.44,0.0,0.0,0.0,,,N,2.0,2.0,,ШРАК ТЕХНИК ЕООД,,,,1.5,,,,,,,,Y,0,,0.0,,,0.0,0.0,Y,Y,Y,N,1932,,0.0,,,,,,,,,,,,0,0.0,0.0,0.0,,N
6242,22,1,2026-01-13 08:29:16.422,1319636381,2026-06-16 13:36:44.671,Клеми,Клема винтова заземителна 6-10mm AVK6/20Т,IK622010,00001545,M,L,L,бр.,,,1.39,0.0,0.0,0.0,,,N,2.0,2.0,,ШРАК ТЕХНИК ЕООД,,,,1.5,,,,,,,,Y,0,,0.0,,,0.0,0.0,Y,Y,Y,N,1933,,0.0,,,,,,,,,,,,0,0.0,0.0,0.0,,N
6242,24,1,2026-01-13 12:13:22.983,1316152708,2026-07-03 15:34:33.209,Ивда Гео,Щуцер 1`,-,00001546,M,L,L,бр.,,,2.54,0.0,0.0,0.0,,,P,1.0,2.0,,ИВДА-ГЕО ООД,,,,1.5,,,,,,,,Y,0,,0.0,,,0.0,0.0,Y,Y,Y,N,1934,,0.0,,,,,,,,,,,,0,0.0,0.0,0.0,,N
6103,1,1,2025-12-18 12:17:59.830,1321334107,2026-07-03 15:27:03.515,2. Консумативи,Гумена защитна лента за ръб 1-4мм.,,00001521,M,L,L,м.,,,1.457182,0.0,0.0,0.0,,,N,1.0,1.0,,ЯВОР-М ЕООД,,,,1.5,,,,,,,,Y,0,,0.0,,,0.0,0.0,Y,Y,Y,N,1907,,0.0,,,,,,,,,,,,0,0.0,0.0,0.0,,N
6103,3,1,2026-01-06 08:05:20.935,1318956546,2026-06-23 13:27:42.191,2.5.4. Вентили,Вентил предпазен 1216 НРЖ PN40 1 1/2“x2“,442808,00001524,M,L,L,бр.,,,343.75,0.0,0.0,0.0,,,P,1.0,1.0,,КРИСМЕТАЛ,,,,1.5,,,,,,,,Y,0,,0.0,,,0.0,0.0,Y,Y,Y,N,1910,,0.0,,,,,,,,,,,,0,0.0,0.0,0.0,,N
6103,5,1,2026-01-06 08:07:28.207,1318956546,2026-06-23 13:27:42.191,2.5.4. Вентили,"Пружина TOSACA 4,1-8,0 bar M2215",442978,00001525,M,L,L,бр.,,,43.3,0.0,0.0,0.0,,,P,1.0,1.0,,КРИСМЕТАЛ,,,,1.5,,,,,,,,Y,0,,0.0,,,0.0,0.0,Y,Y,Y,N,1911,,0.0,,,,,,,,,,,,0,0.0,0.0,0.0,,N
6103,7,1,2026-01-06 12:24:34.558,1320962449,2026-06-16 13:30:08.978,Клеми,"Крайна секция за клеми 2,5-10мм сива",IK600210,00001526,M,L,L,бр.,,,0.21,0.0,0.0,0.0,,,N,1.0,1.0,,ШРАК ТЕХНИК ЕООД,,,,1.5,,,,,,,,Y,0,,0.0,,,0.0,0.0,Y,Y,Y,N,1912,,0.0,,,,,,,,,,,,0,0.0,0.0,0.0,,N
6103,9,1,2026-01-06 12:28:53.741,1320962449,2026-06-17 14:08:41.851,Клеми,"Клема винтове 2,5mm AVK2,5 сива",IK600002,00001527,M,L,L,бр.,,,0.27,0.0,0.0,0.0,,,N,1.0,1.0,,ШРАК ТЕХНИК ЕООД,,,,1.5,,,,,,,,Y,0,,0.0,,,0.0,0.0,Y,Y,Y,N,1913,,0.0,,,,,,,,,,,,0,0.0,0.0,0.0,,N
6103,11,1,2026-01-13 12:14:38.805,1316152708,2026-07-03 15:34:33.209,Ивда Гео,Вътрешно редуктивен нипел  2`-1`,-,00001547,M,L,L,бр.,,,2.42,0.0,0.0,0.0,,,P,1.0,2.0,,ИВДА-ГЕО ООД,,,,1.5,,,,,,,,Y,0,,0.0,,,0.0,0.0,Y,Y,Y,N,1935,,0.0,,,,,,,,,,,,0,0.0,0.0,0.0,,N
6103,12,1,2026-01-06 12:30:29.157,1320962449,2026-06-16 13:30:08.978,Клеми,"Клема винтова 2,5mm AVK2,5 червена",IK608002,00001528,M,L,L,бр.,,,0.29,0.0,0.0,0.0,,,N,1.0,1.0,,ШРАК ТЕХНИК ЕООД,,,,1.5,,,,,,,,Y,0,,0.0,,,0.0,0.0,Y,Y,Y,N,1914,,0.0,,,,,,,,,,,,0,0.0,0.0,0.0,,N
6103,14,1,2026-01-06 12:36:58.493,1319639015,2026-06-24 10:45:53.353,"Прекъсвачи, Предпазители",Прекъсвач мин.авт. AMPARO 10kA D 16A 3P,AM019316,00001529,M,L,L,бр.,,,10.49,0.0,0.0,0.0,,,N,1.0,1.0,,ШРАК ТЕХНИК ЕООД,,,,1.5,,,,,,,,Y,0,,0.0,,,0.0,0.0,Y,Y,Y,N,1915,,0.0,,,,,,,,,,,,0,0.0,0.0,0.0,,N
6103,16,1,2026-01-06 12:41:35.462,1320962449,2026-06-24 10:45:53.353,"Прекъсвачи, Предпазители",Прекъсвач мин.авт. AMPARO 10kA D 20A 3P,AM019320,00001530,M,L,L,бр.,,,10.67,0.0,0.0,0.0,,,N,1.0,1.0,,ШРАК ТЕХНИК ЕООД,,,,1.5,,,,,,,,Y,0,,0.0,,,0.0,0.0,Y,Y,Y,N,1916,,0.0,,,,,,,,,,,,0,0.0,0.0,0.0,,N
6103,18,1,2026-01-06 12:44:43.949,1319633992,2026-06-16 13:37:14.711,Контактори,"Контактор 7,5kW/15A, AC-3, 1NO, 230V AC размер 0",LTD01513,00001531,M,L,L,бр.,,,17.03,0.0,0.0,0.0,,,N,1.0,1.0,,ШРАК ТЕХНИК ЕООД,,,,1.5,,,,,,,,Y,0,,0.0,,,0.0,0.0,Y,Y,Y,N,1917,,0.0,,,,,,,,,,,,0,0.0,0.0,0.0,,N
6103,20,1,2026-01-06 12:56:33.851,1320962449,2026-06-16 13:37:14.711,Релета,Реле термично за контактор 12 - 16А размер 0,LTT01600,00001532,M,L,L,бр.,,,20.65,0.0,0.0,0.0,,,N,1.0,1.0,,ШРАК ТЕХНИК ЕООД,,,,1.5,,,,,,,,Y,0,,0.0,,,0.0,0.0,Y,Y,Y,N,1918,,0.0,,,,,,,,,,,,0,0.0,0.0,0.0,,N
6103,22,1,2026-01-06 12:59:16.833,1319636286,2026-06-24 10:45:53.353,"Прекъсвачи, Предпазители",Прекъсвач мин. AMPARO 6kA C 32А 3P,AM617332,00001533,M,L,L,бр.,,,6.37,0.0,0.0,0.0,,,N,1.0,1.0,,ШРАК ТЕХНИК ЕООД,,,,1.5,,,,,,,,Y,0,,0.0,,,0.0,0.0,Y,Y,Y,N,1919,,0.0,,,,,,,,,,,,0,0.0,0.0,0.0,,N
6103,24,1,2026-01-06 13:01:12.825,1320962449,2026-06-24 15:43:51.309,2. Корпуси,Табло с монт. пл. 1200х800х300,WSA1208300,00001534,M,L,L,бр.,,,242.06,0.0,0.0,0.0,,,N,1.0,1.0,,ШРАК ТЕХНИК ЕООД,,,,1.5,,,,,,,,Y,0,,0.0,,,0.0,0.0,Y,Y,Y,N,1920,,0.0,,,,,,,,,,,,0,0.0,0.0,0.0,,N
6263,0,1,2026-01-13 12:16:53.928,1316152708,2026-07-03 15:34:33.209,Ивда Гео,Преход женски 32х1,-,00001548,M,L,L,бр.,,,4.86,0.0,0.0,0.0,,,P,1.0,2.0,,ИВДА-ГЕО ООД,,,,1.5,,,,,,,,Y,0,,0.0,,,0.0,0.0,Y,Y,Y,N,1936,,0.0,,,,,,,,,,,,0,0.0,0.0,0.0,,N
6263,2,1,2026-01-13 12:18:14.516,1331541096,2026-06-23 15:33:24.103,"2.7. PP, Месинг, Хром връзки",Тройник PP ф32,,00001549,M,L,L,бр.,,,0.9,0.0,0.0,0.0,,,N,0.0,0.0,,ИВДА-ГЕО ООД,,,,1.5,,,,,,,,Y,0,,0.0,,,0.0,0.0,Y,Y,Y,N,1937,,0.0,,,,,,,,,,,,0,0.0,0.0,0.0,,N
6263,4,1,2026-01-13 12:20:07.883,1331541006,2026-06-23 15:19:44.584,"2.7. PP, Месинг, Хром връзки",Разглобяема свръзка месинг ф32,,00001550,M,L,L,бр.,,,8.02,0.0,0.0,0.0,,,N,0.0,0.0,,ИВДА-ГЕО ООД,,,,1.5,,,,,,,,Y,0,,0.0,,,0.0,0.0,Y,Y,Y,N,1938,,0.0,,,,,,,,,,,,0,0.0,0.0,0.0,,N
6263,6,1,2026-01-13 13:07:23.550,1318836558,2026-06-16 13:30:08.978,М3,Болт с шест.гл. vZn М3х25,00933 8801 3 25,00001551,M,L,L,бр.,,,0.03,0.0,0.0,0.0,,,N,1.0,2.0,,ИТТ БЪЛГАРИЯ ЕООД,,,,1.5,,,,,,,,Y,0,,0.0,,,0.0,0.0,Y,Y,Y,N,1939,,0.0,,,,,,,,,,,,0,0.0,0.0,0.0,,N
6263,8,1,2026-01-13 14:02:22.082,1316158499,2026-02-04 09:58:05.246,ZIEHL-ABEGG,Вентилатор - ZN080-ZIL.GL.V7P3,183884,00001552,M,L,L,бр.,,,1314.96,0.0,0.0,0.0,,,P,1.0,2.0,,ZIEHL-ABEGG,,,,1.5,,,,,,,,Y,0,,0.0,,,0.0,0.0,Y,Y,Y,N,1940,,0.0,,,,,,,,,,,,0,0.0,0.0,0.0,,N
6263,10,1,2026-01-13 14:04:41.161,1317459302,2026-06-23 10:45:32.010,5. Устройства,Вентилатор (ZN080-ZIL.GQ.V7P3),182429,00001553,M,L,L,бр.,,,1443.94,0.0,0.0,0.0,,,P,1.0,2.0,,ZIEHL-ABEGG,,,,1.5,,,,,,,,Y,0,,0.0,,,0.0,0.0,Y,Y,Y,N,1941,,0.0,,,,,,,,,,,,0,0.0,0.0,0.0,,N
6263,12,1,2026-01-13 15:02:09.529,1319851549,2026-06-23 11:01:12.852,М/Ж резба,Преход 304L резба М/Ж 2“х1“,102026,00001554,M,L,L,бр.,,,5.46,0.0,0.0,0.0,,,N,0.0,0.0,,КРИСМЕТАЛ,,,,1.5,,,,,,,,Y,0,,0.0,,,0.0,0.0,Y,Y,Y,N,1942,,0.0,,,,,,,,,,,,0,0.0,0.0,0.0,,N
6263,14,1,2026-01-13 15:17:07.349,1316163690,2026-07-03 15:28:33.031,1) Грийн Иновейшън АД,АЕM-Z 90 kW Полша,,00001555,M,L,L,бр.,,,0.0,0.0,0.0,0.0,,,N,0.0,0.0,,,,,,1.5,,,,,,,,Y,0,,0.0,,,0.0,0.0,Y,Y,Y,N,1943,,0.0,,,,,,,,,,,,0,0.0,0.0,0.0,,N
6263,16,1,2026-01-14 14:19:36.411,1320962449,2026-06-16 13:37:14.711,Кабелни Канали,Вертикален ъгъл понижаващ 60х102мм. с борд,RFD 60.100,00001556,M,L,L,бр.,,,15.67,0.0,0.0,0.0,,,N,0.0,0.0,,НИДАКС БЪЛГАРИЯ  ЕООД,,,,1.5,,,,,,,,Y,0,,0.0,,,0.0,0.0,Y,Y,Y,N,1944,,0.0,,,,,,,,,,,,0,0.0,0.0,0.0,,N
6263,18,1,2026-01-14 14:21:48.823,1320962449,2026-06-16 13:37:14.711,Кабелни Канали,Покачващ ъгъл за каб.скара 60х102мм. с борд,RSD 60.100,00001557,M,L,L,бр.,,,18.3,0.0,0.0,0.0,,,N,0.0,0.0,,НИДАКС БЪЛГАРИЯ  ЕООД,,,,1.5,,,,,,,,Y,0,,0.0,,,0.0,0.0,Y,Y,Y,N,1945,,0.0,,,,,,,,,,,,0,0.0,0.0,0.0,,N
6263,20,1,2026-01-14 14:23:42.962,1320962449,2026-06-16 13:37:14.711,Кабелни Канали,"Капак за пон. и пок. ъгъл, височина 60мм,В=106мм",RFSDDV 60.100F,00001558,M,L,L,бр.,,,6.99,0.0,0.0,0.0,,,N,0.0,0.0,,НИДАКС БЪЛГАРИЯ  ЕООД,,,,1.5,,,,,,,,Y,0,,0.0,,,0.0,0.0,Y,Y,Y,N,1946,,0.0,,,,,,,,,,,,0,0.0,0.0,0.0,,N
6263,22,1,2026-01-14 14:34:54.130,1322062973,2026-06-16 13:30:08.978,Автометан,"Маркуч 70 Mpa, 3 м.",,00001559,M,L,L,бр.,,,1803.13,0.0,0.0,0.0,,,P,1.0,2.0,,АВТОМЕТАН ООД,,,,1.5,,,,,,,,Y,0,,0.0,,,0.0,0.0,Y,Y,Y,N,1947,,0.0,,,,,,,,,,,,0,0.0,0.0,0.0,,N
6263,24,1,2026-01-14 14:35:36.748,1322062981,2026-06-16 13:30:08.978,Автометан,Филтър TSF2,,00001560,M,L,L,бр.,,,2130.19,0.0,0.0,0.0,,,P,1.0,2.0,,АВТОМЕТАН ООД,,,,1.5,,,,,,,,Y,0,,0.0,,,0.0,0.0,Y,Y,Y,N,1948,,0.0,,,,,,,,,,,,0,0.0,0.0,0.0,,N
6206,0,1,2026-01-14 14:36:25.854,1322062977,2026-06-16 13:30:08.978,Автометан,Накрайник за зареждане TK20,,00001561,M,L,L,бр.,,,7490.32,0.0,0.0,0.0,,,P,1.0,2.0,,АВТОМЕТАН ООД,,,,1.5,,,,,,,,Y,0,,0.0,,,0.0,0.0,Y,Y,Y,N,1949,,0.0,,,,,,,,,,,,0,0.0,0.0,0.0,,N
6206,2,1,2026-01-15 10:28:25.523,1320443946,2026-06-23 13:27:53.691,2.5.5. Клапани,Иглен клапан (Slid. Gate Mot. Valve 8038 H2) 1“,4033512,00001562,M,L,L,бр.,,,3672.49,0.0,0.0,0.0,,Полша,P,1.0,2.0,,SCHUBERT & SALZER,,,,1.5,,,,,,,,Y,0,,0.0,,,0.0,0.0,Y,Y,Y,N,1950,,0.0,,,,,,,,,,,,0,0.0,0.0,0.0,,N
6206,4,1,2026-01-15 10:30:18.529,1318956546,2026-06-23 13:27:53.691,2.5.5. Клапани,Иглен клапан (Slid. Gate Mot. Valve 8038 O2) 1“,4033513,00001563,M,L,L,бр.,,,3333.77,0.0,0.0,0.0,,Полша,P,1.0,2.0,,SCHUBERT & SALZER,,,,1.5,,,,,,,,Y,0,,0.0,,,0.0,0.0,Y,Y,Y,N,1951,,0.0,,,,,,,,,,,,0,0.0,0.0,0.0,,N
6206,6,1,2026-01-15 14:00:27.385,1316358366,2026-07-07 09:01:19.727,Интерметал,Тръба 304 50х50х4,011102-071,00001564,M,L,L,м.,,,27.0,0.0,0.0,0.0,,,P,0.0,0.0,,ИНТЕРМЕТАЛ ООД,,,,1.5,,,,,,,,Y,0,,0.0,,,0.0,0.0,Y,Y,Y,N,1952,,0.0,,,,,,,,,,,,0,0.0,0.0,0.0,,N
6206,9,1,2026-02-06 09:15:00.627,1318538546,2026-07-03 15:27:03.515,2. Консумативи,Скоби водни  съединения,20x30,00001771,M,M,M,бр.,,,0.31,0.0,0.0,0.0,,,N,5.0,20.0,,ИВДА-ГЕО ООД,,,,1.5,,,,,,,,Y,0,,0.0,,,0.0,0.0,Y,Y,Y,N,2046,,0.0,,,,,,,,,,,,0,0.0,0.0,0.0,,N
6206,10,1,2026-02-16 11:55:44.710,1323366575,2026-07-03 15:27:03.515,2. Консумативи,Други,,00001797,M,M,M,бр.,,,0.04,0.0,0.0,0.0,,"Номенклатура за всички позиции от фактури, които не са консумативи за склада. Пример: метли, торбички, парцали, торби за смет и тн.",N,6.0,20.0,,ИВДА-ГЕО ООД,,,,1.5,,,,,,,,Y,0,,0.0,,,0.0,0.0,Y,Y,Y,N,2070,,0.0,,,,,,,,,,,,0,0.0,0.0,0.0,,N
6206,11,1,2026-01-15 14:21:12.779,1316359814,2026-06-23 10:47:02.224,1.1.1. Части (Електролизьор),Лист 316L 1250x2500x1мм,193411,00001565,M,L,L,м.,,,9.71,0.0,0.0,0.0,,Цената не е актуална,P,1.0,2.0,,ФИЛИПЕКС - ИЛИЯ ФИЛИПОВ ЕТ,,,,1.5,,,,,,,,Y,0,,0.0,,,0.0,0.0,Y,Y,Y,N,1953,,0.0,,,,,,,,,,,,0,0.0,0.0,0.0,,N
6206,13,1,2026-01-16 07:36:55.623,1320962449,2026-07-03 15:27:03.515,2. Консумативи,Свредло цилидрично ф6,00338 0010 6 00,00001566,M,L,L,бр.,,,3.6,0.0,0.0,0.0,,,N,1.0,2.0,,ИТТ БЪЛГАРИЯ ЕООД,,,,1.5,,,,,,,,Y,0,,0.0,,,0.0,0.0,Y,Y,Y,N,1954,,0.0,,,,,,,,,,,,0,0.0,0.0,0.0,,N
6206,15,1,2026-01-16 07:38:08.376,1320962449,2026-07-03 15:27:03.515,2. Консумативи,Свредло цилидрично ф8,00338 0010 8 00,00001567,M,L,L,бр.,,,5.35,0.0,0.0,0.0,,,N,1.0,2.0,,ИТТ БЪЛГАРИЯ ЕООД,,,,1.5,,,,,,,,Y,0,,0.0,,,0.0,0.0,Y,Y,Y,N,1955,,0.0,,,,,,,,,,,,0,0.0,0.0,0.0,,N
6206,17,1,2026-01-16 07:38:59.997,1320962449,2026-07-03 15:27:03.515,2. Консумативи,Свредло цилидрично ф10,00338 0010 10 00,00001568,M,L,L,бр.,,,8.03,0.0,0.0,0.0,,,N,1.0,2.0,,ИТТ БЪЛГАРИЯ ЕООД,,,,1.5,,,,,,,,Y,0,,0.0,,,0.0,0.0,Y,Y,Y,N,1956,,0.0,,,,,,,,,,,,0,0.0,0.0,0.0,,N
6206,20,1,2026-01-16 09:58:08.755,1316441539,2026-06-16 13:30:08.978,Сензори,Дебитомер (flowmeter) малък,SM8000,00001569,M,L,L,бр.,,,554.06,0.0,0.0,0.0,,0.01-6m3/h,P,1.0,2.0,,ИФМ ЕЛЕКТРОНИК ЕООД,,,,1.5,,,,,,,,Y,0,,0.0,,,0.0,0.0,Y,Y,Y,N,1957,,0.0,,,,,,,,,,,,0,0.0,0.0,0.0,,N
6206,22,1,2026-01-22 12:50:34.219,1319535617,2026-06-23 15:40:28.087,3. Метални Елементи,"Профилна тръба 304 20х20х1,5",940115,00001570,M,L,L,м.,,,5.11,0.0,0.0,0.0,,,N,0.0,0.0,,КРИСМЕТАЛ,,,,1.5,,,,,,,,Y,0,,0.0,,,0.0,0.0,Y,Y,Y,N,1958,,0.0,,,,,,,,,,,,0,0.0,0.0,0.0,,N
6336,1,1,2026-01-22 13:30:34.824,1319851670,2026-06-23 12:36:12.419,Холендри на резба,Холендър 316L резба М/М PTFE 150LBS 1/2“,9529741,00001571,M,L,L,бр.,,,9.46,0.0,0.0,0.0,,,N,1.0,2.0,,КРИСМЕТАЛ,,,,1.5,,,,,,,,Y,0,,0.0,,,0.0,0.0,Y,Y,Y,N,1959,,0.0,,,,,,,,,,,,0,0.0,0.0,0.0,,N
6336,4,1,2026-02-13 10:45:27.518,1321732395,2026-07-03 08:43:24.738,3. Метални Елементи,Профилна тръба ГВ 60/60/3,,00001796,M,M,M,м.,,,4.7,0.0,0.0,0.0,,,N,2.0,20.0,,НИРСТРОЙ ООД,,,,1.5,,,,,,,,Y,0,,0.0,,,0.0,0.0,Y,Y,Y,N,2069,,0.0,,,,,,,,,,,,0,0.0,0.0,0.0,,N
6336,8,1,2026-02-17 15:04:47.568,1319662834,2026-06-23 12:29:44.392,Холендри на резба,Холендър 316L резба М/Ж 150LBS 1“,100306,00001802,M,M,M,бр.,,,1.0,0.0,0.0,0.0,,,N,2.0,20.0,,КРИСМЕТАЛ,,,,1.5,,,,,,,,Y,0,,0.0,,,0.0,0.0,Y,Y,Y,N,2075,,0.0,,,,,,,,,,,,0,0.0,0.0,0.0,,N
6336,11,1,2026-01-26 12:40:34.437,1335634708,2026-07-27 08:19:48.552,"Кабелни накрайници, обувки","Кабелен накрайник дв. 8мм, 2х1.5мм",BGH270788,00001584,M,L,L,бр.,,,0.0208,0.0,0.0,0.0,,,N,50.0,50.0,,ШРАК ТЕХНИК ЕООД,,,,1.5,,,,,,,,Y,0,,0.0,,,0.0,0.0,Y,Y,Y,N,1973,,0.0,,,,,,,,,,,,0,0.0,0.0,0.0,,N
6336,20,1,2026-01-26 09:19:31.150,1323468639,2026-06-24 15:05:16.861,Газ анализ - Крепежи,Fixing bracket for DP324,A48241,00001573,M,L,L,бр.,,,26.16,0.0,0.0,0.0,,Крепеж за DP324 анализатор,P,1.0,2.0,,ADEV S.R.L.,,,,1.5,,,,,,,,Y,0,,0.0,,,0.0,0.0,Y,Y,Y,N,1961,,0.0,,,,,,,,,,,,0,0.0,0.0,0.0,,N
6336,21,1,2026-01-26 10:24:35.091,1320962449,2026-03-27 13:58:34.235,М6,Болт с шест.гл. А2 М6х35,00933 92 6 35,00001574,M,L,L,бр.,,,0.08,0.0,0.0,0.0,,,P,1.0,2.0,,ИТТ БЪЛГАРИЯ ЕООД,,,,1.5,,,,,,,,Y,0,,0.0,,,0.0,0.0,Y,Y,Y,N,1962,,0.0,,,,,,,,,,,,0,0.0,0.0,0.0,,N
6336,27,1,2026-01-26 10:28:08.372,1320962449,2026-06-17 14:08:41.851,М6,Гайка ниска А2 М6,00439 9200 6,00001575,M,L,L,бр.,,,0.03,0.0,0.0,0.0,,,N,1.0,2.0,,ИТТ БЪЛГАРИЯ ЕООД,,,,1.5,,,,,,,,Y,0,,0.0,,,0.0,0.0,Y,Y,Y,N,1963,,0.0,,,,,,,,,,,,0,0.0,0.0,0.0,,N
6336,30,1,2026-01-26 12:02:31.736,1320962449,2026-07-03 15:27:03.515,2. Консумативи,Градински маркуч 25 мм,,00001759,M,L,L,м.,,,2.62,0.0,0.0,0.0,,,N,1.0,2.0,,ДОВЕРИЕ-БРИКО АД,,,,1.5,,,,,,,,Y,0,,0.0,,,0.0,0.0,Y,Y,Y,N,1964,,0.0,,,,,,,,,,,,0,0.0,0.0,0.0,,N
6336,34,1,2026-01-26 12:04:36.288,1318541149,2026-07-03 15:27:03.515,2. Консумативи,"Скоби  водни съединения, 1`",25x40,00001576,M,L,L,бр.,,,0.996,0.0,0.0,0.0,,,N,1.0,2.0,,ДОВЕРИЕ-БРИКО АД,,,,1.5,,,,,,,,Y,0,,0.0,,,0.0,0.0,Y,Y,Y,N,1965,,0.0,,,,,,,,,,,,0,0.0,0.0,0.0,,N
6336,36,1,2026-01-26 12:13:50.408,1320962449,2026-07-07 08:37:24.197,Шрак техник ЕООД,Каб. превръзка черна 2.5х96,BGH262600,00001577,M,L,L,бр.,,,0.0062,0.0,0.0,0.0,,,N,50.0,50.0,,ШРАК ТЕХНИК ЕООД,,,,1.5,,,,,,,,Y,0,,0.0,,,0.0,0.0,Y,Y,Y,N,1966,,0.0,,,,,,,,,,,,0,0.0,0.0,0.0,,N
6336,38,1,2026-01-26 12:16:00.374,1320962449,2026-07-07 08:37:23.994,Шрак техник ЕООД,Кабелна превръзка бяла 2.5х96,BGH262500,00001578,M,L,L,бр.,,,0.01,0.0,0.0,0.0,,,N,50.0,50.0,,ШРАК ТЕХНИК ЕООД,,,,1.5,,,,,,,,Y,0,,0.0,,,0.0,0.0,Y,Y,Y,N,1967,,0.0,,,,,,,,,,,,0,0.0,0.0,0.0,,N
6353,1,1,2026-01-26 12:18:14.447,1320962449,2026-07-07 08:36:22.322,Шрак техник ЕООД,Изолирбанд черен 19ммх25мм,BGH263902,00001579,M,L,L,бр.,,,1.14,0.0,0.0,0.0,,,N,2.0,2.0,,ШРАК ТЕХНИК ЕООД,,,,1.5,,,,,,,,Y,0,,0.0,,,0.0,0.0,Y,Y,Y,N,1968,,0.0,,,,,,,,,,,,0,0.0,0.0,0.0,,N
6353,2,1,2025-08-13 14:32:45.000,1333635470,2026-07-07 08:31:01.702,AFP TECH,Гъба демистър .Wire mesh separator mono circolar,0000002194,,M,L,L,бр.,,,82.0,0.0,0.0,0.0,,Гъба демистър (Wire mesh separator mono circolare 316L d.164 Sp tot 112),P,1.0,2.0,,AFP Tech,,,0.0,1.5,,,,,,,0,Y,0,,0.0,,0,0.0,0.0,Y,Y,Y,N,1302,,0.0,,,,,,,"AEM10KW, 500kW",0.0,0.0,0.0,0.0,0,0.0,0.0,0.0,0.0,N
6353,4,1,2026-01-26 12:20:12.799,1320962449,2026-06-16 13:30:08.978,"Кабелни накрайници, обувки","Кабелен накрайник дв., 12мм, 2х4мм",BGH270796,00001580,M,L,L,бр.,,,0.0517,0.0,0.0,0.0,,,N,50.0,50.0,,ШРАК ТЕХНИК ЕООД,,,,1.5,,,,,,,,Y,0,,0.0,,,0.0,0.0,Y,Y,Y,N,1969,,0.0,,,,,,,,,,,,0,0.0,0.0,0.0,,N
6353,7,1,2026-01-26 12:22:37.502,1320962449,2026-06-16 13:30:08.978,"Кабелни накрайници, обувки","Кабелен накрайник дв., 10 mm, 2x2.5mm",BGH270792,00001581,M,L,L,бр.,,,0.01,0.0,0.0,0.0,,,N,50.0,50.0,,ШРАК ТЕХНИК ЕООД,,,,1.5,,,,,,,,Y,0,,0.0,,,0.0,0.0,Y,Y,Y,N,1970,,0.0,,,,,,,,,,,,0,0.0,0.0,0.0,,N
6353,8,1,2026-01-26 12:44:20.325,1320962449,2026-06-16 13:30:08.978,"Кабелни накрайници, обувки","Кабелен накрайник дв., 8мм, 2х0.5мм",BGH270778,00001586,M,L,L,бр.,,,0.0172,0.0,0.0,0.0,,,N,0.0,0.0,,ШРАК ТЕХНИК ЕООД,,,,1.5,,,,,,,,Y,0,,0.0,,,0.0,0.0,Y,Y,Y,N,1975,,0.0,,,,,,,,,,,,0,0.0,0.0,0.0,,N
6353,11,1,2026-01-26 12:24:13.790,1320962449,2026-06-16 13:30:08.978,"Кабелни накрайници, обувки","Кабелен накрайник дв.14мм, 2х6мм",BGH270797,00001582,M,L,L,бр.,,,0.07,0.0,0.0,0.0,,,N,50.0,50.0,,ШРАК ТЕХНИК ЕООД,,,,1.5,,,,,,,,Y,0,,0.0,,,0.0,0.0,Y,Y,Y,N,1971,,0.0,,,,,,,,,,,,0,0.0,0.0,0.0,,N
6353,13,1,2026-01-26 12:27:02.829,1320962449,2026-06-16 13:30:08.978,"Кабелни накрайници, обувки","Обувка изол. М6, 0.25-1.5мм",BGH260260,00001583,M,L,L,бр.,,,0.06,0.0,0.0,0.0,,,N,50.0,50.0,,ШРАК ТЕХНИК ЕООД,,,,1.5,,,,,,,,Y,0,,0.0,,,0.0,0.0,Y,Y,Y,N,1972,,0.0,,,,,,,,,,,,0,0.0,0.0,0.0,,N
6353,16,1,2026-01-26 12:47:02.381,1320962449,2026-06-16 13:30:08.978,"Кабелни накрайници, обувки",Съединител изол.0.25-1.5мм,BGH260350,00001587,M,L,L,бр.,,,0.05,0.0,0.0,0.0,,,N,50.0,50.0,,ШРАК ТЕХНИК ЕООД,,,,1.5,,,,,,,,Y,0,,0.0,,,0.0,0.0,Y,Y,Y,N,1976,,0.0,,,,,,,,,,,,0,0.0,0.0,0.0,,N
6353,18,1,2026-01-26 12:48:32.853,1320962449,2026-06-16 13:30:08.978,"Кабелни накрайници, обувки","Обувка изол. М5, 1.5-2.5мм",BGH260272,00001588,M,L,L,бр.,,,0.06,0.0,0.0,0.0,,,N,50.0,50.0,,ШРАК ТЕХНИК ЕООД,,,,1.5,,,,,,,,Y,0,,0.0,,,0.0,0.0,Y,Y,Y,N,1977,,0.0,,,,,,,,,,,,0,0.0,0.0,0.0,,N
6353,20,1,2026-01-26 12:51:27.838,1320962449,2026-07-03 15:27:03.515,2. Консумативи,Джоб за докумнти,ASDRA400,00001760,M,L,L,бр.,,,2.63,0.0,0.0,0.0,,,N,1.0,1.0,,ШРАК ТЕХНИК ЕООД,,,,1.5,,,,,,,,Y,0,,0.0,,,0.0,0.0,Y,Y,Y,N,1978,,0.0,,,,,,,,,,,,0,0.0,0.0,0.0,,N
6353,22,1,2026-01-26 12:53:34.853,1320962449,2026-06-24 10:45:53.353,"Прекъсвачи, Предпазители",Прекъсвач мин.авт. AMPARO 10kA D 25A 3P,AM019325,00001589,M,L,L,бр.,,,10.67,0.0,0.0,0.0,,,N,1.0,1.0,,ШРАК ТЕХНИК ЕООД,,,,1.5,,,,,,,,Y,0,,0.0,,,0.0,0.0,Y,Y,Y,N,1979,,0.0,,,,,,,,,,,,0,0.0,0.0,0.0,,N
6353,24,1,2026-01-26 12:54:55.453,1320962449,2026-06-16 13:37:14.711,Релета,Реле термично за контактор 24 - 32А размер 1,LTT13200,00001590,M,L,L,бр.,,,35.2,0.0,0.0,0.0,,,N,1.0,1.0,,ШРАК ТЕХНИК ЕООД,,,,1.5,,,,,,,,Y,0,,0.0,,,0.0,0.0,Y,Y,Y,N,1980,,0.0,,,,,,,,,,,,0,0.0,0.0,0.0,,N
6353,26,1,2026-01-26 12:56:39.396,1320962449,2026-06-17 14:08:41.851,Контактори,"Контактор 15kW/32A, 1NO, 230V AC размер 1",LTD13213,00001591,M,L,L,бр.,,,36.86,0.0,0.0,0.0,,,N,1.0,1.0,,ШРАК ТЕХНИК ЕООД,,,,1.5,,,,,,,,Y,0,,0.0,,,0.0,0.0,Y,Y,Y,N,1981,,0.0,,,,,,,,,,,,0,0.0,0.0,0.0,,N
5456,0,1,2026-01-26 12:57:58.508,1320962449,2026-06-16 13:37:14.711,Релета,Реле термично 4 - 6А размер 0,LTT00600,00001592,M,L,L,бр.,,,17.76,0.0,0.0,0.0,,,N,1.0,1.0,,ШРАК ТЕХНИК ЕООД,,,,1.5,,,,,,,,Y,0,,0.0,,,0.0,0.0,Y,Y,Y,N,1982,,0.0,,,,,,,,,,,,0,0.0,0.0,0.0,,N
5456,2,1,2026-01-26 13:08:13.645,1320962449,2026-07-03 15:27:23.723,3. Инструменти,"Клещи за каб. обувки, 0.5-6мм",BGH210761,00001593,M,L,L,бр.,,,47.67,0.0,0.0,0.0,,,N,1.0,1.0,,ШРАК ТЕХНИК ЕООД,,,,1.5,,,,,,,,Y,0,,0.0,,,0.0,0.0,Y,Y,Y,N,1983,,0.0,,,,,,,,,,,,0,0.0,0.0,0.0,,N
5456,4,1,2026-01-26 13:24:45.240,1320962449,2026-07-07 08:40:15.554,Шрак техник ЕООД,"Контактор 7,5kW/15A, AC-3, 1NO, 230V-AC",LTD01513,00001594,M,L,L,бр.,,,17.03,0.0,0.0,0.0,,,P,5.0,5.0,,ШРАК ТЕХНИК ЕООД,,,,1.5,,,,,,,,Y,0,,0.0,,,0.0,0.0,Y,Y,Y,N,1984,,0.0,,,,,,,,,,,,0,0.0,0.0,0.0,,N
5456,6,1,2026-01-26 13:26:34.137,1320962449,2026-07-22 13:06:47.530,Шини (Електроника),"Носач изолационен за 2 шини 10, 16mm",IK018004-A,00001595,M,L,L,бр.,,,0.36,0.0,0.0,0.0,,,N,10.0,10.0,,ШРАК ТЕХНИК ЕООД,,,,1.5,,,,,,,,Y,0,,0.0,,,0.0,0.0,Y,Y,Y,N,1985,,0.0,,,,,,,,,,,,0,0.0,0.0,0.0,,N
5456,8,1,2026-01-26 13:41:55.099,1320962449,2026-06-16 13:37:14.711,Кабелни Канали,"Кабелна обувка М12, 70мм",XCZ107R12A,00001596,M,L,L,бр.,,,2.69,0.0,0.0,0.0,,,N,5.0,5.0,,ШРАК ТЕХНИК ЕООД,,,,1.5,,,,,,,,Y,0,,0.0,,,0.0,0.0,Y,Y,Y,N,1986,,0.0,,,,,,,,,,,,0,0.0,0.0,0.0,,N
5456,10,1,2026-01-26 13:48:28.744,1320962449,2026-06-24 14:02:04.796,Кабели - Мрежови,"Кабел F/UTP cat.5e, 4x2xAWG24/1, PVC",HSEKF424P1,00001597,M,L,L,м.,,,0.39,0.0,0.0,0.0,,,N,20.0,20.0,,ШРАК ТЕХНИК ЕООД,,,,1.5,,,,,,,,Y,0,,0.0,,,0.0,0.0,Y,Y,Y,N,1987,,0.0,,,,,,,,,,,,0,0.0,0.0,0.0,,N
5456,11,1,2026-02-17 07:42:41.906,1319633504,2026-06-23 13:27:42.191,2.5.4. Вентили,Магнетвентил мод. 6213 G1“ с бобина,BU00227550,00001798,M,M,M,бр.,,,384.0,0.0,0.0,0.0,,,P,1.0,20.0,,ЛД ООД,,,,1.5,,,,,,,,Y,0,,0.0,,,0.0,0.0,Y,Y,Y,N,2071,,0.0,,,,,,,,,,,,0,0.0,0.0,0.0,,N
5456,12,1,2026-01-26 13:52:34.425,1320962449,2026-07-03 15:27:03.515,2. Консумативи,"Термосв. шл, 25.4/12.7мм, 1м",BGH262090,00001598,M,L,L,бр.,,,2.47,0.0,0.0,0.0,,,N,20.0,20.0,,ШРАК ТЕХНИК ЕООД,,,,1.5,,,,,,,,Y,0,,0.0,,,0.0,0.0,Y,Y,Y,N,1988,,0.0,,,,,,,,,,,,0,0.0,0.0,0.0,,N
5456,14,1,2026-01-27 10:53:33.151,1319852919,2026-06-23 11:01:12.602,М/Ж резба,Преход 316L резба М/Ж 1/4“х1/8“,102101,00001599,M,L,L,бр.,,,0.7,0.0,0.0,0.0,,,N,10.0,20.0,,КРИСМЕТАЛ,,,,1.5,,,,,,,,Y,0,,0.0,,,0.0,0.0,Y,Y,Y,N,1989,,0.0,,,,,,,,,,,,0,0.0,0.0,0.0,,N
5456,16,1,2026-01-29 08:33:17.873,1320962449,2026-07-03 15:27:03.515,2. Консумативи,"Тел SG2 ER70S-6 ф0,8",M601A01080511,00001600,M,L,L,бр.,,,10.65,0.0,0.0,0.0,,"Отдел заваръчен, 1 бр. ролка = 5кг тел.",P,1.0,20.0,,РЕДКО,,,,1.5,,,,,,,,Y,0,,0.0,,,0.0,0.0,Y,Y,Y,N,1991,,0.0,,,,,,,,,,,,0,0.0,0.0,0.0,,N
5456,19,1,2026-01-29 08:42:13.698,1320962449,2026-07-03 15:27:03.515,2. Консумативи,"Добавъчен материал 308L ф1,2, D200",M562E3120140,00001601,M,L,L,кг.,,,13.45,0.0,0.0,0.0,,"Teлчетата са на 1м. в 5кг. тубуси. 
За заваръчен отдел.",P,1.0,20.0,,,,,,1.5,,,,,,,,Y,0,,0.0,,,0.0,0.0,Y,Y,Y,N,1992,,0.0,,,,,,,,,,,,0,0.0,0.0,0.0,,N
5456,21,1,2026-01-29 08:45:17.354,1320962449,2026-07-03 15:27:03.515,2. Консумативи,Ръкавици ярешка кожа,K412249000000,00001602,M,L,L,Чифт,,,4.47,0.0,0.0,0.0,,Ръкавици за заварки.,P,5.0,20.0,,РЕДКО,,,,1.5,,,,,,,,Y,0,,0.0,,,0.0,0.0,Y,Y,Y,N,1993,,0.0,,,,,,,,,,,,0,0.0,0.0,0.0,,N
5456,22,1,2026-01-30 10:01:50.433,1320962449,2026-08-03 07:54:56.671,М10,Шайба пружинна vZn М10,00127 0021 10,00001603,M,L,L,бр.,,,0.01,0.0,0.0,0.0,,,N,100.0,100.0,,ИТТ БЪЛГАРИЯ ЕООД,,,,1.5,,,,,,,,Y,0,,0.0,,,0.0,0.0,Y,Y,Y,N,1994,,0.0,,,,,,,,,,,,0,0.0,0.0,0.0,,N
6914,1,1,2026-02-06 09:50:46.751,1318541027,2026-07-03 15:27:03.515,2. Консумативи,Скоби  водни  съединения,22x36,00001772,M,M,M,бр.,,,0.31,0.0,0.0,0.0,,,N,5.0,20.0,,ИВДА-ГЕО ООД,,,,1.5,,,,,,,,Y,0,,0.0,,,0.0,0.0,Y,Y,Y,N,2047,,0.0,,,,,,,,,,,,0,0.0,0.0,0.0,,N
6914,3,1,2026-02-09 09:29:06.468,1318839524,2026-06-16 14:08:35.823,М10,Болт с шест.гл. 8.8 vZn М10х60,00933 8801 10 60,00001776,M,M,M,бр.,,,0.11,0.0,0.0,0.0,,,N,200.0,200.0,,ИТТ БЪЛГАРИЯ ЕООД,,,,1.5,,,,,,,,Y,0,,0.0,,,0.0,0.0,Y,Y,Y,N,2049,,0.0,,,,,,,,,,,,0,0.0,0.0,0.0,,N
6914,4,1,2026-02-06 13:20:42.845,1318555606,2026-08-03 07:55:57.579,М16,"Шайба пружинна DIN2093 34/16,3/2.0 М16",020930034163200,00001775,M,M,M,бр.,,,0.35,0.0,0.0,0.0,,,N,200.0,200.0,,ИЛЧЕВ КРЕПЕЖИ ЕООД,,,,1.5,,,,,,,,Y,0,,0.0,,,0.0,0.0,Y,Y,Y,N,2048,,0.0,,,,,,,,,,,,0,0.0,0.0,0.0,,N
6914,8,1,2026-02-09 09:30:27.712,1318839617,2026-07-24 08:07:45.860,М12,Болт с шест.гл. 8.8 vZn М12х55,00933 8801 12 55,00001777,M,M,M,бр.,,,0.15,0.0,0.0,0.0,,,N,200.0,200.0,,ИТТ БЪЛГАРИЯ ЕООД,,,,1.5,,,,,,,,Y,0,,0.0,,,0.0,0.0,Y,Y,Y,N,2050,,0.0,,,,,,,,,,,,0,0.0,0.0,0.0,,N
6914,11,1,2026-02-09 09:31:53.660,1318839716,2026-06-16 13:30:08.978,М16,Болт с шест.гл. 8.8 vZn М16х90,00933 8801 16 90,00001778,M,M,M,бр.,,,0.43,0.0,0.0,0.0,,,N,200.0,200.0,,ИТТ БЪЛГАРИЯ ЕООД,,,,1.5,,,,,,,,Y,0,,0.0,,,0.0,0.0,Y,Y,Y,N,2051,,0.0,,,,,,,,,,,,0,0.0,0.0,0.0,,N
6914,13,1,2026-02-09 10:13:43.453,1318842829,2026-07-03 15:27:03.515,2. Консумативи,"Скоба 1/2`, 12-20мм",4078500719100,00001779,M,M,M,бр.,,,0.84,0.0,0.0,0.0,,,N,4.0,20.0,,ДОВЕРИЕ-БРИКО АД,,,,1.5,,,,,,,,Y,0,,0.0,,,0.0,0.0,Y,Y,Y,N,2052,,0.0,,,,,,,,,,,,0,0.0,0.0,0.0,,N
6914,15,1,2026-02-09 10:16:27.551,1318842955,2026-07-03 15:27:03.515,2. Консумативи,"Адаптор за кран 3/4`, в блистер",8004779007804,00001780,M,M,M,бр.,,,5.11,0.0,0.0,0.0,,,N,4.0,20.0,,ДОВЕРИЕ-БРИКО АД,,,,1.5,,,,,,,,Y,0,,0.0,,,0.0,0.0,Y,Y,Y,N,2053,,0.0,,,,,,,,,,,,0,0.0,0.0,0.0,,N
6914,17,1,2026-02-09 10:18:23.777,1318842946,2026-07-03 15:27:03.515,2. Консумативи,Конектор за маркуч 1/2`,4078500011846,00001781,M,M,M,бр.,,,3.68,0.0,0.0,0.0,,,N,4.0,20.0,,ДОВЕРИЕ-БРИКО АД,,,,1.5,,,,,,,,Y,0,,0.0,,,0.0,0.0,Y,Y,Y,N,2054,,0.0,,,,,,,,,,,,0,0.0,0.0,0.0,,N
6914,19,1,2026-02-09 10:24:19.511,1318843360,2026-07-03 15:27:03.515,2. Консумативи,Съединител за маркуч 1/2`х1/2`,3800123109393,00001782,M,M,M,бр.,,,0.78,0.0,0.0,0.0,,,N,4.0,20.0,,ДОВЕРИЕ-БРИКО АД,,,,1.5,,,,,,,,Y,0,,0.0,,,0.0,0.0,Y,Y,Y,N,2055,,0.0,,,,,,,,,,,,0,0.0,0.0,0.0,,N
6914,21,1,2026-02-09 10:26:00.723,1318843475,2026-07-03 15:27:03.515,2. Консумативи,"Връзка за маркуч 1/2`х3/4`, GX L",3800972024953,00001783,M,M,M,бр.,,,1.75,0.0,0.0,0.0,,,N,4.0,20.0,,ДОВЕРИЕ-БРИКО АД,,,,1.5,,,,,,,,Y,0,,0.0,,,0.0,0.0,Y,Y,Y,N,2056,,0.0,,,,,,,,,,,,0,0.0,0.0,0.0,,N
6914,23,1,2026-02-09 10:27:59.355,1318843612,2026-07-03 15:27:03.515,2. Консумативи,"Градински маркуч TRICO 1/2`, 25м.",8015105021258,00001784,M,M,M,м.,,,0.82,0.0,0.0,0.0,,,N,4.0,20.0,,ДОВЕРИЕ-БРИКО АД,,,,1.5,,,,,,,,Y,0,,0.0,,,0.0,0.0,Y,Y,Y,N,2057,,0.0,,,,,,,,,,,,0,0.0,0.0,0.0,,N
6914,26,1,2026-02-09 13:17:42.457,1318855398,2026-06-24 15:24:31.616,2.8. Маркучи,Шлаух полиамид син 15/12.5,TRN 15/12.5-B,00001785,M,M,M,м.,,,2.71,0.0,0.0,0.0,,,N,4.0,20.0,,ЛД ООД,,,,1.5,,,,,,,,Y,0,,0.0,,,0.0,0.0,Y,Y,Y,N,2058,,0.0,,,,,,,,,,,,0,0.0,0.0,0.0,,N
7721,0,1,2026-03-10 14:38:29.149,1321761007,2026-07-03 15:27:03.515,2. Консумативи,"Колче сигнално ограничително, 900мм",OLM1917,00001881,M,M,M,бр.,,,3.37,0.0,0.0,0.0,,,N,1.0,20.0,,ТАШЕВ ГАЛВИНГ ООД,,,,1.5,,,,,,,,Y,0,,0.0,,,0.0,0.0,Y,Y,Y,N,2154,,0.0,,,,,,,,,,,,0,0.0,0.0,0.0,,N
7721,2,1,2026-03-10 14:39:33.064,1321761081,2026-07-03 15:27:03.515,2. Консумативи,"Основа за сигнално колче, PVC",OLM1918,00001882,M,M,M,бр.,,,4.27,0.0,0.0,0.0,,,N,1.0,20.0,,ТАШЕВ ГАЛВИНГ ООД,,,,1.5,,,,,,,,Y,0,,0.0,,,0.0,0.0,Y,Y,Y,N,2155,,0.0,,,,,,,,,,,,0,0.0,0.0,0.0,,N
7721,4,1,2026-03-10 14:43:10.444,1321761332,2026-07-03 15:27:03.515,2. Консумативи,Лента сигнално маркировъчна 70ммх100м.,ACM317,00001883,M,M,M,бр.,,,2.48,0.0,0.0,0.0,,,N,1.0,20.0,,ТАШЕВ ГАЛВИНГ ООД,,,,1.5,,,,,,,,Y,0,,0.0,,,0.0,0.0,Y,Y,Y,N,2156,,0.0,,,,,,,,,,,,0,0.0,0.0,0.0,,N
7721,6,1,2026-03-10 14:45:28.274,1321761492,2026-06-23 15:35:37.260,"2.7. PP, Месинг, Хром връзки","Тръба PVC канализационна 200мм 4,9мм",PTN142,00001884,M,M,M,бр.,,,36.75,0.0,0.0,0.0,,,N,1.0,20.0,,ТАШЕВ ГАЛВИНГ ООД,,,,1.5,,,,,,,,Y,0,,0.0,,,0.0,0.0,Y,Y,Y,N,2157,,0.0,,,,,,,,,,,,0,0.0,0.0,0.0,,N
7721,8,1,2026-03-10 14:49:08.877,1321761867,2026-06-24 11:01:06.007,"Кабелни накрайници, обувки","Кабелна обувка калайдисана, 185мм, 12мм.",LGR5986,00001885,M,M,M,бр.,,,4.47,0.0,0.0,0.0,,,N,5.0,20.0,,ТАШЕВ ГАЛВИНГ ООД,,,,1.5,,,,,,,,Y,0,,0.0,,,0.0,0.0,Y,Y,Y,N,2158,,0.0,,,,,,,,,,,,0,0.0,0.0,0.0,,N
7721,10,1,2026-03-10 14:50:45.737,1321761860,2026-06-24 11:01:05.962,"Кабелни накрайници, обувки","Кабелна обувка калайдисана, 95мм, 12мм.",LGR6010,00001886,M,M,M,бр.,,,2.97,0.0,0.0,0.0,,,N,2.0,20.0,,ТАШЕВ ГАЛВИНГ ООД,,,,1.5,,,,,,,,Y,0,,0.0,,,0.0,0.0,Y,Y,Y,N,2159,,0.0,,,,,,,,,,,,0,0.0,0.0,0.0,,N
7721,12,1,2026-03-11 07:41:22.307,1321832042,2026-07-03 15:27:23.723,3. Инструменти,"Телескопичен магнит за тежест до 1,5 кг",14140,00001887,M,M,M,бр.,,,2.98,0.0,0.0,0.0,,,N,1.0,20.0,,ЯВОР-М ЕООД,,,,1.5,,,,,,,,Y,0,,0.0,,,0.0,0.0,Y,Y,Y,N,2160,,0.0,,,,,,,,,,,,0,0.0,0.0,0.0,,N
7721,14,1,2026-03-11 07:42:30.167,1321832120,2026-07-03 15:27:23.723,3. Инструменти,"Мини скрапер за почистване на стъкла 3,8см",12352,00001888,M,M,M,бр.,,,0.53,0.0,0.0,0.0,,,N,1.0,20.0,,ЯВОР-М ЕООД,,,,1.5,,,,,,,,Y,0,,0.0,,,0.0,0.0,Y,Y,Y,N,2161,,0.0,,,,,,,,,,,,0,0.0,0.0,0.0,,N
7721,16,1,2026-03-11 08:02:30.549,1321833508,2026-07-03 15:27:03.515,2. Консумативи,"К-кт свредла за метал HSCO, ф1-10мм, 19бр",0617400001,00001889,M,M,M,бр.,,,34.71,0.0,0.0,0.0,,,N,1.0,20.0,,ВЮРТ-БЪЛГАРИЯ ЕООД,,,,1.5,,,,,,,,Y,0,,0.0,,,0.0,0.0,Y,Y,Y,N,2162,,0.0,,,,,,,,,,,,0,0.0,0.0,0.0,,N
7721,18,1,2026-03-11 08:03:43.888,1321833595,2026-07-03 15:27:03.515,2. Консумативи,"Сп. свредло за неръж. стомана, ф 12мм.",0626120,00001890,M,M,M,бр.,,,16.53,0.0,0.0,0.0,,,N,1.0,20.0,,ВЮРТ-БЪЛГАРИЯ ЕООД,,,,1.5,,,,,,,,Y,0,,0.0,,,0.0,0.0,Y,Y,Y,N,2163,,0.0,,,,,,,,,,,,0,0.0,0.0,0.0,,N
7721,20,1,2026-03-11 08:04:45.743,1321833665,2026-07-03 15:27:03.515,2. Консумативи,"Сп. свредло за неръж. стомана, ф 13мм.",0626130,00001891,M,M,M,бр.,,,20.1,0.0,0.0,0.0,,,N,1.0,20.0,,ВЮРТ-БЪЛГАРИЯ ЕООД,,,,1.5,,,,,,,,Y,0,,0.0,,,0.0,0.0,Y,Y,Y,N,2164,,0.0,,,,,,,,,,,,0,0.0,0.0,0.0,,N
7721,22,1,2026-03-11 08:06:06.144,1321835661,2026-07-03 15:27:03.515,2. Консумативи,"Кожени ръкавици Pilot 50TOP, р-р 9",S002000139,00001892,M,M,M,бр.,,,2.43,0.0,0.0,0.0,,,N,1.0,20.0,,ВЮРТ-БЪЛГАРИЯ ЕООД,,,,1.5,,,,,,,,Y,0,,0.0,,,0.0,0.0,Y,Y,Y,N,2165,,0.0,,,,,,,,,,,,0,0.0,0.0,0.0,,N
7390,2,1,2026-03-04 12:12:31.012,1321151773,2026-06-23 10:45:32.010,5. Устройства,Камера TP-LINK Tapo,TC40 OUTD,00001838,M,M,M,бр.,,,27.5,0.0,0.0,0.0,,2 броя камери за Полша и за Златна,N,1.0,20.0,,ТЕХНОМАРКЕТ ЕАД,,,,1.5,,,,,,,,Y,0,,0.0,,,0.0,0.0,Y,Y,Y,N,2111,,0.0,,,,,,,,,,,,0,0.0,0.0,0.0,,N
7390,3,1,2026-03-04 12:18:39.784,1321151795,2026-07-03 15:27:03.515,2. Консумативи,Карта памет с адаптер LEXAR, BLUE PLUS MICRO,00001839,M,M,M,бр.,,,32.49,0.0,0.0,0.0,,,N,1.0,20.0,,ТЕХНОМАРКЕТ ЕАД,,,,1.5,,,,,,,,Y,0,,0.0,,,0.0,0.0,Y,Y,Y,N,2112,,0.0,,,,,,,,,,,,0,0.0,0.0,0.0,,N
7390,6,1,2026-03-04 12:20:24.731,1321151807,2026-07-03 15:27:03.515,2. Консумативи,Карта памет с адаптер Verbatim,44085 MICRO S,00001840,M,M,M,бр.,,,12.77,0.0,0.0,0.0,,,N,1.0,20.0,,ТЕХНОМАРКЕТ ЕАД,,,,1.5,,,,,,,,Y,0,,0.0,,,0.0,0.0,Y,Y,Y,N,2113,,0.0,,,,,,,,,,,,0,0.0,0.0,0.0,,N
7390,9,1,2026-03-04 13:34:30.577,1321156565,2026-06-16 13:37:14.711,"Схеми, софтуери",Софтуер PLC,6ES7511-1Al03-0AB0,00001841,M,M,M,бр.,,,1434.0,0.0,0.0,0.0,,За визуализация Полша,N,1.0,20.0,,ЖИЛАНОВИ ООД,,,,1.5,,,,,,,,Y,0,,0.0,,,0.0,0.0,Y,Y,Y,N,2114,,0.0,,,,,,,,,,,,0,0.0,0.0,0.0,,N
7390,11,1,2026-03-04 13:43:08.756,1321157167,2026-06-24 10:51:32.358,Жиланови,Хардуер за PLC,6ES7954-8LF03-0AAQ,00001842,M,M,M,бр.,,,2918.0,0.0,0.0,0.0,,Тук са включени: мемори карта; cm ptp rs422/485; tp700 comfort; power supply 24V/3A; mounting rail 245mm; front connector 40-pin; rs-422 d-sub plug; rj45 fast connect plug; industrial switch.,N,1.0,20.0,,ЖИЛАНОВИ ООД,,,,1.5,,,,,,,,Y,0,,0.0,,,0.0,0.0,Y,Y,Y,N,2115,,0.0,,,,,,,,,,,,0,0.0,0.0,0.0,,N
7390,13,1,2026-03-04 13:56:13.534,1321158073,2026-07-03 15:27:03.515,2. Консумативи,Резервни части SIEMENS,KP/TP 700,00001843,M,M,M,бр.,,,1.0,0.0,0.0,0.0,,Резервни части останали от монтажа на визуализацията на Полша,N,1.0,20.0,,ЖИЛАНОВИ ООД,,,,1.5,,,,,,,,Y,0,,0.0,,,0.0,0.0,Y,Y,Y,N,2116,,0.0,,,,,,,,,,,,0,0.0,0.0,0.0,,N
7390,14,1,2026-03-05 12:38:35.971,1321252682,2026-06-23 15:50:30.608,Други (Крепежи),Болт U ETR vZn (26-34мм) 1“,88138 0021 1,00001844,M,M,M,бр.,,,0.33,0.0,0.0,0.0,,,N,1.0,20.0,,ИТТ БЪЛГАРИЯ ЕООД,,,,1.5,,,,,,,,Y,0,,0.0,,,0.0,0.0,Y,Y,Y,N,2117,,0.0,,,,,,,,,,,,0,0.0,0.0,0.0,,N
7390,17,1,2026-03-05 12:40:14.224,1321252795,2026-07-14 10:34:57.885,Скоби,Скоба за тръба RS PD 31-35мм 1“,KNR RS 1,00001845,M,M,M,бр.,,,0.32,0.0,0.0,0.0,,,N,1.0,20.0,,ИТТ БЪЛГАРИЯ ЕООД,,,,1.5,,,,,,,,Y,0,,0.0,,,0.0,0.0,Y,Y,Y,N,2118,,0.0,,,,,,,,,,,,0,0.0,0.0,0.0,,N
7390,19,1,2026-03-05 12:42:40.116,1321252964,2026-06-16 13:37:14.711,Други (Крепежи),Конзола ALK с PVC капачка L=300mm,KNR ALK 28 30 300,00001846,M,M,M,бр.,,,3.63,0.0,0.0,0.0,,,N,1.0,20.0,,ИТТ БЪЛГАРИЯ ЕООД,,,,1.5,,,,,,,,Y,0,,0.0,,,0.0,0.0,Y,Y,Y,N,2119,,0.0,,,,,,,,,,,,0,0.0,0.0,0.0,,N
7390,21,1,2026-03-05 12:44:22.244,1321253083,2026-06-23 15:42:40.091,М8,Анкер сертифициран ETA opt.7 B 15-24/M8x80,MKT B 8 80,00001847,M,M,M,бр.,,,0.27,0.0,0.0,0.0,,,N,1.0,20.0,,ИТТ БЪЛГАРИЯ ЕООД,,,,1.5,,,,,,,,Y,0,,0.0,,,0.0,0.0,Y,Y,Y,N,2120,,0.0,,,,,,,,,,,,0,0.0,0.0,0.0,,N
7390,23,1,2026-03-05 12:49:09.744,1321253416,2026-07-07 08:38:19.433,ИТТ,Комплект за отнемане на фаски,EDE 7290005394027,00001848,M,M,M,бр.,,,19.92,0.0,0.0,0.0,,,N,1.0,20.0,,ИТТ БЪЛГАРИЯ ЕООД,,,,1.5,,,,,,,,Y,0,,0.0,,,0.0,0.0,Y,Y,Y,N,2121,,0.0,,,,,,,,,,,,0,0.0,0.0,0.0,,N
6427,1,1,2026-01-30 10:04:25.406,1320962449,2026-07-24 08:08:58.793,М12,Шайба пружинна vZn М12,00127 0021 12,000016040,M,L,L,бр.,,,0.015,0.0,0.0,0.0,,,N,100.0,100.0,,ИТТ БЪЛГАРИЯ ЕООД,,,,1.5,,,,,,,,Y,0,,0.0,,,0.0,0.0,Y,Y,Y,N,1995,,0.0,,,,,,,,,,,,0,0.0,0.0,0.0,,N
6427,2,1,2026-01-30 13:42:14.335,1319661746,2026-06-16 13:37:14.711,Кабелни Канали,"Ъгъл 90° за каб. скара, 60х152мм",RESC 60.150S,00001616,M,L,L,бр.,,,10.61,0.0,0.0,0.0,,,N,1.0,20.0,,НИДАКС БЪЛГАРИЯ  ЕООД,,,,1.5,,,,,,,,Y,0,,0.0,,,0.0,0.0,Y,Y,Y,N,2010,,0.0,,,,,,,,,,,,0,0.0,0.0,0.0,,N
6427,4,1,2026-01-30 13:48:51.246,1330332849,2026-06-16 13:37:14.711,Кабелни Канали,"Капак за ъгъл 90° за каб. скара, 155,5мм",RESCDV 150 S,00001617,M,L,L,бр.,,,9.98,0.0,0.0,0.0,,,N,1.0,20.0,,НИДАКС БЪЛГАРИЯ  ЕООД,,,,1.5,,,,,,,,Y,0,,0.0,,,0.0,0.0,Y,Y,Y,N,2011,,0.0,,,,,,,,,,,,0,0.0,0.0,0.0,,N
6427,6,1,2026-02-02 10:57:32.018,1320962449,2026-06-16 13:30:08.978,Платки - Green Innovation,Платка GI1LZDV8-,HT44688,00001623,M,L,L,бр.,,,3.31,0.0,0.0,0.0,,Друг модел на същото име,N,5.0,20.0,,ХАРД ТЕХ ООД,,,,1.5,,,,,,,,Y,0,,0.0,,,0.0,0.0,Y,Y,Y,N,2017,,0.0,,,,,,,,,,,,0,0.0,0.0,0.0,,N
6427,8,1,2026-02-02 11:00:55.501,1320962449,2026-06-16 13:30:08.978,Платки - Green Innovation,Платка GI1PWR02-,HT44689,00001624,M,L,L,бр.,,,4.3,0.0,0.0,0.0,,Друг модел на същото име,N,5.0,20.0,,ХАРД ТЕХ ООД,,,,1.5,,,,,,,,Y,0,,0.0,,,0.0,0.0,Y,Y,Y,N,2018,,0.0,,,,,,,,,,,,0,0.0,0.0,0.0,,N
6427,9,1,2026-02-02 11:43:14.988,1320962449,2026-06-16 13:30:08.978,Платки - Green Innovation,Платка HG1LED8,HT44737,00001764,M,L,L,бр.,,,5.26,0.0,0.0,0.0,,,N,5.0,20.0,,ХАРД ТЕХ ООД,,,,1.5,,,,,,,,Y,0,,0.0,,,0.0,0.0,Y,Y,Y,N,2020,,0.0,,,,,,,,,,,,0,0.0,0.0,0.0,,N
6427,10,1,2026-02-12 12:50:04.412,1319153483,2026-06-24 15:47:00.252,4. Съдове,Разширителен съд под налягане 8л.,,00001792,M,M,M,бр.,,,18.37,0.0,0.0,0.0,,,N,1.0,20.0,,ИВДА-ГЕО ООД,,,,1.5,,,,,,,,Y,0,,0.0,,,0.0,0.0,Y,Y,Y,N,2065,,0.0,,,,,,,,,,,,0,0.0,0.0,0.0,,N
6427,12,1,2026-02-04 07:49:01.224,1318956546,2026-07-07 08:19:26.459,ИФМ,Заваръчен адаптер за процесни сензори,E43301,00001639,M,L,L,бр.,,,37.83,0.0,0.0,0.0,,"Заедно със сензор за проводимост и кабел 
За Брикел",P,1.0,20.0,,ИФМ ЕЛЕКТРОНИК ЕООД,,,,1.5,,,,,,,,Y,0,,0.0,,,0.0,0.0,Y,Y,Y,N,2034,,0.0,,,,,,,,,,,,0,0.0,0.0,0.0,,N
6427,14,1,2026-02-02 11:04:17.923,1320962449,2026-06-16 13:30:08.978,Платки - Green Innovation,Платка GI1UZDV8-,HT44690,00001625,M,L,L,бр.,,,4.23,0.0,0.0,0.0,,Нов модел на същото име,N,5.0,20.0,,ХАРД ТЕХ ООД,,,,1.5,,,,,,,,Y,0,,0.0,,,0.0,0.0,Y,Y,Y,N,2019,,0.0,,,,,,,,,,,,0,0.0,0.0,0.0,,N
6427,18,1,2026-02-02 13:31:31.752,1320962449,2026-06-17 15:33:25.252,М8,Шпилка 4.8 vZn М8х2000,00975 0001 8 2000,00001634,M,L,L,бр.,,,1.08,0.0,0.0,0.0,,,N,5.0,20.0,,ИТТ БЪЛГАРИЯ ЕООД,,,,1.5,,,,,,,,Y,0,,0.0,,,0.0,0.0,Y,Y,Y,N,2029,,0.0,,,,,,,,,,,,0,0.0,0.0,0.0,,N
6427,19,1,2026-02-02 11:47:05.238,1320962449,2026-06-16 13:30:08.978,Платки - Green Innovation,Платка GI1OUT44,HT44224,00001626,M,L,L,бр.,,,10.23,0.0,0.0,0.0,,,N,5.0,20.0,,ХАРД ТЕХ ООД,,,,1.5,,,,,,,,Y,0,,0.0,,,0.0,0.0,Y,Y,Y,N,2021,,0.0,,,,,,,,,,,,0,0.0,0.0,0.0,,N
6427,21,1,2026-02-02 12:46:21.862,1320962449,2026-06-17 14:08:41.851,Клеми,"Клема винтова 2,5mm AVK2,5 синя",IK601002,00001633,M,L,L,бр.,,,0.29,0.0,0.0,0.0,,,N,5.0,20.0,,ШРАК ТЕХНИК ЕООД,,,,1.5,,,,,,,,Y,0,,0.0,,,0.0,0.0,Y,Y,Y,N,2028,,0.0,,,,,,,,,,,,0,0.0,0.0,0.0,,N
6427,24,1,2026-02-04 07:51:42.924,1318956546,2026-06-24 14:02:04.796,Кабели - Мрежови,Свързващ кабел с конектор,EVT387,00001640,M,L,L,бр.,,,32.09,0.0,0.0,0.0,,"Заедно с адаптер и сензор за проводимост
За Брикел",P,1.0,20.0,,ИФМ ЕЛЕКТРОНИК ЕООД,,,,1.5,,,,,,,,Y,0,,0.0,,,0.0,0.0,Y,Y,Y,N,2035,,0.0,,,,,,,,,,,,0,0.0,0.0,0.0,,N
7736,0,1,2026-03-11 08:45:45.661,1332242517,2026-06-23 10:48:03.970,1.2.2 Съдове (Очиска),Топлообменник XT Hexonic FF.PRO.SS.Gr.1,01100021,00001893,M,M,M,бр.,,,1005.0,0.0,0.0,0.0,,Стандартни вертикални,P,2.0,20.0,,АПОГЕЙ 99 ООД,,,,1.5,,,,,,,,Y,0,,0.0,,,0.0,0.0,Y,Y,Y,N,2166,,0.0,,,,,,,,,,,,0,0.0,0.0,0.0,,N
7736,1,1,2026-03-13 09:52:34.215,1322041208,2026-06-23 10:48:32.408,2.1. Тръби,"Тръба шевна 304L (88,9х2) 3``",072702,00001896,M,M,M,м.,,,21.5,0.0,0.0,0.0,,,N,6.0,20.0,,КРИСМЕТАЛ,,,,1.5,,,,,,,,Y,0,,0.0,,,0.0,0.0,Y,Y,Y,N,2169,,0.0,,,,,,,,,,,,0,0.0,0.0,0.0,,N
7736,3,1,2026-03-11 08:51:06.571,1332242574,2026-06-23 10:48:04.017,1.2.2 Съдове (Очиска),Топлообменник XT Hexonic JAD X 2.11.08.68,03010025,00001894,M,M,M,бр.,,,1655.0,0.0,0.0,0.0,,"Този вид е Y образен, вертикален.",P,2.0,20.0,,АПОГЕЙ 99 ООД,,,,1.5,,,,,,,,Y,0,,0.0,,,0.0,0.0,Y,Y,Y,N,2167,,0.0,,,,,,,,,,,,0,0.0,0.0,0.0,,N
7736,6,1,2026-03-13 12:59:50.510,1322054518,2026-07-03 15:27:23.723,3. Инструменти,Bessey  стяга универсал,228518,00001897,M,M,M,бр.,,,29.89,0.0,0.0,0.0,,,N,1.0,20.0,,ПРАКТИКЕР РИТЕЙЛ ЕООД,,,,1.5,,,,,,,,Y,0,,0.0,,,0.0,0.0,Y,Y,Y,N,2170,,0.0,,,,,,,,,,,,0,0.0,0.0,0.0,,N
7736,8,1,2026-03-13 13:15:50.929,1322055270,2026-07-03 15:27:03.515,2. Консумативи,Силиконова лента 15м/14мм.,,00001898,M,M,M,бр.,,,5.86,0.0,0.0,0.0,,,N,1.0,20.0,,ИВДА-ГЕО ООД,,,,1.5,,,,,,,,Y,0,,0.0,,,0.0,0.0,Y,Y,Y,N,2171,,0.0,,,,,,,,,,,,0,0.0,0.0,0.0,,N
7736,10,1,2026-03-13 13:17:27.046,1322055380,2026-07-03 15:27:23.723,3. Инструменти,Стяга дърводелска,80х250,00001899,M,M,M,бр.,,,6.22,0.0,0.0,0.0,,,N,1.0,20.0,,ИВДА-ГЕО ООД,,,,1.5,,,,,,,,Y,0,,0.0,,,0.0,0.0,Y,Y,Y,N,2172,,0.0,,,,,,,,,,,,0,0.0,0.0,0.0,,N
7736,12,1,2026-03-13 13:24:10.666,1322055847,2026-06-23 10:45:19.417,3. Метални Елементи,Винкел ГВ 50/50/3,,00001900,M,M,M,м.,,,2.26,0.0,0.0,0.0,,,N,2.0,20.0,,НИРСТРОЙ ООД,,,,1.5,,,,,,,,Y,0,,0.0,,,0.0,0.0,Y,Y,Y,N,2173,,0.0,,,,,,,,,,,,0,0.0,0.0,0.0,,N
7736,14,1,2026-03-13 13:25:41.245,1322055963,2026-06-16 13:30:08.978,Други (Крепежи),"Тапа 50/50/1,5-2,5мм.",,00001901,M,M,M,бр.,,,0.61,0.0,0.0,0.0,,,N,2.0,20.0,,НИРСТРОЙ ООД,,,,1.5,,,,,,,,Y,0,,0.0,,,0.0,0.0,Y,Y,Y,N,2174,,0.0,,,,,,,,,,,,0,0.0,0.0,0.0,,N
7736,16,1,2026-03-13 13:37:18.568,1322056771,2026-07-03 15:27:03.515,2. Консумативи,"Подложка за фибър диск, М14, ф125",SADU 030004A,00001902,M,M,M,бр.,,,2.17,0.0,0.0,0.0,,,N,1.0,20.0,,ИТТ БЪЛГАРИЯ ЕООД,,,,1.5,,,,,,,,Y,0,,0.0,,,0.0,0.0,Y,Y,Y,N,2175,,0.0,,,,,,,,,,,,0,0.0,0.0,0.0,,N
7736,18,1,2026-03-13 13:41:13.154,1322057031,2026-07-03 15:27:03.515,2. Консумативи,"Подложка за фибър диск, велкро, М14, ф125",SADU 030015A,00001903,M,M,M,бр.,,,1.98,0.0,0.0,0.0,,,N,1.0,20.0,,ИТТ БЪЛГАРИЯ ЕООД,,,,1.5,,,,,,,,Y,0,,0.0,,,0.0,0.0,Y,Y,Y,N,2176,,0.0,,,,,,,,,,,,0,0.0,0.0,0.0,,N
7736,20,1,2026-03-13 13:43:18.428,1322057176,2026-07-03 15:27:03.515,2. Консумативи,"Ламелена шайба, ипъкнала, ZXR11 HD,ф125, Р80",KARB ZXRHDC 125 80,00001904,M,M,M,бр.,,,1.45,0.0,0.0,0.0,,,N,1.0,20.0,,ИТТ БЪЛГАРИЯ ЕООД,,,,1.5,,,,,,,,Y,0,,0.0,,,0.0,0.0,Y,Y,Y,N,2177,,0.0,,,,,,,,,,,,0,0.0,0.0,0.0,,N
7736,22,1,2026-03-13 13:45:23.197,1322057319,2026-07-03 15:27:03.515,2. Консумативи,"Ламелена шайба SPEC G-AZ, ф125х22,23, Р80",DRON GAZ T125 80,00001905,M,M,M,бр.,,,2.85,0.0,0.0,0.0,,,N,1.0,20.0,,ИТТ БЪЛГАРИЯ ЕООД,,,,1.5,,,,,,,,Y,0,,0.0,,,0.0,0.0,Y,Y,Y,N,2178,,0.0,,,,,,,,,,,,0,0.0,0.0,0.0,,N
7753,0,1,2026-03-12 14:51:02.391,1321961879,2026-07-03 15:27:03.515,2. Консумативи,"Кабелна връзка 3.6х250, черни",BBM,00001895,M,M,M,бр.,,,0.03,0.0,0.0,0.0,,,N,100.0,100.0,,ИВДА-ГЕО ООД,,,,1.5,,,,,,,,Y,0,,0.0,,,0.0,0.0,Y,Y,Y,N,2168,,0.0,,,,,,,,,,,,0,0.0,0.0,0.0,,N
7753,3,1,2026-03-13 14:09:14.384,1322058976,2026-07-03 15:27:03.515,2. Консумативи,Скоба с гума и гайка 1`,8697992420330,00001906,M,M,M,бр.,,,0.39,0.0,0.0,0.0,,,N,5.0,20.0,,ДОВЕРИЕ-БРИКО АД,,,,1.5,,,,,,,,Y,0,,0.0,,,0.0,0.0,Y,Y,Y,N,2179,,0.0,,,,,,,,,,,,0,0.0,0.0,0.0,,N
7753,5,1,2026-03-13 14:10:21.493,1322059054,2026-07-03 15:27:03.515,2. Консумативи,Спиртомер 21см,8006819044152,00001907,M,M,M,бр.,,,4.09,0.0,0.0,0.0,,,N,1.0,20.0,,ДОВЕРИЕ-БРИКО АД,,,,1.5,,,,,,,,Y,0,,0.0,,,0.0,0.0,Y,Y,Y,N,2180,,0.0,,,,,,,,,,,,0,0.0,0.0,0.0,,N
7753,7,1,2026-03-13 14:51:50.994,1322061935,2026-07-03 15:27:03.515,2. Консумативи,"Аерометър 1,000-1,500",4001-2.002,00001908,M,M,M,бр.,,,4.6,0.0,0.0,0.0,,,N,1.0,20.0,,ХИМ-СПЕКТЪР ООД,,,,1.5,,,,,,,,Y,0,,0.0,,,0.0,0.0,Y,Y,Y,N,2181,,0.0,,,,,,,,,,,,0,0.0,0.0,0.0,,N
7753,9,1,2026-03-16 09:18:50.299,1322338810,2026-07-03 15:27:03.515,2. Консумативи,Свредло Bosch 120x400x460,6949509206107,00001909,M,M,M,бр.,,,8.18,0.0,0.0,0.0,,,N,1.0,20.0,,ДОВЕРИЕ-БРИКО АД,,,,1.5,,,,,,,,Y,0,,0.0,,,0.0,0.0,Y,Y,Y,N,2182,,0.0,,,,,,,,,,,,0,0.0,0.0,0.0,,N
7753,11,1,2026-03-23 13:03:58.659,1323054444,2026-06-24 14:04:19.811,Кабели - Мрежови,Кабел 1х3-pin(F)/USB-A - комуникатор,1826,00001930,M,M,M,бр.,,,69.37,0.0,0.0,0.0,,"K12U (for TRB-C, TRBI-C, TRZ, TRC-C)   -  Металхидрид",N,1.0,20.0,,КОМЕКО АД,,,,1.5,,,,,,,,Y,0,,0.0,,,0.0,0.0,Y,Y,Y,N,2203,,0.0,,,,,,,,,,,,0,0.0,0.0,0.0,,N
7753,22,1,2026-03-16 13:31:21.039,1322356345,2026-07-03 15:27:03.515,2. Консумативи,Тефлонова уполътнителна лента 12м.,0985030160,00001910,M,M,M,бр.,,,1.19,0.0,0.0,0.0,,,N,5.0,20.0,,ВЮРТ-БЪЛГАРИЯ ЕООД,,,,1.5,,,,,,,,Y,0,,0.0,,,0.0,0.0,Y,Y,Y,N,2183,,0.0,,,,,,,,,,,,0,0.0,0.0,0.0,,N
7753,24,1,2026-03-16 13:33:01.949,1322356462,2026-06-16 13:36:44.671,М12,Шайба пружинна (Wurt) M12,044112 100,00001911,M,M,M,бр.,,,0.05,0.0,0.0,0.0,,,N,200.0,200.0,,ВЮРТ-БЪЛГАРИЯ ЕООД,,,,1.5,,,,,,,,Y,0,,0.0,,,0.0,0.0,Y,Y,Y,N,2184,,0.0,,,,,,,,,,,,0,0.0,0.0,0.0,,N
7753,26,1,2026-03-16 15:00:22.415,1322362527,2026-06-16 13:30:08.978,Платки - Green Innovation,Платка GI2OUT16,HT46010,00001912,M,M,M,бр.,,,10.04,0.0,0.0,0.0,,,N,3.0,20.0,,ХАРД ТЕХ ООД,,,,1.5,,,,,,,,Y,0,,0.0,,,0.0,0.0,Y,Y,Y,N,2185,,0.0,,,,,,,,,,,,0,0.0,0.0,0.0,,N
7753,28,1,2026-03-16 15:07:12.327,1322363001,2026-06-24 14:02:04.796,Кабели - Мрежови,"Кабел за сигнално охранителни системи 6х0,22мм",042 TKB 152,00001913,M,M,M,м.,,,0.1,0.0,0.0,0.0,,,N,50.0,50.0,,ТАШЕВ ГАЛВИНГ ООД,,,,1.5,,,,,,,,Y,0,,0.0,,,0.0,0.0,Y,Y,Y,N,2186,,0.0,,,,,,,,,,,,0,0.0,0.0,0.0,,N
7753,30,1,2026-03-17 07:48:09.582,1322432513,2026-06-23 10:45:47.937,7. Кабели,"Кабел ШВПЛ-Б/H03VV-F, 3x0.75мм",042 ТКБ 113,00001914,M,M,M,м.,,,0.49,0.0,0.0,0.0,,,N,50.0,50.0,,ТАШЕВ ГАЛВИНГ ООД,,,,1.5,,,,,,,,Y,0,,0.0,,,0.0,0.0,Y,Y,Y,N,2187,,0.0,,,,,,,,,,,,0,0.0,0.0,0.0,,N
7753,32,1,2026-03-17 07:50:27.300,1322432673,2026-06-24 11:05:59.138,7. Кабели,"Кабел ШВПС-В/H05VV-F 3x2,5мм",042 TKB 123,00001915,M,M,M,м.,,,1.69,0.0,0.0,0.0,,,N,50.0,50.0,,ТАШЕВ ГАЛВИНГ ООД,,,,1.5,,,,,,,,Y,0,,0.0,,,0.0,0.0,Y,Y,Y,N,2188,,0.0,,,,,,,,,,,,0,0.0,0.0,0.0,,N
6657,1,1,2026-02-04 09:58:03.959,1320962449,2026-07-07 09:08:45.778,1) Грийн Иновейшън АД,AEM-Z-500kW,,,M,M,M,бр.,,,0.0,0.0,0.0,,,,N,1.0,2.0,,,,,,1.5,,,,,,,,Y,0,,0.0,,,0.0,0.0,Y,Y,Y,N,2036,,0.0,,,,,,,,,,,,0,0.0,0.0,0.0,,N
6657,2,1,2026-02-09 13:21:28.008,1318856445,2026-06-17 15:32:44.487,М5,Гайка шест. 8 vZn М5,00934 8001 5,00001786,M,M,M,бр.,,,0.01,0.0,0.0,0.0,,,N,4.0,20.0,,ИТТ БЪЛГАРИЯ ЕООД,,,,1.5,,,,,,,,Y,0,,0.0,,,0.0,0.0,Y,Y,Y,N,2059,,0.0,,,,,,,,,,,,0,0.0,0.0,0.0,,N
6657,4,1,2026-02-09 13:22:49.773,1318856237,2026-07-03 15:27:03.515,2. Консумативи,"Скоба за тръба RS,PD 108-114mm, 4`",KNR RS 4,00001787,M,M,M,бр.,,,1.0825,0.0,0.0,0.0,,,N,4.0,20.0,,ЛД ООД,,,,1.5,,,,,,,,Y,0,,0.0,,,0.0,0.0,Y,Y,Y,N,2060,,0.0,,,,,,,,,,,,0,0.0,0.0,0.0,,N
6657,6,1,2026-02-09 13:31:01.236,1318856322,2026-07-03 15:27:03.515,2. Консумативи,"Скоба за тръба RS,PD 136-142, 5`",KNR RS 5,00001788,M,M,M,бр.,,,1.76,0.0,0.0,0.0,,,N,4.0,20.0,,ЛД ООД,,,,1.5,,,,,,,,Y,0,,0.0,,,0.0,0.0,Y,Y,Y,N,2061,,0.0,,,,,,,,,,,,0,0.0,0.0,0.0,,N
6657,8,1,2026-02-17 08:13:45.488,1319636207,2026-06-16 13:30:08.978,Шини (Електроника),"Капак изолзационен за шина 40-60х10mm, 1m",SI012510,00001799,M,M,M,м.,,,6.87,0.0,0.0,0.0,,,N,2.0,20.0,,ШРАК ТЕХНИК ЕООД,,,,1.5,,,,,,,,Y,0,,0.0,,,0.0,0.0,Y,Y,Y,N,2072,,0.0,,,,,,,,,,,,0,0.0,0.0,0.0,,N
6657,11,1,2026-02-18 09:24:04.577,1319739173,2026-06-16 13:30:08.978,Платки - Green Innovation,Платка GI4CINC1,HT45879,00001803,M,M,M,бр.,,,0.28,0.0,0.0,0.0,,,N,20.0,20.0,,ХАРД ТЕХ ООД,,,,1.5,,,,,,,,Y,0,,0.0,,,0.0,0.0,Y,Y,Y,N,2076,,0.0,,,,,,,,,,,,0,0.0,0.0,0.0,,N
6657,13,1,2026-02-10 12:30:51.499,1318952144,2026-06-23 10:48:40.048,2.2. Фитинги за заваряване,"Концентричен нам. 304L (33,7х21,3х2) 1“-1/2“",106704,00001789,M,M,M,бр.,,,1.87,0.0,0.0,0.0,,,N,5.0,20.0,,КРИСМЕТАЛ,,,,1.5,,,,,,,,Y,0,,0.0,,,0.0,0.0,Y,Y,Y,N,2062,,0.0,,,,,,,,,,,,0,0.0,0.0,0.0,,N
6657,15,1,2026-02-10 15:20:19.254,1318963912,2026-06-23 12:22:10.543,Холендри на резба,Холендер 304L резба вътрешна PTFE 1“,950785,00001790,M,M,M,бр.,,,10.91,0.0,0.0,0.0,,,N,3.0,20.0,,КРИСМЕТАЛ,,,,1.5,,,,,,,,Y,0,,0.0,,,0.0,0.0,Y,Y,Y,N,2063,,0.0,,,,,,,,,,,,0,0.0,0.0,0.0,,N
6657,17,1,2026-02-11 07:59:21.215,1319033290,2026-06-16 13:36:15.310,Муфи на резба,Муфа 304L резба 150LBS 1 1/4“,101707,00001791,M,M,M,бр.,,,0.0,0.0,0.0,0.0,,,N,3.0,20.0,,КРИСМЕТАЛ,,,,1.5,,,,,,,,Y,0,,0.0,,,0.0,0.0,Y,Y,Y,N,2064,,0.0,,,,,,,,,,,,0,0.0,0.0,0.0,,N
6657,19,1,2026-02-12 12:51:06.923,1319153551,2026-06-23 15:19:44.584,"2.7. PP, Месинг, Хром връзки",Капа PP ф25,,00001793,M,M,M,бр.,,,0.78,0.0,0.0,0.0,,,N,2.0,20.0,,ИВДА-ГЕО ООД,,,,1.5,,,,,,,,Y,0,,0.0,,,0.0,0.0,Y,Y,Y,N,2066,,0.0,,,,,,,,,,,,0,0.0,0.0,0.0,,N
6657,21,1,2026-02-12 12:52:42.898,1319153662,2026-06-23 15:19:44.584,"2.7. PP, Месинг, Хром връзки",Нипел месинг вътрешно редуктивен 1 1/2“х1“,,00001794,M,M,M,бр.,,,1.29,0.0,0.0,0.0,,,N,2.0,20.0,,ИВДА-ГЕО ООД,,,,1.5,,,,,,,,Y,0,,0.0,,,0.0,0.0,Y,Y,Y,N,2067,,0.0,,,,,,,,,,,,0,0.0,0.0,0.0,,N
6657,23,1,2026-02-12 12:53:58.492,1319153750,2026-06-23 15:24:12.616,"2.7. PP, Месинг, Хром връзки",Преход PP резба вътрешна ф32х3/4“,,00001795,M,M,M,бр.,,,4.38,0.0,0.0,0.0,,,N,2.0,20.0,,ИВДА-ГЕО ООД,,,,1.5,,,,,,,,Y,0,,0.0,,,0.0,0.0,Y,Y,Y,N,2068,,0.0,,,,,,,,,,,,0,0.0,0.0,0.0,,N
6657,25,1,2026-02-17 08:26:07.093,1319635148,2026-06-16 13:30:08.978,Клеми,Клемни марк.хор. DY5 “PE“ (50 символа),IK697094,00001800,M,M,M,бр.,,,1.12,0.0,0.0,0.0,,,N,1.0,20.0,,ШРАК ТЕХНИК ЕООД,,,,1.5,,,,,,,,Y,0,,0.0,,,0.0,0.0,Y,Y,Y,N,2073,,0.0,,,,,,,,,,,,0,0.0,0.0,0.0,,N
7634,1,1,2026-03-06 07:45:02.019,1321332296,2026-06-23 10:48:52.172,2.4. Фланци,Фланец плосък 304 Т12 PN16 DN80,102941,00001849,M,M,M,бр.,,,18.84,0.0,0.0,0.0,,,N,1.0,20.0,,КРИСМЕТАЛ,,,,1.5,,,,,,,,Y,0,,0.0,,,0.0,0.0,Y,Y,Y,N,2122,,0.0,,,,,,,,,,,,0,0.0,0.0,0.0,,N
7634,4,1,2026-03-06 07:46:00.918,1321332364,2026-06-23 10:48:52.172,2.4. Фланци,Уплътнение CF3000 PTFE DN80,,00001850,M,M,M,бр.,,,3.63,0.0,0.0,0.0,,,N,1.0,20.0,,КРИСМЕТАЛ,,,,1.5,,,,,,,,Y,0,,0.0,,,0.0,0.0,Y,Y,Y,N,2123,,0.0,,,,,,,,,,,,0,0.0,0.0,0.0,,N
7634,6,1,2026-03-06 08:21:18.038,1321355804,2026-06-23 10:45:32.010,5. Устройства,Помпа HTM 10 с фланци,7481.01.008,00001851,M,M,M,бр.,,,2218.1,0.0,0.0,0.0,,Брикел!,P,1.0,20.0,,GEMMECOTTI SRL,,,,1.5,,,,,,,,Y,0,,0.0,,,0.0,0.0,Y,Y,Y,N,2124,,0.0,,,,,,,,,,,,0,0.0,0.0,0.0,,N
7634,7,1,2026-03-06 13:38:32.884,1321356845,2026-06-16 13:30:08.978,Металхидрид,Бутилки LXF 2L L6X 200bar,A6341Q/MF/MF-EN/N-TPED,00001856,M,M,M,бр.,,,141.5,0.0,0.0,0.0,,,N,1.0,20.0,,REV GAZIPARI KFT.,,,,1.5,,,,,,,,Y,0,,0.0,,,0.0,0.0,Y,Y,Y,N,2129,,0.0,,,,,,,,,,,,0,0.0,0.0,0.0,,N
7634,9,1,2026-03-06 10:53:46.275,1331739485,2026-06-18 10:01:33.300,WAGO,750-1405 (Вход цифров 16 канален 24VDC),60404010,00001852,M,M,M,бр.,,,77.86,0.0,0.0,0.0,,,N,1.0,20.0,,ВАГО БЪЛГАРИЯ ООД,,,,1.5,,,,,,,,Y,0,,0.0,,,0.0,0.0,Y,Y,Y,N,2125,,0.0,,,,,,,,,,,,0,0.0,0.0,0.0,,N
7634,11,1,2026-03-06 10:54:46.790,1321345558,2026-07-07 09:22:30.592,3. Инструменти,Нож 2.5х0.4мм,210-719,00001853,M,M,M,бр.,,,6.98,0.0,0.0,0.0,,,N,1.0,20.0,,ВАГО БЪЛГАРИЯ ООД,,,,1.5,,,,,,,,Y,0,,0.0,,,0.0,0.0,Y,Y,Y,N,2126,,0.0,,,,,,,,,,,,0,0.0,0.0,0.0,,N
7634,13,1,2026-03-06 13:17:47.047,1321355404,2026-07-03 15:27:03.515,2. Консумативи,Комплект за височинна работа Yato,EURO YT 74235,00001854,M,M,M,бр.,,,26.43,0.0,0.0,0.0,,,N,1.0,20.0,,ИТТ БЪЛГАРИЯ ЕООД,,,,1.5,,,,,,,,Y,0,,0.0,,,0.0,0.0,Y,Y,Y,N,2127,,0.0,,,,,,,,,,,,0,0.0,0.0,0.0,,N
7634,16,1,2026-03-06 13:21:46.745,1321355680,2026-07-03 15:27:23.723,3. Инструменти,"Манометър ф100, 0/10bar. G1/2",W 9050213,00001855,M,M,M,бр.,,,73.61,0.0,0.0,0.0,,,N,1.0,20.0,,ЛД ООД,,,,1.5,,,,,,,,Y,0,,0.0,,,0.0,0.0,Y,Y,Y,N,2128,,0.0,,,,,,,,,,,,0,0.0,0.0,0.0,,N
7634,20,1,2026-03-06 13:46:53.547,1321357424,2026-06-23 16:00:12.170,Винтове,Винт самопробивен ф16/6х38/INDEX,7504-K,00001857,M,M,M,бр.,,,0.09,0.0,0.0,0.0,,,N,1.0,20.0,,МОНТАЖИ-64 ООД,,,,1.5,,,,,,,,Y,0,,0.0,,,0.0,0.0,Y,Y,Y,N,2130,,0.0,,,,,,,,,,,,0,0.0,0.0,0.0,,N
7634,22,1,2026-03-06 13:50:08.823,1321357650,2026-07-03 15:27:23.723,3. Инструменти,Нож макетен сгъваем алуминиев,370130,00001858,M,M,M,бр.,,,6.81,0.0,0.0,0.0,,,N,1.0,20.0,,МОНТАЖИ-64 ООД,,,,1.5,,,,,,,,Y,0,,0.0,,,0.0,0.0,Y,Y,Y,N,2131,,0.0,,,,,,,,,,,,0,0.0,0.0,0.0,,N
7634,24,1,2026-03-06 15:07:00.694,1322559826,2026-06-17 14:08:41.851,Сензори,Дебитомер DN25-R1-M-24V-PTFE,EFM-115,00001859,M,M,M,бр.,,,1357.5,0.0,0.0,0.0,,,P,1.0,20.0,,DINEL S.R.O.,,,,1.5,,,,,,,,Y,0,,0.0,,,0.0,0.0,Y,Y,Y,N,2132,,0.0,,,,,,,,,,,,0,0.0,0.0,0.0,,N
7634,26,1,2026-03-09 08:50:01.929,1322656641,2026-06-23 10:47:02.224,1.1.1. Части (Електролизьор),Пластини с дупка за уплътнения,,00001860,M,M,M,бр.,,,0.325,0.0,0.0,0.0,,,N,200.0,200.0,,ПАТЛИДЖАНСКИ ООД,,,,1.5,,,,,,,,Y,0,,0.0,,,0.0,0.0,Y,Y,Y,N,2133,,0.0,,,,,,,,,,,,0,0.0,0.0,0.0,,N
7828,0,1,2026-03-17 07:52:25.385,1322432808,2026-07-03 15:27:03.515,2. Консумативи,"Тръба електроизолационна, гофре 16мм.",121 ELM 210,00001916,M,M,M,м.,,,0.78,0.0,0.0,0.0,,,N,10.0,50.0,,ТАШЕВ ГАЛВИНГ ООД,,,,1.5,,,,,,,,Y,0,,0.0,,,0.0,0.0,Y,Y,Y,N,2189,,0.0,,,,,,,,,,,,0,0.0,0.0,0.0,,N
7828,2,1,2026-03-18 09:48:58.125,1322540911,2026-06-24 14:02:04.796,Кабели - Мрежови,"Кабел пач RJ45 екр. Cat.6 сив 2,0м",H6GLG02K0G,00001917,M,M,M,бр.,,,1.5,0.0,0.0,0.0,,,N,5.0,20.0,,ШРАК ТЕХНИК ЕООД,,,,1.5,,,,,,,,Y,0,,0.0,,,0.0,0.0,Y,Y,Y,N,2190,,0.0,,,,,,,,,,,,0,0.0,0.0,0.0,,N
7828,4,1,2026-03-18 09:57:28.749,1322541492,2026-06-16 13:30:08.978,"Кабелни накрайници, обувки","Кабелен накрайник 8mm,1.0mm",BGH270804,00001918,M,M,M,бр.,,,0.01,0.0,0.0,0.0,,,N,50.0,50.0,,ШРАК ТЕХНИК ЕООД,,,,1.5,,,,,,,,Y,0,,0.0,,,0.0,0.0,Y,Y,Y,N,2191,,0.0,,,,,,,,,,,,0,0.0,0.0,0.0,,N
7828,6,1,2026-03-18 09:59:43.236,1322541661,2026-07-03 15:27:03.515,2. Консумативи,Изолирбанд черен 19мм х 25м.,BGH263902,00001919,M,M,M,бр.,,,1.14,0.0,0.0,0.0,,,N,2.0,50.0,,ШРАК ТЕХНИК ЕООД,,,,1.5,,,,,,,,Y,0,,0.0,,,0.0,0.0,Y,Y,Y,N,2192,,0.0,,,,,,,,,,,,0,0.0,0.0,0.0,,N
7828,8,1,2026-03-18 10:03:55.044,1322541940,2026-07-03 15:27:03.515,2. Консумативи,"Кабелни ножици 160мм, 16мм.",BGH201085,00001920,M,M,M,бр.,,,15.59,0.0,0.0,0.0,,,N,1.0,20.0,,ШРАК ТЕХНИК ЕООД,,,,1.5,,,,,,,,Y,0,,0.0,,,0.0,0.0,Y,Y,Y,N,2193,,0.0,,,,,,,,,,,,0,0.0,0.0,0.0,,N
7828,10,1,2026-03-18 12:56:41.818,1322553948,2026-07-03 15:27:03.515,2. Консумативи,Маркуч армиран ID8,V982046M00080,00001921,M,M,M,м.,,,1.0,0.0,0.0,0.0,,,N,7.0,20.0,,РЕДКО,,,,1.5,,,,,,,,Y,0,,0.0,,,0.0,0.0,Y,Y,Y,N,2194,,0.0,,,,,,,,,,,,0,0.0,0.0,0.0,,N
7828,12,1,2026-03-18 13:05:58.231,1322554589,2026-06-23 10:47:07.239,1.1.2. Крепежи (Електролизьор),Ринг гайка DIN582 C15 vZn M27,00582 0001 27,00001922,M,M,M,бр.,,,8.79,0.0,0.0,0.0,,,N,6.0,20.0,,ИТТ,,,,1.5,,,,,,,,Y,0,,0.0,,,0.0,0.0,Y,Y,Y,N,2195,,0.0,,,,,,,,,,,,0,0.0,0.0,0.0,,N
7828,15,1,2026-03-19 10:22:36.207,1322643588,2026-07-03 15:27:03.515,2. Консумативи,Пилотвентил 8/14 Watt - ремонтен к-кт,OD KT130KV30-A,00001923,M,M,M,бр.,,,17.95,0.0,0.0,0.0,,,N,2.0,20.0,,ЛД ООД,,,,1.5,,,,,,,,Y,0,,0.0,,,0.0,0.0,Y,Y,Y,N,2196,,0.0,,,,,,,,,,,,0,0.0,0.0,0.0,,N
7828,17,1,2026-03-19 12:51:27.152,1322653605,2026-07-03 15:27:03.515,2. Консумативи,Спрей-детектор за течове на газ Pulsar 400ml,101610,00001924,M,M,M,бр.,,,5.12,0.0,0.0,0.0,,,N,1.0,20.0,,ЕЛЕНА - ИНВЕСТ ООД,,,,1.5,,,,,,,,Y,0,,0.0,,,0.0,0.0,Y,Y,Y,N,2197,,0.0,,,,,,,,,,,,0,0.0,0.0,0.0,0.0,N
7828,23,1,2026-03-19 13:31:55.383,1322656913,2026-07-03 15:27:03.515,2. Консумативи,Табели за машини,,00001925,M,M,M,бр.,,,2.65,0.0,0.0,0.0,,,N,5.0,20.0,,ПАТЛИДЖАНСКИ ООД,,,,1.5,,,,,,,,Y,0,,0.0,,,0.0,0.0,Y,Y,Y,N,2198,,0.0,,,,,,,,,,,,0,0.0,0.0,0.0,,N
7828,26,1,2026-03-19 13:33:47.147,1322656514,2026-07-03 15:27:03.515,2. Консумативи,Огъване медни шини,,00001926,M,M,M,бр.,,,10.0,0.0,0.0,0.0,,,N,0.0,20.0,,ПАТЛИДЖАНСКИ ООД,,,,1.5,,,,,,,,Y,0,,0.0,,,0.0,0.0,Y,Y,Y,N,2199,,0.0,,,,,,,,,,,,0,0.0,0.0,0.0,,N
7828,28,1,2026-03-19 14:36:18.955,1322660857,2026-07-03 15:27:03.515,2. Консумативи,Disk check Valve DN-25 (Клапан),241506,00001927,M,M,M,бр.,,,8.88,0.0,0.0,0.0,,,N,0.0,20.0,,GENEBRE,,,,1.5,,,,,,,,Y,0,,0.0,,,0.0,0.0,Y,Y,Y,N,2200,,0.0,,,,,,,,,,,,0,0.0,0.0,0.0,,N
7636,1,1,2026-03-09 08:51:25.918,1321638732,2026-06-23 10:47:02.224,1.1.1. Части (Електролизьор),Уплътнение (S.G.M. PTFE) с пластини 1060x900x5мм,,00001861,M,M,M,бр.,,,80.02,0.0,0.0,0.0,,,N,200.0,200.0,,,,,,1.5,,,,,,,,Y,0,,0.0,,,0.0,0.0,Y,Y,Y,N,2134,,0.0,,,,,,,,,,,,0,0.0,0.0,0.0,,N
7636,3,1,2026-03-10 08:23:30.489,1321734967,2026-07-03 15:27:23.723,3. Инструменти,Стойка за два прожектора,235483,00001862,M,M,M,бр.,,,12.35,0.0,0.0,0.0,,,N,1.0,20.0,,ПРАКТИКЕР РИТЕЙЛ ЕООД,,,,1.5,,,,,,,,Y,0,,0.0,,,0.0,0.0,Y,Y,Y,N,2135,,0.0,,,,,,,,,,,,0,0.0,0.0,0.0,,N
7636,6,1,2026-03-10 08:28:47.565,1321735344,2026-07-03 15:27:23.723,3. Инструменти,Щепсел промишлен монофазен мобилен,EMR1870,00001863,M,M,M,бр.,,,3.84,0.0,0.0,0.0,,"32A, 230V, 2P+E, син",N,1.0,20.0,,ТАШЕВ ГАЛВИНГ ООД,,,,1.5,,,,,,,,Y,0,,0.0,,,0.0,0.0,Y,Y,Y,N,2136,,0.0,,,,,,,,,,,,0,0.0,0.0,0.0,,N
7636,9,1,2026-03-10 08:31:03.997,1321735492,2026-07-03 15:27:23.723,3. Инструменти,Електрически промишлен контакт монофазен,EMR1863,00001864,M,M,M,бр.,,,3.79,0.0,0.0,0.0,,"2P+E, 32A, 44 IP, син",N,1.0,20.0,,ТАШЕВ ГАЛВИНГ ООД,,,,1.5,,,,,,,,Y,0,,0.0,,,0.0,0.0,Y,Y,Y,N,2137,,0.0,,,,,,,,,,,,0,0.0,0.0,0.0,,N
7636,10,1,2026-03-10 08:32:24.516,1321735585,2026-07-03 15:27:23.723,3. Инструменти,"Платнище полиетиленово, 5х8м.",PRV 822,00001865,M,M,M,бр.,,,17.87,0.0,0.0,0.0,,,N,1.0,20.0,,ТАШЕВ ГАЛВИНГ ООД,,,,1.5,,,,,,,,Y,0,,0.0,,,0.0,0.0,Y,Y,Y,N,2138,,0.0,,,,,,,,,,,,0,0.0,0.0,0.0,,N
7636,12,1,2026-03-10 09:41:31.931,1321740385,2026-06-23 10:45:19.417,3. Метални Елементи,Прът 304 120мм,041100-120,00001866,M,M,M,мм.,,,0.8,0.0,0.0,0.0,,,N,1.0,20.0,,ИНТЕРМЕТАЛ ООД,,,,1.5,,,,,,,,Y,0,,0.0,,,0.0,0.0,Y,Y,Y,N,2139,,0.0,,,,,,,,,,,,0,0.0,0.0,0.0,,N
7636,14,1,2026-03-10 09:46:23.052,1321740722,2026-07-03 15:27:23.723,3. Инструменти,Фрезер спираловиден 3х12х60,19183011,00001867,M,M,M,бр.,,,19.81,0.0,0.0,0.0,,,N,1.0,20.0,,ТЕКА ООД,,,,1.5,,,,,,,,Y,0,,0.0,,,0.0,0.0,Y,Y,Y,N,2140,,0.0,,,,,,,,,,,,0,0.0,0.0,0.0,,N
7636,16,1,2026-03-10 09:47:08.487,1321740774,2026-07-03 15:27:23.723,3. Инструменти,Фрезер спираловиден 4х15х60,19184011,00001868,M,M,M,бр.,,,19.81,0.0,0.0,0.0,,,N,1.0,20.0,,ТЕКА ООД,,,,1.5,,,,,,,,Y,0,,0.0,,,0.0,0.0,Y,Y,Y,N,2141,,0.0,,,,,,,,,,,,0,0.0,0.0,0.0,,N
7636,18,1,2026-03-10 12:43:21.005,1321753012,2026-06-17 14:08:41.851,Кабелни Канали,"Покачващ ъгъл за каб. скара, 60х152мм",RSD 60.150,00001869,M,M,M,бр.,,,20.93,0.0,0.0,0.0,,,N,1.0,20.0,,НИДАКС БЪЛГАРИЯ  ЕООД,,,,1.5,,,,,,,,Y,0,,0.0,,,0.0,0.0,Y,Y,Y,N,2142,,0.0,,,,,,,,,,,,0,0.0,0.0,0.0,,N
7636,20,1,2026-03-10 12:45:01.555,1321753127,2026-06-17 14:08:41.851,Кабелни Канали,"Капак за пон. и пок. ъгъл 60мм, В=156мм",RFSDDV 60.150,00001870,M,M,M,бр.,,,6.32,0.0,0.0,0.0,,,N,1.0,20.0,,НИДАКС БЪЛГАРИЯ  ЕООД,,,,1.5,,,,,,,,Y,0,,0.0,,,0.0,0.0,Y,Y,Y,N,2143,,0.0,,,,,,,,,,,,0,0.0,0.0,0.0,,N
7636,22,1,2026-03-10 12:55:48.766,1321753885,2026-07-03 15:27:23.723,3. Инструменти,Колан за укрепване на товари 10 метра,421910,00001871,M,M,M,бр.,,,7.23,0.0,0.0,0.0,,,N,1.0,20.0,,СФК-ТРАК ООД,,,,1.5,,,,,,,,Y,0,,0.0,,,0.0,0.0,Y,Y,Y,N,2144,,0.0,,,,,,,,,,,,0,0.0,0.0,0.0,,N
7636,24,1,2026-03-10 13:50:12.105,1321757654,2026-06-23 10:45:47.937,7. Кабели,"Кабел Flexi-e 0,25 black",,00001872,M,M,M,м.,,,0.56,0.0,0.0,0.0,,,N,1.0,20.0,,КОМЕТ ЕЛЕКТРОНИКС ООД,,,,1.5,,,,,,,,Y,0,,0.0,,,0.0,0.0,Y,Y,Y,N,2145,,0.0,,,,,,,,,,,,0,0.0,0.0,0.0,,N
7854,1,1,2026-03-20 09:00:50.443,1322737561,2026-07-10 07:44:41.368,1.2.2 Съдове (Очиска),Топлообменник Hexonic H2 K FF.PRO.SS,01100003,00001928,M,M,M,бр.,,,780.0,0.0,0.0,0.0,,,N,2.0,20.0,,АПОГЕЙ 99 ООД,,,,1.5,,,,,,,,Y,0,,0.0,,,0.0,0.0,Y,Y,Y,N,2201,,0.0,,,,,,,,,,,,0,0.0,0.0,0.0,,N
7854,4,1,2026-03-20 12:08:19.520,1322750580,2026-07-03 15:27:03.515,2. Консумативи,Помпа за течности / ADBLUE 220V,,00001929,M,M,M,бр.,,,242.87,0.0,0.0,0.0,,Помпа за употреба в цеха.,N,0.0,20.0,,АКСО МАНИЯ ЕООД,,,,1.5,,,,,,,,Y,0,,0.0,,,0.0,0.0,Y,Y,Y,N,2202,,0.0,,,,,,,,,,,,0,0.0,0.0,0.0,,N
7854,7,1,2026-03-23 13:06:48.633,1323054898,2026-06-16 13:30:08.978,Други (Електроника),Изолиран преобразовател на проводимост за шина,PHC20-C.X.BG.X.F,00001931,M,M,M,бр.,,,156.47,0.0,0.0,0.0,,,N,1.0,20.0,,КОМЕКО АД,,,,1.5,,,,,,,,Y,0,,0.0,,,0.0,0.0,Y,Y,Y,N,2204,,0.0,,,,,,,,,,,,0,0.0,0.0,0.0,,N
7854,10,1,2026-03-23 13:10:17.306,1323054882,2026-06-16 13:30:08.978,Сензори,Контактна сонда за проводимост,CSK1-X.0.Q4.M1,00001932,M,M,M,бр.,,,143.09,0.0,0.0,0.0,,"0-100uS/cm, n=70mm, m=0mm, G 1/2“",N,1.0,20.0,,КОМЕКО АД,,,,1.5,,,,,,,,Y,0,,0.0,,,0.0,0.0,Y,Y,Y,N,2205,,0.0,,,,,,,,,,,,0,0.0,0.0,0.0,,N
7854,11,1,2026-03-24 09:53:49.371,1323142757,2026-06-23 11:04:59.216,Тапи на резба,Тапа 304L резба 3/4“,0290 05,00001933,M,M,M,бр.,,,4.49,0.0,0.0,0.0,,,N,1.0,20.0,,GENEBRE,,,,1.5,,,,,,,,Y,0,,0.0,,,0.0,0.0,Y,Y,Y,N,2206,,0.0,,,,,,,,,,,,0,0.0,0.0,0.0,,N
7854,14,1,2026-03-24 09:58:53.598,1323142757,2026-06-24 15:15:52.957,Газ анализ - Фитинги,Връзка (BSPT) 1/2`x10мм.,8405D 04 010,00001934,M,M,M,бр.,,,13.61,0.0,0.0,0.0,,,N,1.0,10.0,,GENEBRE,,,,1.5,,,,,,,,Y,0,,0.0,,,0.0,0.0,Y,Y,Y,N,2207,,0.0,,,,,,,,,,,,0,0.0,0.0,0.0,,N
7854,16,1,2026-03-24 12:48:26.027,1323153417,2026-07-03 15:27:03.515,2. Консумативи,Кислородна бутилка 3л. к-кт,030712,00001935,M,M,M,бр.,,,154.17,0.0,0.0,0.0,,За Металхидрид,N,1.0,10.0,,МЕДИЛИНК 2001 ЕООД,,,,1.5,,,,,,,,Y,0,,0.0,,,0.0,0.0,Y,Y,Y,N,2208,,0.0,,,,,,,,,,,,0,0.0,0.0,0.0,,N
7854,17,1,2026-03-24 13:30:49.647,1323156309,2026-07-03 15:27:23.723,3. Инструменти,Такер усилен 4в1 TMP STARK,,00001937,M,M,M,бр.,,,16.23,0.0,0.0,0.0,,,N,1.0,10.0,,ИВДА-ГЕО ООД,,,,1.5,,,,,,,,Y,0,,0.0,,,0.0,0.0,Y,Y,Y,N,2210,,0.0,,,,,,,,,,,,0,0.0,0.0,0.0,,N
7854,21,1,2026-03-24 12:55:00.101,1331740290,2026-06-18 09:40:10.956,WAGO,750-602 (Захранване 24 VDC),51180879,00001936,M,M,M,бр.,,,13.95,0.0,0.0,0.0,,RITTBUL (12001),N,0.0,0.0,,ВАГО БЪЛГАРИЯ ООД,,,,1.5,,,,,,,,Y,0,,0.0,,,0.0,0.0,Y,Y,Y,N,2209,,0.0,,,,,,,,,,,,0,0.0,0.0,0.0,,N
7854,24,1,2026-03-25 13:59:09.594,1323258292,2026-07-03 15:27:03.515,2. Консумативи,"Електрод Wo ф2,4 червен",N9900L0224170,00001720,M,M,M,бр.,,,3.33,0.0,0.0,0.0,,,N,5.0,10.0,,РЕДКО,,,,1.5,,,,,,,,Y,0,,0.0,,,0.0,0.0,Y,Y,Y,N,2211,,0.0,,,,,,,,,,,,0,0.0,0.0,0.0,,N
7854,26,1,2026-03-25 14:01:27.186,1323258435,2026-07-03 15:27:03.515,2. Консумативи,Диск ламелен ф 125х22 T29/Z40,P191254033200,00001754,M,M,M,бр.,,,1.41,0.0,0.0,0.0,,,N,5.0,10.0,,РЕДКО,,,,1.5,,,,,,,,Y,0,,0.0,,,0.0,0.0,Y,Y,Y,N,2212,,0.0,,,,,,,,,,,,0,0.0,0.0,0.0,,N
7854,28,1,2026-03-26 15:45:50.889,1323365686,2026-06-16 13:37:14.711,М8,Анкер с втулка М8,,00001940,M,M,M,бр.,,,0.27,0.0,0.0,0.0,,,N,0.0,0.0,,ИВДА-ГЕО ООД,,,,1.5,,,,,,,,Y,0,,0.0,,,0.0,0.0,Y,Y,Y,N,2215,,0.0,,,,,,,,,,,,0,0.0,0.0,0.0,,N
7898,1,1,2026-03-25 14:02:28.683,1323258551,2026-07-03 15:27:03.515,2. Консумативи,Диск ламелен ф 125х22 T29/Z60,P191256033200,00001938,M,M,M,бр.,,,1.41,0.0,0.0,0.0,,,N,5.0,10.0,,РЕДКО,,,,1.5,,,,,,,,Y,0,,0.0,,,0.0,0.0,Y,Y,Y,N,2213,,0.0,,,,,,,,,,,,0,0.0,0.0,0.0,0.0,N
7898,2,1,2026-03-27 15:37:07.602,1323465155,2026-07-03 15:27:23.723,3. Инструменти,Пистолер за горещ въздух TOTAL IND 2000W 600°,TL IND TB20056,00001944,M,M,M,бр.,,,25.23,0.0,0.0,0.0,,,N,0.0,0.0,,ИТТ БЪЛГАРИЯ ЕООД,,,,1.5,,,,,,,,Y,0,,0.0,,,0.0,0.0,Y,Y,Y,N,2219,,0.0,,,,,,,,,,,,0,0.0,0.0,0.0,,N
7898,4,1,2026-03-25 15:06:33.817,1323262957,2026-06-17 14:08:41.851,Други (Електроника),"Трансмитер за температура (H 4-20mA, 2-wire)",MS9014_D.28.R3.R0.,00001939,M,M,M,бр.,,,46.02,0.0,0.0,0.0,,,N,2.0,10.0,,МИКРОСИСТ ЕООД,,,,1.5,,,,,,,,Y,0,,0.0,,,0.0,0.0,Y,Y,Y,N,2214,,0.0,,,,,,,,,,,,0,0.0,0.0,0.0,,N
7898,6,1,2026-03-26 15:52:08.837,1323366122,2026-07-03 15:27:23.723,3. Инструменти,"Линеен лазерен нивелир 3D 12V, 30м, 50м, 0.3mm/m",033 DWT 991,00001941,M,M,M,бр.,,,371.33,0.0,0.0,0.0,,"DCE089D1R
с 1 батерия и зарядно",N,0.0,0.0,,ТАШЕВ ГАЛВИНГ ООД,,,,1.5,,,,,,,,Y,0,,0.0,,,0.0,0.0,Y,Y,Y,N,2216,,0.0,,,,,,,,,,,,0,0.0,0.0,0.0,,N
7898,8,1,2026-03-27 15:43:46.279,1323465542,2026-07-03 15:27:23.723,3. Инструменти,Отвертки к-т трикомпонентни дръжки 3бр. (65),12165,00001945,M,M,M,бр.,,,8.22,0.0,0.0,0.0,,,N,0.0,0.0,,МОНТАЖИ-64 ООД,,,,1.5,,,,,,,,Y,0,,0.0,,,0.0,0.0,Y,Y,Y,N,2220,,0.0,,,,,,,,,,,,0,0.0,0.0,0.0,,N
7898,10,1,2026-03-26 15:55:31.610,1323366358,2026-07-03 15:27:03.515,2. Консумативи,Подбрадник за каска,65070000,00001942,M,M,M,бр.,,,0.56,0.0,0.0,0.0,,,N,0.0,0.0,,БУЛТЕКС 99 ЕООД,,,,1.5,,,,,,,,Y,0,,0.0,,,0.0,0.0,Y,Y,Y,N,2217,,0.0,,,,,,,,,,,,0,0.0,0.0,0.0,,N
7898,12,1,2026-03-27 08:20:00.858,1323434724,2026-06-23 10:48:40.048,2.2. Фитинги за заваряване,"Капа 316L (88,9х2) 3“",102661,00001943,M,M,M,бр.,,,5.61,0.0,0.0,0.0,,,N,0.0,0.0,,КРИСМЕТАЛ,,,,1.5,,,,,,,,Y,0,,0.0,,,0.0,0.0,Y,Y,Y,N,2218,,0.0,,,,,,,,,,,,0,0.0,0.0,0.0,,N
7898,14,1,2026-03-27 15:44:24.075,1323465585,2026-07-03 15:27:23.723,3. Инструменти,Отвертки к-т трикомпонентни дръжки 3бр. (66),12166,00001946,M,M,M,бр.,,,8.39,0.0,0.0,0.0,,,N,0.0,0.0,,МОНТАЖИ-64 ООД,,,,1.5,,,,,,,,Y,0,,0.0,,,0.0,0.0,Y,Y,Y,N,2221,,0.0,,,,,,,,,,,,0,0.0,0.0,0.0,,N
7898,16,1,2026-03-27 15:46:09.304,1323465707,2026-07-03 15:27:23.723,3. Инструменти,Прав ъгъл алуминиев GB 400мм,280904,00001947,M,M,M,бр.,,,4.9,0.0,0.0,0.0,,,N,0.0,0.0,,МОНТАЖИ-64 ООД,,,,1.5,,,,,,,,Y,0,,0.0,,,0.0,0.0,Y,Y,Y,N,2222,,0.0,,,,,,,,,,,,0,0.0,0.0,0.0,,N
7898,18,1,2026-03-27 15:48:28.492,1323465868,2026-07-03 15:27:03.515,2. Консумативи,Ръкавици топени в ПУ (CARD BS BUNTING BLACK EVO),M64,00001948,M,M,M,бр.,,,0.55,0.0,0.0,0.0,,,N,0.0,0.0,,МОНТАЖИ-64 ООД,,,,1.5,,,,,,,,Y,0,,0.0,,,0.0,0.0,Y,Y,Y,N,2223,,0.0,,,,,,,,,,,,0,0.0,0.0,0.0,,N
7898,20,1,2026-03-27 15:49:54.926,1323465973,2026-07-03 15:27:23.723,3. Инструменти,Алуминиев нивелир AV 50см 2 (Sola),,00001949,M,M,M,бр.,,,21.0,0.0,0.0,0.0,,,N,0.0,0.0,,МОНТАЖИ-64 ООД,,,,1.5,,,,,,,,Y,0,,0.0,,,0.0,0.0,Y,Y,Y,N,2224,,0.0,,,,,,,,,,,,0,0.0,0.0,0.0,,N
7898,22,1,2026-03-27 15:51:17.014,1323466063,2026-07-03 15:27:23.723,3. Инструменти,Вложка удължена TMP CR-V 1/2x19мм,330136,00001950,M,M,M,бр.,,,1.96,0.0,0.0,0.0,,,N,0.0,0.0,,МОНТАЖИ-64 ООД,,,,1.5,,,,,,,,Y,0,,0.0,,,0.0,0.0,Y,Y,Y,N,2225,,0.0,,,,,,,,,,,,0,0.0,0.0,0.0,,N
6925,1,1,2026-02-17 08:27:21.048,1319635235,2026-06-16 13:30:08.978,Клеми,Клемни марк.хор. DY5 201-250 (50 символа),IK697044,00001801,M,M,M,бр.,,,1.12,0.0,0.0,0.0,,,N,1.0,20.0,,ШРАК ТЕХНИК ЕООД,,,,1.5,,,,,,,,Y,0,,0.0,,,0.0,0.0,Y,Y,Y,N,2074,,0.0,,,,,,,,,,,,0,0.0,0.0,0.0,,N
6925,3,1,2026-02-18 09:34:15.611,1319739881,2026-06-16 13:30:08.978,Производствен цех - инструменти,Нитачка BRALO,BM45/2.5-5.0/,00001804,M,M,M,бр.,,,12.85,0.0,0.0,0.0,,,N,20.0,20.0,,ИВДА-ГЕО ООД,,,,1.5,,,,,,,,Y,0,,0.0,,,0.0,0.0,Y,Y,Y,N,2077,,0.0,,,,,,,,,,,,0,0.0,0.0,0.0,,N
6925,5,1,2026-03-02 15:26:14.647,1320964377,2026-06-23 15:40:37.902,3. Метални Елементи,Шина 100х10,,00001836,M,M,M,м.,,,12.25,0.0,0.0,0.0,,За укрепване на стака на Полша,N,2.0,20.0,,НИРСТРОЙ ООД,,,,1.5,,,,,,,,Y,0,,0.0,,,0.0,0.0,Y,Y,Y,N,2109,,0.0,,,,,,,,,,,,0,0.0,0.0,0.0,,N
6925,6,1,2026-02-18 09:35:40.621,1319739979,2026-07-03 15:27:03.515,2. Консумативи,Попнитове 4х10,,00001805,M,M,M,бр.,,,0.03,0.0,0.0,0.0,,,N,20.0,20.0,,ИВДА-ГЕО ООД,,,,1.5,,,,,,,,Y,0,,0.0,,,0.0,0.0,Y,Y,Y,N,2078,,0.0,,,,,,,,,,,,0,0.0,0.0,0.0,,N
6925,9,1,2026-02-18 09:36:32.852,1319740875,2026-07-03 15:27:03.515,2. Консумативи,"Попнитове 4,8х10",,00001806,M,M,M,бр.,,,0.04,0.0,0.0,0.0,,,N,20.0,20.0,,ИВДА-ГЕО ООД,,,,1.5,,,,,,,,Y,0,,0.0,,,0.0,0.0,Y,Y,Y,N,2079,,0.0,,,,,,,,,,,,0,0.0,0.0,0.0,,N
6925,11,1,2026-02-18 09:37:51.596,1319740131,2026-07-03 15:27:03.515,2. Консумативи,Попнитове 3х10,,00001807,M,M,M,бр.,,,0.03,0.0,0.0,0.0,,,N,20.0,20.0,,ИВДА-ГЕО ООД,,,,1.5,,,,,,,,Y,0,,0.0,,,0.0,0.0,Y,Y,Y,N,2080,,0.0,,,,,,,,,,,,0,0.0,0.0,0.0,,N
6925,13,1,2026-02-18 09:40:35.757,1319740321,2026-07-03 15:27:03.515,2. Консумативи,Скоби за водни съединения,20-32,00001808,M,M,M,бр.,,,0.21,0.0,0.0,0.0,,,N,20.0,20.0,,ИВДА-ГЕО ООД,,,,1.5,,,,,,,,Y,0,,0.0,,,0.0,0.0,Y,Y,Y,N,2081,,0.0,,,,,,,,,,,,0,0.0,0.0,0.0,,N
6925,15,1,2026-02-18 09:45:33.888,1332263851,2026-06-23 15:19:44.584,"2.7. PP, Месинг, Хром връзки",Нипел месинг вътрешно редуктивен 1“х3/4“,,00001809,M,M,M,бр.,,,1.43,0.0,0.0,0.0,,,N,3.0,20.0,,ИВДА-ГЕО ООД,,,,1.5,,,,,,,,Y,0,,0.0,,,0.0,0.0,Y,Y,Y,N,2082,,0.0,,,,,,,,,,,,0,0.0,0.0,0.0,,N
6925,17,1,2026-02-20 14:11:59.061,1319959166,2026-06-23 13:27:42.191,2.5.4. Вентили,"Пружина TOSACA 10,1-22,0 bar 1/2“",442894,00001814,M,M,M,бр.,,,36.23,0.0,0.0,0.0,,,N,2.0,20.0,,КРИСМЕТАЛ,,,,1.5,,,,,,,,Y,0,,0.0,,,0.0,0.0,Y,Y,Y,N,2087,,0.0,,,,,,,,,,,,0,0.0,0.0,0.0,,N
6925,19,1,2026-02-23 08:08:27.669,1320233922,2026-06-16 13:30:08.978,М6,Болт с шест.гл. А2 М6х16,00933 9200 6 16,00001815,M,M,M,бр.,,,0.05,0.0,0.0,0.0,,,N,100.0,100.0,,ИТТ БЪЛГАРИЯ ЕООД,,,,1.5,,,,,,,,Y,0,,0.0,,,0.0,0.0,Y,Y,Y,N,2088,,0.0,,,,,,,,,,,,0,0.0,0.0,0.0,,N
6925,21,1,2026-02-23 08:10:00.556,1320234030,2026-06-16 13:30:08.978,М6,"Шайба подложна, А2, М6",00125 9210 6,00001816,M,M,M,бр.,,,0.02,0.0,0.0,0.0,,,N,100.0,100.0,,ИТТ БЪЛГАРИЯ ЕООД,,,,1.5,,,,,,,,Y,0,,0.0,,,0.0,0.0,Y,Y,Y,N,2089,,0.0,,,,,,,,,,,,0,0.0,0.0,0.0,,N
6925,23,1,2026-02-23 08:10:42.084,1320234078,2026-06-16 13:30:08.978,М6,Шайба пружинна А2 М6,00127 9220 6,00001817,M,M,M,бр.,,,0.01,0.0,0.0,0.0,,,N,100.0,100.0,,ИТТ БЪЛГАРИЯ ЕООД,,,,1.5,,,,,,,,Y,0,,0.0,,,0.0,0.0,Y,Y,Y,N,2090,,0.0,,,,,,,,,,,,0,0.0,0.0,0.0,,N
6925,25,1,2026-02-23 09:29:23.571,1320240116,2026-06-24 10:41:29.169,Жиланови,Компютър HP,,00001818,M,M,M,бр.,,,90.0,0.0,0.0,0.0,,"Компютри за машини.
Върви с кръгло захранване + кабел за 220 тройка (тип мики маус)!",N,2.0,20.0,,ЖИЛАНОВИ ООД,,,,1.5,,,,,,,,Y,0,,0.0,,,0.0,0.0,Y,Y,Y,N,2091,,0.0,,,,,,,,,,,,0,0.0,0.0,0.0,,N
7860,1,1,2026-03-27 15:52:30.070,1323466148,2026-07-03 15:27:23.723,3. Инструменти,Вложка удължена TMP CR-V 1/2х22мм,330139,00001951,M,M,M,бр.,,,2.17,0.0,0.0,0.0,,,N,0.0,0.0,,МОНТАЖИ-64 ООД,,,,1.5,,,,,,,,Y,0,,0.0,,,0.0,0.0,Y,Y,Y,N,2226,,0.0,,,,,,,,,,,,0,0.0,0.0,0.0,,N
7860,2,1,2026-06-17 08:05:04.096,1331633686,2026-07-03 12:39:51.983,5. Устройства,Вентилатор осов HCFT/4-450/H-A(400V50HZ) V5,,00002073,M,M,M,м.,,,455.95,0.0,0.0,0.0,,,N,0.0,0.0,,ТАНГРА - АВ ООД,,,,1.5,,,,,,,,Y,0,,0.0,,,0.0,0.0,Y,Y,Y,N,2347,,0.0,,,,,,,,,,,,0,0.0,0.0,0.0,,N
7860,6,1,2026-03-27 15:53:27.220,1323466214,2026-07-03 15:27:23.723,3. Инструменти,Вложка удължена TMP CR-V 1/2х24мм,330141,00001952,M,M,M,бр.,,,2.47,0.0,0.0,0.0,,,N,0.0,0.0,,МОНТАЖИ-64 ООД,,,,1.5,,,,,,,,Y,0,,0.0,,,0.0,0.0,Y,Y,Y,N,2227,,0.0,,,,,,,,,,,,0,0.0,0.0,0.0,,N
7860,8,1,2026-03-27 15:55:07.293,1323466330,2026-06-23 10:45:47.937,7. Кабели,Кабел ШВПС-В бял 4х4,H05VV-F,00001953,M,M,M,м.,,,2.45,0.0,0.0,0.0,,,N,0.0,0.0,,МОНТАЖИ-64 ООД,,,,1.5,,,,,,,,Y,0,,0.0,,,0.0,0.0,Y,Y,Y,N,2228,,0.0,,,,,,,,,,,,0,0.0,0.0,0.0,,N
7860,10,1,2026-04-01 07:49:02.481,1332343387,2026-06-24 10:25:18.319,Сензори,Нивомер вибрационен 4-pin G1/2 TLS-1/2“,W 14644595,00001954,M,M,M,бр.,,,222.03,0.0,0.0,0.0,,,P,0.0,0.0,,ЛД ООД,,,,1.5,,,,,,,,Y,0,,0.0,,,0.0,0.0,Y,Y,Y,N,2229,,0.0,,,,,,,,,,,,0,0.0,0.0,0.0,,N
7860,12,1,2026-04-01 08:29:19.780,1323935371,2026-06-23 10:45:32.010,5. Устройства,Моноблок Versati GRS-CQ16Pd/NpG4-E,,00001955,M,M,M,бр.,,,4900.0,0.0,0.0,0.0,,,N,1.0,5.0,,КЕЪРОКС БЪЛГАРИЯ ЕООД,,,,1.5,,,,,,,,Y,0,,0.0,,,0.0,0.0,Y,Y,Y,N,2230,,0.0,,,,,,,,,,,,0,0.0,0.0,0.0,,N
7860,15,1,2026-04-01 09:20:26.293,1323938922,2026-06-23 10:45:32.010,5. Устройства,Захранване 90kW,GW-1800/50V-STA,00001956,M,M,M,бр.,,,17207.01,0.0,0.0,0.0,,,P,1.0,5.0,,GREEN POWER CO.,,,,1.5,,,,,,,,Y,0,,0.0,,,0.0,0.0,Y,Y,Y,N,2231,,0.0,,,,,,,,,,,,0,0.0,0.0,0.0,,N
7860,18,1,2026-04-01 13:08:25.565,1323954753,2026-06-24 10:56:16.659,"Кабелни накрайници, обувки",Накрайник Г-образен за PUR кабел,EVC811,00001957,M,M,M,бр.,,,12.28,0.0,0.0,0.0,,Оранжев накрайникза кабел,N,7.0,7.0,,ИФМ ЕЛЕКТРОНИК ЕООД,,,,1.5,,,,,,,,Y,0,,0.0,,,0.0,0.0,Y,Y,Y,N,2232,,0.0,,,,,,,,,,,,0,0.0,0.0,0.0,,N
7860,20,1,2026-04-01 13:12:19.751,1323955180,2026-06-24 14:44:02.073,Кабели - Сензори,"Кабел PUR BK 4х0,34 100м",E11686,00001958,M,M,M,м.,,,1.5769,0.0,0.0,0.0,,Кабелът се издава на метър спрямо необходимостта и върви с Г образните накрайници за PUR кабел.,N,20.0,20.0,,ИФМ ЕЛЕКТРОНИК ЕООД,,,,1.5,,,,,,,,Y,0,,0.0,,,0.0,0.0,Y,Y,Y,N,2233,,0.0,,,,,,,,,,,,0,0.0,0.0,0.0,,N
7860,21,1,2026-04-01 13:42:59.490,1325466294,2026-06-24 15:14:10.739,Газ анализ - Фитинги,"Мъжка връзка, 6mm TubeOD x 1/8 in",SS-6M0-1-2W,00001959,M,M,M,бр.,,,14.26,0.0,0.0,0.0,,,P,5.0,5.0,,CENTRAL FLUIDSYSTEMS S.R.O. / SWAGELOK,,,,1.5,,,,,,,,Y,0,,0.0,,,0.0,0.0,Y,Y,Y,N,2234,,0.0,,,,,,,,,,,,0,0.0,0.0,0.0,,N
7860,24,1,2026-04-01 14:05:34.115,1325466324,2026-06-24 15:11:54.987,Газ анализ - Арматури,"Тарелков възвратен клапан, фикс. налягане, 6мм",SS-6C-MM-1/3,00001960,M,M,M,бр.,,,84.33,0.0,0.0,0.0,,1/3 psig (0.03 bar),P,5.0,5.0,,CENTRAL FLUIDSYSTEMS S.R.O. / SWAGELOK,,,,1.5,,,,,,,,Y,0,,0.0,,,0.0,0.0,Y,Y,Y,N,2235,,0.0,,,,,,,,,,,,0,0.0,0.0,0.0,,N
7860,25,1,2026-04-01 14:08:39.964,1325466419,2026-06-24 15:11:18.294,Газ анализ - Фитинги,"Фитинг, коляно, 6mm Tube OD",SS-6M0-9,00001961,M,M,M,бр.,,,29.21,0.0,0.0,0.0,,,P,5.0,5.0,,CENTRAL FLUIDSYSTEMS S.R.O. / SWAGELOK,,,,1.5,,,,,,,,Y,0,,0.0,,,0.0,0.0,Y,Y,Y,N,2236,,0.0,,,,,,,,,,,,0,0.0,0.0,0.0,,N
8086,1,1,2026-04-03 12:40:10.115,1324152791,2026-06-24 15:24:31.428,2.8. Маркучи,Шлаух пожароустойчив ф10мм,,00001962,M,M,M,м.,,,5.0,0.0,0.0,0.0,,,N,5.0,5.0,,ЕЛЕКТРА ООД,,,,1.5,,,,,,,,Y,0,,0.0,,,0.0,0.0,Y,Y,Y,N,2237,,0.0,,,,,,,,,,,,0,0.0,0.0,0.0,,N
8086,5,1,2026-04-06 12:36:56.122,1324739794,2026-06-24 15:47:00.294,4. Съдове,"Бъндeл 8х35л,1050 bar,H2, PED, -20 - +65 C",,00001972,M,M,M,бр.,,,22110.0,0.0,0.0,0.0,,Актив на фирмата,N,0.0,0.0,,VITKOVICE CYLINDERS A.S.,,,,1.5,,,,,,,,Y,0,,0.0,,,0.0,0.0,Y,Y,Y,N,2246,,0.0,,,,,,,,,,,,0,0.0,0.0,0.0,,N
8086,6,1,2026-04-09 13:16:03.849,1324755284,2026-07-03 15:27:03.515,2. Консумативи,Скоба водни съединения 25*42,8691145910556,00001990,M,M,M,бр.,,,0.42,0.0,0.0,0.0,,,N,3.0,5.0,,ДОВЕРИЕ-БРИКО АД,,,,1.5,,,,,,,,Y,0,,0.0,,,0.0,0.0,Y,Y,Y,N,2264,,0.0,,,,,,,,,,,,0,0.0,0.0,0.0,,N
8086,7,1,2026-04-03 12:41:02.658,1324152852,2026-06-24 15:24:31.475,2.8. Маркучи,Шлаух пожароустойчив ф20мм,,00001963,M,M,M,м.,,,8.6,0.0,0.0,0.0,,,N,5.0,5.0,,ЕЛЕКТРА ООД,,,,1.5,,,,,,,,Y,0,,0.0,,,0.0,0.0,Y,Y,Y,N,2238,,0.0,,,,,,,,,,,,0,0.0,0.0,0.0,,N
8086,9,1,2026-04-07 15:21:06.746,1324563968,2026-06-23 15:36:26.183,"2.7. PP, Месинг, Хром връзки",Тръба PP за студена вода ф25,,00001979,M,M,M,м.,,,1.49,0.0,0.0,0.0,,,N,3.0,5.0,,ИВДА-ГЕО ООД,,,,1.5,,,,,,,,Y,0,,0.0,,,0.0,0.0,Y,Y,Y,N,2253,,0.0,,,,,,,,,,,,0,0.0,0.0,0.0,,N
8086,11,1,2026-04-03 13:34:29.794,1324156676,2026-06-24 11:06:50.930,7. Кабели,Кабел ШВПС 3х6 бял,,00001964,M,M,M,м.,,,3.675,0.0,0.0,0.0,,,N,5.0,5.0,,ИВДА-ГЕО ООД,,,,1.5,,,,,,,,Y,0,,0.0,,,0.0,0.0,Y,Y,Y,N,2239,,0.0,,,,,,,,,,,,0,0.0,0.0,0.0,,N
8086,12,1,2026-04-06 13:28:16.771,1324456133,2026-06-23 15:53:13.422,М16,Шпилка М16 (практикер),424050,00001973,M,M,M,м.,,,6.82,0.0,0.0,0.0,,,N,2.0,5.0,,ПРАКТИКЕР РИТЕЙЛ ЕООД,,,,1.5,,,,,,,,Y,0,,0.0,,,0.0,0.0,Y,Y,Y,N,2247,,0.0,,,,,,,,,,,,0,0.0,0.0,0.0,,N
8086,21,1,2026-04-06 14:23:20.697,1324459956,2026-06-23 15:52:47.798,Други (Крепежи),"Дюбел за хим.см. EC FIS HK 1, Fischer",231902,00001974,M,M,M,бр.,,,1.06,0.0,0.0,0.0,,,N,2.0,5.0,,ПРАКТИКЕР РИТЕЙЛ ЕООД,,,,1.5,,,,,,,,Y,0,,0.0,,,0.0,0.0,Y,Y,Y,N,2248,,0.0,,,,,,,,,,,,0,0.0,0.0,0.0,,N
8086,26,1,2026-04-06 14:27:19.241,1324460232,2026-06-23 15:53:58.515,Други (Крепежи),Анкер хим. ТКК FI-X Expert PE 300,147939,00001975,M,M,M,бр.,,,6.82,0.0,0.0,0.0,,,N,1.0,5.0,,ПРАКТИКЕР РИТЕЙЛ ЕООД,,,,1.5,,,,,,,,Y,0,,0.0,,,0.0,0.0,Y,Y,Y,N,2249,,0.0,,,,,,,,,,,,0,0.0,0.0,0.0,,N
8086,29,1,2026-04-03 13:44:31.809,1324157260,2026-06-23 15:52:47.829,Други (Крепежи),"Дюбел високоефективен с винт SXRL-FUS, ф14х120",FISCH SXRLFUS 14 120,00001965,M,M,M,бр.,,,1.64,0.0,0.0,0.0,,,N,5.0,5.0,,ИТТ БЪЛГАРИЯ ЕООД,,,,1.5,,,,,,,,Y,0,,0.0,,,0.0,0.0,Y,Y,Y,N,2240,,0.0,,,,,,,,,,,,0,0.0,0.0,0.0,,N
8086,33,1,2026-04-03 13:50:00.622,1324157641,2026-06-16 13:30:08.978,Други (Крепежи),Конзола ALK с PVC капачка L=440mm,KNR ALK 28 30 440,00001966,M,M,M,бр.,,,4.39,0.0,0.0,0.0,,,N,5.0,5.0,,ИТТ БЪЛГАРИЯ ЕООД,,,,1.5,,,,,,,,Y,0,,0.0,,,0.0,0.0,Y,Y,Y,N,2241,,0.0,,,,,,,,,,,,0,0.0,0.0,0.0,,N
8086,38,1,2026-04-03 13:55:26.527,1324158385,2026-07-03 15:27:03.515,2. Консумативи,"Кабелна връзка 2,5х100 БМ",,00001968,M,M,M,бр.,оп.,100.0,0.01,0.0,0.0,0.0,,,N,5.0,5.0,,ИВДА-ГЕО ООД,,,,1.5,,,,,,,,Y,0,,0.0,,,0.0,0.0,Y,Y,Y,N,2242,,0.0,,,,,,,,,,,,0,0.0,0.0,0.0,,N
6929,1,1,2026-02-25 10:31:05.269,1320443904,2026-06-23 13:27:53.691,2.5.5. Клапани,Иглен клапан (Slid. Gate Mot. Valve 8038 O2) 1``,4033900,00001819,M,M,M,бр.,,,3336.34,0.0,0.0,0.0,,,P,3.0,20.0,,SCHUBERT & SALZER,,,,1.5,,,,,,,,Y,0,,0.0,,,0.0,0.0,Y,Y,Y,N,2092,,0.0,,,,,,,,,,,,0,0.0,0.0,0.0,,N
6929,4,1,2026-02-25 13:32:25.368,1320457128,2026-06-24 15:14:03.487,Газ анализ - Арматури,"Отцедник за течности SS316, 1/2`, DP320B",A43253,00001820,M,M,M,бр.,,,278.4,0.0,0.0,0.0,,Separator and liquid drainer,P,1.0,20.0,,ADEV S.R.L.,,,,1.5,,,,,,,,Y,0,,0.0,,,0.0,0.0,Y,Y,Y,N,2093,,0.0,,,,,,,,,,,,0,0.0,0.0,0.0,,N
6929,5,1,2026-02-25 13:34:29.047,1320456563,2026-06-24 15:13:10.971,Газ анализ - Сензори,"Предавател, DP320B, dew point transmitter",A59052,00001821,M,M,M,бр.,,,963.2,0.0,0.0,0.0,,,P,1.0,20.0,,ADEV S.R.L.,,,,1.5,,,,,,,,Y,0,,0.0,,,0.0,0.0,Y,Y,Y,N,2094,,0.0,,,,,,,,,,,,0,0.0,0.0,0.0,,N
6929,7,1,2026-03-02 08:10:04.814,1320934034,2026-07-03 15:27:03.515,2. Консумативи,Разклонител гумен с 6 гнезда,7127 7127,00001822,M,M,M,бр.,,,10.03,0.0,0.0,0.0,,,N,1.0,20.0,,ЛАТРАНД ЕООД,,,,1.5,,,,,,,,Y,0,,0.0,,,0.0,0.0,Y,Y,Y,N,2095,,0.0,,,,,,,,,,,,0,0.0,0.0,0.0,,N
6929,9,1,2026-03-02 08:14:34.002,1320934347,2026-06-16 13:30:08.978,Платки - Green Innovation,Платка HG1IN016,HT45898,00001823,M,M,M,бр.,,,9.55,0.0,0.0,0.0,,,N,1.0,20.0,,ХАРД ТЕХ ООД,,,,1.5,,,,,,,,Y,0,,0.0,,,0.0,0.0,Y,Y,Y,N,2096,,0.0,,,,,,,,,,,,0,0.0,0.0,0.0,,N
6929,11,1,2026-03-02 09:12:04.269,1320938340,2026-06-23 15:19:44.584,"2.7. PP, Месинг, Хром връзки",Разглобяема свръзка месинг ф25,,00001824,M,M,M,бр.,,,6.91,0.0,0.0,0.0,,,N,1.0,20.0,,ИВДА-ГЕО ООД,,,,1.5,,,,,,,,Y,0,,0.0,,,0.0,0.0,Y,Y,Y,N,2097,,0.0,,,,,,,,,,,,0,0.0,0.0,0.0,,N
6929,13,1,2026-03-02 09:31:38.415,1320939785,2026-06-23 15:19:44.584,"2.7. PP, Месинг, Хром връзки",Муфа PP 1 1/2“,,00001825,M,M,M,бр.,,,0.51,0.0,0.0,0.0,,,N,10.0,20.0,,ИВДА-ГЕО ООД,,,,1.5,,,,,,,,Y,0,,0.0,,,0.0,0.0,Y,Y,Y,N,2098,,0.0,,,,,,,,,,,,0,0.0,0.0,0.0,,N
6929,15,1,2026-03-02 09:39:01.858,1323157178,2026-07-03 15:27:03.515,2. Консумативи,Скоба водопр. с уплътнение 1“,,00001826,M,M,M,бр.,,,0.69,0.0,0.0,0.0,,,N,10.0,20.0,,ИВДА-ГЕО ООД,,,,1.5,,,,,,,,Y,0,,0.0,,,0.0,0.0,Y,Y,Y,N,2099,,0.0,,,,,,,,,,,,0,0.0,0.0,0.0,,N
6929,16,1,2026-03-02 16:01:34.646,1323455259,2026-06-23 10:45:32.010,5. Устройства,Чилър EAS.HK 191 V1.EC.MBP,,00001837,M,M,M,бр.,,,6077.5,0.0,0.0,0.0,,Този модел е за РнД,N,2.0,20.0,,ERACO,,,,1.5,,,,,,,,Y,0,,0.0,,,0.0,0.0,Y,Y,Y,N,2110,,0.0,,,,,,,,,,,,0,0.0,0.0,0.0,,N
6929,18,1,2026-03-02 10:25:47.826,1331740360,2026-06-18 09:41:11.023,WAGO,750-8212 (Контролер PFC200),60372744,00001827,M,M,M,бр.,,,582.38,0.0,0.0,0.0,,G2 2ETH RS,N,0.0,0.0,,ВАГО БЪЛГАРИЯ ООД,,,,1.5,,,,,,,,Y,0,,0.0,,,0.0,0.0,Y,Y,Y,N,2100,,0.0,,,,,,,,,,,,0,0.0,0.0,0.0,,N
6929,20,1,2026-03-02 10:27:40.069,1331739562,2026-06-18 09:29:41.546,WAGO,750-496 (Вход аналогов канален несим. 8 AI),60273646,00001828,M,M,M,бр.,,,200.15,0.0,0.0,0.0,,0/4 - 20mA SE,N,1.0,20.0,,ВАГО БЪЛГАРИЯ ООД,,,,1.5,,,,,,,,Y,0,,0.0,,,0.0,0.0,Y,Y,Y,N,2101,,0.0,,,,,,,,,,,,0,0.0,0.0,0.0,,N
6929,22,1,2026-03-02 10:28:40.028,1321344576,2026-06-23 16:03:58.082,WAGO,750-555 (Изход аналог. 4 канален),750-555,00001829,M,M,M,бр.,,,159.18,0.0,0.0,0.0,,4-20mA,N,1.0,20.0,,ВАГО БЪЛГАРИЯ ООД,,,,1.5,,,,,,,,Y,0,,0.0,,,0.0,0.0,Y,Y,Y,N,2102,,0.0,,,,,,,,,,,,0,0.0,0.0,0.0,,N
6929,23,1,2026-03-02 10:29:27.869,1331740227,2026-06-18 09:39:16.069,WAGO,750-600 (Краен модул),60404007,00001830,M,M,M,бр.,,,11.11,0.0,0.0,0.0,,,N,0.0,0.0,,ВАГО БЪЛГАРИЯ ООД,,,,1.5,,,,,,,,Y,0,,0.0,,,0.0,0.0,Y,Y,Y,N,2103,,0.0,,,,,,,,,,,,0,0.0,0.0,0.0,,N
8179,0,1,2026-04-08 09:58:16.895,1324641549,2026-07-03 15:27:03.515,2. Консумативи,"Изолирбанд 25/50м, черен",,00001986,M,M,M,бр.,,,3.79,0.0,0.0,0.0,,,N,3.0,10.0,,ИВДА-ГЕО ООД,,,,1.5,,,,,,,,Y,0,,0.0,,,0.0,0.0,Y,Y,Y,N,2260,,0.0,,,,,,,,,,,,0,0.0,0.0,0.0,,N
8179,2,1,2026-04-08 10:00:07.098,1324641677,2026-07-03 15:27:03.515,2. Консумативи,Хартиено тиксо 38мм TECA,,00001987,M,M,M,бр.,,,3.27,0.0,0.0,0.0,,,N,3.0,5.0,,ИВДА-ГЕО ООД,,,,1.5,,,,,,,,Y,0,,0.0,,,0.0,0.0,Y,Y,Y,N,2261,,0.0,,,,,,,,,,,,0,0.0,0.0,0.0,,N
8179,4,1,2026-04-08 10:01:43.176,1324641787,2026-07-03 15:27:03.515,2. Консумативи,Хартиено тиксо 30мм TECA,,00001988,M,M,M,бр.,,,2.48,0.0,0.0,0.0,,,N,3.0,5.0,,ИВДА-ГЕО ООД,,,,1.5,,,,,,,,Y,0,,0.0,,,0.0,0.0,Y,Y,Y,N,2262,,0.0,,,,,,,,,,,,0,0.0,0.0,0.0,,N
8179,6,1,2026-04-08 10:02:42.465,1324641856,2026-07-03 15:27:03.515,2. Консумативи,Хартиено тиксо 19мм TECA,,00001989,M,M,M,бр.,,,1.73,0.0,0.0,0.0,,,N,3.0,5.0,,ИВДА-ГЕО ООД,,,,1.5,,,,,,,,Y,0,,0.0,,,0.0,0.0,Y,Y,Y,N,2263,,0.0,,,,,,,,,,,,0,0.0,0.0,0.0,,N
8179,8,1,2026-04-09 13:17:09.944,1324755359,2026-07-03 15:27:03.515,2. Консумативи,Скоба водни съединения 32*51,8691145910570,00001991,M,M,M,бр.,,,0.42,0.0,0.0,0.0,,,N,3.0,5.0,,ДОВЕРИЕ-БРИКО АД,,,,1.5,,,,,,,,Y,0,,0.0,,,0.0,0.0,Y,Y,Y,N,2265,,0.0,,,,,,,,,,,,0,0.0,0.0,0.0,,N
8179,9,1,2026-04-15 09:18:14.507,1325338769,2026-06-23 15:48:28.202,М12,Шпилка М12,,00001993,M,M,M,м.,,,2.52,0.0,0.0,0.0,,,N,100.0,200.0,,ИВДА-ГЕО ООД,,,,1.5,,,,,,,,Y,0,,0.0,,,0.0,0.0,Y,Y,Y,N,2267,,0.0,,,,,,,,,,,,0,0.0,0.0,0.0,,N
8179,11,1,2026-04-09 13:20:28.152,1324755682,2026-07-03 15:27:03.515,2. Консумативи,"Градински маркуч TRICO 1`, 25м.",8015105024259,00001992,M,M,M,м.,,,2.73,0.0,0.0,0.0,,,N,3.0,5.0,,ДОВЕРИЕ-БРИКО АД,,,,1.5,,,,,,,,Y,0,,0.0,,,0.0,0.0,Y,Y,Y,N,2266,,0.0,,,,,,,,,,,,0,0.0,0.0,0.0,,N
8179,12,1,2026-05-20 12:54:06.835,1331739442,2026-06-18 09:59:45.284,WAGO,750-559 (Изход аналогов 4 канален),51187321,00002015,M,M,M,бр.,,,141.03,0.0,0.0,0.0,,Доставка: 10.90 EUR,N,1.0,2.0,,ВАГО БЪЛГАРИЯ ООД,,,,1.5,,,,,,,,Y,0,,0.0,,,0.0,0.0,Y,Y,Y,N,2289,,0.0,,,,,,,,,,,,0,0.0,0.0,0.0,,N
8179,17,1,2026-04-15 09:21:40.103,1325349082,2026-06-16 13:30:08.978,М12,Гайка самоос. PRO M (4бр.) М12,,00001994,M,M,M,бр.,,,0.85,0.0,0.0,0.0,,,N,100.0,200.0,,ИВДА-ГЕО ООД,,,,1.5,,,,,,,,Y,0,,0.0,,,0.0,0.0,Y,Y,Y,N,2268,,0.0,,,,,,,,,,,,0,0.0,0.0,0.0,,N
8179,19,1,2026-04-15 09:23:03.269,1325349098,2026-06-24 15:28:37.945,Други (Електроника),Контакт вграден IEN 3253,,00001995,M,M,M,бр.,,,7.2,0.0,0.0,0.0,,,P,0.0,0.0,,ИВДА-ГЕО ООД,,,,1.5,,,,,,,,Y,0,,0.0,,,0.0,0.0,Y,Y,Y,N,2269,,0.0,,,,,,,,,,,,0,0.0,0.0,0.0,,N
8179,21,1,2026-04-15 11:00:32.607,1325349131,2026-06-24 11:01:05.915,"Кабелни накрайници, обувки",Кабелна обувка медна с изол. 1.5-2.5мм PVC 25мм,028 EMR3452,00001996,M,M,M,бр.,,,0.052,0.0,0.0,0.0,,,N,100.0,200.0,,ТАШЕВ ГАЛВИНГ ООД,,,,1.5,,,,,,,,Y,0,,0.0,,,0.0,0.0,Y,Y,Y,N,2270,,0.0,,,,,,,,,,,,0,0.0,0.0,0.0,,N
8179,23,1,2026-04-15 16:05:02.878,1325367019,2026-06-23 15:38:54.744,2.8. Маркучи,Гъвкаво съединение INOX L1000 1“,210856.1,00001997,M,M,M,бр.,,,92.0,0.0,0.0,0.0,,,N,100.0,200.0,,ПАПЕ ЕООД,,,,1.5,,,,,,,,Y,0,,0.0,,,0.0,0.0,Y,Y,Y,N,2271,,0.0,,,,,,,,,,,,0,0.0,0.0,0.0,,N
8179,25,1,2026-04-16 08:15:48.043,1325436139,2026-07-03 15:39:27.839,0. Разни,Гъвкаво съединение INOX 1 L1000,,00001998,M,M,M,бр.,,,110.4,0.0,0.0,0.0,,,N,1.0,2.0,,,,,,1.5,,,,,,,,Y,0,,0.0,,,0.0,0.0,Y,Y,Y,N,2272,,0.0,,,,,,,,,,,2.0,0,0.0,0.0,0.0,,N
8561,0,1,2026-04-16 12:17:39.702,1325451365,2026-06-17 14:08:41.851,Клеми,"Кабелна Муфа медна с изолация EMR5432,BV",,00001999,M,M,M,бр.,,,0.06,,,0.0,,,N,1.0,2.0,,,,,,1.5,,,,,,,,Y,0,,0.0,,1480154838,0.0,0.0,Y,Y,Y,N,2273,,0.0,,,,,,,,,,,,0,0.0,0.0,0.0,,N
8561,2,1,2026-04-16 15:19:42.996,1330254326,2026-06-23 16:07:18.473,WAGO,750-1405 (Разширител за WAGO 16DI),750-1405,00002000,M,M,M,бр.,,,77.86,0.0,0.0,0.0,,"Продукт: 127,81 EUR
Транспорт: 5,45 EUR",N,1.0,2.0,,TRANSFER MULTISORT ELEKTRONIK SP. ZO.O.,,,,1.5,,,,,,,,Y,0,,0.0,,,0.0,0.0,Y,Y,Y,N,2274,,0.0,,,,,,,,,,,,0,0.0,0.0,0.0,,N
8561,3,1,2026-06-03 08:03:16.644,1330234306,2026-06-23 10:45:47.937,7. Кабели,Кабел ШВПС 5х4 бял,,00002016,M,M,M,м.,,,3.9,0.0,0.0,0.0,,,N,1.0,2.0,,ИВДА-ГЕО ООД,,,,1.5,,,,,,,,Y,0,,0.0,,,0.0,0.0,Y,Y,Y,N,2290,,0.0,,,,,,,,,,,,0,0.0,0.0,0.0,,N
8561,6,1,2026-06-03 08:19:08.067,1334344295,2026-07-14 10:37:51.530,0. За фактури,Консумативи,,00002017,M,M,M,бр.,,,3.15,0.0,0.0,0.0,,,N,1.0,2.0,,ИВДА-ГЕО ООД,,,,1.5,,,,,,,,Y,0,,0.0,,,0.0,0.0,Y,Y,Y,N,2291,,0.0,,,,,,,,,,,,0,0.0,0.0,0.0,,N
8561,7,1,2026-06-18 09:38:35.930,1331740182,2026-07-22 13:12:01.528,Ваго България,750-1506 (Разширител за WAGO),7501506,00002089,M,M,M,бр.,,,85.11,0.0,0.0,0.0,,,N,0.0,0.0,,ВАГО БЪЛГАРИЯ ООД,,,,1.5,,,,,,,,Y,0,,0.0,,,0.0,0.0,Y,Y,Y,N,2363,,0.0,,,,,,,,,,,,0,0.0,0.0,0.0,,N
8561,8,1,2026-04-16 15:26:38.241,1335155399,2026-07-22 13:17:44.894,WAGO,750-1506 (Разширител за WAGO) (ТМЕ),,00002001,M,M,M,бр.,,,142.82,0.0,0.0,0.0,,"Продукт: 139,69 EUR
Транспорт: 2,725 EUR",N,1.0,2.0,,TRANSFER MULTISORT ELEKTRONIK SP. ZO.O.,,,,1.5,,,,,,,,Y,0,,0.0,,,0.0,0.0,Y,Y,Y,N,2275,,0.0,,,,,,,,,,,,0,0.0,0.0,0.0,,N
8561,11,1,2026-06-03 09:21:13.391,1331740448,2026-06-18 09:42:27.142,WAGO,2787-2144 (Захранване еднофазно PSU),60492287,00002018,M,M,M,бр.,,,91.6,0.0,0.0,0.0,,,N,1.0,2.0,,ВАГО БЪЛГАРИЯ ООД,,,,1.5,,,,,,,,Y,0,,0.0,,,0.0,0.0,Y,Y,Y,N,2292,,0.0,,,,,,,,,,,,0,0.0,0.0,0.0,76.33,N
8561,12,1,2026-06-03 14:17:37.010,1333633146,2026-07-07 07:57:40.120,3. Метални Елементи,СИС (304) ф35,,00002020,M,M,M,м.,,,31.21,0.0,0.0,0.0,,"Цена артикул: 29.68 €
Цена рязане: 1,53 €
16 кг. = 2 м.",N,1.0,2.0,,АНГЕЛ СТОИЛОВ-96 АД,,,,1.5,,,,,,,,Y,0,,0.0,,,0.0,0.0,Y,Y,Y,N,2294,,0.0,,,,,,,,,,,,0,0.0,0.0,0.0,,N
8561,13,1,2026-06-03 11:19:38.295,1330738639,2026-06-24 15:37:48.994,0. За фактури,Инструменти,,00002019,M,M,M,бр.,,,1.64,0.0,0.0,0.0,,,N,1.0,2.0,,ВАГО БЪЛГАРИЯ ООД,,,,1.5,,,,,,,,Y,0,,0.0,,,0.0,0.0,Y,Y,Y,N,2293,,0.0,,,,,,,,,,,,0,0.0,0.0,0.0,,N
8561,15,1,2026-06-03 14:25:05.724,1330352963,2026-06-16 13:30:08.978,Кабелни Канали,Покачващ ъгъл за каб.скара 60х402мм с неп.борд.,RSD 60.400,00002021,M,M,M,бр.,,,25.64,0.0,0.0,0.0,,,N,1.0,2.0,,НИДАКС БЪЛГАРИЯ  ЕООД,,,,1.5,,,,,,,,Y,0,,0.0,,,0.0,0.0,Y,Y,Y,N,2295,,0.0,,,,,,,,,,,,0,0.0,0.0,0.0,,N
8561,17,1,2026-06-03 14:27:13.797,1330352792,2026-06-16 13:30:08.978,Кабелни Канали,"Капак за пон. и пок. ъгъл, височина 60мм B=406мм",RFSDDV 60.400,00002022,M,M,M,бр.,,,10.16,0.0,0.0,0.0,,,N,1.0,2.0,,НИДАКС БЪЛГАРИЯ  ЕООД,,,,1.5,,,,,,,,Y,0,,0.0,,,0.0,0.0,Y,Y,Y,N,2296,,0.0,,,,,,,,,,,,0,0.0,0.0,0.0,,N
8561,19,1,2026-06-04 07:52:18.349,1330333043,2026-06-16 13:30:08.978,Кабелни Канали,Капак за каб. скари/стълби с лайстна 152х3000мм,ED 150,00002023,M,M,M,м.,,,3.09,0.0,0.0,0.0,,,N,1.0,2.0,,НИДАКС БЪЛГАРИЯ  ЕООД,,,,1.5,,,,,,,,Y,0,,0.0,,,0.0,0.0,Y,Y,Y,N,2297,,0.0,,,,,,,,,,,,0,0.0,0.0,0.0,,N
8561,21,1,2026-06-04 08:31:20.949,1330335512,2026-07-03 15:27:03.515,2. Консумативи,Каменна вата с AL деб.40мм ф114мм,MA4011,00002024,M,M,M,м.,,,18.5,0.0,0.0,0.0,,,P,0.0,0.0,,КРИСМЕТАЛ,,,,1.5,,,,,,,,Y,0,,0.0,,,0.0,0.0,Y,Y,Y,N,2298,,0.0,,,,,,,,,,,,0,0.0,0.0,0.0,,N
9310,1,1,2026-06-04 08:48:42.473,1330337315,2026-06-24 15:38:03.961,1. Пречистване на вода,Патрони мембранни резервни за MCR-100 (2бр.),526114,00002025,M,M,M,бр.,,,91.84,0.0,0.0,0.0,,Доставка: 14.98 EUR,N,1.0,2.0,,AQUAPHOR INTERNATIONAL,,,,1.5,,,,,,,,Y,0,,0.0,,,0.0,0.0,Y,Y,Y,N,2299,,0.0,,,,,,,,,,,,0,0.0,0.0,0.0,,N
9310,3,1,2026-06-04 08:50:46.871,1330337310,2026-06-24 15:38:03.961,1. Пречистване на вода,Патрон филтърен резервен B520 PRO-AS,519511,00002026,M,M,M,бр.,,,64.97,0.0,0.0,0.0,,Доставка: 10.6 EUR,N,1.0,2.0,,AQUAPHOR INTERNATIONAL,,,,1.5,,,,,,,,Y,0,,0.0,,,0.0,0.0,Y,Y,Y,N,2300,,0.0,,,,,,,,,,,,0,0.0,0.0,0.0,,N
9310,5,1,2026-06-04 08:54:10.317,1330337305,2026-06-24 15:38:03.961,1. Пречистване на вода,Мембранни елементи за обратна осмоза XLP11-4040,209383,00002027,M,M,M,бр.,,,95.13,0.0,0.0,0.0,,Доставка: 15.12 EUR,N,1.0,2.0,,AQUAPHOR INTERNATIONAL,,,,1.5,,,,,,,,Y,0,,0.0,,,0.0,0.0,Y,Y,Y,N,2301,,0.0,,,,,,,,,,,,0,0.0,0.0,0.0,,N
9310,7,1,2026-06-04 08:57:05.443,1330337299,2026-06-24 15:38:03.961,1. Пречистване на вода,Патрон филтърен резервен B520 Pro,513866,00002028,M,M,M,бр.,,,32.8,0.0,0.0,0.0,,Доставка: 5.35 EUR,N,1.0,2.0,,AQUAPHOR INTERNATIONAL,,,,1.5,,,,,,,,Y,0,,0.0,,,0.0,0.0,Y,Y,Y,N,2302,,0.0,,,,,,,,,,,,0,0.0,0.0,0.0,,N
9310,9,1,2026-06-04 09:00:36.397,1330337544,2026-06-24 15:38:03.961,1. Пречистване на вода,Патрон полипропиленов melt blown 112/254,523467,00002029,M,M,M,бр.,,,2.89,0.0,0.0,0.0,,Доставка: 0.47 EUR,N,1.0,2.0,,AQUAPHOR INTERNATIONAL,,,,1.5,,,,,,,,Y,0,,0.0,,,0.0,0.0,Y,Y,Y,N,2303,,0.0,,,,,,,,,,,,0,0.0,0.0,0.0,,N
9310,10,1,2026-06-04 09:08:28.056,1330338089,2026-06-23 15:32:56.198,"2.7. PP, Месинг, Хром връзки",Тройник 90о PPR B-R G8130 ф32,833406,00002030,M,M,M,бр.,,,0.98,0.0,0.0,0.0,,,N,1.0,2.0,,КРИСМЕТАЛ,,,,1.5,,,,,,,,Y,0,,0.0,,,0.0,0.0,Y,Y,Y,N,2304,,0.0,,,,,,,,,,,,0,0.0,0.0,0.0,,N
9310,12,1,2026-06-04 09:15:10.636,1330338556,2026-06-23 15:22:58.961,"2.7. PP, Месинг, Хром връзки",Преход PPR резба външна B-R G8243G ф32х1“,833709,00002031,M,M,M,бр.,,,9.6,0.0,0.0,0.0,,,N,1.0,2.0,,КРИСМЕТАЛ,,,,1.5,,,,,,,,Y,0,,0.0,,,0.0,0.0,Y,Y,Y,N,2305,,0.0,,,,,,,,,,,,0,0.0,0.0,0.0,,N
9310,14,1,2026-04-30 08:09:08.738,1326833968,2026-07-03 15:39:27.796,0. Разни,Гъвкава връзка неръждаема 1100мм 1“,,00002002,M,M,M,бр.,,,110.4,,,0.0,,,N,1.0,2.0,,,,,,1.5,,,,,,,,Y,0,,0.0,,,0.0,0.0,Y,Y,Y,N,2276,,0.0,,,,,,,,,,,,0,0.0,0.0,0.0,1.0,N
9310,16,1,2026-06-04 09:16:44.248,1330338663,2026-07-03 15:27:03.515,2. Консумативи,Каменна вата с AL деб.30мм ф168мм,MA3016,00002032,M,M,M,бр.,,,21.34,0.0,0.0,0.0,,,P,0.0,0.0,,КРИСМЕТАЛ,,,,1.5,,,,,,,,Y,0,,0.0,,,0.0,0.0,Y,Y,Y,N,2306,,0.0,,,,,,,,,,,,0,0.0,0.0,0.0,,N
9310,19,1,2026-06-04 10:56:06.292,1330345564,2026-06-16 13:30:08.978,Жиланови,PLC 6ES7512-1SM03-0AB0,,00002033,M,M,M,бр.,,,3191.16,0.0,0.0,0.0,,,N,1.0,2.0,,ЖИЛАНОВИ ООД,,,,1.5,,,,,,,,Y,0,,0.0,,,0.0,0.0,Y,Y,Y,N,2307,,0.0,,,,,,,,,,,,0,0.0,0.0,0.0,,N
9310,21,1,2026-06-04 10:57:06.797,1330345634,2026-06-16 13:30:08.978,Жиланови,Micro Memory Card 6ES7954-8LF04-0AA0,,00002034,M,M,M,бр.,,,397.25,0.0,0.0,0.0,,,N,1.0,2.0,,ЖИЛАНОВИ ООД,,,,1.5,,,,,,,,Y,0,,0.0,,,0.0,0.0,Y,Y,Y,N,2308,,0.0,,,,,,,,,,,,0,0.0,0.0,0.0,,N
9310,23,1,2026-06-04 10:57:56.354,1330345691,2026-06-16 13:30:08.978,Жиланови,Терминална шина 6ES7193-6PA00-0AA0,,00002035,M,M,M,бр.,,,71.15,0.0,0.0,0.0,,,N,1.0,2.0,,ЖИЛАНОВИ ООД,,,,1.5,,,,,,,,Y,0,,0.0,,,0.0,0.0,Y,Y,Y,N,2309,,0.0,,,,,,,,,,,,0,0.0,0.0,0.0,,N
9311,1,1,2026-04-30 08:28:15.228,1330257758,2026-06-16 13:36:44.671,Фитинги - Щуцер на резба,Щуцер к-т 1“ BSP-BSP,005307,00002003,M,M,M,бр.,,,4.74,0.0,0.0,0.0,,,N,1.0,2.0,,ПАПЕ ЕООД,,,,1.5,,,,,,,,Y,0,,0.0,,,0.0,0.0,Y,Y,Y,N,2277,,0.0,,,,,,,,,,,,0,0.0,0.0,0.0,2.0,N
9311,2,1,2026-06-04 10:58:39.926,1330345850,2026-06-16 13:30:08.978,Жиланови,Bus adapter 6ES7193-6AR00-0AA0,,00002036,M,M,M,бр.,,,64.28,0.0,0.0,0.0,,,N,1.0,2.0,,ЖИЛАНОВИ ООД,,,,1.5,,,,,,,,Y,0,,0.0,,,0.0,0.0,Y,Y,Y,N,2310,,0.0,,,,,,,,,,,,0,0.0,0.0,0.0,,N
9311,4,1,2026-06-04 10:59:50.814,1330345832,2026-06-16 13:30:08.978,Жиланови,ЕТ 200SP CM PtP 6ES7137-6AA01-0BA0,,00002037,M,M,M,бр.,,,263.0,0.0,0.0,0.0,,,N,1.0,2.0,,ЖИЛАНОВИ ООД,,,,1.5,,,,,,,,Y,0,,0.0,,,0.0,0.0,Y,Y,Y,N,2311,,0.0,,,,,,,,,,,,0,0.0,0.0,0.0,,N
9311,6,1,2026-06-04 11:02:23.948,1330346001,2026-06-16 13:30:08.978,Жиланови,Light BaseUnit Type A0 6ES7193-6BP00-0DA0,,00002038,M,M,M,бр.,,,43.01,0.0,0.0,0.0,,,N,1.0,2.0,,ЖИЛАНОВИ ООД,,,,1.5,,,,,,,,Y,0,,0.0,,,0.0,0.0,Y,Y,Y,N,2312,,0.0,,,,,,,,,,,,0,0.0,0.0,0.0,,N
9311,8,1,2026-06-04 11:03:29.769,1330346077,2026-06-16 13:30:08.978,Жиланови,DI 16x24VDC Standard 6ES7131-6BH01-0BA0,,00002039,M,M,M,бр.,,,72.94,0.0,0.0,0.0,,,N,1.0,2.0,,ЖИЛАНОВИ ООД,,,,1.5,,,,,,,,Y,0,,0.0,,,0.0,0.0,Y,Y,Y,N,2313,,0.0,,,,,,,,,,,,0,0.0,0.0,0.0,,N
9311,10,1,2026-06-04 11:07:54.935,1330346384,2026-06-16 13:30:08.978,Жиланови,Dark BaseUnit Type A0 6ES7193-6BP00-0BA0,,00002040,M,M,M,бр.,,,16.3,0.0,0.0,0.0,,,N,1.0,2.0,,ЖИЛАНОВИ ООД,,,,1.5,,,,,,,,Y,0,,0.0,,,0.0,0.0,Y,Y,Y,N,2314,,0.0,,,,,,,,,,,,0,0.0,0.0,0.0,,N
9311,12,1,2026-06-04 11:09:03.616,1330346464,2026-06-16 13:30:08.978,Жиланови,DQ 16x24VDC/0.5A Standard 6ES7132-6BH01-0BA0,,00002041,M,M,M,бр.,,,111.0,0.0,0.0,0.0,,,N,1.0,2.0,,ЖИЛАНОВИ ООД,,,,1.5,,,,,,,,Y,0,,0.0,,,0.0,0.0,Y,Y,Y,N,2315,,0.0,,,,,,,,,,,,0,0.0,0.0,0.0,,N
9311,14,1,2026-06-04 11:10:13.428,1330346545,2026-06-16 13:30:08.978,Жиланови,Dark BaseUnit Type A0: 6ES7193-6BP00-0BA0,,00002042,M,M,M,бр.,,,16.94,0.0,0.0,0.0,,,N,1.0,2.0,,ЖИЛАНОВИ ООД,,,,1.5,,,,,,,,Y,0,,0.0,,,0.0,0.0,Y,Y,Y,N,2316,,0.0,,,,,,,,,,,,0,0.0,0.0,0.0,,N
9311,16,1,2026-06-04 12:00:02.388,1330350002,2026-06-23 13:26:16.239,2.5.1. Кранове на фланци,Кран сфер. на фл. трипътен 316L 1“,2541E06,00002043,M,M,M,бр.,,,185.93,,,0.0,,,N,1.0,2.0,,GENEBRE,,,,1.5,,,,,,,,Y,0,,0.0,,,0.0,0.0,Y,Y,Y,N,2317,,0.0,,,,,,,,,,,,0,0.0,0.0,0.0,,N
9311,18,1,2026-06-04 12:08:33.438,1330350595,2026-07-07 08:26:18.701,Genebre,Тапа 1/2“ GENEBRE,0290N 04,00002044,M,M,M,бр.,,,0.74,0.0,0.0,0.0,,,N,1.0,2.0,,GENEBRE,,,,1.5,,,,,,,,Y,0,,0.0,,,0.0,0.0,Y,Y,Y,N,2318,,0.0,,,,,,,,,,,,0,0.0,0.0,0.0,,N
9311,20,1,2026-06-04 12:48:28.363,1330353367,2026-06-16 13:30:08.978,Други (Електроника),Трансмитер за температурен модел TM191B,,00002045,M,M,M,бр.,,,80.0,0.0,0.0,0.0,,,N,1.0,2.0,,ДЕЛТА ИНСТРУМЕНТ ООД,,,,1.5,,,,,,,,Y,0,,0.0,,,0.0,0.0,Y,Y,Y,N,2319,,0.0,,,,,,,,,,,,0,0.0,0.0,0.0,,N
9311,23,1,2026-06-04 12:55:02.863,1330353824,2026-06-23 15:45:43.081,М16,Шпилка DIN976 10.9 Bl. M16,00975 1000 16,00002046,M,M,M,бр.,,,4.33,0.0,0.0,0.0,,,N,1.0,2.0,,ИТТ БЪЛГАРИЯ ЕООД,,,,1.5,,,,,,,,Y,0,,0.0,,,0.0,0.0,Y,Y,Y,N,2320,,0.0,,,,,,,,,,,,0,0.0,0.0,0.0,,N
9311,25,1,2026-06-04 12:59:06.313,1330354105,2026-06-24 15:43:51.355,2. Корпуси,Табло с монт. пл. 400х300х150,WSA4030150,00002047,M,M,M,бр.,,,44.74,0.0,0.0,0.0,,,P,0.0,0.0,,ШРАК ТЕХНИК ЕООД,,,,1.5,,,,,,,,Y,0,,0.0,,,0.0,0.0,Y,Y,Y,N,2321,,0.0,,,,,,,,,,,,0,0.0,0.0,0.0,,N
9533,1,1,2026-06-04 13:00:03.840,1330354336,2026-06-24 16:00:12.798,"Кабелни накрайници, обувки","Кабелен накрайник 0,34мм 6мм",BGH270716,00002048,M,M,M,бр.,,,0.01,0.0,0.0,0.0,,,N,1.0,2.0,,ШРАК ТЕХНИК ЕООД,,,,1.5,,,,,,,,Y,0,,0.0,,,0.0,0.0,Y,Y,Y,N,2322,,0.0,,,,,,,,,,,,0,0.0,0.0,0.0,,N
9533,3,1,2026-06-04 13:16:16.712,1330355298,2026-06-23 15:19:44.584,"2.7. PP, Месинг, Хром връзки",Тръба PPR B-R WAT.G8200FW PN20 ф20,830004,00002049,M,M,M,бр.,,,1.18,0.0,0.0,0.0,,,N,1.0,2.0,,КРИСМЕТАЛ,,,,1.5,,,,,,,,Y,0,,0.0,,,0.0,0.0,Y,Y,Y,N,2323,,0.0,,,,,,,,,,,,0,0.0,0.0,0.0,,N
9533,5,1,2026-06-04 13:19:10.392,1330355499,2026-06-23 15:19:44.584,"2.7. PP, Месинг, Хром връзки",Муфа PPR B-R G8270 ф20,833204,00002050,M,M,M,бр.,,,0.33,0.0,0.0,0.0,,,N,1.0,2.0,,КРИСМЕТАЛ,,,,1.5,,,,,,,,Y,0,,0.0,,,0.0,0.0,Y,Y,Y,N,2324,,0.0,,,,,,,,,,,,0,0.0,0.0,0.0,,N
9533,7,1,2026-05-04 14:09:43.896,1330256122,2026-06-16 13:30:08.978,М5,Шпилка DIN 976 vZn M5x1000,00975 0001 5,00002004,M,M,M,бр.,,,0.34,0.0,0.0,0.0,,,N,1.0,2.0,,ИТТ БЪЛГАРИЯ ЕООД,,,,1.5,,,,,,,,Y,0,,0.0,,,0.0,0.0,Y,Y,Y,N,2278,,0.0,,,,,,,,,,,,0,0.0,0.0,0.0,1.0,N
9533,8,1,2026-06-04 13:24:43.291,1330355884,2026-06-23 15:19:44.584,"2.7. PP, Месинг, Хром връзки",Коляно PPR 90о B-R G8090 ф20,833314,00002051,M,M,M,бр.,,,0.32,0.0,0.0,0.0,,,N,1.0,2.0,,КРИСМЕТАЛ,,,,1.5,,,,,,,,Y,0,,0.0,,,0.0,0.0,Y,Y,Y,N,2325,,0.0,,,,,,,,,,,,0,0.0,0.0,0.0,,N
9533,10,1,2026-06-04 13:29:16.635,1330356201,2026-06-23 15:32:51.743,"2.7. PP, Месинг, Хром връзки",Тройник 90о PPR B-R G8130 ф20,833404,00002052,M,M,M,бр.,,,0.35,0.0,0.0,0.0,,,N,1.0,2.0,,КРИСМЕТАЛ,,,,1.5,,,,,,,,Y,0,,0.0,,,0.0,0.0,Y,Y,Y,N,2326,,0.0,,,,,,,,,,,,0,0.0,0.0,0.0,,N
9533,12,1,2026-06-04 13:30:31.123,1330356287,2026-06-23 15:20:34.693,"2.7. PP, Месинг, Хром връзки",Преход PPR резба външна B-R G8243G ф20х1/2“,833704,00002053,M,M,M,бр.,,,3.36,0.0,0.0,0.0,,,N,1.0,2.0,,КРИСМЕТАЛ,,,,1.5,,,,,,,,Y,0,,0.0,,,0.0,0.0,Y,Y,Y,N,2327,,0.0,,,,,,,,,,,,0,0.0,0.0,0.0,,N
9533,13,1,2026-05-04 14:14:47.915,1330256186,2026-06-16 14:08:35.823,М5,Шайба подложна DIN125 vZn M5,00125 0001 5,00002005,M,M,M,бр.,,,0.01,0.0,0.0,0.0,,,N,1.0,2.0,,ИТТ БЪЛГАРИЯ ЕООД,,,,1.5,,,,,,,,Y,0,,0.0,,,0.0,0.0,Y,Y,Y,N,2279,,0.0,,,,,,,,,,,,0,0.0,0.0,0.0,,N
9533,15,1,2026-06-04 13:35:45.609,1330356651,2026-06-23 15:20:17.912,"2.7. PP, Месинг, Хром връзки",Преход PPR резба вътрешна B-R G8270G ф20х1/2“,833804,00002054,M,M,M,бр.,,,2.31,0.0,0.0,0.0,,,N,1.0,2.0,,КРИСМЕТАЛ,,,,1.5,,,,,,,,Y,0,,0.0,,,0.0,0.0,Y,Y,Y,N,2328,,0.0,,,,,,,,,,,,0,0.0,0.0,0.0,,N
9533,17,1,2026-06-04 13:36:36.391,1330356709,2026-06-23 15:20:54.068,"2.7. PP, Месинг, Хром връзки",Преход PPR резба външна B-R G8243G ф20х3/4“,833805,00002055,M,M,M,бр.,,,3.39,0.0,0.0,0.0,,,N,1.0,2.0,,КРИСМЕТАЛ,,,,1.5,,,,,,,,Y,0,,0.0,,,0.0,0.0,Y,Y,Y,N,2329,,0.0,,,,,,,,,,,,0,0.0,0.0,0.0,,N
9533,19,1,2026-05-04 14:27:08.933,1327260219,2026-07-03 15:27:03.515,2. Консумативи,Разклонител за контакт 3х2PE,,00002006,M,M,M,бр.,,,5.58,,,0.0,,,N,1.0,2.0,,,,,,1.5,,,,,,,,Y,0,,0.0,,,0.0,0.0,Y,Y,Y,N,2280,,0.0,,,,,,,,,,,,0,0.0,0.0,0.0,,N
9533,22,1,2026-05-04 14:28:17.758,1327260298,2026-07-03 15:27:03.515,2. Консумативи,Батерия Варта 9v,,00002007,M,M,M,бр.,,,3.18,,,0.0,,,N,1.0,2.0,,,,,,1.5,,,,,,,,Y,0,,0.0,,,0.0,0.0,Y,Y,Y,N,2281,,0.0,,,,,,,,,,,,0,0.0,0.0,0.0,,N
9533,31,1,2026-05-04 14:32:39.130,1327260601,2026-07-03 15:27:23.723,3. Инструменти,Комплект битове TOTAL 30части,,00002008,M,M,M,бр.,,,5.16,,,0.0,,,N,1.0,2.0,,,,,,1.5,,,,,,,,Y,0,,0.0,,,0.0,0.0,Y,Y,Y,N,2282,,0.0,,,,,,,,,,,,0,0.0,0.0,0.0,,N
10014,1,1,2026-06-04 13:38:02.444,1330356809,2026-06-23 15:19:44.584,"2.7. PP, Месинг, Хром връзки",Кран сфер. PPR B-R G8850 ф20,834304,00002056,M,M,M,бр.,,,10.37,0.0,0.0,0.0,,,N,1.0,2.0,,КРИСМЕТАЛ,,,,1.5,,,,,,,,Y,0,,0.0,,,0.0,0.0,Y,Y,Y,N,2330,,0.0,,,,,,,,,,,,0,0.0,0.0,0.0,,N
10014,3,1,2026-06-04 14:20:18.176,1330359974,2026-06-24 15:24:31.663,2.8. Маркучи,Шлаух полиамид син 8/6,TRN 8/6-B,00002057,M,M,M,м.,,,1.03,0.0,0.0,0.0,,,N,1.0,2.0,,ЛД ООД,,,,1.5,,,,,,,,Y,0,,0.0,,,0.0,0.0,Y,Y,Y,N,2331,,0.0,,,,,,,,,,,,0,0.0,0.0,0.0,,N
10014,4,1,2026-06-04 14:34:38.799,1335163517,2026-07-22 15:16:41.543,Сензори,Дебитомер SLAENH-207367,90268020,00002058,M,M,M,бр.,,,3962.0,0.0,0.0,0.0,,,Y,0.0,0.0,,BROOKS INSTRUMENT GmbH,,,,1.5,,,,,,,,Y,0,,0.0,,,0.0,0.0,Y,Y,Y,N,2332,,0.0,,,,,,,,,,,,0,0.0,0.0,0.0,,N
10014,6,1,2026-06-08 07:36:10.529,1330731681,2026-06-24 13:57:59.028,Гофри,Гофре армирано ф20 UV филтър,,00002059,M,M,M,м.,,,0.73,0.0,0.0,0.0,,,N,1.0,2.0,,ИВДА-ГЕО ООД,,,,1.5,,,,,,,,Y,0,,0.0,,,0.0,0.0,Y,Y,Y,N,2333,,0.0,,,,,,,,,,,,0,0.0,0.0,0.0,,N
10014,8,1,2026-06-08 07:39:12.163,1330732338,2026-07-03 15:27:03.515,2. Консумативи,Кабелна връзка 4.8х430 БМ (100бр.),,00002060,M,M,M,бр.,,,8.13,0.0,0.0,0.0,,,N,1.0,2.0,,ИВДА-ГЕО ООД,,,,1.5,,,,,,,,Y,0,,0.0,,,0.0,0.0,Y,Y,Y,N,2334,,0.0,,,,,,,,,,,,0,0.0,0.0,0.0,,N
10014,10,1,2026-06-08 07:39:45.387,1330732288,2026-07-03 15:27:03.515,2. Консумативи,Кабелна връзка 4.8х250 БМ (100бр.) бяла,,00002061,M,M,M,бр.,,,4.18,0.0,0.0,0.0,,,N,1.0,2.0,,ИВДА-ГЕО ООД,,,,1.5,,,,,,,,Y,0,,0.0,,,0.0,0.0,Y,Y,Y,N,2335,,0.0,,,,,,,,,,,,0,0.0,0.0,0.0,,N
10014,12,1,2026-05-07 12:19:33.286,1327551358,2026-07-03 15:27:03.515,2. Консумативи,щепсел 3фазен 32А,,00002009,M,M,M,бр.,,,9.15,,,0.0,,,N,1.0,2.0,,,,,,1.5,,,,,,,,Y,0,,0.0,,,0.0,0.0,Y,Y,Y,N,2283,,0.0,,,,,,,,,,,,0,0.0,0.0,0.0,,N
10014,14,1,2026-06-08 07:40:20.523,1330731970,2026-06-08 09:08:04.977,"Кабелни накрайници, обувки",Бабелна връзка 4.8х250 (100бр.),,00002062,M,M,M,м.,,,4.18,0.0,0.0,0.0,,,N,1.0,2.0,,ИВДА-ГЕО ООД,,,,1.5,,,,,,,,Y,0,,0.0,,,0.0,0.0,Y,Y,Y,N,2336,,0.0,,,,,,,,,,,,0,0.0,0.0,0.0,,N
10014,15,1,2026-05-07 12:20:40.066,1327551435,2026-07-03 15:27:03.515,2. Консумативи,контакт 3фазен 32А,,00002010,M,M,M,бр.,,,7.78,,,0.0,,,N,1.0,2.0,,,,,,1.5,,,,,,,,Y,0,,0.0,,,0.0,0.0,Y,Y,Y,N,2284,,0.0,,,,,,,,,,,,0,0.0,0.0,0.0,,N
10014,18,1,2026-06-08 07:43:23.553,1330732281,2026-07-03 15:27:03.515,2. Консумативи,Кабелна връзка 4.8х250 БМ (100бр.) черна,,00002063,M,M,M,бр.,,,4.18,0.0,0.0,0.0,,,N,1.0,2.0,,ИВДА-ГЕО ООД,,,,1.5,,,,,,,,Y,0,,0.0,,,0.0,0.0,Y,Y,Y,N,2337,,0.0,,,,,,,,,,,,0,0.0,0.0,0.0,,N
10014,20,1,2026-06-08 07:56:18.841,1330733079,2026-06-16 13:30:08.978,"Кабелни накрайници, обувки","Кабелни обувки нивски, черен/сив DIADORA S3 SRC",06100505.43,00002064,M,M,M,бр.,,,78.12,0.0,0.0,0.0,,,N,1.0,2.0,,БУЛТЕХ ЕООД,,,,1.5,,,,,,,,Y,0,,0.0,,,0.0,0.0,Y,Y,Y,N,2338,,0.0,,,,,,,,,,,,0,0.0,0.0,0.0,,N
10014,22,1,2026-06-08 07:59:57.046,1330733331,2026-06-23 10:46:43.959,1.3. Металхидрид,Контейнер за пробоотбиране PE-LD 500мл с винт.к.,,00002065,M,M,M,бр.,,,3.1,0.0,0.0,0.0,,,P,0.0,0.0,,МАРВИН ООД,,,,1.5,,,,,,,,Y,0,,0.0,,,0.0,0.0,Y,Y,Y,N,2339,,0.0,,,,,,,,,,,,0,0.0,0.0,0.0,,N
10014,24,1,2026-05-07 13:55:37.421,1327558390,2026-06-23 13:27:53.691,2.5.5. Клапани,Иглен клапан 4630 02 220v,,00002011,M,M,M,бр.,,,60.36,0.0,0.0,0.0,,,N,1.0,2.0,,GENEBRE,,,,1.5,,,,,,,,Y,0,,0.0,,,0.0,0.0,Y,Y,Y,N,2285,,0.0,,,,,,,,,,,,0,0.0,0.0,0.0,,N
10029,2,1,2026-06-08 08:46:43.314,1330736579,2026-06-23 10:45:47.937,7. Кабели,"Проводник H07V-K (ПВ-А2) 2,5mm жълто-зелен",X01050204C,00002066,M,M,M,м.,,,0.44,0.0,0.0,0.0,,,N,0.0,0.0,,ШРАК ТЕХНИК ЕООД,,,,1.5,,,,,,,,Y,0,,0.0,,,0.0,0.0,Y,Y,Y,N,2340,,0.0,,,,,,,,,,,,0,0.0,0.0,0.0,,N
10029,4,1,2026-06-08 08:47:39.709,1330736686,2026-06-16 13:30:08.978,"Кабелни накрайници, обувки","Обувка изол. М10, 2.5-6mm",BGH360292-,00002067,M,M,M,бр.,,,0.14,0.0,0.0,0.0,,,N,0.0,0.0,,ШРАК ТЕХНИК ЕООД,,,,1.5,,,,,,,,Y,0,,0.0,,,0.0,0.0,Y,Y,Y,N,2341,,0.0,,,,,,,,,,,,0,0.0,0.0,0.0,,N
10029,6,1,2026-06-08 09:43:00.320,1330740487,2026-07-07 08:52:33.484,АЛУСИЛ,Сликагел - тип ORANGE,,00002068,M,M,M,кг.,,,8.0,0.0,0.0,0.0,,,P,0.0,0.0,,АЛУСИЛ ООД,,,,1.5,,,,,,,,Y,0,,0.0,,,0.0,0.0,Y,Y,Y,N,2342,,0.0,,,,,,,,,,,,0,0.0,0.0,0.0,,N
10029,7,1,2026-06-17 08:09:14.443,1331633977,2026-06-23 16:02:13.643,5. Устройства,Лампа гравитационна PER 450W,,00002074,M,M,M,м.,,,96.86,0.0,0.0,0.0,,,N,0.0,0.0,,ТАНГРА - АВ ООД,,,,1.5,,,,,,,,Y,0,,0.0,,,0.0,0.0,Y,Y,Y,N,2348,,0.0,,,,,,,,,,,,0,0.0,0.0,0.0,,N
10029,8,1,2026-05-07 14:24:02.504,1330350626,2026-06-23 09:42:56.931,Тапи на резба,Тапа 316L резба 1/2“ GENEBRE, 0230N,00002012,M,M,M,бр.,,,0.74,,,0.0,,,N,1.0,2.0,,GENEBRE,,,,1.5,,,,,,,,Y,0,,0.0,,,0.0,0.0,Y,Y,Y,N,2286,,0.0,,,,,,,,,,,,0,0.0,0.0,0.0,,N
10029,10,1,2026-06-08 09:52:09.976,1330741123,2026-07-10 10:00:48.117,"2.7. PP, Месинг, Хром връзки",Муфа PP ф32,,00002069,M,M,M,бр.,,,0.45,0.0,0.0,0.0,,,N,1.0,2.0,,ИВДА-ГЕО ООД,,,,1.5,,,,,,,,Y,0,,0.0,,,0.0,0.0,Y,Y,Y,N,2343,,0.0,,,,,,,,,,,,0,0.0,0.0,0.0,,N
10029,13,1,2026-05-07 14:39:09.412,1327561073,2026-07-07 08:22:56.809,Genebre,Трипътен кран DN25 GENEBRE,,00002013,M,M,M,бр.,,,185.93,,,0.0,,,N,1.0,2.0,,GENEBRE,,,,1.5,,,,,,,,Y,0,,0.0,,,0.0,0.0,Y,Y,Y,N,2287,,0.0,,,,,,,,,,,,0,0.0,0.0,0.0,,N
10029,15,1,2026-06-16 09:49:50.105,1331540962,2026-06-23 15:24:58.179,"2.7. PP, Месинг, Хром връзки",Преход PP резба външна ф20х1/2“,,00002070,M,M,M,бр.,,,1.76,0.0,0.0,0.0,,,N,0.0,0.0,,ИВДА-ГЕО ООД,,,,1.5,,,,,,,,Y,0,,0.0,,,0.0,0.0,Y,Y,Y,N,2344,,0.0,,,,,,,,,,,,0,0.0,0.0,0.0,,N
10029,17,1,2026-06-16 09:51:22.487,1331541069,2026-06-23 15:23:26.819,"2.7. PP, Месинг, Хром връзки",Муфа PP редуцираща ф32хф20,,00002071,M,M,M,бр.,,,0.73,0.0,0.0,0.0,,,N,0.0,0.0,,ИВДА-ГЕО ООД,,,,1.5,,,,,,,,Y,0,,0.0,,,0.0,0.0,Y,Y,Y,N,2345,,0.0,,,,,,,,,,,,0,0.0,0.0,0.0,,N
10029,19,1,2026-06-16 09:53:10.062,1331541194,2026-06-23 15:35:59.682,"2.7. PP, Месинг, Хром връзки",Тръба PP за т. вода PN20 ф20,,00002072,M,M,M,м.,,,1.35,0.0,0.0,0.0,,,N,0.0,0.0,,ИВДА-ГЕО ООД,,,,1.5,,,,,,,,Y,0,,0.0,,,0.0,0.0,Y,Y,Y,N,2346,,0.0,,,,,,,,,,,,0,0.0,0.0,0.0,,N
10029,24,1,2026-06-18 07:44:45.917,1332358120,2026-06-24 14:02:40.577,Кабели - Мрежови,Кабел пач S/FTP Cat.6 LSZH 0.15m сив,"K5510.0,15",00002075,M,M,M,бр.,,,1.02,0.0,0.0,0.0,,,N,0.0,0.0,,АйСи Лоджистик ООД,,,,1.5,,,,,,,,Y,0,,0.0,,,0.0,0.0,Y,Y,Y,N,2349,,0.0,,,,,,,,,,,,0,0.0,0.0,0.0,,N
10029,28,1,2026-06-18 07:47:55.283,1331732802,2026-06-18 07:52:21.379,"Кабелни накрайници, обувки",Ключови жакове Cat.6 180о,3-1462001,00002076,M,M,M,бр.,,,2.35,0.0,0.0,0.0,,,N,0.0,0.0,,АйСи Лоджистик ООД,,,,1.5,,,,,,,,Y,0,,0.0,,,0.0,0.0,Y,Y,Y,N,2350,,0.0,,,,,,,,,,,,0,0.0,0.0,0.0,,N
10429,1,1,2026-06-18 07:54:01.019,1331732940,2026-07-07 08:42:05.059,АйСи Лоджистик,"Кабел пач S/FTP Cat.6 LSZH 0.15m сив,","K5510.0,15",00002077,M,M,M,бр.,,,1.02,0.0,0.0,0.0,,,N,0.0,0.0,,АйСи Лоджистик ООД,,,,1.5,,,,,,,,Y,0,,0.0,,,0.0,0.0,Y,Y,Y,N,2351,,0.0,,,,,,,,,,,,0,0.0,0.0,0.0,,N
10429,4,1,2026-06-18 08:06:20.867,1331733776,2026-06-18 08:06:49.898,Други (Електроника),Трансмитер с галв. разделяне тип К към 4-20mA,NOV_8806030306,00002078,M,M,M,бр.,,,92.0,0.0,0.0,0.0,,,N,0.0,0.0,,ДЕЛТА ИНСТРУМЕНТ ООД,,,,1.5,,,,,,,,Y,0,,0.0,,,0.0,0.0,Y,Y,Y,N,2352,,0.0,,,,,,,,,,,,0,0.0,0.0,0.0,,N
10429,6,1,2026-06-18 08:21:24.331,1331734820,2026-06-23 10:48:40.048,2.2. Фитинги за заваряване,Концентричен нам. 304L (26.9x21.3x2) 3/4“-1/2“,106703,00002079,M,M,M,бр.,,,3.17,0.0,0.0,0.0,,,N,0.0,0.0,,КРИСМЕТАЛ,,,,1.5,,,,,,,,Y,0,,0.0,,,0.0,0.0,Y,Y,Y,N,2353,,0.0,,,,,,,,,,,,0,0.0,0.0,0.0,,N
10429,7,1,2026-06-24 08:06:29.000,1332333785,2026-06-24 08:06:53.430,1.2.2 Съдове (Очиска),Топлообменник XT Hexonic JAD X 3.18.08.75,01020019,00002090,M,M,M,бр.,,,2030.0,0.0,0.0,0.0,,,N,0.0,0.0,,АПОГЕЙ 99 ООД,,,,1.5,,,,,,,,Y,0,,0.0,,,0.0,0.0,Y,Y,Y,N,2364,,0.0,,,,,,,,,,,,0,0.0,0.0,0.0,,N
10429,10,1,2026-06-18 08:26:16.604,1331735159,2026-06-23 10:48:40.048,2.2. Фитинги за заваряване,Концентричен нам. 304L (33.7x26.9x2) 1“-3/4“,106705,00002080,M,M,M,бр.,,,1.96,0.0,0.0,0.0,,,N,0.0,0.0,,КРИСМЕТАЛ,,,,1.5,,,,,,,,Y,0,,0.0,,,0.0,0.0,Y,Y,Y,N,2354,,0.0,,,,,,,,,,,,0,0.0,0.0,0.0,,N
10429,13,1,2026-06-18 08:27:44.069,1331735262,2026-06-23 11:00:42.259,Вътрешна резба,Преход 316L резба вътрешна 150LBS 1 1/2“-1“,105422,00002081,M,M,M,бр.,,,9.76,0.0,0.0,0.0,,,N,0.0,0.0,,КРИСМЕТАЛ,,,,1.5,,,,,,,,Y,0,,0.0,,,0.0,0.0,Y,Y,Y,N,2355,,0.0,,,,,,,,,,,,0,0.0,0.0,0.0,,N
10429,17,1,2026-06-18 08:29:16.503,1331735368,2026-06-23 10:48:32.408,2.1. Тръби,Изолация тръбна RUBAFLEX 9x43,320643,00002082,M,M,M,м.,,,0.83,0.0,0.0,0.0,,,N,0.0,0.0,,КРИСМЕТАЛ,,,,1.5,,,,,,,,Y,0,,0.0,,,0.0,0.0,Y,Y,Y,N,2356,,0.0,,,,,,,,,,,,0,0.0,0.0,0.0,,N
10429,22,1,2026-06-18 08:36:20.024,1331735857,2026-07-10 08:00:31.300,2.5.3. Кранове на резба,Кран сфер. на рез. 2-части 316L 1/2“,TH0624,00002083,M,M,M,бр.,,,8.88,0.0,0.0,0.0,,,N,0.0,0.0,,КРИСМЕТАЛ,,,,1.5,,,,,,,,Y,0,,0.0,,,0.0,0.0,Y,Y,Y,N,2357,,0.0,,,,,,,,,,,,0,0.0,0.0,0.0,,N
10429,24,1,2026-06-18 08:42:58.407,1331736318,2026-06-23 10:48:40.048,2.2. Фитинги за заваряване,Полунипел 316L 150LBS 3/4“,108605,00002084,M,M,M,бр.,,,1.0,0.0,0.0,0.0,,,N,0.0,0.0,,КРИСМЕТАЛ,,,,1.5,,,,,,,,Y,0,,0.0,,,0.0,0.0,Y,Y,Y,N,2358,,0.0,,,,,,,,,,,,0,0.0,0.0,0.0,,N
10429,28,1,2026-06-18 08:43:42.662,1331736370,2026-06-23 10:48:40.048,2.2. Фитинги за заваряване,Полунипел 316L 150LBS EU 1“,108626,00002085,M,M,M,бр.,,,1.58,0.0,0.0,0.0,,,N,0.0,0.0,,КРИСМЕТАЛ,,,,1.5,,,,,,,,Y,0,,0.0,,,0.0,0.0,Y,Y,Y,N,2359,,0.0,,,,,,,,,,,,0,0.0,0.0,0.0,,N
10429,30,1,2026-06-18 09:14:42.850,1331738523,2026-06-23 10:48:40.048,2.2. Фитинги за заваряване,Концентричен нам. 304L (60.3x48.3x2) 2“-1 1/2“,106720,00002088,M,M,M,бр.,,,3.86,0.0,0.0,0.0,,,N,0.0,0.0,,КРИСМЕТАЛ,,,,1.5,,,,,,,,Y,0,,0.0,,,0.0,0.0,Y,Y,Y,N,2362,,0.0,,,,,,,,,,,,0,0.0,0.0,0.0,,N
10433,1,1,2026-06-24 09:31:26.634,1332339685,2026-06-24 09:36:40.706,Сензори,Дебитомер (Mass H2 300NLPM) 40bar 6barg,SLAENH-207367,00002091,M,M,M,бр.,,,3962.0,0.0,0.0,0.0,,,N,0.0,0.0,,BROOKS INSTRUMENT GmbH,,,,1.5,,,,,,,,Y,0,,0.0,,,0.0,0.0,Y,Y,Y,N,2365,,0.0,,,,,,,,,,,,0,0.0,0.0,0.0,,N
10433,3,1,2026-06-24 09:32:09.242,1332339864,2026-06-24 09:36:40.716,Сензори,"Дебитомер (Mass H2 300NLPM) 40bar 0,5barg",SLAENH-207367,00002092,M,M,M,бр.,,,3962.0,0.0,0.0,0.0,,,N,0.0,0.0,,BROOKS INSTRUMENT GmbH,,,,1.5,,,,,,,,Y,0,,0.0,,,0.0,0.0,Y,Y,Y,N,2366,,0.0,,,,,,,,,,,,0,0.0,0.0,0.0,,N
10433,5,1,2026-06-24 09:42:57.136,1332343020,2026-06-24 10:20:27.487,1.3. Металхидрид,Бутилки Металхидрид (LXF 1L L6X 200bar 17E +EAC),A6181Q MF/MF-RU/N-TPED,00002093,M,M,M,бр.,,,86.06,0.0,0.0,0.0,,"Единична цена: 68 EUR
Разпределена цена на услуги: 18.06 EUR",N,0.0,0.0,,REV GAZIPARI KFT.,,,,1.5,,,,,,,,Y,0,,0.0,,,0.0,0.0,Y,Y,Y,N,2367,,0.0,,,,,,,,,,,,0,0.0,0.0,0.0,,N
10433,7,1,2026-06-24 09:44:31.751,1332343031,2026-06-24 10:20:27.500,1.3. Металхидрид,Кран Металхидрид (GCE H2 DIN01 17E 200bar),776060,00002094,M,M,M,бр.,,,29.11,0.0,0.0,0.0,,"Единична цена: 23 EUR
Разпределена цена на услуги: 6.11 EUR",N,0.0,0.0,,REV GAZIPARI KFT.,,,,1.5,,,,,,,,Y,0,,0.0,,,0.0,0.0,Y,Y,Y,N,2368,,0.0,,,,,,,,,,,,0,0.0,0.0,0.0,,N
10433,8,1,2026-07-03 13:06:54.758,1333255096,2026-07-03 13:13:45.945,3. Метални Елементи,Ламарина прос.раз.студ. 1.25х1000х2000мм 11х9мм,057 ERX 044 SQ 11,00002095,M,M,M,бр.,,,17.18,0.0,0.0,0.0,,,N,0.0,0.0,,ТАШЕВ ГАЛВИНГ ООД,,,,1.5,,,,,,,,Y,0,,0.0,,,0.0,0.0,Y,Y,Y,N,2369,,0.0,,,,,,,,,,,,0,0.0,0.0,0.0,,N
10433,12,1,2026-07-03 13:09:13.265,1333255006,2026-07-03 13:14:05.626,Винтове,"Винт за метал с 6-стенна глава SW8, 4.8х13мм","014 TGK 296, DIN7504K",00002096,M,M,M,бр.,,,0.04,0.0,0.0,0.0,,,N,0.0,0.0,,ТАШЕВ ГАЛВИНГ ООД,,,,1.5,,,,,,,,Y,0,,0.0,,,0.0,0.0,Y,Y,Y,N,2370,,0.0,,,,,,,,,,,,0,0.0,0.0,0.0,,N
10433,14,1,2026-07-03 13:10:34.770,1333254998,2026-07-03 13:13:59.333,Винтове,"Винт за метал с 6-стенна глава SW7, 4.2х13мм",014 TGK 457 DIN 7504K,00002097,M,M,M,бр.,,,0.03,0.0,0.0,0.0,,,N,0.0,0.0,,ТАШЕВ ГАЛВИНГ ООД,,,,1.5,,,,,,,,Y,0,,0.0,,,0.0,0.0,Y,Y,Y,N,2371,,0.0,,,,,,,,,,,,0,0.0,0.0,0.0,,N
10433,16,1,2026-07-03 13:11:42.704,1333254981,2026-07-03 13:14:08.861,Винтове,"Винт за метал с 6-стенна глава SW8, 4.8х16мм",014 TGK 061 DIN 7504K,00002098,M,M,M,бр.,,,0.04,0.0,0.0,0.0,,,N,0.0,0.0,,ТАШЕВ ГАЛВИНГ ООД,,,,1.5,,,,,,,,Y,0,,0.0,,,0.0,0.0,Y,Y,Y,N,2372,,0.0,,,,,,,,,,,,0,0.0,0.0,0.0,,N
10433,18,1,2026-07-03 13:13:02.185,1333255073,2026-07-03 13:14:02.505,Винтове,"Винт за метал с 6-стенна глава SW7, 4.2х16мм",014 TGK 178 DIN 7504K,00002099,M,M,M,бр.,,,0.03,0.0,0.0,0.0,,,N,0.0,0.0,,ТАШЕВ ГАЛВИНГ ООД,,,,1.5,,,,,,,,Y,0,,0.0,,,0.0,0.0,Y,Y,Y,N,2373,,0.0,,,,,,,,,,,,0,0.0,0.0,0.0,,N
10433,22,1,2026-07-03 13:44:58.395,1333257290,2026-07-03 13:45:19.776,1. Пречистване на вода,Система за преч. на вода APRO-MCR-100-DI 10bar,534799,00002100,M,M,M,бр.,,,4459.0,0.0,0.0,0.0,,"Цена артикул: 4200 EUR
Цена доставка: 259 EUR",N,0.0,0.0,,AQUAPHOR INTERNATIONAL,,,,1.5,,,,,,,,Y,0,,0.0,,,0.0,0.0,Y,Y,Y,N,2374,,0.0,,,,,,,,,,,,0,0.0,0.0,0.0,,N
10437,1,1,2026-07-14 07:44:39.908,1334332415,2026-07-14 07:47:10.672,7. Кабели,Кабел ШВПС/H05VV-F 5x10 бял 300/500V,КН07040129,00002102,M,M,M,м.,,,8.7,0.0,0.0,0.0,,,N,0.0,0.0,,ТМТ - ЕЛКОМ - ООД,,,,1.5,,,,,,,,Y,0,,0.0,,,0.0,0.0,Y,Y,Y,N,2376,,0.0,,,,,,,,,,,,0,0.0,0.0,0.0,,N
10437,11,1,2026-07-14 07:46:28.387,1334332395,2026-07-14 07:47:24.569,"Кабелни накрайници, обувки",Кабелна обувка медна тръбна покалаена 10/6,FN02030007,00002103,M,M,M,бр.,,,0.2,0.0,0.0,0.0,,,N,0.0,0.0,,ТМТ - ЕЛКОМ - ООД,,,,1.5,,,,,,,,Y,0,,0.0,,,0.0,0.0,Y,Y,Y,N,2377,,0.0,,,,,,,,,,,,0,0.0,0.0,0.0,,N
10437,20,1,2026-07-14 07:50:08.559,1334332650,2026-07-14 07:50:10.778,7. Кабели,Кабел flexi-w 0.25 red,,00002104,M,M,M,м.,,,0.66,0.0,0.0,0.0,,,N,0.0,0.0,,КОМЕТ ЕЛЕКТРОНИКС ООД,,,,1.5,,,,,,,,Y,0,,0.0,,,0.0,0.0,Y,Y,Y,N,2378,,0.0,,,,,,,,,,,,0,0.0,0.0,0.0,,N
10437,23,1,2026-07-14 08:24:50.359,1334335062,2026-07-14 08:24:54.664,Други (Електроника),Бутон R13-502A-BB,,00002105,M,M,M,бр.,,,0.47,0.0,0.0,0.0,,,N,0.0,0.0,,КОМЕТ ЕЛЕКТРОНИКС ООД,,,,1.5,,,,,,,,Y,0,,0.0,,,0.0,0.0,Y,Y,Y,N,2379,,0.0,,,,,,,,,,,,0,0.0,0.0,0.0,,N
10437,26,1,2026-07-14 08:26:13.938,1334335157,2026-07-14 08:26:15.483,Други (Електроника),Превключвател 5635A,,00002106,M,M,M,бр.,,,2.18,0.0,0.0,0.0,,,N,0.0,0.0,,КОМЕТ ЕЛЕКТРОНИКС ООД,,,,1.5,,,,,,,,Y,0,,0.0,,,0.0,0.0,Y,Y,Y,N,2380,,0.0,,,,,,,,,,,,0,0.0,0.0,0.0,,N
10437,28,1,2026-07-14 08:27:11.173,1334335223,2026-07-14 08:27:12.986,Други (Електроника),Потенциометър POT534B-5K,,00002107,M,M,M,бр.,,,8.16,0.0,0.0,0.0,,,N,0.0,0.0,,КОМЕТ ЕЛЕКТРОНИКС ООД,,,,1.5,,,,,,,,Y,0,,0.0,,,0.0,0.0,Y,Y,Y,N,2381,,0.0,,,,,,,,,,,,0,0.0,0.0,0.0,,N
10437,32,1,2026-07-14 08:33:48.045,1334335696,2026-07-14 10:00:10.769,1. Пречистване на вода,Корпус преди филтър (Gross 20“/Connection 1“),507878,00002108,M,M,M,бр.,,,30.21,0.0,0.0,0.0,,,N,0.0,0.0,,AQUAPHOR INTERNATIONAL,,,,1.5,,,,,,,,Y,0,,0.0,,,0.0,0.0,Y,Y,Y,N,2382,,0.0,,,,,,,,,,,,0,0.0,0.0,0.0,,N
10437,36,1,2026-07-14 08:37:13.679,1334335920,2026-07-14 10:00:20.543,1. Пречистване на вода,Дебитомер за кран 1“(5447018)+кабел за сонда 1“,512029,00002109,M,M,M,бр.,,,12.5,0.0,0.0,0.0,,,N,0.0,0.0,,AQUAPHOR INTERNATIONAL,,,,1.5,,,,,,,,Y,0,,0.0,,,0.0,0.0,Y,Y,Y,N,2383,,0.0,,,,,,,,,,,,0,0.0,0.0,0.0,,N
10439,1,1,2026-07-14 08:37:57.462,1334335971,2026-07-14 10:00:29.630,1. Пречистване на вода,Сензор TDS SP5,511497,00002110,M,M,M,бр.,,,9.5,0.0,0.0,0.0,,,N,0.0,0.0,,AQUAPHOR INTERNATIONAL,,,,1.5,,,,,,,,Y,0,,0.0,,,0.0,0.0,Y,Y,Y,N,2384,,0.0,,,,,,,,,,,,0,0.0,0.0,0.0,,N
10439,3,1,2026-07-14 08:38:57.968,1334341970,2026-07-14 10:04:22.792,1. Пречистване на вода,Връзка PVC М/Ж 32мм,217612,00002111,M,M,M,бр.,,,3.5,0.0,0.0,0.0,,,N,0.0,0.0,,AQUAPHOR INTERNATIONAL,,,,1.5,,,,,,,,Y,0,,0.0,,,0.0,0.0,Y,Y,Y,N,2385,,0.0,,,,,,,,,,,,0,0.0,0.0,0.0,,N
10439,5,1,2026-07-14 08:39:55.409,1334336107,2026-07-14 10:01:36.171,1. Пречистване на вода,Редуктори PVC комбинирани,217550,00002112,M,M,M,бр.,,,3.5,0.0,0.0,0.0,,,N,0.0,0.0,,AQUAPHOR INTERNATIONAL,,,,1.5,,,,,,,,Y,0,,0.0,,,0.0,0.0,Y,Y,Y,N,2386,,0.0,,,,,,,,,,,,0,0.0,0.0,0.0,,N
10439,7,1,2026-07-14 08:41:26.042,1334336212,2026-07-14 08:41:27.775,1. Пречистване на вода,Тръба централна 44“ с долен разпределител,512216,00002113,M,M,M,бр.,,,0.0,0.0,0.0,0.0,,,N,0.0,0.0,,AQUAPHOR INTERNATIONAL,,,,1.5,,,,,,,,Y,0,,0.0,,,0.0,0.0,Y,Y,Y,N,2387,,0.0,,,,,,,,,,,,0,0.0,0.0,0.0,,N
10439,9,1,2026-07-14 08:42:57.112,1334336318,2026-07-14 08:42:58.937,1. Пречистване на вода,Смола смесена йоннообменна PMB-101/18.5kg/251,203636,00002114,M,M,M,кг.,,,0.0,0.0,0.0,0.0,,,N,0.0,0.0,,AQUAPHOR INTERNATIONAL,,,,1.5,,,,,,,,Y,0,,0.0,,,0.0,0.0,Y,Y,Y,N,2388,,0.0,,,,,,,,,,,,0,0.0,0.0,0.0,,N
10439,11,1,2026-07-14 09:55:08.964,1334341331,2026-07-14 09:55:10.064,1. Пречистване на вода,Вентил входно изходен за FRP съд 2.5“ H9901,217202,00002115,M,M,M,бр.,,,0.0,0.0,0.0,0.0,,,N,0.0,0.0,,AQUAPHOR INTERNATIONAL,,,,1.5,,,,,,,,Y,0,,0.0,,,0.0,0.0,Y,Y,Y,N,2389,,0.0,,,,,,,,,,,,0,0.0,0.0,0.0,,N
10439,13,1,2026-07-14 09:56:19.154,1334341412,2026-07-14 10:02:13.437,1. Пречистване на вода,Съд FRP под налягане 8x44“/2.5“ H9901,203335,00002116,M,M,M,бр.,,,181.0,0.0,0.0,0.0,,,N,0.0,0.0,,AQUAPHOR INTERNATIONAL,,,,1.5,,,,,,,,Y,0,,0.0,,,0.0,0.0,Y,Y,Y,N,2390,,0.0,,,,,,,,,,,,0,0.0,0.0,0.0,,N
10439,15,1,2026-07-14 09:57:04.086,1334341464,2026-07-14 10:02:28.924,1. Пречистване на вода,Лампа UV 75W,527684,00002117,M,M,M,бр.,,,39.7,0.0,0.0,0.0,,,N,0.0,0.0,,AQUAPHOR INTERNATIONAL,,,,1.5,,,,,,,,Y,0,,0.0,,,0.0,0.0,Y,Y,Y,N,2391,,0.0,,,,,,,,,,,,0,0.0,0.0,0.0,,N
10439,18,1,2026-07-14 09:59:43.383,1334341648,2026-07-14 10:02:39.771,1. Пречистване на вода,Корпус за филтърен патрон празен BIG Blue 20“,512092,00002118,M,M,M,бр.,,,26.08,0.0,0.0,0.0,,,N,0.0,0.0,,AQUAPHOR INTERNATIONAL,,,,1.5,,,,,,,,Y,0,,0.0,,,0.0,0.0,Y,Y,Y,N,2392,,0.0,,,,,,,,,,,,0,0.0,0.0,0.0,,N
10439,20,1,2026-07-14 10:09:56.807,1334342358,2026-07-14 10:15:29.293,5. Устройства,UPS I-Dialog 1200VA 720W с IEC контакти/Офлайн,USID120---,00002119,M,M,M,бр.,,,157.38,,,0.0,,,N,0.0,0.0,,ШРАК ТЕХНИК ЕООД,,,,1.5,,,,,,,,Y,0,,0.0,,,0.0,0.0,Y,Y,Y,N,2393,,0.0,,,,,,,,,,,,0,0.0,0.0,0.0,,N
10439,23,1,2026-07-14 10:31:23.888,1334343847,2026-07-14 10:31:29.556,Контактори,Контактор модулен 25A 4NNO 24VAC/DC,БЗ326460VM,00002120,M,M,M,бр.,,,26.79,,,0.0,,,N,0.0,0.0,,ШРАК ТЕХНИК ЕООД,,,,1.5,,,,,,,,Y,0,,0.0,,,0.0,0.0,Y,Y,Y,N,2394,,0.0,,,,,,,,,,,,0,0.0,0.0,0.0,,N
10439,25,1,2026-07-22 12:54:54.190,1335154021,2026-07-22 12:58:12.093,9. Други,О-пръстен 6600 EPDM HTM 15 POS 3,5005.00.004,00002121,M,M,M,бр.,,,5.75,0.0,0.0,0.0,,"Цена с отстъпка: 5.0357 €
Цена за опаковане: 0.7143 €",N,0.0,0.0,,GEMMECOTTI SRL,,,,1.5,,,,,,,,Y,0,,0.0,,,0.0,0.0,Y,Y,Y,N,2395,,0.0,,,,,,,,,,,,0,0.0,0.0,0.0,,N
6945,1,1,2026-03-10 13:50:43.228,1321757759,2026-06-23 10:45:47.937,7. Кабели,"Кабел Flexi-e 0,25 blue",,00001873,M,M,M,м.,,,0.56,0.0,0.0,0.0,,,N,1.0,20.0,,КОМЕТ ЕЛЕКТРОНИКС ООД,,,,1.5,,,,,,,,Y,0,,0.0,,,0.0,0.0,Y,Y,Y,N,2146,,0.0,,,,,,,,,,,,0,0.0,0.0,0.0,,N
6945,2,1,2026-03-02 10:30:52.754,1320943813,2026-06-23 16:05:10.129,WAGO,2787-2146 (Захранване еднофазно),2787-2146,00001831,M,M,M,бр.,,,132.97,0.0,0.0,0.0,,"Pro 2, 1-фаза",N,1.0,20.0,,ВАГО БЪЛГАРИЯ ООД,,,,1.5,,,,,,,,Y,0,,0.0,,,0.0,0.0,Y,Y,Y,N,2104,,0.0,,,,,,,,,,,,0,0.0,0.0,0.0,,N
6945,4,1,2026-03-02 10:32:35.762,1320943932,2026-06-23 16:03:22.471,WAGO,750-564 (Изход аналог. 4 канален напр./ток),750-564,00001832,M,M,M,бр.,,,214.32,0.0,0.0,0.0,,"Напрежение/ток, U/I",N,1.0,20.0,,ВАГО БЪЛГАРИЯ ООД,,,,1.5,,,,,,,,Y,0,,0.0,,,0.0,0.0,Y,Y,Y,N,2105,,0.0,,,,,,,,,,,,0,0.0,0.0,0.0,,N
6945,6,1,2026-03-02 10:36:40.012,1320949664,2026-06-23 16:05:27.411,WAGO,750-923 (Конфигурационен кабел),750-923,00001833,M,M,M,бр.,,,42.23,0.0,0.0,0.0,,"Кабел USB конектор, 2,5м.",N,1.0,20.0,,ВАГО БЪЛГАРИЯ ООД,,,,1.5,,,,,,,,Y,0,,0.0,,,0.0,0.0,Y,Y,Y,N,2106,,0.0,,,,,,,,,,,,0,0.0,0.0,0.0,,N
6945,8,1,2026-03-02 10:41:11.421,1335332645,2026-07-24 07:50:05.250,WAGO,762-3404 (Уеб панел WP 400),60607976,00001834,M,M,M,бр.,,,557.305,0.0,0.0,0.0,,10.1 инча; 1280х800,N,1.0,20.0,,ВАГО БЪЛГАРИЯ ООД,,,,1.5,,,,,,,,Y,0,,0.0,,,0.0,0.0,Y,Y,Y,N,2107,,0.0,,,,,,,,,,,,0,0.0,0.0,0.0,,N
6945,10,1,2026-03-02 10:45:09.323,1330252187,2026-06-23 16:04:31.034,WAGO,750-1506 (Вход/изход цифров 8 канален DIO),750-1506,00001835,M,M,M,бр.,,,85.11,0.0,0.0,0.0,,"8 DIO, 24 VDC 0,5A",N,1.0,20.0,,ВАГО БЪЛГАРИЯ ООД,,,,1.5,,,,,,,,Y,0,,0.0,,,0.0,0.0,Y,Y,Y,N,2108,,0.0,,,,,,,,,,,,0,0.0,0.0,0.0,,N
6945,12,1,2026-03-10 13:51:35.271,1321757750,2026-06-23 10:45:47.937,7. Кабели,"Кабел Flexi-e 0,25 yellow",,00001874,M,M,M,м.,,,0.56,0.0,0.0,0.0,,,N,1.0,20.0,,КОМЕТ ЕЛЕКТРОНИКС ООД,,,,1.5,,,,,,,,Y,0,,0.0,,,0.0,0.0,Y,Y,Y,N,2147,,0.0,,,,,,,,,,,,0,0.0,0.0,0.0,,N
6945,14,1,2026-03-10 13:59:46.707,1321758319,2026-07-03 15:27:03.515,2. Консумативи,Контакт монофазен триполюсен,,00001875,M,M,M,бр.,,,3.64,0.0,0.0,0.0,,,N,1.0,20.0,,ИВДА-ГЕО ООД,,,,1.5,,,,,,,,Y,0,,0.0,,,0.0,0.0,Y,Y,Y,N,2148,,0.0,,,,,,,,,,,,0,0.0,0.0,0.0,,N
6945,16,1,2026-03-10 14:00:41.636,1321758382,2026-07-03 15:27:03.515,2. Консумативи,Щепсел/контакт монофазен триполюсен,,00001876,M,M,M,бр.,,,4.35,0.0,0.0,0.0,,,N,1.0,20.0,,ИВДА-ГЕО ООД,,,,1.5,,,,,,,,Y,0,,0.0,,,0.0,0.0,Y,Y,Y,N,2149,,0.0,,,,,,,,,,,,0,0.0,0.0,0.0,,N
6945,18,1,2026-03-10 14:08:24.787,1321758919,2026-07-03 15:27:03.515,2. Консумативи,Кабелна връзка 4.8х300,BM,00001877,M,M,M,бр.,,,0.06,0.0,0.0,0.0,,,N,100.0,100.0,,ИВДА-ГЕО ООД,,,,1.5,,,,,,,,Y,0,,0.0,,,0.0,0.0,Y,Y,Y,N,2150,,0.0,,,,,,,,,,,,0,0.0,0.0,0.0,,N
6945,20,1,2026-03-10 14:10:20.460,1321759053,2026-07-03 15:27:03.515,2. Консумативи,"Кабелна връзка 3.6х250, бели",BMM,00001878,M,M,M,бр.,,,0.03,0.0,0.0,0.0,,,N,100.0,100.0,,ИВДА-ГЕО ООД,,,,1.5,,,,,,,,Y,0,,0.0,,,0.0,0.0,Y,Y,Y,N,2151,,0.0,,,,,,,,,,,,0,0.0,0.0,0.0,,N
6945,22,1,2026-03-10 14:11:31.589,1321759246,2026-07-03 15:27:03.515,2. Консумативи,Настолна лампа,GU10,00001879,M,M,M,бр.,,,4.75,0.0,0.0,0.0,,,N,1.0,100.0,,ИВДА-ГЕО,,,,1.5,,,,,,,,Y,0,,0.0,,,0.0,0.0,Y,Y,Y,N,2152,,0.0,,,,,,,,,,,,0,0.0,0.0,0.0,,N
6945,24,1,2026-03-10 14:13:02.976,1321759240,2026-07-03 15:27:03.515,2. Консумативи,Лед лампа 10W/3000K,FRL JDR,00001880,M,M,M,бр.,,,2.54,0.0,0.0,0.0,,,N,1.0,100.0,,ИВДА-ГЕО ООД,,,,1.5,,,,,,,,Y,0,,0.0,,,0.0,0.0,Y,Y,Y,N,2153,,0.0,,,,,,,,,,,,0,0.0,0.0,0.0,,N
8048,1,1,2026-07-22 13:34:55.002,1335159884,2026-07-22 14:22:20.657,7. Кабели,"Проводник H05V-K (ПВ-А2) 500V 0,5mm оранжев",XC01040108,00002122,M,M,M,м.,,,0.1185,0.0,0.0,0.0,,,N,0.0,0.0,,ШРАК ТЕХНИК ЕООД,,,,1.5,,,,,,,,Y,0,,0.0,,,0.0,0.0,Y,Y,Y,N,2396,,0.0,,,,,,,,,,,,0,0.0,0.0,0.0,,N
8048,3,1,2026-07-22 13:37:54.867,1335159884,2026-07-22 14:22:20.766,7. Кабели,"Проводник H05V-K (ПВ-А2) 500V 0,5mm сив",XC01040105,00002123,M,M,M,м.,,,0.1185,0.0,0.0,0.0,,,N,0.0,0.0,,ШРАК ТЕХНИК ЕООД,,,,1.5,,,,,,,,Y,0,,0.0,,,0.0,0.0,Y,Y,Y,N,2397,,0.0,,,,,,,,,,,,0,0.0,0.0,0.0,,N
8048,12,1,2026-07-22 14:16:50.045,1335159885,2026-07-22 14:22:21.110,7. Кабели,"Проводник H05V-K (ПВ-А2) 500V 0,75mmІ син",XC01040202,00002124,M,M,M,м.,,,0.1546,0.0,0.0,0.0,,,N,0.0,0.0,,ШРАК ТЕХНИК ЕООД,,,,1.5,,,,,,,,Y,0,,0.0,,,0.0,0.0,Y,Y,Y,N,2398,,0.0,,,,,,,,,,,,0,0.0,0.0,0.0,,N
8048,14,1,2026-07-22 14:28:57.870,1335160344,2026-07-22 14:29:11.477,Релета,Реле мини тип PT 14 пина 4CO 24VAC 6A,PT570524,00002125,M,M,M,бр.,,,3.62,,,0.0,,,N,0.0,0.0,,ШРАК ТЕХНИК ЕООД,,,,1.5,,,,,,,,Y,0,,0.0,,,0.0,0.0,Y,Y,Y,N,2399,,0.0,,,,,,,,,,,,0,0.0,0.0,0.0,,N
8048,16,1,2026-07-22 14:32:13.643,1335160572,2026-07-22 14:34:05.237,М10,Болт с шест.гл. 8.8 vZn M10x100,00933 8801 10 100,00002126,M,M,M,бр.,,,0.168,0.0,0.0,0.0,,,N,0.0,0.0,,ИТТ БЪЛГАРИЯ ЕООД,,,,1.5,,,,,,,,Y,0,,0.0,,,0.0,0.0,Y,Y,Y,N,2400,,0.0,,,,,,,,,,,,0,0.0,0.0,0.0,,N
8048,18,1,2026-07-22 14:39:24.471,1335161222,2026-07-24 07:59:58.547,WAGO,787-1602 (Classic SMPS 1-фаз.),7871602,00002127,M,M,M,бр.,,,208.4,0.0,0.0,0.0,,,N,0.0,0.0,,ВАГО БЪЛГАРИЯ ООД,,,,1.5,,,,,,,,Y,0,,0.0,,,0.0,0.0,Y,Y,Y,N,2401,,0.0,,,,,,,,,,,,0,0.0,0.0,0.0,,N
8048,19,1,2026-07-24 08:46:43.062,1335336579,2026-07-24 08:46:44.499,1.2.2 Съдове (Очиска),Охладител 304 фл. (122/GL11/2.0/0.48/DN65/S/B),TD90W/HA,00002129,M,M,M,бр.,,,7217.21,0.0,0.0,0.0,,"Цена артикул: 5457.95 €
Цена доставка: 1759.26 €",N,0.0,0.0,,,,,,1.5,,,,,,,,Y,0,,0.0,,,0.0,0.0,Y,Y,Y,N,2403,,0.0,,,,,,,,,,,,0,0.0,0.0,0.0,,N
8048,21,1,2026-07-22 14:48:13.763,1335161682,2026-07-22 14:48:18.055,WAGO,750-455 (Вход аналогов IP20),,00002128,M,M,M,бр.,,,260.15,,,0.0,,,N,0.0,0.0,,TRANSFER MULTISORT ELEKTRONIK SP. ZO.O.,,,,1.5,,,,,,,,Y,0,,0.0,,,0.0,0.0,Y,Y,Y,N,2402,,0.0,,,,,,,,,,,,0,0.0,0.0,0.0,,N
7962,1,1,2026-04-06 14:32:55.458,1324460621,2026-06-23 15:50:21.545,М10,Болт за дърво DIN 571 ф10х50,000148,00001976,M,M,M,бр.,,,0.19,0.0,0.0,0.0,,,N,1.0,5.0,,ПРАКТИКЕР РИТЕЙЛ ЕООД,,,,1.5,,,,,,,,Y,0,,0.0,,,0.0,0.0,Y,Y,Y,N,2250,,0.0,,,,,,,,,,,,0,0.0,0.0,0.0,,N
7962,3,1,2026-04-08 08:01:17.203,1324633428,2026-07-03 15:27:23.723,3. Инструменти,"Стрителен колан с въже и сбуря, 1.5м.",094 PRV 779,00001980,M,M,M,бр.,,,33.84,0.0,0.0,0.0,,,N,3.0,5.0,,ТАШЕВ ГАЛВИНГ ООД,,,,1.5,,,,,,,,Y,0,,0.0,,,0.0,0.0,Y,Y,Y,N,2254,,0.0,,,,,,,,,,,,0,0.0,0.0,0.0,,N
7962,5,1,2026-04-08 08:03:11.092,1324633556,2026-07-03 15:27:23.723,3. Инструменти,"Въже за предпазен колан, 2м",110 PRV 090,00001981,M,M,M,бр.,,,17.67,0.0,0.0,0.0,,,N,1.0,5.0,,ТАШЕВ ГАЛВИНГ ООД,,,,1.5,,,,,,,,Y,0,,0.0,,,0.0,0.0,Y,Y,Y,N,2255,,0.0,,,,,,,,,,,,0,0.0,0.0,0.0,,N
7962,8,1,2026-04-06 14:45:13.736,1324461475,2026-06-23 15:57:02.347,Винтове,"Винт самопробивен за метал PRO M 4,2х13",487519,00001977,M,M,M,бр.,,,0.01,0.0,0.0,0.0,,,N,1.0,5.0,,ПРАКТИКЕР РИТЕЙЛ ЕООД,,,,1.5,,,,,,,,Y,0,,0.0,,,0.0,0.0,Y,Y,Y,N,2251,,0.0,,,,,,,,,,,,0,0.0,0.0,0.0,,N
7962,10,1,2026-04-08 08:04:20.354,1324633635,2026-07-03 15:27:23.723,3. Инструменти,"Енергиен абсорбатор за височина, 35мм",110 PRX 215,00001982,M,M,M,бр.,,,13.14,0.0,0.0,0.0,,,N,1.0,5.0,,ТАШЕВ ГАЛВИНГ ООД,,,,1.5,,,,,,,,Y,0,,0.0,,,0.0,0.0,Y,Y,Y,N,2256,,0.0,,,,,,,,,,,,0,0.0,0.0,0.0,,N
7962,12,1,2026-04-08 08:13:30.223,1324634272,2026-07-03 15:27:23.723,3. Инструменти,Конусовиден накрайник 190/175-40,F00100000025400585,00001983,M,M,M,бр.,,,7.76,0.0,0.0,0.0,,,N,1.0,5.0,,ВИ ДЖИ ЕФ ООД,,,,1.5,,,,,,,,Y,0,,0.0,,,0.0,0.0,Y,Y,Y,N,2257,,0.0,,,,,,,,,,,,0,0.0,0.0,0.0,,N
7962,13,1,2026-04-06 14:46:36.309,1324461571,2026-06-23 15:57:14.470,Винтове,"Винт самопробивен за метал PRO M 4,2х16",487521,00001978,M,M,M,бр.,,,0.03,0.0,0.0,0.0,,,N,1.0,5.0,,ПРАКТИКЕР РИТЕЙЛ ЕООД,,,,1.5,,,,,,,,Y,0,,0.0,,,0.0,0.0,Y,Y,Y,N,2252,,0.0,,,,,,,,,,,,0,0.0,0.0,0.0,,N
7962,17,1,2026-04-08 08:14:40.072,1324634354,2026-07-03 15:27:23.723,3. Инструменти,Конусовиден накрайник 120/30-15,F01300000024401494,00001984,M,M,M,бр.,,,2.62,0.0,0.0,0.0,,,N,1.0,5.0,,ВИ ДЖИ ЕФ ООД,,,,1.5,,,,,,,,Y,0,,0.0,,,0.0,0.0,Y,Y,Y,N,2258,,0.0,,,,,,,,,,,,0,0.0,0.0,0.0,,N
7962,18,1,2026-04-03 14:04:18.295,1331541227,2026-06-23 15:19:44.584,"2.7. PP, Месинг, Хром връзки",Коляно PP 90° ф20,,00001969,M,M,M,бр.,,,0.3,0.0,0.0,0.0,,,N,0.0,0.0,,ИВДА-ГЕО ООД,,,,1.5,,,,,,,,Y,0,,0.0,,,0.0,0.0,Y,Y,Y,N,2243,,0.0,,,,,,,,,,,,0,0.0,0.0,0.0,,N
7962,21,1,2026-04-08 09:54:52.579,1324641372,2026-07-03 15:27:03.515,2. Консумативи,"Кабелна връзка 3,6х200 БМ",,00001985,M,M,M,бр.,,,0.02375,0.0,0.0,0.0,,,N,10.0,10.0,,ИВДА-ГЕО ООД,,,,1.5,,,,,,,,Y,0,,0.0,,,0.0,0.0,Y,Y,Y,N,2259,,0.0,,,,,,,,,,,,0,0.0,0.0,0.0,,N
7962,24,1,2026-04-03 14:05:07.355,1324158691,2026-06-23 15:19:44.584,"2.7. PP, Месинг, Хром връзки",Коляно PP 90° ф40,,00001970,M,M,M,бр.,,,0.96,0.0,0.0,0.0,,,N,5.0,5.0,,ИВДА-ГЕО ООД,,,,1.5,,,,,,,,Y,0,,0.0,,,0.0,0.0,Y,Y,Y,N,2244,,0.0,,,,,,,,,,,,0,0.0,0.0,0.0,,N
7962,29,1,2026-04-03 14:06:58.170,1324158819,2026-07-10 10:00:28.480,"2.7. PP, Месинг, Хром връзки",Преход PP резба вътрешна ф32х1“,,00001971,M,M,M,бр.,,,4.56,0.0,0.0,0.0,,,N,5.0,5.0,,ИВДА-ГЕО ООД,,,,1.5,,,,,,,,Y,0,,0.0,,,0.0,0.0,Y,Y,Y,N,2245,,0.0,,,,,,,,,,,,0,0.0,0.0,0.0,,N
