__SOURCE_PAGE,__SOURCE_LINE,__RECORD_FORMAT,ID,OFFICE_ID,SMTYPE,DATETIME,NUM,DT_DOC,SMETKA,SKLAD,GRUPA,STOKA,SER_NO,RAZHOD,OLD_VALUE,OLD_TEXT,NEW_VALUE,NEW_TEXT,FIRMA
5258,0,1,108,0,3,6878510,5,1300260009,0000000001,Склад,Фитинги 316,коляно 90гр. вътр./вън. резба 101504 1/2`,,,0.0,,0.0,,
5258,1,1,115,0,6,10412533,2,1300248184,0000000001,Склад,Camozzi,права връзка 1511 8/6х1/8,,,0.0,,0.0,,
5258,2,1,116,0,6,10412533,1,1300248184,0000000001,Склад,Camozzi,права връзка 1511 8/6х1/4,,,0.0,,0.0,,
5258,3,1,118,0,6,11810467,1,1300261240,0000000002,Склад,М12,А2 болт 00933 9200 12 50 М12х50,,,0.0,,0.0,,
5258,4,1,122,0,6,2024181,2,1300333203,0000000002,Склад,Фитинги 304,тапа шестостенна 101004 1/2`,07082025,,0.0,,0.0,,
5258,5,1,124,0,6,2024181,1,1300333203,0000000002,Склад,свързващи кабели с конектор,"PUR кабел, М12 конектор EVC004 2 м.",,,0.0,,0.0,,
5258,6,1,125,0,6,2024181,3,1300333203,0000000002,Склад,свързващи кабели с конектор,"PUR кабел, М12 конектор EVC006 10 м.",,,0.0,,0.0,,
5258,7,1,127,0,6,2024181,2,1300333203,0000000002,Склад,Фитинги 304,тапа шестостенна 101004 1/2`,07082025,,5.0,бр.,15.0,бр.,
5258,8,1,129,0,6,2024181,4,1300333203,0000000002,Склад,Фитинги 316,коляно 90гр. вътр./вън. резба 101504 1/2`,07082025,,0.0,,0.0,,
5258,9,1,130,0,6,2024181,5,1300333203,0000000002,Склад,Фитинги 316,тройник вътр. резба 102304 1/2`,07082025,,0.0,,0.0,,
5258,10,1,131,0,6,2024181,6,1300333203,0000000002,Склад,Фитинги 304,нипел шестостен 100644 1/2`,,,0.0,,0.0,,
5258,11,1,172,0,6,5699944,2,1300838112,0000000004,Склад,Schrack,контактор LTD12523 11KW,,,0.0,,0.0,,
5258,12,1,173,0,6,5699944,2,1300838112,0000000004,Склад,Schrack,контактор LTD12523 11KW,,,2.0,бр.,3.0,бр.,
5258,13,1,284,2,6,49295105,14,1301045186,0000000005,Склад,304L,Муфа 304L резбa 150LBS L42 1``,56198161,,2.0,бр.,4.0,бр.,
5258,14,1,285,2,6,49295105,18,1301045186,0000000005,Склад,304L,Тапа 304L 150LBS 1/2``,16584381,,2.0,бр.,5.0,бр.,
5258,15,1,286,2,6,49295105,19,1301045186,0000000005,Склад,Фитинги 316,муфа вътр. резба 101802 1/4`,,,0.0,,0.0,,
5258,16,1,288,2,6,49295105,20,1301045186,0000000005,Склад,304L,Муфа 304L резбa 150LBS L42 1``,56198161,,0.0,,0.0,,
5258,17,1,289,2,6,49295105,14,1301045186,0000000005,Склад,304L,Муфа 304L резбa 150LBS L42 1``,56198161,,4.0,бр.,6.0,бр.,
5258,18,1,290,2,6,49295105,20,1301045186,0000000005,Склад,304L,Муфа 304L резбa 150LBS L42 1``,56198161,,0.0,,0.0,,
5258,19,1,313,2,6,45100278,4,1301333838,0000000006,Склад,Фитинги 316,нипел намалител 106105 1/2х1/4,,,0.0,,0.0,,
5258,20,1,332,2,3,44607876,6,1301442025,0000000008,Склад,Заваръчни връзки,"Капа нер.ст. 304L, 168.3х2",,,0.0,,0.0,,
5258,21,1,340,2,6,36157225,3,1301443470,0000000007,Склад,магнетвентил,датчици за налягане 1877 0-15 bar,,,0.0,,0.0,,
5258,22,1,341,2,6,36157225,4,1301443470,0000000007,Склад,304L,"коляно 90°, 304L, вътр./вън. резба, 1`",16843651,,0.0,,0.0,,
5258,23,1,342,2,6,36157225,5,1301443470,0000000007,Склад,Фитинги 316,преход м/ж 102114 1х1/2,,,0.0,,0.0,,
5258,24,1,343,2,6,36157225,6,1301443470,0000000007,Склад,304L,"нипел шестостен 304L, 1/2`",10142820/19082025,,0.0,,0.0,,
5258,25,1,344,2,6,36157225,2,1301443470,0000000007,Склад,304L,"нипел шестостен 304L, 1/2`",10142820/19082025,,6.0,бр.,7.0,бр.,
5258,26,1,345,2,6,36157225,6,1301443470,0000000007,Склад,304L,"нипел шестостен 304L, 1/2`",10142820/19082025,,0.0,,0.0,,
5258,27,1,367,2,6,43025231,2,1301635788,0000000009,Склад,фитинги за заварки,коляно 90? зав. 316 106406 33.7х2,,,0.0,,0.0,,
5426,0,1,368,2,6,43025231,3,1301635788,0000000009,Склад,фитинги за заварки,"коляно 90?, зав. 316 106408 48.3х2",,,0.0,,0.0,,
5426,1,1,372,2,3,44607876,3,1301442025,0000000008,Склад,магнетвентил,"предпазен вентил 1216 НРЖ, PN40 442806 1``-1``",202529294004,,395.95,L,475.14,L,
5426,2,1,373,2,3,44607876,3,1301442025,0000000008,Склад,магнетвентил,"предпазен вентил 1216 НРЖ, PN40 442806 1``-1``",202529294004,,0.0,%,-20.0,%,
5426,3,1,374,2,3,44607876,4,1301442025,0000000008,Склад,магнетвентил,пружина TOSACA 2.1-4.0 obarg 442892 M2170,10142820/19082025,,67.93,L,81.52,L,
5426,4,1,375,2,3,44607876,4,1301442025,0000000008,Склад,магнетвентил,пружина TOSACA 2.1-4.0 obarg 442892 M2170,10142820/19082025,,0.0,%,-20.0058884145444,%,
5426,5,1,376,2,3,44607876,5,1301442025,0000000008,Склад,Заваръчни връзки,Капа 316L заварка (168.3x2.0) 6``,10142820/19082025,,31.04,L,35.544,L,
5426,6,1,377,2,3,44607876,5,1301442025,0000000008,Склад,Заваръчни връзки,Капа 316L заварка (168.3x2.0) 6``,10142820/19082025,,0.0,%,-14.5103092783505,%,
5426,7,1,378,2,3,44607876,6,1301442025,0000000008,Склад,Заваръчни връзки,"Капа нер.ст. 304L, 168.3х2",10142820/19082025,,35.54,L,39.5,L,
5426,8,1,379,2,3,44607876,6,1301442025,0000000008,Склад,Заваръчни връзки,"Капа нер.ст. 304L, 168.3х2",10142820/19082025,,0.0,%,-11.1423747889702,%,
5426,9,1,387,2,6,39250253,2,1302038926,0000000011,Склад,Фитинги 316,преход м/ж 102108 3/4х1/4,,,0.0,,0.0,,
5426,10,1,391,2,6,39250253,3,1302038926,0000000011,Склад,Фитинги 316,коляно 45гр.  вътр. резба 100004 1/2`,,,0.0,,0.0,,
5426,11,1,392,2,6,39250253,4,1302038926,0000000011,Склад,Фитинги 316,тройник вътр. резба 102304 1/2`,,,0.0,,0.0,,
5426,12,1,393,2,6,39250253,5,1302038926,0000000011,Склад,304L,"нипел шестостен 304L, 1/2`",,,0.0,,0.0,,
5426,13,1,394,2,6,39250253,6,1302038926,0000000011,Склад,Фитинги 316,муфа вътр. резба 101804 1/2`,,,0.0,,0.0,,
5426,14,1,405,2,6,39250253,7,1302038926,0000000011,Склад,Фитинги 316,коляно 90гр. вътр. резба 100204 1/2`,,,0.0,,0.0,,
5426,15,1,406,2,6,39250253,8,1302038926,0000000011,Склад,304L,"нипел шестостен 304L, 1/2`",10142820/19082025,,0.0,,0.0,,
5426,16,1,407,2,6,39250253,9,1302038926,0000000011,Склад,Фитинги 316,муфа вътр. резба 101804 1/2`,,,0.0,,0.0,,
5426,17,1,408,2,6,39250253,6,1302038926,0000000011,Склад,Фитинги 316,муфа вътр. резба 101804 1/2`,,,1.0,бр.,7.0,бр.,
5426,18,1,409,2,6,39250253,9,1302038926,0000000011,Склад,Фитинги 316,муфа вътр. резба 101804 1/2`,,,0.0,,0.0,,
5426,19,1,410,2,6,39250253,5,1302038926,0000000011,Склад,304L,"нипел шестостен 304L, 1/2`",10142820/19082025,,1.0,бр.,7.0,бр.,
5426,20,1,411,2,6,39250253,8,1302038926,0000000011,Склад,304L,"нипел шестостен 304L, 1/2`",10142820/19082025,,0.0,,0.0,,
5426,21,1,413,2,6,39250253,5,1302038926,0000000011,Склад,304L,"нипел шестостен 304L, 1/2`",10142820/19082025,,7.0,бр.,13.0,бр.,
5426,22,1,414,2,6,39250253,6,1302038926,0000000011,Склад,Фитинги 316,муфа вътр. резба 101804 1/2`,,,7.0,бр.,9.0,бр.,
5426,23,1,415,2,6,39250253,7,1302038926,0000000011,Склад,Фитинги 316,коляно 90гр. вътр. резба 100204 1/2`,,,6.0,бр.,7.0,бр.,
5426,24,1,416,2,6,39250253,4,1302038926,0000000011,Склад,Фитинги 316,тройник вътр. резба 102304 1/2`,,,1.0,бр.,2.0,бр.,
5426,25,1,417,2,6,39250253,8,1302038926,0000000011,Склад,304L,Преход 304L 1/2`` x 1/4``,16981613,,0.0,,0.0,,
5447,0,1,419,2,6,39250253,9,1302038926,0000000011,Склад,Разни консумативи,сферичен кран с резба VP704000 1/2 - DN15,16814612,,0.0,,0.0,,
5447,1,1,444,2,6,45941293,1,1302153122,0000000012,Склад,магнетвентил,Ф2.5 21L2K1T25 R42,12345,,0.0,,0.0,,
5447,2,1,445,2,6,45941293,1,1302153122,0000000012,Склад,магнетвентил,Ф2.5 21L2K1T25 R42,12345,,0.0,,0.0,,
5447,3,1,453,2,6,38343640,3,1302242686,0000000013,Склад,М8,гайка цинк 00934 8001 8 М8,12345,,0.0,,0.0,,
5447,4,1,459,2,6,38343640,4,1302242686,0000000013,Склад,Фитинги 316,"холендер PTFE ж/ж, BSP 959496 1`",10143120/27082025/1,,0.0,,0.0,,
5447,5,1,509,2,6,36445432,2,1302341934,0000000014,Склад,Метални елементи,"Профилна тръба ЕЗ 30х30х1,5",28082025/10,,0.0,,0.0,,
5447,6,1,510,2,6,36445432,3,1302341934,0000000014,Склад,Метални елементи,Профилна тръба ЕЗ 40х20х2,28082025/11,,0.0,,0.0,,
5447,7,1,511,2,6,36445432,4,1302341934,0000000014,Склад,Метални елементи,Профилна тръба ЕЗ 40х40х2,28082025/12,,0.0,,0.0,,
5447,8,1,512,2,6,36445432,5,1302341934,0000000014,Склад,Метални елементи,Профилна тръба ЕЗ 50х50х2,28082025/13,,0.0,,0.0,,
5447,9,1,513,2,6,36445432,6,1302341934,0000000014,Склад,Метални елементи,Профилна тръба ЕЗ 60х60х2,28082025/14,,0.0,,0.0,,
5447,10,1,533,2,6,36445432,7,1302341934,0000000014,Склад,Електролизьор,Композитна мембрана за алкални електролизни с-ве,VMA2025081801/18082025,,0.0,,0.0,,
5447,11,1,534,2,6,36445432,8,1302341934,0000000014,Склад,Услуги,Транспорт Китай,,,0.0,,0.0,,
5447,12,1,541,2,6,36445432,9,1302341934,0000000014,Склад,PP компоненти,ПП тръба за т. вода Ф25/PN25,164578/1,,0.0,,0.0,,
5447,13,1,542,2,6,36445432,10,1302341934,0000000014,Склад,PP компоненти,Тапа за У.К.Б.,164578/2,,0.0,,0.0,,
5447,14,1,561,2,6,35652614,6,1302433775,0000000015,Склад,Заваръчни връзки,"Коляно 90o 304L заварка (33,7х2) 1``",28082025/27,,0.0,,0.0,,
5447,15,1,562,2,6,35652614,6,1302433775,0000000015,Склад,Заваръчни връзки,"Коляно 90o 304L заварка (33,7х2) 1``",28082025/27,,1.0,бр.,15.0,бр.,
5447,16,1,577,2,6,35652614,7,1302433775,0000000015,Склад,Устройства,Поплавъчен нивомер тип 8181,po32235,,0.0,,0.0,,
5447,17,1,584,2,6,33898063,2,1302753912,0000000016,Склад,304L,"нипел шестостен 304L, 1/2`",10142820/19082025,,0.0,,0.0,,
5447,18,1,588,2,6,33898063,3,1302753912,0000000016,Склад,Фитинги 316,коляно 90гр. вътр./вън. резба 101504 1/2`,07082025,,0.0,,0.0,,
5447,19,1,589,2,6,33898063,4,1302753912,0000000016,Склад,Фитинги 316,тройник вътр. резба 102304 1/2`,07082025,,0.0,,0.0,,
5447,20,1,590,2,6,33898063,5,1302753912,0000000016,Склад,Фитинги 316,нипел намалител 106105 1/2х1/4,,,0.0,,0.0,,
5447,21,1,591,2,6,33898063,6,1302753912,0000000016,Склад,Фитинги 316,муфа вътр. резба 101804 1/2`,07082025,,0.0,,0.0,,
5447,22,1,605,2,6,35508917,3,1302933171,0000000017,Склад,Кранове,Valve 3PC full bore ball (welded ends) 1```` wit,28082025/40,,0.0,,0.0,,
5447,23,1,606,2,6,35508917,4,1302933171,0000000017,Склад,Тръби,Тръба шевна 304L (21.3x2) 1/2``,28082025/2,,0.0,,0.0,,
5447,24,1,608,2,6,35508917,5,1302933171,0000000017,Склад,М12,болт цинк 00933 8801 12 45 М12х45,,,0.0,,0.0,,
5447,25,1,609,2,6,35508917,6,1302933171,0000000017,Склад,М12,гайка цинк 00934 8001 12 М12,,,0.0,,0.0,,
5447,26,1,610,2,6,35508917,7,1302933171,0000000017,Склад,М12,федер шайба цинк 00127 0021 12 М12,,,0.0,,0.0,,
5603,0,1,611,2,6,35508917,8,1302933171,0000000017,Склад,Тръби,Тръба шевна 304L (33.7x2.6) 1``,28082025/3,,0.0,,0.0,,
5603,1,1,621,2,6,35508917,9,1302933171,0000000017,Склад,Camozzi,ъглова връзка 1500 8/6х1/4,,,0.0,,0.0,,
5603,2,1,625,2,6,35508917,10,1302933171,0000000017,Склад 3,Други,"Тефлонова лента, 13м 3/4`",3901-00,,0.0,,0.0,,
5603,3,1,626,2,6,35508917,11,1302933171,0000000017,Склад 3,Други,"Тефлонова лента, 7м. 1/2`",3899-00,,0.0,,0.0,,
5603,4,1,628,2,6,35508917,12,1302933171,0000000017,Склад,Други,Калиева основа *2,122170/14082025,,0.0,,0.0,,
5603,5,1,633,2,3,37387668,3,1303052648,0000000023,Склад,Кранове,"3PCS full bore B.V., 1“",,,0.0,,0.0,,
5603,6,1,636,2,6,38097640,7,1303135467,0000000019,Склад,Устройства,Температурен датчик,ta-025clem14-a-zvg/us,,0.0,,0.0,,
5603,7,1,639,2,3,43579242,4,1303137901,0000000024,Склад,Кранове,Valve 2PC full bore ball (flanges ends) 2```` wi,,,0.0,,0.0,,
5603,8,1,644,2,3,43579242,5,1303137901,0000000024,Склад,Кранове,"Valve 2528, 1 1/2“ with GE-05, 24/24",,,0.0,,0.0,,
5603,9,1,645,2,3,43579242,6,1303137901,0000000024,Склад,Кранове,Valve 3PC full bore ball (welded ends) 1````,,,0.0,,0.0,,
5603,10,1,653,2,6,36687580,7,1303534067,0000000020,Склад,304L,"Щуцер маркуч 304, 1/2",090925/5,,0.0,,0.0,,
5603,11,1,655,2,6,36687580,8,1303534067,0000000020,Склад,магнетвентил,уплътнение CF3000 PTFE 453986 DN25,,,0.0,,0.0,,
5603,12,1,656,2,6,36687580,9,1303534067,0000000020,Склад,магнетвентил,уплътнение CF3000 PTFE 453988 DN40,,,0.0,,0.0,,
5603,13,1,660,2,6,36687580,10,1303534067,0000000020,Склад,Schrack,предпазители LQA01230 16А,,,0.0,,0.0,,
5603,14,1,684,2,6,34581046,2,1303638698,0000000021,Склад,магнетвентил,"предпазен вентил 1216 НРЖ, PN40 442806 1``-1``",202529294008,,0.0,,0.0,,
5603,15,1,686,2,6,34581046,3,1303638698,0000000021,Склад,Метални компоненти,Материал за фитинги - шестостен S22,1172012/090925,,0.0,,0.0,,
5603,16,1,688,2,6,34581046,4,1303638698,0000000021,Склад,М8,болт цинк 00933 8801 8 25 М8х25,,,0.0,,0.0,,
5603,17,1,689,2,6,34581046,5,1303638698,0000000021,Склад,М8,гайка цинк 00934 8001 8 М8,12345,,0.0,,0.0,,
5603,18,1,696,2,3,48827536,10,1303865207,0000000027,Склад,Тръби,"Тръба (323,9х3) 12``",,,0.0,,0.0,,
5603,19,1,697,2,3,48827536,11,1303865207,0000000027,Склад,304L,"Муфа 304 резба, 1/4`",,,0.0,,0.0,,
5603,20,1,698,2,3,48827536,12,1303865207,0000000027,Склад,304L,Муфа 304L резбa 150LBS L25/30  1/2``,,,0.0,,0.0,,
5603,21,1,699,2,3,48827536,13,1303865207,0000000027,Склад,304L,Муфа 304L резбa 150LBS L42 1``,,,0.0,,0.0,,
5603,22,1,700,2,3,48827536,14,1303865207,0000000027,Склад,304L,Муфа 304L резбa 150LBS L45 1 1/2``,,,0.0,,0.0,,
5603,23,1,701,2,3,48827536,15,1303865207,0000000027,Склад,304L,Муфа 304L резбa 150LBS L54 2``,,,0.0,,0.0,,
5603,24,1,702,2,3,48827536,16,1303865207,0000000027,Склад,Фитинги 316,преход м/ж 102108 3/4х1/4,,,0.0,,0.0,,
5603,25,1,703,2,3,48827536,17,1303865207,0000000027,Склад,Заваръчни връзки,"Капа 316L заварка (114,3х2) 4``",,,0.0,,0.0,,
5603,26,1,704,2,3,48827536,18,1303865207,0000000027,Склад,Заваръчни връзки,Капа 316L заварка (168.3x2.0) 6``,,,0.0,,0.0,,
5603,27,1,705,2,3,48827536,19,1303865207,0000000027,Склад,Фланцови връзки,Фланец плосък 304 T8 PN16 DN25,,,0.0,,0.0,,
5603,28,1,706,2,3,48827536,20,1303865207,0000000027,Склад,Фланцови връзки,Фланец плосък 304 T10 PN16 DN40,,,0.0,,0.0,,
5635,0,1,707,2,3,48827536,21,1303865207,0000000027,Склад,Фланцови връзки,Фланец плосък 304 T10 PN16 DN50,,,0.0,,0.0,,
5635,1,1,708,2,3,48827536,22,1303865207,0000000027,Склад,Заваръчни връзки,"Коляно 90o 304L заварка (33,7х2) 1``",,,0.0,,0.0,,
5635,2,1,709,2,3,48827536,23,1303865207,0000000027,Склад,Заваръчни връзки,"Коляно 90o 304L заварка (48,3х2) 1 1/2``",,,0.0,,0.0,,
5635,3,1,710,2,3,48827536,24,1303865207,0000000027,Склад,Заваръчни връзки,"Коляно 90o 304L заварка (60,3x2) 2``",,,0.0,,0.0,,
5635,4,1,711,2,3,48827536,25,1303865207,0000000027,Склад,фитинги за заварки,"коляно 45?, зав. 316 106448 48.3х2",,,0.0,,0.0,,
5635,5,1,722,2,3,48827536,26,1303865207,0000000027,Склад,Заваръчни връзки,"тройник 304,заварка 33.7х2, 1`",,,0.0,,0.0,,
5635,6,1,723,2,3,48827536,27,1303865207,0000000027,Склад,Заваръчни връзки,"тройник 304, заварка, 48.3х2, 1 1/2`",,,0.0,,0.0,,
5635,7,1,724,2,3,48827536,28,1303865207,0000000027,Склад,Заваръчни връзки,"Тройник 304L заварка (60,3х2) 2``",,,0.0,,0.0,,
5635,8,1,727,2,3,48827536,29,1303865207,0000000027,Склад,фитинги за заварки,"Намалител концентричен 316, зав. 60.3х33.7х2",,,0.0,,0.0,,
5635,9,1,728,2,3,48827536,30,1303865207,0000000027,Склад,Фитинги 316,полунипел 108608 1 1/2`,,,0.0,,0.0,,
5635,10,1,729,2,3,48827536,31,1303865207,0000000027,Склад,магнетвентил,уплътнение CF3000 PTFE 453986 DN25,,,0.0,,0.0,,
5635,11,1,730,2,3,48827536,32,1303865207,0000000027,Склад,магнетвентил,уплътнение CF3000 PTFE 453988 DN40,,,0.0,,0.0,,
5635,12,1,731,2,3,48827536,33,1303865207,0000000027,Склад,магнетвентил,уплътнение CF3000 PTFE 453989 DN50,,,0.0,,0.0,,
5635,13,1,732,2,3,48827536,34,1303865207,0000000027,Склад,Фланцови връзки,Фланец плосък с резба 304L PN10/16/40 DN25x1````,,,0.0,,0.0,,
5635,14,1,733,2,3,48827536,35,1303865207,0000000027,Склад,Фланцови връзки,Фланец плосък с резба 304L PN10/16/40 DN40x1 1/2,,,0.0,,0.0,,
5635,15,1,734,2,3,48827536,36,1303865207,0000000027,Склад,Фланцови връзки,Фланец плосък с резба 304L PN10/16 DN50x2````,,,0.0,,0.0,,
5635,16,1,736,2,3,48827536,37,1303865207,0000000027,Склад,Фланцови връзки,Филтър INOX 316 Фл. PN16 DN50,,,0.0,,0.0,,
5635,17,1,748,2,6,42927623,2,1303736122,0000000022,Склад,Заваръчни връзки,"Капа 316L заварка (114,3х2) 4``",10143544/110925,,0.0,,0.0,,
5635,18,1,754,2,6,46134798,10,1304934343,0000000023,Склад,Други,"Тефлонова лента, 7м. 1/2`",3899-00,,0.0,,0.0,,
5635,19,1,756,2,6,46134798,11,1304934343,0000000023,Склад,магнетвентил,датчици за налягане 1877 0-15 bar,,,0.0,,0.0,,
5635,20,1,759,2,6,46134798,12,1304934343,0000000023,Склад,Schrack,захранване за DIN шина SDR-120-24 24V/5A,,,0.0,,0.0,,
5635,21,1,761,2,6,46134798,13,1304934343,0000000023,Склад,Други,"Тефлонова лента, 7м. 1/2`",3899-00,,0.0,,0.0,,
5635,22,1,762,2,6,46134798,10,1304934343,0000000023,Склад,Други,"Тефлонова лента, 7м. 1/2`",3899-00,,2.0,бр.,3.0,бр.,
5635,23,1,763,2,6,46134798,13,1304934343,0000000023,Склад,Други,"Тефлонова лента, 7м. 1/2`",3899-00,,0.0,,0.0,,
5635,24,1,764,2,6,46134798,13,1304934343,0000000023,Склад,М16,"Шайба пружинна, цинк, М16, 100бр./оп.",10505475/020925,,0.0,,0.0,,
5635,25,1,765,2,6,46134798,7,1304934343,0000000023,Склад,М16,"Шайба пружинна, цинк, М16, 100бр./оп.",10505475/020925,,136.0,бр.,200.0,бр.,
5635,26,1,766,2,6,46134798,13,1304934343,0000000023,Склад,М16,"Шайба пружинна, цинк, М16, 100бр./оп.",10505475/020925,,0.0,,0.0,,
5648,0,1,768,2,6,46134798,13,1304934343,0000000023,Склад,Разни консумативи,кран за задвижка VP703000 1/2 - DN15,1658148,,0.0,,0.0,,
5648,1,1,769,2,6,46134798,6,1304934343,0000000023,Склад,Разни консумативи,кран за задвижка VP703000 1/2 - DN15,1658148,,1.0,бр.,2.0,бр.,
5648,2,1,770,2,6,46134798,13,1304934343,0000000023,Склад,Разни консумативи,кран за задвижка VP703000 1/2 - DN15,1658148,,0.0,,0.0,,
5648,3,1,829,2,6,46838331,3,1305238009,0000000025,Склад,Фитинги 316,коляно 90гр. вътр. резба 100202 1/4`,,,0.0,,0.0,,
5648,4,1,830,2,6,46838331,4,1305238009,0000000025,Склад,Фитинги 316,коляно 90гр. вътр./вън. резба 101504 1/2`,07082025,,0.0,,0.0,,
5648,5,1,831,2,6,46838331,5,1305238009,0000000025,Склад,Schrack,захранване за DIN шина SDR-120-24 24V/5A,,,0.0,,0.0,,
5648,6,1,832,2,6,46838331,6,1305238009,0000000025,Склад,Schrack,реле с цокъл  6A/24V,080825/49,,0.0,,0.0,,
5648,7,1,833,2,6,46838331,7,1305238009,0000000025,Склад,Schrack,предпазители LQA01230 16А,,,0.0,,0.0,,
5648,8,1,834,2,6,46838331,8,1305238009,0000000025,Склад,Разни консумативи,сферичен кран с резба VP704000 1/2 - DN15,16814612,,0.0,,0.0,,
5648,9,1,835,2,6,46838331,9,1305238009,0000000025,Склад,Разни консумативи,кран за задвижка VP703000 1/2 - DN15,1658148,,0.0,,0.0,,
5648,10,1,836,2,6,46838331,10,1305238009,0000000025,Склад,свързващи кабели с конектор,"PUR кабел, М12 конектор EVC006 10 м.",28082025/30,,0.0,,0.0,,
5648,11,1,837,2,6,46838331,11,1305238009,0000000025,Склад,Устройства,Температурен датчик,ta-025clem14-a-zvg/us,,0.0,,0.0,,
5648,12,1,843,2,21,16031876,1,1300247417,0000000001,Склад,Camozzi,права връзка 1511 8/6х1/4,,,0.0,,0.0,,
5648,13,1,857,2,6,46838331,12,1305238009,0000000025,Склад,Устройства,Актуатор електрически 24V,PBC875692,,0.0,,0.0,,
5648,14,1,860,2,6,46838331,13,1305238009,0000000025,Склад,ЛД,Гайки,261188/090925/2,,0.0,,0.0,,
5648,15,1,862,2,6,46838331,14,1305238009,0000000025,Склад,ЛД,Гайки,261922/240925,,0.0,,0.0,,
5648,16,1,906,2,6,46433949,6,1305634437,0000000026,Склад,Разни консумативи,сферичен кран с резба VP704000 1/2 - DN15,261780/190925,,0.0,,0.0,,
5648,17,1,909,2,6,46433949,7,1305634437,0000000026,Склад,Заваръчни връзки,"Коляно 90o 304L заварка (33,7х2) 1``",10143532/110925/k1`,,0.0,,0.0,,
5648,18,1,912,2,6,46433949,1,1305634437,0000000026,Склад,Фитинги 316,"Холендър 316, м/ж PTFE 1/2`",10143120/27082025/3,,0.0,,0.0,,
5648,19,1,914,2,6,46433949,8,1305634437,0000000026,Склад 3,Заваръчни връзки,"Коляно 90o 304L заварка (33,7х2) 1``",10143532/110925/k1`,,0.0,,0.0,,
5648,20,1,915,2,6,46433949,7,1305634437,0000000026,Склад,Заваръчни връзки,"Коляно 90o 304L заварка (33,7х2) 1``",10143532/110925/k1`,,0.0,,0.0,,
5648,21,1,917,2,6,46433949,8,1305634437,0000000026,Склад 3,Заваръчни връзки,"Коляно 90o 304L заварка (33,7х2) 1``",10143532/110925/k1`,,0.0,,0.0,,
5648,22,1,919,2,6,46433949,7,1305634437,0000000026,Склад,Заваръчни връзки,"Коляно 90o 304L заварка (33,7х2) 1``",10143532/110925/k1`,,0.0,,0.0,,
5648,23,1,1024,2,6,46433949,8,1305634437,0000000026,Склад,М16,болт цинк 00933 8801 16 40 М16х40,,,0.0,,0.0,,
5648,24,1,1057,2,3,49596078,11,1305834204,0000000057,Склад,ADEV,"Flow meter in Plexiglass for hydrogen, 0,02-0,5",,,0.0,,0.0,,
5648,25,1,1058,2,3,49596078,12,1305834204,0000000057,Склад,ADEV,"Flow meter in Plexiglass for oxygen, Scale 0,2-3",,,0.0,,0.0,,
5743,0,1,1059,2,3,49596078,13,1305834204,0000000057,Склад,ADEV,Анализатор на общозапалими вещества Sirius 8866,E250569/222,,0.0,,0.0,,
5743,1,1,1060,2,3,49596078,14,1305834204,0000000057,Склад,ADEV,Електрохимичен кислороден анализатор OxyTrend E2,E250569/2,,0.0,,0.0,,
5743,2,1,1061,2,3,49596078,15,1305834204,0000000057,Склад,ADEV,Електрохимичен кислороден анализатор OxyTrend E2,E250569/3,,0.0,,0.0,,
5743,3,1,1062,2,3,49596078,16,1305834204,0000000057,Склад,ADEV,Електрохимичен кислороден анализатор OxyTrend E2,E250569/4,,0.0,,0.0,,
5743,4,1,1063,2,3,49596078,17,1305834204,0000000057,Склад,ADEV,Universal control unit,E250569/2222,,0.0,,0.0,,
5743,5,1,1064,2,3,49596078,18,1305834204,0000000057,Склад,ADEV,Electrochemical sensor,05G034462,,0.0,,0.0,,
5743,6,1,1065,2,3,49596078,19,1305834204,0000000057,Склад,ADEV,Electrochemical sensor,05G034467,,0.0,,0.0,,
5743,7,1,1066,2,3,49596078,11,1305834204,0000000057,Склад,ADEV,"Flow meter in Plexiglass for hydrogen, 0,02-0,5",E250569/11,,385.31,L,195.3,M,
5743,8,1,1067,2,3,49596078,11,1305834204,0000000057,Склад,ADEV,"Flow meter in Plexiglass for hydrogen, 0,02-0,5",E250569/11,,0.0,%,0.865900443798487,%,
5743,9,1,1068,2,3,49596078,12,1305834204,0000000057,Склад,ADEV,"Flow meter in Plexiglass for oxygen, Scale 0,2-3",E250569/10,,410.74,L,195.3,M,
5743,10,1,1069,2,3,49596078,12,1305834204,0000000057,Склад,ADEV,"Flow meter in Plexiglass for oxygen, Scale 0,2-3",E250569/10,,0.0,%,7.00355480352534,%,
5743,11,1,1072,2,6,42818507,2,1305836466,0000000027,Склад,304L,"Тапа шестостен 304, 1/4`",16816512,,0.0,,0.0,,
5743,12,1,1074,2,6,42818507,3,1305836466,0000000027,Склад,Явор-М,"Тефлонова лента, 7м. 1/2`",3899-00,,0.0,,0.0,,
5743,13,1,1085,2,6,42818507,4,1305836466,0000000027,Склад,ЛД,Магнетвентил 1``,pbc853533,,0.0,,0.0,,
5743,14,1,1098,2,3,39355756,6,1305862067,0000000058,Склад,Swagelok,Male connector 6MM SWA-1/4`` GAS-CONICO,,,0.0,,0.0,,
5743,15,1,1099,2,3,39355756,7,1305862067,0000000058,Склад,Swagelok,2 micron element kit for 2F series,,,0.0,,0.0,,
5743,16,1,1100,2,3,39355756,8,1305862067,0000000058,Склад,Swagelok,BULKHEAD UNION 6MM SWA,,,0.0,,0.0,,
5743,17,1,1101,2,3,39355756,9,1305862067,0000000058,Склад,Swagelok,"316 SS Ferrule set, 1 front/1 back for 6mm tube",,,0.0,,0.0,,
5743,18,1,1102,2,3,39355756,10,1305862067,0000000058,Склад,Swagelok,"Stainless steel tube fitting, union 6mm",,,0.0,,0.0,,
5743,19,1,1103,2,3,39355756,11,1305862067,0000000058,Склад,Swagelok,"Stainless steel instr., low profile sleeve",,,0.0,,0.0,,
5743,20,1,1104,2,3,39355756,12,1305862067,0000000058,Склад,Swagelok,Stainless steel instrumentation quick connect,,,0.0,,0.0,,
5743,21,1,1105,2,3,39355756,13,1305862067,0000000058,Склад,Swagelok,BULKHEAD UNION 6MM SWA,0005285068,,0.0,,0.0,,
5743,22,1,1109,2,3,37685575,2,1305932796,0000000059,Склад,Заваръчни връзки,"Капа шевна зав. 316L, 323.0х3.0",,,0.0,,0.0,,
5743,23,1,1110,2,3,37685575,3,1305932796,0000000059,Склад,Крисметал,уплътнение CF3000 PTFE 453988 DN40,,,0.0,,0.0,,
5743,24,1,1121,2,6,46287621,2,1305934966,0000000028,Склад,М6,болт цинк 00933 8801 6 60 М6х60,,,0.0,,0.0,,
5743,25,1,1122,2,6,46287621,3,1305934966,0000000028,Склад,М6,гайка 00934 8001 6 М6,,,0.0,,0.0,,
5743,26,1,1123,2,6,46287621,4,1305934966,0000000028,Склад,М6,шайба цинк 00125 0001 6 М6,,,0.0,,0.0,,
5510,0,1,1128,2,6,46287621,5,1305934966,0000000028,Склад,ИФМ,Температурен датчик,ta-025clem14-a-zvg/us,,0.0,,0.0,,
5510,1,1,1161,2,3,47079747,2,1306264576,0000000063,Суровини,Филипекс,Ламарина 316L - 5х1250х2500,,,0.0,,0.0,,
5510,2,1,1165,2,6,41552683,2,1306335249,0000000029,Склад,Крисметал,уплътнение CF3000 PTFE 453989 DN50,10143532/110925/pfte50,,0.0,,0.0,,
5510,3,1,1197,2,6,35456505,3,1306432944,0000000030,Склад,ДЕАТРЕЙД,Тефлонов лист 1мм х1200х1200,4170/021025,,0.0,,0.0,,
5510,4,1,1202,2,6,35456505,4,1306432944,0000000030,Склад,Устройства,Сензор за поток (flowmeter),smr21xgxfrkg,,0.0,,0.0,,
5510,5,1,1208,2,6,35456505,5,1306432944,0000000030,Склад,М16,"Болт с шестостенна глава Zn, M 16x55",340045082/081025,,0.0,,0.0,,
5510,6,1,1213,2,6,35456505,6,1306432944,0000000030,Склад,Фланцови връзки,Филтър INOX 316 Фл. PN16 DN50,10143532/110925/f50,,0.0,,0.0,,
5510,7,1,1218,2,6,35456505,7,1306432944,0000000030,Склад,Унител,"захранващо устройство, SDR-240-24",250825/1,,0.0,,0.0,,
5510,8,1,1224,2,6,35412725,5,1306534918,0000000031,Склад,ИТТ,"Пружинен щекер, Zn ф5/20.1 - 26",340044944/011025,,0.0,,0.0,,
5510,9,1,1228,2,6,38191757,3,1306634068,0000000032,Склад,Крисметал,уплътнение CF3000 PTFE 453986 DN25,10143532/110925/pfte25,,0.0,,0.0,,
5510,10,1,1230,2,6,38191757,4,1306634068,0000000032,Склад,Кранове,кран за задвижка VP703000 1/2 - DN15,1658148,,0.0,,0.0,,
5510,11,1,1231,2,6,38191757,5,1306634068,0000000032,Склад,Заваръчни връзки,"тройник 304,заварка 33.7х2, 1`",10143532/110925/t1`,,0.0,,0.0,,
5510,12,1,1232,2,6,38191757,6,1306634068,0000000032,Склад,Фитинги 316,нипел шестостен 108804 1/2`,143284/02092025/2,,0.0,,0.0,,
5510,13,1,1233,2,6,38191757,7,1306634068,0000000032,Склад,Фитинги 316,коляно 90гр. вътр./вън. резба 101504 1/2`,07082025,,0.0,,0.0,,
5510,14,1,1241,2,3,47560598,2,1306643724,0000000074,Склад,Фитинги 316,кръст AB1345 1 1/4`,,,0.0,,0.0,,
5510,15,1,1242,2,3,47560598,3,1306643724,0000000074,Склад,Крисметал,"Нерж. вентил 316, DN40",,,0.0,,0.0,,
5510,16,1,1243,2,3,47560598,4,1306643724,0000000074,Склад,Крисметал,Скоба с укреп. с уплътнение 2“,,,0.0,,0.0,,
5510,17,1,1245,2,6,38191757,8,1306634068,0000000032,Склад,Крисметал,"Нерж. вентил 316, DN40",10144259/021025,,0.0,,0.0,,
5510,18,1,1246,2,6,38191757,9,1306634068,0000000032,Склад,Крисметал,"Нерж. вентил 316, DN40",10144596/101025/3,,0.0,,0.0,,
5510,19,1,1247,2,6,38191757,10,1306634068,0000000032,Склад,Крисметал,Скоба с укреп. с уплътнение 2“,10144596/101025/4,,0.0,,0.0,,
5510,20,1,1254,2,6,38191757,11,1306634068,0000000032,Склад,ЛД,Гайки,261922/240925,,0.0,,0.0,,
5510,21,1,1256,2,6,38191757,12,1306634068,0000000032,Склад,М16,болт цинк 00933 8801 16 50 М16х50,,,0.0,,0.0,,
5510,22,1,1260,2,6,38191757,13,1306634068,0000000032,Склад,Schrack,реле за време - механично ZR5E0011 8А,080825/1,,0.0,,0.0,,
5510,23,1,1261,2,6,38191757,14,1306634068,0000000032,Склад,Schrack,реле за време - механично ZR5E0011 8А,1459017125/061025,,0.0,,0.0,,
5510,24,1,1321,2,6,34912317,2,1306934950,0000000033,Склад,Фитинги 316,"Холендър 316, м/ж PTFE 1/2`",10143120/27082025/3,,0.0,,0.0,,
5510,25,1,1322,2,6,34912317,3,1306934950,0000000033,Склад,Фитинги 316,муфа намалител 105405 1/2х1/4,,,0.0,,0.0,,
5510,26,1,1323,2,6,34912317,4,1306934950,0000000033,Склад,Фитинги 316,нипел шестостен 108804 1/2`,143284/02092025/2,,0.0,,0.0,,
5725,0,1,1324,2,6,34912317,5,1306934950,0000000033,Склад,Фитинги 316,преход м/ж 102105 1/2х1/4,143284/02092025/6,,0.0,,0.0,,
5725,1,1,1325,2,6,34912317,6,1306934950,0000000033,Склад,Фитинги 316,тройник вътр. резба 102304 1/2`,07082025,,0.0,,0.0,,
5725,2,1,1327,2,6,34912317,7,1306934950,0000000033,Склад,AFP,Гъба демистър (Wire mesh separator mono circolar,246/031025,,0.0,,0.0,,
5725,3,1,1333,2,6,34912317,7,1306934950,0000000033,Склад,AFP,Гъба демистър (Wire mesh separator mono circolar,246/031025,,4.0,бр.,5.0,бр.,
5725,4,1,1346,2,6,50300026,2,1307032550,0000000034,Склад,СМ Сензорматик,"Датчик за налягане, 0-10 bar., G 1/2`",52694,,0.0,,0.0,,
5725,5,1,1347,2,6,50300026,3,1307032550,0000000034,Склад,СМ Сензорматик,"Датчик за налягане, 0-10 bar., G 1/2`",25701,,0.0,,0.0,,
5725,6,1,1350,2,6,50300026,4,1307032550,0000000034,Склад,Заваръчни връзки,"Коляно 90o 304L заварка (48,3х2) 1 1/2``",10143532/110925/k1.1/2`,,0.0,,0.0,,
5725,7,1,1351,2,6,50300026,5,1307032550,0000000034,Склад,Заваръчни връзки,"тройник 304, заварка, 48.3х2, 1 1/2`",10143532/110925/t1.1/2`,,0.0,,0.0,,
5725,8,1,1366,2,6,50300026,6,1307032550,0000000034,Склад,Климатех,"Тръба оребрена, 25х2, 2м.",1965/171224,,0.0,,0.0,,
5725,9,1,1371,2,6,50300026,6,1307032550,0000000034,Склад,Климатех,Тръба оребрена (25х2 - 50) 2м,28082025/8,,0.0,,0.0,,
5725,10,1,1390,2,6,50300026,7,1307032550,0000000034,Склад,SCHUBERT & SALZER,Sliding Gate Motor Valve 8038 H2,2916800002/3,,0.0,,0.0,,
5725,11,1,1391,2,6,50300026,8,1307032550,0000000034,Склад,SCHUBERT & SALZER,Sliding Gate Motor Valve 8038 О2,2916800001/1,,0.0,,0.0,,
5725,12,1,1403,2,6,38191757,6,1306634068,0000000032,Склад,Фитинги 316,нипел шестостен 108804 1/2`,143284/02092025/2,,0.0,,0.0,,
5725,13,1,1408,2,6,40113045,2,1307132177,0000000035,Склад,ИФМ,Температурен датчик,ta-025clem14-a-zvg/us,,0.0,,0.0,,
5725,14,1,1415,2,6,40113045,3,1307132177,0000000035,Склад,Микромакс,Гумен лист 5/1200мм EPDM,192741/031025,,0.0,,0.0,,
5725,15,1,1420,2,6,40113045,4,1307132177,0000000035,Склад,Suzhou,Sealing Gasket  PTFE 118*118*130 cm,VMA2025081801/18082025/2,,0.0,,0.0,,
5725,16,1,1421,2,6,40113045,5,1307132177,0000000035,Суровини,DF,"Перфорирана ламарина, 1000х2000х0.5",1216/230925,,0.0,,0.0,,
5725,17,1,1422,2,6,40113045,6,1307132177,0000000035,Суровини,Филипекс,Ламарина 316L - 5х1250х2500,97611/130825/2,,0.0,,0.0,,
5725,18,1,1423,2,6,40113045,7,1307132177,0000000035,Суровини,Филипекс,Ламарина 316L - 2х1250х2500,97611/130825,,0.0,,0.0,,
5725,19,1,1426,2,6,40113045,8,1307132177,0000000035,Склад,Тръби,Тръба шевна 304L (33.7x2) 1``,10143532/110925/33.7,,0.0,,0.0,,
5725,20,1,1427,2,6,40113045,9,1307132177,0000000035,Склад,Тръби,Тръба шевна 304L (21.3x2) 1/2``,28082025/2,,0.0,,0.0,,
5725,21,1,1428,2,6,40113045,10,1307132177,0000000035,Склад,Тръби,"Тръба шевна 304L (48,3х2) 1 1/2``",28082025/4,,0.0,,0.0,,
5725,22,1,1429,2,6,40113045,11,1307132177,0000000035,Склад,Тръби,"Тръба шевна 304L (114,3х2) 4``",28082025/7,,0.0,,0.0,,
5725,23,1,1430,2,6,40113045,12,1307132177,0000000035,Склад,Тръби,"Тръба шевна 304L (168,3х2) 6``",10143532/110925/168.3,,0.0,,0.0,,
5725,24,1,1431,2,6,40113045,13,1307132177,0000000035,Склад,Заваръчни връзки,"Капа 316L заварка (114,3х2) 4``",10143532/110925/4`,,0.0,,0.0,,
5725,25,1,1432,2,6,40113045,14,1307132177,0000000035,Склад,Заваръчни връзки,Капа 316L заварка (168.3x2.0) 6``,10143532/110925/6`,,0.0,,0.0,,
5840,0,1,1450,2,6,40113045,15,1307132177,0000000035,Склад,М12,болт цинк 00933 8801 12 40 М12х40,,,0.0,,0.0,,
5840,1,1,1463,2,6,40113045,16,1307132177,0000000035,Склад,Алезор,"Термодвойка тип К1300, 150мм.",24295/141025,,0.0,,0.0,,
5840,2,1,1464,2,6,40113045,17,1307132177,0000000035,Склад,Алезор,Торморегулатор REX C100 SSR,2025Y06M,,0.0,,0.0,,
5840,3,1,1465,2,6,40113045,18,1307132177,0000000035,Склад,Аквафор,Дейонизираща колона DF844,81066/040925/3,,0.0,,0.0,,
5840,4,1,1466,2,6,40113045,19,1307132177,0000000035,Склад,Аквафор,"Предфилтърен корпус, Викинг ПРО за студена вода",81066/040925/2,,0.0,,0.0,,
5840,5,1,1467,2,6,40113045,20,1307132177,0000000035,Склад,Аквафор,B520 PRO,81066/040925/1,,0.0,,0.0,,
5840,6,1,1470,2,6,40113045,21,1307132177,0000000035,Склад,М6,болт цинк 00933 8801 6 25 М6х25,,,0.0,,0.0,,
5840,7,1,1471,2,6,40113045,22,1307132177,0000000035,Склад,М6,гайка 00934 8001 6 М6,,,0.0,,0.0,,
5840,8,1,1472,2,6,40113045,23,1307132177,0000000035,Склад,М6,шайба цинк 00125 0001 6 М6,,,0.0,,0.0,,
5840,9,1,1482,2,6,38962146,6,1307630064,0000000036,Склад,Schrack,прекъсвач C20/3,,,0.0,,0.0,,
5840,10,1,1483,2,6,38962146,7,1307630064,0000000036,Склад,Schrack,прекъсвач C25/3,,,0.0,,0.0,,
5840,11,1,1498,2,3,46317287,3,1307634662,0000000083,Склад,Schrack,Цокъл за RS/PT5,,,0.0,,0.0,,
5840,12,1,1500,2,6,38962146,8,1307630064,0000000036,Склад,Schrack,Цокъл за RS/PT5,1459017916/161025,,0.0,,0.0,,
5840,13,1,1501,2,6,38962146,9,1307630064,0000000036,Склад,Schrack,"Реле с 14 пина, 6А",1459015834/170925/5,,0.0,,0.0,,
5840,14,1,1502,2,6,38962146,10,1307630064,0000000036,Склад,Schrack,"Реле с 14 пина, 6А",pt154,,0.0,,0.0,,
5840,15,1,1503,2,6,38962146,11,1307630064,0000000036,Склад,Schrack,реле с цокъл  6A/24V,080825/49,,0.0,,0.0,,
5840,16,1,1524,2,6,34654104,9,1307631562,0000000037,Склад,М8,гайка цинк 00934 8001 8 М8,12345,,0.0,,0.0,,
5840,17,1,1525,2,6,34654104,10,1307631562,0000000037,Склад,М8,федер шайба цинк 00127 0021 8 М8,,,0.0,,0.0,,
5840,18,1,1526,2,6,34654104,11,1307631562,0000000037,Склад,М8,шайба цинк 00125 0001 8 М8,,,0.0,,0.0,,
5840,19,1,1543,2,6,40930234,2,1307739570,0000000038,Склад,Крисметал,уплътнение CF3000 PTFE 453986 DN25,10143532/110925/pfte25,,0.0,,0.0,,
5840,20,1,1544,2,6,40930234,3,1307739570,0000000038,Склад,Крисметал,уплътнение CF3000 PTFE 453988 DN40,10144231/011025/ptfe40,,0.0,,0.0,,
5840,21,1,1567,2,6,40930234,4,1307739570,0000000038,Склад,304L,"Щуцер маркуч 304, 1/2",090925/5,,0.0,,0.0,,
5840,22,1,1568,2,6,40930234,5,1307739570,0000000038,Склад,304L,"Щуцер за маркуч 304, 1/4",090925/6,,0.0,,0.0,,
5840,23,1,1589,2,6,39090881,8,1307841153,0000000039,Склад,Swagelok,2 micron element kit for 2F series,0005245092,,0.0,,0.0,,
5840,24,1,1590,2,6,39090881,9,1307841153,0000000039,Склад,Swagelok,"Stainless steel instr., low profile sleeve",0005450661,,0.0,,0.0,,
5840,25,1,1592,2,3,42437451,3,1307632453,0000000082,Склад,Swagelok,2 micron element kit for 2F series,0005268320,,0.0,,0.0,,
5840,26,1,1601,2,6,36366208,2,1307929826,0000000040,Склад,Кранове,сферичен кран VP704000 3/4` - DN20,263496/221025,,0.0,,0.0,,
5840,27,1,1610,2,6,36366208,3,1307929826,0000000040,Склад,Заваръчни връзки,"Коляно 90o 304L заварка (48,3х2) 1 1/2``",10143532/110925/k1.1/2`,,0.0,,0.0,,
5907,0,1,1611,2,6,36366208,4,1307929826,0000000040,Склад,Заваръчни връзки,"тройник 304, заварка, 48.3х2, 1 1/2`",10143532/110925/t1.1/2`,,0.0,,0.0,,
5907,1,1,1615,2,6,36366208,5,1307929826,0000000040,Склад,М12,болт цинк 00933 8801 12 45 М12х45,12345/12,,0.0,,0.0,,
5907,2,1,1618,2,6,36366208,6,1307929826,0000000040,Склад,Тръби,"Тръба шевна 304L (60,3х2) 2``","10143532/110925/60,3",,0.0,,0.0,,
5907,3,1,1769,2,6,36366208,7,1307929826,0000000040,Склад,304L,Муфа 304L резбa 150LBS L45 1 1/2``,10143532/110925/1.1/2,,0.0,,0.0,,
5907,4,1,1841,2,6,50139290,2,1308433821,0000000041,Склад,М8,болт цинк  М8х25,090925/16,,0.0,,0.0,,
5907,5,1,1842,2,6,50139290,3,1308433821,0000000041,Склад,М8,гайка цинк М8,12345,,0.0,,0.0,,
5907,6,1,1850,2,6,50302728,2,1308443838,0000000042,Склад,Заваръчни връзки,"Коляно 90o 304L заварка (48,3х2) 1 1/2``",10143532/110925/k1.1/2`,,0.0,,0.0,,
5907,7,1,1851,2,6,50302728,3,1308443838,0000000042,Склад,Заваръчни връзки,"тройник 304, заварка, 48.3х2, 1 1/2`",10143532/110925/t1.1/2`,,0.0,,0.0,,
5907,8,1,1897,2,6,44612348,4,1308638641,0000000043,Склад,М16,болт цинк  М16х50,101025,,0.0,,0.0,,
5907,9,1,1918,2,6,44612348,5,1308638641,0000000043,Металхидрид износ,Фитинги 316,Холендър 316L PTFE ж/ж BSP 1 1/2“,,,0.0,,0.0,,
5907,10,1,1922,2,6,36515334,2,1308732561,0000000044,Склад,М16,болт цинк  М16х45,250725,,0.0,,0.0,,
5907,11,1,1937,2,6,48744990,5,1309033607,0000000045,Склад,Крепежи 500,"Шпилка, DIN 976, 8.8, vZn, M 8 x 1000",031125/2,,0.0,,0.0,,
5907,12,1,1938,2,6,48744990,6,1309033607,0000000045,Металхидрид износ,Крепежи 500,"Шпилка, DIN 976, 8.8, vZn, M 8 x 1000",031125/2,,0.0,,0.0,,
5907,13,1,1939,2,6,48744990,7,1309033607,0000000045,Склад,М8,гайка цинк М8,12345,,0.0,,0.0,,
5907,14,1,1940,2,6,48744990,8,1309033607,0000000045,Склад,М8,шайба цинк М8,201025/7,,0.0,,0.0,,
5907,15,1,1943,2,6,48744990,9,1309033607,0000000045,Склад,М16,болт цинк  М16х45,250725,,0.0,,0.0,,
5907,16,1,1944,2,6,48744990,10,1309033607,0000000045,Склад,М16,"гайка шестостенна , цинк М16",090825/12,,0.0,,0.0,,
5907,17,1,1945,2,6,48744990,11,1309033607,0000000045,Склад,Крисметал,уплътнение CF3000 PTFE 453986 DN25,10143532/110925/pfte25,,0.0,,0.0,,
5907,18,1,2025,2,6,48764191,5,1309339704,0000000048,Склад,ЛД,Гайки,261922/240925,,0.0,,0.0,,
5907,19,1,2031,2,6,48764191,6,1309339704,0000000048,Склад,Логисофт,"Simatic HMI, 7``TFT display - контролер",2505/071025/1,,0.0,,0.0,,
5907,20,1,2032,2,6,48764191,7,1309339704,0000000048,Склад,Логисофт,Simatic S7 - мемори карта,2505/071025/2,,0.0,,0.0,,
5907,21,1,2033,2,6,48764191,8,1309339704,0000000048,Склад,Логисофт,Simatic S7-1200 G2 - електроника,2505/071025/3,,0.0,,0.0,,
5907,22,1,2034,2,6,48764191,9,1309339704,0000000048,Склад,Логисофт,"Sitop PSU100L,24V/10A power supply input - захр.",2505/071025/4,,0.0,,0.0,,
5907,23,1,2043,2,6,48764191,2,1309339704,0000000048,Склад,М8,болт цинк  М8х16,241025/26,,10.0,бр.,30.0,бр.,
5907,24,1,2044,2,6,48764191,3,1309339704,0000000048,Склад,М8,гайка цинк М8,12345,,50.0,бр.,70.0,бр.,
5907,25,1,2046,2,6,48764191,4,1309339704,0000000048,Склад,М8,шайба цинк М8,201025/7,,10.0,бр.,74.0,бр.,
5907,26,1,2051,2,6,48764191,10,1309339704,0000000048,Склад,Тръби,"Тръба шевна 304L (60,3х2) 2``",28082025/5,,0.0,,0.0,,
6003,0,1,2067,2,6,41471516,2,1309432034,0000000049,Склад,Тръби,Тръба шевна 304L (33.7x2) 1``,28082025/3,,0.0,,0.0,,
6003,1,1,2072,2,6,41471516,3,1309432034,0000000049,Склад,Тръби,"Тръба шевна 304L (48,3х2) 1 1/2``",10143532/110925/48.3,,0.0,,0.0,,
6003,2,1,2075,2,6,41471516,4,1309432034,0000000049,Склад,Климатех,Тръба оребрена (25х2 - 50) 2м,,,0.0,,0.0,,
6003,3,1,2076,2,6,41471516,4,1309432034,0000000049,Склад,Климатех,Тръба оребрена (25х2 - 50) 2м,,,0.0,,0.0,,
6003,4,1,2106,2,3,35953555,9,1309761655,0000000105,Склад,Schrack,Отвертка права 2.4х75,,,0.0,,0.0,,
6003,5,1,2107,2,3,35953555,10,1309761655,0000000105,Склад,Schrack,Табло с 2 врати 1000х1000х300,,,0.0,,0.0,,
6003,6,1,2123,2,3,49636250,2,1309835535,0000000107,Склад,Schrack,"Пр. клема 2,5мм, сива, двуредна, YBK 2,5-2F",,,0.0,,0.0,,
6003,7,1,2124,2,3,49636250,3,1309835535,0000000107,Склад,Schrack,Крайна секция YBK 2F,,,0.0,,0.0,,
6003,8,1,2125,2,3,49636250,4,1309835535,0000000107,Склад,Schrack,"Пр. клема триредна, 2,5мм, YBK 2,5-3F",,,0.0,,0.0,,
6003,9,1,2126,2,3,49636250,5,1309835535,0000000107,Склад,Schrack,Кр. скоба за DIN релса,,,0.0,,0.0,,
6003,10,1,2127,2,3,49636250,6,1309835535,0000000107,Склад,Schrack,"Пружинна клема, YBK 6mm",,,0.0,,0.0,,
6003,11,1,2128,2,3,49636250,7,1309835535,0000000107,Склад,Кабели и накрайници,"Кабелен накрайник 6mm, 0.34mm",,,0.0,,0.0,,
6003,12,1,2140,2,6,42344534,3,1309836536,0000000051,Склад,Фланцови връзки,Фланец плосък 304 T10 PN16 DN40,10143532/110925/40,,0.0,,0.0,,
6003,13,1,2147,2,6,42344534,4,1309836536,0000000051,Склад,МЕРКОМ ЕООД,Осветително тяло овално 100W 1XE27 G FILO 1V EEx,1013328/071125,,0.0,,0.0,,
6003,14,1,2148,2,6,42344534,5,1309836536,0000000051,Склад,МЕРКОМ ЕООД,Осветително тяло овално 100W 1XE27 G FILO 1V EEx,1013328/071125,,0.0,,0.0,,
6003,15,1,2150,2,6,42344534,6,1309836536,0000000051,Склад,Schrack,Цокъл за RS/PT5,1459017916/161025,,0.0,,0.0,,
6003,16,1,2152,2,6,42344534,7,1309836536,0000000051,Склад,М16,федер шайба цинк  М16,241025/1,,0.0,,0.0,,
6003,17,1,2153,2,6,42344534,8,1309836536,0000000051,Склад,Крисметал,уплътнение CF3000 PTFE 453988 DN40,10143532/110925/pfte40,,0.0,,0.0,,
6003,18,1,2155,2,6,42344534,9,1309836536,0000000051,Склад,Кранове,Valve 3PC full bore ball (welded ends) 1````,1419195/040925/6,,0.0,,0.0,,
6003,19,1,2156,2,6,42344534,10,1309836536,0000000051,Склад,Кранове,Valve 3PC full bore ball (welded ends) 1```` wit,28082025/40,,0.0,,0.0,,
6003,20,1,2157,2,6,42344534,11,1309836536,0000000051,Склад,Кранове,Valve 3PC full bore ball (welded ends) 1```` wit,1419195/040925/2,,0.0,,0.0,,
6003,21,1,2179,2,3,34327954,2,1309960020,0000000112,Склад,Schrack,Кл. маркировки хор. 51-100 (50),,,0.0,,0.0,,
6003,22,1,2180,2,3,34327954,3,1309960020,0000000112,Склад,Schrack,Кл. маркировки хор. 101-150 (50),,,0.0,,0.0,,
6003,23,1,2181,2,3,34327954,4,1309960020,0000000112,Склад,Schrack,Кл. маркировки хор. 151-200 (50),,,0.0,,0.0,,
6003,24,1,2182,2,3,34327954,5,1309960020,0000000112,Склад,Schrack,Кр. скоба за DIN релса,,,0.0,,0.0,,
6003,25,1,2183,2,3,34327954,6,1309960020,0000000112,Склад,Schrack,Кабелен канал 60х40mm,,,0.0,,0.0,,
6003,26,1,2185,2,3,34327954,7,1309960020,0000000112,Склад,Schrack,Кабелен канал 60х25mm,,,0.0,,0.0,,
6003,27,1,2187,2,3,34327954,8,1309960020,0000000112,Склад,Кабели и накрайници,"Проводник 500V 0,75mm черен",,,0.0,,0.0,,
6016,0,1,2188,2,3,34327954,9,1309960020,0000000112,Склад,Кабели и накрайници,"Проводник 500V 0,75mm червен",,,0.0,,0.0,,
6016,1,1,2189,2,3,34327954,10,1309960020,0000000112,Склад,Кабели и накрайници,"Проводник 500V 0,75mm син",,,0.0,,0.0,,
6016,2,1,2190,2,3,34327954,11,1309960020,0000000112,Склад,Кабели и накрайници,"Проводник 500V 0,75mm син",,,0.0,,0.0,,
6016,3,1,2191,2,3,34327954,11,1309960020,0000000112,Склад,Кабели и накрайници,"Проводник 500V 0,75mm син",,,0.0,,0.0,,
6016,4,1,2192,2,3,34327954,10,1309960020,0000000112,Склад,Кабели и накрайници,"Проводник 500V 0,75mm син",,,0.0,,0.0,,
6016,5,1,2194,2,3,34327954,10,1309960020,0000000112,Склад,Кабели и накрайници,"Проводник 500V 0,75mm син",,,0.0,,0.0,,
6016,6,1,2195,2,3,34327954,11,1309960020,0000000112,Склад,Кабели и накрайници,"Проводник 500V 0,5mm черен",,,0.0,,0.0,,
6016,7,1,2196,2,3,34327954,12,1309960020,0000000112,Склад,Кабели и накрайници,"Проводник 500V 0,5mm виолетов",,,0.0,,0.0,,
6016,8,1,2197,2,3,34327954,13,1309960020,0000000112,Склад,Schrack,реле с цокъл  6A/24V,,,0.0,,0.0,,
6016,9,1,2198,2,3,34327954,14,1309960020,0000000112,Склад,Schrack,Цокъл за RS/PT5,,,0.0,,0.0,,
6016,10,1,2222,2,6,46050287,5,1310034503,0000000054,Склад,Заваръчни връзки,"Коляно 90o 304L заварка (48,3х2) 1 1/2``",10143532/110925/k1.1/2`,,0.0,,0.0,,
6016,11,1,2223,2,6,46050287,6,1310034503,0000000054,Склад,Фланцови връзки,Фланец плосък 304 T10 PN16 DN40,10143532/110925/40,,0.0,,0.0,,
6016,12,1,2366,2,6,44706892,3,1310437717,0000000055,Склад,Заваръчни връзки,Капа 304L заварка 88.9х2,10146121/141125/1,,0.0,,0.0,,
6016,13,1,2367,2,6,44706892,4,1310437717,0000000055,Склад,Тръби,"Тръба инж.стомана 304, 88.9х2",10146121/141125/2,,0.0,,0.0,,
6016,14,1,2379,2,6,44706892,5,1310437717,0000000055,Склад,Фланцови връзки,Фланец плосък 304 T8 PN16 DN25,10143532/110925/25,,0.0,,0.0,,
6016,15,1,2381,2,6,44706892,6,1310437717,0000000055,Склад,Кабелни канали,Капак за кабелна скара/стълба с лайстна 202х3000,,,0.0,,0.0,,
6016,16,1,2382,2,6,44706892,7,1310437717,0000000055,Склад,Кабелни канали,Капак за ъгъл 90° за кабелна скара,,,0.0,,0.0,,
6016,17,1,2383,2,6,44706892,8,1310437717,0000000055,Склад,Кабелни канали,Капак за T-образно разклонение за кабелна скара,,,0.0,,0.0,,
6016,18,1,2387,2,6,44706892,9,1310437717,0000000055,Склад,Сити склад,10`  складов контейнер,653/171025,,0.0,,0.0,,
6016,19,1,2394,2,6,44706892,10,1310437717,0000000055,Склад,Крисметал,уплътнение CF3000 PTFE 453988 DN40,10143532/110925/pfte40,,0.0,,0.0,,
6016,20,1,2399,2,6,44706892,11,1310437717,0000000055,"Склад производство, 500kW",Микромакс,Гумен лист 5/1200мм EPDM,192741/031025,,0.0,,0.0,,
6016,21,1,2400,2,6,44706892,12,1310437717,0000000055,"Склад производство, 500kW",СМ Сензорматик,датчици за налягане 1877 0-15 bar,24607/04.2024,,0.0,,0.0,,
6016,22,1,2402,2,6,44706892,12,1310437717,0000000055,"Склад производство, 500kW",СМ Сензорматик,датчици за налягане 1877 0-15 bar,24607/04.2024,,0.0,,0.0,,
6016,23,1,2403,2,6,44706892,11,1310437717,0000000055,"Склад производство, 500kW",Микромакс,Гумен лист 5/1200мм EPDM,192741/031025,,0.0,,0.0,,
6016,24,1,2413,2,6,44369557,2,1310539491,0000000056,Склад,Swagelok,"Stainless steel instr., low profile sleeve",0005484599,,0.0,,0.0,,
6016,25,1,2414,2,6,44369557,1,1310539491,0000000056,Склад,Swagelok,2 micron element kit for 2F series - филтър,0005245092,,0.0,,0.0,,
5481,0,1,2430,2,6,43625906,4,1310550661,0000000056,Склад,АНГЕЛ СТОИЛОВ,"S355J2+N HRP 2x6, 70mm - плоча 70мм.",7753/060825,,0.0,,0.0,,
5481,1,1,2431,2,6,43625906,5,1310550661,0000000056,Склад,АНГЕЛ СТОИЛОВ,Газово рязане (Ангел Стоилов) за 70мм.,,,0.0,,0.0,,
5481,2,1,2434,2,6,43625906,6,1310550661,0000000056,Склад,304L,Муфа 304L резбa 150LBS L25/30  1/2``,16818,,0.0,,0.0,,
5481,3,1,2449,2,6,43625906,7,1310550661,0000000056,Склад,Гумпласт,Плочи ПП/Заготовки ПП,4033/171125,,0.0,,0.0,,
5481,4,1,2462,2,6,37886824,5,1310740230,0000000058,Склад,Фитинги 316,муфа намалител 105405 1/2х1/4,,,0.0,,0.0,,
5481,5,1,2463,2,6,37886824,6,1310740230,0000000058,Склад,Фитинги 316,тройник вътр. резба 102304 1/2`,07082025,,0.0,,0.0,,
5481,6,1,2484,2,6,37886824,7,1310740230,0000000058,Склад,ZIEHL-ABEGG,Вентилатор,42503561/101125,,0.0,,0.0,,
5481,7,1,2520,2,3,34863009,2,1311137244,0000000136,Склад,Комет електроникс,Цокъл  М16,,,0.0,,0.0,,
5481,8,1,2521,2,3,34863009,3,1311137244,0000000136,Склад,Комет електроникс,Съединители 3,,,0.0,,0.0,,
5481,9,1,2522,2,3,34863009,4,1311137244,0000000136,Склад,Комет електроникс,Съединители 4,,,0.0,,0.0,,
5481,10,1,2536,2,6,49663305,3,1311140365,0000000060,Склад,Редко,Кабел 1х50mm,,,0.0,,0.0,,
5481,11,1,2537,2,6,49663305,4,1311140365,0000000060,Склад,Редко,Кабелна обувка 50х8,81288/211125/3,,0.0,,0.0,,
5481,12,1,2550,2,6,49663305,5,1311140365,0000000060,Склад,Фитинги 316,тройник вътр. резба 102304 1/2`,07082025,,0.0,,0.0,,
5481,13,1,2551,2,6,49663305,6,1311140365,0000000060,Склад,304L,"Щуцер маркуч 304, 1/2",061125/1,,0.0,,0.0,,
5481,14,1,2560,2,6,49663305,7,1311140365,0000000060,Склад,М8,болт цинк  М8х16,241025/26,,0.0,,0.0,,
5481,15,1,2561,2,6,49663305,8,1311140365,0000000060,Склад,М8,болт цинк  М8х20,10524822/311025/6,,0.0,,0.0,,
5481,16,1,2562,2,6,49663305,9,1311140365,0000000060,Склад,М8,гайка цинк М8,12345,,0.0,,0.0,,
5481,17,1,2563,2,6,49663305,10,1311140365,0000000060,Склад,М8,шайба цинк М8,10527503/071125/3,,0.0,,0.0,,
5481,18,1,2564,2,6,49663305,11,1311140365,0000000060,Склад,М6,болт цинк  М6х25,151025/4,,0.0,,0.0,,
5481,19,1,2565,2,6,49663305,12,1311140365,0000000060,Склад,М6,гайка с уплътнение цинк  М6,241025/23,,0.0,,0.0,,
5481,20,1,2566,2,6,49663305,13,1311140365,0000000060,Склад,М6,шайба цинк  М6,031025/1,,0.0,,0.0,,
5481,21,1,2567,2,6,49663305,14,1311140365,0000000060,Склад,Крисметал,уплътнение CF3000 PTFE 453988 DN40,10143532/110925/pfte40,,0.0,,0.0,,
5481,22,1,2568,2,6,49663305,15,1311140365,0000000060,Склад,304L,"коляно 90°, 304L вътр. резба, 1 1/2`",169835468,,0.0,,0.0,,
5481,23,1,2570,2,6,49663305,16,1311140365,0000000060,Склад,Suzhou,Композитна мембрана 118*118*40 см,VMA20250921/141025/2,,0.0,,0.0,,
5481,24,1,2571,2,6,49663305,17,1311140365,0000000060,Склад,ИТТ,шпилка  М16х2000,241025/28,,0.0,,0.0,,
5481,25,1,2572,2,6,49663305,18,1311140365,0000000060,Склад,Гумпласт,Плочи ПП/Заготовки ПП,4033/171125,,0.0,,0.0,,
5481,26,1,2573,2,6,49663305,19,1311140365,0000000060,Склад,ИФМ,Температурен датчик,ta-025clem14-a-zvg/us/082025,,0.0,,0.0,,
5481,27,1,2583,2,6,49723446,2,1311233739,0000000061,Склад,М16,"Шайба пружинна, цинк, М16, 100бр./оп.",120111486/191125,,0.0,,0.0,,
5481,28,1,2614,2,6,49018087,4,1311451136,0000000063,Склад,Нирстрой,"Поцинкована ламарина 2000/1000/1,0",134696/271125,,0.0,,0.0,,
5867,0,1,2619,2,6,49018087,5,1311451136,0000000063,Склад,М6,болт с шестостенна глава А2 М6х40,340046315/261125,,0.0,,0.0,,
5867,1,1,2623,2,6,49018087,6,1311451136,0000000063,Склад,ИФМ,Намур сензор,39804/251125,,0.0,,0.0,,
5867,2,1,2627,2,6,49018087,7,1311451136,0000000063,Склад,Крисметал,Седлови кран 1`,10146662/261125,,0.0,,0.0,,
5867,3,1,2699,2,6,38298100,3,1311938565,0000000065,Склад,Климатех,Тръба оребрена (25х2 - 50) 2м,28082025/8,,0.0,,0.0,,
5867,4,1,2726,2,6,44490305,2,1312135045,0000000066,"Склад производство, 500kW",Демистрър 500,Готов демистър,,,0.0,,0.0,,
5867,5,1,2728,2,6,44490305,3,1312135045,0000000066,Склад,ЛД,Актуатор електрически 24V,PBC875688,,0.0,,0.0,,
5867,6,1,2729,2,6,44490305,3,1312135045,0000000066,Склад,ЛД,Актуатор електрически 24V,PBC875688,,2.0,бр.,1.0,бр.,
5867,7,1,2731,2,6,44490305,4,1312135045,0000000066,Склад,ЛД,"Шлаух полиамид, бял 15/12,5, 50м/ролка",261121/050925,,0.0,,0.0,,
5867,8,1,2732,2,6,44490305,5,1312135045,0000000066,Склад,ЛД,"Шлаух полиамид, бял 15/12,5, 50м/ролка",261509/150925,,0.0,,0.0,,
5867,9,1,2733,2,6,44490305,6,1312135045,0000000066,Склад,ЛД,"Шлаух полиамид, бял 15/12,5, 50м/ролка",261508/150925,,0.0,,0.0,,
5867,10,1,2734,2,6,44490305,7,1312135045,0000000066,Склад,ЛД,кран за задвижка VP703000 1/2 - DN15,1658148,,0.0,,0.0,,
5867,11,1,2737,2,6,44490305,3,1312135045,0000000066,Склад,ЛД,Актуатор електрически 24V,PBC875688,,1.0,бр.,2.0,бр.,
5867,12,1,2741,2,6,44490305,8,1312135045,0000000066,Склад,ЛД,сферичен кран с резба VP704000 1/2 - DN15,261780/190925,,0.0,,0.0,,
5867,13,1,2742,2,6,44490305,9,1312135045,0000000066,Склад,ЛД,сферичен кран с резба VP704000 1/2 - DN15,261920/240925,,0.0,,0.0,,
5867,14,1,2743,2,6,44490305,10,1312135045,0000000066,Склад,ЛД,Преходник,263403/211025/2,,0.0,,0.0,,
5867,15,1,2759,2,6,44490305,11,1312135045,0000000066,Склад,Хим - спектър,Банка реактивна градуирана,26765/171125/1,,0.0,,0.0,,
5867,16,1,2760,2,6,44490305,12,1312135045,0000000066,Склад,Хим - спектър,Контейнер за проби 100мл.,26765/171125/2,,0.0,,0.0,,
5867,17,1,2763,2,6,44490305,13,1312135045,0000000066,Полша,AFP,Гъба демистър (Wire mesh separator mono circolar,246/141025,,0.0,,0.0,,
5867,18,1,2766,2,6,44490305,14,1312135045,0000000066,Склад,Панчев,"Пружинна шайба ф16, цинк",1200180962/251125,,0.0,,0.0,,
5867,19,1,2778,2,6,45255950,2,1312550865,0000000068,Склад,Заваръчни връзки,"Коляно 90o 304L заварка (48,3х2) 1 1/2``",10143532/110925/k1.1/2`,,1.0,бр.,5.0,бр.,
5867,20,1,2799,2,6,36499861,14,1312738050,0000000069,Склад,Фитинги 316,муфа вътр. резба 101804 1/2`,07082025,,0.0,,0.0,,
5867,21,1,2800,2,6,36499861,15,1312738050,0000000069,Склад,Фитинги 316,коляно 90гр. вътр./вън. резба 101504 1/2`,07082025,,0.0,,0.0,,
5867,22,1,2801,2,6,36499861,16,1312738050,0000000069,Склад,304L,"Щуцер маркуч 304, 1/2",061125/1,,0.0,,0.0,,
5867,23,1,2802,2,6,36499861,17,1312738050,0000000069,Склад,304L,"Щуцер маркуч 304, 1/2",061125/1,,0.0,,0.0,,
5867,24,1,2803,2,6,36499861,18,1312738050,0000000069,Склад,Фитинги 316,тройник вътр. резба 102304 1/2`,07082025,,0.0,,0.0,,
5867,25,1,2804,2,6,36499861,19,1312738050,0000000069,Склад,ИФМ,Температурен датчик,ta-025clem14-a-zvg/us/082025,,0.0,,0.0,,
5867,26,1,2805,2,6,36499861,10,1312738050,0000000069,Склад,Фитинги 316,тройник вътр. резба 102304 1/2`,07082025,,2.0,бр.,3.0,бр.,
6092,0,1,2806,2,6,36499861,18,1312738050,0000000069,Склад,Фитинги 316,тройник вътр. резба 102304 1/2`,07082025,,0.0,,0.0,,
6092,1,1,2807,2,6,36499861,17,1312738050,0000000069,Склад,304L,"Щуцер маркуч 304, 1/2",061125/1,,6.0,бр.,11.0,бр.,
6092,2,1,2808,2,6,36499861,17,1312738050,0000000069,Склад,304L,"Щуцер маркуч 304, 1/2",061125/1,,11.0,бр.,19.0,бр.,
6092,3,1,2809,2,6,36499861,7,1312738050,0000000069,Склад,304L,"Щуцер маркуч 304, 1/2",061125/1,,0.0,,0.0,,
6092,4,1,2810,2,6,36499861,16,1312738050,0000000069,Склад,304L,"Щуцер маркуч 304, 1/2",061125/1,,0.0,,0.0,,
6092,5,1,2811,2,6,36499861,9,1312738050,0000000069,Склад,Фитинги 316,коляно 90гр. вътр./вън. резба 101504 1/2`,07082025,,5.0,бр.,7.0,бр.,
6092,6,1,2812,2,6,36499861,15,1312738050,0000000069,Склад,Фитинги 316,коляно 90гр. вътр./вън. резба 101504 1/2`,07082025,,0.0,,0.0,,
6092,7,1,2828,2,6,36499861,20,1312738050,0000000069,Склад,Кабели и накрайници,"Кабелен накрайник 6mm, 0.34mm",1459022054/101225,,0.0,,0.0,,
6092,8,1,2835,2,6,44723633,4,1312930189,0000000071,Склад,Унител,"захранващо устройство, SDR-240-24",661/181125/3,,0.0,,0.0,,
6092,9,1,2838,2,6,44723633,5,1312930189,0000000071,Склад,Инвест Електроникс,Сензор за газ H2 GS-220,25070100119,,0.0,,0.0,,
6092,10,1,2839,2,6,44723633,6,1312930189,0000000071,Склад,Инвест Електроникс,Управление за сензор за газ GA-220,213814/130825,,0.0,,0.0,,
6092,11,1,3045,2,6,42987026,3,1313541231,0000000074,Склад,Явор-М,Гумена защитна лента за ръб 1-4мм.,100813/171225,,0.0,,0.0,,
6092,12,1,3099,2,6,49142060,2,1313632692,0000000075,Склад,ERACO,Чилър,105/180925,,0.0,,0.0,,
6092,13,1,3102,2,6,49142060,3,1313632692,0000000075,Склад,Фитинги 316,коляно 90гр. вътр./вън. резба 101504 1/2`,143284/02092025/3,,0.0,,0.0,,
6092,14,1,3103,2,6,49142060,4,1313632692,0000000075,Склад,Фитинги 316,муфа вътр. резба 101804 1/2`,07082025,,0.0,,0.0,,
6092,15,1,3104,2,6,49142060,5,1313632692,0000000075,Склад,304L,"нипел шестостен 304L, 1/2`",10147297/101225,,0.0,,0.0,,
6092,16,1,3114,2,6,41569782,2,1314035247,0000000076,Склад,Фитинги 316,холендер вътр.резба PTFE 101364 1/2`,10147733/231225,,0.0,,0.0,,
6092,17,1,3165,2,6,40312398,4,1315333698,0000000077,Услуги,Услуги,"Лазерно рязане Патлиджански малки, перф. лам.",,,0.0,,0.0,,
6092,18,1,3166,2,6,40312398,5,1315333698,0000000077,Суровини,Филипекс,Ламарина 316L - 5х1250х2500,97611/130825/2,,0.0,,0.0,,
6092,19,1,3167,2,6,40312398,6,1315333698,0000000077,Суровини,Филипекс,Ламарина 316L - 2х1250х2500,97611/130825,,0.0,,0.0,,
6092,20,1,3168,2,6,40312398,7,1315333698,0000000077,Склад,ДЕАТРЕЙД,Уплътнение от експандиран тефлон ф397х325х0.5,4507/241125,,0.0,,0.0,,
6092,21,1,3173,2,6,40312398,8,1315333698,0000000077,Склад,Suzhou,Sealing Gasket  PTFE 393mm,050126/3,,0.0,,0.0,,
6092,22,1,3175,2,6,40312398,9,1315333698,0000000077,Склад,М10,болт цинк  М10х30,10527503/071125/7,,0.0,,0.0,,
6092,23,1,3176,2,6,40312398,10,1315333698,0000000077,Склад,М10,гайка цинк  М10,10527503/071125/9,,0.0,,0.0,,
6092,24,1,3177,2,6,40312398,11,1315333698,0000000077,Склад,М10,шайба цинк  М10,10527503/071125/10,,0.0,,0.0,,
6092,25,1,3192,2,6,40312398,12,1315333698,0000000077,Склад,СМ Сензорматик,Датчик за налягане 0-3bar,131125/rem,,0.0,,0.0,,
6092,26,1,3212,2,6,37533511,2,1315545054,0000000079,Склад,Фитинги 316,нипел шестостен 108802 1/4`,181225/21,,0.0,,0.0,,
6241,0,1,3213,2,6,37533511,4,1315545054,0000000079,Склад,304L,"Муфа 304 резба, 1/4`",10143532/110925/1.4,,0.0,,0.0,,
6241,1,1,3226,2,6,37533511,5,1315545054,0000000079,Склад,Green power,Захранване/токоизправител,CI-GP-25167/011225,,0.0,,0.0,,
6241,2,1,3233,2,6,40780478,8,1316032631,0000000080,Склад,Schrack,реле с цокъл  6A/24V,080825/49,,0.0,,0.0,,
6241,3,1,3234,2,6,40780478,9,1316032631,0000000080,Склад,ЛД,Поплавъчен нивомер тип 8181,po32235,,0.0,,0.0,,
6241,4,1,3235,2,6,40780478,10,1316032631,0000000080,Склад,Унител,захранване за DIN шина SDR-120-24 24V/5A,661/181125/2,,0.0,,0.0,,
6241,5,1,3236,2,6,40780478,11,1316032631,0000000080,Склад,ЛД,Бобина прав ток  12W,041225/8,,0.0,,0.0,,
6241,6,1,3237,2,6,40780478,12,1316032631,0000000080,Склад,ЛД,щекер 124-800 (LD) без опаковка,265836/031225/2,,0.0,,0.0,,
6241,7,1,3238,2,6,40780478,13,1316032631,0000000080,Италия,304L,"Щуцер за маркуч 304, 1/4",090925/6,,0.0,,0.0,,
6241,8,1,3239,2,6,40780478,13,1316032631,0000000080,Италия,304L,"Щуцер за маркуч 304, 1/4",090925/6,,0.0,,0.0,,
6241,9,1,3240,2,6,40780478,13,1316032631,0000000080,Склад,304L,"Щуцер за маркуч 304, 1/4",090925/6,,0.0,,0.0,,
6241,10,1,3241,2,6,40780478,14,1316032631,0000000080,Склад,Илчев,"Шайба DIN 2093, пружинна М16",14798/041225,,0.0,,0.0,,
6241,11,1,3243,2,6,40780478,15,1316032631,0000000080,Склад,Schrack,реле с цокъл  6A/24V,080825/49,,0.0,,0.0,,
6241,12,1,3244,2,6,40780478,16,1316032631,0000000080,Склад,Schrack,реле с цокъл  6A/24V,1459019939/121125/13,,0.0,,0.0,,
6241,13,1,3252,2,6,40780478,17,1316032631,0000000080,Склад,ЛД,Поплавъчен нивомер тип 8181,po34479,,0.0,,0.0,,
6241,14,1,3256,2,6,40780478,18,1316032631,0000000080,Склад,Нирстрой,ГВ Винкел 100/100/10,135561/120126,,0.0,,0.0,,
6241,15,1,3257,2,6,40780478,19,1316032631,0000000080,Склад,Нирстрой,ГВ Винкел 100/100/10,135561/120126,,0.0,,0.0,,
6241,16,1,3258,2,6,40780478,19,1316032631,0000000080,Склад,Нирстрой,ГВ Винкел 100/100/10,135561/120126,,1.0,м.,2.0,м.,
6241,17,1,3259,2,6,40780478,18,1316032631,0000000080,Склад,Нирстрой,ГВ Винкел 100/100/10,135561/120126,,0.0,,0.0,,
6241,18,1,3279,2,6,36852337,4,1315438557,0000000078,Склад,304L,"Щуцер за маркуч 304, 1/4",090925/6,,1.0,L,0.51,M,
6241,19,1,3280,2,6,36852337,4,1315438557,0000000078,Склад,304L,"Щуцер за маркуч 304, 1/4",090925/6,,0.0,%,0.252669999999999,%,
6241,20,1,3281,2,6,36852337,1,1315438557,0000000078,Склад,304L,"нипел шестостен 304L, 1/2`",10147297/101225,,1.8,L,0.92,M,
6241,21,1,3282,2,6,36852337,1,1315438557,0000000078,Склад,304L,"нипел шестостен 304L, 1/2`",10147297/101225,,0.0,%,0.0353555555555617,%,
6241,22,1,3283,2,6,36852337,3,1315438557,0000000078,Склад,Фитинги 316,преход м/ж 102105 1/2х1/4,143284/02092025/6,,1.94,L,0.99,M,
6241,23,1,3284,2,6,36852337,3,1315438557,0000000078,Склад,Фитинги 316,преход м/ж 102105 1/2х1/4,143284/02092025/6,,0.0,%,0.192180412371135,%,
6241,24,1,3286,2,6,40312398,11,1315333698,0000000077,Склад,М10,шайба цинк  М10,10527503/071125/10,,0.0151,L,0.01,M,
6241,25,1,3287,2,6,40312398,11,1315333698,0000000077,Склад,М10,шайба цинк  М10,10527503/071125/10,,0.0,%,-29.5251655629139,%,
6241,26,1,3288,2,6,40312398,10,1315333698,0000000077,Склад,М10,гайка цинк  М10,10527503/071125/9,,0.0371,L,0.02,M,
6258,0,1,3289,2,6,40312398,10,1315333698,0000000077,Склад,М10,гайка цинк  М10,10527503/071125/9,,0.0,%,-5.4355795148248,%,
6258,1,1,3290,2,6,40312398,9,1315333698,0000000077,Склад,М10,болт цинк  М10х30,10527503/071125/7,,0.14,L,0.07,M,
6258,2,1,3291,2,6,40312398,9,1315333698,0000000077,Склад,М10,болт цинк  М10х30,10527503/071125/7,,0.0,%,2.20849999999999,%,
6258,3,1,3292,2,6,40312398,12,1315333698,0000000077,Склад,СМ Сензорматик,Датчик за налягане 0-3bar,131125/rem,,1.0,L,0.51,M,
6258,4,1,3293,2,6,40312398,12,1315333698,0000000077,Склад,СМ Сензорматик,Датчик за налягане 0-3bar,131125/rem,,0.0,%,0.252669999999999,%,
6258,5,1,3294,2,6,40312398,4,1315333698,0000000077,Услуги,Услуги,"Лазерно рязане Патлиджански малки, перф. лам.",,,3.0,L,1.53,M,
6258,6,1,3295,2,6,40312398,4,1315333698,0000000077,Услуги,Услуги,"Лазерно рязане Патлиджански малки, перф. лам.",,,0.0,%,0.252670000000004,%,
6258,7,1,3296,2,6,40312398,3,1315333698,0000000077,Склад,М12,шайба цинк  М12,241025/11,,2.9,L,1.48,M,
6258,8,1,3297,2,6,40312398,3,1315333698,0000000077,Склад,М12,шайба цинк  М12,241025/11,,0.0,%,0.185227586206907,%,
6258,9,1,3298,2,6,40312398,2,1315333698,0000000077,Склад,М12,гайка цинк М12,091025/2,,5.4,L,2.76,M,
6258,10,1,3299,2,6,40312398,2,1315333698,0000000077,Склад,М12,гайка цинк М12,091025/2,,0.0,%,0.0353555555555547,%,
6258,11,1,3300,2,6,40312398,1,1315333698,0000000077,Склад,М12,болт цинк М12х45,12345/12,,25.97,L,13.27,M,
6258,12,1,3301,2,6,40312398,1,1315333698,0000000077,Склад,М12,болт цинк М12х45,12345/12,,0.0,%,0.0621328455910713,%,
6258,13,1,3302,2,6,40312398,7,1315333698,0000000077,Склад,ДЕАТРЕЙД,Уплътнение от експандиран тефлон ф397х325х0.5,4507/241125,,18.7,L,9.56,M,
6258,14,1,3303,2,6,40312398,7,1315333698,0000000077,Склад,ДЕАТРЕЙД,Уплътнение от експандиран тефлон ф397х325х0.5,4507/241125,,0.0,%,0.0121133689839554,%,
6258,15,1,3304,2,6,40312398,5,1315333698,0000000077,Суровини,Филипекс,Ламарина 316L - 5х1250х2500,97611/130825/2,,1129.72,L,577.61,M,
6258,16,1,3305,2,6,40312398,5,1315333698,0000000077,Суровини,Филипекс,Ламарина 316L - 5х1250х2500,97611/130825/2,,0.0,%,0.00115371065397747,%,
6258,17,1,3306,2,6,40312398,6,1315333698,0000000077,Суровини,Филипекс,Ламарина 316L - 2х1250х2500,97611/130825,,450.38,L,230.27,M,
6258,18,1,3307,2,6,40312398,6,1315333698,0000000077,Суровини,Филипекс,Ламарина 316L - 2х1250х2500,97611/130825,,0.0,%,0.00244813268793835,%,
6258,19,1,3309,2,6,37533511,4,1315545054,0000000079,Склад,304L,"Муфа 304 резба, 1/4`",10143532/110925/1.4,,1.49,L,0.76,M,
6258,20,1,3310,2,6,37533511,4,1315545054,0000000079,Склад,304L,"Муфа 304 резба, 1/4`",10143532/110925/1.4,,0.0,%,0.239543624161081,%,
6258,21,1,3311,2,6,37533511,3,1315545054,0000000079,Склад,Фитинги 316,преход м/ж 102105 1/2х1/4,143284/02092025/6,,1.94,L,0.99,M,
6258,22,1,3312,2,6,37533511,3,1315545054,0000000079,Склад,Фитинги 316,преход м/ж 102105 1/2х1/4,143284/02092025/6,,0.0,%,0.192180412371135,%,
6258,23,1,3313,2,6,37533511,1,1315545054,0000000079,Склад,Фитинги 316,преход м/ж 102108 3/4х1/4,10143532/110925/1,,6.9,L,3.53,M,
6258,24,1,3314,2,6,37533511,1,1315545054,0000000079,Склад,Фитинги 316,преход м/ж 102108 3/4х1/4,10143532/110925/1,,0.0,%,-0.0591289855072372,%,
6259,0,1,3316,2,6,40780478,4,1316032631,0000000080,Склад,М8,шайба цинк М8,10527503/071125/3,,0.01,L,0.01,M,
6259,1,1,3317,2,6,40780478,4,1316032631,0000000080,Склад,М8,шайба цинк М8,10527503/071125/3,,0.0,%,-95.583,%,
6259,2,1,3318,2,6,40780478,12,1316032631,0000000080,Склад,ЛД,щекер 124-800 (LD) без опаковка,265836/031225/2,,3.1,L,1.58,M,
6259,3,1,3319,2,6,40780478,12,1316032631,0000000080,Склад,ЛД,щекер 124-800 (LD) без опаковка,265836/031225/2,,0.0,%,0.315761290322585,%,
6259,4,1,3320,2,6,40780478,13,1316032631,0000000080,Склад,304L,"Щуцер за маркуч 304, 1/4",090925/6,,1.0,L,0.51,M,
6259,5,1,3321,2,6,40780478,13,1316032631,0000000080,Склад,304L,"Щуцер за маркуч 304, 1/4",090925/6,,0.0,%,0.252670000000012,%,
6259,6,1,3322,2,6,40780478,7,1316032631,0000000080,Склад,Фитинги 316,преход м/ж 102105 1/2х1/4,143284/02092025/6,,1.94,L,0.99,M,
6259,7,1,3323,2,6,40780478,7,1316032631,0000000080,Склад,Фитинги 316,преход м/ж 102105 1/2х1/4,143284/02092025/6,,0.0,%,0.192180412371143,%,
6259,8,1,3324,2,6,40780478,11,1316032631,0000000080,Склад,ЛД,Бобина прав ток  12W,041225/8,,24.82,L,12.69,M,
6259,9,1,3325,2,6,40780478,11,1316032631,0000000080,Склад,ЛД,Бобина прав ток  12W,041225/8,,0.0,%,0.00208420628526455,%,
6259,10,1,3326,2,6,40780478,10,1316032631,0000000080,Склад,Унител,захранване за DIN шина SDR-120-24 24V/5A,661/181125/2,,87.75,L,44.86,M,
6259,11,1,3327,2,6,40780478,10,1316032631,0000000080,Склад,Унител,захранване за DIN шина SDR-120-24 24V/5A,661/181125/2,,0.0,%,0.0130668945869048,%,
6259,12,1,3328,2,6,40780478,9,1316032631,0000000080,Склад,ЛД,Поплавъчен нивомер тип 8181,po32235,,169.49,L,86.66,M,
6259,13,1,3329,2,6,40780478,9,1316032631,0000000080,Склад,ЛД,Поплавъчен нивомер тип 8181,po32235,,0.0,%,-0.00131441382971502,%,
6259,14,1,3330,2,6,40780478,14,1316032631,0000000080,Склад,Илчев,"Шайба DIN 2093, пружинна М16",14798/041225,,0.48,L,0.25,M,
6259,15,1,3331,2,6,40780478,14,1316032631,0000000080,Склад,Илчев,"Шайба DIN 2093, пружинна М16",14798/041225,,0.0,%,-1.86614583333333,%,
6259,16,1,3332,2,6,40780478,6,1316032631,0000000080,Склад,Крепежи 500,"Шпилка, DIN 976, 8.8, vZn, M 8 x 1000",031125/2,,187.44,L,95.84,M,
6259,17,1,3333,2,6,40780478,6,1316032631,0000000080,Склад,Крепежи 500,"Шпилка, DIN 976, 8.8, vZn, M 8 x 1000",031125/2,,0.0,%,-0.00359965855741725,%,
6259,18,1,3341,2,6,37499944,4,1316141600,0000000081,Склад,Ивда Гео,Щуцер 1`,170628/080126/1,,0.0,,0.0,,
6259,19,1,3342,2,6,37499944,5,1316141600,0000000081,Склад,Ивда Гео,Тройник ф32,170628/080126/6,,0.0,,0.0,,
6259,20,1,3343,2,6,37499944,6,1316141600,0000000081,Склад,Ивда Гео,Разглоб. свръзка месинг ф32,170628/080126/7,,0.0,,0.0,,
6259,21,1,3344,2,6,37499944,7,1316141600,0000000081,Склад,Ивда Гео,ВРН 2`-1`,170628/080126/2,,0.0,,0.0,,
6259,22,1,3345,2,6,37499944,8,1316141600,0000000081,Склад,Ивда Гео,Коляно 90° ф32,170628/080126/5,,0.0,,0.0,,
6259,23,1,3346,2,6,37499944,9,1316141600,0000000081,Склад,Ивда Гео,Преход женски 32х1,170628/080126/4,,0.0,,0.0,,
6259,24,1,3347,2,6,37499944,10,1316141600,0000000081,Склад,Ивда Гео,Преход мъжки 32х1,170628/080126/3,,0.0,,0.0,,
6259,25,1,3348,2,6,37499944,11,1316141600,0000000081,Склад,ЛД,Актуатор електрически 24V,PBC912246,,0.0,,0.0,,
6285,0,1,3349,2,6,37499944,11,1316141600,0000000081,Склад,ЛД,Актуатор електрически 24V,PBC912246,,328.1,L,167.75,M,
6285,1,1,3350,2,6,37499944,11,1316141600,0000000081,Склад,ЛД,Актуатор електрически 24V,PBC912246,,0.0,%,0.00290079244133804,%,
6285,2,1,3352,2,6,37499944,12,1316141600,0000000081,Склад,Фитинги 316,тройник вътр. резба 102304 1/2`,143284/02092025/7,,0.0,,0.0,,
6285,3,1,3353,2,6,37499944,13,1316141600,0000000081,Склад,304L,"Щуцер за маркуч 304, 1/4",090925/6,,0.0,,0.0,,
6285,4,1,3354,2,6,37499944,14,1316141600,0000000081,Склад,304L,"Щуцер маркуч 304, 1/2",061125/1,,0.0,,0.0,,
6285,5,1,3366,2,6,37499944,15,1316141600,0000000081,Склад,304L,"Преход 304L, м/ж 2`-1`",10148002/120126,,0.0,,0.0,,
6285,6,1,3367,2,6,37499944,16,1316141600,0000000081,Склад,Фитинги 316,преход м/ж 102114 1х1/2,181225/24,,0.0,,0.0,,
6285,7,1,3368,2,6,37499944,17,1316141600,0000000081,Склад,Фитинги 316,преход м/ж 102114 1х1/2,181225/24,,0.0,,0.0,,
6285,8,1,3369,2,6,37499944,18,1316141600,0000000081,Склад,Фитинги 316,муфа намалител 105405 1/2х1/4,181225/16,,0.0,,0.0,,
6285,9,1,3370,2,6,37499944,19,1316141600,0000000081,Склад,Фитинги 316,полунипел 108602 1/4`,,,0.0,,0.0,,
6285,10,1,3371,2,6,37499944,20,1316141600,0000000081,Склад,Фитинги 316,муфа вътр. резба 101802 1/4`,181225/14,,0.0,,0.0,,
6285,11,1,3372,2,6,37499944,17,1316141600,0000000081,Склад,Фитинги 316,преход м/ж 102114 1х1/2,181225/24,,1.0,бр.,2.0,бр.,
6285,12,1,3373,2,6,37499944,16,1316141600,0000000081,Склад,Фитинги 316,преход м/ж 102114 1х1/2,181225/24,,0.0,,0.0,,
6285,13,1,3375,2,6,37499944,14,1316141600,0000000081,Склад,304L,"Щуцер маркуч 304, 1/2",061125/1,,4.0,бр.,5.0,бр.,
6285,14,1,3379,2,6,37499944,21,1316141600,0000000081,Суровини,Филипекс,Ламарина 316L - 2х1250х2500,97611/130825,,0.0,,0.0,,
6285,15,1,3404,2,6,37499944,21,1316141600,0000000081,Суровини,Филипекс,"Ламарина 316L - 2х1250х2500, лист",97611/130825,,450.38,L,230.27,M,
6285,16,1,3405,2,6,37499944,21,1316141600,0000000081,Суровини,Филипекс,"Ламарина 316L - 2х1250х2500, лист",97611/130825,,0.0,%,0.00244813268793177,%,
6285,17,1,3406,2,6,37499944,22,1316141600,0000000081,Суровини,Филипекс,"Ламарина 316L - 5х1250х2500, лист",97611/130825/2,,0.0,,0.0,,
6285,18,1,3408,2,6,37883119,3,1316253644,0000000082,"Склад производство, 500kW",ДЕАТРЕЙД,"Уплътнение от експ. тефлон ф1060хф900х0,5, ринг",3907/22082025,,67.71,$,69.24,M,
6285,19,1,3409,2,6,37883119,3,1316253644,0000000082,"Склад производство, 500kW",ДЕАТРЕЙД,"Уплътнение от експ. тефлон ф1060хф900х0,5, ринг",3907/22082025,,0.0,%,-0.00160054554772125,%,
6285,20,1,3411,2,6,37883119,4,1316253644,0000000082,Склад,Крисметал,уплътнение CF3000 PTFE 453986 DN25,10143532/110925/pfte25,,0.0,,0.0,,
6285,21,1,3412,2,6,37883119,5,1316253644,0000000082,Склад,Крисметал,уплътнение CF3000 PTFE 453988 DN40,10143532/110925/pfte40,,0.0,,0.0,,
6285,22,1,3413,2,6,37883119,5,1316253644,0000000082,Склад,Крисметал,уплътнение CF3000 PTFE 453988 DN40,10143532/110925/pfte40,,2.13,L,1.08,M,
6285,23,1,3414,2,6,37883119,5,1316253644,0000000082,Склад,Крисметал,уплътнение CF3000 PTFE 453988 DN40,10143532/110925/pfte40,,0.0,%,0.831154929577446,%,
6285,24,1,3415,2,6,37883119,4,1316253644,0000000082,Склад,Крисметал,уплътнение CF3000 PTFE 453986 DN25,10143532/110925/pfte25,,1.8,L,0.92,M,
6200,0,1,3416,2,6,37883119,4,1316253644,0000000082,Склад,Крисметал,уплътнение CF3000 PTFE 453986 DN25,10143532/110925/pfte25,,0.0,%,0.0353555555555551,%,
6200,1,1,3418,2,6,37883119,6,1316253644,0000000082,Склад,ЛД,щекер 124-800 (LD) без опаковка,265836/031225/2,,0.0,,0.0,,
6200,2,1,3419,2,6,37883119,7,1316253644,0000000082,Склад,ЛД,Ф2.5 21L2K1T25 R42,12345,,0.0,,0.0,,
6200,3,1,3420,2,6,37883119,8,1316253644,0000000082,Италия,304L,"Щуцер маркуч 304, 1/2",061125/1,,0.0,,0.0,,
6200,4,1,3421,2,6,37883119,8,1316253644,0000000082,Италия,304L,"Щуцер маркуч 304, 1/2",061125/1,,0.0,,0.0,,
6200,5,1,3422,2,6,37883119,8,1316253644,0000000082,Склад,304L,"Щуцер маркуч 304, 1/2",061125/1,,0.0,,0.0,,
6200,6,1,3423,2,6,37883119,9,1316253644,0000000082,Склад,ЛД,Бобина прав ток  12W,041225/8,,0.0,,0.0,,
6200,7,1,3424,2,6,37883119,10,1316253644,0000000082,Склад,ЛД,Бобина прав ток  12W,265836/031225/1,,0.0,,0.0,,
6200,8,1,3425,2,6,37883119,10,1316253644,0000000082,Склад,ЛД,Бобина прав ток  12W,265836/031225/1,,24.82,L,12.69,M,
6200,9,1,3426,2,6,37883119,10,1316253644,0000000082,Склад,ЛД,Бобина прав ток  12W,265836/031225/1,,0.0,%,0.00208420628526455,%,
6200,10,1,3427,2,6,37883119,9,1316253644,0000000082,Склад,ЛД,Бобина прав ток  12W,041225/8,,24.82,L,12.69,M,
6200,11,1,3428,2,6,37883119,9,1316253644,0000000082,Склад,ЛД,Бобина прав ток  12W,041225/8,,0.0,%,0.00208420628526455,%,
6200,12,1,3429,2,6,37883119,6,1316253644,0000000082,Склад,ЛД,щекер 124-800 (LD) без опаковка,265836/031225/2,,3.1,L,1.58,M,
6200,13,1,3430,2,6,37883119,6,1316253644,0000000082,Склад,ЛД,щекер 124-800 (LD) без опаковка,265836/031225/2,,0.0,%,0.315761290322594,%,
6200,14,1,3431,2,6,37883119,8,1316253644,0000000082,Склад,304L,"Щуцер маркуч 304, 1/2",061125/1,,1.83,L,0.94,M,
6200,15,1,3432,2,6,37883119,8,1316253644,0000000082,Склад,304L,"Щуцер маркуч 304, 1/2",061125/1,,0.0,%,-0.463398907103794,%,
6200,16,1,3434,2,6,37883119,11,1316253644,0000000082,Склад,304L,"Щуцер за маркуч 304, 1/4",090925/6,,0.0,,0.0,,
6200,17,1,3435,2,6,37883119,12,1316253644,0000000082,Склад,304L,Муфа 304L резбa 150LBS L25/30  1/2``,10143532/110925/1.2,,0.0,,0.0,,
6200,18,1,3436,2,6,37883119,11,1316253644,0000000082,Склад,304L,"Щуцер за маркуч 304, 1/4",090925/6,,1.0,L,0.51,M,
6200,19,1,3437,2,6,37883119,11,1316253644,0000000082,Склад,304L,"Щуцер за маркуч 304, 1/4",090925/6,,0.0,%,0.252669999999999,%,
6200,20,1,3438,2,6,37883119,12,1316253644,0000000082,Склад,304L,Муфа 304L резбa 150LBS L25/30  1/2``,10143532/110925/1.2,,2.64,L,1.35,M,
6200,21,1,3439,2,6,37883119,12,1316253644,0000000082,Склад,304L,Муфа 304L резбa 150LBS L25/30  1/2``,10143532/110925/1.2,,0.0,%,-0.0140340909090914,%,
6200,22,1,3443,2,6,37883119,4,1316253644,0000000082,Склад,Крисметал,уплътнение CF3000 PTFE 453986 DN25,10143532/110925/pfte25,,22.0,бр.,26.0,бр.,
6200,23,1,3449,2,6,37883119,13,1316253644,0000000082,Склад,Кабелни канали,Кабелна скара перфорирана с интегриран съедините,48804/080126/1,,0.0,,0.0,,
6200,24,1,3450,2,6,37883119,14,1316253644,0000000082,Склад,Кабелни канали,"Стенна конзола 90x610mm 2,5kN",48804/080126/2,,0.0,,0.0,,
6200,25,1,3451,2,6,37883119,15,1316253644,0000000082,Склад,Кабелни канали,Вертикален ъгъл понижаващ 60х102мм. с борд,48804/080126/3,,0.0,,0.0,,
6207,0,1,3452,2,6,37883119,16,1316253644,0000000082,Склад,Кабелни канали,Покачващ ъгъл за каб.скара 60х102мм. с борд,48804/080126/4,,0.0,,0.0,,
6207,1,1,3453,2,6,37883119,17,1316253644,0000000082,Склад,Кабелни канали,"Капак за пон. и пок. ъгъл, височина 60мм,В=106мм",48804/080126/5,,0.0,,0.0,,
6207,2,1,3468,2,6,43577413,3,1316342648,0000000083,Склад,SCHUBERT & SALZER,"Sliding Gate Motor Valve 8038 H2, 1` - игл.кл",025VTG11AM11,,0.0,,0.0,,
6207,3,1,3469,2,6,43577413,4,1316342648,0000000083,Склад,SCHUBERT & SALZER,"Sliding Gate Motor Valve 8038 O2, 1` - игл.кл",025VTG11AM1,,0.0,,0.0,,
6207,4,1,3512,2,6,42282840,9,1316357277,0000000084,Суровини,Метални Елементи,Лист неръждаема стомана 316L - 2х1250х2500,97611/130825,,0.0,,0.0,,
6207,5,1,3513,2,6,42282840,10,1316357277,0000000084,Суровини,Метални Елементи,Лист неръждаема стомана 316L - 5х1250х2500,97611/130825/2,,0.0,,0.0,,
6207,6,1,3531,2,6,42282840,11,1316357277,0000000084,Склад,Метални Елементи,DIN-релса за модулна апаратура перфорирана 2m,1459019554/071125/1,,0.0,,0.0,,
6207,7,1,3532,2,6,42282840,12,1316357277,0000000084,Склад,Метални Елементи,DIN-релса за модулна апаратура перфорирана 2m,1469000128/060126/5,,0.0,,0.0,,
6207,8,1,3538,2,6,42282840,10,1316357277,0000000084,Суровини,Метални Елементи,Лист неръждаема стомана 316L - 5х1250х2500,97611/130825/2,,1129.72,L,577.61,M,
6207,9,1,3539,2,6,42282840,10,1316357277,0000000084,Суровини,Метални Елементи,Лист неръждаема стомана 316L - 5х1250х2500,97611/130825/2,,0.0,%,0.00115371065397284,%,
6207,10,1,3540,2,6,42282840,9,1316357277,0000000084,Суровини,Метални Елементи,Лист неръждаема стомана 316L - 2х1250х2500,97611/130825,,450.38,L,230.27,M,
6207,11,1,3541,2,6,42282840,9,1316357277,0000000084,Суровини,Метални Елементи,Лист неръждаема стомана 316L - 2х1250х2500,97611/130825,,0.0,%,0.00244813268795362,%,
6207,12,1,3542,2,6,42282840,13,1316357277,0000000084,Склад,Тръби,"Тръба прецизна ф20х1,2",28082025,,0.0,,0.0,,
6207,13,1,3558,2,6,42282840,11,1316357277,0000000084,Склад,Метални Елементи,DIN-релса за модулна апаратура перфорирана 2m,1459019554/071125/1,,6.36,L,3.25,M,
6207,14,1,3559,2,6,42282840,11,1316357277,0000000084,Склад,Метални Елементи,DIN-релса за модулна апаратура перфорирана 2m,1459019554/071125/1,,0.0,%,0.0558569182390117,%,
6207,15,1,3560,2,6,42282840,14,1316357277,0000000084,Склад,Тръби DRAFT111,"Тръба (323,9х3) 12``",10143532/110925/323.9,,0.0,,0.0,,
6207,16,1,3561,2,6,42282840,15,1316357277,0000000084,Склад,Тръби DRAFT111,Тръба безшевна 316L 6x1.0,10143532/110925/6x1,,0.0,,0.0,,
6207,17,1,3562,2,6,42282840,16,1316357277,0000000084,Склад,Тръби DRAFT111,Тръба безшевна 316L 6x1.0,28082025/1,,0.0,,0.0,,
6207,18,1,3563,2,6,42282840,17,1316357277,0000000084,Склад,Тръби DRAFT111,Тръба оребрена (25х2 - 50) 2м,28082025/8,,0.0,,0.0,,
6207,19,1,3564,2,6,42282840,18,1316357277,0000000084,Склад,Тръби DRAFT111,"Тръба шевна 304L (114,3х2) 4``",10143532/110925/114.3,,0.0,,0.0,,
6207,20,1,3565,2,6,42282840,19,1316357277,0000000084,Склад,Тръби DRAFT111,"Тръба шевна 304L (114,3х2) 4``",28082025/7,,0.0,,0.0,,
6207,21,1,3566,2,6,42282840,20,1316357277,0000000084,Склад,Тръби DRAFT111,"Тръба шевна 304L (168,3х2) 6``",10143532/110925/168.3,,0.0,,0.0,,
6207,22,1,3567,2,6,42282840,21,1316357277,0000000084,Склад,Тръби DRAFT111,"Тръба шевна 304L (168,3х2) 6``",28082025/6,,0.0,,0.0,,
6307,0,1,3568,2,6,42282840,22,1316357277,0000000084,Склад,Тръби DRAFT111,Тръба шевна 304L (21.3x2) 1/2``,28082025/2,,0.0,,0.0,,
6307,1,1,3569,2,6,42282840,23,1316357277,0000000084,Склад,Тръби DRAFT111,"Тръба шевна 304L (48,3х2) 1 1/2``",10143532/110925/48.3,,0.0,,0.0,,
6307,2,1,3570,2,6,42282840,24,1316357277,0000000084,Склад,Тръби DRAFT111,"Тръба шевна 304L (60,3х2) 2``","10143532/110925/60,3",,0.0,,0.0,,
6307,3,1,3571,2,6,42282840,16,1316357277,0000000084,Склад,Тръби DRAFT111,Тръба безшевна 316L 6x1.0,28082025/1,,9.88,L,5.05,M,
6307,4,1,3572,2,6,42282840,16,1316357277,0000000084,Склад,Тръби DRAFT111,Тръба безшевна 316L 6x1.0,28082025/1,,0.0,%,0.0309564777328108,%,
6307,5,1,3573,2,6,42282840,22,1316357277,0000000084,Склад,Тръби DRAFT111,Тръба шевна 304L (21.3x2) 1/2``,28082025/2,,11.19,L,5.72,M,
6307,6,1,3574,2,6,42282840,22,1316357277,0000000084,Склад,Тръби DRAFT111,Тръба шевна 304L (21.3x2) 1/2``,28082025/2,,0.0,%,0.0237033065236828,%,
6307,7,1,3575,2,6,42282840,19,1316357277,0000000084,Склад,Тръби DRAFT111,"Тръба шевна 304L (114,3х2) 4``",28082025/7,,61.1,L,31.24,M,
6307,8,1,3576,2,6,42282840,19,1316357277,0000000084,Склад,Тръби DRAFT111,"Тръба шевна 304L (114,3х2) 4``",28082025/7,,0.0,%,-0.000211456628461011,%,
6307,9,1,3577,2,6,42282840,21,1316357277,0000000084,Склад,Тръби DRAFT111,"Тръба шевна 304L (168,3х2) 6``",28082025/6,,65.8,L,33.64,M,
6307,10,1,3578,2,6,42282840,21,1316357277,0000000084,Склад,Тръби DRAFT111,"Тръба шевна 304L (168,3х2) 6``",28082025/6,,0.0,%,0.0089343465045493,%,
6307,11,1,3579,2,6,42282840,24,1316357277,0000000084,Склад,Тръби DRAFT111,"Тръба шевна 304L (60,3х2) 2``","10143532/110925/60,3",,23.59,L,12.06,M,
6307,12,1,3580,2,6,42282840,24,1316357277,0000000084,Склад,Тръби DRAFT111,"Тръба шевна 304L (60,3х2) 2``","10143532/110925/60,3",,0.0,%,0.0114039847392903,%,
6307,13,1,3581,2,6,42282840,15,1316357277,0000000084,Склад,Тръби DRAFT111,Тръба безшевна 316L 6x1.0,10143532/110925/6x1,,9.88,L,5.05,M,
6307,14,1,3582,2,6,42282840,15,1316357277,0000000084,Склад,Тръби DRAFT111,Тръба безшевна 316L 6x1.0,10143532/110925/6x1,,0.0,%,0.0309564777328108,%,
6307,15,1,3583,2,6,42282840,20,1316357277,0000000084,Склад,Тръби DRAFT111,"Тръба шевна 304L (168,3х2) 6``",10143532/110925/168.3,,65.8,L,33.64,M,
6307,16,1,3584,2,6,42282840,20,1316357277,0000000084,Склад,Тръби DRAFT111,"Тръба шевна 304L (168,3х2) 6``",10143532/110925/168.3,,0.0,%,0.00893434650456063,%,
6307,17,1,3585,2,6,42282840,18,1316357277,0000000084,Склад,Тръби DRAFT111,"Тръба шевна 304L (114,3х2) 4``",10143532/110925/114.3,,61.1,L,31.24,M,
6307,18,1,3586,2,6,42282840,18,1316357277,0000000084,Склад,Тръби DRAFT111,"Тръба шевна 304L (114,3х2) 4``",10143532/110925/114.3,,0.0,%,-0.000211456628461011,%,
6307,19,1,3587,2,6,42282840,23,1316357277,0000000084,Склад,Тръби DRAFT111,"Тръба шевна 304L (48,3х2) 1 1/2``",10143532/110925/48.3,,29.16,L,14.91,M,
6307,20,1,3588,2,6,42282840,23,1316357277,0000000084,Склад,Тръби DRAFT111,"Тръба шевна 304L (48,3х2) 1 1/2``",10143532/110925/48.3,,0.0,%,-0.00488786008231366,%,
6307,21,1,3589,2,6,42282840,14,1316357277,0000000084,Склад,Тръби DRAFT111,"Тръба (323,9х3) 12``",10143532/110925/323.9,,288.79,L,147.66,M,
6307,22,1,3590,2,6,42282840,14,1316357277,0000000084,Склад,Тръби DRAFT111,"Тръба (323,9х3) 12``",10143532/110925/323.9,,0.0,%,-0.00272093909066724,%,
6314,0,1,3600,2,6,36238823,10,1316432919,0000000085,Склад,Заваръчни връзки,Капа 316L заварка (168.3x2.0) 6``,10143532/110925/6`,,0.0,,0.0,,
6314,1,1,3601,2,6,36238823,11,1316432919,0000000085,Склад,Заваръчни връзки,Капа 316L заварка (168.3x2.0) 6``,10144231/011025/1,,0.0,,0.0,,
6314,2,1,3620,2,6,42282840,25,1316357277,0000000084,Склад,Заваръчни връзки DRAFT111,"Капа 316L заварка (114,3х2) 4``",10143532/110925/4`,,0.0,,0.0,,
6314,3,1,3621,2,6,42282840,26,1316357277,0000000084,Склад,Заваръчни връзки DRAFT111,Капа 316L заварка (168.3x2.0) 6``,10144231/011025/1,,0.0,,0.0,,
6314,4,1,3622,2,6,42282840,27,1316357277,0000000084,Склад,Заваръчни връзки DRAFT111,"Капа шевна зав. 316L, 323.0х3.0",10144231/011025/2,,0.0,,0.0,,
6314,5,1,3623,2,6,42282840,28,1316357277,0000000084,Склад,Заваръчни връзки DRAFT111,"Коляно 45о 304L заварка (48,3х2) 1 1/2``",050126/1,,0.0,,0.0,,
6314,6,1,3624,2,6,42282840,29,1316357277,0000000084,Склад,Заваръчни връзки DRAFT111,"Коляно 90o 304L заварка (33,7х2) 1``",10143532/110925/k1`,,0.0,,0.0,,
6314,7,1,3625,2,6,42282840,30,1316357277,0000000084,Склад,Заваръчни връзки DRAFT111,"Коляно 90o 304L заварка (48,3х2) 1 1/2``",10143532/110925/k1.1/2`,,0.0,,0.0,,
6314,8,1,3626,2,6,42282840,31,1316357277,0000000084,Склад,Заваръчни връзки DRAFT111,"Коляно 90o 304L заварка (60,3x2) 2``",10143532/110925/k2`,,0.0,,0.0,,
6314,9,1,3627,2,6,42282840,32,1316357277,0000000084,Склад,Заваръчни връзки DRAFT111,"Тройник 304L заварка (60,3х2) 2``",10143532/110925/t2`,,0.0,,0.0,,
6314,10,1,3628,2,6,42282840,33,1316357277,0000000084,Склад,Заваръчни връзки DRAFT111,Четворник 1``,1,,0.0,,0.0,,
6314,11,1,3629,2,6,42282840,34,1316357277,0000000084,Склад,Заваръчни връзки DRAFT111,"тройник 304, заварка, 48.3х2, 1 1/2`",10143532/110925/t1.1/2`,,0.0,,0.0,,
6314,12,1,3630,2,6,42282840,35,1316357277,0000000084,Склад,Заваръчни връзки DRAFT111,"тройник 304,заварка 33.7х2, 1`",10143532/110925/t1`,,0.0,,0.0,,
6314,13,1,3637,2,6,42282840,36,1316357277,0000000084,Склад,Заваръчни връзки DRAFT111,полунипел 108608 1 1/2`,10143532/110925/pn1.1/2`,,0.0,,0.0,,
6314,14,1,3652,2,6,42282840,37,1316357277,0000000084,Склад,Фланцови връзки DRAFT111,Филтър INOX 316 Фл. PN16 DN40,10146144/141125/1,,0.0,,0.0,,
6314,15,1,3653,2,6,42282840,38,1316357277,0000000084,Склад,Фланцови връзки DRAFT111,Фланец плосък 304 T10 PN16 DN40,10143532/110925/40,,0.0,,0.0,,
6314,16,1,3654,2,6,42282840,39,1316357277,0000000084,Склад,Фланцови връзки DRAFT111,Фланец плосък 304 T10 PN16 DN50,10143532/110925/50,,0.0,,0.0,,
6314,17,1,3655,2,6,42282840,40,1316357277,0000000084,Склад,Фланцови връзки DRAFT111,Фланец плосък 304 T8 PN16 DN25,10143532/110925/25,,0.0,,0.0,,
6314,18,1,3656,2,6,42282840,41,1316357277,0000000084,Склад,Фланцови връзки DRAFT111,Фланец плосък с резба 304L PN10/16 DN50x2````,10143532/110925/r50,,0.0,,0.0,,
6314,19,1,3657,2,6,42282840,42,1316357277,0000000084,Склад,Фланцови връзки DRAFT111,Фланец плосък с резба 304L PN10/16/40 DN25x1````,10143532/110925/r25,,0.0,,0.0,,
6314,20,1,3658,2,6,42282840,43,1316357277,0000000084,Склад,Фланцови връзки DRAFT111,Фланец плосък с резба 304L PN10/16/40 DN40x1 1/2,10143532/110925/r40,,0.0,,0.0,,
6314,21,1,3659,2,6,42282840,44,1316357277,0000000084,Склад,Фланцови връзки DRAFT111,уплътнение CF3000 PTFE 453986 DN25,10143532/110925/pfte25,,0.0,,0.0,,
6314,22,1,3660,2,6,42282840,45,1316357277,0000000084,Склад,Фланцови връзки DRAFT111,уплътнение CF3000 PTFE 453988 DN40,10143532/110925/pfte40,,0.0,,0.0,,
6324,0,1,3661,2,6,42282840,46,1316357277,0000000084,Склад,Фланцови връзки DRAFT111,уплътнение CF3000 PTFE 453989 DN50,10143532/110925/pfte50,,0.0,,0.0,,
6324,1,1,3669,2,6,42282840,47,1316357277,0000000084,Стругарно/Металхидрид,Тръби 500,"Тръба инж.ст. 304, 33.7х2.6",10143626/120925,,0.0,,0.0,,
6324,2,1,3670,2,6,42282840,48,1316357277,0000000084,Стругарно/Металхидрид,Тръби 500,"Тръба инж.ст. 304, 33.7х2.6",10144596/101025/1,,0.0,,0.0,,
6324,3,1,3686,2,6,42282840,49,1316357277,0000000084,Склад,Кранове 500,"Valve 2528, 1 1/2“ with GE-05, 24/24",1419195/040925/5,,0.0,,0.0,,
6324,4,1,3687,2,6,42282840,50,1316357277,0000000084,Склад,Кранове 500,Valve 2PC full bore ball (flanges ends) 1`` with,050126/2,,0.0,,0.0,,
6324,5,1,3688,2,6,42282840,51,1316357277,0000000084,Склад,Кранове 500,Valve 2PC full bore ball (flanges ends) 2```` wi,1419195/040925/4,,0.0,,0.0,,
6324,6,1,3689,2,6,42282840,52,1316357277,0000000084,Склад,Кранове 500,Valve 3PC full bore ball (welded ends) 1```` wit,1419195/040925/2,,0.0,,0.0,,
6324,7,1,3690,2,6,42282840,53,1316357277,0000000084,Склад,Кранове 500,Valve 3PCS full bore ball (threaded ends) 1/2```,1419196/040925/2,,0.0,,0.0,,
6324,8,1,3691,2,6,42282840,54,1316357277,0000000084,Склад,Кранове 500,Valve 3PCS full bore ball (welded ends) 1/2``,1419196/040925/1,,0.0,,0.0,,
6324,9,1,3692,2,6,42282840,55,1316357277,0000000084,Склад,Кранове 500,Valve T3 ways ball ACT. Electric 1 1/2``,1419195/040925/3,,0.0,,0.0,,
6324,10,1,3693,2,6,42282840,56,1316357277,0000000084,Склад,Кранове 500,Valve T3 ways ball ACT. Electric 1``,84818099/2/101225,,0.0,,0.0,,
6324,11,1,3695,2,6,36238823,12,1316432919,0000000085,Склад,Фитинги 316,тройник вътр. резба 102304 1/2`,143284/02092025/7,,0.0,,0.0,,
6324,12,1,3696,2,6,36238823,13,1316432919,0000000085,Склад,Фитинги 316,муфа вътр. резба 101802 1/4`,181225/14,,0.0,,0.0,,
6324,13,1,3721,2,6,42282840,57,1316357277,0000000084,Склад,Фитинги на резба 500,Safety valve DE seguridad 2``G x 2``G,1419195/040925,,0.0,,0.0,,
6324,14,1,3722,2,6,42282840,58,1316357277,0000000084,Склад,Фитинги на резба 500,"Вътрешно редуциращ нипел м/ж, 3/4х1/4",10143532/110925/1,,0.0,,0.0,,
6324,15,1,3723,2,6,42282840,59,1316357277,0000000084,Склад,Фитинги на резба 500,"Муфа 304 резба, 1/4`",10143532/110925/1.4,,0.0,,0.0,,
6324,16,1,3724,2,6,42282840,60,1316357277,0000000084,Склад,Фитинги на резба 500,Муфа 304L резбa 150LBS L25/30  1/2``,10143532/110925/1.2,,0.0,,0.0,,
6324,17,1,3725,2,6,42282840,61,1316357277,0000000084,Склад,Фитинги на резба 500,Муфа 304L резбa 150LBS L25/30  1/2``,143284/02092025/4,,0.0,,0.0,,
6324,18,1,3726,2,6,42282840,62,1316357277,0000000084,Склад,Фитинги на резба 500,Муфа 304L резбa 150LBS L42 1``,10143532/110925/1.,,0.0,,0.0,,
6324,19,1,3727,2,6,42282840,63,1316357277,0000000084,Склад,Фитинги на резба 500,Муфа 304L резбa 150LBS L45 1 1/2``,10143532/110925/1.1/2,,0.0,,0.0,,
6324,20,1,3728,2,6,42282840,64,1316357277,0000000084,Склад,Фитинги на резба 500,Муфа 304L резбa 150LBS L54 2``,10143532/110925/2.,,0.0,,0.0,,
6324,21,1,3729,2,6,42282840,65,1316357277,0000000084,Склад,Фитинги на резба 500,"Щуцер маркуч 304, 1/2",061125/1,,0.0,,0.0,,
6324,22,1,3730,2,6,42282840,66,1316357277,0000000084,Склад,Фитинги на резба 500,муфа вътр. резба 101802 1/4`,181225/14,,0.0,,0.0,,
6324,23,1,3731,2,6,42282840,67,1316357277,0000000084,Склад,Фитинги на резба 500,муфа вътр. резба 101804 1/2`,07082025,,0.0,,0.0,,
6342,0,1,3732,2,6,42282840,68,1316357277,0000000084,Склад,Фитинги на резба 500,нипел шестостен 100806 1`,10143532/110925/100806,,0.0,,0.0,,
6342,1,1,3733,2,6,42282840,69,1316357277,0000000084,Склад,Фитинги на резба 500,нипел шестостен 108802 1/4`,181225/21,,0.0,,0.0,,
6342,2,1,3734,2,6,42282840,70,1316357277,0000000084,Склад,Фитинги на резба 500,"холендер PTFE м/ж,  2`",10143120/27082025/2,,0.0,,0.0,,
6342,3,1,3735,2,6,42282840,71,1316357277,0000000084,Склад,Фитинги на резба 500,холендер вътр. резба 107804 1/2`,300925,,0.0,,0.0,,
6342,4,1,3769,2,6,36238823,14,1316432919,0000000085,Склад,Илчев,"Шайба DIN 2093, пружинна М16",14798/041225,,0.0,,0.0,,
6342,5,1,3791,2,6,42282840,72,1316357277,0000000084,Склад,Крепежи 500,"Болт с шестостенна глава Zn, M 16x55",10524822/311025/4,,0.0,,0.0,,
6342,6,1,3792,2,6,42282840,73,1316357277,0000000084,Склад,Крепежи 500,Скоба за тръба 1 1/2`,167415/271025,,0.0,,0.0,,
6342,7,1,3793,2,6,42282840,74,1316357277,0000000084,Склад,Крепежи 500,Тапа 304L 150LBS 1/2``,16584381,,0.0,,0.0,,
6342,8,1,3794,2,6,42282840,75,1316357277,0000000084,Склад,Крепежи 500,"Шайба DIN 2093, пружинна М16",14798/041225,,0.0,,0.0,,
6342,9,1,3795,2,6,42282840,76,1316357277,0000000084,Склад,Крепежи 500,"Шпилка, DIN 976, 8.8, vZn, M 8 x 1000",031125/2,,0.0,,0.0,,
6342,10,1,3796,2,6,42282840,77,1316357277,0000000084,Склад,Крепежи 500,болт цинк  М12х100,091025/3,,0.0,,0.0,,
6342,11,1,3797,2,6,42282840,78,1316357277,0000000084,Склад,Крепежи 500,болт цинк  М12х100,10527503/071125/6,,0.0,,0.0,,
6342,12,1,3798,2,6,42282840,79,1316357277,0000000084,Склад,Крепежи 500,болт цинк  М12х25,12345,,0.0,,0.0,,
6342,13,1,3799,2,6,42282840,80,1316357277,0000000084,Склад,Крепежи 500,болт цинк  М12х40,10527503/071125/4,,0.0,,0.0,,
6342,14,1,3800,2,6,42282840,81,1316357277,0000000084,Склад,Крепежи 500,болт цинк  М16х45,250725,,0.0,,0.0,,
6342,15,1,3801,2,6,42282840,82,1316357277,0000000084,Склад,Крепежи 500,болт цинк  М16х50,10524822/311025/3,,0.0,,0.0,,
6342,16,1,3802,2,6,42282840,83,1316357277,0000000084,Склад,Крепежи 500,болт цинк  М16х60,081025/1,,0.0,,0.0,,
6342,17,1,3803,2,6,42282840,84,1316357277,0000000084,Склад,Крепежи 500,болт цинк  М8х25,090925/16,,0.0,,0.0,,
6342,18,1,3804,2,6,42282840,85,1316357277,0000000084,Склад,Крепежи 500,болт цинк М12х45,12345/12,,0.0,,0.0,,
6342,19,1,3805,2,6,42282840,86,1316357277,0000000084,Склад,Крепежи 500,болт цинк М12х60,10527503/071125/5,,0.0,,0.0,,
6342,20,1,3806,2,6,42282840,87,1316357277,0000000084,Склад,Крепежи 500,болт цинк М6х35,241025/20,,0.0,,0.0,,
6342,21,1,3807,2,6,42282840,88,1316357277,0000000084,Склад,Крепежи 500,болт цинк М6х70,090925/2,,0.0,,0.0,,
6342,22,1,3808,2,6,42282840,89,1316357277,0000000084,Склад,Крепежи 500,гайка  М6,031025/2,,0.0,,0.0,,
6342,23,1,3809,2,6,42282840,90,1316357277,0000000084,Склад,Крепежи 500,"гайка самоосигурителна, цинк М16",10530304/171125/3,,0.0,,0.0,,
6342,24,1,3810,2,6,42282840,91,1316357277,0000000084,Склад,Крепежи 500,гайка цинк М12,091025/2,,0.0,,0.0,,
6342,25,1,3811,2,6,42282840,92,1316357277,0000000084,Склад,Крепежи 500,гайка цинк М8,12345,,0.0,,0.0,,
6342,26,1,3812,2,6,42282840,93,1316357277,0000000084,Склад,Крепежи 500,"гайка шестостенна , цинк М16",10524822/311025/1,,0.0,,0.0,,
6342,27,1,3813,2,6,42282840,94,1316357277,0000000084,Склад,Крепежи 500,шайба цинк  М12,241025/11,,0.0,,0.0,,
6354,0,1,3814,2,6,42282840,95,1316357277,0000000084,Склад,Крепежи 500,шайба цинк  М16,10524822/311025/5,,0.0,,0.0,,
6354,1,1,3815,2,6,42282840,96,1316357277,0000000084,Склад,Крепежи 500,шайба цинк  М16,10530304/171125/4,,0.0,,0.0,,
6354,2,1,3816,2,6,42282840,97,1316357277,0000000084,Склад,Крепежи 500,шайба цинк  М6,031025/1,,0.0,,0.0,,
6354,3,1,3817,2,6,42282840,98,1316357277,0000000084,Склад,Крепежи 500,шайба цинк М8,10527503/071125/3,,0.0,,0.0,,
6354,4,1,3818,2,6,42282840,98,1316357277,0000000084,Склад,Крепежи 500,шайба цинк М8,10527503/071125/3,,68.0,бр.,65.0,бр.,
6354,5,1,3819,2,6,42282840,99,1316357277,0000000084,Склад,Крепежи 500,шпилка  М16х2000,10530304/171125/1,,0.0,,0.0,,
6354,6,1,3835,2,6,36238823,15,1316432919,0000000085,СКЛАД 500,Заваръчни връзки 500,"Коляно 90o 304L заварка (33,7х2) 1``",10143532/110925/k1`,,0.0,,0.0,,
6354,7,1,3848,2,6,42282840,97,1316357277,0000000084,Склад,Крепежи 500,шайба цинк  М6,031025/1,,0.01,L,0.01,M,
6354,8,1,3849,2,6,42282840,97,1316357277,0000000084,Склад,Крепежи 500,шайба цинк  М6,031025/1,,0.0,%,-95.583,%,
6354,9,1,3851,2,6,42282840,100,1316357277,0000000084,Склад,Устройства 500,Sliding Gate Motor Valve 8038 H2,2916800002/3,,0.0,,0.0,,
6354,10,1,3852,2,6,42282840,101,1316357277,0000000084,Склад,Устройства 500,Sliding Gate Motor Valve 8038 H2,2994840002/1,,0.0,,0.0,,
6354,11,1,3853,2,6,42282840,102,1316357277,0000000084,Склад,Устройства 500,Sliding Gate Motor Valve 8038 H2,2994840002/2,,0.0,,0.0,,
6354,12,1,3854,2,6,42282840,103,1316357277,0000000084,Склад,Устройства 500,Sliding Gate Motor Valve 8038 О2,2916800001/1,,0.0,,0.0,,
6354,13,1,3855,2,6,42282840,104,1316357277,0000000084,Склад,Устройства 500,Sliding Gate Motor Valve 8038 О2,2994840001/1,,0.0,,0.0,,
6354,14,1,3856,2,6,42282840,105,1316357277,0000000084,Склад,Устройства 500,Sliding Gate Motor Valve 8038 О2,2994840001/2,,0.0,,0.0,,
6354,15,1,3857,2,6,42282840,106,1316357277,0000000084,Склад,Устройства 500,Актуатор електрически 24V,PBC875689,,0.0,,0.0,,
6354,16,1,3858,2,6,42282840,107,1316357277,0000000084,Склад,Устройства 500,Актуатор електрически 24V,PBC875694,,0.0,,0.0,,
6354,17,1,3859,2,6,42282840,108,1316357277,0000000084,Склад,Устройства 500,Актуатор електрически 24V,PBC912241,,0.0,,0.0,,
6354,18,1,3860,2,6,42282840,109,1316357277,0000000084,Склад,Устройства 500,Актуатор електрически 24V,PBC912242,,0.0,,0.0,,
6354,19,1,3861,2,6,42282840,110,1316357277,0000000084,Склад,Устройства 500,Актуатор електрически 24V,PBC912243,,0.0,,0.0,,
6354,20,1,3862,2,6,42282840,111,1316357277,0000000084,Склад,Устройства 500,Актуатор електрически 24V,PBC912244,,0.0,,0.0,,
6354,21,1,3863,2,6,42282840,112,1316357277,0000000084,Склад,Устройства 500,Захранване 275 kW,160126/5,,0.0,,0.0,,
6354,22,1,3864,2,6,42282840,113,1316357277,0000000084,Склад,Устройства 500,Поплавъчен нивомер тип 8181,po34479,,0.0,,0.0,,
6354,23,1,3865,2,6,42282840,114,1316357277,0000000084,Склад,Устройства 500,Сензор за газ H2 GS-220,25070100096,,0.0,,0.0,,
6354,24,1,3866,2,6,42282840,115,1316357277,0000000084,Склад,Устройства 500,Сензор за газ H2 GS-220,25070100097,,0.0,,0.0,,
6354,25,1,3867,2,6,42282840,116,1316357277,0000000084,Склад,Устройства 500,Сензор за газ H2 GS-220,25070100099,,0.0,,0.0,,
6354,26,1,3868,2,6,42282840,117,1316357277,0000000084,Склад,Устройства 500,Сензор за газ H2 GS-220,25070100104,,0.0,,0.0,,
6363,0,1,3869,2,6,42282840,118,1316357277,0000000084,Склад,Устройства 500,Сензор за газ H2 GS-220,25070100100,,0.0,,0.0,,
6363,1,1,3870,2,6,42282840,119,1316357277,0000000084,Склад,Устройства 500,Сензор за газ H2 GS-220,25070100107,,0.0,,0.0,,
6363,2,1,3871,2,6,42282840,120,1316357277,0000000084,Склад,Устройства 500,Сензор за газ H2 GS-220,25070100108,,0.0,,0.0,,
6363,3,1,3872,2,6,42282840,121,1316357277,0000000084,Склад,Устройства 500,Сензор за газ H2 GS-220,25070100111,,0.0,,0.0,,
6363,4,1,3873,2,6,42282840,122,1316357277,0000000084,Склад,Устройства 500,Сензор за газ H2 GS-220,25070100112,,0.0,,0.0,,
6363,5,1,3874,2,6,42282840,123,1316357277,0000000084,Склад,Устройства 500,Сензор за газ H2 GS-220,25070100113,,0.0,,0.0,,
6363,6,1,3875,2,6,42282840,124,1316357277,0000000084,Склад,Устройства 500,Сензор за газ H2 GS-220,25070100116,,0.0,,0.0,,
6363,7,1,3876,2,6,42282840,125,1316357277,0000000084,Склад,Устройства 500,Сензор за газ H2 GS-220,25070100118,,0.0,,0.0,,
6363,8,1,3877,2,6,42282840,126,1316357277,0000000084,Склад,Устройства 500,Температурен датчик,ta-025clem14-a-zvg/us/082025,,0.0,,0.0,,
6363,9,1,3878,2,6,42282840,127,1316357277,0000000084,Склад,Устройства 500,Управление за сензор за газ GA-220,213814/130825,,0.0,,0.0,,
6363,10,1,3882,2,6,42282840,128,1316357277,0000000084,Склад,Устройства 500,"Motor IE3 size 80,1,1kW B3/B5 2P,230/400V",84131900 /251125/2,,0.0,,0.0,,
6363,11,1,3883,2,6,42282840,129,1316357277,0000000084,Склад,Устройства 500,Pump MOD. HTM 10 SS316,251413/251125/1,,0.0,,0.0,,
6363,12,1,3916,2,6,42282840,130,1316357277,0000000084,Склад,Електроника 500,"Авариен стоп бутон, въртящ",1459015258/090925/3,,0.0,,0.0,,
6363,13,1,3917,2,6,42282840,131,1316357277,0000000084,Склад,Електроника 500,"Винт. клема 2,5мм, AVK, сива",1469000014/050126/9,,0.0,,0.0,,
6363,14,1,3918,2,6,42282840,132,1316357277,0000000084,Склад,Електроника 500,"Винт. клема 2.5мм, червена",1469000014/050126/10,,0.0,,0.0,,
6363,15,1,3919,2,6,42282840,133,1316357277,0000000084,Склад,Електроника 500,"Контактор 7,5кВ/15А, 230VAC",1469000014/050126/11,,0.0,,0.0,,
6363,16,1,3920,2,6,42282840,134,1316357277,0000000084,Склад,Електроника 500,"МАП AMPARO 6kA, C10/1",1469000128/060126/1,,0.0,,0.0,,
6363,17,1,3921,2,6,42282840,135,1316357277,0000000084,Склад,Електроника 500,"МАП AMPARO 6kA, C10/1",221225/8,,0.0,,0.0,,
6363,18,1,3922,2,6,42282840,136,1316357277,0000000084,Склад,Електроника 500,Трансмитер с галванично разделяне,A807.1/09.2025,,0.0,,0.0,,
6363,19,1,3923,2,6,42282840,137,1316357277,0000000084,Склад,Електроника 500,Трансмитер с галванично разделяне,A807.10/09.2025,,0.0,,0.0,,
6363,20,1,3924,2,6,42282840,138,1316357277,0000000084,Склад,Електроника 500,Трансмитер с галванично разделяне,A807.11/09.2025,,0.0,,0.0,,
6363,21,1,3925,2,6,42282840,139,1316357277,0000000084,Склад,Електроника 500,Трансмитер с галванично разделяне,A807.12/09.2025,,0.0,,0.0,,
6363,22,1,3926,2,6,42282840,140,1316357277,0000000084,Склад,Електроника 500,Трансмитер с галванично разделяне,A807.13/09.2025,,0.0,,0.0,,
6363,23,1,3927,2,6,42282840,141,1316357277,0000000084,Склад,Електроника 500,Трансмитер с галванично разделяне,A807.14/09.2025,,0.0,,0.0,,
6363,24,1,3928,2,6,42282840,142,1316357277,0000000084,Склад,Електроника 500,Трансмитер с галванично разделяне,A807.15/09.2025,,0.0,,0.0,,
6371,0,1,3929,2,6,42282840,143,1316357277,0000000084,Склад,Електроника 500,Трансмитер с галванично разделяне,A807.16/09.2025,,0.0,,0.0,,
6371,1,1,3930,2,6,42282840,144,1316357277,0000000084,Склад,Електроника 500,Трансмитер с галванично разделяне,A807.17/09.2025,,0.0,,0.0,,
6371,2,1,3931,2,6,42282840,145,1316357277,0000000084,Склад,Електроника 500,Трансмитер с галванично разделяне,A807.18/09.2025,,0.0,,0.0,,
6371,3,1,3932,2,6,42282840,146,1316357277,0000000084,Склад,Електроника 500,Трансмитер с галванично разделяне,A807.19/09.2025,,0.0,,0.0,,
6371,4,1,3933,2,6,42282840,147,1316357277,0000000084,Склад,Електроника 500,Трансмитер с галванично разделяне,A807.2/09.2025,,0.0,,0.0,,
6371,5,1,3934,2,6,42282840,148,1316357277,0000000084,Склад,Електроника 500,Трансмитер с галванично разделяне,A807.20/09.2025,,0.0,,0.0,,
6371,6,1,3935,2,6,42282840,149,1316357277,0000000084,Склад,Електроника 500,Трансмитер с галванично разделяне,A807.3/09.2025,,0.0,,0.0,,
6371,7,1,3936,2,6,42282840,150,1316357277,0000000084,Склад,Електроника 500,Трансмитер с галванично разделяне,A807.4/09.2025,,0.0,,0.0,,
6371,8,1,3937,2,6,42282840,151,1316357277,0000000084,Склад,Електроника 500,Трансмитер с галванично разделяне,A807.5/09.2025,,0.0,,0.0,,
6371,9,1,3938,2,6,42282840,152,1316357277,0000000084,Склад,Електроника 500,Трансмитер с галванично разделяне,A807.6/09.2025,,0.0,,0.0,,
6371,10,1,3939,2,6,42282840,153,1316357277,0000000084,Склад,Електроника 500,Трансмитер с галванично разделяне,A807.7/09.2025,,0.0,,0.0,,
6371,11,1,3940,2,6,42282840,154,1316357277,0000000084,Склад,Електроника 500,Трансмитер с галванично разделяне,A807.8/09.2025,,0.0,,0.0,,
6371,12,1,3941,2,6,42282840,155,1316357277,0000000084,Склад,Електроника 500,Трансмитер с галванично разделяне,A807.9/09.2025,,0.0,,0.0,,
6371,13,1,3942,2,6,42282840,156,1316357277,0000000084,Склад,Електроника 500,реле с цокъл  6A/24V,1459019939/121125/13,,0.0,,0.0,,
6371,14,1,3943,2,6,42282840,157,1316357277,0000000084,Склад,Електроника 500,реле с цокъл  6A/24V,pt196,,0.0,,0.0,,
6371,15,1,3944,2,6,42282840,158,1316357277,0000000084,Склад,Електроника 500,цокъл за PT реле YP 6A/250V AC,120126/6,,0.0,,0.0,,
6371,16,1,3983,2,6,42282840,159,1316357277,0000000084,Склад,Кабели и накрайници 500,Кабел 70кв. червен HO7V-K,213597/011225/3,,0.0,,0.0,,
6371,17,1,3984,2,6,42282840,160,1316357277,0000000084,Склад,Кабели и накрайници 500,Кабел 70кв. черен HO7V-K,213597/011225/2,,0.0,,0.0,,
6371,18,1,3985,2,6,42282840,161,1316357277,0000000084,Склад,Кабели и накрайници 500,"Проводник 500V 0,5mm виолетов",1459019939/121125/12,,0.0,,0.0,,
6371,19,1,3986,2,6,42282840,162,1316357277,0000000084,Склад,Кабели и накрайници 500,"Проводник 500V 0,5mm черен",1459019939/121125/11,,0.0,,0.0,,
6371,20,1,3987,2,6,42282840,163,1316357277,0000000084,Склад,Кабели и накрайници 500,"Проводник 500V 0,75mm син",1459019939/121125/10,,0.0,,0.0,,
6371,21,1,3988,2,6,42282840,164,1316357277,0000000084,Склад,Кабели и накрайници 500,"Проводник 500V 0,75mm червен",1459019939/121125/9,,0.0,,0.0,,
6371,22,1,3989,2,6,42282840,165,1316357277,0000000084,Склад,Кабели и накрайници 500,"Проводник 500V 0,75mm черен",1459019939/121125/8,,0.0,,0.0,,
6371,23,1,3990,2,6,42282840,165,1316357277,0000000084,Склад,Кабели и накрайници 500,"Проводник 500V 0,75mm черен",1459019939/121125/8,,0.2825,L,0.14,M,
6381,0,1,3991,2,6,42282840,165,1316357277,0000000084,Склад,Кабели и накрайници 500,"Проводник 500V 0,75mm черен",1459019939/121125/8,,0.0,%,3.07391150442476,%,
6381,1,1,3996,2,6,37829421,10,1317052389,0000000086,Склад,ЛД,Бобина прав ток  12W,265836/031225/1,,0.0,,0.0,,
6381,2,1,3997,2,6,37829421,11,1317052389,0000000086,Склад,ЛД,щекер 124-800 (LD) без опаковка,265836/031225/2,,0.0,,0.0,,
6381,3,1,4003,2,6,37829421,7,1317052389,0000000086,Склад,Schrack,прекъсвач C20/3,201025/6,,0.0,,0.0,,
6381,4,1,4006,2,6,37829421,12,1317052389,0000000086,Склад,Schrack,прекъсвач С10/3,181225/7,,0.0,,0.0,,
6381,5,1,4008,2,6,37829421,13,1317052389,0000000086,Склад,304L,"коляно 90°, 304L вътр./вън. резба, 1 1/2“",16813615,,0.0,,0.0,,
6381,6,1,4009,2,6,37829421,14,1317052389,0000000086,Склад,Фитинги 316,коляно 90гр. вътр. резба 100206 1`,,,0.0,,0.0,,
6381,7,1,4010,2,6,37829421,15,1317052389,0000000086,Склад,304L,"нипел шестостен 304L, 1`",135843612,,0.0,,0.0,,
6381,8,1,4034,2,6,42282840,166,1316357277,0000000084,Склад,Кабелни канали 500,"T-образно разклонение за кабелна скар, 60х152mm",47571/151025/7,,0.0,,0.0,,
6381,9,1,4035,2,6,42282840,167,1316357277,0000000084,Склад,Кабелни канали 500,T-образно разклонение за кабелна скара 60х202mm,47571/151025/6,,0.0,,0.0,,
6381,10,1,4036,2,6,42282840,168,1316357277,0000000084,Склад,Кабелни канали 500,T-разклонение за кабелна скара 60х202mm с неперф,47571/151025/5,,0.0,,0.0,,
6381,11,1,4037,2,6,42282840,169,1316357277,0000000084,Склад,Кабелни канали 500,Вертканел ъгъл понижаващ 60х202mm с неперфориран,47571/151025/8,,0.0,,0.0,,
6381,12,1,4038,2,6,42282840,170,1316357277,0000000084,Склад,Кабелни канали 500,Кабелна скара перфорирана с интегриран съедините,47571/151025/1,,0.0,,0.0,,
6381,13,1,4039,2,6,42282840,171,1316357277,0000000084,Склад,Кабелни канали 500,"Кабелна скара, перф.,с интегр. съед. 60х200х3000",47571/151025/2,,0.0,,0.0,,
6381,14,1,4040,2,6,42282840,172,1316357277,0000000084,Склад,Кабелни канали 500,"Кабелна стълба 60x200x3000mm t=1,5mm",47571/151025/11,,0.0,,0.0,,
6381,15,1,4041,2,6,42282840,173,1316357277,0000000084,Склад,Кабелни канали 500,"С-профил, шлиц 16 mm, 30x15x3000mm, перфорирана",47914/041125/1,,0.0,,0.0,,
6381,16,1,4042,2,6,42282840,174,1316357277,0000000084,Склад,Кабелни канали 500,"Стенна конзола 90x610mm 2,5kN",47571/151025/3,,0.0,,0.0,,
6381,17,1,4043,2,6,42282840,175,1316357277,0000000084,Склад,Кабелни канали 500,Фуния за кабелна скара напречна 60х150mm,47571/151025/10,,0.0,,0.0,,
6381,18,1,4044,2,6,42282840,176,1316357277,0000000084,Склад,Кабелни канали 500,Фуния за кабелна скара напречна 60х200mm,47571/151025/9,,0.0,,0.0,,
6381,19,1,4045,2,6,42282840,177,1316357277,0000000084,Склад,Кабелни канали 500,Ъгъл 90° за кабелна скара 60х202mm с неперфорира,47571/151025/4,,0.0,,0.0,,
6381,20,1,4067,2,6,42282840,167,1316357277,0000000084,Склад,Кабелни канали 500,T-образно разклонение за кабелна скара 60х202mm,47571/151025/6,,13.07,L,6.69,M,
6381,21,1,4068,2,6,42282840,167,1316357277,0000000084,Склад,Кабелни канали 500,T-образно разклонение за кабелна скара 60х202mm,47571/151025/6,,0.0,%,-0.110961744452947,%,
6381,22,1,4069,2,6,42282840,168,1316357277,0000000084,Склад,Кабелни канали 500,T-разклонение за кабелна скара 60х202mm с неперф,47571/151025/5,,31.4,L,16.05,M,
6381,23,1,4070,2,6,42282840,168,1316357277,0000000084,Склад,Кабелни канали 500,T-разклонение за кабелна скара 60х202mm с неперф,47571/151025/5,,0.0,%,0.0284347133757894,%,
6396,0,1,4071,2,6,42282840,178,1316357277,0000000084,Суровини,Електтролизьор 500,"Перфорирана ламарина, 1000х2000х0.5",,,0.0,,0.0,,
6396,1,1,4077,2,3,45044130,2,1317138243,0000000200,Склад,Swagelok,"Stainless steel instr., low profile sleeve",,,0.0,,0.0,,
6396,2,1,4078,2,3,45044130,2,1317138243,0000000200,Склад,Swagelok,"Stainless steel instr., low profile sleeve",,,71.269738,M,69.26,M,
6396,3,1,4079,2,3,45044130,2,1317138243,0000000200,Склад,Swagelok,"Stainless steel instr., low profile sleeve",,,0.0,%,2.81990372968677,%,
6396,4,1,4080,2,3,45044130,3,1317138243,0000000200,Склад,Swagelok,2 micron element kit for 2F series - филтър,0005335353,,0.0,,0.0,,
6396,5,1,4122,2,6,37829421,16,1317052389,0000000086,Склад,Тръби,Тръба шевна 304L (33.7x2) 1``,10143532/110925/33.7,,0.0,,0.0,,
6396,6,1,4123,2,6,37829421,17,1317052389,0000000086,СКЛАД 500,Тръби 500,"Тръба шевна 304L (48,3х2) 1 1/2``",10143532/110925/48.3,,0.0,,0.0,,
6396,7,1,4130,2,6,37829421,18,1317052389,0000000086,Склад,ADEV,Електрохимичен кислороден анализатор OxyTrend E2,E250569/2,,0.0,,0.0,,
6396,8,1,4131,2,6,37829421,19,1317052389,0000000086,Склад,ADEV,Анализатор на общозапалими вещества Sirius 8866,E240801-6,,0.0,,0.0,,
6396,9,1,4142,2,6,49905712,2,1317432145,0000000087,СКЛАД 500,Метални Елементи 500,DIN-релса за модулна апаратура перфорирана 2m,1459019554/071125/1,,0.0,,0.0,,
6396,10,1,4143,2,6,49905712,3,1317432145,0000000087,СКЛАД 500,Метални Елементи 500,DIN-релса за модулна апаратура перфорирана 2m,1459019554/071125/1,,0.0,,0.0,,
6396,11,1,4144,2,6,49905712,4,1317432145,0000000087,СКЛАД 500,Метални Елементи 500,DIN-релса за модулна апаратура перфорирана 2m,1469000128/060126/5,,0.0,,0.0,,
6396,12,1,4156,2,6,49905712,5,1317432145,0000000087,Склад,ADEV,"Flow meter in Plexiglass for hydrogen, 0,02-0,5",E250569/11,,0.0,,0.0,,
6396,13,1,4157,2,6,49905712,6,1317432145,0000000087,Склад,ADEV,"Flow meter in Plexiglass for oxygen, Scale 0,2-3",E250569/10,,0.0,,0.0,,
6396,14,1,4162,2,3,44163758,6,1317439133,0000000201,Склад,ADEV,"SS 316 measuring chamber for Dew Point Analyser,",,,0.0,,0.0,,
6396,15,1,4169,2,6,49905712,7,1317432145,0000000087,Склад,М6,"Гайка ниска, А2, М6",0340047352/220126/2,,0.0,,0.0,,
6396,16,1,4170,2,6,49905712,8,1317432145,0000000087,Склад,М6,болт с шестостенна глава А2 М6х40,0340047352/220126/1,,0.0,,0.0,,
6396,17,1,4175,2,6,49905712,9,1317432145,0000000087,Склад,ДОВЕРИЕ-БРИКО/ БРИКОЛАЖ,Градински маркуч 25 мм,20231099/160126/1,,0.0,,0.0,,
6396,18,1,4176,2,6,49905712,10,1317432145,0000000087,Склад,ДОВЕРИЕ-БРИКО/ БРИКОЛАЖ,Скоби 25х42 водни съединения,20231099/160126/2,,0.0,,0.0,,
6396,19,1,4209,2,3,37014662,19,1317454038,0000000204,Склад,Schrack,"Клещи за каб. обувки, 0.5-6мм",,,0.0,,0.0,,
6396,20,1,4211,2,6,49905712,11,1317432145,0000000087,Склад,Schrack,Джоб за докумнти,1469001221/220126/5,,0.0,,0.0,,
6396,21,1,4212,2,6,49905712,12,1317432145,0000000087,Склад,Schrack,Джоб за докумнти,1469001221/220126/5,,0.0,,0.0,,
6396,22,1,4213,2,6,49905712,13,1317432145,0000000087,Склад,Schrack,Автоматичен прекъсвач D25/3,1469001221/220126/4,,0.0,,0.0,,
6396,23,1,4214,2,6,49905712,14,1317432145,0000000087,Склад,Schrack,Термично реле 24-32А,1469001221/220126/2,,0.0,,0.0,,
6396,24,1,4215,2,6,49905712,15,1317432145,0000000087,Склад,Schrack,Термично реле 4-6А,1469001221/220126/1,,0.0,,0.0,,
6125,0,1,4216,2,6,49905712,16,1317432145,0000000087,Склад,Schrack,"Контактор 15kW/32A, 1NO,230VAC",1469001221/220126/3,,0.0,,0.0,,
6125,1,1,4221,2,6,49905712,17,1317432145,0000000087,Склад,Schrack,МАП AMPARO 6kA C32/3,1469001084/210126/1,,0.0,,0.0,,
6125,2,1,4222,2,6,49905712,18,1317432145,0000000087,Склад,Schrack,"МАП AMPARO 6kA, C6/1",1469001084/210126/2,,0.0,,0.0,,
6125,3,1,4223,2,6,49905712,19,1317432145,0000000087,Склад,Schrack,Контактор 7.5кВ/15А,1469001084/210126/3,,0.0,,0.0,,
6125,4,1,4224,2,6,49905712,20,1317432145,0000000087,Склад,Schrack,Цокъл за RS/PT5,1469001084/210126/4,,0.0,,0.0,,
6125,5,1,4225,2,6,49905712,21,1317432145,0000000087,Склад,Schrack,Изол. носач за N/PE шина 10мм,1469001084/210126/5,,0.0,,0.0,,
6125,6,1,4232,2,6,49905712,22,1317432145,0000000087,Склад,Schrack,Термично реле 12 - 16А,1469001151/210126/5,,0.0,,0.0,,
6125,7,1,4233,2,6,49905712,23,1317432145,0000000087,Склад,Schrack,"Конектор RJ45, cat.5, MP0011",1469001151/210126/3,,0.0,,0.0,,
6125,8,1,4234,2,6,49905712,24,1317432145,0000000087,Склад,Schrack,"Кабелна обувка М12, 70мм",1469001151/210126/2,,0.0,,0.0,,
6125,9,1,4235,2,6,49905712,25,1317432145,0000000087,Склад,Schrack,"Термосв. шл, 25.4/12.7мм, 1м",1469001151/210126/4,,0.0,,0.0,,
6125,10,1,4238,2,6,49905712,26,1317432145,0000000087,Склад,ZIEHL-ABEGG,Вентилатор - ZN080-ZIL.GQ.V7P3,42600137/160126,,0.0,,0.0,,
6125,11,1,4240,2,6,49905712,27,1317432145,0000000087,Склад,304L,"нипел шестостен 304L, 1/2`",,,0.0,,0.0,,
6125,12,1,4241,2,6,49905712,27,1317432145,0000000087,Склад,304L,"нипел шестостен 304L, 1/2`",,,0.0,,0.0,,
6125,13,1,4279,2,6,49905712,27,1317432145,0000000087,Полша,304L,"нипел шестостен 304L, 1`",,,0.0,,0.0,,
6125,14,1,4280,2,6,49905712,27,1317432145,0000000087,Полша,304L,"нипел шестостен 304L, 1`",,,0.0,,0.0,,
6125,15,1,4282,2,6,49905712,27,1317432145,0000000087,Полша,304L,"нипел шестостен 304L, 1`",1469001151/210126/,,0.0,,0.0,,
6125,16,1,4284,2,6,49905712,27,1317432145,0000000087,Полша,304L,"нипел шестостен 304L, 1`",1469001151/210126/,,0.0,,0.0,,
6125,17,1,4285,2,6,49905712,27,1317432145,0000000087,СКЛАД 500,Фланцови връзки 500,Фланец плосък 304 T8 PN16 DN25,10143532/110925/25,,0.0,,0.0,,
6125,18,1,4286,2,6,49905712,28,1317432145,0000000087,СКЛАД 500,Кранове 500,Valve 3PC full bore ball (welded ends) 1```` wit,1419195/040925/2,,0.0,,0.0,,
6125,19,1,4298,2,6,49905712,29,1317432145,0000000087,Склад,Фитинги 316,"холендер PTFE ж/ж, BSP 959496 1`",10143120/27082025/1,,0.0,,0.0,,
6125,20,1,4306,2,3,39454847,3,1317545118,0000000208,СКЛАД draft,Фланцови връзки 500,Филтър INOX 316 Фл. PN16 DN40,,,0.0,,0.0,,
6125,21,1,4307,2,3,39454847,4,1317545118,0000000208,Склад,Фитинги 316,преход м/ж  1/4х1/8,,,0.0,,0.0,,
6125,22,1,4309,2,6,46291449,7,1317542707,0000000088,СКЛАД draft,Крепежи 500,болт цинк  М12х40,10527503/071125/4,,0.0,,0.0,,
6125,23,1,4310,2,6,46291449,8,1317542707,0000000088,СКЛАД draft,Крепежи 500,гайка цинк М12,091025/2,,0.0,,0.0,,
6125,24,1,4311,2,6,46291449,9,1317542707,0000000088,СКЛАД draft,Крепежи 500,шайба цинк  М12,241025/11,,0.0,,0.0,,
6125,25,1,4312,2,6,46291449,6,1317542707,0000000088,СКЛАД draft,Крепежи 500,гайка цинк М12,091025/2,,16.0,бр.,28.0,бр.,
6125,26,1,4313,2,6,46291449,8,1317542707,0000000088,СКЛАД draft,Крепежи 500,гайка цинк М12,091025/2,,0.0,,0.0,,
6457,0,1,4320,2,6,46291449,10,1317542707,0000000088,Склад,Фитинги 316,"холендер PTFE ж/ж, зав. 1`",10148565/270126/1,,0.0,,0.0,,
6457,1,1,4330,2,6,42282840,179,1316357277,0000000084,Склад,М10,А2 болт 00933 9200 10 30 М10х30,,,0.0,,0.0,,
6457,2,1,4331,2,6,42282840,180,1316357277,0000000084,Склад,М10,А2 гайка 00934 9200 10 М10,,,0.0,,0.0,,
6457,3,1,4332,2,6,42282840,181,1316357277,0000000084,Склад,М10,А2 федер шайба 00127 9220 10 М10,,,0.0,,0.0,,
6457,4,1,4333,2,6,42282840,182,1316357277,0000000084,Склад,М10,болт цинк  М10х30,10527503/071125/7,,0.0,,0.0,,
6457,5,1,4334,2,6,42282840,183,1316357277,0000000084,Склад,М10,болт цинк  М10х40,10527503/071125/8,,0.0,,0.0,,
6457,6,1,4335,2,6,42282840,184,1316357277,0000000084,Склад,М10,болт цинк  М10х40,241025/5,,0.0,,0.0,,
6457,7,1,4336,2,6,42282840,185,1316357277,0000000084,Склад,М10,болт цинк 45 М10х45,241025/6,,0.0,,0.0,,
6457,8,1,4337,2,6,42282840,186,1316357277,0000000084,Склад,М10,гайка цинк  М10,10527503/071125/9,,0.0,,0.0,,
6457,9,1,4338,2,6,42282840,187,1316357277,0000000084,Склад,М10,гайка цинк  М10,241025/7,,0.0,,0.0,,
6457,10,1,4339,2,6,42282840,188,1316357277,0000000084,Склад,М10,шайба цинк  М10,10527503/071125/10,,0.0,,0.0,,
6457,11,1,4340,2,6,42282840,189,1316357277,0000000084,Склад,М10,шайба цинк  М10,241025/8,,0.0,,0.0,,
6457,12,1,4341,2,6,42282840,190,1316357277,0000000084,Склад,М10,широка шайба  М10,241025/9,,0.0,,0.0,,
6457,13,1,4342,2,6,42282840,191,1316357277,0000000084,Склад,М12,А2 болт 00933 9200 12 50 М12х50,,,0.0,,0.0,,
6457,14,1,4343,2,6,42282840,192,1316357277,0000000084,Склад,М12,А2 болт 5739121002 М12х100,,,0.0,,0.0,,
6457,15,1,4344,2,6,42282840,193,1316357277,0000000084,Склад,М12,А2 гайка 00934 9200 12 М12,,,0.0,,0.0,,
6457,16,1,4345,2,6,42282840,194,1316357277,0000000084,Склад,М12,А2 федер шайба 1751120002 М12,,,0.0,,0.0,,
6457,17,1,4346,2,6,42282840,195,1316357277,0000000084,Склад,М12,А2 шайба 00125 9210 12 М12,,,0.0,,0.0,,
6457,18,1,4347,2,6,42282840,196,1316357277,0000000084,Склад,М16,А2 болт 57371606002 М16х60,,,0.0,,0.0,,
6457,19,1,4348,2,6,42282840,197,1316357277,0000000084,Склад,М16,А2 гайка 55881600002 М16,,,0.0,,0.0,,
6457,20,1,4349,2,6,42282840,198,1316357277,0000000084,Склад,М16,А2 федер шайба 127-2-16 М16,,,0.0,,0.0,,
6457,21,1,4350,2,6,42282840,199,1316357277,0000000084,Склад,М16,А2 шайба 1252170 М16,,,0.0,,0.0,,
6457,22,1,4351,2,6,42282840,200,1316357277,0000000084,Склад,М16,"Шайба пружинна, цинк, М16, 100бр./оп.",340046105/181125,,0.0,,0.0,,
6457,23,1,4352,2,6,42282840,201,1316357277,0000000084,Склад,М16,болт цинк  М16х40,10524822/311025/2,,0.0,,0.0,,
6457,24,1,4353,2,6,42282840,202,1316357277,0000000084,Склад,М16,"гайка шестостенна , цинк М16, клас 10",10530304/171125/2,,0.0,,0.0,,
6457,25,1,4354,2,6,42282840,203,1316357277,0000000084,Склад,М16,федер шайба цинк  М16,241025/1,,0.0,,0.0,,
6457,26,1,4355,2,6,42282840,204,1316357277,0000000084,Склад,М16,шестоъгълна гайка с уплътнение цинк,241025/3,,0.0,,0.0,,
6457,27,1,4356,2,6,42282840,205,1316357277,0000000084,Склад,М16,широка шайба цинк,241025/4,,0.0,,0.0,,
6457,28,1,4357,2,6,42282840,206,1316357277,0000000084,Склад,М3,"Болт с шестостенна глава, А2 М3, 3х25",10544810/120126/1,,0.0,,0.0,,
6457,29,1,4358,2,6,42282840,207,1316357277,0000000084,Склад,М3,"Болт с шестостенна глава, А2 М3, 3х25",340047100/120126/1,,0.0,,0.0,,
6466,0,1,4359,2,6,42282840,208,1316357277,0000000084,Склад,М3,"Болт с шестостенна глава, цинк, М3х25",340047100/120126/2,,0.0,,0.0,,
6466,1,1,4360,2,6,42282840,209,1316357277,0000000084,Склад,М3,"гайка шестостенна , А2 М3",10544810/120126/2,,0.0,,0.0,,
6466,2,1,4361,2,6,42282840,210,1316357277,0000000084,Склад,М3,"гайка шестостенна , А2 М3",340047100/120126/3,,0.0,,0.0,,
6466,3,1,4362,2,6,42282840,211,1316357277,0000000084,Склад,М4,"Винт самонарезен с шайба Zn, 4,2x13",10514758/021025,,0.0,,0.0,,
6466,4,1,4363,2,6,42282840,212,1316357277,0000000084,Склад,М4,"Винт самопробивен, вгр. шайба 4,2х13",340045982/131125,,0.0,,0.0,,
6466,5,1,4364,2,6,42282840,213,1316357277,0000000084,Склад,М4,"самопробивен винт цинк  М 4,8х50",241025/16,,0.0,,0.0,,
6466,6,1,4365,2,6,42282840,214,1316357277,0000000084,Склад,М5,кръстат винт цинк  М5х16,241025/14,,0.0,,0.0,,
6466,7,1,4366,2,6,42282840,215,1316357277,0000000084,Склад,М5,кръстат винт цинк  М5х20,241025/13,,0.0,,0.0,,
6466,8,1,4367,2,6,42282840,216,1316357277,0000000084,Склад,М5,кръстат винт цинк М5х12,241025/12,,0.0,,0.0,,
6466,9,1,4368,2,6,42282840,217,1316357277,0000000084,Склад,М5,кръстат винт цинк М5х25,241025/14,,0.0,,0.0,,
6466,10,1,4369,2,6,42282840,218,1316357277,0000000084,Склад,М5,"самопробивен винт цинк  М5,5х32",241025/15,,0.0,,0.0,,
6466,11,1,4370,2,6,42282840,219,1316357277,0000000084,Склад,М5,широка шайба цинк  М5,241025/17,,0.0,,0.0,,
6466,12,1,4371,2,6,42282840,220,1316357277,0000000084,Склад,М6,"Гайка ниска, А2, М6",0340047352/220126/2,,0.0,,0.0,,
6466,13,1,4372,2,6,42282840,221,1316357277,0000000084,Склад,М6,болт с шестостенна глава А2 М6х40,0340047352/220126/1,,0.0,,0.0,,
6466,14,1,4373,2,6,42282840,222,1316357277,0000000084,Склад,М6,болт цинк  М6х16,241025/19,,0.0,,0.0,,
6466,15,1,4374,2,6,42282840,223,1316357277,0000000084,Склад,М6,болт цинк  М6х25,151025/4,,0.0,,0.0,,
6466,16,1,4375,2,6,42282840,224,1316357277,0000000084,Склад,М6,болт цинк  М6х60,10524822/311025/7,,0.0,,0.0,,
6466,17,1,4376,2,6,42282840,225,1316357277,0000000084,Склад,М6,болт цинк  М6х65,241025/18,,0.0,,0.0,,
6466,18,1,4377,2,6,42282840,226,1316357277,0000000084,Склад,М6,болт цинк  М6х90,090925/3,,0.0,,0.0,,
6466,19,1,4378,2,6,42282840,227,1316357277,0000000084,Склад,М6,болт цинк М6х50,241025/21,,0.0,,0.0,,
6466,20,1,4379,2,6,42282840,228,1316357277,0000000084,Склад,М6,винт звезда цинк  М6х16,230925/1,,0.0,,0.0,,
6466,21,1,4380,2,6,42282840,229,1316357277,0000000084,Склад,М6,винт звезда цинк  М6х35,230925/3,,0.0,,0.0,,
6466,22,1,4381,2,6,42282840,230,1316357277,0000000084,Склад,М6,винт с върт.шестостен цинк М6х60,241025/22,,0.0,,0.0,,
6466,23,1,4382,2,6,42282840,231,1316357277,0000000084,Склад,М6,гайка с уплътнение цинк  М6,241025/23,,0.0,,0.0,,
6466,24,1,4383,2,6,42282840,232,1316357277,0000000084,Склад,М6,федер шайба цинк М6,241025/24,,0.0,,0.0,,
6466,25,1,4384,2,6,42282840,233,1316357277,0000000084,Склад,М8,болт цинк  М8х16,10527503/071125/1,,0.0,,0.0,,
6466,26,1,4385,2,6,42282840,234,1316357277,0000000084,Склад,М8,болт цинк  М8х20,10524822/311025/6,,0.0,,0.0,,
6466,27,1,4386,2,6,42282840,235,1316357277,0000000084,Склад,М8,болт цинк М8х35,10527503/071125/2,,0.0,,0.0,,
6466,28,1,4387,2,6,42282840,236,1316357277,0000000084,Склад,М8,федер шайба цинк М8,201025/6,,0.0,,0.0,,
6492,0,1,4388,2,6,42282840,237,1316357277,0000000084,Склад,М8,широка шайба цинк  М8,230925/2,,0.0,,0.0,,
6492,1,1,4516,2,6,42282840,238,1316357277,0000000084,Склад,Фитинги на резба 500,Преход 304L 1/2`` x 1/4``,143284/02092025/5,,0.0,,0.0,,
6492,2,1,4517,2,6,42282840,239,1316357277,0000000084,Склад,Фитинги на резба 500,"Преход 304L, м/ж 2`-1`",10148002/120126,,0.0,,0.0,,
6492,3,1,4518,2,6,42282840,240,1316357277,0000000084,Склад,Фитинги на резба 500,Преход м/ж 1 1/4-1/2,181225/26,,0.0,,0.0,,
6492,4,1,4519,2,6,42282840,241,1316357277,0000000084,Склад,Фитинги на резба 500,"Тапа шестостен 304, 1/4`",16816512,,0.0,,0.0,,
6492,5,1,4520,2,6,42282840,242,1316357277,0000000084,Склад,Фитинги на резба 500,"Холендър 316, м/ж PTFE 1/2`",10143120/27082025/3,,0.0,,0.0,,
6492,6,1,4521,2,6,42282840,243,1316357277,0000000084,Склад,Фитинги на резба 500,Холендър 316L PTFE ж/ж BSP 1 1/2“,10145394/291025,,0.0,,0.0,,
6492,7,1,4522,2,6,42282840,244,1316357277,0000000084,Склад,Фитинги на резба 500,"Холендър 316L, м/м PFTE 1/2`",10148408/210126/2,,0.0,,0.0,,
6492,8,1,4523,2,6,42282840,245,1316357277,0000000084,Склад,Фитинги на резба 500,"Щуцер за маркуч 304, 1/4",090925/6,,0.0,,0.0,,
6492,9,1,4524,2,6,42282840,246,1316357277,0000000084,Склад,Фитинги на резба 500,капа 100502 1/4`,181225/9,,0.0,,0.0,,
6492,10,1,4525,2,6,42282840,247,1316357277,0000000084,Склад,Фитинги на резба 500,капа 100504 1/2`,181225/10,,0.0,,0.0,,
6492,11,1,4526,2,6,42282840,248,1316357277,0000000084,Склад,Фитинги на резба 500,коляно 45гр.  вътр. резба 100004 1/2`,181225/11,,0.0,,0.0,,
6492,12,1,4527,2,6,42282840,249,1316357277,0000000084,Склад,Фитинги на резба 500,"коляно 90°, 304L вътр. резба, 1 1/4`",16984615,,0.0,,0.0,,
6492,13,1,4528,2,6,42282840,250,1316357277,0000000084,Склад,Фитинги на резба 500,"коляно 90°, 304L вътр./вън. резба, 1 1/2“",16813615,,0.0,,0.0,,
6492,14,1,4529,2,6,42282840,251,1316357277,0000000084,Склад,Фитинги на резба 500,"коляно 90°, 304L вътр./вън. резба, 1 1/4“",16846425,,0.0,,0.0,,
6492,15,1,4530,2,6,42282840,252,1316357277,0000000084,Склад,Фитинги на резба 500,"коляно 90°, 304L вътр./вън. резба, 2`",1684354,,0.0,,0.0,,
6492,16,1,4531,2,6,42282840,253,1316357277,0000000084,Склад,Фитинги на резба 500,"коляно 90°, 304L, вътр./вън. резба, 1/2`",181225/8,,0.0,,0.0,,
6492,17,1,4532,2,6,42282840,254,1316357277,0000000084,Склад,Фитинги на резба 500,"коляно 90°, 304L, вътр./вън. резба, 1`",16843651,,0.0,,0.0,,
6492,18,1,4533,2,6,42282840,255,1316357277,0000000084,Склад,Фитинги на резба 500,коляно 90гр. вътр. резба 100204 1/2`,101125/1,,0.0,,0.0,,
6492,19,1,4534,2,6,42282840,256,1316357277,0000000084,Склад,Фитинги на резба 500,коляно 90гр. вътр. резба 100205 3/4`,130126/2,,0.0,,0.0,,
6492,20,1,4535,2,6,42282840,257,1316357277,0000000084,Склад,Фитинги на резба 500,коляно 90гр. вътр. резба 316 1/4`,260925/1,,0.0,,0.0,,
6492,21,1,4536,2,6,42282840,258,1316357277,0000000084,Склад,Фитинги на резба 500,коляно 90гр. вътр. резба 316 1`,120126/18,,0.0,,0.0,,
6492,22,1,4537,2,6,42282840,259,1316357277,0000000084,Склад,Фитинги на резба 500,коляно 90гр. вътр./вън. резба 101502 1/4`,181225/12,,0.0,,0.0,,
6492,23,1,4538,2,6,42282840,260,1316357277,0000000084,Склад,Фитинги на резба 500,коляно 90гр. вътр./вън. резба 101504 1/2`,143284/02092025/3,,0.0,,0.0,,
6492,24,1,4539,2,6,42282840,261,1316357277,0000000084,Склад,Фитинги на резба 500,кръст 102357 1/2`,,,0.0,,0.0,,
6535,0,1,4540,2,6,42282840,262,1316357277,0000000084,Склад,Фитинги на резба 500,кръст 102359 1`,181225/13,,0.0,,0.0,,
6535,1,1,4541,2,6,42282840,263,1316357277,0000000084,Склад,Фитинги на резба 500,кръст AB1345 1 1/4`,10144596/101025/2,,0.0,,0.0,,
6535,2,1,4542,2,6,42282840,264,1316357277,0000000084,Склад,Фитинги на резба 500,муфа вътр. резба 101805 3/4`,,,0.0,,0.0,,
6535,3,1,4543,2,6,42282840,265,1316357277,0000000084,Склад,Фитинги на резба 500,муфа намалител 1.4408 3/4х1/4,,,0.0,,0.0,,
6535,4,1,4544,2,6,42282840,266,1316357277,0000000084,Склад,Фитинги на резба 500,муфа намалител 105403 3/8х1/4,,,0.0,,0.0,,
6535,5,1,4545,2,6,42282840,267,1316357277,0000000084,Склад,Фитинги на резба 500,муфа намалител 105405 1/2х1/4,181225/16,,0.0,,0.0,,
6535,6,1,4546,2,6,42282840,268,1316357277,0000000084,Склад,Фитинги на резба 500,муфа намалител 105410 3/4х1/2,,,0.0,,0.0,,
6535,7,1,4547,2,6,42282840,269,1316357277,0000000084,Склад,Фитинги на резба 500,муфа намалител 105414 1х1/2,181225/17,,0.0,,0.0,,
6535,8,1,4548,2,6,42282840,270,1316357277,0000000084,Склад,Фитинги на резба 500,муфа намалител 105428 2х1 1/2,181225/18,,0.0,,0.0,,
6535,9,1,4549,2,6,42282840,271,1316357277,0000000084,Склад,Фитинги на резба 500,муфа намалител 316 1/2х1/8,201025/4,,0.0,,0.0,,
6535,10,1,4550,2,6,42282840,272,1316357277,0000000084,Склад,Фитинги на резба 500,нипел намалител 106101 1/4х1/8,120126/17,,0.0,,0.0,,
6535,11,1,4551,2,6,42282840,273,1316357277,0000000084,Склад,Фитинги на резба 500,нипел намалител 106105 1/2х1/4,101225/1,,0.0,,0.0,,
6535,12,1,4552,2,6,42282840,274,1316357277,0000000084,Склад,Фитинги на резба 500,нипел намалител 106106 1/2х3/8,181225/19,,0.0,,0.0,,
6535,13,1,4553,2,6,42282840,275,1316357277,0000000084,Склад,Фитинги на резба 500,нипел намалител 106110 3/4х1/2,181225/20,,0.0,,0.0,,
6535,14,1,4554,2,6,42282840,276,1316357277,0000000084,Склад,Фитинги на резба 500,нипел намалител 106114 1х1/2,120126/15,,0.0,,0.0,,
6535,15,1,4555,2,6,42282840,277,1316357277,0000000084,Склад,Фитинги на резба 500,нипел намалител 106126 2х1,120126/16,,0.0,,0.0,,
6535,16,1,4556,2,6,42282840,278,1316357277,0000000084,Склад,Фитинги на резба 500,нипел намалител 106127 2х1 1/4,,,0.0,,0.0,,
6535,17,1,4557,2,6,42282840,279,1316357277,0000000084,Склад,Фитинги на резба 500,нипел шестостен 107709 2`,,,0.0,,0.0,,
6535,18,1,4558,2,6,42282840,280,1316357277,0000000084,Склад,Фитинги на резба 500,нипел шестостен 108804 1/2`,143284/02092025/2,,0.0,,0.0,,
6535,19,1,4559,2,6,42282840,281,1316357277,0000000084,Склад,Фитинги на резба 500,"нипел шестостен 304L, 1 1/4`",138546123,,0.0,,0.0,,
6535,20,1,4560,2,6,42282840,282,1316357277,0000000084,Склад,Фитинги на резба 500,"нипел шестостен 304L, 1/2`",10147297/101225,,0.0,,0.0,,
6535,21,1,4561,2,6,42282840,283,1316357277,0000000084,Склад,Фитинги на резба 500,"нипел шестостен 304L, 1`",135843612,,0.0,,0.0,,
6535,22,1,4562,2,6,42282840,284,1316357277,0000000084,Склад,Фитинги на резба 500,полунипел 108602 1/4`,,,0.0,,0.0,,
6535,23,1,4563,2,6,42282840,285,1316357277,0000000084,Склад,Фитинги на резба 500,полунипел 108604 1/2`,,,0.0,,0.0,,
6535,24,1,4564,2,6,42282840,286,1316357277,0000000084,Склад,Фитинги на резба 500,полунипел 108606 1`,,,0.0,,0.0,,
6535,25,1,4565,2,6,42282840,287,1316357277,0000000084,Склад,Фитинги на резба 500,преход м/ж  1/4х1/8,10148565/270126/4,,0.0,,0.0,,
6542,0,1,4566,2,6,42282840,288,1316357277,0000000084,Склад,Фитинги на резба 500,преход м/ж 102105 1/2х1/4,10148565/270126/2,,0.0,,0.0,,
6542,1,1,4567,2,6,42282840,289,1316357277,0000000084,Склад,Фитинги на резба 500,преход м/ж 102105 1/2х1/4,10148565/270126/2,,0.0,,0.0,,
6542,2,1,4568,2,6,42282840,290,1316357277,0000000084,Склад,Фитинги на резба 500,преход м/ж 102105 1/2х1/4,143284/02092025/6,,0.0,,0.0,,
6542,3,1,4569,2,6,42282840,291,1316357277,0000000084,Склад,Фитинги на резба 500,преход м/ж 102110 3/4х1/2,12345/1,,0.0,,0.0,,
6542,4,1,4570,2,6,42282840,292,1316357277,0000000084,Склад,Фитинги на резба 500,преход м/ж 102114 1х1/2,181225/24,,0.0,,0.0,,
6542,5,1,4571,2,6,42282840,293,1316357277,0000000084,Склад,Фитинги на резба 500,преход м/ж 102120 1 1/2х1/2,181225/26,,0.0,,0.0,,
6542,6,1,4572,2,6,42282840,294,1316357277,0000000084,Склад,Фитинги на резба 500,"преход м/ж, 304L, 1x1/2",684625513,,0.0,,0.0,,
6542,7,1,4573,2,6,42282840,295,1316357277,0000000084,Склад,Фитинги на резба 500,"преход резбован м/ж, 304L, 3/4x1/2",168453146,,0.0,,0.0,,
6542,8,1,4574,2,6,42282840,296,1316357277,0000000084,Склад,Фитинги на резба 500,"тапа шестостенна 304L, 1 1/2`",354136123,,0.0,,0.0,,
6542,9,1,4575,2,6,42282840,297,1316357277,0000000084,Склад,Фитинги на резба 500,"тройник 304L, 1 1/2`",16841351,,0.0,,0.0,,
6542,10,1,4576,2,6,42282840,298,1316357277,0000000084,Склад,Фитинги на резба 500,"тройник 304L, 1 1/4`",36814861,,0.0,,0.0,,
6542,11,1,4577,2,6,42282840,299,1316357277,0000000084,Склад,Фитинги на резба 500,"тройник 304L, 1`",16814681,,0.0,,0.0,,
6542,12,1,4578,2,6,42282840,300,1316357277,0000000084,Склад,Фитинги на резба 500,тройник вътр. резба 316 1/2`,143284/02092025/7,,0.0,,0.0,,
6542,13,1,4579,2,6,42282840,301,1316357277,0000000084,Склад,Фитинги на резба 500,тройник вътр. резба 316 1/4`,031125,,0.0,,0.0,,
6542,14,1,4580,2,6,42282840,302,1316357277,0000000084,Склад,Фитинги на резба 500,"тройник, 304L, 3/4`",16813512,,0.0,,0.0,,
6542,15,1,4581,2,6,42282840,303,1316357277,0000000084,Склад,Фитинги на резба 500,хексагонална тапа 101202 1/4`,181225/25,,0.0,,0.0,,
6542,16,1,4582,2,6,42282840,304,1316357277,0000000084,Склад,Фитинги на резба 500,хексагонална тапа 101207 1.25,,,0.0,,0.0,,
6542,17,1,4583,2,6,42282840,305,1316357277,0000000084,Склад,Фитинги на резба 500,хексагонална тапа 101209 2`,,,0.0,,0.0,,
6542,18,1,4584,2,6,42282840,306,1316357277,0000000084,Склад,Фитинги на резба 500,"холендер PTFE ж/ж, зав. 1`",10148565/270126/1,,0.0,,0.0,,
6542,19,1,4585,2,6,42282840,307,1316357277,0000000084,Склад,Фитинги на резба 500,холендер вътр./вън. резба 100308 1.5,,,0.0,,0.0,,
6542,20,1,4586,2,6,42282840,308,1316357277,0000000084,Склад,Фитинги на резба 500,холендер вътр./вън. резба 100309 2`,,,0.0,,0.0,,
6542,21,1,4587,2,6,42282840,309,1316357277,0000000084,Склад,Фитинги на резба 500,холендер вътр.резба PTFE 101364 1/2`,10147733/231225,,0.0,,0.0,,
6542,22,1,4588,2,6,42282840,310,1316357277,0000000084,Склад,Фитинги на резба 500,холендер вътр.резба PTFE 101366 1`,,,0.0,,0.0,,
6542,23,1,4589,2,6,42282840,311,1316357277,0000000084,Склад,Фитинги на резба 500,холендер с PTFE 101368 1.5,,,0.0,,0.0,,
6542,24,1,4590,2,6,42282840,312,1316357277,0000000084,Склад,Фитинги на резба 500,холендер с PTFE 101369 2`,,,0.0,,0.0,,
6542,25,1,4597,2,6,42282840,313,1316357277,0000000084,Склад,Пречистване на вода,B520 PRO,81066/040925/1,,0.0,,0.0,,
6550,0,1,4598,2,6,42282840,314,1316357277,0000000084,Склад,Пречистване на вода,"Горен дистрибутор D5120-1, 1`",81066/040925/4,,0.0,,0.0,,
6550,1,1,4599,2,6,42282840,315,1316357277,0000000084,Склад,Пречистване на вода,"Предфилтърен корпус, Викинг ПРО за студена вода",81066/040925/2,,0.0,,0.0,,
6550,2,1,4600,2,6,42282840,316,1316357277,0000000084,Склад,Пречистване на вода,"Управляваща глава/клапан Runxin, H9901",81066/040925/5,,0.0,,0.0,,
6550,3,1,4668,2,6,42282840,317,1316357277,0000000084,Склад,Електтролизьор,"S355J2+N HRP 2x6, 70mm - плоча 70мм.",,,0.0,,0.0,,
6550,4,1,4669,2,6,42282840,318,1316357277,0000000084,Склад,Електтролизьор,"Sealing Gasket  PTFE 1060mm, сиви дебели",VMA20250921/141025/1,,0.0,,0.0,,
6550,5,1,4670,2,6,42282840,319,1316357277,0000000084,Склад,Електтролизьор,"Sealing Gasket  PTFE 393mm, сиви дебели",050126/3,,0.0,,0.0,,
6550,6,1,4671,2,6,42282840,320,1316357277,0000000084,Склад,Електтролизьор,"Гайка M56x4, 8.8",230126/1,,0.0,,0.0,,
6550,7,1,4672,2,6,42282840,321,1316357277,0000000084,Склад,Електтролизьор,Гумен лист 5/1200мм EPDM,192741/031025,,0.0,,0.0,,
6550,8,1,4673,2,6,42282840,322,1316357277,0000000084,Склад,Електтролизьор,"Композитна мембрана 118*118*40 см, цели бели",VMA20250921/141025/2,,0.0,,0.0,,
6550,9,1,4674,2,6,42282840,323,1316357277,0000000084,Склад,Електтролизьор,"Перфорирана ламарина, 1000х2000х0.5",1216/230925,,0.0,,0.0,,
6550,10,1,4675,2,6,42282840,324,1316357277,0000000084,Склад,Електтролизьор,Плетена мрежа INOX AISI 316L H 1000 mm,120126/7,,0.0,,0.0,,
6550,11,1,4676,2,6,42282840,325,1316357277,0000000084,Склад,Електтролизьор,"Полипропиленова тръба ф63, студена вода",,,0.0,,0.0,,
6550,12,1,4677,2,6,42282840,326,1316357277,0000000084,Склад,Електтролизьор,"Полипропиленова тръба ф63, топла вода",,,0.0,,0.0,,
6550,13,1,4678,2,6,42282840,327,1316357277,0000000084,Склад,Електтролизьор,"Ринг гайка, DIN 582, C15, vZn, M 24",10527933/101125,,0.0,,0.0,,
6550,14,1,4679,2,6,42282840,328,1316357277,0000000084,Склад,Електтролизьор,Тефлонов лист 1мм х1200х1200,120126/4,,0.0,,0.0,,
6550,15,1,4680,2,6,42282840,329,1316357277,0000000084,Склад,Табло газ анализатор,2 micron element kit for 2F series - филтър,0005330327,,0.0,,0.0,,
6550,16,1,4681,2,6,42282840,330,1316357277,0000000084,Склад,Табло газ анализатор,2 micron element kit for 2F series - филтър,0005335353,,0.0,,0.0,,
6550,17,1,4682,2,6,42282840,331,1316357277,0000000084,Склад,Табло газ анализатор,3 Way Ball valve,0005358918,,0.0,,0.0,,
6550,18,1,4683,2,6,42282840,332,1316357277,0000000084,Склад,Табло газ анализатор,"316 SS Ferrule set, 1 front/1 back for 6mm tube",,,0.0,,0.0,,
6550,19,1,4684,2,6,42282840,333,1316357277,0000000084,Склад,Табло газ анализатор,BULKHEAD UNION 6MM SWA,0005235216,,0.0,,0.0,,
6550,20,1,4685,2,6,42282840,334,1316357277,0000000084,Склад,Табло газ анализатор,"Bolted Plastic Clamp Tube Support Kit, 6 mm",0005315211,,0.0,,0.0,,
6550,21,1,4686,2,6,42282840,335,1316357277,0000000084,Склад,Табло газ анализатор,Cable gland 1/2` NPT PG 13.5 with OR modular,E250569/14,,0.0,,0.0,,
6550,22,1,4687,2,6,42282840,336,1316357277,0000000084,Склад,Табло газ анализатор,Cable gland 3/4` NPT PG 16 with OR modular,E250569/13,,0.0,,0.0,,
6550,23,1,4688,2,6,42282840,337,1316357277,0000000084,Склад,Табло газ анализатор,"DP324B-P Dew point analyser, LCD display",E260004-01/140126/1,,0.0,,0.0,,
6550,24,1,4689,2,6,42282840,338,1316357277,0000000084,Склад,Табло газ анализатор,Electrochemical sensor,05G034462,,0.0,,0.0,,
6566,0,1,4690,2,6,42282840,339,1316357277,0000000084,Склад,Табло газ анализатор,Electrochemical sensor,05G034467,,0.0,,0.0,,
6566,1,1,4691,2,6,42282840,340,1316357277,0000000084,Склад,Табло газ анализатор,Electronic assembly for OxyTrend - рез. платка,E250569-B,,0.0,,0.0,,
6566,2,1,4692,2,6,42282840,341,1316357277,0000000084,Склад,Табло газ анализатор,Fixing bracket for DP324,E260004-01/140126/2,,0.0,,0.0,,
6566,3,1,4693,2,6,42282840,342,1316357277,0000000084,Склад,Табло газ анализатор,"Flow meter in Plexiglass for hydrogen, 0,02-0,5",E250569/11,,0.0,,0.0,,
6566,4,1,4694,2,6,42282840,343,1316357277,0000000084,Склад,Табло газ анализатор,"Flow meter in Plexiglass for oxygen, Scale 0,2-3",E250569/10,,0.0,,0.0,,
6566,5,1,4695,2,6,42282840,344,1316357277,0000000084,Склад,Табло газ анализатор,"Flow meter in Plexiglass for oxygen, Scale 0,2-3",E260004-01/140126/3,,0.0,,0.0,,
6566,6,1,4696,2,6,42282840,345,1316357277,0000000084,Склад,Табло газ анализатор,Flowmeter and needle valve bracket - крепеж,E250569/12,,0.0,,0.0,,
6566,7,1,4697,2,6,42282840,346,1316357277,0000000084,Склад,Табло газ анализатор,Flowmeter and needle valve bracket - крепеж,E260004-01/140126/4,,0.0,,0.0,,
6566,8,1,4698,2,6,42282840,347,1316357277,0000000084,Склад,Табло газ анализатор,MALE CONNECTOR 6MM SWA - 1/4`` NPT,,,0.0,,0.0,,
6566,9,1,4699,2,6,42282840,348,1316357277,0000000084,Склад,Табло газ анализатор,MALE CONNECTOR 6MM SWA - 1/8`` NPT,230126/12,,0.0,,0.0,,
6566,10,1,4700,2,6,42282840,349,1316357277,0000000084,Склад,Табло газ анализатор,MALE CONNECTOR 6MM SWA – R 1/8``,,,0.0,,0.0,,
6566,11,1,4701,2,6,42282840,350,1316357277,0000000084,Склад,Табло газ анализатор,MALE Elbow  6MM SWA – R 1/8``,0004494882,,0.0,,0.0,,
6566,12,1,4702,2,6,42282840,351,1316357277,0000000084,Склад,Табло газ анализатор,Male connector 6MM SWA-1/4`` GAS-CONICO,,,0.0,,0.0,,
6566,13,1,4703,2,6,42282840,352,1316357277,0000000084,Склад,Табло газ анализатор,Needle valve,0005326933,,0.0,,0.0,,
6566,14,1,4704,2,6,42282840,353,1316357277,0000000084,Склад,Табло газ анализатор,"SS 316 measuring chamber for Dew Point Analyser,",E260004-01/140126/5,,0.0,,0.0,,
6566,15,1,4705,2,6,42282840,354,1316357277,0000000084,Склад,Табло газ анализатор,"Stainless steel instr., low profile sleeve",0005550271,,0.0,,0.0,,
6566,16,1,4706,2,6,42282840,355,1316357277,0000000084,Склад,Табло газ анализатор,Stainless steel instrumentation quick connect,0005450659,,0.0,,0.0,,
6566,17,1,4707,2,6,42282840,356,1316357277,0000000084,Склад,Табло газ анализатор,"Stainless steel tube fitting, union 6mm",0005292001,,0.0,,0.0,,
6566,18,1,4708,2,6,42282840,357,1316357277,0000000084,Склад,Табло газ анализатор,"Twin Bolted Plastic Clamp Tube Support Kit, 6 mm",0005418800,,0.0,,0.0,,
6566,19,1,4709,2,6,42282840,358,1316357277,0000000084,Склад,Табло газ анализатор,Union tee 6mm SWA,230126/14,,0.0,,0.0,,
6566,20,1,4710,2,6,42282840,359,1316357277,0000000084,Склад,Табло газ анализатор,Universal control unit,E250569/1111,,0.0,,0.0,,
6566,21,1,4711,2,6,42282840,360,1316357277,0000000084,Склад,Табло газ анализатор,Universal control unit,E250569/2222,,0.0,,0.0,,
6566,22,1,4712,2,6,42282840,361,1316357277,0000000084,Склад,Табло газ анализатор,Анализатор на общозапалими вещества Sirius 8866,E250569/111,,0.0,,0.0,,
6566,23,1,4713,2,6,42282840,362,1316357277,0000000084,Склад,Табло газ анализатор,Анализатор на общозапалими вещества Sirius 8866,E250569/222,,0.0,,0.0,,
6576,0,1,4714,2,6,42282840,363,1316357277,0000000084,Склад,Табло газ анализатор,Електрохимичен кислороден анализатор OxyTrend E2,E250569/3,,0.0,,0.0,,
6576,1,1,4715,2,6,42282840,364,1316357277,0000000084,Склад,Табло газ анализатор,Електрохимичен кислороден анализатор OxyTrend E2,E250569/4,,0.0,,0.0,,
6576,2,1,4767,2,6,42282840,365,1316357277,0000000084,Склад,Устройства 500,"Angled cabel socket, захранване",2250493/281125/1,,0.0,,0.0,,
6576,3,1,4768,2,6,42282840,366,1316357277,0000000084,Склад,Устройства 500,Electromagnetic flowmeter DN50- сензор налягане,SAT012424/301025/1,,0.0,,0.0,,
6576,4,1,4769,2,6,42282840,367,1316357277,0000000084,Склад,Устройства 500,Magnetic Contact - магнет. връзка,SAT012424/301025/2,,0.0,,0.0,,
6576,5,1,4770,2,6,42282840,368,1316357277,0000000084,Склад,Устройства 500,Magnetic level indicator - магнет. индикатор,SAT012424/301025/3,,0.0,,0.0,,
6576,6,1,4771,2,6,42282840,369,1316357277,0000000084,Склад,Устройства 500,Magnetic level transmiter LCD- трансмитер с дисп,SAT012424/301025/4,,0.0,,0.0,,
6576,7,1,4772,2,6,42282840,370,1316357277,0000000084,Склад,Устройства 500,"RFLS-35Xi, high frequency level sensor, нивомер",2250493/281125/2,,0.0,,0.0,,
6576,8,1,4773,2,6,42282840,371,1316357277,0000000084,Склад,Устройства 500,"RFLS-35Xi, high frequency level sensor, нивомер",2250493/281125/2,,0.0,,0.0,,
6576,9,1,4774,2,6,42282840,372,1316357277,0000000084,Склад,Устройства 500,"RFLS-35Xi, high frequency level sensor, нивомер",2250493/281125/2,,0.0,,0.0,,
6576,10,1,4775,2,6,42282840,373,1316357277,0000000084,Склад,Устройства 500,Магнетвентил 1/4````,,,0.0,,0.0,,
6576,11,1,4776,2,6,42282840,374,1316357277,0000000084,Склад,Устройства 500,Магнетвентил 1``,,,0.0,,0.0,,
6576,12,1,4777,2,6,42282840,375,1316357277,0000000084,Склад,Устройства 500,Чилър,,,0.0,,0.0,,
6576,13,1,4786,2,6,46291449,11,1317542707,0000000088,СКЛАД draft,М12,болт цинк М12х45,12345/12,,0.0,,0.0,,
6576,14,1,4787,2,6,46291449,12,1317542707,0000000088,СКЛАД draft,М12,гайка цинк М12,091025/2,,0.0,,0.0,,
6576,15,1,4788,2,6,46291449,13,1317542707,0000000088,СКЛАД draft,М12,шайба цинк  М12,241025/11,,0.0,,0.0,,
6576,16,1,4789,2,6,46291449,13,1317542707,0000000088,СКЛАД draft,М12,шайба цинк  М12,241025/11,,12.0,бр.,24.0,бр.,
6576,17,1,4790,2,6,46291449,9,1317542707,0000000088,СКЛАД draft,М12,шайба цинк  М12,241025/11,,0.0,,0.0,,
6576,18,1,4791,2,6,46291449,6,1317542707,0000000088,СКЛАД draft,М12,гайка цинк М12,091025/2,,28.0,бр.,40.0,бр.,
6576,19,1,4792,2,6,46291449,12,1317542707,0000000088,СКЛАД draft,М12,гайка цинк М12,091025/2,,0.0,,0.0,,
6576,20,1,4793,2,6,46291449,5,1317542707,0000000088,СКЛАД draft,М12,болт цинк М12х45,12345/12,,16.0,бр.,28.0,бр.,
6576,21,1,4794,2,6,46291449,11,1317542707,0000000088,СКЛАД draft,М12,болт цинк М12х45,12345/12,,0.0,,0.0,,
6576,22,1,4883,2,6,42282840,376,1316357277,0000000084,Склад,Устройства 500,XT Топлообменник,36342/261125,,0.0,,0.0,,
6576,23,1,4884,2,6,42282840,377,1316357277,0000000084,Склад,Устройства 500,"Sliding Gate Motor Valve 8038 H2, 1` - игл.кл",,,0.0,,0.0,,
6576,24,1,4885,2,6,42282840,378,1316357277,0000000084,Склад,Устройства 500,"Sliding Gate Motor Valve 8038 O2, 1` - игл.кл",,,0.0,,0.0,,
6576,25,1,4886,2,6,42282840,379,1316357277,0000000084,Склад,Устройства 500,Дебитомер Н2,06c53400200,,0.0,,0.0,,
5630,0,1,4887,2,6,42282840,380,1316357277,0000000084,Склад,Устройства 500,Дебитомер О2,06c53400199,,0.0,,0.0,,
5630,1,1,4888,2,6,42282840,381,1316357277,0000000084,Склад,Устройства 500,"Захранващ кабел, 3м.",928991/110925,,0.0,,0.0,,
5630,2,1,4889,2,6,42282840,382,1316357277,0000000084,Склад,Устройства 500,Управление за дебитомери,06c53400198,,0.0,,0.0,,
5630,3,1,4912,2,6,42282840,383,1316357277,0000000084,Склад,Кабелни канали 500,Болт с гладка глава в комплект с широкопола гайк,,,0.0,,0.0,,
5630,4,1,4913,2,6,42282840,384,1316357277,0000000084,Склад,Кабелни канали 500,Вертикален ъгъл понижаващ 60х102мм. с борд,,,0.0,,0.0,,
5630,5,1,4914,2,6,42282840,385,1316357277,0000000084,Склад,Кабелни канали 500,Вертканел ъгъл понижаващ 60х152mm с неперфориран,,,0.0,,0.0,,
5630,6,1,4915,2,6,42282840,386,1316357277,0000000084,Склад,Кабелни канали 500,Кабелна скара 60х150х3000мм.,47914/041125/2,,0.0,,0.0,,
5630,7,1,4916,2,6,42282840,387,1316357277,0000000084,Склад,Кабелни канали 500,Кабелна стълба на 100мм с капак,,,0.0,,0.0,,
5630,8,1,4917,2,6,42282840,388,1316357277,0000000084,Склад,Кабелни канали 500,Капак за T-образно разклонение за кабелна скара,,,0.0,,0.0,,
5630,9,1,4918,2,6,42282840,389,1316357277,0000000084,Склад,Кабелни канали 500,Капак за кабелна скара/стълба с лайстна 102х3000,,,0.0,,0.0,,
5630,10,1,4919,2,6,42282840,390,1316357277,0000000084,Склад,Кабелни канали 500,Капак за кабелна скара/стълба с лайстна 202х3000,,,0.0,,0.0,,
5630,11,1,4920,2,6,42282840,391,1316357277,0000000084,Склад,Кабелни канали 500,"Капак за пон. и пок. ъгъл, височина 60мм,В=106мм",,,0.0,,0.0,,
5630,12,1,4921,2,6,42282840,392,1316357277,0000000084,Склад,Кабелни канали 500,Капак за ъгъл 90° за кабелна скара,,,0.0,,0.0,,
5630,13,1,4922,2,6,42282840,393,1316357277,0000000084,Склад,Кабелни канали 500,"Капак за ъгъл 90° за кабелна скара широчина 105,",,,0.0,,0.0,,
5630,14,1,4923,2,6,42282840,394,1316357277,0000000084,Склад,Кабелни канали 500,"Окачвач, широчина 100mm 0,2kN",,,0.0,,0.0,,
5630,15,1,4924,2,6,42282840,395,1316357277,0000000084,Склад,Кабелни канали 500,"Окачвач, широчина 200mm",,,0.0,,0.0,,
5630,16,1,4925,2,6,42282840,396,1316357277,0000000084,Склад,Кабелни канали 500,Покачващ ъгъл за каб.скара 60х102мм. с борд,,,0.0,,0.0,,
5630,17,1,4926,2,6,42282840,397,1316357277,0000000084,Склад,Кабелни канали 500,Редуцираща/затваряща/ъглова планка за кабелни ск,,,0.0,,0.0,,
5630,18,1,4942,2,6,46291449,14,1317542707,0000000088,СКЛАД draft,Кабелни канали 500,"T-образно разклонение за кабелна скар, 60х152mm",47571/151025/7,,0.0,,0.0,,
5630,19,1,4943,2,6,46291449,15,1317542707,0000000088,СКЛАД draft,Кабелни канали 500,T-образно разклонение за кабелна скара 60х202mm,47571/151025/6,,0.0,,0.0,,
5630,20,1,4944,2,6,46291449,16,1317542707,0000000088,СКЛАД draft,Кабелни канали 500,T-разклонение за кабелна скара 60х202mm с неперф,47571/151025/5,,0.0,,0.0,,
5630,21,1,4945,2,6,46291449,17,1317542707,0000000088,СКЛАД draft,Кабелни канали 500,Вертканел ъгъл понижаващ 60х202mm с неперфориран,47571/151025/8,,0.0,,0.0,,
5630,22,1,4946,2,6,46291449,18,1317542707,0000000088,СКЛАД draft,Кабелни канали 500,"Кабелна скара, перф.,с интегр. съед. 60х200х3000",47571/151025/2,,0.0,,0.0,,
5630,23,1,4947,2,6,46291449,19,1317542707,0000000088,СКЛАД draft,Кабелни канали 500,"С-профил, шлиц 16 mm, 30x15x3000mm, перфорирана",47914/041125/1,,0.0,,0.0,,
6117,0,1,4948,2,6,46291449,20,1317542707,0000000088,СКЛАД draft,Кабелни канали 500,"Стенна конзола 90x610mm 2,5kN",47571/151025/3,,0.0,,0.0,,
6117,1,1,4949,2,6,46291449,21,1317542707,0000000088,СКЛАД draft,Кабелни канали 500,Ъгъл 90° за кабелна скара 60х202mm с неперфорира,47571/151025/4,,0.0,,0.0,,
6117,2,1,4950,2,6,46291449,15,1317542707,0000000088,СКЛАД draft,Кабелни канали 500,T-образно разклонение за кабелна скара 60х202mm,47571/151025/6,,13.07,L,6.69,M,
6117,3,1,4951,2,6,46291449,15,1317542707,0000000088,СКЛАД draft,Кабелни канали 500,T-образно разклонение за кабелна скара 60х202mm,47571/151025/6,,0.0,%,-0.110961744452947,%,
6117,4,1,5041,2,6,42282840,398,1316357277,0000000084,Склад,Електроника,"DIN релса, 1м.",1459015258/090925/2,,0.0,,0.0,,
6117,5,1,5042,2,6,42282840,399,1316357277,0000000084,Склад,Електроника,"F/UTP кабел cat.5e, 4x2xAWG24/1, PVC",1469001151/210126/1,,0.0,,0.0,,
6117,6,1,5043,2,6,42282840,400,1316357277,0000000084,Склад,Електроника,"Авариен стоп бутон, въртящ",,,0.0,,0.0,,
6117,7,1,5044,2,6,42282840,401,1316357277,0000000084,Склад,Електроника,Автоматичен прекъсвач D25/3,,,0.0,,0.0,,
6117,8,1,5045,2,6,42282840,402,1316357277,0000000084,Склад,Електроника,Визуализация 3 реда,,,0.0,,0.0,,
6117,9,1,5046,2,6,42282840,403,1316357277,0000000084,Склад,Електроника,"Винт. клема 6мм, AVK, сива",1469000128/060126/7,,0.0,,0.0,,
6117,10,1,5047,2,6,42282840,404,1316357277,0000000084,Склад,Електроника,"Винт. клема 6мм, AVK, синя",1469000128/060126/8,,0.0,,0.0,,
6117,11,1,5048,2,6,42282840,405,1316357277,0000000084,Склад,Електроника,"Винт. клема PE 6-10мм, AVK",1469000128/060126/9,,0.0,,0.0,,
6117,12,1,5049,2,6,42282840,406,1316357277,0000000084,Склад,Електроника,Джоб за докумнти,,,0.0,,0.0,,
6117,13,1,5050,2,6,42282840,407,1316357277,0000000084,Склад,Електроника,Доп. контакт NC заден м-ж,1459015258/090925/5,,0.0,,0.0,,
6117,14,1,5051,2,6,42282840,408,1316357277,0000000084,Склад,Електроника,Захранване 24V,,,0.0,,0.0,,
6117,15,1,5052,2,6,42282840,409,1316357277,0000000084,Склад,Електроника,Изол. носач за N/PE шина 10мм,,,0.0,,0.0,,
6117,16,1,5053,2,6,42282840,410,1316357277,0000000084,Склад,Електроника,Кабелен канал 40x40mm,1459016267/240925,,0.0,,0.0,,
6117,17,1,5054,2,6,42282840,411,1316357277,0000000084,Склад,Електроника,Кабелен канал 60х25mm,1459019939/121125/7,,0.0,,0.0,,
6117,18,1,5055,2,6,42282840,412,1316357277,0000000084,Склад,Електроника,Кабелен канал 60х40mm,1459019939/121125/6,,0.0,,0.0,,
6117,19,1,5056,2,6,42282840,413,1316357277,0000000084,Склад,Електроника,Кабелен канал 60х40mm,1469000128/060126/4,,0.0,,0.0,,
6117,20,1,5057,2,6,42282840,414,1316357277,0000000084,Склад,Електроника,Кабелен канал 60х60mm,1459019996/121125,,0.0,,0.0,,
6117,21,1,5058,2,6,42282840,415,1316357277,0000000084,Склад,Електроника,Кабелен канал 60х60mm,1469000128/060126/3,,0.0,,0.0,,
6117,22,1,5059,2,6,42282840,416,1316357277,0000000084,Склад,Електроника,"Кабелна обувка М12, 70мм",,,0.0,,0.0,,
6117,23,1,5060,2,6,42282840,417,1316357277,0000000084,Склад,Електроника,Кл. маркировки хор. 1-50 (50),1459019939/121125/1,,0.0,,0.0,,
6117,24,1,5061,2,6,42282840,418,1316357277,0000000084,Склад,Електроника,Кл. маркировки хор. 101-150 (50),1459019939/121125/3,,0.0,,0.0,,
6117,25,1,5062,2,6,42282840,419,1316357277,0000000084,Склад,Електроника,Кл. маркировки хор. 151-200 (50),1459019939/121125/4,,0.0,,0.0,,
6506,0,1,5063,2,6,42282840,420,1316357277,0000000084,Склад,Електроника,Кл. маркировки хор. 51-100 (50),1459019939/121125/2,,0.0,,0.0,,
6506,1,1,5064,2,6,42282840,421,1316357277,0000000084,Склад,Електроника,"Кл.маркировки верт.10/6,5(30х)",1459020514/191125/2,,0.0,,0.0,,
6506,2,1,5065,2,6,42282840,422,1316357277,0000000084,Склад,Електроника,"Клещи за каб. обувки, 0.5-6мм",1469001221/220126/19,,0.0,,0.0,,
6506,3,1,5066,2,6,42282840,423,1316357277,0000000084,Склад,Електроника,Компютър,,,0.0,,0.0,,
6506,4,1,5067,2,6,42282840,424,1316357277,0000000084,Склад,Електроника,"Конектор RJ45, cat.5, MP0011",1459016513/290925,,0.0,,0.0,,
6506,5,1,5068,2,6,42282840,425,1316357277,0000000084,Склад,Електроника,"Контакт за DIN релса, 16А",1469000128/060126/6,,0.0,,0.0,,
6506,6,1,5069,2,6,42282840,426,1316357277,0000000084,Склад,Електроника,"Контактор 15kW/32A, 1NO,230VAC",,,0.0,,0.0,,
6506,7,1,5070,2,6,42282840,427,1316357277,0000000084,Склад,Електроника,Контактор 30kW/65A,181225/5,,0.0,,0.0,,
6506,8,1,5071,2,6,42282840,428,1316357277,0000000084,Склад,Електроника,"Кр. секция 2,5-10мм, AVK,сива",1469000014/050126/8,,0.0,,0.0,,
6506,9,1,5072,2,6,42282840,429,1316357277,0000000084,Склад,Електроника,Кр. скоба за DIN релса,1459019733/101125/5,,0.0,,0.0,,
6506,10,1,5073,2,6,42282840,430,1316357277,0000000084,Склад,Електроника,Кр. скоба за DIN релса,1459019939/121125/5,,0.0,,0.0,,
6506,11,1,5074,2,6,42282840,431,1316357277,0000000084,Склад,Електроника,Кр. скоба за DIN релса,1469000014/050126/7,,0.0,,0.0,,
6506,12,1,5075,2,6,42282840,432,1316357277,0000000084,Склад,Електроника,Крайна секция YBK 2F,1459019733/101125/3,,0.0,,0.0,,
6506,13,1,5076,2,6,42282840,433,1316357277,0000000084,Склад,Електроника,Крайна секция YBK 2F,1459020514/191125/3,,0.0,,0.0,,
6506,14,1,5077,2,6,42282840,434,1316357277,0000000084,Склад,Електроника,Крайна секция за IK690001,459020513/191125/1,,0.0,,0.0,,
6506,15,1,5078,2,6,42282840,435,1316357277,0000000084,Склад,Електроника,Крайна секция за YBK 6mm.,1459020514/191125/4,,0.0,,0.0,,
6506,16,1,5079,2,6,42282840,436,1316357277,0000000084,Склад,Електроника,Кутия за бутони с 1 отв.,1459015258/090925/4,,0.0,,0.0,,
6506,17,1,5080,2,6,42282840,437,1316357277,0000000084,Склад,Електроника,МАП AMPARKO 6kA C25/3,1459015258/090925/1,,0.0,,0.0,,
6506,18,1,5081,2,6,42282840,438,1316357277,0000000084,Склад,Електроника,МАП AMPARO 6kA C32/3,1469000014/050126/5,,0.0,,0.0,,
6506,19,1,5082,2,6,42282840,439,1316357277,0000000084,Склад,Електроника,"МАП AMPARO 6kA, C6/1",,,0.0,,0.0,,
6506,20,1,5083,2,6,42282840,440,1316357277,0000000084,Склад,Електроника,Миниатюрен прекъсвач 63А,,,0.0,,0.0,,
6506,21,1,5084,2,6,42282840,441,1316357277,0000000084,Склад,Електроника,Миниатюрен прекъсвач AMPARO 6kA C10/1,,,0.0,,0.0,,
6506,22,1,5085,2,6,42282840,442,1316357277,0000000084,Склад,Електроника,Отвертка права 2.4х75,1459019554/071125/8,,0.0,,0.0,,
6506,23,1,5086,2,6,42282840,443,1316357277,0000000084,Склад,Електроника,"Пач. RJ45 екр.Cat6 сив 0,5m",,,0.0,,0.0,,
6506,24,1,5087,2,6,42282840,444,1316357277,0000000084,Склад,Електроника,Пач. RJ45 екр.Cat6 сив 1.0m,,,0.0,,0.0,,
6506,25,1,5088,2,6,42282840,445,1316357277,0000000084,Склад,Електроника,Платка - PLC,,,0.0,,0.0,,
6506,26,1,5089,2,6,42282840,446,1316357277,0000000084,Склад,Електроника,Платка - аналогови входове 4-20mA,,,0.0,,0.0,,
6514,0,1,5090,2,6,42282840,447,1316357277,0000000084,Склад,Електроника,Платка - галванично разделени цифрови входове,,,0.0,,0.0,,
6514,1,1,5091,2,6,42282840,448,1316357277,0000000084,Склад,Електроника,Платка - задвижки,,,0.0,,0.0,,
6514,2,1,5092,2,6,42282840,449,1316357277,0000000084,Склад,Електроника,Платка - изходи 4-20mA,,,0.0,,0.0,,
6514,3,1,5093,2,6,42282840,450,1316357277,0000000084,Склад,Електроника,Платка - индикатор ресет,,,0.0,,0.0,,
6514,4,1,5094,2,6,42282840,451,1316357277,0000000084,Склад,Електроника,Платка - силова 2,,,0.0,,0.0,,
6514,5,1,5095,2,6,42282840,452,1316357277,0000000084,Склад,Електроника,Потенциометър,,,0.0,,0.0,,
6514,6,1,5096,2,6,42282840,453,1316357277,0000000084,Склад,Електроника,"Пр. клема 2,5мм, сива, двуредна, YBK 2,5-2F",1459019554/071125/6,,0.0,,0.0,,
6514,7,1,5097,2,6,42282840,454,1316357277,0000000084,Склад,Електроника,"Пр. клема 2,5мм, сива, двуредна, YBK 2,5-2F",1459019733/101125/2,,0.0,,0.0,,
6514,8,1,5098,2,6,42282840,455,1316357277,0000000084,Склад,Електроника,"Пр. клема 2,5мм, сива, двуредна, YBK 2,5-2F",459020513/191125/2,,0.0,,0.0,,
6514,9,1,5099,2,6,42282840,456,1316357277,0000000084,Склад,Електроника,"Пр. клема триредна, 2,5мм, YBK 2,5-3F",1459019554/071125/7,,0.0,,0.0,,
6514,10,1,5100,2,6,42282840,457,1316357277,0000000084,Склад,Електроника,"Пр. клема триредна, 2,5мм, YBK 2,5-3F",1459019733/101125/4,,0.0,,0.0,,
6514,11,1,5101,2,6,42282840,458,1316357277,0000000084,Склад,Електроника,"Пружинна клема, YBK 6mm",1459019733/101125/6,,0.0,,0.0,,
6514,12,1,5102,2,6,42282840,459,1316357277,0000000084,Склад,Електроника,"Разделител, тип DP-PTRV 4",,,0.0,,0.0,,
6514,13,1,5103,2,6,42282840,460,1316357277,0000000084,Склад,Електроника,"Реле с 14 пина, 6А",1459015834/170925/5,,0.0,,0.0,,
6514,14,1,5104,2,6,42282840,461,1316357277,0000000084,Склад,Електроника,"Реле с 14 пина, 6А",pt154,,0.0,,0.0,,
6514,15,1,5105,2,6,42282840,462,1316357277,0000000084,Склад,Електроника,Свързваща клема 2х0.2-4мм,1459019554/071125/2,,0.0,,0.0,,
6514,16,1,5106,2,6,42282840,463,1316357277,0000000084,Склад,Електроника,Свързваща клема 3х0.2-4мм,1459019554/071125/3,,0.0,,0.0,,
6514,17,1,5107,2,6,42282840,464,1316357277,0000000084,Склад,Електроника,Свързваща клема 5х0.2-4мм,1459019554/071125/4,,0.0,,0.0,,
6514,18,1,5108,2,6,42282840,465,1316357277,0000000084,Склад,Електроника,Табло с 2 врати 1000х1000х300,,,0.0,,0.0,,
6514,19,1,5109,2,6,42282840,466,1316357277,0000000084,Склад,Електроника,"Табло с 2 врати, 1200х1200х300",1469000014/050126/6,,0.0,,0.0,,
6514,20,1,5110,2,6,42282840,467,1316357277,0000000084,Склад,Електроника,Табло с монт. пл. 1200х800х300,1469000014/050126/1,,0.0,,0.0,,
6514,21,1,5111,2,6,42282840,468,1316357277,0000000084,Склад,Електроника,Термично реле 12 - 16А,1469000014/050126/2,,0.0,,0.0,,
6514,22,1,5112,2,6,42282840,469,1316357277,0000000084,Склад,Електроника,Термично реле 24-32А,,,0.0,,0.0,,
6514,23,1,5113,2,6,42282840,470,1316357277,0000000084,Склад,Електроника,Термично реле 4-6А,,,0.0,,0.0,,
6514,24,1,5114,2,6,42282840,471,1316357277,0000000084,Склад,Електроника,"Термосв. шл, 25.4/12.7мм, 1м",,,0.0,,0.0,,
6514,25,1,5115,2,6,42282840,472,1316357277,0000000084,Склад,Електроника,Трансмитер с галванично разделяне,,,0.0,,0.0,,
6514,26,1,5116,2,6,42282840,473,1316357277,0000000084,Склад,Електроника,Цокъл за RS/PT5,1459019939/121125/14,,0.0,,0.0,,
6519,0,1,5117,2,6,42282840,474,1316357277,0000000084,Склад,Електроника,Шина 0,,,0.0,,0.0,,
6519,1,1,5118,2,6,42282840,475,1316357277,0000000084,Склад,Електроника,Шина земя,,,0.0,,0.0,,
6519,2,1,5119,2,6,42282840,476,1316357277,0000000084,Склад,Електроника,диференциалнотокова защита XKR6 40А,,,0.0,,0.0,,
6519,3,1,5120,2,6,42282840,477,1316357277,0000000084,Склад,Електроника,захранване за DIN шина MDR-100-24 24V/4A,,,0.0,,0.0,,
6519,4,1,5121,2,6,42282840,478,1316357277,0000000084,Склад,Електроника,захранване за DIN шина SDR-120-24 24V/5A,,,0.0,,0.0,,
6519,5,1,5122,2,6,42282840,479,1316357277,0000000084,Склад,Електроника,контактор LTD00913 4KW,181225/4,,0.0,,0.0,,
6519,6,1,5123,2,6,42282840,480,1316357277,0000000084,Склад,Електроника,контактор LTD12523 11KW,,,0.0,,0.0,,
6519,7,1,5124,2,6,42282840,481,1316357277,0000000084,Склад,Електроника,контактор LTD12523 11KW,,,0.0,,0.0,,
6519,8,1,5125,2,6,42282840,482,1316357277,0000000084,Склад,Електроника,контактор LTD25033 22KW,181225/3,,0.0,,0.0,,
6519,9,1,5126,2,6,42282840,483,1316357277,0000000084,Склад,Електроника,предпазители B-FA/24,,,0.0,,0.0,,
6519,10,1,5127,2,6,42282840,484,1316357277,0000000084,Склад,Електроника,предпазители LQA01230 16А,090925/14,,0.0,,0.0,,
6519,11,1,5128,2,6,42282840,485,1316357277,0000000084,Склад,Електроника,"прекъсвач C 32/1, MCB 230/400 V",BMS6,,0.0,,0.0,,
6519,12,1,5129,2,6,42282840,486,1316357277,0000000084,Склад,Електроника,прекъсвач C20/3,201025/6,,0.0,,0.0,,
6519,13,1,5130,2,6,42282840,487,1316357277,0000000084,Склад,Електроника,прекъсвач C40/3,,,0.0,,0.0,,
6519,14,1,5131,2,6,42282840,488,1316357277,0000000084,Склад,Електроника,прекъсвач C43,181225/6,,0.0,,0.0,,
6519,15,1,5132,2,6,42282840,489,1316357277,0000000084,Склад,Електроника,прекъсвач C63/3,181225/6,,0.0,,0.0,,
6519,16,1,5133,2,6,42282840,490,1316357277,0000000084,Склад,Електроника,прекъсвач D10/3,220126/1,,0.0,,0.0,,
6519,17,1,5134,2,6,42282840,491,1316357277,0000000084,Склад,Електроника,"прекъсвач MCB 10kA, D16/3",1469000014/050126/3,,0.0,,0.0,,
6519,18,1,5135,2,6,42282840,492,1316357277,0000000084,Склад,Електроника,"прекъсвач MCB 10kA, D20/3",1469000014/050126/4,,0.0,,0.0,,
6519,19,1,5136,2,6,42282840,493,1316357277,0000000084,Склад,Електроника,прекъсвач С10/3,,,0.0,,0.0,,
6519,20,1,5137,2,6,42282840,494,1316357277,0000000084,Склад,Електроника,реле за време - механично ZR5E0011 8А,1459017125/061025,,0.0,,0.0,,
6519,21,1,5138,2,6,42282840,495,1316357277,0000000084,Склад,Електроника,токов трансформатор CT50/5A,,,0.0,,0.0,,
6519,22,1,5139,2,6,42282840,496,1316357277,0000000084,Склад,Електроника,цокъл за PT реле  6A/250V AC,,,0.0,,0.0,,
6519,23,1,5140,2,6,42282840,497,1316357277,0000000084,Склад,Електроника,захранване за DIN шина MDR-100-24 24V/4A,,,0.0,,0.0,,
6519,24,1,5263,2,6,46291449,22,1317542707,0000000088,Склад,Джусита,ВОДНО Рязане метал (Притискаща плоча),18834/250925,,0.0,,0.0,,
6519,25,1,5273,2,6,42282840,498,1316357277,0000000084,Склад,Връзки: РР 500,Връзка PP - резба 1``,,,0.0,,0.0,,
6519,26,1,5274,2,6,42282840,498,1316357277,0000000084,Склад,Връзки: РР 500,Връзка PP - резба 1``,,,0.0,,0.0,,
6519,27,1,5275,2,6,42282840,498,1316357277,0000000084,Склад,Връзки: РР 500,Връзка PP - резба 1``,,,0.0,,0.0,,
6519,28,1,5276,2,6,42282840,499,1316357277,0000000084,Склад,Връзки: РР 500,Коляно PP 1``,,,0.0,,0.0,,
6627,0,1,5277,2,6,42282840,500,1316357277,0000000084,Склад,Връзки: РР 500,Кран сферичен ПП Ф20,,,0.0,,0.0,,
6627,1,1,5278,2,6,42282840,501,1316357277,0000000084,Склад,Връзки: РР 500,Муфа PP 1``,,,0.0,,0.0,,
6627,2,1,5279,2,6,42282840,502,1316357277,0000000084,Склад,Връзки: РР 500,ПП скоба Ф20,,,0.0,,0.0,,
6627,3,1,5280,2,6,42282840,503,1316357277,0000000084,Склад,Връзки: РР 500,ПП тройник Ф20,,,0.0,,0.0,,
6627,4,1,5281,2,6,42282840,504,1316357277,0000000084,Склад,Връзки: РР 500,ПП тръба за т. вода Ф20/PN20,,,0.0,,0.0,,
6627,5,1,5282,2,6,42282840,505,1316357277,0000000084,Склад,Връзки: РР 500,Холендър PP 1``,,,0.0,,0.0,,
6627,6,1,5283,2,6,42282840,506,1316357277,0000000084,Склад,Демистрър 500,Голям кръст за демистър,29416/271125/1,,0.0,,0.0,,
6627,7,1,5284,2,6,42282840,507,1316357277,0000000084,Склад,Демистрър 500,Добавка/ос за демистър ф4,031225/1,,0.0,,0.0,,
6627,8,1,5285,2,6,42282840,508,1316357277,0000000084,Склад,Електроника, IRM-03-12 захранващо устройство,661/181125/1,,0.0,,0.0,,
6627,9,1,5286,2,6,42282840,509,1316357277,0000000084,Склад,Електроника,Болт М5х12,263403/211025/1,,0.0,,0.0,,
6627,10,1,5287,2,6,42282840,510,1316357277,0000000084,Склад,Електроника,Болт М5х12,265835/031225/4,,0.0,,0.0,,
6627,11,1,5288,2,6,42282840,511,1316357277,0000000084,Склад,Електроника,Интегрални схеми,432681/281025/1,,0.0,,0.0,,
6627,12,1,5289,2,6,42282840,512,1316357277,0000000084,Склад,Електроника,Интегрални схеми 1,433309/061125/1,,0.0,,0.0,,
6627,13,1,5290,2,6,42282840,513,1316357277,0000000084,Склад,Електроника,Интегрални схеми 2,433309/061125/2,,0.0,,0.0,,
6627,14,1,5291,2,6,42282840,514,1316357277,0000000084,Склад,Електроника,Интегрални схеми 3,433309/061125/3,,0.0,,0.0,,
6627,15,1,5292,2,6,42282840,515,1316357277,0000000084,Склад,Електроника,Кабелна обувка без изолация,2730593/011225,,0.0,,0.0,,
6627,16,1,5293,2,6,42282840,516,1316357277,0000000084,Склад,Електроника,Кв. резонатор,434394/211125/1,,0.0,,0.0,,
6627,17,1,5294,2,6,42282840,517,1316357277,0000000084,Склад,Електроника,Клеми,432483/241025/3,,0.0,,0.0,,
6627,18,1,5295,2,6,42282840,518,1316357277,0000000084,Склад,Електроника,Клеми 1,432483/241025/4,,0.0,,0.0,,
6627,19,1,5296,2,6,42282840,519,1316357277,0000000084,Склад,Електроника,Клеми 3,432483/241025/5,,0.0,,0.0,,
6627,20,1,5297,2,6,42282840,520,1316357277,0000000084,Склад,Електроника,Клеми 4,432483/241025/6,,0.0,,0.0,,
6627,21,1,5298,2,6,42282840,521,1316357277,0000000084,Склад,Електроника,Клеми 5,432483/241025/7,,0.0,,0.0,,
6627,22,1,5299,2,6,42282840,522,1316357277,0000000084,Склад,Електроника,Клеми 6,432483/241025/8,,0.0,,0.0,,
6627,23,1,5300,2,6,42282840,523,1316357277,0000000084,Склад,Електроника,Клеми HD,432681/281025/2,,0.0,,0.0,,
6627,24,1,5301,2,6,42282840,524,1316357277,0000000084,Склад,Електроника,Кондензатори,35ZLH100MEFC6.3x11/19613,,0.0,,0.0,,
6627,25,1,5302,2,6,42282840,525,1316357277,0000000084,Склад,Електроника,Кондензатори 47uF 6.3V X5R Samsung,432681/281025/3,,0.0,,0.0,,
6627,26,1,5303,2,6,42282840,526,1316357277,0000000084,Склад,Електроника,Конектори cat.7a,19931/031225,,0.0,,0.0,,
6627,27,1,5304,2,6,42282840,527,1316357277,0000000084,Склад,Електроника,Магнетвентил  3/4`,181225/1,,0.0,,0.0,,
6627,28,1,5305,2,6,42282840,528,1316357277,0000000084,Склад,Електроника,Магнетвентил 1/2`,181225/2,,0.0,,0.0,,
6634,0,1,5306,2,6,42282840,529,1316357277,0000000084,Склад,Електроника,Модули,434285/201125,,0.0,,0.0,,
6634,1,1,5307,2,6,42282840,530,1316357277,0000000084,Склад,Електроника,Опртони,432483/241025/1,,0.0,,0.0,,
6634,2,1,5308,2,6,42282840,531,1316357277,0000000084,Склад,Електроника,Оптрони,432483/241025/2,,0.0,,0.0,,
6634,3,1,5309,2,6,42282840,532,1316357277,0000000084,Склад,Електроника,Платка GI1LZDV8,19860/141125/1,,0.0,,0.0,,
6634,4,1,5310,2,6,42282840,533,1316357277,0000000084,Склад,Електроника,Платка GI1PWR02,19860/141125/2,,0.0,,0.0,,
6634,5,1,5311,2,6,42282840,534,1316357277,0000000084,Склад,Електроника,Платка GI1RS485,19860/141125/3,,0.0,,0.0,,
6634,6,1,5312,2,6,42282840,535,1316357277,0000000084,Склад,Електроника,Платка GI1TZDV8,19860/141125/4,,0.0,,0.0,,
6634,7,1,5313,2,6,42282840,536,1316357277,0000000084,Склад,Електроника,Платка GI1UZDV8,19860/141125/5,,0.0,,0.0,,
6634,8,1,5314,2,6,42282840,537,1316357277,0000000084,Склад,Електроника,Платки,GI1SCPU1/19614/190925,,0.0,,0.0,,
6634,9,1,5315,2,6,42282840,538,1316357277,0000000084,Склад,Електроника,Платки 2,GI1UART2/19615/190925,,0.0,,0.0,,
6634,10,1,5316,2,6,42282840,539,1316357277,0000000084,Склад,Електроника,Платки 3,GI3CIN16/19613/190925,,0.0,,0.0,,
6634,11,1,5317,2,6,42282840,540,1316357277,0000000084,Склад,Електроника,Преходник,263403/211025/2,,0.0,,0.0,,
6634,12,1,5318,2,6,42282840,541,1316357277,0000000084,Склад,Електроника,Преходник,265835/031225/3,,0.0,,0.0,,
6634,13,1,5319,2,6,42282840,542,1316357277,0000000084,Склад,Електроника,Резистори 4.7K 5%,433867/131125/2,,0.0,,0.0,,
6634,14,1,5320,2,6,42282840,543,1316357277,0000000084,Склад,Електроника,Съединители,432681/281025/4,,0.0,,0.0,,
6634,15,1,5321,2,6,42282840,544,1316357277,0000000084,Склад,Електроника,Съединители 1,433867/131125/1,,0.0,,0.0,,
6634,16,1,5322,2,6,42282840,545,1316357277,0000000084,Склад,Електроника,Съединители 2,433309/061125/4,,0.0,,0.0,,
6634,17,1,5323,2,6,42282840,546,1316357277,0000000084,Склад,Електроника,Съединители 3,434394/211125/3,,0.0,,0.0,,
6634,18,1,5324,2,6,42282840,547,1316357277,0000000084,Склад,Електроника,Съединители 4,434394/211125/4,,0.0,,0.0,,
6634,19,1,5325,2,6,42282840,548,1316357277,0000000084,Склад,Електроника,"Термодвойка тип К1300, 150мм.",24295/141025,,0.0,,0.0,,
6634,20,1,5326,2,6,42282840,549,1316357277,0000000084,Склад,Електроника,Торморегулатор REX C100 SSR,2025Y06M,,0.0,,0.0,,
6634,21,1,5327,2,6,42282840,550,1316357277,0000000084,Склад,Електроника,Ф2.5 21L2K1T25 R42,12345,,0.0,,0.0,,
6634,22,1,5328,2,6,42282840,551,1316357277,0000000084,Склад,Електроника,Ф3.0 21L2K1T30 P08,123456,,0.0,,0.0,,
6634,23,1,5329,2,6,42282840,552,1316357277,0000000084,Склад,Електроника,Цокли М8,429962/150925,,0.0,,0.0,,
6634,24,1,5330,2,6,42282840,553,1316357277,0000000084,Склад,Електроника,Цокъл  М16,434394/211125/2,,0.0,,0.0,,
6634,25,1,5331,2,6,42282840,554,1316357277,0000000084,Склад,Електроника,"захранващо устройство, SDR-240-24",661/181125/3,,0.0,,0.0,,
6634,26,1,5332,2,6,42282840,555,1316357277,0000000084,Склад,Електроника,щекер 124-800 (LD) без опаковка,265836/031225/2,,0.0,,0.0,,
6634,27,1,5333,2,6,42282840,556,1316357277,0000000084,Склад,Електтролизьор,Гъба демистър (Wire mesh separator mono circolar,246/141025,,0.0,,0.0,,
6641,0,1,5334,2,6,42282840,557,1316357277,0000000084,Склад,Електтролизьор,Ламарина 316L - 3х1250х2500,140126/1,,0.0,,0.0,,
6641,1,1,5335,2,6,42282840,558,1316357277,0000000084,Склад,Електтролизьор,Плочи ПП/Заготовки ПП,4033/171125,,0.0,,0.0,,
6641,2,1,5336,2,6,42282840,559,1316357277,0000000084,Склад,Електтролизьор,Плочи ПП/Заготовки ПП,4046/121225,,0.0,,0.0,,
6641,3,1,5337,2,6,42282840,560,1316357277,0000000084,Склад,Електтролизьор,"Уплътнение от експ. тефлон ф397х325х0.5, ринг",4507/241125,,0.0,,0.0,,
6641,4,1,5338,2,6,42282840,561,1316357277,0000000084,Склад,Заваръчни връзки 500,"Капа зав. 316, 219.1х2",10148408/210126/1,,0.0,,0.0,,
6641,5,1,5339,2,6,42282840,562,1316357277,0000000084,Склад,Кабели и накрайници 500,"PUR кабел, М12 конектор EVC004 2 м.",28082025/31,,0.0,,0.0,,
6641,6,1,5340,2,6,42282840,563,1316357277,0000000084,Склад,Кабели и накрайници 500,"PUR кабел, М12 конектор EVC006 10 м.",28082025/30,,0.0,,0.0,,
6641,7,1,5341,2,6,42282840,564,1316357277,0000000084,Склад,Кабели и накрайници 500,"PUR кабел, М12 конектор EVC086 15 м.",38838/27082025,,0.0,,0.0,,
6641,8,1,5342,2,6,42282840,565,1316357277,0000000084,Склад,Кабели и накрайници 500,"PUR кабел, М12 конектор EVC520 12 м.",28082025/32,,0.0,,0.0,,
6641,9,1,5343,2,6,42282840,566,1316357277,0000000084,Склад,Кабели и накрайници 500,"Винт самопробивен с шайба, 5.5х32",167836/041125/3,,0.0,,0.0,,
6641,10,1,5344,2,6,42282840,567,1316357277,0000000084,Склад,Кабели и накрайници 500,Гофре ф16,8032/101125/1,,0.0,,0.0,,
6641,11,1,5345,2,6,42282840,568,1316357277,0000000084,Склад,Кабели и накрайници 500,Изолирбанд черен 19ммх25мм,1469001221/220126/16,,0.0,,0.0,,
6641,12,1,5346,2,6,42282840,569,1316357277,0000000084,Склад,Кабели и накрайници 500,Каб. превръзка черна 2.5х96,1469001221/220126/18,,0.0,,0.0,,
6641,13,1,5347,2,6,42282840,570,1316357277,0000000084,Склад,Кабели и накрайници 500,Кабел 4х0,201025/28871/1,,0.0,,0.0,,
6641,14,1,5348,2,6,42282840,571,1316357277,0000000084,Склад,Кабели и накрайници 500,Кабел 6х0,201025/28871/2,,0.0,,0.0,,
6641,15,1,5349,2,6,42282840,572,1316357277,0000000084,Склад,Кабели и накрайници 500,"Кабел ШВПЛ-Б 2х0,5, бял",8378/070126/6,,0.0,,0.0,,
6641,16,1,5350,2,6,42282840,573,1316357277,0000000084,Склад,Кабели и накрайници 500,"Кабел ШВПС 2х0,75, бял",8032/101125/2,,0.0,,0.0,,
6641,17,1,5351,2,6,42282840,574,1316357277,0000000084,Склад,Кабели и накрайници 500,"Кабел ШВПС 2х0,75, бял",8378/070126/1,,0.0,,0.0,,
6641,18,1,5352,2,6,42282840,575,1316357277,0000000084,Склад,Кабели и накрайници 500,"Кабел ШВПС 3х0,75, бял",8378/070126/2,,0.0,,0.0,,
6641,19,1,5353,2,6,42282840,576,1316357277,0000000084,Склад,Кабели и накрайници 500,"Кабел ШВПС 3х1, бял",8378/070126/3,,0.0,,0.0,,
6641,20,1,5354,2,6,42282840,577,1316357277,0000000084,Склад,Кабели и накрайници 500,"Кабел ШВПС 3х1,5, кв. бял",8378/070126/4,,0.0,,0.0,,
6641,21,1,5355,2,6,42282840,578,1316357277,0000000084,Склад,Кабели и накрайници 500,"Кабел ШВПС 5х1,5, бял",8378/070126/5,,0.0,,0.0,,
6641,22,1,5356,2,6,42282840,579,1316357277,0000000084,Склад,Кабели и накрайници 500,Кабел жълт/зелен 25 кв.HO7V-K,213597/011225/1,,0.0,,0.0,,
6641,23,1,5357,2,6,42282840,580,1316357277,0000000084,Склад,Кабели и накрайници 500,"Кабелен накрайник 6mm, 0.34mm",1459019554/071125/5,,0.0,,0.0,,
6641,24,1,5358,2,6,42282840,581,1316357277,0000000084,Склад,Кабели и накрайници 500,"Кабелен накрайник 6mm, 0.34mm",1459019733/101125/7,,0.0,,0.0,,
6650,0,1,5359,2,6,42282840,582,1316357277,0000000084,Склад,Кабели и накрайници 500,"Кабелен накрайник 6mm, 0.34mm",1459022054/101225,,0.0,,0.0,,
6650,1,1,5360,2,6,42282840,583,1316357277,0000000084,Склад,Кабели и накрайници 500,"Кабелен накрайник 8mm сив 2x0,75mm",1469001221/220126/10,,0.0,,0.0,,
6650,2,1,5361,2,6,42282840,584,1316357277,0000000084,Склад,Кабели и накрайници 500,"Кабелен накрайник дв. 8mm 2x0,5mm",1459020514/191125/1,,0.0,,0.0,,
6650,3,1,5362,2,6,42282840,585,1316357277,0000000084,Склад,Кабели и накрайници 500,"Кабелен накрайник дв. 8мм, 2х1.5мм",1469001221/220126/11,,0.0,,0.0,,
6650,4,1,5363,2,6,42282840,586,1316357277,0000000084,Склад,Кабели и накрайници 500,"Кабелен накрайник дв., 10 mm, 2x2.5mm",1469001221/220126/14,,0.0,,0.0,,
6650,5,1,5364,2,6,42282840,587,1316357277,0000000084,Склад,Кабели и накрайници 500,"Кабелен накрайник дв., 12мм, 2х4мм",1469001221/220126/15,,0.0,,0.0,,
6650,6,1,5365,2,6,42282840,588,1316357277,0000000084,Склад,Кабели и накрайници 500,"Кабелен накрайник дв., 8мм, 2х0.5мм",1469001221/220126/8,,0.0,,0.0,,
6650,7,1,5366,2,6,42282840,589,1316357277,0000000084,Склад,Кабели и накрайници 500,"Кабелен накрайник дв.14мм, 2х6мм",1469001221/220126/13,,0.0,,0.0,,
6650,8,1,5367,2,6,42282840,590,1316357277,0000000084,Склад,Кабели и накрайници 500,"Кабелен накрайник дв.8 мм, 2х1мм",1469001221/220126/9,,0.0,,0.0,,
6650,9,1,5368,2,6,42282840,591,1316357277,0000000084,Склад,Кабели и накрайници 500,Кабелна превръзка бяла 2.5х96,1469001221/220126/17,,0.0,,0.0,,
6650,10,1,5369,2,6,42282840,592,1316357277,0000000084,Склад,Кабели и накрайници 500,"Обувка изол. М5, 1.5-2.5мм",1469001221/220126/6,,0.0,,0.0,,
6650,11,1,5370,2,6,42282840,593,1316357277,0000000084,Склад,Кабели и накрайници 500,"Обувка изол. М6, 0.25-1.5мм",1469001221/220126/12,,0.0,,0.0,,
6650,12,1,5371,2,6,42282840,594,1316357277,0000000084,Склад,Кабели и накрайници 500,Съединител изол.0.25-1.5мм,1469001221/220126/7,,0.0,,0.0,,
6650,13,1,5372,2,6,42282840,595,1316357277,0000000084,Склад,Кабели и накрайници 500,"Шкурка CRD руло 5м./115, P120",8032/101125/4,,0.0,,0.0,,
6650,14,1,5373,2,6,42282840,596,1316357277,0000000084,Склад,Консумативи,20`` DV Контейнер,167/121125,,0.0,,0.0,,
6650,15,1,5374,2,6,42282840,597,1316357277,0000000084,Склад,Консумативи,Unior Електронен шублер 216829,,,0.0,,0.0,,
6650,16,1,5375,2,6,42282840,598,1316357277,0000000084,Склад,Консумативи,Вентилатор за баня МТ100С,20218272/111125/1,,0.0,,0.0,,
6650,17,1,5376,2,6,42282840,599,1316357277,0000000084,Склад,Консумативи,Градински маркуч 25 мм,,,0.0,,0.0,,
6650,18,1,5377,2,6,42282840,600,1316357277,0000000084,Склад,Консумативи,"Диск рязане ф125х1, прав",81288/211125/1,,0.0,,0.0,,
6650,19,1,5378,2,6,42282840,601,1316357277,0000000084,Склад,Консумативи,Етилов алкохол 96%,74922/260925,,0.0,,0.0,,
6650,20,1,5379,2,6,42282840,602,1316357277,0000000084,Склад,Консумативи,Клапа ф100,20218272/111125/2,,0.0,,0.0,,
6650,21,1,5380,2,6,42282840,603,1316357277,0000000084,Склад,Консумативи,Клапа ф120,20218272/111125/3,,0.0,,0.0,,
6650,22,1,5381,2,6,42282840,604,1316357277,0000000084,Склад,Консумативи,"Нитрилни ръкавици, оранжеви, XL",460167323/211125/1,,0.0,,0.0,,
6650,23,1,5382,2,6,42282840,605,1316357277,0000000084,Склад,Консумативи,"Нитрилни ръкавици, оранжеви, XXL",460167323/211125/2,,0.0,,0.0,,
6650,24,1,5383,2,6,42282840,606,1316357277,0000000084,Склад,Консумативи,Свредло цилидрично ф10,10544810/120126/3,,0.0,,0.0,,
6659,0,1,5384,2,6,42282840,607,1316357277,0000000084,Склад,Консумативи,Свредло цилидрично ф6,10544810/120126/4,,0.0,,0.0,,
6659,1,1,5385,2,6,42282840,608,1316357277,0000000084,Склад,Консумативи,Свредло цилидрично ф8,10544810/120126/5,,0.0,,0.0,,
6659,2,1,5386,2,6,42282840,609,1316357277,0000000084,Склад,Консумативи,Скоби 25х42 водни съединения,,,0.0,,0.0,,
6659,3,1,5387,2,6,42282840,610,1316357277,0000000084,Склад,Консумативи,Смола за дейонизатор,122217/18082025,,0.0,,0.0,,
6659,4,1,5388,2,6,42282840,611,1316357277,0000000084,Склад,Консумативи,"Тефлонова лента, 13м 3/4`",3901-00,,0.0,,0.0,,
6659,5,1,5389,2,6,42282840,612,1316357277,0000000084,Склад,Консумативи,"Тефлонова лента, 7м. 1/2`",3899-00,,0.0,,0.0,,
6659,6,1,5390,2,6,42282840,613,1316357277,0000000084,Склад,Консумативи,"Шлаух полиамид бял 8/6, 100м/ролка",261188/090925/1,,0.0,,0.0,,
6659,7,1,5391,2,6,42282840,614,1316357277,0000000084,Склад,Консумативи,"Шлаух полиамид, бял 15/12,5, 50м/ролка",265835/031225/5,,0.0,,0.0,,
6659,8,1,5392,2,6,42282840,615,1316357277,0000000084,Склад,Консумативи,филтри - S10SS 235551 1`,,,0.0,,0.0,,
6659,9,1,5393,2,6,42282840,616,1316357277,0000000084,Склад,Кранове 500,2PC full bore ball valve 1`` PN,84818081/101225,,0.0,,0.0,,
6659,10,1,5394,2,6,42282840,617,1316357277,0000000084,Склад,Кранове 500,Electric ACT. GE-15 24/240V,85439000/101225,,0.0,,0.0,,
6659,11,1,5395,2,6,42282840,618,1316357277,0000000084,Склад,Кранове 500,Valve 3PC full bore ball (welded ends) 1````,84818099/1/101225,,0.0,,0.0,,
6659,12,1,5396,2,6,42282840,619,1316357277,0000000084,Склад,Кранове 500,кран за задвижка VP703000 1/2 - DN15,265835/031225/2,,0.0,,0.0,,
6659,13,1,5397,2,6,42282840,620,1316357277,0000000084,Склад,Кранове 500,кран за задвижка VP703000 1` - DN25,16156,,0.0,,0.0,,
6659,14,1,5398,2,6,42282840,621,1316357277,0000000084,Склад,Кранове 500,сферичен кран VP704000 3/4` - DN20,263496/221025,,0.0,,0.0,,
6659,15,1,5399,2,6,42282840,622,1316357277,0000000084,Склад,Кранове 500,сферичен кран с резба VP704000 1/2 - DN15,265835/031225/1,,0.0,,0.0,,
6659,16,1,5400,2,6,42282840,623,1316357277,0000000084,Склад,Кранове 500,"сферичен кран със задвижкa, зав.",28082025/14,,0.0,,0.0,,
6659,17,1,5401,2,6,42282840,624,1316357277,0000000084,Склад,Кранове 500,сферичен кран със задвижка,28082025/15,,0.0,,0.0,,
6659,18,1,5402,2,6,42282840,625,1316357277,0000000084,Склад,Крепежи 500,"О пръстен 47.22/3.53, EPDM 70",196057/131025,,0.0,,0.0,,
6659,19,1,5403,2,6,42282840,626,1316357277,0000000084,Склад,Крепежи 500,"Пружинна шайба ф16, цинк",1200180962/251125,,0.0,,0.0,,
6659,20,1,5404,2,6,42282840,627,1316357277,0000000084,Склад,Метални Елементи 500,Винкел ГВ 40х40х3,134462/191125/1,,0.0,,0.0,,
6659,21,1,5405,2,6,42282840,628,1316357277,0000000084,Склад,Тръби 500,"Тръба квадратна 304, 20х20х1.5",10147014/031225,,0.0,,0.0,,
6659,22,1,5406,2,6,42282840,629,1316357277,0000000084,Склад,Тръби 500,"Тръба шевна 304, 48,3х3",10143532/110925/48x3x3,,0.0,,0.0,,
6659,23,1,5407,2,6,42282840,630,1316357277,0000000084,Склад,Тръби 500,Тръба шевна 304L (33.7x2) 1``,10143532/110925/33.7,,0.0,,0.0,,
6659,24,1,5408,2,6,42282840,631,1316357277,0000000084,Склад,Тръби 500,Тръба шевна 304L (33.7x2) 1``,28082025/3,,0.0,,0.0,,
6659,25,1,5409,2,6,42282840,632,1316357277,0000000084,Склад,Тръби 500,Тръба шевна 304L (33.7х3) 1“,10143532/110925/33.7/3,,0.0,,0.0,,
6662,0,1,5410,2,6,42282840,633,1316357277,0000000084,Склад,Услуги,Delivery - Compensator DN 40 304/321 POL. PN 1-,,,0.0,,0.0,,
6662,1,1,5411,2,6,42282840,634,1316357277,0000000084,Склад,Услуги,Delivery parts,,,0.0,,0.0,,
6662,2,1,5412,2,6,42282840,635,1316357277,0000000084,Склад,Услуги,Буферен съд 500л,,,0.0,,0.0,,
6662,3,1,5413,2,6,42282840,636,1316357277,0000000084,Склад,Услуги,Вода,,,0.0,,0.0,,
6662,4,1,5414,2,6,42282840,637,1316357277,0000000084,Склад,Услуги,"Лазерно рязане Патлиджански големи, перф. лам.",,,0.0,,0.0,,
6662,5,1,5415,2,6,42282840,638,1316357277,0000000084,Склад,Услуги,"Лазерно рязане Патлиджански малки, перф. лам.",,,0.0,,0.0,,
6662,6,1,5416,2,6,42282840,639,1316357277,0000000084,Склад,Услуги,Обработка на полиамид,,,0.0,,0.0,,
6662,7,1,5417,2,6,42282840,640,1316357277,0000000084,Склад,Услуги,Рязане на метал (НИРСТРОЙ),,,0.0,,0.0,,
6662,8,1,5418,2,6,42282840,641,1316357277,0000000084,Склад,Услуги,Транспорт (Филипекс),,,0.0,,0.0,,
6662,9,1,5419,2,6,42282840,642,1316357277,0000000084,Склад,Устройства 500,Датчик за налягане 0-3bar,131125/rem,,0.0,,0.0,,
6662,10,1,5420,2,6,42282840,643,1316357277,0000000084,Склад,Устройства 500,"Датчик за налягане, 0-10 bar., G 1/2`",25685,,0.0,,0.0,,
6662,11,1,5421,2,6,42282840,644,1316357277,0000000084,Склад,Устройства 500,"Датчик за налягане, 0-10 bar., G 1/2`",25686,,0.0,,0.0,,
6662,12,1,5422,2,6,42282840,645,1316357277,0000000084,Склад,Устройства 500,"Датчик за налягане, 0-10 bar., G 1/2`",25687,,0.0,,0.0,,
6662,13,1,5423,2,6,42282840,646,1316357277,0000000084,Склад,Устройства 500,"Датчик за налягане, 0-10 bar., G 1/2`",25688,,0.0,,0.0,,
6662,14,1,5424,2,6,42282840,647,1316357277,0000000084,Склад,Устройства 500,"Датчик за налягане, 0-10 bar., G 1/2`",25689,,0.0,,0.0,,
6662,15,1,5425,2,6,42282840,648,1316357277,0000000084,Склад,Устройства 500,"Датчик за налягане, 0-10 bar., G 1/2`",25690,,0.0,,0.0,,
6662,16,1,5426,2,6,42282840,649,1316357277,0000000084,Склад,Устройства 500,"Датчик за налягане, 0-10 bar., G 1/2`",25691,,0.0,,0.0,,
6662,17,1,5427,2,6,42282840,650,1316357277,0000000084,Склад,Устройства 500,"Датчик за налягане, 0-10 bar., G 1/2`",25692,,0.0,,0.0,,
6662,18,1,5428,2,6,42282840,651,1316357277,0000000084,Склад,Устройства 500,"Датчик за налягане, 0-10 bar., G 1/2`",25693,,0.0,,0.0,,
6662,19,1,5429,2,6,42282840,652,1316357277,0000000084,Склад,Устройства 500,"Датчик за налягане, 0-10 bar., G 1/2`",25695,,0.0,,0.0,,
6662,20,1,5430,2,6,42282840,653,1316357277,0000000084,Склад,Устройства 500,"Датчик за налягане, 0-10 bar., G 1/2`",25696,,0.0,,0.0,,
6662,21,1,5431,2,6,42282840,654,1316357277,0000000084,Склад,Устройства 500,"Датчик за налягане, 0-10 bar., G 1/2`",25698,,0.0,,0.0,,
6662,22,1,5432,2,6,42282840,655,1316357277,0000000084,Склад,Устройства 500,"Датчик за налягане, 0-10 bar., G 1/2`",25699,,0.0,,0.0,,
6662,23,1,5433,2,6,42282840,656,1316357277,0000000084,Склад,Устройства 500,"Иглен клапан, 0-6bar, G 1/4` EPDM",1031,,0.0,,0.0,,
6662,24,1,5434,2,6,42282840,657,1316357277,0000000084,Склад,Устройства 500,"Иглен клапан, 0-6bar, G 1/4` EPDM",1034,,0.0,,0.0,,
6662,25,1,5435,2,6,42282840,658,1316357277,0000000084,Склад,Устройства 500,"Иглен клапан, 0-6bar, G 1/4` EPDM",1036,,0.0,,0.0,,
6662,26,1,5436,2,6,42282840,659,1316357277,0000000084,Склад,Устройства 500,"Иглен клапан, 0-6bar, G 1/4` FKM",1064,,0.0,,0.0,,
6675,0,1,5437,2,6,42282840,660,1316357277,0000000084,Склад,Устройства 500,"Куплунг M12, 8-пина, кабел 2m.",pbc786382,,0.0,,0.0,,
6675,1,1,5438,2,6,42282840,661,1316357277,0000000084,Склад,Устройства 500,Панел HMI 7`,h70072968,,0.0,,0.0,,
6675,2,1,5439,2,6,42282840,662,1316357277,0000000084,Склад,Устройства 500,"Сензор за поток (flowmeter), малък",N01840812254,,0.0,,0.0,,
6675,3,1,5440,2,6,42282840,663,1316357277,0000000084,Склад,Устройства 500,"Сензор за поток (flowmeter), малък",N01980812258,,0.0,,0.0,,
6675,4,1,5441,2,6,42282840,664,1316357277,0000000084,Склад,Устройства 500,датчици за налягане 1877 0-15 bar,230925/6,,0.0,,0.0,,
6675,5,1,5442,2,6,42282840,665,1316357277,0000000084,Склад,Фитинги на резба 500,Гайки за щуцери 1/2,261922/240925,,0.0,,0.0,,
6675,6,1,5443,2,6,42282840,666,1316357277,0000000084,Склад,Фитинги на резба 500,права връзка 1510 8/6х1/4,,,0.0,,0.0,,
6675,7,1,5444,2,6,42282840,667,1316357277,0000000084,Склад,Фитинги на резба 500,права връзка 1511 8/6х1/4,,,0.0,,0.0,,
6675,8,1,5445,2,6,42282840,668,1316357277,0000000084,Склад,Фитинги на резба 500,права връзка 1511 8/6х1/8,,,0.0,,0.0,,
6675,9,1,5446,2,6,42282840,669,1316357277,0000000084,Склад,Фитинги на резба 500,сферичен кран мини 2963 1/4`,,,0.0,,0.0,,
6675,10,1,5447,2,6,42282840,670,1316357277,0000000084,Склад,Фитинги на резба 500,тройник 7540 8 8 мм.,,,0.0,,0.0,,
6675,11,1,5448,2,6,42282840,671,1316357277,0000000084,Склад,Фитинги на резба 500,"щекер със светлодиод 124-703 230 V, AC/DC",,,0.0,,0.0,,
6675,12,1,5449,2,6,42282840,672,1316357277,0000000084,Склад,Фитинги на резба 500,ъглова връзка  8/6х1/4,101225/3,,0.0,,0.0,,
6675,13,1,5450,2,6,42282840,673,1316357277,0000000084,Склад,Фитинги на резба 500,"ъглова връзка 1500 15/12,5х1/2",,,0.0,,0.0,,
6675,14,1,5451,2,6,42282840,673,1316357277,0000000084,Склад,Фитинги на резба 500,"ъглова връзка 1500 15/12,5х1/2",,,273.0,бр.,27.0,бр.,
6675,15,1,5454,2,6,42282840,674,1316357277,0000000084,Склад,Фланцови връзки 500,Филтър INOX 316 Фл. PN16 DN50,10143532/110925/f50,,0.0,,0.0,,
6675,16,1,5455,2,6,42282840,674,1316357277,0000000084,Склад,Фланцови връзки 500,Филтър INOX 316 Фл. PN16 DN50,10143532/110925/f50,,0.0,,0.0,,
6675,17,1,5457,2,6,42282840,674,1316357277,0000000084,Склад,Фланцови връзки 500,Филтър INOX 316 Фл. PN16 DN50,10143532/110925/f50,,0.0,,0.0,,
6675,18,1,5487,2,6,42282840,675,1316357277,0000000084,Склад,Устройства.,"Предпазен вентил 1216 НРЖ PN40, 1 1/2`x2`",10147786/050126/1,,0.0,,0.0,,
6675,19,1,5488,2,6,42282840,676,1316357277,0000000084,Склад,Устройства.,"Предпазен вентил 1216 НРЖ PN40, 2`x2`",202530099001,,0.0,,0.0,,
6675,20,1,5489,2,6,42282840,677,1316357277,0000000084,Склад,Устройства.,"Предпазен вентил 1216 НРЖ PN40, 2`x2`",202530099002,,0.0,,0.0,,
6675,21,1,5490,2,6,42282840,678,1316357277,0000000084,Склад,Устройства.,Скоба с укреп. с уплътнение 2“,10144596/101025/4,,0.0,,0.0,,
6675,22,1,5491,2,6,42282840,679,1316357277,0000000084,Склад,Устройства.,"предпазен вентил 1216 НРЖ, PN40 442806 1``-1``",202530315001,,0.0,,0.0,,
6675,23,1,5492,2,6,42282840,680,1316357277,0000000084,Склад,Устройства.,"предпазен вентил 1216 НРЖ, PN40 442806 1``-1``",202530315008,,0.0,,0.0,,
6675,24,1,5493,2,6,42282840,681,1316357277,0000000084,Склад,Устройства.,пружина TOSACA 2.1-4.0 obarg 442892 M2170,10142820/19082025,,0.0,,0.0,,
5983,0,1,5494,2,6,42282840,682,1316357277,0000000084,Склад,Устройства.,пружина TOSACA 4.1-8.0 obarg  M2215,10147786/050126/2,,0.0,,0.0,,
5983,1,1,5519,2,6,46291449,23,1317542707,0000000088,СКЛАД draft,Фитинги на резба.,"холендер PTFE ж/ж, зав. 1`",10148565/270126/1,,0.0,,0.0,,
5983,2,1,5523,2,6,46291449,24,1317542707,0000000088,СКЛАД draft,Кабелни Канали,Вертканел ъгъл понижаващ 60х152mm с неперфориран,290126/1,,0.0,,0.0,,
5983,3,1,5526,2,6,38333754,5,1317734014,0000000089,СКЛАД draft,Фланцови Връзки,уплътнение CF3000 PTFE 453986 DN25,10143532/110925/pfte25,,0.0,,0.0,,
5983,4,1,5527,2,6,38333754,6,1317734014,0000000089,СКЛАД draft,Фланцови Връзки,уплътнение CF3000 PTFE 453986 DN25,10143532/110925/pfte25,,0.0,,0.0,,
5983,5,1,5528,2,6,38333754,5,1317734014,0000000089,СКЛАД draft,Фланцови Връзки,уплътнение CF3000 PTFE 453986 DN25,10143532/110925/pfte25,,6.0,бр.,9.0,бр.,
5983,6,1,5529,2,6,38333754,6,1317734014,0000000089,СКЛАД draft,Фланцови Връзки,уплътнение CF3000 PTFE 453986 DN25,10143532/110925/pfte25,,0.0,,0.0,,
5983,7,1,5534,2,6,38333754,4,1317734014,0000000089,СКЛАД draft,М12,шайба цинк  М12,241025/11,,25.0,бр.,4.0,бр.,
5983,8,1,5535,2,6,38333754,3,1317734014,0000000089,СКЛАД draft,М12,гайка цинк М12,091025/2,,25.0,бр.,7.0,бр.,
5983,9,1,5536,2,6,38333754,1,1317734014,0000000089,СКЛАД draft,М12,болт цинк М12х45,12345/12,,25.0,бр.,15.0,бр.,
5983,10,1,5561,2,6,38333754,6,1317734014,0000000089,СКЛАД draft,Устройства.,XT Топлообменник,36342/261125,,0.0,,0.0,,
5983,11,1,5570,2,6,38333754,1,1317734014,0000000089,СКЛАД draft,М12,болт цинк М12х45,12345/12,,15.0,бр.,32.0,бр.,
5983,12,1,5571,2,6,38333754,3,1317734014,0000000089,СКЛАД draft,М12,гайка цинк М12,091025/2,,7.0,бр.,17.0,бр.,
5983,13,1,5572,2,6,38333754,4,1317734014,0000000089,СКЛАД draft,М12,шайба цинк  М12,241025/11,,4.0,бр.,20.0,бр.,
5983,14,1,5573,2,6,38333754,5,1317734014,0000000089,СКЛАД draft,Фланцови Връзки,уплътнение CF3000 PTFE 453986 DN25,10143532/110925/pfte25,,9.0,бр.,14.0,бр.,
5983,15,1,5574,2,6,38333754,4,1317734014,0000000089,СКЛАД draft,М12,шайба цинк  М12,241025/11,,20.0,бр.,36.0,бр.,
5983,16,1,5575,2,6,38333754,3,1317734014,0000000089,СКЛАД draft,М12,гайка цинк М12,091025/2,,17.0,бр.,33.0,бр.,
5983,17,1,5580,2,6,37829421,20,1317052389,0000000086,СКЛАД draft,Заваръчни Връзки,"Коляно 90o 304L заварка (33,7х2) 1``",10143532/110925/k1`,,0.0,,0.0,,
5983,18,1,5582,2,6,49905712,30,1317432145,0000000087,СКЛАД draft,Заваръчни Връзки,"Коляно 90o 304L заварка (33,7х2) 1``",10143532/110925/k1`,,0.0,,0.0,,
5983,19,1,5584,2,6,46291449,25,1317542707,0000000088,СКЛАД draft,Заваръчни Връзки,"Коляно 90o 304L заварка (33,7х2) 1``",10143532/110925/k1`,,0.0,,0.0,,
5983,20,1,5585,2,6,46291449,25,1317542707,0000000088,СКЛАД draft,Заваръчни Връзки,"Коляно 90o 304L заварка (33,7х2) 1``",10143532/110925/k1`,,15.0,бр.,16.0,бр.,
5983,21,1,5586,2,6,46291449,1,1317542707,0000000088,СКЛАД draft,Заваръчни Връзки,"Коляно 90o 304L заварка (33,7х2) 1``",10143532/110925/k1`,,0.0,,0.0,,
5983,22,1,5588,2,6,38333754,7,1317734014,0000000089,СКЛАД draft,Заваръчни Връзки,"Коляно 90o 304L заварка (33,7х2) 1``",10143532/110925/k1`,,0.0,,0.0,,
5983,23,1,5607,2,6,38333754,8,1317734014,0000000089,СКЛАД draft,М12,болт цинк М12х45,12345/12,,0.0,,0.0,,
5983,24,1,5608,2,6,38333754,9,1317734014,0000000089,СКЛАД draft,М12,гайка цинк М12,091025/2,,0.0,,0.0,,
6753,0,1,5609,2,6,38333754,10,1317734014,0000000089,СКЛАД draft,М12,шайба цинк  М12,241025/11,,0.0,,0.0,,
6753,1,1,5610,2,6,38333754,11,1317734014,0000000089,СКЛАД draft,Фланцови Връзки,уплътнение CF3000 PTFE 453986 DN25,10143532/110925/pfte25,,0.0,,0.0,,
6753,2,1,5611,2,6,38333754,12,1317734014,0000000089,СКЛАД draft,Кранове.,кран за задвижка VP703000 1` - DN25,16156,,0.0,,0.0,,
6753,3,1,5615,2,6,38333754,13,1317734014,0000000089,СКЛАД draft,Кранове.,Valve 2PC full bore ball (flanges ends) 1`` with,050126/2,,0.0,,0.0,,
6753,4,1,5616,2,6,38333754,5,1317734014,0000000089,СКЛАД draft,Фланцови Връзки,уплътнение CF3000 PTFE 453986 DN25,10143532/110925/pfte25,,14.0,бр.,22.0,бр.,
6753,5,1,5617,2,6,38333754,11,1317734014,0000000089,СКЛАД draft,Фланцови Връзки,уплътнение CF3000 PTFE 453986 DN25,10143532/110925/pfte25,,0.0,,0.0,,
6753,6,1,5618,2,6,38333754,1,1317734014,0000000089,СКЛАД draft,М12,болт цинк М12х45,12345/12,,32.0,бр.,40.0,бр.,
6753,7,1,5619,2,6,38333754,8,1317734014,0000000089,СКЛАД draft,М12,болт цинк М12х45,12345/12,,0.0,,0.0,,
6753,8,1,5620,2,6,38333754,3,1317734014,0000000089,СКЛАД draft,М12,гайка цинк М12,091025/2,,33.0,бр.,41.0,бр.,
6753,9,1,5621,2,6,38333754,9,1317734014,0000000089,СКЛАД draft,М12,гайка цинк М12,091025/2,,0.0,,0.0,,
6753,10,1,5622,2,6,38333754,4,1317734014,0000000089,СКЛАД draft,М12,шайба цинк  М12,241025/11,,36.0,бр.,44.0,бр.,
6753,11,1,5623,2,6,38333754,10,1317734014,0000000089,СКЛАД draft,М12,шайба цинк  М12,241025/11,,0.0,,0.0,,
6753,12,1,5627,2,6,48598038,2,1317833179,0000000090,СКЛАД draft,Фитинги на резба.,преход м/ж 102105 1/2х1/4,10148565/270126/2,,0.0,,0.0,,
6753,13,1,5630,2,6,42282840,683,1316357277,0000000084,Полша,Тръби.,Тръба оребрена (25х2 - 50) 2м,28082025/8,,0.0,,0.0,,
6753,14,1,5652,2,6,48598038,3,1317833179,0000000090,СКЛАД draft,Табло газ анализатор,"Винт с конусна глава, А2, М4х8",10549203/270126/5,,0.0,,0.0,,
6753,15,1,5677,2,6,48598038,1,1317833179,0000000090,СКЛАД draft,Устройства.,Температурен датчик,ta-025clem14-a-zvg/us/082025,,2.0,бр.,6.0,бр.,
6753,16,1,5679,2,6,48598038,4,1317833179,0000000090,СКЛАД draft,М8,шайба цинк М8,10527503/071125/3,,0.0,,0.0,,
6753,17,1,5680,2,6,48598038,5,1317833179,0000000090,СКЛАД draft,М8,гайка цинк М8,12345,,0.0,,0.0,,
6753,18,1,5681,2,6,48598038,6,1317833179,0000000090,СКЛАД draft,М8,"Шпилка, DIN 976, 8.8, vZn, M 8 x 1000",031125/2,,0.0,,0.0,,
6753,19,1,5689,2,6,48598038,7,1317833179,0000000090,СКЛАД draft,Кабелни Канали,"Капак за ъгъл 90° за каб. скара, 155,5мм",476/290126/3,,0.0,,0.0,,
6753,20,1,5690,2,6,48598038,8,1317833179,0000000090,СКЛАД draft,Кабелни Канали,"Ъгъл 90° за каб. скара, 60х152мм",476/290126/2,,0.0,,0.0,,
6753,21,1,5691,2,6,48598038,9,1317833179,0000000090,СКЛАД draft,Кабелни Канали,Кабелна скара 60х150х3000мм.,476/290126/1,,0.0,,0.0,,
6753,22,1,5692,2,6,48598038,10,1317833179,0000000090,СКЛАД draft,М12,"Пружинна шайба цинк, М12",340047510/290126/2,,0.0,,0.0,,
6753,23,1,5693,2,6,48598038,11,1317833179,0000000090,СКЛАД draft,М12,болт цинк  М12х40,10527503/071125/4,,0.0,,0.0,,
6753,24,1,5694,2,6,48598038,12,1317833179,0000000090,СКЛАД draft,М12,гайка цинк М12,091025/2,,0.0,,0.0,,
6753,25,1,5695,2,6,48598038,13,1317833179,0000000090,СКЛАД draft,М12,шайба цинк  М12,241025/11,,0.0,,0.0,,
6769,0,1,5697,2,6,48598038,14,1317833179,0000000090,СКЛАД draft,Фланцови Връзки,уплътнение CF3000 PTFE 453986 DN25,10143532/110925/pfte25,,0.0,,0.0,,
6769,1,1,5705,2,6,48598038,15,1317833179,0000000090,СКЛАД draft,Устройства.,"Кондензно котле SA-61, резбово 1/2`",2025000001445/171225/1,,0.0,,0.0,,
6769,2,1,5706,2,6,48598038,16,1317833179,0000000090,СКЛАД draft,Устройства.,"Кондензно котле SA-61, фланцово 1`",2025000001445/171225/2,,0.0,,0.0,,
6769,3,1,5708,2,6,48598038,17,1317833179,0000000090,СКЛАД draft,Табло газ анализатор,"Нит-гайка с накат.нам.,цинк, М4/ф6х10",10549203/270126/6,,0.0,,0.0,,
6769,4,1,5710,2,6,48598038,14,1317833179,0000000090,СКЛАД draft,Фланцови Връзки,уплътнение CF3000 PTFE 453986 DN25,10143532/110925/pfte25,,2.0,бр.,4.0,бр.,
6769,5,1,5714,2,6,48598038,18,1317833179,0000000090,СКЛАД draft,Електтролизьор,Гумен лист 5/1200мм EPDM,192741/031025,,0.0,,0.0,,
6769,6,1,5720,2,6,48598038,19,1317833179,0000000090,СКЛАД draft,Електтролизьор,"Шпилка М56х4, 5.5,  L=2000mm",300126/2,,0.0,,0.0,,
6769,7,1,5723,2,6,43185378,3,1318135780,0000000091,СКЛАД draft,Табло газ анализатор,"Шайба с широка периферия, А2, м8",10549203/270126/10,,0.0,,0.0,,
6769,8,1,5724,2,6,43185378,3,1318135780,0000000091,СКЛАД draft,Табло газ анализатор,"Шайба с широка периферия, А2, м8",10549203/270126/10,,0.0,,0.0,,
6769,9,1,5725,2,6,43185378,3,1318135780,0000000091,СКЛАД draft,М6,болт цинк М6х35,241025/20,,0.0,,0.0,,
6769,10,1,5726,2,6,43185378,4,1318135780,0000000091,СКЛАД draft,М8,шайба цинк М8,10527503/071125/3,,0.0,,0.0,,
6769,11,1,5727,2,6,43185378,5,1318135780,0000000091,СКЛАД draft,Табло газ анализатор,Needle valve,0005326933,,0.0,,0.0,,
6769,12,1,5728,2,6,43185378,6,1318135780,0000000091,СКЛАД draft,Кранове.,"Кран 2 части, фланцови със задвижка 1 1/2“",1419195/040925/5,,0.0,,0.0,,
6769,13,1,5729,2,6,43185378,7,1318135780,0000000091,СКЛАД draft,Кранове.,"Кран 2 части, фланцови със задвижка 1`",050126/2,,0.0,,0.0,,
6769,14,1,5730,2,6,43185378,8,1318135780,0000000091,СКЛАД draft,Фланцови Връзки,Фланец плосък 304 T8 PN16 DN25,10148677/290126/2,,0.0,,0.0,,
6769,15,1,5731,2,6,43185378,9,1318135780,0000000091,СКЛАД draft,Фланцови Връзки,Фланец плосък 304 T10 PN16 DN40,10143532/110925/40,,0.0,,0.0,,
6769,16,1,5732,2,6,43185378,10,1318135780,0000000091,СКЛАД draft,Табло газ анализатор,MALE CONNECTOR 6MM SWA - 1/8`` NPT,230126/12,,0.0,,0.0,,
6769,17,1,5733,2,6,43185378,11,1318135780,0000000091,СКЛАД draft,Табло газ анализатор,MALE Elbow  6MM SWA – R 1/8``,0004494882,,0.0,,0.0,,
6769,18,1,5734,2,6,43185378,12,1318135780,0000000091,СКЛАД draft,Табло газ анализатор,BULKHEAD UNION 6MM SWA,0005235216,,0.0,,0.0,,
6769,19,1,5735,2,6,43185378,13,1318135780,0000000091,СКЛАД draft,Тръби.,Тръба безшевна 316L 6x1.0,10143532/110925/6x1,,0.0,,0.0,,
6769,20,1,5736,2,6,43185378,14,1318135780,0000000091,СКЛАД draft,Табло газ анализатор,"Bolted Plastic Clamp Tube Support Kit, 6 mm",0005315211,,0.0,,0.0,,
6769,21,1,5737,2,6,43185378,15,1318135780,0000000091,СКЛАД draft,Табло газ анализатор,"DP324B-P Dew point analyser, LCD display",,,0.0,,0.0,,
6769,22,1,5738,2,6,43185378,16,1318135780,0000000091,СКЛАД draft,Табло газ анализатор,Fixing bracket for DP324,E260004-01/140126/2,,0.0,,0.0,,
6769,23,1,5739,2,6,43185378,17,1318135780,0000000091,СКЛАД draft,Табло газ анализатор,Flowmeter and needle valve bracket - крепеж,E260004-01/140126/4,,0.0,,0.0,,
6776,0,1,5740,2,6,43185378,18,1318135780,0000000091,СКЛАД draft,Табло газ анализатор,"SS 316 measuring chamber for Dew Point Analyser,",E260004-01/140126/5,,0.0,,0.0,,
6776,1,1,5741,2,6,43185378,19,1318135780,0000000091,СКЛАД draft,Електроника,Ф2.5 21L2K1T25 R42,12345,,0.0,,0.0,,
6776,2,1,5742,2,6,43185378,20,1318135780,0000000091,СКЛАД draft,М8,гайка цинк М8,12345,,0.0,,0.0,,
6776,3,1,5743,2,6,43185378,21,1318135780,0000000091,СКЛАД draft,М8,шайба цинк М8,10527503/071125/3,,0.0,,0.0,,
6776,4,1,5744,2,6,43185378,22,1318135780,0000000091,СКЛАД draft,Електроника,Кабелен канал 60х60mm,1459019996/121125,,0.0,,0.0,,
6776,5,1,5745,2,6,43185378,23,1318135780,0000000091,СКЛАД draft,Електроника,Кабелен канал 60х40mm,1459019939/121125/6,,0.0,,0.0,,
6776,6,1,5746,2,6,43185378,24,1318135780,0000000091,СКЛАД draft,Електроника,Кабелен канал 60х25mm,1459019939/121125/7,,0.0,,0.0,,
6776,7,1,5747,2,6,43185378,25,1318135780,0000000091,СКЛАД draft,Електроника,Кл. маркировки хор. 1-50 (50),1459019939/121125/1,,0.0,,0.0,,
6776,8,1,5748,2,6,43185378,26,1318135780,0000000091,СКЛАД draft,Електроника,Кл. маркировки хор. 101-150 (50),1459019939/121125/3,,0.0,,0.0,,
6776,9,1,5749,2,6,43185378,27,1318135780,0000000091,СКЛАД draft,Електроника,Кл. маркировки хор. 151-200 (50),1459019939/121125/4,,0.0,,0.0,,
6776,10,1,5750,2,6,43185378,28,1318135780,0000000091,СКЛАД draft,Електроника,Кл. маркировки хор. 51-100 (50),1459019939/121125/2,,0.0,,0.0,,
6776,11,1,5751,2,6,43185378,29,1318135780,0000000091,СКЛАД draft,Електроника,Кр. скоба за DIN релса,1459019733/101125/5,,0.0,,0.0,,
6776,12,1,5752,2,6,43185378,30,1318135780,0000000091,СКЛАД draft,Електроника,"Пр. клема 2,5мм, сива, двуредна, YBK 2,5-2F",1459019554/071125/6,,0.0,,0.0,,
6776,13,1,5753,2,6,43185378,31,1318135780,0000000091,СКЛАД draft,Електроника,"Пр. клема 2,5мм, сива, двуредна, YBK 2,5-2F",1459019733/101125/2,,0.0,,0.0,,
6776,14,1,5754,2,6,43185378,32,1318135780,0000000091,СКЛАД draft,Електроника,Крайна секция YBK 2F,1459019733/101125/3,,0.0,,0.0,,
6776,15,1,5755,2,6,43185378,33,1318135780,0000000091,СКЛАД draft,Електроника,"Пр. клема триредна, 2,5мм, YBK 2,5-3F",1459019554/071125/7,,0.0,,0.0,,
6776,16,1,5756,2,6,43185378,34,1318135780,0000000091,СКЛАД draft,Електроника,"Пр. клема триредна, 2,5мм, YBK 2,5-3F",1459019733/101125/4,,0.0,,0.0,,
6776,17,1,5757,2,6,43185378,35,1318135780,0000000091,СКЛАД draft,Електроника,"Пружинна клема, YBK 6mm",1459019733/101125/6,,0.0,,0.0,,
6776,18,1,5758,2,6,43185378,36,1318135780,0000000091,СКЛАД draft,Устройства.,Сензор за газ H2 GS-220,25070100108,,0.0,,0.0,,
6776,19,1,5759,2,6,43185378,37,1318135780,0000000091,СКЛАД draft,Устройства.,Управление за сензор за газ GA-220,213814/130825,,0.0,,0.0,,
6776,20,1,5760,2,6,43185378,38,1318135780,0000000091,СКЛАД draft,Електроника,Трансмитер с галванично разделяне,A807.1/09.2025,,0.0,,0.0,,
6776,21,1,5761,2,6,43185378,39,1318135780,0000000091,СКЛАД draft,Електроника,Трансмитер с галванично разделяне,A807.10/09.2025,,0.0,,0.0,,
6776,22,1,5762,2,6,43185378,40,1318135780,0000000091,СКЛАД draft,Електроника,Трансмитер с галванично разделяне,A807.11/09.2025,,0.0,,0.0,,
6776,23,1,5763,2,6,43185378,41,1318135780,0000000091,СКЛАД draft,Електроника,Трансмитер с галванично разделяне,A807.12/09.2025,,0.0,,0.0,,
6776,24,1,5764,2,6,43185378,42,1318135780,0000000091,СКЛАД draft,Кабели и накрайници.,"PUR кабел, М12 конектор EVC006 10 м.",28082025/30,,0.0,,0.0,,
6782,0,1,5765,2,6,43185378,43,1318135780,0000000091,СКЛАД draft,Кабели и накрайници.,"PUR кабел, М12 конектор EVC086 15 м.",38838/27082025,,0.0,,0.0,,
6782,1,1,5766,2,6,43185378,23,1318135780,0000000091,СКЛАД draft,Електроника,Кабелен канал 60х40mm,1459019939/121125/6,,11.24,L,5.75,M,
6782,2,1,5767,2,6,43185378,23,1318135780,0000000091,СКЛАД draft,Електроника,Кабелен канал 60х40mm,1459019939/121125/6,,0.0,%,-0.0535809608540932,%,
6782,3,1,5768,2,6,43185378,24,1318135780,0000000091,СКЛАД draft,Електроника,Кабелен канал 60х25mm,1459019939/121125/7,,9.55,L,4.89,M,
6782,4,1,5769,2,6,43185378,24,1318135780,0000000091,СКЛАД draft,Електроника,Кабелен канал 60х25mm,1459019939/121125/7,,0.0,%,-0.146687958115161,%,
6782,5,1,5770,2,6,43185378,30,1318135780,0000000091,СКЛАД draft,Електроника,"Пр. клема 2,5мм, сива, двуредна, YBK 2,5-2F",1459019554/071125/6,,2.22,L,1.14,M,
6782,6,1,5771,2,6,43185378,30,1318135780,0000000091,СКЛАД draft,Електроника,"Пр. клема 2,5мм, сива, двуредна, YBK 2,5-2F",1459019554/071125/6,,0.0,%,-0.434513513513502,%,
6782,7,1,5772,2,6,43185378,32,1318135780,0000000091,СКЛАД draft,Електроника,Крайна секция YBK 2F,1459019733/101125/3,,0.64,L,0.33,M,
6782,8,1,5773,2,6,43185378,32,1318135780,0000000091,СКЛАД draft,Електроника,Крайна секция YBK 2F,1459019733/101125/3,,0.0,%,-0.847484374999999,%,
6782,9,1,5774,2,6,43185378,21,1318135780,0000000091,СКЛАД draft,М8,шайба цинк М8,10527503/071125/3,,12.0,бр.,14.0,бр.,
6782,10,1,5775,2,6,43185378,4,1318135780,0000000091,СКЛАД draft,М8,шайба цинк М8,10527503/071125/3,,0.0,,0.0,,
6782,11,1,5776,2,6,43185378,31,1318135780,0000000091,СКЛАД draft,Електроника,"Пр. клема 2,5мм, сива, двуредна, YBK 2,5-2F",1459019733/101125/2,,2.22,L,1.14,M,
6782,12,1,5777,2,6,43185378,31,1318135780,0000000091,СКЛАД draft,Електроника,"Пр. клема 2,5мм, сива, двуредна, YBK 2,5-2F",1459019733/101125/2,,0.0,%,-0.434513513513504,%,
6782,13,1,5778,2,6,43185378,22,1318135780,0000000091,СКЛАД draft,Електроника,Кабелен канал 60х60mm,1459019996/121125,,15.84,L,8.1,M,
6782,14,1,5779,2,6,43185378,22,1318135780,0000000091,СКЛАД draft,Електроника,Кабелен канал 60х60mm,1459019996/121125,,0.0,%,-0.0140340909090815,%,
6782,15,1,5785,2,6,43185378,44,1318135780,0000000091,СКЛАД draft,Електроника,"Доп. конт. S 0-1, 2 NO 2 NC",1469000887/190126/2,,0.0,,0.0,,
6782,16,1,5786,2,6,43185378,45,1318135780,0000000091,СКЛАД draft,Електроника,"Контактор 15kW/32A, 1NO,230VAC",1469000887/190126/1,,0.0,,0.0,,
6782,17,1,5812,2,3,45097386,18,1318152347,0000000223,СКЛАД draft,Електроника,"Винт. клема 2.5мм, AVK синя",,,0.0,,0.0,,
6782,18,1,5813,2,3,45097386,19,1318152347,0000000223,СКЛАД draft,Електроника,"Винтова РЕ клема, 2.5-4мм. AVK",,,0.0,,0.0,,
6782,19,1,5814,2,3,45097386,20,1318152347,0000000223,СКЛАД draft,Електроника,"Винт. клема 2,5мм, AVK, сива",,,0.0,,0.0,,
6782,20,1,5815,2,3,45097386,21,1318152347,0000000223,СКЛАД draft,Електроника,МАП AMPARO 6kA C32/1,,,0.0,,0.0,,
6782,21,1,5816,2,3,45097386,22,1318152347,0000000223,СКЛАД draft,Електроника,"МАП AMPARO 6kA, C6/1",,,0.0,,0.0,,
6782,22,1,5817,2,3,45097386,23,1318152347,0000000223,СКЛАД draft,Електроника,"Контакт за DIN релса, 16А",,,0.0,,0.0,,
6782,23,1,5818,2,3,45097386,24,1318152347,0000000223,СКЛАД draft,Електроника,"Контактор 7,5кВ/15А, 230VAC",,,0.0,,0.0,,
6782,24,1,5819,2,3,45097386,25,1318152347,0000000223,СКЛАД draft,Електроника,Термично реле 4-6А,,,0.0,,0.0,,
6786,0,1,5820,2,3,45097386,26,1318152347,0000000223,СКЛАД draft,Електроника,Термично реле 12 - 16А,,,0.0,,0.0,,
6786,1,1,5821,2,3,45097386,27,1318152347,0000000223,СКЛАД draft,Електроника,"Контактор 15kW/32A, 1NO,230VAC",,,0.0,,0.0,,
6786,2,1,5822,2,3,45097386,28,1318152347,0000000223,СКЛАД draft,Електроника,МАП AMPARO 6kA C32/3,,,0.0,,0.0,,
6786,3,1,5823,2,3,45097386,29,1318152347,0000000223,СКЛАД draft,Електроника,"прекъсвач MCB, 10kA D25/3",,,0.0,,0.0,,
6786,4,1,5824,2,3,45097386,30,1318152347,0000000223,СКЛАД draft,Електроника,"прекъсвач MCB 10kA, D16/3",,,0.0,,0.0,,
6786,5,1,5825,2,3,45097386,31,1318152347,0000000223,СКЛАД draft,Електроника,прекъсвач D10/3,,,0.0,,0.0,,
6786,6,1,5829,2,3,45097386,32,1318152347,0000000223,СКЛАД draft,Електроника,"Виличен гребен, 3P, 1m., 10m.",,,0.0,,0.0,,
6786,7,1,5830,2,3,45097386,33,1318152347,0000000223,СКЛАД draft,Електроника,Цокъл за RS/PT5,,,0.0,,0.0,,
6786,8,1,5831,2,3,45097386,34,1318152347,0000000223,СКЛАД draft,Електроника,"Шина земя 1m, 10mm",,,0.0,,0.0,,
6786,9,1,5832,2,3,45097386,35,1318152347,0000000223,СКЛАД draft,Електроника,"Клема 1.5-16мм, 10 мм",,,0.0,,0.0,,
6786,10,1,5833,2,3,45097386,36,1318152347,0000000223,СКЛАД draft,Електроника,"Пач. RJ45 екр.Cat6 сив 0,5m",,,0.0,,0.0,,
6786,11,1,5834,2,3,45097386,37,1318152347,0000000223,СКЛАД draft,Електроника,Пач. RJ45 екр.Cat6 сив 1.0m,,,0.0,,0.0,,
6786,12,1,5835,2,3,45097386,38,1318152347,0000000223,СКЛАД draft,Кабели и накрайници.,Кабелна превръзка бяла 2.5х96,,,0.0,,0.0,,
6786,13,1,5836,2,3,45097386,39,1318152347,0000000223,СКЛАД draft,Електроника,Термично реле 24-32А,,,0.0,,0.0,,
6786,14,1,5837,2,3,45097386,40,1318152347,0000000223,СКЛАД draft,Електроника,Кабелен канал 40x25mm,,,0.0,,0.0,,
6786,15,1,5842,2,3,35582792,2,1318155931,0000000224,СКЛАД draft,М8,"Шпилка  4.8, М8х2000",,,0.0,,0.0,,
6786,16,1,5844,2,6,43185378,46,1318135780,0000000091,СКЛАД draft,М6,болт цинк  М6х16,241025/19,,0.0,,0.0,,
6786,17,1,5845,2,6,43185378,47,1318135780,0000000091,СКЛАД draft,М6,гайка  М6,031025/2,,0.0,,0.0,,
6786,18,1,5846,2,6,43185378,48,1318135780,0000000091,СКЛАД draft,М6,федер шайба цинк М6,241025/24,,0.0,,0.0,,
6786,19,1,5847,2,6,43185378,49,1318135780,0000000091,СКЛАД draft,М8,"Шпилка, DIN 976, 8.8, vZn, M 8 x 1000",031125/2,,0.0,,0.0,,
6786,20,1,5848,2,6,43185378,50,1318135780,0000000091,СКЛАД draft,Фланцови Връзки,уплътнение CF3000 PTFE 453986 DN25,10143532/110925/pfte25,,0.0,,0.0,,
6786,21,1,5849,2,6,43185378,51,1318135780,0000000091,СКЛАД draft,Електроника,Кабелен канал 40x25mm,1469001851/020226/40,,0.0,,0.0,,
6786,22,1,5858,2,6,43185378,52,1318135780,0000000091,СКЛАД draft,М8,болт цинк  М8х25,090925/16,,0.0,,0.0,,
6786,23,1,5859,2,6,43185378,53,1318135780,0000000091,СКЛАД draft,М8,гайка цинк М8,12345,,0.0,,0.0,,
6786,24,1,5860,2,6,43185378,54,1318135780,0000000091,СКЛАД draft,М8,шайба цинк М8,10527503/071125/3,,0.0,,0.0,,
6786,25,1,5861,2,6,43185378,21,1318135780,0000000091,СКЛАД draft,М8,шайба цинк М8,10527503/071125/3,,14.0,бр.,18.0,бр.,
6786,26,1,5862,2,6,43185378,54,1318135780,0000000091,СКЛАД draft,М8,шайба цинк М8,10527503/071125/3,,0.0,,0.0,,
6786,27,1,5863,2,6,43185378,20,1318135780,0000000091,СКЛАД draft,М8,гайка цинк М8,12345,,12.0,бр.,14.0,бр.,
6786,28,1,5864,2,6,43185378,53,1318135780,0000000091,СКЛАД draft,М8,гайка цинк М8,12345,,0.0,,0.0,,
6800,0,1,5871,2,6,42282840,684,1316357277,0000000084,Склад,Фитинги на резба.,нипел намалител 316 1/2х1/4,201025/2,,0.0,,0.0,,
6800,1,1,5879,2,6,43185378,53,1318135780,0000000091,СКЛАД draft,Кабели и накрайници.,"Кабел ШВПЛ-Б 2х0,5, бял",8378/070126/6,,0.0,,0.0,,
6800,2,1,5886,2,6,42613800,7,1318241881,0000000092,СКЛАД draft,М8,широка шайба цинк  М8,0340047549/020226/1,,16.0,бр.,5.0,бр.,
6800,3,1,5887,2,6,42613800,9,1318241881,0000000092,СКЛАД draft,М8,шайба цинк М8,10527503/071125/3,,0.0,,0.0,,
6800,4,1,5890,2,6,42613800,9,1318241881,0000000092,СКЛАД draft,М8,шайба цинк М8,10527503/071125/3,,7.0,бр.,24.0,бр.,
6800,5,1,5897,2,6,42613800,10,1318241881,0000000092,СКЛАД draft,М16,болт цинк  М16х45,250725,,0.0,,0.0,,
6800,6,1,5898,2,6,42613800,11,1318241881,0000000092,СКЛАД draft,М16,"гайка шестостенна , цинк М16",10524822/311025/1,,0.0,,0.0,,
6800,7,1,5899,2,6,42613800,12,1318241881,0000000092,СКЛАД draft,М16,федер шайба цинк  М16,241025/1,,0.0,,0.0,,
6800,8,1,5900,2,6,42613800,13,1318241881,0000000092,СКЛАД draft,М16,шайба цинк  М16,10524822/311025/5,,0.0,,0.0,,
6800,9,1,5904,2,6,42613800,5,1318241881,0000000092,СКЛАД draft,М8,гайка цинк М8,12345,,8.0,бр.,16.0,бр.,
6800,10,1,5905,2,6,42613800,9,1318241881,0000000092,СКЛАД draft,М8,шайба цинк М8,10527503/071125/3,,24.0,бр.,32.0,бр.,
6800,11,1,5906,2,6,42613800,6,1318241881,0000000092,СКЛАД draft,М8,федер шайба цинк М8,201025/6,,8.0,бр.,32.0,бр.,
6800,12,1,5908,2,6,42613800,14,1318241881,0000000092,СКЛАД draft,М10,болт цинк  М10х40,10527503/071125/8,,0.0,,0.0,,
6800,13,1,5909,2,6,42613800,15,1318241881,0000000092,СКЛАД draft,М10,гайка цинк  М10,241025/7,,0.0,,0.0,,
6800,14,1,5910,2,6,42613800,16,1318241881,0000000092,СКЛАД draft,М10,"Пружинна шайба цинк, М10",340047510/290126/1,,0.0,,0.0,,
6800,15,1,5911,2,6,42613800,17,1318241881,0000000092,СКЛАД draft,М10,шайба цинк  М10,241025/8,,0.0,,0.0,,
6800,16,1,5912,2,6,42613800,17,1318241881,0000000092,СКЛАД draft,М10,шайба цинк  М10,241025/8,,1.0,бр.,8.0,бр.,
6800,17,1,5913,2,6,42613800,14,1318241881,0000000092,СКЛАД draft,М10,болт цинк  М10х40,10527503/071125/8,,0.1673,L,0.08,M,
6800,18,1,5914,2,6,42613800,14,1318241881,0000000092,СКЛАД draft,М10,болт цинк  М10х40,10527503/071125/8,,0.0,%,6.47555289898387,%,
6800,19,1,5917,2,6,42613800,18,1318241881,0000000092,СКЛАД draft,Кабелни Канали,T-образно разклонение за кабелна скара 60х202mm,47571/151025/6,,0.0,,0.0,,
6800,20,1,5918,2,6,42613800,19,1318241881,0000000092,СКЛАД draft,Кабелни Канали,Кабелна скара 60х150х3000мм.,47914/041125/2,,0.0,,0.0,,
6800,21,1,5956,2,6,35224292,2,1318335519,0000000093,СКЛАД draft,М6,болт цинк  М6х65,241025/18,,0.0,,0.0,,
6800,22,1,5957,2,6,35224292,3,1318335519,0000000093,СКЛАД draft,М6,гайка  М6,031025/2,,0.0,,0.0,,
6800,23,1,5958,2,6,35224292,4,1318335519,0000000093,СКЛАД draft,М6,шайба цинк  М6,031025/1,,0.0,,0.0,,
6800,24,1,5965,2,6,35224292,5,1318335519,0000000093,СКЛАД draft,Фитинги на резба.,"коляно 90°, 304L вътр./вън. резба, 2`",,,0.0,,0.0,,
6800,25,1,5967,2,6,35224292,5,1318335519,0000000093,СКЛАД draft,Фитинги на резба.,"коляно 90°, 304L вътр./вън. резба, 2`",,,0.0,,0.0,,
6800,26,1,5969,2,6,41408492,1,1318344970,0000000094,СКЛАД draft,Крепежи.,"О пръстен 47.22/3.53, EPDM 70",196057/131025,,0.0,,0.0,,
7041,0,1,5972,2,6,39733875,2,1318345101,0000000094,СКЛАД draft,Фитинги на резба.,"Муфа 304 резба, 1/4`",,,0.0,,0.0,,
7041,1,1,5973,2,6,39733875,1,1318345101,0000000094,СКЛАД draft,Фитинги на резба.,нипел намалител 316 1/2х1/4,,,0.0,,0.0,,
7041,2,1,5977,2,6,38145706,3,1318345382,0000000094,СКЛАД draft,Устройства.,Сензор за газ H2 GS-220,25070100097,,0.0,,0.0,,
7041,3,1,5978,2,6,38145706,2,1318345382,0000000094,СКЛАД draft,Устройства.,Сензор за газ H2 GS-220,25070100104,,0.0,,0.0,,
7041,4,1,5979,2,6,38145706,1,1318345382,0000000094,СКЛАД draft,Устройства.,Сензор за газ H2 GS-220,25070100107,,0.0,,0.0,,
7041,5,1,5982,2,6,44351854,8,1318345935,0000000094,СКЛАД draft,Фитинги на резба.,"хексагонална тапа 316, 1/4`",,,0.0,,0.0,,
7041,6,1,5983,2,6,44351854,7,1318345935,0000000094,СКЛАД draft,Фитинги на резба.,Тапа 304L 150LBS 1/2``,,,0.0,,0.0,,
7041,7,1,5984,2,6,44351854,6,1318345935,0000000094,СКЛАД draft,Фитинги на резба.,"Вътрешно редуциращ нипел 316 м/ж, 3/4х1/4",,,0.0,,0.0,,
7041,8,1,5985,2,6,44351854,5,1318345935,0000000094,СКЛАД draft,Фитинги на резба.,коляно 90гр. вътр. резба 316 1/4`,,,0.0,,0.0,,
7041,9,1,5986,2,6,44351854,4,1318345935,0000000094,СКЛАД draft,Фитинги на резба.,нипел шестостен 108804 1/2`,,,0.0,,0.0,,
7041,10,1,5987,2,6,44351854,3,1318345935,0000000094,СКЛАД draft,Фитинги на резба.,нипел шестостен 108802 1/4`,,,0.0,,0.0,,
7041,11,1,5988,2,6,44351854,2,1318345935,0000000094,СКЛАД draft,Фитинги на резба.,нипел намалител 316 1/2х1/4,,,0.0,,0.0,,
7041,12,1,5989,2,6,44351854,1,1318345935,0000000094,СКЛАД draft,Устройства.,Сензор за газ H2 GS-220,,,0.0,,0.0,,
7041,13,1,6003,2,6,35909421,5,1318351717,0000000098,СКЛАД draft,Фитинги на резба.,"Щуцер маркуч 304, 1/2",,,0.0,,0.0,,
7041,14,1,6004,2,6,35909421,4,1318351717,0000000098,СКЛАД draft,Фитинги на резба.,"коляно 90°, 304L вътр./вън. резба, 1 1/4“",,,0.0,,0.0,,
7041,15,1,6005,2,6,35909421,3,1318351717,0000000098,СКЛАД draft,Фитинги на резба.,коляно 90гр. вътр. резба 316 1/4`,,,0.0,,0.0,,
7041,16,1,6006,2,6,35909421,2,1318351717,0000000098,СКЛАД draft,Фитинги на резба.,нипел шестостен 108802 1/4`,,,0.0,,0.0,,
7041,17,1,6007,2,6,35909421,1,1318351717,0000000098,СКЛАД draft,Фитинги на резба.,нипел намалител 316 1/2х1/4,,,0.0,,0.0,,
7041,18,1,6009,2,6,38590898,3,1318352123,0000000099,СКЛАД draft,Фитинги на резба.,"холендер  PTFE, ж/ж 316, 1/2`",,,0.0,,0.0,,
7041,19,1,6010,2,6,38590898,2,1318352123,0000000099,СКЛАД draft,Фитинги на резба.,"хексагонална тапа 316, 1/4`",,,0.0,,0.0,,
7041,20,1,6011,2,6,38590898,1,1318352123,0000000099,СКЛАД draft,Фитинги на резба.,Тапа 304L 150LBS 1/2``,,,0.0,,0.0,,
7041,21,1,6013,2,6,35224292,5,1318335519,0000000093,СКЛАД draft,Кабели и накрайници.,Кабел 70кв. черен HO7V-K,215187/300126/2,,0.0,,0.0,,
7041,22,1,6014,2,6,35224292,6,1318335519,0000000093,СКЛАД draft,Кабели и накрайници.,Кабел 70кв. червен HO7V-K,215187/300126/1,,0.0,,0.0,,
7041,23,1,6066,2,6,46804688,6,1318433239,0000000099,СКЛАД draft,Фланцови Връзки,Фланец плосък с резба 304L PN10/16/40 DN25x1````,10143532/110925/r25,,0.0,,0.0,,
7041,24,1,6078,2,3,38844044,5,1318455132,0000000232,СКЛАД draft,Връзки РР,ПП тръба за т.вода ф32,,,0.0,,0.0,,
7041,25,1,6079,2,3,38844044,6,1318455132,0000000232,СКЛАД draft,Връзки РР,Кран сферичен ПП ф32,,,0.0,,0.0,,
7041,26,1,6087,2,6,50175434,3,1318449003,0000000103,СКЛАД draft,Връзки РР,Коляно 90° ф32,171926/050226/2,,0.0,,0.0,,
7058,0,1,6088,2,6,50175434,4,1318449003,0000000103,СКЛАД draft,Връзки РР,Кран сферичен ПП ф32,,,0.0,,0.0,,
7058,1,1,6089,2,6,50175434,5,1318449003,0000000103,СКЛАД draft,Връзки РР,ПП тръба за т.вода ф32,,,0.0,,0.0,,
7058,2,1,6090,2,6,50175434,6,1318449003,0000000103,СКЛАД draft,Връзки РР,Преход мъжки 32х1,171926/050226/1,,0.0,,0.0,,
7058,3,1,6091,2,6,50175434,7,1318449003,0000000103,СКЛАД draft,Връзки РР,Разглоб. свръзка месинг ф32,171926/050226/3,,0.0,,0.0,,
7058,4,1,6092,2,6,50175434,8,1318449003,0000000103,СКЛАД draft,Връзки РР,Тройник ф32,171926/050226/4,,0.0,,0.0,,
7058,5,1,6099,2,3,44978138,3,1318460024,0000000233,СКЛАД draft,Кабели и накрайници.,"Кабелни ножици 160мм, 16мм",,,1.0,бр.,2.0,бр.,
7058,6,1,6106,2,6,37006463,2,1318450478,0000000104,СКЛАД draft,Тръби.,Тръба шевна 304L (33.7x2) 1``,28082025/3,,0.0,,0.0,,
7058,7,1,6107,2,6,37006463,3,1318450478,0000000104,СКЛАД draft,Тръби.,Тръба шевна 304L (33.7x2) 1``,10143532/110925/33.7,,0.0,,0.0,,
7058,8,1,6116,2,6,47119218,4,1318541421,0000000109,СКЛАД draft,Фланцови Връзки,Фланец плосък с резба 304L PN10/16/40 DN25x1````,10143532/110925/r25,,0.0,,0.0,,
7058,9,1,6117,2,6,47119218,5,1318541421,0000000109,СКЛАД draft,Фланцови Връзки,Фланец плосък с резба 304L PN10/16/40 DN25x1````,10148870/050226,,0.0,,0.0,,
7058,10,1,6119,2,6,47119218,6,1318541421,0000000109,СКЛАД draft,Фланцови Връзки,Фланец плосък с резба 304L PN10/16/40 DN25x1````,10148870/050226,,0.0,,0.0,,
7058,11,1,6120,2,6,47119218,5,1318541421,0000000109,СКЛАД draft,Фланцови Връзки,Фланец плосък с резба 304L PN10/16/40 DN25x1````,10148870/050226,,3.0,бр.,5.0,бр.,
7058,12,1,6121,2,6,47119218,6,1318541421,0000000109,СКЛАД draft,Фланцови Връзки,Фланец плосък с резба 304L PN10/16/40 DN25x1````,10148870/050226,,0.0,,0.0,,
7058,13,1,6126,2,6,47119218,6,1318541421,0000000109,СКЛАД draft,М12,болт цинк М12х60,10527503/071125/5,,0.0,,0.0,,
7058,14,1,6127,2,6,47119218,7,1318541421,0000000109,СКЛАД draft,М12,гайка цинк М12,091025/2,,0.0,,0.0,,
7058,15,1,6128,2,6,47119218,8,1318541421,0000000109,СКЛАД draft,М12,шайба цинк  М12,241025/11,,0.0,,0.0,,
7058,16,1,6129,2,6,47119218,9,1318541421,0000000109,СКЛАД draft,М12,"Пружинна шайба цинк, М12",,,0.0,,0.0,,
7058,17,1,6132,2,6,47119218,10,1318541421,0000000109,СКЛАД draft,М12,гайка цинк М12,091025/2,,0.0,,0.0,,
7058,18,1,6254,2,6,40796851,3,1318855418,0000000110,СКЛАД draft,Кабели и накрайници.,"Кабел ШВПС 2х0,75, бял",8032/101125/2,,0.0,,0.0,,
7058,19,1,6255,2,6,40796851,4,1318855418,0000000110,СКЛАД draft,М10,болт цинк  М10х40,,,0.0,,0.0,,
7058,20,1,6256,2,6,40796851,5,1318855418,0000000110,СКЛАД draft,М10,гайка цинк  М10,,,0.0,,0.0,,
7058,21,1,6257,2,6,40796851,6,1318855418,0000000110,СКЛАД draft,М10,шайба цинк  М10,,,0.0,,0.0,,
7058,22,1,6259,2,6,40796851,7,1318855418,0000000110,СКЛАД draft,Метални Елементи,DIN-релса за модулна апаратура перфорирана 2m,1469000128/060126/5,,0.0,,0.0,,
7058,23,1,6261,2,6,40796851,8,1318855418,0000000110,СКЛАД draft,Заваръчни Връзки,"Коляно 90o 304L заварка (33,7х2) 1``",10143532/110925/k1`,,0.0,,0.0,,
7058,24,1,6282,2,6,47119218,11,1318541421,0000000109,"Склад производство, 500kW",Демистрър 500,Готов демистър,090226/5,,0.0,,0.0,,
7058,25,1,6287,2,6,40796851,8,1318855418,0000000110,СКЛАД draft,Заваръчни Връзки,"Коляно 90o 304L заварка (33,7х2) 1``",10143532/110925/k1`,,10.0,бр.,203.0,бр.,
7081,0,1,6288,2,6,40796851,8,1318855418,0000000110,СКЛАД draft,Заваръчни Връзки,"Коляно 90o 304L заварка (33,7х2) 1``",10143532/110925/k1`,,203.0,бр.,20.0,бр.,
7081,1,1,6302,2,6,40796851,9,1318855418,0000000110,СКЛАД draft,Електроника,реле с цокъл  6A/24V,,,0.0,,0.0,,
7081,2,1,6304,2,6,40796851,10,1318855418,0000000110,СКЛАД draft,Заваръчни Връзки,"Тройник 304L,заварка 33.7х2, 1`",10143532/110925/t1`,,0.0,,0.0,,
7081,3,1,6313,2,6,47033996,1,1318937711,0000000111,СКЛАД draft,Фитинги на резба.,"холендер PTFE ж/ж, зав. 1`",,,0.0,,0.0,,
7081,4,1,6324,2,6,39775059,8,1318940813,0000000111,СКЛАД draft,Заваръчни Връзки,"Концентричен нам. (33.7х21.3х2), 1`-1/2`",,,0.0,,0.0,,
7081,5,1,6326,2,6,37772410,2,1318951854,0000000112,СКЛАД draft,Заваръчни Връзки,Четворник 1``,,,0.0,,0.0,,
7081,6,1,6337,2,6,46804688,7,1318433239,0000000099,СКЛАД draft,Фитинги на резба.,"нипел шестостен 304L, 1/2`",,,0.0,,0.0,,
7081,7,1,6339,2,6,46804688,8,1318433239,0000000099,СКЛАД draft,Фитинги на резба.,муфа намалител 316 1х1/2,,,0.0,,0.0,,
7081,8,1,6340,2,6,46804688,9,1318433239,0000000099,СКЛАД draft,Фитинги на резба.,"коляно 90°, 304L вътр./вън. резба, 2`",,,0.0,,0.0,,
7081,9,1,6341,2,6,46804688,10,1318433239,0000000099,СКЛАД draft,Фитинги на резба.,"коляно 90°, 304L вътр./вън. резба, 1 1/2“",,,0.0,,0.0,,
7081,10,1,6342,2,6,46804688,11,1318433239,0000000099,СКЛАД draft,Фитинги на резба.,"коляно 90°, 304L вътр./вън. резба, 1 1/2“",,,0.0,,0.0,,
7081,11,1,6343,2,6,46804688,12,1318433239,0000000099,СКЛАД draft,Фитинги на резба.,"коляно 90°, 304L вътр./вън. резба, 1 1/4“",,,0.0,,0.0,,
7081,12,1,6344,2,6,46804688,13,1318433239,0000000099,СКЛАД draft,Фитинги на резба.,"коляно 90°, 304L вътр. резба, 1 1/4`",,,0.0,,0.0,,
7081,13,1,6345,2,6,46804688,7,1318433239,0000000099,СКЛАД draft,Фитинги на резба.,"нипел шестостен 304L, 1/2`",,,0.0,,0.0,,
7081,14,1,6346,2,6,46804688,8,1318433239,0000000099,СКЛАД draft,Фитинги на резба.,муфа намалител 316 1х1/2,,,0.0,,0.0,,
7081,15,1,6347,2,6,46804688,9,1318433239,0000000099,СКЛАД draft,Фитинги на резба.,"коляно 90°, 304L вътр./вън. резба, 2`",,,0.0,,0.0,,
7081,16,1,6348,2,6,46804688,10,1318433239,0000000099,СКЛАД draft,Фитинги на резба.,"коляно 90°, 304L вътр./вън. резба, 1 1/2“",,,0.0,,0.0,,
7081,17,1,6349,2,6,46804688,11,1318433239,0000000099,СКЛАД draft,Фитинги на резба.,"коляно 90°, 304L вътр./вън. резба, 1 1/2“",,,0.0,,0.0,,
7081,18,1,6350,2,6,46804688,12,1318433239,0000000099,СКЛАД draft,Фитинги на резба.,"коляно 90°, 304L вътр./вън. резба, 1 1/4“",,,0.0,,0.0,,
7081,19,1,6351,2,6,46804688,13,1318433239,0000000099,СКЛАД draft,Фитинги на резба.,"коляно 90°, 304L вътр. резба, 1 1/4`",,,0.0,,0.0,,
7081,20,1,6353,2,3,35458503,2,1318845139,0000000239,СКЛАД draft,Фитинги на резба.,"Муфа 304, 1 1/4`",,,0.0,,0.0,,
7081,21,1,6376,2,6,35258188,13,1319037729,0000000114,СКЛАД draft,М12,болт цинк М12х45,,,0.0,,0.0,,
7081,22,1,6377,2,6,35258188,14,1319037729,0000000114,СКЛАД draft,М12,гайка цинк М12,,,0.0,,0.0,,
7081,23,1,6378,2,6,35258188,15,1319037729,0000000114,СКЛАД draft,М12,шайба цинк  М12,,,0.0,,0.0,,
7081,24,1,6379,2,6,35258188,16,1319037729,0000000114,СКЛАД draft,М12,"Федер шайба цинк, М12",,,0.0,,0.0,,
7081,25,1,6381,2,6,37338288,2,1319034377,0000000113,СКЛАД draft,Фланцови Връзки,уплътнение CF3000 PTFE 453986 DN25,10148677/290126/3,,0.0,,0.0,,
7114,0,1,6441,2,6,35258188,17,1319037729,0000000114,СКЛАД draft,Кабели и накрайници.,"Кабел ШВПС 3х1,5, кв. бял",,,0.0,,0.0,,
7114,1,1,6443,2,6,35258188,18,1319037729,0000000114,СКЛАД draft,Фитинги на резба.,"Муфа 304 резба, 1/4`",10143532/110925/1.4,,0.0,,0.0,,
7114,2,1,6444,2,6,35258188,19,1319037729,0000000114,СКЛАД draft,Фитинги на резба.,"Тапа шестостен 304, 1/4`",16816512,,0.0,,0.0,,
7114,3,1,6445,2,6,35258188,20,1319037729,0000000114,СКЛАД draft,Фитинги на резба.,"Тапа шестостен 304, 1/4`",10148889/050226/1,,0.0,,0.0,,
7114,4,1,6457,2,6,35258188,21,1319037729,0000000114,СКЛАД draft,Фитинги на резба.,"Тапа шестостен 304, 1/4`",10148889/050226/1,,0.0,,0.0,,
7114,5,1,6458,2,6,35258188,21,1319037729,0000000114,СКЛАД draft,Фитинги на резба.,"Тапа шестостен 304, 1/4`",10148889/050226/1,,2.0,бр.,3.0,бр.,
7114,6,1,6459,2,6,35258188,20,1319037729,0000000114,СКЛАД draft,Фитинги на резба.,"Тапа шестостен 304, 1/4`",10148889/050226/1,,0.0,,0.0,,
7114,7,1,6461,2,6,39775059,9,1318940813,0000000111,СКЛАД draft,Фитинги на резба.,"Муфа 304 резба, 1/4`",10143532/110925/1.4,,0.0,,0.0,,
7114,8,1,6504,2,6,35258188,22,1319037729,0000000114,СКЛАД draft,Консумативи,Скоби  водни  съединения,,,0.0,,0.0,,
7114,9,1,6532,2,6,37250065,12,1319156559,0000000116,СКЛАД draft,Фланцови Връзки,уплътнение CF3000 PTFE 453986 DN25,10148677/290126/3,,0.0,,0.0,,
7114,10,1,6545,2,6,42282840,685,1316357277,0000000084,Склад,01. Продукция,АЕМ-Z 30 kW,,,0.0,,0.0,,
7114,11,1,6546,2,6,42282840,686,1316357277,0000000084,Склад,01. Продукция,АЕМ 10 kW,,,0.0,,0.0,,
7114,12,1,6547,2,6,42282840,687,1316357277,0000000084,Склад,01. Продукция,АЕM-Z 500 kW,,,0.0,,0.0,,
7114,13,1,6548,2,6,42282840,266,1316357277,0000000084,Склад,Фитинги на резба.,муфа намалител 316 3/8х1/4,,,1.88,L,0.961228736648891,M,
7114,14,1,6549,2,6,42282840,266,1316357277,0000000084,Склад,Фитинги на резба.,муфа намалител 316 3/8х1/4,,,0.0,%,-1.3197776205231501e-14,%,
7114,15,1,6550,2,6,42282840,317,1316357277,0000000084,Склад,Електтролизьор,"S355J2+N HRP 2x6, 70mm - плоча 70мм.",,,3559.24,L,1819.81051522883,M,
7114,16,1,6551,2,6,42282840,442,1316357277,0000000084,Склад,Електроника,Отвертка права 2.4х75,1459019554/071125/8,,6.29,L,3.21602593272421,M,
7114,17,1,6552,2,6,42282840,443,1316357277,0000000084,Склад,Електроника,"Пач. RJ45 екр.Cat6 сив 0,5m",,,1.76,L,0.899873710905345,M,
7114,18,1,6553,2,6,42282840,444,1316357277,0000000084,Склад,Електроника,Пач. RJ45 екр.Cat6 сив 1.0m,,,2.12,L,1.08393878813598,M,
7114,19,1,6554,2,6,42282840,454,1316357277,0000000084,Склад,Електроника,"Пр. клема 2,5мм, сива, двуредна, YBK 2,5-2F",1459019733/101125/2,,2.22,L,1.13506797625561,M,
7114,20,1,6555,2,6,42282840,454,1316357277,0000000084,Склад,Електроника,"Пр. клема 2,5мм, сива, двуредна, YBK 2,5-2F",1459019733/101125/2,,0.0,%,1.25177646026486e-14,%,
7114,21,1,6556,2,6,42282840,455,1316357277,0000000084,Склад,Електроника,"Пр. клема 2,5мм, сива, двуредна, YBK 2,5-2F",459020513/191125/2,,2.22,L,1.13506797625561,M,
7114,22,1,6557,2,6,42282840,455,1316357277,0000000084,Склад,Електроника,"Пр. клема 2,5мм, сива, двуредна, YBK 2,5-2F",459020513/191125/2,,0.0,%,1.25177646026486e-14,%,
7114,23,1,6558,2,6,42282840,456,1316357277,0000000084,Склад,Електроника,"Пр. клема триредна, 2,5мм, YBK 2,5-3F",1459019554/071125/7,,3.09,L,1.57989191289632,M,
7114,24,1,6559,2,6,42282840,457,1316357277,0000000084,Склад,Електроника,"Пр. клема триредна, 2,5мм, YBK 2,5-3F",1459019733/101125/4,,3.09,L,1.57989191289632,M,
7146,0,1,6560,2,6,42282840,458,1316357277,0000000084,Склад,Електроника,"Пружинна клема, YBK 6mm",1459019733/101125/6,,1.05,L,0.536856475256029,M,
7146,1,1,6561,2,6,42282840,458,1316357277,0000000084,Склад,Електроника,"Пружинна клема, YBK 6mm",1459019733/101125/6,,0.0,%,2.20587437205211e-14,%,
7146,2,1,6562,2,6,42282840,460,1316357277,0000000084,Склад,Електроника,"Реле с 14 пина, 6А",1459015834/170925/5,,9.29,L,4.74990157631287,M,
7146,3,1,6563,2,6,42282840,461,1316357277,0000000084,Склад,Електроника,"Реле с 14 пина, 6А",pt154,,9.29,L,4.74990157631287,M,
7146,4,1,6564,2,6,42282840,461,1316357277,0000000084,Склад,Електроника,"Реле с 14 пина, 6А",pt154,,0.0,%,-1.66186508998578e-14,%,
7146,5,1,6565,2,6,42282840,462,1316357277,0000000084,Склад,Електроника,Свързваща клема 2х0.2-4мм,1459019554/071125/2,,0.49,L,0.250533021786147,M,
7146,6,1,6566,2,6,42282840,463,1316357277,0000000084,Склад,Електроника,Свързваща клема 3х0.2-4мм,1459019554/071125/3,,0.6,L,0.306775128717731,M,
7146,7,1,6567,2,6,42282840,464,1316357277,0000000084,Склад,Електроника,Свързваща клема 5х0.2-4мм,1459019554/071125/4,,0.97,L,0.495953124760332,M,
7146,8,1,6568,2,6,42282840,465,1316357277,0000000084,Склад,Електроника,Табло с 2 врати 1000х1000х300,,,534.888,L,273.483891749283,M,
7146,9,1,6569,2,6,42282840,485,1316357277,0000000084,Склад,Електроника,"прекъсвач C 32/1, MCB 230/400 V",BMS6,,1.0,L,0.511291881196218,M,
7146,10,1,6570,2,6,42282840,494,1316357277,0000000084,Склад,Електроника,реле за време - механично 8А,1459017125/061025,,52.84,L,27.0166630024082,M,
7146,11,1,6571,2,6,42282840,508,1316357277,0000000084,Склад,Електроника, IRM-03-12 захранващо устройство,661/181125/1,,8.75,L,4.47380396046691,M,
7146,12,1,6572,2,6,42282840,508,1316357277,0000000084,Склад,Електроника, IRM-03-12 захранващо устройство,661/181125/1,,0.0,%,1.5883128146043602e-14,%,
7146,13,1,6573,2,6,42282840,509,1316357277,0000000084,Склад,Електроника,Болт М5х12,263403/211025/1,,0.18,L,0.0920325386153193,M,
7146,14,1,6574,2,6,42282840,509,1316357277,0000000084,Склад,Електроника,Болт М5х12,263403/211025/1,,0.0,%,-1.20667364988947e-14,%,
7146,15,1,6575,2,6,42282840,510,1316357277,0000000084,Склад,Електроника,Болт М5х12,265835/031225/4,,0.18,L,0.0920325386153193,M,
7146,16,1,6576,2,6,42282840,511,1316357277,0000000084,Склад,Електроника,Интегрални схеми,432681/281025/1,,2.71,L,1.38560099804175,M,
7146,17,1,6577,2,6,42282840,512,1316357277,0000000084,Склад,Електроника,Интегрални схеми 1,433309/061125/1,,0.26,L,0.132935889111017,M,
7146,18,1,6578,2,6,42282840,513,1316357277,0000000084,Склад,Електроника,Интегрални схеми 2,433309/061125/2,,2.46,L,1.2577780277427,M,
7146,19,1,6579,2,6,42282840,514,1316357277,0000000084,Склад,Електроника,Интегрални схеми 3,433309/061125/3,,3.44,L,1.75884407131499,M,
7146,20,1,6580,2,6,42282840,515,1316357277,0000000084,Склад,Електроника,Кабелна обувка без изолация,2730593/011225,,2.15,L,1.09927754457187,M,
7146,21,1,6581,2,6,42282840,516,1316357277,0000000084,Склад,Електроника,Кв. резонатор,434394/211125/1,,0.29,L,0.148274645546903,M,
7146,22,1,6582,2,6,42282840,516,1316357277,0000000084,Склад,Електроника,Кв. резонатор,434394/211125/1,,0.0,%,-1.19834697720478e-14,%,
7146,23,1,6583,2,6,42282840,517,1316357277,0000000084,Склад,Електроника,Клеми,432483/241025/3,,1.48,L,0.756711984170403,M,
7146,24,1,6584,2,6,42282840,518,1316357277,0000000084,Склад,Електроника,Клеми 1,432483/241025/4,,7.91,L,4.04431878026209,M,
7148,0,1,6585,2,6,42282840,519,1316357277,0000000084,Склад,Електроника,Клеми 3,432483/241025/5,,0.06,L,0.0306775128717731,M,
7148,1,1,6586,2,6,42282840,520,1316357277,0000000084,Склад,Електроника,Клеми 4,432483/241025/6,,2.09,L,1.0686000317001,M,
7148,2,1,6587,2,6,42282840,521,1316357277,0000000084,Склад,Електроника,Клеми 5,432483/241025/7,,7.91,L,4.04431878026209,M,
7148,3,1,6588,2,6,42282840,522,1316357277,0000000084,Склад,Електроника,Клеми 6,432483/241025/8,,0.06,L,0.0306775128717731,M,
7148,4,1,6589,2,6,42282840,523,1316357277,0000000084,Склад,Електроника,Клеми HD,432681/281025/2,,3.33,L,1.70260196438341,M,
7148,5,1,6590,2,6,42282840,524,1316357277,0000000084,Склад,Електроника,Кондензатори,35ZLH100MEFC6.3x11/19613,,0.1,L,0.0511291881196219,M,
7148,6,1,6591,2,6,42282840,525,1316357277,0000000084,Склад,Електроника,Кондензатори 47uF 6.3V X5R Samsung,432681/281025/3,,0.07,L,0.0357904316837353,M,
7148,7,1,6592,2,6,42282840,525,1316357277,0000000084,Склад,Електроника,Кондензатори 47uF 6.3V X5R Samsung,432681/281025/3,,0.0,%,1.65423230669148e-14,%,
7148,8,1,6593,2,6,42282840,526,1316357277,0000000084,Склад,Електроника,Конектори cat.7a,19931/031225,,0.76,L,0.388581829709126,M,
7148,9,1,6594,2,6,42282840,528,1316357277,0000000084,Склад,Електроника,Магнетвентил 1/2`,181225/2,,208.25,L,106.476534259112,M,
7148,10,1,6595,2,6,42282840,528,1316357277,0000000084,Склад,Електроника,Магнетвентил 1/2`,181225/2,,0.0,%,2.13509765423225e-14,%,
7148,11,1,6596,2,6,42282840,529,1316357277,0000000084,Склад,Електроника,Модули,434285/201125,,6.95,L,3.55347857431372,M,
7148,12,1,6597,2,6,42282840,530,1316357277,0000000084,Склад,Електроника,Опртони,432483/241025/1,,0.09,L,0.0460162693076597,M,
7148,13,1,6598,2,6,42282840,531,1316357277,0000000084,Склад,Електроника,Оптрони,432483/241025/2,,0.44,L,0.224968427726336,M,
7148,14,1,6599,2,6,42282840,532,1316357277,0000000084,Склад,Електроника,Платка GI1LZDV8,19860/141125/1,,18.8,L,9.61228736648891,M,
7148,15,1,6600,2,6,42282840,533,1316357277,0000000084,Склад,Електроника,Платка GI1PWR02,19860/141125/2,,22.69,L,11.6012127843422,M,
7148,16,1,6601,2,6,42282840,534,1316357277,0000000084,Склад,Електроника,Платка GI1RS485,19860/141125/3,,13.09,L,6.6928107248585,M,
7148,17,1,6602,2,6,42282840,535,1316357277,0000000084,Склад,Електроника,Платка GI1TZDV8,19860/141125/4,,4.96,L,2.53600773073324,M,
7148,18,1,6603,2,6,42282840,536,1316357277,0000000084,Склад,Електроника,Платка GI1UZDV8,19860/141125/5,,18.54,L,9.47935147737789,M,
7148,19,1,6604,2,6,42282840,537,1316357277,0000000084,Склад,Електроника,Платки,GI1SCPU1/19614/190925,,16.94,L,8.66128446746394,M,
7148,20,1,6605,2,6,42282840,538,1316357277,0000000084,Склад,Електроника,Платки 2,GI1UART2/19615/190925,,10.67,L,5.45548437236365,M,
7148,21,1,6606,2,6,42282840,538,1316357277,0000000084,Склад,Електроника,Платки 2,GI1UART2/19615/190925,,0.0,%,-2.17048601314218e-14,%,
7148,22,1,6607,2,6,42282840,539,1316357277,0000000084,Склад,Електроника,Платки 3,GI3CIN16/19613/190925,,13.18,L,6.73882699416616,M,
7148,23,1,6608,2,6,42282840,540,1316357277,0000000084,Склад,Електроника,Преходник,263403/211025/2,,4.16,L,2.12697422577627,M,
7148,24,1,6609,2,6,42282840,541,1316357277,0000000084,Склад,Електроника,Преходник,265835/031225/3,,4.16,L,2.12697422577627,M,
7148,25,1,6610,2,6,42282840,542,1316357277,0000000084,Склад,Електроника,Резистори 4.7K 5%,433867/131125/2,,0.01,L,0.00511291881196219,M,
7149,0,1,6611,2,6,42282840,543,1316357277,0000000084,Склад,Електроника,Съединители,432681/281025/4,,0.23,L,0.11759713267513,M,
7149,1,1,6612,2,6,42282840,543,1316357277,0000000084,Склад,Електроника,Съединители,432681/281025/4,,0.0,%,-1.5105972028805998e-14,%,
7149,2,1,6613,2,6,42282840,544,1316357277,0000000084,Склад,Електроника,Съединители 1,433867/131125/1,,0.38,L,0.194290914854563,M,
7149,3,1,6614,2,6,42282840,545,1316357277,0000000084,Склад,Електроника,Съединители 2,433309/061125/4,,0.3,L,0.153387564358866,M,
7149,4,1,6615,2,6,42282840,546,1316357277,0000000084,Склад,Електроника,Съединители 3,434394/211125/3,,0.03,L,0.0153387564358866,M,
7149,5,1,6616,2,6,42282840,547,1316357277,0000000084,Склад,Електроника,Съединители 4,434394/211125/4,,0.06,L,0.0306775128717731,M,
7149,6,1,6617,2,6,42282840,547,1316357277,0000000084,Склад,Електроника,Съединители 4,434394/211125/4,,0.0,%,1.44745326835505e-14,%,
7149,7,1,6618,2,6,42282840,552,1316357277,0000000084,Склад,Електроника,Цокли М8,429962/150925,,0.38,L,0.194290914854563,M,
7149,8,1,6619,2,6,42282840,552,1316357277,0000000084,Склад,Електроника,Цокли М8,429962/150925,,0.0,%,-1.5237811012980302e-14,%,
7149,9,1,6620,2,6,42282840,553,1316357277,0000000084,Склад,Електроника,Цокъл  М16,434394/211125/2,,0.63,L,0.322113885153618,M,
7149,10,1,6621,2,6,42282840,554,1316357277,0000000084,Склад,Електроника,"захранващо устройство, SDR-240-24",661/181125/3,,180.0,L,92.0325386153193,M,
7149,11,1,6622,2,6,42282840,564,1316357277,0000000084,Склад,Кабели и накрайници.,"PUR кабел, М12 конектор EVC086 15 м.",38838/27082025,,54.566,L,27.8991527893529,M,
7149,12,1,6623,2,6,42282840,566,1316357277,0000000084,Склад,Кабели и накрайници.,"Винт самопробивен с шайба, 5.5х32",167836/041125/3,,0.25,L,0.127822970299055,M,
7149,13,1,6624,2,6,42282840,567,1316357277,0000000084,Склад,Кабели и накрайници.,Гофре ф16,8032/101125/1,,1.17,L,0.598211500999576,M,
7149,14,1,6625,2,6,42282840,570,1316357277,0000000084,Склад,Кабели и накрайници.,Кабел 4х0,201025/28871/1,,0.36,L,0.184065077230639,M,
7149,15,1,6626,2,6,42282840,571,1316357277,0000000084,Склад,Кабели и накрайници.,Кабел 6х1,201025/28871/2,,0.48,L,0.245420102974185,M,
7149,16,1,6627,2,6,42282840,580,1316357277,0000000084,Склад,Кабели и накрайници.,"Кабелен накрайник 6mm, 0.34mm",1459019554/071125/5,,0.03,L,0.0153387564358866,M,
7149,17,1,6628,2,6,42282840,581,1316357277,0000000084,Склад,Кабели и накрайници.,"Кабелен накрайник 6mm, 0.34mm",1459019733/101125/7,,0.03,L,0.0153387564358866,M,
7149,18,1,6629,2,6,42282840,582,1316357277,0000000084,Склад,Кабели и накрайници.,"Кабелен накрайник 6mm, 0.34mm",1459022054/101225,,0.03,L,0.0153387564358866,M,
7149,19,1,6630,2,6,42282840,584,1316357277,0000000084,Склад,Кабели и накрайници.,"Кабелен накрайник дв. 8mm 2x0,5mm",1459020514/191125/1,,0.03,L,0.0153387564358866,M,
7149,20,1,6631,2,6,42282840,595,1316357277,0000000084,Склад,Кабели и накрайници.,"Шкурка CRD руло 5м./115, P120",8032/101125/4,,1.24,L,0.634001932683311,M,
7149,21,1,6632,2,6,42282840,596,1316357277,0000000084,Склад,Консумативи,20`` DV Контейнер,167/121125,,6700.0,L,3425.65560401466,M,
7149,22,1,6633,2,6,42282840,598,1316357277,0000000084,Склад,Консумативи,Вентилатор за баня МТ100С,20218272/111125/1,,39.99,L,20.4465623290368,M,
7149,23,1,6634,2,6,42282840,600,1316357277,0000000084,Склад,Консумативи,"Диск рязане ф125х1, прав",81288/211125/1,,2.16,L,1.10439046338383,M,
7151,0,1,6635,2,6,42282840,601,1316357277,0000000084,Склад,Консумативи,Етилов алкохол 96%,74922/260925,,18.96,L,9.6940940674803,M,
7151,1,1,6636,2,6,42282840,602,1316357277,0000000084,Склад,Консумативи,Клапа ф100,20218272/111125/2,,9.99,L,5.10780589315022,M,
7151,2,1,6637,2,6,42282840,602,1316357277,0000000084,Склад,Консумативи,Клапа ф100,20218272/111125/2,,0.0,%,-1.1594891713428999e-14,%,
7151,3,1,6638,2,6,42282840,603,1316357277,0000000084,Склад,Консумативи,Клапа ф120,20218272/111125/3,,10.99,L,5.61909777434644,M,
7151,4,1,6639,2,6,42282840,604,1316357277,0000000084,Склад,Консумативи,"Нитрилни ръкавици, оранжеви, XL",460167323/211125/1,,0.15,L,0.0766937821794328,M,
7151,5,1,6640,2,6,42282840,605,1316357277,0000000084,Склад,Консумативи,"Нитрилни ръкавици, оранжеви, XXL",460167323/211125/2,,0.15,L,0.0766937821794328,M,
7151,6,1,6641,2,6,42282840,610,1316357277,0000000084,Склад,Консумативи,Смола за дейонизатор,122217/18082025,,31.2,L,15.952306693322,M,
7151,7,1,6642,2,6,42282840,611,1316357277,0000000084,Склад,Консумативи,"Тефлонова лента, 13м 3/4`",3901-00,,3.396,L,1.73634722854236,M,
7151,8,1,6643,2,6,42282840,612,1316357277,0000000084,Склад,Консумативи,"Тефлонова лента, 7м. 1/2`",3899-00,,1.56,L,0.797615334666101,M,
7151,9,1,6644,2,6,42282840,613,1316357277,0000000084,Склад,Консумативи,"Шлаух полиамид бял 8/6, 100м/ролка",261188/090925/1,,4.83,L,2.46953978617774,M,
7151,10,1,6645,2,6,42282840,614,1316357277,0000000084,Склад,Консумативи,"Шлаух полиамид, бял 15/12,5, 50м/ролка",265835/031225/5,,5.3,L,2.70984697033996,M,
7151,11,1,6646,2,6,42282840,615,1316357277,0000000084,Склад,Консумативи,филтри - S10SS 235551 1`,,,1361.26,L,696.001186197164,M,
7151,12,1,6647,2,6,42282840,619,1316357277,0000000084,Склад,Кранове.,кран за задвижка VP703000 1/2 - DN15,265835/031225/2,,110.5,L,56.4977528721821,M,
7151,13,1,6648,2,6,42282840,621,1316357277,0000000084,Склад,Кранове.,сферичен кран VP704000 3/4` - DN20,263496/221025,,75.14,L,38.4184719530839,M,
7151,14,1,6649,2,6,42282840,622,1316357277,0000000084,Склад,Кранове.,сферичен кран с резба VP704000 1/2 - DN15,265835/031225/1,,65.28,L,33.3771340044891,M,
7151,15,1,6650,2,6,42282840,625,1316357277,0000000084,Склад,Крепежи.,"О пръстен 47.22/3.53, EPDM 70",196057/131025,,0.82,L,0.419259342580899,M,
7151,16,1,6651,2,6,42282840,626,1316357277,0000000084,Склад,Крепежи.,"Пружинна шайба ф16, цинк",1200180962/251125,,0.67,L,0.342565560401466,M,
7151,17,1,6652,2,6,42282840,629,1316357277,0000000084,Склад,Тръби.,"Тръба шевна 304, 48,3х3",10143532/110925/48x3x3,,31.57,L,16.1414846893646,M,
7151,18,1,6653,2,6,42282840,629,1316357277,0000000084,Склад,Тръби.,"Тръба шевна 304, 48,3х3",10143532/110925/48x3x3,,0.0,%,1.3648804308985501e-14,%,
7151,19,1,6654,2,6,42282840,630,1316357277,0000000084,Склад,Тръби.,Тръба шевна 304L (33.7x2) 1``,10143532/110925/33.7,,22.58,L,11.5449706774106,M,
7151,20,1,6655,2,6,42282840,631,1316357277,0000000084,Склад,Тръби.,Тръба шевна 304L (33.7x2) 1``,28082025/3,,22.58,L,11.5449706774106,M,
7151,21,1,6656,2,6,42282840,631,1316357277,0000000084,Склад,Тръби.,Тръба шевна 304L (33.7x2) 1``,28082025/3,,0.0,%,1.74860126378462e-14,%,
7151,22,1,6657,2,6,42282840,632,1316357277,0000000084,Склад,Тръби.,Тръба шевна 304L (33.7х3) 1“,10143532/110925/33.7/3,,22.58,L,11.5449706774106,M,
7151,23,1,6658,2,6,42282840,633,1316357277,0000000084,Склад,Услуги,Delivery - Compensator DN 40 304/321 POL. PN 1-,,,99.66,L,50.9553488800151,M,
7153,0,1,6659,2,6,42282840,635,1316357277,0000000084,Склад,Услуги,Буферен съд 500л,,,4333.33,L,2215.59644754401,M,
7153,1,1,6660,2,6,42282840,636,1316357277,0000000084,Склад,Услуги,Вода,,,4.9,L,2.50533021786147,M,
7153,2,1,6661,2,6,42282840,637,1316357277,0000000084,Склад,Услуги,"Лазерно рязане Патлиджански големи, перф. лам.",,,12.5,L,6.39114851495273,M,
7153,3,1,6662,2,6,42282840,638,1316357277,0000000084,Склад,Услуги,"Лазерно рязане Патлиджански малки, перф. лам.",,,3.0,L,1.53387564358866,M,
7153,4,1,6663,2,6,42282840,642,1316357277,0000000084,Склад,Устройства.,Датчик за налягане 0-3bar,131125/rem,,1.0,L,0.511291881196218,M,
7153,5,1,6664,2,6,42282840,643,1316357277,0000000084,Склад,Устройства.,"Датчик за налягане, 0-10 bar., G 1/2`",25685,,639.432,L,326.93639017706,M,
7153,6,1,6665,2,6,42282840,644,1316357277,0000000084,Склад,Устройства.,"Датчик за налягане, 0-10 bar., G 1/2`",25686,,639.432,L,326.93639017706,M,
7153,7,1,6666,2,6,42282840,645,1316357277,0000000084,Склад,Устройства.,"Датчик за налягане, 0-10 bar., G 1/2`",25687,,639.432,L,326.93639017706,M,
7153,8,1,6667,2,6,42282840,646,1316357277,0000000084,Склад,Устройства.,"Датчик за налягане, 0-10 bar., G 1/2`",25688,,639.432,L,326.93639017706,M,
7153,9,1,6668,2,6,42282840,647,1316357277,0000000084,Склад,Устройства.,"Датчик за налягане, 0-10 bar., G 1/2`",25689,,639.432,L,326.93639017706,M,
7153,10,1,6669,2,6,42282840,648,1316357277,0000000084,Склад,Устройства.,"Датчик за налягане, 0-10 bar., G 1/2`",25690,,639.432,L,326.93639017706,M,
7153,11,1,6670,2,6,42282840,649,1316357277,0000000084,Склад,Устройства.,"Датчик за налягане, 0-10 bar., G 1/2`",25691,,639.432,L,326.93639017706,M,
7153,12,1,6671,2,6,42282840,650,1316357277,0000000084,Склад,Устройства.,"Датчик за налягане, 0-10 bar., G 1/2`",25692,,639.432,L,326.93639017706,M,
7153,13,1,6672,2,6,42282840,651,1316357277,0000000084,Склад,Устройства.,"Датчик за налягане, 0-10 bar., G 1/2`",25693,,639.432,L,326.93639017706,M,
7153,14,1,6673,2,6,42282840,652,1316357277,0000000084,Склад,Устройства.,"Датчик за налягане, 0-10 bar., G 1/2`",25695,,639.43,L,326.935367593298,M,
7153,15,1,6674,2,6,42282840,653,1316357277,0000000084,Склад,Устройства.,"Датчик за налягане, 0-10 bar., G 1/2`",25696,,639.43,L,326.935367593298,M,
7153,16,1,6675,2,6,42282840,654,1316357277,0000000084,Склад,Устройства.,"Датчик за налягане, 0-10 bar., G 1/2`",25698,,639.43,L,326.935367593298,M,
7153,17,1,6676,2,6,42282840,655,1316357277,0000000084,Склад,Устройства.,"Датчик за налягане, 0-10 bar., G 1/2`",25699,,639.43,L,326.935367593298,M,
7153,18,1,6677,2,6,42282840,656,1316357277,0000000084,Склад,Устройства.,"Иглен клапан, 0-6bar, G 1/4` EPDM",1031,,1253.25,L,640.776550109161,M,
7153,19,1,6678,2,6,42282840,657,1316357277,0000000084,Склад,Устройства.,"Иглен клапан, 0-6bar, G 1/4` EPDM",1034,,1253.25,L,640.776550109161,M,
7153,20,1,6679,2,6,42282840,658,1316357277,0000000084,Склад,Устройства.,"Иглен клапан, 0-6bar, G 1/4` EPDM",1036,,1253.25,L,640.776550109161,M,
7153,21,1,6680,2,6,42282840,659,1316357277,0000000084,Склад,Устройства.,"Иглен клапан, 0-6bar, G 1/4` FKM",1064,,1253.25,L,640.776550109161,M,
7153,22,1,6681,2,6,42282840,660,1316357277,0000000084,Склад,Устройства.,"Куплунг M12, 8-пина, кабел 2m.",pbc786382,,142.83,L,73.0278193912559,M,
7153,23,1,6682,2,6,42282840,665,1316357277,0000000084,Склад,Фитинги на резба.,Гайки за щуцери 1/2,261922/240925,,1.84,L,0.940777061401042,M,
7154,0,1,6683,2,6,42282840,667,1316357277,0000000084,Склад,Фитинги на резба.,права връзка 1511 8/6х1/4,,,1.0,L,0.511291881196218,M,
7154,1,1,6684,2,6,42282840,667,1316357277,0000000084,Склад,Фитинги на резба.,права връзка 1511 8/6х1/4,,,0.0,%,1.19834697720478e-14,%,
7154,2,1,6685,2,6,42282840,668,1316357277,0000000084,Склад,Фитинги на резба.,права връзка 1511 8/6х1/8,,,1.0,L,0.511291881196218,M,
7154,3,1,6686,2,6,42282840,672,1316357277,0000000084,Склад,Фитинги на резба.,ъглова връзка  8/6х1/4,101225/3,,3.0,L,1.53387564358866,M,
7154,4,1,6687,2,6,42282840,676,1316357277,0000000084,Склад,Устройства.,"Предпазен вентил 1216 НРЖ PN40, 2`x2`",202530099001,,954.0,L,487.772454661192,M,
7154,5,1,6688,2,6,42282840,677,1316357277,0000000084,Склад,Устройства.,"Предпазен вентил 1216 НРЖ PN40, 2`x2`",202530099002,,954.0,L,487.772454661192,M,
7154,6,1,6689,2,6,42282840,678,1316357277,0000000084,Склад,Устройства.,Скоба с укреп. с уплътнение 2“,10144596/101025/4,,1.61,L,0.823179928725912,M,
7154,7,1,6690,2,6,42282840,679,1316357277,0000000084,Склад,Устройства.,"предпазен вентил 1216 НРЖ, PN40 442806 1``-1``",202530315001,,475.14,L,242.935224431571,M,
7154,8,1,6691,2,6,42282840,680,1316357277,0000000084,Склад,Устройства.,"предпазен вентил 1216 НРЖ, PN40 442806 1``-1``",202530315008,,475.14,L,242.935224431571,M,
7154,9,1,6692,2,6,42282840,681,1316357277,0000000084,Склад,Устройства.,пружина TOSACA 2.1-4.0 obarg 442892 M2170,10142820/19082025,,81.52,L,41.6805141551157,M,
7154,10,1,6700,2,6,37250065,13,1319156559,0000000116,СКЛАД draft,Връзки РР,Вътрешно редуктивен нипел 1 1/2х1`,,,0.0,,0.0,,
7154,11,1,6701,2,6,37250065,14,1319156559,0000000116,СКЛАД draft,Връзки РР,Капа ф25,,,0.0,,0.0,,
7154,12,1,6702,2,6,37250065,15,1319156559,0000000116,СКЛАД draft,Връзки РР,Коляно 90° ф32,,,0.0,,0.0,,
7154,13,1,6703,2,6,37250065,16,1319156559,0000000116,СКЛАД draft,Връзки РР,ПП тръба за т.вода ф32,,,0.0,,0.0,,
7154,14,1,6704,2,6,37250065,15,1319156559,0000000116,СКЛАД draft,Връзки РР,Коляно 90° ф32,,,17.0,бр.,16.0,бр.,
7154,15,1,6705,2,6,37250065,17,1319156559,0000000116,СКЛАД draft,Връзки РР,Разширителен съд под налягане 8л.,,,0.0,,0.0,,
7154,16,1,6706,2,6,37250065,18,1319156559,0000000116,СКЛАД draft,Връзки РР,Тройник ф32,,,0.0,,0.0,,
7154,17,1,6708,2,6,37250065,19,1319156559,0000000116,СКЛАД draft,Връзки РР,Преход женски 32х3/4`,,,0.0,,0.0,,
7154,18,1,6709,2,6,37250065,20,1319156559,0000000116,СКЛАД draft,Връзки РР,Преход мъжки 32х1,,,0.0,,0.0,,
7154,19,1,6710,2,6,37250065,21,1319156559,0000000116,СКЛАД draft,Връзки РР,Разглоб. свръзка месинг ф32,,,0.0,,0.0,,
7154,20,1,6735,2,3,35458503,3,1318845139,0000000239,СКЛАД draft,Устройства.,Сензор за поток,,,0.0,,0.0,,
7154,21,1,6763,2,6,39414364,2,1319236941,0000000117,СКЛАД draft,Метални Елементи,Винкел ГВ 40/40/3,210126,,0.0,,0.0,,
7154,22,1,6764,2,6,39414364,3,1319236941,0000000117,СКЛАД draft,Метални Елементи,Профилна тръба 60/60/3 ГВ,,,0.0,,0.0,,
7154,23,1,6776,2,6,39414364,4,1319236941,0000000117,СКЛАД draft,Кранове.,"Кран 3 части, зав. , задвижка, 1`",1419195/040925/2,,0.0,,0.0,,
7154,24,1,6777,2,6,39414364,5,1319236941,0000000117,СКЛАД draft,Кранове.,"Кран 2 части, фланцови със задвижка 1`",,,0.0,,0.0,,
7154,25,1,6923,2,6,44081721,2,1319535470,0000000118,СКЛАД draft,Тръби.,Тръба шевна 304L (33.7x2) 1``,,,0.0,,0.0,,
7154,26,1,6961,2,6,44081721,3,1319535470,0000000118,СКЛАД draft,М10,болт цинк  М10х30,,,0.0,,0.0,,
7188,0,1,6963,2,6,44081721,4,1319535470,0000000118,СКЛАД draft,Електроника,реле с цокъл  6A/24V,,,0.0,,0.0,,
7188,1,1,7180,2,6,44081721,5,1319535470,0000000118,СКЛАД draft,Електроника,"Захранващо устройство, SDR-240-24",,,0.0,,0.0,,
7188,2,1,7181,2,6,44081721,6,1319535470,0000000118,СКЛАД draft,Електроника,"Табло с 2 врати, 1200х1200х300",,,0.0,,0.0,,
7188,3,1,7221,2,6,37246429,2,1319639482,0000000120,СКЛАД draft,Електроника,"Магнетвентил мод. 6213, G1`, с бобина",946254,,0.0,,0.0,,
7188,4,1,7222,2,6,37246429,3,1319639482,0000000120,СКЛАД draft,Електроника,"Магнетвентил мод. 6213, G1`, с бобина",946256,,0.0,,0.0,,
7188,5,1,7223,2,6,37246429,4,1319639482,0000000120,СКЛАД draft,Устройства.,Управление за сензор за газ GA-220,213814/130825,,0.0,,0.0,,
7188,6,1,7273,2,6,37246429,5,1319639482,0000000120,СКЛАД draft,Консумативи,"Тефлонова лента, 7м. 1/2`",,,0.0,,0.0,,
7188,7,1,7288,2,3,35458503,4,1318845139,0000000239,СКЛАД draft,Фитинги на резба.,"Холендър м/ж 316, 1`",,,0.0,,0.0,,
7188,8,1,7290,2,6,37246429,6,1319639482,0000000120,СКЛАД draft,Консумативи,"Скоби  водни съединения, 1`",,,0.0,,0.0,,
7188,9,1,7291,2,6,37246429,7,1319639482,0000000120,СКЛАД draft,Консумативи,Скоби  водни  съединения,,,0.0,,0.0,,
7188,10,1,7292,2,6,37246429,8,1319639482,0000000120,СКЛАД draft,Консумативи,"Скоби  водни съединения, 1`",,,0.0,,0.0,,
7188,11,1,7293,2,6,37246429,6,1319639482,0000000120,СКЛАД draft,Консумативи,"Скоби  водни съединения, 1`",,,2.0,бр.,3.0,бр.,
7188,12,1,7294,2,6,37246429,8,1319639482,0000000120,СКЛАД draft,Консумативи,"Скоби  водни съединения, 1`",,,0.0,,0.0,,
7188,13,1,7296,2,6,37246429,8,1319639482,0000000120,СКЛАД draft,Фланцови Връзки,Фланец плосък 304 T8 PN16 DN25,,,0.0,,0.0,,
7188,14,1,7351,2,6,44977481,20,1319754432,0000000122,СКЛАД draft,Кранове.,сферичен кран с резба VP704000 1/2 - DN15,265835/031225/1,,0.0,,0.0,,
7188,15,1,7353,2,6,37246429,9,1319639482,0000000120,СКЛАД draft,Кранове.,сферичен кран с резба VP704000 1/2 - DN15,265835/031225/1,,0.0,,0.0,,
7188,16,1,7355,2,6,44977481,21,1319754432,0000000122,СКЛАД draft,Заваръчни Връзки,"Концентричен нам. (33.7х21.3х2), 1`-1/2`",,,0.0,,0.0,,
7188,17,1,7362,2,6,44977481,22,1319754432,0000000122,СКЛАД draft,Електтролизьор,"Ринг гайка DIN 582, C15, vZn, M 24",,,0.0,,0.0,,
7188,18,1,7482,2,6,44977481,23,1319754432,0000000122,СКЛАД draft,М8,гайка цинк М8,,,0.0,,0.0,,
7188,19,1,7483,2,6,44977481,24,1319754432,0000000122,СКЛАД draft,М8,федер шайба цинк М8,,,0.0,,0.0,,
7188,20,1,7484,2,6,44977481,25,1319754432,0000000122,СКЛАД draft,М8,шайба цинк М8,,,0.0,,0.0,,
7188,21,1,7527,2,6,45856874,3,1319860986,0000000123,СКЛАД draft,Устройства.,"Предпазен вентил 1216 НРЖ, PN40  1``-1``",202530315001,,0.0,,0.0,,
7188,22,1,7528,2,6,45856874,4,1319860986,0000000123,СКЛАД draft,Устройства.,"Предпазен вентил 1216 НРЖ, PN40  1``-1``",202530315008,,0.0,,0.0,,
7188,23,1,7544,2,6,34554172,2,1319944718,0000000124,СКЛАД draft,Електтролизьор,Гумен лист 6/1200мм EPDM,,,0.0,,0.0,,
7188,24,1,7547,2,6,34554172,3,1319944718,0000000124,СКЛАД draft,М12,болт цинк  М12х40,,,0.0,,0.0,,
7188,25,1,7584,2,6,41037134,4,1320236386,0000000127,СКЛАД draft,Електтролизьор,"Уплътнение експ. тефлон ф397х325х0.5, ринг бял",,,0.0,,0.0,,
7188,26,1,7587,2,3,35458503,5,1318845139,0000000239,СКЛАД draft,Електтролизьор,"Уплътнение от експ. тефлон ф1060хф900х0,5, ринг",,,0.0,,0.0,,
7319,0,1,7589,2,6,41037134,4,1320236386,0000000127,СКЛАД draft,Електтролизьор,"Уплътнение от експ. тефлон ф1060хф900х0,5, ринг",,,0.0,,0.0,,
7319,1,1,7590,2,6,41037134,5,1320236386,0000000127,СКЛАД draft,Електтролизьор,"Перфорирана ламарина, кръгове 1000х2000х0.5",,,0.0,,0.0,,
7319,2,1,7591,2,6,41037134,6,1320236386,0000000127,СКЛАД draft,Електтролизьор,Плетена мрежа  316L H 1000 mm,,,0.0,,0.0,,
7319,3,1,7594,2,6,41037134,7,1320236386,0000000127,СКЛАД draft,Табло газ анализатор,Анализатор на общозапалими вещества Sirius 8866,E250569/222,,0.0,,0.0,,
7319,4,1,7596,2,6,41037134,8,1320236386,0000000127,Полша,Табло газ анализатор,Анализатор на общозапалими вещества Sirius 8866,E240801-6,,0.0,,0.0,,
7319,5,1,7606,2,6,41037134,9,1320236386,0000000127,СКЛАД draft,Табло газ анализатор,Cable gland 1/2` NPT PG 13.5 with OR modular,E250569/14,,0.0,,0.0,,
7319,6,1,7624,2,6,49830624,3,1320337932,0000000128,СКЛАД draft,Кранове.,2PC full bore ball valve 1`` PN,84818081/101225,,0.0,,0.0,,
7319,7,1,7626,2,6,49830624,4,1320337932,0000000128,СКЛАД draft,М12,гайка цинк М12,,,0.0,,0.0,,
7319,8,1,7629,2,6,49679257,5,1320435499,0000000129,СКЛАД draft,Фланцови Връзки,уплътнение CF3000 PTFE 453986 DN25,,,0.0,,0.0,,
7319,9,1,7648,2,6,37689805,2,1320446616,0000000130,СКЛАД draft,Фланцови Връзки,Фланец плосък 304 T8 PN16 DN25,,,0.0,,0.0,,
7319,10,1,7649,2,6,37689805,1,1320446616,0000000130,СКЛАД draft,Фланцови Връзки,Фланец плосък 304 T10 PN16 DN40,,,0.0,,0.0,,
7319,11,1,7664,2,3,48958610,1,1320456711,0000000263,СКЛАД draft,Табло газ анализатор,Dew Point Analyser with integral touchscreen LCD,,,1457.0,M,1146.8,M,
7319,12,1,7665,2,3,48958610,1,1320456711,0000000263,СКЛАД draft,Табло газ анализатор,Dew Point Analyser with integral touchscreen LCD,,,0.0,%,21.2903225806452,%,
7319,13,1,7666,2,3,48958610,3,1320456711,0000000263,СКЛАД draft,Табло газ анализатор,"SS 316 measuring chamber for Dew Point Analyser,",,,316.56,M,318.56,M,
7319,14,1,7667,2,3,48958610,3,1320456711,0000000263,СКЛАД draft,Табло газ анализатор,"SS 316 measuring chamber for Dew Point Analyser,",,,0.0,%,-0.631791761435431,%,
7319,15,1,7668,2,3,48958610,2,1320456711,0000000263,СКЛАД draft,Табло газ анализатор,Fixing bracket for DP324,,,24.16,M,26.16,M,
7319,16,1,7669,2,3,48958610,2,1320456711,0000000263,СКЛАД draft,Табло газ анализатор,Fixing bracket for DP324,,,0.0,%,-8.27814569536424,%,
7319,17,1,7689,2,3,48958610,6,1320456711,0000000263,СКЛАД draft,Табло газ анализатор,"Отцедник за течности SS316, 1/2`, DP320B",1-000739,,0.0,,0.0,,
7319,18,1,7715,2,3,40045632,2,1319857795,0000000253,СКЛАД draft,Пречистване на вода,Система за преч. на вода APRO-MCR-100-DI,,,3518.0,M,3733.0,M,
7319,19,1,7716,2,3,40045632,2,1319857795,0000000253,СКЛАД draft,Пречистване на вода,Система за преч. на вода APRO-MCR-100-DI,,,0.0,%,-6.11142694712905,%,
7319,20,1,7717,2,3,40045632,1,1319857795,0000000253,СКЛАД draft,Пречистване на вода,Система за преч. на вода APRO-HP-500-DI,,,6230.0,M,6445.0,M,
7319,21,1,7718,2,3,40045632,1,1319857795,0000000253,СКЛАД draft,Пречистване на вода,Система за преч. на вода APRO-HP-500-DI,,,0.0,%,-3.45104333868379,%,
7319,22,1,7720,2,6,44752671,4,1320932897,0000000132,СКЛАД draft,Пречистване на вода,Система за преч. на вода APRO-HP-500-DI,,,0.0,,0.0,,
7319,23,1,7722,2,6,33832202,3,1320933420,0000000133,СКЛАД draft,Фланцови Връзки,Фланец плосък 304 T8 PN16 DN25,,,0.0,,0.0,,
7337,0,1,7724,2,6,44752671,5,1320932897,0000000132,СКЛАД draft,Устройства.,Заваръчен адаптер за процесни сензори,40428/270126/3,,0.0,,0.0,,
7337,1,1,7725,2,6,44752671,6,1320932897,0000000132,СКЛАД draft,Устройства.,Свързващ кабел с конектор,40428/270126/2,,0.0,,0.0,,
7337,2,1,7726,2,6,44752671,7,1320932897,0000000132,СКЛАД draft,Устройства.,Сензор за проводимост,40428/270126/1,,0.0,,0.0,,
7337,3,1,7734,2,6,44752671,8,1320932897,0000000132,СКЛАД draft,Връзки РР,ПП тръба за т.вода ф32,,,0.0,,0.0,,
7337,4,1,7735,2,6,44752671,9,1320932897,0000000132,СКЛАД draft,Връзки РР,Разглоб. свръзка месинг ф32,,,0.0,,0.0,,
7337,5,1,7736,2,6,44752671,10,1320932897,0000000132,СКЛАД draft,Връзки РР,Разглоб. свръзка месинг ф25,,,0.0,,0.0,,
7337,6,1,7737,2,6,44752671,11,1320932897,0000000132,СКЛАД draft,Връзки РР,Коляно 90° ф32,,,0.0,,0.0,,
7337,7,1,7738,2,6,44752671,12,1320932897,0000000132,СКЛАД draft,Връзки РР,Муфа PP 1``,,,0.0,,0.0,,
7337,8,1,7745,2,3,35458503,6,1318845139,0000000239,СКЛАД draft,Връзки РР,Муфа PP DN 40,,,0.0,,0.0,,
7337,9,1,7754,2,3,39241121,2,1320940264,0000000267,СКЛАД draft,Консумативи,Други,,,0.0,,0.0,,
7337,10,1,7756,2,6,44752671,13,1320932897,0000000132,СКЛАД draft,Консумативи,Други,,,0.0,,0.0,,
7337,11,1,7757,2,6,44752671,14,1320932897,0000000132,СКЛАД draft,Консумативи,Скоба водопр. с уплътнение 1“,,,0.0,,0.0,,
7337,12,1,7798,2,3,47190346,2,1320949577,0000000268,СКЛАД draft,WAGO,"8 канален аналогов вход, несиметричен",,,0.0,,0.0,,
7337,13,1,7799,2,3,47190346,3,1320949577,0000000268,СКЛАД draft,WAGO,4 канален аналогово изход,,,0.0,,0.0,,
7337,14,1,7800,2,3,47190346,4,1320949577,0000000268,СКЛАД draft,WAGO,Краен модул,,,0.0,,0.0,,
7337,15,1,7801,2,3,47190346,5,1320949577,0000000268,СКЛАД draft,WAGO,Захранване еднофазно,,,0.0,,0.0,,
7337,16,1,7802,2,3,47190346,6,1320949577,0000000268,СКЛАД draft,WAGO,4 канален аналог. изход; напр./ток,,,0.0,,0.0,,
7337,17,1,7803,2,3,47190346,7,1320949577,0000000268,СКЛАД draft,WAGO,Конфигурационен кабел,,,0.0,,0.0,,
7337,18,1,7804,2,3,47190346,8,1320949577,0000000268,СКЛАД draft,WAGO,Уеб панел 400,,,0.0,,0.0,,
7337,19,1,7807,2,6,44752671,15,1320932897,0000000132,СКЛАД draft,М12,болт цинк М12х45,,,0.0,,0.0,,
7337,20,1,7808,2,6,44752671,16,1320932897,0000000132,СКЛАД draft,М12,гайка цинк М12,,,0.0,,0.0,,
7337,21,1,7809,2,6,44752671,17,1320932897,0000000132,СКЛАД draft,М12,шайба цинк  М12,,,0.0,,0.0,,
7337,22,1,7810,2,6,44752671,18,1320932897,0000000132,СКЛАД draft,М12,"Федер шайба цинк, М12",,,0.0,,0.0,,
7337,23,1,7811,2,6,44752671,19,1320932897,0000000132,СКЛАД draft,М12,болт цинк М12х45,,,0.0,,0.0,,
7337,24,1,7812,2,6,44752671,20,1320932897,0000000132,СКЛАД draft,М12,гайка цинк М12,,,0.0,,0.0,,
7337,25,1,7813,2,6,44752671,21,1320932897,0000000132,СКЛАД draft,М12,шайба цинк  М12,,,0.0,,0.0,,
7337,26,1,7814,2,6,44752671,22,1320932897,0000000132,СКЛАД draft,М12,"Федер шайба цинк, М12",,,0.0,,0.0,,
7337,27,1,7817,2,6,44752671,23,1320932897,0000000132,СКЛАД draft,Фланцови Връзки,уплътнение CF3000 PTFE 453986 DN25,,,0.0,,0.0,,
7337,28,1,7830,2,6,44752671,24,1320932897,0000000132,СКЛАД draft,Кранове.,"Кран 3 части на резба, задвижка, 1`",28082025/15,,0.0,,0.0,,
7358,0,1,7832,2,6,44752671,24,1320932897,0000000132,СКЛАД draft,Кранове.,"Кран 3 части на резба, задвижка, 1`",28082025/15,,4.0,бр.,3.0,бр.,
7358,1,1,7833,2,6,44752671,25,1320932897,0000000132,СКЛАД draft,Кранове.,"Сверичен кран 3 части, зав. 1`",84818099/1/101225,,0.0,,0.0,,
7358,2,1,7834,2,6,44752671,26,1320932897,0000000132,СКЛАД draft,Кранове.,Electric ACT. GE-15 24/240V,85439000/101225,,0.0,,0.0,,
7358,3,1,7836,2,6,46291449,26,1317542707,0000000088,Стругарно/Металхидрид,Вътрешни изделия и детайли,Табло Металхидрид,281125/1,,0.0,,0.0,,
7358,4,1,7837,2,6,46291449,26,1317542707,0000000088,Стругарно/Металхидрид,Вътрешни изделия и детайли,Табло Металхидрид,281125/1,,12006.22,L,6138.68280985566,M,
7358,5,1,10508,2,6,44752671,27,1320932897,0000000132,СКЛАД draft,Пречистване на вода,Система за преч. на вода APRO-MCR-100-DI,,,0.0,,0.0,,
7358,6,1,10515,2,6,44752671,28,1320932897,0000000132,СКЛАД draft,Метални Елементи,Шина 100/10,,,0.0,,0.0,,
7358,7,1,10517,2,6,44752671,29,1320932897,0000000132,СКЛАД draft,М12,болт цинк М12х45,,,0.0,,0.0,,
7358,8,1,10518,2,6,44752671,30,1320932897,0000000132,СКЛАД draft,Фланцови Връзки,уплътнение CF3000 PTFE 453986 DN25,,,0.0,,0.0,,
7358,9,1,10531,2,6,44752671,31,1320932897,0000000132,СКЛАД draft,Тръби.,Тръба шевна 304L (33.7x2) 1``,,,0.0,,0.0,,
7358,10,1,10553,2,3,40130868,3,1321151452,0000000271,СКЛАД draft,Устройства.,Камера TP-LINK Tapo,,,0.0,,0.0,,
7358,11,1,10554,2,3,40130868,1,1321151452,0000000271,СКЛАД draft,Консумативи,Карта памет с адаптер LEXAR,,,31.19,M,32.49,M,
7358,12,1,10555,2,3,40130868,1,1321151452,0000000271,СКЛАД draft,Консумативи,Карта памет с адаптер LEXAR,,,0.0,%,-4.16800256492466,%,
7358,13,1,10556,2,3,40130868,2,1321151452,0000000271,СКЛАД draft,Консумативи,Карта памет с адаптер Verbatim,,,12.26,M,12.77,M,
7358,14,1,10557,2,3,40130868,2,1321151452,0000000271,СКЛАД draft,Консумативи,Карта памет с адаптер Verbatim,,,0.0,%,-4.15986949429037,%,
7358,15,1,10558,2,3,40130868,3,1321151452,0000000271,СКЛАД draft,Устройства.,Камера TP-LINK Tapo,,,26.4,M,27.5,M,
7358,16,1,10559,2,3,40130868,3,1321151452,0000000271,СКЛАД draft,Устройства.,Камера TP-LINK Tapo,,,0.0,%,-4.16666666666667,%,
7358,17,1,10576,2,6,34346924,2,1321144776,0000000134,СКЛАД draft,Електроника,Софтуер PLC,,,0.0,,0.0,,
7358,18,1,10577,2,6,34346924,3,1321144776,0000000134,СКЛАД draft,Електроника,Хардуер за PLC,,,0.0,,0.0,,
7358,19,1,10579,2,6,42282840,688,1316357277,0000000084,Полша,Логисофт,"Simatic HMI, 7``TFT display - контролер",2505/071025/1,,0.0,,0.0,,
7358,20,1,10580,2,6,42282840,689,1316357277,0000000084,Полша,Логисофт,Simatic S7 - мемори карта,2505/071025/2,,0.0,,0.0,,
7358,21,1,10581,2,6,42282840,690,1316357277,0000000084,Полша,Логисофт,Simatic S7-1200 G2 - електроника,2505/071025/3,,0.0,,0.0,,
7358,22,1,10582,2,6,42282840,691,1316357277,0000000084,Полша,Логисофт,"Sitop PSU100L,24V/10A power supply input - захр.",2505/071025/4,,0.0,,0.0,,
7358,23,1,10589,2,3,35458503,7,1318845139,0000000239,СКЛАД draft,Консумативи,Резервни части SIEMENS,,,0.0,,0.0,,
7358,24,1,10608,2,6,42282840,692,1316357277,0000000084,СКЛАД draft,Устройства.,Чилър,,,0.0,,0.0,,
7358,25,1,10609,2,6,42282840,693,1316357277,0000000084,Полша,ZIEHL-ABEGG,Вентилатор - ZN080-ZIL.GQ.V7P3,42600137/160126,,0.0,,0.0,,
7358,26,1,10669,2,6,42282840,694,1316357277,0000000084,Полша,Консумативи,"Шлаух полиамид бял 8/6, 100м/ролка",,,0.0,,0.0,,
7391,0,1,10670,2,6,42282840,695,1316357277,0000000084,Полша,Консумативи,"Шлаух полиамид, бял 15/12,5, 50м/ролка",,,0.0,,0.0,,
7391,1,1,10671,2,6,42282840,696,1316357277,0000000084,Полша,Крисметал,"Капа ПП G8301, ф32",10146144/141125/2,,0.0,,0.0,,
7391,2,1,10701,2,6,46296526,4,1321235471,0000000135,СКЛАД draft,Присъединяване на Полша,"U-болт ETR, цинк 1` (26-34мм)",,,0.0,,0.0,,
7391,3,1,10702,2,6,46296526,5,1321235471,0000000135,СКЛАД draft,Присъединяване на Полша,"Анкер сертифициран ETA opt.7,B,M 8x80/15-24",,,0.0,,0.0,,
7391,4,1,10703,2,6,46296526,6,1321235471,0000000135,СКЛАД draft,Присъединяване на Полша,Комплект за отнемане на фаски,,,0.0,,0.0,,
7391,5,1,10704,2,6,46296526,7,1321235471,0000000135,СКЛАД draft,Присъединяване на Полша,"Конзола ALK с PVC капачка, L=300mm",,,0.0,,0.0,,
7391,6,1,10705,2,6,46296526,8,1321235471,0000000135,СКЛАД draft,Присъединяване на Полша,"Скоба за тръба RS, PD 31-35мм, 1`",,,0.0,,0.0,,
7391,7,1,10706,2,6,46296526,9,1321235471,0000000135,СКЛАД draft,М12,болт цинк М12х45,,,0.0,,0.0,,
7391,8,1,10707,2,6,46296526,10,1321235471,0000000135,СКЛАД draft,М12,шайба цинк  М12,,,0.0,,0.0,,
7391,9,1,10708,2,6,46296526,11,1321235471,0000000135,СКЛАД draft,М12,"Федер шайба цинк, М12",,,0.0,,0.0,,
7391,10,1,10709,2,6,46296526,12,1321235471,0000000135,СКЛАД draft,М8,широка шайба цинк  М8,,,0.0,,0.0,,
7391,11,1,10732,2,6,45792090,4,1321332521,0000000136,СКЛАД draft,Фланцови Връзки,уплътнение CF3000 PTFE DN25,,,0.0,,0.0,,
7391,12,1,10749,2,6,45792090,5,1321332521,0000000136,СКЛАД draft,Връзки РР,Муфа PP 1``,,,0.0,,0.0,,
7391,13,1,10750,2,6,45792090,6,1321332521,0000000136,СКЛАД draft,Връзки РР,Коляно 90° ф32,,,0.0,,0.0,,
7391,14,1,10753,2,6,45792090,5,1321332521,0000000136,СКЛАД draft,Връзки РР,Муфа PP 1``,,,25.0,бр.,14.0,бр.,
7391,15,1,10756,2,6,45792090,7,1321332521,0000000136,СКЛАД draft,Кабели и накрайници.,"Кабел ШВПС 3х1, бял",,,0.0,,0.0,,
7391,16,1,10805,2,6,45792090,8,1321332521,0000000136,СКЛАД draft,М6,винт звезда цинк  М6х35,,,0.0,,0.0,,
7391,17,1,10808,2,6,45792090,9,1321332521,0000000136,СКЛАД draft,Електроника,"Контакт за DIN релса, 16А",,,0.0,,0.0,,
7391,18,1,10840,2,6,45792090,10,1321332521,0000000136,СКЛАД draft,Присъединяване на Полша,"Винт самопробивен, 6х38/ф16/INDEX",,,0.0,,0.0,,
7391,19,1,10845,2,6,45792090,11,1321332521,0000000136,СКЛАД draft,Табло газ анализатор,"Тройник, union tee 6mm SWA",,,0.0,,0.0,,
7391,20,1,10847,2,6,45792090,12,1321332521,0000000136,СКЛАД draft,Тръби.,Тръба безшевна 316L 6x1.0,,,0.0,,0.0,,
7391,21,1,10848,2,6,45792090,12,1321332521,0000000136,СКЛАД draft,Тръби.,Тръба безшевна 316L 6x1.0,,,3.0,м.,5.0,м.,
7391,22,1,10855,2,6,45792090,13,1321332521,0000000136,СКЛАД draft,Устройства.,Дебитомер DN 25-R1-M-24V-PTFE,,,0.0,,0.0,,
7391,23,1,10856,2,6,45792090,14,1321332521,0000000136,СКЛАД draft,Устройства.,Помпа HTM 10 с фланци,260279/1,,0.0,,0.0,,
7391,24,1,10857,2,6,45792090,15,1321332521,0000000136,СКЛАД draft,Устройства.,Помпа HTM 10 с фланци,260279/2,,0.0,,0.0,,
7391,25,1,10888,2,3,35458503,8,1318845139,0000000239,СКЛАД draft,Електтролизьор,Пластини с дупка за сиви уплътнения,,,0.0,,0.0,,
7391,26,1,10897,2,6,38561470,3,1321637382,0000000137,СКЛАД draft,Електтролизьор,Пластини с дупка за сиви уплътнения,,,0.0,,0.0,,
7391,27,1,10900,2,6,38561470,4,1321637382,0000000137,СКЛАД draft,Устройства.,"Датчик за налягане, 0-10 bar., G 1/2`",25699,,0.0,,0.0,,
6428,0,1,10901,2,6,38561470,5,1321637382,0000000137,СКЛАД draft,Устройства.,"Датчик за налягане, 0-10 bar., G 1/2`",25692,,0.0,,0.0,,
6428,1,1,10936,2,6,43788960,2,1321732723,0000000138,СКЛАД draft,Инструменти,Щепсел промишлен монофазен мобилен,,,0.0,,0.0,,
6428,2,1,10938,2,6,43788960,3,1321732723,0000000138,СКЛАД draft,Фитинги на резба.,"полунипел 316, 1`",,,0.0,,0.0,,
6428,3,1,10939,2,6,43788960,4,1321732723,0000000138,СКЛАД draft,Фланцови Връзки,Фланец плосък 304 T8 PN16 DN25,,,0.0,,0.0,,
6428,4,1,10956,2,6,43788960,5,1321732723,0000000138,СКЛАД draft,Електроника,Кабелен канал 60х60mm,,,0.0,,0.0,,
6428,5,1,10957,2,6,43788960,6,1321732723,0000000138,СКЛАД draft,Електроника,Кабелен канал 60х60mm,,,0.0,,0.0,,
6428,6,1,10958,2,6,43788960,7,1321732723,0000000138,СКЛАД draft,Електроника,Кабелен канал 60х40mm,,,0.0,,0.0,,
6428,7,1,10969,2,6,43788960,8,1321732723,0000000138,СКЛАД draft,Кабелни Канали,"Капак за пон. и пок. ъгъл 60мм, В=156мм",,,0.0,,0.0,,
6428,8,1,10970,2,6,43788960,9,1321732723,0000000138,СКЛАД draft,Кабелни Канали,"Покачващ ъгъл за каб. скара, 60х152мм",,,0.0,,0.0,,
6428,9,1,10992,2,6,43788960,10,1321732723,0000000138,СКЛАД draft,Кабели и накрайници.,"Кабел Flexi-e 0,25 black",,,0.0,,0.0,,
6428,10,1,10993,2,6,43788960,11,1321732723,0000000138,СКЛАД draft,Кабели и накрайници.,"Кабел Flexi-e 0,25 blue",,,0.0,,0.0,,
6428,11,1,10994,2,6,43788960,12,1321732723,0000000138,СКЛАД draft,Кабели и накрайници.,"Кабел Flexi-e 0,25 yellow",,,0.0,,0.0,,
6428,12,1,11008,2,6,43788960,13,1321732723,0000000138,СКЛАД draft,Връзки РР,Преход мъжки 32х1,,,0.0,,0.0,,
6428,13,1,11009,2,6,43788960,14,1321732723,0000000138,СКЛАД draft,Връзки РР,Разглоб. свръзка месинг ф32,,,0.0,,0.0,,
6428,14,1,11059,2,6,43788960,15,1321732723,0000000138,СКЛАД draft,Връзки РР,"Тръба PVC, канализационна 200мм, 6м., 4.9мм.",,,0.0,,0.0,,
6428,15,1,11060,2,6,43788960,16,1321732723,0000000138,СКЛАД draft,Кабели и накрайници.,Кабелна връзка 3.6х250,,,0.0,,0.0,,
6428,16,1,11061,2,6,43788960,17,1321732723,0000000138,СКЛАД draft,Кабели и накрайници.,Кабелна връзка 4.8х300,,,0.0,,0.0,,
6428,17,1,11062,2,6,43788960,18,1321732723,0000000138,СКЛАД draft,Кабели и накрайници.,"Кабелна обувка калайдисана, 185мм, 12мм.",,,0.0,,0.0,,
6428,18,1,11063,2,6,43788960,19,1321732723,0000000138,СКЛАД draft,Кабели и накрайници.,"Кабелна обувка калайдисана, 95мм, 12мм.",,,0.0,,0.0,,
6428,19,1,11064,2,6,43788960,20,1321732723,0000000138,СКЛАД draft,Консумативи,Лед лампа 10W/3000K,,,0.0,,0.0,,
6428,20,1,11065,2,6,43788960,21,1321732723,0000000138,СКЛАД draft,Консумативи,Настолна лампа,,,0.0,,0.0,,
6428,21,1,11066,2,6,43788960,22,1321732723,0000000138,СКЛАД draft,Консумативи,"Основа за сигнално колче, PVC",,,0.0,,0.0,,
6428,22,1,11067,2,6,43788960,22,1321732723,0000000138,СКЛАД draft,Консумативи,"Основа за сигнално колче, PVC",,,0.0,,0.0,,
6428,23,1,11068,2,6,43788960,22,1321732723,0000000138,СКЛАД draft,Консумативи,Лента сигнално маркировъчна 70ммх100м.,,,0.0,,0.0,,
6428,24,1,11070,2,6,43788960,23,1321732723,0000000138,СКЛАД draft,Консумативи,Други,,,0.0,,0.0,,
6428,25,1,11101,2,3,44237267,4,1321835479,0000000303,СКЛАД draft,Консумативи,"Кожени ръкавици Pilot 50TOP, р-р 9",,,0.0,,0.0,,
6428,26,1,11118,2,3,46412897,3,1321836979,0000000304,СКЛАД draft,Устройства.,XT Топлообменник Hexonic,220004523002,,0.0,,0.0,,
7740,0,1,11125,2,3,46412897,4,1321836979,0000000304,СКЛАД draft,Устройства.,XT Топлообменник Hexonic JAD X 2.11.08.68,140022080002,,0.0,,0.0,,
7740,1,1,11128,2,6,46379570,3,1321837372,0000000139,СКЛАД draft,Кранове.,"Кран 2 части, фланцови със задвижка 1 1/2“",1419195/040925/5,,0.0,,0.0,,
7740,2,1,11129,2,6,46379570,4,1321837372,0000000139,СКЛАД draft,Кранове.,"Кран 2 части, фланцови със задвижка 1`",050126/2,,0.0,,0.0,,
7740,3,1,11131,2,6,46379570,5,1321837372,0000000139,СКЛАД draft,Метални Елементи,Профилна тръба 60/60/3 ГВ,,,0.0,,0.0,,
7740,4,1,11133,2,6,46379570,6,1321837372,0000000139,СКЛАД draft,М10,"Пружинна шайба цинк, М10",,,0.0,,0.0,,
7740,5,1,11134,2,6,46379570,7,1321837372,0000000139,СКЛАД draft,М10,болт цинк 45 М10х45,,,0.0,,0.0,,
7740,6,1,11135,2,6,46379570,8,1321837372,0000000139,СКЛАД draft,М10,гайка цинк  М10,,,0.0,,0.0,,
7740,7,1,11136,2,6,46379570,9,1321837372,0000000139,СКЛАД draft,М10,шайба цинк  М10,,,0.0,,0.0,,
7740,8,1,11137,2,6,46379570,10,1321837372,0000000139,СКЛАД draft,М16,болт цинк  М16х45,,,0.0,,0.0,,
7740,9,1,11138,2,6,46379570,11,1321837372,0000000139,СКЛАД draft,М16,шайба цинк  М16,,,0.0,,0.0,,
7740,10,1,11139,2,6,46379570,12,1321837372,0000000139,СКЛАД draft,М16,"Шайба пружинна, цинк, М16, 100бр./оп.",,,0.0,,0.0,,
7740,11,1,11140,2,6,46379570,13,1321837372,0000000139,СКЛАД draft,М16,"гайка шестостенна , цинк М16",,,0.0,,0.0,,
7740,12,1,11141,2,6,46379570,14,1321837372,0000000139,СКЛАД draft,М12,"Болт с шестостенна глава, цинк,М12х55",,,0.0,,0.0,,
7740,13,1,11142,2,6,46379570,15,1321837372,0000000139,СКЛАД draft,М12,болт цинк  М12х40,,,0.0,,0.0,,
7740,14,1,11143,2,6,46379570,16,1321837372,0000000139,СКЛАД draft,М12,гайка цинк М12,,,0.0,,0.0,,
7740,15,1,11144,2,6,46379570,17,1321837372,0000000139,СКЛАД draft,М12,шайба цинк  М12,,,0.0,,0.0,,
7740,16,1,11145,2,6,46379570,18,1321837372,0000000139,СКЛАД draft,М12,"Федер шайба цинк, М12",,,0.0,,0.0,,
7740,17,1,11146,2,6,46379570,19,1321837372,0000000139,СКЛАД draft,Фланцови Връзки,Фланец плосък 304 T8 PN16 DN25,,,0.0,,0.0,,
7740,18,1,11147,2,6,46379570,20,1321837372,0000000139,СКЛАД draft,Фланцови Връзки,уплътнение CF3000 PTFE DN25,,,0.0,,0.0,,
7740,19,1,11148,2,6,46379570,21,1321837372,0000000139,СКЛАД draft,Фланцови Връзки,уплътнение CF3000 PTFE DN40,,,0.0,,0.0,,
7740,20,1,11149,2,6,46379570,22,1321837372,0000000139,СКЛАД draft,Заваръчни Връзки,"Тройник 304L,заварка 33.7х2, 1`",,,0.0,,0.0,,
7740,21,1,11158,2,6,46379570,23,1321837372,0000000139,СКЛАД draft,М12,"Болт с шестостенна глава, цинк,М12х55",,,0.0,,0.0,,
7740,22,1,11159,2,6,46379570,23,1321837372,0000000139,СКЛАД draft,М12,"Болт с шестостенна глава, цинк,М12х55",,,16.0,бр.,32.0,бр.,
7740,23,1,11160,2,6,46379570,14,1321837372,0000000139,СКЛАД draft,М12,"Болт с шестостенна глава, цинк,М12х55",,,0.0,,0.0,,
7740,24,1,11161,2,6,46379570,16,1321837372,0000000139,СКЛАД draft,М12,гайка цинк М12,,,40.0,бр.,56.0,бр.,
7740,25,1,11162,2,6,46379570,17,1321837372,0000000139,СКЛАД draft,М12,шайба цинк  М12,,,40.0,бр.,56.0,бр.,
7740,26,1,11163,2,6,46379570,18,1321837372,0000000139,СКЛАД draft,М12,"Федер шайба цинк, М12",,,40.0,бр.,56.0,бр.,
7740,27,1,11166,2,6,46379570,13,1321837372,0000000139,СКЛАД draft,М16,"гайка шестостенна , цинк М16",,,8.0,бр.,12.0,бр.,
7748,0,1,11167,2,6,46379570,12,1321837372,0000000139,СКЛАД draft,М16,"Шайба пружинна, цинк, М16, 100бр./оп.",,,8.0,бр.,16.0,бр.,
7748,1,1,11168,2,6,46379570,11,1321837372,0000000139,СКЛАД draft,М16,шайба цинк  М16,,,8.0,бр.,12.0,бр.,
7748,2,1,11169,2,6,46379570,24,1321837372,0000000139,СКЛАД draft,М16,болт цинк  М16х50,,,0.0,,0.0,,
7748,3,1,11170,2,6,46379570,25,1321837372,0000000139,СКЛАД draft,Фитинги на резба.,"Муфа 304 резба, 1/4`",,,0.0,,0.0,,
7748,4,1,11171,2,6,46379570,21,1321837372,0000000139,СКЛАД draft,Фланцови Връзки,уплътнение CF3000 PTFE DN40,,,2.0,бр.,3.0,бр.,
7748,5,1,11173,2,6,46379570,26,1321837372,0000000139,СКЛАД draft,М12,болт цинк М12х45,,,0.0,,0.0,,
7748,6,1,11174,2,6,46379570,11,1321837372,0000000139,СКЛАД draft,М16,шайба цинк  М16,,,12.0,бр.,40.0,бр.,
7748,7,1,11175,2,6,46379570,12,1321837372,0000000139,СКЛАД draft,М16,"Шайба пружинна, цинк, М16, 100бр./оп.",,,16.0,бр.,44.0,бр.,
7748,8,1,11176,2,6,46379570,12,1321837372,0000000139,СКЛАД draft,М16,"Шайба пружинна, цинк, М16, 100бр./оп.",,,44.0,бр.,16.0,бр.,
7748,9,1,11177,2,6,46379570,11,1321837372,0000000139,СКЛАД draft,М16,шайба цинк  М16,,,40.0,бр.,12.0,бр.,
7748,10,1,11178,2,6,46379570,16,1321837372,0000000139,СКЛАД draft,М12,гайка цинк М12,,,56.0,бр.,84.0,бр.,
7748,11,1,11179,2,6,46379570,17,1321837372,0000000139,СКЛАД draft,М12,шайба цинк  М12,,,56.0,бр.,84.0,бр.,
7748,12,1,11180,2,6,46379570,18,1321837372,0000000139,СКЛАД draft,М12,"Федер шайба цинк, М12",,,56.0,бр.,84.0,бр.,
7748,13,1,11183,2,6,46379570,26,1321837372,0000000139,СКЛАД draft,М12,болт цинк М12х45,,,34.0,бр.,38.0,бр.,
7748,14,1,11184,2,6,46379570,16,1321837372,0000000139,СКЛАД draft,М12,гайка цинк М12,,,84.0,бр.,88.0,бр.,
7748,15,1,11185,2,6,46379570,17,1321837372,0000000139,СКЛАД draft,М12,шайба цинк  М12,,,84.0,бр.,88.0,бр.,
7748,16,1,11186,2,6,46379570,18,1321837372,0000000139,СКЛАД draft,М12,"Федер шайба цинк, М12",,,84.0,бр.,88.0,бр.,
7748,17,1,11189,2,6,46379570,26,1321837372,0000000139,СКЛАД draft,М12,болт цинк М12х45,,,38.0,бр.,42.0,бр.,
7748,18,1,11190,2,6,46379570,16,1321837372,0000000139,СКЛАД draft,М12,гайка цинк М12,,,88.0,бр.,92.0,бр.,
7748,19,1,11191,2,6,46379570,17,1321837372,0000000139,СКЛАД draft,М12,шайба цинк  М12,,,88.0,бр.,92.0,бр.,
7748,20,1,11192,2,6,46379570,18,1321837372,0000000139,СКЛАД draft,М12,"Федер шайба цинк, М12",,,88.0,бр.,92.0,бр.,
7748,21,1,11220,2,6,43702109,4,1321956212,0000000142,СКЛАД draft,Устройства.,Управление за сензор за газ GA-220,213814/130825,,0.0,,0.0,,
7748,22,1,11229,2,3,35458503,9,1318845139,0000000239,СКЛАД draft,Кабели и накрайници.,"Кабелна връзка 3.6х250, черни",,,0.0,,0.0,,
7748,23,1,11237,2,6,38561470,6,1321637382,0000000137,СКЛАД draft,Заваръчни Връзки,"Коляно 90o 304L заварка (33,7х2) 1``",,,0.0,,0.0,,
7748,24,1,11281,2,6,49381680,2,1322038054,0000000144,Полша,Устройства.,"Кондензно котле SA-61, фланцово 1`",2025000001445/171225/2,,0.0,,0.0,,
7748,25,1,11283,2,6,49381680,3,1322038054,0000000144,СКЛАД draft,Фитинги на резба.,тройник вътр. резба 316 1/2`,,,0.0,,0.0,,
7748,26,1,11284,2,6,49381680,4,1322038054,0000000144,СКЛАД draft,Фитинги на резба.,"Щуцер маркуч 304, 1/2",,,0.0,,0.0,,
7748,27,1,11292,2,3,35458503,10,1318845139,0000000239,СКЛАД draft,Тръби.,Тръба шевна 304L (88.9х2) 3``,,,0.0,,0.0,,
7764,0,1,11294,2,6,34516120,3,1322040723,0000000145,СКЛАД draft,Тръби.,Тръба шевна 304L (88.9х2) 3``,,,0.0,,0.0,,
7764,1,1,11297,2,6,38561470,7,1321637382,0000000137,СКЛАД draft,Тръби.,Тръба шевна 304L (33.7x2) 1``,,,0.0,,0.0,,
7764,2,1,11326,2,6,49381680,5,1322038054,0000000144,СКЛАД draft,Консумативи,Калиева основа за машини,,,0.0,,0.0,,
7764,3,1,11363,2,6,49381680,6,1322038054,0000000144,СКЛАД draft,Консумативи,Скоба с гума и гайка 1`,,,0.0,,0.0,,
7764,4,1,11403,2,6,42282840,697,1316357277,0000000084,Склад,Автометан,"Маркуч 70 Mpa, 3 м.",12599/090126/1,,0.0,,0.0,,
7764,5,1,11404,2,6,42282840,698,1316357277,0000000084,Склад,Автометан,Накрайник за зареждане TK20,12599/090126/2,,0.0,,0.0,,
7764,6,1,11405,2,6,42282840,699,1316357277,0000000084,Склад,Автометан,Филтър TSF2,12599/090126/3,,0.0,,0.0,,
7764,7,1,11413,2,6,49381680,7,1322038054,0000000144,СКЛАД draft,М12,"Болт с шестостенна глава, цинк,М12х55",,,0.0,,0.0,,
7764,8,1,11414,2,6,49381680,8,1322038054,0000000144,СКЛАД draft,М12,"Федер шайба цинк, М12",,,0.0,,0.0,,
7764,9,1,11415,2,6,49381680,9,1322038054,0000000144,СКЛАД draft,М12,гайка цинк М12,,,0.0,,0.0,,
7764,10,1,11416,2,6,49381680,10,1322038054,0000000144,СКЛАД draft,М12,шайба цинк  М12,,,0.0,,0.0,,
7764,11,1,11614,2,6,35373443,2,1322354295,0000000150,СКЛАД draft,Фитинги на резба.,"Муфа 304 резба, 1/4`",,,0.0,,0.0,,
7764,12,1,11653,2,6,43634906,2,1322334126,0000000148,СКЛАД draft,Устройства.,Камера TP-LINK Tapo,,,0.0,,0.0,,
7764,13,1,11654,2,6,43634906,3,1322334126,0000000148,СКЛАД draft,Консумативи,Карта памет с адаптер LEXAR,,,0.0,,0.0,,
7764,14,1,11661,2,6,43634906,4,1322334126,0000000148,СКЛАД draft,Тръби.,Тръба шевна 304L (33.7x2) 1``,,,0.0,,0.0,,
7764,15,1,11664,2,6,45966325,4,1322357884,0000000151,СКЛАД draft,М8,шайба цинк М8,,,4.0,бр.,6.0,бр.,
7764,16,1,11665,2,6,45966325,3,1322357884,0000000151,СКЛАД draft,М8,гайка цинк М8,,,6.0,бр.,9.0,бр.,
7764,17,1,11666,2,6,45966325,1,1322357884,0000000151,СКЛАД draft,Консумативи,Скоба с гума и гайка 1`,,,2.0,бр.,1.0,бр.,
7764,18,1,11667,2,6,45966325,1,1322357884,0000000151,СКЛАД draft,Консумативи,Скоба с гума и гайка 1`,,,1.0,бр.,3.0,бр.,
7764,19,1,11669,2,6,45966325,5,1322357884,0000000151,СКЛАД draft,Фитинги на резба.,"Муфа 304 резба, 1/4`",,,0.0,,0.0,,
7764,20,1,11671,2,6,43973372,3,1322438817,0000000155,СКЛАД draft,Фитинги на резба.,"Муфа 304 резба, 1/4`",,,0.0,,0.0,,
7764,21,1,11673,2,6,45457310,2,1322441610,0000000156,СКЛАД draft,Фланцови Връзки,уплътнение CF3000 PTFE DN40,,,0.0,,0.0,,
7764,22,1,11674,2,6,45457310,3,1322441610,0000000156,СКЛАД draft,М16,болт цинк  М16х50,,,0.0,,0.0,,
7764,23,1,11675,2,6,45457310,4,1322441610,0000000156,СКЛАД draft,М16,"гайка шестостенна , цинк М16",,,0.0,,0.0,,
7764,24,1,11676,2,6,45457310,5,1322441610,0000000156,СКЛАД draft,М16,шайба цинк  М16,,,0.0,,0.0,,
7764,25,1,11677,2,6,45457310,6,1322441610,0000000156,СКЛАД draft,М16,федер шайба цинк  М16,,,0.0,,0.0,,
7764,26,1,11679,2,6,45457310,1,1322441610,0000000156,СКЛАД draft,Заваръчни Връзки,"Коляно 90o 304L заварка (33,7х2) 1``",,,5.0,бр.,15.0,бр.,
7764,27,1,11681,2,6,39427044,3,1322434618,0000000153,СКЛАД draft,Фланцови Връзки,Фланец плосък 304 T8 PN16 DN25,,,0.0,,0.0,,
7764,28,1,11684,2,6,45457310,3,1322441610,0000000156,СКЛАД draft,М16,болт цинк  М16х50,,,0.0,,0.0,,
7832,0,1,11685,2,6,45457310,7,1322441610,0000000156,СКЛАД draft,М16,болт цинк  М16х45,,,0.0,,0.0,,
7832,1,1,11742,2,6,42743849,4,1322544717,0000000158,СКЛАД draft,М12,болт цинк М12х45,,,20.0,бр.,40.0,бр.,
7832,2,1,11744,2,6,42743849,5,1322544717,0000000158,СКЛАД draft,Фланцови Връзки,уплътнение CF3000 PTFE DN25,,,10.0,бр.,20.0,бр.,
7832,3,1,11760,2,6,39614927,4,1322534443,0000000157,СКЛАД draft,М12,болт цинк  М12х40,,,0.0,,0.0,,
7832,4,1,11764,2,6,43634906,5,1322334126,0000000148,СКЛАД draft,Консумативи,Етилов алкохол 96%,,,0.0,,0.0,,
7832,5,1,11765,2,6,43634906,6,1322334126,0000000148,СКЛАД draft,Консумативи,Етилов алкохол 96%,,,0.0,,0.0,,
7832,6,1,11789,2,6,39995343,2,1322635799,0000000161,СКЛАД draft,Кранове.,"Кран 2 части, фланцови със задвижка 1`",,,0.0,,0.0,,
7832,7,1,11791,2,6,39995343,2,1322635799,0000000161,СКЛАД draft,Кранове.,"Кран 2 части, фланцови със задвижка 1`",,,1.0,бр.,2.0,бр.,
7832,8,1,11792,2,6,39995343,3,1322635799,0000000161,СКЛАД draft,Фитинги на резба.,нипел намалител 316 1/2х1/4,,,0.0,,0.0,,
7832,9,1,11793,2,6,39995343,4,1322635799,0000000161,СКЛАД draft,Фитинги на резба.,"нипел шестостен 316, 1/4`",,,0.0,,0.0,,
7832,10,1,11794,2,6,39995343,5,1322635799,0000000161,СКЛАД draft,Фитинги на резба.,"нипел шестостен 316, 1/2`",,,0.0,,0.0,,
7832,11,1,11795,2,6,39995343,6,1322635799,0000000161,СКЛАД draft,Фитинги на резба.,"нипел шестостен 304L, 1/2`",,,0.0,,0.0,,
7832,12,1,11796,2,6,39995343,7,1322635799,0000000161,СКЛАД draft,Фитинги на резба.,коляно 90гр. вътр. резба 316 1/4`,,,0.0,,0.0,,
7832,13,1,11797,2,6,39995343,3,1322635799,0000000161,СКЛАД draft,Фитинги на резба.,нипел намалител 316 1/2х1/4,,,0.0,,0.0,,
7832,14,1,11798,2,6,39995343,4,1322635799,0000000161,СКЛАД draft,Фитинги на резба.,"нипел шестостен 316, 1/4`",,,0.0,,0.0,,
7832,15,1,11799,2,6,39995343,5,1322635799,0000000161,СКЛАД draft,Фитинги на резба.,"нипел шестостен 316, 1/2`",,,0.0,,0.0,,
7832,16,1,11800,2,6,39995343,6,1322635799,0000000161,СКЛАД draft,Фитинги на резба.,"нипел шестостен 304L, 1/2`",,,0.0,,0.0,,
7832,17,1,11801,2,6,39995343,7,1322635799,0000000161,СКЛАД draft,Фитинги на резба.,коляно 90гр. вътр. резба 316 1/4`,,,0.0,,0.0,,
7832,18,1,11815,2,6,45578863,5,1322639288,0000000163,СКЛАД draft,М12,болт цинк М12х45,,,0.0,,0.0,,
7832,19,1,11816,2,6,45578863,2,1322639288,0000000163,СКЛАД draft,М12,"Федер шайба цинк, М12",,,8.0,бр.,16.0,бр.,
7832,20,1,11817,2,6,45578863,4,1322639288,0000000163,СКЛАД draft,М12,гайка цинк М12,,,8.0,бр.,16.0,бр.,
7832,21,1,11818,2,6,45578863,3,1322639288,0000000163,СКЛАД draft,М12,шайба цинк  М12,,,8.0,бр.,16.0,бр.,
7832,22,1,11828,2,6,44632193,3,1322636757,0000000162,СКЛАД draft,М12,болт цинк  М12х40,,,0.0,,0.0,,
7832,23,1,11829,2,6,44632193,4,1322636757,0000000162,СКЛАД draft,М12,гайка цинк М12,,,0.0,,0.0,,
7832,24,1,11830,2,6,44632193,5,1322636757,0000000162,СКЛАД draft,М12,шайба цинк  М12,,,0.0,,0.0,,
7832,25,1,11831,2,6,44632193,6,1322636757,0000000162,СКЛАД draft,М12,"Федер шайба цинк, М12",,,0.0,,0.0,,
7832,26,1,11848,2,6,41835045,2,1322655312,0000000165,СКЛАД draft,Консумативи,Огъване медни шини,,,0.0,,0.0,,
7832,27,1,11849,2,6,41835045,3,1322655312,0000000165,СКЛАД draft,Консумативи,Табели за машини,,,0.0,,0.0,,
7832,28,1,11890,2,6,46181085,2,1322738267,0000000167,СКЛАД draft,Устройства.,XT Топлообменник,26N220004485003,,0.0,,0.0,,
7235,0,1,11909,2,6,41890325,2,1318460551,0000000105,СКЛАД draft,Консумативи,20`` DV Контейнер,,,0.0,,0.0,,
7235,1,1,11962,2,6,43288613,2,1323036933,0000000173,СКЛАД - ОСНОВЕН,М12,болт цинк М12х45,,,0.0,,0.0,,
7235,2,1,11963,2,6,43288613,3,1323036933,0000000173,СКЛАД - ОСНОВЕН,М12,гайка цинк М12,,,0.0,,0.0,,
7235,3,1,11964,2,6,43288613,4,1323036933,0000000173,СКЛАД - ОСНОВЕН,М12,шайба цинк  М12,,,0.0,,0.0,,
7235,4,1,11965,2,6,43288613,5,1323036933,0000000173,СКЛАД - ОСНОВЕН,М12,"Федер шайба цинк, М12",,,0.0,,0.0,,
7235,5,1,11991,2,6,39995343,2,1322635799,0000000161,СКЛАД - ОСНОВЕН,Кранове.,"Кран 2 части, фланцови със задвижка 1`",050126/2,,2.0,бр.,1.0,бр.,
7235,6,1,11993,2,6,43288613,6,1323036933,0000000173,СКЛАД - ОСНОВЕН,Консумативи,Скоба водопр. с уплътнение 1“,,,0.0,,0.0,,
7235,7,1,11995,2,6,43288613,7,1323036933,0000000173,СКЛАД - ОСНОВЕН,М12,болт цинк  М12х40,,,0.0,,0.0,,
7235,8,1,12063,2,3,35458503,11,1318845139,0000000239,СКЛАД - ОСНОВЕН,Табло газ анализатор,Електрохимичен анализатор 0-100ppm vol. O,,,0.0,,0.0,,
7235,9,1,12071,2,6,33580969,3,1323143822,0000000175,СКЛАД - ОСНОВЕН,Табло газ анализатор,Електрохимичен анализатор - 0-100ppm vol. O2,E240373-1,,0.0,,0.0,,
7235,10,1,12110,2,6,40768932,2,1323039853,0000000174,СКЛАД - ОСНОВЕН,Кранове.,"Кран 3 части, зав. , задвижка, 1`",1447687/190326,,0.0,,0.0,,
7235,11,1,12127,2,6,48733861,3,1322761751,0000000171,СКЛАД - ОСНОВЕН,Фланцови Връзки,уплътнение CF3000 PTFE DN25,,,0.0,,0.0,,
7235,12,1,12129,2,6,36562969,2,1322758523,0000000170,СКЛАД - ОСНОВЕН,М12,болт цинк М12х45,,,0.0,,0.0,,
7235,13,1,12130,2,6,36562969,3,1322758523,0000000170,СКЛАД - ОСНОВЕН,М12,гайка цинк М12,,,0.0,,0.0,,
7235,14,1,12131,2,6,36562969,4,1322758523,0000000170,СКЛАД - ОСНОВЕН,М12,шайба цинк  М12,,,0.0,,0.0,,
7235,15,1,12132,2,6,36562969,5,1322758523,0000000170,СКЛАД - ОСНОВЕН,М12,"Федер шайба цинк, М12",,,0.0,,0.0,,
7235,16,1,12294,2,6,38198636,1,1323154960,0000000177,СКЛАД - ОСНОВЕН,Фланцови Връзки,уплътнение CF3000 PTFE DN25,,,2.0,бр.,4.0,бр.,
7235,17,1,12295,2,6,38198636,4,1323154960,0000000177,СКЛАД - ОСНОВЕН,М12,болт цинк  М12х100,,,0.0,,0.0,,
7235,18,1,12297,2,6,38198636,5,1323154960,0000000177,СКЛАД - ОСНОВЕН,М12,"Федер шайба цинк, М12",,,0.0,,0.0,,
7235,19,1,12298,2,6,38198636,6,1323154960,0000000177,СКЛАД - ОСНОВЕН,М12,шайба цинк  М12,,,0.0,,0.0,,
7235,20,1,12299,2,6,38198636,7,1323154960,0000000177,СКЛАД - ОСНОВЕН,М12,гайка цинк М12,,,0.0,,0.0,,
7235,21,1,12302,2,6,45952459,5,1323155214,0000000178,СКЛАД - ОСНОВЕН,Консумативи,Скоба водопр. с уплътнение 1“,,,0.0,,0.0,,
7235,22,1,12304,2,6,45952459,6,1323155214,0000000178,СКЛАД - ОСНОВЕН,М12,болт цинк  М12х100,,,0.0,,0.0,,
7235,23,1,12307,2,6,45952459,7,1323155214,0000000178,СКЛАД - ОСНОВЕН,Кранове.,Valve T3 ways ball ACT. Electric 1``,,,0.0,,0.0,,
7235,24,1,12893,2,6,48703126,2,1323364500,0000000190,СКЛАД - ОСНОВЕН,8.Табло газ анализатор,Dew Point Analyser with integral touchscreen LCD,260108-1,,0.0,,0.0,,
7235,25,1,13496,2,3,34045628,3,1323464686,0000000344,СКЛАД - ОСНОВЕН,Инструменти,Пистолер за горещ въздух TOTAL IND 2000W 600°,,,0.0,,0.0,,
7235,26,1,13621,2,3,35458503,12,1318845139,0000000239,СКЛАД - ОСНОВЕН,Сензори,Дебитомер (flowmeter) калиева основа,,,0.0,,0.0,,
8084,0,1,13884,2,3,42217908,11,1323958968,0000000352,СКЛАД - ОСНОВЕН,8.Табло газ анализатор,Male connector 6MM SWA-1/4`` GAS-CONICO,5509248,,0.0,,0.0,,
8084,1,1,13909,2,6,44722917,14,1323932947,0000000199,СКЛАД - ОСНОВЕН,1.Тръби,"Тръба шевна 304L (33,7x2) 1``",,,0.0,,0.0,,
8084,2,1,13912,2,3,37295550,8,1322057361,0000000308,СКЛАД - ОСНОВЕН,М12,Шайба пружинна vZn М12,,,0.0,,0.0,,
8084,3,1,14007,2,3,45503500,5,1324158030,0000000358,СКЛАД - ОСНОВЕН,7.PP връзки,Коляно 90° ф40,,,0.0,,0.0,,
8084,4,1,14008,2,3,45503500,6,1324158030,0000000358,СКЛАД - ОСНОВЕН,7.PP връзки,Коляно 90° ф20,,,0.0,,0.0,,
8084,5,1,14009,2,3,45503500,7,1324158030,0000000358,СКЛАД - ОСНОВЕН,7.PP връзки,Преход женски 32х3/4“,,,0.0,,0.0,,
8084,6,1,14010,2,3,45503500,8,1324158030,0000000358,СКЛАД - ОСНОВЕН,7.PP връзки,Разглобяема свръзка ф20,,,0.0,,0.0,,
8084,7,1,14011,2,3,45503500,3,1324158030,0000000358,СКЛАД - ОСНОВЕН,7.PP връзки,Тръба за топла вода PP ф32,,,3.64,M,3.0333,M,
8084,8,1,14012,2,3,45503500,3,1324158030,0000000358,СКЛАД - ОСНОВЕН,7.PP връзки,Тръба за топла вода PP ф32,,,-12.6934984520124,%,6.08978328173373,%,
8084,9,1,14013,2,3,45503500,4,1324158030,0000000358,СКЛАД - ОСНОВЕН,7.PP връзки,Тръба за топла вода PP ф20 PN20,,,1.36,M,1.13333,M,
8084,10,1,14014,2,3,45503500,4,1324158030,0000000358,СКЛАД - ОСНОВЕН,7.PP връзки,Тръба за топла вода PP ф20 PN20,,,-19.8170323435507,%,0.152766716238034,%,
8084,11,1,14015,2,3,45503500,2,1324158030,0000000358,СКЛАД - ОСНОВЕН,7.PP връзки,Разглобяема свръзка месинг ф32,,,7.7,M,8.016,M,
8084,12,1,14016,2,3,45503500,2,1324158030,0000000358,СКЛАД - ОСНОВЕН,7.PP връзки,Разглобяема свръзка месинг ф32,,,0.0,%,-4.10389610389611,%,
8084,13,1,14157,2,6,37789356,3,1324639162,0000000201,СКЛАД - ОСНОВЕН,11.Консумативи,"Скоби  водни съединения, 1`",,,0.0,,0.0,,
8084,14,1,14161,2,6,37789356,4,1324639162,0000000201,СКЛАД - ОСНОВЕН,7.Кабели,"Проводник 500V 0,75mm син",,,0.0,,0.0,,
8084,15,1,14162,2,6,37789356,5,1324639162,0000000201,СКЛАД - ОСНОВЕН,7.Кабели,"Проводник 500V 0,75mm син",,,0.0,,0.0,,
8084,16,1,14163,2,6,37789356,6,1324639162,0000000201,СКЛАД - ОСНОВЕН,5.Кранове.,Кран 2 части 316L сфер. на фл. със задв. 1“,050126/2,,0.0,,0.0,,
8084,17,1,14165,2,6,37789356,7,1324639162,0000000201,СКЛАД - ОСНОВЕН,5.Устройства,Моноблок Versati GRS-CQ16Pd/NpG4-E,,,0.0,,0.0,,
8084,18,1,14166,2,6,37789356,8,1324639162,0000000201,СКЛАД - ОСНОВЕН,5.Устройства,Захранване 90kW,F-01-07-26007,,0.0,,0.0,,
8084,19,1,14173,2,6,37789356,9,1324639162,0000000201,СКЛАД - ОСНОВЕН,М8,Шайба подложна vZn М8,,,0.0,,0.0,,
8084,20,1,14174,2,6,37789356,10,1324639162,0000000201,СКЛАД - ОСНОВЕН,Шини (Електроника),DIN-релса за модулна апаратура перфорирана 2m,,,0.0,,0.0,,
8084,21,1,14175,2,6,37789356,11,1324639162,0000000201,СКЛАД - ОСНОВЕН,М8,Шайба пружинна vZn М8,,,0.0,,0.0,,
8084,22,1,14176,2,6,37789356,12,1324639162,0000000201,СКЛАД - ОСНОВЕН,М8,Гайка шест. 8 vZn М8,,,0.0,,0.0,,
8084,23,1,14177,2,6,37789356,13,1324639162,0000000201,СКЛАД - ОСНОВЕН,М8,Болт с шест.гл. 8.8 vZn М8х25,,,0.0,,0.0,,
8084,24,1,14178,2,6,37789356,14,1324639162,0000000201,СКЛАД - ОСНОВЕН,М8,Шайба подложна vZn М8,,,0.0,,0.0,,
8084,25,1,14180,2,6,37789356,15,1324639162,0000000201,СКЛАД - ОСНОВЕН,4.Крепежи.,"Винт за метал самопробивен PRO M 4,2х13",,,0.0,,0.0,,
8084,26,1,14182,2,6,37789356,16,1324639162,0000000201,СКЛАД - ОСНОВЕН,Кабелни Канали,Кабелен канал 40x25mm,,,0.0,,0.0,,
8200,0,1,14184,2,6,37789356,17,1324639162,0000000201,СКЛАД - ОСНОВЕН,7.Кабели,"Кабел ШВПС 3х6, бял",,,0.0,,0.0,,
8200,1,1,14186,2,6,37789356,17,1324639162,0000000201,60kW Btikel (60),7.Кабели,"Кабел ШВПС 3х6, бял",,,0.0,,0.0,,
8200,2,1,14188,2,6,37789356,17,1324639162,0000000201,СКЛАД - ОСНОВЕН,7.Кабели,"Кабел ШВПС 3х6, бял",,,0.0,,0.0,,
8200,3,1,14190,2,6,37789356,18,1324639162,0000000201,СКЛАД - ОСНОВЕН,2.Фитинги за заваряване,Тройник 304L заварка (33.7х2) 1`,,,0.0,,0.0,,
8200,4,1,14191,2,6,37789356,19,1324639162,0000000201,СКЛАД - ОСНОВЕН,4.Фланци,Фланец плосък 304 T8 PN16 DN25,,,0.0,,0.0,,
8200,5,1,14193,2,6,37789356,20,1324639162,0000000201,СКЛАД - ОСНОВЕН,Сензори,Вибрационен датчик за ниво,,,0.0,,0.0,,
8200,6,1,14195,2,6,37789356,21,1324639162,0000000201,СКЛАД - ОСНОВЕН,4.Фланци,Фланец плосък 304 T8 PN16 DN25,,,0.0,,0.0,,
8200,7,1,14198,2,6,37789356,22,1324639162,0000000201,СКЛАД - ОСНОВЕН,2.Фитинги за заваряване,"Коляно 90° 304L заварка (33,7х2) 1``",,,0.0,,0.0,,
8200,8,1,14233,2,3,33671433,3,1324755362,0000000369,СКЛАД - ОСНОВЕН,11.Консумативи,"Градински маркуч TRICO 1`, 25м.",,,0.0,,0.0,,
8200,9,1,14235,2,6,37789356,23,1324639162,0000000201,СКЛАД - ОСНОВЕН,Релета,Реле мини тип PT 14 пина 4CO 24VDC 6A,,,0.0,,0.0,,
8200,10,1,14236,2,6,37789356,24,1324639162,0000000201,СКЛАД - ОСНОВЕН,Релета,"Цокъл за реле RS/PT5 4CO, винт.кл. 10А",,,0.0,,0.0,,
8200,11,1,14237,2,6,37789356,25,1324639162,0000000201,СКЛАД - ОСНОВЕН,Релета,Реле мини тип PT 14 пина 4CO 24VDC 6A,,,0.0,,0.0,,
8200,12,1,14238,2,6,37789356,26,1324639162,0000000201,СКЛАД - ОСНОВЕН,Релета,"Цокъл за реле RS/PT5 4CO, винт.кл. 10А",,,0.0,,0.0,,
8200,13,1,14240,2,6,37789356,27,1324639162,0000000201,СКЛАД - ОСНОВЕН,Тапи на резба,Тапа 304L 3/4“,,,0.0,,0.0,,
8200,14,1,14241,2,6,37789356,28,1324639162,0000000201,СКЛАД - ОСНОВЕН,Тапи на резба,Тапа 304L 1/2``,,,0.0,,0.0,,
8200,15,1,14245,2,6,37789356,29,1324639162,0000000201,СКЛАД - ОСНОВЕН,5.Кранове.,Кран 2 части 316L сфер. на фл. със задв. 1“,025071195781,,0.0,,0.0,,
8200,16,1,14247,2,6,37789356,30,1324639162,0000000201,СКЛАД - ОСНОВЕН,4.Фланци,Уплътнение CF3000 PTFE DN25,,,0.0,,0.0,,
8200,17,1,14250,2,6,37353074,2,1324734135,0000000202,СКЛАД - ОСНОВЕН,М5,"Винт самопр. vZn М5,5х32",,,0.0,,0.0,,
8200,18,1,14251,2,6,37353074,3,1324734135,0000000202,СКЛАД - ОСНОВЕН,М12,Шайба подложна vZn М12,,,0.0,,0.0,,
8200,19,1,14252,2,6,37353074,4,1324734135,0000000202,СКЛАД - ОСНОВЕН,М12,Шайба пружинна vZn М12,,,0.0,,0.0,,
8200,20,1,14253,2,6,37353074,5,1324734135,0000000202,СКЛАД - ОСНОВЕН,М12,Гайка шест. А2 М12,,,0.0,,0.0,,
8200,21,1,14254,2,6,37353074,6,1324734135,0000000202,СКЛАД - ОСНОВЕН,4.Фланци,Фланец плосък 304 T8 PN16 DN25,,,0.0,,0.0,,
8200,22,1,14255,2,6,37353074,7,1324734135,0000000202,СКЛАД - ОСНОВЕН,4.Фланци,Фланец плосък 304 T8 PN16 DN25,,,0.0,,0.0,,
8200,23,1,14259,2,6,39587597,5,1324640825,0000000203,СКЛАД - ОСНОВЕН,5.Кранове.,Кран сферичен 316L на рез. DN15,,,0.0,,0.0,,
8200,24,1,14261,2,6,39587597,6,1324640825,0000000203,СКЛАД - ОСНОВЕН,2.Фитинги за заваряване,"Коляно 90° 304L заварка (33,7х2) 1``",,,0.0,,0.0,,
8200,25,1,14262,2,6,39587597,7,1324640825,0000000203,СКЛАД - ОСНОВЕН,М12,Гайка шест. А2 М12,,,0.0,,0.0,,
8200,26,1,14263,2,6,39587597,8,1324640825,0000000203,СКЛАД - ОСНОВЕН,М12,Шайба подложна А2 М12,,,0.0,,0.0,,
8462,0,1,14264,2,6,39587597,9,1324640825,0000000203,СКЛАД - ОСНОВЕН,М12,Шайба пружинна А2 М12,,,0.0,,0.0,,
8462,1,1,14267,2,6,39584947,4,1325253628,0000000204,СКЛАД - ОСНОВЕН,М12,Шайба подложна А2 М12,,,0.0,,0.0,,
8462,2,1,14268,2,6,39584947,14,1325253628,0000000204,СКЛАД - ОСНОВЕН,М12,Гайка шест. А2 М12,,,20.0,бр.,23.0,бр.,
8462,3,1,14270,2,6,39587597,9,1324640825,0000000203,СКЛАД - ОСНОВЕН,М12,Шайба пружинна А2 М12,,,0.0,,0.0,,
8462,4,1,14271,2,6,39587597,8,1324640825,0000000203,СКЛАД - ОСНОВЕН,М12,Шайба подложна А2 М12,,,0.0,,0.0,,
8462,5,1,14272,2,6,39587597,7,1324640825,0000000203,СКЛАД - ОСНОВЕН,М12,Гайка шест. А2 М12,,,0.0,,0.0,,
8462,6,1,14275,2,6,39584947,15,1325253628,0000000204,СКЛАД - ОСНОВЕН,М12,Шайба подложна А2 М12,,,0.0,,0.0,,
8462,7,1,14276,2,6,39584947,16,1325253628,0000000204,СКЛАД - ОСНОВЕН,М12,Шайба пружинна А2 М12,,,20.0,бр.,40.0,бр.,
8462,8,1,14278,2,6,39584947,16,1325253628,0000000204,СКЛАД - ОСНОВЕН,М12,Шайба пружинна А2 М12,,,0.0,,0.0,,
8462,9,1,14279,2,6,39584947,11,1325253628,0000000204,СКЛАД - ОСНОВЕН,М8,Шайба пружинна vZn М8,,,0.0,,0.0,,
8462,10,1,14280,2,6,39584947,3,1325253628,0000000204,СКЛАД - ОСНОВЕН,М12,Болт с шест.гл. 8.8 vZn М12х40,,,0.0,,0.0,,
8462,11,1,14281,2,6,39584947,13,1325253628,0000000204,СКЛАД - ОСНОВЕН,М12,Болт с шест.гл. 8.8 vZn М12х55,,,0.0,,0.0,,
8462,12,1,14282,2,6,39584947,8,1325253628,0000000204,СКЛАД - ОСНОВЕН,М8,Болт с шест.гл. 8.8 vZn М8х35,,,0.0,,0.0,,
8462,13,1,14283,2,6,39584947,9,1325253628,0000000204,СКЛАД - ОСНОВЕН,М8,Гайка шест. 8 vZn М8,,,0.0,,0.0,,
8462,14,1,14284,2,6,39584947,14,1325253628,0000000204,СКЛАД - ОСНОВЕН,М12,Гайка шест. А2 М12,,,0.0,,0.0,,
8462,15,1,14285,2,6,39584947,12,1325253628,0000000204,СКЛАД - ОСНОВЕН,Кабелни Канали,Кабелна скара перфорирана с интегриран съедините,,,0.0,,0.0,,
8462,16,1,14286,2,6,39584947,1,1325253628,0000000204,СКЛАД - ОСНОВЕН,2.Фитинги за заваряване,"Коляно 90° 304L заварка (33,7х2) 1``",,,0.0,,0.0,,
8462,17,1,14287,2,6,39584947,10,1325253628,0000000204,СКЛАД - ОСНОВЕН,М8,Шайба подложна vZn М8,,,0.0,,0.0,,
8462,18,1,14288,2,6,39584947,5,1325253628,0000000204,СКЛАД - ОСНОВЕН,4.Фланци,Фланец плосък с резба 304L PN10/16/40 DN25 x1“,,,0.0,,0.0,,
8462,19,1,14289,2,6,39584947,2,1325253628,0000000204,СКЛАД - ОСНОВЕН,4.Фланци,Фланец плосък 304 T8 PN16 DN25,,,0.0,,0.0,,
8462,20,1,14290,2,6,39584947,7,1325253628,0000000204,СКЛАД - ОСНОВЕН,4.Фланци,Уплътнение CF3000 PTFE DN25,,,0.0,,0.0,,
8462,21,1,14291,2,6,39584947,6,1325253628,0000000204,СКЛАД - ОСНОВЕН,7.PP връзки,Преход мъжки 32х1“,,,0.0,,0.0,,
8462,22,1,14294,2,6,48993734,1,1325258286,0000000204,СКЛАД - ОСНОВЕН,2.Фитинги за заваряване,"Коляно 90° 304L заварка (33,7х2) 1``",,,0.0,,0.0,,
8462,23,1,14297,2,6,36215302,2,1325258499,0000000204,СКЛАД - ОСНОВЕН,4.Фланци,Фланец плосък 304 T8 PN16 DN25,,,0.0,,0.0,,
8462,24,1,14299,2,6,36215302,3,1325258499,0000000204,СКЛАД - ОСНОВЕН,М12,Болт с шест.гл. 8.8 vZn М12х40,,,0.0,,0.0,,
8462,25,1,14301,2,6,36215302,3,1325258499,0000000204,СКЛАД - ОСНОВЕН,М12,Болт с шест.гл. 8.8 vZn М12х40,,,1.0,бр.,19.0,бр.,
8462,26,1,14303,2,6,36215302,4,1325258499,0000000204,СКЛАД - ОСНОВЕН,4.Фланци,Фланец плосък с резба 304L PN10/16/40 DN25 x1“,,,0.0,,0.0,,
8462,27,1,14304,2,6,36215302,5,1325258499,0000000204,СКЛАД - ОСНОВЕН,7.PP връзки,Преход мъжки 32х1“,,,0.0,,0.0,,
8469,0,1,14305,2,6,36215302,4,1325258499,0000000204,СКЛАД - ОСНОВЕН,4.Фланци,Фланец плосък с резба 304L PN10/16/40 DN25 x1“,,,0.0,,0.0,,
8469,1,1,14306,2,6,36215302,6,1325258499,0000000204,СКЛАД - ОСНОВЕН,4.Фланци,Фланец плосък с резба 304L PN10/16/40 DN25 x1“,,,0.0,,0.0,,
8469,2,1,14308,2,6,36215302,7,1325258499,0000000204,СКЛАД - ОСНОВЕН,4.Фланци,Уплътнение CF3000 PTFE DN25,,,0.0,,0.0,,
8469,3,1,14310,2,6,36215302,8,1325258499,0000000204,СКЛАД - ОСНОВЕН,М8,Болт с шест.гл. 8.8 vZn М8х35,,,0.0,,0.0,,
8469,4,1,14311,2,6,36215302,9,1325258499,0000000204,СКЛАД - ОСНОВЕН,М8,Гайка шест. 8 vZn М8,,,0.0,,0.0,,
8469,5,1,14312,2,6,36215302,10,1325258499,0000000204,СКЛАД - ОСНОВЕН,М8,Шайба подложна vZn М8,,,0.0,,0.0,,
8469,6,1,14313,2,6,36215302,11,1325258499,0000000204,СКЛАД - ОСНОВЕН,М8,Шайба пружинна vZn М8,,,0.0,,0.0,,
8469,7,1,14315,2,6,36215302,12,1325258499,0000000204,СКЛАД - ОСНОВЕН,Кабелни Канали,Кабелна скара перфорирана с интегриран съедините,,,0.0,,0.0,,
8469,8,1,14317,2,6,36215302,13,1325258499,0000000204,СКЛАД - ОСНОВЕН,7.PP връзки,Тръба за топла вода PP ф32,,,0.0,,0.0,,
8469,9,1,14318,2,6,36215302,14,1325258499,0000000204,СКЛАД - ОСНОВЕН,7.PP връзки,Коляно 90° ф40,,,0.0,,0.0,,
8469,10,1,14320,2,6,36215302,15,1325258499,0000000204,СКЛАД - ОСНОВЕН,М12,Болт с шест.гл. 8.8 vZn М12х55,,,0.0,,0.0,,
8469,11,1,14321,2,6,36215302,16,1325258499,0000000204,СКЛАД - ОСНОВЕН,М12,Гайка шест. А2 М12,,,0.0,,0.0,,
8469,12,1,14323,2,6,36215302,17,1325258499,0000000204,СКЛАД - ОСНОВЕН,М12,Шайба подложна А2 М12,,,0.0,,0.0,,
8469,13,1,14324,2,6,36215302,18,1325258499,0000000204,СКЛАД - ОСНОВЕН,М12,Шайба пружинна А2 М12,,,0.0,,0.0,,
8469,14,1,14326,2,6,36215302,19,1325258499,0000000204,СКЛАД - ОСНОВЕН,11.Консумативи,"Тръба електроизолационна, гофре 16мм.",,,0.0,,0.0,,
8469,15,1,14327,2,6,36215302,15,1325258499,0000000204,СКЛАД - ОСНОВЕН,М12,Болт с шест.гл. 8.8 vZn М12х55,,,0.0,,0.0,,
8469,16,1,14328,2,6,36215302,20,1325258499,0000000204,СКЛАД - ОСНОВЕН,М12,Болт с шест.гл. 8.8 vZn М12х55,,,0.0,,0.0,,
8469,17,1,14329,2,6,36215302,21,1325258499,0000000204,СКЛАД - ОСНОВЕН,7.PP връзки,Преход женски 32х3/4“,,,0.0,,0.0,,
8469,18,1,14330,2,6,36215302,22,1325258499,0000000204,СКЛАД - ОСНОВЕН,М12,Болт с шест.гл. 8.8 vZn М12х45,,,0.0,,0.0,,
8469,19,1,14331,2,6,36215302,23,1325258499,0000000204,СКЛАД - ОСНОВЕН,М12,Гайка шест. 8 vZn М12,,,0.0,,0.0,,
8469,20,1,14333,2,6,36215302,16,1325258499,0000000204,СКЛАД - ОСНОВЕН,М12,Гайка шест. А2 М12,,,20.0,бр.,21.0,бр.,
8469,21,1,14335,2,6,36215302,24,1325258499,0000000204,СКЛАД - ОСНОВЕН,Фитинги - Щуцер на резба,Щуцер за маркуч 304 1/2“,,,0.0,,0.0,,
8469,22,1,14336,2,6,36215302,25,1325258499,0000000204,СКЛАД - ОСНОВЕН,Преходи на резба,Преход 316L вътрешна резба 150LBS 3/4“х1/2“,,,0.0,,0.0,,
8469,23,1,14339,2,6,33818093,5,1325260787,0000000205,СКЛАД - ОСНОВЕН,7.PP връзки,Муфа PP 1“,,,1.0,бр.,2.0,бр.,
8469,24,1,14340,2,6,33818093,6,1325260787,0000000205,СКЛАД - ОСНОВЕН,5.Кранове.,Кран сферичен 316L на рез. DN15,,,0.0,,0.0,,
8469,25,1,14341,2,6,33818093,7,1325260787,0000000205,СКЛАД - ОСНОВЕН,Нипели на резба,Нипел шестостен 304L 150LBS 1/2“,,,0.0,,0.0,,
8469,26,1,14342,2,6,33818093,8,1325260787,0000000205,СКЛАД - ОСНОВЕН,Муфи на резба,"Муфа 304L резбa 150LBS L45, 1 1/2``",,,0.0,,0.0,,
8507,0,1,14362,2,3,47027000,3,1325339110,0000000371,СКЛАД - ОСНОВЕН,9.Други,Контакт вграден IEN 3253,1,,6.48,M,7.2,M,
8507,1,1,14363,2,3,47027000,3,1325339110,0000000371,СКЛАД - ОСНОВЕН,9.Други,Контакт вграден IEN 3253,1,,0.0,%,-11.1111111111111,%,
8507,2,1,14366,2,3,47027000,1,1325339110,0000000371,СКЛАД - ОСНОВЕН,М12,"Шпилка ф12, 1м",,,2.52,M,2.27,M,
8507,3,1,14367,2,3,47027000,1,1325339110,0000000371,СКЛАД - ОСНОВЕН,М12,"Шпилка ф12, 1м",,,0.0,%,9.92063492063492,%,
8507,4,1,14368,2,3,47027000,2,1325339110,0000000371,СКЛАД - ОСНОВЕН,М12,Гайка самоос. PRO M (4бр.) М12,,,0.85,M,0.77,M,
8507,5,1,14369,2,3,47027000,2,1325339110,0000000371,СКЛАД - ОСНОВЕН,М12,Гайка самоос. PRO M (4бр.) М12,,,0.0,%,9.41176470588235,%,
8507,6,1,14370,2,3,47027000,3,1325339110,0000000371,СКЛАД - ОСНОВЕН,9.Други,Контакт вграден IEN 3253,1,,7.2,M,6.48,M,
8507,7,1,14371,2,3,47027000,3,1325339110,0000000371,СКЛАД - ОСНОВЕН,9.Други,Контакт вграден IEN 3253,1,,-11.1111111111111,%,5.835609773185981e-15,%,
8507,8,1,14504,2,6,38643025,3,1326832593,0000000219,СКЛАД - ОСНОВЕН,11.Консумативи,Скоба за тръба 1 1/2`,,,0.0,,0.0,,
8507,9,1,14547,2,6,35158602,2,1326838309,0000000222,СКЛАД - ОСНОВЕН,2.Фитинги за заваряване,"Коляно 90° 304L заварка (33,7х2) 1``",,,0.0,,0.0,,
8507,10,1,14548,2,6,35158602,3,1326838309,0000000222,СКЛАД - ОСНОВЕН,4.Фланци,Фланец плосък 304 T8 PN16 DN25,,,0.0,,0.0,,
8507,11,1,14549,2,6,35158602,4,1326838309,0000000222,СКЛАД - ОСНОВЕН,Нипели на резба,Нипел шестостен 316L 150LBS 1/2“,,,0.0,,0.0,,
8507,12,1,14550,2,6,35158602,5,1326838309,0000000222,СКЛАД - ОСНОВЕН,5.Кранове.,Кран сферичен 316L на рез. DN15,,,0.0,,0.0,,
8507,13,1,14551,2,6,35158602,6,1326838309,0000000222,СКЛАД - ОСНОВЕН,4.Фланци,Уплътнение CF3000 PTFE DN25,,,0.0,,0.0,,
8507,14,1,14552,2,6,35158602,7,1326838309,0000000222,СКЛАД - ОСНОВЕН,5.Кранове.,Кран 2 части 316L сфер. на фл. PN40 1“,14483172403261,,0.0,,0.0,,
8507,15,1,14564,2,6,36094980,1,1327549607,0000000227,СКЛАД - ОСНОВЕН,Фитинги - Щуцер на резба,Щуцер за маркуч 304 1/2“,,,0.0,,0.0,,
8507,16,1,14615,2,6,43702109,2,1321956212,0000000142,СКЛАД - ОСНОВЕН,Сензори,Сензор за газ H2 GS-220,25070100100,,0.0,,0.0,,
8507,17,1,14648,2,3,49127269,3,1330234360,0000000383,СКЛАД - ОСНОВЕН,9.Други,Консумативи,,,0.0,,0.0,,
8507,18,1,14649,2,3,49127269,3,1330234360,0000000383,СКЛАД - ОСНОВЕН,9.Други,Консумативи,,,1.0,M,10.3,M,
8507,19,1,14650,2,3,49127269,3,1330234360,0000000383,СКЛАД - ОСНОВЕН,9.Други,Консумативи,,,0.0,%,-930.0,%,
8507,20,1,14709,2,3,38000189,1,1330254790,0000000387,СКЛАД - ОСНОВЕН,WAGO, 4 канален аналогов изход,,,0.0,,0.0,,
8507,21,1,15033,2,3,36257364,5,1330731976,0000000410,СКЛАД - ОСНОВЕН,7.Кабели,Кабелна връзка 4.8х250 БМ (100бр.) черна,,,0.0,,0.0,,
8507,22,1,15201,2,6,46108195,6,1331556954,0000000238,0. СКЛАД - ОСНОВЕН,М12,Шайба пружинна vZn М12,,,0.0,,0.0,,
8507,23,1,15202,2,6,46108195,7,1331556954,0000000238,0. СКЛАД - ОСНОВЕН,4.Фланци,Уплътнение CF3000 PTFE DN25,,,0.0,,0.0,,
8507,24,1,15203,2,6,46108195,7,1331556954,0000000238,0. СКЛАД - ОСНОВЕН,4.Фланци,Уплътнение CF3000 PTFE DN25,,,0.0,,0.0,,
8507,25,1,15204,2,6,46108195,7,1331556954,0000000238,0. СКЛАД - ОСНОВЕН,4.Фланци,Фланец плосък 304 T8 PN16 DN25,,,0.0,,0.0,,
8507,26,1,15205,2,6,46108195,8,1331556954,0000000238,0. СКЛАД - ОСНОВЕН,4.Фланци,Фланец плосък с резба 304L PN10/16/40 DN25 x1“,,,0.0,,0.0,,
6423,0,1,15206,2,6,46108195,9,1331556954,0000000238,0. СКЛАД - ОСНОВЕН,Нипели на резба,Нипел намалител 316L 150LBS 1“х1/2“,,,0.0,,0.0,,
6423,1,1,15351,2,3,37325624,2,1331732500,0000000420,0. СКЛАД - ОСНОВЕН,7.Кабели,Кабел patch S/FTP Vat.6 LSZH 0.15m сив,,,0.0,,0.0,,
6423,2,1,15355,2,6,46735976,3,1331633097,0000000270,0. СКЛАД - ОСНОВЕН,4.Фланци,Уплътнение CF3000 PTFE DN50,,,0.0,,0.0,,
6423,3,1,15356,2,6,46735976,4,1331633097,0000000270,0. СКЛАД - ОСНОВЕН,7.Кабели,"Кабел ШВПС 5х1,5, бял",,,0.0,,0.0,,
6423,4,1,15382,2,3,42606361,4,1331734206,0000000422,0. СКЛАД - ОСНОВЕН,Преходи на резба,Преход 316L вътрешна резба 150LBS 1 1/2“-1“,,,0.0,,0.0,,
6423,5,1,15383,2,3,42606361,5,1331734206,0000000422,0. СКЛАД - ОСНОВЕН,2.Фитинги за заваряване,Концентричен нам. 304L (26.9x21.3x2) 3/4“-1/2“,,,0.0,,0.0,,
6423,6,1,15384,2,3,42606361,6,1331734206,0000000422,0. СКЛАД - ОСНОВЕН,2.Фитинги за заваряване,Концентричен нам. 304L (33.7x26.9x2) 1“-3/4“,,,0.0,,0.0,,
6423,7,1,15385,2,3,42606361,7,1331734206,0000000422,0. СКЛАД - ОСНОВЕН,1.Тръби,Изолация тръбна RUBAFLEX 9x43,,,0.0,,0.0,,
6423,8,1,15401,2,3,38167661,8,1331736050,0000000424,0. СКЛАД - ОСНОВЕН,2.Фитинги за заваряване,Полунипел 316L 150LBS 3/4“,,,0.0,,0.0,,
6423,9,1,15402,2,3,38167661,9,1331736050,0000000424,0. СКЛАД - ОСНОВЕН,2.Фитинги за заваряване,Полунипел 316L 150LBS EU 1“,,,0.0,,0.0,,
6423,10,1,15403,2,3,38167661,7,1331736050,0000000424,0. СКЛАД - ОСНОВЕН,2.Фитинги за заваряване,Полунипел 316L 150LBS 1/2“,,,0.0,,0.0,,
6423,11,1,15414,2,3,38167661,10,1331736050,0000000424,0. СКЛАД - ОСНОВЕН,2.Фитинги за заваряване,Полунипел 316L 150LBS 1/2“,,,0.0,,0.0,,
6423,12,1,15473,2,3,43964698,1,1331741678,0000000429,0. СКЛАД - ОСНОВЕН,WAGO,750-1405 (Вход цифров 16 канален 24VDC),,,0.0,,0.0,,
6423,13,1,16800,2,6,46819271,10,1333941082,0000000275,0. СКЛАД - ОСНОВЕН,Фитинги - Щуцер на резба,Щуцер за маркуч 304 1/2“,,,0.0,,0.0,,
6423,14,1,17102,2,3,36564598,2,1330360782,0000000406,0. СКЛАД - ОСНОВЕН,Сензори,Дебитомер SLAENH-207367,06C62200410,,0.0,,0.0,,
6423,15,1,17110,2,3,35583134,1,1335332919,0000000460,0. СКЛАД - ОСНОВЕН,WAGO,787-1602 (Classic SMPS 1-фаз.),,,0.0,,0.0,,
