__SOURCE_PAGE,__SOURCE_LINE,__RECORD_FORMAT,ID,OFFICE_ID,OLD_SMTYPE,OLD_DATETIME,OLD_DT_STP,OLD_DT_DOC,OLD_SMETKA
1753,0,1,38,0,7,3157303,0,1300162319,ръчна редакция
1753,1,1,39,0,7,3157303,0,1300162319,ръчна редакция
1753,2,1,40,0,7,3157303,0,1300162319,ръчна редакция
1753,3,1,41,0,7,3157303,0,1300162319,ръчна редакция
1753,4,1,42,0,7,3157303,0,1300162319,ръчна редакция
1753,5,1,43,0,7,3157303,0,1300162319,ръчна редакция
1753,6,1,44,0,7,3157303,0,1300162319,ръчна редакция
1753,7,1,45,0,7,3157303,0,1300162319,ръчна редакция
1753,8,1,46,0,7,3157303,0,1300162319,ръчна редакция
1753,9,1,47,0,7,3157303,0,1300162319,ръчна редакция
1753,10,1,48,0,7,3157303,0,1300162319,ръчна редакция
1753,11,1,49,0,7,3157303,0,1300162319,ръчна редакция
1753,12,1,50,0,7,3157303,0,1300162319,ръчна редакция
1753,13,1,51,0,7,3157303,0,1300162319,ръчна редакция
1753,14,1,52,0,7,3157303,0,1300162319,ръчна редакция
1753,15,1,53,0,7,3157303,0,1300162319,ръчна редакция
1753,16,1,54,0,7,3157303,0,1300162319,ръчна редакция
1753,17,1,55,0,7,3157303,0,1300162319,ръчна редакция
1753,18,1,56,0,7,3157303,0,1300162319,ръчна редакция
1753,19,1,57,0,7,3157303,0,1300162319,ръчна редакция
1753,20,1,58,0,7,3157303,0,1300162319,ръчна редакция
1753,21,1,59,0,7,3157303,0,1300162319,ръчна редакция
1753,22,1,60,0,7,3157303,0,1300162319,ръчна редакция
1753,23,1,61,0,7,3157303,0,1300162319,ръчна редакция
1753,24,1,62,0,7,3157303,0,1300162319,ръчна редакция
1753,25,1,63,0,7,3157303,0,1300162319,ръчна редакция
1753,26,1,64,0,7,3157303,0,1300162319,ръчна редакция
1753,27,1,65,0,7,3157303,0,1300162319,ръчна редакция
1753,28,1,66,0,7,3157303,0,1300162319,ръчна редакция
1753,29,1,67,0,7,3157303,0,1300162319,ръчна редакция
1753,30,1,68,0,7,3157303,0,1300162319,ръчна редакция
1753,31,1,69,0,7,3157303,0,1300162319,ръчна редакция
1753,32,1,70,0,7,3157303,0,1300162319,ръчна редакция
1753,33,1,71,0,7,3157303,0,1300162319,ръчна редакция
1753,34,1,72,0,7,3157303,0,1300162319,ръчна редакция
1753,35,1,73,0,7,3157303,0,1300162319,ръчна редакция
1753,36,1,74,0,7,3157303,0,1300162319,ръчна редакция
1753,37,1,75,0,7,3157303,0,1300162319,ръчна редакция
1753,38,1,76,0,7,3157303,0,1300162319,ръчна редакция
1753,39,1,78,0,7,3157303,0,1300162319,ръчна редакция
1753,40,1,80,0,7,3157303,0,1300162319,ръчна редакция
1753,41,1,81,0,7,3157303,0,1300162319,ръчна редакция
1753,42,1,83,0,7,3157303,0,1300162319,ръчна редакция
1753,43,1,85,0,7,3157303,0,1300162319,ръчна редакция
1753,44,1,87,0,7,3157303,0,1300162319,ръчна редакция
1753,45,1,89,0,7,3157303,0,1300162319,ръчна редакция
1753,46,1,92,0,36,12821520,-2,1300247154,
1753,47,1,93,0,36,12821520,-2,1300247180,
1753,48,1,95,0,37,1431403,-1,1302047198,0000000001
1753,49,1,96,0,37,1431403,-1,1302047198,0000000001
1753,50,1,100,0,6,10412533,0,1300248184,0000000001
1753,51,1,101,0,30,1431403,8743438,1300248315,0000000001
1753,52,1,102,0,6,10412533,0,1300248184,0000000001
5257,0,1,105,0,30,1431403,8743438,1300248315,0000000001
5257,1,1,106,0,37,1431403,-1,1302047198,0000000001
5257,2,1,107,0,3,6878510,0,1300260009,0000000001
5257,3,1,109,0,3,6878510,0,1300260009,0000000001
5257,4,1,110,0,7,9914786,0,1300260521,ръчна редакция
5257,5,1,111,0,7,9914786,0,1300260521,ръчна редакция
5257,6,1,112,0,7,9914786,0,1300260521,ръчна редакция
5257,7,1,114,0,6,11810467,0,1300261240,0000000002
5257,8,1,117,0,6,10412533,0,1300248184,0000000001
5257,9,1,119,0,6,11810467,0,1300261240,0000000002
5257,10,1,121,0,6,2024181,0,1300333203,0000000002
5257,11,1,123,0,6,2024181,0,1300333203,0000000002
5257,12,1,126,0,6,2024181,0,1300333203,0000000002
5257,13,1,128,0,6,2024181,0,1300333203,0000000002
5257,14,1,132,0,6,2024181,0,1300333203,0000000002
5257,15,1,134,0,6,13280133,0,1300657971,0000000003
5257,16,1,136,0,3,1826566,0,1300661242,0000000002
5257,17,1,141,0,7,10248330,0,1300754296,ръчна редакция
5257,18,1,142,0,7,10248330,0,1300754296,ръчна редакция
5257,19,1,143,0,7,10248330,0,1300754296,ръчна редакция
5257,20,1,144,0,7,10248330,0,1300754296,ръчна редакция
5257,21,1,145,0,7,10248330,0,1300754296,ръчна редакция
5257,22,1,146,0,7,10248330,0,1300754296,ръчна редакция
5257,23,1,147,0,7,10248330,0,1300754296,ръчна редакция
5257,24,1,149,0,7,10248330,0,1300754296,ръчна редакция
5257,25,1,151,0,7,10248330,0,1300754296,ръчна редакция
5257,26,1,152,0,7,10248330,0,1300754296,ръчна редакция
5257,27,1,155,0,7,10248330,0,1300754296,ръчна редакция
5257,28,1,156,0,7,10248330,0,1300754296,ръчна редакция
5257,29,1,157,0,7,10248330,0,1300754296,ръчна редакция
5257,30,1,170,0,6,5699944,0,1300838112,0000000004
5257,31,1,171,0,7,10515836,0,1300838268,ръчна редакция
5257,32,1,174,0,6,5699944,0,1300838112,0000000004
5257,33,1,175,0,7,10515836,0,1300838268,ръчна редакция
5257,34,1,178,0,3,6632939,0,1300838936,0000000003
5257,35,1,179,0,7,10515836,0,1300838268,ръчна редакция
5257,36,1,185,0,3,3165006,0,1300840392,0000000004
5257,37,1,186,2,36,1300860839,-2,1300862650,
5257,38,1,187,2,36,1300860756,-2,1300862652,
5257,39,1,188,2,36,1300860652,-2,1300862653,
5257,40,1,190,2,36,12821520,-2,1300762740,
5257,41,1,192,2,36,1300860652,-2,1300864371,
5257,42,1,196,2,36,1300860652,-2,1300864461,
5257,43,1,197,2,7,39904921,0,1300964437,ръчна редакция
5257,44,1,198,2,7,39904921,0,1300964437,ръчна редакция
5257,45,1,203,2,36,1300860839,-2,1301033717,
5257,46,1,204,2,36,1300860756,-2,1301033719,
5257,47,1,205,2,36,1300860652,-2,1301033720,
5257,48,1,206,2,3,45452706,0,1301033731,0000000005
5257,49,1,254,2,3,39972610,0,1301039128,0000000006
5257,50,1,281,2,6,49295105,0,1301045186,0000000005
5257,51,1,283,2,3,42051419,0,1301046530,0000000007
5257,52,1,287,2,6,49295105,0,1301045186,0000000005
5257,53,1,291,2,6,49295105,0,1301045186,0000000005
5257,54,1,292,2,36,1300860756,-2,1301056493,
5371,0,1,312,2,6,45100278,0,1301333838,0000000006
5371,1,1,314,2,6,45100278,0,1301333838,0000000006
5371,2,1,315,2,7,35561718,0,1301338028,ръчна редакция
5371,3,1,316,2,7,35561718,0,1301338028,ръчна редакция
5371,4,1,317,2,7,35561718,0,1301338028,ръчна редакция
5371,5,1,318,2,7,35561718,0,1301338028,ръчна редакция
5371,6,1,329,2,3,44607876,0,1301442025,0000000008
5371,7,1,331,2,7,38228518,0,1301442868,ръчна редакция
5371,8,1,333,2,3,44607876,0,1301442025,0000000008
5371,9,1,334,2,7,38228518,0,1301442868,ръчна редакция
5371,10,1,336,2,6,36157225,0,1301443470,0000000007
5371,11,1,338,2,7,38228518,0,1301442868,ръчна редакция
5371,12,1,339,2,7,38228518,0,1301442868,ръчна редакция
5371,13,1,346,2,6,36157225,0,1301443470,0000000007
5371,14,1,347,2,7,45667912,0,1301532952,ръчна редакция
5371,15,1,348,2,6,36157225,0,1301443470,0000000007
5371,16,1,350,2,3,33676461,0,1301533578,0000000009
5371,17,1,353,2,3,35412902,0,1301534433,0000000010
5371,18,1,354,2,6,50019308,0,1301534615,0000000008
5371,19,1,363,2,6,43025231,0,1301635788,0000000009
5371,20,1,364,2,7,42675388,0,1301636434,ръчна редакция
5371,21,1,365,2,7,42675388,0,1301636434,ръчна редакция
5371,22,1,369,2,6,43025231,0,1301635788,0000000009
5371,23,1,370,2,6,41379509,0,1301739936,0000000010
5371,24,1,371,2,3,44607876,0,1301442025,0000000008
5371,25,1,380,2,3,44607876,0,1301442025,0000000008
5371,26,1,384,2,37,40322419,-1,1302033624,0000000001
5371,27,1,385,2,37,40322419,-1,1302033624,0000000001
5371,28,1,386,2,6,39250253,0,1302038926,0000000011
5371,29,1,388,2,6,39250253,0,1302038926,0000000011
5371,30,1,389,2,30,40322419,43916536,1302050824,0000000001
5371,31,1,390,2,37,40322419,-1,1302033624,0000000001
5371,32,1,395,2,6,39250253,0,1302038926,0000000011
5371,33,1,396,2,6,39250253,0,1302038926,0000000011
5371,34,1,397,2,36,1300860839,-2,1302052976,
5371,35,1,398,2,36,1300860839,-2,1302053150,
5371,36,1,399,2,30,40322419,43916536,1302050824,0000000001
5371,37,1,400,2,37,40322419,-1,1302033624,0000000001
5371,38,1,401,2,37,47825919,-1,1302053399,0000000001
5371,39,1,402,2,30,47825919,39644232,1302053602,0000000001
5371,40,1,403,2,37,47825919,-1,1302053399,0000000001
5371,41,1,404,2,30,47825919,39644232,1302053602,0000000001
5371,42,1,412,2,6,39250253,0,1302038926,0000000011
5371,43,1,418,2,6,39250253,0,1302038926,0000000011
5371,44,1,420,2,6,39250253,0,1302038926,0000000011
5371,45,1,421,2,36,1300860839,-2,1302063011,
5371,46,1,422,2,37,43525288,-1,1302135232,0000000001
5371,47,1,423,2,30,43525288,50204605,1302135256,0000000001
5371,48,1,425,2,3,36002260,0,1302135630,0000000011
5371,49,1,426,2,36,1300860839,-2,1302135796,
5371,50,1,427,2,37,43525288,-1,1302135232,0000000001
5371,51,1,428,2,30,43525288,50204605,1302135256,0000000001
5371,52,1,429,2,37,49132890,-1,1302135909,0000000001
5498,0,1,430,2,30,49132890,37874140,1302135931,0000000001
5498,1,1,431,2,30,49132890,37874140,1302135931,0000000001
5498,2,1,433,2,7,50116269,0,1302152933,ръчна редакция
5498,3,1,434,2,7,50116269,0,1302152933,ръчна редакция
5498,4,1,435,2,7,50116269,0,1302152933,ръчна редакция
5498,5,1,436,2,7,50116269,0,1302152933,ръчна редакция
5498,6,1,437,2,7,50116269,0,1302152933,ръчна редакция
5498,7,1,438,2,7,50116269,0,1302152933,ръчна редакция
5498,8,1,439,2,30,49132890,37874140,1302135931,0000000001
5498,9,1,440,2,6,45941293,0,1302153122,0000000012
5498,10,1,441,2,30,49132890,37874140,1302135931,0000000001
5498,11,1,442,2,37,49132890,-1,1302135909,0000000001
5498,12,1,443,2,30,49132890,37874140,1302135931,0000000001
5498,13,1,446,2,6,45941293,0,1302153122,0000000012
5498,14,1,447,2,36,1300860756,-2,1302239708,
5498,15,1,450,2,3,50050216,0,1302241733,0000000012
5498,16,1,451,2,6,38343640,0,1302242686,0000000013
5498,17,1,452,2,7,48972783,0,1302255138,ръчна редакция
5498,18,1,454,2,6,38343640,0,1302242686,0000000013
5498,19,1,455,2,30,49132890,37874140,1302135931,0000000001
5498,20,1,458,2,3,38382876,0,1302264600,0000000013
5498,21,1,460,2,6,38343640,0,1302242686,0000000013
5498,22,1,461,2,30,49132890,37874140,1302135931,0000000001
5498,23,1,463,2,37,39297021,-1,1302333652,0000000002
5498,24,1,464,2,37,49132890,-1,1302135909,0000000001
5498,25,1,465,2,30,49132890,37874140,1302135931,0000000001
5498,26,1,466,2,30,39297021,36945574,1302341492,0000000002
5498,27,1,468,2,3,48492385,0,1302341564,0000000014
5498,28,1,469,2,6,36445432,0,1302341934,0000000014
5498,29,1,470,2,30,39297021,36945574,1302341492,0000000002
5498,30,1,471,2,30,49132890,37874140,1302135931,0000000001
5498,31,1,472,2,30,39297021,36945574,1302341492,0000000002
5498,32,1,473,2,7,38754417,0,1302343026,ръчна редакция
5498,33,1,474,2,7,38754417,0,1302343026,ръчна редакция
5498,34,1,475,2,7,38754417,0,1302343026,ръчна редакция
5498,35,1,476,2,7,38754417,0,1302343026,ръчна редакция
5498,36,1,477,2,7,38754417,0,1302343026,ръчна редакция
5498,37,1,478,2,7,38754417,0,1302343026,ръчна редакция
5498,38,1,479,2,7,38754417,0,1302343026,ръчна редакция
5498,39,1,480,2,7,38754417,0,1302343026,ръчна редакция
5498,40,1,481,2,7,38754417,0,1302343026,ръчна редакция
5498,41,1,482,2,7,38754417,0,1302343026,ръчна редакция
5498,42,1,483,2,7,38754417,0,1302343026,ръчна редакция
5498,43,1,484,2,7,38754417,0,1302343026,ръчна редакция
5498,44,1,485,2,7,38754417,0,1302343026,ръчна редакция
5498,45,1,486,2,7,38754417,0,1302343026,ръчна редакция
5498,46,1,487,2,7,38754417,0,1302343026,ръчна редакция
5498,47,1,488,2,7,38754417,0,1302343026,ръчна редакция
5498,48,1,490,2,7,38754417,0,1302343026,ръчна редакция
5498,49,1,491,2,7,38754417,0,1302343026,ръчна редакция
5498,50,1,492,2,7,38754417,0,1302343026,ръчна редакция
5558,0,1,493,2,7,38754417,0,1302343026,ръчна редакция
5558,1,1,494,2,7,38754417,0,1302343026,ръчна редакция
5558,2,1,495,2,7,38754417,0,1302343026,ръчна редакция
5558,3,1,496,2,7,38754417,0,1302343026,ръчна редакция
5558,4,1,497,2,7,38754417,0,1302343026,ръчна редакция
5558,5,1,498,2,7,38754417,0,1302343026,ръчна редакция
5558,6,1,499,2,7,38754417,0,1302343026,ръчна редакция
5558,7,1,500,2,7,38754417,0,1302343026,ръчна редакция
5558,8,1,501,2,7,38754417,0,1302343026,ръчна редакция
5558,9,1,502,2,7,38754417,0,1302343026,ръчна редакция
5558,10,1,503,2,7,38754417,0,1302343026,ръчна редакция
5558,11,1,504,2,7,38754417,0,1302343026,ръчна редакция
5558,12,1,505,2,7,38754417,0,1302343026,ръчна редакция
5558,13,1,506,2,7,38754417,0,1302343026,ръчна редакция
5558,14,1,507,2,7,38754417,0,1302343026,ръчна редакция
5558,15,1,508,2,7,38754417,0,1302343026,ръчна редакция
5558,16,1,514,2,6,36445432,0,1302341934,0000000014
5558,17,1,515,2,7,38754417,0,1302343026,ръчна редакция
5558,18,1,516,2,7,38754417,0,1302343026,ръчна редакция
5558,19,1,517,2,7,38754417,0,1302343026,ръчна редакция
5558,20,1,518,2,7,38754417,0,1302343026,ръчна редакция
5558,21,1,519,2,7,38754417,0,1302343026,ръчна редакция
5558,22,1,520,2,7,38754417,0,1302343026,ръчна редакция
5558,23,1,522,2,7,38754417,0,1302343026,ръчна редакция
5558,24,1,528,2,7,38754417,0,1302343026,ръчна редакция
5558,25,1,529,2,7,38754417,0,1302343026,ръчна редакция
5558,26,1,532,2,3,45264615,0,1302357353,0000000015
5558,27,1,535,2,6,36445432,0,1302341934,0000000014
5558,28,1,536,2,30,39297021,36945574,1302341492,0000000002
5558,29,1,540,2,3,37527279,0,1302362170,0000000016
5558,30,1,543,2,6,36445432,0,1302341934,0000000014
5558,31,1,544,2,30,39297021,36945574,1302341492,0000000002
5558,32,1,545,2,30,39297021,36945574,1302341492,0000000002
5558,33,1,546,2,7,47202388,0,1302363030,ръчна редакция
5558,34,1,547,2,7,47202388,0,1302363030,ръчна редакция
5558,35,1,548,2,30,39297021,36945574,1302341492,0000000002
5558,36,1,549,2,6,35652614,0,1302433775,0000000015
5558,37,1,550,2,30,39297021,36945574,1302341492,0000000002
5558,38,1,551,2,30,39297021,36945574,1302341492,0000000002
5558,39,1,552,2,7,44676541,0,1302434531,ръчна редакция
5558,40,1,554,2,7,44676541,0,1302434531,ръчна редакция
5558,41,1,557,2,7,44676541,0,1302434531,ръчна редакция
5558,42,1,558,2,7,44676541,0,1302434531,ръчна редакция
5558,43,1,559,2,30,39297021,36945574,1302341492,0000000002
5558,44,1,560,2,30,39297021,36945574,1302341492,0000000002
5558,45,1,563,2,6,35652614,0,1302433775,0000000015
5558,46,1,565,2,30,39297021,36945574,1302341492,0000000002
5558,47,1,566,2,3,41568590,0,1302439015,0000000017
5558,48,1,567,2,7,44676541,0,1302434531,ръчна редакция
5526,0,1,568,2,7,44676541,0,1302434531,ръчна редакция
5526,1,1,569,2,7,44676541,0,1302434531,ръчна редакция
5526,2,1,570,2,7,44676541,0,1302434531,ръчна редакция
5526,3,1,571,2,7,44676541,0,1302434531,ръчна редакция
5526,4,1,572,2,7,43013413,0,1302439834,ръчна редакция
5526,5,1,573,2,3,46806278,0,1302440687,0000000018
5526,6,1,574,2,7,44676541,0,1302434531,ръчна редакция
5526,7,1,575,2,7,44676541,0,1302434531,ръчна редакция
5526,8,1,576,2,7,44676541,0,1302434531,ръчна редакция
5526,9,1,578,2,6,35652614,0,1302433775,0000000015
5526,10,1,579,2,30,39297021,36945574,1302341492,0000000002
5526,11,1,582,2,3,41742386,0,1302462513,0000000019
5526,12,1,583,2,6,33898063,0,1302753912,0000000016
5526,13,1,585,2,6,33898063,0,1302753912,0000000016
5526,14,1,586,2,7,48408635,0,1302763375,ръчна редакция
5526,15,1,587,2,7,48408635,0,1302763375,ръчна редакция
5526,16,1,592,2,6,33898063,0,1302753912,0000000016
5526,17,1,599,2,3,38839568,0,1302833591,0000000020
5526,18,1,600,2,3,44088566,0,1302862987,0000000021
5526,19,1,601,2,7,44995001,0,1302864117,ръчна редакция
5526,20,1,602,2,6,35508917,0,1302933171,0000000017
5526,21,1,603,2,7,41615148,0,1302933461,ръчна редакция
5526,22,1,604,2,7,41615148,0,1302933461,ръчна редакция
5526,23,1,607,2,6,35508917,0,1302933171,0000000017
5526,24,1,612,2,6,35508917,0,1302933171,0000000017
5526,25,1,614,2,37,46887896,-1,1302934089,0000000003
5526,26,1,615,2,37,45505192,-1,1302934150,0000000004
5526,27,1,616,2,37,45505192,-1,1302934150,0000000004
5526,28,1,617,2,37,46887896,-1,1302934089,0000000003
5526,29,1,618,2,30,39297021,36945574,1302341492,0000000002
5526,30,1,619,2,30,39297021,36945574,1302341492,0000000002
5526,31,1,620,2,30,39297021,36945574,1302341492,0000000002
5526,32,1,622,2,6,35508917,0,1302933171,0000000017
5526,33,1,624,2,3,34039120,0,1302958692,0000000022
5526,34,1,627,2,6,35508917,0,1302933171,0000000017
5526,35,1,629,2,6,35508917,0,1302933171,0000000017
5526,36,1,630,2,6,43907630,0,1303051611,0000000018
5526,37,1,631,2,3,37387668,0,1303052648,0000000023
5526,38,1,634,2,3,37387668,0,1303052648,0000000023
5526,39,1,635,2,6,38097640,0,1303135467,0000000019
5526,40,1,637,2,6,38097640,0,1303135467,0000000019
5526,41,1,638,2,3,43579242,0,1303137901,0000000024
5526,42,1,640,2,3,43579242,0,1303137901,0000000024
5526,43,1,642,2,7,35550312,0,1303138612,ръчна редакция
5526,44,1,646,2,3,43579242,0,1303137901,0000000024
5526,45,1,647,2,6,36687580,0,1303534067,0000000020
5526,46,1,649,2,7,39602325,0,1303535596,ръчна редакция
5526,47,1,650,2,7,39602325,0,1303535596,ръчна редакция
5526,48,1,652,2,3,49165007,0,1303535747,0000000025
5526,49,1,654,2,6,36687580,0,1303534067,0000000020
5526,50,1,657,2,6,36687580,0,1303534067,0000000020
5526,51,1,659,2,3,36655735,0,1303551848,0000000026
5619,0,1,661,2,6,36687580,0,1303534067,0000000020
5619,1,1,683,2,6,34581046,0,1303638698,0000000021
5619,2,1,685,2,6,34581046,0,1303638698,0000000021
5619,3,1,687,2,6,34581046,0,1303638698,0000000021
5619,4,1,690,2,6,34581046,0,1303638698,0000000021
5619,5,1,691,2,6,42927623,0,1303736122,0000000022
5619,6,1,693,2,3,48827536,0,1303865207,0000000027
5619,7,1,712,2,3,48827536,0,1303865207,0000000027
5619,8,1,725,2,3,48827536,0,1303865207,0000000027
5619,9,1,735,2,3,48827536,0,1303865207,0000000027
5619,10,1,741,2,3,48827536,0,1303865207,0000000027
5619,11,1,742,2,3,48827536,0,1303865207,0000000027
5619,12,1,746,2,3,46404986,0,1303869947,0000000028
5619,13,1,747,2,3,43401378,0,1304932442,0000000029
5619,14,1,749,2,6,42927623,0,1303736122,0000000022
5619,15,1,750,2,6,46134798,0,1304934343,0000000023
5619,16,1,752,2,7,44415505,0,1304936279,ръчна редакция
5619,17,1,753,2,7,44415505,0,1304936279,ръчна редакция
5619,18,1,755,2,6,46134798,0,1304934343,0000000023
5619,19,1,757,2,6,46134798,0,1304934343,0000000023
5619,20,1,760,2,6,46134798,0,1304934343,0000000023
5619,21,1,767,2,6,46134798,0,1304934343,0000000023
5619,22,1,771,2,6,46134798,0,1304934343,0000000023
5619,23,1,772,2,6,46134798,0,1304934343,0000000023
5619,24,1,776,2,3,48727531,0,1305141456,0000000030
5619,25,1,780,2,7,44086415,0,1305142683,ръчна редакция
5619,26,1,782,2,7,44086415,0,1305142683,ръчна редакция
5619,27,1,783,2,7,44086415,0,1305142683,ръчна редакция
5619,28,1,784,2,3,38019176,0,1305142995,0000000031
5619,29,1,785,2,6,34500560,0,1305143397,0000000024
5619,30,1,788,2,3,46080348,0,1305155899,0000000032
5619,31,1,795,2,3,48085251,0,1305158037,0000000033
5619,32,1,796,2,3,48085251,0,1305158037,0000000033
5619,33,1,797,2,3,44383859,0,1305158413,0000000034
5619,34,1,798,2,3,42624232,0,1305158542,0000000035
5619,35,1,802,2,3,49623025,0,1305162736,0000000036
5619,36,1,805,2,3,41001099,0,1305234818,0000000037
5619,37,1,806,2,3,41028384,0,1305235075,0000000038
5619,38,1,812,2,3,37174955,0,1305236180,0000000039
5619,39,1,815,2,3,48811369,0,1305237529,0000000040
5619,40,1,816,2,6,46838331,0,1305238009,0000000025
5619,41,1,818,2,3,49937682,0,1305238695,0000000041
5619,42,1,819,2,7,41961569,0,1305239246,ръчна редакция
5619,43,1,820,2,7,41961569,0,1305239246,ръчна редакция
5619,44,1,821,2,3,50259698,0,1305239404,0000000042
5619,45,1,823,2,3,48350534,0,1305242582,0000000043
5619,46,1,826,2,7,41961569,0,1305239246,ръчна редакция
5619,47,1,827,2,7,41961569,0,1305239246,ръчна редакция
5619,48,1,828,2,37,34635578,-1,1306452490,0000000003
5619,49,1,838,2,6,46838331,0,1305238009,0000000025
5619,50,1,841,2,21,43018793,0,1305262698,0000000002
5619,51,1,842,2,3,41029011,0,1305262766,0000000044
5619,52,1,844,2,21,16031876,0,1300247417,0000000001
5673,0,1,851,2,3,44204736,0,1305538838,0000000045
5673,1,1,852,2,3,40574174,0,1305538994,0000000046
5673,2,1,853,2,3,48311715,0,1305539734,0000000047
5673,3,1,854,2,3,47201478,0,1305539864,0000000048
5673,4,1,855,2,3,42312747,0,1305542037,0000000049
5673,5,1,856,2,3,37379396,0,1305542754,0000000050
5673,6,1,858,2,6,46838331,0,1305238009,0000000025
5673,7,1,859,2,3,46974319,0,1305543191,0000000051
5673,8,1,861,2,6,46838331,0,1305238009,0000000025
5673,9,1,863,2,6,46838331,0,1305238009,0000000025
5673,10,1,869,2,6,46433949,0,1305634437,0000000026
5673,11,1,875,2,3,46788486,0,1305637064,0000000052
5673,12,1,883,2,3,38832036,0,1305644564,0000000053
5673,13,1,884,2,37,34635578,-1,1306452490,0000000003
5673,14,1,886,2,37,47922428,-1,1305651588,0000000003
5673,15,1,887,2,30,47922428,33601357,1305651745,0000000003
5673,16,1,888,2,37,47922428,-1,1305651588,0000000003
5673,17,1,889,2,30,47922428,33601357,1305651745,0000000003
5673,18,1,890,2,36,1300860652,-2,1305651842,
5673,19,1,891,2,37,39490959,-1,1305652288,0000000003
5673,20,1,892,2,30,39490959,45101724,1305652325,0000000003
5673,21,1,893,2,30,39490959,45101724,1305652325,0000000003
5673,22,1,894,2,30,39490959,33715958,1305652713,0000000003
5673,23,1,895,2,30,39490959,45101724,1305652325,0000000003
5673,24,1,896,2,37,39490959,-1,1305652288,0000000003
5673,25,1,897,2,30,39490959,33715958,1305652713,0000000003
5673,26,1,898,2,37,43116945,-1,1305653024,0000000003
5673,27,1,899,2,30,43116945,46613752,1305653096,0000000003
5673,28,1,900,2,36,1300860756,-2,1305653379,
5673,29,1,901,2,30,49132890,37874140,1302135931,0000000001
5673,30,1,905,2,3,38629448,0,1305655240,0000000054
5673,31,1,907,2,6,46433949,0,1305634437,0000000026
5673,32,1,908,2,30,43116945,46613752,1305653096,0000000003
5673,33,1,910,2,6,46433949,0,1305634437,0000000026
5673,34,1,911,2,6,46433949,0,1305634437,0000000026
5673,35,1,913,2,6,46433949,0,1305634437,0000000026
5673,36,1,916,2,6,46433949,0,1305634437,0000000026
5673,37,1,918,2,6,46433949,0,1305634437,0000000026
5673,38,1,920,2,6,46433949,0,1305634437,0000000026
5673,39,1,921,2,30,39297021,36945574,1302341492,0000000002
5673,40,1,922,2,30,39297021,36945574,1302341492,0000000002
5673,41,1,962,2,7,37585235,0,1305735670,ръчна редакция
5673,42,1,963,2,7,37585235,0,1305735670,ръчна редакция
5673,43,1,992,2,7,37585235,0,1305735670,ръчна редакция
5673,44,1,993,2,7,37585235,0,1305735670,ръчна редакция
5673,45,1,995,2,7,37585235,0,1305735670,ръчна редакция
5673,46,1,996,2,7,37585235,0,1305735670,ръчна редакция
5673,47,1,1011,2,3,38833811,0,1305741580,0000000055
5673,48,1,1017,2,3,46148290,0,1305749917,0000000056
5673,49,1,1025,2,6,46433949,0,1305634437,0000000026
5673,50,1,1026,2,7,37585235,0,1305735670,ръчна редакция
5673,51,1,1027,2,7,37585235,0,1305735670,ръчна редакция
5673,52,1,1028,2,7,37585235,0,1305735670,ръчна редакция
5605,0,1,1030,2,7,37585235,0,1305735670,ръчна редакция
5605,1,1,1056,2,3,49596078,0,1305834204,0000000057
5605,2,1,1070,2,3,49596078,0,1305834204,0000000057
5605,3,1,1071,2,6,42818507,0,1305836466,0000000027
5605,4,1,1073,2,6,42818507,0,1305836466,0000000027
5605,5,1,1075,2,6,42818507,0,1305836466,0000000027
5605,6,1,1086,2,6,42818507,0,1305836466,0000000027
5605,7,1,1087,2,30,39297021,36945574,1302341492,0000000002
5605,8,1,1091,2,3,39355756,0,1305862067,0000000058
5605,9,1,1106,2,3,39355756,0,1305862067,0000000058
5605,10,1,1107,2,3,37685575,0,1305932796,0000000059
5605,11,1,1113,2,3,37685575,0,1305932796,0000000059
5605,12,1,1117,2,3,38071344,0,1305934831,0000000060
5605,13,1,1118,2,6,46287621,0,1305934966,0000000028
5605,14,1,1119,2,30,39297021,36945574,1302341492,0000000002
5605,15,1,1120,2,30,43116945,46613752,1305653096,0000000003
5605,16,1,1124,2,6,46287621,0,1305934966,0000000028
5605,17,1,1125,2,30,43116945,46613752,1305653096,0000000003
5605,18,1,1126,2,7,42360220,0,1305942647,ръчна редакция
5605,19,1,1127,2,7,42360220,0,1305942647,ръчна редакция
5605,20,1,1129,2,6,46287621,0,1305934966,0000000028
5605,21,1,1130,2,30,43116945,46613752,1305653096,0000000003
5605,22,1,1138,2,3,43137882,0,1305961200,0000000061
5605,23,1,1144,2,36,1300860839,-2,1305961643,
5605,24,1,1145,2,37,49132890,-1,1302135909,0000000001
5605,25,1,1146,2,30,49132890,37874140,1302135931,0000000001
5605,26,1,1147,2,37,39297021,-1,1302333652,0000000002
5605,27,1,1148,2,30,39297021,36945574,1302341492,0000000002
5605,28,1,1149,2,3,38058525,0,1305961816,0000000062
5605,29,1,1155,2,7,48804394,0,1306262010,ръчна редакция
5605,30,1,1156,2,7,48804394,0,1306262010,ръчна редакция
5605,31,1,1159,2,3,47079747,0,1306264576,0000000063
5605,32,1,1162,2,3,47079747,0,1306264576,0000000063
5605,33,1,1163,2,6,41552683,0,1306335249,0000000029
5605,34,1,1164,2,30,39297021,36945574,1302341492,0000000002
5605,35,1,1166,2,6,41552683,0,1306335249,0000000029
5605,36,1,1167,2,30,39297021,36945574,1302341492,0000000002
5605,37,1,1170,2,3,45871328,0,1306342150,0000000064
5605,38,1,1176,2,3,40262814,0,1306343407,0000000065
5605,39,1,1178,2,3,47987999,0,1306345470,0000000066
5605,40,1,1180,2,3,34378253,0,1306352692,0000000067
5605,41,1,1183,2,3,45509107,0,1306432704,0000000068
5605,42,1,1184,2,6,35456505,0,1306432944,0000000030
5605,43,1,1185,2,30,39297021,36945574,1302341492,0000000002
5605,44,1,1195,2,3,34507893,0,1306434709,0000000069
5605,45,1,1196,2,3,42570068,0,1306435711,0000000070
5605,46,1,1198,2,6,35456505,0,1306432944,0000000030
5605,47,1,1199,2,30,39297021,36945574,1302341492,0000000002
5605,48,1,1200,2,7,47923234,0,1306439690,ръчна редакция
5605,49,1,1201,2,7,47923234,0,1306439690,ръчна редакция
5605,50,1,1203,2,6,35456505,0,1306432944,0000000030
5605,51,1,1204,2,30,39297021,36945574,1302341492,0000000002
5605,52,1,1205,2,3,46155776,0,1306451983,0000000071
5605,53,1,1207,2,3,35819829,0,1306452775,0000000072
5522,0,1,1209,2,6,35456505,0,1306432944,0000000030
5522,1,1,1210,2,30,39297021,36945574,1302341492,0000000002
5522,2,1,1214,2,6,35456505,0,1306432944,0000000030
5522,3,1,1215,2,30,39297021,36945574,1302341492,0000000002
5522,4,1,1217,2,7,47923234,0,1306439690,ръчна редакция
5522,5,1,1219,2,6,35456505,0,1306432944,0000000030
5522,6,1,1220,2,30,49132890,37874140,1302135931,0000000001
5522,7,1,1221,2,6,35412725,0,1306534918,0000000031
5522,8,1,1223,2,3,45206066,0,1306541807,0000000073
5522,9,1,1225,2,6,35412725,0,1306534918,0000000031
5522,10,1,1226,2,30,49132890,37874140,1302135931,0000000001
5522,11,1,1227,2,6,38191757,0,1306634068,0000000032
5522,12,1,1229,2,6,38191757,0,1306634068,0000000032
5522,13,1,1234,2,6,38191757,0,1306634068,0000000032
5522,14,1,1236,2,7,45229922,0,1306641184,ръчна редакция
5522,15,1,1237,2,30,39297021,36945574,1302341492,0000000002
5522,16,1,1238,2,30,39297021,36945574,1302341492,0000000002
5522,17,1,1239,2,3,47560598,0,1306643724,0000000074
5522,18,1,1244,2,3,47560598,0,1306643724,0000000074
5522,19,1,1248,2,6,38191757,0,1306634068,0000000032
5522,20,1,1249,2,30,49132890,37874140,1302135931,0000000001
5522,21,1,1250,2,30,39297021,36945574,1302341492,0000000002
5522,22,1,1251,2,7,39186356,0,1306651541,ръчна редакция
5522,23,1,1252,2,3,35186127,0,1306651633,0000000075
5522,24,1,1255,2,6,38191757,0,1306634068,0000000032
5522,25,1,1257,2,6,38191757,0,1306634068,0000000032
5522,26,1,1258,2,30,39297021,36945574,1302341492,0000000002
5522,27,1,1259,2,30,43116945,46613752,1305653096,0000000003
5522,28,1,1262,2,6,38191757,0,1306634068,0000000032
5522,29,1,1263,2,30,49132890,37874140,1302135931,0000000001
5522,30,1,1264,2,7,45507456,0,1306932299,ръчна редакция
5522,31,1,1265,2,7,45507456,0,1306932299,ръчна редакция
5522,32,1,1267,2,7,45507456,0,1306932299,ръчна редакция
5522,33,1,1268,2,7,45507456,0,1306932299,ръчна редакция
5522,34,1,1269,2,7,45507456,0,1306932299,ръчна редакция
5522,35,1,1270,2,7,45507456,0,1306932299,ръчна редакция
5522,36,1,1271,2,7,45507456,0,1306932299,ръчна редакция
5522,37,1,1273,2,7,45507456,0,1306932299,ръчна редакция
5522,38,1,1274,2,7,45507456,0,1306932299,ръчна редакция
5522,39,1,1275,2,7,49838540,0,1306933157,ръчна редакция
5522,40,1,1276,2,7,49838540,0,1306933157,ръчна редакция
5522,41,1,1277,2,30,43116945,46613752,1305653096,0000000003
5522,42,1,1278,2,30,43116945,46613752,1305653096,0000000003
5522,43,1,1280,2,37,43116945,-1,1305653024,0000000003
5522,44,1,1281,2,37,43116945,-1,1305653024,0000000003
5522,45,1,1282,2,37,43116945,-1,1305653024,0000000003
5522,46,1,1283,2,37,43116945,-1,1305653024,0000000003
5522,47,1,1284,2,37,43116945,-1,1305653024,0000000003
5522,48,1,1285,2,37,43116945,-1,1305653024,0000000003
5522,49,1,1286,2,37,43116945,-1,1305653024,0000000003
5522,50,1,1287,2,37,43116945,-1,1305653024,0000000003
5522,51,1,1288,2,37,43116945,-1,1305653024,0000000003
5522,52,1,1289,2,37,43116945,-1,1305653024,0000000003
5998,0,1,1290,2,37,43116945,-1,1305653024,0000000003
5998,1,1,1291,2,37,43116945,-1,1305653024,0000000003
5998,2,1,1292,2,37,43116945,-1,1305653024,0000000003
5998,3,1,1293,2,30,43116945,46613752,1305653096,0000000003
5998,4,1,1294,2,30,43116945,46613752,1305653096,0000000003
5998,5,1,1295,2,30,43116945,46613752,1305653096,0000000003
5998,6,1,1296,2,30,43116945,46613752,1305653096,0000000003
5998,7,1,1297,2,30,43116945,46613752,1305653096,0000000003
5998,8,1,1298,2,30,43116945,46613752,1305653096,0000000003
5998,9,1,1299,2,30,43116945,46613752,1305653096,0000000003
5998,10,1,1300,2,30,43116945,46613752,1305653096,0000000003
5998,11,1,1301,2,30,43116945,46613752,1305653096,0000000003
5998,12,1,1302,2,30,43116945,46613752,1305653096,0000000003
5998,13,1,1303,2,30,43116945,46613752,1305653096,0000000003
5998,14,1,1304,2,30,43116945,46613752,1305653096,0000000003
5998,15,1,1305,2,30,43116945,46613752,1305653096,0000000003
5998,16,1,1306,2,6,34912317,0,1306934950,0000000033
5998,17,1,1307,2,30,39297021,36945574,1302341492,0000000002
5998,18,1,1308,2,7,41010613,0,1306935696,ръчна редакция
5998,19,1,1309,2,30,39297021,36945574,1302341492,0000000002
5998,20,1,1310,2,30,39297021,36945574,1302341492,0000000002
5998,21,1,1311,2,30,39297021,36945574,1302341492,0000000002
5998,22,1,1312,2,7,45507456,0,1306932299,ръчна редакция
5998,23,1,1313,2,7,45507456,0,1306932299,ръчна редакция
5998,24,1,1314,2,7,45507456,0,1306932299,ръчна редакция
5998,25,1,1316,2,7,45507456,0,1306932299,ръчна редакция
5998,26,1,1317,2,7,45507456,0,1306932299,ръчна редакция
5998,27,1,1318,2,7,45507456,0,1306932299,ръчна редакция
5998,28,1,1319,2,30,43116945,46613752,1305653096,0000000003
5998,29,1,1320,2,30,39297021,36945574,1302341492,0000000002
5998,30,1,1326,2,6,34912317,0,1306934950,0000000033
5998,31,1,1328,2,6,34912317,0,1306934950,0000000033
5998,32,1,1329,2,30,39297021,36945574,1302341492,0000000002
5998,33,1,1330,2,30,43116945,46613752,1305653096,0000000003
5998,34,1,1331,2,3,39879427,0,1306959182,0000000076
5998,35,1,1332,2,7,45507456,0,1306932299,ръчна редакция
5998,36,1,1334,2,6,34912317,0,1306934950,0000000033
5998,37,1,1335,2,30,39297021,36945574,1302341492,0000000002
5998,38,1,1339,2,6,50300026,0,1307032550,0000000034
5998,39,1,1340,2,30,43116945,46613752,1305653096,0000000003
5998,40,1,1341,2,7,35313204,0,1307035028,ръчна редакция
5998,41,1,1342,2,7,35313204,0,1307035028,ръчна редакция
5998,42,1,1344,2,7,35313204,0,1307035028,ръчна редакция
5998,43,1,1345,2,7,35313204,0,1307035028,ръчна редакция
5998,44,1,1348,2,6,50300026,0,1307032550,0000000034
5998,45,1,1349,2,30,39297021,36945574,1302341492,0000000002
5998,46,1,1352,2,6,50300026,0,1307032550,0000000034
5998,47,1,1353,2,30,39297021,36945574,1302341492,0000000002
5998,48,1,1354,2,30,39297021,36945574,1302341492,0000000002
5998,49,1,1355,2,30,39297021,36945574,1302341492,0000000002
5998,50,1,1358,2,7,35313204,0,1307035028,ръчна редакция
5998,51,1,1359,2,7,35313204,0,1307035028,ръчна редакция
5998,52,1,1360,2,30,43116945,46613752,1305653096,0000000003
5766,0,1,1364,2,3,34024116,0,1307038077,0000000077
5766,1,1,1365,2,3,34024116,0,1307038077,0000000077
5766,2,1,1367,2,6,50300026,0,1307032550,0000000034
5766,3,1,1369,2,3,34024116,0,1307038077,0000000077
5766,4,1,1372,2,6,50300026,0,1307032550,0000000034
5766,5,1,1373,2,30,39297021,36945574,1302341492,0000000002
5766,6,1,1374,2,7,35313204,0,1307035028,ръчна редакция
5766,7,1,1375,2,7,35313204,0,1307035028,ръчна редакция
5766,8,1,1386,2,7,35313204,0,1307035028,ръчна редакция
5766,9,1,1387,2,7,35313204,0,1307035028,ръчна редакция
5766,10,1,1388,2,7,35313204,0,1307035028,ръчна редакция
5766,11,1,1389,2,7,35313204,0,1307035028,ръчна редакция
5766,12,1,1392,2,6,50300026,0,1307032550,0000000034
5766,13,1,1393,2,30,39297021,36945574,1302341492,0000000002
5766,14,1,1396,2,3,39075142,0,1307054154,0000000077
5766,15,1,1404,2,6,38191757,0,1306634068,0000000032
5766,16,1,1405,2,3,35807438,0,1307130056,0000000078
5766,17,1,1406,2,6,40113045,0,1307132177,0000000035
5766,18,1,1407,2,30,39297021,36945574,1302341492,0000000002
5766,19,1,1409,2,6,40113045,0,1307132177,0000000035
5766,20,1,1410,2,30,39297021,36945574,1302341492,0000000002
5766,21,1,1411,2,30,43116945,46613752,1305653096,0000000003
5766,22,1,1412,2,7,45473139,0,1307134608,ръчна редакция
5766,23,1,1414,2,7,45473139,0,1307134608,ръчна редакция
5766,24,1,1416,2,6,40113045,0,1307132177,0000000035
5766,25,1,1424,2,6,40113045,0,1307132177,0000000035
5766,26,1,1425,2,30,39297021,36945574,1302341492,0000000002
5766,27,1,1433,2,6,40113045,0,1307132177,0000000035
5766,28,1,1434,2,30,39297021,36945574,1302341492,0000000002
5766,29,1,1435,2,36,1306672589,-2,1307143845,
5766,30,1,1436,2,36,1306672630,-2,1307143845,
5766,31,1,1437,2,36,1306672696,-2,1307143845,
5766,32,1,1438,2,36,1306672775,-2,1307143845,
5766,33,1,1439,2,36,1306672882,-2,1307143846,
5766,34,1,1440,2,36,1306673011,-2,1307143846,
5766,35,1,1441,2,36,1306673166,-2,1307143846,
5766,36,1,1442,2,36,1306673342,-2,1307143846,
5766,37,1,1443,2,36,1306673534,-2,1307143846,
5766,38,1,1444,2,36,1306673736,-2,1307143847,
5766,39,1,1445,2,36,1306673954,-2,1307143847,
5766,40,1,1446,2,36,1306674184,-2,1307143847,
5766,41,1,1447,2,36,1306674458,-2,1307143847,
5766,42,1,1448,2,36,1306674750,-2,1307143847,
5766,43,1,1451,2,6,40113045,0,1307132177,0000000035
5766,44,1,1456,2,3,44001677,0,1307150017,0000000079
5766,45,1,1460,2,3,47105115,0,1307150526,0000000080
5766,46,1,1462,2,37,36425042,-1,1307150628,0000000004
5766,47,1,1468,2,6,40113045,0,1307132177,0000000035
5766,48,1,1469,2,30,36425042,44872595,1307151047,0000000004
5766,49,1,1473,2,6,40113045,0,1307132177,0000000035
5766,50,1,1477,2,3,46968514,0,1307159183,0000000081
5766,51,1,1478,2,36,47047270,-2,1307237170,
5766,52,1,1479,2,36,47047270,-2,1307237316,
5766,53,1,1480,2,36,47047270,-2,1307237401,
5871,0,1,1481,2,6,38962146,0,1307630064,0000000036
5871,1,1,1484,2,6,38962146,0,1307630064,0000000036
5871,2,1,1485,2,30,36425042,44872595,1307151047,0000000004
5871,3,1,1486,2,6,34654104,0,1307631562,0000000037
5871,4,1,1488,2,37,39753949,-1,1307631717,0000000005
5871,5,1,1489,2,30,39753949,35842324,1307631746,0000000005
5871,6,1,1490,2,30,39753949,35842324,1307631746,0000000005
5871,7,1,1491,2,30,36425042,44872595,1307151047,0000000004
5871,8,1,1494,2,3,42437451,0,1307632453,0000000082
5871,9,1,1496,2,3,46317287,0,1307634662,0000000083
5871,10,1,1499,2,3,46317287,0,1307634662,0000000083
5871,11,1,1504,2,6,38962146,0,1307630064,0000000036
5871,12,1,1505,2,30,39753949,35842324,1307631746,0000000005
5871,13,1,1507,2,3,34053925,0,1307639453,0000000084
5871,14,1,1508,2,30,36425042,44872595,1307151047,0000000004
5871,15,1,1515,2,3,41021969,0,1307653797,0000000085
5871,16,1,1516,2,3,47176214,0,1307657109,0000000086
5871,17,1,1518,2,3,41667759,0,1307657476,0000000087
5871,18,1,1522,2,3,34587011,0,1307657950,0000000088
5871,19,1,1523,2,30,36425042,44872595,1307151047,0000000004
5871,20,1,1527,2,6,34654104,0,1307631562,0000000037
5871,21,1,1528,2,30,39297021,36945574,1302341492,0000000002
5871,22,1,1533,2,3,46377330,0,1307659922,0000000089
5871,23,1,1535,2,36,39161073,-2,1307737731,
5871,24,1,1537,2,37,38387853,-1,1307738898,0000000006
5871,25,1,1538,2,36,39161073,-2,1307739133,
5871,26,1,1539,2,30,38387853,35144420,1307739255,0000000006
5871,27,1,1540,2,30,38387853,44420887,1307739405,0000000006
5871,28,1,1541,2,6,40930234,0,1307739570,0000000038
5871,29,1,1542,2,30,39753949,35842324,1307631746,0000000005
5871,30,1,1545,2,6,40930234,0,1307739570,0000000038
5871,31,1,1546,2,7,49400422,0,1307740212,ръчна редакция
5871,32,1,1547,2,7,49400422,0,1307740212,ръчна редакция
5871,33,1,1548,2,7,49400422,0,1307740212,ръчна редакция
5871,34,1,1549,2,7,49400422,0,1307740212,ръчна редакция
5871,35,1,1550,2,7,49400422,0,1307740212,ръчна редакция
5871,36,1,1551,2,7,49400422,0,1307740212,ръчна редакция
5871,37,1,1553,2,7,49400422,0,1307740212,ръчна редакция
5871,38,1,1554,2,7,49400422,0,1307740212,ръчна редакция
5871,39,1,1555,2,30,39297021,36945574,1302341492,0000000002
5871,40,1,1556,2,36,39161073,-2,1307744120,
5871,41,1,1557,2,37,42178560,-1,1307744237,0000000007
5871,42,1,1558,2,37,42178560,-1,1307744237,0000000007
5871,43,1,1559,2,36,39161073,-2,1307744405,
5871,44,1,1560,2,37,43423466,-1,1307744615,0000000007
5871,45,1,1561,2,30,43423466,49108865,1307744628,0000000007
5871,46,1,1562,2,37,43423466,-1,1307744615,0000000007
5871,47,1,1563,2,30,43423466,49108865,1307744628,0000000007
5871,48,1,1564,2,37,42586075,-1,1307744939,0000000007
5871,49,1,1565,2,30,42586075,41749393,1307745001,0000000007
5871,50,1,1566,2,30,42586075,44510007,1307745109,0000000007
5871,51,1,1569,2,6,40930234,0,1307739570,0000000038
5871,52,1,1570,2,30,39297021,36945574,1302341492,0000000002
5871,53,1,1574,2,3,36466852,0,1307830235,0000000090
5891,0,1,1575,2,6,39090881,0,1307841153,0000000039
5891,1,1,1576,2,7,49901487,0,1307841459,ръчна редакция
5891,2,1,1577,2,30,39297021,36945574,1302341492,0000000002
5891,3,1,1578,2,30,39297021,36945574,1302341492,0000000002
5891,4,1,1579,2,7,49901487,0,1307841459,ръчна редакция
5891,5,1,1580,2,7,49901487,0,1307841459,ръчна редакция
5891,6,1,1581,2,7,49901487,0,1307841459,ръчна редакция
5891,7,1,1582,2,7,49901487,0,1307841459,ръчна редакция
5891,8,1,1583,2,7,49901487,0,1307841459,ръчна редакция
5891,9,1,1584,2,7,49901487,0,1307841459,ръчна редакция
5891,10,1,1585,2,7,49901487,0,1307841459,ръчна редакция
5891,11,1,1586,2,7,49901487,0,1307841459,ръчна редакция
5891,12,1,1587,2,30,39297021,36945574,1302341492,0000000002
5891,13,1,1588,2,30,39297021,36945574,1302341492,0000000002
5891,14,1,1591,2,6,39090881,0,1307841153,0000000039
5891,15,1,1593,2,3,42437451,0,1307632453,0000000082
5891,16,1,1598,2,3,38677557,0,1307862169,0000000091
5891,17,1,1599,2,6,36366208,0,1307929826,0000000040
5891,18,1,1600,2,3,41587473,0,1307929999,0000000092
5891,19,1,1602,2,6,36366208,0,1307929826,0000000040
5891,20,1,1609,2,30,39297021,36945574,1302341492,0000000002
5891,21,1,1612,2,6,36366208,0,1307929826,0000000040
5891,22,1,1613,2,30,39297021,36945574,1302341492,0000000002
5891,23,1,1614,2,3,38677557,0,1307862169,0000000091
5891,24,1,1616,2,6,36366208,0,1307929826,0000000040
5891,25,1,1617,2,30,39297021,36945574,1302341492,0000000002
5891,26,1,1619,2,6,36366208,0,1307929826,0000000040
5891,27,1,1620,2,30,39297021,36945574,1302341492,0000000002
5891,28,1,1623,2,37,39753949,-1,1307631717,0000000005
5891,29,1,1624,2,30,39753949,35842324,1307631746,0000000005
5891,30,1,1625,2,37,36425042,-1,1307150628,0000000004
5891,31,1,1626,2,30,36425042,44872595,1307151047,0000000004
5891,32,1,1631,2,30,39753949,35842324,1307631746,0000000005
5891,33,1,1632,2,37,39753949,-1,1307631717,0000000005
5891,34,1,1633,2,37,36425042,-1,1307150628,0000000004
5891,35,1,1634,2,30,36425042,44872595,1307151047,0000000004
5891,36,1,1638,2,30,39753949,35842324,1307631746,0000000005
5891,37,1,1639,2,37,39753949,-1,1307631717,0000000005
5891,38,1,1640,2,37,36425042,-1,1307150628,0000000004
5891,39,1,1641,2,30,36425042,44872595,1307151047,0000000004
5891,40,1,1662,2,7,46353937,0,1308029698,ръчна редакция
5891,41,1,1663,2,7,46353937,0,1308029698,ръчна редакция
5891,42,1,1664,2,7,46353937,0,1308029698,ръчна редакция
5891,43,1,1665,2,7,46353937,0,1308029698,ръчна редакция
5891,44,1,1666,2,7,46353937,0,1308029698,ръчна редакция
5891,45,1,1667,2,7,46353937,0,1308029698,ръчна редакция
5891,46,1,1669,2,7,46353937,0,1308029698,ръчна редакция
5891,47,1,1671,2,7,46353937,0,1308029698,ръчна редакция
5891,48,1,1674,2,7,46353937,0,1308029698,ръчна редакция
5891,49,1,1675,2,7,46353937,0,1308029698,ръчна редакция
5891,50,1,1678,2,7,46353937,0,1308029698,ръчна редакция
5923,0,1,1680,2,7,46353937,0,1308029698,ръчна редакция
5923,1,1,1682,2,7,46353937,0,1308029698,ръчна редакция
5923,2,1,1685,2,7,46353937,0,1308029698,ръчна редакция
5923,3,1,1689,2,7,46353937,0,1308029698,ръчна редакция
5923,4,1,1690,2,7,46353937,0,1308029698,ръчна редакция
5923,5,1,1691,2,7,46353937,0,1308029698,ръчна редакция
5923,6,1,1692,2,7,46353937,0,1308029698,ръчна редакция
5923,7,1,1694,2,7,46353937,0,1308029698,ръчна редакция
5923,8,1,1695,2,7,46353937,0,1308029698,ръчна редакция
5923,9,1,1698,2,7,46353937,0,1308029698,ръчна редакция
5923,10,1,1700,2,7,46353937,0,1308029698,ръчна редакция
5923,11,1,1702,2,7,46353937,0,1308029698,ръчна редакция
5923,12,1,1704,2,7,46353937,0,1308029698,ръчна редакция
5923,13,1,1706,2,7,46353937,0,1308029698,ръчна редакция
5923,14,1,1708,2,7,46353937,0,1308029698,ръчна редакция
5923,15,1,1710,2,7,46353937,0,1308029698,ръчна редакция
5923,16,1,1713,2,7,46353937,0,1308029698,ръчна редакция
5923,17,1,1714,2,7,46353937,0,1308029698,ръчна редакция
5923,18,1,1716,2,7,46353937,0,1308029698,ръчна редакция
5923,19,1,1718,2,7,46353937,0,1308029698,ръчна редакция
5923,20,1,1720,2,7,46353937,0,1308029698,ръчна редакция
5923,21,1,1722,2,7,46353937,0,1308029698,ръчна редакция
5923,22,1,1724,2,7,46353937,0,1308029698,ръчна редакция
5923,23,1,1726,2,7,46353937,0,1308029698,ръчна редакция
5923,24,1,1728,2,7,46353937,0,1308029698,ръчна редакция
5923,25,1,1730,2,7,46353937,0,1308029698,ръчна редакция
5923,26,1,1732,2,7,46353937,0,1308029698,ръчна редакция
5923,27,1,1734,2,7,46353937,0,1308029698,ръчна редакция
5923,28,1,1736,2,7,46353937,0,1308029698,ръчна редакция
5923,29,1,1738,2,7,46353937,0,1308029698,ръчна редакция
5923,30,1,1740,2,7,46353937,0,1308029698,ръчна редакция
5923,31,1,1742,2,7,46353937,0,1308029698,ръчна редакция
5923,32,1,1744,2,7,46353937,0,1308029698,ръчна редакция
5923,33,1,1746,2,7,46353937,0,1308029698,ръчна редакция
5923,34,1,1748,2,7,46353937,0,1308029698,ръчна редакция
5923,35,1,1751,2,7,46353937,0,1308029698,ръчна редакция
5923,36,1,1753,2,7,46353937,0,1308029698,ръчна редакция
5923,37,1,1755,2,7,46353937,0,1308029698,ръчна редакция
5923,38,1,1757,2,7,46353937,0,1308029698,ръчна редакция
5923,39,1,1759,2,7,46353937,0,1308029698,ръчна редакция
5923,40,1,1760,2,7,46353937,0,1308029698,ръчна редакция
5923,41,1,1761,2,7,46353937,0,1308029698,ръчна редакция
5923,42,1,1770,2,6,36366208,0,1307929826,0000000040
5923,43,1,1779,2,3,43146800,0,1308063118,0000000093
5923,44,1,1783,2,36,45613224,-2,1308344164,
5923,45,1,1784,2,36,45613224,-2,1308344732,
5923,46,1,1785,2,36,45739937,-2,1308344782,
5923,47,1,1787,2,37,35050587,-1,1308345174,0000000008
5976,0,1,1788,2,37,35050587,-1,1308345174,0000000008
5976,1,1,1789,2,36,45613224,-2,1308345401,
5976,2,1,1790,2,36,44960646,-2,1308348189,
5976,3,1,1794,2,36,49932569,-2,1308351747,
5976,4,1,1795,2,36,49932569,-2,1308351988,
5976,5,1,1798,2,37,37644748,-1,1308355241,0000000008
5976,6,1,1799,2,37,34644012,-1,1308355296,0000000009
5976,7,1,1800,2,37,35142345,-1,1308355314,0000000010
5976,8,1,1801,2,30,35142345,45109491,1308355369,0000000010
5976,9,1,1802,2,37,34644012,-1,1308355296,0000000009
5976,10,1,1803,2,37,37644748,-1,1308355241,0000000008
5976,11,1,1804,2,36,44960646,-2,1308355450,
5976,12,1,1805,2,36,45613224,-2,1308355539,
5976,13,1,1806,2,36,45739937,-2,1308355642,
5976,14,1,1807,2,37,35142345,-1,1308355314,0000000010
5976,15,1,1808,2,30,35142345,45109491,1308355369,0000000010
5976,16,1,1809,2,37,45773546,-1,1308355692,0000000010
5976,17,1,1810,2,37,38927001,-1,1308355738,0000000011
5976,18,1,1811,2,37,47025256,-1,1308355754,0000000012
5976,19,1,1812,2,30,47025256,38264367,1308355809,0000000012
5976,20,1,1813,2,30,38927001,39452779,1308355828,0000000011
5976,21,1,1814,2,30,45773546,42798440,1308355842,0000000010
5976,22,1,1815,2,30,47025256,43690652,1308355879,0000000012
5976,23,1,1816,2,30,45773546,37167079,1308355939,0000000010
5976,24,1,1817,2,30,38927001,49328018,1308355962,0000000011
5976,25,1,1818,2,37,47656930,-1,1308356062,0000000013
5976,26,1,1819,2,30,47656930,37660698,1308356091,0000000013
5976,27,1,1820,2,30,47656930,41414878,1308356134,0000000013
5976,28,1,1821,2,36,43187788,-2,1308356621,
5976,29,1,1822,2,37,47048524,-1,1308357315,0000000014
5976,30,1,1823,2,30,47048524,40407933,1308357393,0000000014
5976,31,1,1824,2,30,47048524,48865886,1308357469,0000000014
5976,32,1,1827,2,7,47661136,0,1308361093,ръчна редакция
5976,33,1,1828,2,7,47661136,0,1308361093,ръчна редакция
5976,34,1,1833,2,3,39356480,0,1308433259,0000000094
5976,35,1,1838,2,3,41976512,0,1308433710,0000000095
5976,36,1,1839,2,6,50139290,0,1308433821,0000000041
5976,37,1,1840,2,30,39297021,36945574,1302341492,0000000002
5976,38,1,1843,2,6,50139290,0,1308433821,0000000041
5976,39,1,1844,2,30,39297021,36945574,1302341492,0000000002
5976,40,1,1845,2,6,50302728,0,1308443838,0000000042
5976,41,1,1846,2,30,39297021,36945574,1302341492,0000000002
5976,42,1,1847,2,7,47868648,0,1308535605,ръчна редакция
5976,43,1,1848,2,7,47868648,0,1308535605,ръчна редакция
5976,44,1,1852,2,6,50302728,0,1308443838,0000000042
5976,45,1,1853,2,30,39297021,36945574,1302341492,0000000002
5976,46,1,1854,2,7,47868648,0,1308535605,ръчна редакция
5976,47,1,1855,2,7,47868648,0,1308535605,ръчна редакция
5976,48,1,1856,2,37,49758965,-1,1308632613,0000000015
5976,49,1,1857,2,37,48633436,-1,1308632637,0000000016
5976,50,1,1858,2,37,45864610,-1,1308632684,0000000017
5976,51,1,1859,2,30,45864610,50151838,1308632738,0000000017
5976,52,1,1860,2,30,48633436,49555325,1308632793,0000000016
5966,0,1,1861,2,30,49758965,34012865,1308632884,0000000015
5966,1,1,1862,2,37,49758965,-1,1308632613,0000000015
5966,2,1,1863,2,37,49758965,-1,1308632613,0000000015
5966,3,1,1864,2,30,49758965,34012865,1308632884,0000000015
5966,4,1,1865,2,30,48633436,49555325,1308632793,0000000016
5966,5,1,1866,2,30,45864610,50151838,1308632738,0000000017
5966,6,1,1867,2,30,49758965,34012865,1308632884,0000000015
5966,7,1,1868,2,30,48633436,46880885,1308633407,0000000016
5966,8,1,1869,2,30,45864610,40720860,1308633454,0000000017
5966,9,1,1870,2,30,49758965,45371472,1308633503,0000000015
5966,10,1,1871,2,37,49669910,-1,1308633990,0000000018
5966,11,1,1872,2,30,49669910,46936188,1308634092,0000000018
5966,12,1,1873,2,30,49669910,34282710,1308634322,0000000018
5966,13,1,1874,2,7,47176187,0,1308634398,ръчна редакция
5966,14,1,1875,2,7,47176187,0,1308634398,ръчна редакция
5966,15,1,1876,2,7,47176187,0,1308634398,ръчна редакция
5966,16,1,1877,2,7,47176187,0,1308634398,ръчна редакция
5966,17,1,1878,2,30,45864610,40720860,1308633454,0000000017
5966,18,1,1879,2,30,45864610,50151838,1308632738,0000000017
5966,19,1,1880,2,37,45864610,-1,1308632684,0000000017
5966,20,1,1881,2,30,48633436,46880885,1308633407,0000000016
5966,21,1,1882,2,30,48633436,49555325,1308632793,0000000016
5966,22,1,1883,2,37,48633436,-1,1308632637,0000000016
5966,23,1,1884,2,30,49758965,45371472,1308633503,0000000015
5966,24,1,1885,2,30,49758965,34012865,1308632884,0000000015
5966,25,1,1886,2,37,49758965,-1,1308632613,0000000015
5966,26,1,1887,2,7,47176187,0,1308634398,ръчна редакция
5966,27,1,1888,2,7,47176187,0,1308634398,ръчна редакция
5966,28,1,1889,2,7,47176187,0,1308634398,ръчна редакция
5966,29,1,1890,2,7,47176187,0,1308634398,ръчна редакция
5966,30,1,1891,2,7,47176187,0,1308634398,ръчна редакция
5966,31,1,1892,2,6,44612348,0,1308638641,0000000043
5966,32,1,1893,2,30,39297021,36945574,1302341492,0000000002
5966,33,1,1894,2,7,47176187,0,1308634398,ръчна редакция
5966,34,1,1895,2,7,47176187,0,1308634398,ръчна редакция
5966,35,1,1896,2,7,47176187,0,1308634398,ръчна редакция
5966,36,1,1898,2,6,44612348,0,1308638641,0000000043
5966,37,1,1899,2,36,1306674750,-2,1308652334,
5966,38,1,1900,2,36,1306674458,-2,1308652363,
5966,39,1,1901,2,36,1306674184,-2,1308654687,
5966,40,1,1902,2,36,1306673954,-2,1308654706,
5966,41,1,1903,2,36,1306673736,-2,1308654714,
5966,42,1,1904,2,36,1306673534,-2,1308654721,
5966,43,1,1905,2,36,1306673342,-2,1308654730,
5966,44,1,1906,2,36,1306673166,-2,1308660268,
5966,45,1,1907,2,36,1306673011,-2,1308660276,
5966,46,1,1908,2,36,1306672882,-2,1308660283,
5966,47,1,1909,2,36,1306672775,-2,1308660291,
5966,48,1,1910,2,36,1306672696,-2,1308660299,
5966,49,1,1911,2,36,1306672630,-2,1308660361,
5966,50,1,1912,2,36,1306672589,-2,1308660379,
5966,51,1,1913,2,36,1300860839,-2,1308660387,
5966,52,1,1914,2,36,1300860756,-2,1308660399,
5427,0,1,1915,2,36,1300860652,-2,1308660427,
5427,1,1,1917,2,3,40407147,0,1308730181,0000000096
5427,2,1,1919,2,6,44612348,0,1308638641,0000000043
5427,3,1,1920,2,30,39297021,36945574,1302341492,0000000002
5427,4,1,1921,2,6,36515334,0,1308732561,0000000044
5427,5,1,1923,2,6,36515334,0,1308732561,0000000044
5427,6,1,1924,2,30,39297021,36945574,1302341492,0000000002
5427,7,1,1927,2,3,47707450,0,1309032198,0000000097
5427,8,1,1929,2,6,48744990,0,1309033607,0000000045
5427,9,1,1930,2,7,35175162,0,1309033906,ръчна редакция
5427,10,1,1931,2,7,35175162,0,1309033906,ръчна редакция
5427,11,1,1932,2,7,35175162,0,1309033906,ръчна редакция
5427,12,1,1933,2,7,35175162,0,1309033906,ръчна редакция
5427,13,1,1934,2,7,35175162,0,1309033906,ръчна редакция
5427,14,1,1935,2,7,35175162,0,1309033906,ръчна редакция
5427,15,1,1941,2,6,48744990,0,1309033607,0000000045
5427,16,1,1942,2,30,39297021,36945574,1302341492,0000000002
5427,17,1,1946,2,6,48744990,0,1309033607,0000000045
5427,18,1,1947,2,30,39297021,36945574,1302341492,0000000002
5427,19,1,1952,2,3,36330120,0,1309133120,0000000098
5427,20,1,1957,2,6,35740134,0,1309140016,0000000046
5427,21,1,1958,2,30,39297021,36945574,1302341492,0000000002
5427,22,1,1965,2,3,49993345,0,1309151954,0000000099
5427,23,1,1967,2,37,39297021,-1,1302333652,0000000002
5427,24,1,1968,2,37,39297021,-1,1302333652,0000000002
5427,25,1,1969,2,30,39297021,36945574,1302341492,0000000002
5427,26,1,1970,2,30,39297021,36945574,1302341492,0000000002
5427,27,1,1976,2,36,43187788,-2,1309160686,
5427,28,1,1977,2,36,43187788,-2,1309160762,
5427,29,1,1978,2,36,43187788,-2,1309161494,
5427,30,1,1979,2,37,46125214,-1,1309161547,0000000019
5427,31,1,1980,2,37,46125214,-1,1309161547,0000000019
5427,32,1,1981,2,37,47432717,-1,1309161547,0000000020
5427,33,1,1982,2,37,34326552,-1,1309161547,0000000021
5427,34,1,1983,2,37,41166451,-1,1309161547,0000000022
5427,35,1,1984,2,37,33597231,-1,1309161547,0000000023
5427,36,1,1985,2,37,48950838,-1,1309161693,0000000024
5427,37,1,1987,2,37,46125214,-1,1309161547,0000000019
5427,38,1,1988,2,37,47432717,-1,1309161547,0000000020
5427,39,1,1989,2,37,34326552,-1,1309161547,0000000021
5427,40,1,1990,2,37,41166451,-1,1309161547,0000000022
5427,41,1,1991,2,37,33597231,-1,1309161547,0000000023
5427,42,1,1992,2,37,48950838,-1,1309161693,0000000024
5427,43,1,1994,2,3,48478293,0,1309232809,0000000100
5427,44,1,1995,2,7,46024442,0,1309233149,ръчна редакция
5427,45,1,1996,2,7,46024442,0,1309233149,ръчна редакция
5427,46,1,1997,2,7,46024442,0,1309233149,ръчна редакция
5427,47,1,1998,2,7,46024442,0,1309233149,ръчна редакция
5427,48,1,1999,2,7,46024442,0,1309233149,ръчна редакция
5427,49,1,2000,2,7,46024442,0,1309233149,ръчна редакция
5427,50,1,2001,2,7,46024442,0,1309233149,ръчна редакция
5427,51,1,2002,2,7,46024442,0,1309233149,ръчна редакция
5427,52,1,2003,2,7,46024442,0,1309233149,ръчна редакция
5898,0,1,2004,2,7,46024442,0,1309233149,ръчна редакция
5898,1,1,2008,2,3,34144768,0,1309234336,0000000101
5898,2,1,2009,2,6,33607616,0,1309245595,0000000047
5898,3,1,2010,2,30,39297021,36945574,1302341492,0000000002
5898,4,1,2011,2,37,36895615,-1,1309260333,0000000024
5898,5,1,2012,2,37,36895615,-1,1309260333,0000000024
5898,6,1,2013,2,37,42402336,-1,1309260333,0000000025
5898,7,1,2014,2,37,40435401,-1,1309260333,0000000026
5898,8,1,2015,2,37,39875005,-1,1309260333,0000000027
5898,9,1,2016,2,37,45235771,-1,1309260333,0000000028
5898,10,1,2018,2,3,49423417,0,1309329859,0000000102
5898,11,1,2019,2,37,36895615,-1,1309260333,0000000024
5898,12,1,2020,2,37,42402336,-1,1309260333,0000000025
5898,13,1,2021,2,37,40435401,-1,1309260333,0000000026
5898,14,1,2022,2,37,39875005,-1,1309260333,0000000027
5898,15,1,2023,2,37,45235771,-1,1309260333,0000000028
5898,16,1,2024,2,6,48764191,0,1309339704,0000000048
5898,17,1,2026,2,6,48764191,0,1309339704,0000000048
5898,18,1,2027,2,30,39297021,36945574,1302341492,0000000002
5898,19,1,2028,2,7,40800551,0,1309340777,ръчна редакция
5898,20,1,2029,2,7,40800551,0,1309340777,ръчна редакция
5898,21,1,2030,2,7,40800551,0,1309340777,ръчна редакция
5898,22,1,2035,2,6,48764191,0,1309339704,0000000048
5898,23,1,2037,2,7,40800551,0,1309340777,ръчна редакция
5898,24,1,2038,2,7,40800551,0,1309340777,ръчна редакция
5898,25,1,2039,2,7,49753190,0,1309342348,ръчна редакция
5898,26,1,2040,2,7,49753190,0,1309342348,ръчна редакция
5898,27,1,2041,2,7,49753190,0,1309342348,ръчна редакция
5898,28,1,2042,2,30,39297021,36945574,1302341492,0000000002
5898,29,1,2045,2,6,48764191,0,1309339704,0000000048
5898,30,1,2047,2,6,48764191,0,1309339704,0000000048
5898,31,1,2048,2,30,39297021,36945574,1302341492,0000000002
5898,32,1,2049,2,7,39462728,0,1309359343,ръчна редакция
5898,33,1,2050,2,7,39462728,0,1309359343,ръчна редакция
5898,34,1,2052,2,6,48764191,0,1309339704,0000000048
5898,35,1,2053,2,6,48764191,0,1309339704,0000000048
5898,36,1,2054,2,30,39297021,36945574,1302341492,0000000002
5898,37,1,2055,2,7,45042701,0,1309364343,ръчна редакция
5898,38,1,2056,2,7,45042701,0,1309364343,ръчна редакция
5898,39,1,2059,2,6,41471516,0,1309432034,0000000049
5898,40,1,2060,2,30,39297021,36945574,1302341492,0000000002
5898,41,1,2062,2,7,34874751,0,1309440413,ръчна редакция
5898,42,1,2063,2,7,34874751,0,1309440413,ръчна редакция
5898,43,1,2065,2,7,34874751,0,1309440413,ръчна редакция
5898,44,1,2066,2,7,34874751,0,1309440413,ръчна редакция
5898,45,1,2068,2,6,41471516,0,1309432034,0000000049
5898,46,1,2069,2,30,39297021,36945574,1302341492,0000000002
5898,47,1,2070,2,7,34874751,0,1309440413,ръчна редакция
5898,48,1,2071,2,7,34874751,0,1309440413,ръчна редакция
5898,49,1,2073,2,6,41471516,0,1309432034,0000000049
5898,50,1,2074,2,30,39297021,36945574,1302341492,0000000002
5898,51,1,2077,2,6,41471516,0,1309432034,0000000049
6008,0,1,2083,2,3,41770268,0,1309734080,0000000103
6008,1,1,2091,2,3,36197079,0,1309734923,0000000104
6008,2,1,2092,2,6,43165521,0,1309735099,0000000050
6008,3,1,2093,2,30,39297021,36945574,1302341492,0000000002
6008,4,1,2094,2,7,40303415,0,1309735657,ръчна редакция
6008,5,1,2095,2,7,40303415,0,1309735657,ръчна редакция
6008,6,1,2104,2,3,35953555,0,1309761655,0000000105
6008,7,1,2108,2,3,35953555,0,1309761655,0000000105
6008,8,1,2113,2,3,36129099,0,1309834527,0000000106
6008,9,1,2118,2,3,49636250,0,1309835535,0000000107
6008,10,1,2129,2,3,49636250,0,1309835535,0000000107
6008,11,1,2130,2,6,42344534,0,1309836536,0000000051
6008,12,1,2131,2,30,39297021,36945574,1302341492,0000000002
6008,13,1,2134,2,3,41590418,0,1309840532,0000000108
6008,14,1,2139,2,3,40651421,0,1309841549,0000000109
6008,15,1,2141,2,6,42344534,0,1309836536,0000000051
6008,16,1,2142,2,30,39297021,36945574,1302341492,0000000002
6008,17,1,2146,2,3,49473062,0,1309857118,0000000110
6008,18,1,2149,2,6,42344534,0,1309836536,0000000051
6008,19,1,2151,2,6,42344534,0,1309836536,0000000051
6008,20,1,2154,2,6,42344534,0,1309836536,0000000051
6008,21,1,2158,2,6,42344534,0,1309836536,0000000051
6008,22,1,2159,2,30,39297021,36945574,1302341492,0000000002
6008,23,1,2160,2,7,39971741,0,1309862011,ръчна редакция
6008,24,1,2161,2,7,39971741,0,1309862011,ръчна редакция
6008,25,1,2162,2,7,39971741,0,1309862011,ръчна редакция
6008,26,1,2163,2,7,39971741,0,1309862011,ръчна редакция
6008,27,1,2164,2,7,39971741,0,1309862011,ръчна редакция
6008,28,1,2165,2,6,47418464,0,1309952651,0000000052
6008,29,1,2166,2,30,39297021,36945574,1302341492,0000000002
6008,30,1,2167,2,30,39297021,36945574,1302341492,0000000002
6008,31,1,2169,2,3,40456087,0,1309958619,0000000111
6008,32,1,2178,2,3,34327954,0,1309960020,0000000112
6008,33,1,2184,2,3,34327954,0,1309960020,0000000112
6008,34,1,2186,2,3,34327954,0,1309960020,0000000112
6008,35,1,2193,2,3,34327954,0,1309960020,0000000112
6008,36,1,2199,2,3,34327954,0,1309960020,0000000112
6008,37,1,2203,2,3,41576703,0,1310032831,0000000113
6008,38,1,2205,2,3,46082984,0,1310033227,0000000114
6008,39,1,2206,2,6,45750303,0,1310033301,0000000053
6008,40,1,2212,2,3,39615148,0,1310034284,0000000115
6008,41,1,2213,2,6,46050287,0,1310034503,0000000054
6008,42,1,2219,2,3,42783170,0,1310035250,0000000116
6008,43,1,2221,2,3,47828419,0,1310042969,0000000117
6008,44,1,2224,2,6,46050287,0,1310034503,0000000054
6008,45,1,2225,2,30,39297021,36945574,1302341492,0000000002
6008,46,1,2227,2,3,37094582,0,1310044842,0000000118
6008,47,1,2236,2,3,48999513,0,1310433169,0000000119
6008,48,1,2239,2,3,40535871,0,1310435605,0000000120
6008,49,1,2243,2,36,1300860756,-2,1310436586,
6008,50,1,2244,2,36,1300860756,-2,1310436587,
6008,51,1,2245,2,36,1300860756,-2,1310436588,
6008,52,1,2246,2,36,1300860756,-2,1310436588,
6089,0,1,2247,2,36,1300860756,-2,1310436589,
6089,1,1,2248,2,36,1300860756,-2,1310436590,
6089,2,1,2249,2,36,1300860756,-2,1310436591,
6089,3,1,2250,2,36,1300860756,-2,1310436591,
6089,4,1,2251,2,36,1300860756,-2,1310436592,
6089,5,1,2252,2,36,1300860756,-2,1310436593,
6089,6,1,2253,2,36,1300860756,-2,1310436594,
6089,7,1,2254,2,36,1300860652,-2,1310436594,
6089,8,1,2255,2,36,1300860652,-2,1310436595,
6089,9,1,2256,2,36,1300860652,-2,1310436597,
6089,10,1,2257,2,36,1300860652,-2,1310436598,
6089,11,1,2258,2,36,1300860652,-2,1310436599,
6089,12,1,2259,2,36,1300860652,-2,1310436600,
6089,13,1,2260,2,36,1300860652,-2,1310436601,
6089,14,1,2261,2,36,1300860652,-2,1310436602,
6089,15,1,2262,2,36,1300860652,-2,1310436603,
6089,16,1,2263,2,36,1300860652,-2,1310436604,
6089,17,1,2264,2,36,1300860652,-2,1310436605,
6089,18,1,2265,2,36,1300860652,-2,1310436606,
6089,19,1,2266,2,36,1300860652,-2,1310436607,
6089,20,1,2267,2,36,1300860839,-2,1310436608,
6089,21,1,2268,2,36,1300860839,-2,1310436611,
6089,22,1,2269,2,36,1300860839,-2,1310436613,
6089,23,1,2270,2,36,1300860839,-2,1310436615,
6089,24,1,2271,2,36,1300860839,-2,1310436617,
6089,25,1,2272,2,36,1300860839,-2,1310436619,
6089,26,1,2273,2,36,1300860839,-2,1310436621,
6089,27,1,2274,2,36,1300860839,-2,1310436623,
6089,28,1,2275,2,36,1300860839,-2,1310436625,
6089,29,1,2276,2,36,1300860839,-2,1310436627,
6089,30,1,2277,2,37,49132890,-1,1302135909,0000000001
6089,31,1,2278,2,37,49132890,-1,1302135909,0000000001
6089,32,1,2279,2,37,49132890,-1,1302135909,0000000001
6089,33,1,2280,2,37,49132890,-1,1302135909,0000000001
6089,34,1,2281,2,37,49132890,-1,1302135909,0000000001
6089,35,1,2282,2,37,49132890,-1,1302135909,0000000001
6089,36,1,2283,2,37,49132890,-1,1302135909,0000000001
6089,37,1,2284,2,37,49132890,-1,1302135909,0000000001
6089,38,1,2285,2,37,49132890,-1,1302135909,0000000001
6089,39,1,2286,2,30,39297021,36945574,1302341492,0000000002
6089,40,1,2287,2,30,39297021,36945574,1302341492,0000000002
6089,41,1,2288,2,30,39297021,36945574,1302341492,0000000002
6089,42,1,2289,2,30,39297021,36945574,1302341492,0000000002
6089,43,1,2290,2,30,39297021,36945574,1302341492,0000000002
6089,44,1,2291,2,30,39297021,36945574,1302341492,0000000002
6089,45,1,2292,2,30,39297021,36945574,1302341492,0000000002
6089,46,1,2293,2,30,39297021,36945574,1302341492,0000000002
6089,47,1,2294,2,30,39297021,36945574,1302341492,0000000002
6089,48,1,2295,2,30,39297021,36945574,1302341492,0000000002
6089,49,1,2296,2,37,49132890,-1,1302135909,0000000001
6089,50,1,2297,2,30,49132890,37874140,1302135931,0000000001
6089,51,1,2298,2,30,49132890,37874140,1302135931,0000000001
6089,52,1,2299,2,30,49132890,37874140,1302135931,0000000001
6089,53,1,2300,2,30,49132890,37874140,1302135931,0000000001
6089,54,1,2301,2,30,49132890,37874140,1302135931,0000000001
6089,55,1,2302,2,30,49132890,37874140,1302135931,0000000001
7615,0,1,2303,2,30,49132890,37874140,1302135931,0000000001
7615,1,1,2304,2,30,49132890,37874140,1302135931,0000000001
7615,2,1,2305,2,30,49132890,37874140,1302135931,0000000001
7615,3,1,2306,2,30,49132890,37874140,1302135931,0000000001
7615,4,1,2307,2,30,36425042,44872595,1307151047,0000000004
7615,5,1,2308,2,30,36425042,44872595,1307151047,0000000004
7615,6,1,2309,2,30,36425042,44872595,1307151047,0000000004
7615,7,1,2310,2,30,36425042,44872595,1307151047,0000000004
7615,8,1,2311,2,30,36425042,44872595,1307151047,0000000004
7615,9,1,2312,2,37,39297021,-1,1302333652,0000000002
7615,10,1,2313,2,37,39297021,-1,1302333652,0000000002
7615,11,1,2314,2,37,39297021,-1,1302333652,0000000002
7615,12,1,2315,2,37,39297021,-1,1302333652,0000000002
7615,13,1,2316,2,37,39297021,-1,1302333652,0000000002
7615,14,1,2317,2,37,39297021,-1,1302333652,0000000002
7615,15,1,2318,2,37,39297021,-1,1302333652,0000000002
7615,16,1,2319,2,37,39297021,-1,1302333652,0000000002
7615,17,1,2320,2,37,39297021,-1,1302333652,0000000002
7615,18,1,2321,2,37,39297021,-1,1302333652,0000000002
7615,19,1,2322,2,30,39753949,35842324,1307631746,0000000005
7615,20,1,2323,2,30,39753949,35842324,1307631746,0000000005
7615,21,1,2324,2,30,39753949,35842324,1307631746,0000000005
7615,22,1,2325,2,30,39753949,35842324,1307631746,0000000005
7615,23,1,2326,2,30,39753949,35842324,1307631746,0000000005
7615,24,1,2327,2,30,39753949,35842324,1307631746,0000000005
7615,25,1,2328,2,30,39753949,35842324,1307631746,0000000005
7615,26,1,2329,2,30,39753949,35842324,1307631746,0000000005
7615,27,1,2330,2,30,39753949,35842324,1307631746,0000000005
7615,28,1,2331,2,30,39753949,35842324,1307631746,0000000005
7615,29,1,2332,2,30,39753949,35842324,1307631746,0000000005
7615,30,1,2333,2,37,39753949,-1,1307631717,0000000005
7615,31,1,2334,2,37,39753949,-1,1307631717,0000000005
7615,32,1,2335,2,37,39753949,-1,1307631717,0000000005
7615,33,1,2336,2,37,39753949,-1,1307631717,0000000005
7615,34,1,2337,2,37,39753949,-1,1307631717,0000000005
7615,35,1,2338,2,37,39753949,-1,1307631717,0000000005
7615,36,1,2339,2,37,39753949,-1,1307631717,0000000005
7615,37,1,2340,2,37,39753949,-1,1307631717,0000000005
7615,38,1,2341,2,37,39753949,-1,1307631717,0000000005
7615,39,1,2342,2,37,39753949,-1,1307631717,0000000005
7615,40,1,2343,2,37,39753949,-1,1307631717,0000000005
7615,41,1,2344,2,37,36425042,-1,1307150628,0000000004
7615,42,1,2345,2,37,36425042,-1,1307150628,0000000004
7615,43,1,2346,2,37,36425042,-1,1307150628,0000000004
7615,44,1,2347,2,37,36425042,-1,1307150628,0000000004
7615,45,1,2348,2,37,36425042,-1,1307150628,0000000004
7615,46,1,2349,2,37,36425042,-1,1307150628,0000000004
7615,47,1,2350,2,30,36425042,44872595,1307151047,0000000004
7615,48,1,2351,2,30,36425042,44872595,1307151047,0000000004
7615,49,1,2352,2,30,36425042,44872595,1307151047,0000000004
7615,50,1,2353,2,30,36425042,44872595,1307151047,0000000004
7615,51,1,2354,2,30,36425042,44872595,1307151047,0000000004
7615,52,1,2355,2,30,36425042,44872595,1307151047,0000000004
7615,53,1,2356,2,37,36425042,-1,1307150628,0000000004
7615,54,1,2357,2,37,36425042,-1,1307150628,0000000004
8763,0,1,2358,2,37,36425042,-1,1307150628,0000000004
8763,1,1,2359,2,37,36425042,-1,1307150628,0000000004
8763,2,1,2360,2,37,36425042,-1,1307150628,0000000004
8763,3,1,2363,2,3,40920450,0,1310437626,0000000121
8763,4,1,2364,2,6,44706892,0,1310437717,0000000055
8763,5,1,2365,2,3,46110877,0,1310438142,0000000122
8763,6,1,2368,2,6,44706892,0,1310437717,0000000055
8763,7,1,2378,2,3,37537795,0,1310440857,0000000123
8763,8,1,2380,2,6,44706892,0,1310437717,0000000055
8763,9,1,2384,2,6,44706892,0,1310437717,0000000055
8763,10,1,2385,2,30,39297021,36945574,1302341492,0000000002
8763,11,1,2386,2,30,39297021,36945574,1302341492,0000000002
8763,12,1,2388,2,6,44706892,0,1310437717,0000000055
8763,13,1,2389,2,3,42432372,0,1310460905,0000000124
8763,14,1,2390,2,3,46745472,0,1310461474,0000000125
8763,15,1,2391,2,30,39297021,36945574,1302341492,0000000002
8763,16,1,2392,2,7,36507453,0,1310533242,ръчна редакция
8763,17,1,2393,2,7,45291084,0,1310533330,ръчна редакция
8763,18,1,2395,2,6,44706892,0,1310437717,0000000055
8763,19,1,2396,2,30,39297021,36945574,1302341492,0000000002
8763,20,1,2397,2,7,36507453,0,1310533242,ръчна редакция
8763,21,1,2398,2,7,36507453,0,1310533242,ръчна редакция
8763,22,1,2401,2,6,44706892,0,1310437717,0000000055
8763,23,1,2404,2,6,44706892,0,1310437717,0000000055
8763,24,1,2405,2,30,39297021,36945574,1302341492,0000000002
8763,25,1,2406,2,7,36507453,0,1310533242,ръчна редакция
8763,26,1,2407,2,30,39297021,36945574,1302341492,0000000002
8763,27,1,2409,2,3,41016704,0,1310539024,0000000126
8763,28,1,2411,2,36,38528262,-2,1310539391,
8763,29,1,2412,2,6,44369557,0,1310539491,0000000056
8763,30,1,2415,2,6,44369557,0,1310539491,0000000056
8763,31,1,2416,2,36,43187788,-2,1310541654,
8763,32,1,2418,2,37,49415541,-1,1310541787,0000000028
8763,33,1,2419,2,37,49415541,-1,1310541787,0000000028
8763,34,1,2420,2,36,43187788,-2,1310541900,
8763,35,1,2421,2,37,39314364,-1,1310541923,0000000028
8763,36,1,2422,2,30,39314364,48143827,1310541966,0000000028
8763,37,1,2423,2,37,39314364,-1,1310541923,0000000028
8763,38,1,2428,2,3,49478535,0,1310550299,0000000127
8763,39,1,2429,2,6,43625906,0,1310550661,0000000056
8763,40,1,2432,2,6,43625906,0,1310550661,0000000056
8763,41,1,2433,2,36,44960646,-2,1310556628,
8763,42,1,2435,2,6,43625906,0,1310550661,0000000056
8763,43,1,2436,2,30,39297021,36945574,1302341492,0000000002
8763,44,1,2437,2,37,40201056,-1,1310633889,0000000029
8763,45,1,2438,2,37,40201056,-1,1310633889,0000000029
8763,46,1,2439,2,37,43325064,-1,1310633889,0000000030
8763,47,1,2440,2,37,38589048,-1,1310633889,0000000031
8763,48,1,2441,2,37,40201056,-1,1310633889,0000000029
8763,49,1,2442,2,37,43325064,-1,1310633889,0000000030
8763,50,1,2443,2,37,38589048,-1,1310633889,0000000031
8763,51,1,2444,2,36,38528262,-2,1310634078,
8763,52,1,2448,2,3,40812025,0,1310641190,0000000128
8763,53,1,2450,2,6,43625906,0,1310550661,0000000056
5534,0,1,2453,2,3,49928509,0,1310642227,0000000129
5534,1,1,2454,2,36,38528262,-2,1310642736,
5534,2,1,2455,2,36,38528262,-2,1310642934,
5534,3,1,2456,2,3,47737855,0,1310652448,0000000130
5534,4,1,2457,2,3,46400372,0,1310652545,0000000131
5534,5,1,2458,2,3,36947822,0,1310652985,0000000132
5534,6,1,2459,2,6,44997332,0,1310657284,0000000057
5534,7,1,2460,2,6,44997332,0,1310657284,0000000057
5534,8,1,2461,2,6,37886824,0,1310740230,0000000058
5534,9,1,2464,2,6,37886824,0,1310740230,0000000058
5534,10,1,2465,2,36,38528262,-2,1310742665,
5534,11,1,2466,2,36,38528262,-2,1310743464,
5534,12,1,2469,2,36,38528262,-2,1310743699,
5534,13,1,2470,2,36,38528262,-2,1310743731,
5534,14,1,2471,2,36,43187788,-2,1310744339,
5534,15,1,2472,2,37,40113226,-1,1310744448,0000000031
5534,16,1,2473,2,30,40113226,38754772,1310744489,0000000031
5534,17,1,2474,2,36,43187788,-2,1310744635,
5534,18,1,2478,2,3,34462792,0,1310753258,0000000133
5534,19,1,2485,2,6,37886824,0,1310740230,0000000058
5534,20,1,2486,2,30,39297021,36945574,1302341492,0000000002
5534,21,1,2487,2,3,39676573,0,1310761204,0000000134
5534,22,1,2488,2,36,43187788,-2,1310762940,
5534,23,1,2489,2,36,43187788,-2,1310763149,
5534,24,1,2490,2,36,43187788,-2,1310763805,
5534,25,1,2491,2,36,43187788,-2,1310836378,
5534,26,1,2492,2,6,39480179,0,1310843561,0000000059
5534,27,1,2493,2,30,39297021,36945574,1302341492,0000000002
5534,28,1,2494,2,36,44960646,-2,1310849540,
5534,29,1,2495,2,36,45613224,-2,1310850362,
5534,30,1,2496,2,37,47662575,-1,1310850651,0000000032
5534,31,1,2497,2,37,47662575,-1,1310850651,0000000032
5534,32,1,2498,2,36,45613224,-2,1310850811,
5534,33,1,2499,2,36,45613224,-2,1310850924,
5534,34,1,2500,2,36,44960646,-2,1310850941,
5534,35,1,2501,2,36,45739937,-2,1310851270,
5534,36,1,2502,2,36,38528262,-2,1310853979,
5534,37,1,2503,2,36,43187788,-2,1310854001,
5534,38,1,2504,2,36,43187788,-2,1310854044,
5534,39,1,2505,2,36,38528262,-2,1310854417,
5534,40,1,2506,2,36,45613224,-2,1310854555,
5534,41,1,2507,2,36,38528262,-2,1310856795,
5534,42,1,2513,2,3,40363797,0,1311133305,0000000135
5534,43,1,2519,2,3,34863009,0,1311137244,0000000136
5534,44,1,2523,2,3,34863009,0,1311137244,0000000136
5534,45,1,2526,2,3,38957632,0,1311140234,0000000137
5534,46,1,2527,2,6,49663305,0,1311140365,0000000060
5534,47,1,2528,2,30,39297021,36945574,1302341492,0000000002
5534,48,1,2535,2,3,47932419,0,1311142628,0000000138
5534,49,1,2538,2,6,49663305,0,1311140365,0000000060
5534,50,1,2539,2,30,39297021,36945574,1302341492,0000000002
5534,51,1,2544,2,3,46727308,0,1311144578,0000000139
5534,52,1,2547,2,3,35630325,0,1311149529,0000000140
5534,53,1,2548,2,7,44017911,0,1311155367,ръчна редакция
5534,54,1,2549,2,7,44017911,0,1311155367,ръчна редакция
5769,0,1,2552,2,6,49663305,0,1311140365,0000000060
5769,1,1,2553,2,30,39297021,36945574,1302341492,0000000002
5769,2,1,2554,2,30,39297021,36945574,1302341492,0000000002
5769,3,1,2555,2,30,39297021,36945574,1302341492,0000000002
5769,4,1,2556,2,30,43116945,46613752,1305653096,0000000003
5769,5,1,2557,2,30,39753949,35842324,1307631746,0000000005
5769,6,1,2558,2,30,36425042,44872595,1307151047,0000000004
5769,7,1,2559,2,30,39297021,36945574,1302341492,0000000002
5769,8,1,2569,2,6,49663305,0,1311140365,0000000060
5769,9,1,2574,2,6,49663305,0,1311140365,0000000060
5769,10,1,2575,2,30,39297021,36945574,1302341492,0000000002
5769,11,1,2576,2,30,39297021,36945574,1302341492,0000000002
5769,12,1,2577,2,3,44584124,0,1311232785,0000000141
5769,13,1,2581,2,3,37928129,0,1311233634,0000000142
5769,14,1,2582,2,6,49723446,0,1311233739,0000000061
5769,15,1,2584,2,6,49723446,0,1311233739,0000000061
5769,16,1,2585,2,30,39753949,35842324,1307631746,0000000005
5769,17,1,2589,2,3,45969273,0,1311339135,0000000143
5769,18,1,2590,2,6,49557151,0,1311339188,0000000062
5769,19,1,2592,2,3,41742386,0,1302462513,0000000019
5769,20,1,2594,2,3,41742386,0,1302462513,0000000019
5769,21,1,2595,2,3,35789362,0,1311433798,0000000144
5769,22,1,2602,2,3,33792396,0,1311450981,0000000145
5769,23,1,2603,2,6,49018087,0,1311451136,0000000063
5769,24,1,2604,2,30,39297021,36945574,1302341492,0000000002
5769,25,1,2605,2,7,45479601,0,1311452918,ръчна редакция
5769,26,1,2606,2,7,45479601,0,1311452918,ръчна редакция
5769,27,1,2607,2,7,45479601,0,1311452918,ръчна редакция
5769,28,1,2608,2,7,45479601,0,1311452918,ръчна редакция
5769,29,1,2609,2,7,45479601,0,1311452918,ръчна редакция
5769,30,1,2610,2,7,45479601,0,1311452918,ръчна редакция
5769,31,1,2613,2,3,34079318,0,1311460456,0000000146
5769,32,1,2615,2,6,49018087,0,1311451136,0000000063
5769,33,1,2616,2,30,49132890,37874140,1302135931,0000000001
5769,34,1,2618,2,3,38202661,0,1311460922,0000000147
5769,35,1,2620,2,6,49018087,0,1311451136,0000000063
5769,36,1,2622,2,3,34977946,0,1311461384,0000000148
5769,37,1,2624,2,6,49018087,0,1311451136,0000000063
5769,38,1,2626,2,3,43861433,0,1311463344,0000000149
5769,39,1,2628,2,6,49018087,0,1311451136,0000000063
5769,40,1,2629,2,36,49932569,-2,1311529752,
5769,41,1,2631,2,36,47816762,-2,1311532157,
5769,42,1,2632,2,36,47816762,-2,1311532672,
5769,43,1,2633,2,37,36654702,-1,1311533380,0000000032
5769,44,1,2634,2,30,36654702,44481939,1311533402,0000000032
5769,45,1,2635,2,30,36654702,44481939,1311533402,0000000032
5769,46,1,2636,2,30,36654702,45335126,1311533895,0000000032
5769,47,1,2637,2,3,44584124,0,1311232785,0000000141
5769,48,1,2638,2,36,47816762,-2,1311560971,
5769,49,1,2643,2,36,43091093,-2,1311561394,
5769,50,1,2644,2,36,47816762,-2,1311561574,
5769,51,1,2652,2,3,37966738,0,1311563320,0000000150
5769,52,1,2654,2,3,49130235,0,1311563667,0000000151
6057,0,1,2659,2,3,45177091,0,1311851075,0000000152
6057,1,1,2661,2,3,46187340,0,1311851419,0000000153
6057,2,1,2665,2,6,49149689,0,1311858175,0000000064
6057,3,1,2668,2,6,38298100,0,1311938565,0000000065
6057,4,1,2669,2,30,49132890,37874140,1302135931,0000000001
6057,5,1,2670,2,36,39161073,-2,1311958880,
6057,6,1,2671,2,36,39161073,-2,1311960163,
6057,7,1,2683,2,36,46788473,-2,1312034596,
6057,8,1,2685,2,36,42937997,-2,1312037749,
6057,9,1,2686,2,36,49935511,-2,1312038500,
6057,10,1,2690,2,6,38298100,0,1311938565,0000000065
6057,11,1,2695,2,36,44670355,-2,1312049510,
6057,12,1,2696,2,3,43530277,0,1312049679,0000000154
6057,13,1,2697,2,3,42309329,0,1312049827,0000000155
6057,14,1,2698,2,36,44670355,-2,1312049981,
6057,15,1,2700,2,6,38298100,0,1311938565,0000000065
6057,16,1,2702,2,7,34151857,0,1312062543,ръчна редакция
6057,17,1,2703,2,36,47990845,-2,1312062665,
6057,18,1,2704,2,36,35853460,-2,1312063269,
6057,19,1,2707,2,6,44490305,0,1312135045,0000000066
6057,20,1,2710,2,37,47273863,-1,1312135484,0000000033
6057,21,1,2711,2,37,47273863,-1,1312135484,0000000033
6057,22,1,2712,2,37,44730875,-1,1312135484,0000000034
6057,23,1,2713,2,37,40169806,-1,1312135484,0000000035
6057,24,1,2714,2,37,48413636,-1,1312135484,0000000036
6057,25,1,2715,2,37,50173966,-1,1312135484,0000000037
6057,26,1,2716,2,30,40169806,40874321,1312135576,0000000035
6057,27,1,2717,2,30,40169806,41883175,1312135630,0000000035
6057,28,1,2718,2,30,44730875,43777570,1312135688,0000000034
6057,29,1,2719,2,30,44730875,44252665,1312135751,0000000034
6057,30,1,2720,2,30,50173966,34717919,1312135784,0000000037
6057,31,1,2721,2,30,50173966,39701296,1312135827,0000000037
6057,32,1,2722,2,30,48413636,41286454,1312135858,0000000036
6057,33,1,2723,2,30,48413636,34500568,1312135918,0000000036
6057,34,1,2724,2,30,47273863,35731331,1312135963,0000000033
6057,35,1,2725,2,30,47273863,34428257,1312136005,0000000033
6057,36,1,2727,2,6,44490305,0,1312135045,0000000066
6057,37,1,2730,2,6,44490305,0,1312135045,0000000066
6057,38,1,2735,2,6,44490305,0,1312135045,0000000066
6057,39,1,2736,2,3,34933435,0,1312142628,0000000156
6057,40,1,2738,2,6,44490305,0,1312135045,0000000066
6057,41,1,2739,2,3,49077482,0,1312142859,0000000157
6057,42,1,2740,2,6,44490305,0,1312135045,0000000066
6057,43,1,2744,2,6,44490305,0,1312135045,0000000066
6057,44,1,2745,2,30,39753949,35842324,1307631746,0000000005
6057,45,1,2749,2,7,36170622,0,1312144412,ръчна редакция
6057,46,1,2750,2,7,36170622,0,1312144412,ръчна редакция
6057,47,1,2753,2,3,47815937,0,1312144612,0000000158
6057,48,1,2758,2,3,37438033,0,1312156731,0000000159
6057,49,1,2761,2,6,44490305,0,1312135045,0000000066
6057,50,1,2762,2,30,39297021,36945574,1302341492,0000000002
6057,51,1,2764,2,6,44490305,0,1312135045,0000000066
6057,52,1,2767,2,6,44490305,0,1312135045,0000000066
6057,53,1,2769,2,3,42478987,0,1312232265,0000000160
6078,0,1,2770,2,30,49132890,37874140,1302135931,0000000001
6078,1,1,2771,2,3,42906776,0,1312250898,0000000161
6078,2,1,2772,2,6,41497903,0,1312251064,0000000067
6078,3,1,2773,2,6,45255950,0,1312550865,0000000068
6078,4,1,2774,2,30,39297021,36945574,1302341492,0000000002
6078,5,1,2775,2,7,42175454,0,1312563376,ръчна редакция
6078,6,1,2776,2,7,42175454,0,1312563376,ръчна редакция
6078,7,1,2777,2,3,48590840,0,1312563388,0000000162
6078,8,1,2779,2,6,45255950,0,1312550865,0000000068
6078,9,1,2780,2,7,46024386,0,1312650701,ръчна редакция
6078,10,1,2781,2,7,46024386,0,1312650701,ръчна редакция
6078,11,1,2783,2,3,46490897,0,1312663907,0000000163
6078,12,1,2787,2,3,38410228,0,1312731777,0000000164
6078,13,1,2788,2,6,36499861,0,1312738050,0000000069
6078,14,1,2789,2,7,46872367,0,1312738962,ръчна редакция
6078,15,1,2790,2,7,46872367,0,1312738962,ръчна редакция
6078,16,1,2791,2,7,46872367,0,1312738962,ръчна редакция
6078,17,1,2792,2,7,46872367,0,1312738962,ръчна редакция
6078,18,1,2793,2,7,46872367,0,1312738962,ръчна редакция
6078,19,1,2794,2,7,46872367,0,1312738962,ръчна редакция
6078,20,1,2795,2,7,46872367,0,1312738962,ръчна редакция
6078,21,1,2796,2,7,46872367,0,1312738962,ръчна редакция
6078,22,1,2797,2,7,46872367,0,1312738962,ръчна редакция
6078,23,1,2798,2,7,46872367,0,1312738962,ръчна редакция
6078,24,1,2813,2,6,36499861,0,1312738050,0000000069
6078,25,1,2819,2,3,44870868,0,1312757056,0000000165
6078,26,1,2820,2,36,47816762,-2,1312761724,
6078,27,1,2821,2,30,39297021,36945574,1302341492,0000000002
6078,28,1,2825,2,3,42719774,0,1312844496,0000000166
6078,29,1,2826,2,3,39646533,0,1312844713,0000000167
6078,30,1,2827,2,3,44303613,0,1312844927,0000000168
6078,31,1,2829,2,6,36499861,0,1312738050,0000000069
6078,32,1,2830,2,6,35692654,0,1312845098,0000000070
6078,33,1,2831,2,30,39297021,36945574,1302341492,0000000002
6078,34,1,2832,2,6,44723633,0,1312930189,0000000071
6078,35,1,2836,2,6,44723633,0,1312930189,0000000071
6078,36,1,2837,2,30,39297021,36945574,1302341492,0000000002
6078,37,1,2840,2,6,44723633,0,1312930189,0000000071
6078,38,1,2841,2,30,39297021,36945574,1302341492,0000000002
6078,39,1,2842,2,7,42690299,0,1313232933,ръчна редакция
6078,40,1,2843,2,7,42690299,0,1313232933,ръчна редакция
6078,41,1,2846,2,3,48728803,0,1313233823,0000000169
6078,42,1,2848,2,3,38877538,0,1313234194,0000000170
6078,43,1,2849,2,6,39256853,0,1313234272,0000000072
6078,44,1,2850,2,7,1313256701,0,1313256701,0000000001
6078,45,1,2851,2,3,45824884,0,1313333545,0000000171
6078,46,1,2852,2,7,1313359202,0,1313359202,0000000002
6078,47,1,2853,2,7,45945417,0,1313461628,ръчна редакция
6078,48,1,2854,2,7,45945417,0,1313461628,ръчна редакция
6078,49,1,2855,2,7,33905226,0,1313534101,ръчна редакция
6078,50,1,2856,2,7,33905226,0,1313534101,ръчна редакция
6153,0,1,2857,2,7,33905226,0,1313534101,ръчна редакция
6153,1,1,2858,2,7,33905226,0,1313534101,ръчна редакция
6153,2,1,2859,2,7,33905226,0,1313534101,ръчна редакция
6153,3,1,2860,2,7,33905226,0,1313534101,ръчна редакция
6153,4,1,2861,2,7,33905226,0,1313534101,ръчна редакция
6153,5,1,2862,2,7,33905226,0,1313534101,ръчна редакция
6153,6,1,2863,2,7,33905226,0,1313534101,ръчна редакция
6153,7,1,2864,2,7,33905226,0,1313534101,ръчна редакция
6153,8,1,2865,2,7,33905226,0,1313534101,ръчна редакция
6153,9,1,2866,2,7,33905226,0,1313534101,ръчна редакция
6153,10,1,2867,2,7,33905226,0,1313534101,ръчна редакция
6153,11,1,2868,2,7,33905226,0,1313534101,ръчна редакция
6153,12,1,2869,2,7,33905226,0,1313534101,ръчна редакция
6153,13,1,2870,2,7,33905226,0,1313534101,ръчна редакция
6153,14,1,2871,2,7,33905226,0,1313534101,ръчна редакция
6153,15,1,2872,2,7,33905226,0,1313534101,ръчна редакция
6153,16,1,2873,2,7,33905226,0,1313534101,ръчна редакция
6153,17,1,2874,2,7,33905226,0,1313534101,ръчна редакция
6153,18,1,2875,2,7,33905226,0,1313534101,ръчна редакция
6153,19,1,2876,2,7,33905226,0,1313534101,ръчна редакция
6153,20,1,2877,2,7,33905226,0,1313534101,ръчна редакция
6153,21,1,2878,2,7,33905226,0,1313534101,ръчна редакция
6153,22,1,2879,2,7,33905226,0,1313534101,ръчна редакция
6153,23,1,2880,2,7,33905226,0,1313534101,ръчна редакция
6153,24,1,2881,2,7,33905226,0,1313534101,ръчна редакция
6153,25,1,2882,2,7,33905226,0,1313534101,ръчна редакция
6153,26,1,2883,2,7,33905226,0,1313534101,ръчна редакция
6153,27,1,2884,2,7,33905226,0,1313534101,ръчна редакция
6153,28,1,2885,2,7,33905226,0,1313534101,ръчна редакция
6153,29,1,2886,2,7,33905226,0,1313534101,ръчна редакция
6153,30,1,2887,2,7,33905226,0,1313534101,ръчна редакция
6153,31,1,2888,2,7,33905226,0,1313534101,ръчна редакция
6153,32,1,2889,2,7,33905226,0,1313534101,ръчна редакция
6153,33,1,2892,2,7,33905226,0,1313534101,ръчна редакция
6153,34,1,2893,2,7,33905226,0,1313534101,ръчна редакция
6153,35,1,2894,2,7,33905226,0,1313534101,ръчна редакция
6153,36,1,2895,2,7,33905226,0,1313534101,ръчна редакция
6153,37,1,2896,2,7,33905226,0,1313534101,ръчна редакция
6153,38,1,2897,2,7,33905226,0,1313534101,ръчна редакция
6153,39,1,2898,2,7,33905226,0,1313534101,ръчна редакция
6153,40,1,2899,2,7,33905226,0,1313534101,ръчна редакция
6153,41,1,2900,2,7,33905226,0,1313534101,ръчна редакция
6153,42,1,2901,2,7,33905226,0,1313534101,ръчна редакция
6153,43,1,2902,2,7,33905226,0,1313534101,ръчна редакция
6153,44,1,2903,2,7,33905226,0,1313534101,ръчна редакция
6153,45,1,2904,2,7,33905226,0,1313534101,ръчна редакция
6153,46,1,2905,2,7,33905226,0,1313534101,ръчна редакция
6163,0,1,2906,2,7,33905226,0,1313534101,ръчна редакция
6163,1,1,2907,2,7,33905226,0,1313534101,ръчна редакция
6163,2,1,2908,2,7,33905226,0,1313534101,ръчна редакция
6163,3,1,2909,2,7,33905226,0,1313534101,ръчна редакция
6163,4,1,2910,2,7,33905226,0,1313534101,ръчна редакция
6163,5,1,2911,2,7,33905226,0,1313534101,ръчна редакция
6163,6,1,2912,2,7,33905226,0,1313534101,ръчна редакция
6163,7,1,2913,2,7,33905226,0,1313534101,ръчна редакция
6163,8,1,2914,2,7,33905226,0,1313534101,ръчна редакция
6163,9,1,2915,2,7,33905226,0,1313534101,ръчна редакция
6163,10,1,2916,2,7,33905226,0,1313534101,ръчна редакция
6163,11,1,2917,2,7,33905226,0,1313534101,ръчна редакция
6163,12,1,2918,2,7,33905226,0,1313534101,ръчна редакция
6163,13,1,2919,2,7,33905226,0,1313534101,ръчна редакция
6163,14,1,2920,2,7,33905226,0,1313534101,ръчна редакция
6163,15,1,2921,2,7,33905226,0,1313534101,ръчна редакция
6163,16,1,2922,2,7,33905226,0,1313534101,ръчна редакция
6163,17,1,2923,2,7,33905226,0,1313534101,ръчна редакция
6163,18,1,2924,2,7,33905226,0,1313534101,ръчна редакция
6163,19,1,2925,2,7,33905226,0,1313534101,ръчна редакция
6163,20,1,2926,2,7,33905226,0,1313534101,ръчна редакция
6163,21,1,2927,2,7,33905226,0,1313534101,ръчна редакция
6163,22,1,2928,2,7,33905226,0,1313534101,ръчна редакция
6163,23,1,2929,2,7,33905226,0,1313534101,ръчна редакция
6163,24,1,2930,2,7,33905226,0,1313534101,ръчна редакция
6163,25,1,2931,2,7,33905226,0,1313534101,ръчна редакция
6163,26,1,2932,2,7,33905226,0,1313534101,ръчна редакция
6163,27,1,2933,2,7,33905226,0,1313534101,ръчна редакция
6163,28,1,2934,2,7,33905226,0,1313534101,ръчна редакция
6163,29,1,2935,2,7,33905226,0,1313534101,ръчна редакция
6163,30,1,2936,2,7,33905226,0,1313534101,ръчна редакция
6163,31,1,2937,2,7,33905226,0,1313534101,ръчна редакция
6163,32,1,2938,2,7,33905226,0,1313534101,ръчна редакция
6163,33,1,2939,2,7,33905226,0,1313534101,ръчна редакция
6163,34,1,2940,2,6,49656560,0,1313538962,0000000073
6163,35,1,2941,2,7,33905226,0,1313534101,ръчна редакция
6163,36,1,2942,2,7,33905226,0,1313534101,ръчна редакция
6163,37,1,2943,2,7,33905226,0,1313534101,ръчна редакция
6163,38,1,2947,2,3,39302706,0,1313539878,0000000172
6163,39,1,2951,2,7,33905226,0,1313534101,ръчна редакция
6163,40,1,2952,2,7,33905226,0,1313534101,ръчна редакция
6163,41,1,2953,2,7,33905226,0,1313534101,ръчна редакция
6163,42,1,2954,2,7,33905226,0,1313534101,ръчна редакция
6163,43,1,2955,2,7,33905226,0,1313534101,ръчна редакция
6163,44,1,2956,2,7,33905226,0,1313534101,ръчна редакция
6163,45,1,2957,2,7,33905226,0,1313534101,ръчна редакция
6163,46,1,2958,2,7,33905226,0,1313534101,ръчна редакция
6177,0,1,2960,2,6,42987026,0,1313541231,0000000074
6177,1,1,2961,2,7,33905226,0,1313534101,ръчна редакция
6177,2,1,2962,2,7,33905226,0,1313534101,ръчна редакция
6177,3,1,2963,2,7,33905226,0,1313534101,ръчна редакция
6177,4,1,2964,2,7,33905226,0,1313534101,ръчна редакция
6177,5,1,2965,2,7,33905226,0,1313534101,ръчна редакция
6177,6,1,2966,2,7,33905226,0,1313534101,ръчна редакция
6177,7,1,2967,2,7,33905226,0,1313534101,ръчна редакция
6177,8,1,2968,2,7,33905226,0,1313534101,ръчна редакция
6177,9,1,2969,2,7,33905226,0,1313534101,ръчна редакция
6177,10,1,2970,2,7,33905226,0,1313534101,ръчна редакция
6177,11,1,2971,2,7,33905226,0,1313534101,ръчна редакция
6177,12,1,2972,2,7,33905226,0,1313534101,ръчна редакция
6177,13,1,2973,2,7,33905226,0,1313534101,ръчна редакция
6177,14,1,2974,2,7,33905226,0,1313534101,ръчна редакция
6177,15,1,2975,2,7,33905226,0,1313534101,ръчна редакция
6177,16,1,2976,2,7,33905226,0,1313534101,ръчна редакция
6177,17,1,2982,2,7,33905226,0,1313534101,ръчна редакция
6177,18,1,2983,2,7,33905226,0,1313534101,ръчна редакция
6177,19,1,2984,2,7,33905226,0,1313534101,ръчна редакция
6177,20,1,2985,2,7,33905226,0,1313534101,ръчна редакция
6177,21,1,2988,2,7,33905226,0,1313534101,ръчна редакция
6177,22,1,2989,2,7,33905226,0,1313534101,ръчна редакция
6177,23,1,2990,2,7,33905226,0,1313534101,ръчна редакция
6177,24,1,2992,2,7,33905226,0,1313534101,ръчна редакция
6177,25,1,2993,2,7,33905226,0,1313534101,ръчна редакция
6177,26,1,2994,2,7,33905226,0,1313534101,ръчна редакция
6177,27,1,2995,2,7,33905226,0,1313534101,ръчна редакция
6177,28,1,2996,2,7,33905226,0,1313534101,ръчна редакция
6177,29,1,2997,2,7,33905226,0,1313534101,ръчна редакция
6177,30,1,2998,2,7,33905226,0,1313534101,ръчна редакция
6177,31,1,2999,2,7,33905226,0,1313534101,ръчна редакция
6177,32,1,3000,2,7,33905226,0,1313534101,ръчна редакция
6177,33,1,3001,2,7,33905226,0,1313534101,ръчна редакция
6177,34,1,3002,2,7,33905226,0,1313534101,ръчна редакция
6177,35,1,3003,2,7,33905226,0,1313534101,ръчна редакция
6177,36,1,3004,2,7,33905226,0,1313534101,ръчна редакция
6177,37,1,3005,2,7,33905226,0,1313534101,ръчна редакция
6177,38,1,3006,2,7,33905226,0,1313534101,ръчна редакция
6177,39,1,3007,2,7,33905226,0,1313534101,ръчна редакция
6177,40,1,3008,2,7,33905226,0,1313534101,ръчна редакция
6177,41,1,3009,2,7,33905226,0,1313534101,ръчна редакция
6177,42,1,3010,2,7,33905226,0,1313534101,ръчна редакция
6177,43,1,3011,2,7,33905226,0,1313534101,ръчна редакция
6177,44,1,3012,2,7,33905226,0,1313534101,ръчна редакция
6177,45,1,3013,2,7,33905226,0,1313534101,ръчна редакция
6177,46,1,3014,2,7,33905226,0,1313534101,ръчна редакция
6182,0,1,3015,2,7,33905226,0,1313534101,ръчна редакция
6182,1,1,3016,2,7,33905226,0,1313534101,ръчна редакция
6182,2,1,3017,2,7,33905226,0,1313534101,ръчна редакция
6182,3,1,3018,2,7,33905226,0,1313534101,ръчна редакция
6182,4,1,3019,2,7,33905226,0,1313534101,ръчна редакция
6182,5,1,3020,2,7,33905226,0,1313534101,ръчна редакция
6182,6,1,3021,2,7,33905226,0,1313534101,ръчна редакция
6182,7,1,3022,2,7,33905226,0,1313534101,ръчна редакция
6182,8,1,3023,2,7,33905226,0,1313534101,ръчна редакция
6182,9,1,3024,2,7,33905226,0,1313534101,ръчна редакция
6182,10,1,3025,2,7,33905226,0,1313534101,ръчна редакция
6182,11,1,3026,2,7,33905226,0,1313534101,ръчна редакция
6182,12,1,3027,2,7,33905226,0,1313534101,ръчна редакция
6182,13,1,3028,2,7,33905226,0,1313534101,ръчна редакция
6182,14,1,3029,2,7,33905226,0,1313534101,ръчна редакция
6182,15,1,3030,2,7,33905226,0,1313534101,ръчна редакция
6182,16,1,3031,2,7,33905226,0,1313534101,ръчна редакция
6182,17,1,3032,2,7,33905226,0,1313534101,ръчна редакция
6182,18,1,3033,2,7,33905226,0,1313534101,ръчна редакция
6182,19,1,3034,2,7,33905226,0,1313534101,ръчна редакция
6182,20,1,3035,2,7,33905226,0,1313534101,ръчна редакция
6182,21,1,3036,2,7,33905226,0,1313534101,ръчна редакция
6182,22,1,3037,2,7,33905226,0,1313534101,ръчна редакция
6182,23,1,3038,2,7,33905226,0,1313534101,ръчна редакция
6182,24,1,3039,2,7,33905226,0,1313534101,ръчна редакция
6182,25,1,3040,2,7,33905226,0,1313534101,ръчна редакция
6182,26,1,3041,2,7,33905226,0,1313534101,ръчна редакция
6182,27,1,3042,2,7,33905226,0,1313534101,ръчна редакция
6182,28,1,3044,2,3,40286859,0,1313551253,0000000173
6182,29,1,3046,2,6,42987026,0,1313541231,0000000074
6182,30,1,3047,2,7,33905226,0,1313534101,ръчна редакция
6182,31,1,3048,2,7,33905226,0,1313534101,ръчна редакция
6182,32,1,3049,2,7,33905226,0,1313534101,ръчна редакция
6182,33,1,3050,2,7,33905226,0,1313534101,ръчна редакция
6182,34,1,3051,2,7,33905226,0,1313534101,ръчна редакция
6182,35,1,3052,2,7,33905226,0,1313534101,ръчна редакция
6182,36,1,3053,2,7,33905226,0,1313534101,ръчна редакция
6182,37,1,3054,2,7,33905226,0,1313534101,ръчна редакция
6182,38,1,3055,2,7,33905226,0,1313534101,ръчна редакция
6182,39,1,3056,2,7,33905226,0,1313534101,ръчна редакция
6182,40,1,3057,2,7,33905226,0,1313534101,ръчна редакция
6182,41,1,3058,2,7,33905226,0,1313534101,ръчна редакция
6182,42,1,3059,2,7,33905226,0,1313534101,ръчна редакция
6182,43,1,3060,2,7,33905226,0,1313534101,ръчна редакция
6182,44,1,3061,2,7,33905226,0,1313534101,ръчна редакция
6182,45,1,3062,2,7,33905226,0,1313534101,ръчна редакция
6182,46,1,3063,2,7,33905226,0,1313534101,ръчна редакция
6188,0,1,3064,2,7,33905226,0,1313534101,ръчна редакция
6188,1,1,3065,2,7,33905226,0,1313534101,ръчна редакция
6188,2,1,3066,2,7,33905226,0,1313534101,ръчна редакция
6188,3,1,3067,2,7,33905226,0,1313534101,ръчна редакция
6188,4,1,3068,2,7,33905226,0,1313534101,ръчна редакция
6188,5,1,3069,2,7,33905226,0,1313534101,ръчна редакция
6188,6,1,3070,2,7,33905226,0,1313534101,ръчна редакция
6188,7,1,3071,2,7,33905226,0,1313534101,ръчна редакция
6188,8,1,3073,2,7,33905226,0,1313534101,ръчна редакция
6188,9,1,3074,2,7,33905226,0,1313534101,ръчна редакция
6188,10,1,3075,2,7,33905226,0,1313534101,ръчна редакция
6188,11,1,3076,2,7,33905226,0,1313534101,ръчна редакция
6188,12,1,3077,2,7,33905226,0,1313534101,ръчна редакция
6188,13,1,3078,2,7,33905226,0,1313534101,ръчна редакция
6188,14,1,3079,2,7,33905226,0,1313534101,ръчна редакция
6188,15,1,3080,2,7,33905226,0,1313534101,ръчна редакция
6188,16,1,3081,2,7,33905226,0,1313534101,ръчна редакция
6188,17,1,3082,2,7,33905226,0,1313534101,ръчна редакция
6188,18,1,3083,2,7,33905226,0,1313534101,ръчна редакция
6188,19,1,3084,2,7,33905226,0,1313534101,ръчна редакция
6188,20,1,3085,2,7,33905226,0,1313534101,ръчна редакция
6188,21,1,3086,2,7,33905226,0,1313534101,ръчна редакция
6188,22,1,3087,2,7,33905226,0,1313534101,ръчна редакция
6188,23,1,3088,2,7,33905226,0,1313534101,ръчна редакция
6188,24,1,3090,2,7,33905226,0,1313534101,ръчна редакция
6188,25,1,3092,2,7,33905226,0,1313534101,ръчна редакция
6188,26,1,3093,2,6,49142060,0,1313632692,0000000075
6188,27,1,3094,2,30,49132890,37874140,1302135931,0000000001
6188,28,1,3098,2,3,45855810,0,1313633351,0000000174
6188,29,1,3100,2,6,49142060,0,1313632692,0000000075
6188,30,1,3101,2,3,35630325,0,1311149529,0000000140
6188,31,1,3105,2,6,49142060,0,1313632692,0000000075
6188,32,1,3106,2,36,47816762,-2,1313651799,
6188,33,1,3107,2,7,1313930709,0,1313930709,0000000003
6188,34,1,3108,2,7,1313931057,0,1313931057,0000000004
6188,35,1,3109,2,7,1313931130,0,1313931130,0000000005
6188,36,1,3110,2,7,48014781,0,1314034823,ръчна редакция
6188,37,1,3111,2,7,48014781,0,1314034823,ръчна редакция
6188,38,1,3112,2,6,41569782,0,1314035247,0000000076
6188,39,1,3113,2,7,48014781,0,1314034823,ръчна редакция
6188,40,1,3115,2,6,41569782,0,1314035247,0000000076
6188,41,1,3116,2,7,45886076,0,1315332456,ръчна редакция
6188,42,1,3117,2,7,45886076,0,1315332456,ръчна редакция
6188,43,1,3118,2,7,45886076,0,1315332456,ръчна редакция
6188,44,1,3119,2,7,45886076,0,1315332456,ръчна редакция
6188,45,1,3120,2,7,45886076,0,1315332456,ръчна редакция
6188,46,1,3121,2,7,45886076,0,1315332456,ръчна редакция
6188,47,1,3122,2,7,45886076,0,1315332456,ръчна редакция
6188,48,1,3123,2,7,45886076,0,1315332456,ръчна редакция
6216,0,1,3124,2,7,45886076,0,1315332456,ръчна редакция
6216,1,1,3125,2,7,45886076,0,1315332456,ръчна редакция
6216,2,1,3126,2,7,45886076,0,1315332456,ръчна редакция
6216,3,1,3127,2,7,45886076,0,1315332456,ръчна редакция
6216,4,1,3128,2,7,45886076,0,1315332456,ръчна редакция
6216,5,1,3129,2,7,45886076,0,1315332456,ръчна редакция
6216,6,1,3130,2,7,45886076,0,1315332456,ръчна редакция
6216,7,1,3131,2,7,45886076,0,1315332456,ръчна редакция
6216,8,1,3132,2,7,45886076,0,1315332456,ръчна редакция
6216,9,1,3133,2,7,45886076,0,1315332456,ръчна редакция
6216,10,1,3134,2,7,45886076,0,1315332456,ръчна редакция
6216,11,1,3135,2,7,45886076,0,1315332456,ръчна редакция
6216,12,1,3136,2,6,40312398,0,1315333698,0000000077
6216,13,1,3137,2,7,45886076,0,1315332456,ръчна редакция
6216,14,1,3138,2,7,45886076,0,1315332456,ръчна редакция
6216,15,1,3139,2,7,45886076,0,1315332456,ръчна редакция
6216,16,1,3140,2,7,45886076,0,1315332456,ръчна редакция
6216,17,1,3141,2,7,45886076,0,1315332456,ръчна редакция
6216,18,1,3142,2,7,45886076,0,1315332456,ръчна редакция
6216,19,1,3143,2,7,45886076,0,1315332456,ръчна редакция
6216,20,1,3144,2,7,45886076,0,1315332456,ръчна редакция
6216,21,1,3145,2,7,45886076,0,1315332456,ръчна редакция
6216,22,1,3146,2,7,45886076,0,1315332456,ръчна редакция
6216,23,1,3147,2,7,45886076,0,1315332456,ръчна редакция
6216,24,1,3148,2,7,45886076,0,1315332456,ръчна редакция
6216,25,1,3149,2,7,45886076,0,1315332456,ръчна редакция
6216,26,1,3150,2,7,45886076,0,1315332456,ръчна редакция
6216,27,1,3151,2,7,45886076,0,1315332456,ръчна редакция
6216,28,1,3152,2,7,45886076,0,1315332456,ръчна редакция
6216,29,1,3153,2,7,45886076,0,1315332456,ръчна редакция
6216,30,1,3154,2,7,45886076,0,1315332456,ръчна редакция
6216,31,1,3155,2,7,45886076,0,1315332456,ръчна редакция
6216,32,1,3156,2,7,45886076,0,1315332456,ръчна редакция
6216,33,1,3157,2,7,45886076,0,1315332456,ръчна редакция
6216,34,1,3158,2,7,45886076,0,1315332456,ръчна редакция
6216,35,1,3159,2,7,45886076,0,1315332456,ръчна редакция
6216,36,1,3160,2,7,45886076,0,1315332456,ръчна редакция
6216,37,1,3161,2,7,45886076,0,1315332456,ръчна редакция
6216,38,1,3169,2,6,40312398,0,1315333698,0000000077
6216,39,1,3171,2,3,45416077,0,1315344714,0000000175
6216,40,1,3174,2,6,40312398,0,1315333698,0000000077
6216,41,1,3178,2,6,40312398,0,1315333698,0000000077
6216,42,1,3179,2,7,45886076,0,1315332456,ръчна редакция
6216,43,1,3180,2,7,45886076,0,1315332456,ръчна редакция
6216,44,1,3181,2,7,45886076,0,1315332456,ръчна редакция
6216,45,1,3182,2,7,45886076,0,1315332456,ръчна редакция
6216,46,1,3183,2,7,45886076,0,1315332456,ръчна редакция
6216,47,1,3184,2,7,45886076,0,1315332456,ръчна редакция
6227,0,1,3185,2,7,45886076,0,1315332456,ръчна редакция
6227,1,1,3186,2,7,45886076,0,1315332456,ръчна редакция
6227,2,1,3187,2,7,45886076,0,1315332456,ръчна редакция
6227,3,1,3188,2,7,45886076,0,1315332456,ръчна редакция
6227,4,1,3189,2,7,45886076,0,1315332456,ръчна редакция
6227,5,1,3190,2,7,45886076,0,1315332456,ръчна редакция
6227,6,1,3191,2,7,45886076,0,1315332456,ръчна редакция
6227,7,1,3193,2,6,40312398,0,1315333698,0000000077
6227,8,1,3194,2,7,45886076,0,1315332456,ръчна редакция
6227,9,1,3195,2,7,45886076,0,1315332456,ръчна редакция
6227,10,1,3198,2,3,37251875,0,1315433857,0000000176
6227,11,1,3199,2,6,36852337,0,1315438557,0000000078
6227,12,1,3210,2,3,42517627,0,1315454892,0000000177
6227,13,1,3211,2,6,37533511,0,1315545054,0000000079
6227,14,1,3214,2,6,37533511,0,1315545054,0000000079
6227,15,1,3217,2,3,40239934,0,1315553341,0000000178
6227,16,1,3218,2,36,47816762,-2,1315559269,
6227,17,1,3219,2,37,36654702,-1,1311533380,0000000032
6227,18,1,3220,2,30,36654702,44481939,1311533402,0000000032
6227,19,1,3221,2,30,36654702,45335126,1311533895,0000000032
6227,20,1,3225,2,3,34355354,0,1315560716,0000000179
6227,21,1,3227,2,6,37533511,0,1315545054,0000000079
6227,22,1,3231,2,6,40780478,0,1316032631,0000000080
6227,23,1,3232,2,3,35649075,0,1316039716,0000000180
6227,24,1,3242,2,6,40780478,0,1316032631,0000000080
6227,25,1,3245,2,6,40780478,0,1316032631,0000000080
6227,26,1,3246,2,30,39297021,36945574,1302341492,0000000002
6227,27,1,3247,2,7,48909883,0,1316042502,ръчна редакция
6227,28,1,3248,2,7,48909883,0,1316042502,ръчна редакция
6227,29,1,3249,2,7,48909883,0,1316042502,ръчна редакция
6227,30,1,3250,2,7,48909883,0,1316042502,ръчна редакция
6227,31,1,3251,2,3,36319413,0,1316042619,0000000181
6227,32,1,3253,2,6,40780478,0,1316032631,0000000080
6227,33,1,3255,2,3,37570476,0,1316044910,0000000182
6227,34,1,3260,2,6,40780478,0,1316032631,0000000080
6227,35,1,3268,2,3,44877970,0,1316132613,0000000183
6227,36,1,3271,2,7,35359514,0,1316133192,ръчна редакция
6227,37,1,3277,2,3,46717349,0,1316141105,0000000184
6227,38,1,3278,2,6,37499944,0,1316141600,0000000081
6227,39,1,3285,2,6,36852337,0,1315438557,0000000078
6227,40,1,3308,2,6,40312398,0,1315333698,0000000077
6227,41,1,3315,2,6,37533511,0,1315545054,0000000079
6227,42,1,3334,2,6,40780478,0,1316032631,0000000080
6227,43,1,3340,2,3,40982239,0,1316151405,0000000185
6227,44,1,3351,2,6,37499944,0,1316141600,0000000081
6227,45,1,3355,2,6,37499944,0,1316141600,0000000081
6227,46,1,3359,2,3,49200308,0,1316154716,0000000186
6227,47,1,3362,2,3,49285892,0,1316158666,0000000187
6227,48,1,3363,2,30,49132890,37874140,1302135931,0000000001
6227,49,1,3365,2,3,44550479,0,1316162658,0000000188
6227,50,1,3374,2,6,37499944,0,1316141600,0000000081
6227,51,1,3376,2,6,37499944,0,1316141600,0000000081
6193,0,1,3378,2,36,35493290,-2,1316163698,
6193,1,1,3380,2,6,37499944,0,1316141600,0000000081
6193,2,1,3381,2,7,46034611,0,1316252250,ръчна редакция
6193,3,1,3382,2,7,46034611,0,1316252250,ръчна редакция
6193,4,1,3383,2,7,46034611,0,1316252250,ръчна редакция
6193,5,1,3384,2,7,46034611,0,1316252250,ръчна редакция
6193,6,1,3385,2,7,46034611,0,1316252250,ръчна редакция
6193,7,1,3389,2,7,48230298,0,1316253028,ръчна редакция
6193,8,1,3390,2,7,48230298,0,1316253028,ръчна редакция
6193,9,1,3395,2,3,39374886,0,1316253437,0000000189
6193,10,1,3398,2,6,37883119,0,1316253644,0000000082
6193,11,1,3399,2,7,47492732,0,1316254015,ръчна редакция
6193,12,1,3400,2,7,47492732,0,1316254015,ръчна редакция
6193,13,1,3407,2,6,37499944,0,1316141600,0000000081
6193,14,1,3410,2,6,37883119,0,1316253644,0000000082
6193,15,1,3417,2,6,37883119,0,1316253644,0000000082
6193,16,1,3433,2,6,37883119,0,1316253644,0000000082
6193,17,1,3440,2,6,37883119,0,1316253644,0000000082
6193,18,1,3441,2,7,46034611,0,1316252250,ръчна редакция
6193,19,1,3442,2,7,46034611,0,1316252250,ръчна редакция
6193,20,1,3444,2,6,37883119,0,1316253644,0000000082
6193,21,1,3448,2,3,35258226,0,1316259996,0000000190
6193,22,1,3454,2,6,37883119,0,1316253644,0000000082
6193,23,1,3460,2,3,39544870,0,1316261174,0000000191
6193,24,1,3462,2,6,43577413,0,1316342648,0000000083
6193,25,1,3465,2,3,44232707,0,1316345632,0000000192
6193,26,1,3470,2,6,43577413,0,1316342648,0000000083
6193,27,1,3471,2,7,1316350067,0,1316350067,0000000006
6193,28,1,3475,2,3,49265369,0,1316352392,0000000193
6193,29,1,3499,2,6,42282840,0,1316357277,0000000084
6193,30,1,3514,2,6,42282840,0,1316357277,0000000084
6193,31,1,3533,2,6,42282840,0,1316357277,0000000084
6193,32,1,3534,2,7,43832948,0,1316360838,ръчна редакция
6193,33,1,3535,2,7,43832948,0,1316360838,ръчна редакция
6193,34,1,3536,2,7,43832948,0,1316360838,ръчна редакция
6193,35,1,3537,2,7,43832948,0,1316360838,ръчна редакция
6193,36,1,3543,2,6,42282840,0,1316357277,0000000084
6193,37,1,3551,2,7,45641320,0,1316363558,ръчна редакция
6193,38,1,3552,2,7,45641320,0,1316363558,ръчна редакция
6193,39,1,3553,2,7,45641320,0,1316363558,ръчна редакция
6193,40,1,3591,2,6,42282840,0,1316357277,0000000084
6193,41,1,3595,2,3,45726019,0,1316431882,0000000194
6193,42,1,3596,2,7,41745753,0,1316432668,ръчна редакция
6193,43,1,3597,2,7,41745753,0,1316432668,ръчна редакция
6193,44,1,3599,2,6,36238823,0,1316432919,0000000085
6193,45,1,3602,2,6,36238823,0,1316432919,0000000085
6193,46,1,3631,2,6,42282840,0,1316357277,0000000084
6193,47,1,3638,2,6,42282840,0,1316357277,0000000084
6193,48,1,3639,2,7,41745753,0,1316432668,ръчна редакция
6193,49,1,3640,2,7,41745753,0,1316432668,ръчна редакция
6193,50,1,3662,2,6,42282840,0,1316357277,0000000084
6327,0,1,3671,2,6,42282840,0,1316357277,0000000084
6327,1,1,3674,2,3,39840647,0,1316441562,0000000195
6327,2,1,3694,2,6,42282840,0,1316357277,0000000084
6327,3,1,3697,2,6,36238823,0,1316432919,0000000085
6327,4,1,3718,2,3,37715589,0,1316450355,0000000196
6327,5,1,3736,2,6,42282840,0,1316357277,0000000084
6327,6,1,3767,2,7,40175234,0,1316458320,ръчна редакция
6327,7,1,3770,2,6,36238823,0,1316432919,0000000085
6327,8,1,3772,2,7,41745753,0,1316432668,ръчна редакция
6327,9,1,3773,2,7,41745753,0,1316432668,ръчна редакция
6327,10,1,3820,2,6,42282840,0,1316357277,0000000084
6327,11,1,3821,2,7,41745753,0,1316432668,ръчна редакция
6327,12,1,3824,2,7,41745753,0,1316432668,ръчна редакция
6327,13,1,3827,2,7,41745753,0,1316432668,ръчна редакция
6327,14,1,3828,2,7,41745753,0,1316432668,ръчна редакция
6327,15,1,3829,2,7,41745753,0,1316432668,ръчна редакция
6327,16,1,3830,2,7,41745753,0,1316432668,ръчна редакция
6327,17,1,3836,2,6,36238823,0,1316432919,0000000085
6327,18,1,3838,2,7,41745753,0,1316432668,ръчна редакция
6327,19,1,3839,2,7,41745753,0,1316432668,ръчна редакция
6327,20,1,3850,2,6,42282840,0,1316357277,0000000084
6327,21,1,3879,2,6,42282840,0,1316357277,0000000084
6327,22,1,3884,2,6,42282840,0,1316357277,0000000084
6327,23,1,3899,2,7,45323473,0,1317036280,ръчна редакция
6327,24,1,3945,2,6,42282840,0,1316357277,0000000084
6327,25,1,3992,2,6,42282840,0,1316357277,0000000084
6327,26,1,3993,2,6,37829421,0,1317052389,0000000086
6327,27,1,3995,2,3,41827223,0,1317053516,0000000197
6327,28,1,3998,2,6,37829421,0,1317052389,0000000086
6327,29,1,4002,2,3,38099697,0,1317056513,0000000198
6327,30,1,4004,2,6,37829421,0,1317052389,0000000086
6327,31,1,4005,2,7,45323473,0,1317036280,ръчна редакция
6327,32,1,4007,2,6,37829421,0,1317052389,0000000086
6327,33,1,4011,2,6,37829421,0,1317052389,0000000086
6327,34,1,4046,2,6,42282840,0,1316357277,0000000084
6327,35,1,4049,2,7,38790263,0,1317132736,ръчна редакция
6327,36,1,4050,2,7,38790263,0,1317132736,ръчна редакция
6327,37,1,4057,2,7,38790263,0,1317132736,ръчна редакция
6327,38,1,4058,2,7,38790263,0,1317132736,ръчна редакция
6327,39,1,4066,2,3,40146649,0,1317136084,0000000199
6327,40,1,4072,2,6,42282840,0,1316357277,0000000084
6327,41,1,4076,2,3,45044130,0,1317138243,0000000200
6327,42,1,4081,2,3,45044130,0,1317138243,0000000200
6327,43,1,4082,2,37,36650426,-1,1317140599,0000000038
6327,44,1,4083,2,37,36650426,-1,1317140599,0000000038
6327,45,1,4084,2,37,41682963,-1,1317140599,0000000039
6327,46,1,4085,2,37,49070797,-1,1317140599,0000000040
6327,47,1,4086,2,37,45748066,-1,1317140599,0000000041
6327,48,1,4087,2,37,38807946,-1,1317140599,0000000042
6327,49,1,4088,2,37,38624603,-1,1317140599,0000000043
6327,50,1,4089,2,30,49070797,48264767,1317140709,0000000040
6327,51,1,4090,2,30,45748066,39234588,1317140759,0000000041
6399,0,1,4091,2,37,38807946,-1,1317140599,0000000042
6399,1,1,4092,2,36,45739937,-2,1317140921,
6399,2,1,4093,2,37,47854542,-1,1317140959,0000000044
6399,3,1,4094,2,30,47854542,47049208,1317141006,0000000044
6399,4,1,4095,2,30,38624603,42348863,1317141031,0000000043
6399,5,1,4096,2,30,38624603,48005959,1317141131,0000000043
6399,6,1,4097,2,30,49070797,33627471,1317141172,0000000040
6399,7,1,4098,2,30,45748066,34698093,1317141259,0000000041
6399,8,1,4099,2,30,47854542,50108062,1317141281,0000000044
6399,9,1,4100,2,30,39314364,45253756,1317141472,0000000028
6399,10,1,4101,2,30,41682963,35692777,1317141528,0000000039
6399,11,1,4102,2,30,41682963,41101048,1317141567,0000000039
6399,12,1,4103,2,30,36650426,42476671,1317141594,0000000038
6399,13,1,4104,2,30,36650426,49022476,1317141677,0000000038
6399,14,1,4105,2,7,1317143533,0,1317143533,0000000007
6399,15,1,4106,2,7,38790263,0,1317132736,ръчна редакция
6399,16,1,4107,2,7,38790263,0,1317132736,ръчна редакция
6399,17,1,4108,2,7,38790263,0,1317132736,ръчна редакция
6399,18,1,4109,2,7,38790263,0,1317132736,ръчна редакция
6399,19,1,4110,2,7,38790263,0,1317132736,ръчна редакция
6399,20,1,4111,2,7,38790263,0,1317132736,ръчна редакция
6399,21,1,4112,2,7,38790263,0,1317132736,ръчна редакция
6399,22,1,4113,2,7,38790263,0,1317132736,ръчна редакция
6399,23,1,4114,2,7,38790263,0,1317132736,ръчна редакция
6399,24,1,4115,2,7,38790263,0,1317132736,ръчна редакция
6399,25,1,4116,2,7,38790263,0,1317132736,ръчна редакция
6399,26,1,4117,2,7,38790263,0,1317132736,ръчна редакция
6399,27,1,4118,2,7,38790263,0,1317132736,ръчна редакция
6399,28,1,4119,2,7,38790263,0,1317132736,ръчна редакция
6399,29,1,4120,2,7,38790263,0,1317132736,ръчна редакция
6399,30,1,4121,2,7,38790263,0,1317132736,ръчна редакция
6399,31,1,4124,2,6,37829421,0,1317052389,0000000086
6399,32,1,4125,2,7,44073164,0,1317159113,ръчна редакция
6399,33,1,4126,2,7,44073164,0,1317159113,ръчна редакция
6399,34,1,4127,2,7,44073164,0,1317159113,ръчна редакция
6399,35,1,4128,2,7,44073164,0,1317159113,ръчна редакция
6399,36,1,4129,2,7,44073164,0,1317159113,ръчна редакция
6399,37,1,4132,2,6,37829421,0,1317052389,0000000086
6399,38,1,4133,2,7,44073164,0,1317159113,ръчна редакция
6399,39,1,4134,2,7,44073164,0,1317159113,ръчна редакция
6399,40,1,4135,2,7,44073164,0,1317159113,ръчна редакция
6399,41,1,4136,2,7,44073164,0,1317159113,ръчна редакция
6399,42,1,4137,2,7,38790263,0,1317132736,ръчна редакция
6399,43,1,4138,2,7,38790263,0,1317132736,ръчна редакция
6399,44,1,4139,2,6,49905712,0,1317432145,0000000087
6399,45,1,4140,2,7,49856326,0,1317433886,ръчна редакция
6399,46,1,4141,2,7,49856326,0,1317433886,ръчна редакция
6399,47,1,4145,2,6,49905712,0,1317432145,0000000087
6399,48,1,4146,2,7,49856326,0,1317433886,ръчна редакция
6412,0,1,4147,2,7,49856326,0,1317433886,ръчна редакция
6412,1,1,4148,2,7,49856326,0,1317433886,ръчна редакция
6412,2,1,4149,2,7,49856326,0,1317433886,ръчна редакция
6412,3,1,4150,2,7,49856326,0,1317433886,ръчна редакция
6412,4,1,4151,2,7,49856326,0,1317433886,ръчна редакция
6412,5,1,4152,2,7,49856326,0,1317433886,ръчна редакция
6412,6,1,4153,2,7,49856326,0,1317433886,ръчна редакция
6412,7,1,4154,2,7,49856326,0,1317433886,ръчна редакция
6412,8,1,4155,2,7,49856326,0,1317433886,ръчна редакция
6412,9,1,4158,2,6,49905712,0,1317432145,0000000087
6412,10,1,4161,2,3,44163758,0,1317439133,0000000201
6412,11,1,4163,2,3,44163758,0,1317439133,0000000201
6412,12,1,4164,2,7,1317440366,0,1317440366,0000000008
6412,13,1,4167,2,3,44910496,0,1317443630,0000000202
6412,14,1,4168,2,3,44910496,0,1317443630,0000000202
6412,15,1,4171,2,6,49905712,0,1317432145,0000000087
6412,16,1,4174,2,3,41882686,0,1317450340,0000000203
6412,17,1,4177,2,6,49905712,0,1317432145,0000000087
6412,18,1,4186,2,36,1300860756,-2,1317452042,
6412,19,1,4187,2,36,1300860652,-2,1317452042,
6412,20,1,4188,2,37,43116945,-1,1305653024,0000000003
6412,21,1,4189,2,30,39753949,35842324,1307631746,0000000005
6412,22,1,4190,2,30,43116945,46613752,1305653096,0000000003
6412,23,1,4191,2,37,36425042,-1,1307150628,0000000004
6412,24,1,4192,2,30,36425042,44872595,1307151047,0000000004
6412,25,1,4193,2,37,39753949,-1,1307631717,0000000005
6412,26,1,4205,2,3,37014662,0,1317454038,0000000204
6412,27,1,4210,2,3,37014662,0,1317454038,0000000204
6412,28,1,4217,2,6,49905712,0,1317432145,0000000087
6412,29,1,4220,2,3,50226802,0,1317456042,0000000205
6412,30,1,4226,2,6,49905712,0,1317432145,0000000087
6412,31,1,4231,2,3,36826080,0,1317457822,0000000206
6412,32,1,4236,2,6,49905712,0,1317432145,0000000087
6412,33,1,4237,2,3,46943753,0,1317459308,0000000207
6412,34,1,4239,2,6,49905712,0,1317432145,0000000087
6412,35,1,4242,2,6,49905712,0,1317432145,0000000087
6412,36,1,4243,2,7,49856326,0,1317433886,ръчна редакция
6412,37,1,4244,2,7,49856326,0,1317433886,ръчна редакция
6412,38,1,4245,2,7,34870145,0,1317460267,ръчна редакция
6412,39,1,4246,2,7,34870145,0,1317460267,ръчна редакция
6412,40,1,4247,2,7,49856326,0,1317433886,ръчна редакция
6412,41,1,4248,2,7,49856326,0,1317433886,ръчна редакция
6412,42,1,4249,2,7,49856326,0,1317433886,ръчна редакция
6412,43,1,4250,2,7,49856326,0,1317433886,ръчна редакция
6412,44,1,4251,2,7,49856326,0,1317433886,ръчна редакция
6412,45,1,4252,2,7,49856326,0,1317433886,ръчна редакция
6412,46,1,4253,2,7,49856326,0,1317433886,ръчна редакция
6412,47,1,4254,2,7,49856326,0,1317433886,ръчна редакция
6412,48,1,4255,2,7,49856326,0,1317433886,ръчна редакция
6412,49,1,4256,2,7,49856326,0,1317433886,ръчна редакция
6412,50,1,4257,2,7,49856326,0,1317433886,ръчна редакция
6250,0,1,4258,2,7,49856326,0,1317433886,ръчна редакция
6250,1,1,4259,2,7,49856326,0,1317433886,ръчна редакция
6250,2,1,4260,2,7,49856326,0,1317433886,ръчна редакция
6250,3,1,4262,2,7,49856326,0,1317433886,ръчна редакция
6250,4,1,4264,2,7,49856326,0,1317433886,ръчна редакция
6250,5,1,4265,2,7,49856326,0,1317433886,ръчна редакция
6250,6,1,4266,2,7,49856326,0,1317433886,ръчна редакция
6250,7,1,4267,2,7,49856326,0,1317433886,ръчна редакция
6250,8,1,4268,2,7,49856326,0,1317433886,ръчна редакция
6250,9,1,4270,2,7,49856326,0,1317433886,ръчна редакция
6250,10,1,4271,2,7,49856326,0,1317433886,ръчна редакция
6250,11,1,4274,2,7,49856326,0,1317433886,ръчна редакция
6250,12,1,4275,2,7,49856326,0,1317433886,ръчна редакция
6250,13,1,4276,2,7,49856326,0,1317433886,ръчна редакция
6250,14,1,4277,2,7,49856326,0,1317433886,ръчна редакция
6250,15,1,4281,2,6,49905712,0,1317432145,0000000087
6250,16,1,4283,2,6,49905712,0,1317432145,0000000087
6250,17,1,4287,2,6,49905712,0,1317432145,0000000087
6250,18,1,4288,2,7,36239664,0,1317535820,ръчна редакция
6250,19,1,4289,2,37,43987986,-1,1317538777,0000000045
6250,20,1,4290,2,30,43987986,44040911,1317538868,0000000045
6250,21,1,4291,2,30,43987986,35505348,1317538910,0000000045
6250,22,1,4292,2,7,49643885,0,1317539170,ръчна редакция
6250,23,1,4293,2,7,49643885,0,1317539170,ръчна редакция
6250,24,1,4297,2,6,46291449,0,1317542707,0000000088
6250,25,1,4299,2,6,49905712,0,1317432145,0000000087
6250,26,1,4300,2,3,39454847,0,1317545118,0000000208
6250,27,1,4302,2,7,49643885,0,1317539170,ръчна редакция
6250,28,1,4303,2,7,49643885,0,1317539170,ръчна редакция
6250,29,1,4304,2,7,36239664,0,1317535820,ръчна редакция
6250,30,1,4305,2,7,36239664,0,1317535820,ръчна редакция
6250,31,1,4308,2,3,39454847,0,1317545118,0000000208
6250,32,1,4314,2,6,46291449,0,1317542707,0000000088
6250,33,1,4317,2,3,38252955,0,1317554864,0000000209
6250,34,1,4321,2,6,46291449,0,1317542707,0000000088
6250,35,1,4389,2,6,42282840,0,1316357277,0000000084
6250,36,1,4591,2,6,42282840,0,1316357277,0000000084
6250,37,1,4601,2,6,42282840,0,1316357277,0000000084
6250,38,1,4629,2,7,48810952,0,1317632233,ръчна редакция
6250,39,1,4630,2,7,48810952,0,1317632233,ръчна редакция
6250,40,1,4635,2,3,43908621,0,1317632527,0000000210
6250,41,1,4716,2,6,42282840,0,1316357277,0000000084
6250,42,1,4717,2,7,36298573,0,1317633669,ръчна редакция
6250,43,1,4718,2,7,36298573,0,1317633669,ръчна редакция
6250,44,1,4719,2,7,36298573,0,1317633669,ръчна редакция
6250,45,1,4720,2,7,36298573,0,1317633669,ръчна редакция
6250,46,1,4721,2,7,36298573,0,1317633669,ръчна редакция
6250,47,1,4722,2,7,36298573,0,1317633669,ръчна редакция
6250,48,1,4723,2,7,36298573,0,1317633669,ръчна редакция
6575,0,1,4724,2,7,36298573,0,1317633669,ръчна редакция
6575,1,1,4725,2,7,36298573,0,1317633669,ръчна редакция
6575,2,1,4778,2,6,42282840,0,1316357277,0000000084
6575,3,1,4779,2,7,36298573,0,1317633669,ръчна редакция
6575,4,1,4780,2,7,36298573,0,1317633669,ръчна редакция
6575,5,1,4781,2,7,36298573,0,1317633669,ръчна редакция
6575,6,1,4795,2,6,46291449,0,1317542707,0000000088
6575,7,1,4798,2,37,49132890,-1,1302135909,0000000001
6575,8,1,4799,2,30,49132890,37874140,1302135931,0000000001
6575,9,1,4800,2,37,36425042,-1,1307150628,0000000004
6575,10,1,4801,2,37,36425042,-1,1307150628,0000000004
6575,11,1,4802,2,37,36425042,-1,1307150628,0000000004
6575,12,1,4803,2,37,36425042,-1,1307150628,0000000004
6575,13,1,4804,2,37,36425042,-1,1307150628,0000000004
6575,14,1,4805,2,37,36425042,-1,1307150628,0000000004
6575,15,1,4806,2,37,36425042,-1,1307150628,0000000004
6575,16,1,4807,2,37,36425042,-1,1307150628,0000000004
6575,17,1,4808,2,37,36425042,-1,1307150628,0000000004
6575,18,1,4809,2,37,36425042,-1,1307150628,0000000004
6575,19,1,4810,2,37,36425042,-1,1307150628,0000000004
6575,20,1,4811,2,37,36425042,-1,1307150628,0000000004
6575,21,1,4812,2,37,36425042,-1,1307150628,0000000004
6575,22,1,4813,2,37,36425042,-1,1307150628,0000000004
6575,23,1,4814,2,37,36425042,-1,1307150628,0000000004
6575,24,1,4815,2,37,36425042,-1,1307150628,0000000004
6575,25,1,4816,2,37,36425042,-1,1307150628,0000000004
6575,26,1,4817,2,37,36425042,-1,1307150628,0000000004
6575,27,1,4818,2,37,36425042,-1,1307150628,0000000004
6575,28,1,4819,2,37,36425042,-1,1307150628,0000000004
6575,29,1,4820,2,30,36425042,44872595,1307151047,0000000004
6575,30,1,4821,2,30,36425042,44872595,1307151047,0000000004
6575,31,1,4822,2,30,36425042,44872595,1307151047,0000000004
6575,32,1,4823,2,30,36425042,44872595,1307151047,0000000004
6575,33,1,4824,2,30,36425042,44872595,1307151047,0000000004
6575,34,1,4825,2,30,36425042,44872595,1307151047,0000000004
6575,35,1,4826,2,30,36425042,44872595,1307151047,0000000004
6575,36,1,4827,2,30,36425042,44872595,1307151047,0000000004
6575,37,1,4828,2,30,36425042,44872595,1307151047,0000000004
6575,38,1,4829,2,30,36425042,44872595,1307151047,0000000004
6575,39,1,4830,2,30,36425042,44872595,1307151047,0000000004
6575,40,1,4831,2,30,36425042,44872595,1307151047,0000000004
6575,41,1,4832,2,30,36425042,44872595,1307151047,0000000004
6575,42,1,4833,2,30,36425042,44872595,1307151047,0000000004
6575,43,1,4834,2,30,36425042,44872595,1307151047,0000000004
6575,44,1,4835,2,30,36425042,44872595,1307151047,0000000004
6575,45,1,4836,2,30,36425042,44872595,1307151047,0000000004
6575,46,1,4837,2,30,36425042,44872595,1307151047,0000000004
6575,47,1,4838,2,30,36425042,44872595,1307151047,0000000004
6575,48,1,4839,2,30,36425042,44872595,1307151047,0000000004
6575,49,1,4840,2,30,39753949,35842324,1307631746,0000000005
6575,50,1,4841,2,30,39753949,35842324,1307631746,0000000005
6575,51,1,4842,2,30,39753949,35842324,1307631746,0000000005
6575,52,1,4843,2,30,39753949,35842324,1307631746,0000000005
6575,53,1,4844,2,30,39753949,35842324,1307631746,0000000005
7087,0,1,4845,2,30,39753949,35842324,1307631746,0000000005
7087,1,1,4846,2,30,39753949,35842324,1307631746,0000000005
7087,2,1,4847,2,30,39753949,35842324,1307631746,0000000005
7087,3,1,4848,2,30,39753949,35842324,1307631746,0000000005
7087,4,1,4849,2,30,39753949,35842324,1307631746,0000000005
7087,5,1,4850,2,30,39753949,35842324,1307631746,0000000005
7087,6,1,4851,2,30,39753949,35842324,1307631746,0000000005
7087,7,1,4852,2,30,39753949,35842324,1307631746,0000000005
7087,8,1,4853,2,30,39753949,35842324,1307631746,0000000005
7087,9,1,4854,2,30,39753949,35842324,1307631746,0000000005
7087,10,1,4855,2,30,39753949,35842324,1307631746,0000000005
7087,11,1,4856,2,30,39753949,35842324,1307631746,0000000005
7087,12,1,4857,2,30,39753949,35842324,1307631746,0000000005
7087,13,1,4858,2,37,39753949,-1,1307631717,0000000005
7087,14,1,4859,2,37,39753949,-1,1307631717,0000000005
7087,15,1,4860,2,37,39753949,-1,1307631717,0000000005
7087,16,1,4861,2,37,39753949,-1,1307631717,0000000005
7087,17,1,4862,2,37,39753949,-1,1307631717,0000000005
7087,18,1,4863,2,37,39753949,-1,1307631717,0000000005
7087,19,1,4864,2,37,39753949,-1,1307631717,0000000005
7087,20,1,4865,2,37,39753949,-1,1307631717,0000000005
7087,21,1,4866,2,37,39753949,-1,1307631717,0000000005
7087,22,1,4867,2,37,39753949,-1,1307631717,0000000005
7087,23,1,4868,2,37,39753949,-1,1307631717,0000000005
7087,24,1,4869,2,37,39753949,-1,1307631717,0000000005
7087,25,1,4870,2,37,39753949,-1,1307631717,0000000005
7087,26,1,4871,2,37,39753949,-1,1307631717,0000000005
7087,27,1,4872,2,37,39753949,-1,1307631717,0000000005
7087,28,1,4873,2,37,39753949,-1,1307631717,0000000005
7087,29,1,4874,2,37,39753949,-1,1307631717,0000000005
7087,30,1,4875,2,37,39753949,-1,1307631717,0000000005
7087,31,1,4890,2,6,42282840,0,1316357277,0000000084
7087,32,1,4891,2,7,36298573,0,1317633669,ръчна редакция
7087,33,1,4892,2,7,36298573,0,1317633669,ръчна редакция
7087,34,1,4927,2,6,42282840,0,1316357277,0000000084
7087,35,1,4928,2,7,36298573,0,1317633669,ръчна редакция
7087,36,1,4929,2,7,36298573,0,1317633669,ръчна редакция
7087,37,1,4930,2,7,36298573,0,1317633669,ръчна редакция
7087,38,1,4931,2,7,36298573,0,1317633669,ръчна редакция
7087,39,1,4932,2,7,36298573,0,1317633669,ръчна редакция
7087,40,1,4933,2,7,36298573,0,1317633669,ръчна редакция
7087,41,1,4934,2,7,36298573,0,1317633669,ръчна редакция
7087,42,1,4935,2,7,36298573,0,1317633669,ръчна редакция
7087,43,1,4936,2,7,36298573,0,1317633669,ръчна редакция
7087,44,1,4937,2,7,36298573,0,1317633669,ръчна редакция
7087,45,1,4938,2,7,36298573,0,1317633669,ръчна редакция
7087,46,1,4939,2,7,36298573,0,1317633669,ръчна редакция
7087,47,1,4940,2,7,36298573,0,1317633669,ръчна редакция
7087,48,1,4941,2,7,36298573,0,1317633669,ръчна редакция
7087,49,1,4952,2,6,46291449,0,1317542707,0000000088
7087,50,1,4953,2,7,36298573,0,1317633669,ръчна редакция
7087,51,1,4954,2,7,36298573,0,1317633669,ръчна редакция
6158,0,1,4955,2,7,36298573,0,1317633669,ръчна редакция
6158,1,1,4956,2,7,36298573,0,1317633669,ръчна редакция
6158,2,1,4957,2,7,36298573,0,1317633669,ръчна редакция
6158,3,1,4958,2,7,36298573,0,1317633669,ръчна редакция
6158,4,1,4959,2,7,36298573,0,1317633669,ръчна редакция
6158,5,1,4960,2,7,36298573,0,1317633669,ръчна редакция
6158,6,1,4963,2,7,36298573,0,1317633669,ръчна редакция
6158,7,1,4964,2,7,36298573,0,1317633669,ръчна редакция
6158,8,1,5141,2,6,42282840,0,1316357277,0000000084
6158,9,1,5142,2,7,36298573,0,1317633669,ръчна редакция
6158,10,1,5143,2,7,36298573,0,1317633669,ръчна редакция
6158,11,1,5144,2,7,36298573,0,1317633669,ръчна редакция
6158,12,1,5145,2,7,36298573,0,1317633669,ръчна редакция
6158,13,1,5146,2,7,36298573,0,1317633669,ръчна редакция
6158,14,1,5147,2,7,36298573,0,1317633669,ръчна редакция
6158,15,1,5148,2,7,36298573,0,1317633669,ръчна редакция
6158,16,1,5149,2,7,36298573,0,1317633669,ръчна редакция
6158,17,1,5150,2,7,36298573,0,1317633669,ръчна редакция
6158,18,1,5151,2,7,36298573,0,1317633669,ръчна редакция
6158,19,1,5152,2,7,36298573,0,1317633669,ръчна редакция
6158,20,1,5153,2,7,36298573,0,1317633669,ръчна редакция
6158,21,1,5154,2,7,36298573,0,1317633669,ръчна редакция
6158,22,1,5155,2,7,36298573,0,1317633669,ръчна редакция
6158,23,1,5156,2,7,36298573,0,1317633669,ръчна редакция
6158,24,1,5157,2,7,36298573,0,1317633669,ръчна редакция
6158,25,1,5158,2,7,36298573,0,1317633669,ръчна редакция
6158,26,1,5159,2,7,36298573,0,1317633669,ръчна редакция
6158,27,1,5160,2,7,36298573,0,1317633669,ръчна редакция
6158,28,1,5161,2,7,36298573,0,1317633669,ръчна редакция
6158,29,1,5162,2,7,36298573,0,1317633669,ръчна редакция
6158,30,1,5163,2,7,36298573,0,1317633669,ръчна редакция
6158,31,1,5164,2,7,36298573,0,1317633669,ръчна редакция
6158,32,1,5165,2,7,36298573,0,1317633669,ръчна редакция
6158,33,1,5166,2,7,36298573,0,1317633669,ръчна редакция
6158,34,1,5167,2,7,36298573,0,1317633669,ръчна редакция
6158,35,1,5168,2,7,36298573,0,1317633669,ръчна редакция
6158,36,1,5169,2,7,36298573,0,1317633669,ръчна редакция
6158,37,1,5170,2,7,36298573,0,1317633669,ръчна редакция
6158,38,1,5171,2,7,36298573,0,1317633669,ръчна редакция
6158,39,1,5172,2,7,36298573,0,1317633669,ръчна редакция
6158,40,1,5173,2,7,36298573,0,1317633669,ръчна редакция
6158,41,1,5174,2,7,36298573,0,1317633669,ръчна редакция
6158,42,1,5231,2,7,48810952,0,1317632233,ръчна редакция
6158,43,1,5232,2,7,48810952,0,1317632233,ръчна редакция
6158,44,1,5233,2,7,36298573,0,1317633669,ръчна редакция
6158,45,1,5235,2,7,36298573,0,1317633669,ръчна редакция
6158,46,1,5236,2,3,44163758,0,1317439133,0000000201
6624,0,1,5264,2,6,46291449,0,1317542707,0000000088
6624,1,1,5452,2,6,42282840,0,1316357277,0000000084
6624,2,1,5456,2,6,42282840,0,1316357277,0000000084
6624,3,1,5458,2,6,42282840,0,1316357277,0000000084
6624,4,1,5470,2,7,43763398,0,1317655480,ръчна редакция
6624,5,1,5471,2,7,43763398,0,1317655480,ръчна редакция
6624,6,1,5474,2,36,49935511,-2,1317656434,
6624,7,1,5475,2,36,44670355,-2,1317656487,
6624,8,1,5476,2,36,42937997,-2,1317656522,
6624,9,1,5477,2,36,47990845,-2,1317656539,
6624,10,1,5478,2,36,46788473,-2,1317656565,
6624,11,1,5479,2,36,43091093,-2,1317656584,
6624,12,1,5495,2,6,42282840,0,1316357277,0000000084
6624,13,1,5500,2,37,36425042,-1,1307150628,0000000004
6624,14,1,5501,2,30,36425042,44872595,1307151047,0000000004
6624,15,1,5503,2,7,36298573,0,1317633669,ръчна редакция
6624,16,1,5504,2,7,36298573,0,1317633669,ръчна редакция
6624,17,1,5505,2,7,36298573,0,1317633669,ръчна редакция
6624,18,1,5506,2,7,36298573,0,1317633669,ръчна редакция
6624,19,1,5507,2,7,36298573,0,1317633669,ръчна редакция
6624,20,1,5508,2,7,36298573,0,1317633669,ръчна редакция
6624,21,1,5509,2,7,36298573,0,1317633669,ръчна редакция
6624,22,1,5510,2,7,36298573,0,1317633669,ръчна редакция
6624,23,1,5511,2,7,36298573,0,1317633669,ръчна редакция
6624,24,1,5512,2,7,36298573,0,1317633669,ръчна редакция
6624,25,1,5513,2,7,36298573,0,1317633669,ръчна редакция
6624,26,1,5514,2,7,36298573,0,1317633669,ръчна редакция
6624,27,1,5515,2,7,36298573,0,1317633669,ръчна редакция
6624,28,1,5516,2,7,36298573,0,1317633669,ръчна редакция
6624,29,1,5517,2,7,36298573,0,1317633669,ръчна редакция
6624,30,1,5518,2,7,1317658632,0,1317658632,0000000009
6624,31,1,5520,2,6,46291449,0,1317542707,0000000088
6624,32,1,5521,2,7,38903846,0,1317733194,ръчна редакция
6624,33,1,5522,2,7,38903846,0,1317733194,ръчна редакция
6624,34,1,5524,2,6,46291449,0,1317542707,0000000088
6624,35,1,5525,2,6,38333754,0,1317734014,0000000089
6624,36,1,5530,2,6,38333754,0,1317734014,0000000089
6624,37,1,5537,2,6,38333754,0,1317734014,0000000089
6624,38,1,5539,2,7,38903846,0,1317733194,ръчна редакция
6624,39,1,5540,2,7,38903846,0,1317733194,ръчна редакция
6624,40,1,5541,2,7,38903846,0,1317733194,ръчна редакция
6624,41,1,5542,2,7,38903846,0,1317733194,ръчна редакция
6624,42,1,5550,2,7,38903846,0,1317733194,ръчна редакция
6624,43,1,5551,2,7,38903846,0,1317733194,ръчна редакция
6624,44,1,5554,2,7,38903846,0,1317733194,ръчна редакция
6624,45,1,5555,2,7,38903846,0,1317733194,ръчна редакция
6624,46,1,5556,2,7,38903846,0,1317733194,ръчна редакция
6624,47,1,5557,2,7,38903846,0,1317733194,ръчна редакция
6624,48,1,5558,2,7,38903846,0,1317733194,ръчна редакция
6624,49,1,5559,2,7,38903846,0,1317733194,ръчна редакция
6745,0,1,5560,2,7,1317757149,0,1317757149,0000000010
6745,1,1,5562,2,6,38333754,0,1317734014,0000000089
6745,2,1,5563,2,7,38903846,0,1317733194,ръчна редакция
6745,3,1,5564,2,7,38903846,0,1317733194,ръчна редакция
6745,4,1,5565,2,7,38903846,0,1317733194,ръчна редакция
6745,5,1,5566,2,7,38903846,0,1317733194,ръчна редакция
6745,6,1,5567,2,7,38903846,0,1317733194,ръчна редакция
6745,7,1,5568,2,7,38903846,0,1317733194,ръчна редакция
6745,8,1,5569,2,7,38903846,0,1317733194,ръчна редакция
6745,9,1,5576,2,6,38333754,0,1317734014,0000000089
6745,10,1,5581,2,6,37829421,0,1317052389,0000000086
6745,11,1,5583,2,6,49905712,0,1317432145,0000000087
6745,12,1,5587,2,6,46291449,0,1317542707,0000000088
6745,13,1,5589,2,6,38333754,0,1317734014,0000000089
6745,14,1,5590,2,7,38903846,0,1317733194,ръчна редакция
6745,15,1,5591,2,7,38903846,0,1317733194,ръчна редакция
6745,16,1,5592,2,7,38903846,0,1317733194,ръчна редакция
6745,17,1,5593,2,7,38903846,0,1317733194,ръчна редакция
6745,18,1,5596,2,7,38903846,0,1317733194,ръчна редакция
6745,19,1,5597,2,7,38903846,0,1317733194,ръчна редакция
6745,20,1,5599,2,7,38903846,0,1317733194,ръчна редакция
6745,21,1,5600,2,7,38903846,0,1317733194,ръчна редакция
6745,22,1,5602,2,7,38903846,0,1317733194,ръчна редакция
6745,23,1,5603,2,7,38903846,0,1317733194,ръчна редакция
6745,24,1,5612,2,6,38333754,0,1317734014,0000000089
6745,25,1,5613,2,7,38903846,0,1317733194,ръчна редакция
6745,26,1,5614,2,7,38903846,0,1317733194,ръчна редакция
6745,27,1,5624,2,6,38333754,0,1317734014,0000000089
6745,28,1,5625,2,3,36022835,0,1317832919,0000000211
6745,29,1,5626,2,6,48598038,0,1317833179,0000000090
6745,30,1,5628,2,6,48598038,0,1317833179,0000000090
6745,31,1,5629,2,6,48598038,0,1317833179,0000000090
6745,32,1,5631,2,6,42282840,0,1316357277,0000000084
6745,33,1,5636,2,3,39044558,0,1317842916,0000000212
6745,34,1,5651,2,3,36075849,0,1317845151,0000000213
6745,35,1,5653,2,6,48598038,0,1317833179,0000000090
6745,36,1,5654,2,7,43862356,0,1317852062,ръчна редакция
6745,37,1,5655,2,7,43862356,0,1317852062,ръчна редакция
6745,38,1,5659,2,7,43862356,0,1317852062,ръчна редакция
6745,39,1,5660,2,7,43862356,0,1317852062,ръчна редакция
6745,40,1,5664,2,7,43862356,0,1317852062,ръчна редакция
6745,41,1,5665,2,7,43862356,0,1317852062,ръчна редакция
6745,42,1,5668,2,7,43862356,0,1317852062,ръчна редакция
6745,43,1,5669,2,7,43862356,0,1317852062,ръчна редакция
6745,44,1,5670,2,7,43862356,0,1317852062,ръчна редакция
6745,45,1,5671,2,7,43862356,0,1317852062,ръчна редакция
6745,46,1,5675,2,7,43862356,0,1317852062,ръчна редакция
6745,47,1,5676,2,7,43862356,0,1317852062,ръчна редакция
6745,48,1,5678,2,6,48598038,0,1317833179,0000000090
6745,49,1,5682,2,6,48598038,0,1317833179,0000000090
6766,0,1,5683,2,3,40513898,0,1317856645,0000000214
6766,1,1,5688,2,3,49354288,0,1317857566,0000000215
6766,2,1,5696,2,6,48598038,0,1317833179,0000000090
6766,3,1,5698,2,6,48598038,0,1317833179,0000000090
6766,4,1,5699,2,7,43862356,0,1317852062,ръчна редакция
6766,5,1,5700,2,7,43862356,0,1317852062,ръчна редакция
6766,6,1,5704,2,3,45027041,0,1317859660,0000000216
6766,7,1,5707,2,6,48598038,0,1317833179,0000000090
6766,8,1,5709,2,6,48598038,0,1317833179,0000000090
6766,9,1,5711,2,6,48598038,0,1317833179,0000000090
6766,10,1,5712,2,7,43862356,0,1317852062,ръчна редакция
6766,11,1,5713,2,7,43862356,0,1317852062,ръчна редакция
6766,12,1,5715,2,6,48598038,0,1317833179,0000000090
6766,13,1,5719,2,3,38184077,0,1317862935,0000000217
6766,14,1,5721,2,6,48598038,0,1317833179,0000000090
6766,15,1,5722,2,6,43185378,0,1318135780,0000000091
6766,16,1,5780,2,6,43185378,0,1318135780,0000000091
6766,17,1,5782,2,3,45146274,0,1318144770,0000000218
6766,18,1,5784,2,3,40246761,0,1318145112,0000000219
6766,19,1,5787,2,6,43185378,0,1318135780,0000000091
6766,20,1,5793,2,3,46746076,0,1318146168,0000000220
6766,21,1,5795,2,3,48721152,0,1318148844,0000000221
6766,22,1,5797,2,3,44626322,0,1318149110,0000000222
6766,23,1,5810,2,3,45097386,0,1318152347,0000000223
6766,24,1,5826,2,3,45097386,0,1318152347,0000000223
6766,25,1,5839,2,3,45097386,0,1318152347,0000000223
6766,26,1,5840,2,3,35582792,0,1318155931,0000000224
6766,27,1,5843,2,3,35582792,0,1318155931,0000000224
6766,28,1,5850,2,6,43185378,0,1318135780,0000000091
6766,29,1,5854,2,3,34009114,0,1318163178,0000000225
6766,30,1,5855,2,7,49018270,0,1318163532,ръчна редакция
6766,31,1,5856,2,7,49018270,0,1318163532,ръчна редакция
6766,32,1,5865,2,6,43185378,0,1318135780,0000000091
6766,33,1,5867,2,3,35508936,0,1318238114,0000000226
6766,34,1,5869,2,7,49796793,0,1318238734,ръчна редакция
6766,35,1,5870,2,7,49796793,0,1318238734,ръчна редакция
6766,36,1,5872,2,6,42282840,0,1316357277,0000000084
6766,37,1,5873,2,7,50273524,0,1318239079,ръчна редакция
6766,38,1,5874,2,7,50273524,0,1318239079,ръчна редакция
6766,39,1,5876,2,7,50273524,0,1318239079,ръчна редакция
6766,40,1,5877,2,7,50273524,0,1318239079,ръчна редакция
6766,41,1,5880,2,6,43185378,0,1318135780,0000000091
6766,42,1,5882,2,7,50273524,0,1318239079,ръчна редакция
6766,43,1,5883,2,7,50273524,0,1318239079,ръчна редакция
6766,44,1,5884,2,6,42613800,0,1318241881,0000000092
6766,45,1,5888,2,6,42613800,0,1318241881,0000000092
6766,46,1,5891,2,6,42613800,0,1318241881,0000000092
6766,47,1,5892,2,7,50273524,0,1318239079,ръчна редакция
6766,48,1,5893,2,7,50273524,0,1318239079,ръчна редакция
6766,49,1,5894,2,7,50273524,0,1318239079,ръчна редакция
6766,50,1,5895,2,7,50273524,0,1318239079,ръчна редакция
6807,0,1,5901,2,6,42613800,0,1318241881,0000000092
6807,1,1,5907,2,6,42613800,0,1318241881,0000000092
6807,2,1,5915,2,6,42613800,0,1318241881,0000000092
6807,3,1,5916,2,7,1318253334,0,1318253334,0000000011
6807,4,1,5919,2,6,42613800,0,1318241881,0000000092
6807,5,1,5920,2,7,50273524,0,1318239079,ръчна редакция
6807,6,1,5921,2,7,50273524,0,1318239079,ръчна редакция
6807,7,1,5922,2,7,50273524,0,1318239079,ръчна редакция
6807,8,1,5923,2,7,50273524,0,1318239079,ръчна редакция
6807,9,1,5924,2,7,50273524,0,1318239079,ръчна редакция
6807,10,1,5925,2,7,50273524,0,1318239079,ръчна редакция
6807,11,1,5926,2,7,50273524,0,1318239079,ръчна редакция
6807,12,1,5935,2,7,50273524,0,1318239079,ръчна редакция
6807,13,1,5936,2,7,50273524,0,1318239079,ръчна редакция
6807,14,1,5937,2,7,50273524,0,1318239079,ръчна редакция
6807,15,1,5942,2,7,50273524,0,1318239079,ръчна редакция
6807,16,1,5949,2,3,39735341,0,1318332770,0000000227
6807,17,1,5950,2,7,43540008,0,1318335233,ръчна редакция
6807,18,1,5951,2,7,43540008,0,1318335233,ръчна редакция
6807,19,1,5952,2,6,35224292,0,1318335519,0000000093
6807,20,1,5959,2,6,35224292,0,1318335519,0000000093
6807,21,1,5960,2,7,43540008,0,1318335233,ръчна редакция
6807,22,1,5961,2,7,43540008,0,1318335233,ръчна редакция
6807,23,1,5962,2,7,43540008,0,1318335233,ръчна редакция
6807,24,1,5966,2,6,35224292,0,1318335519,0000000093
6807,25,1,5968,2,6,41408492,0,1318344970,0000000094
6807,26,1,5970,2,6,41408492,0,1318344970,0000000094
6807,27,1,5971,2,6,39733875,0,1318345101,0000000094
6807,28,1,5974,2,6,39733875,0,1318345101,0000000094
6807,29,1,5975,2,6,38145706,0,1318345382,0000000094
6807,30,1,5976,2,6,38145706,0,1318345382,0000000094
6807,31,1,5980,2,6,38145706,0,1318345382,0000000094
6807,32,1,5981,2,6,44351854,0,1318345935,0000000094
6807,33,1,5990,2,6,44351854,0,1318345935,0000000094
6807,34,1,6001,2,6,35909421,0,1318351717,0000000098
6807,35,1,6002,2,6,38590898,0,1318352123,0000000099
6807,36,1,6008,2,6,35909421,0,1318351717,0000000098
6807,37,1,6012,2,6,38590898,0,1318352123,0000000099
6807,38,1,6015,2,6,35224292,0,1318335519,0000000093
6807,39,1,6016,2,7,43540008,0,1318335233,ръчна редакция
6807,40,1,6017,2,7,43540008,0,1318335233,ръчна редакция
6807,41,1,6018,2,7,43540008,0,1318335233,ръчна редакция
6807,42,1,6019,2,7,43540008,0,1318335233,ръчна редакция
6807,43,1,6022,2,3,42096570,0,1318432474,0000000228
6807,44,1,6023,2,6,46804688,0,1318433239,0000000099
6807,45,1,6032,2,6,47819542,0,1318436637,0000000100
6807,46,1,6033,2,6,46804688,0,1318433239,0000000099
6807,47,1,6034,2,6,47819542,0,1318436637,0000000100
6807,48,1,6059,2,6,50175434,0,1318449003,0000000103
6807,49,1,6065,2,6,37006463,0,1318450478,0000000104
6807,50,1,6067,2,6,46804688,0,1318433239,0000000099
7052,0,1,6068,2,7,44768933,0,1318451835,ръчна редакция
7052,1,1,6069,2,7,44768933,0,1318451835,ръчна редакция
7052,2,1,6072,2,3,35900191,0,1318454234,0000000229
7052,3,1,6073,2,3,37660741,0,1318454396,0000000230
7052,4,1,6074,2,3,47535362,0,1318454594,0000000231
7052,5,1,6075,2,3,38844044,0,1318455132,0000000232
7052,6,1,6080,2,3,38844044,0,1318455132,0000000232
7052,7,1,6085,2,7,44768933,0,1318451835,ръчна редакция
7052,8,1,6086,2,7,44768933,0,1318451835,ръчна редакция
7052,9,1,6093,2,6,50175434,0,1318449003,0000000103
7052,10,1,6098,2,3,44978138,0,1318460024,0000000233
7052,11,1,6100,2,3,44978138,0,1318460024,0000000233
7052,12,1,6101,2,6,41890325,0,1318460551,0000000105
7052,13,1,6102,2,6,41890325,0,1318460551,0000000105
7052,14,1,6105,2,3,48662461,0,1318463214,0000000234
7052,15,1,6108,2,6,37006463,0,1318450478,0000000104
7052,16,1,6113,2,3,48492718,0,1318541163,0000000235
7052,17,1,6114,2,6,47119218,0,1318541421,0000000109
7052,18,1,6118,2,6,47119218,0,1318541421,0000000109
7052,19,1,6122,2,6,47119218,0,1318541421,0000000109
7052,20,1,6125,2,3,45945347,0,1318555643,0000000236
7052,21,1,6130,2,6,47119218,0,1318541421,0000000109
7052,22,1,6133,2,6,47119218,0,1318541421,0000000109
7052,23,1,6134,2,7,47038648,0,1318833063,ръчна редакция
7052,24,1,6135,2,7,47038648,0,1318833063,ръчна редакция
7052,25,1,6136,2,7,47038648,0,1318833063,ръчна редакция
7052,26,1,6137,2,7,47038648,0,1318833063,ръчна редакция
7052,27,1,6138,2,7,47038648,0,1318833063,ръчна редакция
7052,28,1,6139,2,7,47038648,0,1318833063,ръчна редакция
7052,29,1,6140,2,7,47038648,0,1318833063,ръчна редакция
7052,30,1,6141,2,7,47038648,0,1318833063,ръчна редакция
7052,31,1,6142,2,7,47038648,0,1318833063,ръчна редакция
7052,32,1,6143,2,7,47038648,0,1318833063,ръчна редакция
7052,33,1,6145,2,7,47038648,0,1318833063,ръчна редакция
7052,34,1,6146,2,7,47038648,0,1318833063,ръчна редакция
7052,35,1,6147,2,7,47038648,0,1318833063,ръчна редакция
7052,36,1,6149,2,7,47038648,0,1318833063,ръчна редакция
7052,37,1,6150,2,7,47038648,0,1318833063,ръчна редакция
7052,38,1,6151,2,7,47038648,0,1318833063,ръчна редакция
7052,39,1,6152,2,7,47038648,0,1318833063,ръчна редакция
7052,40,1,6154,2,7,47038648,0,1318833063,ръчна редакция
7052,41,1,6155,2,7,47038648,0,1318833063,ръчна редакция
7052,42,1,6157,2,7,47038648,0,1318833063,ръчна редакция
7052,43,1,6158,2,7,47038648,0,1318833063,ръчна редакция
7052,44,1,6159,2,7,47038648,0,1318833063,ръчна редакция
7052,45,1,6160,2,7,47038648,0,1318833063,ръчна редакция
7052,46,1,6161,2,7,47038648,0,1318833063,ръчна редакция
7052,47,1,6163,2,7,47038648,0,1318833063,ръчна редакция
7052,48,1,6164,2,7,47038648,0,1318833063,ръчна редакция
7066,0,1,6165,2,7,47038648,0,1318833063,ръчна редакция
7066,1,1,6167,2,7,47038648,0,1318833063,ръчна редакция
7066,2,1,6168,2,7,47038648,0,1318833063,ръчна редакция
7066,3,1,6169,2,7,47038648,0,1318833063,ръчна редакция
7066,4,1,6170,2,7,47038648,0,1318833063,ръчна редакция
7066,5,1,6172,2,7,47038648,0,1318833063,ръчна редакция
7066,6,1,6173,2,7,47038648,0,1318833063,ръчна редакция
7066,7,1,6174,2,7,47038648,0,1318833063,ръчна редакция
7066,8,1,6175,2,7,47038648,0,1318833063,ръчна редакция
7066,9,1,6176,2,7,47038648,0,1318833063,ръчна редакция
7066,10,1,6177,2,7,47038648,0,1318833063,ръчна редакция
7066,11,1,6178,2,7,47038648,0,1318833063,ръчна редакция
7066,12,1,6179,2,7,47038648,0,1318833063,ръчна редакция
7066,13,1,6180,2,7,47038648,0,1318833063,ръчна редакция
7066,14,1,6181,2,7,47038648,0,1318833063,ръчна редакция
7066,15,1,6182,2,7,47038648,0,1318833063,ръчна редакция
7066,16,1,6183,2,7,47038648,0,1318833063,ръчна редакция
7066,17,1,6184,2,7,47038648,0,1318833063,ръчна редакция
7066,18,1,6185,2,7,47038648,0,1318833063,ръчна редакция
7066,19,1,6186,2,7,47038648,0,1318833063,ръчна редакция
7066,20,1,6187,2,7,47038648,0,1318833063,ръчна редакция
7066,21,1,6188,2,7,47038648,0,1318833063,ръчна редакция
7066,22,1,6189,2,7,47038648,0,1318833063,ръчна редакция
7066,23,1,6190,2,7,47038648,0,1318833063,ръчна редакция
7066,24,1,6191,2,7,47038648,0,1318833063,ръчна редакция
7066,25,1,6192,2,7,47038648,0,1318833063,ръчна редакция
7066,26,1,6193,2,7,47038648,0,1318833063,ръчна редакция
7066,27,1,6194,2,7,47038648,0,1318833063,ръчна редакция
7066,28,1,6195,2,7,47038648,0,1318833063,ръчна редакция
7066,29,1,6196,2,7,47038648,0,1318833063,ръчна редакция
7066,30,1,6197,2,7,47038648,0,1318833063,ръчна редакция
7066,31,1,6198,2,7,47038648,0,1318833063,ръчна редакция
7066,32,1,6199,2,7,47038648,0,1318833063,ръчна редакция
7066,33,1,6200,2,7,47038648,0,1318833063,ръчна редакция
7066,34,1,6202,2,7,47038648,0,1318833063,ръчна редакция
7066,35,1,6203,2,7,47038648,0,1318833063,ръчна редакция
7066,36,1,6204,2,7,47038648,0,1318833063,ръчна редакция
7066,37,1,6205,2,7,47038648,0,1318833063,ръчна редакция
7066,38,1,6206,2,7,47038648,0,1318833063,ръчна редакция
7066,39,1,6207,2,7,47038648,0,1318833063,ръчна редакция
7066,40,1,6209,2,7,47038648,0,1318833063,ръчна редакция
7066,41,1,6210,2,7,47038648,0,1318833063,ръчна редакция
7066,42,1,6211,2,7,47038648,0,1318833063,ръчна редакция
7066,43,1,6213,2,7,47038648,0,1318833063,ръчна редакция
7066,44,1,6214,2,7,47038648,0,1318833063,ръчна редакция
7066,45,1,6215,2,7,47038648,0,1318833063,ръчна редакция
7066,46,1,6216,2,7,47038648,0,1318833063,ръчна редакция
7071,0,1,6218,2,7,47038648,0,1318833063,ръчна редакция
7071,1,1,6219,2,7,47038648,0,1318833063,ръчна редакция
7071,2,1,6221,2,7,47038648,0,1318833063,ръчна редакция
7071,3,1,6222,2,7,47038648,0,1318833063,ръчна редакция
7071,4,1,6223,2,7,47038648,0,1318833063,ръчна редакция
7071,5,1,6224,2,7,47038648,0,1318833063,ръчна редакция
7071,6,1,6226,2,7,47038648,0,1318833063,ръчна редакция
7071,7,1,6231,2,3,45789386,0,1318839843,0000000237
7071,8,1,6239,2,3,38413518,0,1318843625,0000000238
7071,9,1,6240,2,7,47038648,0,1318833063,ръчна редакция
7071,10,1,6241,2,7,47038648,0,1318833063,ръчна редакция
7071,11,1,6245,2,3,35458503,0,1318845139,0000000239
7071,12,1,6248,2,6,40796851,0,1318855418,0000000110
7071,13,1,6249,2,3,39224982,0,1318855473,0000000240
7071,14,1,6253,2,3,41735561,0,1318856449,0000000241
7071,15,1,6258,2,6,40796851,0,1318855418,0000000110
7071,16,1,6260,2,6,40796851,0,1318855418,0000000110
7071,17,1,6262,2,6,40796851,0,1318855418,0000000110
7071,18,1,6263,2,7,47038648,0,1318833063,ръчна редакция
7071,19,1,6264,2,7,47038648,0,1318833063,ръчна редакция
7071,20,1,6266,2,37,45794728,-1,1318861593,0000000046
7071,21,1,6267,2,37,45794728,-1,1318861593,0000000046
7071,22,1,6268,2,37,47233553,-1,1318861593,0000000047
7071,23,1,6269,2,37,39991739,-1,1318861593,0000000048
7071,24,1,6270,2,37,34055391,-1,1318861593,0000000049
7071,25,1,6271,2,37,35768859,-1,1318861593,0000000050
7071,26,1,6272,2,30,39991739,49021392,1318861675,0000000048
7071,27,1,6273,2,30,39991739,40961008,1318861716,0000000048
7071,28,1,6274,2,30,47233553,36714885,1318861769,0000000047
7071,29,1,6275,2,30,47233553,44836816,1318861839,0000000047
7071,30,1,6276,2,30,34055391,46236987,1318861864,0000000049
7071,31,1,6277,2,30,34055391,49540274,1318861915,0000000049
7071,32,1,6278,2,30,35768859,48482632,1318861936,0000000050
7071,33,1,6279,2,30,35768859,43763387,1318861982,0000000050
7071,34,1,6280,2,30,45794728,45274291,1318862002,0000000046
7071,35,1,6281,2,30,45794728,48988758,1318862060,0000000046
7071,36,1,6283,2,6,47119218,0,1318541421,0000000109
7071,37,1,6284,2,36,35853460,-2,1318862257,
7071,38,1,6285,2,36,49935511,-2,1318862306,
7071,39,1,6286,2,36,44670355,-2,1318862351,
7071,40,1,6289,2,6,40796851,0,1318855418,0000000110
7071,41,1,6290,2,7,47038648,0,1318833063,ръчна редакция
7071,42,1,6292,2,7,47038648,0,1318833063,ръчна редакция
7071,43,1,6294,2,7,47038648,0,1318833063,ръчна редакция
7071,44,1,6295,2,7,47038648,0,1318833063,ръчна редакция
7071,45,1,6296,2,7,47038648,0,1318833063,ръчна редакция
7071,46,1,6298,2,7,47038648,0,1318833063,ръчна редакция
7071,47,1,6300,2,7,47038648,0,1318833063,ръчна редакция
7071,48,1,6301,2,7,47038648,0,1318833063,ръчна редакция
7071,49,1,6303,2,6,40796851,0,1318855418,0000000110
7071,50,1,6305,2,6,40796851,0,1318855418,0000000110
7085,0,1,6307,2,7,48285327,0,1318932127,ръчна редакция
7085,1,1,6309,2,7,48285327,0,1318932127,ръчна редакция
7085,2,1,6310,2,7,48285327,0,1318932127,ръчна редакция
7085,3,1,6314,2,6,47033996,0,1318937711,0000000111
7085,4,1,6315,2,6,47033996,0,1318937711,0000000111
7085,5,1,6316,2,6,39775059,0,1318940813,0000000111
7085,6,1,6317,2,7,48285327,0,1318932127,ръчна редакция
7085,7,1,6318,2,7,48285327,0,1318932127,ръчна редакция
7085,8,1,6319,2,6,37772410,0,1318951854,0000000112
7085,9,1,6321,2,3,35877129,0,1318956228,0000000242
7085,10,1,6322,2,7,48285327,0,1318932127,ръчна редакция
7085,11,1,6323,2,7,48285327,0,1318932127,ръчна редакция
7085,12,1,6325,2,6,39775059,0,1318940813,0000000111
7085,13,1,6327,2,6,37772410,0,1318951854,0000000112
7085,14,1,6330,2,3,47846868,0,1318957618,0000000243
7085,15,1,6331,2,3,47846868,0,1318957618,0000000243
7085,16,1,6332,2,3,47846868,0,1318957618,0000000243
7085,17,1,6333,2,7,48285327,0,1318932127,ръчна редакция
7085,18,1,6334,2,7,48285327,0,1318932127,ръчна редакция
7085,19,1,6336,2,3,48989930,0,1318963924,0000000244
7085,20,1,6338,2,6,46804688,0,1318433239,0000000099
7085,21,1,6354,2,3,35458503,0,1318845139,0000000239
7085,22,1,6355,2,6,37338288,0,1319034377,0000000113
7085,23,1,6356,2,6,37338288,0,1319034377,0000000113
7085,24,1,6358,2,7,38211867,0,1319035275,ръчна редакция
7085,25,1,6359,2,7,38211867,0,1319035275,ръчна редакция
7085,26,1,6360,2,7,38211867,0,1319035275,ръчна редакция
7085,27,1,6363,2,7,38211867,0,1319035275,ръчна редакция
7085,28,1,6367,2,7,38211867,0,1319035275,ръчна редакция
7085,29,1,6372,2,7,38211867,0,1319035275,ръчна редакция
7085,30,1,6374,2,7,38211867,0,1319035275,ръчна редакция
7085,31,1,6375,2,6,35258188,0,1319037729,0000000114
7085,32,1,6380,2,6,35258188,0,1319037729,0000000114
7085,33,1,6382,2,6,37338288,0,1319034377,0000000113
7085,34,1,6383,2,6,43981141,0,1319045656,0000000115
7085,35,1,6384,2,7,38211867,0,1319035275,ръчна редакция
7085,36,1,6385,2,7,38211867,0,1319035275,ръчна редакция
7085,37,1,6386,2,7,38211867,0,1319035275,ръчна редакция
7085,38,1,6387,2,7,38211867,0,1319035275,ръчна редакция
7085,39,1,6388,2,7,38211867,0,1319035275,ръчна редакция
7085,40,1,6389,2,7,38211867,0,1319035275,ръчна редакция
7085,41,1,6390,2,7,38211867,0,1319035275,ръчна редакция
7085,42,1,6391,2,7,38211867,0,1319035275,ръчна редакция
7085,43,1,6392,2,7,38211867,0,1319035275,ръчна редакция
7085,44,1,6393,2,7,38211867,0,1319035275,ръчна редакция
7085,45,1,6394,2,7,38211867,0,1319035275,ръчна редакция
7085,46,1,6395,2,7,38211867,0,1319035275,ръчна редакция
7085,47,1,6396,2,7,38211867,0,1319035275,ръчна редакция
7085,48,1,6397,2,7,38211867,0,1319035275,ръчна редакция
7105,0,1,6398,2,7,38211867,0,1319035275,ръчна редакция
7105,1,1,6399,2,7,38211867,0,1319035275,ръчна редакция
7105,2,1,6400,2,7,38211867,0,1319035275,ръчна редакция
7105,3,1,6401,2,7,38211867,0,1319035275,ръчна редакция
7105,4,1,6402,2,7,38211867,0,1319035275,ръчна редакция
7105,5,1,6404,2,7,38211867,0,1319035275,ръчна редакция
7105,6,1,6406,2,7,38211867,0,1319035275,ръчна редакция
7105,7,1,6407,2,7,38211867,0,1319035275,ръчна редакция
7105,8,1,6408,2,7,38211867,0,1319035275,ръчна редакция
7105,9,1,6409,2,7,38211867,0,1319035275,ръчна редакция
7105,10,1,6410,2,7,38211867,0,1319035275,ръчна редакция
7105,11,1,6411,2,7,38211867,0,1319035275,ръчна редакция
7105,12,1,6412,2,7,38211867,0,1319035275,ръчна редакция
7105,13,1,6413,2,7,38211867,0,1319035275,ръчна редакция
7105,14,1,6414,2,7,38211867,0,1319035275,ръчна редакция
7105,15,1,6415,2,7,38211867,0,1319035275,ръчна редакция
7105,16,1,6416,2,7,38211867,0,1319035275,ръчна редакция
7105,17,1,6417,2,7,38211867,0,1319035275,ръчна редакция
7105,18,1,6418,2,7,38211867,0,1319035275,ръчна редакция
7105,19,1,6419,2,7,38211867,0,1319035275,ръчна редакция
7105,20,1,6420,2,7,38211867,0,1319035275,ръчна редакция
7105,21,1,6421,2,7,38211867,0,1319035275,ръчна редакция
7105,22,1,6422,2,7,38211867,0,1319035275,ръчна редакция
7105,23,1,6423,2,7,38211867,0,1319035275,ръчна редакция
7105,24,1,6424,2,7,38211867,0,1319035275,ръчна редакция
7105,25,1,6425,2,7,38211867,0,1319035275,ръчна редакция
7105,26,1,6426,2,7,38211867,0,1319035275,ръчна редакция
7105,27,1,6427,2,7,38211867,0,1319035275,ръчна редакция
7105,28,1,6428,2,7,38211867,0,1319035275,ръчна редакция
7105,29,1,6429,2,7,38211867,0,1319035275,ръчна редакция
7105,30,1,6430,2,7,38211867,0,1319035275,ръчна редакция
7105,31,1,6431,2,7,38211867,0,1319035275,ръчна редакция
7105,32,1,6432,2,7,38211867,0,1319035275,ръчна редакция
7105,33,1,6433,2,7,38211867,0,1319035275,ръчна редакция
7105,34,1,6434,2,7,38211867,0,1319035275,ръчна редакция
7105,35,1,6435,2,7,38211867,0,1319035275,ръчна редакция
7105,36,1,6436,2,7,38211867,0,1319035275,ръчна редакция
7105,37,1,6437,2,7,38211867,0,1319035275,ръчна редакция
7105,38,1,6438,2,7,38211867,0,1319035275,ръчна редакция
7105,39,1,6439,2,7,38211867,0,1319035275,ръчна редакция
7105,40,1,6440,2,7,38211867,0,1319035275,ръчна редакция
7105,41,1,6442,2,6,35258188,0,1319037729,0000000114
7105,42,1,6446,2,6,35258188,0,1319037729,0000000114
7105,43,1,6448,2,7,38211867,0,1319035275,ръчна редакция
7105,44,1,6449,2,7,38211867,0,1319035275,ръчна редакция
7105,45,1,6450,2,7,38211867,0,1319035275,ръчна редакция
7105,46,1,6451,2,7,38211867,0,1319035275,ръчна редакция
7115,0,1,6452,2,7,38211867,0,1319035275,ръчна редакция
7115,1,1,6453,2,36,35493290,-2,1319062331,
7115,2,1,6454,2,37,45129554,-1,1319062438,0000000051
7115,3,1,6455,2,30,45129554,33688496,1319062527,0000000051
7115,4,1,6456,2,30,45129554,33688496,1319062527,0000000051
7115,5,1,6460,2,6,35258188,0,1319037729,0000000114
7115,6,1,6462,2,6,39775059,0,1318940813,0000000111
7115,7,1,6463,2,36,43187788,-2,1319144013,
7115,8,1,6464,2,36,49932569,-2,1319144088,
7115,9,1,6465,2,36,38528262,-2,1319144146,
7115,10,1,6466,2,37,43480505,-1,1319144238,0000000052
7115,11,1,6467,2,37,43480505,-1,1319144238,0000000052
7115,12,1,6468,2,37,40798683,-1,1319144238,0000000053
7115,13,1,6469,2,37,34704435,-1,1319144238,0000000054
7115,14,1,6470,2,37,38161649,-1,1319144238,0000000055
7115,15,1,6471,2,37,34897389,-1,1319144238,0000000056
7115,16,1,6472,2,37,48498399,-1,1319144238,0000000057
7115,17,1,6478,2,30,34704435,41327675,1319144418,0000000054
7115,18,1,6484,2,30,38161649,41023831,1319144481,0000000055
7115,19,1,6488,2,30,34897389,38130777,1319144585,0000000056
7115,20,1,6492,2,30,40798683,49937303,1319144637,0000000053
7115,21,1,6496,2,30,48498399,41850638,1319144776,0000000057
7115,22,1,6503,2,30,43480505,37416099,1319144824,0000000052
7115,23,1,6505,2,6,35258188,0,1319037729,0000000114
7115,24,1,6526,2,3,48471748,0,1319153755,0000000245
7115,25,1,6531,2,6,37250065,0,1319156559,0000000116
7115,26,1,6533,2,6,37250065,0,1319156559,0000000116
7115,27,1,6534,2,30,45129554,33688496,1319062527,0000000051
7115,28,1,6535,2,30,45129554,33688496,1319062527,0000000051
7115,29,1,6536,2,30,45129554,33688496,1319062527,0000000051
7115,30,1,6537,2,30,45129554,33688496,1319062527,0000000051
7115,31,1,6539,2,7,48627586,0,1319162530,ръчна редакция
7115,32,1,6540,2,7,48627586,0,1319162530,ръчна редакция
7115,33,1,6541,2,7,48627586,0,1319162530,ръчна редакция
7115,34,1,6544,2,30,43116945,47139275,1319232595,0000000003
7115,35,1,6693,2,6,42282840,0,1316357277,0000000084
7115,36,1,6694,2,7,39461641,0,1319233175,ръчна редакция
7115,37,1,6695,2,7,39461641,0,1319233175,ръчна редакция
7115,38,1,6696,2,36,1300860839,-2,1319233231,
7115,39,1,6697,2,36,47047270,-2,1319233244,
7115,40,1,6698,2,36,1300860756,-2,1319233257,
7115,41,1,6699,2,36,1300860652,-2,1319233269,
7115,42,1,6707,2,6,37250065,0,1319156559,0000000116
7115,43,1,6711,2,6,37250065,0,1319156559,0000000116
7115,44,1,6719,2,3,47635888,0,1319236868,0000000246
7115,45,1,6720,2,6,39414364,0,1319236941,0000000117
7115,46,1,6739,2,3,35458503,0,1318845139,0000000239
7115,47,1,6762,2,3,50062403,0,1319245146,0000000247
7115,48,1,6765,2,6,39414364,0,1319236941,0000000117
7115,49,1,6775,2,3,47640366,0,1319252232,0000000248
7115,50,1,6778,2,6,39414364,0,1319236941,0000000117
7115,51,1,6809,2,37,44420002,-1,1319534231,0000000058
7115,52,1,6810,2,37,44420002,-1,1319534231,0000000058
6441,0,1,6811,2,37,40817135,-1,1319534231,0000000059
6441,1,1,6812,2,37,42289253,-1,1319534231,0000000060
6441,2,1,6813,2,37,47344911,-1,1319534231,0000000061
6441,3,1,6814,2,37,49003545,-1,1319534231,0000000062
6441,4,1,6815,2,37,44420002,-1,1319534231,0000000058
6441,5,1,6816,2,37,44420002,-1,1319534231,0000000058
6441,6,1,6817,2,37,40817135,-1,1319534231,0000000059
6441,7,1,6818,2,37,42289253,-1,1319534231,0000000060
6441,8,1,6819,2,37,47344911,-1,1319534231,0000000061
6441,9,1,6820,2,37,49003545,-1,1319534231,0000000062
6441,10,1,6821,2,37,36359242,-1,1319534356,0000000062
6441,11,1,6822,2,37,36359242,-1,1319534356,0000000062
6441,12,1,6823,2,37,41767135,-1,1319534356,0000000063
6441,13,1,6824,2,37,44557051,-1,1319534356,0000000064
6441,14,1,6825,2,37,47277707,-1,1319534356,0000000065
6441,15,1,6826,2,37,34939704,-1,1319534356,0000000066
6441,16,1,6827,2,30,44557051,40541697,1319534587,0000000064
6441,17,1,6828,2,37,36359242,-1,1319534356,0000000062
6441,18,1,6829,2,37,41767135,-1,1319534356,0000000063
6441,19,1,6830,2,37,47277707,-1,1319534356,0000000065
6441,20,1,6831,2,37,34939704,-1,1319534356,0000000066
6441,21,1,6832,2,37,35961255,-1,1319534634,0000000066
6441,22,1,6833,2,37,35961255,-1,1319534634,0000000066
6441,23,1,6834,2,37,41521841,-1,1319534634,0000000067
6441,24,1,6835,2,37,49444190,-1,1319534634,0000000068
6441,25,1,6836,2,37,49116402,-1,1319534634,0000000069
6441,26,1,6837,2,37,47488474,-1,1319534634,0000000070
6441,27,1,6838,2,37,34661122,-1,1319534738,0000000071
6441,28,1,6839,2,30,49444190,35515411,1319534801,0000000068
6441,29,1,6840,2,37,35961255,-1,1319534634,0000000066
6441,30,1,6841,2,37,41521841,-1,1319534634,0000000067
6441,31,1,6842,2,37,49116402,-1,1319534634,0000000069
6441,32,1,6843,2,37,47488474,-1,1319534634,0000000070
6441,33,1,6844,2,37,34661122,-1,1319534738,0000000071
6441,34,1,6845,2,37,49444190,-1,1319534634,0000000068
6441,35,1,6846,2,30,49444190,35515411,1319534801,0000000068
6441,36,1,6847,2,30,44557051,40541697,1319534587,0000000064
6441,37,1,6848,2,37,44557051,-1,1319534356,0000000064
6441,38,1,6849,2,37,47318391,-1,1319534968,0000000071
6441,39,1,6850,2,37,47318391,-1,1319534968,0000000071
6441,40,1,6851,2,37,49967252,-1,1319534968,0000000072
6441,41,1,6852,2,37,49281320,-1,1319534968,0000000073
6441,42,1,6853,2,37,46362116,-1,1319534968,0000000074
6441,43,1,6854,2,37,47412753,-1,1319534968,0000000075
6441,44,1,6855,2,37,43563959,-1,1319535042,0000000076
6441,45,1,6856,2,36,44670355,-2,1318862351,
6441,46,1,6857,2,36,35853460,-2,1319534210,
6441,47,1,6858,2,36,49935511,-2,1318862306,
6441,48,1,6859,2,36,42937997,-2,1317656522,
6441,49,1,6860,2,36,47990845,-2,1317656539,
6441,50,1,6861,2,36,46788473,-2,1319534674,
6441,51,1,6862,2,30,49281320,50001370,1319535137,0000000073
6441,52,1,6866,2,30,49281320,37015689,1319535157,0000000073
6441,53,1,6867,2,30,49967252,48819410,1319535182,0000000072
6441,54,1,6871,2,30,49967252,37751761,1319535217,0000000072
6444,0,1,6872,2,30,47412753,45925431,1319535250,0000000075
6444,1,1,6876,2,30,47412753,40778195,1319535268,0000000075
6444,2,1,6877,2,30,43563959,38799182,1319535293,0000000076
6444,3,1,6883,2,30,43563959,43349306,1319535323,0000000076
6444,4,1,6884,2,30,46362116,35411133,1319535343,0000000074
6444,5,1,6890,2,30,46362116,33970879,1319535380,0000000074
6444,6,1,6891,2,30,47318391,44831034,1319535400,0000000071
6444,7,1,6900,2,30,47318391,34128221,1319535430,0000000071
6444,8,1,6901,2,6,44081721,0,1319535470,0000000118
6444,9,1,6902,2,7,43469508,0,1319535544,ръчна редакция
6444,10,1,6903,2,7,43469508,0,1319535544,ръчна редакция
6444,11,1,6904,2,7,43469508,0,1319535544,ръчна редакция
6444,12,1,6905,2,7,43469508,0,1319535544,ръчна редакция
6444,13,1,6906,2,7,43469508,0,1319535544,ръчна редакция
6444,14,1,6908,2,7,43469508,0,1319535544,ръчна редакция
6444,15,1,6909,2,7,43469508,0,1319535544,ръчна редакция
6444,16,1,6910,2,7,43469508,0,1319535544,ръчна редакция
6444,17,1,6911,2,7,43469508,0,1319535544,ръчна редакция
6444,18,1,6912,2,7,43469508,0,1319535544,ръчна редакция
6444,19,1,6913,2,7,43469508,0,1319535544,ръчна редакция
6444,20,1,6914,2,7,43469508,0,1319535544,ръчна редакция
6444,21,1,6915,2,7,43469508,0,1319535544,ръчна редакция
6444,22,1,6916,2,7,43469508,0,1319535544,ръчна редакция
6444,23,1,6917,2,7,43469508,0,1319535544,ръчна редакция
6444,24,1,6918,2,7,43469508,0,1319535544,ръчна редакция
6444,25,1,6919,2,7,43469508,0,1319535544,ръчна редакция
6444,26,1,6920,2,7,43469508,0,1319535544,ръчна редакция
6444,27,1,6921,2,7,43469508,0,1319535544,ръчна редакция
6444,28,1,6922,2,7,43469508,0,1319535544,ръчна редакция
6444,29,1,6924,2,6,44081721,0,1319535470,0000000118
6444,30,1,6925,2,7,43469508,0,1319535544,ръчна редакция
6444,31,1,6926,2,7,43469508,0,1319535544,ръчна редакция
6444,32,1,6928,2,7,43469508,0,1319535544,ръчна редакция
6444,33,1,6929,2,7,43469508,0,1319535544,ръчна редакция
6444,34,1,6931,2,3,47846868,0,1318957618,0000000243
6444,35,1,6936,2,3,47846868,0,1318957618,0000000243
6444,36,1,6937,2,3,47846868,0,1318957618,0000000243
6444,37,1,6938,2,36,44670355,-2,1319552448,
6444,38,1,6939,2,36,35853460,-2,1319552448,
6444,39,1,6940,2,36,49935511,-2,1319552448,
6444,40,1,6941,2,36,42937997,-2,1319552448,
6444,41,1,6942,2,36,47990845,-2,1319552448,
6444,42,1,6943,2,36,46788473,-2,1319552448,
6444,43,1,6944,2,36,35853460,-2,1319554920,
6444,44,1,6945,2,37,42964843,-1,1319555088,0000000077
6444,45,1,6946,2,37,42964843,-1,1319555088,0000000077
6444,46,1,6947,2,37,49508371,-1,1319555088,0000000078
6444,47,1,6948,2,37,50008100,-1,1319555088,0000000079
6444,48,1,6949,2,37,33888195,-1,1319555088,0000000080
6444,49,1,6950,2,37,44853131,-1,1319555088,0000000081
6444,50,1,6951,2,37,46609236,-1,1319555088,0000000082
7191,0,1,6952,2,37,42964843,-1,1319555088,0000000077
7191,1,1,6953,2,37,49508371,-1,1319555088,0000000078
7191,2,1,6954,2,37,50008100,-1,1319555088,0000000079
7191,3,1,6955,2,37,33888195,-1,1319555088,0000000080
7191,4,1,6956,2,37,44853131,-1,1319555088,0000000081
7191,5,1,6957,2,37,46609236,-1,1319555088,0000000082
7191,6,1,6958,2,36,46788473,-2,1319555280,
7191,7,1,6959,2,7,42310998,0,1319555494,ръчна редакция
7191,8,1,6960,2,7,42310998,0,1319555494,ръчна редакция
7191,9,1,6962,2,6,44081721,0,1319535470,0000000118
7191,10,1,6964,2,6,44081721,0,1319535470,0000000118
7191,11,1,6965,2,7,43469508,0,1319535544,ръчна редакция
7191,12,1,6966,2,7,43469508,0,1319535544,ръчна редакция
7191,13,1,6967,2,7,43469508,0,1319535544,ръчна редакция
7191,14,1,6968,2,7,43469508,0,1319535544,ръчна редакция
7191,15,1,6969,2,7,43469508,0,1319535544,ръчна редакция
7191,16,1,6990,2,7,46927223,0,1319632188,ръчна редакция
7191,17,1,6994,2,7,46927223,0,1319632188,ръчна редакция
7191,18,1,6995,2,7,46927223,0,1319632188,ръчна редакция
7191,19,1,6996,2,7,46927223,0,1319632188,ръчна редакция
7191,20,1,6997,2,7,46927223,0,1319632188,ръчна редакция
7191,21,1,6998,2,7,46927223,0,1319632188,ръчна редакция
7191,22,1,7033,2,3,39651140,0,1319635329,0000000249
7191,23,1,7034,2,3,39651140,0,1319635329,0000000249
7191,24,1,7035,2,7,46927223,0,1319632188,ръчна редакция
7191,25,1,7036,2,7,46927223,0,1319632188,ръчна редакция
7191,26,1,7037,2,7,46927223,0,1319632188,ръчна редакция
7191,27,1,7038,2,7,46927223,0,1319632188,ръчна редакция
7191,28,1,7039,2,7,46927223,0,1319632188,ръчна редакция
7191,29,1,7040,2,7,46927223,0,1319632188,ръчна редакция
7191,30,1,7041,2,7,46927223,0,1319632188,ръчна редакция
7191,31,1,7042,2,7,46927223,0,1319632188,ръчна редакция
7191,32,1,7043,2,7,46927223,0,1319632188,ръчна редакция
7191,33,1,7044,2,7,46927223,0,1319632188,ръчна редакция
7191,34,1,7045,2,7,46927223,0,1319632188,ръчна редакция
7191,35,1,7046,2,7,46927223,0,1319632188,ръчна редакция
7191,36,1,7047,2,7,46927223,0,1319632188,ръчна редакция
7191,37,1,7048,2,7,46927223,0,1319632188,ръчна редакция
7191,38,1,7049,2,7,46927223,0,1319632188,ръчна редакция
7191,39,1,7050,2,7,46927223,0,1319632188,ръчна редакция
7191,40,1,7051,2,7,46927223,0,1319632188,ръчна редакция
7191,41,1,7052,2,7,46927223,0,1319632188,ръчна редакция
7191,42,1,7053,2,7,46927223,0,1319632188,ръчна редакция
7191,43,1,7054,2,7,46927223,0,1319632188,ръчна редакция
7191,44,1,7055,2,7,46927223,0,1319632188,ръчна редакция
7191,45,1,7057,2,7,46927223,0,1319632188,ръчна редакция
7191,46,1,7058,2,7,46927223,0,1319632188,ръчна редакция
7191,47,1,7059,2,7,46927223,0,1319632188,ръчна редакция
7191,48,1,7060,2,7,46927223,0,1319632188,ръчна редакция
7210,0,1,7061,2,7,46927223,0,1319632188,ръчна редакция
7210,1,1,7062,2,7,46927223,0,1319632188,ръчна редакция
7210,2,1,7063,2,7,46927223,0,1319632188,ръчна редакция
7210,3,1,7064,2,7,46927223,0,1319632188,ръчна редакция
7210,4,1,7065,2,7,46927223,0,1319632188,ръчна редакция
7210,5,1,7066,2,7,46927223,0,1319632188,ръчна редакция
7210,6,1,7067,2,7,46927223,0,1319632188,ръчна редакция
7210,7,1,7068,2,7,46927223,0,1319632188,ръчна редакция
7210,8,1,7069,2,7,46927223,0,1319632188,ръчна редакция
7210,9,1,7070,2,7,46927223,0,1319632188,ръчна редакция
7210,10,1,7071,2,7,46927223,0,1319632188,ръчна редакция
7210,11,1,7072,2,7,46927223,0,1319632188,ръчна редакция
7210,12,1,7073,2,7,46927223,0,1319632188,ръчна редакция
7210,13,1,7074,2,7,46927223,0,1319632188,ръчна редакция
7210,14,1,7075,2,7,46927223,0,1319632188,ръчна редакция
7210,15,1,7076,2,7,46927223,0,1319632188,ръчна редакция
7210,16,1,7077,2,7,46927223,0,1319632188,ръчна редакция
7210,17,1,7078,2,7,46927223,0,1319632188,ръчна редакция
7210,18,1,7079,2,7,46927223,0,1319632188,ръчна редакция
7210,19,1,7080,2,7,46927223,0,1319632188,ръчна редакция
7210,20,1,7081,2,7,46927223,0,1319632188,ръчна редакция
7210,21,1,7082,2,7,46927223,0,1319632188,ръчна редакция
7210,22,1,7083,2,7,46927223,0,1319632188,ръчна редакция
7210,23,1,7084,2,7,46927223,0,1319632188,ръчна редакция
7210,24,1,7085,2,7,46927223,0,1319632188,ръчна редакция
7210,25,1,7086,2,7,46927223,0,1319632188,ръчна редакция
7210,26,1,7087,2,7,46927223,0,1319632188,ръчна редакция
7210,27,1,7088,2,7,46927223,0,1319632188,ръчна редакция
7210,28,1,7089,2,7,46927223,0,1319632188,ръчна редакция
7210,29,1,7090,2,7,46927223,0,1319632188,ръчна редакция
7210,30,1,7091,2,7,46927223,0,1319632188,ръчна редакция
7210,31,1,7092,2,7,46927223,0,1319632188,ръчна редакция
7210,32,1,7093,2,7,46927223,0,1319632188,ръчна редакция
7210,33,1,7094,2,7,46927223,0,1319632188,ръчна редакция
7210,34,1,7095,2,7,46927223,0,1319632188,ръчна редакция
7210,35,1,7096,2,7,46927223,0,1319632188,ръчна редакция
7210,36,1,7097,2,7,46927223,0,1319632188,ръчна редакция
7210,37,1,7098,2,7,46927223,0,1319632188,ръчна редакция
7210,38,1,7099,2,7,46927223,0,1319632188,ръчна редакция
7210,39,1,7100,2,7,46927223,0,1319632188,ръчна редакция
7210,40,1,7101,2,7,46927223,0,1319632188,ръчна редакция
7210,41,1,7102,2,7,46927223,0,1319632188,ръчна редакция
7210,42,1,7103,2,7,46927223,0,1319632188,ръчна редакция
7210,43,1,7104,2,7,46927223,0,1319632188,ръчна редакция
7210,44,1,7105,2,7,46927223,0,1319632188,ръчна редакция
7210,45,1,7106,2,7,46927223,0,1319632188,ръчна редакция
7210,46,1,7107,2,7,46927223,0,1319632188,ръчна редакция
7220,0,1,7108,2,7,46927223,0,1319632188,ръчна редакция
7220,1,1,7109,2,7,46927223,0,1319632188,ръчна редакция
7220,2,1,7110,2,7,46927223,0,1319632188,ръчна редакция
7220,3,1,7111,2,7,46927223,0,1319632188,ръчна редакция
7220,4,1,7112,2,7,46927223,0,1319632188,ръчна редакция
7220,5,1,7113,2,7,46927223,0,1319632188,ръчна редакция
7220,6,1,7114,2,7,46927223,0,1319632188,ръчна редакция
7220,7,1,7115,2,7,46927223,0,1319632188,ръчна редакция
7220,8,1,7116,2,7,46927223,0,1319632188,ръчна редакция
7220,9,1,7117,2,7,46927223,0,1319632188,ръчна редакция
7220,10,1,7118,2,7,46927223,0,1319632188,ръчна редакция
7220,11,1,7119,2,7,46927223,0,1319632188,ръчна редакция
7220,12,1,7120,2,7,46927223,0,1319632188,ръчна редакция
7220,13,1,7121,2,7,46927223,0,1319632188,ръчна редакция
7220,14,1,7122,2,7,46927223,0,1319632188,ръчна редакция
7220,15,1,7123,2,7,46927223,0,1319632188,ръчна редакция
7220,16,1,7125,2,7,46927223,0,1319632188,ръчна редакция
7220,17,1,7126,2,7,46927223,0,1319632188,ръчна редакция
7220,18,1,7127,2,7,46927223,0,1319632188,ръчна редакция
7220,19,1,7128,2,7,46927223,0,1319632188,ръчна редакция
7220,20,1,7129,2,7,46927223,0,1319632188,ръчна редакция
7220,21,1,7130,2,7,46927223,0,1319632188,ръчна редакция
7220,22,1,7131,2,7,46927223,0,1319632188,ръчна редакция
7220,23,1,7132,2,7,46927223,0,1319632188,ръчна редакция
7220,24,1,7133,2,7,46927223,0,1319632188,ръчна редакция
7220,25,1,7135,2,7,46927223,0,1319632188,ръчна редакция
7220,26,1,7136,2,7,46927223,0,1319632188,ръчна редакция
7220,27,1,7137,2,7,46927223,0,1319632188,ръчна редакция
7220,28,1,7138,2,7,46927223,0,1319632188,ръчна редакция
7220,29,1,7139,2,7,46927223,0,1319632188,ръчна редакция
7220,30,1,7140,2,7,46927223,0,1319632188,ръчна редакция
7220,31,1,7141,2,7,46927223,0,1319632188,ръчна редакция
7220,32,1,7142,2,7,46927223,0,1319632188,ръчна редакция
7220,33,1,7143,2,7,46927223,0,1319632188,ръчна редакция
7220,34,1,7145,2,7,46927223,0,1319632188,ръчна редакция
7220,35,1,7146,2,7,46927223,0,1319632188,ръчна редакция
7220,36,1,7147,2,7,46927223,0,1319632188,ръчна редакция
7220,37,1,7148,2,7,46927223,0,1319632188,ръчна редакция
7220,38,1,7149,2,7,46927223,0,1319632188,ръчна редакция
7220,39,1,7150,2,7,46927223,0,1319632188,ръчна редакция
7220,40,1,7151,2,7,46927223,0,1319632188,ръчна редакция
7220,41,1,7152,2,7,46927223,0,1319632188,ръчна редакция
7220,42,1,7153,2,7,46927223,0,1319632188,ръчна редакция
7220,43,1,7154,2,7,46927223,0,1319632188,ръчна редакция
7220,44,1,7155,2,7,46927223,0,1319632188,ръчна редакция
7220,45,1,7156,2,7,46927223,0,1319632188,ръчна редакция
7220,46,1,7157,2,7,46927223,0,1319632188,ръчна редакция
7229,0,1,7158,2,7,46927223,0,1319632188,ръчна редакция
7229,1,1,7159,2,7,46927223,0,1319632188,ръчна редакция
7229,2,1,7160,2,7,46927223,0,1319632188,ръчна редакция
7229,3,1,7161,2,7,46927223,0,1319632188,ръчна редакция
7229,4,1,7162,2,7,46927223,0,1319632188,ръчна редакция
7229,5,1,7164,2,7,46927223,0,1319632188,ръчна редакция
7229,6,1,7165,2,7,46927223,0,1319632188,ръчна редакция
7229,7,1,7167,2,7,46927223,0,1319632188,ръчна редакция
7229,8,1,7168,2,7,46927223,0,1319632188,ръчна редакция
7229,9,1,7169,2,7,46927223,0,1319632188,ръчна редакция
7229,10,1,7170,2,7,46927223,0,1319632188,ръчна редакция
7229,11,1,7171,2,7,46927223,0,1319632188,ръчна редакция
7229,12,1,7172,2,7,46927223,0,1319632188,ръчна редакция
7229,13,1,7173,2,7,46927223,0,1319632188,ръчна редакция
7229,14,1,7174,2,7,46927223,0,1319632188,ръчна редакция
7229,15,1,7175,2,7,46927223,0,1319632188,ръчна редакция
7229,16,1,7176,2,7,46927223,0,1319632188,ръчна редакция
7229,17,1,7177,2,7,46927223,0,1319632188,ръчна редакция
7229,18,1,7178,2,7,46927223,0,1319632188,ръчна редакция
7229,19,1,7179,2,7,46927223,0,1319632188,ръчна редакция
7229,20,1,7182,2,6,44081721,0,1319535470,0000000118
7229,21,1,7192,2,6,39612064,0,1319639308,0000000119
7229,22,1,7193,2,6,39612064,0,1319639308,0000000119
7229,23,1,7194,2,6,37246429,0,1319639482,0000000120
7229,24,1,7195,2,7,46927223,0,1319632188,ръчна редакция
7229,25,1,7196,2,7,46927223,0,1319632188,ръчна редакция
7229,26,1,7197,2,7,46927223,0,1319632188,ръчна редакция
7229,27,1,7198,2,7,46927223,0,1319632188,ръчна редакция
7229,28,1,7199,2,7,46927223,0,1319632188,ръчна редакция
7229,29,1,7200,2,7,46927223,0,1319632188,ръчна редакция
7229,30,1,7201,2,7,46927223,0,1319632188,ръчна редакция
7229,31,1,7202,2,7,46927223,0,1319632188,ръчна редакция
7229,32,1,7203,2,7,46927223,0,1319632188,ръчна редакция
7229,33,1,7219,2,3,36828605,0,1319643923,0000000250
7229,34,1,7220,2,7,46927223,0,1319632188,ръчна редакция
7229,35,1,7224,2,6,37246429,0,1319639482,0000000120
7229,36,1,7225,2,7,46927223,0,1319632188,ръчна редакция
7229,37,1,7226,2,7,46927223,0,1319632188,ръчна редакция
7229,38,1,7227,2,7,46927223,0,1319632188,ръчна редакция
7229,39,1,7228,2,7,46927223,0,1319632188,ръчна редакция
7229,40,1,7229,2,7,46927223,0,1319632188,ръчна редакция
7229,41,1,7230,2,7,46927223,0,1319632188,ръчна редакция
7229,42,1,7231,2,7,46927223,0,1319632188,ръчна редакция
7229,43,1,7232,2,7,46927223,0,1319632188,ръчна редакция
7229,44,1,7233,2,7,46927223,0,1319632188,ръчна редакция
7229,45,1,7234,2,7,46927223,0,1319632188,ръчна редакция
7229,46,1,7235,2,7,46927223,0,1319632188,ръчна редакция
7229,47,1,7236,2,7,46927223,0,1319632188,ръчна редакция
7239,0,1,7237,2,7,46927223,0,1319632188,ръчна редакция
7239,1,1,7238,2,7,46927223,0,1319632188,ръчна редакция
7239,2,1,7239,2,7,46927223,0,1319632188,ръчна редакция
7239,3,1,7241,2,7,46927223,0,1319632188,ръчна редакция
7239,4,1,7242,2,7,46927223,0,1319632188,ръчна редакция
7239,5,1,7243,2,7,46927223,0,1319632188,ръчна редакция
7239,6,1,7244,2,7,46927223,0,1319632188,ръчна редакция
7239,7,1,7246,2,7,46927223,0,1319632188,ръчна редакция
7239,8,1,7247,2,7,46927223,0,1319632188,ръчна редакция
7239,9,1,7249,2,7,46927223,0,1319632188,ръчна редакция
7239,10,1,7250,2,7,46927223,0,1319632188,ръчна редакция
7239,11,1,7251,2,7,46927223,0,1319632188,ръчна редакция
7239,12,1,7252,2,7,46927223,0,1319632188,ръчна редакция
7239,13,1,7253,2,7,46927223,0,1319632188,ръчна редакция
7239,14,1,7254,2,7,46927223,0,1319632188,ръчна редакция
7239,15,1,7255,2,7,46927223,0,1319632188,ръчна редакция
7239,16,1,7256,2,7,46927223,0,1319632188,ръчна редакция
7239,17,1,7257,2,7,46927223,0,1319632188,ръчна редакция
7239,18,1,7258,2,7,46927223,0,1319632188,ръчна редакция
7239,19,1,7259,2,7,46927223,0,1319632188,ръчна редакция
7239,20,1,7260,2,7,46927223,0,1319632188,ръчна редакция
7239,21,1,7261,2,7,46927223,0,1319632188,ръчна редакция
7239,22,1,7262,2,7,46927223,0,1319632188,ръчна редакция
7239,23,1,7263,2,7,46927223,0,1319632188,ръчна редакция
7239,24,1,7264,2,7,46927223,0,1319632188,ръчна редакция
7239,25,1,7265,2,7,46927223,0,1319632188,ръчна редакция
7239,26,1,7266,2,7,46927223,0,1319632188,ръчна редакция
7239,27,1,7267,2,7,46927223,0,1319632188,ръчна редакция
7239,28,1,7269,2,7,46927223,0,1319632188,ръчна редакция
7239,29,1,7270,2,7,46927223,0,1319632188,ръчна редакция
7239,30,1,7271,2,7,46927223,0,1319632188,ръчна редакция
7239,31,1,7272,2,7,46927223,0,1319632188,ръчна редакция
7239,32,1,7274,2,6,37246429,0,1319639482,0000000120
7239,33,1,7275,2,7,46927223,0,1319632188,ръчна редакция
7239,34,1,7276,2,7,46927223,0,1319632188,ръчна редакция
7239,35,1,7277,2,7,46927223,0,1319632188,ръчна редакция
7239,36,1,7278,2,7,46927223,0,1319632188,ръчна редакция
7239,37,1,7279,2,7,46927223,0,1319632188,ръчна редакция
7239,38,1,7280,2,7,46927223,0,1319632188,ръчна редакция
7239,39,1,7281,2,7,46927223,0,1319632188,ръчна редакция
7239,40,1,7282,2,7,46927223,0,1319632188,ръчна редакция
7239,41,1,7283,2,7,46927223,0,1319632188,ръчна редакция
7239,42,1,7289,2,3,35458503,0,1318845139,0000000239
7239,43,1,7295,2,6,37246429,0,1319639482,0000000120
7239,44,1,7297,2,6,37246429,0,1319639482,0000000120
7239,45,1,7298,2,7,47487734,0,1319733809,ръчна редакция
7239,46,1,7299,2,7,47487734,0,1319733809,ръчна редакция
7239,47,1,7300,2,6,41068442,0,1319734834,0000000121
7258,0,1,7301,2,7,47487734,0,1319733809,ръчна редакция
7258,1,1,7303,2,7,47487734,0,1319733809,ръчна редакция
7258,2,1,7304,2,7,47487734,0,1319733809,ръчна редакция
7258,3,1,7307,2,7,47487734,0,1319733809,ръчна редакция
7258,4,1,7308,2,7,47487734,0,1319733809,ръчна редакция
7258,5,1,7309,2,7,47487734,0,1319733809,ръчна редакция
7258,6,1,7310,2,7,47487734,0,1319733809,ръчна редакция
7258,7,1,7311,2,7,47487734,0,1319733809,ръчна редакция
7258,8,1,7317,2,3,34027556,0,1319739178,0000000251
7258,9,1,7349,2,3,50183452,0,1319740673,0000000252
7258,10,1,7350,2,6,44977481,0,1319754432,0000000122
7258,11,1,7352,2,6,44977481,0,1319754432,0000000122
7258,12,1,7354,2,6,37246429,0,1319639482,0000000120
7258,13,1,7356,2,6,44977481,0,1319754432,0000000122
7258,14,1,7359,2,7,46739484,0,1319839610,ръчна редакция
7258,15,1,7361,2,7,46739484,0,1319839610,ръчна редакция
7258,16,1,7363,2,6,44977481,0,1319754432,0000000122
7258,17,1,7370,2,7,46739484,0,1319839610,ръчна редакция
7258,18,1,7372,2,7,46739484,0,1319839610,ръчна редакция
7258,19,1,7373,2,7,46739484,0,1319839610,ръчна редакция
7258,20,1,7374,2,7,46739484,0,1319839610,ръчна редакция
7258,21,1,7376,2,7,46739484,0,1319839610,ръчна редакция
7258,22,1,7377,2,7,46739484,0,1319839610,ръчна редакция
7258,23,1,7379,2,7,46739484,0,1319839610,ръчна редакция
7258,24,1,7381,2,7,46739484,0,1319839610,ръчна редакция
7258,25,1,7383,2,7,46739484,0,1319839610,ръчна редакция
7258,26,1,7385,2,7,46739484,0,1319839610,ръчна редакция
7258,27,1,7386,2,7,46739484,0,1319839610,ръчна редакция
7258,28,1,7387,2,7,46739484,0,1319839610,ръчна редакция
7258,29,1,7389,2,7,46739484,0,1319839610,ръчна редакция
7258,30,1,7390,2,7,46739484,0,1319839610,ръчна редакция
7258,31,1,7391,2,7,46739484,0,1319839610,ръчна редакция
7258,32,1,7392,2,7,46739484,0,1319839610,ръчна редакция
7258,33,1,7393,2,7,46739484,0,1319839610,ръчна редакция
7258,34,1,7394,2,7,46739484,0,1319839610,ръчна редакция
7258,35,1,7395,2,7,46739484,0,1319839610,ръчна редакция
7258,36,1,7396,2,7,46739484,0,1319839610,ръчна редакция
7258,37,1,7397,2,7,46739484,0,1319839610,ръчна редакция
7258,38,1,7398,2,7,46739484,0,1319839610,ръчна редакция
7258,39,1,7399,2,7,46739484,0,1319839610,ръчна редакция
7258,40,1,7400,2,7,46739484,0,1319839610,ръчна редакция
7258,41,1,7401,2,7,46739484,0,1319839610,ръчна редакция
7258,42,1,7402,2,7,46739484,0,1319839610,ръчна редакция
7258,43,1,7403,2,7,46739484,0,1319839610,ръчна редакция
7258,44,1,7404,2,7,46739484,0,1319839610,ръчна редакция
7258,45,1,7405,2,7,46739484,0,1319839610,ръчна редакция
7258,46,1,7406,2,7,46739484,0,1319839610,ръчна редакция
7258,47,1,7407,2,7,46739484,0,1319839610,ръчна редакция
7289,0,1,7408,2,7,46739484,0,1319839610,ръчна редакция
7289,1,1,7409,2,7,46739484,0,1319839610,ръчна редакция
7289,2,1,7410,2,7,46739484,0,1319839610,ръчна редакция
7289,3,1,7412,2,7,46739484,0,1319839610,ръчна редакция
7289,4,1,7413,2,7,46739484,0,1319839610,ръчна редакция
7289,5,1,7414,2,7,46739484,0,1319839610,ръчна редакция
7289,6,1,7415,2,7,46739484,0,1319839610,ръчна редакция
7289,7,1,7416,2,7,46739484,0,1319839610,ръчна редакция
7289,8,1,7417,2,7,46739484,0,1319839610,ръчна редакция
7289,9,1,7418,2,7,46739484,0,1319839610,ръчна редакция
7289,10,1,7421,2,7,46739484,0,1319839610,ръчна редакция
7289,11,1,7423,2,7,46739484,0,1319839610,ръчна редакция
7289,12,1,7424,2,7,46739484,0,1319839610,ръчна редакция
7289,13,1,7425,2,7,46739484,0,1319839610,ръчна редакция
7289,14,1,7426,2,7,46739484,0,1319839610,ръчна редакция
7289,15,1,7427,2,7,46739484,0,1319839610,ръчна редакция
7289,16,1,7430,2,7,46739484,0,1319839610,ръчна редакция
7289,17,1,7435,2,7,46739484,0,1319839610,ръчна редакция
7289,18,1,7436,2,7,46739484,0,1319839610,ръчна редакция
7289,19,1,7437,2,7,46739484,0,1319839610,ръчна редакция
7289,20,1,7438,2,7,46739484,0,1319839610,ръчна редакция
7289,21,1,7439,2,7,46739484,0,1319839610,ръчна редакция
7289,22,1,7441,2,7,46739484,0,1319839610,ръчна редакция
7289,23,1,7442,2,7,46739484,0,1319839610,ръчна редакция
7289,24,1,7444,2,7,46739484,0,1319839610,ръчна редакция
7289,25,1,7445,2,7,46739484,0,1319839610,ръчна редакция
7289,26,1,7446,2,7,46739484,0,1319839610,ръчна редакция
7289,27,1,7447,2,7,46739484,0,1319839610,ръчна редакция
7289,28,1,7448,2,7,46739484,0,1319839610,ръчна редакция
7289,29,1,7449,2,7,46739484,0,1319839610,ръчна редакция
7289,30,1,7450,2,7,46739484,0,1319839610,ръчна редакция
7289,31,1,7451,2,7,46739484,0,1319839610,ръчна редакция
7289,32,1,7452,2,7,46739484,0,1319839610,ръчна редакция
7289,33,1,7453,2,7,46739484,0,1319839610,ръчна редакция
7289,34,1,7454,2,7,46739484,0,1319839610,ръчна редакция
7289,35,1,7455,2,7,46739484,0,1319839610,ръчна редакция
7289,36,1,7456,2,7,46739484,0,1319839610,ръчна редакция
7289,37,1,7457,2,7,46739484,0,1319839610,ръчна редакция
7289,38,1,7458,2,7,46739484,0,1319839610,ръчна редакция
7289,39,1,7459,2,7,46739484,0,1319839610,ръчна редакция
7289,40,1,7460,2,7,46739484,0,1319839610,ръчна редакция
7289,41,1,7461,2,7,46739484,0,1319839610,ръчна редакция
7289,42,1,7462,2,7,46739484,0,1319839610,ръчна редакция
7289,43,1,7463,2,7,46739484,0,1319839610,ръчна редакция
7289,44,1,7464,2,7,46739484,0,1319839610,ръчна редакция
7289,45,1,7465,2,7,46739484,0,1319839610,ръчна редакция
7289,46,1,7466,2,7,46739484,0,1319839610,ръчна редакция
7297,0,1,7468,2,7,46739484,0,1319839610,ръчна редакция
7297,1,1,7469,2,7,46739484,0,1319839610,ръчна редакция
7297,2,1,7470,2,7,46739484,0,1319839610,ръчна редакция
7297,3,1,7471,2,7,46739484,0,1319839610,ръчна редакция
7297,4,1,7481,2,3,40045632,0,1319857795,0000000253
7297,5,1,7485,2,6,44977481,0,1319754432,0000000122
7297,6,1,7486,2,6,45856874,0,1319860986,0000000123
7297,7,1,7487,2,7,46739484,0,1319839610,ръчна редакция
7297,8,1,7488,2,7,46739484,0,1319839610,ръчна редакция
7297,9,1,7489,2,7,47827221,0,1319932258,ръчна редакция
7297,10,1,7490,2,7,47827221,0,1319932258,ръчна редакция
7297,11,1,7491,2,7,47827221,0,1319932258,ръчна редакция
7297,12,1,7492,2,7,47827221,0,1319932258,ръчна редакция
7297,13,1,7493,2,7,47827221,0,1319932258,ръчна редакция
7297,14,1,7494,2,7,47827221,0,1319932258,ръчна редакция
7297,15,1,7495,2,7,47827221,0,1319932258,ръчна редакция
7297,16,1,7496,2,7,47827221,0,1319932258,ръчна редакция
7297,17,1,7497,2,7,47827221,0,1319932258,ръчна редакция
7297,18,1,7498,2,7,47827221,0,1319932258,ръчна редакция
7297,19,1,7500,2,7,47827221,0,1319932258,ръчна редакция
7297,20,1,7501,2,7,47827221,0,1319932258,ръчна редакция
7297,21,1,7502,2,7,47827221,0,1319932258,ръчна редакция
7297,22,1,7503,2,7,47827221,0,1319932258,ръчна редакция
7297,23,1,7504,2,7,47827221,0,1319932258,ръчна редакция
7297,24,1,7505,2,7,47827221,0,1319932258,ръчна редакция
7297,25,1,7506,2,7,47827221,0,1319932258,ръчна редакция
7297,26,1,7507,2,7,47827221,0,1319932258,ръчна редакция
7297,27,1,7508,2,7,47827221,0,1319932258,ръчна редакция
7297,28,1,7509,2,7,47827221,0,1319932258,ръчна редакция
7297,29,1,7510,2,7,47827221,0,1319932258,ръчна редакция
7297,30,1,7511,2,7,47827221,0,1319932258,ръчна редакция
7297,31,1,7512,2,7,47827221,0,1319932258,ръчна редакция
7297,32,1,7513,2,7,47827221,0,1319932258,ръчна редакция
7297,33,1,7514,2,7,47827221,0,1319932258,ръчна редакция
7297,34,1,7515,2,7,47827221,0,1319932258,ръчна редакция
7297,35,1,7516,2,7,47827221,0,1319932258,ръчна редакция
7297,36,1,7517,2,7,47827221,0,1319932258,ръчна редакция
7297,37,1,7526,2,3,50305128,0,1319944504,0000000254
7297,38,1,7529,2,6,45856874,0,1319860986,0000000123
7297,39,1,7530,2,6,34554172,0,1319944718,0000000124
7297,40,1,7535,2,3,46630477,0,1319945617,0000000255
7297,41,1,7543,2,3,44030901,0,1319951961,0000000256
7297,42,1,7545,2,6,34554172,0,1319944718,0000000124
7297,43,1,7546,2,6,39519064,0,1319952309,0000000125
7297,44,1,7548,2,6,34554172,0,1319944718,0000000124
7297,45,1,7554,2,3,38956522,0,1319958517,0000000257
7297,46,1,7563,2,3,47442856,0,1319959230,0000000258
7297,47,1,7564,2,7,47300708,0,1320232733,ръчна редакция
7314,0,1,7565,2,7,47300708,0,1320232733,ръчна редакция
7314,1,1,7566,2,6,44115062,0,1320233448,0000000126
7314,2,1,7582,2,3,36527251,0,1320234089,0000000259
7314,3,1,7583,2,6,41037134,0,1320236386,0000000127
7314,4,1,7585,2,6,41037134,0,1320236386,0000000127
7314,5,1,7588,2,3,35458503,0,1318845139,0000000239
7314,6,1,7592,2,6,41037134,0,1320236386,0000000127
7314,7,1,7595,2,6,41037134,0,1320236386,0000000127
7314,8,1,7597,2,6,41037134,0,1320236386,0000000127
7314,9,1,7599,2,36,45739937,-2,1320238846,
7314,10,1,7605,2,3,40973965,0,1320239548,0000000260
7314,11,1,7607,2,6,41037134,0,1320236386,0000000127
7314,12,1,7608,2,7,47300708,0,1320232733,ръчна редакция
7314,13,1,7609,2,7,46857789,0,1320328779,ръчна редакция
7314,14,1,7610,2,7,46857789,0,1320328779,ръчна редакция
7314,15,1,7611,2,7,46857789,0,1320328779,ръчна редакция
7314,16,1,7612,2,7,46857789,0,1320328779,ръчна редакция
7314,17,1,7613,2,7,46857789,0,1320328779,ръчна редакция
7314,18,1,7614,2,7,46857789,0,1320328779,ръчна редакция
7314,19,1,7621,2,3,33612707,0,1320332502,0000000261
7314,20,1,7622,2,7,46857789,0,1320328779,ръчна редакция
7314,21,1,7623,2,6,49830624,0,1320337932,0000000128
7314,22,1,7625,2,6,49830624,0,1320337932,0000000128
7314,23,1,7627,2,6,49830624,0,1320337932,0000000128
7314,24,1,7628,2,6,49679257,0,1320435499,0000000129
7314,25,1,7630,2,6,49679257,0,1320435499,0000000129
7314,26,1,7646,2,3,40764779,0,1320443951,0000000262
7314,27,1,7647,2,6,37689805,0,1320446616,0000000130
7314,28,1,7650,2,6,37689805,0,1320446616,0000000130
7314,29,1,7659,2,3,48958610,0,1320456711,0000000263
7314,30,1,7676,2,3,48958610,0,1320456711,0000000263
7314,31,1,7693,2,3,48958610,0,1320456711,0000000263
7314,32,1,7697,2,7,38429694,0,1320458302,ръчна редакция
7314,33,1,7698,2,7,38429694,0,1320458302,ръчна редакция
7314,34,1,7700,2,6,36814518,0,1320458861,0000000131
7314,35,1,7702,2,6,44752671,0,1320932897,0000000132
7314,36,1,7703,2,6,33832202,0,1320933420,0000000133
7314,37,1,7709,2,3,49639522,0,1320934037,0000000264
7314,38,1,7714,2,3,44695596,0,1320934350,0000000265
7314,39,1,7719,2,3,40045632,0,1319857795,0000000253
7314,40,1,7721,2,6,44752671,0,1320932897,0000000132
7314,41,1,7723,2,6,33832202,0,1320933420,0000000133
7314,42,1,7727,2,6,44752671,0,1320932897,0000000132
7314,43,1,7733,2,3,35126905,0,1320938411,0000000266
7314,44,1,7739,2,6,44752671,0,1320932897,0000000132
7314,45,1,7746,2,3,35458503,0,1318845139,0000000239
7314,46,1,7747,2,7,41141260,0,1320940107,ръчна редакция
7314,47,1,7753,2,3,39241121,0,1320940264,0000000267
7314,48,1,7755,2,3,39241121,0,1320940264,0000000267
7314,49,1,7758,2,6,44752671,0,1320932897,0000000132
7314,50,1,7797,2,3,47190346,0,1320949577,0000000268
7351,0,1,7805,2,3,47190346,0,1320949577,0000000268
7351,1,1,7806,2,3,44164537,0,1320949819,0000000269
7351,2,1,7815,2,6,44752671,0,1320932897,0000000132
7351,3,1,7816,2,7,41141260,0,1320940107,ръчна редакция
7351,4,1,7818,2,6,44752671,0,1320932897,0000000132
7351,5,1,7819,2,7,41141260,0,1320940107,ръчна редакция
7351,6,1,7831,2,6,44752671,0,1320932897,0000000132
7351,7,1,7835,2,6,44752671,0,1320932897,0000000132
7351,8,1,7838,2,6,46291449,0,1317542707,0000000088
7351,9,1,7842,2,30,39297021,36945574,1302341492,0000000002
7351,10,1,7846,2,7,34675309,0,1320962347,ръчна редакция
7351,11,1,7850,2,7,34675309,0,1320962347,ръчна редакция
7351,12,1,10509,2,6,44752671,0,1320932897,0000000132
7351,13,1,10514,2,3,37826781,0,1320964379,0000000270
7351,14,1,10516,2,6,44752671,0,1320932897,0000000132
7351,15,1,10519,2,6,44752671,0,1320932897,0000000132
7351,16,1,10524,2,3,48958610,0,1320456711,0000000263
7351,17,1,10525,2,30,45129554,34432241,1321132736,0000000051
7351,18,1,10526,2,37,45129554,-1,1319062438,0000000051
7351,19,1,10527,2,30,45129554,33688496,1319062527,0000000051
7351,20,1,10528,2,30,45129554,34432241,1321132736,0000000051
7351,21,1,10529,2,30,39297021,46494003,1321133991,0000000002
7351,22,1,10532,2,6,44752671,0,1320932897,0000000132
7351,23,1,10533,2,6,34346924,0,1321144776,0000000134
7351,24,1,10551,2,3,40130868,0,1321151452,0000000271
7351,25,1,10560,2,3,40130868,0,1321151452,0000000271
7351,26,1,10575,2,3,38300840,0,1321157199,0000000272
7351,27,1,10578,2,6,34346924,0,1321144776,0000000134
7351,28,1,10583,2,6,42282840,0,1316357277,0000000084
7351,29,1,10590,2,3,35458503,0,1318845139,0000000239
7351,30,1,10591,2,7,34446982,0,1321229878,ръчна редакция
7351,31,1,10605,2,6,46296526,0,1321235471,0000000135
7351,32,1,10606,2,7,34446982,0,1321229878,ръчна редакция
7351,33,1,10607,2,7,39745829,0,1321237217,ръчна редакция
7351,34,1,10610,2,6,42282840,0,1316357277,0000000084
7351,35,1,10659,2,7,34690285,0,1321244588,ръчна редакция
7351,36,1,10660,2,7,34690285,0,1321244588,ръчна редакция
7351,37,1,10661,2,7,34690285,0,1321244588,ръчна редакция
7351,38,1,10662,2,7,34690285,0,1321244588,ръчна редакция
7351,39,1,10663,2,7,34690285,0,1321244588,ръчна редакция
7351,40,1,10664,2,7,34690285,0,1321244588,ръчна редакция
7351,41,1,10665,2,7,34690285,0,1321244588,ръчна редакция
7351,42,1,10666,2,7,34690285,0,1321244588,ръчна редакция
7351,43,1,10667,2,7,34690285,0,1321244588,ръчна редакция
7351,44,1,10668,2,7,34690285,0,1321244588,ръчна редакция
7351,45,1,10672,2,6,42282840,0,1316357277,0000000084
7351,46,1,10673,2,3,43268339,0,1321245268,0000000273
7351,47,1,10700,2,3,43463659,0,1321253497,0000000274
7351,48,1,10710,2,6,46296526,0,1321235471,0000000135
7351,49,1,10727,2,3,49713271,0,1321332418,0000000275
7351,50,1,10728,2,6,45792090,0,1321332521,0000000136
7683,0,1,10729,2,3,46825669,0,1321333415,0000000276
7683,1,1,10730,2,3,46377876,0,1321333641,0000000277
7683,2,1,10731,2,7,42796368,0,1321333791,ръчна редакция
7683,3,1,10733,2,6,45792090,0,1321332521,0000000136
7683,4,1,10735,2,3,40069661,0,1321333966,0000000278
7683,5,1,10747,2,3,37823411,0,1321334864,0000000279
7683,6,1,10751,2,6,45792090,0,1321332521,0000000136
7683,7,1,10754,2,6,45792090,0,1321332521,0000000136
7683,8,1,10755,2,3,38503818,0,1321343775,0000000280
7683,9,1,10757,2,6,45792090,0,1321332521,0000000136
7683,10,1,10771,2,3,39608404,0,1321345573,0000000281
7683,11,1,10806,2,6,45792090,0,1321332521,0000000136
7683,12,1,10807,2,3,41566256,0,1321352078,0000000282
7683,13,1,10809,2,6,45792090,0,1321332521,0000000136
7683,14,1,10814,2,3,34116242,0,1321355408,0000000283
7683,15,1,10819,2,3,35462808,0,1321355685,0000000284
7683,16,1,10825,2,3,33928304,0,1321356849,0000000285
7683,17,1,10839,2,3,40201203,0,1321357659,0000000286
7683,18,1,10841,2,6,45792090,0,1321332521,0000000136
7683,19,1,10846,2,6,45792090,0,1321332521,0000000136
7683,20,1,10849,2,6,45792090,0,1321332521,0000000136
7683,21,1,10854,2,3,48700346,0,1321363026,0000000287
7683,22,1,10858,2,6,45792090,0,1321332521,0000000136
7683,23,1,10859,2,7,43115975,0,1321363251,ръчна редакция
7683,24,1,10860,2,3,33928304,0,1321356849,0000000285
7683,25,1,10861,2,3,39987315,0,1321363556,0000000288
7683,26,1,10872,2,3,41348270,0,1321364158,0000000289
7683,27,1,10873,2,7,42796368,0,1321333791,ръчна редакция
7683,28,1,10887,2,6,38561470,0,1321637382,0000000137
7683,29,1,10889,2,3,35458503,0,1318845139,0000000239
7683,30,1,10890,2,36,42782948,-2,1321638418,
7683,31,1,10892,2,37,47122425,-1,1321638568,0000000082
7683,32,1,10893,2,30,47122425,45905695,1321638651,0000000082
7683,33,1,10896,2,30,47122425,36860047,1321638724,0000000082
7683,34,1,10898,2,6,38561470,0,1321637382,0000000137
7683,35,1,10899,2,7,47808361,0,1321655695,ръчна редакция
7683,36,1,10902,2,6,38561470,0,1321637382,0000000137
7683,37,1,10903,2,7,47808361,0,1321655695,ръчна редакция
7683,38,1,10904,2,7,47808361,0,1321655695,ръчна редакция
7683,39,1,10906,2,7,47808361,0,1321655695,ръчна редакция
7683,40,1,10907,2,7,47808361,0,1321655695,ръчна редакция
7683,41,1,10908,2,7,47808361,0,1321655695,ръчна редакция
7683,42,1,10909,2,7,47808361,0,1321655695,ръчна редакция
7683,43,1,10910,2,7,47808361,0,1321655695,ръчна редакция
7683,44,1,10914,2,3,38385929,0,1321732404,0000000290
7683,45,1,10915,2,6,43788960,0,1321732723,0000000138
7683,46,1,10921,2,3,48113521,0,1321734971,0000000291
7683,47,1,10934,2,3,34199050,0,1321735671,0000000292
7683,48,1,10935,2,7,33939240,0,1321735969,ръчна редакция
7683,49,1,10937,2,6,43788960,0,1321732723,0000000138
7683,50,1,10940,2,6,43788960,0,1321732723,0000000138
7711,0,1,10945,2,3,47384384,0,1321740392,0000000293
7711,1,1,10955,2,3,39566039,0,1321740780,0000000294
7711,2,1,10959,2,6,43788960,0,1321732723,0000000138
7711,3,1,10968,2,3,48354021,0,1321753132,0000000295
7711,4,1,10971,2,6,43788960,0,1321732723,0000000138
7711,5,1,10978,2,3,45625303,0,1321753934,0000000296
7711,6,1,10991,2,3,49928270,0,1321757769,0000000297
7711,7,1,10995,2,6,43788960,0,1321732723,0000000138
7711,8,1,11005,2,3,46475098,0,1321758386,0000000298
7711,9,1,11006,2,3,46070651,0,1321758496,0000000299
7711,10,1,11007,2,3,39241121,0,1320940264,0000000267
7711,11,1,11010,2,6,43788960,0,1321732723,0000000138
7711,12,1,11029,2,3,44529112,0,1321759253,0000000300
7711,13,1,11058,2,3,40581141,0,1321761880,0000000301
7711,14,1,11069,2,6,43788960,0,1321732723,0000000138
7711,15,1,11071,2,6,43788960,0,1321732723,0000000138
7711,16,1,11081,2,3,39549036,0,1321832125,0000000302
7711,17,1,11099,2,3,44237267,0,1321835479,0000000303
7711,18,1,11102,2,3,44237267,0,1321835479,0000000303
7711,19,1,11111,2,3,46412897,0,1321836979,0000000304
7711,20,1,11126,2,3,46412897,0,1321836979,0000000304
7711,21,1,11127,2,6,46379570,0,1321837372,0000000139
7711,22,1,11130,2,6,46379570,0,1321837372,0000000139
7711,23,1,11132,2,6,46379570,0,1321837372,0000000139
7711,24,1,11150,2,6,46379570,0,1321837372,0000000139
7711,25,1,11164,2,6,46379570,0,1321837372,0000000139
7711,26,1,11165,2,7,50073588,0,1321859712,ръчна редакция
7711,27,1,11172,2,6,46379570,0,1321837372,0000000139
7711,28,1,11181,2,6,46379570,0,1321837372,0000000139
7711,29,1,11182,2,7,50073588,0,1321859712,ръчна редакция
7711,30,1,11187,2,6,46379570,0,1321837372,0000000139
7711,31,1,11188,2,7,50073588,0,1321859712,ръчна редакция
7711,32,1,11193,2,6,46379570,0,1321837372,0000000139
7711,33,1,11194,2,7,50073588,0,1321859712,ръчна редакция
7711,34,1,11195,2,7,34332956,0,1321864388,ръчна редакция
7711,35,1,11196,2,6,48614617,0,1321932363,0000000140
7711,36,1,11197,2,6,43291218,0,1321933869,0000000141
7711,37,1,11198,2,7,46673894,0,1321934249,ръчна редакция
7711,38,1,11199,2,7,46673894,0,1321934249,ръчна редакция
7711,39,1,11200,2,7,46673894,0,1321934249,ръчна редакция
7711,40,1,11201,2,7,46673894,0,1321934249,ръчна редакция
7711,41,1,11202,2,7,46673894,0,1321934249,ръчна редакция
7711,42,1,11203,2,7,46673894,0,1321934249,ръчна редакция
7711,43,1,11204,2,7,46673894,0,1321934249,ръчна редакция
7711,44,1,11219,2,6,43702109,0,1321956212,0000000142
7711,45,1,11221,2,6,43702109,0,1321956212,0000000142
7711,46,1,11222,2,7,46673894,0,1321934249,ръчна редакция
7711,47,1,11224,2,7,46673894,0,1321934249,ръчна редакция
7711,48,1,11230,2,3,35458503,0,1318845139,0000000239
7711,49,1,11231,2,6,39387535,0,1322033466,0000000143
7756,0,1,11235,2,7,43915574,0,1322033573,ръчна редакция
7756,1,1,11238,2,6,38561470,0,1321637382,0000000137
7756,2,1,11239,2,6,39387535,0,1322033466,0000000143
7756,3,1,11240,2,37,35253452,-1,1322037352,0000000083
7756,4,1,11241,2,37,35253452,-1,1322037352,0000000083
7756,5,1,11242,2,37,46928733,-1,1322037352,0000000084
7756,6,1,11243,2,37,44642751,-1,1322037352,0000000085
7756,7,1,11244,2,37,33563746,-1,1322037352,0000000086
7756,8,1,11245,2,37,47052848,-1,1322037352,0000000087
7756,9,1,11246,2,37,34223473,-1,1322037352,0000000088
7756,10,1,11250,2,30,44642751,46085756,1322037610,0000000085
7756,11,1,11256,2,30,46928733,40771899,1322037643,0000000084
7756,12,1,11262,2,30,33563746,47875829,1322037672,0000000086
7756,13,1,11263,2,30,34223473,46441739,1322037720,0000000088
7756,14,1,11264,2,36,44670355,-2,1322037853,
7756,15,1,11265,2,37,47052848,-1,1322037352,0000000087
7756,16,1,11269,2,30,47052848,41239097,1322037920,0000000087
7756,17,1,11278,2,30,35253452,35646698,1322037956,0000000083
7756,18,1,11279,2,6,49381680,0,1322038054,0000000144
7756,19,1,11280,2,7,43915574,0,1322033573,ръчна редакция
7756,20,1,11282,2,6,49381680,0,1322038054,0000000144
7756,21,1,11285,2,6,49381680,0,1322038054,0000000144
7756,22,1,11286,2,6,34516120,0,1322040723,0000000145
7756,23,1,11293,2,3,35458503,0,1318845139,0000000239
7756,24,1,11295,2,6,34516120,0,1322040723,0000000145
7756,25,1,11296,2,7,43915574,0,1322033573,ръчна редакция
7756,26,1,11298,2,6,38561470,0,1321637382,0000000137
7756,27,1,11299,2,7,43915574,0,1322033573,ръчна редакция
7756,28,1,11300,2,6,48788007,0,1322051396,0000000146
7756,29,1,11307,2,3,39712425,0,1322054160,0000000305
7756,30,1,11316,2,3,42718659,0,1322055395,0000000306
7756,31,1,11325,2,3,42003430,0,1322055973,0000000307
7756,32,1,11327,2,6,49381680,0,1322038054,0000000144
7756,33,1,11328,2,7,43915574,0,1322033573,ръчна редакция
7756,34,1,11350,2,3,37295550,0,1322057361,0000000308
7756,35,1,11352,2,7,43915574,0,1322033573,ръчна редакция
7756,36,1,11353,2,3,33993022,0,1322057862,0000000309
7756,37,1,11362,2,3,41611647,0,1322059074,0000000310
7756,38,1,11364,2,6,49381680,0,1322038054,0000000144
7756,39,1,11365,2,37,35662472,-1,1322059224,0000000089
7756,40,1,11366,2,37,35662472,-1,1322059224,0000000089
7756,41,1,11367,2,37,35133179,-1,1322059224,0000000090
7756,42,1,11368,2,37,46947183,-1,1322059224,0000000091
7756,43,1,11369,2,37,46263368,-1,1322059224,0000000092
7756,44,1,11370,2,37,36444547,-1,1322059224,0000000093
7756,45,1,11371,2,37,43656528,-1,1322059224,0000000094
7756,46,1,11377,2,30,36444547,47051795,1322059326,0000000093
7756,47,1,11381,2,30,46263368,36268270,1322059353,0000000092
7756,48,1,11385,2,30,46947183,49595758,1322059387,0000000091
7756,49,1,11389,2,30,43656528,44713511,1322059426,0000000094
7756,50,1,11393,2,30,35133179,46162283,1322059472,0000000090
7756,51,1,11397,2,30,35662472,35118242,1322059519,0000000089
7777,0,1,11402,2,3,46010653,0,1322061940,0000000311
7777,1,1,11406,2,6,42282840,0,1316357277,0000000084
7777,2,1,11410,2,7,42324727,0,1322063210,ръчна редакция
7777,3,1,11411,2,7,42324727,0,1322063210,ръчна редакция
7777,4,1,11412,2,6,42361618,0,1322064173,0000000147
7777,5,1,11417,2,6,49381680,0,1322038054,0000000144
7777,6,1,11424,2,6,43634906,0,1322334126,0000000148
7777,7,1,11425,2,7,39649191,0,1322334348,ръчна редакция
7777,8,1,11434,2,3,40752959,0,1322338844,0000000312
7777,9,1,11601,2,6,40263701,0,1322344594,0000000149
7777,10,1,11602,2,6,35373443,0,1322354295,0000000150
7777,11,1,11612,2,3,48939640,0,1322356467,0000000313
7777,12,1,11613,2,6,45966325,0,1322357884,0000000151
7777,13,1,11615,2,6,35373443,0,1322354295,0000000150
7777,14,1,11625,2,3,46286976,0,1322359444,0000000314
7777,15,1,11626,2,7,39649191,0,1322334348,ръчна редакция
7777,16,1,11632,2,3,44048724,0,1322362531,0000000315
7777,17,1,11638,2,6,41618603,0,1322363214,0000000152
7777,18,1,11651,2,3,46233117,0,1322432828,0000000316
7777,19,1,11652,2,3,35312672,0,1322433715,0000000317
7777,20,1,11655,2,6,43634906,0,1322334126,0000000148
7777,21,1,11656,2,6,39427044,0,1322434618,0000000153
7777,22,1,11657,2,7,45149519,0,1322438499,ръчна редакция
7777,23,1,11658,2,6,35165708,0,1322438508,0000000154
7777,24,1,11659,2,6,43973372,0,1322438817,0000000155
7777,25,1,11662,2,6,43634906,0,1322334126,0000000148
7777,26,1,11663,2,6,45457310,0,1322441610,0000000156
7777,27,1,11668,2,6,45966325,0,1322357884,0000000151
7777,28,1,11670,2,6,45966325,0,1322357884,0000000151
7777,29,1,11672,2,6,43973372,0,1322438817,0000000155
7777,30,1,11678,2,6,45457310,0,1322441610,0000000156
7777,31,1,11680,2,6,45457310,0,1322441610,0000000156
7777,32,1,11682,2,6,39427044,0,1322434618,0000000153
7777,33,1,11683,2,7,35885452,0,1322532507,ръчна редакция
7777,34,1,11686,2,6,45457310,0,1322441610,0000000156
7777,35,1,11698,2,6,39614927,0,1322534443,0000000157
7777,36,1,11720,2,6,42743849,0,1322544717,0000000158
7777,37,1,11741,2,3,42141506,0,1322550472,0000000318
7777,38,1,11743,2,6,42743849,0,1322544717,0000000158
7777,39,1,11745,2,6,42743849,0,1322544717,0000000158
7777,40,1,11750,2,3,49202417,0,1322553961,0000000319
7777,41,1,11756,2,3,39948306,0,1322554599,0000000320
7777,42,1,11757,2,6,49229127,0,1322554793,0000000159
7777,43,1,11758,2,7,35885452,0,1322532507,ръчна редакция
7777,44,1,11759,2,7,35885452,0,1322532507,ръчна редакция
7777,45,1,11761,2,6,39614927,0,1322534443,0000000157
7777,46,1,11766,2,6,43634906,0,1322334126,0000000148
7777,47,1,11772,2,3,34985736,0,1322555272,0000000321
7777,48,1,11773,2,6,34737392,0,1322556486,0000000160
7777,49,1,11774,2,6,39614927,0,1322534443,0000000157
7777,50,1,11775,2,37,36098613,-1,1322635154,0000000095
7848,0,1,11776,2,37,36098613,-1,1322635154,0000000095
7848,1,1,11777,2,37,42142677,-1,1322635154,0000000096
7848,2,1,11778,2,37,33826315,-1,1322635154,0000000097
7848,3,1,11779,2,37,45121588,-1,1322635154,0000000098
7848,4,1,11780,2,37,34706994,-1,1322635154,0000000099
7848,5,1,11781,2,37,39405462,-1,1322635154,0000000100
7848,6,1,11782,2,37,36098613,-1,1322635154,0000000095
7848,7,1,11783,2,37,42142677,-1,1322635154,0000000096
7848,8,1,11784,2,37,33826315,-1,1322635154,0000000097
7848,9,1,11785,2,37,45121588,-1,1322635154,0000000098
7848,10,1,11786,2,37,34706994,-1,1322635154,0000000099
7848,11,1,11787,2,37,39405462,-1,1322635154,0000000100
7848,12,1,11788,2,6,39995343,0,1322635799,0000000161
7848,13,1,11790,2,6,39995343,0,1322635799,0000000161
7848,14,1,11802,2,6,44632193,0,1322636757,0000000162
7848,15,1,11804,2,7,39133561,0,1322637942,ръчна редакция
7848,16,1,11806,2,6,45578863,0,1322639288,0000000163
7848,17,1,11814,2,3,43713642,0,1322643592,0000000322
7848,18,1,11819,2,6,45578863,0,1322639288,0000000163
7848,19,1,11820,2,6,44635923,0,1322652851,0000000164
7848,20,1,11827,2,3,36171769,0,1322653610,0000000323
7848,21,1,11832,2,6,44632193,0,1322636757,0000000162
7848,22,1,11833,2,6,41835045,0,1322655312,0000000165
7848,23,1,11847,2,3,41472027,0,1322656661,0000000324
7848,24,1,11850,2,6,41835045,0,1322655312,0000000165
7848,25,1,11851,2,6,37649830,0,1322659794,0000000166
7848,26,1,11869,2,3,35528408,0,1322660945,0000000325
7848,27,1,11870,2,7,39133561,0,1322637942,ръчна редакция
7848,28,1,11871,2,3,47552843,0,1322663356,0000000326
7848,29,1,11887,2,3,39759828,0,1322737578,0000000327
7848,30,1,11888,2,3,39759828,0,1322737578,0000000327
7848,31,1,11889,2,6,46181085,0,1322738267,0000000167
7848,32,1,11891,2,6,46181085,0,1322738267,0000000167
7848,33,1,11897,2,3,38528848,0,1322750590,0000000328
7848,34,1,11898,2,3,38528848,0,1322750590,0000000328
7848,35,1,11905,2,3,38355489,0,1322751614,0000000329
7848,36,1,11906,2,3,36049486,0,1322751798,0000000330
7848,37,1,11910,2,6,41890325,0,1318460551,0000000105
7848,38,1,11932,2,6,47433771,0,1322755683,0000000168
7848,39,1,11933,2,6,40292150,0,1322755990,0000000169
7848,40,1,11934,2,6,40292150,0,1322755990,0000000169
7848,41,1,11939,2,7,37937578,0,1322757093,ръчна редакция
7848,42,1,11940,2,7,37937578,0,1322757093,ръчна редакция
7848,43,1,11942,2,7,42729216,0,1322758420,ръчна редакция
7848,44,1,11943,2,7,42729216,0,1322758420,ръчна редакция
7848,45,1,11944,2,6,36562969,0,1322758523,0000000170
7848,46,1,11945,2,37,37791270,-1,1322759477,0000000100
7848,47,1,11946,2,37,37791270,-1,1322759477,0000000100
7848,48,1,11947,2,37,38190603,-1,1322759477,0000000101
7848,49,1,11948,2,37,48628497,-1,1322759477,0000000102
7848,50,1,11949,2,37,39320581,-1,1322759477,0000000103
7848,51,1,11950,2,37,39640918,-1,1322759477,0000000104
6313,0,1,11951,2,37,42516719,-1,1322759477,0000000105
6313,1,1,11952,2,37,37791270,-1,1322759477,0000000100
6313,2,1,11953,2,37,38190603,-1,1322759477,0000000101
6313,3,1,11954,2,37,48628497,-1,1322759477,0000000102
6313,4,1,11955,2,37,39320581,-1,1322759477,0000000103
6313,5,1,11956,2,37,39640918,-1,1322759477,0000000104
6313,6,1,11957,2,37,42516719,-1,1322759477,0000000105
6313,7,1,11958,2,6,48733861,0,1322761751,0000000171
6313,8,1,11959,2,6,38828980,0,1323036883,0000000172
6313,9,1,11960,2,6,43288613,0,1323036933,0000000173
6313,10,1,11961,2,6,40768932,0,1323039853,0000000174
6313,11,1,11966,2,6,43288613,0,1323036933,0000000173
6313,12,1,11981,2,3,42494605,0,1323054908,0000000331
6313,13,1,11982,2,3,49127007,0,1323054985,0000000332
6313,14,1,11990,2,6,39995343,0,1322635799,0000000161
6313,15,1,11992,2,6,39995343,0,1322635799,0000000161
6313,16,1,11994,2,6,43288613,0,1323036933,0000000173
6313,17,1,11996,2,6,43288613,0,1323036933,0000000173
6313,18,1,12054,2,3,35289984,0,1323141634,0000000333
6313,19,1,12060,2,6,33580969,0,1323143822,0000000175
6313,20,1,12064,2,3,35458503,0,1318845139,0000000239
6313,21,1,12068,2,7,40186842,0,1323144895,ръчна редакция
6313,22,1,12072,2,6,33580969,0,1323143822,0000000175
6313,23,1,12105,2,3,47821663,0,1323150166,0000000334
6313,24,1,12108,2,7,40186842,0,1323144895,ръчна редакция
6313,25,1,12109,2,7,40186842,0,1323144895,ръчна редакция
6313,26,1,12111,2,6,40768932,0,1323039853,0000000174
6313,27,1,12119,2,3,47556610,0,1323153438,0000000335
6313,28,1,12125,2,3,34566740,0,1323153875,0000000336
6313,29,1,12126,2,3,34566740,0,1323153875,0000000336
6313,30,1,12128,2,6,48733861,0,1322761751,0000000171
6313,31,1,12133,2,6,36562969,0,1322758523,0000000170
6313,32,1,12134,2,6,47127739,0,1323154698,0000000176
6313,33,1,12135,2,7,40186842,0,1323144895,ръчна редакция
6313,34,1,12136,2,7,40186842,0,1323144895,ръчна редакция
6313,35,1,12137,2,6,38198636,0,1323154960,0000000177
6313,36,1,12138,2,7,40186842,0,1323144895,ръчна редакция
6313,37,1,12139,2,7,40186842,0,1323144895,ръчна редакция
6313,38,1,12140,2,7,40186842,0,1323144895,ръчна редакция
6313,39,1,12141,2,7,40186842,0,1323144895,ръчна редакция
6313,40,1,12160,2,6,45952459,0,1323155214,0000000178
6313,41,1,12173,2,3,39843024,0,1323156584,0000000337
6313,42,1,12174,2,3,39843024,0,1323156584,0000000337
6313,43,1,12182,2,36,1300860652,-2,1323161785,
6313,44,1,12183,2,36,1300860756,-2,1323161786,
6313,45,1,12287,2,7,42427168,0,1323232197,ръчна редакция
6313,46,1,12288,2,7,42427168,0,1323232197,ръчна редакция
6313,47,1,12290,2,7,42427168,0,1323232197,ръчна редакция
6313,48,1,12291,2,7,42427168,0,1323232197,ръчна редакция
6313,49,1,12292,2,7,42427168,0,1323232197,ръчна редакция
6313,50,1,12293,2,7,42427168,0,1323232197,ръчна редакция
7949,0,1,12296,2,6,38198636,0,1323154960,0000000177
7949,1,1,12300,2,6,38198636,0,1323154960,0000000177
7949,2,1,12301,2,7,42427168,0,1323232197,ръчна редакция
7949,3,1,12303,2,6,45952459,0,1323155214,0000000178
7949,4,1,12305,2,6,45952459,0,1323155214,0000000178
7949,5,1,12308,2,6,45952459,0,1323155214,0000000178
7949,6,1,12362,2,6,37416601,0,1323251428,0000000179
7949,7,1,12386,2,3,35997411,0,1323258558,0000000338
7949,8,1,12387,2,3,35997411,0,1323258558,0000000338
7949,9,1,12388,2,6,35373076,0,1323259056,0000000180
7949,10,1,12414,2,3,38010296,0,1323263869,0000000339
7949,11,1,12415,2,6,43601467,0,1323264138,0000000181
7949,12,1,12416,2,6,42685948,0,1323264487,0000000182
7949,13,1,12417,2,6,45224332,0,1323264598,0000000183
7949,14,1,12418,2,6,45224332,0,1323264598,0000000183
7949,15,1,12419,2,6,42293101,0,1323264669,0000000184
7949,16,1,12426,2,6,34148178,0,1323265490,0000000185
7949,17,1,12888,2,6,45419704,0,1323364050,0000000186
7949,18,1,12889,2,6,34988405,0,1323364092,0000000187
7949,19,1,12890,2,6,39413278,0,1323364234,0000000188
7949,20,1,12891,2,6,35824212,0,1323364270,0000000189
7949,21,1,12892,2,6,48703126,0,1323364500,0000000190
7949,22,1,12894,2,6,48703126,0,1323364500,0000000190
7949,23,1,12899,2,3,41919532,0,1323365697,0000000340
7949,24,1,12904,2,3,49768853,0,1323366126,0000000341
7949,25,1,12915,2,3,48916675,0,1323366401,0000000342
7949,26,1,12916,2,6,38725324,0,1323367002,0000000191
7949,27,1,12960,2,3,44678299,0,1323434811,0000000343
7949,28,1,12967,2,6,39828698,0,1323435417,0000000192
7949,29,1,13213,2,6,43031951,0,1323452958,0000000193
7949,30,1,13489,2,3,34045628,0,1323464686,0000000344
7949,31,1,13497,2,3,34045628,0,1323464686,0000000344
7949,32,1,13538,2,3,46854626,0,1323466416,0000000345
7949,33,1,13539,2,6,33920008,0,1323466791,0000000194
7949,34,1,13540,2,6,33895953,0,1323467208,0000000195
7949,35,1,13554,2,6,45478546,0,1323467385,0000000196
7949,36,1,13614,2,7,34594145,0,1323750067,ръчна редакция
7949,37,1,13615,2,6,39522549,0,1323450093,0000000197
7949,38,1,13617,2,7,34594145,0,1323750067,ръчна редакция
7949,39,1,13618,2,7,34594145,0,1323750067,ръчна редакция
7949,40,1,13619,2,7,34594145,0,1323750067,ръчна редакция
7949,41,1,13620,2,7,34594145,0,1323750067,ръчна редакция
7949,42,1,13625,2,3,35458503,0,1318845139,0000000239
7949,43,1,13701,2,7,37533029,0,1323839994,ръчна редакция
7949,44,1,13702,2,7,46768049,0,1323840502,ръчна редакция
7949,45,1,13706,2,7,46768049,0,1323840502,ръчна редакция
7949,46,1,13707,2,7,46768049,0,1323840502,ръчна редакция
7949,47,1,13711,2,7,46768049,0,1323840502,ръчна редакция
7949,48,1,13712,2,6,41563663,0,1323840553,0000000198
7949,49,1,13759,2,3,48531273,0,1323932581,0000000346
7949,50,1,13760,2,6,44722917,0,1323932947,0000000199
8074,0,1,13774,2,3,42765683,0,1323933460,0000000347
8074,1,1,13781,2,3,49957218,0,1323934411,0000000348
8074,2,1,13787,2,3,44305497,0,1323935389,0000000349
8074,3,1,13796,2,3,34463675,0,1323938927,0000000350
8074,4,1,13797,2,6,42733147,0,1323953565,0000000200
8074,5,1,13808,2,3,45189030,0,1323955183,0000000351
8074,6,1,13866,2,3,42217908,0,1323958968,0000000352
8074,7,1,13870,2,7,42633005,0,1323963067,ръчна редакция
8074,8,1,13874,2,7,42633005,0,1323963067,ръчна редакция
8074,9,1,13875,2,7,42633005,0,1323963067,ръчна редакция
8074,10,1,13879,2,7,42633005,0,1323963067,ръчна редакция
8074,11,1,13883,2,7,42633005,0,1323963067,ръчна редакция
8074,12,1,13906,2,3,42217908,0,1323958968,0000000352
8074,13,1,13907,2,7,42633005,0,1323963067,ръчна редакция
8074,14,1,13908,2,7,42633005,0,1323963067,ръчна редакция
8074,15,1,13910,2,6,44722917,0,1323932947,0000000199
8074,16,1,13913,2,3,37295550,0,1322057361,0000000308
8074,17,1,13917,2,3,48700346,0,1321363026,0000000287
8074,18,1,13935,2,3,50123861,0,1324152089,0000000353
8074,19,1,13945,2,3,47523351,0,1324152863,0000000354
8074,20,1,13959,2,3,46219561,0,1324156717,0000000355
8074,21,1,13964,2,3,49860928,0,1324157264,0000000356
8074,22,1,13969,2,3,49205039,0,1324157673,0000000357
8074,23,1,13984,2,3,45503500,0,1324158030,0000000358
8074,24,1,14017,2,3,45503500,0,1324158030,0000000358
8074,25,1,14018,2,37,35293090,-1,1324433752,0000000105
8074,26,1,14019,2,37,35293090,-1,1324433752,0000000105
8074,27,1,14020,2,37,49041431,-1,1324433752,0000000106
8074,28,1,14021,2,37,46298362,-1,1324433752,0000000107
8074,29,1,14022,2,37,41515042,-1,1324433752,0000000108
8074,30,1,14023,2,37,33980457,-1,1324433752,0000000109
8074,31,1,14024,2,37,34746957,-1,1324433752,0000000110
8074,32,1,14028,2,30,46298362,49357202,1324433936,0000000107
8074,33,1,14029,2,37,46298362,-1,1324433752,0000000107
8074,34,1,14030,2,30,46298362,49357202,1324433936,0000000107
8074,35,1,14031,2,37,35293090,-1,1324433752,0000000105
8074,36,1,14032,2,37,49041431,-1,1324433752,0000000106
8074,37,1,14033,2,37,41515042,-1,1324433752,0000000108
8074,38,1,14034,2,37,33980457,-1,1324433752,0000000109
8074,39,1,14035,2,37,34746957,-1,1324433752,0000000110
8074,40,1,14036,2,36,48629725,-2,1324434551,
8074,41,1,14037,2,36,48629725,-2,1324434551,
8074,42,1,14043,2,3,39281484,0,1324452583,0000000359
8074,43,1,14085,2,3,38654618,0,1324461606,0000000360
8074,44,1,14095,2,3,40114980,0,1324563972,0000000361
8074,45,1,14109,2,3,49763607,0,1324633638,0000000362
8074,46,1,14121,2,3,47326246,0,1324634359,0000000363
8074,47,1,14122,2,3,46757408,0,1324635811,0000000364
8074,48,1,14123,2,6,37789356,0,1324639162,0000000201
8074,49,1,14126,2,7,35663615,0,1324639452,ръчна редакция
8074,50,1,14130,2,3,35371493,0,1324641035,0000000365
8185,0,1,14156,2,3,39898046,0,1324641860,0000000366
8185,1,1,14158,2,6,37789356,0,1324639162,0000000201
8185,2,1,14160,2,3,40045632,0,1319857795,0000000253
8185,3,1,14164,2,6,37789356,0,1324639162,0000000201
8185,4,1,14167,2,6,37789356,0,1324639162,0000000201
8185,5,1,14168,2,7,35663615,0,1324639452,ръчна редакция
8185,6,1,14179,2,6,37789356,0,1324639162,0000000201
8185,7,1,14181,2,6,37789356,0,1324639162,0000000201
8185,8,1,14183,2,6,37789356,0,1324639162,0000000201
8185,9,1,14185,2,6,37789356,0,1324639162,0000000201
8185,10,1,14187,2,6,37789356,0,1324639162,0000000201
8185,11,1,14189,2,6,37789356,0,1324639162,0000000201
8185,12,1,14192,2,6,37789356,0,1324639162,0000000201
8185,13,1,14194,2,6,37789356,0,1324639162,0000000201
8185,14,1,14196,2,6,37789356,0,1324639162,0000000201
8185,15,1,14197,2,6,37789356,0,1324639162,0000000201
8185,16,1,14199,2,6,37789356,0,1324639162,0000000201
8185,17,1,14200,2,3,46976076,0,1324754565,0000000367
8185,18,1,14201,2,7,39240599,0,1324754698,ръчна редакция
8185,19,1,14215,2,3,45247936,0,1324754757,0000000368
8185,20,1,14216,2,7,39240599,0,1324754698,ръчна редакция
8185,21,1,14227,2,3,33671433,0,1324755362,0000000369
8185,22,1,14234,2,3,33671433,0,1324755362,0000000369
8185,23,1,14239,2,6,37789356,0,1324639162,0000000201
8185,24,1,14242,2,6,37789356,0,1324639162,0000000201
8185,25,1,14243,2,3,47461536,0,1324756068,0000000370
8185,26,1,14246,2,6,37789356,0,1324639162,0000000201
8185,27,1,14248,2,6,37789356,0,1324639162,0000000201
8185,28,1,14249,2,6,37353074,0,1324734135,0000000202
8185,29,1,14256,2,6,37353074,0,1324734135,0000000202
8185,30,1,14258,2,6,39587597,0,1324640825,0000000203
8185,31,1,14260,2,6,39587597,0,1324640825,0000000203
8185,32,1,14265,2,6,39587597,0,1324640825,0000000203
8185,33,1,14266,2,6,39584947,0,1325253628,0000000204
8185,34,1,14269,2,6,39584947,0,1325253628,0000000204
8185,35,1,14273,2,6,39587597,0,1324640825,0000000203
8185,36,1,14277,2,6,39584947,0,1325253628,0000000204
8185,37,1,14292,2,6,39584947,0,1325253628,0000000204
8185,38,1,14293,2,6,48993734,0,1325258286,0000000204
8185,39,1,14295,2,6,48993734,0,1325258286,0000000204
8185,40,1,14296,2,6,36215302,0,1325258499,0000000204
8185,41,1,14298,2,6,36215302,0,1325258499,0000000204
8185,42,1,14300,2,6,36215302,0,1325258499,0000000204
8185,43,1,14302,2,6,36215302,0,1325258499,0000000204
8185,44,1,14307,2,6,36215302,0,1325258499,0000000204
8185,45,1,14309,2,6,36215302,0,1325258499,0000000204
8185,46,1,14314,2,6,36215302,0,1325258499,0000000204
8185,47,1,14316,2,6,36215302,0,1325258499,0000000204
8185,48,1,14319,2,6,36215302,0,1325258499,0000000204
8185,49,1,14322,2,6,36215302,0,1325258499,0000000204
8185,50,1,14325,2,6,36215302,0,1325258499,0000000204
8185,51,1,14332,2,6,36215302,0,1325258499,0000000204
8473,0,1,14334,2,6,36215302,0,1325258499,0000000204
8473,1,1,14337,2,6,36215302,0,1325258499,0000000204
8473,2,1,14338,2,6,33818093,0,1325260787,0000000205
8473,3,1,14343,2,6,33818093,0,1325260787,0000000205
8473,4,1,14359,2,3,47027000,0,1325339110,0000000371
8473,5,1,14365,2,3,47027000,0,1325339110,0000000371
8473,6,1,14373,2,3,47027000,0,1325339110,0000000371
8473,7,1,14374,2,3,47027000,0,1325239110,0000000371
8473,8,1,14382,2,3,37762506,0,1325249168,0000000372
8473,9,1,14389,2,3,36719890,0,1325367023,0000000373
8473,10,1,14394,2,6,47570544,0,1325435161,0000000206
8473,11,1,14395,2,7,39773179,0,1325436188,ръчна редакция
8473,12,1,14396,2,6,42049202,0,1325436203,0000000207
8473,13,1,14397,2,7,39773179,0,1325436188,ръчна редакция
8473,14,1,14398,2,7,39773179,0,1325436188,ръчна редакция
8473,15,1,14399,2,6,35729266,0,1325441438,0000000208
8473,16,1,14405,2,7,39773179,0,1325436188,ръчна редакция
8473,17,1,14406,2,6,42448342,0,1325451852,0000000209
8473,18,1,14407,2,6,41711187,0,1325452158,0000000210
8473,19,1,14408,2,6,45439730,0,1325453318,0000000211
8473,20,1,14409,2,6,45065910,0,1325353436,0000000212
8473,21,1,14416,2,3,48935165,0,1325463973,0000000374
8473,22,1,14417,2,3,48935165,0,1324663973,0000000374
8473,23,1,14423,2,3,48265428,0,1324664355,0000000375
8473,24,1,14424,2,6,34563282,0,1325465717,0000000213
8473,25,1,14468,2,6,41484674,0,1325550231,0000000214
8473,26,1,14469,2,6,38598089,0,1325550398,0000000215
8473,27,1,14470,2,6,38598089,0,1325550398,0000000215
8473,28,1,14471,2,6,45439730,0,1325453318,0000000211
8473,29,1,14472,2,6,41711187,0,1325452158,0000000210
8473,30,1,14473,2,6,41711187,0,1325452158,0000000210
8473,31,1,14474,2,6,42448342,0,1325451852,0000000209
8473,32,1,14475,2,6,35729266,0,1325441438,0000000208
8473,33,1,14476,2,6,42049202,0,1325436203,0000000207
8473,34,1,14477,2,6,45065910,0,1325353436,0000000212
8473,35,1,14478,2,6,33818093,0,1325260787,0000000205
8473,36,1,14479,2,6,39587597,0,1324640825,0000000203
8473,37,1,14480,2,7,45209550,0,1326541129,ръчна редакция
8473,38,1,14481,2,6,44970473,0,1326541318,0000000216
8473,39,1,14482,2,6,34251996,0,1326541707,0000000217
8473,40,1,14483,2,6,44970473,0,1326541318,0000000216
8473,41,1,14484,2,6,34251996,0,1326541707,0000000217
8473,42,1,14485,2,6,44991571,0,1326557153,0000000218
8473,43,1,14486,2,7,45209550,0,1326541129,ръчна редакция
8473,44,1,14487,2,6,44991571,0,1326557153,0000000218
8473,45,1,14488,2,6,38643025,0,1326832593,0000000219
8473,46,1,14489,2,6,38643025,0,1326832593,0000000219
8473,47,1,14490,2,6,37203746,0,1326833189,0000000220
8473,48,1,14495,2,7,35488316,0,1326835120,ръчна редакция
8473,49,1,14500,2,7,35488316,0,1326835120,ръчна редакция
8473,50,1,14501,2,6,48493795,0,1326835367,0000000221
9526,0,1,14502,2,6,48493795,0,1326835367,0000000221
9526,1,1,14503,2,6,37203746,0,1326833189,0000000220
9526,2,1,14505,2,6,38643025,0,1326832593,0000000219
9526,3,1,14506,2,6,38643025,0,1326832593,0000000219
9526,4,1,14507,2,7,35488316,0,1326835120,ръчна редакция
9526,5,1,14508,2,6,35158602,0,1326838309,0000000222
9526,6,1,14509,2,7,35488316,0,1326835120,ръчна редакция
9526,7,1,14510,2,6,36963223,0,1326838558,0000000223
9526,8,1,14511,2,7,35488316,0,1326835120,ръчна редакция
9526,9,1,14512,2,6,47647296,0,1326838990,0000000224
9526,10,1,14513,2,7,35488316,0,1326835120,ръчна редакция
9526,11,1,14514,2,6,34116030,0,1326840101,0000000225
9526,12,1,14515,2,6,35158602,0,1326838309,0000000222
9526,13,1,14516,2,6,36963223,0,1326838558,0000000223
9526,14,1,14517,2,6,47647296,0,1326838990,0000000224
9526,15,1,14518,2,6,34116030,0,1326840101,0000000225
9526,16,1,14519,2,6,48116181,0,1326840243,0000000226
9526,17,1,14520,2,6,48116181,0,1326840243,0000000226
9526,18,1,14525,2,7,39409165,0,1327259096,ръчна редакция
9526,19,1,14526,2,7,39409165,0,1327259096,ръчна редакция
9526,20,1,14531,2,7,39409165,0,1327259096,ръчна редакция
9526,21,1,14540,2,7,39409165,0,1327259096,ръчна редакция
9526,22,1,14541,2,7,39409165,0,1327259096,ръчна редакция
9526,23,1,14546,2,7,39409165,0,1327259096,ръчна редакция
9526,24,1,14553,2,6,35158602,0,1326838309,0000000222
9526,25,1,14554,2,6,35158602,0,1326838309,0000000222
9526,26,1,14561,2,3,37788538,0,1327542252,0000000376
9526,27,1,14562,2,3,37788538,0,1327542252,0000000376
9526,28,1,14563,2,6,36094980,0,1327549607,0000000227
9526,29,1,14565,2,6,36094980,0,1327549607,0000000227
9526,30,1,14574,2,3,49194602,0,1327551168,0000000377
9526,31,1,14575,2,7,43690998,0,1327551515,ръчна редакция
9526,32,1,14576,2,7,43690998,0,1327551515,ръчна редакция
9526,33,1,14577,2,6,38004089,0,1327551533,0000000227
9526,34,1,14584,2,3,45607840,0,1327557859,0000000378
9526,35,1,14589,2,3,40429175,0,1327559588,0000000379
9526,36,1,14594,2,3,45406938,0,1327560833,0000000380
9526,37,1,14595,2,6,46333344,0,1327562022,0000000228
9526,38,1,14596,2,6,33715895,0,1328135688,0000000229
9526,39,1,14597,2,6,33715895,0,1328135688,0000000229
9526,40,1,14598,2,6,48895620,0,1328135930,0000000230
9526,41,1,14599,2,6,48895620,0,1328135930,0000000230
9526,42,1,14600,2,6,45599692,0,1328136625,0000000231
9526,43,1,14601,2,6,45599692,0,1328136625,0000000231
9526,44,1,14602,2,3,45406938,0,1327560833,0000000380
9526,45,1,14603,2,3,40429175,0,1327559588,0000000379
9526,46,1,14604,2,3,45607840,0,1327557859,0000000378
9526,47,1,14605,2,6,39337287,0,1328138538,0000000232
9526,48,1,14606,2,6,39337287,0,1328138538,0000000232
9526,49,1,14611,2,7,38402785,0,1328142152,ръчна редакция
9526,50,1,14612,2,7,38402785,0,1328142152,ръчна редакция
8629,0,1,14613,2,6,42380375,0,1328142282,0000000233
8629,1,1,14614,2,3,47034219,0,1328635325,0000000381
8629,2,1,14616,2,6,43702109,0,1321956212,0000000142
8629,3,1,14621,2,3,49447782,0,1328853439,0000000382
8629,4,1,14622,2,3,49447782,0,1328853439,0000000382
8629,5,1,14623,2,3,47034219,0,1328635325,0000000381
8629,6,1,14624,2,6,44859087,0,1329634329,0000000234
8629,7,1,14625,2,6,44859087,0,1329634329,0000000234
8629,8,1,14626,2,6,35941147,0,1329637768,0000000235
8629,9,1,14627,2,6,35941147,0,1329637768,0000000235
8629,10,1,14628,2,6,39540843,0,1329638378,0000000236
8629,11,1,14642,2,3,49127269,0,1330234360,0000000383
8629,12,1,14651,2,3,49127269,0,1330234360,0000000383
8629,13,1,14696,2,3,42487304,0,1330252357,0000000384
8629,14,1,14698,2,3,41528035,0,1330253076,0000000385
8629,15,1,14704,2,3,38646161,0,1330254333,0000000386
8629,16,1,14708,2,3,38000189,0,1330254790,0000000387
8629,17,1,14710,2,3,38000189,0,1330254790,0000000387
8629,18,1,14711,2,3,46186138,0,1330055196,0000000387
8629,19,1,14723,2,3,36475093,0,1327256229,0000000388
8629,20,1,14731,2,3,35970801,0,1326557796,0000000389
8629,21,1,14737,2,3,45337455,0,1328959593,0000000390
8629,22,1,14750,2,3,40948639,0,1321263790,0000000391
8629,23,1,14766,2,3,38736349,0,1330334527,0000000392
8629,24,1,14774,2,3,49297627,0,1330335517,0000000393
8629,25,1,14800,2,3,44330202,0,1330337547,0000000394
8629,26,1,14816,2,3,48167746,0,1330338689,0000000395
8629,27,1,14822,2,3,38253885,0,1330339578,0000000396
8629,28,1,14826,2,3,34390814,0,1330345204,0000000397
8629,29,1,14869,2,3,41384168,0,1330346718,0000000398
8629,30,1,14871,2,3,38253885,0,1330339578,0000000396
8629,31,1,14872,2,3,34390814,0,1330345204,0000000397
8629,32,1,14896,2,3,36772276,0,1330351027,0000000399
8629,33,1,14903,2,3,50096253,0,1330352796,0000000400
8629,34,1,14908,2,3,36362632,0,1330353374,0000000401
8629,35,1,14913,2,3,37869281,0,1330353840,0000000402
8629,36,1,14927,2,3,44996534,0,1330354353,0000000403
8629,37,1,14928,2,3,44996534,0,1330354353,0000000403
8629,38,1,14961,2,3,50256845,0,1330356813,0000000404
8629,39,1,14996,2,3,38955260,0,1330360009,0000000405
8629,40,1,15001,2,3,36564598,0,1330360782,0000000406
8629,41,1,15003,2,3,39620481,0,1330365133,0000000407
8629,42,1,15004,2,3,42437727,0,1330365632,0000000408
8629,43,1,15005,2,3,34787197,0,1330366299,0000000409
8629,44,1,15027,2,3,36257364,0,1330731976,0000000410
8629,45,1,15034,2,3,36257364,0,1330731976,0000000410
8629,46,1,15047,2,3,41179309,0,1330732528,0000000411
8629,47,1,15052,2,3,43356163,0,1330733082,0000000412
8629,48,1,15061,2,3,44262471,0,1330733365,0000000413
8629,49,1,15063,2,3,34787197,0,1330366299,0000000409
8629,50,1,15064,2,3,36898533,0,1330734868,0000000414
8629,51,1,15074,2,3,48756194,0,1330736695,0000000415
9657,0,1,15119,2,3,36394533,0,1330738395,0000000416
9657,1,1,15150,2,3,48602370,0,1330742454,0000000417
9657,2,1,15176,2,3,38780541,0,1331541312,0000000418
9657,3,1,15177,2,6,35291170,0,1331543875,0000000237
9657,4,1,15197,2,6,46108195,0,1331556954,0000000238
9657,5,1,15199,2,6,49346264,0,1331557282,0000000239
9657,6,1,15207,2,6,46108195,0,1331556954,0000000238
9657,7,1,15216,2,6,45551408,0,1331557943,0000000240
9657,8,1,15221,2,6,36154281,0,1331558270,0000000241
9657,9,1,15248,2,6,45820063,0,1331559017,0000000242
9657,10,1,15258,2,6,39085616,0,1331559441,0000000243
9657,11,1,15259,2,6,45175147,0,1331559656,0000000244
9657,12,1,15260,2,6,47986904,0,1331559852,0000000245
9657,13,1,15261,2,6,45672915,0,1331560168,0000000246
9657,14,1,15262,2,6,42615832,0,1331560248,0000000247
9657,15,1,15263,2,6,42659284,0,1331631934,0000000248
9657,16,1,15264,2,6,42115994,0,1331632235,0000000249
9657,17,1,15265,2,6,39481065,0,1331632383,0000000250
9657,18,1,15266,2,6,39588187,0,1331632645,0000000251
9657,19,1,15267,2,6,39481065,0,1331632383,0000000250
9657,20,1,15275,2,3,42254328,0,1331633037,0000000419
9657,21,1,15286,2,6,36253097,0,1331634376,0000000252
9657,22,1,15287,2,6,38954852,0,1331635815,0000000253
9657,23,1,15297,2,6,36614529,0,1331635978,0000000254
9657,24,1,15298,2,6,44380788,0,1331636330,0000000255
9657,25,1,15302,2,6,50222982,0,1331636569,0000000256
9657,26,1,15303,2,6,37100090,0,1331637063,0000000257
9657,27,1,15314,2,6,50319211,0,1331637313,0000000258
9657,28,1,15315,2,6,46312309,0,1331658814,0000000259
9657,29,1,15324,2,6,33963790,0,1331659062,0000000260
9657,30,1,15325,2,6,42391573,0,1331664138,0000000261
9657,31,1,15326,2,6,41346617,0,1331664437,0000000262
9657,32,1,15327,2,6,40640084,0,1331664579,0000000263
9657,33,1,15328,2,6,35104211,0,1331664656,0000000264
9657,34,1,15329,2,6,48925367,0,1331664791,0000000265
9657,35,1,15330,2,6,43564682,0,1331665142,0000000266
9657,36,1,15331,2,6,38225523,0,1331665622,0000000267
9657,37,1,15332,2,6,34950369,0,1331666490,0000000268
9657,38,1,15333,2,6,49626596,0,1331666886,0000000269
9657,39,1,15344,2,3,37325624,0,1331732500,0000000420
9657,40,1,15352,2,3,37325624,0,1331732500,0000000420
9657,41,1,15354,2,6,46735976,0,1331633097,0000000270
9657,42,1,15357,2,6,46735976,0,1331633097,0000000270
9657,43,1,15362,2,3,34232177,0,1331733786,0000000421
9657,44,1,15365,2,3,42606361,0,1331734206,0000000422
9657,45,1,15386,2,3,42606361,0,1331734206,0000000422
9657,46,1,15391,2,3,40542066,0,1331735883,0000000423
9657,47,1,15392,2,3,38167661,0,1331736050,0000000424
9657,48,1,15404,2,3,38167661,0,1331736050,0000000424
9657,49,1,15415,2,3,38167661,0,1331736050,0000000424
9657,50,1,15420,2,3,44849564,0,1331737591,0000000425
9657,51,1,15429,2,3,47174364,0,1331738529,0000000426
10543,0,1,15470,2,3,42122879,0,1331741058,0000000427
10543,1,1,15471,2,3,40596399,0,1331741380,0000000428
10543,2,1,15472,2,3,43964698,0,1331741678,0000000429
10543,3,1,15474,2,3,43964698,0,1331741678,0000000429
10543,4,1,15475,2,6,38154122,0,1331736176,0000000271
10543,5,1,16041,2,3,34681326,0,1332333789,0000000429
10543,6,1,16069,2,3,45513858,0,1332343395,0000000430
10543,7,1,16076,2,3,34646318,0,1332343530,0000000431
10543,8,1,16077,2,3,42122879,0,1331741058,0000000427
10543,9,1,16326,2,3,44066368,0,1333235654,0000000432
10543,10,1,16330,2,3,44346983,0,1333252434,0000000433
10543,11,1,16331,2,3,46802620,0,1333252743,0000000434
10543,12,1,16355,2,3,35412475,0,1333255103,0000000435
10543,13,1,16359,2,3,42627835,0,1333255778,0000000436
10543,14,1,16364,2,3,40670004,0,1333257293,0000000437
10543,15,1,16556,2,7,34867648,0,1333633146,ръчна редакция
10543,16,1,16557,2,3,45256256,0,1333633155,0000000438
10543,17,1,16558,2,6,43599153,0,1333633914,0000000272
10543,18,1,16559,2,6,48130473,0,1333634179,0000000273
10543,19,1,16765,2,3,35346353,0,1333932244,0000000439
10543,20,1,16772,2,3,36038809,0,1333932880,0000000440
10543,21,1,16773,2,3,48828158,0,1333933330,0000000441
10543,22,1,16786,2,3,34389088,0,1333933568,0000000442
10543,23,1,16787,2,3,44851515,0,1333939103,0000000443
10543,24,1,16788,2,6,42262665,0,1333940583,0000000274
10543,25,1,16789,2,6,46819271,0,1333941082,0000000275
10543,26,1,16790,2,6,46026881,0,1333941645,0000000276
10543,27,1,16791,2,6,38713333,0,1333941755,0000000277
10543,28,1,16799,2,6,40810149,0,1333941836,0000000278
10543,29,1,16801,2,6,46819271,0,1333941082,0000000275
10543,30,1,16812,2,3,43353868,0,1334332418,0000000444
10543,31,1,16875,2,3,43754610,0,1334341651,0000000445
10543,32,1,16903,2,3,47483790,0,1334342715,0000000446
10543,33,1,16908,2,3,40925152,0,1334343218,0000000447
10543,34,1,16913,2,3,36031712,0,1334343706,0000000448
10543,35,1,16925,2,3,38829268,0,1334344125,0000000449
10543,36,1,16926,2,6,36277386,0,1334344431,0000000279
10543,37,1,16937,2,3,47115931,0,1335154024,0000000450
10543,38,1,16954,2,3,49946729,0,1335154430,0000000451
10543,39,1,16961,2,3,49740336,0,1335155028,0000000452
10543,40,1,17048,2,3,49442964,0,1335157843,0000000453
10543,41,1,17058,2,3,36784362,0,1335159899,0000000454
10543,42,1,17070,2,3,37342093,0,1335160113,0000000455
10543,43,1,17082,2,3,37975925,0,1335160587,0000000456
10543,44,1,17089,2,3,47198608,0,1335160960,0000000457
10543,45,1,17094,2,3,38580121,0,1335161429,0000000458
10543,46,1,17095,2,3,47198608,0,1335160960,0000000457
10543,47,1,17103,2,3,36564598,0,1330360782,0000000406
10543,48,1,17107,2,3,44283986,0,1335332482,0000000459
10543,49,1,17108,2,3,35583134,0,1335332919,0000000460
10543,50,1,17111,2,3,35583134,0,1335332919,0000000460
10543,51,1,17112,2,6,35514040,0,1335333598,0000000280
10943,0,1,17124,2,3,46548725,0,1335632515,0000000460
10943,1,1,17141,2,6,36750454,0,1335653633,0000000281
10943,2,1,17142,2,6,40845906,0,1335654820,0000000282
10943,3,1,17143,2,6,40845906,0,1335654820,0000000282
10943,4,1,17144,2,6,39567571,0,1335656971,0000000283
10943,5,1,17145,2,7,1335659609,0,1335659609,
10943,6,1,17146,2,6,36153563,0,1335732224,0000000284
10943,7,1,17148,2,6,39581447,0,1335732996,0000000285
10943,8,1,17149,2,6,34393629,0,1335735390,0000000286
10943,9,1,17150,2,6,47840731,0,1335735491,0000000287
10943,10,1,17151,2,6,42717584,0,1335735562,0000000288
10943,11,1,17152,2,3,40660457,0,1335834284,0000000461
10943,12,1,17153,2,6,46640737,0,1335961961,0000000289
10943,13,1,17154,2,6,40971396,0,1335962611,0000000290
10943,14,1,17155,2,6,44542014,0,1336332886,0000000291
10943,15,1,17162,2,3,45805861,0,1336333954,0000000462
10943,16,1,17166,2,3,41104440,0,1336435424,0000000463
10943,17,1,17167,2,6,36434261,0,1336437278,0000000292
10943,18,1,17168,2,6,46917561,0,1336439021,0000000293
