__SOURCE_PAGE,__SOURCE_LINE,__RECORD_FORMAT,DT_CHANGED,SKLAD,GRUPA,STOKA,SER_NO,ID,SER_NOTE,PROPS,WARRANTY,KOLICH,KOLICH2,MIN_KOLICH,MAX_KOLICH,TMP_KOLICH,TMP_KOLICH2,VALUTA_KUP,VALUTA_PROD_ED,VALUTA_PROD_DR,CENA_KUP,CENA_PROD_ED1,CENA_PROD_DR1,PROCES_ID,IN_USE,KOLICH_LOCKED,KOLICH_LOCKED2,DATA_CHANGED,KOLICH_CHANGED
1750,1,1,1320962477,Склад,Машини,Винтоверт Makita DHP482,491544R,6694873696768622593,,|1—Винтоверт|3—Makita|4—DHP482|5—производствен цех|,«0000N0000000000,1.0,0.0,0.0,0.0,0.0,0.0,M,L,L,0.0,0.0,0.0,0,,0.0,0.0,2026-03-02 14:59:40.394,2026-02-16 12:40:58.687
1750,3,1,1320962477,Склад,Машини,Винтоверт Makita DDf458,0395523Y,6694873696768622594,,|1—Винтоверт|3—Makita|4—DDf458|5—производствен цех|,«0000N0000000000,1.0,0.0,0.0,0.0,0.0,0.0,M,L,L,0.0,0.0,0.0,0,,0.0,0.0,2026-03-02 14:59:40.394,2026-02-16 12:40:58.705
1750,5,1,1320962477,Склад,Машини,Винтоверт Makita DDF482,725801R,6694873696768622595,,|1—Винтоверт|3—Makita|4—DDF482|5—производствен цех|,«0000N0000000000,1.0,0.0,0.0,0.0,0.0,0.0,M,L,L,0.0,0.0,0.0,0,,0.0,0.0,2026-03-02 14:59:40.410,2026-02-16 12:40:58.723
1750,7,1,1320962477,Склад,Машини,Гайковерт Makita DTW285,0503327Y,6694873696768622596,,|1—Гайковерт|3—Makita|4—DTW285|5—производствен цех|,«0000N0000000000,1.0,0.0,0.0,0.0,0.0,0.0,M,L,L,0.0,0.0,0.0,0,,0.0,0.0,2026-03-02 14:59:40.410,2026-02-16 12:40:58.638
1750,9,1,1320962477,Склад,Машини,Перфоратор Makita DHR241,0503327Y,6694873696768622597,,|1—Перфоратор|3—Makita|4—DHR241|5—хале|,«0000N0000000000,1.0,0.0,0.0,0.0,0.0,0.0,M,L,L,0.0,0.0,0.0,0,,0.0,0.0,2026-03-02 14:59:40.410,2026-02-16 12:40:58.251
1750,11,1,1320962477,Склад,Машини,Флекс Bosch GWS750,124088157,6694873696768622598,,|1—Флекс|3—Bosch|4—GWS750|5—производствен цех|,«0000N0000000000,1.0,0.0,0.0,0.0,0.0,0.0,M,L,L,0.0,0.0,0.0,0,,0.0,0.0,2026-03-02 14:59:40.410,2026-02-16 12:40:58.142
1750,13,1,1320962477,Склад,Машини,Оберфреза Makita RP0900,587575,6694873696768622599,,|1—Оберфреза|3—Makita|4—RP0900|5—производствен цех|,«0000N0000000000,1.0,0.0,0.0,0.0,0.0,0.0,M,L,L,0.0,0.0,0.0,0,,0.0,0.0,2026-03-02 14:59:40.426,2026-02-16 12:40:58.287
1750,15,1,1320962477,Склад,Машини,Флекс Bosch GWS2200,327029927,6694873696768622600,,|1—Флекс|3—Bosch|4—GWS2200|5—производствен цех|,«0000N0000000000,1.0,0.0,0.0,0.0,0.0,0.0,M,L,L,0.0,0.0,0.0,0,,0.0,0.0,2026-03-02 14:59:40.426,2026-02-16 12:40:58.159
1750,17,1,1320962477,Склад,Машини,Флекс Bosch GWS9-125S,911061887,6694873696768622601,,|1—Флекс|3—Bosch|4—GWS9-125S|5—производствен цех|,«0000N0000000000,1.0,0.0,0.0,0.0,0.0,0.0,M,L,L,0.0,0.0,0.0,0,,0.0,0.0,2026-03-02 14:59:40.426,2026-02-16 12:40:58.123
1750,19,1,1320962477,Склад,Машини,Флекс Bosch GWS17-125S,323001071,6694873696768622602,,|1—Флекс|3—Bosch|4—GWS17-125S|5—производствен цех|,«0000N0000000000,1.0,0.0,0.0,0.0,0.0,0.0,M,L,L,0.0,0.0,0.0,0,,0.0,0.0,2026-03-02 14:59:40.441,2026-02-16 12:40:58.177
1750,21,1,1320962477,Склад,Машини,Флекс Bosch GWS9-125S 0,123061469,6694873696768622603,,|1—Флекс|3—Bosch|4—GWS9-125S|5—производствен цех|,«0000N0000000000,1.0,0.0,0.0,0.0,0.0,0.0,M,L,L,0.0,0.0,0.0,0,,0.0,0.0,2026-03-02 14:59:40.441,2026-02-16 12:40:58.104
1750,23,1,1320962477,Склад,Машини,Циркуляр Metabo KGS305M,19305000,6694873696768622604,,|1—Циркуляр|3—Metabo|4—KGS305M|5—производствен цех|,«0000N0000000000,1.0,0.0,0.0,0.0,0.0,0.0,M,L,L,0.0,0.0,0.0,0,,0.0,0.0,2026-03-02 14:59:40.441,2026-02-16 12:40:58.056
1750,25,1,1320962477,Склад,Машини,Ексцентършлайф Bosch GEX 125-1 AE,327001725,6694873696768622605,,|1—Ексцентършлайф|3—Bosch|4—GEX 125-1 AE|5—производствен цех|,«0000N0000000000,1.0,0.0,0.0,0.0,0.0,0.0,M,L,L,0.0,0.0,0.0,0,,0.0,0.0,2026-03-02 14:59:40.457,2026-02-16 12:40:58.602
1750,27,1,1320962477,Склад,Машини,Машина за полиране Bosch GPO14CE,328055617,6694873696768622606,,|1—Машина за полиране|3—Bosch|4—GPO14CE|5—производствен цех|,«0000N0000000000,1.0,0.0,0.0,0.0,0.0,0.0,M,L,L,0.0,0.0,0.0,0,,0.0,0.0,2026-03-02 14:59:40.457,2026-02-16 12:40:58.386
1750,29,1,1320962477,Склад,Машини,Машина за заостряне на волфрамови електроди Delt,SN2021010,6694873696768622607,,|1—Машина за заостряне на волфрамови електроди|3—Deltech|4—RDD-M02|5—производствен цех|,«0000N0000000000,1.0,0.0,0.0,0.0,0.0,0.0,M,L,L,0.0,0.0,0.0,0,,0.0,0.0,2026-03-02 14:59:40.457,2026-02-16 12:40:58.403
1756,0,1,1320962477,Склад,Машини,Пневматичен винтоверт Raider RD-AD02,80103,6694873696768622608,,|1—Пневматичен винтоверт|3—Raider|4—RD-AD02|5—производствен цех|,«0000N0000000000,1.0,0.0,0.0,0.0,0.0,0.0,M,L,L,0.0,0.0,0.0,0,,0.0,0.0,2026-03-02 14:59:40.472,2026-02-16 12:40:58.196
1756,2,1,1320962477,Склад,Машини,Пистолет за топъл въздух Daewoo DAHG 2000,DHG0650PRBUL2106,6694873696768622609,,|1—Пистолет за топъл въздух|3—Daewoo|4—DAHG 2000|5—производствен цех|,«0000N0000000000,1.0,0.0,0.0,0.0,0.0,0.0,M,L,L,0.0,0.0,0.0,0,,0.0,0.0,2026-03-02 14:59:40.472,2026-02-16 12:40:58.233
1756,4,1,1320962477,Склад,Машини,Лазерен нивелир Bosch Quingo Plus,324032899,6694873696768622610,,|1—Лазерен нивелир|3—Bosch|4—Quingo Plus|5—производствен цех|,«0000N0000000000,1.0,0.0,0.0,0.0,0.0,0.0,M,L,L,0.0,0.0,0.0,0,,0.0,0.0,2026-03-02 14:59:40.472,2026-02-16 12:40:58.475
1756,6,1,1320962477,Склад,Машини,Перфоратор Bosch GBH 2-24D,3611BA0000,6694873696768622611,,|1—Перфоратор|3—Bosch|4—GBH 2-24D|5—производствен цех|,«0000N0000000000,1.0,0.0,0.0,0.0,0.0,0.0,M,L,L,0.0,0.0,0.0,0,,0.0,0.0,2026-03-02 14:59:40.488,2026-02-16 12:40:58.269
1756,8,1,1320962477,Склад,Машини,Бормашина Metabo BEV 1300-2,574000,6694873696768622612,,|1—Бормашина|3—Metabo|4—BEV 1300-2|5—производствен цех|,«0000N0000000000,1.0,0.0,0.0,0.0,0.0,0.0,M,L,L,0.0,0.0,0.0,0,,0.0,0.0,2026-03-02 14:59:40.488,2026-02-16 12:40:58.782
1756,10,1,1320962477,Склад,Машини,Лепачка за тръби Total TT328151,24137910792,6694873696768622613,,|1—Лепачка за тръби|3—Total|4—TT328151|5—производствен цех|,«0000N0000000000,1.0,0.0,0.0,0.0,0.0,0.0,M,L,L,0.0,0.0,0.0,0,,0.0,0.0,2026-03-02 14:59:40.488,2026-02-16 12:40:58.439
1756,12,1,1320962477,Склад,Машини,Импакт Makita DTD152,395879N,6694873696768622614,,|1—Импакт|3—Makita|4—DTD152|5—хале|,«0000N0000000000,1.0,0.0,0.0,0.0,0.0,0.0,M,L,L,0.0,0.0,0.0,0,,0.0,0.0,2026-03-02 14:59:40.488,2026-02-16 12:40:58.492
1756,14,1,1320962477,Склад,Машини,Бормашина Parkside PSBM1100B1,87202,6694873696768622615,,|1—Бормашина|3—Parkside|4—PSBM1100B1|5—хале|,«0000N0000000000,1.0,0.0,0.0,0.0,0.0,0.0,M,L,L,0.0,0.0,0.0,0,,0.0,0.0,2026-03-02 14:59:40.504,2026-02-16 12:40:58.764
1756,16,1,1320962477,Склад,Машини,Фреза Makita N5900B,1354710,6694873696768622616,,|1—Фреза|3—Makita|4—N5900B|5—хале|,«0000N0000000000,1.0,0.0,0.0,0.0,0.0,0.0,M,L,L,0.0,0.0,0.0,0,,0.0,0.0,2026-03-02 14:59:40.504,2026-02-16 12:40:58.073
1756,18,1,1320962477,Склад,Машини,Ампер клещи Uni-t UT230R,C220357502,6694873696768622617,,|1—Ампер клещи|3—Uni-t|4—UT230R|5—хале|,«0000N0000000000,1.0,0.0,0.0,0.0,0.0,0.0,M,L,L,0.0,0.0,0.0,0,,0.0,0.0,2026-03-02 14:59:40.504,2026-02-16 12:40:58.837
1756,20,1,1320962477,Склад,Машини,Ампер клещи Uni-t UT230R 1,C220357511,6694873696768622618,,|1—Ампер клещи|3—Uni-t|4—UT230R|5—хале|,«0000N0000000000,1.0,0.0,0.0,0.0,0.0,0.0,M,L,L,0.0,0.0,0.0,0,,0.0,0.0,2026-03-02 14:59:40.519,2026-02-16 12:40:58.819
1756,22,1,1320962477,Склад,Машини,Ампер клещи Uni-t UT230R 2,C220357514,6694873696768622619,,|1—Ампер клещи|3—Uni-t|4—UT230R|5—хале|,«0000N0000000000,1.0,0.0,0.0,0.0,0.0,0.0,M,L,L,0.0,0.0,0.0,0,,0.0,0.0,2026-03-02 14:59:40.519,2026-02-16 12:40:58.800
1756,24,1,1320962477,Склад,Машини,Ампер клещи Total TMT46003,H12B-G010591,6694873696768622620,,|1—Ампер клещи|3—Total|4—TMT46003|5—хале|,«0000N0000000000,1.0,0.0,0.0,0.0,0.0,0.0,M,L,L,0.0,0.0,0.0,0,,0.0,0.0,2026-03-02 14:59:40.519,2026-02-16 12:40:58.855
1756,26,1,1320962477,Склад,Машини,Лазерен термометър Infrared DT8016H,210636056,6694873696768622621,,|1—Лазерен термометър|3—Infrared|4—DT8016H|5—хале|,«0000N0000000000,1.0,0.0,0.0,0.0,0.0,0.0,M,L,L,0.0,0.0,0.0,0,,0.0,0.0,2026-03-02 14:59:40.535,2026-02-16 12:40:58.457
1756,28,1,1320962477,Склад,Машини,Манометър Bauihr 5110,MAN-277,6694873696768622622,,|1—Манометър|3—Bauihr|4—5110|5—хале|,«0000N0000000000,1.0,0.0,0.0,0.0,0.0,0.0,M,L,L,0.0,0.0,0.0,0,,0.0,0.0,2026-03-02 14:59:40.535,2026-02-16 12:40:58.421
1756,30,1,1320962477,Склад,Машини,Пистолет за топъл въздух Stainel,SN506000660,6694873696768622623,,|1—Пистолет за топъл въздух|3—Stainel|5—хале|,«0000N0000000000,1.0,0.0,0.0,0.0,0.0,0.0,M,L,L,0.0,0.0,0.0,0,,0.0,0.0,2026-03-02 14:59:40.535,2026-02-16 12:40:58.215
1758,0,1,1320962477,Склад,Машини,Виноверт Bavaria BCD14,01BG-14-2026,6694873696768622624,,|1—Виноверт|3—Bavaria|4—BCD14|5—хале|,«0000N0000000000,1.0,0.0,0.0,0.0,0.0,0.0,M,L,L,0.0,0.0,0.0,0,,0.0,0.0,2026-03-02 14:59:40.551,2026-02-16 12:40:58.743
1758,2,1,1320962477,Склад,Машини,Зеге Raider RDP-JS21,50201,6694873696768622625,,|1—Зеге|3—Raider|4—RDP-JS21|5—хале|,«0000N0000000000,1.0,0.0,0.0,0.0,0.0,0.0,M,L,L,0.0,0.0,0.0,0,,0.0,0.0,2026-03-02 14:59:40.551,2026-02-16 12:40:58.522
1758,4,1,1320962477,Склад,Машини,Дигитален термометър PeakTeck 5110,200204430,6694873696768622626,,|1—Дигитален термометър|3—PeakTeck|4—5110|5—хале|,«0000N0000000000,1.0,0.0,0.0,0.0,0.0,0.0,M,L,L,0.0,0.0,0.0,0,,0.0,0.0,2026-03-02 14:59:40.551,2026-02-16 12:40:58.620
1758,6,1,1320962477,Склад,Машини,Мултицет Schneider IMT23202,8A-2021-11-23,6694873696768622627,,|1—Мултицет|3—Schneider|4—IMT23202|5—хале|,«0000N0000000000,1.0,0.0,0.0,0.0,0.0,0.0,M,L,L,0.0,0.0,0.0,0,,0.0,0.0,2026-03-02 14:59:40.566,2026-02-16 12:40:58.337
1758,8,1,1320962477,Склад,Машини,Мултишлайф Dremel 4000,F013400046,6694873696768622628,,|1—Мултишлайф|3—Dremel|4—4000|5—хале|,«0000N0000000000,1.0,0.0,0.0,0.0,0.0,0.0,M,L,L,0.0,0.0,0.0,0,,0.0,0.0,2026-03-02 14:59:40.566,2026-02-16 12:40:58.306
1758,10,1,1320962477,Склад,Машини,Електрическа отвертка Makita DF011D,6854,6694873696768622629,,|1—Електрическа отвертка|3—Makita|4—DF011D|5—хале|,«0000N0000000000,1.0,0.0,0.0,0.0,0.0,0.0,M,L,L,0.0,0.0,0.0,0,,0.0,0.0,2026-03-02 14:59:40.566,2026-02-16 12:40:58.565
1758,12,1,1320962477,Склад,Машини,Електрическа отвертка Makita,0569316Y,6694873696768622630,,|1—Електрическа отвертка|3—Makita|5—хале|,«0000N0000000000,1.0,0.0,0.0,0.0,0.0,0.0,M,L,L,0.0,0.0,0.0,0,,0.0,0.0,2026-03-02 14:59:40.566,2026-02-16 12:40:58.584
1758,14,1,1320962477,Склад,Машини,Газ анализатор Testo 300 633300250,62649073,6694873696768622631,,|1—Газ анализатор|3—Testo 300|4—633300250|5—хале/склад|,«0000N0000000000,1.0,0.0,0.0,0.0,0.0,0.0,M,L,L,0.0,0.0,0.0,0,,0.0,0.0,2026-03-02 14:59:40.582,2026-02-16 12:40:58.669
1758,16,1,1320962477,Склад,Машини,Мултицет CAT JTW838,201007751,6694873696768622632,,|1—Мултицет|3—CAT|4—JTW838|5—хале|,«0000N0000000000,1.0,0.0,0.0,0.0,0.0,0.0,M,L,L,0.0,0.0,0.0,0,,0.0,0.0,2026-03-02 14:59:40.582,2026-02-16 12:40:58.367
1758,17,1,1320962477,Склад,1) Грийн Иновейшън АД,AEM-Z-500kW,4566546,6694873696768622633,,,«0000N0000000000,0.0,0.0,,,0.0,0.0,M,L,L,0.0,0.0,0.0,0,,0.0,0.0,2025-08-07 11:36:13.522,2025-08-07 11:36:13.522
1758,18,1,1320962477,"Склад производство, 500kW",Нипели на резба,Нипел шест. 304L резба 150LBS 1/2“,3681312,1785439929539493972,,,«0000N0000000000,13.0,0.0,,,0.0,0.0,M,L,L,1.104390463383832,0.0,0.0,0,,0.0,0.0,2026-03-02 14:59:40.597,2025-08-18 08:09:19.957
1758,19,1,1320962477,"Склад производство, 500kW",Муфи на резба,Муфа 304L резбa 150LBS  1/2``,16818,1785439929539493973,,,«0000N0000000000,29.0,0.0,,,0.0,0.0,M,L,L,0.7822765782302143,0.0,0.0,0,,0.0,0.0,2026-03-04 08:11:02.079,2026-03-04 08:11:02.079
1758,21,1,1316451278,Склад,Муфи на резба,Муфа 316L резба 150LBS 1/2“,07082025,6694873696768622635,,|1—муфа вътр. резба|2—1/2`|,«0000N0000000000,0.0,0.0,0.0,0.0,0.0,0.0,M,L,L,1.840644,0.0,0.0,0,,0.0,0.0,2026-01-16 12:21:34.768,2026-01-16 12:21:34.768
1758,23,1,1320962477,Склад,Тройници на резба,Тройник 316L резба вътрешна 1/2“,07082025,6694873696768622636,,|1—тройник вътр. резба|2—1/2`|,«0000N0000000000,0.0,0.0,0.0,0.0,0.0,0.0,M,L,L,2.325355475680402,0.0,0.0,0,,0.0,0.0,2026-03-02 14:59:40.613,2025-12-18 14:25:34.384
1758,25,1,1320962477,Склад,Колена на резба,Коляно 90° 316L резба М/Ж 1/2“,07082025,6694873696768622637,,|1—коляно 90гр. вътр./вън. резба|2—1/2`|,«0000N0000000000,0.0,0.0,0.0,0.0,0.0,0.0,M,L,L,2.0001738392396065,0.0,0.0,0,,0.0,0.0,2026-03-02 14:59:40.613,2026-01-28 13:40:12.583
1758,31,1,1320962477,"Склад производство, 500kW",Колена на резба,Коляно 90° 316L резба М/Ж 1/2“,07082025,6694873696768622638,,|1—коляно 90гр. вътр./вън. резба|2—1/2`|,«0000N0000000000,17.0,0.0,,,0.0,0.0,M,L,L,2.0001738392396065,0.0,0.0,0,,0.0,0.0,2026-03-04 08:11:01.376,2026-03-04 08:11:01.376
5263,0,1,1320962477,"Склад производство, 500kW",Тройници на резба,Тройник 316L резба вътрешна 1/2“,07082025,6694873696768622640,,|1—тройник вътр. резба|2—1/2`|,«0000N0000000000,23.0,0.0,0.0,0.0,0.0,0.0,M,L,L,2.325355475680402,0.0,0.0,0,,0.0,0.0,2026-03-04 08:11:02.173,2026-03-04 08:11:02.173
5263,1,1,1318956547,Склад,2.5.4. Вентили,Вентил предпазен 2“G x 2“G,25/2119,6694873696768622641,,|1—Предпазен вентил|3—Genebre|5—склад|,«0000N0000000000,0.0,0.0,0.0,0.0,0.0,0.0,M,L,L,247.1482695326281,0.0,0.0,0,,0.0,0.0,2026-02-10 13:34:16.421,2025-12-18 09:48:18.558
5263,3,1,1320962478,Склад,Газ анализ - Сензори,Анализатор на общозапалими вещества Sirius 8866,E240801-5,6694873696768622642,,|1—Анализатор на общозапалими вещества|2—E240801-5|,«0000N0000000000,0.0,0.0,,,0.0,0.0,M,L,L,1527.6787859885574,0.0,0.0,0,,0.0,0.0,2026-01-07 14:16:42.378,2026-01-07 14:16:42.378
5263,4,1,1318956547,Склад,2.5.4. Вентили,Магнетвентил 1“,pbc853533,1785439929539494337,,,«0000N0000000000,0.0,0.0,,,0.0,0.0,M,L,L,191.6577616664025,0.0,0.0,0,,0.0,0.0,2025-10-02 12:59:30.006,2025-10-02 12:59:30.006
5263,5,1,1316433400,Склад,2.5.4. Вентили,Магнетвентил 1“,pbc853531,1785439929539494336,,,«0000N0000000000,0.0,0.0,,,0.0,0.0,M,L,L,191.66,0.0,0.0,0,,0.0,0.0,2026-01-16 07:54:59.301,2026-01-16 07:54:59.301
5263,7,1,,Склад,Газ анализ - Сензори,Анализатор на общозапалими вещества Sirius 8866,E250569/111,1785439929539494349,,|1—Анализатор на общозапалими вещества|5—склад|,«0000N0000000000,0.0,0.0,,,0.0,0.0,M,L,L,3033.6,0.0,0.0,0,,0.0,0.0,2026-01-28 08:04:08.019,2026-01-28 08:04:08.019
5263,9,1,1317163020,Склад,2.5.1. Кранове на фланци,Кран сфер. на фл. 2-части 316L PN40 1“,84818081/101225,1785439929539494975,,,«0000N0000000000,0.0,0.0,0.0,0.0,0.0,0.0,M,L,L,66.73,0.0,0.0,0,,0.0,0.0,2026-01-28 12:56:23.369,2026-01-28 12:56:23.369
5263,13,1,1320962478,"Склад производство, 500kW",Муфи на резба,Муфа 316L резба 150LBS 1/2“,07082025,6694873696768622650,,|1—муфа вътр. резба|2—1/2`|,«0000N0000000000,20.0,0.0,,,0.0,0.0,M,L,L,1.8406507723063865,0.0,0.0,0,,0.0,0.0,2026-03-04 08:11:01.704,2026-03-04 08:11:01.704
5263,14,1,1320962478,Склад,"Прекъсвачи, Предпазители",Прекъсвач мин.авт. C 32/1 6kA,BMS6,6694873696768622651,,,«0000N0000000000,0.0,0.0,0.0,0.0,0.0,0.0,M,L,L,0.5112918811962185,0.0,0.0,0,,0.0,0.0,2026-03-02 14:59:40.644,2026-01-28 10:14:49.016
5263,15,1,1318956547,Склад,Сензори,Датчик за температура,ta-025clem14-a-zvg/us,1785439929539493948,,,«0000N0000000000,0.0,0.0,,,0.0,0.0,M,L,L,103.31675043331987,0.0,0.0,0,,0.0,0.0,2026-02-10 13:34:16.421,2025-11-04 09:37:45.482
5263,16,1,1320962478,Склад,Муфи на резба,Муфа 304L резбa 150LBS  1/2``,16818,1785439929539493949,,,«0000N0000000000,0.0,0.0,,,0.0,0.0,M,L,L,0.7822765782302143,0.0,0.0,0,,0.0,0.0,2026-03-02 14:59:40.644,2025-11-19 07:46:02.163
5263,17,1,1320962478,Склад,Муфи на резба,Муфа 304L резбa 150LBS L42 1``,56198161,1785439929539493950,,,«0000N0000000000,0.0,0.0,,,0.0,0.0,M,L,L,2.970605829750029,0.0,0.0,0,,0.0,0.0,2025-08-15 12:17:00.290,2025-08-15 12:17:00.290
5263,18,1,1320962478,Склад,М/Ж резба,Преход 304L резба М/Ж 1/2``x1/4``,16981613,1785439929539493951,,,«0000N0000000000,0.0,0.0,0.0,0.0,0.0,0.0,M,L,L,0.8947607920933823,0.0,0.0,0,,0.0,0.0,2026-03-02 14:59:40.660,2025-12-18 11:59:03.737
5263,19,1,1316439018,Склад,Тапи на резба,Тапа 304L резба 1/2``,16584381,1785439929539493952,,,«0000N0000000000,0.0,0.0,0.0,0.0,0.0,0.0,M,L,L,0.690241,0.0,0.0,0,,0.0,0.0,2026-01-16 14:38:28.003,2026-01-16 14:38:28.003
5263,20,1,1320962478,Склад,Колена на резба,Коляно 90° 304L резба вътрешна 1 1/2“,169835468,1785439929539493953,,,«0000N0000000000,0.0,0.0,,,0.0,0.0,M,L,L,0.5112918811962185,0.0,0.0,0,,0.0,0.0,2025-11-24 13:59:07.699,2025-11-24 13:59:07.699
5263,21,1,1320962478,Склад,Колена на резба,Коляно 90° 304L резба вътрешна 1 1/4“,16984615,1785439929539493954,,,«0000N0000000000,0.0,0.0,,,0.0,0.0,M,L,L,0.5112918811962185,0.0,0.0,0,,0.0,0.0,2026-01-27 14:07:56.922,2026-01-27 14:07:56.922
5263,22,1,1320962478,Склад,Колена на резба,Коляно 90° 304L резба М/Ж 1 1/2“,16813615,1785439929539493955,,,«0000N0000000000,0.0,0.0,,,0.0,0.0,M,L,L,0.5112918811962185,0.0,0.0,0,,0.0,0.0,2026-01-27 14:09:41.146,2026-01-27 14:09:41.146
5263,23,1,1320962478,Склад,Колена на резба,Коляно 90° 304L резба М/Ж 1 1/4“,16846425,1785439929539493956,,,«0000N0000000000,0.0,0.0,,,0.0,0.0,M,L,L,0.5112918811962185,0.0,0.0,0,,0.0,0.0,2026-01-27 14:09:50.162,2026-01-27 14:09:50.162
5263,24,1,1320962478,Склад,Колена на резба,Коляно 90° 304L резба М/Ж 2“,1684354,1785439929539493957,,,«0000N0000000000,0.0,0.0,,,0.0,0.0,M,L,L,0.5112918811962185,0.0,0.0,0,,0.0,0.0,2026-01-27 14:09:58.149,2026-01-27 14:09:58.149
5263,25,1,1320962478,Склад,Колена на резба,Коляно 90° 304L резба М/Ж 1/2“,263836135,1785439929539493958,,,«0000N0000000000,0.0,0.0,,,0.0,0.0,M,L,L,0.5112918811962185,0.0,0.0,0,,0.0,0.0,2025-08-18 08:07:55.759,2025-08-18 08:07:55.759
5363,0,1,1320962478,Склад,Колена на резба,Коляно 90° 304L резба М/Ж 1“,16843651,1785439929539493959,,,«0000N0000000000,0.0,0.0,,,0.0,0.0,M,L,L,0.5112918811962185,0.0,0.0,0,,0.0,0.0,2026-01-27 14:10:16.848,2026-01-27 14:10:16.848
5363,1,1,1320962478,Склад,Нипели на резба,Нипел шест. 304L резба 150LBS 1 1/4“,138546123,1785439929539493960,,,«0000N0000000000,0.0,0.0,,,0.0,0.0,M,L,L,0.5112918811962185,0.0,0.0,0,,0.0,0.0,2026-01-27 14:13:38.018,2026-01-27 14:13:38.018
5363,2,1,1320962478,Склад,Нипели на резба,Нипел шест. 304L резба 150LBS 1/2“,3681312,1785439929539493961,,,«0000N0000000000,0.0,0.0,,,0.0,0.0,M,L,L,1.104390463383832,0.0,0.0,0,,0.0,0.0,2025-08-18 08:09:19.941,2025-08-18 08:09:19.941
5363,3,1,1320962478,Склад,Нипели на резба,Нипел шест. 304L резба 150LBS 1“,135843612,1785439929539493962,,,«0000N0000000000,0.0,0.0,0.0,0.0,0.0,0.0,M,L,L,0.5112918811962185,0.0,0.0,0,,0.0,0.0,2026-03-02 14:59:40.707,2026-01-27 14:14:00.169
5363,4,1,1320962478,Склад,М/Ж резба,Преход 304L резба М/Ж 1“x1/2“,684625513,1785439929539493963,,,«0000N0000000000,0.0,0.0,,,0.0,0.0,M,L,L,2.2343455208274747,0.0,0.0,0,,0.0,0.0,2026-01-27 14:15:42.001,2026-01-27 14:15:42.001
5363,5,1,1320962478,Склад,М/Ж резба,Преход 304L резба М/Ж 3/4“x1/2“,168453146,1785439929539493964,,,«0000N0000000000,0.0,0.0,0.0,0.0,0.0,0.0,M,L,L,0.5112918811962185,0.0,0.0,0,,0.0,0.0,2026-03-02 14:59:40.722,2026-01-27 14:15:49.103
5363,6,1,1320962478,Склад,Тапи на резба,Тапа 304L резба 1 1/2“,354136123,1785439929539493965,,,«0000N0000000000,0.0,0.0,,,0.0,0.0,M,L,L,2.9194766416304074,0.0,0.0,0,,0.0,0.0,2026-01-27 14:15:59.374,2026-01-27 14:15:59.374
5363,7,1,1320962478,Склад,Тапи на резба,Тапа 304L резба 1“,16846123,1785439929539493966,,,«0000N0000000000,0.0,0.0,,,0.0,0.0,M,L,L,1.5645531564604287,0.0,0.0,0,,0.0,0.0,2026-01-15 10:15:23.337,2026-01-15 10:15:23.337
5363,8,1,1320962478,Склад,Тройници на резба,Тройник 304L резба вътрешна 1 1/2“,16841351,1785439929539493967,,,«0000N0000000000,0.0,0.0,,,0.0,0.0,M,L,L,0.5112918811962185,0.0,0.0,0,,0.0,0.0,2026-01-27 14:16:10.103,2026-01-27 14:16:10.103
5363,9,1,1320962478,Склад,Тройници на резба,Тройник 304L резба вътрешна 1 1/4“,36814861,1785439929539493968,,,«0000N0000000000,0.0,0.0,,,0.0,0.0,M,L,L,0.5112918811962185,0.0,0.0,0,,0.0,0.0,2026-01-27 14:16:17.818,2026-01-27 14:16:17.818
5363,10,1,1320962478,Склад,Тройници на резба,Тройник 304L резба вътрешна 1/2“,10614665,1785439929539493969,,,«0000N0000000000,0.0,0.0,,,0.0,0.0,M,L,L,1.9991512554772144,0.0,0.0,0,,0.0,0.0,2026-03-02 14:59:40.738,2025-08-15 11:02:03.262
5363,11,1,1320962478,Склад,Тройници на резба,Тройник 304L резба вътрешна 1“,16814681,1785439929539493970,,,«0000N0000000000,0.0,0.0,,,0.0,0.0,M,L,L,0.5112918811962185,0.0,0.0,0,,0.0,0.0,2026-01-27 14:16:26.129,2026-01-27 14:16:26.129
5363,12,1,1317535730,Склад,Тройници на резба,Тройник 304L резба вътрешна 3/4“,16813512,1785439929539493971,,,«0000N0000000000,0.0,0.0,0.0,0.0,0.0,0.0,M,L,L,0.51129,0.0,0.0,0,,0.0,0.0,2026-01-27 14:16:54.909,2026-01-27 14:16:54.909
5363,13,1,1320962478,"Склад производство, 500kW",Муфи на резба,Муфа 304L резбa 150LBS L42 1``,56198161,1785439929539493974,,,«0000N0000000000,6.0,0.0,,,0.0,0.0,M,L,L,2.970605829750029,0.0,0.0,0,,0.0,0.0,2026-03-04 08:11:00.970,2026-03-04 08:11:00.970
5363,14,1,1320962478,"Склад производство, 500kW",Тапи на резба,Тапа 304L резба 1/2``,16584381,1785439929539493976,,,«0000N0000000000,5.0,0.0,,,0.0,0.0,M,L,L,0.690244039614895,0.0,0.0,0,,0.0,0.0,2026-03-02 14:59:40.754,2025-08-15 12:15:11.797
5363,15,1,1320962478,"Склад производство, 500kW",Тройници на резба,Тройник 304L резба вътрешна 1/2“,10614665,1785439929539493975,,,«0000N0000000000,9.0,0.0,,,0.0,0.0,M,L,L,1.9991512554772144,0.0,0.0,0,,0.0,0.0,2026-03-02 14:59:40.754,2025-08-15 11:02:03.277
5363,16,1,1320962478,Склад,Тапи на резба,Тапа 304L резба 1/4“,16816512,1785439929539493977,,,«0000N0000000000,0.0,0.0,,,0.0,0.0,M,L,L,0.5112918811962185,0.0,0.0,0,,0.0,0.0,2026-01-27 14:06:49.666,2026-01-27 14:06:49.666
5363,17,1,1320962478,"Склад производство, 500kW",Колена на резба,Коляно 90° 304L резба М/Ж 1/2“,263836135,1785439929539493978,,,«0000N0000000000,1.0,0.0,,,0.0,0.0,M,L,L,0.5112918811962185,0.0,0.0,0,,0.0,0.0,2026-03-02 14:59:40.769,2025-08-18 08:07:55.791
5363,18,1,1320962478,Склад,2.5.3. Кранове на резба,Кран сфер. на рез. 316L PN64 DN15,1658148,1785439929539493979,,|1—кран за задвижка|2—1/2 - DN15|5—склад|,«0000N0000000000,0.0,0.0,,,0.0,0.0,M,L,L,0.0,0.0,0.0,0,,0.0,0.0,2025-12-04 10:26:46.417,2025-12-04 10:26:46.417
5363,20,1,1320962478,Склад,2.5.3. Кранове на резба,Кран сфер. на рез. 316L PN64 DN25,16156,1785439929539493980,,|1—кран за задвижка|2—1` - DN25|5—склад|,«0000N0000000000,0.0,0.0,0.0,0.0,0.0,0.0,M,L,L,0.0,0.0,0.0,0,,0.0,0.0,2026-03-02 14:59:40.785,2026-01-28 12:56:52.820
5363,22,1,1320962478,Склад,2.5.3. Кранове на резба,Кран сфер. на рез. 316L PN64 DN20,168143,1785439929539493981,,|1—сферичен кран|2—3/4` - DN20|5—склад|,«0000N0000000000,0.0,0.0,0.0,0.0,0.0,0.0,M,L,L,38.41847195308386,0.0,0.0,0,,0.0,0.0,2026-03-02 14:59:40.785,2025-10-23 07:10:00.815
5373,0,1,1320962478,Склад,2.5.3. Кранове на резба,Кран сфер. на рез. 316L DN15,16814612,1785439929539493982,,|1—сферичен кран с резба|2—1/2 - DN15|5—склад|,«0000N0000000000,0.0,0.0,,,0.0,0.0,M,L,L,0.0,0.0,0.0,0,,0.0,0.0,2025-09-26 14:17:31.340,2025-09-26 14:17:31.340
5373,1,1,1320962478,Склад,Нипели на резба,Нипел шест. 304L резба 150LBS 1/2“,10142820/19082025,1785439929539493983,,,«0000N0000000000,0.0,0.0,,,0.0,0.0,M,L,L,1.104390463383832,0.0,0.0,0,,0.0,0.0,2026-03-02 14:59:40.801,2025-09-01 15:08:11.814
5373,2,1,1320962478,Склад,Муфи на резба,Муфа 304L резбa 150LBS L42 1``,10142820/19082025,1785439929539493984,,,«0000N0000000000,0.0,0.0,0.0,0.0,0.0,0.0,M,L,L,2.970605829750029,0.0,0.0,0,,0.0,0.0,2026-03-02 14:59:40.801,2025-12-18 11:58:06.538
5373,4,1,1318956547,Склад,2.5.4. Вентили,"Вентил предпазен 1216 НРЖ, PN40  1“х1“",202529294004,1785439929539493985,,"|1—предпазен вентил 1216 НРЖ, PN40|2—1``-1``|5—склад|",«0000N0000000000,0.0,0.0,0.0,0.0,0.0,0.0,M,L,L,242.93522443157124,0.0,0.0,0,,0.0,0.0,2026-02-10 13:34:16.421,2025-09-03 07:58:40.581
5373,6,1,1318956547,Склад,2.5.4. Вентили,"Пружина TOSACA 2,1-4,0 bar M2170",10142820/19082025,1785439929539493986,,|1—пружина TOSACA 2.1-4.0 obarg|2—M2170|,«0000N0000000000,0.0,0.0,,,0.0,0.0,M,L,L,41.68051415511573,0.0,0.0,0,,0.0,0.0,2026-02-10 13:34:16.437,2026-01-28 13:37:40.401
5373,7,1,1320962478,Склад,2.2. Фитинги за заваряване,"Капа 316L (168,3x2,0) 6``",10142820/19082025,1785439929539493987,,,«0000N0000000000,0.0,0.0,0.0,0.0,0.0,0.0,M,L,L,18.17335862523839,0.0,0.0,0,,0.0,0.0,2026-03-02 14:59:40.801,2025-08-19 10:26:42.664
5373,8,1,1320962478,Склад,2.2. Фитинги за заваряване,"Капа 304L (168,3х2) 6“",10142820/19082025,1785439929539493988,,,«0000N0000000000,0.0,0.0,0.0,0.0,0.0,0.0,M,L,L,20.19602930725063,0.0,0.0,0,,0.0,0.0,2026-03-02 14:59:40.816,2026-01-05 07:59:01.204
5373,10,1,1320962478,"Склад производство, 500kW",2.2. Фитинги за заваряване,"Капа 316L (168,3x2,0) 6``",10142820/19082025,1785439929539493989,,,«0000N0000000000,1.0,0.0,,,0.0,0.0,M,L,L,15.870499992330622,0.0,0.0,0,,0.0,0.0,2026-03-04 08:11:00.876,2026-03-04 08:11:00.876
5373,11,1,1320962478,"Склад производство, 500kW",Нипели на резба,Нипел шест. 304L резба 150LBS 1/2“,10142820/19082025,1785439929539493990,,,«0000N0000000000,30.0,0.0,,,0.0,0.0,M,L,L,1.104390463383832,0.0,0.0,0,,0.0,0.0,2026-03-02 14:59:40.816,2025-09-01 15:08:11.814
5373,12,1,1318956547,Склад,2.5.4. Вентили,"Вентил предпазен 1216 НРЖ, PN40  1“х1“",202529294008,1785439929539493991,,"|1—предпазен вентил 1216 НРЖ, PN40|2—1``-1``|5—склад|",«0000N0000000000,0.0,0.0,,,0.0,0.0,M,L,L,242.93522443157124,0.0,0.0,0,,0.0,0.0,2025-09-10 09:21:15.628,2025-09-10 09:21:15.628
5373,13,1,1320962478,"Склад производство, 500kW",Колена на резба,Коляно 90° 304L резба М/Ж 1“,16843651,1785439929539493992,,,«0000N0000000000,2.0,0.0,,,0.0,0.0,M,L,L,0.5112918811962185,0.0,0.0,0,,0.0,0.0,2026-03-02 14:59:40.832,2025-08-20 08:18:49.581
5373,14,1,1318956547,Склад,Сензори,Трансмитер за налягане 0-15 bar,24607/04.2024,1785439929539493993,,|1—датчици за налягане|2—0-15 bar|5—склад|,«0000N0000000000,-0.0,0.0,0.0,0.0,0.0,0.0,M,L,L,0.0,0.0,0.0,0,,0.0,0.0,2026-02-10 13:34:16.437,2025-10-29 08:32:43.793
5373,16,1,1320962478,Склад,3. Консумативи,Калиева основа,122170/14082025,1785439929539493995,,,«0000N0000000000,0.0,0.0,,,0.0,0.0,M,L,L,3.313171390151496,0.0,0.0,0,,0.0,0.0,2025-09-03 14:34:28.245,2025-09-03 14:34:28.245
5373,17,1,1318956547,"Склад производство, 500kW",Сензори,Трансмитер за налягане 0-15 bar,24607/04.2024,1785439929539493994,,|1—датчици за налягане|2—0-15 bar|5—склад|,«0000N0000000000,5.0,0.0,,,0.0,0.0,M,L,L,0.0,0.0,0.0,0,,0.0,0.0,2026-03-04 08:11:02.032,2026-03-04 08:11:02.032
5373,18,1,1320962478,Склад,2. Консумативи,Смола за дейонизатор,122217/18082025,1785439929539493996,,,«0000N0000000000,0.0,0.0,,,0.0,0.0,M,L,L,15.952306693322017,0.0,0.0,0,,0.0,0.0,2026-01-28 12:55:24.702,2026-01-28 12:55:24.702
5373,19,1,1316437177,Склад,2.2. Фитинги за заваряване,Кръст зав. 316L W/W DIN11850 SERIE2 DN32,1,1785439929539493997,,,«0000N0000000000,0.0,0.0,0.0,0.0,0.0,0.0,M,L,L,12.63,0.0,0.0,0,,0.0,0.0,2026-01-16 09:02:31.489,2026-01-16 09:02:31.489
5373,20,1,1320962478,Склад,2.2. Фитинги за заваряване,"Коляно 90° 304L заварка (33,7х2) 1``",28082025/26,1785439929539494072,,,«0000N0000000000,0.0,0.0,,,0.0,0.0,M,L,L,2.4951043802375463,0.0,0.0,0,,0.0,0.0,2025-08-29 08:26:14.120,2025-08-29 08:26:14.120
5373,21,1,1318956547,Склад,2.5.4. Вентили,"Вентил предпазен 1216 НРЖ, PN40  1“х1“",202530315001,1785439929539495000,,"|1—предпазен вентил 1216 НРЖ, PN40|2—1``-1``|5—склад|",«0000N0000000000,0.0,0.0,0.0,0.0,0.0,0.0,M,L,L,242.93522443157124,0.0,0.0,0,,0.0,0.0,2026-02-10 13:34:16.437,2026-01-28 13:37:29.491
5440,1,1,1320962478,"Склад производство, 500kW",М16,Гайка шест. 8 Bl. М16,10524822/311025/1,1785439929539494745,,"|1—гайка шестостенна 10, цинк|2—М16|5—склад|",«0000N0000000000,40.0,0.0,,,0.0,0.0,M,L,L,0.06253099707029752,0.0,0.0,0,,0.0,0.0,2026-03-04 08:11:01.313,2026-03-04 08:11:01.313
5440,4,1,1316457889,Склад,М12,Болт с шест.гл. 8.8 vZn М12х25,12345,1785439929539494002,,|1—болт цинк|2—М12х25|5—склад|,«0000N0000000000,0.0,0.0,0.0,0.0,0.0,0.0,M,L,L,0.1,0.0,0.0,0,,0.0,0.0,2026-01-16 14:38:58.719,2026-01-16 14:38:58.719
5440,6,1,1320962478,"Склад производство, 500kW",М12,Болт с шест.гл. 8.8 vZn М12х25,12345,1785439929539494003,,|1—болт цинк|2—М12х25|5—склад|,«0000N0000000000,8.0,0.0,,,0.0,0.0,M,L,L,0.0,0.0,0.0,0,,0.0,0.0,2026-03-04 08:11:01.017,2026-03-04 08:11:01.017
5440,7,1,1322534971,System - 10kW Italy,Сензори,Датчик за температура,082025,1785439929539494974,,,«0000N0000000000,1.0,0.0,,,0.0,0.0,M,L,L,105.67853,0.0,0.0,0,,0.0,0.0,2026-03-18 08:23:35.517,2025-12-10 09:56:59.734
5440,8,1,1320962478,Склад,М12,Гайка шест. 8 vZn М12,12345,1785439929539494004,,|1—гайка цинк|2—М12|5—склад|,«0000N0000000000,0.0,0.0,0.0,0.0,0.0,0.0,M,L,L,2.76097615845958,0.0,0.0,0,,0.0,0.0,2026-03-02 14:59:40.863,2025-10-24 07:44:20.854
5440,10,1,1320962478,"Склад производство, 500kW",М12,Гайка шест. 8 vZn М12,12345,1785439929539494005,,|1—гайка цинк|2—М12|5—склад|,«0000N0000000000,66.0,0.0,,,0.0,0.0,M,L,L,2.76097615845958,0.0,0.0,0,,0.0,0.0,2026-03-02 14:59:40.863,2025-09-03 08:10:01.062
5440,11,1,1320962478,Склад,Унител,захранване за DIN шина SDR-120-24 24V/5A,12,1785439929539494006,,|1—захранване за DIN шина|2—24V/5A|5—склад|,«0000N0000000000,0.0,0.0,,,0.0,0.0,M,L,L,0.0,0.0,0.0,0,,0.0,0.0,2025-12-08 15:12:37.469,2025-12-08 15:12:37.469
5440,13,1,1320962478,"Склад производство, 500kW",Унител,захранване за DIN шина SDR-120-24 24V/5A,12,1785439929539494007,,|1—захранване за DIN шина|2—24V/5A|5—склад|,«0000N0000000000,1.0,0.0,,,0.0,0.0,M,L,L,0.0,0.0,0.0,0,,0.0,0.0,2026-03-04 08:11:01.470,2026-03-04 08:11:01.470
5440,14,1,1320962478,"Склад производство, 500kW",2.5.3. Кранове на резба,Кран сфер. на рез. 316L DN15,16814612,1785439929539494009,,|1—сферичен кран с резба|2—1/2 - DN15|5—склад|,«0000N0000000000,2.0,0.0,,,0.0,0.0,M,L,L,0.0,0.0,0.0,0,,0.0,0.0,2026-03-04 08:11:02.063,2026-03-04 08:11:02.063
5440,15,1,1320962478,"Склад производство, 500kW",М/Ж резба,Преход 304L резба М/Ж 1/2``x1/4``,16981613,1785439929539494008,,,«0000N0000000000,1.0,0.0,,,0.0,0.0,M,L,L,0.8947607920933823,0.0,0.0,0,,0.0,0.0,2026-03-02 14:59:40.894,2025-08-25 14:13:33.501
5440,16,1,1320962478,"Склад производство, 500kW",4. Услуги,"Лазерно рязане Патлиджански големи, перф. лам.",28675/25082025,1785439929539494010,,,«0000N0000000000,0.0,0.0,,,0.0,0.0,M,L,L,927.6879892424189,0.0,0.0,0,,0.0,0.0,2026-01-28 08:36:35.214,2026-01-28 08:36:35.214
5440,18,1,1320962478,Склад,Други (Електроника),Ф2.5 21L2K1T25 R42,12345,1785439929539494011,,|1—Ф2.5|2—R42|5—склад|,«0000N0000000000,6.0,0.0,,,0.0,0.0,M,L,L,0.0,0.0,0.0,0,,0.0,0.0,2026-06-16 13:44:22.895,2026-06-16 13:44:22.895
5440,20,1,1320962478,Склад,Други (Електроника),Ф3.0 21L2K1T30 P08,123456,1785439929539494012,,|1—Ф3.0|2—P08|5—склад|,«0000N0000000000,0.0,0.0,0.0,0.0,0.0,0.0,M,L,L,0.0,0.0,0.0,0,,0.0,0.0,2026-03-02 14:59:40.894,2026-01-28 12:44:01.363
5440,22,1,1320962478,Склад,ЛД,Ф5.5 21L2K1T55 P16,1234567,1785439929539494013,,|1—Ф5.5|2—P16|5—склад|,«0000N0000000000,0.0,0.0,,,0.0,0.0,M,L,L,0.0,0.0,0.0,0,,0.0,0.0,2025-10-14 07:49:00.232,2025-10-14 07:49:00.232
5440,25,1,1320962478,"Склад производство, 500kW",Други (Електроника),Ф2.5 21L2K1T25 R42,12345,1785439929539494014,,|1—Ф2.5|2—R42|5—склад|,«0000N0000000000,0.0,0.0,,,0.0,0.0,M,L,L,0.0,0.0,0.0,0,,0.0,0.0,2026-03-02 14:59:40.910,2025-08-26 12:59:59.708
5440,26,1,1317132972,Суровини,1.1.1. Части (Електролизьор),"Перфорирана ламарина 316L LB 1000x2000x0,5мм",1216/230925,1785439929539494262,,,«0000N0000000000,0.0,0.0,0.0,0.0,0.0,0.0,M,L,L,60.122591,0.0,0.0,0,,0.0,0.0,2026-01-23 08:44:36.573,2026-01-23 08:44:36.573
5440,27,1,,Склад,2.5.5. Клапани,Иглен клапан (Slid. Gate Mot. Valve 8038 О2),2994840001/1,1785439929539494338,,,«0000N0000000000,0.0,0.0,,,0.0,0.0,M,L,L,3233.29,0.0,0.0,0,,0.0,0.0,2026-01-16 15:09:04.593,2026-01-16 15:09:04.593
5440,28,1,1320962478,"Склад 3, 10/30kW",Други (Електроника),Ф2.5 21L2K1T25 R42,12345,1785439929539494015,,|1—Ф2.5|2—R42|5—склад|,«0000N0000000000,0.0,0.0,,,0.0,0.0,M,L,L,0.0,0.0,0.0,0,,0.0,0.0,2026-03-02 14:59:40.910,2026-01-28 08:39:42.966
5468,0,1,1317133320,"Склад производство, 500kW",1.1.1. Части (Електролизьор),"Уплътнение от експандиран теф. ф1060хф900х0,5мм",3907/22082025,1785439929539494018,,,«0000N0000000000,1056.0,0.0,0.0,0.0,0.0,0.0,M,L,L,69.23889199999999,0.0,0.0,0,,0.0,0.0,2026-03-04 08:11:01.173,2026-03-04 08:11:01.173
5468,1,1,1320962478,"Склад производство, 500kW",1.1.1. Части (Електролизьор),"Уплътнение от експандиран теф. ф397х325х0,5мм",3907/2208.2025,1785439929539494019,,,«0000N0000000000,510.0,0.0,0.0,0.0,0.0,0.0,M,L,L,9.561158178369284,0.0,0.0,0,,0.0,0.0,2026-03-04 08:11:02.188,2026-03-04 08:11:02.188
5468,2,1,1316454220,Склад,М8,Гайка шест. 8 vZn М8,12345,1785439929539494020,,|1—гайка цинк|2—М8|5—склад|,«0000N0000000000,0.0,0.0,0.0,0.0,0.0,0.0,M,L,L,0.01,0.0,0.0,0,,0.0,0.0,2026-01-16 14:40:24.713,2026-01-16 14:40:24.713
5468,3,1,1320962478,Склад,2.2. Фитинги за заваряване,Холендър 316L заварка PTFE 1“,10143120/27082025/1,1785439929539494022,,"|1—холендер PTFE ж/ж, BSP|2—1`|5—склад|",«0000N0000000000,0.0,0.0,,,0.0,0.0,M,L,L,17.97702254285904,0.0,0.0,0,,0.0,0.0,2026-01-27 10:49:21.193,2026-01-27 10:49:21.193
5468,5,1,1320962478,"Склад производство, 500kW",М8,Гайка шест. 8 vZn М8,12345,1785439929539494021,,|1—гайка цинк|2—М8|5—склад|,«0000N0000000000,198.0,0.0,,,0.0,0.0,M,L,L,0.0,0.0,0.0,0,,0.0,0.0,2026-03-04 08:11:02.329,2026-03-04 08:11:02.329
5468,7,1,1316451358,Склад,Холендри на резба,Холендър 316L резба М/Ж PTFE 150LBS 2“,10143120/27082025/2,1785439929539494023,,"|1—холендер PTFE м/ж, BSP|2—2`|5—склад|",«0000N0000000000,0.0,0.0,0.0,0.0,0.0,0.0,M,L,L,53.378676,0.0,0.0,0,,0.0,0.0,2026-01-16 12:21:51.485,2026-01-16 12:21:51.485
5468,8,1,1317558273,Склад,Холендри на резба,Холендър 316L резба М/Ж PTFE 150LBS 1/2“,10143120/27082025/3,1785439929539494024,,,«0000N0000000000,0.0,0.0,0.0,0.0,0.0,0.0,M,L,L,11.054089999999999,0.0,0.0,0,,0.0,0.0,2026-01-27 14:06:56.961,2026-01-27 14:06:56.961
5468,9,1,1316432533,Склад,2.5.2. Кранове на заварка,Кран сфер. на зав. 3-части 316L PN63 1“,84818099/1/101225,1785439929539494976,,,«0000N0000000000,0.0,0.0,0.0,0.0,0.0,0.0,M,L,L,15.783522,0.0,0.0,0,,0.0,0.0,2026-01-28 12:56:38.165,2026-01-28 12:56:38.165
5468,11,1,1320962478,"Склад производство, 500kW",2.2. Фитинги за заваряване,Холендър 316L заварка PTFE 1“,10143120/27082025/1,1785439929539494025,,"|1—холендер PTFE ж/ж, BSP|2—1`|5—склад|",«0000N0000000000,4.0,0.0,,,0.0,0.0,M,L,L,17.97702254285904,0.0,0.0,0,,0.0,0.0,2026-03-02 14:59:40.941,2025-08-27 15:39:02.129
5468,12,1,1320962478,Склад,3. Метални Елементи,Профилна тръба ЕЗ 100х40х3,132017/28082025,1785439929539494027,,,«0000N0000000000,0.0,0.0,,,0.0,0.0,M,L,L,5.879856633756512,0.0,0.0,0,,0.0,0.0,2026-03-02 14:59:40.941,2025-08-28 10:04:09.516
5468,13,1,1320962478,Склад,2.1. Тръби,"Тръба прецизна ф20х1,2",28082025,1785439929539494029,,,«0000N0000000000,0.0,0.0,,,0.0,0.0,M,L,L,0.0,0.0,0.0,0,,0.0,0.0,2026-01-15 15:04:37.560,2026-01-15 15:04:37.560
5468,14,1,1320962478,"Склад производство, 500kW",3. Метални Елементи,Профилна тръба ЕЗ 100х40х3,132017/28082025,1785439929539494028,,,«0000N0000000000,2.6,0.0,,,0.0,0.0,M,L,L,5.879856633756512,0.0,0.0,0,,0.0,0.0,2026-03-04 08:11:00.813,2026-03-04 08:11:00.813
5468,15,1,1320962478,Склад,2.1. Тръби,"Тръба безшевна 316L 6x1,0",28082025/1,1785439929539494030,,,«0000N0000000000,0.0,0.0,,,0.0,0.0,M,L,L,5.051563786218639,0.0,0.0,0,,0.0,0.0,2026-01-15 15:19:49.212,2026-01-15 15:19:49.212
5468,16,1,1320962478,Склад,2.1. Тръби,"Тръба шевна 304L (21,3x2) 1/2``",28082025/2,1785439929539494031,,,«0000N0000000000,0.0,0.0,,,0.0,0.0,M,L,L,5.7213561505856845,0.0,0.0,0,,0.0,0.0,2026-01-15 15:20:31.130,2026-01-15 15:20:31.130
5468,17,1,1320962478,Склад,2.1. Тръби,"Тръба шевна 304L (33,7x2) 1``",28082025/3,1785439929539494032,,,«0000N0000000000,0.0,0.0,,,0.0,0.0,M,L,L,11.544970677410612,0.0,0.0,0,,0.0,0.0,2026-01-28 13:00:08.494,2026-01-28 13:00:08.494
5468,18,1,1320962478,Склад,2.1. Тръби,"Тръба шевна 304L (48,3х2) 1 1/2``",28082025/4,1785439929539494033,,,«0000N0000000000,0.0,0.0,,,0.0,0.0,M,L,L,14.90927125568173,0.0,0.0,0,,0.0,0.0,2025-10-15 10:12:26.427,2025-10-15 10:12:26.427
5468,19,1,1320962478,Склад,2.1. Тръби,"Тръба шевна 304L (60,3х2) 2``",28082025/5,1785439929539494034,,,«0000N0000000000,0.0,0.0,,,0.0,0.0,M,L,L,12.061375477418794,0.0,0.0,0,,0.0,0.0,2025-11-06 14:31:47.378,2025-11-06 14:31:47.378
5468,20,1,1320962478,Склад,2.1. Тръби,"Тръба шевна 304L (168,3х2) 6``",28082025/6,1785439929539494036,,,«0000N0000000000,0.0,0.0,,,0.0,0.0,M,L,L,33.64300578271118,0.0,0.0,0,,0.0,0.0,2026-01-15 15:20:24.630,2026-01-15 15:20:24.630
5468,21,1,1320962478,Склад,2.1. Тръби,"Тръба шевна 304L (114,3х2) 4``",28082025/7,1785439929539494037,,,«0000N0000000000,0.0,0.0,,,0.0,0.0,M,L,L,31.23993394108895,0.0,0.0,0,,0.0,0.0,2026-01-15 15:20:13.225,2026-01-15 15:20:13.225
5468,22,1,1320962478,Склад,2.1. Тръби,Тръба оребрена 25х2,28082025/8,1785439929539494038,,,«0000N0000000000,0.0,0.0,,,0.0,0.0,M,L,L,48.138130614623975,0.0,0.0,0,,0.0,0.0,2026-01-30 09:20:45.027,2026-01-30 09:20:45.027
5565,0,1,1320962478,Склад,2.1. Тръби,"Тръба шевна 304L (323,9х3) 12``",28082025/9,1785439929539494039,,,«0000N0000000000,0.0,0.0,0.0,0.0,0.0,0.0,M,L,L,0.0,0.0,0.0,0,,0.0,0.0,2026-03-02 14:59:41.004,2026-01-15 15:15:43.380
5565,1,1,1320962478,Склад,3. Метални Елементи,"Профилна тръба ЕЗ 30х30х1,5",28082025/10,1785439929539494040,,,«0000N0000000000,0.0,0.0,,,0.0,0.0,M,L,L,1.157401205626256,0.0,0.0,0,,0.0,0.0,2025-08-28 10:32:24.162,2025-08-28 10:32:24.162
5565,2,1,1320962478,Склад,3. Метални Елементи,Профилна тръба ЕЗ 40х20х2,28082025/11,1785439929539494041,,,«0000N0000000000,0.0,0.0,,,0.0,0.0,M,L,L,0.0,0.0,0.0,0,,0.0,0.0,2025-08-28 10:32:28.583,2025-08-28 10:32:28.583
5565,3,1,1320962478,Склад,3. Метални Елементи,Профилна тръба ЕЗ 40х40х2,28082025/12,1785439929539494042,,,«0000N0000000000,0.0,0.0,,,0.0,0.0,M,L,L,1.9513659162606156,0.0,0.0,0,,0.0,0.0,2025-08-28 10:32:33.489,2025-08-28 10:32:33.489
5565,4,1,1320962478,Склад,3. Метални Елементи,Профилна тръба ЕЗ 50х50х2,28082025/13,1785439929539494043,,,«0000N0000000000,0.0,0.0,,,0.0,0.0,M,L,L,2.4789884601422414,0.0,0.0,0,,0.0,0.0,2025-08-28 10:32:40.614,2025-08-28 10:32:40.614
5565,5,1,1320962478,Склад,3. Метални Елементи,Профилна тръба ЕЗ 60х60х2,28082025/14,1785439929539494044,,,«0000N0000000000,0.0,0.0,,,0.0,0.0,M,L,L,2.670216736628439,0.0,0.0,0,,0.0,0.0,2025-08-28 10:32:46.488,2025-08-28 10:32:46.488
5565,7,1,1320962478,"Склад производство, 500kW",3. Метални Елементи,"Профилна тръба ЕЗ 30х30х1,5",28082025/10,1785439929539494045,,,«0000N0000000000,7.0,0.0,,,0.0,0.0,M,L,L,1.157401205626256,0.0,0.0,0,,0.0,0.0,2026-03-04 08:11:00.735,2026-03-04 08:11:00.735
5565,8,1,1320962478,Склад,0. Разни,Кран сферичен на зав. със задв.,28082025/14,1785439929539494050,,"|1—сферичен кран със задвижкa, зав.|2—модел J4C|",«0000N0000000000,0.0,0.0,,,0.0,0.0,M,L,L,0.0,0.0,0.0,0,,0.0,0.0,2026-01-28 12:57:11.272,2026-01-28 12:57:11.272
5565,9,1,1320962478,"Склад производство, 500kW",3. Метални Елементи,Профилна тръба ЕЗ 40х20х2,28082025/11,1785439929539494046,,,«0000N0000000000,0.06999999999999999,0.0,,,0.0,0.0,M,L,L,0.0,0.0,0.0,0,,0.0,0.0,2026-03-04 08:11:00.735,2026-03-04 08:11:00.735
5565,11,1,1320962478,"Склад производство, 500kW",3. Метални Елементи,Профилна тръба ЕЗ 40х40х2,28082025/12,1785439929539494047,,,«0000N0000000000,36.0,0.0,,,0.0,0.0,M,L,L,1.9513659162606156,0.0,0.0,0,,0.0,0.0,2026-03-04 08:11:00.767,2026-03-04 08:11:00.767
5565,12,1,1320962478,Склад,2.5.3. Кранове на резба,Кран сфер. на рез. 3-части 316L PN63 (Акт) 1“,28082025/15,1785439929539494051,,|1—сферичен кран със задвижка|,«0000N0000000000,0.0,0.0,,,0.0,0.0,M,L,L,0.0,0.0,0.0,0,,0.0,0.0,2026-01-28 12:57:18.834,2026-01-28 12:57:18.834
5565,13,1,1320962478,"Склад производство, 500kW",3. Метални Елементи,Профилна тръба ЕЗ 50х50х2,28082025/13,1785439929539494048,,,«0000N0000000000,56.5,0.0,,,0.0,0.0,M,L,L,2.4789884601422414,0.0,0.0,0,,0.0,0.0,2026-03-04 08:11:00.782,2026-03-04 08:11:00.782
5565,14,1,,Склад,2.5.5. Клапани,Иглен клапан (Slid. Gate Mot. Valve 8038 О2),2994840001/2,1785439929539494339,,,«0000N0000000000,0.0,0.0,,,0.0,0.0,M,L,L,3233.29,0.0,0.0,0,,0.0,0.0,2026-01-16 15:09:05.920,2026-01-16 15:09:05.920
5565,15,1,1320962478,"Склад производство, 500kW",3. Метални Елементи,Профилна тръба ЕЗ 60х60х2,28082025/14,1785439929539494049,,,«0000N0000000000,1.5,0.0,,,0.0,0.0,M,L,L,2.670216736628439,0.0,0.0,0,,0.0,0.0,2026-03-04 08:11:00.798,2026-03-04 08:11:00.798
5565,16,1,,Склад,2.5.5. Клапани,Иглен клапан (Slid. Gate Mot. Valve 8038 H2),2994840002/1,1785439929539494340,,,«0000N0000000000,0.0,0.0,,,0.0,0.0,M,L,L,3569.44,0.0,0.0,0,,0.0,0.0,2026-01-16 15:08:57.507,2026-01-16 15:08:57.507
5565,17,1,,Склад,2.5.5. Клапани,Иглен клапан (Slid. Gate Mot. Valve 8038 H2),2994840002/2,1785439929539494341,,,«0000N0000000000,0.0,0.0,,,0.0,0.0,M,L,L,3569.44,0.0,0.0,0,,0.0,0.0,2026-01-16 15:08:59.594,2026-01-16 15:08:59.594
5565,18,1,,Склад,Сензори,Дебитомер Н2,06c53400200,1785439929539494342,,,«0000N0000000000,0.0,0.0,,,0.0,0.0,M,L,L,1735.0,0.0,0.0,0,,0.0,0.0,2026-01-28 08:44:03.803,2026-01-28 08:44:03.803
5565,19,1,,Склад,Сензори,Дебитомер О2,06c53400199,1785439929539494343,,,«0000N0000000000,0.0,0.0,,,0.0,0.0,M,L,L,2506.0,0.0,0.0,0,,0.0,0.0,2026-01-28 08:44:07.584,2026-01-28 08:44:07.584
5565,26,1,1320962478,Склад,Ивда Гео,ПП тръба за т. вода Ф25/PN25,164578/1,1785439929539494060,,,«0000N0000000000,0.0,0.0,,,0.0,0.0,M,L,L,2.5308948119212817,0.0,0.0,0,,0.0,0.0,2025-08-28 14:58:16.987,2025-08-28 14:58:16.987
5572,0,1,1320962478,"Склад производство, 500kW",1.1.1. Части (Електролизьор),Мембрани (Composite Membrane) 1х1м,VMA2025081801/18082025/1,1785439929539494059,,,«0000N0000000000,200.0,0.0,0.0,0.0,0.0,0.0,M,L,L,111.23279999999998,0.0,0.0,0,,0.0,0.0,2026-03-04 08:11:01.579,2026-03-04 08:11:01.579
5572,1,1,1320962478,Склад,Ивда Гео,Тапа за У.К.Б.,164578/2,1785439929539494061,,,«0000N0000000000,0.0,0.0,,,0.0,0.0,M,L,L,0.5982115009995755,0.0,0.0,0,,0.0,0.0,2025-08-28 14:58:21.596,2025-08-28 14:58:21.596
5572,2,1,1320962478,"Склад производство, 500kW",Ивда Гео,ПП тръба за т. вода Ф25/PN25,164578/1,1785439929539494062,,,«0000N0000000000,27.0,0.0,,,0.0,0.0,M,L,L,2.5308948119212817,0.0,0.0,0,,0.0,0.0,2026-03-04 08:11:01.235,2026-03-04 08:11:01.235
5572,3,1,1320962478,"Склад производство, 500kW",3. Метални Елементи,"Профилна тръба ЕЗ 40х40х1,5",28082025/10,1785439929539494064,,,«0000N0000000000,6.0,0.0,,,0.0,0.0,M,L,L,1.6136064995423938,0.0,0.0,0,,0.0,0.0,2026-03-04 08:11:00.751,2026-03-04 08:11:00.751
5572,4,1,1320962478,"Склад производство, 500kW",Ивда Гео,Тапа за У.К.Б.,164578/2,1785439929539494063,,,«0000N0000000000,10.0,0.0,,,0.0,0.0,M,L,L,0.5982115009995755,0.0,0.0,0,,0.0,0.0,2026-03-02 14:59:41.082,2025-08-28 14:58:21.612
5572,5,1,1320962478,"Склад производство, 500kW",Цех,фланци 102936 DN25,28082025/17,1785439929539494065,,|1—фланци|2—DN25|,«0000N0000000000,55.0,0.0,0.0,0.0,0.0,0.0,M,L,L,6.820633695157555,0.0,0.0,0,,0.0,0.0,2026-03-04 08:11:01.235,2026-03-04 08:11:01.235
5572,6,1,1320962478,"Склад производство, 500kW",Цех,фланци 102938 DN40,28082025/18,1785439929539494066,,|1—фланци|2—DN40|,«0000N0000000000,35.0,0.0,,,0.0,0.0,M,L,L,0.0,0.0,0.0,0,,0.0,0.0,2026-03-02 14:59:41.097,2025-11-04 12:35:23.979
5572,7,1,1320962478,"Склад производство, 500kW",Цех,фланци 102939 DN50,28082025/19,1785439929539494067,,|1—фланци|2—DN50|,«0000N0000000000,39.0,0.0,,,0.0,0.0,M,L,L,0.0,0.0,0.0,0,,0.0,0.0,2026-03-02 14:59:41.097,2025-11-04 12:35:34.694
5572,8,1,1320962478,"Склад производство, 500kW",Цех,фланци с резба  DN25,28082025/16,1785439929539494068,,|1—фланци с резба|2—DN25|,«0000N0000000000,7.0,0.0,,,0.0,0.0,M,L,L,0.0,0.0,0.0,0,,0.0,0.0,2026-03-04 08:11:01.438,2026-03-04 08:11:01.438
5572,9,1,1320962478,"Склад производство, 500kW",Цех,фланци с резба  DN50,28082025/20,1785439929539494069,,|1—фланци с резба|2—DN50|,«0000N0000000000,4.0,0.0,,,0.0,0.0,M,L,L,0.0,0.0,0.0,0,,0.0,0.0,2026-03-04 08:11:01.454,2026-03-04 08:11:01.454
5572,10,1,1320962478,"Склад производство, 500kW",2.2. Фитинги за заваряване,"Коляно 90° 304L заварка (33,7х2) 1``",28082025/28,1785439929539494073,,,«0000N0000000000,0.0,0.0,,,0.0,0.0,M,L,L,2.4951043802375463,0.0,0.0,0,,0.0,0.0,2025-08-29 08:23:29.023,2025-08-29 08:23:29.023
5572,11,1,1320962478,"Склад производство, 500kW",2.2. Фитинги за заваряване,"Коляно 90° 304L заварка (33,7х2) 1``",28082025/26,1785439929539494074,,,«0000N0000000000,15.0,0.0,,,0.0,0.0,M,L,L,2.9961704238098403,0.0,0.0,0,,0.0,0.0,2026-03-02 14:59:41.129,2025-11-17 08:53:52.114
5572,12,1,1316462395,Склад,Сензори,Датчик за температура,082025,1785439929539494075,,,«0000N0000000000,0.0,0.0,0.0,0.0,0.0,0.0,M,L,L,105.67853,0.0,0.0,0,,0.0,0.0,2026-01-16 15:10:00.428,2026-01-16 15:10:00.428
5572,14,1,1320962478,Склад,Кабели - Сензори,Кабел PUR М12 конектор 15м,38838/27082025,1785439929539494076,,"|1—PUR кабел, М12 конектор|2—15 м.|",«0000N0000000000,0.0,0.0,0.0,0.0,0.0,0.0,M,L,L,27.899152789352858,54.566,54.566,0,,0.0,0.0,2026-03-02 14:59:41.129,2026-01-28 12:49:17.309
5572,16,1,1318541504,Склад,Кабели - Сензори,Кабел PUR М12 конектор 10м,28082025/30,1785439929539494077,,"|1—PUR кабел, М12 конектор|2—10 м.|",«0000N0000000000,0.0,0.0,0.0,0.0,0.0,0.0,M,L,L,0.0,0.0,0.0,0,,0.0,0.0,2026-02-06 09:57:40.395,2026-01-28 12:49:11.013
5572,18,1,1318541504,Склад,Кабели - Сензори,Кабел PUR М12 конектор 2м,28082025/31,1785439929539494078,,"|1—PUR кабел, М12 конектор|2—2 м.|",«0000N0000000000,0.0,0.0,0.0,0.0,0.0,0.0,M,L,L,0.0,0.0,0.0,0,,0.0,0.0,2026-02-06 09:57:40.255,2026-01-28 12:49:04.451
5572,20,1,1320962478,Склад,Кабели - Сензори,Кабел PUR М12 конектор 12м,28082025/32,1785439929539494079,,"|1—PUR кабел, М12 конектор|2—12 м.|",«0000N0000000000,0.0,0.0,,,0.0,0.0,M,L,L,0.0,0.0,0.0,0,,0.0,0.0,2026-01-28 12:49:23.177,2026-01-28 12:49:23.177
5572,22,1,1318541504,"Склад производство, 500kW",Кабели - Сензори,Кабел PUR М12 конектор 10м,28082025/30,1785439929539494080,,"|1—PUR кабел, М12 конектор|2—10 м.|",«0000N0000000000,1.0,0.0,,,0.0,0.0,M,L,L,0.0,0.0,0.0,0,,0.0,0.0,2025-08-29 09:33:37.442,2025-08-29 09:33:37.442
5543,0,1,1318956547,Склад,Сензори,Трансмитер за налягане 0-10 bar. G 1/2“,25685,1785439929539494081,,|1—датчик|5—склад|,«0000N0000000000,0.0,0.0,,,0.0,0.0,M,L,L,326.9363901770604,0.0,0.0,0,,0.0,0.0,2026-01-28 13:03:30.977,2026-01-28 13:03:30.977
5543,2,1,1318956547,Склад,Сензори,Трансмитер за налягане 0-10 bar. G 1/2“,25686,1785439929539494082,,|1—датчик|5—склад|,«0000N0000000000,0.0,0.0,,,0.0,0.0,M,L,L,326.9363901770604,0.0,0.0,0,,0.0,0.0,2026-01-28 13:03:35.352,2026-01-28 13:03:35.352
5543,4,1,1318956547,Склад,Сензори,Трансмитер за налягане 0-10 bar. G 1/2“,25687,1785439929539494083,,|1—датчик|5—склад|,«0000N0000000000,0.0,0.0,,,0.0,0.0,M,L,L,326.9363901770604,0.0,0.0,0,,0.0,0.0,2026-01-28 13:03:38.774,2026-01-28 13:03:38.774
5543,6,1,1335654747,Склад,Сензори,Трансмитер за налягане 0-10 bar. G 1/2“,25688,1785439929539494084,,|1—датчик|5—склад|,«0000N0000000000,0.0,0.0,,,0.0,0.0,M,L,L,326.93639017706,0.0,0.0,0,,0.0,0.0,2026-07-27 13:08:22.223,2026-01-28 13:03:42.310
5543,8,1,1318956547,Склад,Сензори,Трансмитер за налягане 0-10 bar. G 1/2“,25689,1785439929539494085,,|1—датчик|5—склад|,«0000N0000000000,0.0,0.0,0.0,0.0,0.0,0.0,M,L,L,326.9363901770604,0.0,0.0,0,,0.0,0.0,2026-02-10 13:34:16.468,2026-01-28 13:03:45.919
5543,10,1,1318956547,Склад,Сензори,Трансмитер за налягане 0-10 bar. G 1/2“,25690,1785439929539494086,,|1—датчик|5—склад|,«0000N0000000000,0.0,0.0,,,0.0,0.0,M,L,L,326.9363901770604,0.0,0.0,0,,0.0,0.0,2026-01-28 13:03:50.200,2026-01-28 13:03:50.200
5543,12,1,1323155366,Склад,Сензори,Трансмитер за налягане 0-10 bar. G 1/2“,25691,1785439929539494087,,|1—датчик|5—склад|,«0000N0000000000,0.0,0.0,,,0.0,0.0,M,L,L,326.935367593298,0.0,0.0,0,,0.0,0.0,2026-03-24 13:17:16.953,2026-01-28 13:03:53.887
5543,14,1,1323155366,Склад,Сензори,Трансмитер за налягане 0-10 bar. G 1/2“,25692,1785439929539494088,,|1—датчик|5—склад|,«0000N0000000000,0.0,0.0,,,0.0,0.0,M,L,L,326.935367593298,0.0,0.0,0,,0.0,0.0,2026-03-24 13:17:16.953,2026-01-28 13:03:57.652
5543,16,1,1335654747,Склад,Сензори,Трансмитер за налягане 0-10 bar. G 1/2“,25693,1785439929539494089,,|1—датчик|5—склад|,«0000N0000000000,0.0,0.0,,,0.0,0.0,M,L,L,326.93639017706,0.0,0.0,0,,0.0,0.0,2026-07-27 13:08:22.223,2026-01-28 13:04:10.120
5543,17,1,1316042589,Склад,Сензори,Нивомер поплавъчен тип 8181,po32235,1785439929539494090,,,«0000N0000000000,0.0,0.0,0.0,0.0,0.0,0.0,M,L,L,86.658542,0.0,0.0,0,,0.0,0.0,2026-01-16 07:57:39.460,2026-01-16 07:57:39.460
5543,18,1,1318956547,"Склад производство, 500kW",Апогей,Топлообменник XT,2282/26082025,1785439929539494092,,,«0000N0000000000,2.0,0.0,,,0.0,0.0,M,L,L,936.0015952306694,0.0,0.0,0,,0.0,0.0,2025-11-27 08:06:30.789,2025-11-27 08:06:30.789
5543,19,1,1316433400,"Склад производство, 500kW",Сензори,Нивомер поплавъчен тип 8181,po32235,1785439929539494091,,,«0000N0000000000,15.0,0.0,,,0.0,0.0,M,L,L,86.658542,0.0,0.0,0,,0.0,0.0,2026-03-04 08:11:01.126,2026-03-04 08:11:01.126
5543,20,1,1320962478,Склад,Външна резба,Нипел намалител 316L 150LBS 1/2“х1/4“,12,1785439929539494093,,|1—нипел намалител|2—1/2х1/4|5—склад|,«0000N0000000000,0.0,0.0,0.0,0.0,0.0,0.0,M,L,L,0.0,0.0,0.0,0,,0.0,0.0,2026-03-02 14:59:41.144,2025-12-10 09:37:43.706
5543,22,1,1320962478,"Склад производство, 500kW",Външна резба,Нипел намалител 316L 150LBS 1/2“х1/4“,12,1785439929539494094,,|1—нипел намалител|2—1/2х1/4|5—склад|,«0000N0000000000,4.0,0.0,0.0,0.0,0.0,0.0,M,L,L,0.0,0.0,0.0,0,,0.0,0.0,2026-03-02 14:59:41.160,2025-11-11 14:52:57.574
5543,23,1,1320962478,"Склад 3, 10/30kW",2. Консумативи,"Тефлонова лента, 13м 3/4`",3901-00,1785439929539494095,,,«0000N0000000000,0.0,0.0,,,0.0,0.0,M,L,L,1.736347228542358,0.0,0.0,0,,0.0,0.0,2025-09-03 14:28:27.901,2025-09-03 14:28:27.901
5543,24,1,1320962478,"Склад 3, 10/30kW",2. Консумативи,"Тефлонова лента, 7м. 1/2`",3899-00,1785439929539494096,,,«0000N0000000000,4.0,0.0,,,0.0,0.0,M,L,L,0.7976153346661009,0.0,0.0,0,,0.0,0.0,2026-01-26 12:29:36.876,2026-01-26 12:29:36.876
5543,25,1,1320962478,Склад,Нипели на резба,Нипел шест. 304L резба 150LBS 1/2“,143284/02092025/1,1785439929539494097,,,«0000N0000000000,0.0,0.0,,,0.0,0.0,M,L,L,1.104390463383832,0.0,0.0,0,,0.0,0.0,2025-09-05 08:32:03.377,2025-09-05 08:32:03.377
5543,27,1,1317460828,Склад,Нипели на резба,Нипел шест. 316L резба 150LBS 1/2“,143284/02092025/2,1785439929539494098,,|1—нипел шестостен|2—1/2`|5—склад|,«0000N0000000000,0.0,0.0,0.0,0.0,0.0,0.0,M,L,L,2.055386,0.0,0.0,0,,0.0,0.0,2026-01-27 14:13:25.913,2026-01-27 14:13:25.913
5597,0,1,1317535149,Склад,Колена на резба,Коляно 90° 316L резба М/Ж 1/2“,143284/02092025/3,1785439929539494099,,|1—коляно 90гр. вътр./вън. резба|2—1/2`|5—склад|,«0000N0000000000,0.0,0.0,0.0,0.0,0.0,0.0,M,L,L,2.000166,0.0,0.0,0,,0.0,0.0,2026-01-27 14:11:09.342,2026-01-27 14:11:09.342
5597,1,1,1316438955,Склад,Муфи на резба,Муфа 304L резбa 150LBS  1/2``,143284/02092025/4,1785439929539494100,,,«0000N0000000000,0.0,0.0,0.0,0.0,0.0,0.0,M,L,L,1.3498059999999998,0.0,0.0,0,,0.0,0.0,2026-01-16 12:21:02.551,2026-01-16 12:21:02.551
5597,2,1,1316439000,Склад,М/Ж резба,Преход 304L резба М/Ж 1/2``x1/4``,143284/02092025/5,1785439929539494101,,,«0000N0000000000,0.0,0.0,0.0,0.0,0.0,0.0,M,L,L,0.991903,0.0,0.0,0,,0.0,0.0,2026-01-27 14:06:17.034,2026-01-27 14:06:17.034
5597,4,1,1320962478,Склад,М/Ж резба,Преход 316L резба М/Ж 1/2“х1/4“,143284/02092025/6,1785439929539494102,,|1—преход м/ж|2—1/2х1/4|5—склад|,«0000N0000000000,0.0,0.0,0.0,0.0,0.0,0.0,M,L,L,0.9919062495206639,0.0,0.0,0,,0.0,0.0,2026-03-02 14:59:41.176,2026-01-27 14:15:15.073
5597,6,1,1317461730,Склад,Тройници на резба,Тройник 316L резба вътрешна 1/2“,143284/02092025/7,1785439929539494103,,|1—тройник вътр. резба|2—1/2`|5—склад|,«0000N0000000000,0.0,0.0,0.0,0.0,0.0,0.0,M,L,L,2.325347,0.0,0.0,0,,0.0,0.0,2026-01-27 14:16:38.488,2026-01-27 14:16:38.488
5597,8,1,1320962478,Склад,М/Ж резба,Преход 316L резба М/Ж 3/4“х1/2“,12345/1,1785439929539494104,,|1—преход м/ж|2—3/4х1/2|5—склад|,«0000N0000000000,0.0,0.0,0.0,0.0,0.0,0.0,M,L,L,0.0,0.0,0.0,0,,0.0,0.0,2026-03-02 14:59:41.176,2026-01-27 14:15:22.307
5597,10,1,1318956547,"Склад 3, 10/30kW",2.5.4. Вентили,"Вентил предпазен 1216 НРЖ, PN40  1“х1“",202529294004,1785439929539494105,,"|1—предпазен вентил 1216 НРЖ, PN40|2—1``-1``|5—склад|",«0000N0000000000,1.0,0.0,,,0.0,0.0,M,L,L,242.93522443157124,0.0,0.0,0,,0.0,0.0,2026-02-10 13:34:16.483,2025-09-03 07:58:40.596
5597,11,1,1318956547,"Склад 3, 10/30kW",Сензори,Трансмитер за налягане 0-15 bar,24607/04.2024,1785439929539494106,,|1—датчици за налягане|2—0-15 bar|5—склад|,«0000N0000000000,3.0,0.0,,,0.0,0.0,M,L,L,0.0,0.0,0.0,0,,0.0,0.0,2026-02-10 13:34:16.483,2025-09-10 09:17:43.247
5597,12,1,1320962478,Склад,2.5.2. Кранове на заварка,Кран сфер. на зав. 3-части 316L PN63 (Акт) 1“,28082025/40,1785439929539494107,,,«0000N0000000000,0.0,0.0,,,0.0,0.0,M,L,L,181.61241007654039,0.0,0.0,0,,0.0,0.0,2025-11-11 14:39:23.377,2025-11-11 14:39:23.377
5597,13,1,1320962478,"Склад производство, 500kW",2.1. Тръби,"Тръба шевна 304L (33,7x2) 1``",28082025/3,1785439929539494110,,,«0000N0000000000,11.0,0.0,,,0.0,0.0,M,L,L,11.544970677410612,0.0,0.0,0,,0.0,0.0,2026-03-04 08:11:00.845,2026-03-04 08:11:00.845
5597,14,1,1320962478,"Склад производство, 500kW",2.5.2. Кранове на заварка,Кран сфер. на зав. 3-части 316L PN63 (Акт) 1“,28082025/40,1785439929539494108,,,«0000N0000000000,9.0,0.0,,,0.0,0.0,M,L,L,181.61241007654039,0.0,0.0,0,,0.0,0.0,2026-03-04 08:11:00.954,2026-03-04 08:11:00.954
5597,15,1,1320962478,"Склад производство, 500kW",2.1. Тръби,"Тръба шевна 304L (21,3x2) 1/2``",28082025/2,1785439929539494109,,,«0000N0000000000,2.0,0.0,,,0.0,0.0,M,L,L,5.7213561505856845,0.0,0.0,0,,0.0,0.0,2026-03-04 08:11:00.813,2026-03-04 08:11:00.813
5597,17,1,1316458012,Склад,М12,Болт с шест.гл. 8.8 vZn М12х45,12345/12,1785439929539494111,,|1—болт цинк|2—М12х45|5—склад|,«0000N0000000000,0.0,0.0,0.0,0.0,0.0,0.0,M,L,L,0.14,0.0,0.0,0,,0.0,0.0,2026-01-16 14:39:40.716,2026-01-16 14:39:40.716
5597,19,1,1317543026,"Склад производство, 500kW",М12,Болт с шест.гл. 8.8 vZn М12х45,12345/12,1785439929539494112,,|1—болт цинк|2—М12х45|5—склад|,«0000N0000000000,88.0,0.0,,,0.0,0.0,M,L,L,0.14,0.0,0.0,0,,0.0,0.0,2026-03-04 08:11:01.032,2026-03-04 08:11:01.032
5597,21,1,1320962478,Склад,ИТТ,Шайба пружинна vZn-М12,12345/15,1785439929539494113,,|1—федер шайба цинк|2—М12|5—склад|,«0000N0000000000,0.0,0.0,0.0,0.0,0.0,0.0,M,L,L,0.0,0.0,0.0,0,,0.0,0.0,2026-03-02 14:59:41.207,2025-10-24 07:45:19.835
5597,23,1,1320962478,"Склад производство, 500kW",ИТТ,Шайба пружинна vZn-М12,12345/15,1785439929539494114,,|1—федер шайба цинк|2—М12|5—склад|,«0000N0000000000,44.0,0.0,,,0.0,0.0,M,L,L,0.0,0.0,0.0,0,,0.0,0.0,2026-03-02 14:59:41.207,2025-09-03 08:10:27.810
5597,24,1,1320962478,Склад,Фитинги - Щуцер на резба,Връзка ъглова 1500  8/6“х1/4“,132465/1,1785439929539494115,,|1—ъглова връзка|2—8/6х1/4|5—склад|,«0000N0000000000,0.0,0.0,0.0,0.0,0.0,0.0,M,L,L,0.0,0.0,0.0,0,,0.0,0.0,2026-03-02 14:59:41.222,2025-12-10 09:21:09.640
5506,0,1,1320962478,"Склад 3, 10/30kW",Фитинги - Щуцер на резба,Връзка ъглова 1500  8/6“х1/4“,132465/1,1785439929539494116,,|1—ъглова връзка|2—8/6х1/4|5—склад|,«0000N0000000000,2.0,0.0,,,0.0,0.0,M,L,L,0.0,0.0,0.0,0,,0.0,0.0,2026-03-02 14:59:41.222,2025-09-03 08:30:46.272
5506,1,1,1320962478,Склад,М16,Шайба пружинна gvZn М16,10505475/020925,1785439929539494117,,,«0000N0000000000,0.0,0.0,,,0.0,0.0,M,L,L,0.24658584846331225,0.0,0.0,0,,0.0,0.0,2026-03-02 14:59:41.222,2025-11-21 10:27:52.668
5506,2,1,1320962478,Склад,2. Консумативи,"Тефлонова лента, 13м 3/4`",3901-00,1785439929539494118,,,«0000N0000000000,0.0,0.0,,,0.0,0.0,M,L,L,1.736347228542358,0.0,0.0,0,,0.0,0.0,2026-03-02 14:59:41.238,2026-01-28 12:55:32.998
5506,3,1,1320962478,Склад,2. Консумативи,"Тефлонова лента, 7м. 1/2`",3899-00,1785439929539494119,,,«0000N0000000000,0.0,0.0,,,0.0,0.0,M,L,L,0.7976153346661009,0.0,0.0,0,,0.0,0.0,2026-03-02 14:59:41.238,2026-01-28 12:55:39.888
5506,4,1,1320962478,"Склад 3, 10/30kW",3. Консумативи,Калиева основа,122170/14082025,1785439929539494120,,,«0000N0000000000,0.0,0.0,,,0.0,0.0,M,L,L,3.313171390151496,0.0,0.0,0,,0.0,0.0,2026-03-02 14:59:41.238,2026-01-28 08:36:35.354
5506,5,1,1316432568,Склад,2.5.2. Кранове на заварка,Кран сфер. на зав. 3-части 316L PN63 1/2“,1419196/040925/1,1785439929539494121,,,«0000N0000000000,0.0,0.0,0.0,0.0,0.0,0.0,M,L,L,10.467385,0.0,0.0,0,,0.0,0.0,2026-01-16 10:23:00.924,2026-01-16 10:23:00.924
5506,6,1,1316432558,Склад,2.5.3. Кранове на резба,Кран сфер. на рез. 3-части 316L PN63 1/2“,1419196/040925/2,1785439929539494122,,,«0000N0000000000,0.0,0.0,0.0,0.0,0.0,0.0,M,L,L,10.467385,0.0,0.0,0,,0.0,0.0,2026-01-16 10:21:35.195,2026-01-16 10:21:35.195
5506,9,1,1320962478,"Склад 3, 10/30kW",Колена на резба,Коляно 90° 316L резба М/Ж 1/2“,07082025,1785439929539494124,,|1—коляно 90гр. вътр./вън. резба|2—1/2`|,«0000N0000000000,18.0,0.0,,,0.0,0.0,M,L,L,2.0001738392396065,0.0,0.0,0,,0.0,0.0,2026-03-02 14:59:41.254,2025-09-30 08:17:34.800
5506,10,1,1320962478,"Склад 3, 10/30kW",Муфи на резба,Муфа 316L резба 150LBS 1/2“,07082025,1785439929539494125,,|1—муфа вътр. резба|2—1/2`|,«0000N0000000000,21.0,0.0,,,0.0,0.0,M,L,L,1.8406507723063865,0.0,0.0,0,,0.0,0.0,2026-03-02 14:59:41.254,2025-09-09 08:11:10.260
5506,11,1,1320962478,"Склад 3, 10/30kW",Нипели на резба,Нипел шест. 316L резба 150LBS 1/2“,143284/02092025/2,1785439929539494126,,|1—нипел шестостен|2—1/2`|5—склад|,«0000N0000000000,11.0,0.0,,,0.0,0.0,M,L,L,2.055393362408798,0.0,0.0,0,,0.0,0.0,2026-03-02 14:59:41.254,2026-01-26 12:29:36.974
5506,12,1,1320962478,"Склад 3, 10/30kW",Нипели на резба,Нипел шест. 304L резба 150LBS 1/2“,143284/02092025/1,1785439929539494127,,,«0000N0000000000,9.0,0.0,,,0.0,0.0,M,L,L,1.104390463383832,0.0,0.0,0,,0.0,0.0,2026-03-02 14:59:41.269,2025-09-05 08:32:03.393
5506,13,1,1320962478,"Склад 3, 10/30kW",Тройници на резба,Тройник 316L резба вътрешна 1/2“,07082025,1785439929539494128,,|1—тройник вътр. резба|2—1/2`|,«0000N0000000000,3.0,0.0,,,0.0,0.0,M,L,L,2.325355475680402,0.0,0.0,0,,0.0,0.0,2026-03-02 14:59:41.269,2026-01-26 12:29:36.987
5506,14,1,1317551254,"Склад 3, 10/30kW",М/Ж резба,Преход 316L резба М/Ж 1/2“х1/4“,143284/02092025/6,1785439929539494129,,|1—преход м/ж|2—1/2х1/4|5—склад|,«0000N0000000000,3.0,0.0,0.0,0.0,0.0,0.0,M,L,L,0.83,0.0,0.0,0,,0.0,0.0,2026-01-27 12:18:03.213,2026-01-26 12:29:37.000
5506,15,1,1318956547,"Склад 3, 10/30kW",Сензори,Датчик за температура,ta-025clem14-a-zvg/us,1785439929539494130,,,«0000N0000000000,0.0,0.0,,,0.0,0.0,M,L,L,103.31675043331987,0.0,0.0,0,,0.0,0.0,2026-02-10 13:34:16.483,2026-01-26 12:29:36.935
5506,16,1,1320962478,Склад,2.5.1. Кранове на фланци,Кран сфер. на фл. трипътен 316L (Акт) 1 1/2`“,280825/43,1785439929539494131,,,«0000N0000000000,0.0,0.0,0.0,0.0,0.0,0.0,M,L,L,537.8220499736685,0.0,0.0,0,,0.0,0.0,2026-03-02 14:59:41.269,2026-01-05 09:42:17.556
5506,18,1,1316451202,Склад,2.5.4. Вентили,Вентил предпазен 2“G x 2“G,1419195/040925,1785439929539494132,,|1—Предпазен вентил|3—Genebre|5—склад|,«0000N0000000000,0.0,0.0,0.0,0.0,0.0,0.0,M,L,L,247.14736,0.0,0.0,0,,0.0,0.0,2026-01-16 12:20:39.100,2026-01-16 12:20:39.100
5506,19,1,1315341312,Склад,2.5.2. Кранове на заварка,Кран сфер. на зав. 3-части 316L PN63 (Акт) 1“,1419195/040925/2,1785439929539494133,,,«0000N0000000000,0.0,0.0,0.0,0.0,0.0,0.0,M,L,L,191.7,0.0,0.0,0,,0.0,0.0,2026-01-16 10:21:22.446,2026-01-16 10:21:22.446
5506,20,1,1316432582,Склад,2.5.1. Кранове на фланци,Кран сфер. на фл. трипътен 316L (Акт) 1 1/2`“,1419195/040925/3,1785439929539494134,,,«0000N0000000000,0.0,0.0,0.0,0.0,0.0,0.0,M,L,L,537.820071,0.0,0.0,0,,0.0,0.0,2026-01-16 10:23:06.111,2026-01-16 10:23:06.111
5506,21,1,1316432492,Склад,2.5.1. Кранове на фланци,Кран сфер. на фл. 2-части 316L PN40 (Акт) 2“,1419195/040925/4,1785439929539494135,,,«0000N0000000000,0.0,0.0,0.0,0.0,0.0,0.0,M,L,L,438.664579,0.0,0.0,0,,0.0,0.0,2026-01-16 10:21:15.962,2026-01-16 10:21:15.962
5608,0,1,1316432461,Склад,2.5.1. Кранове на фланци,Кран сфер. на фл. 2-части 316L PN40 (Акт) 1 1/2“,1419195/040925/5,1785439929539494136,,,«0000N0000000000,0.0,0.0,0.0,0.0,0.0,0.0,M,L,L,379.755535,0.0,0.0,0,,0.0,0.0,2026-01-16 10:21:03.151,2026-01-16 10:21:03.151
5608,1,1,1320962478,Склад,2.5.2. Кранове на заварка,Кран сфер. на зав. 3-части 316L PN63 1“,1419195/040925/6,1785439929539494137,,,«0000N0000000000,0.0,0.0,0.0,0.0,0.0,0.0,M,L,L,261.24969961601977,0.0,0.0,0,,0.0,0.0,2026-03-02 14:59:41.285,2026-01-05 09:41:20.060
5608,2,1,1318541504,"Склад 3, 10/30kW",Кабели - Сензори,Кабел PUR М12 конектор 10м,28082025/30,1785439929539494138,,"|1—PUR кабел, М12 конектор|2—10 м.|",«0000N0000000000,6.0,0.0,,,0.0,0.0,M,L,L,0.0,0.0,0.0,0,,0.0,0.0,2026-02-06 09:57:40.395,2025-09-26 14:18:29.129
5608,3,1,1320962478,Склад,М6,Гайка шест. 8 vZn М6,090925/1,1785439929539494139,,|1—гайка|2—М6|5—склад|,«0000N0000000000,0.0,0.0,0.0,0.0,0.0,0.0,M,L,L,0.0,0.0,0.0,0,,0.0,0.0,2026-03-02 14:59:41.285,2025-12-18 09:05:00.163
5608,5,1,1320962478,"Склад 3, 10/30kW",М6,Гайка шест. 8 vZn М6,090925/1,1785439929539494140,,|1—гайка|2—М6|5—склад|,«0000N0000000000,10.0,0.0,,,0.0,0.0,M,L,L,0.0,0.0,0.0,0,,0.0,0.0,2026-03-02 14:59:41.301,2026-01-26 12:29:36.910
5608,7,1,1316453917,Склад,М6,Болт с шест.гл. 8.8 vZn М6х70,090925/2,1785439929539494141,,|1—болт цинк|2—М6х70|5—склад|,«0000N0000000000,0.0,0.0,0.0,0.0,0.0,0.0,M,L,L,0.05,0.0,0.0,0,,0.0,0.0,2026-01-16 14:40:00.059,2026-01-16 14:40:00.059
5608,9,1,1320962478,"Склад 3, 10/30kW",М6,Болт с шест.гл. 8.8 vZn М6х70,090925/2,1785439929539494142,,|1—болт цинк|2—М6х70|5—склад|,«0000N0000000000,15.0,0.0,,,0.0,0.0,M,L,L,0.0,0.0,0.0,0,,0.0,0.0,2026-03-02 14:59:41.301,2025-09-09 08:17:14.434
5608,11,1,1320962478,Склад,М6,Болт с шест.гл. 8.8 vZn М6х90,090925/3,1785439929539494143,,|1—болт цинк|2—М6х90|5—склад|,«0000N0000000000,0.0,0.0,0.0,0.0,0.0,0.0,M,L,L,0.0,0.0,0.0,0,,0.0,0.0,2026-03-02 14:59:41.301,2026-01-27 13:48:58.574
5608,13,1,1320962478,"Склад 3, 10/30kW",М6,Болт с шест.гл. 8.8 vZn М6х90,090925/3,1785439929539494144,,|1—болт цинк|2—М6х90|5—склад|,«0000N0000000000,10.0,0.0,,,0.0,0.0,M,L,L,0.0,0.0,0.0,0,,0.0,0.0,2026-03-02 14:59:41.316,2025-09-09 08:17:32.620
5608,14,1,1316451255,Склад,Фитинги - Щуцер на резба,Щуцер за маркуч 304 1/2“,061125/1,1785439929539494145,,,«0000N0000000000,5.0,0.0,0.0,0.0,0.0,0.0,M,L,L,0.935661,0.0,0.0,0,,0.0,0.0,2026-06-16 13:44:23.744,2026-06-16 13:44:23.744
5608,15,1,1320962478,Склад,Фитинги - Щуцер на резба,Щуцер за маркуч 304 1/4“,090925/6,1785439929539494146,,,«0000N0000000000,0.0,0.0,0.0,0.0,0.0,0.0,M,L,L,0.5112918811962185,0.0,0.0,0,,0.0,0.0,2026-03-02 14:59:41.316,2026-01-27 14:07:16.356
5608,17,1,1320962478,"Склад 3, 10/30kW",Фитинги - Щуцер на резба,Щуцер за маркуч 304 1/2“,061125/1,1785439929539494147,,,«0000N0000000000,0.0,0.0,,,0.0,0.0,M,L,L,4.090335049569748,0.0,0.0,0,,0.0,0.0,2026-03-02 14:59:41.316,2026-01-28 08:39:42.888
5608,18,1,1320962478,Склад,2.4. Фланци,Уплътнение CF3000 PTFE DN40,090925/11,1785439929539494148,,|1—уплътнение CF3000 PTFE|2—DN40|5—склад|,«0000N0000000000,0.0,0.0,0.0,0.0,0.0,0.0,M,L,L,1.0890517069479453,0.0,0.0,0,,0.0,0.0,2026-03-02 14:59:41.332,2025-11-18 07:59:57.283
5608,20,1,1320962478,"Склад производство, 500kW",2.4. Фланци,Уплътнение CF3000 PTFE DN40,090925/11,1785439929539494149,,|1—уплътнение CF3000 PTFE|2—DN40|5—склад|,«0000N0000000000,35.0,0.0,,,0.0,0.0,M,L,L,1.0890517069479453,0.0,0.0,0,,0.0,0.0,2026-03-04 08:11:01.267,2026-03-04 08:11:01.267
5608,22,1,1320962478,Склад,2.4. Фланци,Уплътнение CF3000 PTFE DN25,090925/12,1785439929539494150,,|1—уплътнение CF3000 PTFE|2—DN25|5—склад|,«0000N0000000000,-0.0,0.0,0.0,0.0,0.0,0.0,M,L,L,0.9203253861531933,0.0,0.0,0,,0.0,0.0,2026-03-02 14:59:41.332,2025-10-21 09:39:16.623
5608,24,1,1320962478,"Склад производство, 500kW",2.4. Фланци,Уплътнение CF3000 PTFE DN25,090925/12,1785439929539494151,,|1—уплътнение CF3000 PTFE|2—DN25|5—склад|,«0000N0000000000,4.0,0.0,,,0.0,0.0,M,L,L,0.9203253861531933,0.0,0.0,0,,0.0,0.0,2026-03-04 08:11:01.657,2026-03-04 08:11:01.657
5608,25,1,1320962478,Склад,Интерметал,Материал за фитинги - шестостен S22,1172012/090925,1785439929539494152,,,«0000N0000000000,0.0,0.0,0.0,0.0,0.0,0.0,M,L,L,17.789889714341225,0.0,0.0,0,,0.0,0.0,2026-03-02 14:59:41.347,2025-09-10 10:01:16.422
5608,27,1,1320962478,Склад,"Прекъсвачи, Предпазители",Предпазител LQA01230 16А,090925/14,1785439929539494153,,|1—предпазители|2—16А|5—склад|,«0000N0000000000,0.0,0.0,0.0,0.0,0.0,0.0,M,L,L,0.0,0.0,0.0,0,,0.0,0.0,2026-03-02 14:59:41.347,2026-01-28 10:14:42.298
5620,0,1,1320962478,"Склад 3, 10/30kW","Прекъсвачи, Предпазители",Предпазител LQA01230 16А,090925/14,1785439929539494154,,|1—предпазители|2—16А|5—склад|,«0000N0000000000,1.0,0.0,,,0.0,0.0,M,L,L,0.0,0.0,0.0,0,,0.0,0.0,2026-03-02 14:59:41.347,2025-09-09 12:35:18.351
5620,1,1,1318956547,"Склад 3, 10/30kW",2.5.4. Вентили,"Вентил предпазен 1216 НРЖ, PN40  1“х1“",202529294008,1785439929539494155,,"|1—предпазен вентил 1216 НРЖ, PN40|2—1``-1``|5—склад|",«0000N0000000000,1.0,0.0,,,0.0,0.0,M,L,L,242.93522443157124,0.0,0.0,0,,0.0,0.0,2026-02-10 13:34:16.499,2025-09-10 09:21:15.643
5620,2,1,1317554692,2. МЕТАЛХИДРИД,Интерметал,Материал за фитинги - шестостен S22,1172012/090925,1785439929539494156,,,«0000N0000000000,3.8899999999999997,0.0,0.0,0.0,0.0,0.0,M,L,L,17.789824,0.0,0.0,0,,0.0,0.0,2026-01-27 13:07:34.662,2026-01-27 09:20:07.897
5620,3,1,1316454170,Склад,М8,Болт с шест.гл. 8.8 vZn М8х25,090925/16,1785439929539494157,,|1—болт цинк|2—М8х25|5—склад|,«0000N0000000000,0.0,0.0,0.0,0.0,0.0,0.0,M,L,L,0.04,0.0,0.0,0,,0.0,0.0,2026-01-16 14:39:33.748,2026-01-16 14:39:33.748
5620,5,1,1320962478,"Склад производство, 500kW",М8,Болт с шест.гл. 8.8 vZn М8х25,090925/16,1785439929539494158,,|1—болт цинк|2—М8х25|5—склад|,«0000N0000000000,10.0,0.0,,,0.0,0.0,M,L,L,0.0,0.0,0.0,0,,0.0,0.0,2026-03-04 08:11:01.001,2026-03-04 08:11:01.001
5620,8,1,1320962478,"Склад 3, 10/30kW",Захранвания,Захранване за DIN шина SDR-120-24 24V/5A,110925/1,1785439929539494160,,|1—захранване за DIN шина|2—24V/5A|,«0000N0000000000,1.0,0.0,,,0.0,0.0,M,L,L,0.0,0.0,0.0,0,,0.0,0.0,2026-03-02 14:59:41.363,2025-09-11 08:41:16.012
5620,9,1,1320962478,Склад,2.1. Тръби,"Тръба шевна 304L (48,3х3) 1 1/2“",10143532/110925/48x3x3,1785439929539494161,,,«0000N0000000000,0.0,0.0,0.0,0.0,0.0,0.0,M,L,L,16.14148468936462,0.0,0.0,0,,0.0,0.0,2026-03-02 14:59:41.363,2026-01-28 12:59:39.106
5620,10,1,1320962478,Склад,2.1. Тръби,"Тръба шевна 304L (48,3х2) 1 1/2``",10143532/110925/48.3,1785439929539494162,,,«0000N0000000000,0.0,0.0,,,0.0,0.0,M,L,L,14.90927125568173,0.0,0.0,0,,0.0,0.0,2026-01-15 15:20:40.504,2026-01-15 15:20:40.504
5620,11,1,1320962478,Склад,2.1. Тръби,"Тръба шевна 304L (33,7x2) 1``",10143532/110925/33.7,1785439929539494163,,,«0000N0000000000,0.0,0.0,,,0.0,0.0,M,L,L,11.544970677410612,0.0,0.0,0,,0.0,0.0,2026-01-28 13:00:00.479,2026-01-28 13:00:00.479
5620,12,1,1320962478,Склад,2.1. Тръби,"Тръба шевна 304L (60,3х2) 2``","10143532/110925/60,3",1785439929539494164,,,«0000N0000000000,0.0,0.0,,,0.0,0.0,M,L,L,12.061375477418794,0.0,0.0,0,,0.0,0.0,2026-01-15 15:20:47.269,2026-01-15 15:20:47.269
5620,13,1,1320962478,Склад,2.1. Тръби,"Тръба шевна 304L (114,3х2) 4``",10143532/110925/114.3,1785439929539494165,,,«0000N0000000000,0.0,0.0,,,0.0,0.0,M,L,L,31.23993394108895,0.0,0.0,0,,0.0,0.0,2026-01-15 15:20:06.429,2026-01-15 15:20:06.429
5620,14,1,1320962478,Склад,2.1. Тръби,"Тръба шевна 304L (168,3х2) 6``",10143532/110925/168.3,1785439929539494166,,,«0000N0000000000,0.0,0.0,,,0.0,0.0,M,L,L,33.64300578271118,0.0,0.0,0,,0.0,0.0,2026-01-15 15:20:19.350,2026-01-15 15:20:19.350
5620,15,1,1320962478,Склад,2.1. Тръби,"Тръба безшевна 316L 6x1,0",10143532/110925/6x1,1785439929539494167,,,«0000N0000000000,0.0,0.0,,,0.0,0.0,M,L,L,5.051563786218639,0.0,0.0,0,,0.0,0.0,2026-01-15 15:19:44.353,2026-01-15 15:19:44.353
5620,17,1,1316451287,Склад,Нипели на резба,Нипел шест. 316L резба 150LBS 1“,10143532/110925/100806,1785439929539494168,,|1—нипел шестостен|2—1`|5—склад|,«0000N0000000000,0.0,0.0,0.0,0.0,0.0,0.0,M,L,L,3.2620299999999998,0.0,0.0,0,,0.0,0.0,2026-01-16 12:21:40.486,2026-01-16 12:21:40.486
5620,18,1,1320962478,Склад,2.1. Тръби,"Тръба шевна 304L (323,9х3) 12``",10143532/110925/323.9,1785439929539494169,,,«0000N0000000000,0.0,0.0,0.0,0.0,0.0,0.0,M,L,L,147.65598237065595,0.0,0.0,0,,0.0,0.0,2026-03-02 14:59:41.410,2026-01-15 15:19:36.353
5620,19,1,1316438937,Склад,Муфи на резба,Муфа 304L резба 150LBS 1/4“,10143532/110925/1.4,1785439929539494170,,,«0000N0000000000,0.0,0.0,0.0,0.0,0.0,0.0,M,L,L,0.761822,0.0,0.0,0,,0.0,0.0,2026-01-16 12:20:49.615,2026-01-16 12:20:49.615
5620,20,1,1316438950,Склад,Муфи на резба,Муфа 304L резбa 150LBS  1/2``,10143532/110925/1.2,1785439929539494171,,,«0000N0000000000,0.0,0.0,0.0,0.0,0.0,0.0,M,L,L,1.3498059999999998,0.0,0.0,0,,0.0,0.0,2026-01-16 12:20:57.614,2026-01-16 12:20:57.614
5620,21,1,1316438965,Склад,Муфи на резба,Муфа 304L резбa 150LBS L42 1``,10143532/110925/1.,1785439929539494172,,,«0000N0000000000,0.0,0.0,0.0,0.0,0.0,0.0,M,L,L,2.970595,0.0,0.0,0,,0.0,0.0,2026-01-16 12:21:08.707,2026-01-16 12:21:08.707
5620,22,1,1316438978,Склад,Муфи на резба,Муфа 304L резбa 150LBS L45 1 1/2``,10143532/110925/1.1/2,1785439929539494173,,,«0000N0000000000,0.0,0.0,0.0,0.0,0.0,0.0,M,L,L,2.781418,0.0,0.0,0,,0.0,0.0,2026-01-16 12:21:13.816,2026-01-16 12:21:13.816
5644,0,1,1316438988,Склад,Муфи на резба,Муфа 304L резбa 150LBS L54 2``,10143532/110925/2.,1785439929539494174,,,«0000N0000000000,0.0,0.0,0.0,0.0,0.0,0.0,M,L,L,4.172126,0.0,0.0,0,,0.0,0.0,2026-01-16 12:21:18.847,2026-01-16 12:21:18.847
5644,2,1,1316451217,Склад,М/Ж резба,Преход 316L резба М/Ж 3/4“х1/4“,10143532/110925/1,1785439929539494175,,|1—преход м/ж|2—3/4х1/4|5—склад|,«0000N0000000000,0.0,0.0,0.0,0.0,0.0,0.0,M,L,L,3.527901,0.0,0.0,0,,0.0,0.0,2026-01-16 12:20:44.303,2026-01-16 12:20:44.303
5644,3,1,1316437053,Склад,2.2. Фитинги за заваряване,"Капа 316L (114,3х2) 4``",10143532/110925/4`,1785439929539494176,,,«0000N0000000000,0.0,0.0,0.0,0.0,0.0,0.0,M,L,L,7.98635,0.0,0.0,0,,0.0,0.0,2026-01-16 09:01:40.239,2026-01-16 09:01:40.239
5644,4,1,1320962478,Склад,2.2. Фитинги за заваряване,"Капа 316L (168,3x2,0) 6``",10143532/110925/6`,1785439929539494177,,,«0000N0000000000,0.0,0.0,,,0.0,0.0,M,L,L,20.19091638843867,0.0,0.0,0,,0.0,0.0,2026-01-16 08:42:39.581,2026-01-16 08:42:39.581
5644,5,1,1318450691,Склад,2.4. Фланци,Фланец плосък 304 T8 PN16 DN25,10143532/110925/25,1785439929539494178,,,«0000N0000000000,0.0,0.0,0.0,0.0,0.0,0.0,M,L,L,5.4,0.0,0.0,0,,0.0,0.0,2026-02-05 12:09:57.370,2026-01-16 09:38:20.399
5644,6,1,1316439891,Склад,2.4. Фланци,Фланец плосък 304 T10 PN16 DN40,10143532/110925/40,1785439929539494179,,,«0000N0000000000,0.0,0.0,0.0,0.0,0.0,0.0,M,L,L,11.015077999999999,0.0,0.0,0,,0.0,0.0,2026-01-16 09:38:09.072,2026-01-16 09:38:09.072
5644,7,1,1316439900,Склад,2.4. Фланци,Фланец плосък 304 T10 PN16 DN50,10143532/110925/50,1785439929539494180,,,«0000N0000000000,0.0,0.0,0.0,0.0,0.0,0.0,M,L,L,10.607529,0.0,0.0,0,,0.0,0.0,2026-01-16 09:38:14.540,2026-01-16 09:38:14.540
5644,8,1,1316437457,Склад,2.2. Фитинги за заваряване,"Коляно 90° 304L заварка (33,7х2) 1``",10143532/110925/k1`,1785439929539494181,,,«0000N0000000000,1.0,0.0,0.0,0.0,0.0,0.0,M,L,L,2.996159,5.86,5.86,0,,0.0,0.0,2026-06-16 13:44:22.122,2026-06-16 13:44:22.122
5644,9,1,1316437476,Склад,2.2. Фитинги за заваряване,"Коляно 90° 304L заварка (48,3х2) 1 1/2``",10143532/110925/k1.1/2`,1785439929539494182,,,«0000N0000000000,5.0,0.0,0.0,0.0,0.0,0.0,M,L,L,3.798885,0.0,0.0,0,,0.0,0.0,2026-06-16 13:44:22.173,2026-06-16 13:44:22.173
5644,10,1,1316437489,Склад,2.2. Фитинги за заваряване,"Коляно 90° 304L зав. (60,3x2) 2``",10143532/110925/k2`,1785439929539494183,,,«0000N0000000000,0.0,0.0,0.0,0.0,0.0,0.0,M,L,L,5.724403,0.0,0.0,0,,0.0,0.0,2026-01-16 09:02:20.912,2026-01-16 09:02:20.912
5644,11,1,,Склад,Други (Електроника),Управление за дебитомери,06c53400198,1785439929539494344,,,«0000N0000000000,0.0,0.0,,,0.0,0.0,M,L,L,2254.0,0.0,0.0,0,,0.0,0.0,2026-01-28 08:44:26.270,2026-01-28 08:44:26.270
5644,12,1,,Склад,Кабели - Захранващи,Кабел захранващ 3м,928991/110925,1785439929539494345,,,«0000N0000000000,0.0,0.0,,,0.0,0.0,M,L,L,180.91,0.0,0.0,0,,0.0,0.0,2026-01-28 08:44:16.130,2026-01-28 08:44:16.130
5644,14,1,1318941200,Склад,2.2. Фитинги за заваряване,Тройник 304L заварка (33.7х2) 1`,10143532/110925/t1`,1785439929539494185,,|1—тройник|2—33.7х2|,«0000N0000000000,1.0,0.0,0.0,0.0,0.0,0.0,M,L,L,6.033222,0.0,0.0,0,,0.0,0.0,2026-06-16 13:44:22.222,2026-06-16 13:44:22.222
5644,16,1,1316437543,Склад,2.2. Фитинги за заваряване,Тройник 304L заварка (48.3х2) 1 1/2“,10143532/110925/t1.1/2`,1785439929539494186,,|1—тройник|2—48.3х2|,«0000N0000000000,0.0,0.0,0.0,0.0,0.0,0.0,M,L,L,8.615237,0.0,0.0,0,,0.0,0.0,2026-01-16 09:02:38.364,2026-01-16 09:02:38.364
5644,17,1,1316437524,Склад,2.2. Фитинги за заваряване,"Тройник 304L заварка (60,3х2) 2``",10143532/110925/t2`,1785439929539494187,,,«0000N0000000000,0.0,0.0,0.0,0.0,0.0,0.0,M,L,L,11.069428,0.0,0.0,0,,0.0,0.0,2026-01-16 09:02:25.740,2026-01-16 09:02:25.740
5644,20,1,1316438011,Склад,2.2. Фитинги за заваряване,Полунипел 316L 150LBS 1 1/2“,10143532/110925/pn1.1/2`,1785439929539494189,,|1—полунипел|2—1 1/2`|5—склад|,«0000N0000000000,0.0,0.0,0.0,0.0,0.0,0.0,M,L,L,2.766079,0.0,0.0,0,,0.0,0.0,2026-01-16 09:17:06.774,2026-01-16 09:17:06.774
5644,22,1,1316440006,Склад,2.4. Фланци,Уплътнение CF3000 PTFE DN25,10143532/110925/pfte25,1785439929539494190,,|1—уплътнение CF3000 PTFE|2—DN25|5—склад|,«0000N0000000000,0.0,0.0,0.0,0.0,0.0,0.0,M,L,L,0.920322,0.0,0.0,0,,0.0,0.0,2026-01-16 09:38:39.758,2026-01-16 09:38:39.758
5644,23,1,1320962478,Неактивен 3,М16,Болт с шест.гл. 8.8 vZn М16х50,101025,1785439929539494636,,|1—болт цинк|2—М16х50|5—склад|,«0000N0000000000,24.0,0.0,,,0.0,0.0,M,L,L,0.0,0.0,0.0,0,,0.0,0.0,2026-03-02 14:59:41.441,2025-10-30 10:09:36.307
5646,0,1,1316440020,Склад,2.4. Фланци,Уплътнение CF3000 PTFE DN40,10143532/110925/pfte40,1785439929539494191,,|1—уплътнение CF3000 PTFE|2—DN40|5—склад|,«0000N0000000000,0.0,0.0,0.0,0.0,0.0,0.0,M,L,L,1.089048,0.0,0.0,0,,0.0,0.0,2026-01-16 09:38:44.664,2026-01-16 09:38:44.664
5646,2,1,1316440034,Склад,2.4. Фланци,Уплътнение CF3000 PTFE DN50,10143532/110925/pfte50,1785439929539494192,,|1—уплътнение CF3000 PTFE|2—DN50|5—склад|,«0000N0000000000,0.0,0.0,0.0,0.0,0.0,0.0,M,L,L,2.157644,0.0,0.0,0,,0.0,0.0,2026-01-16 09:38:49.476,2026-01-16 09:38:49.476
5646,3,1,1316439930,Склад,2.4. Фланци,Фланец плосък с резба 304L PN10/16/40 DN25 x1“,10143532/110925/r25,1785439929539494193,,,«0000N0000000000,0.0,0.0,0.0,0.0,0.0,0.0,M,L,L,17.166459,0.0,0.0,0,,0.0,0.0,2026-01-16 09:38:30.762,2026-01-16 09:38:30.762
5646,4,1,1316439940,Склад,2.4. Фланци,Фланец плосък с резба 304L PN10/16/40 DN40x1 1/2,10143532/110925/r40,1785439929539494194,,,«0000N0000000000,0.0,0.0,0.0,0.0,0.0,0.0,M,L,L,32.456689,0.0,0.0,0,,0.0,0.0,2026-01-16 09:38:35.105,2026-01-16 09:38:35.105
5646,5,1,1316439920,Склад,2.4. Фланци,Фланец плосък с резба 304L PN10/16 DN50 x2“,10143532/110925/r50,1785439929539494195,,,«0000N0000000000,0.0,0.0,0.0,0.0,0.0,0.0,M,L,L,29.512680999999997,0.0,0.0,0,,0.0,0.0,2026-01-16 09:38:26.153,2026-01-16 09:38:26.153
5646,6,1,1317550953,Склад,2.6. Арматури,Филтър на фл. 316 INOX PN16 DN50,10143532/110925/f50,1785439929539494196,,,«0000N0000000000,0.0,0.0,0.0,0.0,0.0,0.0,M,L,L,354.216599,0.0,0.0,0,,0.0,0.0,2026-01-28 13:10:49.829,2026-01-28 13:10:49.829
5646,8,1,1318956547,"Склад 3, 10/30kW",2.5.4. Вентили,"Вентил предпазен 1216 НРЖ, PN40  1“х1“",10143548/110925/pv1`,1785439929539494197,,"|1—предпазен вентил 1216 НРЖ, PN40|2—1``-1``|5—склад|",«0000N0000000000,4.0,0.0,,,0.0,0.0,M,L,L,242.93522443157124,0.0,0.0,0,,0.0,0.0,2025-09-12 16:51:50.883,2025-09-12 16:51:50.883
5646,9,1,1318956547,"Склад 3, 10/30kW",2.5.4. Вентили,Вентил предпазен 1216 НРЖ PN40 2“x2“,202530099002,1785439929539494198,,,«0000N0000000000,0.0,0.0,0.0,0.0,0.0,0.0,M,L,L,487.77245466119246,0.0,0.0,0,,0.0,0.0,2026-02-10 13:34:16.499,2025-12-18 09:54:05.808
5646,11,1,1318956547,"Склад 3, 10/30kW",2.5.4. Вентили,"Пружина TOSACA 2,1-4,0 bar M2170",10143548/110925/m2170,1785439929539494199,,|1—пружина TOSACA 2.1-4.0 obarg|2—M2170|,«0000N0000000000,4.0,0.0,,,0.0,0.0,M,L,L,41.678468987590946,0.0,0.0,0,,0.0,0.0,2025-09-12 16:52:17.131,2025-09-12 16:52:17.131
5646,12,1,1320962478,"Склад 3, 10/30kW",магнетвентил,"Пружина Tosaca, 8.1-14.0 M2216",10143548/110925/m2216,1785439929539494200,,,«0000N0000000000,2.0,0.0,,,0.0,0.0,M,L,L,47.82624256709428,0.0,0.0,0,,0.0,0.0,2025-09-12 16:52:31.368,2025-09-12 16:52:31.368
5646,13,1,1320962478,Склад,2.2. Фитинги за заваряване,"Капа 316L (114,3х2) 4``",10143544/110925,1785439929539494201,,,«0000N0000000000,0.0,0.0,,,0.0,0.0,M,L,L,7.9863791842849325,0.0,0.0,0,,0.0,0.0,2025-09-23 07:49:02.294,2025-09-23 07:49:02.294
5646,14,1,1320962478,"Склад 3, 10/30kW",М/Ж резба,Преход 304L резба М/Ж 1“x1/2“,684625513,1785439929539494203,,,«0000N0000000000,0.0,0.0,,,0.0,0.0,M,L,L,2.2343455208274747,0.0,0.0,0,,0.0,0.0,2026-03-02 14:59:41.472,2025-09-23 08:21:21.942
5646,15,1,1320962478,"Склад 3, 10/30kW",2.2. Фитинги за заваряване,"Капа 316L (114,3х2) 4``",10143544/110925,1785439929539494202,,,«0000N0000000000,5.0,0.0,,,0.0,0.0,M,L,L,7.9863791842849325,0.0,0.0,0,,0.0,0.0,2026-03-02 14:59:41.472,2025-09-23 07:49:02.310
5646,16,1,1320962478,"Склад 3, 10/30kW",Тапи на резба,Тапа 304L резба 1“,16846123,1785439929539494204,,,«0000N0000000000,0.0,0.0,,,0.0,0.0,M,L,L,1.5645531564604287,0.0,0.0,0,,0.0,0.0,2026-03-02 14:59:41.472,2025-09-23 08:21:14.865
5646,17,1,1320962478,"Склад 3, 10/30kW",2.5.3. Кранове на резба,Кран сфер. на рез. 316L PN64 DN15,1658148,1785439929539494205,,|1—кран за задвижка|2—1/2 - DN15|5—склад|,«0000N0000000000,0.0,0.0,,,0.0,0.0,M,L,L,0.0,0.0,0.0,0,,0.0,0.0,2026-03-02 14:59:41.488,2026-01-28 08:39:42.998
5646,18,1,1320962479,"Склад производство, 500kW",М16,Шайба пружинна gvZn М16,10505475/020925,1785439929539494209,,,«0000N0000000000,400.0,0.0,,,0.0,0.0,M,L,L,0.24658584846331225,0.0,0.0,0,,0.0,0.0,2026-03-04 08:11:02.110,2026-03-04 08:11:02.110
5646,19,1,1320962479,"Склад производство, 500kW",Тапи на резба,Тапа 304L резба 1“,16846123,1785439929539494206,,,«0000N0000000000,2.0,0.0,,,0.0,0.0,M,L,L,1.5645531564604287,0.0,0.0,0,,0.0,0.0,2026-03-02 14:59:41.488,2025-09-23 08:21:14.912
5646,20,1,1320962479,"Склад производство, 500kW",М/Ж резба,Преход 304L резба М/Ж 1“x1/2“,684625513,1785439929539494207,,,«0000N0000000000,2.0,0.0,,,0.0,0.0,M,L,L,2.2343455208274747,0.0,0.0,0,,0.0,0.0,2026-03-02 14:59:41.504,2025-09-23 08:21:21.989
5646,21,1,1320962479,"Склад производство, 500kW",2.5.3. Кранове на резба,Кран сфер. на рез. 316L PN64 DN15,1658148,1785439929539494208,,|1—кран за задвижка|2—1/2 - DN15|5—склад|,«0000N0000000000,2.0,0.0,,,0.0,0.0,M,L,L,0.0,0.0,0.0,0,,0.0,0.0,2026-03-04 08:11:02.048,2026-03-04 08:11:02.048
5643,0,1,1320962479,Склад,М6,Винт с лещ.гл. 4.8 vZn М6х16,230925/1,1785439929539494210,,|1—винт звезда цинк|2—М6х16|5—склад|,«0000N0000000000,0.0,0.0,0.0,0.0,0.0,0.0,M,L,L,0.0,0.0,0.0,0,,0.0,0.0,2026-03-02 14:59:41.504,2026-01-27 13:49:17.157
5643,2,1,1320962479,"Склад производство, 500kW",М6,Винт с лещ.гл. 4.8 vZn М6х16,230925/1,1785439929539494211,,|1—винт звезда цинк|2—М6х16|5—склад|,«0000N0000000000,30.0,0.0,,,0.0,0.0,M,L,L,0.0,0.0,0.0,0,,0.0,0.0,2026-03-02 14:59:41.519,2025-09-23 08:23:43.954
5643,4,1,1320962479,Склад,М8,Шайба с широка периферия vZn М8,230925/2,1785439929539494212,,|1—широка шайба цинк|2—М8|5—склад|,«0000N0000000000,0.0,0.0,0.0,0.0,0.0,0.0,M,L,L,0.0,0.0,0.0,0,,0.0,0.0,2026-03-02 14:59:41.519,2026-01-27 13:50:42.405
5643,6,1,1320962479,"Склад производство, 500kW",М8,Шайба с широка периферия vZn М8,230925/2,1785439929539494213,,|1—широка шайба цинк|2—М8|5—склад|,«0000N0000000000,22.0,0.0,,,0.0,0.0,M,L,L,0.0,0.0,0.0,0,,0.0,0.0,2026-03-02 14:59:41.519,2025-09-23 08:24:05.968
5643,8,1,1320962479,Склад,М6,Винт с лещ.гл. 4.8 vZn М6х35,230925/3,1785439929539494214,,|1—винт звезда цинк|2—М6х35|5—склад|,«0000N0000000000,0.0,0.0,0.0,0.0,0.0,0.0,M,L,L,0.0,0.0,0.0,0,,0.0,0.0,2026-03-02 14:59:41.535,2026-01-27 13:49:25.651
5643,10,1,1320962479,"Склад производство, 500kW",М6,Винт с лещ.гл. 4.8 vZn М6х35,230925/3,1785439929539494215,,|1—винт звезда цинк|2—М6х35|5—склад|,«0000N0000000000,12.0,0.0,,,0.0,0.0,M,L,L,0.0,0.0,0.0,0,,0.0,0.0,2026-03-02 14:59:41.535,2025-09-23 08:24:20.420
5643,12,1,1320962479,Склад,Вътрешна резба,Преход 316L резба вътрешна 150LBS 3/4“х1/2“,230925/4,1785439929539494216,,|1—муфа намалител|2—3/4х1/2|5—склад|,«0000N0000000000,-6.0,0.0,,,0.0,0.0,M,L,L,0.0,0.0,0.0,0,,0.0,0.0,2025-09-23 08:24:29.388,2025-09-23 08:24:29.388
5643,14,1,1320962479,"Склад производство, 500kW",Вътрешна резба,Преход 316L резба вътрешна 150LBS 3/4“х1/2“,230925/4,1785439929539494217,,|1—муфа намалител|2—3/4х1/2|5—склад|,«0000N0000000000,6.0,0.0,,,0.0,0.0,M,L,L,0.0,0.0,0.0,0,,0.0,0.0,2026-03-02 14:59:41.551,2025-09-23 08:24:29.420
5643,16,1,1320962479,Склад,Вътрешна резба,Преход 316L резба вътрешна 150LBS 1/2“х1/4“,230925/5,1785439929539494218,,|1—муфа намалител|2—1/2х1/4|5—склад|,«0000N0000000000,0.0,0.0,0.0,0.0,0.0,0.0,M,L,L,0.0,0.0,0.0,0,,0.0,0.0,2026-03-02 14:59:41.551,2025-12-18 14:11:12.056
5643,18,1,1320962479,"Склад производство, 500kW",Вътрешна резба,Преход 316L резба вътрешна 150LBS 1/2“х1/4“,230925/5,1785439929539494219,,|1—муфа намалител|2—1/2х1/4|5—склад|,«0000N0000000000,3.0,0.0,,,0.0,0.0,M,L,L,0.0,0.0,0.0,0,,0.0,0.0,2026-03-02 14:59:41.551,2025-09-23 08:24:38.763
5643,19,1,1318956547,"Склад 3, 10/30kW",2.5.4. Вентили,Вентил предпазен 1216 НРЖ PN40 2“x2“,202530099001,1785439929539494220,,,«0000N0000000000,0.0,0.0,,,0.0,0.0,M,L,L,487.77245466119246,0.0,0.0,0,,0.0,0.0,2025-12-18 09:54:04.098,2025-12-18 09:54:04.098
5643,20,1,1318956547,Склад,Сензори,Трансмитер за налягане 0-15 bar,230925/6,1785439929539494221,,|1—датчици за налягане|2—0-15 bar|5—склад|,«0000N0000000000,0.0,0.0,,,0.0,0.0,M,L,L,0.0,0.0,0.0,0,,0.0,0.0,2026-01-28 13:05:17.824,2026-01-28 13:05:17.824
5643,22,1,1318956547,"Склад 3, 10/30kW",Сензори,Трансмитер за налягане 0-15 bar,230925/6,1785439929539494222,,|1—датчици за налягане|2—0-15 bar|5—склад|,«0000N0000000000,1.0,0.0,,,0.0,0.0,M,L,L,0.0,0.0,0.0,0,,0.0,0.0,2026-02-10 13:34:16.515,2025-09-23 09:45:12.554
5643,26,1,1320962479,"Склад 3, 10/30kW",Захранвания,Захранване за DIN шина SDR-120-24 24V/5A,230925/7,1785439929539494224,,|1—захранване за DIN шина|2—24V/5A|,«0000N0000000000,1.0,0.0,,,0.0,0.0,M,L,L,0.0,0.0,0.0,0,,0.0,0.0,2026-03-02 14:59:41.566,2025-09-23 13:15:24.067
5643,27,1,1320962479,"Склад 3, 10/30kW",М16,Шайба пружинна gvZn М16,10505475/020925,1785439929539494225,,,«0000N0000000000,0.0,0.0,,,0.0,0.0,M,L,L,0.24658584846331225,0.0,0.0,0,,0.0,0.0,2026-03-02 14:59:41.566,2025-09-23 13:22:48.038
5643,28,1,1316440360,2. МЕТАЛХИДРИД,2.1. Тръби,"Тръба шевна 304L (33,7x2.6) 1“",10143626/120925,1785439929539494226,,,«0000N0000000000,0.0,0.0,0.0,0.0,0.0,0.0,M,L,L,13.068572,0.0,0.0,0,,0.0,0.0,2026-01-16 09:42:16.246,2026-01-16 09:42:16.246
5653,0,1,1320962479,Склад,М16,Гайка шест. 8 Bl. М16,090825/12,1785439929539494227,,"|1—гайка шестостенна 10, цинк|2—М16|5—склад|",«0000N0000000000,0.0,0.0,0.0,0.0,0.0,0.0,M,L,L,0.0,0.0,0.0,0,,0.0,0.0,2026-03-02 14:59:41.582,2025-11-05 07:58:16.979
5653,2,1,1320962479,Склад,М16,Гайка самоос. 10 vZn М16,080825/13,1785439929539494228,,"|1—гайка самоосигурителна 10, цинк|2—М16|5—склад|",«0000N0000000000,0.0,0.0,0.0,0.0,0.0,0.0,M,L,L,0.35381398178778317,0.0,0.0,0,,0.0,0.0,2026-03-02 14:59:41.582,2025-12-18 08:17:55.083
5653,5,1,1320962479,Склад,М16,Гайка шест. 8 Bl. М16,10511494/230925/2,1785439929539494230,,"|1—гайка шестостенна 10, цинк|2—М16|5—склад|",«0000N0000000000,0.0,0.0,,,0.0,0.0,M,L,L,0.10829162043735907,0.0,0.0,0,,0.0,0.0,2025-09-25 10:25:18.263,2025-09-25 10:25:18.263
5653,7,1,1320962479,Склад,М16,Гайка самоос. 10 vZn М16,10511494/230925/3,1785439929539494231,,"|1—гайка самоосигурителна 10, цинк|2—М16|5—склад|",«0000N0000000000,0.0,0.0,,,0.0,0.0,M,L,L,0.35381398178778317,0.0,0.0,0,,0.0,0.0,2026-03-02 14:59:41.597,2025-09-25 10:25:22.669
5653,8,1,1320962479,Склад,Платки - Green Innovation,Цокли М8,429962/150925,1785439929539494235,,,«0000N0000000000,0.0,0.0,,,0.0,0.0,M,L,L,0.19429091485456304,0.0,0.0,0,,0.0,0.0,2026-01-28 12:44:12.784,2026-01-28 12:44:12.784
5653,11,1,1320962479,"Склад 3, 10/30kW",М16,Гайка шест. 8 Bl. М16,10511494/230925/2,1785439929539494233,,"|1—гайка шестостенна 10, цинк|2—М16|5—склад|",«0000N0000000000,100.0,0.0,,,0.0,0.0,M,L,L,0.10829162043735907,0.0,0.0,0,,0.0,0.0,2026-03-02 14:59:41.613,2025-09-25 10:25:18.279
5653,13,1,1320962479,"Склад 3, 10/30kW",М16,Гайка самоос. 10 vZn М16,10511494/230925/3,1785439929539494234,,"|1—гайка самоосигурителна 10, цинк|2—М16|5—склад|",«0000N0000000000,100.0,0.0,,,0.0,0.0,M,L,L,0.35381398178778317,0.0,0.0,0,,0.0,0.0,2026-03-02 14:59:41.613,2025-09-25 10:25:22.685
5653,14,1,1320962479,Склад,Платки - Green Innovation,Платки 3,GI3CIN16/19613/190925,1785439929539494236,,,«0000N0000000000,0.0,0.0,,,0.0,0.0,M,L,L,6.73882699416616,0.0,0.0,0,,0.0,0.0,2026-03-02 14:59:41.613,2026-01-28 12:42:11.121
5653,15,1,1320962479,Склад,Платки - Green Innovation,Кондензатори,35ZLH100MEFC6.3x11/19613,1785439929539494237,,,«0000N0000000000,0.0,0.0,,,0.0,0.0,M,L,L,0.05112918811962185,0.0,0.0,0,,0.0,0.0,2026-01-28 12:40:26.847,2026-01-28 12:40:26.847
5653,16,1,1320962479,Склад,Платки - Green Innovation,Платки 2,GI1UART2/19615/190925,1785439929539494238,,,«0000N0000000000,0.0,0.0,,,0.0,0.0,M,L,L,5.455484372363651,0.0,0.0,0,,0.0,0.0,2026-01-28 12:42:04.762,2026-01-28 12:42:04.762
5653,17,1,1320962479,Склад,Платки - Green Innovation,Платки 1,GI1SCPU1/19614/190925,1785439929539494239,,,«0000N0000000000,0.0,0.0,,,0.0,0.0,M,L,L,8.661284467463942,0.0,0.0,0,,0.0,0.0,2026-01-28 12:41:57.590,2026-01-28 12:41:57.590
5653,18,1,1317033923,Склад,Други (Електроника),Трансмитер с галванично разделяне,A807.1/09.2025,1785439929539494240,,,«0000N0000000000,0.0,0.0,0.0,0.0,0.0,0.0,M,L,L,113.50638,0.0,0.0,0,,0.0,0.0,2026-01-22 12:02:53.022,2026-01-22 12:02:53.022
5653,19,1,1317033965,Склад,Други (Електроника),Трансмитер с галванично разделяне,A807.2/09.2025,1785439929539494241,,,«0000N0000000000,0.0,0.0,0.0,0.0,0.0,0.0,M,L,L,113.50638,0.0,0.0,0,,0.0,0.0,2026-01-22 12:03:15.599,2026-01-22 12:03:15.599
5653,20,1,1317033973,Склад,Други (Електроника),Трансмитер с галванично разделяне,A807.3/09.2025,1785439929539494242,,,«0000N0000000000,0.0,0.0,0.0,0.0,0.0,0.0,M,L,L,113.50638,0.0,0.0,0,,0.0,0.0,2026-01-22 12:03:18.723,2026-01-22 12:03:18.723
5653,21,1,1317033977,Склад,Други (Електроника),Трансмитер с галванично разделяне,A807.4/09.2025,1785439929539494243,,,«0000N0000000000,0.0,0.0,0.0,0.0,0.0,0.0,M,L,L,113.50638,0.0,0.0,0,,0.0,0.0,2026-01-22 12:03:20.301,2026-01-22 12:03:20.301
5653,22,1,1317033981,Склад,Други (Електроника),Трансмитер с галванично разделяне,A807.5/09.2025,1785439929539494244,,,«0000N0000000000,0.0,0.0,0.0,0.0,0.0,0.0,M,L,L,113.50638,0.0,0.0,0,,0.0,0.0,2026-01-22 12:03:22.083,2026-01-22 12:03:22.083
5653,23,1,1317033986,Склад,Други (Електроника),Трансмитер с галванично разделяне,A807.6/09.2025,1785439929539494245,,,«0000N0000000000,0.0,0.0,0.0,0.0,0.0,0.0,M,L,L,113.50638,0.0,0.0,0,,0.0,0.0,2026-01-22 12:03:23.801,2026-01-22 12:03:23.801
5656,0,1,1317033990,Склад,Други (Електроника),Трансмитер с галванично разделяне,A807.7/09.2025,1785439929539494246,,,«0000N0000000000,0.0,0.0,0.0,0.0,0.0,0.0,M,L,L,113.50638,0.0,0.0,0,,0.0,0.0,2026-01-22 12:03:25.395,2026-01-22 12:03:25.395
5656,1,1,1317033994,Склад,Други (Електроника),Трансмитер с галванично разделяне,A807.8/09.2025,1785439929539494247,,,«0000N0000000000,0.0,0.0,0.0,0.0,0.0,0.0,M,L,L,113.50638,0.0,0.0,0,,0.0,0.0,2026-01-22 12:03:27.035,2026-01-22 12:03:27.035
5656,2,1,1317033999,Склад,Други (Електроника),Трансмитер с галванично разделяне,A807.9/09.2025,1785439929539494248,,,«0000N0000000000,0.0,0.0,0.0,0.0,0.0,0.0,M,L,L,113.50638,0.0,0.0,0,,0.0,0.0,2026-01-22 12:03:28.660,2026-01-22 12:03:28.660
5656,3,1,1317033927,Склад,Други (Електроника),Трансмитер с галванично разделяне,A807.10/09.2025,1785439929539494249,,,«0000N0000000000,0.0,0.0,0.0,0.0,0.0,0.0,M,L,L,113.50638,0.0,0.0,0,,0.0,0.0,2026-01-22 12:02:58.037,2026-01-22 12:02:58.037
5656,4,1,1317033934,Склад,Други (Електроника),Трансмитер с галванично разделяне,A807.12/09.2025,1785439929539494250,,,«0000N0000000000,0.0,0.0,0.0,0.0,0.0,0.0,M,L,L,113.50638,0.0,0.0,0,,0.0,0.0,2026-01-22 12:03:01.365,2026-01-22 12:03:01.365
5656,5,1,1317033937,Склад,Други (Електроника),Трансмитер с галванично разделяне,A807.13/09.2025,1785439929539494251,,,«0000N0000000000,0.0,0.0,0.0,0.0,0.0,0.0,M,L,L,113.50638,0.0,0.0,0,,0.0,0.0,2026-01-22 12:03:02.990,2026-01-22 12:03:02.990
5656,6,1,1317033941,Склад,Други (Електроника),Трансмитер с галванично разделяне,A807.14/09.2025,1785439929539494252,,,«0000N0000000000,0.0,0.0,0.0,0.0,0.0,0.0,M,L,L,113.50638,0.0,0.0,0,,0.0,0.0,2026-01-22 12:03:04.568,2026-01-22 12:03:04.568
5656,7,1,1317033946,Склад,Други (Електроника),Трансмитер с галванично разделяне,A807.15/09.2025,1785439929539494253,,,«0000N0000000000,0.0,0.0,0.0,0.0,0.0,0.0,M,L,L,113.50638,0.0,0.0,0,,0.0,0.0,2026-01-22 12:03:06.193,2026-01-22 12:03:06.193
5656,8,1,1317033950,Склад,Други (Електроника),Трансмитер с галванично разделяне,A807.16/09.2025,1785439929539494254,,,«0000N0000000000,0.0,0.0,0.0,0.0,0.0,0.0,M,L,L,113.50638,0.0,0.0,0,,0.0,0.0,2026-01-22 12:03:07.818,2026-01-22 12:03:07.818
5656,9,1,1317033954,Склад,Други (Електроника),Трансмитер с галванично разделяне,A807.17/09.2025,1785439929539494255,,,«0000N0000000000,0.0,0.0,0.0,0.0,0.0,0.0,M,L,L,113.50638,0.0,0.0,0,,0.0,0.0,2026-01-22 12:03:09.474,2026-01-22 12:03:09.474
5656,10,1,1317033957,Склад,Други (Електроника),Трансмитер с галванично разделяне,A807.18/09.2025,1785439929539494256,,,«0000N0000000000,0.0,0.0,0.0,0.0,0.0,0.0,M,L,L,113.50638,0.0,0.0,0,,0.0,0.0,2026-01-22 12:03:11.083,2026-01-22 12:03:11.083
5656,11,1,1317033961,Склад,Други (Електроника),Трансмитер с галванично разделяне,A807.19/09.2025,1785439929539494257,,,«0000N0000000000,0.0,0.0,0.0,0.0,0.0,0.0,M,L,L,113.50638,0.0,0.0,0,,0.0,0.0,2026-01-22 12:03:13.927,2026-01-22 12:03:13.927
5656,12,1,1317033969,Склад,Други (Електроника),Трансмитер с галванично разделяне,A807.20/09.2025,1785439929539494258,,,«0000N0000000000,0.0,0.0,0.0,0.0,0.0,0.0,M,L,L,113.50638,0.0,0.0,0,,0.0,0.0,2026-01-22 12:03:17.145,2026-01-22 12:03:17.145
5656,13,1,1317033930,Склад,Други (Електроника),Трансмитер с галванично разделяне,A807.11/09.2025,1785439929539494259,,,«0000N0000000000,0.0,0.0,0.0,0.0,0.0,0.0,M,L,L,113.50638,0.0,0.0,0,,0.0,0.0,2026-01-22 12:02:59.740,2026-01-22 12:02:59.740
5656,14,1,1320962479,Склад,Ташев Галвинг,Нипел вътрешно-редуктивен 1`х1/2` полипропилен,2698164/170925,1785439929539494260,,,«0000N0000000000,0.0,0.0,0.0,0.0,0.0,0.0,M,L,L,0.3527913980253907,0.0,0.0,0,,0.0,0.0,2026-03-02 14:59:41.660,2026-02-12 15:00:30.130
5656,15,1,1320962479,"Склад 3, 10/30kW",3. Консумативи,Калиева основа,122846/180925,1785439929539494261,,,«0000N0000000000,150.0,0.0,,,0.0,0.0,M,L,L,3.313171390151496,0.0,0.0,0,,0.0,0.0,2026-01-28 08:36:35.370,2026-01-28 08:36:35.370
5656,16,1,1320962479,"Склад производство, 500kW",Муфи на резба,Муфа 304L резбa 150LBS  1/2``,10143532/110925/1.2,1785439929539494263,,,«0000N0000000000,18.0,0.0,,,0.0,0.0,M,L,L,1.3498105663580169,0.0,0.0,0,,0.0,0.0,2026-03-04 08:11:02.079,2026-03-04 08:11:02.079
5656,17,1,1320962479,"Склад производство, 500kW",Муфи на резба,Муфа 304L резба 150LBS 1/4“,10143532/110925/1.4,1785439929539494264,,,«0000N0000000000,9.0,0.0,,,0.0,0.0,M,L,L,0.7618249029823655,0.0,0.0,0,,0.0,0.0,2026-03-04 08:11:01.845,2026-03-04 08:11:01.845
5656,18,1,1317554851,2. МЕТАЛХИДРИД,АНГЕЛ СТОИЛОВ,"Прът неръжд.304, ф35",6722/180925,1785439929539494265,,,«0000N0000000000,0.13999999999999999,0.0,0.0,0.0,0.0,0.0,M,L,L,25.635,0.0,0.0,0,,0.0,0.0,2026-03-13 14:15:35.969,2026-03-13 14:15:35.969
5656,19,1,1320962479,"Склад 3, 10/30kW",Ивда Гео,ПП тръба за т. вода Ф25/PN25,165685/230925,1785439929539494266,,,«0000N0000000000,12.0,0.0,,,0.0,0.0,M,L,L,2.5308948119212817,0.0,0.0,0,,0.0,0.0,2025-10-13 08:15:08.066,2025-10-13 08:15:08.066
5656,20,1,1320962479,Склад,2. Консумативи,Етилов алкохол 96%,74922/260925,1785439929539494267,,,«0000N0000000000,0.0,0.0,,,0.0,0.0,M,L,L,9.694094067480304,0.0,0.0,0,,0.0,0.0,2026-01-28 12:54:28.549,2026-01-28 12:54:28.549
5660,0,1,1316033070,Склад,Релета,Реле мини тип PT 14 пина 4CO 24VDC 6A,080825/49,1785439929539494268,,|1—реле с цокъл|2—6A/24V|5—склад|,«0000N0000000000,0.0,0.0,0.0,0.0,0.0,0.0,M,L,L,2.955256,0.0,0.0,0,,0.0,0.0,2026-01-12 09:52:02.256,2026-01-12 09:52:02.256
5660,1,1,1316462729,Склад,Сензори,Сензор за газ H2 GS-220,25070100096,1785439929539494277,,,«0000N0000000000,0.0,0.0,0.0,0.0,0.0,0.0,M,L,L,177.315372,0.0,0.0,0,,0.0,0.0,2026-01-16 15:09:36.275,2026-01-16 15:09:36.275
5660,3,1,1320962479,"Склад 3, 10/30kW",Релета,Реле мини тип PT 14 пина 4CO 24VDC 6A,080825/49,1785439929539494269,,|1—реле с цокъл|2—6A/24V|5—склад|,«0000N0000000000,0.0,0.0,,,0.0,0.0,M,L,L,0.0,0.0,0.0,0,,0.0,0.0,2026-03-02 14:59:41.691,2026-01-28 08:39:42.888
5660,5,1,1320962479,"Склад 3, 10/30kW",2.5.3. Кранове на резба,Кран сфер. на рез. 316L DN15,16814612,1785439929539494270,,|1—сферичен кран с резба|2—1/2 - DN15|5—склад|,«0000N0000000000,0.0,0.0,,,0.0,0.0,M,L,L,0.0,0.0,0.0,0,,0.0,0.0,2026-03-02 14:59:41.691,2026-01-28 08:39:43.013
5660,7,1,1320962479,Склад,Колена на резба,Коляно 90° 316L резба вътрешна 1/4“,260925/1,1785439929539494271,,|1—коляно 90гр. вътр. резба|2—1/4`|5—склад|,«0000N0000000000,0.0,0.0,0.0,0.0,0.0,0.0,M,L,L,0.0,0.0,0.0,0,,0.0,0.0,2026-03-02 14:59:41.707,2026-01-27 14:10:43.109
5660,9,1,1320962479,"Склад 3, 10/30kW",Колена на резба,Коляно 90° 316L резба вътрешна 1/4“,260925/1,1785439929539494272,,|1—коляно 90гр. вътр. резба|2—1/4`|5—склад|,«0000N0000000000,4.0,0.0,,,0.0,0.0,M,L,L,0.0,0.0,0.0,0,,0.0,0.0,2026-03-02 14:59:41.707,2025-09-26 14:20:09.966
5660,10,1,1319638853,0. СКЛАД - ОСНОВЕН,Захранвания,Захранване за DIN шина SDR-120-24 24V/5A,661/181125/2,1785439929539495732,,|1—захранване за DIN шина|2—24V/5A|,«0000N0000000000,0.0,0.0,0.0,0.0,0.0,0.0,M,L,L,44.87,0.0,0.0,0,,0.0,0.0,2026-02-17 09:19:30.247,2026-02-17 09:19:30.247
5660,11,1,1320962479,Склад,"Прекъсвачи, Предпазители",Предпазител LQA01230 16А,260925/2,1785439929539494273,,|1—предпазители|2—16А|5—склад|,«0000N0000000000,0.0,0.0,0.0,0.0,0.0,0.0,M,L,L,0.0,0.0,0.0,0,,0.0,0.0,2026-03-02 14:59:41.707,2025-11-06 09:47:18.040
5660,13,1,1320962479,"Склад 3, 10/30kW","Прекъсвачи, Предпазители",Предпазител LQA01230 16А,260925/2,1785439929539494274,,|1—предпазители|2—16А|5—склад|,«0000N0000000000,1.0,0.0,,,0.0,0.0,M,L,L,0.0,0.0,0.0,0,,0.0,0.0,2026-03-02 14:59:41.722,2025-09-26 14:20:26.166
5660,17,1,1320962479,"Склад 3, 10/30kW",Захранвания,Захранване за DIN шина SDR-120-24 24V/5A,260925/3,1785439929539494276,,|1—захранване за DIN шина|2—24V/5A|,«0000N0000000000,1.0,0.0,,,0.0,0.0,M,L,L,0.0,0.0,0.0,0,,0.0,0.0,2026-03-02 14:59:41.722,2025-09-26 14:20:44.055
5660,18,1,1316462732,Склад,Сензори,Сензор за газ H2 GS-220,25070100097,1785439929539494278,,,«0000N0000000000,0.0,0.0,0.0,0.0,0.0,0.0,M,L,L,177.315372,0.0,0.0,0,,0.0,0.0,2026-01-16 15:09:37.349,2026-01-16 15:09:37.349
5660,19,1,1316462736,Склад,Сензори,Сензор за газ H2 GS-220,25070100099,1785439929539494279,,,«0000N0000000000,0.0,0.0,0.0,0.0,0.0,0.0,M,L,L,177.315372,0.0,0.0,0,,0.0,0.0,2026-01-16 15:09:38.249,2026-01-16 15:09:38.249
5660,20,1,1316462739,Склад,Сензори,Сензор за газ H2 GS-220,25070100100,1785439929539494280,,,«0000N0000000000,0.0,0.0,0.0,0.0,0.0,0.0,M,L,L,177.315372,0.0,0.0,0,,0.0,0.0,2026-01-16 15:09:41.468,2026-01-16 15:09:41.468
5660,21,1,1316462743,Склад,Сензори,Сензор за газ H2 GS-220,25070100104,1785439929539494281,,,«0000N0000000000,0.0,0.0,0.0,0.0,0.0,0.0,M,L,L,177.315372,0.0,0.0,0,,0.0,0.0,2026-01-16 15:09:39.840,2026-01-16 15:09:39.840
5660,22,1,1316462747,Склад,Сензори,Сензор за газ H2 GS-220,25070100107,1785439929539494282,,,«0000N0000000000,0.0,0.0,0.0,0.0,0.0,0.0,M,L,L,177.315372,0.0,0.0,0,,0.0,0.0,2026-01-16 15:09:44.220,2026-01-16 15:09:44.220
5660,23,1,1316462750,Склад,Сензори,Сензор за газ H2 GS-220,25070100108,1785439929539494283,,,«0000N0000000000,0.0,0.0,0.0,0.0,0.0,0.0,M,L,L,177.315372,0.0,0.0,0,,0.0,0.0,2026-01-16 15:09:45.922,2026-01-16 15:09:45.922
5660,24,1,1316462755,Склад,Сензори,Сензор за газ H2 GS-220,25070100111,1785439929539494284,,,«0000N0000000000,0.0,0.0,0.0,0.0,0.0,0.0,M,L,L,177.315372,0.0,0.0,0,,0.0,0.0,2026-01-16 15:09:47.278,2026-01-16 15:09:47.278
5660,25,1,1316462759,Склад,Сензори,Сензор за газ H2 GS-220,25070100112,1785439929539494285,,,«0000N0000000000,0.0,0.0,0.0,0.0,0.0,0.0,M,L,L,177.315372,0.0,0.0,0,,0.0,0.0,2026-01-16 15:09:48.889,2026-01-16 15:09:48.889
5660,26,1,1318855470,Склад,2.8. Маркучи,Шлаух полиамид бял 8/6,261188/090925/1,1785439929539494290,,,«0000N0000000000,0.0,0.0,,,0.0,0.0,M,L,L,2.46953978617774,0.0,0.0,0,,0.0,0.0,2026-01-28 12:55:46.981,2026-01-28 12:55:46.981
5670,0,1,1316462762,Склад,Сензори,Сензор за газ H2 GS-220,25070100113,1785439929539494286,,,«0000N0000000000,0.0,0.0,0.0,0.0,0.0,0.0,M,L,L,177.315372,0.0,0.0,0,,0.0,0.0,2026-01-16 15:09:50.214,2026-01-16 15:09:50.214
5670,1,1,1316462766,Склад,Сензори,Сензор за газ H2 GS-220,25070100116,1785439929539494287,,,«0000N0000000000,0.0,0.0,0.0,0.0,0.0,0.0,M,L,L,177.315372,0.0,0.0,0,,0.0,0.0,2026-01-16 15:09:51.586,2026-01-16 15:09:51.586
5670,2,1,1316462771,Склад,Сензори,Сензор за газ H2 GS-220,25070100118,1785439929539494288,,,«0000N0000000000,0.0,0.0,0.0,0.0,0.0,0.0,M,L,L,177.315372,0.0,0.0,0,,0.0,0.0,2026-01-16 15:09:52.961,2026-01-16 15:09:52.961
5670,3,1,1316462781,Склад,Други (Електроника),Управление за сензор за газ GA-220,213814/130825,1785439929539494289,,,«0000N0000000000,0.0,0.0,0.0,0.0,0.0,0.0,M,L,L,138.201687,0.0,0.0,0,,0.0,0.0,2026-01-16 15:10:12.476,2026-01-16 15:10:12.476
5670,4,1,1320962479,Склад,Фитинги - Щуцер на резба,Гайки за щуцери 1/2“,261188/090925/2,1785439929539494291,,,«0000N0000000000,0.0,0.0,,,0.0,0.0,M,L,L,0.940777061401042,0.0,0.0,0,,0.0,0.0,2025-09-29 10:23:18.676,2025-09-29 10:23:18.676
5670,5,1,1320962479,Склад,2.8. Маркучи,"Шлаух полиамид бял 15/12,5",261121/050925,1785439929539494292,,,«0000N0000000000,0.0,0.0,,,0.0,0.0,M,L,L,3.2542705654376913,0.0,0.0,0,,0.0,0.0,2025-12-04 10:27:04.806,2025-12-04 10:27:04.806
5670,6,1,1320962479,Склад,2.8. Маркучи,"Шлаух полиамид бял 15/12,5",261508/150925,1785439929539494293,,,«0000N0000000000,0.0,0.0,,,0.0,0.0,M,L,L,3.25181636440795,0.0,0.0,0,,0.0,0.0,2025-12-04 10:27:11.196,2025-12-04 10:27:11.196
5670,7,1,1320962479,Склад,2.8. Маркучи,"Шлаух полиамид бял 15/12,5",261509/150925,1785439929539494294,,,«0000N0000000000,0.0,0.0,,,0.0,0.0,M,L,L,3.25181636440795,0.0,0.0,0,,0.0,0.0,2025-12-04 10:26:58.822,2025-12-04 10:26:58.822
5670,9,1,1320962479,Склад,2.5.3. Кранове на резба,Кран сфер. на рез. 316L DN15,261780/190925,1785439929539494295,,|1—сферичен кран с резба|2—1/2 - DN15|5—склад|,«0000N0000000000,0.0,0.0,,,0.0,0.0,M,L,L,40.05256080538697,0.0,0.0,0,,0.0,0.0,2025-12-04 10:28:12.129,2025-12-04 10:28:12.129
5670,10,1,1318956547,Склад,2.5.6. Актуатори,Актуатор електрически 24V,PBC875690,1785439929539494296,,,«0000N0000000000,0.0,0.0,,,0.0,0.0,M,L,L,201.30583946457514,0.0,0.0,0,,0.0,0.0,2025-10-20 07:35:08.173,2025-10-20 07:35:08.173
5670,11,1,1318956547,Склад,2.5.6. Актуатори,Актуатор електрически 24V,PBC875691,1785439929539494297,,,«0000N0000000000,0.0,0.0,,,0.0,0.0,M,L,L,201.30583946457514,0.0,0.0,0,,0.0,0.0,2025-10-20 07:35:09.688,2025-10-20 07:35:09.688
5670,12,1,1318956547,Склад,2.5.6. Актуатори,Актуатор електрически 24V,PBC875692,1785439929539494298,,,«0000N0000000000,0.0,0.0,,,0.0,0.0,M,L,L,201.30583946457514,0.0,0.0,0,,0.0,0.0,2025-09-29 10:20:49.489,2025-09-29 10:20:49.489
5670,13,1,1318956547,Склад,2.5.6. Актуатори,Актуатор електрически 24V,PBC875693,1785439929539494299,,,«0000N0000000000,0.0,0.0,,,0.0,0.0,M,L,L,201.30583946457514,0.0,0.0,0,,0.0,0.0,2025-10-20 07:35:11.219,2025-10-20 07:35:11.219
5670,14,1,1316462584,Склад,2.5.6. Актуатори,Актуатор електрически 24V,PBC875694,1785439929539494300,,,«0000N0000000000,0.0,0.0,0.0,0.0,0.0,0.0,M,L,L,201.30509899999998,0.0,0.0,0,,0.0,0.0,2026-01-16 15:09:09.861,2026-01-16 15:09:09.861
5670,15,1,1318956547,Склад,2.5.6. Актуатори,Актуатор електрически 24V,PBC875695,1785439929539494301,,,«0000N0000000000,0.0,0.0,,,0.0,0.0,M,L,L,201.30583946457514,0.0,0.0,0,,0.0,0.0,2025-10-20 07:35:12.829,2025-10-20 07:35:12.829
5670,16,1,1318956547,Склад,2.5.6. Актуатори,Актуатор електрически 24V,PBC875696,1785439929539494302,,,«0000N0000000000,0.0,0.0,,,0.0,0.0,M,L,L,201.30583946457514,0.0,0.0,0,,0.0,0.0,2025-10-20 07:35:14.453,2025-10-20 07:35:14.453
5670,17,1,1318956547,Склад,2.5.6. Актуатори,Актуатор електрически 24V,PBC875697,1785439929539494303,,,«0000N0000000000,0.0,0.0,,,0.0,0.0,M,L,L,201.30583946457514,0.0,0.0,0,,0.0,0.0,2025-10-20 07:35:16.422,2025-10-20 07:35:16.422
5670,19,1,1320962479,Склад,2.5.3. Кранове на резба,Кран сфер. на рез. 316L DN15,261920/240925,1785439929539494304,,|1—сферичен кран с резба|2—1/2 - DN15|5—склад|,«0000N0000000000,0.0,0.0,,,0.0,0.0,M,L,L,40.05460597291176,0.0,0.0,0,,0.0,0.0,2025-12-04 10:28:18.004,2025-12-04 10:28:18.004
5670,20,1,1318956547,Склад,2.5.6. Актуатори,Актуатор електрически 24V,PBC875687,1785439929539494305,,,«0000N0000000000,0.0,0.0,,,0.0,0.0,M,L,L,201.30583946457514,0.0,0.0,0,,0.0,0.0,2025-10-20 07:35:06.001,2025-10-20 07:35:06.001
5670,21,1,1318956547,Склад,2.5.6. Актуатори,Актуатор електрически 24V,PBC875686,1785439929539494306,,,«0000N0000000000,0.0,0.0,,,0.0,0.0,M,L,L,201.30583946457514,0.0,0.0,0,,0.0,0.0,2025-10-20 07:35:04.485,2025-10-20 07:35:04.485
5670,22,1,1320962479,Склад,Платки - Green Innovation,Платка,GI1KTL03,1785439929539494543,,,«0000N0000000000,0.0,0.0,,,0.0,0.0,M,L,L,20.625514487455455,0.0,0.0,0,,0.0,0.0,2026-01-28 13:40:12.786,2026-01-28 13:40:12.786
5670,23,1,1318956547,"Склад 3, 10/30kW",2.5.6. Актуатори,Актуатор електрически 24V,PBC875692,1785439929539494307,,,«0000N0000000000,0.0,0.0,,,0.0,0.0,M,L,L,201.30583946457514,0.0,0.0,0,,0.0,0.0,2026-02-10 13:34:16.562,2026-01-28 13:40:12.755
5676,0,1,1320962479,Склад,Фитинги - Щуцер на резба,Гайки за щуцери 1/2“,261922/240925,1785439929539494308,,,«0000N0000000000,0.0,0.0,0.0,0.0,0.0,0.0,M,L,L,0.940777061401042,0.0,0.0,0,,0.0,0.0,2026-03-02 14:59:41.785,2026-01-28 13:05:40.463
5676,1,1,1320962479,"Склад 3, 10/30kW",Фитинги - Щуцер на резба,Гайки за щуцери 1/2“,261188/090925/2,1785439929539494309,,,«0000N0000000000,0.0,0.0,,,0.0,0.0,M,L,L,0.940777061401042,0.0,0.0,0,,0.0,0.0,2026-03-02 14:59:41.785,2026-01-28 08:39:42.935
5676,2,1,1320962479,"Склад 3, 10/30kW",Холендри на резба,Холендър 316L резба М/Ж PTFE 150LBS 1/2“,10143120/27082025/3,1785439929539494311,,,«0000N0000000000,0.0,0.0,,,0.0,0.0,M,L,L,11.054130471462244,0.0,0.0,0,,0.0,0.0,2026-03-02 14:59:41.801,2026-01-26 12:29:37.024
5676,3,1,1320962479,"Склад 3, 10/30kW",Фитинги - Щуцер на резба,Гайки за щуцери 1/2“,261922/240925,1785439929539494310,,,«0000N0000000000,0.0,0.0,,,0.0,0.0,M,L,L,0.940777061401042,0.0,0.0,0,,0.0,0.0,2026-03-02 14:59:41.801,2026-01-28 08:39:42.935
5676,4,1,1320962479,"Склад 3, 10/30kW",Тапи на резба,Тапа 304L резба 1/2``,16584381,1785439929539494312,,,«0000N0000000000,0.0,0.0,,,0.0,0.0,M,L,L,0.690244039614895,0.0,0.0,0,,0.0,0.0,2026-03-02 14:59:41.801,2026-01-26 12:29:36.851
5676,5,1,1316451388,Склад,Холендри на резба,Холендър 316L резба вътрешна 3000LBS 1/2“,300925,1785439929539494313,,|1—холендер вътр. резба|2—1/2`|5—склад|,«0000N0000000000,0.0,0.0,0.0,0.0,0.0,0.0,M,L,L,3.5483529999999996,0.0,0.0,0,,0.0,0.0,2026-01-28 13:40:12.599,2026-01-28 13:40:12.599
5676,7,1,1320962479,"Склад 3, 10/30kW",Холендри на резба,Холендър 316L резба вътрешна 3000LBS 1/2“,300925,1785439929539494314,,|1—холендер вътр. резба|2—1/2`|5—склад|,«0000N0000000000,1.0,0.0,,,0.0,0.0,M,L,L,0.0,0.0,0.0,0,,0.0,0.0,2026-03-02 14:59:41.816,2025-09-30 08:18:30.640
5676,8,1,1320962479,Склад,Други (Електроника),"Авариен стоп бутон, въртящ",1459015834/170925/1,1785439929539494315,,,«0000N0000000000,0.0,0.0,,,0.0,0.0,M,L,L,12.000020451675248,0.0,0.0,0,,0.0,0.0,2026-01-28 08:36:35.245,2026-01-28 08:36:35.245
5676,10,1,1320962479,Склад,Други (Електроника),Контакт доп. NC заден м-ж (ав. стоп),1459015834/170925/3,1785439929539494317,,,«0000N0000000000,0.0,0.0,,,0.0,0.0,M,L,L,1.9275703921097438,0.0,0.0,0,,0.0,0.0,2026-01-28 08:36:35.261,2026-01-28 08:36:35.261
5676,11,1,1317640407,Склад,Шини (Електроника),DIN-релса за модулна апаратура перфорирана 1m,1459015834/170925/4,1785439929539494318,,,«0000N0000000000,0.0,0.0,0.0,0.0,0.0,0.0,M,L,L,1.252661,0.0,0.0,0,,0.0,0.0,2026-01-28 08:36:35.214,2026-01-28 08:36:35.214
5676,12,1,1320962479,Склад,Релета,Реле мини тип PT 14 пина 4CO 230AC 6A,1459015834/170925/5,1785439929539494319,,,«0000N0000000000,0.0,0.0,,,0.0,0.0,M,L,L,4.749901576312869,0.0,0.0,0,,0.0,0.0,2026-01-28 10:12:08.121,2026-01-28 10:12:08.121
5676,13,1,1320962479,Склад,"Прекъсвачи, Предпазители",Прекъсвач мин. AMPARO 6kA C 25А 3P,1459015834/170925/6,1785439929539494320,,,«0000N0000000000,0.0,0.0,,,0.0,0.0,M,L,L,7.490426059524601,0.0,0.0,0,,0.0,0.0,2026-01-28 08:36:35.229,2026-01-28 08:36:35.229
5676,14,1,1317561625,Склад,1. Пречистване на вода,B520 PRO,81066/040925/1,1785439929539494321,,,«0000N0000000000,0.0,0.0,0.0,0.0,0.0,0.0,M,L,L,51.129,0.0,0.0,0,,0.0,0.0,2026-01-27 14:48:24.989,2026-01-27 14:48:24.989
5676,15,1,1317561646,Склад,1. Пречистване на вода,"Предфилтърен корпус, Викинг ПРО за студена вода",81066/040925/2,1785439929539494322,,,«0000N0000000000,0.0,0.0,0.0,0.0,0.0,0.0,M,L,L,93.05478,0.0,0.0,0,,0.0,0.0,2026-01-27 14:48:32.910,2026-01-27 14:48:32.910
5676,17,1,1317561636,Склад,1. Пречистване на вода,"Горен дистрибутор D5120-1, 1`",81066/040925/4,1785439929539494324,,,«0000N0000000000,0.0,0.0,0.0,0.0,0.0,0.0,M,L,L,10.000831999999999,0.0,0.0,0,,0.0,0.0,2026-01-27 14:48:28.926,2026-01-27 14:48:28.926
5676,18,1,1317561655,Склад,1. Пречистване на вода,"Управляваща глава/клапан Runxin, H9901",81066/040925/5,1785439929539494325,,,«0000N0000000000,0.0,0.0,0.0,0.0,0.0,0.0,M,L,L,13.436701,0.0,0.0,0,,0.0,0.0,2026-01-27 14:48:39.535,2026-01-27 14:48:39.535
5676,20,1,1320962479,Склад,Вътрешна резба,Преход 316L резба вътрешна 150LBS 1/2“х1/4“,131025,1785439929539494457,,|1—муфа намалител|2—1/2х1/4|5—склад|,«0000N0000000000,0.0,0.0,0.0,0.0,0.0,0.0,M,L,L,0.0,0.0,0.0,0,,0.0,0.0,2026-03-02 14:59:41.832,2025-12-18 14:11:00.463
5676,21,1,,Склад,5. Устройства,Помпа (Pump MOD. HTM 10 SS316),251090/1,1785439929539494328,,,«0000N0000000000,0.0,0.0,,,0.0,0.0,M,L,L,1347.5,0.0,0.0,0,,0.0,0.0,2025-12-12 07:15:09.589,2025-12-12 07:15:09.589
5676,22,1,,Склад,5. Устройства,Помпа (Pump MOD. HTM 10 SS316),251090/2,1785439929539494329,,,«0000N0000000000,0.0,0.0,,,0.0,0.0,M,L,L,1347.5,0.0,0.0,0,,0.0,0.0,2025-12-12 07:15:11.902,2025-12-12 07:15:11.902
5395,0,1,,Склад,5. Устройства,"Помпа-мотор (Motor IE3 size 80,1,1kW)",1/862/100925,1785439929539494330,,,«0000N0000000000,0.0,0.0,,,0.0,0.0,M,L,L,196.0,0.0,0.0,0,,0.0,0.0,2025-12-12 07:15:04.746,2025-12-12 07:15:04.746
5395,2,1,1320962479,"Склад 3, 10/30kW",2.5.3. Кранове на резба,Кран сфер. на рез. 316L DN15,261780/190925,1785439929539494331,,|1—сферичен кран с резба|2—1/2 - DN15|5—склад|,«0000N0000000000,0.0,0.0,,,0.0,0.0,M,L,L,40.05256080538697,0.0,0.0,0,,0.0,0.0,2026-03-02 14:59:41.847,2026-01-28 08:39:43.013
5395,3,1,1317543027,"Склад 3, 10/30kW",2.2. Фитинги за заваряване,"Коляно 90° 304L заварка (33,7х2) 1``",10143532/110925/k1`,1785439929539494332,,,«0000N0000000000,0.0,0.0,,,0.0,0.0,M,L,L,2.996159,5.86,5.86,0,,0.0,0.0,2026-01-27 10:19:35.734,2025-09-30 14:45:40.509
5395,4,1,1320962479,"Склад производство, 500kW",Холендри на резба,Холендър 316L резба М/Ж PTFE 150LBS 1/2“,10143120/27082025/3,1785439929539494333,,,«0000N0000000000,0.0,0.0,,,0.0,0.0,M,L,L,11.054130471462244,0.0,0.0,0,,0.0,0.0,2026-03-02 14:59:41.847,2025-09-30 14:44:03.580
5395,5,1,1317543027,"Склад производство, 500kW",2.2. Фитинги за заваряване,"Коляно 90° 304L заварка (33,7х2) 1``",10143532/110925/k1`,1785439929539494334,,,«0000N0000000000,14.0,0.0,,,0.0,0.0,M,L,L,2.996159,5.86,5.86,0,,0.0,0.0,2026-01-27 10:19:35.734,2025-11-17 08:53:52.114
5395,6,1,1320962479,Склад,М16,Болт с шест.гл. 8.8 vZn М16х40,011025,1785439929539494346,,|1—болт цинк|2—М16х40|5—склад|,«0000N0000000000,0.0,0.0,0.0,0.0,0.0,0.0,M,L,L,0.0,0.0,0.0,0,,0.0,0.0,2026-03-02 14:59:41.863,2025-11-05 07:57:21.049
5395,8,1,1320962479,"Склад производство, 500kW",М16,Болт с шест.гл. 8.8 vZn М16х40,011025,1785439929539494347,,|1—болт цинк|2—М16х40|5—склад|,«0000N0000000000,10.0,0.0,,,0.0,0.0,M,L,L,0.0,0.0,0.0,0,,0.0,0.0,2026-03-02 14:59:41.863,2025-10-01 13:27:20.493
5395,10,1,1320962479,Склад,Газ анализ - Сензори,Анализатор на общозапалими вещества Sirius 8866,E240801-6,1785439929539494348,,|1—Анализатор на общозапалими вещества|5—склад|,«0000N0000000000,0.0,0.0,,,0.0,0.0,M,L,L,1527.6787859885574,0.0,0.0,0,,0.0,0.0,2026-01-23 14:23:59.350,2026-01-23 14:23:59.350
5395,11,1,,Склад,Газ анализ - Сензори,Анализатор на общозапалими вещества Sirius 8866,E250569/222,1785439929539494350,,|1—Анализатор на общозапалими вещества|5—склад|,«0000N0000000000,0.0,0.0,,,0.0,0.0,M,L,L,3033.6,0.0,0.0,0,,0.0,0.0,2026-01-28 08:04:11.456,2026-01-28 08:04:11.456
5395,13,1,,Склад,Газ анализ - Сензори,Електрохимичен кислороден анализатор OxyTrend E2,E250569/1,1785439929539494351,,|1—Електрохимичен кислороден анализатор|5—склад|,«0000N0000000000,0.0,0.0,,,0.0,0.0,M,L,L,1643.500802,0.0,0.0,0,,0.0,0.0,2026-01-07 14:16:42.378,2026-01-07 14:16:42.378
5395,15,1,,Склад,Газ анализ - Сензори,Електрохимичен кислороден анализатор OxyTrend E2,E250569/2,1785439929539494352,,|1—Електрохимичен кислороден анализатор|5—склад|,«0000N0000000000,0.0,0.0,,,0.0,0.0,M,L,L,1643.500802,0.0,0.0,0,,0.0,0.0,2026-01-23 14:23:42.717,2026-01-23 14:23:42.717
5395,17,1,,Склад,Газ анализ - Сензори,Електрохимичен кислороден анализатор OxyTrend E2,E250569/3,1785439929539494353,,|1—Електрохимичен кислороден анализатор|5—склад|,«0000N0000000000,0.0,0.0,,,0.0,0.0,M,L,L,1643.500802,0.0,0.0,0,,0.0,0.0,2026-01-28 08:04:16.737,2026-01-28 08:04:16.737
5395,19,1,,Склад,Газ анализ - Сензори,Електрохимичен кислороден анализатор OxyTrend E2,E250569/4,1785439929539494354,,|1—Електрохимичен кислороден анализатор|5—склад|,«0000N0000000000,0.0,0.0,,,0.0,0.0,M,L,L,1643.500802,0.0,0.0,0,,0.0,0.0,2026-01-28 08:04:20.050,2026-01-28 08:04:20.050
5395,20,1,,Склад,Газ анализ - Сензори,Universal control unit,E250569/1111,1785439929539494355,,,«0000N0000000000,0.0,0.0,,,0.0,0.0,M,L,L,1527.68,0.0,0.0,0,,0.0,0.0,2026-01-28 08:03:59.220,2026-01-28 08:03:59.220
5395,21,1,,Склад,Газ анализ - Сензори,Universal control unit,E250569/2222,1785439929539494356,,,«0000N0000000000,0.0,0.0,,,0.0,0.0,M,L,L,1527.68,0.0,0.0,0,,0.0,0.0,2026-01-28 08:04:02.423,2026-01-28 08:04:02.423
5395,22,1,1317439089,Склад,Газ анализ - Сензори,"Дебитомер О2 Plexiglass, Scale 0,2-3",E250569/10,1785439929539494357,,,«0000N0000000000,0.0,0.0,0.0,0.0,0.0,0.0,M,L,L,211.3,0.0,0.0,0,,0.0,0.0,2026-01-28 08:02:29.225,2026-01-28 08:02:29.225
5395,23,1,1317437614,Склад,Газ анализ - Сензори,"Дебитомер Н2 Plexiglass, 0,02-0,5",E250569/11,1785439929539494358,,,«0000N0000000000,0.0,0.0,0.0,0.0,0.0,0.0,M,L,L,195.3,0.0,0.0,0,,0.0,0.0,2026-01-28 08:02:17.018,2026-01-28 08:02:17.018
5744,0,1,,Склад,Газ анализ - Крепежи,Cable gland 3/4` NPT PG 16 with OR modular,E250569/13,1785439929539494359,,,«0000N0000000000,0.0,0.0,,,0.0,0.0,M,L,L,8.74,0.0,0.0,0,,0.0,0.0,2026-01-28 08:01:27.819,2026-01-28 08:01:27.819
5744,1,1,,Склад,Газ анализ - Крепежи,Cable gland 1/2` NPT PG 13.5 with OR modular,E250569/14,1785439929539494360,,,«0000N0000000000,2.0,0.0,,,0.0,0.0,M,L,L,8.74,0.0,0.0,0,,0.0,0.0,2026-03-04 08:11:02.360,2026-03-04 08:11:02.360
5744,2,1,1317439111,Склад,Газ анализ - Арматури,Flowmeter and needle valve bracket - крепеж,E250569/12,1785439929539494361,,,«0000N0000000000,0.0,0.0,0.0,0.0,0.0,0.0,M,L,L,25.77,0.0,0.0,0,,0.0,0.0,2026-01-28 08:02:41.459,2026-01-28 08:02:41.459
5744,3,1,1317437561,Склад,Газ анализ - Сензори,Electrochemical sensor,05G034461,1785439929539494362,,,«0000N0000000000,0.0,0.0,0.0,0.0,0.0,0.0,M,L,L,269.5,0.0,0.0,0,,0.0,0.0,2026-01-26 09:00:53.669,2026-01-26 09:00:53.669
5744,4,1,,Склад,Газ анализ - Сензори,Electrochemical sensor,05G034462,1785439929539494363,,,«0000N0000000000,0.0,0.0,,,0.0,0.0,M,L,L,269.5,0.0,0.0,0,,0.0,0.0,2026-01-28 08:01:37.787,2026-01-28 08:01:37.787
5744,5,1,,Склад,Газ анализ - Сензори,Electrochemical sensor,05G034467,1785439929539494364,,,«0000N0000000000,0.0,0.0,,,0.0,0.0,M,L,L,269.5,0.0,0.0,0,,0.0,0.0,2026-01-28 08:01:41.552,2026-01-28 08:01:41.552
5744,6,1,,Склад,Газ анализ - Сензори,Electronic assembly for OxyTrend - рез. платка,E250569-B,1785439929539494365,,,«0000N0000000000,0.0,0.0,,,0.0,0.0,M,L,L,692.3,0.0,0.0,0,,0.0,0.0,2026-01-28 08:02:05.628,2026-01-28 08:02:05.628
5744,7,1,1320962479,"Склад производство, 500kW",Муфи на резба,Муфа 304L резбa 150LBS L42 1``,10142820/19082025,1785439929539494366,,,«0000N0000000000,2.0,0.0,,,0.0,0.0,M,L,L,2.970605829750029,0.0,0.0,0,,0.0,0.0,2026-03-04 08:11:00.970,2026-03-04 08:11:00.970
5744,8,1,1320962479,"Склад 3, 10/30kW",Тапи на резба,Тапа 304L резба 1/4“,16816512,1785439929539494367,,,«0000N0000000000,4.0,0.0,,,0.0,0.0,M,L,L,0.5112918811962185,0.0,0.0,0,,0.0,0.0,2026-03-02 14:59:41.894,2025-10-02 08:52:03.085
5744,9,1,1318956547,"Склад производство, 500kW",2.5.4. Вентили,Магнетвентил 1“,pbc853533,1785439929539494368,,,«0000N0000000000,1.0,0.0,,,0.0,0.0,M,L,L,191.6577616664025,0.0,0.0,0,,0.0,0.0,2026-03-04 08:11:01.142,2026-03-04 08:11:01.142
5744,10,1,1317149744,Склад,Газ анализ - Крепежи,"Bolted Plastic Clamp Support Kit, 6 mm - скоба",0005315211,1785439929539494369,,,«0000N0000000000,0.0,0.0,0.0,0.0,0.0,0.0,M,L,L,7.43,0.0,0.0,0,,0.0,0.0,2026-01-28 08:01:15.955,2026-01-28 08:01:15.955
5744,11,1,1317149934,Склад,Газ анализ - Крепежи,"Twin Bolted Plastic Clamp Tube Support Kit, 6 mm",0005418800,1785439929539494370,,,«0000N0000000000,0.0,0.0,0.0,0.0,0.0,0.0,M,L,L,9.85,0.0,0.0,0,,0.0,0.0,2026-01-28 08:03:49.018,2026-01-28 08:03:49.018
5744,12,1,1317149693,Склад,Газ анализ - Арматури,3 Way Ball valve - трипътник,0005358918,1785439929539494371,,,«0000N0000000000,0.0,0.0,0.0,0.0,0.0,0.0,M,L,L,154.61,0.0,0.0,0,,0.0,0.0,2026-01-28 08:00:56.753,2026-01-28 08:00:56.753
5744,13,1,1317149826,Склад,Газ анализ - Арматури,Needle valve - иглен клапан,0005326933,1785439929539494372,,,«0000N0000000000,0.0,0.0,0.0,0.0,0.0,0.0,M,L,L,118.08,0.0,0.0,0,,0.0,0.0,2026-01-28 08:03:18.379,2026-01-28 08:03:18.379
5744,14,1,,Склад,Газ анализ - Фитинги,MALE Elbow  6MM SWA – R 1/8``,0004494882,1785439929539494373,,,«0000N0000000000,0.0,0.0,,,0.0,0.0,M,L,L,23.1,0.0,0.0,0,,0.0,0.0,2026-01-28 08:03:08.630,2026-01-28 08:03:08.630
5744,15,1,,Склад,Газ анализ - Фитинги,Male connector 6MM SWA-1/4`` GAS-CONICO,0005272023,1785439929539494374,,,«0000N0000000000,0.0,0.0,,,0.0,0.0,M,L,L,12.979999999999999,0.0,0.0,0,,0.0,0.0,2026-01-07 14:16:42.285,2026-01-07 14:16:42.285
5744,16,1,1317138517,Склад,Газ анализ - Арматури,2 micron element kit for 2F series - филтър,0005245092,1785439929539494375,,,«0000N0000000000,0.0,0.0,0.0,0.0,0.0,0.0,M,L,L,8.699967,0.0,0.0,0,,0.0,0.0,2026-01-23 09:59:58.285,2026-01-23 09:59:58.285
5744,17,1,,Склад,Газ анализ - Фитинги,BULKHEAD UNION 6MM SWA - удължен фитинг,0005285068,1785439929539494376,,,«0000N0000000000,0.0,0.0,,,0.0,0.0,M,L,L,30.57,0.0,0.0,0,,0.0,0.0,2026-01-07 14:16:42.269,2026-01-07 14:16:42.269
5744,18,1,1317149716,Склад,Газ анализ - Фитинги,BULKHEAD UNION 6MM SWA - удължен фитинг,0005235216,1785439929539494377,,,«0000N0000000000,0.0,0.0,0.0,0.0,0.0,0.0,M,L,L,30.57,0.0,0.0,0,,0.0,0.0,2026-01-28 08:01:09.440,2026-01-28 08:01:09.440
5744,19,1,,Склад,Газ анализ - Фитинги,316 SS Ferrule set - комплект ферули,0005205716,1785439929539494378,,,«0000N0000000000,0.0,0.0,,,0.0,0.0,M,L,L,3.4900000000000007,0.0,0.0,0,,0.0,0.0,2026-01-07 14:16:42.347,2026-01-07 14:16:42.347
5744,20,1,1317149896,Склад,Газ анализ - Фитинги,"Stainless steel tube fitting, union 6mm",0005292001,1785439929539494379,,,«0000N0000000000,0.0,0.0,0.0,0.0,0.0,0.0,M,L,L,20.21,0.0,0.0,0,,0.0,0.0,2026-01-28 08:03:41.862,2026-01-28 08:03:41.862
5744,21,1,1320962479,Склад,М6,Шайба подложна vZn М6,031025/1,1785439929539494387,,|1—шайба цинк|2—М6|5—склад|,«0000N0000000000,0.0,0.0,0.0,0.0,0.0,0.0,M,L,L,0.005112918811962185,0.0,0.0,0,,0.0,0.0,2026-03-02 14:59:41.910,2026-01-16 14:41:03.382
5626,0,1,1308634432,Склад,Газ анализ - Фитинги,"Instr., low profile sleeve -",0005450661,1785439929539494380,,,«0000N0000000000,0.0,0.0,0.0,0.0,0.0,0.0,M,L,L,76.94,0.0,0.0,0,,0.0,0.0,2025-10-30 08:15:50.128,2025-10-30 08:15:50.128
5626,1,1,,Склад,Газ анализ - Фитинги,Instrumentation quick connect - бърза връзка,0005450659,1785439929539494381,,,«0000N0000000000,0.0,0.0,,,0.0,0.0,M,L,L,382.29,0.0,0.0,0,,0.0,0.0,2026-01-28 08:03:35.503,2026-01-28 08:03:35.503
5626,2,1,1316437069,Склад,2.2. Фитинги за заваряване,"Капа 316L (168,3x2,0) 6``",10144231/011025/1,1785439929539494382,,,«0000N0000000000,0.0,0.0,0.0,0.0,0.0,0.0,M,L,L,20.190842,0.0,0.0,0,,0.0,0.0,2026-01-16 09:01:46.320,2026-01-16 09:01:46.320
5626,3,1,1316437250,Склад,2.2. Фитинги за заваряване,"Капа 316L (323.0х3,0) 12“",10144231/011025/2,1785439929539494383,,,«0000N0000000000,0.0,0.0,0.0,0.0,0.0,0.0,M,L,L,78.534144,0.0,0.0,0,,0.0,0.0,2026-01-16 09:01:51.679,2026-01-16 09:01:51.679
5626,5,1,1320962479,Склад,2.4. Фланци,Уплътнение CF3000 PTFE DN40,10144231/011025/ptfe40,1785439929539494384,,|1—уплътнение CF3000 PTFE|2—DN40|5—склад|,«0000N0000000000,0.0,0.0,,,0.0,0.0,M,L,L,1.0890517069479453,0.0,0.0,0,,0.0,0.0,2025-10-21 09:36:35.820,2025-10-21 09:36:35.820
5626,6,1,1316459169,Склад,М10,Тампон MGP 50х50мм М10х28,36392/300925,1785439929539494385,,,«0000N0000000000,0.0,0.0,0.0,0.0,0.0,0.0,M,L,L,7.521076,0.0,0.0,0,,0.0,0.0,2025-10-13 08:24:04.025,2025-10-13 08:24:04.025
5626,7,1,1320962479,"Склад 3, 10/30kW",М6,Шайба подложна vZn М6,031025/1,1785439929539494388,,|1—шайба цинк|2—М6|5—склад|,«0000N0000000000,0.0,0.0,,,0.0,0.0,M,L,L,0.0,0.0,0.0,0,,0.0,0.0,2026-03-02 14:59:41.925,2026-01-26 12:29:36.923
5626,8,1,1320962479,"Склад производство, 500kW",М10,Тампон MGP 50х50мм М10х28,36392/300925,1785439929539494386,,,«0000N0000000000,12.0,0.0,,,0.0,0.0,M,L,L,7.521103572396374,0.0,0.0,0,,0.0,0.0,2026-03-04 08:11:01.423,2026-03-04 08:11:01.423
5626,9,1,1316164183,System - 90kW Volkswagen (59),2.5.3. Кранове на резба,Кран сфер. на рез. 316L DN15,265835/031225/1,1785439929539494997,,|1—сферичен кран с резба|2—1/2 - DN15|5—склад|,«0000N0000000000,6.0,0.0,0.0,0.0,0.0,0.0,M,L,L,33.377010999999996,0.0,0.0,0,,0.0,0.0,2026-02-18 13:43:52.938,2026-02-18 13:43:52.938
5626,10,1,1316453962,Склад,М6,Гайка шест. 8 vZn М6,031025/2,1785439929539494389,,|1—гайка|2—М6|5—склад|,«0000N0000000000,0.0,0.0,0.0,0.0,0.0,0.0,M,L,L,0.03,0.0,0.0,0,,0.0,0.0,2026-01-16 14:40:06.230,2026-01-16 14:40:06.230
5626,12,1,1320962479,"Склад 3, 10/30kW",М6,Гайка шест. 8 vZn М6,031025/2,1785439929539494390,,|1—гайка|2—М6|5—склад|,«0000N0000000000,0.0,0.0,,,0.0,0.0,M,L,L,0.0,0.0,0.0,0,,0.0,0.0,2026-03-02 14:59:41.941,2026-01-26 12:29:36.903
5626,14,1,1320962479,Склад,М6,Болт с шест.гл. 8.8 vZn М6х60,031025/3,1785439929539494391,,|1—болт цинк|2—М6х60|5—склад|,«0000N0000000000,0.0,0.0,0.0,0.0,0.0,0.0,M,L,L,0.0,0.0,0.0,0,,0.0,0.0,2026-03-02 14:59:41.941,2025-11-05 07:59:33.528
5626,16,1,1320962479,"Склад 3, 10/30kW",М6,Болт с шест.гл. 8.8 vZn М6х60,031025/3,1785439929539494392,,|1—болт цинк|2—М6х60|5—склад|,«0000N0000000000,0.0,0.0,,,0.0,0.0,M,L,L,0.0,0.0,0.0,0,,0.0,0.0,2026-03-02 14:59:41.941,2026-01-26 12:29:36.889
5626,17,1,1320962479,Склад,1.1.1. Части (Електролизьор),Плоча S355 J2+N HRP 2x6 70мм,7753/060825,1785439929539494393,,,«0000N0000000000,0.0,0.0,,,0.0,0.0,M,L,L,1819.8105152288285,0.0,0.0,0,,0.0,0.0,2025-11-18 12:23:11.912,2025-11-18 12:23:11.912
5626,18,1,1320962479,Склад,1.1.1. Части (Електролизьор),Гумен лист EPDM 6/1200мм,192741/031025,1785439929539494394,,,«0000N0000000000,0.0,0.0,,,0.0,0.0,M,L,L,55.219523169191596,0.0,0.0,0,,0.0,0.0,2026-01-28 07:59:06.985,2026-01-28 07:59:06.985
5626,19,1,1320962479,Суровини,1.1.1. Части (Електролизьор),Ламарина кръг 1060мм 316L 2мм,97611/130825,1785439929539494395,,,«0000N0000000000,0.0,0.0,0.0,0.0,0.0,0.0,M,L,L,230.27563745315288,0.0,0.0,0,,0.0,0.0,2026-03-02 14:59:41.957,2026-01-15 14:12:15.994
5626,20,1,1320962479,Суровини,1.1.1. Части (Електролизьор),Ламарина кръг 1060мм 316L 5мм,97611/130825/2,1785439929539494396,,,«0000N0000000000,0.0,0.0,,,0.0,0.0,M,L,L,577.6166640249919,0.0,0.0,0,,0.0,0.0,2026-01-15 14:12:31.181,2026-01-15 14:12:31.181
5626,21,1,1320962479,"Склад производство, 500kW",2.4. Фланци,Уплътнение CF3000 PTFE DN50,10143532/110925/pfte50,1785439929539494398,,|1—уплътнение CF3000 PTFE|2—DN50|5—склад|,«0000N0000000000,19.0,0.0,,,0.0,0.0,M,L,L,2.157651738648042,0.0,0.0,0,,0.0,0.0,2026-03-04 08:11:01.298,2026-03-04 08:11:01.298
5626,23,1,1320962479,"Склад производство, 500kW",2.4. Фланци,Уплътнение CF3000 PTFE DN40,10144231/011025/ptfe40,1785439929539494397,,|1—уплътнение CF3000 PTFE|2—DN40|5—склад|,«0000N0000000000,25.0,0.0,,,0.0,0.0,M,L,L,1.0890517069479453,0.0,0.0,0,,0.0,0.0,2026-03-04 08:11:01.282,2026-03-04 08:11:01.282
5626,24,1,1320962479,Склад,Шрак техник ЕООД,Кабелен канал  40x40mm,1459016267/240925,1785439929539494399,,,«0000N0000000000,0.0,0.0,,,0.0,0.0,M,L,L,5.5577427486028945,0.0,0.0,0,,0.0,0.0,2026-01-28 09:53:03.259,2026-01-28 09:53:03.259
5484,0,1,1320962479,Склад,"Прекъсвачи, Предпазители",Прекъсвач мин. AMPARO 6kA C 25А 3P,1459015258/090925/1,1785439929539494400,,,«0000N0000000000,0.0,0.0,,,0.0,0.0,M,L,L,7.490426059524601,0.0,0.0,0,,0.0,0.0,2026-01-28 09:58:13.547,2026-01-28 09:58:13.547
5484,1,1,1317640403,Склад,Шини (Електроника),DIN-релса за модулна апаратура перфорирана 1m,1459015258/090925/2,1785439929539494401,,,«0000N0000000000,0.0,0.0,0.0,0.0,0.0,0.0,M,L,L,1.252661,0.0,0.0,0,,0.0,0.0,2026-01-28 09:51:08.702,2026-01-28 09:51:08.702
5484,2,1,1317037656,Склад,Други (Електроника),"Авариен стоп бутон, въртящ",1459015258/090925/3,1785439929539494402,,,«0000N0000000000,0.0,0.0,0.0,0.0,0.0,0.0,M,L,L,11.999976,0.0,0.0,0,,0.0,0.0,2026-01-22 12:02:15.747,2026-01-22 12:02:15.747
5484,3,1,1320962479,Склад,Други (Електроника),Кутия за бутони с 1 отв. (ав. стоп),1459015258/090925/4,1785439929539494403,,,«0000N0000000000,0.0,0.0,,,0.0,0.0,M,L,L,7.04560212288389,0.0,0.0,0,,0.0,0.0,2026-01-28 09:57:36.221,2026-01-28 09:57:36.221
5484,4,1,1320962479,Склад,Други (Електроника),Контакт доп. NC заден м-ж (ав. стоп),1459015258/090925/5,1785439929539494404,,,«0000N0000000000,0.0,0.0,,,0.0,0.0,M,L,L,1.9275703921097438,0.0,0.0,0,,0.0,0.0,2026-01-28 09:52:34.052,2026-01-28 09:52:34.052
5484,5,1,1317456766,Склад,"Кабелни накрайници, обувки","Конектор RJ45, cat.5, MP0011",1459016513/290925,1785439929539494405,,,«0000N0000000000,0.0,0.0,0.0,0.0,0.0,0.0,M,L,L,0.24,0.0,0.0,0,,0.0,0.0,2026-01-28 09:55:05.567,2026-01-28 09:55:05.567
5484,6,1,1320962479,Склад,Крисметал,"Нерж. вентил 316, DN40",10144259/021025,1785439929539494406,,,«0000N0000000000,0.0,0.0,,,0.0,0.0,M,L,L,490.84020594836977,0.0,0.0,0,,0.0,0.0,2025-10-10 10:42:05.533,2025-10-10 10:42:05.533
5484,7,1,1320962479,Склад,Винтове,"Винт самонарезен с шайба vZn ф4,2x13",10514758/021025,1785439929539494407,,,«0000N0000000000,0.0,0.0,,,0.0,0.0,M,L,L,0.04601626930765966,0.0,0.0,0,,0.0,0.0,2026-01-27 13:46:21.322,2026-01-27 13:46:21.322
5484,9,1,1320962479,"Склад производство, 500kW",М16,Гайка шест. 8 Bl. М16,090825/12,1785439929539494408,,"|1—гайка шестостенна 10, цинк|2—М16|5—склад|",«0000N0000000000,120.0,0.0,,,0.0,0.0,M,L,L,0.0,0.0,0.0,0,,0.0,0.0,2026-03-04 08:11:01.798,2026-03-04 08:11:01.798
5484,10,1,1316460141,Склад,М16,Болт с шест.гл. 8.8 vZn М16х60,081025/1,1785439929539494409,,|1—болт цинк|2—М16х60|5—склад|,«0000N0000000000,0.0,0.0,0.0,0.0,0.0,0.0,M,L,L,0.34,0.0,0.0,0,,0.0,0.0,2026-01-16 14:39:25.186,2026-01-16 14:39:25.186
5484,12,1,1320962479,"Склад производство, 500kW",М16,Болт с шест.гл. 8.8 vZn М16х60,081025/1,1785439929539494410,,|1—болт цинк|2—М16х60|5—склад|,«0000N0000000000,20.0,0.0,,,0.0,0.0,M,L,L,0.0,0.0,0.0,0,,0.0,0.0,2026-03-04 08:11:01.329,2026-03-04 08:11:01.329
5484,13,1,1317562490,Склад,Джусита,ВОДНО Рязане метал (Притискаща плоча),18834/250925,1785439929539494411,,|5—Полша|,«0000N0000000000,0.0,0.0,0.0,0.0,0.0,0.0,M,L,L,2760.966,0.0,0.0,0,,0.0,0.0,2026-01-28 12:34:08.873,2026-01-28 12:34:08.873
5484,15,1,1320962479,Склад,1.1.1. Части (Електролизьор),Тефлонов лист 1200х1200х1мм,4170/021025,1785439929539494412,,,«0000N0000000000,0.0,0.0,,,0.0,0.0,M,L,L,108.38365297597439,0.0,0.0,0,,0.0,0.0,2025-10-08 08:35:46.640,2025-10-08 08:35:46.640
5484,16,1,1318956547,Склад,Сензори,Дебитомер (flowmeter) калиева основа,smr21xgxfrkg,1785439929539494414,,,«0000N0000000000,0.0,0.0,,,0.0,0.0,M,L,L,512.2666591677191,0.0,0.0,0,,0.0,0.0,2025-10-08 09:33:30.202,2025-10-08 09:33:30.202
5484,17,1,1320962479,"Склад производство, 500kW",1.1.1. Части (Електролизьор),Тефлонов лист 1200х1200х1мм,4170/021025,1785439929539494413,,,«0000N0000000000,4.0,0.0,,,0.0,0.0,M,L,L,108.38365297597439,0.0,0.0,0,,0.0,0.0,2026-03-04 08:11:01.345,2026-03-04 08:11:01.345
5484,18,1,1306452262,Склад,1.2.1. Части (Очиска),Демистър 4“ - Гъба (Wire mesh sep. mono circol.),246/141025,1785439929539494416,,,«0000N0000000000,0.0,0.0,,,0.0,0.0,M,L,L,82.00069,0.0,0.0,0,,0.0,0.0,2026-01-28 12:44:47.375,2026-01-28 12:44:47.375
5484,19,1,1318956547,"Склад производство, 500kW",Сензори,Дебитомер (flowmeter) калиева основа,smr21xgxfrkg,1785439929539494415,,,«0000N0000000000,6.0,0.0,,,0.0,0.0,M,L,L,512.2666591677191,0.0,0.0,0,,0.0,0.0,2026-03-04 08:11:01.360,2026-03-04 08:11:01.360
5484,20,1,1320962479,Склад,М16,Болт с шест.гл. 8.8 vZn M16x55,340045082/081025,1785439929539494417,,,«0000N0000000000,0.0,0.0,,,0.0,0.0,M,L,L,0.3630172356493151,0.0,0.0,0,,0.0,0.0,2025-10-30 09:17:29.425,2025-10-30 09:17:29.425
5484,21,1,1320962479,"Склад производство, 500kW",2.6. Арматури,Филтър на фл. 316 INOX PN16 DN50,10143532/110925/f50,1785439929539494419,,,«0000N0000000000,4.0,0.0,,,0.0,0.0,M,L,L,354.2179023739282,0.0,0.0,0,,0.0,0.0,2026-03-04 08:11:00.938,2026-03-04 08:11:00.938
5484,22,1,1320962479,"Склад производство, 500kW",М16,Болт с шест.гл. 8.8 vZn M16x55,340045082/081025,1785439929539494418,,,«0000N0000000000,50.0,0.0,,,0.0,0.0,M,L,L,0.3630172356493151,0.0,0.0,0,,0.0,0.0,2026-03-04 08:11:01.345,2026-03-04 08:11:01.345
5528,0,1,1320962479,Склад,Платки - Green Innovation,"Захранващо устройство, SDR-240-24",250825/1,1785439929539494420,,,«0000N0000000000,0.0,0.0,,,0.0,0.0,M,L,L,92.03253861531933,0.0,0.0,0,,0.0,0.0,2025-10-08 14:38:33.257,2025-10-08 14:38:33.257
5528,1,1,1320962479,Склад,ИТТ,Шайба пружинна vZn-М12,091025/1,1785439929539494422,,|1—федер шайба цинк|2—М12|5—склад|,«0000N0000000000,0.0,0.0,0.0,0.0,0.0,0.0,M,L,L,0.0,0.0,0.0,0,,0.0,0.0,2026-03-02 14:59:42.066,2025-12-18 08:13:45.786
5528,2,1,1320962479,"Склад производство, 500kW",Платки - Green Innovation,"Захранващо устройство, SDR-240-24",250825/1,1785439929539494421,,,«0000N0000000000,0.0,0.0,,,0.0,0.0,M,L,L,92.03253861531933,0.0,0.0,0,,0.0,0.0,2026-03-02 14:59:42.066,2026-01-28 08:36:35.261
5528,4,1,1320962479,"Склад производство, 500kW",ИТТ,Шайба пружинна vZn-М12,091025/1,1785439929539494423,,|1—федер шайба цинк|2—М12|5—склад|,«0000N0000000000,10.0,0.0,,,0.0,0.0,M,L,L,0.0,0.0,0.0,0,,0.0,0.0,2026-03-02 14:59:42.066,2025-10-09 08:24:19.644
5528,5,1,1320962479,Склад,2.5.4. Вентили,Магнетвентил 3/4“,181225/1,1785439929539494998,,|1—магнетвентил|2—3/4`|5—склад|,«0000N0000000000,0.0,0.0,,,0.0,0.0,M,L,L,0.0,0.0,0.0,0,,0.0,0.0,2026-01-28 12:40:51.814,2026-01-28 12:40:51.814
5528,6,1,1316458195,Склад,М12,Гайка шест. 8 vZn М12,091025/2,1785439929539494424,,|1—гайка цинк|2—М12|5—склад|,«0000N0000000000,0.0,0.0,0.0,0.0,0.0,0.0,M,L,L,0.03,0.0,0.0,0,,0.0,0.0,2026-01-16 14:40:19.089,2026-01-16 14:40:19.089
5528,8,1,1317543026,"Склад производство, 500kW",М12,Гайка шест. 8 vZn М12,091025/2,1785439929539494425,,|1—гайка цинк|2—М12|5—склад|,«0000N0000000000,10.0,0.0,,,0.0,0.0,M,L,L,0.03,0.0,0.0,0,,0.0,0.0,2026-01-27 10:19:35.328,2025-10-09 08:24:29.795
5528,10,1,1316458130,Склад,М12,Болт с шест.гл. 8.8 vZn М12х100,091025/3,1785439929539494426,,|1—болт цинк|2—М12х100|5—склад|,«0000N0000000000,0.0,0.0,0.0,0.0,0.0,0.0,M,L,L,0.24,0.0,0.0,0,,0.0,0.0,2026-01-16 14:38:47.220,2026-01-16 14:38:47.220
5528,12,1,1320962479,"Склад производство, 500kW",М12,Болт с шест.гл. 8.8 vZn М12х100,091025/3,1785439929539494427,,|1—болт цинк|2—М12х100|5—склад|,«0000N0000000000,10.0,0.0,,,0.0,0.0,M,L,L,0.0,0.0,0.0,0,,0.0,0.0,2026-03-04 08:11:01.048,2026-03-04 08:11:01.048
5528,13,1,1320962479,Склад,М5,Щекер пружинен vZn ф5/20.1-26,340044944/011025,1785439929539494428,,,«0000N0000000000,0.0,0.0,,,0.0,0.0,M,L,L,0.37324307327323947,0.0,0.0,0,,0.0,0.0,2025-10-10 07:55:47.945,2025-10-10 07:55:47.945
5528,14,1,1318541504,"Склад 3, 10/30kW",Кабели - Сензори,Кабел PUR М12 конектор 2м,28082025/31,1785439929539494430,,"|1—PUR кабел, М12 конектор|2—2 м.|",«0000N0000000000,0.0,0.0,,,0.0,0.0,M,L,L,0.0,0.0,0.0,0,,0.0,0.0,2026-02-06 09:57:40.255,2026-01-26 12:29:36.961
5528,15,1,1320962479,"Склад производство, 500kW",М5,Щекер пружинен vZn ф5/20.1-26,340044944/011025,1785439929539494429,,,«0000N0000000000,0.0,0.0,,,0.0,0.0,M,L,L,0.37324307327323947,0.0,0.0,0,,0.0,0.0,2026-03-02 14:59:42.097,2026-01-28 08:36:35.276
5528,17,1,1318956547,"Склад 3, 10/30kW",Сензори,Трансмитер за налягане 0-10 bar. G 1/2“,25689,1785439929539494431,,|1—датчик|5—склад|,«0000N0000000000,0.0,0.0,,,0.0,0.0,M,L,L,326.9363901770604,0.0,0.0,0,,0.0,0.0,2026-02-10 13:34:16.577,2026-01-26 12:29:36.948
5528,18,1,1317543026,"Склад производство, 500kW",2.4. Фланци,Уплътнение CF3000 PTFE DN25,10143532/110925/pfte25,1785439929539494432,,|1—уплътнение CF3000 PTFE|2—DN25|5—склад|,«0000N0000000000,37.0,0.0,,,0.0,0.0,M,L,L,0.920322,0.0,0.0,0,,0.0,0.0,2026-03-04 08:11:01.657,2026-03-04 08:11:01.657
5528,19,1,1318941200,"Склад производство, 500kW",2.2. Фитинги за заваряване,Тройник 304L заварка (33.7х2) 1`,10143532/110925/t1`,1785439929539494433,,|1—тройник|2—33.7х2|,«0000N0000000000,2.0,0.0,,,0.0,0.0,M,L,L,6.033222,0.0,0.0,0,,0.0,0.0,2026-02-10 09:53:16.950,2025-10-10 09:49:29.778
5528,21,1,1320962479,"Склад производство, 500kW",Нипели на резба,Нипел шест. 316L резба 150LBS 1/2“,143284/02092025/2,1785439929539494434,,|1—нипел шестостен|2—1/2`|5—склад|,«0000N0000000000,6.0,0.0,0.0,0.0,0.0,0.0,M,L,L,2.055393362408798,0.0,0.0,0,,0.0,0.0,2026-03-04 08:11:01.392,2026-03-04 08:11:01.392
5528,22,1,1316440364,2. МЕТАЛХИДРИД,2.1. Тръби,"Тръба шевна 304L (33,7x2.6) 1“",10144596/101025/1,1785439929539494435,,,«0000N0000000000,0.0,0.0,0.0,0.0,0.0,0.0,M,L,L,13.068572,0.0,0.0,0,,0.0,0.0,2026-01-16 09:42:20.371,2026-01-16 09:42:20.371
5528,24,1,1320962479,Склад,Кръстове на резба,Кръст 316L резба 1 1/4`,10144596/101025/2,1785439929539494436,,|1—кръст|2—1 1/4`|5—склад|,«0000N0000000000,0.0,0.0,,,0.0,0.0,M,L,L,12.628909465546597,0.0,0.0,0,,0.0,0.0,2026-01-27 14:11:34.204,2026-01-27 14:11:34.204
5528,25,1,1320962479,Склад,Крисметал,"Нерж. вентил 316, DN40",10144596/101025/3,1785439929539494437,,,«0000N0000000000,0.0,0.0,,,0.0,0.0,M,L,L,490.84020594836977,0.0,0.0,0,,0.0,0.0,2025-10-10 10:42:10.314,2025-10-10 10:42:10.314
5546,0,1,1318956547,Склад,Скоби,Скоба укрепваща с уплътнение 2“,10144596/101025/4,1785439929539494438,,,«0000N0000000000,0.0,0.0,,,0.0,0.0,M,L,L,0.8231799287259118,0.0,0.0,0,,0.0,0.0,2026-01-28 13:37:24.257,2026-01-28 13:37:24.257
5546,1,1,1320962479,"Склад производство, 500kW",Крисметал,"Нерж. вентил 316, DN40",10144259/021025,1785439929539494439,,,«0000N0000000000,0.0,0.0,,,0.0,0.0,M,L,L,490.84020594836977,0.0,0.0,0,,0.0,0.0,2026-03-02 14:59:42.113,2026-01-28 08:36:35.292
5546,2,1,1320962479,"Склад производство, 500kW",Крисметал,"Нерж. вентил 316, DN40",10144596/101025/3,1785439929539494440,,,«0000N0000000000,2.0,0.0,,,0.0,0.0,M,L,L,490.84020594836977,0.0,0.0,0,,0.0,0.0,2026-03-04 08:11:01.423,2026-03-04 08:11:01.423
5546,3,1,1320962479,Склад,Релета,Времереле 24-240V AC/DC 1CO 8А/250V,080825/1,1785439929539494442,,|1—реле за време - механично|2—8А|5—склад|,«0000N0000000000,0.0,0.0,0.0,0.0,0.0,0.0,M,L,L,27.016663002408187,0.0,0.0,0,,0.0,0.0,2026-03-02 14:59:42.129,2025-10-13 07:11:30.876
5546,4,1,1318956547,"Склад производство, 500kW",Скоби,Скоба укрепваща с уплътнение 2“,10144596/101025/4,1785439929539494441,,,«0000N0000000000,2.0,0.0,,,0.0,0.0,M,L,L,0.8231799287259118,0.0,0.0,0,,0.0,0.0,2026-03-04 08:11:01.407,2026-03-04 08:11:01.407
5546,6,1,1320962479,Склад,Релета,Времереле 24-240V AC/DC 1CO 8А/250V,1459017125/061025,1785439929539494443,,|1—реле за време - механично|2—8А|5—склад|,«0000N0000000000,0.0,0.0,0.0,0.0,0.0,0.0,M,L,L,27.016663002408187,0.0,0.0,0,,0.0,0.0,2026-03-02 14:59:42.129,2026-01-28 10:16:21.916
5546,8,1,1320962479,Склад,М16,Болт с шест.гл. 8.8 vZn М16х50,101025,1785439929539494444,,|1—болт цинк|2—М16х50|5—склад|,«0000N0000000000,0.0,0.0,,,0.0,0.0,M,L,L,0.0,0.0,0.0,0,,0.0,0.0,2025-10-30 10:09:36.292,2025-10-30 10:09:36.292
5546,10,1,1320962479,"Склад производство, 500kW",М16,Болт с шест.гл. 8.8 vZn М16х50,101025,1785439929539494445,,|1—болт цинк|2—М16х50|5—склад|,«0000N0000000000,16.0,0.0,,,0.0,0.0,M,L,L,0.0,0.0,0.0,0,,0.0,0.0,2026-03-04 08:11:01.079,2026-03-04 08:11:01.079
5546,11,1,1318956547,Склад,Сензори,Трансмитер за налягане 0-10 bar. G 1/2“,25697,1785439929539494455,,|1—датчик|5—склад|,«0000N0000000000,0.0,0.0,0.0,0.0,0.0,0.0,M,L,L,326.93536759329794,0.0,0.0,0,,0.0,0.0,2026-02-10 13:34:16.577,2026-01-05 13:50:42.727
5546,12,1,1320962479,"Склад производство, 500kW",Релета,Времереле 24-240V AC/DC 1CO 8А/250V,080825/1,1785439929539494446,,|1—реле за време - механично|2—8А|5—склад|,«0000N0000000000,0.0,0.0,,,0.0,0.0,M,L,L,27.016663002408187,0.0,0.0,0,,0.0,0.0,2026-03-02 14:59:42.144,2026-01-28 08:36:35.308
5546,15,1,1320962479,"Склад производство, 500kW",Релета,Времереле 24-240V AC/DC 1CO 8А/250V,1459017125/061025,1785439929539494447,,|1—реле за време - механично|2—8А|5—склад|,«0000N0000000000,0.0,0.0,,,0.0,0.0,M,L,L,27.016663002408187,0.0,0.0,0,,0.0,0.0,2026-03-02 14:59:42.160,2026-01-28 08:36:35.308
5546,16,1,1318956547,Склад,Сензори,Трансмитер за налягане 0-10 bar. G 1/2“,25696,1785439929539494449,,|1—датчик|5—склад|,«0000N0000000000,0.0,0.0,,,0.0,0.0,M,L,L,326.93536759329794,0.0,0.0,0,,0.0,0.0,2026-01-28 13:04:20.229,2026-01-28 13:04:20.229
5546,18,1,1323155366,Склад,Сензори,Трансмитер за налягане 0-10 bar. G 1/2“,25695,1785439929539494451,,|1—датчик|5—склад|,«0000N0000000000,0.0,0.0,,,0.0,0.0,M,L,L,326.935367593298,0.0,0.0,0,,0.0,0.0,2026-03-24 13:17:16.953,2026-01-28 13:04:13.917
5546,20,1,1318956547,Склад,Сензори,Трансмитер за налягане 0-10 bar. G 1/2“,25700,1785439929539494452,,|1—датчик|5—склад|,«0000N0000000000,0.0,0.0,,,0.0,0.0,M,L,L,326.93536759329794,0.0,0.0,0,,0.0,0.0,2026-01-28 13:04:24.197,2026-01-28 13:04:24.197
5546,22,1,1323155366,Склад,Сензори,Трансмитер за налягане 0-10 bar. G 1/2“,25699,1785439929539494453,,|1—датчик|5—склад|,«0000N0000000000,0.0,0.0,,,0.0,0.0,M,L,L,326.935367593298,0.0,0.0,0,,0.0,0.0,2026-03-24 13:17:16.953,2026-01-28 13:04:28.650
5546,24,1,1318956547,Склад,Сензори,Трансмитер за налягане 0-10 bar. G 1/2“,25702,1785439929539494454,,|1—датчик|5—склад|,«0000N0000000000,0.0,0.0,0.0,0.0,0.0,0.0,M,L,L,326.93536759329794,0.0,0.0,0,,0.0,0.0,2026-02-10 13:34:16.593,2026-01-05 13:49:36.792
5546,25,1,1320962479,"Склад 3, 10/30kW",Вътрешна резба,Преход 316L резба вътрешна 150LBS 1/2“х1/4“,131025,1785439929539494458,,|1—муфа намалител|2—1/2х1/4|5—склад|,«0000N0000000000,0.0,0.0,,,0.0,0.0,M,L,L,0.0,0.0,0.0,0,,0.0,0.0,2026-03-02 14:59:42.160,2026-01-26 12:29:37.013
5546,26,1,1320962479,2. МЕТАЛХИДРИД,Вътрешни изделия и детайли,Тяло на бутилка,301025/bpdy,1785439929539494631,,,«0000N0000000000,0.0,0.0,,,0.0,0.0,M,L,L,1.9080185905728,0.0,0.0,0,,0.0,0.0,2025-10-30 08:18:40.994,2025-10-30 08:18:40.994
5727,0,1,1306954874,"Склад производство, 500kW",1.2.1. Части (Очиска),Демистър 4“ - Гъба (Wire mesh sep. mono circol.),246/141025,1785439929539494459,,,«0000N0000000000,5.0,0.0,,,0.0,0.0,M,L,L,82.00069,0.0,0.0,0,,0.0,0.0,2026-03-04 08:11:01.173,2026-03-04 08:11:01.173
5727,1,1,1318956547,Склад,Сензори,Сензор за газ H2 GS-220,25070100119,1785439929539494460,,,«0000N0000000000,0.0,0.0,,,0.0,0.0,M,L,L,177.31602439884858,0.0,0.0,0,,0.0,0.0,2025-12-12 08:08:31.631,2025-12-12 08:08:31.631
5727,2,1,1320962479,"Склад 3, 10/30kW",ЛД,Ф5.5 21L2K1T55 P16,1234567,1785439929539494461,,|1—Ф5.5|2—P16|5—склад|,«0000N0000000000,0.0,0.0,,,0.0,0.0,M,L,L,0.0,0.0,0.0,0,,0.0,0.0,2026-03-02 14:59:42.176,2026-01-26 12:29:37.037
5727,3,1,1318956547,Склад,Сензори,Трансмитер за налягане 0-10 bar. G 1/2“,52694,1785439929539494464,,|1—датчик|5—склад|,«0000N0000000000,0.0,0.0,0.0,0.0,0.0,0.0,M,L,L,326.93536759329794,0.0,0.0,0,,0.0,0.0,2026-02-10 13:34:16.593,2026-01-05 13:49:57.873
5727,5,1,1318956547,Склад,Сензори,Трансмитер за налягане 0-10 bar. G 1/2“,25701,1785439929539494463,,|1—датчик|5—склад|,«0000N0000000000,0.0,0.0,0.0,0.0,0.0,0.0,M,L,L,326.93536759329794,0.0,0.0,0,,0.0,0.0,2026-02-10 13:34:16.608,2026-01-05 13:50:14.537
5727,6,1,1320962479,"Склад производство, 500kW",2.2. Фитинги за заваряване,"Коляно 90° 304L заварка (48,3х2) 1 1/2``",10143532/110925/k1.1/2`,1785439929539494467,,,«0000N0000000000,65.0,0.0,,,0.0,0.0,M,L,L,3.798898677287903,0.0,0.0,0,,0.0,0.0,2026-03-02 14:59:42.191,2025-11-17 08:54:03.051
5727,8,1,1318956547,"Склад производство, 500kW",Сензори,Трансмитер за налягане 0-10 bar. G 1/2“,52694,1785439929539494465,,|1—датчик|5—склад|,«0000N0000000000,1.0,0.0,,,0.0,0.0,M,L,L,326.93536759329794,0.0,0.0,0,,0.0,0.0,2026-03-04 08:11:01.501,2026-03-04 08:11:01.501
5727,11,1,1318956547,"Склад производство, 500kW",Сензори,Трансмитер за налягане 0-10 bar. G 1/2“,25701,1785439929539494466,,|1—датчик|5—склад|,«0000N0000000000,1.0,0.0,,,0.0,0.0,M,L,L,326.93536759329794,0.0,0.0,0,,0.0,0.0,2026-03-04 08:11:01.485,2026-03-04 08:11:01.485
5727,12,1,1320962479,"Склад производство, 500kW",2.2. Фитинги за заваряване,Тройник 304L заварка (48.3х2) 1 1/2“,10143532/110925/t1.1/2`,1785439929539494468,,|1—тройник|2—48.3х2|,«0000N0000000000,17.0,0.0,,,0.0,0.0,M,L,L,8.615268198156283,0.0,0.0,0,,0.0,0.0,2026-03-04 08:11:01.517,2026-03-04 08:11:01.517
5727,13,1,1320962479,"Склад производство, 500kW",2.1. Тръби,Тръба оребрена 25х2,28082025/8,1785439929539494471,,,«0000N0000000000,60.0,0.0,,,0.0,0.0,M,L,L,48.138130614623975,0.0,0.0,0,,0.0,0.0,2026-03-04 08:11:02.001,2026-03-04 08:11:02.001
5727,14,1,1316461904,Склад,2.5.5. Клапани,Иглен клапан (Slid. Gate Mot. Valve 8038 О2),2916800001/1,1785439929539494472,,,«0000N0000000000,0.0,0.0,0.0,0.0,0.0,0.0,M,L,L,3233.29,0.0,0.0,0,,0.0,0.0,2026-01-16 15:09:03.212,2026-01-16 15:09:03.212
5727,15,1,1320962479,System - 90kW Volkswagen (59),3. Метални Елементи,Профилна тръба ЕЗ 40х40х2,134250/121125/3,1785439929539494905,,,«0000N0000000000,6.0,0.0,,,0.0,0.0,M,L,L,2.132087144588231,0.0,0.0,0,,0.0,0.0,2026-03-02 14:59:42.207,2025-12-04 08:25:28.477
5727,16,1,1316461888,Склад,2.5.5. Клапани,Иглен клапан (Slid. Gate Mot. Valve 8038 H2),2916800002/3,1785439929539494473,,,«0000N0000000000,0.0,0.0,0.0,0.0,0.0,0.0,M,L,L,3569.44,0.0,0.0,0,,0.0,0.0,2026-01-16 15:08:55.110,2026-01-16 15:08:55.110
5727,17,1,1318956547,Склад,2.5.5. Клапани,Иглен клапан (0-6bar G 1/4“ EPDM),1036,1785439929539494476,,,«0000N0000000000,0.0,0.0,,,0.0,0.0,M,L,L,640.7765501091608,0.0,0.0,0,,0.0,0.0,2026-01-28 13:04:42.810,2026-01-28 13:04:42.810
5727,18,1,1307051388,"Склад производство, 500kW",2.5.5. Клапани,Иглен клапан (Slid. Gate Mot. Valve 8038 H2),2916800002/3,1785439929539494474,,,«0000N0000000000,1.0,0.0,,,0.0,0.0,M,L,L,3569.44,0.0,0.0,0,,0.0,0.0,2026-03-04 08:11:01.532,2026-03-04 08:11:01.532
5727,19,1,1318956547,Склад,2.5.5. Клапани,Иглен клапан (0-6bar G 1/4“ EPDM),1034,1785439929539494477,,,«0000N0000000000,0.0,0.0,,,0.0,0.0,M,L,L,640.7765501091608,0.0,0.0,0,,0.0,0.0,2026-01-28 13:04:38.603,2026-01-28 13:04:38.603
5727,20,1,1307051396,"Склад производство, 500kW",2.5.5. Клапани,Иглен клапан (Slid. Gate Mot. Valve 8038 О2),2916800001/1,1785439929539494475,,,«0000N0000000000,1.0,0.0,,,0.0,0.0,M,L,L,3233.29,0.0,0.0,0,,0.0,0.0,2026-03-04 08:11:01.532,2026-03-04 08:11:01.532
5727,21,1,1318956547,Склад,2.5.5. Клапани,Иглен клапан (0-6bar G 1/4“ EPDM),1031,1785439929539494478,,,«0000N0000000000,0.0,0.0,,,0.0,0.0,M,L,L,640.7765501091608,0.0,0.0,0,,0.0,0.0,2026-01-28 13:04:35.025,2026-01-28 13:04:35.025
5727,22,1,1318956547,Склад,2.5.5. Клапани,Иглен клапан (0-6bar G 1/4“ FKM),1064,1785439929539494479,,,«0000N0000000000,0.0,0.0,,,0.0,0.0,M,L,L,640.7765501091608,0.0,0.0,0,,0.0,0.0,2026-01-28 13:04:49.263,2026-01-28 13:04:49.263
5720,0,1,1318956547,Склад,"Кабелни накрайници, обувки","Куплунг M12, 8-пина, кабел 2m.",pbc786382,1785439929539494480,,,«0000N0000000000,0.0,0.0,,,0.0,0.0,M,L,L,73.02781939125589,0.0,0.0,0,,0.0,0.0,2026-01-28 13:04:56.216,2026-01-28 13:04:56.216
5720,1,1,1320962479,Склад,1.1.1. Части (Електролизьор),Уплътнение (S.G.M. PTFE) 1060x900x5мм,VMA20250921/141025/1,1785439929539494481,,,«0000N0000000000,0.0,0.0,0.0,0.0,0.0,0.0,M,L,L,76.02,0.0,0.0,0,,0.0,0.0,2026-03-02 14:59:42.222,2026-01-28 07:58:30.237
5720,2,1,1320962479,Склад,1.1.1. Части (Електролизьор),Мембрани (Composite Membrane) 1х1м,VMA20250921/141025/2,1785439929539494482,,,«0000N0000000000,0.0,0.0,0.0,0.0,0.0,0.0,M,L,L,111.23279999999998,0.0,0.0,0,,0.0,0.0,2026-03-02 14:59:42.222,2026-01-28 07:59:17.015
5720,3,1,1318956547,"Склад производство, 500kW",Сензори,Датчик за температура,ta-025clem14-a-zvg/us,1785439929539494483,,,«0000N0000000000,6.0,0.0,,,0.0,0.0,M,L,L,103.31675043331987,0.0,0.0,0,,0.0,0.0,2026-03-04 08:11:01.548,2026-03-04 08:11:01.548
5720,4,1,1320962479,Склад,1.1.1. Части (Електролизьор),Уплътнение (S.G.M. PTFE) 1060x900x5мм,VMA2025081801/18082025/2,1785439929539494484,,,«0000N0000000000,0.0,0.0,0.0,0.0,0.0,0.0,M,L,L,76.02,0.0,0.0,0,,0.0,0.0,2026-03-02 14:59:42.238,2026-01-14 12:35:09.619
5720,5,1,1320962479,"Склад производство, 500kW",1.1.1. Части (Електролизьор),Гумен лист EPDM 6/1200мм,192741/031025,1785439929539494485,,,«0000N0000000000,4.0,0.0,,,0.0,0.0,M,L,L,55.219523169191596,0.0,0.0,0,,0.0,0.0,2026-03-04 08:11:02.017,2026-03-04 08:11:02.017
5720,6,1,1320962479,"Склад производство, 500kW",2.1. Тръби,"Тръба шевна 304L (33,7x2) 1``",10143532/110925/33.7,1785439929539494493,,,«0000N0000000000,10.0,0.0,,,0.0,0.0,M,L,L,11.544970677410612,0.0,0.0,0,,0.0,0.0,2026-03-04 08:11:00.829,2026-03-04 08:11:00.829
5720,7,1,1320962479,"Склад производство, 500kW",1.1.1. Части (Електролизьор),Уплътнение (S.G.M. PTFE) 1060x900x5мм,VMA2025081801/18082025/2,1785439929539494489,,,«0000N0000000000,184.0,0.0,,,0.0,0.0,M,L,L,76.02,0.0,0.0,0,,0.0,0.0,2026-03-04 08:11:01.579,2026-03-04 08:11:01.579
5720,8,1,1320962479,"Склад производство, 500kW",1.1.1. Части (Електролизьор),"Перфорирана ламарина 316L LB 1000x2000x0,5мм",1216/230925,1785439929539494490,,,«0000N0000000000,88.0,0.0,,,0.0,0.0,M,L,L,60.122812309863335,0.0,0.0,0,,0.0,0.0,2026-03-04 08:11:01.595,2026-03-04 08:11:01.595
5720,9,1,1320962479,"Склад производство, 500kW",1.1.1. Части (Електролизьор),Ламарина кръг 1060мм 316L 5мм,97611/130825/2,1785439929539494491,,,«0000N0000000000,2.0,0.0,,,0.0,0.0,M,L,L,577.6166640249919,0.0,0.0,0,,0.0,0.0,2026-03-04 08:11:02.235,2026-03-04 08:11:02.235
5720,10,1,1320962479,"Склад производство, 500kW",1.1.1. Части (Електролизьор),Ламарина кръг 1060мм 316L 2мм,97611/130825,1785439929539494492,,,«0000N0000000000,44.0,0.0,,,0.0,0.0,M,L,L,230.27563745315288,0.0,0.0,0,,0.0,0.0,2026-03-04 08:11:02.235,2026-03-04 08:11:02.235
5720,11,1,1320962479,"Склад производство, 500kW",2.1. Тръби,"Тръба шевна 304L (48,3х2) 1 1/2``",28082025/4,1785439929539494494,,,«0000N0000000000,9.0,0.0,,,0.0,0.0,M,L,L,14.90927125568173,0.0,0.0,0,,0.0,0.0,2026-03-02 14:59:42.269,2025-11-17 08:52:23.229
5720,12,1,1320962479,"Склад производство, 500kW",2.1. Тръби,"Тръба шевна 304L (114,3х2) 4``",28082025/7,1785439929539494495,,,«0000N0000000000,1.5,0.0,,,0.0,0.0,M,L,L,31.23993394108895,0.0,0.0,0,,0.0,0.0,2026-03-02 14:59:42.269,2025-11-17 08:53:18.944
5720,13,1,1320962479,"Склад производство, 500kW",2.1. Тръби,"Тръба шевна 304L (168,3х2) 6``",10143532/110925/168.3,1785439929539494496,,,«0000N0000000000,3.0,0.0,,,0.0,0.0,M,L,L,33.64300578271118,0.0,0.0,0,,0.0,0.0,2026-03-02 14:59:42.269,2025-11-17 08:53:07.789
5720,14,1,1320962479,"Склад производство, 500kW",2.2. Фитинги за заваряване,"Капа 316L (114,3х2) 4``",10143532/110925/4`,1785439929539494497,,,«0000N0000000000,6.0,0.0,,,0.0,0.0,M,L,L,7.986379184284932,0.0,0.0,0,,0.0,0.0,2026-03-04 08:11:00.892,2026-03-04 08:11:00.892
5720,15,1,1320962479,"Склад производство, 500kW",2.2. Фитинги за заваряване,"Капа 316L (168,3x2,0) 6``",10143532/110925/6`,1785439929539494498,,,«0000N0000000000,4.0,0.0,,,0.0,0.0,M,L,L,20.19091638843867,0.0,0.0,0,,0.0,0.0,2026-03-04 08:11:00.876,2026-03-04 08:11:00.876
5720,16,1,1320962479,Склад,М12,Болт с шест.гл. 8.8 vZn М12х40,151025,1785439929539494499,,|1—болт цинк|2—М12х40|5—склад|,«0000N0000000000,0.0,0.0,0.0,0.0,0.0,0.0,M,L,L,0.0,0.0,0.0,0,,0.0,0.0,2026-03-02 14:59:42.285,2025-12-18 08:11:03.965
5720,18,1,1320962479,"Склад производство, 500kW",М12,Болт с шест.гл. 8.8 vZn М12х40,151025,1785439929539494500,,|1—болт цинк|2—М12х40|5—склад|,«0000N0000000000,50.0,0.0,,,0.0,0.0,M,L,L,0.0,0.0,0.0,0,,0.0,0.0,2026-03-04 08:11:01.032,2026-03-04 08:11:01.032
5720,19,1,1317561905,Склад,Сензори,"Термодвойка тип К1300, 150мм.",24295/141025,1785439929539494501,,,«0000N0000000000,0.0,0.0,0.0,0.0,0.0,0.0,M,L,L,32.615189,0.0,0.0,0,,0.0,0.0,2026-01-28 12:43:32.193,2026-01-28 12:43:32.193
5720,20,1,1317561896,Склад,Други (Електроника),Торморегулатор REX C100 SSR,2025Y06M,1785439929539494502,,,«0000N0000000000,0.0,0.0,0.0,0.0,0.0,0.0,M,L,L,17.041296,0.0,0.0,0,,0.0,0.0,2026-01-28 12:43:37.646,2026-01-28 12:43:37.646
5843,0,1,1320962479,Склад,2. Консумативи,"О пръстен 47.22/3.53, EPDM 70",196057/131025,1785439929539494503,,,«0000N0000000000,0.0,0.0,,,0.0,0.0,M,L,L,0.41925934258089914,0.0,0.0,0,,0.0,0.0,2026-01-28 12:57:32.380,2026-01-28 12:57:32.380
5843,1,1,1320962479,"Склад 3, 10/30kW",Сензори,"Термодвойка тип К1300, 150мм.",24295/141025,1785439929539494504,,,«0000N0000000000,0.0,0.0,,,0.0,0.0,M,L,L,32.615309101506774,0.0,0.0,0,,0.0,0.0,2026-03-02 14:59:42.316,2026-01-28 13:40:12.614
5843,2,1,1320962479,"Склад 3, 10/30kW",Други (Електроника),Торморегулатор REX C100 SSR,2025Y06M,1785439929539494505,,,«0000N0000000000,0.0,0.0,,,0.0,0.0,M,L,L,17.04135840026996,0.0,0.0,0,,0.0,0.0,2026-03-02 14:59:42.316,2026-01-28 13:40:12.630
5843,4,1,1320962479,"Склад 3, 10/30kW",1. Пречистване на вода,"Предфилтърен корпус, Викинг ПРО за студена вода",81066/040925/2,1785439929539494507,,,«0000N0000000000,9.0,0.0,,,0.0,0.0,M,L,L,93.05512237771177,0.0,0.0,0,,0.0,0.0,2026-03-02 14:59:42.316,2026-01-28 13:40:11.568
5843,5,1,1320962479,"Склад 3, 10/30kW",1. Пречистване на вода,B520 PRO,81066/040925/1,1785439929539494508,,,«0000N0000000000,0.0,0.0,,,0.0,0.0,M,L,L,51.12918811962185,0.0,0.0,0,,0.0,0.0,2026-03-02 14:59:42.332,2026-01-28 13:40:12.614
5843,6,1,1320962479,Склад,М6,Шайба подложна vZn М6,151025/2,1785439929539494509,,|1—шайба цинк|2—М6|5—склад|,«0000N0000000000,-0.0,0.0,0.0,0.0,0.0,0.0,M,L,L,0.0,0.0,0.0,0,,0.0,0.0,2026-03-02 14:59:42.332,2025-10-24 09:42:44.217
5843,8,1,1320962479,"Склад 3, 10/30kW",М6,Шайба подложна vZn М6,151025/2,1785439929539494510,,|1—шайба цинк|2—М6|5—склад|,«0000N0000000000,10.0,0.0,,,0.0,0.0,M,L,L,0.0,0.0,0.0,0,,0.0,0.0,2026-03-02 14:59:42.332,2025-10-15 12:23:39.306
5843,9,1,1320962479,Склад,2.5.4. Вентили,Магнетвентил 1/2“,181225/2,1785439929539494999,,,«0000N0000000000,0.0,0.0,,,0.0,0.0,M,L,L,106.4765342591125,0.0,0.0,0,,0.0,0.0,2026-01-28 12:40:57.860,2026-01-28 12:40:57.860
5843,10,1,1320962479,Склад,М6,Гайка шест. 8 vZn М6,151025/3,1785439929539494511,,|1—гайка|2—М6|5—склад|,«0000N0000000000,0.0,0.0,0.0,0.0,0.0,0.0,M,L,L,0.0,0.0,0.0,0,,0.0,0.0,2026-03-02 14:59:42.347,2025-12-18 09:05:06.382
5843,12,1,1320962479,"Склад 3, 10/30kW",М6,Гайка шест. 8 vZn М6,151025/3,1785439929539494512,,|1—гайка|2—М6|5—склад|,«0000N0000000000,10.0,0.0,,,0.0,0.0,M,L,L,0.0,0.0,0.0,0,,0.0,0.0,2026-03-02 14:59:42.347,2025-10-15 12:23:56.571
5843,14,1,1320962480,Склад,М6,Болт с шест.гл. 8.8 vZn М6х25,151025/4,1785439929539494513,,|1—болт цинк|2—М6х25|5—склад|,«0000N0000000000,0.0,0.0,0.0,0.0,0.0,0.0,M,L,L,0.0,0.0,0.0,0,,0.0,0.0,2026-03-02 14:59:42.363,2026-01-27 13:48:28.934
5843,16,1,1320962480,"Склад 3, 10/30kW",М6,Болт с шест.гл. 8.8 vZn М6х25,151025/4,1785439929539494514,,|1—болт цинк|2—М6х25|5—склад|,«0000N0000000000,10.0,0.0,,,0.0,0.0,M,L,L,0.0,0.0,0.0,0,,0.0,0.0,2026-03-02 14:59:42.363,2025-10-15 12:24:28.616
5843,17,1,,Склад,5. Устройства,Панел HMI 7`,h70072968,1785439929539494515,,,«0000N0000000000,0.0,0.0,,,0.0,0.0,M,L,L,295.2,0.0,0.0,0,,0.0,0.0,2026-01-28 13:05:02.762,2026-01-28 13:05:02.762
5843,18,1,1320962480,"Склад 3, 10/30kW",Фитинги - Щуцер на резба,Щуцер за маркуч 304 1/4“,090925/6,1785439929539494516,,,«0000N0000000000,0.0,0.0,,,0.0,0.0,M,L,L,0.5112918811962185,0.0,0.0,0,,0.0,0.0,2026-03-02 14:59:42.363,2026-01-28 13:40:12.693
5843,19,1,1320962480,Склад,Тройници на резба,Тройник 316L резба вътрешна 1/4“,201025/1,1785439929539494517,,|1—тройник вътр. резба|2—1/4`|5—склад|,«0000N0000000000,-0.0,0.0,0.0,0.0,0.0,0.0,M,L,L,0.0,0.0,0.0,0,,0.0,0.0,2026-03-02 14:59:42.379,2025-11-03 08:08:36.531
5843,21,1,1320962480,"Склад 3, 10/30kW",Тройници на резба,Тройник 316L резба вътрешна 1/4“,201025/1,1785439929539494518,,|1—тройник вътр. резба|2—1/4`|5—склад|,«0000N0000000000,0.0,0.0,,,0.0,0.0,M,L,L,0.0,0.0,0.0,0,,0.0,0.0,2026-03-02 14:59:42.379,2026-01-28 13:40:12.677
5843,23,1,1320962480,Склад,Външна резба,Нипел намалител 316L 150LBS 1/2“х1/4“,201025/2,1785439929539494519,,|1—нипел намалител|2—1/2х1/4|5—склад|,«0000N0000000000,0.0,0.0,0.0,0.0,0.0,0.0,M,L,L,0.0,0.0,0.0,0,,0.0,0.0,2026-03-02 14:59:42.379,2026-02-03 09:18:36.952
5843,25,1,1320962480,"Склад 3, 10/30kW",Външна резба,Нипел намалител 316L 150LBS 1/2“х1/4“,201025/2,1785439929539494520,,|1—нипел намалител|2—1/2х1/4|5—склад|,«0000N0000000000,0.0,0.0,,,0.0,0.0,M,L,L,0.0,0.0,0.0,0,,0.0,0.0,2026-03-02 14:59:42.394,2026-01-28 13:40:12.661
5843,27,1,1318956547,"Склад 3, 10/30kW",2.5.6. Актуатори,Актуатор електрически 24V,PBC875686,1785439929539494529,,,«0000N0000000000,0.0,0.0,,,0.0,0.0,M,L,L,201.30583946457514,0.0,0.0,0,,0.0,0.0,2026-02-10 13:34:16.624,2026-01-28 08:39:42.826
5869,0,1,1320962480,Склад,Колена на резба,Коляно 90° 316L резба М/Ж 1/4“,201025/3,1785439929539494521,,|1—коляно 90гр. вътр./вън. резба|2—1/4`|5—склад|,«0000N0000000000,0.0,0.0,0.0,0.0,0.0,0.0,M,L,L,0.0,0.0,0.0,0,,0.0,0.0,2026-03-02 14:59:42.394,2025-12-18 12:10:38.861
5869,2,1,1320962480,"Склад 3, 10/30kW",Колена на резба,Коляно 90° 316L резба М/Ж 1/4“,201025/3,1785439929539494522,,|1—коляно 90гр. вътр./вън. резба|2—1/4`|5—склад|,«0000N0000000000,0.0,0.0,,,0.0,0.0,M,L,L,0.0,0.0,0.0,0,,0.0,0.0,2026-03-02 14:59:42.394,2026-01-28 13:40:12.646
5869,4,1,1320962480,Склад,Вътрешна резба,Преход 316L резба вътрешна 150LBS 1/2“х1/8“,201025/4,1785439929539494523,,|1—муфа намалител|2—1/2х1/8|5—склад|,«0000N0000000000,0.0,0.0,0.0,0.0,0.0,0.0,M,L,L,0.0,0.0,0.0,0,,0.0,0.0,2026-03-02 14:59:42.410,2026-01-27 14:12:18.871
5869,6,1,1320962480,"Склад 3, 10/30kW",Вътрешна резба,Преход 316L резба вътрешна 150LBS 1/2“х1/8“,201025/4,1785439929539494524,,|1—муфа намалител|2—1/2х1/8|5—склад|,«0000N0000000000,0.0,0.0,,,0.0,0.0,M,L,L,0.0,0.0,0.0,0,,0.0,0.0,2026-03-02 14:59:42.410,2026-01-28 13:40:12.693
5869,8,1,1320962480,Склад,"Прекъсвачи, Предпазители",Прекъсвач (C43),181225/6,1785439929539494525,,|1—прекъсвач|5—склад|,«0000N0000000000,0.0,0.0,,,0.0,0.0,M,L,L,0.0,0.0,0.0,0,,0.0,0.0,2026-01-28 10:15:50.543,2026-01-28 10:15:50.543
5869,10,1,1320962480,"Склад 3, 10/30kW","Прекъсвачи, Предпазители",Прекъсвач (C43),181225/6,1785439929539494526,,|1—прекъсвач|5—склад|,«0000N0000000000,0.0,0.0,,,0.0,0.0,M,L,L,0.0,0.0,0.0,0,,0.0,0.0,2026-03-02 14:59:42.425,2026-01-28 13:40:12.724
5869,12,1,1317053102,Склад,"Прекъсвачи, Предпазители",Прекъсвач (C20/3),201025/6,1785439929539494527,,|1—прекъсвач|5—склад|,«0000N0000000000,0.0,0.0,0.0,0.0,0.0,0.0,M,L,L,0.0,0.0,0.0,0,,0.0,0.0,2026-01-28 10:14:56.547,2026-01-28 10:14:56.547
5869,14,1,1317053102,"Склад 3, 10/30kW","Прекъсвачи, Предпазители",Прекъсвач (C20/3),201025/6,1785439929539494528,,|1—прекъсвач|5—склад|,«0000N0000000000,0.0,0.0,,,0.0,0.0,M,L,L,0.0,0.0,0.0,0,,0.0,0.0,2026-01-28 13:40:12.708,2026-01-28 13:40:12.708
5869,15,1,1318956547,"Склад 3, 10/30kW",2.5.6. Актуатори,Актуатор електрически 24V,PBC875687,1785439929539494530,,,«0000N0000000000,0.0,0.0,,,0.0,0.0,M,L,L,201.30583946457514,0.0,0.0,0,,0.0,0.0,2026-02-10 13:34:16.640,2026-01-28 08:39:42.826
5869,16,1,1318956547,"Склад 3, 10/30kW",2.5.6. Актуатори,Актуатор електрически 24V,PBC875690,1785439929539494531,,,«0000N0000000000,0.0,0.0,,,0.0,0.0,M,L,L,201.30583946457514,0.0,0.0,0,,0.0,0.0,2026-02-10 13:34:16.640,2026-01-28 13:40:12.739
5869,17,1,1318956547,"Склад 3, 10/30kW",2.5.6. Актуатори,Актуатор електрически 24V,PBC875691,1785439929539494532,,,«0000N0000000000,0.0,0.0,,,0.0,0.0,M,L,L,201.30583946457514,0.0,0.0,0,,0.0,0.0,2026-02-10 13:34:16.640,2026-01-28 13:40:12.739
5869,18,1,1318956547,"Склад 3, 10/30kW",2.5.6. Актуатори,Актуатор електрически 24V,PBC875693,1785439929539494533,,,«0000N0000000000,0.0,0.0,,,0.0,0.0,M,L,L,201.30583946457514,0.0,0.0,0,,0.0,0.0,2026-02-10 13:34:16.640,2026-01-28 13:40:12.755
5869,19,1,1318956547,"Склад 3, 10/30kW",2.5.6. Актуатори,Актуатор електрически 24V,PBC875695,1785439929539494534,,,«0000N0000000000,0.0,0.0,,,0.0,0.0,M,L,L,201.30583946457514,0.0,0.0,0,,0.0,0.0,2026-02-10 13:34:16.640,2026-01-28 13:40:12.771
5869,20,1,1318956547,"Склад 3, 10/30kW",2.5.6. Актуатори,Актуатор електрически 24V,PBC875696,1785439929539494535,,,«0000N0000000000,0.0,0.0,,,0.0,0.0,M,L,L,201.30583946457514,0.0,0.0,0,,0.0,0.0,2026-02-10 13:34:16.640,2026-01-28 13:40:12.771
5869,21,1,1318956547,"Склад 3, 10/30kW",2.5.6. Актуатори,Актуатор електрически 24V,PBC875697,1785439929539494536,,,«0000N0000000000,0.0,0.0,,,0.0,0.0,M,L,L,201.30583946457514,0.0,0.0,0,,0.0,0.0,2026-02-10 13:34:16.655,2026-01-28 13:40:12.786
5869,23,1,1320962480,Склад,Релета,Реле мини тип PT 14 пина 4CO 230AC 6A,pt154,1785439929539494537,,|1—реле с цокъл|2—6A/220V|5—склад|,«0000N0000000000,0.0,0.0,,,0.0,0.0,M,L,L,4.749901576312869,0.0,0.0,0,,0.0,0.0,2026-01-28 10:12:15.870,2026-01-28 10:12:15.870
5869,25,1,1316033080,Склад,Релета,Реле мини тип PT 14 пина 4CO 24VDC 6A,pt196,1785439929539494538,,|1—реле с цокъл|2—6A/24V|5—склад|,«0000N0000000000,0.0,0.0,0.0,0.0,0.0,0.0,M,L,L,2.955256,0.0,0.0,0,,0.0,0.0,2026-01-22 12:03:49.284,2026-01-22 12:03:49.284
5869,26,1,1320962480,Склад,Релета,"Цокъл за реле RS/PT5 4CO, винт.кл. 10А",1459017916/161025,1785439929539494539,,,«0000N0000000000,0.0,0.0,,,0.0,0.0,M,L,L,1.8253120158704996,0.0,0.0,0,,0.0,0.0,2025-11-11 14:21:05.661,2025-11-11 14:21:05.661
5869,28,1,1320962480,"Склад 3, 10/30kW",Релета,"Цокъл за реле RS/PT5 4CO, винт.кл. 10А",1459017916/161025,1785439929539494540,,,«0000N0000000000,0.0,0.0,,,0.0,0.0,M,L,L,1.8253120158704996,0.0,0.0,0,,0.0,0.0,2026-03-02 14:59:42.441,2026-01-28 08:39:42.841
5873,0,1,1320962480,"Склад 3, 10/30kW",Релета,Реле мини тип PT 14 пина 4CO 230AC 6A,1459015834/170925/5,1785439929539494541,,,«0000N0000000000,0.0,0.0,,,0.0,0.0,M,L,L,4.749901576312869,0.0,0.0,0,,0.0,0.0,2026-03-02 14:59:42.457,2026-01-28 08:39:42.857
5873,2,1,1320962480,"Склад 3, 10/30kW",Релета,Реле мини тип PT 14 пина 4CO 230AC 6A,pt154,1785439929539494542,,|1—реле с цокъл|2—6A/220V|5—склад|,«0000N0000000000,0.0,0.0,,,0.0,0.0,M,L,L,4.749901576312869,0.0,0.0,0,,0.0,0.0,2026-03-02 14:59:42.457,2026-01-28 08:39:42.873
5873,3,1,1320962480,Склад,Логисофт,"Контролер (Simatic HMI, 7``TFT display)",2505/071025/1,1785439929539494544,,,«0000N0000000000,0.0,0.0,,,0.0,0.0,M,L,L,760.9863842972037,0.0,0.0,0,,0.0,0.0,2025-11-06 09:59:42.048,2025-11-06 09:59:42.048
5873,4,1,1320962480,Склад,Логисофт,Карта памет (Simatic S7),2505/071025/2,1785439929539494545,,,«0000N0000000000,0.0,0.0,,,0.0,0.0,M,L,L,195.9986297377584,0.0,0.0,0,,0.0,0.0,2025-11-06 09:59:44.595,2025-11-06 09:59:44.595
5873,5,1,1320962480,Склад,Логисофт,Електроника (Simatic S7-1200 G2),2505/071025/3,1785439929539494546,,,«0000N0000000000,0.0,0.0,,,0.0,0.0,M,L,L,429.9913591672078,0.0,0.0,0,,0.0,0.0,2025-11-06 09:59:47.064,2025-11-06 09:59:47.064
5873,6,1,1320962480,Склад,Логисофт,"Захранване (Sitop PSU100L,24V/10A pow.sup.inp.)",2505/071025/4,1785439929539494547,,,«0000N0000000000,0.0,0.0,,,0.0,0.0,M,L,L,124.99552619603953,0.0,0.0,0,,0.0,0.0,2025-11-06 09:59:49.407,2025-11-06 09:59:49.407
5873,7,1,,"Склад 3, 10/30kW",RS COMPONENTS,PCB Female Connector 14-pole,1000108918,1785439929539494548,,,«0000N0000000000,4.0,0.0,,,0.0,0.0,M,L,L,9.28,0.0,0.0,0,,0.0,0.0,2025-10-20 13:43:34.858,2025-10-20 13:43:34.858
5873,8,1,1320962480,Склад,Сити склад,10`  складов контейнер,653/171025,1785439929539494549,"Полша!
",,«0000N0000000000,0.0,0.0,0.0,0.0,0.0,0.0,M,L,L,2965.4929109380673,0.0,0.0,0,,0.0,0.0,2026-03-02 14:59:42.488,2025-11-17 13:59:00.652
5873,10,1,1320962480,Склад,ЛД,Монтажен комплект,263197/161025/1,1785439929539494550,,,«0000N0000000000,0.0,0.0,,,0.0,0.0,M,L,L,23.381377727103068,0.0,0.0,0,,0.0,0.0,2026-01-28 13:40:12.818,2026-01-28 13:40:12.818
5873,11,1,1320962480,Склад,ЛД,Монтажен комплект 2,263197/161025/2,1785439929539494551,,,«0000N0000000000,0.0,0.0,,,0.0,0.0,M,L,L,21.254403501326802,0.0,0.0,0,,0.0,0.0,2026-01-28 13:40:12.833,2026-01-28 13:40:12.833
5873,12,1,1320962480,Склад,ЛД,"Кран сферичен, 1/4`, PN 140",263197/161025/3,1785439929539494552,,,«0000N0000000000,0.0,0.0,,,0.0,0.0,M,L,L,39.461507390724144,0.0,0.0,0,,0.0,0.0,2026-01-28 13:40:12.802,2026-01-28 13:40:12.802
5873,14,1,1320962480,Склад,М8,Шайба пружинна vZn М8,201025/6,1785439929539494553,,|1—федер шайба цинк|2—М8|5—склад|,«0000N0000000000,0.0,0.0,,,0.0,0.0,M,L,L,0.0,0.0,0.0,0,,0.0,0.0,2026-01-27 13:50:33.052,2026-01-27 13:50:33.052
5873,16,1,1320962480,"Склад производство, 500kW",М8,Шайба пружинна vZn М8,201025/6,1785439929539494554,,|1—федер шайба цинк|2—М8|5—склад|,«0000N0000000000,13.0,0.0,,,0.0,0.0,M,L,L,0.0,0.0,0.0,0,,0.0,0.0,2026-03-04 08:11:02.313,2026-03-04 08:11:02.313
5873,18,1,1320962480,Склад,М8,Шайба подложна vZn М8,201025/7,1785439929539494555,,|1—шайба цинк|2—М8|5—склад|,«0000N0000000000,0.0,0.0,,,0.0,0.0,M,L,L,0.0,0.0,0.0,0,,0.0,0.0,2025-11-06 14:09:10.048,2025-11-06 14:09:10.048
5873,20,1,1320962480,"Склад производство, 500kW",М8,Шайба подложна vZn М8,201025/7,1785439929539494556,,|1—шайба цинк|2—М8|5—склад|,«0000N0000000000,112.0,0.0,,,0.0,0.0,M,L,L,0.0,0.0,0.0,0,,0.0,0.0,2026-03-04 08:11:01.642,2026-03-04 08:11:01.642
5873,21,1,1320962480,2. МЕТАЛХИДРИД,Павирани ООД,"Резервен корпус 1/4`, за линеен филтър",106197/171025,1785439929539494557,,,«0000N0000000000,6.0,0.0,,,0.0,0.0,M,L,L,5.516839398107197,0.0,0.0,0,,0.0,0.0,2025-10-20 14:23:39.177,2025-10-20 14:23:39.177
5873,22,1,1320962480,"Склад производство, 500kW",Фитинги - Щуцер на резба,Щуцер за маркуч 304 1/2“,061125/1,1785439929539494559,,,«0000N0000000000,47.0,0.0,,,0.0,0.0,M,L,L,0.9356641425890798,0.0,0.0,0,,0.0,0.0,2026-03-04 08:11:01.688,2026-03-04 08:11:01.688
5873,23,1,1320962480,"Склад производство, 500kW",Фитинги - Щуцер на резба,Щуцер за маркуч 304 1/4“,090925/6,1785439929539494560,,,«0000N0000000000,31.0,0.0,,,0.0,0.0,M,L,L,0.5112918811962185,0.0,0.0,0,,0.0,0.0,2026-03-04 08:11:01.673,2026-03-04 08:11:01.673
5873,24,1,1320962480,Склад,М5,Болт М5х12,263403/211025/1,1785439929539494561,,,«0000N0000000000,0.0,0.0,,,0.0,0.0,M,L,L,0.09203253861531932,0.0,0.0,0,,0.0,0.0,2026-01-28 12:38:29.074,2026-01-28 12:38:29.074
5873,25,1,1320962480,Склад,3. Инструменти,Преходник,263403/211025/2,1785439929539494562,,,«0000N0000000000,0.0,0.0,,,0.0,0.0,M,L,L,2.126974225776269,0.0,0.0,0,,0.0,0.0,2026-01-28 12:42:18.964,2026-01-28 12:42:18.964
5889,0,1,1318956547,Склад,2.5.6. Актуатори,Актуатор електрически 24V,PBC875688,1785439929539494563,,,«0000N0000000000,0.0,0.0,,,0.0,0.0,M,L,L,167.7548662204793,0.0,0.0,0,,0.0,0.0,2025-12-04 10:15:37.280,2025-12-04 10:15:37.280
5889,1,1,1316462580,Склад,2.5.6. Актуатори,Актуатор електрически 24V,PBC875689,1785439929539494564,,,«0000N0000000000,0.0,0.0,0.0,0.0,0.0,0.0,M,L,L,167.754249,0.0,0.0,0,,0.0,0.0,2026-01-16 15:09:08.348,2026-01-16 15:09:08.348
5889,3,1,1320962480,"Склад производство, 500kW",Холендри на резба,Холендър 316L резба М/Ж PTFE 150LBS 2“,10143120/27082025/2,1785439929539494565,,"|1—холендер PTFE м/ж, BSP|2—2`|5—склад|",«0000N0000000000,2.0,0.0,,,0.0,0.0,M,L,L,53.378872396885214,0.0,0.0,0,,0.0,0.0,2026-03-04 08:11:01.735,2026-03-04 08:11:01.735
5889,4,1,1320962480,"Склад производство, 500kW",Муфи на резба,Муфа 304L резбa 150LBS L54 2``,10143532/110925/2.,1785439929539494566,,,«0000N0000000000,2.0,0.0,,,0.0,0.0,M,L,L,4.172141750561143,0.0,0.0,0,,0.0,0.0,2026-03-04 08:11:01.720,2026-03-04 08:11:01.720
5889,5,1,1320962480,"Склад производство, 500kW",2.2. Фитинги за заваряване,"Тройник 304L заварка (60,3х2) 2``",10143532/110925/t2`,1785439929539494567,,,«0000N0000000000,2.0,0.0,,,0.0,0.0,M,L,L,11.069469227898129,0.0,0.0,0,,0.0,0.0,2026-03-04 08:11:00.860,2026-03-04 08:11:00.860
5889,6,1,1320962480,"Склад производство, 500kW",2.2. Фитинги за заваряване,"Коляно 90° 304L зав. (60,3x2) 2``",10143532/110925/k2`,1785439929539494568,,,«0000N0000000000,8.0,0.0,,,0.0,0.0,M,L,L,5.724423901872862,0.0,0.0,0,,0.0,0.0,2026-03-04 08:11:00.845,2026-03-04 08:11:00.845
5889,7,1,1320962480,"Склад производство, 500kW",2.4. Фланци,Фланец плосък 304 T10 PN16 DN50,10143532/110925/50,1785439929539494569,,,«0000N0000000000,2.0,0.0,,,0.0,0.0,M,L,L,10.607568142425468,0.0,0.0,0,,0.0,0.0,2026-03-04 08:11:00.923,2026-03-04 08:11:00.923
5889,8,1,1320962480,Неактивен 3,Газ анализ - Арматури,2 micron element kit for 2F series - филтър,0005245092,1785439929539494570,,,«0000N0000000000,0.0,0.0,,,0.0,0.0,M,L,L,8.7,0.0,0.0,0,,0.0,0.0,2026-03-02 14:59:42.582,2025-10-27 13:47:24.940
5889,9,1,1307850242,Неактивен 3,Газ анализ - Фитинги,"Instr., low profile sleeve -",0005450661,1785439929539494571,,,«0000N0000000000,0.0,0.0,,,0.0,0.0,M,L,L,76.94,0.0,0.0,0,,0.0,0.0,2025-10-27 13:47:24.955,2025-10-27 13:47:24.955
5889,10,1,1308637634,Склад,Газ анализ - Фитинги,"Instr., low profile sleeve -",0005484599,1785439929539494572,,,«0000N0000000000,0.0,0.0,0.0,0.0,0.0,0.0,M,L,L,69.26,0.0,0.0,0,,0.0,0.0,2026-01-23 09:59:58.301,2026-01-23 09:59:58.301
5889,11,1,1308637612,Склад,Газ анализ - Арматури,2 micron element kit for 2F series - филтър,0005268320,1785439929539494573,,,«0000N0000000000,0.0,0.0,0.0,0.0,0.0,0.0,M,L,L,8.7,0.0,0.0,0,,0.0,0.0,2025-10-30 09:01:37.351,2025-10-30 09:01:37.351
5889,12,1,1320962480,"Склад производство, 500kW",2.5.3. Кранове на резба,Кран сфер. на рез. 316L PN64 DN20,168143,1785439929539494574,,|1—сферичен кран|2—3/4` - DN20|5—склад|,«0000N0000000000,4.0,0.0,,,0.0,0.0,M,L,L,38.41847195308386,0.0,0.0,0,,0.0,0.0,2026-03-04 08:11:01.735,2026-03-04 08:11:01.735
5889,15,1,1320962480,Склад,2.5.3. Кранове на резба,Кран сфер. на рез. 316L PN64 DN20,263496/221025,1785439929539494575,,|1—сферичен кран|2—3/4` - DN20|5—склад|,«0000N0000000000,0.0,0.0,,,0.0,0.0,M,L,L,38.41847195308386,0.0,0.0,0,,0.0,0.0,2026-01-28 12:56:57.726,2026-01-28 12:56:57.726
5889,18,1,1320962480,Неактивен 3,2.5.3. Кранове на резба,Кран сфер. на рез. 316L PN64 DN20,263496/221025,1785439929539494576,,|1—сферичен кран|2—3/4` - DN20|5—склад|,«0000N0000000000,0.0,0.0,,,0.0,0.0,M,L,L,38.41847195308386,0.0,0.0,0,,0.0,0.0,2026-03-02 14:59:42.597,2025-10-23 07:14:51.970
5889,19,1,,2. МЕТАЛХИДРИД,A.M.P.E.R.E. ALLOYS,Лантан,5166101/081025/1,1785439929539494578,,,«0000N0000000000,141.1,0.0,,,0.0,0.0,M,L,L,14.5,0.0,0.0,0,,0.0,0.0,2026-03-13 14:16:19.636,2026-03-13 14:16:19.636
5889,20,1,1320962480,"Склад производство, 500kW",2.5.3. Кранове на резба,Кран сфер. на рез. 316L PN64 DN20,263496/221025,1785439929539494577,,|1—сферичен кран|2—3/4` - DN20|5—склад|,«0000N0000000000,4.0,0.0,,,0.0,0.0,M,L,L,38.41847195308386,0.0,0.0,0,,0.0,0.0,2026-03-04 08:11:01.751,2026-03-04 08:11:01.751
5889,21,1,,2. МЕТАЛХИДРИД,A.M.P.E.R.E. ALLOYS,Никел,5166101/081025/2,1785439929539494579,,,«0000N0000000000,139.53,0.0,,,0.0,0.0,M,L,L,18.5,0.0,0.0,0,,0.0,0.0,2026-03-13 14:16:19.620,2026-03-13 14:16:19.620
5889,22,1,1320962480,Неактивен 3,2.1. Тръби,"Тръба шевна 304L (60,3х2) 2``","10143532/110925/60,3",1785439929539494580,,,«0000N0000000000,0.0,0.0,,,0.0,0.0,M,L,L,12.061375477418794,0.0,0.0,0,,0.0,0.0,2026-03-02 14:59:42.597,2025-10-23 10:50:47.556
5908,0,1,1320962480,"Склад производство, 500kW",2.1. Тръби,"Тръба шевна 304L (60,3х2) 2``","10143532/110925/60,3",1785439929539494581,,,«0000N0000000000,3.0,0.0,,,0.0,0.0,M,L,L,12.061375477418794,0.0,0.0,0,,0.0,0.0,2026-03-02 14:59:42.613,2025-11-17 08:52:34.416
5908,1,1,1316459825,Склад,М16,Болт с шест.гл. 8.8 vZn М16х45,250725,1785439929539494582,,|1—болт цинк|2—М16х45|5—склад|,«0000N0000000000,0.0,0.0,0.0,0.0,0.0,0.0,M,L,L,0.29,0.0,0.0,0,,0.0,0.0,2026-01-16 14:39:12.578,2026-01-16 14:39:12.578
5908,2,1,1318956547,Склад,2.5.4. Вентили,"Вентил предпазен 1216 НРЖ, PN40  1“х1“",202530315008,1785439929539495001,,"|1—предпазен вентил 1216 НРЖ, PN40|2—1``-1``|5—склад|",«0000N0000000000,0.0,0.0,,,0.0,0.0,M,L,L,242.93522443157124,0.0,0.0,0,,0.0,0.0,2026-01-28 13:37:34.323,2026-01-28 13:37:34.323
5908,3,1,1320962480,Склад,М16,Шайба пружинна-федер vZn М16,241025/1,1785439929539494583,,|1—федер шайба цинк|2—М16|5—склад|,«0000N0000000000,0.0,0.0,0.0,0.0,0.0,0.0,M,L,L,0.0,0.0,0.0,0,,0.0,0.0,2026-03-02 14:59:42.613,2026-01-27 13:45:07.558
5908,5,1,1320962480,Склад,М16,Шайба подложна vZn М16,241025/2,1785439929539494584,,|1—шайба цинк|2—М16|5—склад|,«0000N0000000000,0.0,0.0,0.0,0.0,0.0,0.0,M,L,L,0.0,0.0,0.0,0,,0.0,0.0,2026-03-02 14:59:42.629,2025-11-05 07:58:54.610
5908,7,1,1320962480,Склад,М16,Гайка самоос. 8 vZn М16,241025/3,1785439929539494585,,|1—шестоъгълна гайка с уплътнение цинк|2—М16|5—склад|,«0000N0000000000,0.0,0.0,,,0.0,0.0,M,L,L,0.0,0.0,0.0,0,,0.0,0.0,2026-01-27 13:45:15.231,2026-01-27 13:45:15.231
5908,9,1,1320962480,Склад,М16,Шайба с широка периферия vZn M16,241025/4,1785439929539494586,,|1—широка шайба цинк|2—М16|5—склад|,«0000N0000000000,0.0,0.0,0.0,0.0,0.0,0.0,M,L,L,0.0,0.0,0.0,0,,0.0,0.0,2026-03-02 14:59:42.629,2026-01-27 13:45:23.535
5908,11,1,1320962480,Склад,М10,Болт с шест.гл. 8.8 vZn М10х40,241025/5,1785439929539494587,,|1—болт цинк|2—М10х40|5—склад|,«0000N0000000000,0.0,0.0,,,0.0,0.0,M,L,L,0.0,0.0,0.0,0,,0.0,0.0,2026-01-27 13:41:44.430,2026-01-27 13:41:44.430
5908,13,1,1320962480,Склад,М10,Болт с шест.гл. 8.8 vZn М10х45,241025/6,1785439929539494588,,|1—болт цинк|2—М10х45|5—склад|,«0000N0000000000,0.0,0.0,,,0.0,0.0,M,L,L,0.0,0.0,0.0,0,,0.0,0.0,2026-01-27 13:41:54.408,2026-01-27 13:41:54.408
5908,15,1,1320962480,Склад,М10,Гайка шест. 8 vZn М10,241025/7,1785439929539494589,,|1—гайка цинк|2—М10|5—склад|,«0000N0000000000,0.0,0.0,,,0.0,0.0,M,L,L,0.0,0.0,0.0,0,,0.0,0.0,2026-01-27 13:42:24.894,2026-01-27 13:42:24.894
5908,17,1,1320962480,Склад,М10,Шайба подложна vZn М10,241025/8,1785439929539494590,,|1—шайба цинк|2—М10|5—склад|,«0000N0000000000,0.0,0.0,,,0.0,0.0,M,L,L,0.0,0.0,0.0,0,,0.0,0.0,2026-01-27 13:42:59.479,2026-01-27 13:42:59.479
5908,19,1,1320962480,Склад,М10,Шайба с широка периферия vZn М10,241025/9,1785439929539494591,,|1—широка шайба|2—М10|5—склад|,«0000N0000000000,0.0,0.0,,,0.0,0.0,M,L,L,0.0,0.0,0.0,0,,0.0,0.0,2026-01-27 13:43:09.192,2026-01-27 13:43:09.192
5908,21,1,1320962480,Склад,М12,Болт с шест.гл. 8.8 vZn М12х60,241025/10,1785439929539494592,,|1—болт цинк|2—М12х60|5—склад|,«0000N0000000000,0.0,0.0,0.0,0.0,0.0,0.0,M,L,L,0.0,0.0,0.0,0,,0.0,0.0,2026-03-02 14:59:42.660,2025-12-18 08:12:06.786
5908,24,1,1318956547,Склад,2.5.4. Вентили,Вентил предпазен 1216 НРЖ PN40 2“x2“,202530099001,1785439929539495002,,,«0000N0000000000,0.0,0.0,,,0.0,0.0,M,L,L,487.77245466119246,0.0,0.0,0,,0.0,0.0,2026-02-10 13:34:16.655,2026-01-28 13:37:12.555
5908,25,1,1316458239,Склад,М12,Шайба подложна vZn М12,241025/11,1785439929539494593,,|1—шайба цинк|2—М12|5—склад|,«0000N0000000000,0.0,0.0,0.0,0.0,0.0,0.0,M,L,L,0.01,0.0,0.0,0,,0.0,0.0,2026-01-16 14:40:39.072,2026-01-16 14:40:39.072
5908,27,1,1320962480,Склад,М5,Винт с лещ.гл. 4.8 vZn М5х12,241025/12,1785439929539494594,,|1—кръстат винт цинк|2—М5х12|5—склад|,«0000N0000000000,0.0,0.0,0.0,0.0,0.0,0.0,M,L,L,0.0,0.0,0.0,0,,0.0,0.0,2026-03-02 14:59:42.675,2026-01-27 13:47:23.038
5908,29,1,1320962480,Склад,М5,Винт с лещ.гл. 4.8 vZn М5х20,241025/13,1785439929539494595,,|1—кръстат винт цинк|2—М5х20|5—склад|,«0000N0000000000,0.0,0.0,0.0,0.0,0.0,0.0,M,L,L,0.0,0.0,0.0,0,,0.0,0.0,2026-03-02 14:59:42.675,2026-01-27 13:47:12.951
5908,31,1,1320962480,Склад,М5,Винт с лещ.гл. 4.8 vZn М5х25,241025/14,1785439929539494596,,|1—кръстат винт цинк|2—М5х25|5—склад|,«0000N0000000000,0.0,0.0,,,0.0,0.0,M,L,L,0.0,0.0,0.0,0,,0.0,0.0,2026-01-27 13:47:34.334,2026-01-27 13:47:34.334
5908,33,1,1320962480,Склад,М5,Винт с лещ.гл. 4.8 vZn М5х16,241025/14,1785439929539494597,,|1—кръстат винт цинк|2—М5х16|5—склад|,«0000N0000000000,0.0,0.0,0.0,0.0,0.0,0.0,M,L,L,0.0,0.0,0.0,0,,0.0,0.0,2026-03-02 14:59:42.691,2026-01-27 13:47:04.366
5930,0,1,1320962480,Склад,М5,"Винт самопр. vZn М5,5х32",241025/15,1785439929539494598,,"|1—самопробивен винт цинк|2—М5,5х70|5—склад|",«0000N0000000000,0.0,0.0,0.0,0.0,0.0,0.0,M,L,L,0.0,0.0,0.0,0,,0.0,0.0,2026-03-02 14:59:42.691,2026-01-27 13:47:41.999
5930,2,1,1320962480,Склад,ИТТ,"самопробивен винт цинк  М 4,8х50",241025/16,1785439929539494599,,"|1—самопробивен винт цинк|2—М 4,8х50|5—склад|",«0000N0000000000,0.0,0.0,,,0.0,0.0,M,L,L,0.0,0.0,0.0,0,,0.0,0.0,2026-01-27 13:46:42.510,2026-01-27 13:46:42.510
5930,4,1,1320962480,Склад,М5,Шайба с широка периферия vZn М5,241025/17,1785439929539494600,,|1—широка шайба цинк|2—М5|5—склад|,«0000N0000000000,0.0,0.0,,,0.0,0.0,M,L,L,0.0,0.0,0.0,0,,0.0,0.0,2026-01-27 13:47:49.398,2026-01-27 13:47:49.398
5930,6,1,1320962480,Склад,М6,Болт с шест.гл. 8.8 vZn М6х65,241025/18,1785439929539494601,,|1—болт цинк|2—М6х65|5—склад|,«0000N0000000000,0.0,0.0,,,0.0,0.0,M,L,L,0.0,0.0,0.0,0,,0.0,0.0,2026-01-27 13:48:51.398,2026-01-27 13:48:51.398
5930,7,1,1318956547,Склад,2.5.4. Вентили,Вентил предпазен 1216 НРЖ PN40 2“x2“,202530099002,1785439929539495003,,,«0000N0000000000,0.0,0.0,,,0.0,0.0,M,L,L,487.77245466119246,0.0,0.0,0,,0.0,0.0,2026-02-10 13:34:16.655,2026-01-28 13:37:16.977
5930,8,1,1320962480,Склад,М6,Болт с шест.гл. 8.8 vZn М6х16,241025/19,1785439929539494602,,|1—болт цинк|2—М6х16|5—склад|,«0000N0000000000,0.0,0.0,0.0,0.0,0.0,0.0,M,L,L,0.0,0.0,0.0,0,,0.0,0.0,2026-03-02 14:59:42.722,2026-01-27 13:48:17.918
5930,10,1,1316453798,Склад,М6,Болт с шест.гл. 8.8 vZn М6х35,241025/20,1785439929539494603,,|1—болт цинк|2—М6х35|5—склад|,«0000N0000000000,0.0,0.0,0.0,0.0,0.0,0.0,M,L,L,0.02,0.0,0.0,0,,0.0,0.0,2026-01-16 14:39:52.684,2026-01-16 14:39:52.684
5930,11,1,1320962480,System - 90kW Volkswagen (59),М8,Шайба с широка периферия vZn М8,230925/2,1785439929539495078,,|1—широка шайба цинк|2—М8|5—склад|,«0000N0000000000,3.0,0.0,,,0.0,0.0,M,L,L,0.0,0.0,0.0,0,,0.0,0.0,2026-03-02 14:59:42.722,2026-01-12 07:52:59.345
5930,12,1,1320962480,Склад,М6,Болт с шест.гл. 8.8 vZn М6х50,241025/21,1785439929539494604,,|1—болт цинк|2—М6х50|5—склад|,«0000N0000000000,0.0,0.0,0.0,0.0,0.0,0.0,M,L,L,0.0,0.0,0.0,0,,0.0,0.0,2026-03-02 14:59:42.722,2026-01-27 13:49:07.165
5930,14,1,1320962480,Склад,М6,Винт с върт.шест. 8.8 vZn М6х60,241025/22,1785439929539494605,,|1—винт с върт.шестостен цинк|2—М6х60|5—склад|,«0000N0000000000,0.0,0.0,,,0.0,0.0,M,L,L,0.0,0.0,0.0,0,,0.0,0.0,2026-01-27 13:49:32.502,2026-01-27 13:49:32.502
5930,16,1,1320962480,Склад,М6,Гайка самоос. 8 vZn М6,241025/23,1785439929539494606,,|1—гайка с уплътнение цинк|2—М6|5—склад|,«0000N0000000000,0.0,0.0,0.0,0.0,0.0,0.0,M,L,L,0.0,0.0,0.0,0,,0.0,0.0,2026-03-02 14:59:42.738,2026-01-27 13:49:39.756
5930,17,1,1320962480,Склад,М6,Шайба пружинна vZn М6,241025/24,1785439929539494607,,|1—федер шайба цинк|2—М6|5—склад|,«0000N0000000000,0.0,0.0,0.0,0.0,0.0,0.0,M,L,L,0.0,0.0,0.0,0,,0.0,0.0,2026-03-02 14:59:42.738,2026-01-27 13:49:50.222
5930,19,1,1320962480,Склад,М6,Шайба с широка периферия vZn М6,241025/25,1785439929539494608,,|1—широка шайба цинк|2—М6|5—склад|,«0000N0000000000,0.0,0.0,0.0,0.0,0.0,0.0,M,L,L,0.0,0.0,0.0,0,,0.0,0.0,2026-03-02 14:59:42.754,2025-12-18 09:07:19.087
5930,21,1,1320962480,Склад,М8,Болт с шест.гл. 8.8 vZn М8х16,241025/26,1785439929539494609,,|1—болт цинк|2—М8х16|5—склад|,«0000N0000000000,0.0,0.0,,,0.0,0.0,M,L,L,0.0,0.0,0.0,0,,0.0,0.0,2025-12-08 12:16:50.095,2025-12-08 12:16:50.095
5930,23,1,1320962480,Склад,М8,Болт с шест.гл. 8.8 vZn М8х20,241025/27,1785439929539494610,,|1—болт цинк|2—М8х20|5—склад|,«0000N0000000000,0.0,0.0,0.0,0.0,0.0,0.0,M,L,L,0.0,0.0,0.0,0,,0.0,0.0,2026-03-02 14:59:42.754,2025-11-05 08:00:09.821
5930,24,1,1320962480,Склад,М16,Шпилка М16,241025/28,1785439929539494611,,|1—шпилка|2—М16х2000|,«0000N0000000000,0.0,0.0,0.0,0.0,0.0,0.0,M,L,L,8.661284467463942,0.0,0.0,0,,0.0,0.0,2026-03-02 14:59:42.769,2026-01-16 14:03:58.528
5930,25,1,1320962480,"Склад производство, 500kW",Муфи на резба,Муфа 304L резбa 150LBS L45 1 1/2``,10143532/110925/1.1/2,1785439929539494612,,,«0000N0000000000,4.0,0.0,,,0.0,0.0,M,L,L,2.7814278337074287,0.0,0.0,0,,0.0,0.0,2026-03-04 08:11:00.985,2026-03-04 08:11:00.985
5930,26,1,1320962480,Склад,Платки - Green Innovation,Опртони,432483/241025/1,1785439929539494613,,,«0000N0000000000,0.0,0.0,,,0.0,0.0,M,L,L,0.04601626930765966,0.0,0.0,0,,0.0,0.0,2026-01-28 12:41:10.422,2026-01-28 12:41:10.422
5930,27,1,1320962480,Склад,Платки - Green Innovation,Оптрони,432483/241025/2,1785439929539494614,,,«0000N0000000000,0.0,0.0,,,0.0,0.0,M,L,L,0.22496842772633613,0.0,0.0,0,,0.0,0.0,2026-01-28 12:41:16.578,2026-01-28 12:41:16.578
5930,28,1,1320962480,Склад,Комет електроникс,Клеми,432483/241025/3,1785439929539494615,,,«0000N0000000000,0.0,0.0,,,0.0,0.0,M,L,L,0.7567119841704033,0.0,0.0,0,,0.0,0.0,2026-01-28 12:39:35.788,2026-01-28 12:39:35.788
5930,29,1,1320962480,Склад,Комет електроникс,Клеми 1,432483/241025/4,1785439929539494616,,,«0000N0000000000,0.0,0.0,,,0.0,0.0,M,L,L,4.044318780262088,0.0,0.0,0,,0.0,0.0,2026-01-28 12:39:42.881,2026-01-28 12:39:42.881
5972,0,1,1320962480,Склад,Комет електроникс,Клеми 3,432483/241025/5,1785439929539494617,,,«0000N0000000000,0.0,0.0,,,0.0,0.0,M,L,L,0.03067751287177311,0.0,0.0,0,,0.0,0.0,2026-01-28 12:39:49.084,2026-01-28 12:39:49.084
5972,1,1,1320962480,Склад,Комет електроникс,Клеми 4,432483/241025/6,1785439929539494618,,,«0000N0000000000,0.0,0.0,,,0.0,0.0,M,L,L,1.0686000317000965,0.0,0.0,0,,0.0,0.0,2026-01-28 12:39:57.396,2026-01-28 12:39:57.396
5972,2,1,1320962480,Склад,Комет електроникс,Клеми 5,432483/241025/7,1785439929539494619,,,«0000N0000000000,0.0,0.0,,,0.0,0.0,M,L,L,4.044318780262088,0.0,0.0,0,,0.0,0.0,2026-01-28 12:40:06.207,2026-01-28 12:40:06.207
5972,3,1,1320962480,Склад,Комет електроникс,Клеми 6,432483/241025/8,1785439929539494620,,,«0000N0000000000,0.0,0.0,,,0.0,0.0,M,L,L,0.03067751287177311,0.0,0.0,0,,0.0,0.0,2026-01-28 12:40:11.973,2026-01-28 12:40:11.973
5972,4,1,1320962480,2. МЕТАЛХИДРИД,Вътрешни изделия и детайли,Тяло на бутилка,271025/body,1785439929539494621,,,«0000N0000000000,0.0,0.0,,,0.0,0.0,M,L,L,1.9078278077920219,0.0,0.0,0,,0.0,0.0,2026-03-02 14:59:42.816,2025-10-27 13:28:08.570
5972,5,1,1320962480,2. МЕТАЛХИДРИД,Вътрешни изделия и детайли,Дъно за бутилка,271025/bot,1785439929539494622,,,«0000N0000000000,0.0,0.0,,,0.0,0.0,M,L,L,0.6078692365332825,0.0,0.0,0,,0.0,0.0,2026-03-02 14:59:42.816,2025-10-27 13:28:08.560
5972,6,1,1320962480,2. МЕТАЛХИДРИД,Вътрешни изделия и детайли,Тапа за бутилка,271025/cap,1785439929539494623,,,«0000N0000000000,0.0,0.0,,,0.0,0.0,M,L,L,0.7545962936275239,0.0,0.0,0,,0.0,0.0,2026-03-02 14:59:42.816,2025-10-27 13:28:08.540
5972,7,1,1320962480,Неактивен 2,1.3. Металхидрид,Бутилки Металхидрид - Полуготови,271025/ppb,1785439929539494624,,,«0000N0000000000,0.0,0.0,,,0.0,0.0,M,L,L,3.2702933379528285,0.0,0.0,0,,0.0,0.0,2026-03-02 14:59:42.832,2025-11-18 10:07:11.215
5972,8,1,1331559074,Неактивен 3,1.3. Металхидрид,Бутилки Металхидрид - Готови,271025/fpb,1785439929539494625,,,«0000N0000000000,0.0,0.0,,,0.0,0.0,M,L,L,94.617169191171,0.0,0.0,0,,0.0,0.0,2026-06-16 14:10:39.878,2026-06-16 14:10:34.828
5972,9,1,1320962480,Склад,7. Кабели,Кабел 4х0,201025/28871/1,1785439929539494626,,,«0000N0000000000,0.0,0.0,,,0.0,0.0,M,L,L,0.18406507723063864,0.0,0.0,0,,0.0,0.0,2026-01-28 12:50:02.518,2026-01-28 12:50:02.518
5972,10,1,1320962480,Склад,7. Кабели,Кабел 6х1,201025/28871/2,1785439929539494627,,,«0000N0000000000,0.0,0.0,,,0.0,0.0,M,L,L,0.24542010297418487,0.0,0.0,0,,0.0,0.0,2026-01-28 12:50:09.252,2026-01-28 12:50:09.252
5972,11,1,1316458980,Склад,2. Консумативи,Скоба за тръба 1 1/2`,167415/271025,1785439929539494628,,,«0000N0000000000,0.0,0.0,0.0,0.0,0.0,0.0,M,L,L,4.192578,0.0,0.0,0,,0.0,0.0,2026-01-16 14:38:22.800,2026-01-16 14:38:22.800
5972,12,1,1320962480,"Склад производство, 500kW",2. Консумативи,Смола за дейонизатор,122217/18082025,1785439929539494630,,,«0000N0000000000,31.0,0.0,,,0.0,0.0,M,L,L,15.952306693322017,0.0,0.0,0,,0.0,0.0,2026-03-04 08:11:01.782,2026-03-04 08:11:01.782
5972,13,1,1320962480,"Склад производство, 500kW",2. Консумативи,Скоба за тръба 1 1/2`,167415/271025,1785439929539494629,,,«0000N0000000000,6.0,0.0,,,0.0,0.0,M,L,L,1.104390463383832,0.0,0.0,0,,0.0,0.0,2026-03-04 08:11:01.767,2026-03-04 08:11:01.767
5972,14,1,1320962480,2. МЕТАЛХИДРИД,Вътрешни изделия и детайли,Дъно за бутилка,301025/bot,1785439929539494632,,,«0000N0000000000,0.0,0.0,,,0.0,0.0,M,L,L,0.6127321904255483,0.0,0.0,0,,0.0,0.0,2025-10-30 08:18:40.838,2025-10-30 08:18:40.838
5972,15,1,1320962480,2. МЕТАЛХИДРИД,Вътрешни изделия и детайли,Тапа за бутилка,301025/cap,1785439929539494633,,,«0000N0000000000,0.0,0.0,,,0.0,0.0,M,L,L,0.7440319455167371,0.0,0.0,0,,0.0,0.0,2026-03-02 14:59:42.863,2025-10-30 08:18:41.150
5972,16,1,1331559073,Неактивен 3,1.3. Металхидрид,Бутилки Металхидрид - Готови,301025/fpb,1785439929539494634,,,«0000N0000000000,0.0,0.0,,,0.0,0.0,M,L,L,90.2669,0.0,0.0,0,,0.0,0.0,2026-06-16 14:10:39.592,2026-06-16 14:10:34.879
5972,17,1,1320962480,"Склад производство, 500kW",М16,Шайба пружинна-федер vZn М16,241025/1,1785439929539494635,,|1—федер шайба цинк|2—М16|5—склад|,«0000N0000000000,122.0,0.0,,,0.0,0.0,M,L,L,0.0,0.0,0.0,0,,0.0,0.0,2026-03-04 08:11:01.782,2026-03-04 08:11:01.782
5972,18,1,1320962480,Неактивен 3,Холендри на резба,Холендър 316L резба М/Ж PTFE 150LBS 1 1/2“,10145394/291025,1785439929539494637,,,«0000N0000000000,0.0,0.0,,,0.0,0.0,M,L,L,24.378396895435696,0.0,0.0,0,,0.0,0.0,2025-10-31 07:49:09.864,2025-10-31 07:49:09.864
5972,19,1,1320962480,"Склад производство, 500kW",Холендри на резба,Холендър 316L резба М/Ж PTFE 150LBS 1 1/2“,10145394/291025,1785439929539494638,,,«0000N0000000000,3.0,0.0,,,0.0,0.0,M,L,L,24.378396895435696,0.0,0.0,0,,0.0,0.0,2026-03-04 08:11:01.813,2026-03-04 08:11:01.813
5972,21,1,1320962480,Склад,Холендри на резба,Холендър 316L резба М/Ж PTFE 150LBS 1 1/2“,10145394/291025,1785439929539494639,,,«0000N0000000000,0.0,0.0,,,0.0,0.0,M,L,L,24.378396895435696,0.0,0.0,0,,0.0,0.0,2026-03-02 14:59:42.894,2026-01-27 14:07:06.601
5972,22,1,1320962480,"Склад производство, 500kW",М16,Болт с шест.гл. 8.8 vZn М16х45,250725,1785439929539494640,,|1—болт цинк|2—М16х45|5—склад|,«0000N0000000000,82.0,0.0,,,0.0,0.0,M,L,L,0.0,0.0,0.0,0,,0.0,0.0,2026-03-04 08:11:01.063,2026-03-04 08:11:01.063
5969,0,1,1317061602,Склад,Кабелни Канали,Кабелна скара перфорирана с интегриран съедините,47571/151025/1,1785439929539494641,,,«0000N0000000000,0.0,0.0,0.0,0.0,0.0,0.0,M,L,L,4.3204009999999995,0.0,0.0,0,,0.0,0.0,2026-01-23 07:33:40.156,2026-01-23 07:33:40.156
5969,1,1,1317061617,Склад,Кабелни Канали,"Кабелна скара, перф.,с интегр. съед. 60х200х3000",47571/151025/2,1785439929539494642,,,«0000N0000000000,0.0,0.0,0.0,0.0,0.0,0.0,M,L,L,5.603738,0.0,0.0,0,,0.0,0.0,2026-01-23 07:33:45.357,2026-01-23 07:33:45.357
5969,2,1,1317061714,Склад,Кабелни Канали,"Стенна конзола 90x610mm 2,5kN",47571/151025/3,1785439929539494643,,,«0000N0000000000,0.0,0.0,0.0,0.0,0.0,0.0,M,L,L,6.017882999999999,0.0,0.0,0,,0.0,0.0,2026-01-23 07:34:04.235,2026-01-23 07:34:04.235
5969,3,1,1317061755,Склад,Кабелни Канали,Ъгъл 90° за кабелна скара 60х202mm с неперфорира,47571/151025/4,1785439929539494644,,,«0000N0000000000,0.0,0.0,0.0,0.0,0.0,0.0,M,L,L,8.906672,0.0,0.0,0,,0.0,0.0,2026-01-23 07:34:23.726,2026-01-23 07:34:23.726
5969,4,1,1320962480,Склад,Кабелни Канали,T-разклонение за кабелна скара 60х202mm с неперф,47571/151025/5,1785439929539494645,,,«0000N0000000000,0.0,0.0,,,0.0,0.0,M,L,L,16.05456506956126,0.0,0.0,0,,0.0,0.0,2026-01-23 07:33:28.502,2026-01-23 07:33:28.502
5969,5,1,1320962480,Склад,Кабелни Канали,T-образно разклонение за кабелна скара 60х202mm,47571/151025/6,1785439929539494646,,,«0000N0000000000,0.0,0.0,,,0.0,0.0,M,L,L,6.682584887234576,0.0,0.0,0,,0.0,0.0,2026-01-23 07:33:24.776,2026-01-23 07:33:24.776
5969,6,1,1317061556,Склад,Кабелни Канали,"T-образно разклонение за кабелна скар, 60х152mm",47571/151025/7,1785439929539494647,,,«0000N0000000000,0.0,0.0,0.0,0.0,0.0,0.0,M,L,L,6.396237999999999,0.0,0.0,0,,0.0,0.0,2026-01-23 07:33:19.402,2026-01-23 07:33:19.402
5969,7,1,1317061585,Склад,Кабелни Канали,Вертканел ъгъл понижаващ 60х202mm с неперфориран,47571/151025/8,1785439929539494648,,,«0000N0000000000,0.0,0.0,0.0,0.0,0.0,0.0,M,L,L,16.739635,0.0,0.0,0,,0.0,0.0,2026-01-23 07:33:34.637,2026-01-23 07:33:34.637
5969,8,1,1317061745,Склад,Кабелни Канали,Фуния за кабелна скара напречна 60х200mm,47571/151025/9,1785439929539494649,,,«0000N0000000000,0.0,0.0,0.0,0.0,0.0,0.0,M,L,L,39.098346,0.0,0.0,0,,0.0,0.0,2026-01-23 07:34:17.753,2026-01-23 07:34:17.753
5969,9,1,1317061735,Склад,Кабелни Канали,Фуния за кабелна скара напречна 60х150mm,47571/151025/10,1785439929539494650,,,«0000N0000000000,0.0,0.0,0.0,0.0,0.0,0.0,M,L,L,38.305847,0.0,0.0,0,,0.0,0.0,2026-01-23 07:34:11.617,2026-01-23 07:34:11.617
5969,10,1,1317061628,Склад,Кабелни Канали,"Кабелна стълба 60x200x3000mm t=1,5mm",47571/151025/11,1785439929539494651,,,«0000N0000000000,0.0,0.0,0.0,0.0,0.0,0.0,M,L,L,8.881107,0.0,0.0,0,,0.0,0.0,2026-01-23 07:33:50.542,2026-01-23 07:33:50.542
5969,12,1,1320962480,"Склад производство, 500kW",М/Ж резба,Преход 316L резба М/Ж 1/2“х1/4“,143284/02092025/6,1785439929539494652,,|1—преход м/ж|2—1/2х1/4|5—склад|,«0000N0000000000,2.0,0.0,,,0.0,0.0,M,L,L,0.9919062495206639,0.0,0.0,0,,0.0,0.0,2026-03-02 14:59:42.910,2025-11-03 08:05:10.134
5969,13,1,1320962480,Склад,Тройници на резба,Тройник 316L резба вътрешна 1/4“,031125,1785439929539494653,,|1—тройник вътр. резба|2—1/4`|5—склад|,«0000N0000000000,0.0,0.0,0.0,0.0,0.0,0.0,M,L,L,0.0,0.0,0.0,0,,0.0,0.0,2026-03-02 14:59:42.925,2026-01-27 14:16:47.472
5969,15,1,1320962480,"Склад производство, 500kW",Тройници на резба,Тройник 316L резба вътрешна 1/4“,031125,1785439929539494654,,|1—тройник вътр. резба|2—1/4`|5—склад|,«0000N0000000000,2.0,0.0,,,0.0,0.0,M,L,L,0.0,0.0,0.0,0,,0.0,0.0,2026-03-02 14:59:42.925,2025-11-03 08:07:16.012
5969,17,1,1316458638,Склад,М8,Шпилка 8.8 vZn M8x1000,031125/2,1785439929539494656,,,«0000N0000000000,0.0,0.0,0.0,0.0,0.0,0.0,M,L,L,95.836198,0.0,0.0,0,,0.0,0.0,2026-01-16 14:38:41.486,2026-01-16 14:38:41.486
5969,18,1,1320962480,Склад,"Схеми, софтуери",Интегрални схеми,432681/281025/1,1785439929539494659,,,«0000N0000000000,0.0,0.0,,,0.0,0.0,M,L,L,1.385600998041752,0.0,0.0,0,,0.0,0.0,2026-01-28 12:38:44.994,2026-01-28 12:38:44.994
5969,19,1,1320962480,Неактивен 3,М8,Шпилка 8.8 vZn M8x1000,031125/2,1785439929539494657,,,«0000N0000000000,0.0,0.0,,,0.0,0.0,M,L,L,95.8365502114192,0.0,0.0,0,,0.0,0.0,2026-03-02 14:59:42.941,2025-11-03 13:55:18.753
5969,20,1,1320962480,"Склад производство, 500kW",М8,Шпилка 8.8 vZn M8x1000,031125/2,1785439929539494658,,,«0000N0000000000,3.0,0.0,,,0.0,0.0,M,L,L,95.8365502114192,0.0,0.0,0,,0.0,0.0,2026-03-04 08:11:01.110,2026-03-04 08:11:01.110
5969,21,1,1320962480,Склад,Комет електроникс,Клеми HD,432681/281025/2,1785439929539494660,,,«0000N0000000000,0.0,0.0,,,0.0,0.0,M,L,L,1.7026019643834076,0.0,0.0,0,,0.0,0.0,2026-01-28 12:40:17.941,2026-01-28 12:40:17.941
5469,0,1,1320962480,Склад,Платки - Green Innovation,Кондензатори 47uF 6.3V X5R Samsung,432681/281025/3,1785439929539494661,,,«0000N0000000000,0.0,0.0,,,0.0,0.0,M,L,L,0.035790431683735295,0.0,0.0,0,,0.0,0.0,2026-01-28 12:40:33.268,2026-01-28 12:40:33.268
5469,1,1,1320962480,Склад,"Кабелни накрайници, обувки",Съединители,432681/281025/4,1785439929539494662,,,«0000N0000000000,0.0,0.0,,,0.0,0.0,M,L,L,0.11759713267513025,0.0,0.0,0,,0.0,0.0,2026-01-28 12:42:45.431,2026-01-28 12:42:45.431
5469,2,1,1318956547,"Склад производство, 500kW",Сензори,Трансмитер за налягане 0-10 bar. G 1/2“,25702,1785439929539494663,,|1—датчик|5—склад|,«0000N0000000000,1.0,0.0,,,0.0,0.0,M,L,L,326.93536759329794,0.0,0.0,0,,0.0,0.0,2026-03-04 08:11:01.485,2026-03-04 08:11:01.485
5469,3,1,1318956547,"Склад производство, 500kW",Сензори,Трансмитер за налягане 0-10 bar. G 1/2“,25697,1785439929539494664,,|1—датчик|5—склад|,«0000N0000000000,1.0,0.0,,,0.0,0.0,M,L,L,326.93536759329794,0.0,0.0,0,,0.0,0.0,2026-03-04 08:11:01.485,2026-03-04 08:11:01.485
5469,4,1,1316460356,Склад,М16,Гайка шест. 8 Bl. М16,10524822/311025/1,1785439929539494665,,"|1—гайка шестостенна 10, цинк|2—М16|5—склад|",«0000N0000000000,0.0,0.0,0.0,0.0,0.0,0.0,M,L,L,0.062531,0.0,0.0,0,,0.0,0.0,2026-01-16 14:40:30.791,2026-01-16 14:40:30.791
5469,5,1,1317053103,Склад,1.1.2. Крепежи (Електролизьор),Тръба ПП топла вода ф63/PN20,167836/041125/1,1785439929539494672,,,«0000N0000000000,0.0,0.0,,,0.0,0.0,M,L,L,12.38,0.0,0.0,0,,0.0,0.0,2026-01-22 12:44:41.070,2026-01-22 12:34:55.253
5469,6,1,1320962480,Склад,М16,Болт с шест.гл. 8.8 vZn М16х40,10524822/311025/2,1785439929539494666,,|1—болт цинк|2—М16х40|5—склад|,«0000N0000000000,0.0,0.0,0.0,0.0,0.0,0.0,M,L,L,0.247158495370252,0.0,0.0,0,,0.0,0.0,2026-03-02 14:59:42.972,2026-01-27 13:44:45.148
5469,7,1,1316461498,Склад,5. Устройства,Захранване 275 kW,160126/5,1785439929539495292,,,«0000N0000000000,0.0,0.0,0.0,0.0,0.0,0.0,M,L,L,27500.883052999998,0.0,0.0,0,,0.0,0.0,2026-01-16 15:09:24.980,2026-01-16 15:09:24.980
5469,8,1,1316459845,Склад,М16,Болт с шест.гл. 8.8 vZn М16х50,10524822/311025/3,1785439929539494667,,|1—болт цинк|2—М16х50|5—склад|,«0000N0000000000,0.0,0.0,0.0,0.0,0.0,0.0,M,L,L,0.28120999999999996,0.0,0.0,0,,0.0,0.0,2026-01-16 14:39:18.171,2026-01-16 14:39:18.171
5469,9,1,1316459955,Склад,М16,Болт с шест.гл. 8.8 vZn M16x55,10524822/311025/4,1785439929539494668,,,«0000N0000000000,0.0,0.0,0.0,0.0,0.0,0.0,M,L,L,0.301508,0.0,0.0,0,,0.0,0.0,2026-01-16 14:38:17.457,2026-01-16 14:38:17.457
5469,10,1,1317053103,Склад,1.1.2. Крепежи (Електролизьор),Тръба ПП студена вода ф63/PN20,167836/041125/2,1785439929539494673,,,«0000N0000000000,0.0,0.0,,,0.0,0.0,M,L,L,10.54,0.0,0.0,0,,0.0,0.0,2026-01-22 12:34:48.340,2026-01-22 12:34:48.340
5469,11,1,1316460756,Склад,М16,Шайба подложна vZn М16,10524822/311025/5,1785439929539494669,,|1—шайба цинк|2—М16|5—склад|,«0000N0000000000,0.0,0.0,0.0,0.0,0.0,0.0,M,L,L,0.025921999999999997,0.0,0.0,0,,0.0,0.0,2026-01-16 14:40:52.211,2026-01-16 14:40:52.211
5469,12,1,1320962480,Склад,Винтове,"Винт самопробивен с шайба 5,5х32",167836/041125/3,1785439929539494674,,,«0000N0000000000,0.0,0.0,,,0.0,0.0,M,L,L,0.12782297029905462,0.0,0.0,0,,0.0,0.0,2026-01-28 12:49:29.708,2026-01-28 12:49:29.708
5469,13,1,1320962480,Склад,М8,Болт с шест.гл. 8.8 vZn М8х20,10524822/311025/6,1785439929539494670,,|1—болт цинк|2—М8х20|5—склад|,«0000N0000000000,0.0,0.0,0.0,0.0,0.0,0.0,M,L,L,0.03609720681245302,0.0,0.0,0,,0.0,0.0,2026-03-02 14:59:42.972,2026-01-27 13:50:13.828
5469,14,1,1317061700,Склад,Кабелни Канали,"С-профил, шлиц 16 mm, 30x15x3000mm, перфорирана",47914/041125/1,1785439929539494675,,,«0000N0000000000,0.0,0.0,0.0,0.0,0.0,0.0,M,L,L,2.1014019999999998,0.0,0.0,0,,0.0,0.0,2026-01-23 07:33:57.205,2026-01-23 07:33:57.205
5469,15,1,1320962480,Склад,М6,Болт с шест.гл. 8.8 vZn М6х60,10524822/311025/7,1785439929539494671,,|1—болт цинк|2—М6х60|5—склад|,«0000N0000000000,0.0,0.0,0.0,0.0,0.0,0.0,M,L,L,0.03727317813920433,0.0,0.0,0,,0.0,0.0,2026-03-02 14:59:42.988,2026-01-27 13:48:43.836
5469,17,1,1317061594,Склад,Кабелни Канали,Кабелна скара 60х150х3000мм.,47914/041125/2,1785439929539494676,,,«0000N0000000000,0.0,0.0,0.0,0.0,0.0,0.0,M,L,L,4.985078,0.0,0.0,0,,0.0,0.0,2026-01-28 09:22:15.919,2026-01-28 09:22:15.919
5469,18,1,1320962480,Неактивен 3,Муфи на резба,Муфа 304L резба 150LBS 1/4“,10143532/110925/1.4,1785439929539494677,,,«0000N0000000000,0.0,0.0,,,0.0,0.0,M,L,L,0.7618249029823655,0.0,0.0,0,,0.0,0.0,2026-03-02 14:59:42.988,2025-11-06 09:33:50.544
5469,19,1,1320962480,"Склад производство, 500kW",М8,Болт с шест.гл. 8.8 vZn М8х16,241025/26,1785439929539494678,,|1—болт цинк|2—М8х16|5—склад|,«0000N0000000000,65.0,0.0,,,0.0,0.0,M,L,L,0.0,0.0,0.0,0,,0.0,0.0,2026-03-04 08:11:01.829,2026-03-04 08:11:01.829
5469,20,1,1320962480,Неактивен 3,Фитинги - Щуцер на резба,Гайки за щуцери 1/2“,261922/240925,1785439929539494679,,,«0000N0000000000,12.0,0.0,,,0.0,0.0,M,L,L,0.940777061401042,0.0,0.0,0,,0.0,0.0,2026-03-04 08:11:01.845,2026-03-04 08:11:01.845
5469,21,1,1316164193,System - 90kW Volkswagen (59),Логисофт,"Контролер (Simatic HMI, 7``TFT display)",2505/071025/1,1785439929539494680,,,«0000N0000000000,0.0,0.0,0.0,0.0,0.0,0.0,M,L,L,760.983584,0.0,0.0,0,,0.0,0.0,2026-03-04 13:52:43.244,2026-03-04 13:52:43.244
5993,0,1,1316164201,System - 90kW Volkswagen (59),Логисофт,Карта памет (Simatic S7),2505/071025/2,1785439929539494681,,,«0000N0000000000,0.0,0.0,0.0,0.0,0.0,0.0,M,L,L,195.997909,0.0,0.0,0,,0.0,0.0,2026-03-04 13:52:49.494,2026-03-04 13:52:49.494
5993,1,1,1316164208,System - 90kW Volkswagen (59),Логисофт,Електроника (Simatic S7-1200 G2),2505/071025/3,1785439929539494682,,,«0000N0000000000,0.0,0.0,0.0,0.0,0.0,0.0,M,L,L,429.989777,0.0,0.0,0,,0.0,0.0,2026-03-04 13:52:54.790,2026-03-04 13:52:54.790
5993,2,1,1316164215,System - 90kW Volkswagen (59),Логисофт,"Захранване (Sitop PSU100L,24V/10A pow.sup.inp.)",2505/071025/4,1785439929539494683,,,«0000N0000000000,0.0,0.0,0.0,0.0,0.0,0.0,M,L,L,124.995066,0.0,0.0,0,,0.0,0.0,2026-03-04 13:52:59.884,2026-03-04 13:52:59.884
5993,3,1,1320962480,Неактивен 3,2.1. Тръби,"Тръба шевна 304L (60,3х2) 2``",28082025/5,1785439929539494684,,,«0000N0000000000,0.0,0.0,,,0.0,0.0,M,L,L,12.061375477418794,0.0,0.0,0,,0.0,0.0,2026-03-02 14:59:43.004,2025-11-06 14:31:47.362
5993,4,1,1320962480,"Склад производство, 500kW",Кабели - Сензори,Кабел PUR М12 конектор 15м,38838/27082025,1785439929539494686,,"|1—PUR кабел, М12 конектор|2—15 м.|",«0000N0000000000,4.0,0.0,,,0.0,0.0,M,L,L,27.899152789352858,54.566,54.566,0,,0.0,0.0,2026-03-04 08:11:01.860,2026-03-04 08:11:01.860
5993,5,1,1320962480,"Склад производство, 500kW",2.1. Тръби,"Тръба шевна 304L (60,3х2) 2``",28082025/5,1785439929539494685,,,«0000N0000000000,4.0,0.0,,,0.0,0.0,M,L,L,12.061375477418794,0.0,0.0,0,,0.0,0.0,2026-03-02 14:59:43.019,2025-11-17 08:52:34.432
5993,6,1,1320962480,Склад,2.1. Тръби,"Тръба шевна 304L (33,7х3) 1“",10143532/110925/33.7/3,1785439929539494687,,,«0000N0000000000,0.0,0.0,0.0,0.0,0.0,0.0,M,L,L,11.544970677410612,0.0,0.0,0,,0.0,0.0,2026-03-02 14:59:43.019,2026-01-28 13:00:18.275
5993,7,1,1320962480,"Склад производство, 500kW",2.1. Тръби,"Тръба шевна 304L (48,3х2) 1 1/2``",10143532/110925/48.3,1785439929539494688,,,«0000N0000000000,4.0,0.0,,,0.0,0.0,M,L,L,14.90927125568173,0.0,0.0,0,,0.0,0.0,2026-03-02 14:59:43.035,2025-11-17 08:52:23.229
5993,8,1,1320962480,Склад,"Схеми, софтуери",Интегрални схеми 1,433309/061125/1,1785439929539494689,,,«0000N0000000000,0.0,0.0,,,0.0,0.0,M,L,L,0.1329358891110168,0.0,0.0,0,,0.0,0.0,2026-01-28 12:38:50.994,2026-01-28 12:38:50.994
5993,9,1,1320962480,Склад,"Схеми, софтуери",Интегрални схеми 2,433309/061125/2,1785439929539494690,,,«0000N0000000000,0.0,0.0,,,0.0,0.0,M,L,L,1.2577780277426975,0.0,0.0,0,,0.0,0.0,2026-01-28 12:38:58.306,2026-01-28 12:38:58.306
5993,10,1,1320962480,Склад,"Схеми, софтуери",Интегрални схеми 3,433309/061125/3,1785439929539494691,,,«0000N0000000000,0.0,0.0,,,0.0,0.0,M,L,L,1.7588440713149915,0.0,0.0,0,,0.0,0.0,2026-01-28 12:39:07.774,2026-01-28 12:39:07.774
5993,11,1,1320962480,Склад,"Кабелни накрайници, обувки",Съединители 2,433309/061125/4,1785439929539494692,,,«0000N0000000000,0.0,0.0,,,0.0,0.0,M,L,L,0.15338756435886555,0.0,0.0,0,,0.0,0.0,2026-01-28 12:43:10.398,2026-01-28 12:43:10.398
5993,12,1,1320962480,Склад,7. Кабели,"Кабел ШВПС 3х0,75, бял",167992/071125/1,1785439929539494693,,,«0000N0000000000,0.0,0.0,,,0.0,0.0,M,L,L,0.5982115009995755,0.0,0.0,0,,0.0,0.0,2025-11-10 08:25:42.024,2025-11-10 08:25:42.024
5993,13,1,1320962480,Склад,"2.7. PP, Месинг, Хром връзки",Коляно PP 90° ф32,167992/071125/2,1785439929539494694,,,«0000N0000000000,0.0,0.0,,,0.0,0.0,M,L,L,0.552195231691916,0.0,0.0,0,,0.0,0.0,2025-11-10 08:25:47.133,2025-11-10 08:25:47.133
5993,14,1,1320962480,Склад,Ивда Гео,Муфа ПП ф32,167992/071125/3,1785439929539494695,,,«0000N0000000000,0.0,0.0,,,0.0,0.0,M,L,L,0.414146423768937,0.0,0.0,0,,0.0,0.0,2025-11-10 08:25:52.695,2025-11-10 08:25:52.695
5993,15,1,1320962480,Склад,"2.7. PP, Месинг, Хром връзки",Преход PP резба външна ф32х1“,167992/071125/4,1785439929539494696,,,«0000N0000000000,0.0,0.0,,,0.0,0.0,M,L,L,5.4759360476115,0.0,0.0,0,,0.0,0.0,2025-11-10 08:26:02.601,2025-11-10 08:26:02.601
5993,16,1,1317535658,Склад,Колена на резба,Коляно 90° 316L резба вътрешна 1/2“,101125/1,1785439929539494701,,|1—коляно 90гр. вътр. резба|2—1/2`|5—склад|,«0000N0000000000,0.0,0.0,0.0,0.0,0.0,0.0,M,L,L,0.0,0.0,0.0,0,,0.0,0.0,2026-01-27 14:10:25.657,2026-01-27 14:10:25.657
5993,17,1,1320962480,"Склад производство, 500kW",7. Кабели,"Кабел ШВПС 3х0,75, бял",167992/071125/1,1785439929539494697,,,«0000N0000000000,200.0,0.0,,,0.0,0.0,M,L,L,0.5982115009995755,0.0,0.0,0,,0.0,0.0,2026-03-02 14:59:43.082,2025-11-10 08:25:42.040
5993,18,1,1320962480,"Склад производство, 500kW","2.7. PP, Месинг, Хром връзки",Коляно PP 90° ф32,167992/071125/2,1785439929539494698,,,«0000N0000000000,6.0,0.0,,,0.0,0.0,M,L,L,0.552195231691916,0.0,0.0,0,,0.0,0.0,2026-03-04 08:11:01.876,2026-03-04 08:11:01.876
5993,19,1,1320962480,"Склад производство, 500kW",Ивда Гео,Муфа ПП ф32,167992/071125/3,1785439929539494699,,,«0000N0000000000,6.0,0.0,,,0.0,0.0,M,L,L,0.414146423768937,0.0,0.0,0,,0.0,0.0,2026-03-04 08:11:01.892,2026-03-04 08:11:01.892
5993,20,1,1320962480,"Склад производство, 500kW","2.7. PP, Месинг, Хром връзки",Преход PP резба външна ф32х1“,167992/071125/4,1785439929539494700,,,«0000N0000000000,4.0,0.0,,,0.0,0.0,M,L,L,5.4759360476115,0.0,0.0,0,,0.0,0.0,2026-03-04 08:11:01.907,2026-03-04 08:11:01.907
6021,0,1,1320962480,Склад,Шини (Електроника),DIN-релса за модулна апаратура перфорирана 2m,1459019554/071125/1,1785439929539494702,,,«0000N0000000000,0.0,0.0,,,0.0,0.0,M,L,L,3.25181636440795,0.0,0.0,0,,0.0,0.0,2026-01-15 14:26:36.895,2026-01-15 14:26:36.895
6021,1,1,1320962480,Склад,Клеми,Свързваща клема 2х0.2-4мм,1459019554/071125/2,1785439929539494703,,,«0000N0000000000,0.0,0.0,,,0.0,0.0,M,L,L,0.25053302178614706,0.0,0.0,0,,0.0,0.0,2026-01-28 10:12:22.011,2026-01-28 10:12:22.011
6021,2,1,1320962480,Склад,Клеми,Свързваща клема 3х0.2-4мм,1459019554/071125/3,1785439929539494704,,,«0000N0000000000,0.0,0.0,,,0.0,0.0,M,L,L,0.3067751287177311,0.0,0.0,0,,0.0,0.0,2026-01-28 10:12:28.213,2026-01-28 10:12:28.213
6021,3,1,1320962480,Склад,Клеми,Свързваща клема 5х0.2-4мм,1459019554/071125/4,1785439929539494705,,,«0000N0000000000,0.0,0.0,,,0.0,0.0,M,L,L,0.49595312476033193,0.0,0.0,0,,0.0,0.0,2026-01-28 10:12:34.541,2026-01-28 10:12:34.541
6021,4,1,1320962480,Склад,Шрак техник ЕООД,"Кабелен накрайник 6мм 0,34мм",1459019554/071125/5,1785439929539494706,,,«0000N0000000000,0.0,0.0,,,0.0,0.0,M,L,L,0.015338756435886555,0.0,0.0,0,,0.0,0.0,2026-01-28 12:51:22.906,2026-01-28 12:51:22.906
6021,5,1,1320962480,Склад,Клеми,"Пр. клема 2,5мм, сива, двуредна, YBK 2,5-2F",1459019554/071125/6,1785439929539494707,,,«0000N0000000000,0.0,0.0,,,0.0,0.0,M,L,L,1.135067976255605,0.0,0.0,0,,0.0,0.0,2026-01-28 10:10:53.431,2026-01-28 10:10:53.431
6021,6,1,1320962480,Склад,Клеми,"Пр. клема триредна, 2,5мм, YBK 2,5-3F",1459019554/071125/7,1785439929539494708,,,«0000N0000000000,0.0,0.0,,,0.0,0.0,M,L,L,1.5798919128963151,0.0,0.0,0,,0.0,0.0,2026-01-28 10:11:23.052,2026-01-28 10:11:23.052
6021,7,1,1320962480,Склад,3. Инструменти,Отвертка права 2.4х75,1459019554/071125/8,1785439929539494709,,,«0000N0000000000,0.0,0.0,,,0.0,0.0,M,L,L,3.2160259327242144,0.0,0.0,0,,0.0,0.0,2026-01-28 09:58:50.169,2026-01-28 09:58:50.169
6021,8,1,1320962480,Склад,2. Корпуси,Табло с 2 врати 1000х1000х300,1459019554/071125/9,1785439929539494710,,,«0000N0000000000,0.0,0.0,,,0.0,0.0,M,L,L,273.4838917492829,0.0,0.0,0,,0.0,0.0,2025-11-11 08:46:46.133,2025-11-11 08:46:46.133
6021,9,1,1320962480,System - 10kW Italy,1.1.1. Части (Електролизьор),Плочa PP 500x500x20мм,4031/101125,1785439929539494711,,,«0000N0000000000,2.0,0.0,,,0.0,0.0,M,L,L,53.68564752560294,0.0,0.0,0,,0.0,0.0,2025-11-11 08:17:56.260,2025-11-11 08:17:56.260
6021,10,1,1320962480,Склад,2. Корпуси,"Табло с 2 врати, 1200х1200х300",1459019733/101125/1,1785439929539494712,,,«0000N0000000000,0.0,0.0,,,0.0,0.0,M,L,L,369.6282396731822,0.0,0.0,0,,0.0,0.0,2025-11-11 08:46:50.164,2025-11-11 08:46:50.164
6021,11,1,1320962480,Склад,Клеми,"Пр. клема 2,5мм, сива, двуредна, YBK 2,5-2F",1459019733/101125/2,1785439929539494713,,,«0000N0000000000,0.0,0.0,,,0.0,0.0,M,L,L,1.135067976255605,0.0,0.0,0,,0.0,0.0,2026-01-28 10:11:00.241,2026-01-28 10:11:00.241
6021,12,1,1320962480,Склад,Клеми,Крайна секция YBK 2F,1459019733/101125/3,1785439929539494714,,,«0000N0000000000,0.0,0.0,,,0.0,0.0,M,L,L,0.32722680396557985,0.0,0.0,0,,0.0,0.0,2026-01-28 09:57:01.203,2026-01-28 09:57:01.203
6021,13,1,1320962480,Склад,Клеми,"Пр. клема триредна, 2,5мм, YBK 2,5-3F",1459019733/101125/4,1785439929539494715,,,«0000N0000000000,0.0,0.0,,,0.0,0.0,M,L,L,1.5798919128963151,0.0,0.0,0,,0.0,0.0,2026-01-28 10:11:28.989,2026-01-28 10:11:28.989
6021,14,1,1320962480,Склад,Клеми,Кр. скоба за DIN релса,1459019733/101125/5,1785439929539494716,,,«0000N0000000000,0.0,0.0,,,0.0,0.0,M,L,L,0.276097615845958,0.0,0.0,0,,0.0,0.0,2026-01-28 09:56:28.261,2026-01-28 09:56:28.261
6021,15,1,1320962480,Склад,Клеми,"Пружинна клема, YBK 6mm",1459019733/101125/6,1785439929539494717,,,«0000N0000000000,0.0,0.0,,,0.0,0.0,M,L,L,0.5368564752560294,0.0,0.0,0,,0.0,0.0,2026-01-28 10:11:39.566,2026-01-28 10:11:39.566
6021,16,1,1320962480,Склад,Шрак техник ЕООД,"Кабелен накрайник 6мм 0,34мм",1459019733/101125/7,1785439929539494718,,,«0000N0000000000,0.0,0.0,,,0.0,0.0,M,L,L,0.015338756435886555,0.0,0.0,0,,0.0,0.0,2026-01-28 12:51:28.890,2026-01-28 12:51:28.890
6021,17,1,1320962480,Склад,М8,Болт с шест.гл. 8.8 vZn М8х16,10527503/071125/1,1785439929539494721,,|1—болт цинк|2—М8х16|5—склад|,«0000N0000000000,0.0,0.0,0.0,0.0,0.0,0.0,M,L,L,0.032722680396557985,0.0,0.0,0,,0.0,0.0,2026-03-02 14:59:43.175,2026-01-27 13:50:04.035
6021,18,1,1320962480,"Склад производство, 500kW",2. Корпуси,Табло с 2 врати 1000х1000х300,1459019554/071125/9,1785439929539494719,,,«0000N0000000000,1.0,0.0,,,0.0,0.0,M,L,L,273.4838917492829,0.0,0.0,0,,0.0,0.0,2026-03-04 08:11:01.923,2026-03-04 08:11:01.923
6021,19,1,1320962480,"Склад производство, 500kW",2. Корпуси,"Табло с 2 врати, 1200х1200х300",1459019733/101125/1,1785439929539494720,,,«0000N0000000000,1.0,0.0,,,0.0,0.0,M,L,L,369.6282396731822,0.0,0.0,0,,0.0,0.0,2026-03-04 08:11:01.923,2026-03-04 08:11:01.923
6021,20,1,1320962480,Склад,М8,Болт с шест.гл. 8.8 vZn М8х35,10527503/071125/2,1785439929539494722,,,«0000N0000000000,0.0,0.0,0.0,0.0,0.0,0.0,M,L,L,0.04601626930765966,0.0,0.0,0,,0.0,0.0,2026-03-02 14:59:43.191,2026-01-27 13:50:24.570
6036,0,1,1316454347,Склад,М8,Шайба подложна vZn М8,10527503/071125/3,1785439929539494723,,|1—шайба цинк|2—М8|5—склад|,«0000N0000000000,0.0,0.0,0.0,0.0,0.0,0.0,M,L,L,0.0051129999999999995,0.0,0.0,0,,0.0,0.0,2026-01-16 14:41:36.271,2026-01-16 14:41:36.271
6036,2,1,1316457973,Склад,М12,Болт с шест.гл. 8.8 vZn М12х40,10527503/071125/4,1785439929539494724,,|1—болт цинк|2—М12х40|5—склад|,«0000N0000000000,0.0,0.0,0.0,0.0,0.0,0.0,M,L,L,0.14,0.0,0.0,0,,0.0,0.0,2026-01-16 14:39:04.563,2026-01-16 14:39:04.563
6036,4,1,1316458091,Склад,М12,Болт с шест.гл. 8.8 vZn М12х60,10527503/071125/5,1785439929539494725,,|1—болт цинк|2—М12х60|5—склад|,«0000N0000000000,0.0,0.0,0.0,0.0,0.0,0.0,M,L,L,0.159471,0.0,0.0,0,,0.0,0.0,2026-01-16 14:39:46.013,2026-01-16 14:39:46.013
6036,6,1,1316458122,Склад,М12,Болт с шест.гл. 8.8 vZn М12х100,10527503/071125/6,1785439929539494726,,|1—болт цинк|2—М12х100|5—склад|,«0000N0000000000,0.0,0.0,0.0,0.0,0.0,0.0,M,L,L,0.240306,0.0,0.0,0,,0.0,0.0,2026-01-16 14:38:51.923,2026-01-16 14:38:51.923
6036,8,1,1320962480,Склад,М10,Болт с шест.гл. 8.8 vZn М10х30,10527503/071125/7,1785439929539494727,,|1—болт цинк|2—М10х30|5—склад|,«0000N0000000000,0.0,0.0,,,0.0,0.0,M,L,L,0.07158086336747059,0.0,0.0,0,,0.0,0.0,2026-01-27 13:40:48.436,2026-01-27 13:40:48.436
6036,10,1,1320962480,Склад,М10,Болт с шест.гл. 8.8 vZn М10х40,10527503/071125/8,1785439929539494728,,|1—болт цинк|2—М10х40|5—склад|,«0000N0000000000,0.0,0.0,,,0.0,0.0,M,L,L,0.08553913172412736,0.0,0.0,0,,0.0,0.0,2026-01-27 13:41:00.628,2026-01-27 13:41:00.628
6036,12,1,1320962480,Склад,М10,Гайка шест. 8 vZn М10,10527503/071125/9,1785439929539494729,,|1—гайка цинк|2—М10|5—склад|,«0000N0000000000,0.0,0.0,,,0.0,0.0,M,L,L,0.018968928792379706,0.0,0.0,0,,0.0,0.0,2026-01-27 13:42:07.627,2026-01-27 13:42:07.627
6036,14,1,1320962481,Склад,М10,Шайба подложна vZn М10,10527503/071125/10,1785439929539494730,,|1—шайба цинк|2—М10|5—склад|,«0000N0000000000,0.0,0.0,,,0.0,0.0,M,L,L,0.007720507406062899,0.0,0.0,0,,0.0,0.0,2026-01-27 13:42:43.837,2026-01-27 13:42:43.837
6036,15,1,1320962481,Склад,Гофри,Гофре армирано ф16 V филтър,8032/101125/1,1785439929539494731,,,«0000N0000000000,0.0,0.0,,,0.0,0.0,M,L,L,0.5982115009995755,0.0,0.0,0,,0.0,0.0,2026-01-28 12:49:38.051,2026-01-28 12:49:38.051
6036,16,1,1316132573,Склад,7. Кабели,"Кабел ШВПС 2х0,75, бял",8032/101125/2,1785439929539494732,,,«0000N0000000000,0.0,0.0,0.0,0.0,0.0,0.0,M,L,L,0.41,0.0,0.0,0,,0.0,0.0,2026-01-28 12:50:26.519,2026-01-28 12:50:26.519
6036,17,1,1317053103,Склад,Ивда Гео,"Кабел ШВПС 2х0,5, бял",8032/101125/3,1785439929539494733,,,«0000N0000000000,0.0,0.0,,,0.0,0.0,M,L,L,0.32,0.0,0.0,0,,0.0,0.0,2026-01-22 12:35:17.551,2026-01-22 12:35:17.551
6036,18,1,1320962481,Склад,Ивда Гео,"Шкурка CRD руло 5м./115, P120",8032/101125/4,1785439929539494734,,,«0000N0000000000,0.0,0.0,,,0.0,0.0,M,L,L,0.634001932683311,0.0,0.0,0,,0.0,0.0,2026-01-28 12:53:27.038,2026-01-28 12:53:27.038
6036,19,1,1320962481,System - 10kW Italy,2.4. Фланци,Фланец плосък 304 T10 PN16 DN40,10143532/110925/40,1785439929539494735,,,«0000N0000000000,0.0,0.0,,,0.0,0.0,M,L,L,11.015118900926973,0.0,0.0,0,,0.0,0.0,2026-03-02 14:59:43.238,2025-11-11 10:56:10.085
6036,20,1,1320962481,"Склад производство, 500kW",2.4. Фланци,Фланец плосък 304 T10 PN16 DN40,10143532/110925/40,1785439929539494736,,,«0000N0000000000,22.0,0.0,,,0.0,0.0,M,L,L,11.015118900926973,0.0,0.0,0,,0.0,0.0,2026-03-04 08:11:00.907,2026-03-04 08:11:00.907
6036,21,1,1320962481,Склад,МЕРКОМ ЕООД,Осветително тяло овално 100W 1XE27 G FILO 1V EEx,1013328/071125,1785439929539494737,,,«0000N0000000000,0.0,0.0,,,0.0,0.0,M,L,L,112.68873061564656,0.0,0.0,0,,0.0,0.0,2025-11-11 13:54:37.984,2025-11-11 13:54:37.984
6036,22,1,1316164224,System - 90kW Volkswagen (59),МЕРКОМ ЕООД,Осветително тяло овално 100W 1XE27 G FILO 1V EEx,1013328/071125,1785439929539494739,,,«0000N0000000000,4.0,0.0,0.0,0.0,0.0,0.0,M,L,L,112.688316,0.0,0.0,0,,0.0,0.0,2026-01-13 15:24:49.765,2025-11-11 13:54:38.000
6036,23,1,1320962481,"Склад производство, 500kW",МЕРКОМ ЕООД,Осветително тяло овално 100W 1XE27 G FILO 1V EEx,1013328/071125,1785439929539494738,,,«0000N0000000000,2.0,0.0,,,0.0,0.0,M,L,L,112.68873061564656,0.0,0.0,0,,0.0,0.0,2026-03-04 08:11:01.188,2026-03-04 08:11:01.188
6036,24,1,1320962481,"Склад производство, 500kW",Релета,"Цокъл за реле RS/PT5 4CO, винт.кл. 10А",1459017916/161025,1785439929539494740,,,«0000N0000000000,13.0,0.0,,,0.0,0.0,M,L,L,1.8253120158704996,0.0,0.0,0,,0.0,0.0,2026-03-04 08:11:01.954,2026-03-04 08:11:01.954
6036,25,1,1320962481,"Склад производство, 500kW",2.4. Фланци,Уплътнение CF3000 PTFE DN40,10143532/110925/pfte40,1785439929539494741,,|1—уплътнение CF3000 PTFE|2—DN40|5—склад|,«0000N0000000000,54.0,0.0,0.0,0.0,0.0,0.0,M,L,L,1.0890517069479453,0.0,0.0,0,,0.0,0.0,2026-03-04 08:11:01.267,2026-03-04 08:11:01.267
6034,0,1,1320962481,"Склад производство, 500kW",2.5.2. Кранове на заварка,Кран сфер. на зав. 3-части 316L PN63 1“,1419195/040925/6,1785439929539494742,,,«0000N0000000000,2.0,0.0,,,0.0,0.0,M,L,L,261.24969961601977,0.0,0.0,0,,0.0,0.0,2026-03-04 08:11:01.938,2026-03-04 08:11:01.938
6034,1,1,1320962481,"Склад производство, 500kW",Нипели на резба,Нипел шест. 316L резба 150LBS 1/4“,111125/1,1785439929539494744,,|1—нипел шестостен|2—1/4`|5—склад|,«0000N0000000000,1.0,0.0,,,0.0,0.0,M,L,L,0.0,0.0,0.0,0,,0.0,0.0,2025-11-11 14:53:18.958,2025-11-11 14:53:18.958
6034,2,1,1323435475,"Склад производство, 500kW",2.5.2. Кранове на заварка,Кран сфер. на зав. 3-части 316L PN63 (Акт) 1“,1419195/040925/2,1785439929539494743,,,«0000N0000000000,1.0,0.0,,,0.0,0.0,M,L,L,191.7,0.0,0.0,0,,0.0,0.0,2026-03-27 08:30:51.383,2026-03-04 08:11:00.954
6034,4,1,1320962481,"Склад производство, 500kW",М16,Шайба подложна vZn М16,10524822/311025/5,1785439929539494746,,|1—шайба цинк|2—М16|5—склад|,«0000N0000000000,40.0,0.0,,,0.0,0.0,M,L,L,0.025922498376648277,0.0,0.0,0,,0.0,0.0,2026-03-04 08:11:01.970,2026-03-04 08:11:01.970
6034,5,1,1320962481,Склад,Кабелни Канали,Кабелен канал 60х60mm,1459019996/121125,1785439929539494747,,,«0000N0000000000,0.0,0.0,,,0.0,0.0,M,L,L,8.0988633981481,0.0,0.0,0,,0.0,0.0,2026-03-02 14:59:43.285,2026-01-28 09:53:48.643
6034,6,1,1320962481,Склад,Клеми,Клемни марк.хор. DY5 1-50 (50 символа),1459019939/121125/1,1785439929539494748,,,«0000N0000000000,0.0,0.0,,,0.0,0.0,M,L,L,1.0941646257599076,0.0,0.0,0,,0.0,0.0,2026-01-28 09:54:09.979,2026-01-28 09:54:09.979
6034,7,1,1320962481,Склад,Клеми,Клемни марк.хор. DY5 51-100 (50 символа),1459019939/121125/2,1785439929539494749,,,«0000N0000000000,0.0,0.0,,,0.0,0.0,M,L,L,1.0941646257599076,0.0,0.0,0,,0.0,0.0,2026-01-28 09:54:34.440,2026-01-28 09:54:34.440
6034,8,1,1320962481,Склад,Клеми,Клемни марк.хор. DY5 101-150 (50 символа),1459019939/121125/3,1785439929539494750,,,«0000N0000000000,0.0,0.0,,,0.0,0.0,M,L,L,1.0941646257599076,0.0,0.0,0,,0.0,0.0,2026-01-28 09:54:18.095,2026-01-28 09:54:18.095
6034,9,1,1320962481,Склад,Клеми,Клемни марк.хор. DY5 151-200 (50 символа),1459019939/121125/4,1785439929539494751,,,«0000N0000000000,0.0,0.0,,,0.0,0.0,M,L,L,1.0941646257599076,0.0,0.0,0,,0.0,0.0,2026-01-28 09:54:25.979,2026-01-28 09:54:25.979
6034,10,1,1320962481,Склад,Клеми,Кр. скоба за DIN релса,1459019939/121125/5,1785439929539494752,,,«0000N0000000000,0.0,0.0,,,0.0,0.0,M,L,L,0.276097615845958,0.0,0.0,0,,0.0,0.0,2026-01-28 09:56:36.258,2026-01-28 09:56:36.258
6034,11,1,1320962481,Склад,Кабелни Канали,Кабелен канал 60х40mm,1459019939/121125/6,1785439929539494753,,,«0000N0000000000,0.0,0.0,,,0.0,0.0,M,L,L,5.746920744645496,0.0,0.0,0,,0.0,0.0,2026-01-28 09:53:25.101,2026-01-28 09:53:25.101
6034,12,1,1320962481,Склад,Кабелни Канали,Кабелен канал 60х25mm,1459019939/121125/7,1785439929539494754,,,«0000N0000000000,0.0,0.0,,,0.0,0.0,M,L,L,4.882837465423887,0.0,0.0,0,,0.0,0.0,2026-01-28 09:53:12.069,2026-01-28 09:53:12.069
6034,13,1,1320962481,Склад,7. Кабели,"Проводник H05V-K (ПВ-А2) 500V 0,75mm черен",1459019939/121125/8,1785439929539494755,,,«0000N0000000000,0.0,0.0,,,0.0,0.0,M,L,L,0.1444399564379317,0.0,0.0,0,,0.0,0.0,2026-01-22 12:30:43.544,2026-01-22 12:30:43.544
6034,14,1,1317051447,Склад,7. Кабели,"Проводник H05V-K (ПВ-А2) 500V 0,75mm червен",1459019939/121125/9,1785439929539494756,,,«0000N0000000000,0.0,0.0,0.0,0.0,0.0,0.0,M,L,L,0.14443899999999998,0.0,0.0,0,,0.0,0.0,2026-01-22 12:30:36.216,2026-01-22 12:30:36.216
6034,15,1,1317051436,Склад,7. Кабели,"Проводник H05V-K (ПВ-А2) 500V 0,75mm син",1459019939/121125/10,1785439929539494757,,,«0000N0000000000,0.0,0.0,0.0,0.0,0.0,0.0,M,L,L,0.14443899999999998,0.0,0.0,0,,0.0,0.0,2026-01-22 12:30:29.451,2026-01-22 12:30:29.451
6034,16,1,1317051387,Склад,7. Кабели,"Проводник H05V-K (ПВ-А2) 500V 0,5mm черен",1459019939/121125/11,1785439929539494758,,,«0000N0000000000,0.0,0.0,0.0,0.0,0.0,0.0,M,L,L,0.109467,0.0,0.0,0,,0.0,0.0,2026-01-22 12:30:23.264,2026-01-22 12:30:23.264
6034,17,1,1317051337,Склад,7. Кабели,"Проводник H05V-K (ПВ-А2) 500V 0,5mm виолетов",1459019939/121125/12,1785439929539494759,,,«0000N0000000000,0.0,0.0,0.0,0.0,0.0,0.0,M,L,L,0.11064299999999999,0.0,0.0,0,,0.0,0.0,2026-01-22 12:30:16.889,2026-01-22 12:30:16.889
6034,19,1,1316033074,Склад,Релета,Реле мини тип PT 14 пина 4CO 24VDC 6A,1459019939/121125/13,1785439929539494760,,|1—реле с цокъл|2—6A/24V|5—склад|,«0000N0000000000,0.0,0.0,0.0,0.0,0.0,0.0,M,L,L,2.955256,0.0,0.0,0,,0.0,0.0,2026-01-22 12:03:45.441,2026-01-22 12:03:45.441
6034,20,1,1317455726,Склад,Релета,"Цокъл за реле RS/PT5 4CO, винт.кл. 10А",1459019939/121125/14,1785439929539494761,,,«0000N0000000000,0.0,0.0,0.0,0.0,0.0,0.0,M,L,L,1.86,0.0,0.0,0,,0.0,0.0,2026-01-28 10:13:39.021,2026-01-28 10:13:39.021
6034,21,1,1320962481,"Склад производство, 500kW",3. Метални Елементи,Профилна тръба ЕЗ 15х15х3,134250/121125/1,1785439929539494762,,,«0000N0000000000,0.0,0.0,,,0.0,0.0,M,L,L,1.2373263524948488,0.0,0.0,0,,0.0,0.0,2026-01-15 13:46:13.916,2026-01-15 13:46:13.916
6044,0,1,1320962481,"Склад производство, 500kW",3. Метални Елементи,"Профилна тръба Е3 25х25х1,5",134250/121125/2,1785439929539494763,,,«0000N0000000000,0.0,0.0,,,0.0,0.0,M,L,L,1.3099297996247117,0.0,0.0,0,,0.0,0.0,2026-01-15 13:45:41.380,2026-01-15 13:45:41.380
6044,1,1,1320962481,"Склад производство, 500kW",3. Метални Елементи,Профилна тръба ЕЗ 40х40х2,134250/121125/3,1785439929539494764,,,«0000N0000000000,0.0,0.0,,,0.0,0.0,M,L,L,2.132087144588231,0.0,0.0,0,,0.0,0.0,2026-01-15 13:47:08.097,2026-01-15 13:47:08.097
6044,2,1,1317134195,Склад,1.1.2. Крепежи (Електролизьор),Ринг гайка DIN582 C15 vZn M24,10527933/101125,1785439929539494765,,,«0000N0000000000,0.0,0.0,0.0,0.0,0.0,0.0,M,L,L,3.885804,0.0,0.0,0,,0.0,0.0,2026-01-28 08:00:17.844,2026-01-28 08:00:17.844
6044,3,1,1320962481,Склад,М16,Гайка шест. 10 Bl. М16,340045915/111125/1,1785439929539494767,,,«0000N0000000000,0.0,0.0,,,0.0,0.0,M,L,L,0.09203253861531932,0.0,0.0,0,,0.0,0.0,2025-11-13 08:17:36.143,2025-11-13 08:17:36.143
6044,4,1,1316164043,System - 90kW Volkswagen (59),1.1.2. Крепежи (Електролизьор),Ринг гайка DIN582 C15 vZn M24,10527933/101125,1785439929539494766,,,«0000N0000000000,6.0,0.0,0.0,0.0,0.0,0.0,M,L,L,3.885804,0.0,0.0,0,,0.0,0.0,2026-03-04 07:52:01.005,2026-03-04 07:52:01.005
6044,6,1,1320962481,Склад,М3,Болт с шест.гл. А2 М3х25,340045915/111125/3,1785439929539494769,,,«0000N0000000000,0.0,0.0,,,0.0,0.0,M,L,L,0.04601626930765966,0.0,0.0,0,,0.0,0.0,2025-11-13 08:17:52.172,2025-11-13 08:17:52.172
6044,7,1,1320962481,Склад,М3,Гайка шест. А2 М3,340045915/111125/4,1785439929539494770,,,«0000N0000000000,0.0,0.0,,,0.0,0.0,M,L,L,0.01022583762392437,0.0,0.0,0,,0.0,0.0,2025-11-13 08:17:58.156,2025-11-13 08:17:58.156
6044,8,1,1320962481,Склад,2. Консумативи,Вентилатор за баня МТ100С,20218272/111125/1,1785439929539494775,,,«0000N0000000000,0.0,0.0,,,0.0,0.0,M,L,L,20.446562329036777,0.0,0.0,0,,0.0,0.0,2026-01-28 12:54:04.239,2026-01-28 12:54:04.239
6044,10,1,1320962481,System - 10kW Italy,М16,Гайка шест. 10 Bl. М16,340045915/111125/1,1785439929539494772,,,«0000N0000000000,40.0,0.0,,,0.0,0.0,M,L,L,0.09203253861531932,0.0,0.0,0,,0.0,0.0,2026-03-02 14:59:43.379,2025-11-13 08:17:36.143
6044,11,1,1320962481,"Склад производство, 500kW",М3,Болт с шест.гл. А2 М3х25,340045915/111125/3,1785439929539494773,,,«0000N0000000000,17.0,0.0,,,0.0,0.0,M,L,L,0.04601626930765966,0.0,0.0,0,,0.0,0.0,2026-03-02 14:59:43.394,2025-11-13 08:17:52.181
6044,12,1,1320962481,"Склад производство, 500kW",М3,Гайка шест. А2 М3,340045915/111125/4,1785439929539494774,,,«0000N0000000000,100.0,0.0,,,0.0,0.0,M,L,L,0.01022583762392437,0.0,0.0,0,,0.0,0.0,2026-03-02 14:59:43.394,2025-11-13 08:17:58.165
6044,13,1,1320962481,Склад,2. Консумативи,Клапа ф100,20218272/111125/2,1785439929539494776,,,«0000N0000000000,0.0,0.0,,,0.0,0.0,M,L,L,5.107805893150223,0.0,0.0,0,,0.0,0.0,2026-01-28 12:54:35.689,2026-01-28 12:54:35.689
6044,14,1,1320962481,Склад,2. Консумативи,Клапа ф120,20218272/111125/3,1785439929539494777,,,«0000N0000000000,0.0,0.0,,,0.0,0.0,M,L,L,5.619097774346441,0.0,0.0,0,,0.0,0.0,2026-01-28 12:54:40.658,2026-01-28 12:54:40.658
6044,15,1,1318956547,Склад,Сензори,Трансмитер за налягане 0-3 bar,131125/rem,1785439929539494778,,,«0000N0000000000,0.0,0.0,0.0,0.0,0.0,0.0,M,L,L,0.5112918811962185,0.0,0.0,0,,0.0,0.0,2026-02-10 13:34:16.671,2026-01-28 13:03:22.712
6044,16,1,1320962481,Склад,Винтове,"Винт самопробивен с шайба ф4,2х13",340045982/131125,1785439929539494779,,,«0000N0000000000,0.0,0.0,,,0.0,0.0,M,L,L,0.005112918811962185,0.0,0.0,0,,0.0,0.0,2026-01-27 13:46:33.906,2026-01-27 13:46:33.906
6044,17,1,1317061643,Склад,Кабелни Канали,Капак за T-образно разклонение за кабелна скара,48078/121125/1,1785439929539494780,,,«0000N0000000000,0.0,0.0,0.0,0.0,0.0,0.0,M,L,L,8.206204999999999,0.0,0.0,0,,0.0,0.0,2025-11-17 13:00:32.988,2025-11-17 13:00:32.988
6044,18,1,1320962481,Склад,Кабелни Канали,Капак за кабелна скара/стълба с лайстна 202х3000,48078/121125/2,1785439929539494781,,,«0000N0000000000,0.0,0.0,,,0.0,0.0,M,L,L,4.37665850303963,0.0,0.0,0,,0.0,0.0,2025-11-17 13:00:40.894,2025-11-17 13:00:40.894
6044,19,1,1320962481,Склад,Кабелни Канали,Капак за ъгъл 90° за кабелна скара,48078/121125/3,1785439929539494782,,,«0000N0000000000,0.0,0.0,,,0.0,0.0,M,L,L,11.550083596222576,0.0,0.0,0,,0.0,0.0,2025-11-17 13:00:48.065,2025-11-17 13:00:48.065
6044,20,1,1320962481,Склад,"Кабелни накрайници, обувки",Съединители 1,433867/131125/1,1785439929539494783,,,«0000N0000000000,0.0,0.0,,,0.0,0.0,M,L,L,0.19429091485456304,0.0,0.0,0,,0.0,0.0,2026-01-28 12:43:02.742,2026-01-28 12:43:02.742
6065,0,1,1320962481,Склад,Платки - Green Innovation,Резистори 4.7K 5%,433867/131125/2,1785439929539494784,,,«0000N0000000000,0.0,0.0,,,0.0,0.0,M,L,L,0.005112918811962185,0.0,0.0,0,,0.0,0.0,2026-01-28 12:42:38.087,2026-01-28 12:42:38.087
6065,1,1,1316439880,Склад,2.6. Арматури,Филтър на фл. 316 INOX PN16 DN40,10146144/141125/1,1785439929539494785,,,«0000N0000000000,0.0,0.0,0.0,0.0,0.0,0.0,M,L,L,256.263661,0.0,0.0,0,,0.0,0.0,2026-01-16 09:38:03.228,2026-01-16 09:38:03.228
6065,2,1,1320962481,Склад,"2.7. PP, Месинг, Хром връзки",Капа PP G8301 ф32,10146144/141125/2,1785439929539494786,,,«0000N0000000000,0.0,0.0,,,0.0,0.0,M,L,L,1.022583762392437,0.0,0.0,0,,0.0,0.0,2025-11-17 09:03:26.726,2025-11-17 09:03:26.726
6065,3,1,1320962481,Склад,2.2. Фитинги за заваряване,"Капа 304L (88,9х2) 3“",10146121/141125/1,1785439929539494789,,,«0000N0000000000,0.0,0.0,,,0.0,0.0,M,L,L,4.177254669373105,0.0,0.0,0,,0.0,0.0,2025-11-17 09:11:17.964,2025-11-17 09:11:17.964
6065,4,1,1320962481,System - 90kW Volkswagen (59),"2.7. PP, Месинг, Хром връзки",Капа PP G8301 ф32,10146144/141125/2,1785439929539494787,,,«0000N0000000000,0.0,0.0,,,0.0,0.0,M,L,L,1.022583762392437,0.0,0.0,0,,0.0,0.0,2026-03-05 10:50:24.703,2026-03-05 10:50:24.703
6065,5,1,1320962481,System - 90kW Volkswagen (59),2.6. Арматури,Филтър на фл. 316 INOX PN16 DN40,10146144/141125/1,1785439929539494788,,,«0000N0000000000,2.0,0.0,,,0.0,0.0,M,L,L,256.26460377435666,0.0,0.0,0,,0.0,0.0,2026-03-02 14:59:43.441,2025-11-17 09:03:31.867
6065,6,1,1320962481,Склад,Крисметал,Тръба шевна 304L (88.9х2) 3“,10146121/141125/2,1785439929539494790,,,«0000N0000000000,0.0,0.0,,,0.0,0.0,M,L,L,16.71413159630438,0.0,0.0,0,,0.0,0.0,2025-11-17 09:11:27.690,2025-11-17 09:11:27.690
6065,7,1,1320962481,Склад,Платки - Green Innovation,Платка GI1LZDV8,19860/141125/1,1785439929539494793,,,«0000N0000000000,0.0,0.0,,,0.0,0.0,M,L,L,9.612287366488907,0.0,0.0,0,,0.0,0.0,2026-01-28 12:41:23.733,2026-01-28 12:41:23.733
6065,8,1,1320962481,System - 90kW Volkswagen (59),2.2. Фитинги за заваряване,"Капа 304L (88,9х2) 3“",10146121/141125/1,1785439929539494791,,,«0000N0000000000,3.0,0.0,,,0.0,0.0,M,L,L,4.177254669373105,0.0,0.0,0,,0.0,0.0,2026-03-02 14:59:43.472,2025-11-17 09:11:17.974
6065,9,1,1320962481,Склад,Платки - Green Innovation,Платка GI1PWR02,19860/141125/2,1785439929539494794,,,«0000N0000000000,0.0,0.0,,,0.0,0.0,M,L,L,11.601212784342199,0.0,0.0,0,,0.0,0.0,2026-01-28 12:41:31.483,2026-01-28 12:41:31.483
6065,10,1,1320962481,System - 90kW Volkswagen (59),Крисметал,Тръба шевна 304L (88.9х2) 3“,10146121/141125/2,1785439929539494792,,,«0000N0000000000,0.0,0.0,0.0,0.0,0.0,0.0,M,L,L,16.71413159630438,0.0,0.0,0,,0.0,0.0,2026-03-02 14:59:43.472,2026-03-02 14:57:48.862
6065,11,1,1320962481,Склад,Платки - Green Innovation,Платка GI1RS485,19860/141125/3,1785439929539494795,,,«0000N0000000000,0.0,0.0,,,0.0,0.0,M,L,L,6.6928107248585,0.0,0.0,0,,0.0,0.0,2026-01-28 12:41:37.764,2026-01-28 12:41:37.764
6065,12,1,1320962481,Склад,Платки - Green Innovation,Платка GI1TZDV8,19860/141125/4,1785439929539494796,,,«0000N0000000000,0.0,0.0,,,0.0,0.0,M,L,L,2.536007730733244,0.0,0.0,0,,0.0,0.0,2026-01-28 12:41:45.122,2026-01-28 12:41:45.122
6065,13,1,1320962481,Склад,Платки - Green Innovation,Платка GI1UZDV8,19860/141125/5,1785439929539494797,,,«0000N0000000000,0.0,0.0,,,0.0,0.0,M,L,L,9.47935147737789,0.0,0.0,0,,0.0,0.0,2026-01-28 12:41:50.872,2026-01-28 12:41:50.872
6065,14,1,1318450691,System - 10kW Italy,2.4. Фланци,Фланец плосък 304 T8 PN16 DN25,10143532/110925/25,1785439929539494798,,,«0000N0000000000,0.0,0.0,,,0.0,0.0,M,L,L,5.4,0.0,0.0,0,,0.0,0.0,2026-02-05 12:09:57.370,2025-11-17 12:13:43.556
6065,15,1,1318450691,System - 90kW Volkswagen (59),2.4. Фланци,Фланец плосък 304 T8 PN16 DN25,10143532/110925/25,1785439929539494799,,,«0000N0000000000,61.0,0.0,,,0.0,0.0,M,L,L,5.4,0.0,0.0,0,,0.0,0.0,2026-02-05 12:09:57.370,2026-01-26 07:43:46.759
6065,16,1,1320962481,"Склад производство, 500kW",Кабелни Канали,Капак за T-образно разклонение за кабелна скара,48078/121125/1,1785439929539494800,,,«0000N0000000000,1.0,0.0,,,0.0,0.0,M,L,L,8.206234693199306,0.0,0.0,0,,0.0,0.0,2026-03-04 08:11:01.970,2026-03-04 08:11:01.970
6065,17,1,1320962481,"Склад производство, 500kW",Кабелни Канали,Капак за кабелна скара/стълба с лайстна 202х3000,48078/121125/2,1785439929539494801,,,«0000N0000000000,3.0,0.0,,,0.0,0.0,M,L,L,4.37665850303963,0.0,0.0,0,,0.0,0.0,2026-03-04 08:11:01.157,2026-03-04 08:11:01.157
6065,18,1,1320962481,System - 90kW Volkswagen (59),Сити склад,10`  складов контейнер,653/171025,1785439929539494803,Полша!,,«0000N0000000000,0.0,0.0,0.0,0.0,0.0,0.0,M,L,L,2965.4929109380673,0.0,0.0,0,,0.0,0.0,2026-03-02 14:59:43.504,2026-03-02 14:58:14.001
6065,19,1,1320962481,"Склад производство, 500kW",Кабелни Канали,Капак за ъгъл 90° за кабелна скара,48078/121125/3,1785439929539494802,,,«0000N0000000000,2.0,0.0,,,0.0,0.0,M,L,L,11.550083596222576,0.0,0.0,0,,0.0,0.0,2026-03-04 08:11:01.985,2026-03-04 08:11:01.985
6065,20,1,1317562381,Склад,1.1.1. Части (Електролизьор),Плочa PP 500x500x20мм,4033/171125,1785439929539494804,,,«0000N0000000000,0.0,0.0,0.0,0.0,0.0,0.0,M,L,L,53.685449999999996,0.0,0.0,0,,0.0,0.0,2026-01-28 12:45:03.608,2026-01-28 12:45:03.608
5398,0,1,1320962481,Склад,2. Консумативи,20`` DV Контейнер,167/121125,1785439929539494805,,,«0000N0000000000,0.0,0.0,,,0.0,0.0,M,L,L,3425.655604014664,0.0,0.0,0,,0.0,0.0,2026-01-28 12:53:52.536,2026-01-28 12:53:52.536
5398,1,1,1320962481,System - 10kW Italy,1.1.1. Части (Електролизьор),Гумен лист EPDM 6/1200мм,192741/031025,1785439929539494806,,,«0000N0000000000,0.0,0.0,,,0.0,0.0,M,L,L,55.219523169191596,0.0,0.0,0,,0.0,0.0,2026-03-02 14:59:43.519,2025-11-18 08:11:13.553
5398,3,1,1318956547,System - 10kW Italy,Сензори,Трансмитер за налягане 0-15 bar,24607/04.2024,1785439929539494807,,|1—датчици за налягане|2—0-15 bar|5—склад|,«0000N0000000000,0.0,0.0,,,0.0,0.0,M,L,L,0.0,0.0,0.0,0,,0.0,0.0,2026-02-10 13:34:16.671,2025-11-18 08:11:08.803
5398,4,1,1320962481,"Склад производство, 500kW",Контактори,"Контактор 11kW/25A, AC-3, 1NC, 230V AC размер 1",181125/1,1785439929539494808,,|1—контактор|2—11KW|5—склад|,«0000N0000000000,3.0,0.0,,,0.0,0.0,M,L,L,0.0,0.0,0.0,0,,0.0,0.0,2025-11-18 08:13:13.796,2025-11-18 08:13:13.796
5398,5,1,1320962481,2. МЕТАЛХИДРИД,A.M.P.E.R.E. ALLOYS,Церий,181125/2,1785439929539494809,,,«0000N0000000000,33.92,0.0,,,0.0,0.0,M,L,L,0.5112918811962185,0.0,0.0,0,,0.0,0.0,2026-03-13 14:16:19.589,2026-03-13 14:16:19.589
5398,6,1,1320962481,System - 10kW Italy,Газ анализ - Арматури,2 micron element kit for 2F series - филтър,0005245092,1785439929539494810,,,«0000N0000000000,0.0,0.0,,,0.0,0.0,M,L,L,8.7,0.0,0.0,0,,0.0,0.0,2026-03-02 14:59:43.535,2025-11-18 09:58:51.933
5398,7,1,1310539660,System - 10kW Italy,Газ анализ - Фитинги,"Instr., low profile sleeve -",0005484599,1785439929539494811,,,«0000N0000000000,0.0,0.0,,,0.0,0.0,M,L,L,69.26,0.0,0.0,0,,0.0,0.0,2025-11-18 09:58:49.715,2025-11-18 09:58:49.715
5398,8,1,1317433900,Склад,3. Метални Елементи,Винкел ГВ 40/40/3,134462/191125/1,1785439929539494812,,,«0000N0000000000,0.0,0.0,0.0,0.0,0.0,0.0,M,L,L,1.978692,0.0,0.0,0,,0.0,0.0,2026-01-28 12:58:43.656,2026-01-28 12:58:43.656
5398,9,1,1320962481,Склад,3. Метални Елементи,"Профилна тръба ЕЗ 40х40х1,5",134462/191125/2,1785439929539494813,,,«0000N0000000000,0.0,0.0,,,0.0,0.0,M,L,L,2.1525388198360798,0.0,0.0,0,,0.0,0.0,2025-11-18 12:09:58.657,2025-11-18 12:09:58.657
5398,10,1,1320962481,Склад,3. Метални Елементи,Шина 20х3,134462/191125/3,1785439929539494814,,,«0000N0000000000,0.0,0.0,,,0.0,0.0,M,L,L,3.021735017869651,0.0,0.0,0,,0.0,0.0,2025-11-18 12:10:03.692,2025-11-18 12:10:03.692
5398,11,1,1316163875,System - 90kW Volkswagen (59),1.1.1. Части (Електролизьор),Плоча S355 J2+N HRP 2x6 70мм,7753/060825,1785439929539494818,,,«0000N0000000000,2.0,0.0,0.0,0.0,0.0,0.0,M,L,L,1819.8038199999999,0.0,0.0,0,,0.0,0.0,2026-03-04 07:52:00.973,2026-03-04 07:52:00.973
5398,12,1,1320962481,System - 90kW Volkswagen (59),3. Метални Елементи,Винкел ГВ 40/40/3,134462/191125/1,1785439929539494815,,,«0000N0000000000,12.0,0.0,0.0,0.0,0.0,0.0,M,L,L,1.9786995802293657,0.0,0.0,0,,0.0,0.0,2026-03-02 14:59:43.566,2025-11-18 12:09:53.579
5398,13,1,1320962481,System - 90kW Volkswagen (59),3. Метални Елементи,"Профилна тръба ЕЗ 40х40х1,5",134462/191125/2,1785439929539494816,,,«0000N0000000000,12.0,0.0,0.0,0.0,0.0,0.0,M,L,L,2.1525388198360798,0.0,0.0,0,,0.0,0.0,2026-03-02 14:59:43.566,2025-11-18 12:09:58.673
5398,14,1,1320962481,System - 90kW Volkswagen (59),3. Метални Елементи,Шина 20х3,134462/191125/3,1785439929539494817,,,«0000N0000000000,2.0,0.0,0.0,0.0,0.0,0.0,M,L,L,3.021735017869651,0.0,0.0,0,,0.0,0.0,2026-03-02 14:59:43.566,2025-11-18 12:10:03.708
5398,15,1,1320962481,Склад,"Кабелни накрайници, обувки","Кабелен накрайник дв. 8mm 2x0,5mm",1459020514/191125/1,1785439929539494819,,,«0000N0000000000,0.0,0.0,,,0.0,0.0,M,L,L,0.015338756435886555,0.0,0.0,0,,0.0,0.0,2026-01-28 12:51:53.232,2026-01-28 12:51:53.232
5398,16,1,1320962481,Склад,Клеми,"Клемни марк.верт.DY10/6,5 ненадписани (30х)",1459020514/191125/2,1785439929539494820,,,«0000N0000000000,0.0,0.0,,,0.0,0.0,M,L,L,0.7413732277345167,0.0,0.0,0,,0.0,0.0,2026-01-28 09:54:48.911,2026-01-28 09:54:48.911
5398,17,1,1320962481,Склад,Клеми,Крайна секция YBK 2F,1459020514/191125/3,1785439929539494821,,,«0000N0000000000,0.0,0.0,,,0.0,0.0,M,L,L,0.32722680396557985,0.0,0.0,0,,0.0,0.0,2026-01-28 09:57:10.263,2026-01-28 09:57:10.263
5398,18,1,1320962481,Склад,Клеми,Крайна секция за YBK 6mm.,1459020514/191125/4,1785439929539494822,,,«0000N0000000000,0.0,0.0,,,0.0,0.0,M,L,L,0.17895215841867645,0.0,0.0,0,,0.0,0.0,2026-01-28 09:57:28.136,2026-01-28 09:57:28.136
5398,19,1,1320962481,System - 10kW Italy,1.1.1. Части (Електролизьор),Плочa PP 500x500x20мм,4033/171125,1785439929539494823,,,«0000N0000000000,2.0,0.0,,,0.0,0.0,M,L,L,53.68564752560294,0.0,0.0,0,,0.0,0.0,2026-03-02 14:59:43.597,2025-11-19 10:05:03.342
5398,20,1,1320962481,Склад,Клеми,Крайна секция за IK690001,459020513/191125/1,1785439929539494824,,,«0000N0000000000,0.0,0.0,,,0.0,0.0,M,L,L,0.3170009663416555,0.0,0.0,0,,0.0,0.0,2026-01-28 09:57:18.992,2026-01-28 09:57:18.992
5398,21,1,1320962481,Склад,Клеми,"Пр. клема 2,5мм, сива, двуредна, YBK 2,5-2F",459020513/191125/2,1785439929539494825,,,«0000N0000000000,0.0,0.0,,,0.0,0.0,M,L,L,1.135067976255605,0.0,0.0,0,,0.0,0.0,2026-01-28 10:11:08.740,2026-01-28 10:11:08.740
5586,0,1,1320962481,Склад,М16,Шайба пружинна gvZn М16,340046105/181125,1785439929539494826,,,«0000N0000000000,0.0,0.0,0.0,0.0,0.0,0.0,M,L,L,0.2045167524784874,0.0,0.0,0,,0.0,0.0,2026-03-02 14:59:43.613,2026-01-27 13:44:32.716
5586,2,1,1316458601,Склад,М16,Шпилка М16,10530304/171125/1,1785439929539494827,,|1—шпилка|2—М16х2000|,«0000N0000000000,0.0,0.0,0.0,0.0,0.0,0.0,M,L,L,8.661253,0.0,0.0,0,,0.0,0.0,2026-01-16 14:41:46.551,2026-01-16 14:41:46.551
5586,3,1,1320962481,Склад,М16,Гайка шест. 10 Bl. М16,10530304/171125/2,1785439929539494828,,,«0000N0000000000,0.0,0.0,,,0.0,0.0,M,L,L,0.09203253861531932,0.0,0.0,0,,0.0,0.0,2026-01-27 13:44:56.530,2026-01-27 13:44:56.530
5586,5,1,1316460664,Склад,М16,Гайка самоос. 10 vZn М16,10530304/171125/3,1785439929539494829,,"|1—гайка самоосигурителна 10, цинк|2—М16|5—склад|",«0000N0000000000,0.0,0.0,0.0,0.0,0.0,0.0,M,L,L,0.35279,0.0,0.0,0,,0.0,0.0,2026-01-16 14:40:12.027,2026-01-16 14:40:12.027
5586,7,1,1316460761,Склад,М16,Шайба подложна vZn М16,10530304/171125/4,1785439929539494830,,|1—шайба цинк|2—М16|5—склад|,«0000N0000000000,0.0,0.0,0.0,0.0,0.0,0.0,M,L,L,0.025564999999999997,0.0,0.0,0,,0.0,0.0,2026-01-16 14:40:56.461,2026-01-16 14:40:56.461
5586,9,1,1320962481,Склад,М16,Шайба пружинна gvZn М16,60055380/181125,1785439929539494831,,,«0000N0000000000,0.0,0.0,,,0.0,0.0,M,L,L,0.2045167524784874,0.0,0.0,0,,0.0,0.0,2025-11-21 10:27:59.106,2025-11-21 10:27:59.106
5586,10,1,1322534971,Неактивен 1,Сензори,Датчик за температура,082025,1785439929539494832,,,«0000N0000000000,0.0,0.0,,,0.0,0.0,M,L,L,105.67853,0.0,0.0,0,,0.0,0.0,2026-06-16 13:55:46.553,2026-06-16 13:55:46.553
5586,12,1,1320962481,System - 10kW Italy,Колена на резба,Коляно 90° 316L резба М/Ж 1/2“,07082025,1785439929539494833,,|1—коляно 90гр. вътр./вън. резба|2—1/2`|,«0000N0000000000,7.0,0.0,,,0.0,0.0,M,L,L,2.0001738392396065,0.0,0.0,0,,0.0,0.0,2026-03-02 14:59:43.629,2025-12-10 09:58:48.883
5586,13,1,1320962481,System - 10kW Italy,Фитинги - Щуцер на резба,Щуцер за маркуч 304 1/2“,061125/1,1785439929539494834,,,«0000N0000000000,24.0,0.0,,,0.0,0.0,M,L,L,0.9356641425890798,0.0,0.0,0,,0.0,0.0,2026-03-02 14:59:43.629,2026-01-14 13:29:22.684
5586,14,1,1320962481,System - 10kW Italy,Муфи на резба,Муфа 316L резба 150LBS 1/2“,07082025,1785439929539494835,,|1—муфа вътр. резба|2—1/2`|,«0000N0000000000,7.0,0.0,,,0.0,0.0,M,L,L,1.8406507723063865,0.0,0.0,0,,0.0,0.0,2026-03-02 14:59:43.644,2025-12-19 10:40:38.068
5586,15,1,1320962481,System - 10kW Italy,Нипели на резба,Нипел шест. 316L резба 150LBS 1/2“,143284/02092025/2,1785439929539494836,,|1—нипел шестостен|2—1/2`|5—склад|,«0000N0000000000,20.0,0.0,,,0.0,0.0,M,L,L,2.055393362408798,0.0,0.0,0,,0.0,0.0,2026-03-02 14:59:43.644,2025-12-10 09:13:04.707
5586,16,1,1320962481,Склад,Вътрешна резба,Преход 316L резба вътрешна 150LBS 1/2“х1/4“,201125/1,1785439929539494837,,|1—муфа намалител|2—1/2х1/4|5—склад|,«0000N0000000000,0.0,0.0,0.0,0.0,0.0,0.0,M,L,L,0.0,0.0,0.0,0,,0.0,0.0,2026-03-02 14:59:43.644,2025-12-18 14:11:06.682
5586,18,1,1320962481,"Склад производство, 500kW",Вътрешна резба,Преход 316L резба вътрешна 150LBS 1/2“х1/4“,201125/1,1785439929539494838,,|1—муфа намалител|2—1/2х1/4|5—склад|,«0000N0000000000,1.0,0.0,,,0.0,0.0,M,L,L,0.0,0.0,0.0,0,,0.0,0.0,2026-03-02 14:59:43.660,2025-11-20 09:42:49.240
5586,19,1,1322063215,2. МЕТАЛХИДРИД,Вътрешни изделия и детайли,Пълнеж за бутилка,201125/3,1785439929539494839,,,«0000N0000000000,0.0,0.0,0.0,0.0,0.0,0.0,M,L,L,23.932550375032594,0.0,0.0,0,,0.0,0.0,2026-03-13 15:10:18.353,2026-03-13 15:10:18.353
5586,20,1,,Склад,ZIEHL-ABEGG,Вентилатор,42503561/101125,1785439929539494840,,,«0000N0000000000,0.0,0.0,,,0.0,0.0,M,L,L,1725.97,0.0,0.0,0,,0.0,0.0,2025-11-20 14:12:09.740,2025-11-20 14:12:09.740
5586,21,1,1320962481,Склад,М16,Шайба пружинна gvZn М16,120111486/191125,1785439929539494842,,,«0000N0000000000,0.0,0.0,,,0.0,0.0,M,L,L,0.2045167524784874,0.0,0.0,0,,0.0,0.0,2025-11-25 08:12:10.587,2025-11-25 08:12:10.587
5586,22,1,1310759177,"Склад производство, 500kW",ZIEHL-ABEGG,Вентилатор,42503561/101125,1785439929539494841,,,«0000N0000000000,2.0,0.0,,,0.0,0.0,M,L,L,1725.97,0.0,0.0,0,,0.0,0.0,2026-03-04 08:11:02.095,2026-03-04 08:11:02.095
5586,24,1,1320962481,"Склад производство, 500kW",М16,Шайба пружинна gvZn М16,60055380/181125,1785439929539494843,,,«0000N0000000000,100.0,0.0,,,0.0,0.0,M,L,L,0.2045167524784874,0.0,0.0,0,,0.0,0.0,2026-03-04 08:11:02.110,2026-03-04 08:11:02.110
5586,25,1,1320962481,"Склад производство, 500kW",М16,Шайба пружинна gvZn М16,340046105/181125,1785439929539494844,,,«0000N0000000000,21.0,0.0,,,0.0,0.0,M,L,L,0.2045167524784874,0.0,0.0,0,,0.0,0.0,2026-03-04 08:11:02.110,2026-03-04 08:11:02.110
5781,1,1,1331558040,3. ПРОИЗВОДСТВО,Сензори,Датчик за температура,082025,1785439929539496391,,,«0000N0000000000,3.0,0.0,,,0.0,0.0,M,L,L,105.67853,0.0,0.0,0,,0.0,0.0,2026-06-16 13:55:46.566,2026-06-16 13:55:46.566
5781,3,1,1320962481,Склад,Платки - Green Innovation,Кв. резонатор,434394/211125/1,1785439929539494848,,,«0000N0000000000,0.0,0.0,,,0.0,0.0,M,L,L,0.14827464554690334,0.0,0.0,0,,0.0,0.0,2026-01-28 12:39:24.445,2026-01-28 12:39:24.445
5781,4,1,1320962481,Склад,Платки - Green Innovation,Цокъл  М16,434394/211125/2,1785439929539494849,,,«0000N0000000000,0.0,0.0,,,0.0,0.0,M,L,L,0.32211388515361766,0.0,0.0,0,,0.0,0.0,2026-01-28 12:44:20.736,2026-01-28 12:44:20.736
5781,5,1,1320962481,Склад,"Кабелни накрайници, обувки",Съединители 3,434394/211125/3,1785439929539494850,,,«0000N0000000000,0.0,0.0,,,0.0,0.0,M,L,L,0.015338756435886555,0.0,0.0,0,,0.0,0.0,2026-01-28 12:43:17.835,2026-01-28 12:43:17.835
5781,6,1,1320962481,Склад,"Кабелни накрайници, обувки",Съединители 4,434394/211125/4,1785439929539494851,,,«0000N0000000000,0.0,0.0,,,0.0,0.0,M,L,L,0.03067751287177311,0.0,0.0,0,,0.0,0.0,2026-01-28 12:43:25.178,2026-01-28 12:43:25.178
5781,7,1,1320962481,Склад,Кабели - Мрежови,"Кабел пач RJ45 екр. Cat.6 сив 0,5м",1459020722/211125/1,1785439929539494852,,,«0000N0000000000,0.0,0.0,,,0.0,0.0,M,L,L,0.8998737109053445,0.0,0.0,0,,0.0,0.0,2026-03-02 14:59:43.707,2025-11-24 09:41:36.448
5781,8,1,1320962481,Склад,Кабели - Мрежови,"Кабел пач RJ45 екр. Cat.6 сив 1,0м",1459020722/211125/2,1785439929539494853,,,«0000N0000000000,0.0,0.0,,,0.0,0.0,M,L,L,1.0839387881359832,0.0,0.0,0,,0.0,0.0,2025-11-24 09:41:42.046,2025-11-24 09:41:42.046
5781,9,1,1320962481,Склад,2. Консумативи,"Диск рязане ф125х1, прав",81288/211125/1,1785439929539494856,,,«0000N0000000000,0.0,0.0,,,0.0,0.0,M,L,L,1.104390463383832,0.0,0.0,0,,0.0,0.0,2026-01-28 12:54:19.534,2026-01-28 12:54:19.534
5781,10,1,1320962481,"Склад производство, 500kW",Кабели - Мрежови,"Кабел пач RJ45 екр. Cat.6 сив 0,5м",1459020722/211125/1,1785439929539494854,,,«0000N0000000000,10.0,0.0,,,0.0,0.0,M,L,L,0.8998737109053445,0.0,0.0,0,,0.0,0.0,2026-03-04 08:11:02.126,2026-03-04 08:11:02.126
5781,11,1,1320962481,"Склад производство, 500kW",Кабели - Мрежови,"Кабел пач RJ45 екр. Cat.6 сив 1,0м",1459020722/211125/2,1785439929539494855,,,«0000N0000000000,6.0,0.0,,,0.0,0.0,M,L,L,1.0839387881359832,0.0,0.0,0,,0.0,0.0,2026-03-04 08:11:02.141,2026-03-04 08:11:02.141
5781,12,1,1320962481,Склад,Редко,Кабел 1х50mm,81288/211125/2,1785439929539494857,,,«0000N0000000000,0.0,0.0,,,0.0,0.0,M,L,L,7.592684435763844,0.0,0.0,0,,0.0,0.0,2025-11-24 10:15:58.524,2025-11-24 10:15:58.524
5781,13,1,1320962481,Склад,Редко,Кабелна обувка 50х8,81288/211125/3,1785439929539494858,,,«0000N0000000000,0.0,0.0,,,0.0,0.0,M,L,L,1.38048807922979,0.0,0.0,0,,0.0,0.0,2025-11-24 10:15:47.493,2025-11-24 10:15:47.493
5781,14,1,1320962481,Склад,2. Консумативи,"Нитрилни ръкавици, оранжеви, XL",460167323/211125/1,1785439929539494861,,,«0000N0000000000,0.0,0.0,,,0.0,0.0,M,L,L,0.07669378217943278,0.0,0.0,0,,0.0,0.0,2026-01-28 12:54:47.407,2026-01-28 12:54:47.407
5781,15,1,1320962481,"Склад производство, 500kW",Редко,Кабелна обувка 50х8,81288/211125/3,1785439929539494859,,,«0000N0000000000,10.0,0.0,,,0.0,0.0,M,L,L,1.38048807922979,0.0,0.0,0,,0.0,0.0,2026-03-04 08:11:02.173,2026-03-04 08:11:02.173
5781,16,1,1320962481,"Склад производство, 500kW",Редко,Кабел 1х50mm,81288/211125/2,1785439929539494860,,,«0000N0000000000,30.0,0.0,,,0.0,0.0,M,L,L,7.592684435763844,0.0,0.0,0,,0.0,0.0,2026-03-04 08:11:02.157,2026-03-04 08:11:02.157
5781,17,1,1320962481,Склад,2. Консумативи,"Нитрилни ръкавици, оранжеви, XXL",460167323/211125/2,1785439929539494862,,,«0000N0000000000,0.0,0.0,,,0.0,0.0,M,L,L,0.07669378217943278,0.0,0.0,0,,0.0,0.0,2026-01-28 12:54:54.548,2026-01-28 12:54:54.548
5781,18,1,1320962481,"Склад производство, 500kW",М8,Болт с шест.гл. 8.8 vZn М8х20,10524822/311025/6,1785439929539494863,,|1—болт цинк|2—М8х20|5—склад|,«0000N0000000000,14.0,0.0,,,0.0,0.0,M,L,L,0.03609720681245302,0.0,0.0,0,,0.0,0.0,2026-03-02 14:59:43.754,2025-11-24 13:54:57.617
5781,20,1,1320962481,"Склад производство, 500kW",М8,Шайба подложна vZn М8,10527503/071125/3,1785439929539494864,,|1—шайба цинк|2—М8|5—склад|,«0000N0000000000,65.0,0.0,,,0.0,0.0,M,L,L,0.005112918811962185,0.0,0.0,0,,0.0,0.0,2026-03-04 08:11:01.642,2026-03-04 08:11:01.642
5781,22,1,1320962481,"Склад производство, 500kW",М6,Болт с шест.гл. 8.8 vZn М6х25,151025/4,1785439929539494865,,|1—болт цинк|2—М6х25|5—склад|,«0000N0000000000,30.0,0.0,,,0.0,0.0,M,L,L,0.0,0.0,0.0,0,,0.0,0.0,2026-03-02 14:59:43.769,2025-11-24 13:56:02.925
5507,0,1,1320962481,"Склад производство, 500kW",М6,Гайка самоос. 8 vZn М6,241025/23,1785439929539494866,,|1—гайка с уплътнение цинк|2—М6|5—склад|,«0000N0000000000,30.0,0.0,,,0.0,0.0,M,L,L,0.0,0.0,0.0,0,,0.0,0.0,2026-03-02 14:59:43.769,2025-11-24 13:56:20.252
5507,2,1,1320962481,"Склад производство, 500kW",М6,Шайба подложна vZn М6,031025/1,1785439929539494867,,|1—шайба цинк|2—М6|5—склад|,«0000N0000000000,30.0,0.0,,,0.0,0.0,M,L,L,0.0,0.0,0.0,0,,0.0,0.0,2026-03-02 14:59:43.785,2025-11-24 13:56:29.970
5507,3,1,1320962481,"Склад производство, 500kW",Колена на резба,Коляно 90° 304L резба вътрешна 1 1/2“,169835468,1785439929539494868,,,«0000N0000000000,3.0,0.0,,,0.0,0.0,M,L,L,0.5112918811962185,0.0,0.0,0,,0.0,0.0,2026-03-02 14:59:43.785,2025-11-24 13:59:07.714
5507,4,1,1320962481,"Склад производство, 500kW",1.1.1. Части (Електролизьор),Мембрани (Composite Membrane) 1х1м,VMA20250921/141025/2,1785439929539494869,,,«0000N0000000000,100.0,0.0,,,0.0,0.0,M,L,L,111.23279999999998,0.0,0.0,0,,0.0,0.0,2026-03-04 08:11:01.220,2026-03-04 08:11:01.220
5507,6,1,1320962481,"Склад производство, 500kW",М16,Шпилка М16,241025/28,1785439929539494870,,|1—шпилка|2—М16х2000|,«0000N0000000000,8.0,0.0,,,0.0,0.0,M,L,L,8.661284467463942,0.0,0.0,0,,0.0,0.0,2026-03-04 08:11:02.204,2026-03-04 08:11:02.204
5507,7,1,1320962481,"Склад производство, 500kW",1.1.1. Части (Електролизьор),Плочa PP 500x500x20мм,4033/171125,1785439929539494871,,,«0000N0000000000,4.0,0.0,,,0.0,0.0,M,L,L,53.68564752560294,0.0,0.0,0,,0.0,0.0,2026-03-04 08:11:02.220,2026-03-04 08:11:02.220
5507,8,1,1322534971,"Склад производство, 500kW",Сензори,Датчик за температура,082025,1785439929539494872,,,«0000N0000000000,2.0,0.0,,,0.0,0.0,M,L,L,105.67853,0.0,0.0,0,,0.0,0.0,2026-03-18 08:23:35.517,2026-03-04 08:11:01.563
5507,9,1,1320962481,Склад,Светлю Шишков,"Буферен съд 100л, ф500",14752/211125,1785439929539494873,,,«0000N0000000000,0.0,0.0,,,0.0,0.0,M,L,L,532.597413885665,0.0,0.0,0,,0.0,0.0,2025-11-25 08:06:11.087,2025-11-25 08:06:11.087
5507,10,1,1320962481,"Склад 3, 10/30kW",М16,Шайба пружинна gvZn М16,120111486/191125,1785439929539494875,,,«0000N0000000000,0.0,0.0,,,0.0,0.0,M,L,L,0.2045167524784874,0.0,0.0,0,,0.0,0.0,2026-03-02 14:59:43.816,2026-01-28 08:39:42.919
5507,11,1,1320962481,System - 90kW Volkswagen (59),Светлю Шишков,"Буферен съд 100л, ф500",14752/211125,1785439929539494874,,,«0000N0000000000,2.0,0.0,,,0.0,0.0,M,L,L,532.597413885665,0.0,0.0,0,,0.0,0.0,2026-03-02 14:59:43.816,2025-11-25 08:06:11.102
5507,12,1,1317635820,Склад,Апогей,Топлообменник XT,36342/261125,1785439929539494876,,,«0000N0000000000,0.0,0.0,0.0,0.0,0.0,0.0,M,L,L,779.9984599999999,0.0,0.0,0,,0.0,0.0,2026-01-28 08:43:41.979,2026-01-28 08:43:41.979
5507,13,1,1320962481,Склад,Кабели - Захранващи,Кабел 70мм HO7V-K червен,213483/271125/1,1785439929539494877,,,«0000N0000000000,0.0,0.0,,,0.0,0.0,M,L,L,7.996605021908858,0.0,0.0,0,,0.0,0.0,2025-11-27 12:16:46.374,2025-11-27 12:16:46.374
5507,14,1,1320962481,Склад,Кабели - Захранващи,Кабел 70мм HO7V-K черен,213483/271125/2,1785439929539494878,,,«0000N0000000000,0.0,0.0,,,0.0,0.0,M,L,L,7.996605021908858,0.0,0.0,0,,0.0,0.0,2025-11-27 12:16:51.577,2025-11-27 12:16:51.577
5507,15,1,1320962481,Склад,Тилком,"Обувка кабелна мед 70,ф12",213483/271125/3,1785439929539494879,,,«0000N0000000000,0.0,0.0,,,0.0,0.0,M,L,L,1.0839387881359832,0.0,0.0,0,,0.0,0.0,2025-11-27 12:16:56.920,2025-11-27 12:16:56.920
5507,16,1,,Склад,Газ анализ - Фитинги,MALE CONNECTOR 6MM SWA – R 1/8`` - мъжка връзка,271125/1,1785439929539494883,,,«0000N0000000000,0.0,0.0,,,0.0,0.0,M,L,L,11.45,0.0,0.0,0,,0.0,0.0,2026-01-07 14:16:42.363,2026-01-07 14:16:42.363
5507,17,1,1320962481,"Склад производство, 500kW",Кабели - Захранващи,Кабел 70мм HO7V-K червен,213483/271125/1,1785439929539494880,,,«0000N0000000000,100.0,0.0,,,0.0,0.0,M,L,L,7.996605021908858,0.0,0.0,0,,0.0,0.0,2026-03-04 08:11:02.251,2026-03-04 08:11:02.251
5507,18,1,1320962481,"Склад производство, 500kW",Кабели - Захранващи,Кабел 70мм HO7V-K черен,213483/271125/2,1785439929539494881,,,«0000N0000000000,100.0,0.0,,,0.0,0.0,M,L,L,7.996605021908858,0.0,0.0,0,,0.0,0.0,2026-03-04 08:11:02.266,2026-03-04 08:11:02.266
5507,19,1,1320962481,"Склад производство, 500kW",Тилком,"Обувка кабелна мед 70,ф12",213483/271125/3,1785439929539494882,,,«0000N0000000000,50.0,0.0,,,0.0,0.0,M,L,L,1.0839387881359832,0.0,0.0,0,,0.0,0.0,2026-03-04 08:11:02.282,2026-03-04 08:11:02.282
5507,20,1,1320962481,Склад,Нирстрой,"Поцинкована ламарина 2000/1000/1,0",134696/271125,1785439929539494884,,,«0000N0000000000,0.0,0.0,,,0.0,0.0,M,L,L,16.0494521507493,0.0,0.0,0,,0.0,0.0,2025-11-27 14:31:45.260,2025-11-27 14:31:45.260
5507,21,1,1320962481,2. МЕТАЛХИДРИД,Вътрешни изделия и детайли,Табло Металхидрид,281125/1,1785439929539494892,,,«0000N0000000000,0.0,0.0,,,0.0,0.0,M,L,L,6138.682809855662,0.0,0.0,0,,0.0,0.0,2026-03-02 14:59:43.863,2026-03-02 14:45:30.000
5507,22,1,1320962481,"Склад производство, 500kW",Нирстрой,"Поцинкована ламарина 2000/1000/1,0",134696/271125,1785439929539494885,,,«0000N0000000000,0.0,0.0,,,0.0,0.0,M,L,L,16.0494521507493,0.0,0.0,0,,0.0,0.0,2026-03-02 14:59:43.863,2026-01-28 08:36:35.323
5852,0,1,1320962481,Склад,М6,Болт с шест.гл. А2 М6х40,340046315/261125,1785439929539494886,,,«0000N0000000000,0.0,0.0,,,0.0,0.0,M,L,L,0.09203253861531932,0.0,0.0,0,,0.0,0.0,2025-11-27 14:38:41.810,2025-11-27 14:38:41.810
5852,1,1,1322755980,Склад,ИФМ,Намур сензор,39804/251125,1785439929539494888,,,«0000N0000000000,2.0,0.0,,,0.0,0.0,M,L,L,128.364939693123,0.0,0.0,0,,0.0,0.0,2026-06-16 13:44:23.023,2026-06-16 13:44:23.023
5852,2,1,1316164013,System - 90kW Volkswagen (59),М6,Болт с шест.гл. А2 М6х40,340046315/261125,1785439929539494887,,,«0000N0000000000,30.0,0.0,0.0,0.0,0.0,0.0,M,L,L,0.092032,0.0,0.0,0,,0.0,0.0,2026-01-13 15:21:47.090,2025-11-27 14:38:41.825
5852,3,1,1318956547,Склад,2.5.1. Кранове на фланци,Кран седлови на фл. 316 PN40 DN25,10146662/261125,1785439929539494890,,,«0000N0000000000,0.0,0.0,,,0.0,0.0,M,L,L,407.3973709371469,0.0,0.0,0,,0.0,0.0,2026-02-10 13:34:16.687,2025-11-27 15:14:33.846
5852,5,1,1311832383,Склад,5. Устройства,Помпа (Pump MOD. HTM 10 SS316),251413/251125/1,1785439929539494893,,,«0000N0000000000,0.0,0.0,0.0,0.0,0.0,0.0,M,L,L,1347.5,0.0,0.0,0,,0.0,0.0,2026-01-16 15:12:13.212,2026-01-16 15:12:13.212
5852,6,1,1318956547,System - 90kW Volkswagen (59),2.5.1. Кранове на фланци,Кран седлови на фл. 316 PN40 DN25,10146662/261125,1785439929539494891,,,«0000N0000000000,3.0,0.0,,,0.0,0.0,M,L,L,407.3973709371469,0.0,0.0,0,,0.0,0.0,2026-02-10 13:34:16.687,2025-11-27 15:14:33.862
5852,7,1,1311832476,Склад,5. Устройства,"Помпа-мотор (Motor IE3 size 80,1,1kW)",84131900 /251125/2,1785439929539494894,,,«0000N0000000000,0.0,0.0,0.0,0.0,0.0,0.0,M,L,L,196.0,0.0,0.0,0,,0.0,0.0,2026-01-16 15:12:09.085,2026-01-16 15:12:09.085
5852,8,1,1320962481,Склад,М16,Шайба пружинна vZn M16,1200180962/251125,1785439929539494895,,,«0000N0000000000,0.0,0.0,,,0.0,0.0,M,L,L,0.3425655604014664,0.0,0.0,0,,0.0,0.0,2026-01-28 12:57:39.411,2026-01-28 12:57:39.411
5852,9,1,1320962481,Склад,Платки - Green Innovation,Модули,434285/201125,1785439929539494896,,,«0000N0000000000,0.0,0.0,,,0.0,0.0,M,L,L,3.5534785743137185,0.0,0.0,0,,0.0,0.0,2026-01-28 12:41:03.657,2026-01-28 12:41:03.657
5852,10,1,1320962481,Склад,Кабелни Канали,Кабелна обувка без изолация,2730593/011225,1785439929539494897,,,«0000N0000000000,0.0,0.0,,,0.0,0.0,M,L,L,1.0992775445718697,0.0,0.0,0,,0.0,0.0,2026-01-28 12:39:14.930,2026-01-28 12:39:14.930
5852,11,1,1317050532,Склад,7. Кабели,Кабел HO7V-K 25мм жълт/зелен,213597/011225/1,1785439929539494898,,,«0000N0000000000,0.0,0.0,0.0,0.0,0.0,0.0,M,L,L,2.817208,0.0,0.0,0,,0.0,0.0,2026-01-28 12:51:11.829,2026-01-28 12:51:11.829
5852,12,1,1317050516,Склад,Кабели - Захранващи,Кабел 70мм HO7V-K черен,213597/011225/2,1785439929539494899,,,«0000N0000000000,0.0,0.0,0.0,0.0,0.0,0.0,M,L,L,8.291079,0.0,0.0,0,,0.0,0.0,2026-01-22 12:30:09.874,2026-01-22 12:30:09.874
5852,13,1,1317050501,Склад,Кабели - Захранващи,Кабел 70мм HO7V-K червен,213597/011225/3,1785439929539494900,,,«0000N0000000000,0.0,0.0,0.0,0.0,0.0,0.0,M,L,L,8.291079,0.0,0.0,0,,0.0,0.0,2026-01-22 12:30:05.109,2026-01-22 12:30:05.109
5852,14,1,1311858217,System - 90kW Volkswagen (59),1.2.1. Части (Очиска),Демистър 4“ - Гъба (Wire mesh sep. mono circol.),246/141025,1785439929539494901,,,«0000N0000000000,0.0,0.0,,,0.0,0.0,M,L,L,82.00069,0.0,0.0,0,,0.0,0.0,2025-12-04 14:50:42.837,2025-12-04 14:50:42.837
5852,15,1,1317562452,Склад,1.2.1. Части (Очиска),Демистър 4“ - Ос,031225/1,1785439929539494902,,,«0000N0000000000,0.0,0.0,0.0,0.0,0.0,0.0,M,L,L,0.51129,0.0,0.0,0,,0.0,0.0,2026-01-28 12:38:07.388,2026-01-28 12:38:07.388
5852,16,1,1317562432,Склад,1.2.1. Части (Очиска),Демистър 4“ - Кръст,29416/271125/1,1785439929539494903,,,«0000N0000000000,0.0,0.0,0.0,0.0,0.0,0.0,M,L,L,2.351934,0.0,0.0,0,,0.0,0.0,2026-01-28 12:37:56.310,2026-01-28 12:37:56.310
5852,17,1,1316164164,System - 90kW Volkswagen (59),2.1. Тръби,Тръба оребрена 25х2,28082025/8,1785439929539494904,,,«0000N0000000000,0.0,0.0,0.0,0.0,0.0,0.0,M,L,L,48.137952999999996,0.0,0.0,0,,0.0,0.0,2026-01-30 09:20:45.027,2026-01-30 09:20:45.027
5852,18,1,1320962481,Неактивен 2,0. Разни,Разпробита капа,041225/1,1785439929539494906,,|137—13 мин|,«0000N0000000000,0.0,0.0,,,0.0,0.0,M,L,L,20.19091638843867,0.0,0.0,0,,0.0,0.0,2026-03-02 14:59:43.910,2025-12-04 08:34:43.579
5852,19,1,1320962481,Неактивен 2,1.2.1. Части (Очиска),Демистър 4“ - Дъно,041225/2,1785439929539494907,,|137—77 мин|,«0000N0000000000,0.0,0.0,,,0.0,0.0,M,L,L,26.58879350454794,0.0,0.0,0,,0.0,0.0,2026-03-02 14:59:43.910,2025-12-04 08:38:22.913
5852,20,1,1320962481,Неактивен 2,1) Грийн Иновейшън АД,"Вътрешна част(гъба,кръст,ос)",041225/3,1785439929539494908,,|137—20 мин|,«0000N0000000000,0.0,0.0,,,0.0,0.0,M,L,L,86.76111932018631,0.0,0.0,0,,0.0,0.0,2026-03-02 14:59:43.925,2025-12-04 08:38:22.945
5852,22,1,1320962481,0. СКЛАД - ОСНОВЕН,Машини,Ампер клещи Uni-t UT230R,C220357502,1785439929539496158,,|1—Ампер клещи|3—Uni-t|4—UT230R|5—хале|,«0000N0000000000,0.0,0.0,,,0.0,0.0,M,L,L,0.0,0.0,0.0,0,,0.0,0.0,2026-03-02 14:59:43.925,2026-02-16 12:40:58.843
5902,0,1,1320962481,Неактивен 2,0. Разни,Среден фланец с тръба и коляно,041225/4,1785439929539494909,,|137—52 мин|,«0000N0000000000,0.0,0.0,,,0.0,0.0,M,L,L,9.486407305338398,0.0,0.0,0,,0.0,0.0,2026-03-02 14:59:43.925,2025-12-04 08:38:22.929
5902,1,1,1320962481,"Склад производство, 500kW",1.2.2 Съдове (Очиска),Демистър 4“,041225/5,1785439929539494910,,|137—5 часа и 33  мин|,«0000N0000000000,0.0,0.0,,,0.0,0.0,M,L,L,149.42511363462057,0.0,0.0,0,,0.0,0.0,2026-03-02 14:59:43.941,2025-12-04 08:39:44.758
5902,3,1,1318956547,"Склад 3, 10/30kW",2.5.6. Актуатори,Актуатор електрически 24V,PBC875688,1785439929539494912,,,«0000N0000000000,0.0,0.0,,,0.0,0.0,M,L,L,167.7548662204793,0.0,0.0,0,,0.0,0.0,2026-02-10 13:34:16.687,2026-01-28 08:39:42.841
5902,4,1,1316163891,System - 90kW Volkswagen (59),1.2.2 Съдове (Очиска),Демистър 4“,041225/5,1785439929539494911,,|137—5 часа и 33  мин|,«0000N0000000000,4.0,0.0,0.0,0.0,0.0,0.0,M,L,L,149.424564,0.0,0.0,0,,0.0,0.0,2026-03-04 07:52:00.427,2026-03-04 07:52:00.427
5902,5,1,1331559073,0. СКЛАД - ОСНОВЕН,1.3. Металхидрид,Бутилки Металхидрид - Готови,120226/6,1785439929539496396,,|137—5 часа 20 мин|,«0000N0000000000,0.0,0.0,,,0.0,0.0,M,L,L,90.2669,0.0,0.0,0,,0.0,0.0,2026-06-16 14:10:39.592,2026-06-16 14:10:34.964
5902,7,1,1331559048,0. СКЛАД - ОСНОВЕН,1.3. Металхидрид,Бутилки Металхидрид - Готови,130326/16,1785439929539496397,,|137—5 часа 20 мин|,«0000N0000000000,0.0,0.0,,,0.0,0.0,M,L,L,90.2669,0.0,0.0,0,,0.0,0.0,2026-06-16 14:10:34.917,2026-06-16 14:10:34.917
5902,10,1,1316462590,Склад,2.5.6. Актуатори,Актуатор електрически 24V,PBC912241,1785439929539494917,,,«0000N0000000000,0.0,0.0,0.0,0.0,0.0,0.0,M,L,L,167.754249,0.0,0.0,0,,0.0,0.0,2026-01-16 15:09:11.200,2026-01-16 15:09:11.200
5902,11,1,1316462594,Склад,2.5.6. Актуатори,Актуатор електрически 24V,PBC912242,1785439929539494918,,,«0000N0000000000,0.0,0.0,0.0,0.0,0.0,0.0,M,L,L,167.754249,0.0,0.0,0,,0.0,0.0,2026-01-16 15:09:12.594,2026-01-16 15:09:12.594
5902,12,1,1316462602,Склад,2.5.6. Актуатори,Актуатор електрически 24V,PBC912244,1785439929539494919,,,«0000N0000000000,0.0,0.0,0.0,0.0,0.0,0.0,M,L,L,167.754249,0.0,0.0,0,,0.0,0.0,2026-01-16 15:09:15.386,2026-01-16 15:09:15.386
5902,13,1,1316462598,Склад,2.5.6. Актуатори,Актуатор електрически 24V,PBC912243,1785439929539494920,,,«0000N0000000000,0.0,0.0,0.0,0.0,0.0,0.0,M,L,L,167.754249,0.0,0.0,0,,0.0,0.0,2026-01-16 15:09:14.023,2026-01-16 15:09:14.023
5902,15,1,1320962481,Склад,2.5.3. Кранове на резба,Кран сфер. на рез. 316L DN15,265835/031225/1,1785439929539494921,,|1—сферичен кран с резба|2—1/2 - DN15|5—склад|,«0000N0000000000,0.0,0.0,,,0.0,0.0,M,L,L,33.37713400448914,0.0,0.0,0,,0.0,0.0,2026-01-28 12:57:04.413,2026-01-28 12:57:04.413
5902,16,1,1320962481,Склад,Контактори,"Контактор 22kW/50A, AC-3, 230V AC размер 2",181225/3,1785439929539495004,,|1—контактор|2—22KW|5—склад|,«0000N0000000000,0.0,0.0,,,0.0,0.0,M,L,L,0.0,0.0,0.0,0,,0.0,0.0,2026-01-28 10:14:29.548,2026-01-28 10:14:29.548
5902,17,1,1331636296,Склад,2.5.3. Кранове на резба,Кран сфер. на рез. 316L PN64 DN15,265835/031225/2,1785439929539494922,,|1—кран за задвижка|2—1/2 - DN15|5—склад|,«0000N0000000000,0.0,0.0,0.0,0.0,0.0,0.0,M,L,L,56.4977528721821,0.0,0.0,0,,0.0,0.0,2026-06-17 08:42:40.400,2026-01-28 12:56:45.227
5902,18,1,1320962481,Склад,3. Инструменти,Преходник,265835/031225/3,1785439929539494923,,,«0000N0000000000,0.0,0.0,,,0.0,0.0,M,L,L,2.126974225776269,0.0,0.0,0,,0.0,0.0,2026-01-28 12:42:26.057,2026-01-28 12:42:26.057
5902,19,1,1320962481,Склад,М5,Болт М5х12,265835/031225/4,1785439929539494924,,,«0000N0000000000,0.0,0.0,,,0.0,0.0,M,L,L,0.09203253861531932,0.0,0.0,0,,0.0,0.0,2026-01-28 12:38:34.151,2026-01-28 12:38:34.151
5902,20,1,1318855470,Склад,2.8. Маркучи,"Шлаух полиамид бял 15/12,5",265835/031225/5,1785439929539494925,,,«0000N0000000000,0.0,0.0,,,0.0,0.0,M,L,L,2.70984697033996,0.0,0.0,0,,0.0,0.0,2026-01-28 12:55:59.246,2026-01-28 12:55:59.246
5902,21,1,1320962481,"Склад 3, 10/30kW",2.5.3. Кранове на резба,Кран сфер. на рез. 316L DN15,261920/240925,1785439929539494929,,|1—сферичен кран с резба|2—1/2 - DN15|5—склад|,«0000N0000000000,0.0,0.0,,,0.0,0.0,M,L,L,40.05460597291176,0.0,0.0,0,,0.0,0.0,2026-03-02 14:59:43.988,2026-01-28 08:39:43.029
5902,23,1,1320962481,"Склад 3, 10/30kW",2.8. Маркучи,"Шлаух полиамид бял 15/12,5",261509/150925,1785439929539494926,,,«0000N0000000000,0.0,0.0,,,0.0,0.0,M,L,L,3.25181636440795,0.0,0.0,0,,0.0,0.0,2026-03-02 14:59:44.004,2026-01-28 08:39:42.982
5902,25,1,1320962481,"Склад 3, 10/30kW",2.8. Маркучи,"Шлаух полиамид бял 15/12,5",261121/050925,1785439929539494927,,,«0000N0000000000,0.0,0.0,,,0.0,0.0,M,L,L,3.2542705654376913,0.0,0.0,0,,0.0,0.0,2026-03-02 14:59:44.004,2026-01-28 08:39:42.966
5931,0,1,1320962481,"Склад 3, 10/30kW",2.8. Маркучи,"Шлаух полиамид бял 15/12,5",261508/150925,1785439929539494928,,,«0000N0000000000,0.0,0.0,,,0.0,0.0,M,L,L,3.25181636440795,0.0,0.0,0,,0.0,0.0,2026-03-02 14:59:44.004,2026-01-28 08:39:42.982
5931,1,1,1320962481,"Склад 3, 10/30kW",3. Инструменти,Преходник,263403/211025/2,1785439929539494930,,,«0000N0000000000,0.0,0.0,,,0.0,0.0,M,L,L,2.126974225776269,0.0,0.0,0,,0.0,0.0,2026-03-02 14:59:44.019,2026-01-28 08:39:42.951
5931,2,1,1320962481,Склад,Други (Електроника),Щекер  (LD),041225/7,1785439929539494931,,|1—щекер|2—без опаковка|5—склад|,«0000N0000000000,0.0,0.0,0.0,0.0,0.0,0.0,M,L,L,1.5850048317082774,0.0,0.0,0,,0.0,0.0,2026-03-02 14:59:44.019,2025-12-18 11:01:23.651
5931,4,1,1322755980,Склад,Други (Електроника),Бобина прав ток 12W,041225/8,1785439929539494932,,|1—прав ток|2—12W|5—склад|,«0000N0000000000,4.0,0.0,,,0.0,0.0,M,L,L,12.6902644912901,0.0,0.0,0,,0.0,0.0,2026-06-16 13:44:22.944,2026-06-16 13:44:22.944
5931,6,1,1322755980,Склад,Други (Електроника),Бобина прав ток 12W,265836/031225/1,1785439929539494933,,|1—прав ток|2—12W|5—склад|,«0000N0000000000,2.0,0.0,,,0.0,0.0,M,L,L,12.6902644912901,0.0,0.0,0,,0.0,0.0,2026-06-16 13:44:22.948,2026-06-16 13:44:22.948
5931,8,1,1316433400,Склад,Други (Електроника),Щекер  (LD),265836/031225/2,1785439929539494934,,|1—щекер|2—без опаковка|5—склад|,«0000N0000000000,6.0,0.0,0.0,0.0,0.0,0.0,M,L,L,1.59,0.0,0.0,0,,0.0,0.0,2026-06-16 13:44:22.844,2026-06-16 13:44:22.844
5931,9,1,1316433400,Склад,2.5.4. Вентили,Магнетвентил 1“,265836/031225/3,1785439929539494935,,,«0000N0000000000,0.0,0.0,,,0.0,0.0,M,L,L,191.66,0.0,0.0,0,,0.0,0.0,2026-01-16 07:54:51.152,2026-01-16 07:54:51.152
5931,10,1,1320962481,Склад,Хим - спектър,Банка реактивна градуирана,26765/171125/1,1785439929539494936,,,«0000N0000000000,0.0,0.0,,,0.0,0.0,M,L,L,5.752033663457458,0.0,0.0,0,,0.0,0.0,2025-12-04 13:39:04.759,2025-12-04 13:39:04.759
5931,11,1,1320962481,Склад,Хим - спектър,Контейнер за проби 100мл.,26765/171125/2,1785439929539494937,,,«0000N0000000000,0.0,0.0,,,0.0,0.0,M,L,L,0.25564594059810924,0.0,0.0,0,,0.0,0.0,2025-12-04 13:38:58.489,2025-12-04 13:38:58.489
5931,12,1,1320962481,"Склад производство, 500kW",Хим - спектър,Банка реактивна градуирана,26765/171125/1,1785439929539494941,,,«0000N0000000000,8.0,0.0,,,0.0,0.0,M,L,L,5.752033663457458,0.0,0.0,0,,0.0,0.0,2026-03-04 08:11:02.298,2026-03-04 08:11:02.298
5931,13,1,1331559074,0. СКЛАД - ОСНОВЕН,1.3. Металхидрид,Бутилки Металхидрид - Готови,271025/fpb,1785439929539496398,,,«0000N0000000000,0.0,0.0,,,0.0,0.0,M,L,L,94.617169191171,0.0,0.0,0,,0.0,0.0,2026-06-16 14:10:39.878,2026-06-16 14:10:34.816
5931,14,1,1320962481,"Склад производство, 500kW",Хим - спектър,Контейнер за проби 100мл.,26765/171125/2,1785439929539494940,,,«0000N0000000000,10.0,0.0,,,0.0,0.0,M,L,L,0.25564594059810924,0.0,0.0,0,,0.0,0.0,2026-03-04 08:11:02.298,2026-03-04 08:11:02.298
5931,15,1,1331559073,0. СКЛАД - ОСНОВЕН,1.3. Металхидрид,Бутилки Металхидрид - Готови,301025/fpb,1785439929539496399,,,«0000N0000000000,0.0,0.0,,,0.0,0.0,M,L,L,90.2669,0.0,0.0,0,,0.0,0.0,2026-06-16 14:10:39.592,2026-06-16 14:10:34.868
5931,16,1,1320962481,System - 10kW Italy,М16,Шайба пружинна vZn M16,1200180962/251125,1785439929539494942,,,«0000N0000000000,20.0,0.0,,,0.0,0.0,M,L,L,0.3425655604014664,0.0,0.0,0,,0.0,0.0,2026-03-02 14:59:44.066,2025-12-04 14:55:52.738
5931,17,1,1320962481,"Склад 3, 10/30kW",3. Консумативи,Калиева основа,124421/031225,1785439929539494943,,,«0000N0000000000,500.0,0.0,,,0.0,0.0,M,L,L,2.76097615845958,0.0,0.0,0,,0.0,0.0,2025-12-05 07:45:12.320,2025-12-05 07:45:12.320
5931,18,1,1320962481,"Склад производство, 500kW",3. Метални Елементи,"Профилна тръба ЕЗ 30х30х1,5",134758/011225,1785439929539494944,,,«0000N0000000000,0.0,0.0,,,0.0,0.0,M,L,L,2.5840691675656884,0.0,0.0,0,,0.0,0.0,2025-12-05 12:15:43.933,2025-12-05 12:15:43.933
5931,20,1,1320962482,System - 90kW Volkswagen (59),3. Метални Елементи,"Профилна тръба ЕЗ 30х30х1,5",134758/011225,1785439929539494945,,,«0000N0000000000,12.0,0.0,,,0.0,0.0,M,L,L,2.5840691675656884,0.0,0.0,0,,0.0,0.0,2026-03-02 14:59:44.082,2025-12-05 12:15:43.949
6081,0,1,1320962482,System - 90kW Volkswagen (59),М8,Болт с шест.гл. 8.8 vZn М8х35,10527503/071125/2,1785439929539494949,,,«0000N0000000000,0.0,0.0,,,0.0,0.0,M,L,L,0.04601626930765966,0.0,0.0,0,,0.0,0.0,2026-03-02 14:59:44.097,2025-12-08 12:17:08.328
6081,1,1,1320962482,System - 90kW Volkswagen (59),М8,Болт с шест.гл. 8.8 vZn М8х16,241025/26,1785439929539494950,,|1—болт цинк|2—М8х16|5—склад|,«0000N0000000000,0.0,0.0,,,0.0,0.0,M,L,L,0.0,0.0,0.0,0,,0.0,0.0,2026-03-02 14:59:44.097,2025-12-08 12:16:50.079
6081,2,1,1320962482,System - 90kW Volkswagen (59),М8,Шайба пружинна vZn М8,201025/6,1785439929539494951,,|1—федер шайба цинк|2—М8|5—склад|,«0000N0000000000,38.0,0.0,,,0.0,0.0,M,L,L,0.0,0.0,0.0,0,,0.0,0.0,2026-03-02 14:59:44.113,2026-02-03 10:54:19.737
6081,3,1,1318242035,System - 90kW Volkswagen (59),М8,Гайка шест. 8 vZn М8,12345,1785439929539494952,,|1—гайка цинк|2—М8|5—склад|,«0000N0000000000,91.0,0.0,,,0.0,0.0,M,L,L,0.01,0.0,0.0,0,,0.0,0.0,2026-02-03 10:53:39.443,2026-02-03 10:53:39.443
6081,5,1,1316164032,System - 90kW Volkswagen (59),М8,Шайба подложна vZn М8,10527503/071125/3,1785439929539494953,,|1—шайба цинк|2—М8|5—склад|,«0000N0000000000,108.0,0.0,0.0,0.0,0.0,0.0,M,L,L,0.0051129999999999995,0.0,0.0,0,,0.0,0.0,2026-02-03 10:53:57.207,2026-02-03 10:53:57.207
6081,6,1,1320962482,Склад,Платки - Green Innovation, IRM-03-12 захранващо устройство,661/181125/1,1785439929539494955,,,«0000N0000000000,0.0,0.0,,,0.0,0.0,M,L,L,4.4738039604669115,0.0,0.0,0,,0.0,0.0,2026-01-28 12:38:22.558,2026-01-28 12:38:22.558
6081,7,1,1320962482,"Склад производство, 500kW",М8,Болт с шест.гл. 8.8 vZn М8х35,10527503/071125/2,1785439929539494954,,,«0000N0000000000,4.0,0.0,,,0.0,0.0,M,L,L,0.04601626930765966,0.0,0.0,0,,0.0,0.0,2026-03-04 08:11:02.345,2026-03-04 08:11:02.345
6081,9,1,1317645309,Склад,Унител,захранване за DIN шина SDR-120-24 24V/5A,661/181125/2,1785439929539494956,,|1—захранване за DIN шина|2—24V/5A|5—склад|,«0000N0000000000,0.0,0.0,0.0,0.0,0.0,0.0,M,L,L,44.87,0.0,0.0,0,,0.0,0.0,2026-01-28 10:52:27.121,2026-01-28 10:52:27.121
6081,10,1,1320962482,Склад,Платки - Green Innovation,"Захранващо устройство, SDR-240-24",661/181125/3,1785439929539494957,,,«0000N0000000000,0.0,0.0,,,0.0,0.0,M,L,L,92.03253861531933,0.0,0.0,0,,0.0,0.0,2026-01-28 12:44:29.220,2026-01-28 12:44:29.220
6081,11,1,1320962482,Склад,"Кабелни накрайници, обувки",Конектори cat.7a,19931/031225,1785439929539494958,,,«0000N0000000000,0.0,0.0,,,0.0,0.0,M,L,L,0.3885818297091261,0.0,0.0,0,,0.0,0.0,2026-01-28 12:40:39.814,2026-01-28 12:40:39.814
6081,12,1,1316458537,Склад,М16,Шайба пружинна DIN2093 М16,14798/041225,1785439929539494959,,,«0000N0000000000,0.0,0.0,0.0,0.0,0.0,0.0,M,L,L,0.245419,0.0,0.0,0,,0.0,0.0,2026-01-16 14:38:34.440,2026-01-16 14:38:34.440
6081,13,1,1320962482,System - 10kW Italy,Фитинги - Щуцер на резба,Щуцер за маркуч 304 1/4“,090925/6,1785439929539494960,,,«0000N0000000000,8.0,0.0,,,0.0,0.0,M,L,L,0.5112918811962185,0.0,0.0,0,,0.0,0.0,2026-03-02 14:59:44.128,2026-01-14 13:40:29.200
6081,15,1,1320962482,System - 10kW Italy,Тройници на резба,Тройник 316L резба вътрешна 1/4“,031125,1785439929539494961,,|1—тройник вътр. резба|2—1/4`|5—склад|,«0000N0000000000,2.0,0.0,,,0.0,0.0,M,L,L,0.0,0.0,0.0,0,,0.0,0.0,2026-03-02 14:59:44.144,2025-12-10 09:09:51.139
6081,16,1,1322755980,System - 10kW Italy,Други (Електроника),Бобина прав ток 12W,041225/8,1785439929539494962,,|1—прав ток|2—12W|5—склад|,«0000N0000000000,2.0,0.0,,,0.0,0.0,M,L,L,12.6902644912901,0.0,0.0,0,,0.0,0.0,2026-06-16 13:44:22.937,2026-06-16 13:44:22.937
6081,17,1,1320962482,System - 10kW Italy,Други (Електроника),Ф2.5 21L2K1T25 R42,12345,1785439929539494963,,|1—Ф2.5|2—R42|5—склад|,«0000N0000000000,8.0,0.0,,,0.0,0.0,M,L,L,0.0,0.0,0.0,0,,0.0,0.0,2026-03-02 14:59:44.144,2026-01-16 07:56:02.968
6081,18,1,1320962482,System - 10kW Italy,Тройници на резба,Тройник 316L резба вътрешна 1/2“,07082025,1785439929539494964,,|1—тройник вътр. резба|2—1/2`|,«0000N0000000000,3.0,0.0,,,0.0,0.0,M,L,L,2.325355475680402,0.0,0.0,0,,0.0,0.0,2026-03-02 14:59:44.160,2025-12-10 09:58:04.589
6081,19,1,1320962482,System - 10kW Italy,Холендри на резба,Холендър 316L резба М/Ж PTFE 150LBS 1/2“,10143120/27082025/3,1785439929539494965,,,«0000N0000000000,2.0,0.0,,,0.0,0.0,M,L,L,11.054130471462244,0.0,0.0,0,,0.0,0.0,2026-03-02 14:59:44.160,2025-12-10 09:15:05.011
6081,21,1,1320962482,Склад,Външна резба,Нипел намалител 316L 150LBS 1/2“х1/4“,101225/1,1785439929539494966,,|1—нипел намалител|2—1/2х1/4|5—склад|,«0000N0000000000,0.0,0.0,0.0,0.0,0.0,0.0,M,L,L,0.0,0.0,0.0,0,,0.0,0.0,2026-03-02 14:59:44.160,2026-01-27 14:12:30.292
6081,23,1,1320962482,System - 10kW Italy,Външна резба,Нипел намалител 316L 150LBS 1/2“х1/4“,101225/1,1785439929539494967,,|1—нипел намалител|2—1/2х1/4|5—склад|,«0000N0000000000,5.0,0.0,,,0.0,0.0,M,L,L,0.0,0.0,0.0,0,,0.0,0.0,2026-03-02 14:59:44.175,2026-01-28 14:03:31.460
6081,25,1,1320962482,Склад,Нипели на резба,Нипел шест. 316L резба 150LBS 1/4“,101225/2,1785439929539494968,,|1—нипел шестостен|2—1/4`|5—склад|,«0000N0000000000,0.0,0.0,0.0,0.0,0.0,0.0,M,L,L,0.0,0.0,0.0,0,,0.0,0.0,2026-03-02 14:59:44.175,2025-12-18 14:15:35.097
6090,0,1,1320962482,System - 10kW Italy,Нипели на резба,Нипел шест. 316L резба 150LBS 1/4“,101225/2,1785439929539494969,,|1—нипел шестостен|2—1/4`|5—склад|,«0000N0000000000,4.0,0.0,,,0.0,0.0,M,L,L,0.0,0.0,0.0,0,,0.0,0.0,2026-03-02 14:59:44.175,2025-12-10 09:18:00.144
6090,1,1,1320962482,System - 10kW Italy,Тапи на резба,Тапа 304L резба 1/2``,16584381,1785439929539494970,,,«0000N0000000000,4.0,0.0,,,0.0,0.0,M,L,L,0.690244039614895,0.0,0.0,0,,0.0,0.0,2026-03-02 14:59:44.191,2025-12-10 09:18:50.348
6090,3,1,1320962482,Склад,Фитинги - Щуцер на резба,Връзка ъглова 1500  8/6“х1/4“,101225/3,1785439929539494971,,|1—ъглова връзка|2—8/6х1/4|5—склад|,«0000N0000000000,0.0,0.0,0.0,0.0,0.0,0.0,M,L,L,1.5338756435886554,0.0,0.0,0,,0.0,0.0,2026-03-02 14:59:44.191,2026-01-28 13:06:36.258
6090,5,1,1320962482,System - 10kW Italy,Фитинги - Щуцер на резба,Връзка ъглова 1500  8/6“х1/4“,101225/3,1785439929539494972,,|1—ъглова връзка|2—8/6х1/4|5—склад|,«0000N0000000000,4.0,0.0,,,0.0,0.0,M,L,L,0.0,0.0,0.0,0,,0.0,0.0,2026-03-02 14:59:44.191,2025-12-10 09:20:04.396
6090,8,1,,Склад,2.5.1. Кранове на фланци,Кран сфер. на фл. трипътен 316L (Акт) 1“,84818099/2/101225,1785439929539494977,,,«0000N0000000000,0.0,0.0,,,0.0,0.0,M,L,L,485.2,0.0,0.0,0,,0.0,0.0,2026-01-16 10:23:11.095,2026-01-16 10:23:11.095
6090,9,1,1317632240,Склад,2.5.6. Актуатори,Актуатор (Electric act. GE-15 24/240V),85439000/101225,1785439929539494978,,,«0000N0000000000,0.0,0.0,0.0,0.0,0.0,0.0,M,L,L,309.93,0.0,0.0,0,,0.0,0.0,2026-01-28 12:56:31.478,2026-01-28 12:56:31.478
6090,10,1,1320962482,Склад,Патлиджански,"Стойка 1, 1.5мм",29512/101225/1,1785439929539494979,,,«0000N0000000000,0.0,0.0,,,0.0,0.0,M,L,L,84.51654796173491,0.0,0.0,0,,0.0,0.0,2025-12-11 10:49:57.830,2025-12-11 10:49:57.830
6090,11,1,1320962482,Склад,Патлиджански,"Стойка 2, 3мм инокс",29512/101225/2,1785439929539494980,,,«0000N0000000000,0.0,0.0,,,0.0,0.0,M,L,L,57.33627155734394,0.0,0.0,0,,0.0,0.0,2025-12-11 10:50:01.658,2025-12-11 10:50:01.658
6090,12,1,1320962482,Склад,Нипели на резба,Нипел шест. 304L резба 150LBS 1/2“,10147297/101225,1785439929539494981,,,«0000N0000000000,0.0,0.0,,,0.0,0.0,M,L,L,0.9203253861531933,0.0,0.0,0,,0.0,0.0,2026-01-27 14:13:51.637,2026-01-27 14:13:51.637
6090,13,1,1320962482,Склад,Шрак техник ЕООД,"Кабелен накрайник 6мм 0,34мм",1459022054/101225,1785439929539494982,,,«0000N0000000000,0.0,0.0,,,0.0,0.0,M,L,L,0.015338756435886555,0.0,0.0,0,,0.0,0.0,2026-01-28 12:51:35.655,2026-01-28 12:51:35.655
6090,14,1,1312930214,System - 90kW Volkswagen (59),5. Устройства,"Помпа-мотор (Motor IE3 size 80,1,1kW)",1/862/100925,1785439929539494986,,,«0000N0000000000,2.0,0.0,,,0.0,0.0,M,L,L,196.0,0.0,0.0,0,,0.0,0.0,2025-12-12 07:15:04.761,2025-12-12 07:15:04.761
6090,15,1,1320962482,"Склад производство, 500kW",Шрак техник ЕООД,"Кабелен накрайник 6мм 0,34мм",1459022054/101225,1785439929539494983,,,«0000N0000000000,500.0,0.0,,,0.0,0.0,M,L,L,0.015338756435886555,0.0,0.0,0,,0.0,0.0,2026-03-02 14:59:44.222,2025-12-11 10:49:10.209
6090,16,1,1320962482,"Склад производство, 500kW",Патлиджански,"Стойка 1, 1.5мм",29512/101225/1,1785439929539494984,,,«0000N0000000000,1.0,0.0,,,0.0,0.0,M,L,L,84.51654796173491,0.0,0.0,0,,0.0,0.0,2026-03-04 08:11:02.360,2026-03-04 08:11:02.360
6090,17,1,1320962482,"Склад производство, 500kW",Патлиджански,"Стойка 2, 3мм инокс",29512/101225/2,1785439929539494985,,,«0000N0000000000,1.0,0.0,,,0.0,0.0,M,L,L,57.33627155734394,0.0,0.0,0,,0.0,0.0,2026-03-04 08:11:02.376,2026-03-04 08:11:02.376
6090,18,1,1312930219,System - 90kW Volkswagen (59),5. Устройства,Помпа (Pump MOD. HTM 10 SS316),251090/1,1785439929539494987,,,«0000N0000000000,1.0,0.0,,,0.0,0.0,M,L,L,1347.5,0.0,0.0,0,,0.0,0.0,2025-12-12 07:15:09.589,2025-12-12 07:15:09.589
6090,19,1,1312930222,System - 90kW Volkswagen (59),5. Устройства,Помпа (Pump MOD. HTM 10 SS316),251090/2,1785439929539494988,,,«0000N0000000000,1.0,0.0,,,0.0,0.0,M,L,L,1347.5,0.0,0.0,0,,0.0,0.0,2025-12-12 07:15:11.917,2025-12-12 07:15:11.917
6090,20,1,1320962482,"Склад производство, 500kW",Платки - Green Innovation,"Захранващо устройство, SDR-240-24",661/181125/3,1785439929539494989,,,«0000N0000000000,1.0,0.0,,,0.0,0.0,M,L,L,92.03253861531933,0.0,0.0,0,,0.0,0.0,2026-03-04 08:11:02.391,2026-03-04 08:11:02.391
6090,21,1,1318956547,"Склад производство, 500kW",Сензори,Сензор за газ H2 GS-220,25070100119,1785439929539494990,,,«0000N0000000000,1.0,0.0,,,0.0,0.0,M,L,L,177.31602439884858,0.0,0.0,0,,0.0,0.0,2026-03-04 08:11:02.407,2026-03-04 08:11:02.407
6090,22,1,1321956528,"Склад производство, 500kW",Други (Електроника),Управление за сензор за газ GA-220,213814/130825,1785439929539494991,,,«0000N0000000000,1.0,0.0,,,0.0,0.0,M,L,L,138.201687,0.0,0.0,0,,0.0,0.0,2026-03-12 13:34:00.197,2026-03-04 08:11:02.423
6090,23,1,,Склад,Кабели - Захранващи,Кабел захранващ (Angled cabel socket),2250493/281125/1,1785439929539494992,,,«0000N0000000000,0.0,0.0,,,0.0,0.0,M,L,L,13.7,0.0,0.0,0,,0.0,0.0,2026-01-28 08:21:52.873,2026-01-28 08:21:52.873
6083,0,1,,Склад,Сензори,Нивомер (RFLS-35Xi high frequency level sensor),2250493/281125/2,1785439929539494993,,,«0000N0000000000,0.0,0.0,,,0.0,0.0,M,L,L,186.8,0.0,0.0,0,,0.0,0.0,2026-01-28 08:22:29.171,2026-01-28 08:22:29.171
6083,1,1,1320962482,Склад,Сензори,Дебитомер SM 9500,39889/021225,1785439929539494994,,,«0000N0000000000,0.0,0.0,,,0.0,0.0,M,L,L,540.435518424403,0.0,0.0,0,,0.0,0.0,2025-12-15 08:13:49.488,2025-12-15 08:13:49.488
6083,2,1,1317562385,Склад,1.1.1. Части (Електролизьор),Плочa PP 500x500x20мм,4046/121225,1785439929539494996,,,«0000N0000000000,0.0,0.0,0.0,0.0,0.0,0.0,M,L,L,53.685449999999996,0.0,0.0,0,,0.0,0.0,2026-01-28 12:45:08.717,2026-01-28 12:45:08.717
6083,3,1,1316164135,System - 90kW Volkswagen (59),Сензори,Дебитомер SM 9500,39889/021225,1785439929539494995,,,«0000N0000000000,2.0,0.0,0.0,0.0,0.0,0.0,M,L,L,540.43353,0.0,0.0,0,,0.0,0.0,2026-01-13 15:23:33.266,2025-12-15 08:13:49.504
6083,4,1,1320962482,Склад,Контактори,"Контактор 4kW/9A, AC-3, 1NO, 230V AC размер 0",181225/4,1785439929539495005,,|1—контактор|2—4KW|5—склад|,«0000N0000000000,0.0,0.0,,,0.0,0.0,M,L,L,0.0,0.0,0.0,0,,0.0,0.0,2026-01-28 10:14:11.409,2026-01-28 10:14:11.409
6083,5,1,1320962482,Склад,Контактори,"Контактор 30kW/65A, AC-3, 230V AC размер 2",181225/5,1785439929539495006,,,«0000N0000000000,0.0,0.0,,,0.0,0.0,M,L,L,73.04724848274134,0.0,0.0,0,,0.0,0.0,2026-01-28 09:55:40.815,2026-01-28 09:55:40.815
6083,6,1,1320962482,Склад,"Прекъсвачи, Предпазители",Прекъсвач (C63/3),181225/6,1785439929539495007,,|1—прекъсвач|5—склад|,«0000N0000000000,0.0,0.0,,,0.0,0.0,M,L,L,0.0,0.0,0.0,0,,0.0,0.0,2026-01-28 10:15:55.074,2026-01-28 10:15:55.074
6083,8,1,1317059281,Склад,"Прекъсвачи, Предпазители",Прекъсвач (С10/3),181225/7,1785439929539495008,,|1—прекъсвач|5—склад|,«0000N0000000000,0.0,0.0,0.0,0.0,0.0,0.0,M,L,L,8.69193,0.0,0.0,0,,0.0,0.0,2026-01-22 14:14:08.749,2026-01-22 14:14:08.749
6083,10,1,1320962482,Склад,Колена на резба,Коляно 90° 304L резба М/Ж 1/2“,181225/8,1785439929539495009,,,«0000N0000000000,0.0,0.0,,,0.0,0.0,M,L,L,0.5112918811962185,0.0,0.0,0,,0.0,0.0,2026-01-27 14:10:07.055,2026-01-27 14:10:07.055
6083,11,1,1320962482,Склад,Капи на резба,Капа 316L резба 1/4“,181225/9,1785439929539495010,,|1—капа|2—1/4`|5—склад|,«0000N0000000000,0.0,0.0,,,0.0,0.0,M,L,L,0.0,0.0,0.0,0,,0.0,0.0,2026-01-27 14:07:30.287,2026-01-27 14:07:30.287
6083,13,1,1320962482,Склад,Капи на резба,Капа 316L резба 1/2“,181225/10,1785439929539495011,,|1—капа|2—1/2`|5—склад|,«0000N0000000000,0.0,0.0,,,0.0,0.0,M,L,L,0.0,0.0,0.0,0,,0.0,0.0,2026-01-27 14:07:40.103,2026-01-27 14:07:40.103
6083,15,1,1320962482,Склад,Колена на резба,Коляно 45° 316L резба вътрешна 150LBS 1/2“,181225/11,1785439929539495012,,|1—коляно 45гр. вътр. резба|2—1/2`|5—склад|,«0000N0000000000,0.0,0.0,,,0.0,0.0,M,L,L,0.0,0.0,0.0,0,,0.0,0.0,2026-01-27 14:07:46.918,2026-01-27 14:07:46.918
6083,17,1,1317463257,Склад,Колена на резба,Коляно 90° 316L резба М/Ж 1/4“,181225/12,1785439929539495013,,|1—коляно 90гр. вътр./вън. резба|2—1/4`|5—склад|,«0000N0000000000,0.0,0.0,0.0,0.0,0.0,0.0,M,L,L,0.0,0.0,0.0,0,,0.0,0.0,2026-01-27 14:11:00.624,2026-01-27 14:11:00.624
6083,19,1,1320962482,Склад,Кръстове на резба,Кръст 316L резба 1“,181225/13,1785439929539495014,,|1—кръст|2—1`|5—склад|,«0000N0000000000,0.0,0.0,,,0.0,0.0,M,L,L,0.0,0.0,0.0,0,,0.0,0.0,2026-01-27 14:11:24.528,2026-01-27 14:11:24.528
6083,20,1,1320962482,Склад,2. Консумативи,Гумена защитна лента за ръб 1-4мм.,100813/171225,1785439929539495016,,,«0000N0000000000,0.0,0.0,,,0.0,0.0,M,L,L,1.4571818614092227,0.0,0.0,0,,0.0,0.0,2025-12-18 12:19:16.856,2025-12-18 12:19:16.856
6083,21,1,1316451267,Склад,Муфи на резба,Муфа 316L резба 150LBS 1/4“,181225/14,1785439929539495015,,|1—муфа вътр. резба|2—1/4`|5—склад|,«0000N0000000000,0.0,0.0,0.0,0.0,0.0,0.0,M,L,L,0.7669349999999999,0.0,0.0,0,,0.0,0.0,2026-01-16 12:21:29.346,2026-01-16 12:21:29.346
6083,23,1,1320962482,Склад,Вътрешна резба,Преход 316L резба вътрешна 150LBS 1“х1/2“,181225/17,1785439929539495019,,|1—муфа намалител|2—1х1/2|5—склад|,«0000N0000000000,0.0,0.0,,,0.0,0.0,M,L,L,0.0,0.0,0.0,0,,0.0,0.0,2026-01-27 14:12:07.263,2026-01-27 14:12:07.263
6083,24,1,1320962482,System - 90kW Volkswagen (59),2. Консумативи,Гумена защитна лента за ръб 1-4мм.,100813/171225,1785439929539495017,,,«0000N0000000000,10.0,0.0,,,0.0,0.0,M,L,L,1.4571818614092227,0.0,0.0,0,,0.0,0.0,2026-03-02 14:59:44.300,2025-12-18 12:19:16.871
6083,25,1,1320962482,Склад,Вътрешна резба,Преход 316L резба вътрешна 150LBS 1/2“х1/4“,181225/16,1785439929539495018,,|1—муфа намалител|2—1/2х1/4|5—склад|,«0000N0000000000,0.0,0.0,0.0,0.0,0.0,0.0,M,L,L,0.0,0.0,0.0,0,,0.0,0.0,2026-03-02 14:59:44.316,2026-01-27 14:11:55.809
6186,0,1,1320962482,Склад,Вътрешна резба,Преход 316L резба вътрешна 150LBS 2“х1 1/2“,181225/18,1785439929539495020,,|1—муфа намалител|2—2х1 1/2|5—склад|,«0000N0000000000,0.0,0.0,,,0.0,0.0,M,L,L,0.0,0.0,0.0,0,,0.0,0.0,2026-01-27 14:12:12.637,2026-01-27 14:12:12.637
6186,1,1,1317460710,Склад,Външна резба,Нипел намалител 316L 150LBS 1“х1/2“,120126/15,1785439929539495477,,|1—нипел намалител|2—1х1/2|5—склад|,«0000N0000000000,0.0,0.0,0.0,0.0,0.0,0.0,M,L,L,3.093305,0.0,0.0,0,,0.0,0.0,2026-01-27 14:12:48.494,2026-01-27 14:12:48.494
6186,2,1,1320962482,Склад,Външна резба,Нипел намалител 316L 150LBS 1/2“х3/8“,181225/19,1785439929539495021,,|1—нипел намалител|2—1/2х3/8|5—склад|,«0000N0000000000,0.0,0.0,,,0.0,0.0,M,L,L,0.0,0.0,0.0,0,,0.0,0.0,2026-01-27 14:12:35.511,2026-01-27 14:12:35.511
6186,4,1,1320962482,Склад,Външна резба,Нипел намалител 316L 150LBS 3/4“х1/2“,181225/20,1785439929539495022,,|1—нипел намалител|2—3/4х1/2|5—склад|,«0000N0000000000,0.0,0.0,,,0.0,0.0,M,L,L,0.0,0.0,0.0,0,,0.0,0.0,2026-01-27 14:12:41.713,2026-01-27 14:12:41.713
6186,6,1,1316451341,Склад,Нипели на резба,Нипел шест. 316L резба 150LBS 1/4“,181225/21,1785439929539495023,,|1—нипел шестостен|2—1/4`|5—склад|,«0000N0000000000,0.0,0.0,0.0,0.0,0.0,0.0,M,L,L,0.7822739999999999,0.0,0.0,0,,0.0,0.0,2026-01-16 12:21:45.798,2026-01-16 12:21:45.798
6186,8,1,1320962482,Склад,М/Ж резба,Преход 316L резба М/Ж 1“х1/2“,181225/24,1785439929539495024,,|1—преход м/ж|2—1х1/2|5—склад|,«0000N0000000000,0.0,0.0,,,0.0,0.0,M,L,L,1.7895215841867647,0.0,0.0,0,,0.0,0.0,2026-01-27 14:15:29.458,2026-01-27 14:15:29.458
6186,10,1,1320962482,Склад,Тапи на резба,Тапа 316L резба 1/4“,181225/25,1785439929539495025,,|1—хексагонална тапа|2—1/4`|5—склад|,«0000N0000000000,0.0,0.0,,,0.0,0.0,M,L,L,0.0,0.0,0.0,0,,0.0,0.0,2026-01-27 14:17:03.127,2026-01-27 14:17:03.127
6186,13,1,1320962482,Склад,М/Ж резба,Преход 316L резба М/Ж 1 1/2“х1/2“,181225/26,1785439929539495026,,|1—преход м/ж|2—1 1/2х1/2|5—склад|,«0000N0000000000,0.0,0.0,,,0.0,0.0,M,L,L,0.0,0.0,0.0,0,,0.0,0.0,2026-01-27 14:15:34.714,2026-01-27 14:15:34.714
6186,14,1,1317558219,Склад,М/Ж резба,Преход 316L резба М/Ж 1 1/4“-1/2“,181225/26,1785439929539495027,,,«0000N0000000000,0.0,0.0,0.0,0.0,0.0,0.0,M,L,L,9.116301,0.0,0.0,0,,0.0,0.0,2026-01-27 14:06:37.354,2026-01-27 14:06:37.354
6186,15,1,1320962482,Неактивен 1,1.1.1. Части (Електролизьор),Плочa PP 500x500x20мм,4046/121225,1785439929539495028,,,«0000N0000000000,0.0,0.0,,,0.0,0.0,M,L,L,53.68564752560294,0.0,0.0,0,,0.0,0.0,2026-03-02 14:59:44.347,2026-01-28 08:36:35.370
6186,16,1,,Склад,5. Устройства,Чилър EAS.HK 161 V1.MBP.SHR,105/180925,1785439929539495029,,,«0000N0000000000,1.0,0.0,,,0.0,0.0,M,L,L,5399.59,0.0,0.0,0,,0.0,0.0,2026-06-16 13:44:22.380,2026-06-16 13:44:22.380
6186,17,1,1317562369,Склад,1.1.1. Части (Електролизьор),"Уплътнение от експандиран теф. ф397х325х0,5мм",4507/241125,1785439929539495031,,,«0000N0000000000,0.0,0.0,0.0,0.0,0.0,0.0,M,L,L,9.561123,0.0,0.0,0,,0.0,0.0,2026-01-28 12:45:19.795,2026-01-28 12:45:19.795
6186,19,1,1318941200,System - 90kW Volkswagen (59),2.2. Фитинги за заваряване,Кръст зав. 316L W/W DIN11850 SERIE2 DN32,1,1785439929539495034,,,«0000N0000000000,2.0,0.0,,,0.0,0.0,M,L,L,12.63,0.0,0.0,0,,0.0,0.0,2026-02-10 09:53:16.840,2025-12-23 08:27:53.496
6186,21,1,1320962482,System - 10kW Italy,Колена на резба,Коляно 90° 316L резба М/Ж 1/2“,143284/02092025/3,1785439929539495032,,|1—коляно 90гр. вътр./вън. резба|2—1/2`|5—склад|,«0000N0000000000,2.0,0.0,,,0.0,0.0,M,L,L,2.0001738392396065,0.0,0.0,0,,0.0,0.0,2026-03-02 14:59:44.363,2025-12-19 10:40:24.659
6186,22,1,1320962482,System - 10kW Italy,Нипели на резба,Нипел шест. 304L резба 150LBS 1/2“,10147297/101225,1785439929539495033,,,«0000N0000000000,4.0,0.0,,,0.0,0.0,M,L,L,0.9203253861531933,0.0,0.0,0,,0.0,0.0,2026-03-02 14:59:44.363,2026-01-06 09:15:59.424
6186,23,1,1318941199,Склад,Холендри на резба,Холендър 316L резба вътрешна PTFE 150LBS 1/2“,10147733/231225,1785439929539495035,,|1—холендер вътр.резба PTFE|2—1/2`|5—склад|,«0000N0000000000,0.0,0.0,,,0.0,0.0,M,L,L,7.592657,0.0,0.0,0,,0.0,0.0,2026-01-27 14:17:48.424,2026-01-27 14:17:48.424
6186,24,1,1316437432,Склад,2.2. Фитинги за заваряване,"Коляно 45° 304L заварка (48,3х2) 1 1/2``",050126/1,1785439929539495037,,,«0000N0000000000,0.0,0.0,0.0,0.0,0.0,0.0,M,L,L,5.752013,0.0,0.0,0,,0.0,0.0,2026-01-16 09:01:58.241,2026-01-16 09:01:58.241
6186,26,1,1318941199,System - 90kW Volkswagen (59),Холендри на резба,Холендър 316L резба вътрешна PTFE 150LBS 1/2“,10147733/231225,1785439929539495036,,|1—холендер вътр.резба PTFE|2—1/2`|5—склад|,«0000N0000000000,2.0,0.0,,,0.0,0.0,M,L,L,7.592657,0.0,0.0,0,,0.0,0.0,2026-02-10 09:53:16.450,2025-12-23 15:09:38.890
6220,0,1,1317543026,System - 90kW Volkswagen (59),М12,Болт с шест.гл. 8.8 vZn М12х45,12345/12,1785439929539495038,,|1—болт цинк|2—М12х45|5—склад|,«0000N0000000000,106.0,0.0,0.0,0.0,0.0,0.0,M,L,L,0.14,0.0,0.0,0,,0.0,0.0,2026-02-03 10:03:51.907,2026-02-03 10:03:51.907
6220,1,1,1317543026,System - 90kW Volkswagen (59),М12,Гайка шест. 8 vZn М12,091025/2,1785439929539495039,,|1—гайка цинк|2—М12|5—склад|,«0000N0000000000,167.0,0.0,0.0,0.0,0.0,0.0,M,L,L,0.03,0.0,0.0,0,,0.0,0.0,2026-02-06 13:28:10.759,2026-02-06 13:28:10.759
6220,2,1,1317734107,System - 90kW Volkswagen (59),М12,Шайба подложна vZn М12,241025/11,1785439929539495040,,|1—шайба цинк|2—М12|5—склад|,«0000N0000000000,130.0,0.0,0.0,0.0,0.0,0.0,M,L,L,0.01,0.0,0.0,0,,0.0,0.0,2026-02-06 13:28:15.087,2026-02-06 13:28:15.087
6220,3,1,1316432675,Склад,2.5.1. Кранове на фланци,Кран сфер. на фл. 2-части 316L PN40 (Акт) 1“,050126/2,1785439929539495041,,,«0000N0000000000,0.0,0.0,0.0,0.0,0.0,0.0,M,L,L,274.58,0.0,0.0,0,,0.0,0.0,2026-01-16 10:21:09.541,2026-01-16 10:21:09.541
6220,4,1,1320962482,System - 10kW Italy,1.1.1. Части (Електролизьор),Ламарина кръг 1060мм 316L 5мм,97611/130825/2,1785439929539495042,,,«0000N0000000000,1.0,0.0,,,0.0,0.0,M,L,L,577.6166640249919,0.0,0.0,0,,0.0,0.0,2026-03-02 14:59:44.378,2026-01-05 10:31:10.602
6220,5,1,1320962482,System - 10kW Italy,1.1.1. Части (Електролизьор),Ламарина кръг 1060мм 316L 2мм,97611/130825,1785439929539495043,,,«0000N0000000000,5.0,0.0,,,0.0,0.0,M,L,L,230.27563745315288,0.0,0.0,0,,0.0,0.0,2026-03-02 14:59:44.378,2026-01-05 10:31:23.101
6220,6,1,1320962482,System - 10kW Italy,1.1.1. Части (Електролизьор),"Уплътнение от експандиран теф. ф397х325х0,5мм",4507/241125,1785439929539495044,,,«0000N0000000000,45.0,0.0,,,0.0,0.0,M,L,L,9.561158178369284,0.0,0.0,0,,0.0,0.0,2026-03-02 14:59:44.378,2026-01-05 10:32:10.864
6220,7,1,1320962482,Склад,1.1.1. Части (Електролизьор),Уплътнение (S.G.M. PTFE) 393x325x5мм,050126/3,1785439929539495045,,,«0000N0000000000,0.0,0.0,,,0.0,0.0,M,L,L,12.6,0.0,0.0,0,,0.0,0.0,2026-01-28 07:58:41.189,2026-01-28 07:58:41.189
6220,8,1,1331559074,2. МЕТАЛХИДРИД,1.3. Металхидрид,Бутилки Металхидрид - Готови,271025/fpb,1785439929539496400,,,«0000N0000000000,10.0,0.0,,,0.0,0.0,M,L,L,94.617169191171,0.0,0.0,0,,0.0,0.0,2026-06-16 14:10:39.878,2026-06-16 14:10:34.840
6220,9,1,1320962482,System - 10kW Italy,1.1.1. Части (Електролизьор),Уплътнение (S.G.M. PTFE) 393x325x5мм,050126/3,1785439929539495046,,,«0000N0000000000,30.0,0.0,,,0.0,0.0,M,L,L,12.6,0.0,0.0,0,,0.0,0.0,2026-03-02 14:59:44.394,2026-01-05 10:48:55.979
6220,15,1,1316163924,System - 90kW Volkswagen (59),М10,Шайба подложна vZn М10,10527503/071125/10,1785439929539495050,,|1—шайба цинк|2—М10|5—склад|,«0000N0000000000,8.0,0.0,0.0,0.0,0.0,0.0,M,L,L,0.007719999999999999,0.0,0.0,0,,0.0,0.0,2026-01-13 15:20:30.274,2026-01-05 12:27:36.916
6220,16,1,1316163913,System - 90kW Volkswagen (59),М10,Гайка шест. 8 vZn М10,10527503/071125/9,1785439929539495051,,|1—гайка цинк|2—М10|5—склад|,«0000N0000000000,8.0,0.0,0.0,0.0,0.0,0.0,M,L,L,0.018969,0.0,0.0,0,,0.0,0.0,2026-01-13 15:20:20.985,2026-01-05 12:27:42.057
6220,17,1,1316163906,System - 90kW Volkswagen (59),М10,Болт с шест.гл. 8.8 vZn М10х30,10527503/071125/7,1785439929539495052,,|1—болт цинк|2—М10х30|5—склад|,«0000N0000000000,8.0,0.0,0.0,0.0,0.0,0.0,M,L,L,0.07158099999999999,0.0,0.0,0,,0.0,0.0,2026-01-13 15:20:14.626,2026-01-05 12:27:48.244
6220,18,1,1321244868,System - 90kW Volkswagen (59),Сензори,Трансмитер за налягане 0-3 bar,131125/rem,1785439929539495053,,,«0000N0000000000,4.0,0.0,0.0,0.0,0.0,0.0,M,L,L,0.5112918811962185,0.0,0.0,0,,0.0,0.0,2026-03-05 10:46:06.566,2026-03-05 10:46:06.566
6220,19,1,,Склад,2.5.4. Вентили,Вентил предпазен 1216 НРЖ PN40 1 1/2“x2“,10147786/050126/1,1785439929539495054,,,«0000N0000000000,0.0,0.0,,,0.0,0.0,M,L,L,343.75,0.0,0.0,0,,0.0,0.0,2026-01-28 13:37:06.290,2026-01-28 13:37:06.290
6220,20,1,,Склад,2.5.4. Вентили,"Пружина TOSACA 4,1-8,0 bar M2215",10147786/050126/2,1785439929539495055,,,«0000N0000000000,0.0,0.0,,,0.0,0.0,M,L,L,43.3,0.0,0.0,0,,0.0,0.0,2026-01-28 13:37:45.806,2026-01-28 13:37:45.806
6220,21,1,1320962482,System - 10kW Italy,М/Ж резба,Преход 316L резба М/Ж 1/2“х1/4“,143284/02092025/6,1785439929539495056,,|1—преход м/ж|2—1/2х1/4|5—склад|,«0000N0000000000,6.0,0.0,,,0.0,0.0,M,L,L,0.9919062495206639,0.0,0.0,0,,0.0,0.0,2026-03-02 14:59:44.425,2026-01-07 10:50:33.700
6220,22,1,,Склад,2. Корпуси,Табло с монт. пл. 1200х800х300,1469000014/050126/1,1785439929539495057,,,«0000N0000000000,0.0,0.0,,,0.0,0.0,M,L,L,242.06,0.0,0.0,0,,0.0,0.0,2026-01-28 10:12:51.993,2026-01-28 10:12:51.993
6220,23,1,,Склад,Релета,Реле термично за контактор 12 - 16А размер 0,1469000014/050126/2,1785439929539495058,,,«0000N0000000000,0.0,0.0,,,0.0,0.0,M,L,L,20.65,0.0,0.0,0,,0.0,0.0,2026-01-28 10:13:02.008,2026-01-28 10:13:02.008
6238,0,1,,Склад,"Прекъсвачи, Предпазители",Прекъсвач мин.авт. AMPARO 10kA D 16A 3P,1469000014/050126/3,1785439929539495059,,,«0000N0000000000,0.0,0.0,,,0.0,0.0,M,L,L,10.49,0.0,0.0,0,,0.0,0.0,2026-01-28 10:16:03.058,2026-01-28 10:16:03.058
6238,1,1,,Склад,"Прекъсвачи, Предпазители",Прекъсвач мин.авт. AMPARO 10kA D 20A 3P,1469000014/050126/4,1785439929539495060,,,«0000N0000000000,0.0,0.0,,,0.0,0.0,M,L,L,10.67,0.0,0.0,0,,0.0,0.0,2026-01-28 10:16:10.620,2026-01-28 10:16:10.620
6238,2,1,,Склад,"Прекъсвачи, Предпазители",Прекъсвач мин. AMPARO 6kA C 32А 3P,1469000014/050126/5,1785439929539495061,,,«0000N0000000000,0.0,0.0,,,0.0,0.0,M,L,L,6.37,0.0,0.0,0,,0.0,0.0,2026-01-28 09:58:21.109,2026-01-28 09:58:21.109
6238,3,1,,Склад,2. Корпуси,"Табло с 2 врати, 1200х1200х300",1469000014/050126/6,1785439929539495062,,,«0000N0000000000,0.0,0.0,,,0.0,0.0,M,L,L,369.63,0.0,0.0,0,,0.0,0.0,2026-01-28 10:12:44.853,2026-01-28 10:12:44.853
6238,4,1,,Склад,Клеми,Кр. скоба за DIN релса,1469000014/050126/7,1785439929539495063,,,«0000N0000000000,0.0,0.0,,,0.0,0.0,M,L,L,0.28,0.0,0.0,0,,0.0,0.0,2026-01-28 09:56:42.101,2026-01-28 09:56:42.101
6238,5,1,,Склад,Клеми,"Крайна секция за клеми 2,5-10мм сива",1469000014/050126/8,1785439929539495064,,,«0000N0000000000,0.0,0.0,,,0.0,0.0,M,L,L,0.21,0.0,0.0,0,,0.0,0.0,2026-01-28 09:56:13.203,2026-01-28 09:56:13.203
6238,6,1,,Склад,Клеми,"Клема винтове 2,5mm AVK2,5 сива",1469000014/050126/9,1785439929539495065,,,«0000N0000000000,0.0,0.0,,,0.0,0.0,M,L,L,0.27,0.0,0.0,0,,0.0,0.0,2026-01-22 12:02:21.731,2026-01-22 12:02:21.731
6238,7,1,,Склад,Клеми,"Клема винтова 2,5mm AVK2,5 червена",1469000014/050126/10,1785439929539495066,,,«0000N0000000000,0.0,0.0,,,0.0,0.0,M,L,L,0.29,0.0,0.0,0,,0.0,0.0,2026-01-22 12:02:27.981,2026-01-22 12:02:27.981
6238,8,1,,Склад,Контактори,"Контактор 7,5kW/15A, AC-3, 1NO, 230V AC размер 0",1469000014/050126/11,1785439929539495067,,,«0000N0000000000,0.0,0.0,,,0.0,0.0,M,L,L,17.03,0.0,0.0,0,,0.0,0.0,2026-01-22 12:02:34.059,2026-01-22 12:02:34.059
6238,11,1,1318941199,System - 90kW Volkswagen (59),М/Ж резба,Преход 316L резба М/Ж 3/4“х1/4“,10143532/110925/1,1785439929539495068,,|1—преход м/ж|2—3/4х1/4|5—склад|,«0000N0000000000,2.0,0.0,,,0.0,0.0,M,L,L,3.527901,0.0,0.0,0,,0.0,0.0,2026-02-10 09:53:16.715,2026-01-07 10:49:40.860
6238,12,1,1320962482,System - 90kW Volkswagen (59),Нипели на резба,Нипел шест. 316L резба 150LBS 1/4“,181225/21,1785439929539495069,,|1—нипел шестостен|2—1/4`|5—склад|,«0000N0000000000,0.0,0.0,,,0.0,0.0,M,L,L,0.0,0.0,0.0,0,,0.0,0.0,2026-03-02 14:59:44.441,2026-01-07 10:55:34.460
6238,13,1,,Склад,Сензори,Дебитомер (Electromagnetic flowmeter) DN50,SAT012424/301025/1,1785439929539495071,,,«0000N0000000000,0.0,0.0,,,0.0,0.0,M,L,L,790.02,0.0,0.0,0,,0.0,0.0,2026-01-28 08:21:57.794,2026-01-28 08:21:57.794
6238,14,1,1320962482,System - 10kW Italy,Муфи на резба,Муфа 304L резба 150LBS 1/4“,10143532/110925/1.4,1785439929539495070,,,«0000N0000000000,2.0,0.0,,,0.0,0.0,M,L,L,0.7618249029823655,0.0,0.0,0,,0.0,0.0,2026-03-02 14:59:44.441,2026-01-07 10:55:54.334
6238,15,1,,Склад,Сензори,Дебитомер (Magnetic Contact),SAT012424/301025/2,1785439929539495072,,,«0000N0000000000,0.0,0.0,,,0.0,0.0,M,L,L,78.665,0.0,0.0,0,,0.0,0.0,2026-01-28 08:22:02.906,2026-01-28 08:22:02.906
6238,16,1,,Склад,Сензори,Нивомер (Magnetic level indicator),SAT012424/301025/3,1785439929539495073,,,«0000N0000000000,0.0,0.0,,,0.0,0.0,M,L,L,304.265,0.0,0.0,0,,0.0,0.0,2026-01-28 08:22:07.563,2026-01-28 08:22:07.563
6238,17,1,,Склад,Сензори,Нивомер (Magnetic level transmiter LCD),SAT012424/301025/4,1785439929539495074,,,«0000N0000000000,0.0,0.0,,,0.0,0.0,M,L,L,415.8,0.0,0.0,0,,0.0,0.0,2026-01-28 08:22:13.453,2026-01-28 08:22:13.453
6238,18,1,1318956547,Склад,5. Устройства,Захранване 125kW,CI-GP-25167/011225,1785439929539495075,,,«0000N0000000000,0.0,0.0,,,0.0,0.0,M,L,L,18354.0,0.0,0.0,0,,0.0,0.0,2026-01-07 14:39:53.410,2026-01-07 14:39:53.410
6238,20,1,1316163867,System - 90kW Volkswagen (59),5. Устройства,Захранване 125kW,CI-GP-25167/011225,1785439929539495076,,,«0000N0000000000,1.0,0.0,0.0,0.0,0.0,0.0,M,L,L,22343.290793,0.0,0.0,0,,0.0,0.0,2026-01-13 15:19:40.955,2026-01-07 14:39:53.426
6238,21,1,1320962482,System - 90kW Volkswagen (59),М6,Винт с върт.шест. 8.8 vZn М6х60,241025/22,1785439929539495077,,|1—винт с върт.шестостен цинк|2—М6х60|5—склад|,«0000N0000000000,0.0,0.0,,,0.0,0.0,M,L,L,0.0,0.0,0.0,0,,0.0,0.0,2026-03-02 14:59:44.457,2026-01-12 07:52:10.083
6238,22,1,1316163822,System - 90kW Volkswagen (59),М8,Шпилка 8.8 vZn M8x1000,031125/2,1785439929539495079,,,«0000N0000000000,5.0,0.0,0.0,0.0,0.0,0.0,M,L,L,95.836198,0.0,0.0,0,,0.0,0.0,2026-02-02 13:44:48.132,2026-02-02 13:44:48.132
6247,0,1,1320962482,System - 90kW Volkswagen (59),М/Ж резба,Преход 316L резба М/Ж 1/2“х1/4“,143284/02092025/6,1785439929539495080,,|1—преход м/ж|2—1/2х1/4|5—склад|,«0000N0000000000,3.0,0.0,,,0.0,0.0,M,L,L,0.9919062495206639,0.0,0.0,0,,0.0,0.0,2026-03-02 14:59:44.457,2026-01-12 07:54:29.995
6247,1,1,1318956547,Склад,2.5.6. Актуатори,Актуатор електрически 24V,PBC912246,1785439929539495081,,,«0000N0000000000,0.0,0.0,,,0.0,0.0,M,L,L,167.7548662204793,0.0,0.0,0,,0.0,0.0,2026-01-13 12:43:04.403,2026-01-13 12:43:04.403
6247,3,1,1316040012,Неактивен 1,Релета,Реле мини тип PT 14 пина 4CO 24VDC 6A,080825/49,1785439929539495082,,|1—реле с цокъл|2—6A/24V|5—склад|,«0000N0000000000,1.0,0.0,,,0.0,0.0,M,L,L,2.955256,0.0,0.0,0,,0.0,0.0,2026-01-12 09:36:11.609,2026-01-12 09:36:11.609
6247,4,1,1316433400,Неактивен 1,Сензори,Нивомер поплавъчен тип 8181,po32235,1785439929539495083,,,«0000N0000000000,0.0,0.0,,,0.0,0.0,M,L,L,86.658542,0.0,0.0,0,,0.0,0.0,2026-06-16 13:55:50.414,2026-06-16 13:55:50.414
6247,6,1,1316433400,Неактивен 1,Унител,захранване за DIN шина SDR-120-24 24V/5A,661/181125/2,1785439929539495084,,|1—захранване за DIN шина|2—24V/5A|5—склад|,«0000N0000000000,0.0,0.0,,,0.0,0.0,M,L,L,44.87,0.0,0.0,0,,0.0,0.0,2026-06-16 13:56:13.410,2026-06-16 13:56:13.410
6247,8,1,1322755980,Неактивен 1,Други (Електроника),Бобина прав ток 12W,041225/8,1785439929539495085,,|1—прав ток|2—12W|5—склад|,«0000N0000000000,0.0,0.0,,,0.0,0.0,M,L,L,12.6902644912901,0.0,0.0,0,,0.0,0.0,2026-06-16 13:56:03.430,2026-06-16 13:56:03.430
6247,10,1,1316433400,Неактивен 1,Други (Електроника),Щекер  (LD),265836/031225/2,1785439929539495086,,|1—щекер|2—без опаковка|5—склад|,«0000N0000000000,1.0,0.0,,,0.0,0.0,M,L,L,1.59,0.0,0.0,0,,0.0,0.0,2026-01-16 08:00:58.034,2026-01-12 09:39:19.826
6247,11,1,1320962482,Неактивен 1,Фитинги - Щуцер на резба,Щуцер за маркуч 304 1/4“,090925/6,1785439929539495087,,,«0000N0000000000,5.0,0.0,,,0.0,0.0,M,L,L,0.5112918811962185,0.0,0.0,0,,0.0,0.0,2026-03-02 14:59:44.472,2026-01-12 09:40:29.723
6247,12,1,1320962482,Неактивен 1,М16,Шайба пружинна DIN2093 М16,14798/041225,1785439929539495088,,,«0000N0000000000,1280.0,0.0,,,0.0,0.0,M,L,L,0.24542010297418487,0.0,0.0,0,,0.0,0.0,2026-03-02 14:59:44.488,2026-01-16 14:02:25.739
6247,13,1,1316041114,"Склад производство, 500kW",Релета,Реле мини тип PT 14 пина 4CO 24VDC 6A,080825/49,1785439929539495089,,|1—реле с цокъл|2—6A/24V|5—склад|,«0000N0000000000,14.0,0.0,,,0.0,0.0,M,L,L,2.955256,0.0,0.0,0,,0.0,0.0,2026-03-04 08:11:02.423,2026-03-04 08:11:02.423
6247,15,1,1316041122,"Склад производство, 500kW",Релета,Реле мини тип PT 14 пина 4CO 24VDC 6A,1459019939/121125/13,1785439929539495090,,|1—реле с цокъл|2—6A/24V|5—склад|,«0000N0000000000,3.0,0.0,,,0.0,0.0,M,L,L,2.955256,0.0,0.0,0,,0.0,0.0,2026-03-04 08:11:02.438,2026-03-04 08:11:02.438
6247,16,1,1316462462,Склад,Сензори,Нивомер поплавъчен тип 8181,po34479,1785439929539495091,,,«0000N0000000000,0.0,0.0,0.0,0.0,0.0,0.0,M,L,L,87.992,0.0,0.0,0,,0.0,0.0,2026-01-16 15:09:33.876,2026-01-16 15:09:33.876
6247,17,1,,Склад,Нирстрой,ГВ Винкел 100/100/10,135561/120126,1785439929539495093,,,«0000N0000000000,0.0,0.0,,,0.0,0.0,M,L,L,20.2,0.0,0.0,0,,0.0,0.0,2026-01-12 10:48:45.352,2026-01-12 10:48:45.352
6247,18,1,1316042823,System - 10kW Italy,Сензори,Нивомер поплавъчен тип 8181,po34479,1785439929539495092,,,«0000N0000000000,6.0,0.0,,,0.0,0.0,M,L,L,87.992,0.0,0.0,0,,0.0,0.0,2026-01-16 07:57:44.944,2026-01-16 07:57:44.944
6247,19,1,,Склад,7. Кабели,"Кабел ШВПС 2х0,75, бял",8378/070126/1,1785439929539495095,,,«0000N0000000000,0.0,0.0,,,0.0,0.0,M,L,L,0.41,0.0,0.0,0,,0.0,0.0,2026-01-28 12:50:32.863,2026-01-28 12:50:32.863
6247,20,1,1316045033,System - 90kW Volkswagen (59),Нирстрой,ГВ Винкел 100/100/10,135561/120126,1785439929539495094,,,«0000N0000000000,2.0,0.0,,,0.0,0.0,M,L,L,20.2,0.0,0.0,0,,0.0,0.0,2026-01-12 10:48:45.352,2026-01-12 10:48:45.352
6247,21,1,,Склад,7. Кабели,"Кабел ШВПС 3х0,75, бял",8378/070126/2,1785439929539495096,,,«0000N0000000000,0.0,0.0,,,0.0,0.0,M,L,L,0.49,0.0,0.0,0,,0.0,0.0,2026-01-28 12:50:41.847,2026-01-28 12:50:41.847
6247,22,1,,Склад,7. Кабели,"Кабел ШВПС 3х1, бял",8378/070126/3,1785439929539495097,,,«0000N0000000000,0.0,0.0,,,0.0,0.0,M,L,L,0.62,0.0,0.0,0,,0.0,0.0,2026-01-28 12:50:48.846,2026-01-28 12:50:48.846
6247,23,1,,Склад,7. Кабели,"Кабел ШВПС 3х1,5, кв. бял",8378/070126/4,1785439929539495098,,,«0000N0000000000,0.0,0.0,,,0.0,0.0,M,L,L,0.84,0.0,0.0,0,,0.0,0.0,2026-01-28 12:50:56.658,2026-01-28 12:50:56.658
6247,24,1,,Склад,7. Кабели,"Кабел ШВПС 5х1,5 бял",8378/070126/5,1785439929539495099,,,«0000N0000000000,0.0,0.0,,,0.0,0.0,M,L,L,1.38,0.0,0.0,0,,0.0,0.0,2026-01-28 12:51:03.204,2026-01-28 12:51:03.204
6111,0,1,,Склад,7. Кабели,"Кабел ШВПЛ-Б 2х0,5, бял",8378/070126/6,1785439929539495100,,,«0000N0000000000,0.0,0.0,,,0.0,0.0,M,L,L,0.27,0.0,0.0,0,,0.0,0.0,2026-01-28 12:50:19.195,2026-01-28 12:50:19.195
6111,2,1,,Склад,"Прекъсвачи, Предпазители",Прекъсвач мин. AMPARO 6kA C 10А 1P,221225/8,1785439929539495101,,|1—прекъсвач|5—склад|,«0000N0000000000,0.0,0.0,,,0.0,0.0,M,L,L,1.79,0.0,0.0,0,,0.0,0.0,2026-01-22 12:02:46.553,2026-01-22 12:02:46.553
6111,4,1,1316141523,Склад,"Прекъсвачи, Предпазители",Прекъсвач мин. AMPARO 6kA C 10А 1P,1469000128/060126/1,1785439929539495102,,|1—прекъсвач|5—склад|,«0000N0000000000,0.0,0.0,,,0.0,0.0,M,L,L,1.79,0.0,0.0,0,,0.0,0.0,2026-01-22 12:02:40.543,2026-01-22 12:02:40.543
6111,5,1,,Склад,"Прекъсвачи, Предпазители",Прекъсвач мин. AMPARO 6kA C 6A 1P,1469000128/060126/2,1785439929539495103,,,«0000N0000000000,0.0,0.0,,,0.0,0.0,M,L,L,2.06,0.0,0.0,0,,0.0,0.0,2026-01-22 12:37:14.059,2026-01-22 12:37:14.059
6111,6,1,,Склад,Кабелни Канали,Кабелен канал 60х60mm,1469000128/060126/3,1785439929539495104,,,«0000N0000000000,0.0,0.0,,,0.0,0.0,M,L,L,8.098834,0.0,0.0,0,,0.0,0.0,2026-01-28 09:53:54.658,2026-01-28 09:53:54.658
6111,7,1,,Склад,Кабелни Канали,Кабелен канал 60х40mm,1469000128/060126/4,1785439929539495105,,,«0000N0000000000,0.0,0.0,,,0.0,0.0,M,L,L,5.7469,0.0,0.0,0,,0.0,0.0,2026-01-28 09:53:33.491,2026-01-28 09:53:33.491
6111,8,1,,Склад,Шини (Електроника),DIN-релса за модулна апаратура перфорирана 2m,1469000128/060126/5,1785439929539495106,,,«0000N0000000000,0.0,0.0,,,0.0,0.0,M,L,L,3.31,0.0,0.0,0,,0.0,0.0,2026-01-15 14:26:44.192,2026-01-15 14:26:44.192
6111,9,1,,Склад,Други (Електроника),"Контакт за DIN релса, 16А",1469000128/060126/6,1785439929539495107,,,«0000N0000000000,0.0,0.0,,,0.0,0.0,M,L,L,3.46,0.0,0.0,0,,0.0,0.0,2026-01-28 09:55:23.972,2026-01-28 09:55:23.972
6111,10,1,,Склад,Клеми,Клема винтова 6mm AVK6 сива,1469000128/060126/7,1785439929539495108,,,«0000N0000000000,0.0,0.0,,,0.0,0.0,M,L,L,0.39,0.0,0.0,0,,0.0,0.0,2026-01-28 09:51:54.652,2026-01-28 09:51:54.652
6111,11,1,1316141524,Склад,Клеми,Клема винтова 6mm AVK6 синя,1469000128/060126/8,1785439929539495109,,,«0000N0000000000,0.0,0.0,,,0.0,0.0,M,L,L,0.44,0.0,0.0,0,,0.0,0.0,2026-01-28 09:52:01.667,2026-01-28 09:52:01.667
6111,12,1,,Склад,Клеми,Клема винтова заземителна 6-10mm AVK6/20Т,1469000128/060126/9,1785439929539495110,,,«0000N0000000000,0.0,0.0,,,0.0,0.0,M,L,L,1.39,0.0,0.0,0,,0.0,0.0,2026-01-28 09:52:07.713,2026-01-28 09:52:07.713
6111,13,1,,Склад,Ивда Гео,Щуцер 1`,170628/080126/1,1785439929539495114,,,«0000N0000000000,0.0,0.0,,,0.0,0.0,M,L,L,2.544,0.0,0.0,0,,0.0,0.0,2026-01-13 12:41:09.170,2026-01-13 12:41:09.170
6111,14,1,1316141638,System - 500kW Titan Zlatna Panega (58),"Прекъсвачи, Предпазители",Прекъсвач мин. AMPARO 6kA C 6A 1P,1469000128/060126/2,1785439929539495111,,,«0000N0000000000,3.0,0.0,,,0.0,0.0,M,L,L,2.06,0.0,0.0,0,,0.0,0.0,2026-01-13 09:59:34.870,2026-01-13 09:59:34.870
6111,15,1,1316141656,System - 500kW Titan Zlatna Panega (58),Други (Електроника),"Контакт за DIN релса, 16А",1469000128/060126/6,1785439929539495112,,,«0000N0000000000,1.0,0.0,,,0.0,0.0,M,L,L,3.46,0.0,0.0,0,,0.0,0.0,2026-01-13 09:59:50.977,2026-01-13 09:59:50.977
6111,16,1,1316141670,System - 500kW Titan Zlatna Panega (58),Клеми,Клема винтова заземителна 6-10mm AVK6/20Т,1469000128/060126/9,1785439929539495113,,,«0000N0000000000,1.0,0.0,,,0.0,0.0,M,L,L,1.39,0.0,0.0,0,,0.0,0.0,2026-01-13 10:00:03.791,2026-01-13 10:00:03.791
6111,17,1,,Склад,Ивда Гео,Вътрешно редуктивен нипел  2`-1`,170628/080126/2,1785439929539495115,,,«0000N0000000000,0.0,0.0,,,0.0,0.0,M,L,L,2.416,0.0,0.0,0,,0.0,0.0,2026-01-13 12:41:33.483,2026-01-13 12:41:33.483
6111,18,1,,Склад,"2.7. PP, Месинг, Хром връзки",Преход PP резба външна ф32х1“,170628/080126/3,1785439929539495116,,,«0000N0000000000,0.0,0.0,,,0.0,0.0,M,L,L,4.864,0.0,0.0,0,,0.0,0.0,2026-01-13 12:42:08.306,2026-01-13 12:42:08.306
6111,19,1,,Склад,Ивда Гео,Преход женски 32х1,170628/080126/4,1785439929539495117,,,«0000N0000000000,0.0,0.0,,,0.0,0.0,M,L,L,4.864,0.0,0.0,0,,0.0,0.0,2026-01-13 12:42:04.386,2026-01-13 12:42:04.386
6111,20,1,,Склад,"2.7. PP, Месинг, Хром връзки",Коляно PP 90° ф32,170628/080126/5,1785439929539495118,,,«0000N0000000000,0.0,0.0,,,0.0,0.0,M,L,L,0.488,0.0,0.0,0,,0.0,0.0,2026-01-13 12:41:57.650,2026-01-13 12:41:57.650
6111,21,1,,Склад,"2.7. PP, Месинг, Хром връзки",Тройник PP ф32,170628/080126/6,1785439929539495119,,,«0000N0000000000,0.0,0.0,,,0.0,0.0,M,L,L,0.776,0.0,0.0,0,,0.0,0.0,2026-01-13 12:41:15.874,2026-01-13 12:41:15.874
6111,22,1,,Склад,"2.7. PP, Месинг, Хром връзки",Разглобяема свръзка месинг ф32,170628/080126/7,1785439929539495120,,,«0000N0000000000,0.0,0.0,,,0.0,0.0,M,L,L,7.696,0.0,0.0,0,,0.0,0.0,2026-01-13 12:41:23.730,2026-01-13 12:41:23.730
6265,0,1,1316152858,System - 90kW Volkswagen (59),Ивда Гео,Щуцер 1`,170628/080126/1,1785439929539495121,,,«0000N0000000000,2.0,0.0,,,0.0,0.0,M,L,L,2.544,0.0,0.0,0,,0.0,0.0,2026-01-13 12:41:09.183,2026-01-13 12:41:09.183
6265,1,1,1316152865,System - 90kW Volkswagen (59),"2.7. PP, Месинг, Хром връзки",Тройник PP ф32,170628/080126/6,1785439929539495122,,,«0000N0000000000,2.0,0.0,,,0.0,0.0,M,L,L,0.776,0.0,0.0,0,,0.0,0.0,2026-01-13 12:41:15.888,2026-01-13 12:41:15.888
6265,2,1,1316152874,System - 90kW Volkswagen (59),"2.7. PP, Месинг, Хром връзки",Разглобяема свръзка месинг ф32,170628/080126/7,1785439929539495123,,,«0000N0000000000,4.0,0.0,,,0.0,0.0,M,L,L,7.696,0.0,0.0,0,,0.0,0.0,2026-01-13 12:41:23.742,2026-01-13 12:41:23.742
6265,3,1,1316152886,System - 90kW Volkswagen (59),Ивда Гео,Вътрешно редуктивен нипел  2`-1`,170628/080126/2,1785439929539495124,,,«0000N0000000000,4.0,0.0,,,0.0,0.0,M,L,L,2.416,0.0,0.0,0,,0.0,0.0,2026-01-13 12:41:33.495,2026-01-13 12:41:33.495
6265,4,1,1316152914,System - 90kW Volkswagen (59),"2.7. PP, Месинг, Хром връзки",Коляно PP 90° ф32,170628/080126/5,1785439929539495125,,,«0000N0000000000,10.0,0.0,,,0.0,0.0,M,L,L,0.488,0.0,0.0,0,,0.0,0.0,2026-01-13 12:41:57.662,2026-01-13 12:41:57.662
6265,5,1,1316152922,System - 90kW Volkswagen (59),Ивда Гео,Преход женски 32х1,170628/080126/4,1785439929539495126,,,«0000N0000000000,4.0,0.0,,,0.0,0.0,M,L,L,4.864,0.0,0.0,0,,0.0,0.0,2026-01-13 12:42:04.398,2026-01-13 12:42:04.398
6265,6,1,1316152926,System - 90kW Volkswagen (59),"2.7. PP, Месинг, Хром връзки",Преход PP резба външна ф32х1“,170628/080126/3,1785439929539495127,,,«0000N0000000000,4.0,0.0,,,0.0,0.0,M,L,L,4.864,0.0,0.0,0,,0.0,0.0,2026-01-13 12:42:08.318,2026-01-13 12:42:08.318
6265,7,1,1318956547,System - 10kW Italy,2.5.6. Актуатори,Актуатор електрически 24V,PBC912246,1785439929539495128,,,«0000N0000000000,1.0,0.0,,,0.0,0.0,M,L,L,167.7548662204793,0.0,0.0,0,,0.0,0.0,2026-02-10 13:34:16.718,2026-01-13 12:43:04.416
6265,8,1,1320962482,System - 10kW Italy,Тройници на резба,Тройник 316L резба вътрешна 1/2“,143284/02092025/7,1785439929539495129,,|1—тройник вътр. резба|2—1/2`|5—склад|,«0000N0000000000,2.0,0.0,,,0.0,0.0,M,L,L,2.325355475680402,0.0,0.0,0,,0.0,0.0,2026-03-02 14:59:44.519,2026-01-16 10:27:08.772
6265,9,1,,Склад,М3,Болт с шест.гл. А2 М3х25,340047100/120126/1,1785439929539495130,,,«0000N0000000000,0.0,0.0,,,0.0,0.0,M,L,L,0.046015,0.0,0.0,0,,0.0,0.0,2026-01-27 13:45:43.730,2026-01-27 13:45:43.730
6265,10,1,,Склад,М3,Болт с шест.гл. vZn М3х25,340047100/120126/2,1785439929539495131,,,«0000N0000000000,0.0,0.0,,,0.0,0.0,M,L,L,0.03,0.0,0.0,0,,0.0,0.0,2026-01-27 13:45:50.970,2026-01-27 13:45:50.970
6265,11,1,,Склад,М3,Гайка шест. А2 М3,340047100/120126/3,1785439929539495132,,,«0000N0000000000,0.0,0.0,,,0.0,0.0,M,L,L,0.010226,0.0,0.0,0,,0.0,0.0,2026-01-27 13:46:06.826,2026-01-27 13:46:06.826
6265,12,1,,Склад,ZIEHL-ABEGG,Вентилатор - ZN080-ZIL.GL.V7P3,42502651/200825,1785439929539495133,,,«0000N0000000000,0.0,0.0,,,0.0,0.0,M,L,L,1314.96,0.0,0.0,0,,0.0,0.0,2026-01-28 08:36:35.386,2026-01-28 08:36:35.386
6265,13,1,,Склад,5. Устройства,Вентилатор (ZN080-ZIL.GQ.V7P3),42502593/140825,1785439929539495134,,,«0000N0000000000,0.0,0.0,,,0.0,0.0,M,L,L,1519.55,0.0,0.0,0,,0.0,0.0,2026-01-28 08:36:35.401,2026-01-28 08:36:35.401
6265,14,1,,Склад,М/Ж резба,Преход 304L резба М/Ж 2“х1“,10148002/120126,1785439929539495135,,,«0000N0000000000,0.0,0.0,,,0.0,0.0,M,L,L,5.46,0.0,0.0,0,,0.0,0.0,2026-01-27 14:06:24.394,2026-01-27 14:06:24.394
6265,15,1,1320962482,System - 90kW Volkswagen (59),1.1.1. Части (Електролизьор),Ламарина кръг 1060мм 316L 2мм,97611/130825,1785439929539495142,,,«0000N0000000000,12.0,0.0,,,0.0,0.0,M,L,L,230.27563745315288,0.0,0.0,0,,0.0,0.0,2026-03-02 14:59:44.535,2026-01-14 12:12:11.954
6265,16,1,1316162843,System - 10kW Italy,М/Ж резба,Преход 304L резба М/Ж 2“х1“,10148002/120126,1785439929539495136,,,«0000N0000000000,4.0,0.0,,,0.0,0.0,M,L,L,5.46,0.0,0.0,0,,0.0,0.0,2026-01-13 15:04:56.613,2026-01-13 15:04:56.613
6265,18,1,1320962482,System - 10kW Italy,М/Ж резба,Преход 316L резба М/Ж 1“х1/2“,181225/24,1785439929539495137,,|1—преход м/ж|2—1х1/2|5—склад|,«0000N0000000000,2.0,0.0,,,0.0,0.0,M,L,L,1.7895215841867647,0.0,0.0,0,,0.0,0.0,2026-03-02 14:59:44.535,2026-01-13 15:08:23.331
6265,19,1,1320962482,System - 10kW Italy,Вътрешна резба,Преход 316L резба вътрешна 150LBS 1/2“х1/4“,181225/16,1785439929539495138,,|1—муфа намалител|2—1/2х1/4|5—склад|,«0000N0000000000,2.0,0.0,,,0.0,0.0,M,L,L,0.0,0.0,0.0,0,,0.0,0.0,2026-03-02 14:59:44.550,2026-01-13 15:06:34.172
6265,21,1,1320962482,System - 10kW Italy,Муфи на резба,Муфа 316L резба 150LBS 1/4“,181225/14,1785439929539495139,,|1—муфа вътр. резба|2—1/4`|5—склад|,«0000N0000000000,3.0,0.0,,,0.0,0.0,M,L,L,0.7669378217943277,0.0,0.0,0,,0.0,0.0,2026-03-02 14:59:44.550,2026-01-16 10:27:28.407
6265,23,1,1320962482,Склад,2.2. Фитинги за заваряване,Полунипел 316L 150LBS 1/4“,130126,1785439929539495140,,|1—полунипел|2—1/4`|5—склад|,«0000N0000000000,-2.0,0.0,,,0.0,0.0,M,L,L,0.0,0.0,0.0,0,,0.0,0.0,2026-01-13 15:08:14.128,2026-01-13 15:08:14.128
6191,0,1,1320962482,System - 10kW Italy,2.2. Фитинги за заваряване,Полунипел 316L 150LBS 1/4“,130126,1785439929539495141,,|1—полунипел|2—1/4`|5—склад|,«0000N0000000000,2.0,0.0,,,0.0,0.0,M,L,L,0.0,0.0,0.0,0,,0.0,0.0,2026-03-02 14:59:44.566,2026-01-13 15:08:14.140
6191,1,1,,Склад,1.1.1. Части (Електролизьор),Ламарина кръг 1060мм 316L 3мм,140126/1,1785439929539495143,,,«0000N0000000000,0.0,0.0,,,0.0,0.0,M,L,L,1.0,0.0,0.0,0,,0.0,0.0,2026-01-28 12:44:55.640,2026-01-28 12:44:55.640
6191,2,1,1320962482,System - 90kW Volkswagen (59),1.1.1. Части (Електролизьор),Уплътнение (S.G.M. PTFE) 1060x900x5мм,VMA20250921/141025/1,1785439929539495144,,,«0000N0000000000,52.0,0.0,,,0.0,0.0,M,L,L,76.02,0.0,0.0,0,,0.0,0.0,2026-03-02 14:59:44.566,2026-01-14 12:52:56.329
6191,3,1,1320962482,System - 90kW Volkswagen (59),1.1.1. Части (Електролизьор),Мембрани (Composite Membrane) 1х1м,VMA20250921/141025/2,1785439929539495145,,,«0000N0000000000,24.0,0.0,,,0.0,0.0,M,L,L,111.23279999999998,0.0,0.0,0,,0.0,0.0,2026-03-04 07:52:00.989,2026-03-04 07:52:00.989
6191,4,1,1320962482,System - 90kW Volkswagen (59),1.1.1. Части (Електролизьор),"Уплътнение от експандиран теф. ф1060хф900х0,5мм",3907/22082025,1785439929539495146,,,«0000N0000000000,78.0,0.0,,,0.0,0.0,M,L,L,56.87639999999999,0.0,0.0,0,,0.0,0.0,2026-03-04 07:52:01.020,2026-03-04 07:52:01.020
6191,5,1,1320962482,System - 90kW Volkswagen (59),1.1.1. Части (Електролизьор),Ламарина кръг 1060мм 316L 5мм,97611/130825/2,1785439929539495147,,,«0000N0000000000,1.5,0.0,,,0.0,0.0,M,L,L,577.6166640249919,0.0,0.0,0,,0.0,0.0,2026-03-02 14:59:44.582,2026-01-14 13:01:09.433
6191,6,1,1318242035,System - 90kW Volkswagen (59),2.4. Фланци,Уплътнение CF3000 PTFE DN25,10143532/110925/pfte25,1785439929539495148,,|1—уплътнение CF3000 PTFE|2—DN25|5—склад|,«0000N0000000000,68.0,0.0,,,0.0,0.0,M,L,L,1.08,0.0,0.0,0,,0.0,0.0,2026-02-05 08:51:59.429,2026-02-05 08:51:59.429
6191,8,1,1320962482,System - 90kW Volkswagen (59),2.4. Фланци,Уплътнение CF3000 PTFE DN40,10143532/110925/pfte40,1785439929539495149,,|1—уплътнение CF3000 PTFE|2—DN40|5—склад|,«0000N0000000000,10.0,0.0,,,0.0,0.0,M,L,L,1.0890517069479453,0.0,0.0,0,,0.0,0.0,2026-03-02 14:59:44.582,2026-01-14 13:24:17.081
6191,10,1,1331558044,3. ПРОИЗВОДСТВО,Сензори,Нивомер поплавъчен тип 8181,po32235,1785439929539496392,,,«0000N0000000000,1.0,0.0,,,0.0,0.0,M,L,L,86.658542,0.0,0.0,0,,0.0,0.0,2026-06-16 13:55:50.428,2026-06-16 13:55:50.428
6191,12,1,1331558059,3. ПРОИЗВОДСТВО,Други (Електроника),Бобина прав ток 12W,041225/8,1785439929539496393,,|1—прав ток|2—12W|5—склад|,«0000N0000000000,1.0,0.0,,,0.0,0.0,M,L,L,12.6902644912901,0.0,0.0,0,,0.0,0.0,2026-06-16 13:56:03.445,2026-06-16 13:56:03.445
6191,16,1,1320962482,System - 90kW Volkswagen (59),Муфи на резба,Муфа 304L резбa 150LBS  1/2``,10143532/110925/1.2,1785439929539495155,,,«0000N0000000000,2.0,0.0,,,0.0,0.0,M,L,L,1.3498105663580169,0.0,0.0,0,,0.0,0.0,2026-03-02 14:59:44.613,2026-01-14 13:41:04.526
6191,17,1,,Склад,Кабелни Канали,Кабелна скара перфорирана с интегриран съедините,48804/080126/1,1785439929539495156,,,«0000N0000000000,0.0,0.0,,,0.0,0.0,M,L,L,4.32,0.0,0.0,0,,0.0,0.0,2026-01-14 14:28:38.844,2026-01-14 14:28:38.844
6191,18,1,,Склад,Кабелни Канали,"Стенна конзола 90x610mm 2,5kN",48804/080126/2,1785439929539495157,,,«0000N0000000000,0.0,0.0,,,0.0,0.0,M,L,L,6.2,0.0,0.0,0,,0.0,0.0,2026-01-14 14:28:53.624,2026-01-14 14:28:53.624
6191,19,1,,Склад,Кабелни Канали,Вертикален ъгъл понижаващ 60х102мм. с борд,48804/080126/3,1785439929539495158,,,«0000N0000000000,0.0,0.0,,,0.0,0.0,M,L,L,15.67,0.0,0.0,0,,0.0,0.0,2026-01-14 14:29:16.575,2026-01-14 14:29:16.575
6191,20,1,,Склад,Кабелни Канали,Покачващ ъгъл за каб.скара 60х102мм. с борд,48804/080126/4,1785439929539495159,,,«0000N0000000000,0.0,0.0,,,0.0,0.0,M,L,L,18.3,0.0,0.0,0,,0.0,0.0,2026-01-14 14:29:30.121,2026-01-14 14:29:30.121
6191,21,1,,Склад,Кабелни Канали,"Капак за пон. и пок. ъгъл, височина 60мм,В=106мм",48804/080126/5,1785439929539495160,,,«0000N0000000000,0.0,0.0,,,0.0,0.0,M,L,L,6.99,0.0,0.0,0,,0.0,0.0,2026-01-14 14:29:44.651,2026-01-14 14:29:44.651
6191,22,1,,Склад,Автометан,"Маркуч 70 Mpa, 3 м.",12599/090126/1,1785439929539495166,,,«0000N0000000000,0.0,0.0,,,0.0,0.0,M,L,L,1803.13,0.0,0.0,0,,0.0,0.0,2026-03-13 15:06:16.970,2026-03-13 15:06:16.970
6203,0,1,1316260322,System - 90kW Volkswagen (59),Кабелни Канали,Кабелна скара перфорирана с интегриран съедините,48804/080126/1,1785439929539495161,,,«0000N0000000000,6.0,0.0,,,0.0,0.0,M,L,L,4.32,0.0,0.0,0,,0.0,0.0,2026-01-14 14:28:38.859,2026-01-14 14:28:38.859
6203,1,1,1316260339,System - 90kW Volkswagen (59),Кабелни Канали,"Стенна конзола 90x610mm 2,5kN",48804/080126/2,1785439929539495162,,,«0000N0000000000,6.0,0.0,,,0.0,0.0,M,L,L,6.2,0.0,0.0,0,,0.0,0.0,2026-01-14 14:28:53.639,2026-01-14 14:28:53.639
6203,2,1,1316260365,System - 90kW Volkswagen (59),Кабелни Канали,Вертикален ъгъл понижаващ 60х102мм. с борд,48804/080126/3,1785439929539495163,,,«0000N0000000000,3.0,0.0,,,0.0,0.0,M,L,L,15.67,0.0,0.0,0,,0.0,0.0,2026-01-14 14:29:16.591,2026-01-14 14:29:16.591
6203,3,1,1316260381,System - 90kW Volkswagen (59),Кабелни Канали,Покачващ ъгъл за каб.скара 60х102мм. с борд,48804/080126/4,1785439929539495164,,,«0000N0000000000,1.0,0.0,,,0.0,0.0,M,L,L,18.3,0.0,0.0,0,,0.0,0.0,2026-01-14 14:29:30.121,2026-01-14 14:29:30.121
6203,4,1,1316260398,System - 90kW Volkswagen (59),Кабелни Канали,"Капак за пон. и пок. ъгъл, височина 60мм,В=106мм",48804/080126/5,1785439929539495165,,,«0000N0000000000,4.0,0.0,,,0.0,0.0,M,L,L,6.99,0.0,0.0,0,,0.0,0.0,2026-01-14 14:29:44.651,2026-01-14 14:29:44.651
6203,5,1,,Склад,Автометан,Накрайник за зареждане TK20,12599/090126/2,1785439929539495167,,,«0000N0000000000,0.0,0.0,,,0.0,0.0,M,L,L,7490.32,0.0,0.0,0,,0.0,0.0,2026-03-13 15:06:22.157,2026-03-13 15:06:22.157
6203,6,1,,Склад,Автометан,Филтър TSF2,12599/090126/3,1785439929539495168,,,«0000N0000000000,0.0,0.0,,,0.0,0.0,M,L,L,2130.19,0.0,0.0,0,,0.0,0.0,2026-03-13 15:06:27.766,2026-03-13 15:06:27.766
6203,7,1,1316342757,System - 90kW Volkswagen (59),Тапи на резба,Тапа 304L резба 1/2``,16584381,1785439929539495169,,,«0000N0000000000,2.0,0.0,,,0.0,0.0,M,L,L,0.690244039614895,0.0,0.0,0,,0.0,0.0,2026-01-15 10:15:42.539,2026-01-15 10:15:01.515
6203,8,1,1316342757,System - 90kW Volkswagen (59),Тапи на резба,Тапа 304L резба 1“,16846123,1785439929539495170,,,«0000N0000000000,3.0,0.0,,,0.0,0.0,M,L,L,1.56,0.0,0.0,0,,0.0,0.0,2026-01-15 10:15:42.649,2026-01-15 10:15:23.369
6203,9,1,,Склад,2.5.5. Клапани,Иглен клапан (Slid. Gate Mot. Valve 8038 H2) 1“,025VTG11AM11,1785439929539495171,,,«0000N0000000000,0.0,0.0,,,0.0,0.0,M,L,L,3614.49,0.0,0.0,0,,0.0,0.0,2026-01-15 11:02:24.371,2026-01-15 11:02:24.371
6203,10,1,,Склад,2.5.5. Клапани,Иглен клапан (Slid. Gate Mot. Valve 8038 O2) 1“,025VTG11AM1,1785439929539495172,,,«0000N0000000000,0.0,0.0,,,0.0,0.0,M,L,L,3333.77,0.0,0.0,0,,0.0,0.0,2026-01-15 11:02:29.293,2026-01-15 11:02:29.293
6203,11,1,1319658374,0. СКЛАД - ОСНОВЕН,3. Метални Елементи,"Профилна тръба Е3 25х25х1,5",134250/121125/2,1785439929539495175,,,«0000N0000000000,0.0,0.0,0.0,0.0,0.0,0.0,M,L,L,1.31,0.0,0.0,0,,0.0,0.0,2026-02-17 14:00:35.097,2026-02-17 14:00:35.097
6203,12,1,1316346000,System - 90kW Volkswagen (59),2.5.5. Клапани,Иглен клапан (Slid. Gate Mot. Valve 8038 H2) 1“,025VTG11AM11,1785439929539495173,,,«0000N0000000000,1.0,0.0,,,0.0,0.0,M,L,L,3614.49,0.0,0.0,0,,0.0,0.0,2026-01-15 11:02:24.387,2026-01-15 11:02:24.387
6203,13,1,1319658383,0. СКЛАД - ОСНОВЕН,3. Метални Елементи,Профилна тръба ЕЗ 100х40х3,132017/28082025,1785439929539495176,,,«0000N0000000000,0.0,0.0,0.0,0.0,0.0,0.0,M,L,L,5.88,0.0,0.0,0,,0.0,0.0,2026-02-17 14:00:43.127,2026-02-17 14:00:43.127
6203,14,1,1316346005,System - 90kW Volkswagen (59),2.5.5. Клапани,Иглен клапан (Slid. Gate Mot. Valve 8038 O2) 1“,025VTG11AM1,1785439929539495174,,,«0000N0000000000,1.0,0.0,,,0.0,0.0,M,L,L,3333.77,0.0,0.0,0,,0.0,0.0,2026-01-15 11:02:29.309,2026-01-15 11:02:29.309
6203,15,1,1319658393,0. СКЛАД - ОСНОВЕН,3. Метални Елементи,Профилна тръба ЕЗ 15х15х3,134250/121125/1,1785439929539495177,,,«0000N0000000000,0.0,0.0,0.0,0.0,0.0,0.0,M,L,L,1.24,0.0,0.0,0,,0.0,0.0,2026-02-17 14:00:51.955,2026-02-17 14:00:51.955
6203,16,1,1319658403,0. СКЛАД - ОСНОВЕН,3. Метални Елементи,"Профилна тръба ЕЗ 30х30х1,5",28082025/10,1785439929539495178,,,«0000N0000000000,0.0,0.0,0.0,0.0,0.0,0.0,M,L,L,1.16,0.0,0.0,0,,0.0,0.0,2026-02-17 14:01:00.611,2026-02-17 14:01:00.611
6203,17,1,1319658413,0. СКЛАД - ОСНОВЕН,3. Метални Елементи,Профилна тръба ЕЗ 40х20х2,28082025/11,1785439929539495179,,,«0000N0000000000,0.0,0.0,0.0,0.0,0.0,0.0,M,L,L,0.0,0.0,0.0,0,,0.0,0.0,2026-02-17 14:01:09.344,2026-02-17 14:01:09.344
6203,18,1,1319658422,0. СКЛАД - ОСНОВЕН,3. Метални Елементи,Профилна тръба ЕЗ 40х40х2,134250/121125/3,1785439929539495180,,,«0000N0000000000,0.0,0.0,0.0,0.0,0.0,0.0,M,L,L,2.13,0.0,0.0,0,,0.0,0.0,2026-02-17 14:01:16.828,2026-02-17 14:01:16.828
6203,19,1,1319658432,0. СКЛАД - ОСНОВЕН,3. Метални Елементи,Профилна тръба ЕЗ 50х50х2,28082025/13,1785439929539495181,,,«0000N0000000000,0.0,0.0,0.0,0.0,0.0,0.0,M,L,L,2.48,0.0,0.0,0,,0.0,0.0,2026-02-17 14:01:25.265,2026-02-17 14:01:25.265
6297,0,1,1319658443,0. СКЛАД - ОСНОВЕН,3. Метални Елементи,Профилна тръба ЕЗ 60х60х2,28082025/14,1785439929539495182,,,«0000N0000000000,0.0,0.0,0.0,0.0,0.0,0.0,M,L,L,2.67,0.0,0.0,0,,0.0,0.0,2026-02-17 14:01:34.530,2026-02-17 14:01:34.530
6297,1,1,1319035299,0. СКЛАД - ОСНОВЕН,1.1.1. Части (Електролизьор),Ламарина кръг 1060мм 316L 2мм,97611/130825,1785439929539495183,,,«0000N0000000000,0.0,0.0,0.0,0.0,0.0,0.0,M,L,L,230.27563745315288,0.0,0.0,0,,0.0,0.0,2026-02-11 08:28:18.992,2026-02-11 08:28:18.992
6297,2,1,1319035283,0. СКЛАД - ОСНОВЕН,1.1.1. Части (Електролизьор),Ламарина кръг 1060мм 316L 5мм,97611/130825/2,1785439929539495184,,,«0000N0000000000,0.0,0.0,0.0,0.0,0.0,0.0,M,L,L,577.6166640249919,0.0,0.0,0,,0.0,0.0,2026-02-11 08:28:05.275,2026-02-11 08:28:05.275
6297,3,1,1318358583,0. СКЛАД - ОСНОВЕН,Шини (Електроника),DIN-релса за модулна апаратура перфорирана 2m,1459019554/071125/1,1785439929539495185,,,«0000N0000000000,0.0,0.0,,,0.0,0.0,M,L,L,3.25181636440795,0.0,0.0,0,,0.0,0.0,2026-02-04 14:03:36.625,2026-01-26 08:14:38.172
6297,4,1,1316360190,0. СКЛАД - ОСНОВЕН,Шини (Електроника),DIN-релса за модулна апаратура перфорирана 2m,1469000128/060126/5,1785439929539495186,,,«0000N0000000000,0.0,0.0,,,0.0,0.0,M,L,L,3.31,0.0,0.0,0,,0.0,0.0,2026-02-09 14:00:47.627,2026-02-09 14:00:47.627
6297,5,1,1319535661,0. СКЛАД - ОСНОВЕН,2.1. Тръби,"Тръба прецизна ф20х1,2",28082025,1785439929539495187,,,«0000N0000000000,0.0,0.0,0.0,0.0,0.0,0.0,M,L,L,2.56,0.0,0.0,0,,0.0,0.0,2026-02-16 08:33:32.317,2026-02-16 08:33:32.317
6297,6,1,1319535774,0. СКЛАД - ОСНОВЕН,2.1. Тръби,"Тръба шевна 304L (48,3х2) 1 1/2``",10143532/110925/48.3,1785439929539495197,,,«0000N0000000000,0.0,0.0,0.0,0.0,0.0,0.0,M,L,L,14.909215999999999,0.0,0.0,0,,0.0,0.0,2026-02-16 08:35:09.409,2026-02-16 08:35:09.409
6297,7,1,1319535601,0. СКЛАД - ОСНОВЕН,2.1. Тръби,"Тръба шевна 304L (323,9х3) 12``",10143532/110925/323.9,1785439929539495188,,,«0000N0000000000,0.0,0.0,0.0,0.0,0.0,0.0,M,L,L,147.655439,0.0,0.0,0,,0.0,0.0,2026-02-16 08:32:39.965,2026-02-16 08:32:39.965
6297,8,1,,Склад,М3,Болт с шест.гл. А2 М3х25,10544810/120126/1,1785439929539495199,,,«0000N0000000000,0.0,0.0,,,0.0,0.0,M,L,L,0.05,0.0,0.0,0,,0.0,0.0,2026-01-27 13:45:38.379,2026-01-27 13:45:38.379
6297,9,1,1319535609,0. СКЛАД - ОСНОВЕН,2.1. Тръби,"Тръба безшевна 316L 6x1,0",10143532/110925/6x1,1785439929539495189,,,«0000N0000000000,0.0,0.0,0.0,0.0,0.0,0.0,M,L,L,5.051545,0.0,0.0,0,,0.0,0.0,2026-02-16 08:32:47.402,2026-02-16 08:32:47.402
6297,10,1,1317159113,0. СКЛАД - ОСНОВЕН,2.1. Тръби,"Тръба безшевна 316L 6x1,0",28082025/1,1785439929539495190,,,«0000N0000000000,0.0,0.0,0.0,0.0,0.0,0.0,M,L,L,5.051545,0.0,0.0,0,,0.0,0.0,2026-01-23 14:11:14.444,2026-01-23 14:11:14.444
6297,11,1,1319535653,0. СКЛАД - ОСНОВЕН,2.1. Тръби,Тръба оребрена 25х2,28082025/8,1785439929539495191,,,«0000N0000000000,0.0,0.0,0.0,0.0,0.0,0.0,M,L,L,48.137952999999996,0.0,0.0,0,,0.0,0.0,2026-02-16 08:33:24.942,2026-02-16 08:33:24.942
6297,12,1,,Склад,М3,Гайка шест. А2 М3,10544810/120126/2,1785439929539495200,,,«0000N0000000000,0.0,0.0,,,0.0,0.0,M,L,L,0.01,0.0,0.0,0,,0.0,0.0,2026-01-27 13:46:00.026,2026-01-27 13:46:00.026
6297,13,1,1319535681,0. СКЛАД - ОСНОВЕН,2.1. Тръби,"Тръба шевна 304L (114,3х2) 4``",10143532/110925/114.3,1785439929539495192,,,«0000N0000000000,0.0,0.0,0.0,0.0,0.0,0.0,M,L,L,31.239818999999997,0.0,0.0,0,,0.0,0.0,2026-02-16 08:33:48.894,2026-02-16 08:33:48.894
6297,14,1,1319535685,0. СКЛАД - ОСНОВЕН,2.1. Тръби,"Тръба шевна 304L (114,3х2) 4``",28082025/7,1785439929539495193,,,«0000N0000000000,0.0,0.0,0.0,0.0,0.0,0.0,M,L,L,31.239818999999997,0.0,0.0,0,,0.0,0.0,2026-02-16 08:33:52.128,2026-02-16 08:33:52.128
6297,15,1,1319535743,0. СКЛАД - ОСНОВЕН,2.1. Тръби,"Тръба шевна 304L (33,7x2.6) 1“",10143626/120925,1785439929539495236,,,«0000N0000000000,0.0,0.0,0.0,0.0,0.0,0.0,M,L,L,13.068572,0.0,0.0,0,,0.0,0.0,2026-02-16 08:34:42.748,2026-02-16 08:34:42.748
6297,16,1,1319535697,0. СКЛАД - ОСНОВЕН,2.1. Тръби,"Тръба шевна 304L (168,3х2) 6``",10143532/110925/168.3,1785439929539495194,,,«0000N0000000000,0.0,0.0,0.0,0.0,0.0,0.0,M,L,L,33.642882,0.0,0.0,0,,0.0,0.0,2026-02-16 08:34:03.063,2026-02-16 08:34:03.063
6297,17,1,1319535701,0. СКЛАД - ОСНОВЕН,2.1. Тръби,"Тръба шевна 304L (168,3х2) 6``",28082025/6,1785439929539495195,,,«0000N0000000000,0.0,0.0,0.0,0.0,0.0,0.0,M,L,L,33.642882,0.0,0.0,0,,0.0,0.0,2026-02-16 08:34:06.282,2026-02-16 08:34:06.282
6297,18,1,1319535712,0. СКЛАД - ОСНОВЕН,2.1. Тръби,"Тръба шевна 304L (21,3x2) 1/2``",28082025/2,1785439929539495196,,,«0000N0000000000,0.0,0.0,0.0,0.0,0.0,0.0,M,L,L,5.721335,0.0,0.0,0,,0.0,0.0,2026-02-16 08:34:15.422,2026-02-16 08:34:15.422
6297,21,1,1319535782,0. СКЛАД - ОСНОВЕН,2.1. Тръби,"Тръба шевна 304L (60,3х2) 2``","10143532/110925/60,3",1785439929539495198,,,«0000N0000000000,0.0,0.0,0.0,0.0,0.0,0.0,M,L,L,12.061331,0.0,0.0,0,,0.0,0.0,2026-02-16 08:35:16.471,2026-02-16 08:35:16.471
6310,0,1,,Склад,2. Консумативи,Свредло цилидрично ф10,10544810/120126/3,1785439929539495201,,,«0000N0000000000,0.0,0.0,,,0.0,0.0,M,L,L,8.03,0.0,0.0,0,,0.0,0.0,2026-01-28 12:54:59.610,2026-01-28 12:54:59.610
6310,1,1,,Склад,2. Консумативи,Свредло цилидрично ф6,10544810/120126/4,1785439929539495202,,,«0000N0000000000,0.0,0.0,,,0.0,0.0,M,L,L,3.6,0.0,0.0,0,,0.0,0.0,2026-01-28 12:55:05.406,2026-01-28 12:55:05.406
6310,2,1,,Склад,2. Консумативи,Свредло цилидрично ф8,10544810/120126/5,1785439929539495203,,,«0000N0000000000,0.0,0.0,,,0.0,0.0,M,L,L,5.35,0.0,0.0,0,,0.0,0.0,2026-01-28 12:55:11.484,2026-01-28 12:55:11.484
6310,3,1,1316433400,System - 90kW Volkswagen (59),2.5.4. Вентили,Магнетвентил 1“,265836/031225/3,1785439929539495204,,,«0000N0000000000,1.0,0.0,,,0.0,0.0,M,L,L,191.66,0.0,0.0,0,,0.0,0.0,2026-01-16 08:00:58.643,2026-01-16 07:54:51.183
6310,4,1,1316433400,System - 90kW Volkswagen (59),2.5.4. Вентили,Магнетвентил 1“,pbc853531,1785439929539495205,,,«0000N0000000000,1.0,0.0,,,0.0,0.0,M,L,L,191.66,0.0,0.0,0,,0.0,0.0,2026-01-16 08:00:58.643,2026-01-16 07:54:59.316
6310,5,1,1316433170,System - 10kW Italy,Сензори,Нивомер поплавъчен тип 8181,po32235,1785439929539495206,,,«0000N0000000000,2.0,0.0,,,0.0,0.0,M,L,L,86.658542,0.0,0.0,0,,0.0,0.0,2026-01-16 07:57:39.476,2026-01-16 07:57:39.476
6310,6,1,1316433229,System - 10kW Italy,Релета,Реле мини тип PT 14 пина 4CO 24VDC 6A,1459019939/121125/13,1785439929539495207,,|1—реле с цокъл|2—6A/24V|5—склад|,«0000N0000000000,6.0,0.0,,,0.0,0.0,M,L,L,2.955256,0.0,0.0,0,,0.0,0.0,2026-01-16 07:58:30.582,2026-01-16 07:58:30.582
6310,7,1,1320962482,Склад,Релета,Цокъл за реле PT 14 пина с лог.подр. 6A,160126,1785439929539495208,,|1—цокъл за PT реле|2—6A/250V AC|5—склад|,«0000N0000000000,-5.0,0.0,,,0.0,0.0,M,L,L,0.0,0.0,0.0,0,,0.0,0.0,2026-01-16 07:59:16.141,2026-01-16 07:59:16.141
6310,9,1,1320962482,System - 10kW Italy,Релета,Цокъл за реле PT 14 пина с лог.подр. 6A,160126,1785439929539495209,,|1—цокъл за PT реле|2—6A/250V AC|5—склад|,«0000N0000000000,5.0,0.0,,,0.0,0.0,M,L,L,0.0,0.0,0.0,0,,0.0,0.0,2026-03-02 14:59:44.660,2026-01-16 07:59:16.141
6310,11,1,1316433400,System - 10kW Italy,Други (Електроника),Щекер  (LD),265836/031225/2,1785439929539495210,,|1—щекер|2—без опаковка|5—склад|,«0000N0000000000,6.0,0.0,,,0.0,0.0,M,L,L,1.59,0.0,0.0,0,,0.0,0.0,2026-01-16 08:00:58.034,2026-01-16 08:00:13.524
6310,12,1,1316433400,System - 10kW Italy,Унител,захранване за DIN шина SDR-120-24 24V/5A,661/181125/2,1785439929539495211,,|1—захранване за DIN шина|2—24V/5A|5—склад|,«0000N0000000000,1.0,0.0,,,0.0,0.0,M,L,L,44.87,0.0,0.0,0,,0.0,0.0,2026-01-16 08:00:58.299,2026-01-16 08:00:47.675
6310,13,1,1320962482,System - 60kW Brikel (60),2.2. Фитинги за заваряване,"Капа 316L (168,3x2,0) 6``",10143532/110925/6`,1785439929539495212,,,«0000N0000000000,6.0,0.0,,,0.0,0.0,M,L,L,20.19091638843867,0.0,0.0,0,,0.0,0.0,2026-03-02 14:59:44.675,2026-01-16 08:42:39.597
6310,14,1,1320962482,System - 60kW Brikel (60),2.2. Фитинги за заваряване,"Капа 316L (168,3x2,0) 6``",10144231/011025/1,1785439929539495213,,,«0000N0000000000,2.0,0.0,,,0.0,0.0,M,L,L,20.19091638843867,0.0,0.0,0,,0.0,0.0,2026-03-02 14:59:44.675,2026-01-16 08:42:48.864
6310,15,1,1319056204,0. СКЛАД - ОСНОВЕН,2.2. Фитинги за заваряване,"Капа 316L (114,3х2) 4``",10143532/110925/4`,1785439929539495214,,,«0000N0000000000,0.0,0.0,0.0,0.0,0.0,0.0,M,L,L,7.98635,0.0,0.0,0,,0.0,0.0,2026-02-11 13:29:20.489,2026-02-11 13:29:20.489
6310,16,1,1319056231,0. СКЛАД - ОСНОВЕН,2.2. Фитинги за заваряване,"Капа 316L (168,3x2,0) 6``",10144231/011025/1,1785439929539495215,,,«0000N0000000000,0.0,0.0,0.0,0.0,0.0,0.0,M,L,L,20.190842,0.0,0.0,0,,0.0,0.0,2026-02-11 13:29:43.952,2026-02-11 13:29:43.952
6310,17,1,1319536560,0. СКЛАД - ОСНОВЕН,2.2. Фитинги за заваряване,"Капа 316L (323.0х3,0) 12“",10144231/011025/2,1785439929539495216,,,«0000N0000000000,0.0,0.0,0.0,0.0,0.0,0.0,M,L,L,78.534144,0.0,0.0,0,,0.0,0.0,2026-02-16 08:46:28.722,2026-02-16 08:46:28.722
6310,18,1,1319056465,0. СКЛАД - ОСНОВЕН,2.2. Фитинги за заваряване,"Коляно 45° 304L заварка (48,3х2) 1 1/2``",050126/1,1785439929539495217,,,«0000N0000000000,0.0,0.0,0.0,0.0,0.0,0.0,M,L,L,5.752013,0.0,0.0,0,,0.0,0.0,2026-02-11 13:33:06.740,2026-02-11 13:33:06.740
6310,19,1,1319535749,0. СКЛАД - ОСНОВЕН,2.1. Тръби,"Тръба шевна 304L (33,7x2.6) 1“",10144596/101025/1,1785439929539495237,,,«0000N0000000000,0.0,0.0,0.0,0.0,0.0,0.0,M,L,L,13.068572,0.0,0.0,0,,0.0,0.0,2026-02-16 08:34:48.232,2026-02-16 08:34:48.232
6310,20,1,1318862496,0. СКЛАД - ОСНОВЕН,2.2. Фитинги за заваряване,"Коляно 90° 304L заварка (33,7х2) 1``",10143532/110925/k1`,1785439929539495218,,,«0000N0000000000,15.0,0.0,0.0,0.0,0.0,0.0,M,L,L,2.996159,5.86,5.86,0,,0.0,0.0,2026-02-09 14:59:57.203,2026-02-09 14:59:57.203
6310,22,1,1319056478,0. СКЛАД - ОСНОВЕН,2.2. Фитинги за заваряване,"Коляно 90° 304L заварка (48,3х2) 1 1/2``",10143532/110925/k1.1/2`,1785439929539495219,,,«0000N0000000000,0.0,0.0,0.0,0.0,0.0,0.0,M,L,L,3.798885,0.0,0.0,0,,0.0,0.0,2026-02-11 13:33:17.724,2026-02-11 13:33:17.724
6319,0,1,1319056490,0. СКЛАД - ОСНОВЕН,2.2. Фитинги за заваряване,"Коляно 90° 304L зав. (60,3x2) 2``",10143532/110925/k2`,1785439929539495220,,,«0000N0000000000,0.0,0.0,0.0,0.0,0.0,0.0,M,L,L,5.724403,0.0,0.0,0,,0.0,0.0,2026-02-11 13:33:27.801,2026-02-11 13:33:27.801
6319,1,1,1322033573,0. СКЛАД - ОСНОВЕН,2.2. Фитинги за заваряване,Полунипел 316L 150LBS 1 1/2“,10143532/110925/pn1.1/2`,1785439929539495225,,|1—полунипел|2—1 1/2`|5—склад|,«0000N0000000000,0.0,0.0,0.0,0.0,0.0,0.0,M,L,L,2.766079,0.0,0.0,0,,0.0,0.0,2026-03-13 08:03:27.161,2026-03-13 08:03:27.161
6319,2,1,1319056513,0. СКЛАД - ОСНОВЕН,2.2. Фитинги за заваряване,"Тройник 304L заварка (60,3х2) 2``",10143532/110925/t2`,1785439929539495221,,,«0000N0000000000,0.0,0.0,0.0,0.0,0.0,0.0,M,L,L,11.069428,0.0,0.0,0,,0.0,0.0,2026-02-11 13:33:47.987,2026-02-11 13:33:47.987
6319,3,1,1318944476,0. СКЛАД - ОСНОВЕН,2.2. Фитинги за заваряване,Кръст зав. 316L W/W DIN11850 SERIE2 DN32,1,1785439929539495222,,,«0000N0000000000,0.0,0.0,0.0,0.0,0.0,0.0,M,L,L,12.63,0.0,0.0,0,,0.0,0.0,2026-02-10 10:40:27.910,2026-02-10 10:40:27.910
6319,4,1,1317550825,0. СКЛАД - ОСНОВЕН,2.6. Арматури,Филтър на фл. 316 INOX PN16 DN40,10146144/141125/1,1785439929539495226,,,«0000N0000000000,0.0,0.0,0.0,0.0,0.0,0.0,M,L,L,256.263661,0.0,0.0,0,,0.0,0.0,2026-01-27 12:11:53.473,2026-01-27 12:11:53.473
6319,5,1,,Склад,Сензори,Дебитомер (flowmeter) малък,N01980812258,1785439929539495238,,,«0000N0000000000,0.0,0.0,,,0.0,0.0,M,L,L,554.06,0.0,0.0,0,,0.0,0.0,2026-01-28 13:05:11.449,2026-01-28 13:05:11.449
6319,6,1,1319056522,0. СКЛАД - ОСНОВЕН,2.2. Фитинги за заваряване,Тройник 304L заварка (48.3х2) 1 1/2“,10143532/110925/t1.1/2`,1785439929539495223,,|1—тройник|2—48.3х2|,«0000N0000000000,0.0,0.0,0.0,0.0,0.0,0.0,M,L,L,8.615237,0.0,0.0,0,,0.0,0.0,2026-02-11 13:33:55.830,2026-02-11 13:33:55.830
6319,7,1,,Склад,Сензори,Дебитомер (flowmeter) малък,N01840812254,1785439929539495239,,,«0000N0000000000,0.0,0.0,,,0.0,0.0,M,L,L,554.06,0.0,0.0,0,,0.0,0.0,2026-01-28 13:05:07.840,2026-01-28 13:05:07.840
6319,8,1,1318863350,0. СКЛАД - ОСНОВЕН,2.4. Фланци,Фланец плосък 304 T10 PN16 DN40,10143532/110925/40,1785439929539495227,,,«0000N0000000000,0.0,0.0,0.0,0.0,0.0,0.0,M,L,L,11.015077999999999,0.0,0.0,0,,0.0,0.0,2026-02-09 15:12:14.820,2026-02-09 15:12:14.820
6319,9,1,1318956613,0. СКЛАД - ОСНОВЕН,2.2. Фитинги за заваряване,Тройник 304L заварка (33.7х2) 1`,10143532/110925/t1`,1785439929539495224,,|1—тройник|2—33.7х2|,«0000N0000000000,0.0,0.0,0.0,0.0,0.0,0.0,M,L,L,6.033222,0.0,0.0,0,,0.0,0.0,2026-02-10 13:35:13.936,2026-02-10 13:35:13.936
6319,10,1,1316443128,0. СКЛАД - ОСНОВЕН,2.5.1. Кранове на фланци,Кран сфер. на фл. 2-части 316L PN40 (Акт) 1 1/2“,1419195/040925/5,1785439929539495240,,,«0000N0000000000,2.0,0.0,,,0.0,0.0,M,L,L,379.755535,0.0,0.0,0,,0.0,0.0,2026-03-11 09:24:41.549,2026-03-11 09:24:41.549
6319,12,1,1318863329,0. СКЛАД - ОСНОВЕН,2.4. Фланци,Фланец плосък 304 T10 PN16 DN50,10143532/110925/50,1785439929539495228,,,«0000N0000000000,0.0,0.0,0.0,0.0,0.0,0.0,M,L,L,10.607529,0.0,0.0,0,,0.0,0.0,2026-02-09 15:11:56.075,2026-02-09 15:11:56.075
6319,14,1,1318863275,0. СКЛАД - ОСНОВЕН,2.4. Фланци,Фланец плосък 304 T8 PN16 DN25,10143532/110925/25,1785439929539495229,,,«0000N0000000000,0.0,0.0,0.0,0.0,0.0,0.0,M,L,L,5.4,0.0,0.0,0,,0.0,0.0,2026-02-09 15:11:09.923,2026-02-09 15:11:09.923
6319,15,1,1319737622,0. СКЛАД - ОСНОВЕН,2.4. Фланци,Фланец плосък с резба 304L PN10/16 DN50 x2“,10143532/110925/r50,1785439929539495230,,,«0000N0000000000,0.0,0.0,0.0,0.0,0.0,0.0,M,L,L,29.512680999999997,0.0,0.0,0,,0.0,0.0,2026-02-18 09:01:46.421,2026-02-18 09:01:46.421
6319,17,1,1316440174,0. СКЛАД - ОСНОВЕН,2.4. Фланци,Фланец плосък с резба 304L PN10/16/40 DN25 x1“,10143532/110925/r25,1785439929539495231,,,«0000N0000000000,0.0,0.0,,,0.0,0.0,M,L,L,17.166459,0.0,0.0,0,,0.0,0.0,2026-02-06 10:06:47.755,2026-02-06 10:06:47.755
6319,19,1,1319737655,0. СКЛАД - ОСНОВЕН,2.4. Фланци,Фланец плосък с резба 304L PN10/16/40 DN40x1 1/2,10143532/110925/r40,1785439929539495232,,,«0000N0000000000,0.0,0.0,0.0,0.0,0.0,0.0,M,L,L,32.456689,0.0,0.0,0,,0.0,0.0,2026-02-18 09:02:14.560,2026-02-18 09:02:14.560
6319,22,1,1317832798,0. СКЛАД - ОСНОВЕН,2.4. Фланци,Уплътнение CF3000 PTFE DN25,10143532/110925/pfte25,1785439929539495233,,|1—уплътнение CF3000 PTFE|2—DN25|5—склад|,«0000N0000000000,0.0,0.0,0.0,0.0,0.0,0.0,M,L,L,1.08,0.0,0.0,0,,0.0,0.0,2026-02-05 08:51:59.429,2026-02-05 08:51:59.429
6319,24,1,1319737681,0. СКЛАД - ОСНОВЕН,2.4. Фланци,Уплътнение CF3000 PTFE DN40,10143532/110925/pfte40,1785439929539495234,,|1—уплътнение CF3000 PTFE|2—DN40|5—склад|,«0000N0000000000,0.0,0.0,0.0,0.0,0.0,0.0,M,L,L,1.089048,0.0,0.0,0,,0.0,0.0,2026-02-18 09:02:37.636,2026-02-18 09:02:37.636
6319,27,1,1319737692,0. СКЛАД - ОСНОВЕН,2.4. Фланци,Уплътнение CF3000 PTFE DN50,10143532/110925/pfte50,1785439929539495235,,|1—уплътнение CF3000 PTFE|2—DN50|5—склад|,«0000N0000000000,0.0,0.0,0.0,0.0,0.0,0.0,M,L,L,2.157644,0.0,0.0,0,,0.0,0.0,2026-02-18 09:02:47.011,2026-02-18 09:02:47.011
6330,0,1,1316443135,0. СКЛАД - ОСНОВЕН,2.5.1. Кранове на фланци,Кран сфер. на фл. 2-части 316L PN40 (Акт) 1“,050126/2,1785439929539495241,,,«0000N0000000000,1.0,0.0,,,0.0,0.0,M,L,L,274.58,0.0,0.0,0,,0.0,0.0,2026-04-08 12:46:15.120,2026-04-08 12:46:15.120
6330,1,1,1316443143,0. СКЛАД - ОСНОВЕН,2.5.1. Кранове на фланци,Кран сфер. на фл. 2-части 316L PN40 (Акт) 2“,1419195/040925/4,1785439929539495242,,,«0000N0000000000,3.0,0.0,,,0.0,0.0,M,L,L,438.664579,0.0,0.0,0,,0.0,0.0,2026-01-16 10:21:15.978,2026-01-16 10:21:15.978
6330,2,1,1317852071,0. СКЛАД - ОСНОВЕН,2.5.2. Кранове на заварка,Кран сфер. на зав. 3-части 316L PN63 (Акт) 1“,1419195/040925/2,1785439929539495243,,,«0000N0000000000,2.0,0.0,0.0,0.0,0.0,0.0,M,L,L,191.7,0.0,0.0,0,,0.0,0.0,2026-03-27 08:30:34.447,2026-03-27 08:30:34.447
6330,3,1,1317853591,0. СКЛАД - ОСНОВЕН,2.5.3. Кранове на резба,Кран сфер. на рез. 3-части 316L PN63 1/2“,1419196/040925/2,1785439929539495244,,,«0000N0000000000,10.0,0.0,0.0,0.0,0.0,0.0,M,L,L,10.467385,0.0,0.0,0,,0.0,0.0,2026-01-30 12:51:42.643,2026-01-30 12:51:42.643
6330,4,1,1319056504,0. СКЛАД - ОСНОВЕН,2.2. Фитинги за заваряване,"Концентричен нам. 304L (60,3х33,7х2) 2``-1``",160126/1,1785439929539495248,,,«0000N0000000000,0.0,0.0,0.0,0.0,0.0,0.0,M,L,L,4.28,0.0,0.0,0,,0.0,0.0,2026-02-11 13:33:39.972,2026-02-11 13:33:39.972
6330,5,1,1317853865,0. СКЛАД - ОСНОВЕН,2.5.2. Кранове на заварка,Кран сфер. на зав. 3-части 316L PN63 1/2“,1419196/040925/1,1785439929539495245,,,«0000N0000000000,14.0,0.0,0.0,0.0,0.0,0.0,M,L,L,10.467385,0.0,0.0,0,,0.0,0.0,2026-01-30 12:55:39.787,2026-01-30 12:55:39.787
6330,7,1,1317854769,0. СКЛАД - ОСНОВЕН,2.5.1. Кранове на фланци,Кран сфер. на фл. трипътен 316L (Акт) 1 1/2`“,1419195/040925/3,1785439929539495246,,,«0000N0000000000,4.0,0.0,0.0,0.0,0.0,0.0,M,L,L,537.820071,0.0,0.0,0,,0.0,0.0,2026-01-30 13:08:40.553,2026-01-30 13:08:40.553
6330,8,1,1316443276,0. СКЛАД - ОСНОВЕН,2.5.1. Кранове на фланци,Кран сфер. на фл. трипътен 316L (Акт) 1“,84818099/2/101225,1785439929539495247,,,«0000N0000000000,2.0,0.0,,,0.0,0.0,M,L,L,485.2,0.0,0.0,0,,0.0,0.0,2026-03-19 08:37:39.793,2026-03-19 08:37:39.793
6330,10,1,1316451433,0. СКЛАД - ОСНОВЕН,2.5.4. Вентили,Вентил предпазен 2“G x 2“G,1419195/040925,1785439929539495249,,|1—Предпазен вентил|3—Genebre|5—склад|,«0000N0000000000,4.0,0.0,,,0.0,0.0,M,L,L,247.14736,0.0,0.0,0,,0.0,0.0,2026-01-16 12:20:39.115,2026-01-16 12:20:39.115
6330,12,1,1318833608,0. СКЛАД - ОСНОВЕН,М16,Болт с шест.гл. 8.8 vZn M16x55,10524822/311025/4,1785439929539495264,,,«0000N0000000000,0.0,0.0,0.0,0.0,0.0,0.0,M,L,L,0.301508,0.0,0.0,0,,0.0,0.0,2026-02-09 08:03:57.608,2026-02-09 08:03:57.608
6330,13,1,1317656743,0. СКЛАД - ОСНОВЕН,2.5.4. Вентили,Вентил предпазен 1216 НРЖ PN40 1 1/2“x2“,10147786/050126/1,1785439929539495884,,,«0000N0000000000,2.0,0.0,,,0.0,0.0,M,L,L,343.75,0.0,0.0,0,,0.0,0.0,2026-01-28 13:37:06.305,2026-01-28 13:37:06.305
6330,14,1,1319851347,0. СКЛАД - ОСНОВЕН,М/Ж резба,Преход 316L резба М/Ж 3/4“х1/4“,10143532/110925/1,1785439929539495250,,|1—преход м/ж|2—3/4х1/4|5—склад|,«0000N0000000000,0.0,0.0,0.0,0.0,0.0,0.0,M,L,L,3.527901,0.0,0.0,0,,0.0,0.0,2026-02-19 12:19:23.769,2026-02-19 12:19:23.769
6330,16,1,1319851366,0. СКЛАД - ОСНОВЕН,Муфи на резба,Муфа 304L резба 150LBS 1/4“,10143532/110925/1.4,1785439929539495251,,,«0000N0000000000,0.0,0.0,0.0,0.0,0.0,0.0,M,L,L,0.761822,0.0,0.0,0,,0.0,0.0,2026-02-19 12:19:40.096,2026-02-19 12:19:40.096
6330,18,1,1319851409,0. СКЛАД - ОСНОВЕН,Муфи на резба,Муфа 304L резбa 150LBS  1/2``,10143532/110925/1.2,1785439929539495252,,,«0000N0000000000,0.0,0.0,0.0,0.0,0.0,0.0,M,L,L,1.3498059999999998,0.0,0.0,0,,0.0,0.0,2026-02-19 12:20:17.346,2026-02-19 12:20:17.346
6330,19,1,1319851412,0. СКЛАД - ОСНОВЕН,Муфи на резба,Муфа 304L резбa 150LBS  1/2``,143284/02092025/4,1785439929539495253,,,«0000N0000000000,0.0,0.0,0.0,0.0,0.0,0.0,M,L,L,1.3498059999999998,0.0,0.0,0,,0.0,0.0,2026-02-19 12:20:20.252,2026-02-19 12:20:20.252
6330,22,1,1319851448,0. СКЛАД - ОСНОВЕН,Муфи на резба,Муфа 304L резбa 150LBS L42 1``,10143532/110925/1.,1785439929539495254,,,«0000N0000000000,0.0,0.0,0.0,0.0,0.0,0.0,M,L,L,2.970595,0.0,0.0,0,,0.0,0.0,2026-02-19 12:20:51.069,2026-02-19 12:20:51.069
6330,25,1,1319851475,0. СКЛАД - ОСНОВЕН,Муфи на резба,Муфа 304L резбa 150LBS L45 1 1/2``,10143532/110925/1.1/2,1785439929539495255,,,«0000N0000000000,0.0,0.0,0.0,0.0,0.0,0.0,M,L,L,2.781418,0.0,0.0,0,,0.0,0.0,2026-02-19 12:21:14.701,2026-02-19 12:21:14.701
6330,28,1,1319851507,0. СКЛАД - ОСНОВЕН,Муфи на резба,Муфа 304L резбa 150LBS L54 2``,10143532/110925/2.,1785439929539495256,,,«0000N0000000000,0.0,0.0,0.0,0.0,0.0,0.0,M,L,L,4.172126,0.0,0.0,0,,0.0,0.0,2026-02-19 12:21:42.223,2026-02-19 12:21:42.223
6338,0,1,1318932372,0. СКЛАД - ОСНОВЕН,Фитинги - Щуцер на резба,Щуцер за маркуч 304 1/2“,061125/1,1785439929539495257,,,«0000N0000000000,0.0,0.0,0.0,0.0,0.0,0.0,M,L,L,0.935661,0.0,0.0,0,,0.0,0.0,2026-02-10 07:46:09.909,2026-02-10 07:46:09.909
6338,2,1,1319851916,0. СКЛАД - ОСНОВЕН,Муфи на резба,Муфа 316L резба 150LBS 1/4“,181225/14,1785439929539495258,,|1—муфа вътр. резба|2—1/4`|5—склад|,«0000N0000000000,0.0,0.0,0.0,0.0,0.0,0.0,M,L,L,0.7669349999999999,0.0,0.0,0,,0.0,0.0,2026-02-19 12:27:35.918,2026-02-19 12:27:35.918
6338,3,1,1321244843,System - 90kW Volkswagen (59),Апогей,Топлообменник XT,36342/261125,1785439929539495894,,,«0000N0000000000,4.0,0.0,0.0,0.0,0.0,0.0,M,L,L,779.9984599999999,0.0,0.0,0,,0.0,0.0,2026-03-05 10:45:44.844,2026-03-05 10:45:44.844
6338,4,1,1317750613,0. СКЛАД - ОСНОВЕН,Муфи на резба,Муфа 316L резба 150LBS 1/2“,07082025,1785439929539495259,,|1—муфа вътр. резба|2—1/2`|,«0000N0000000000,0.0,0.0,0.0,0.0,0.0,0.0,M,L,L,1.840644,0.0,0.0,0,,0.0,0.0,2026-01-29 12:08:49.838,2026-01-29 12:08:49.838
6338,5,1,1318837361,0. СКЛАД - ОСНОВЕН,2. Консумативи,Скоба за тръба 1 1/2`,167415/271025,1785439929539495265,,,«0000N0000000000,0.0,0.0,0.0,0.0,0.0,0.0,M,L,L,4.192578,0.0,0.0,0,,0.0,0.0,2026-02-09 08:58:00.630,2026-02-09 08:58:00.630
6338,7,1,1319852379,0. СКЛАД - ОСНОВЕН,Нипели на резба,Нипел шест. 316L резба 150LBS 1“,10143532/110925/100806,1785439929539495260,,|1—нипел шестостен|2—1`|5—склад|,«0000N0000000000,0.0,0.0,0.0,0.0,0.0,0.0,M,L,L,3.2620299999999998,0.0,0.0,0,,0.0,0.0,2026-02-19 12:34:16.227,2026-02-19 12:34:16.227
6338,8,1,1320962482,Склад,Външна резба,Нипел намалител 316L 150LBS 2“х1“,120126/16,1785439929539495478,,|1—нипел намалител|2—2х1|5—склад|,«0000N0000000000,0.0,0.0,,,0.0,0.0,M,L,L,0.0,0.0,0.0,0,,0.0,0.0,2026-01-27 14:12:54.572,2026-01-27 14:12:54.572
6338,9,1,1319852250,0. СКЛАД - ОСНОВЕН,Нипели на резба,Нипел шест. 316L резба 150LBS 1/4“,181225/21,1785439929539495261,,|1—нипел шестостен|2—1/4`|5—склад|,«0000N0000000000,0.0,0.0,0.0,0.0,0.0,0.0,M,L,L,0.7822739999999999,0.0,0.0,0,,0.0,0.0,2026-02-19 12:32:24.625,2026-02-19 12:32:24.625
6338,11,1,1319853707,0. СКЛАД - ОСНОВЕН,Холендри на резба,Холендър 316L резба М/Ж PTFE 150LBS 2“,10143120/27082025/2,1785439929539495262,,"|1—холендер PTFE м/ж, BSP|2—2`|5—склад|",«0000N0000000000,0.0,0.0,0.0,0.0,0.0,0.0,M,L,L,53.378676,0.0,0.0,0,,0.0,0.0,2026-02-19 12:53:23.295,2026-02-19 12:53:23.295
6338,13,1,1319853728,0. СКЛАД - ОСНОВЕН,Холендри на резба,Холендър 316L резба вътрешна 3000LBS 1/2“,300925,1785439929539495263,,|1—холендер вътр. резба|2—1/2`|5—склад|,«0000N0000000000,0.0,0.0,0.0,0.0,0.0,0.0,M,L,L,3.5483529999999996,0.0,0.0,0,,0.0,0.0,2026-02-19 12:53:41.012,2026-02-19 12:53:41.012
6338,14,1,1319851606,0. СКЛАД - ОСНОВЕН,Тапи на резба,Тапа 304L резба 1/2``,16584381,1785439929539495266,,,«0000N0000000000,0.0,0.0,0.0,0.0,0.0,0.0,M,L,L,0.690241,0.0,0.0,0,,0.0,0.0,2026-02-19 12:23:07.952,2026-02-19 12:23:07.952
6338,15,1,1318833618,0. СКЛАД - ОСНОВЕН,М16,Шайба пружинна DIN2093 М16,14798/041225,1785439929539495267,,,«0000N0000000000,0.0,0.0,0.0,0.0,0.0,0.0,M,L,L,0.245419,0.0,0.0,0,,0.0,0.0,2026-02-09 08:04:05.826,2026-02-09 08:04:05.826
6338,16,1,1318837207,0. СКЛАД - ОСНОВЕН,М8,Шпилка 8.8 vZn M8x1000,031125/2,1785439929539495268,,,«0000N0000000000,0.0,0.0,0.0,0.0,0.0,0.0,M,L,L,95.836198,0.0,0.0,0,,0.0,0.0,2026-02-09 08:55:47.234,2026-02-09 08:55:47.234
6338,18,1,1318833323,0. СКЛАД - ОСНОВЕН,М12,Болт с шест.гл. 8.8 vZn М12х100,091025/3,1785439929539495269,,|1—болт цинк|2—М12х100|5—склад|,«0000N0000000000,0.0,0.0,0.0,0.0,0.0,0.0,M,L,L,0.24,0.0,0.0,0,,0.0,0.0,2026-02-09 07:59:51.306,2026-02-09 07:59:51.306
6338,20,1,1318833326,0. СКЛАД - ОСНОВЕН,М12,Болт с шест.гл. 8.8 vZn М12х100,10527503/071125/6,1785439929539495270,,|1—болт цинк|2—М12х100|5—склад|,«0000N0000000000,0.0,0.0,0.0,0.0,0.0,0.0,M,L,L,0.240306,0.0,0.0,0,,0.0,0.0,2026-02-09 07:59:54.212,2026-02-09 07:59:54.212
6338,22,1,1318833405,0. СКЛАД - ОСНОВЕН,М12,Болт с шест.гл. 8.8 vZn М12х25,12345,1785439929539495271,,|1—болт цинк|2—М12х25|5—склад|,«0000N0000000000,0.0,0.0,0.0,0.0,0.0,0.0,M,L,L,0.1,0.0,0.0,0,,0.0,0.0,2026-02-09 08:01:02.520,2026-02-09 08:01:02.520
6338,24,1,1318833420,0. СКЛАД - ОСНОВЕН,М12,Болт с шест.гл. 8.8 vZn М12х40,10527503/071125/4,1785439929539495272,,|1—болт цинк|2—М12х40|5—склад|,«0000N0000000000,0.0,0.0,0.0,0.0,0.0,0.0,M,L,L,0.14,0.0,0.0,0,,0.0,0.0,2026-02-09 08:01:15.285,2026-02-09 08:01:15.285
6338,26,1,1318835009,0. СКЛАД - ОСНОВЕН,М16,Болт с шест.гл. 8.8 vZn М16х45,250725,1785439929539495273,,|1—болт цинк|2—М16х45|5—склад|,«0000N0000000000,0.0,0.0,0.0,0.0,0.0,0.0,M,L,L,0.29,0.0,0.0,0,,0.0,0.0,2026-02-09 08:24:07.742,2026-02-09 08:24:07.742
6350,0,1,1318835071,0. СКЛАД - ОСНОВЕН,М16,Болт с шест.гл. 8.8 vZn М16х50,10524822/311025/3,1785439929539495274,,|1—болт цинк|2—М16х50|5—склад|,«0000N0000000000,0.0,0.0,0.0,0.0,0.0,0.0,M,L,L,0.28120999999999996,0.0,0.0,0,,0.0,0.0,2026-02-09 08:25:01.594,2026-02-09 08:25:01.594
6350,1,1,1316462247,System - 60kW Brikel (60),2.2. Фитинги за заваряване,"Коляно 90° 304L заварка (33,7х2) 1``",10143532/110925/k1`,1785439929539495293,,,«0000N0000000000,24.0,0.0,,,0.0,0.0,M,L,L,2.996159,5.86,5.86,0,,0.0,0.0,2026-02-09 14:58:51.783,2026-02-09 14:58:51.783
6350,3,1,1318835080,0. СКЛАД - ОСНОВЕН,М16,Болт с шест.гл. 8.8 vZn М16х60,081025/1,1785439929539495275,,|1—болт цинк|2—М16х60|5—склад|,«0000N0000000000,0.0,0.0,0.0,0.0,0.0,0.0,M,L,L,0.34,0.0,0.0,0,,0.0,0.0,2026-02-09 08:25:09.266,2026-02-09 08:25:09.266
6350,4,1,1318855470,System - 90kW Volkswagen (59),2.8. Маркучи,Шлаух полиамид бял 8/6,261188/090925/1,1785439929539496105,,,«0000N0000000000,100.0,0.0,,,0.0,0.0,M,L,L,2.46953978617774,0.0,0.0,0,,0.0,0.0,2026-02-09 13:18:46.317,2026-02-09 13:18:25.329
6350,5,1,1318837252,0. СКЛАД - ОСНОВЕН,М8,Болт с шест.гл. 8.8 vZn М8х25,090925/16,1785439929539495276,,|1—болт цинк|2—М8х25|5—склад|,«0000N0000000000,0.0,0.0,0.0,0.0,0.0,0.0,M,L,L,0.04,0.0,0.0,0,,0.0,0.0,2026-02-09 08:56:26.155,2026-02-09 08:56:26.155
6350,6,1,1318855470,System - 90kW Volkswagen (59),2.8. Маркучи,"Шлаух полиамид бял 15/12,5",265835/031225/5,1785439929539496106,,,«0000N0000000000,50.0,0.0,,,0.0,0.0,M,L,L,2.70984697033996,0.0,0.0,0,,0.0,0.0,2026-02-09 13:18:46.458,2026-02-09 13:18:39.567
6350,7,1,1318833432,0. СКЛАД - ОСНОВЕН,М12,Болт с шест.гл. 8.8 vZn М12х45,12345/12,1785439929539495277,,|1—болт цинк|2—М12х45|5—склад|,«0000N0000000000,0.0,0.0,0.0,0.0,0.0,0.0,M,L,L,0.14,0.0,0.0,0,,0.0,0.0,2026-02-09 08:01:25.925,2026-02-09 08:01:25.925
6350,8,1,1319661940,0. СКЛАД - ОСНОВЕН,2.8. Маркучи,"Шлаух полиамид бял 15/12,5",267809/060226,1785439929539496107,,,«0000N0000000000,0.0,0.0,0.0,0.0,0.0,0.0,M,L,L,2.71,0.0,0.0,0,,0.0,0.0,2026-02-17 14:51:56.126,2026-02-17 14:51:56.126
6350,9,1,1318833445,0. СКЛАД - ОСНОВЕН,М12,Болт с шест.гл. 8.8 vZn М12х60,10527503/071125/5,1785439929539495278,,|1—болт цинк|2—М12х60|5—склад|,«0000N0000000000,0.0,0.0,0.0,0.0,0.0,0.0,M,L,L,0.159471,0.0,0.0,0,,0.0,0.0,2026-02-09 08:01:37.325,2026-02-09 08:01:37.325
6350,10,1,1318856753,System - 90kW Volkswagen (59),7. Кабели,"Кабел ШВПС 2х0,75, бял",8032/101125/2,1785439929539496108,,,«0000N0000000000,80.0,0.0,,,0.0,0.0,M,L,L,0.41,0.0,0.0,0,,0.0,0.0,2026-02-09 13:37:15.514,2026-02-09 13:37:15.514
6350,11,1,1318836856,0. СКЛАД - ОСНОВЕН,М6,Болт с шест.гл. 8.8 vZn М6х35,241025/20,1785439929539495279,,|1—болт цинк|2—М6х35|5—склад|,«0000N0000000000,0.0,0.0,0.0,0.0,0.0,0.0,M,L,L,0.02,0.0,0.0,0,,0.0,0.0,2026-02-09 08:50:43.961,2026-02-09 08:50:43.961
6350,13,1,1318837104,0. СКЛАД - ОСНОВЕН,М6,Болт с шест.гл. 8.8 vZn М6х70,090925/2,1785439929539495280,,|1—болт цинк|2—М6х70|5—склад|,«0000N0000000000,0.0,0.0,0.0,0.0,0.0,0.0,M,L,L,0.05,0.0,0.0,0,,0.0,0.0,2026-02-09 08:54:18.151,2026-02-09 08:54:18.151
6350,16,1,1318837142,0. СКЛАД - ОСНОВЕН,М6,Гайка шест. 8 vZn М6,031025/2,1785439929539495281,,|1—гайка|2—М6|5—склад|,«0000N0000000000,0.0,0.0,0.0,0.0,0.0,0.0,M,L,L,0.03,0.0,0.0,0,,0.0,0.0,2026-02-09 08:54:50.789,2026-02-09 08:54:50.789
6350,18,1,1318835097,0. СКЛАД - ОСНОВЕН,М16,Гайка самоос. 10 vZn М16,10530304/171125/3,1785439929539495282,,"|1—гайка самоосигурителна 10, цинк|2—М16|5—склад|",«0000N0000000000,0.0,0.0,0.0,0.0,0.0,0.0,M,L,L,0.35279,0.0,0.0,0,,0.0,0.0,2026-02-09 08:25:24.463,2026-02-09 08:25:24.463
6350,20,1,1318833468,0. СКЛАД - ОСНОВЕН,М12,Гайка шест. 8 vZn М12,091025/2,1785439929539495283,,|1—гайка цинк|2—М12|5—склад|,«0000N0000000000,0.0,0.0,0.0,0.0,0.0,0.0,M,L,L,0.03,0.0,0.0,0,,0.0,0.0,2026-02-09 08:01:57.131,2026-02-09 08:01:57.131
6350,22,1,1318837282,0. СКЛАД - ОСНОВЕН,М8,Гайка шест. 8 vZn М8,12345,1785439929539495284,,|1—гайка цинк|2—М8|5—склад|,«0000N0000000000,0.0,0.0,0.0,0.0,0.0,0.0,M,L,L,0.01,0.0,0.0,0,,0.0,0.0,2026-02-09 08:56:51.524,2026-02-09 08:56:51.524
6350,24,1,1318835107,0. СКЛАД - ОСНОВЕН,М16,Гайка шест. 8 Bl. М16,10524822/311025/1,1785439929539495285,,"|1—гайка шестостенна 10, цинк|2—М16|5—склад|",«0000N0000000000,0.0,0.0,0.0,0.0,0.0,0.0,M,L,L,0.062531,0.0,0.0,0,,0.0,0.0,2026-02-09 08:25:32.259,2026-02-09 08:25:32.259
6350,26,1,1318833501,0. СКЛАД - ОСНОВЕН,М12,Шайба подложна vZn М12,241025/11,1785439929539495286,,|1—шайба цинк|2—М12|5—склад|,«0000N0000000000,0.0,0.0,0.0,0.0,0.0,0.0,M,L,L,0.01,0.0,0.0,0,,0.0,0.0,2026-02-09 08:02:25.591,2026-02-09 08:02:25.591
6350,28,1,1318835143,0. СКЛАД - ОСНОВЕН,М16,Шайба подложна vZn М16,10524822/311025/5,1785439929539495287,,|1—шайба цинк|2—М16|5—склад|,«0000N0000000000,0.0,0.0,0.0,0.0,0.0,0.0,M,L,L,0.025921999999999997,0.0,0.0,0,,0.0,0.0,2026-02-09 08:26:03.663,2026-02-09 08:26:03.663
6350,30,1,1318835148,0. СКЛАД - ОСНОВЕН,М16,Шайба подложна vZn М16,10530304/171125/4,1785439929539495288,,|1—шайба цинк|2—М16|5—склад|,«0000N0000000000,0.0,0.0,0.0,0.0,0.0,0.0,M,L,L,0.025564999999999997,0.0,0.0,0,,0.0,0.0,2026-02-09 08:26:07.913,2026-02-09 08:26:07.913
6351,1,1,1318837182,0. СКЛАД - ОСНОВЕН,М6,Шайба подложна vZn М6,031025/1,1785439929539495289,,|1—шайба цинк|2—М6|5—склад|,«0000N0000000000,0.0,0.0,0.0,0.0,0.0,0.0,M,L,L,0.0051129999999999995,0.0,0.0,0,,0.0,0.0,2026-02-09 08:55:25.517,2026-02-09 08:55:25.517
6351,3,1,1316461191,0. СКЛАД - ОСНОВЕН,М8,Шайба подложна vZn М8,10527503/071125/3,1785439929539495290,,|1—шайба цинк|2—М8|5—склад|,«0000N0000000000,0.0,0.0,,,0.0,0.0,M,L,L,0.0051129999999999995,0.0,0.0,0,,0.0,0.0,2026-02-03 10:53:57.207,2026-02-03 10:53:57.207
6351,4,1,1316463119,0. СКЛАД - ОСНОВЕН,2.5.5. Клапани,Иглен клапан (Slid. Gate Mot. Valve 8038 H2),2916800002/3,1785439929539495294,,,«0000N0000000000,1.0,0.0,,,0.0,0.0,M,L,L,3569.44,0.0,0.0,0,,0.0,0.0,2026-01-16 15:08:55.123,2026-01-16 15:08:55.123
6351,5,1,1318835168,0. СКЛАД - ОСНОВЕН,М16,Шпилка М16,10530304/171125/1,1785439929539495291,,|1—шпилка|2—М16х2000|,«0000N0000000000,0.0,0.0,0.0,0.0,0.0,0.0,M,L,L,8.661253,0.0,0.0,0,,0.0,0.0,2026-02-09 08:26:25.802,2026-02-09 08:26:25.802
6351,6,1,1316463121,0. СКЛАД - ОСНОВЕН,2.5.5. Клапани,Иглен клапан (Slid. Gate Mot. Valve 8038 H2),2994840002/1,1785439929539495295,,,«0000N0000000000,1.0,0.0,,,0.0,0.0,M,L,L,3569.44,0.0,0.0,0,,0.0,0.0,2026-01-16 15:08:57.517,2026-01-16 15:08:57.517
6351,7,1,1316463124,0. СКЛАД - ОСНОВЕН,2.5.5. Клапани,Иглен клапан (Slid. Gate Mot. Valve 8038 H2),2994840002/2,1785439929539495296,,,«0000N0000000000,1.0,0.0,,,0.0,0.0,M,L,L,3569.44,0.0,0.0,0,,0.0,0.0,2026-01-16 15:08:59.604,2026-01-16 15:08:59.604
6351,8,1,1316463128,0. СКЛАД - ОСНОВЕН,2.5.5. Клапани,Иглен клапан (Slid. Gate Mot. Valve 8038 О2),2916800001/1,1785439929539495297,,,«0000N0000000000,1.0,0.0,,,0.0,0.0,M,L,L,3233.29,0.0,0.0,0,,0.0,0.0,2026-01-16 15:09:03.225,2026-01-16 15:09:03.225
6351,9,1,1316463130,0. СКЛАД - ОСНОВЕН,2.5.5. Клапани,Иглен клапан (Slid. Gate Mot. Valve 8038 О2),2994840001/1,1785439929539495298,,,«0000N0000000000,1.0,0.0,,,0.0,0.0,M,L,L,3233.29,0.0,0.0,0,,0.0,0.0,2026-01-16 15:09:04.604,2026-01-16 15:09:04.604
6351,10,1,1316463131,0. СКЛАД - ОСНОВЕН,2.5.5. Клапани,Иглен клапан (Slid. Gate Mot. Valve 8038 О2),2994840001/2,1785439929539495299,,,«0000N0000000000,1.0,0.0,,,0.0,0.0,M,L,L,3233.29,0.0,0.0,0,,0.0,0.0,2026-01-16 15:09:05.931,2026-01-16 15:09:05.931
6351,11,1,1316463134,0. СКЛАД - ОСНОВЕН,2.5.6. Актуатори,Актуатор електрически 24V,PBC875689,1785439929539495300,,,«0000N0000000000,1.0,0.0,,,0.0,0.0,M,L,L,167.754249,0.0,0.0,0,,0.0,0.0,2026-01-16 15:09:08.360,2026-01-16 15:09:08.360
6351,12,1,1316463136,0. СКЛАД - ОСНОВЕН,2.5.6. Актуатори,Актуатор електрически 24V,PBC875694,1785439929539495301,,,«0000N0000000000,1.0,0.0,,,0.0,0.0,M,L,L,201.30509899999998,0.0,0.0,0,,0.0,0.0,2026-01-16 15:09:09.871,2026-01-16 15:09:09.871
6351,13,1,1316463137,0. СКЛАД - ОСНОВЕН,2.5.6. Актуатори,Актуатор електрически 24V,PBC912241,1785439929539495302,,,«0000N0000000000,1.0,0.0,,,0.0,0.0,M,L,L,167.754249,0.0,0.0,0,,0.0,0.0,2026-01-16 15:09:11.211,2026-01-16 15:09:11.211
6351,14,1,1316463139,0. СКЛАД - ОСНОВЕН,2.5.6. Актуатори,Актуатор електрически 24V,PBC912242,1785439929539495303,,,«0000N0000000000,1.0,0.0,,,0.0,0.0,M,L,L,167.754249,0.0,0.0,0,,0.0,0.0,2026-01-16 15:09:12.604,2026-01-16 15:09:12.604
6351,15,1,1316463141,0. СКЛАД - ОСНОВЕН,2.5.6. Актуатори,Актуатор електрически 24V,PBC912243,1785439929539495304,,,«0000N0000000000,1.0,0.0,,,0.0,0.0,M,L,L,167.754249,0.0,0.0,0,,0.0,0.0,2026-01-16 15:09:14.034,2026-01-16 15:09:14.034
6351,16,1,1316463142,0. СКЛАД - ОСНОВЕН,2.5.6. Актуатори,Актуатор електрически 24V,PBC912244,1785439929539495305,,,«0000N0000000000,1.0,0.0,,,0.0,0.0,M,L,L,167.754249,0.0,0.0,0,,0.0,0.0,2026-01-16 15:09:15.396,2026-01-16 15:09:15.396
6351,17,1,1316463153,0. СКЛАД - ОСНОВЕН,5. Устройства,Захранване 275 kW,160126/5,1785439929539495306,,,«0000N0000000000,4.0,0.0,,,0.0,0.0,M,L,L,27500.883052999998,0.0,0.0,0,,0.0,0.0,2026-01-16 15:09:24.993,2026-01-16 15:09:24.993
6351,18,1,1317858691,0. СКЛАД - ОСНОВЕН,Сензори,Нивомер поплавъчен тип 8181,po34479,1785439929539495307,,,«0000N0000000000,2.0,0.0,0.0,0.0,0.0,0.0,M,L,L,87.992,0.0,0.0,0,,0.0,0.0,2026-01-30 14:05:09.430,2026-01-30 14:05:09.430
6351,19,1,1316463166,0. СКЛАД - ОСНОВЕН,Сензори,Сензор за газ H2 GS-220,25070100096,1785439929539495308,,,«0000N0000000000,0.0,0.0,,,0.0,0.0,M,L,L,177.315372,0.0,0.0,0,,0.0,0.0,2026-03-12 13:31:30.182,2026-03-12 13:31:30.182
6351,20,1,1316463167,0. СКЛАД - ОСНОВЕН,Сензори,Сензор за газ H2 GS-220,25070100097,1785439929539495309,,,«0000N0000000000,1.0,0.0,,,0.0,0.0,M,L,L,177.315372,0.0,0.0,0,,0.0,0.0,2026-02-04 11:01:21.263,2026-02-04 11:01:21.263
6351,21,1,1316463168,0. СКЛАД - ОСНОВЕН,Сензори,Сензор за газ H2 GS-220,25070100099,1785439929539495310,,,«0000N0000000000,0.0,0.0,,,0.0,0.0,M,L,L,177.315372,0.0,0.0,0,,0.0,0.0,2026-03-12 13:31:10.932,2026-03-12 13:31:10.932
6351,22,1,1318244450,System - 90kW Volkswagen (59),М16,Болт с шест.гл. 8.8 vZn М16х45,250725,1785439929539496045,,|1—болт цинк|2—М16х45|5—склад|,«0000N0000000000,8.0,0.0,,,0.0,0.0,M,L,L,0.29,0.0,0.0,0,,0.0,0.0,2026-02-03 10:40:05.459,2026-02-03 10:40:05.459
6362,0,1,1316463170,0. СКЛАД - ОСНОВЕН,Сензори,Сензор за газ H2 GS-220,25070100104,1785439929539495311,,,«0000N0000000000,1.0,0.0,,,0.0,0.0,M,L,L,177.315372,0.0,0.0,0,,0.0,0.0,2026-02-04 11:01:21.299,2026-02-04 11:01:21.299
6362,1,1,1316463172,0. СКЛАД - ОСНОВЕН,Сензори,Сензор за газ H2 GS-220,25070100100,1785439929539495312,,,«0000N0000000000,1.0,0.0,,,0.0,0.0,M,L,L,177.315372,0.0,0.0,0,,0.0,0.0,2026-05-20 08:30:16.557,2026-05-20 08:30:16.557
6362,2,1,1316463175,0. СКЛАД - ОСНОВЕН,Сензори,Сензор за газ H2 GS-220,25070100107,1785439929539495313,,,«0000N0000000000,1.0,0.0,,,0.0,0.0,M,L,L,177.315372,0.0,0.0,0,,0.0,0.0,2026-02-04 11:01:21.328,2026-02-04 11:01:21.328
6362,3,1,1316463177,0. СКЛАД - ОСНОВЕН,Сензори,Сензор за газ H2 GS-220,25070100108,1785439929539495314,,,«0000N0000000000,0.0,0.0,,,0.0,0.0,M,L,L,177.315372,0.0,0.0,0,,0.0,0.0,2026-02-02 10:29:04.979,2026-02-02 10:29:04.979
6362,4,1,1316463179,0. СКЛАД - ОСНОВЕН,Сензори,Сензор за газ H2 GS-220,25070100111,1785439929539495315,,,«0000N0000000000,1.0,0.0,,,0.0,0.0,M,L,L,177.315372,0.0,0.0,0,,0.0,0.0,2026-01-16 15:09:47.289,2026-01-16 15:09:47.289
6362,5,1,1316463180,0. СКЛАД - ОСНОВЕН,Сензори,Сензор за газ H2 GS-220,25070100112,1785439929539495316,,,«0000N0000000000,1.0,0.0,,,0.0,0.0,M,L,L,177.315372,0.0,0.0,0,,0.0,0.0,2026-01-16 15:09:48.900,2026-01-16 15:09:48.900
6362,6,1,1316463182,0. СКЛАД - ОСНОВЕН,Сензори,Сензор за газ H2 GS-220,25070100113,1785439929539495317,,,«0000N0000000000,1.0,0.0,,,0.0,0.0,M,L,L,177.315372,0.0,0.0,0,,0.0,0.0,2026-01-16 15:09:50.224,2026-01-16 15:09:50.224
6362,7,1,1316463184,0. СКЛАД - ОСНОВЕН,Сензори,Сензор за газ H2 GS-220,25070100116,1785439929539495318,,,«0000N0000000000,1.0,0.0,,,0.0,0.0,M,L,L,177.315372,0.0,0.0,0,,0.0,0.0,2026-01-16 15:09:51.596,2026-01-16 15:09:51.596
6362,8,1,1316463185,0. СКЛАД - ОСНОВЕН,Сензори,Сензор за газ H2 GS-220,25070100118,1785439929539495319,,,«0000N0000000000,1.0,0.0,,,0.0,0.0,M,L,L,177.315372,0.0,0.0,0,,0.0,0.0,2026-01-16 15:09:52.971,2026-01-16 15:09:52.971
6362,9,1,1316463343,0. СКЛАД - ОСНОВЕН,5. Устройства,"Помпа-мотор (Motor IE3 size 80,1,1kW)",84131900 /251125/2,1785439929539495322,,,«0000N0000000000,1.0,0.0,,,0.0,0.0,M,L,L,196.0,0.0,0.0,0,,0.0,0.0,2026-01-16 15:12:09.101,2026-01-16 15:12:09.101
6362,10,1,1322758427,0. СКЛАД - ОСНОВЕН,Сензори,Датчик за температура,082025,1785439929539495320,,,«0000N0000000000,15.0,0.0,0.0,0.0,0.0,0.0,M,L,L,105.67853,0.0,0.0,0,,0.0,0.0,2026-03-20 14:01:21.067,2026-03-20 14:01:21.067
6362,11,1,1316463208,0. СКЛАД - ОСНОВЕН,Други (Електроника),Управление за сензор за газ GA-220,213814/130825,1785439929539495321,,,«0000N0000000000,10.0,0.0,,,0.0,0.0,M,L,L,138.201687,0.0,0.0,0,,0.0,0.0,2026-03-12 13:38:59.989,2026-03-12 13:38:59.989
6362,12,1,1316463348,0. СКЛАД - ОСНОВЕН,5. Устройства,Помпа (Pump MOD. HTM 10 SS316),251413/251125/1,1785439929539495323,,,«0000N0000000000,1.0,0.0,,,0.0,0.0,M,L,L,1347.5,0.0,0.0,0,,0.0,0.0,2026-01-16 15:12:13.225,2026-01-16 15:12:13.225
6362,13,1,1317036290,Склад,Релета,Цокъл за реле (PT YP 6A/250V AC),120126/6,1785439929539495324,,|1—цокъл за PT реле|2—6A/250V AC|5—склад|,«0000N0000000000,0.0,0.0,0.0,0.0,0.0,0.0,M,L,L,3.492111,0.0,0.0,0,,0.0,0.0,2026-01-22 12:03:54.737,2026-01-22 12:03:54.737
6362,15,1,1319061285,0. СКЛАД - ОСНОВЕН,Други (Електроника),"Авариен стоп бутон, въртящ",1459015258/090925/3,1785439929539495325,,,«0000N0000000000,0.0,0.0,0.0,0.0,0.0,0.0,M,L,L,11.999976,0.0,0.0,0,,0.0,0.0,2026-02-11 14:42:31.110,2026-02-11 14:42:31.110
6362,16,1,1319636331,0. СКЛАД - ОСНОВЕН,Клеми,"Клема винтове 2,5mm AVK2,5 сива",1469000014/050126/9,1785439929539495326,,,«0000N0000000000,0.0,0.0,0.0,0.0,0.0,0.0,M,L,L,0.27,0.0,0.0,0,,0.0,0.0,2026-02-17 08:43:10.665,2026-02-17 08:43:10.665
6362,17,1,1319636356,0. СКЛАД - ОСНОВЕН,Клеми,"Клема винтова 2,5mm AVK2,5 червена",1469000014/050126/10,1785439929539495327,,,«0000N0000000000,0.0,0.0,0.0,0.0,0.0,0.0,M,L,L,0.29,0.0,0.0,0,,0.0,0.0,2026-02-17 08:43:31.616,2026-02-17 08:43:31.616
6362,18,1,1317050177,0. СКЛАД - ОСНОВЕН,Контактори,"Контактор 7,5kW/15A, AC-3, 1NO, 230V AC размер 0",1469000014/050126/11,1785439929539495328,,,«0000N0000000000,0.0,0.0,,,0.0,0.0,M,L,L,17.03,0.0,0.0,0,,0.0,0.0,2026-01-22 12:39:09.362,2026-01-22 12:39:09.362
6362,19,1,1321956354,System - 90kW Volkswagen (59),Сензори,Сензор за газ H2 GS-220,25070100096,1785439929539496260,,,«0000N0000000000,1.0,0.0,,,0.0,0.0,M,L,L,177.315372,0.0,0.0,0,,0.0,0.0,2026-03-12 13:31:30.198,2026-03-12 13:31:30.198
6362,20,1,1319558882,0. СКЛАД - ОСНОВЕН,"Прекъсвачи, Предпазители",Прекъсвач мин. AMPARO 6kA C 10А 1P,1469000128/060126/1,1785439929539495329,,|1—прекъсвач|5—склад|,«0000N0000000000,0.0,0.0,0.0,0.0,0.0,0.0,M,L,L,1.79,0.0,0.0,0,,0.0,0.0,2026-02-16 14:07:54.661,2026-02-16 14:07:54.661
6369,0,1,1319558888,0. СКЛАД - ОСНОВЕН,"Прекъсвачи, Предпазители",Прекъсвач мин. AMPARO 6kA C 10А 1P,221225/8,1785439929539495330,,|1—прекъсвач|5—склад|,«0000N0000000000,0.0,0.0,0.0,0.0,0.0,0.0,M,L,L,1.79,0.0,0.0,0,,0.0,0.0,2026-02-16 14:07:59.129,2026-02-16 14:07:59.129
6369,1,1,1319051902,0. СКЛАД - ОСНОВЕН,Кабели - Захранващи,Кабел 70мм HO7V-K червен,213597/011225/3,1785439929539495354,,,«0000N0000000000,0.0,0.0,0.0,0.0,0.0,0.0,M,L,L,8.291079,0.0,0.0,0,,0.0,0.0,2026-02-11 12:27:23.975,2026-02-11 12:27:23.975
6369,2,1,1320962482,System - 90kW Volkswagen (59),2.2. Фитинги за заваряване,Холендър 316L заварка PTFE 1“,10143120/27082025/1,1785439929539495487,,"|1—холендер PTFE ж/ж, BSP|2—1`|5—склад|",«0000N0000000000,4.0,0.0,,,0.0,0.0,M,L,L,17.97702254285904,0.0,0.0,0,,0.0,0.0,2026-03-02 14:59:44.816,2026-01-27 10:49:21.209
6369,3,1,1317050199,0. СКЛАД - ОСНОВЕН,Други (Електроника),Трансмитер с галванично разделяне,A807.1/09.2025,1785439929539495331,,,«0000N0000000000,0.0,0.0,,,0.0,0.0,M,L,L,113.50638,0.0,0.0,0,,0.0,0.0,2026-02-02 10:32:51.541,2026-02-02 10:32:51.541
6369,4,1,1317050205,0. СКЛАД - ОСНОВЕН,Други (Електроника),Трансмитер с галванично разделяне,A807.10/09.2025,1785439929539495332,,,«0000N0000000000,0.0,0.0,,,0.0,0.0,M,L,L,113.50638,0.0,0.0,0,,0.0,0.0,2026-02-02 10:32:55.385,2026-02-02 10:32:55.385
6369,5,1,1319051890,0. СКЛАД - ОСНОВЕН,Кабели - Захранващи,Кабел 70мм HO7V-K черен,213597/011225/2,1785439929539495355,,,«0000N0000000000,0.0,0.0,0.0,0.0,0.0,0.0,M,L,L,8.291079,0.0,0.0,0,,0.0,0.0,2026-02-11 12:27:13.273,2026-02-11 12:27:13.273
6369,6,1,1317050207,0. СКЛАД - ОСНОВЕН,Други (Електроника),Трансмитер с галванично разделяне,A807.11/09.2025,1785439929539495333,,,«0000N0000000000,0.0,0.0,,,0.0,0.0,M,L,L,113.50638,0.0,0.0,0,,0.0,0.0,2026-02-02 10:32:57.541,2026-02-02 10:32:57.541
6369,8,1,1317050209,0. СКЛАД - ОСНОВЕН,Други (Електроника),Трансмитер с галванично разделяне,A807.12/09.2025,1785439929539495334,,,«0000N0000000000,0.0,0.0,,,0.0,0.0,M,L,L,113.50638,0.0,0.0,0,,0.0,0.0,2026-02-02 10:32:59.510,2026-02-02 10:32:59.510
6369,10,1,1317050211,0. СКЛАД - ОСНОВЕН,Други (Електроника),Трансмитер с галванично разделяне,A807.13/09.2025,1785439929539495335,,,«0000N0000000000,1.0,0.0,,,0.0,0.0,M,L,L,113.50638,0.0,0.0,0,,0.0,0.0,2026-01-22 12:03:03.006,2026-01-22 12:03:03.006
6369,12,1,1317050213,0. СКЛАД - ОСНОВЕН,Други (Електроника),Трансмитер с галванично разделяне,A807.14/09.2025,1785439929539495336,,,«0000N0000000000,1.0,0.0,,,0.0,0.0,M,L,L,113.50638,0.0,0.0,0,,0.0,0.0,2026-01-22 12:03:04.584,2026-01-22 12:03:04.584
6369,14,1,1317050215,0. СКЛАД - ОСНОВЕН,Други (Електроника),Трансмитер с галванично разделяне,A807.15/09.2025,1785439929539495337,,,«0000N0000000000,1.0,0.0,,,0.0,0.0,M,L,L,113.50638,0.0,0.0,0,,0.0,0.0,2026-01-22 12:03:06.208,2026-01-22 12:03:06.208
6369,16,1,1317050216,0. СКЛАД - ОСНОВЕН,Други (Електроника),Трансмитер с галванично разделяне,A807.16/09.2025,1785439929539495338,,,«0000N0000000000,1.0,0.0,,,0.0,0.0,M,L,L,113.50638,0.0,0.0,0,,0.0,0.0,2026-01-22 12:03:07.833,2026-01-22 12:03:07.833
6369,18,1,1317050218,0. СКЛАД - ОСНОВЕН,Други (Електроника),Трансмитер с галванично разделяне,A807.17/09.2025,1785439929539495339,,,«0000N0000000000,1.0,0.0,,,0.0,0.0,M,L,L,113.50638,0.0,0.0,0,,0.0,0.0,2026-01-22 12:03:09.474,2026-01-22 12:03:09.474
6369,20,1,1317050220,0. СКЛАД - ОСНОВЕН,Други (Електроника),Трансмитер с галванично разделяне,A807.18/09.2025,1785439929539495340,,,«0000N0000000000,1.0,0.0,,,0.0,0.0,M,L,L,113.50638,0.0,0.0,0,,0.0,0.0,2026-01-22 12:03:11.099,2026-01-22 12:03:11.099
6369,22,1,1317050224,0. СКЛАД - ОСНОВЕН,Други (Електроника),Трансмитер с галванично разделяне,A807.19/09.2025,1785439929539495341,,,«0000N0000000000,1.0,0.0,,,0.0,0.0,M,L,L,113.50638,0.0,0.0,0,,0.0,0.0,2026-01-22 12:03:13.942,2026-01-22 12:03:13.942
6369,25,1,1317050225,0. СКЛАД - ОСНОВЕН,Други (Електроника),Трансмитер с галванично разделяне,A807.2/09.2025,1785439929539495342,,,«0000N0000000000,1.0,0.0,,,0.0,0.0,M,L,L,113.50638,0.0,0.0,0,,0.0,0.0,2026-01-22 12:03:15.614,2026-01-22 12:03:15.614
6369,28,1,1317050227,0. СКЛАД - ОСНОВЕН,Други (Електроника),Трансмитер с галванично разделяне,A807.20/09.2025,1785439929539495343,,,«0000N0000000000,1.0,0.0,,,0.0,0.0,M,L,L,113.50638,0.0,0.0,0,,0.0,0.0,2026-01-22 12:03:17.161,2026-01-22 12:03:17.161
6369,31,1,1317050229,0. СКЛАД - ОСНОВЕН,Други (Електроника),Трансмитер с галванично разделяне,A807.3/09.2025,1785439929539495344,,,«0000N0000000000,1.0,0.0,,,0.0,0.0,M,L,L,113.50638,0.0,0.0,0,,0.0,0.0,2026-01-22 12:03:18.723,2026-01-22 12:03:18.723
6369,34,1,1317050231,0. СКЛАД - ОСНОВЕН,Други (Електроника),Трансмитер с галванично разделяне,A807.4/09.2025,1785439929539495345,,,«0000N0000000000,1.0,0.0,,,0.0,0.0,M,L,L,113.50638,0.0,0.0,0,,0.0,0.0,2026-01-22 12:03:20.317,2026-01-22 12:03:20.317
6373,0,1,1317050233,0. СКЛАД - ОСНОВЕН,Други (Електроника),Трансмитер с галванично разделяне,A807.5/09.2025,1785439929539495346,,,«0000N0000000000,1.0,0.0,,,0.0,0.0,M,L,L,113.50638,0.0,0.0,0,,0.0,0.0,2026-01-22 12:03:22.083,2026-01-22 12:03:22.083
6373,1,1,1319057141,0. СКЛАД - ОСНОВЕН,7. Кабели,"Проводник H05V-K (ПВ-А2) 500V 0,5mm виолетов",1459019939/121125/12,1785439929539495356,,,«0000N0000000000,0.0,0.0,0.0,0.0,0.0,0.0,M,L,L,0.11064299999999999,0.0,0.0,0,,0.0,0.0,2026-02-11 13:42:50.503,2026-02-11 13:42:50.503
6373,2,1,1319658330,0. СКЛАД - ОСНОВЕН,Шини (Електроника),DIN-релса за модулна апаратура перфорирана 1m,1459015258/090925/2,1785439929539495673,,,«0000N0000000000,0.0,0.0,0.0,0.0,0.0,0.0,M,L,L,1.252661,0.0,0.0,0,,0.0,0.0,2026-02-17 13:59:57.115,2026-02-17 13:59:57.115
6373,3,1,1317050235,0. СКЛАД - ОСНОВЕН,Други (Електроника),Трансмитер с галванично разделяне,A807.6/09.2025,1785439929539495347,,,«0000N0000000000,1.0,0.0,,,0.0,0.0,M,L,L,113.50638,0.0,0.0,0,,0.0,0.0,2026-01-22 12:03:23.817,2026-01-22 12:03:23.817
6373,4,1,1319057155,0. СКЛАД - ОСНОВЕН,7. Кабели,"Проводник H05V-K (ПВ-А2) 500V 0,5mm черен",1459019939/121125/11,1785439929539495357,,,«0000N0000000000,0.0,0.0,0.0,0.0,0.0,0.0,M,L,L,0.109467,0.0,0.0,0,,0.0,0.0,2026-02-11 13:43:02.236,2026-02-11 13:43:02.236
6373,5,1,1320957656,System - 90kW Volkswagen (59),2.5.3. Кранове на резба,Кран сфер. на рез. 3-части 316L PN63 (Акт) 1“,28082025/15,1785439929539496231,,|1—сферичен кран със задвижка|,«0000N0000000000,3.0,0.0,,,0.0,0.0,M,L,L,191.7,0.0,0.0,0,,0.0,0.0,2026-03-02 13:53:01.934,2026-03-02 13:53:01.934
6373,6,1,1317050237,0. СКЛАД - ОСНОВЕН,Други (Електроника),Трансмитер с галванично разделяне,A807.7/09.2025,1785439929539495348,,,«0000N0000000000,1.0,0.0,,,0.0,0.0,M,L,L,113.50638,0.0,0.0,0,,0.0,0.0,2026-01-22 12:03:25.410,2026-01-22 12:03:25.410
6373,7,1,1319057165,0. СКЛАД - ОСНОВЕН,7. Кабели,"Проводник H05V-K (ПВ-А2) 500V 0,75mm син",1459019939/121125/10,1785439929539495358,,,«0000N0000000000,0.0,0.0,0.0,0.0,0.0,0.0,M,L,L,0.14443899999999998,0.0,0.0,0,,0.0,0.0,2026-02-11 13:43:10.673,2026-02-11 13:43:10.673
6373,9,1,1317050239,0. СКЛАД - ОСНОВЕН,Други (Електроника),Трансмитер с галванично разделяне,A807.8/09.2025,1785439929539495349,,,«0000N0000000000,1.0,0.0,,,0.0,0.0,M,L,L,113.50638,0.0,0.0,0,,0.0,0.0,2026-01-22 12:03:27.051,2026-01-22 12:03:27.051
6373,10,1,1319057174,0. СКЛАД - ОСНОВЕН,7. Кабели,"Проводник H05V-K (ПВ-А2) 500V 0,75mm червен",1459019939/121125/9,1785439929539495359,,,«0000N0000000000,0.0,0.0,0.0,0.0,0.0,0.0,M,L,L,0.14443899999999998,0.0,0.0,0,,0.0,0.0,2026-02-11 13:43:19.032,2026-02-11 13:43:19.032
6373,12,1,1317050241,0. СКЛАД - ОСНОВЕН,Други (Електроника),Трансмитер с галванично разделяне,A807.9/09.2025,1785439929539495350,,,«0000N0000000000,1.0,0.0,,,0.0,0.0,M,L,L,113.50638,0.0,0.0,0,,0.0,0.0,2026-01-22 12:03:28.660,2026-01-22 12:03:28.660
6373,14,1,1317050260,0. СКЛАД - ОСНОВЕН,Релета,Реле мини тип PT 14 пина 4CO 24VDC 6A,1459019939/121125/13,1785439929539495351,,|1—реле с цокъл|2—6A/24V|5—склад|,«0000N0000000000,21.0,0.0,,,0.0,0.0,M,L,L,2.955256,0.0,0.0,0,,0.0,0.0,2026-01-22 12:03:45.456,2026-01-22 12:03:45.456
6373,16,1,1318864195,0. СКЛАД - ОСНОВЕН,Релета,Реле мини тип PT 14 пина 4CO 24VDC 6A,pt196,1785439929539495352,,|1—реле с цокъл|2—6A/24V|5—склад|,«0000N0000000000,0.0,0.0,0.0,0.0,0.0,0.0,M,L,L,2.955256,0.0,0.0,0,,0.0,0.0,2026-02-09 15:24:24.446,2026-02-09 15:24:24.446
6373,18,1,1319639072,0. СКЛАД - ОСНОВЕН,Релета,Цокъл за реле (PT YP 6A/250V AC),120126/6,1785439929539495353,,|1—цокъл за PT реле|2—6A/250V AC|5—склад|,«0000N0000000000,0.0,0.0,0.0,0.0,0.0,0.0,M,L,L,3.492111,0.0,0.0,0,,0.0,0.0,2026-02-17 09:22:38.141,2026-02-17 09:22:38.141
6373,19,1,1319057192,0. СКЛАД - ОСНОВЕН,7. Кабели,"Проводник H05V-K (ПВ-А2) 500V 0,75mm черен",1459019939/121125/8,1785439929539495360,,,«0000N0000000000,0.0,0.0,0.0,0.0,0.0,0.0,M,L,L,0.14443899999999998,0.0,0.0,0,,0.0,0.0,2026-02-11 13:43:34.078,2026-02-11 13:43:34.078
6373,20,1,1317053103,System - 500kW Titan Zlatna Panega (58),1.1.2. Крепежи (Електролизьор),Тръба ПП студена вода ф63/PN20,167836/041125/2,1785439929539495361,,,«0000N0000000000,9.0,0.0,,,0.0,0.0,M,L,L,10.54,0.0,0.0,0,,0.0,0.0,2026-01-22 12:44:40.961,2026-01-22 12:34:48.356
6373,21,1,1317053103,System - 500kW Titan Zlatna Panega (58),1.1.2. Крепежи (Електролизьор),Тръба ПП топла вода ф63/PN20,167836/041125/1,1785439929539495362,,,«0000N0000000000,12.0,0.0,,,0.0,0.0,M,L,L,12.38,0.0,0.0,0,,0.0,0.0,2026-01-22 12:44:41.070,2026-01-22 12:34:55.269
6373,22,1,1317053103,System - 90kW Volkswagen (59),Ивда Гео,"Кабел ШВПС 2х0,5, бял",8032/101125/3,1785439929539495363,,,«0000N0000000000,100.0,0.0,,,0.0,0.0,M,L,L,0.32,0.0,0.0,0,,0.0,0.0,2026-01-22 12:44:40.633,2026-01-22 12:35:17.567
6373,23,1,1317052469,System - 90kW Volkswagen (59),7. Кабели,"Кабел ШВПС 3х0,75, бял",8378/070126/2,1785439929539495364,,,«0000N0000000000,125.0,0.0,,,0.0,0.0,M,L,L,0.49,0.0,0.0,0,,0.0,0.0,2026-02-05 11:47:15.455,2026-02-05 11:47:15.455
6373,24,1,1317052550,System - 90kW Volkswagen (59),"Прекъсвачи, Предпазители",Прекъсвач мин. AMPARO 6kA C 32А 3P,1469000014/050126/5,1785439929539495365,,,«0000N0000000000,1.0,0.0,,,0.0,0.0,M,L,L,6.37,0.0,0.0,0,,0.0,0.0,2026-03-04 07:52:00.723,2026-03-04 07:52:00.723
6383,0,1,1317052586,System - 90kW Volkswagen (59),"Прекъсвачи, Предпазители",Прекъсвач мин. AMPARO 6kA C 6A 1P,1469000128/060126/2,1785439929539495366,,,«0000N0000000000,2.0,0.0,,,0.0,0.0,M,L,L,2.06,0.0,0.0,0,,0.0,0.0,2026-03-04 07:52:00.739,2026-03-04 07:52:00.739
6383,1,1,1317053102,System - 90kW Volkswagen (59),"Прекъсвачи, Предпазители",Прекъсвач (C20/3),201025/6,1785439929539495367,,|1—прекъсвач|5—склад|,«0000N0000000000,0.0,0.0,,,0.0,0.0,M,L,L,0.0,0.0,0.0,0,,0.0,0.0,2026-01-22 14:08:26.248,2026-01-22 14:08:26.248
6383,2,1,1317052648,System - 90kW Volkswagen (59),"Прекъсвачи, Предпазители",Прекъсвач мин.авт. AMPARO 10kA D 16A 3P,1469000014/050126/3,1785439929539495368,,,«0000N0000000000,1.0,0.0,,,0.0,0.0,M,L,L,10.49,0.0,0.0,0,,0.0,0.0,2026-03-04 07:52:00.911,2026-03-04 07:52:00.911
6383,3,1,1317052718,System - 90kW Volkswagen (59),Контактори,"Контактор 7,5kW/15A, AC-3, 1NO, 230V AC размер 0",1469000014/050126/11,1785439929539495369,,,«0000N0000000000,2.0,0.0,,,0.0,0.0,M,L,L,17.03,0.0,0.0,0,,0.0,0.0,2026-03-04 07:52:00.677,2026-03-04 07:52:00.677
6383,4,1,,Склад,3. Метални Елементи,"Профилна тръба 304 20х20х1,5",10147014/031225,1785439929539495370,,,«0000N0000000000,0.0,0.0,,,0.0,0.0,M,L,L,5.11,0.0,0.0,0,,0.0,0.0,2026-01-28 12:59:24.044,2026-01-28 12:59:24.044
6383,6,1,1322755980,System - 90kW Volkswagen (59),Други (Електроника),Бобина прав ток 12W,265836/031225/1,1785439929539495371,,|1—прав ток|2—12W|5—склад|,«0000N0000000000,2.0,0.0,,,0.0,0.0,M,L,L,12.6902644912901,0.0,0.0,0,,0.0,0.0,2026-03-20 13:26:07.679,2026-01-22 13:20:23.735
6383,8,1,1317055612,System - 90kW Volkswagen (59),Други (Електроника),Щекер  (LD),265836/031225/2,1785439929539495372,,|1—щекер|2—без опаковка|5—склад|,«0000N0000000000,2.0,0.0,,,0.0,0.0,M,L,L,1.59,0.0,0.0,0,,0.0,0.0,2026-03-04 07:52:00.958,2026-03-04 07:52:00.958
6383,9,1,,Склад,2.2. Фитинги за заваряване,"Капа 316L (219,1х2) 8“",10148408/210126/1,1785439929539495373,,|1—капа зав. 316|2—219.1х2|,«0000N0000000000,0.0,0.0,,,0.0,0.0,M,L,L,26.438806,0.0,0.0,0,,0.0,0.0,2026-01-28 12:45:28.122,2026-01-28 12:45:28.122
6383,10,1,,Склад,Холендри на резба,Холендър 316L резба М/М PTFE 150LBS 1/2“,10148408/210126/2,1785439929539495374,,,«0000N0000000000,0.0,0.0,,,0.0,0.0,M,L,L,9.46,0.0,0.0,0,,0.0,0.0,2026-01-27 14:07:12.657,2026-01-27 14:07:12.657
6383,11,1,1320962482,Склад,"Прекъсвачи, Предпазители","Прекъсвач (MCB 10kA,  D10/3)",220126/1,1785439929539495375,,|1—прекъсвач|5—склад|,«0000N0000000000,0.0,0.0,,,0.0,0.0,M,L,L,0.0,0.0,0.0,0,,0.0,0.0,2026-01-28 10:15:58.933,2026-01-28 10:15:58.933
6383,13,1,1317059315,System - 90kW Volkswagen (59),"Прекъсвачи, Предпазители",Прекъсвач (С10/3),181225/7,1785439929539495376,,|1—прекъсвач|5—склад|,«0000N0000000000,1.0,0.0,,,0.0,0.0,M,L,L,8.69193,0.0,0.0,0,,0.0,0.0,2026-03-04 07:52:00.942,2026-03-04 07:52:00.942
6383,14,1,1320962482,System - 90kW Volkswagen (59),Колена на резба,Коляно 90° 304L резба М/Ж 1 1/2“,16813615,1785439929539495377,,,«0000N0000000000,1.0,0.0,,,0.0,0.0,M,L,L,0.5112918811962185,0.0,0.0,0,,0.0,0.0,2026-03-02 14:59:44.863,2026-01-22 14:18:53.992
6383,15,1,1320962482,System - 90kW Volkswagen (59),Нипели на резба,Нипел шест. 304L резба 150LBS 1“,135843612,1785439929539495378,,,«0000N0000000000,1.0,0.0,,,0.0,0.0,M,L,L,0.5112918811962185,0.0,0.0,0,,0.0,0.0,2026-03-02 14:59:44.878,2026-01-22 14:20:21.983
6383,17,1,1320962482,Склад,Колена на резба,Коляно 90° 316L резба вътрешна 1“,220126/2,1785439929539495379,,|1—коляно 90гр. вътр. резба|2—1`|5—склад|,«0000N0000000000,0.0,0.0,0.0,0.0,0.0,0.0,M,L,L,2.991057504997878,0.0,0.0,0,,0.0,0.0,2026-03-02 14:59:44.878,2026-01-26 14:59:14.145
6383,19,1,1320962482,System - 90kW Volkswagen (59),Колена на резба,Коляно 90° 316L резба вътрешна 1“,220126/2,1785439929539495380,,|1—коляно 90гр. вътр. резба|2—1`|5—склад|,«0000N0000000000,1.0,0.0,,,0.0,0.0,M,L,L,2.991057504997878,0.0,0.0,0,,0.0,0.0,2026-03-02 14:59:44.878,2026-01-22 14:20:42.511
6383,20,1,1317131481,0. СКЛАД - ОСНОВЕН,Кабелни Канали,"T-образно разклонение за кабелна скар, 60х152mm",47571/151025/7,1785439929539495381,,,«0000N0000000000,0.0,0.0,,,0.0,0.0,M,L,L,6.396237999999999,0.0,0.0,0,,0.0,0.0,2026-01-28 09:26:30.027,2026-01-28 09:26:30.027
6383,21,1,1319661508,0. СКЛАД - ОСНОВЕН,Кабелни Канали,T-образно разклонение за кабелна скара 60х202mm,47571/151025/6,1785439929539495382,,,«0000N0000000000,0.0,0.0,0.0,0.0,0.0,0.0,M,L,L,6.682584887234576,0.0,0.0,0,,0.0,0.0,2026-02-17 14:45:43.675,2026-02-17 14:45:43.675
6383,22,1,1319661518,0. СКЛАД - ОСНОВЕН,Кабелни Канали,T-разклонение за кабелна скара 60х202mm с неперф,47571/151025/5,1785439929539495383,,,«0000N0000000000,0.0,0.0,0.0,0.0,0.0,0.0,M,L,L,16.05456506956126,0.0,0.0,0,,0.0,0.0,2026-02-17 14:45:52.471,2026-02-17 14:45:52.471
6383,23,1,1319661551,0. СКЛАД - ОСНОВЕН,Кабелни Канали,Вертканел ъгъл понижаващ 60х202mm с неперфориран,47571/151025/8,1785439929539495384,,,«0000N0000000000,0.0,0.0,0.0,0.0,0.0,0.0,M,L,L,16.739635,0.0,0.0,0,,0.0,0.0,2026-02-17 14:46:20.953,2026-02-17 14:46:20.953
6390,0,1,1319661571,0. СКЛАД - ОСНОВЕН,Кабелни Канали,Кабелна скара перфорирана с интегриран съедините,47571/151025/1,1785439929539495385,,,«0000N0000000000,0.0,0.0,0.0,0.0,0.0,0.0,M,L,L,4.3204009999999995,0.0,0.0,0,,0.0,0.0,2026-02-17 14:46:37.811,2026-02-17 14:46:37.811
6390,1,1,1319038206,Склад,1.1.1. Части (Електролизьор),Плетена мрежа  INOX AISI 316L H 1000мм,120126/7,1785439929539495393,,,«0000N0000000000,0.0,0.0,,,0.0,0.0,M,L,L,0.0,0.0,0.0,0,,0.0,0.0,2026-01-28 07:59:58.548,2026-01-28 07:59:58.548
6390,2,1,1319661580,0. СКЛАД - ОСНОВЕН,Кабелни Канали,"Кабелна скара, перф.,с интегр. съед. 60х200х3000",47571/151025/2,1785439929539495386,,,«0000N0000000000,0.0,0.0,0.0,0.0,0.0,0.0,M,L,L,5.603738,0.0,0.0,0,,0.0,0.0,2026-02-17 14:46:46.123,2026-02-17 14:46:46.123
6390,3,1,1317133458,Склад,1.1.1. Части (Електролизьор),Тефлонов лист 1200х1200х1мм,120126/4,1785439929539495394,,,«0000N0000000000,0.0,0.0,0.0,0.0,0.0,0.0,M,L,L,108.383254,0.0,0.0,0,,0.0,0.0,2026-01-28 08:00:26.412,2026-01-28 08:00:26.412
6390,4,1,1319661641,0. СКЛАД - ОСНОВЕН,Кабелни Канали,"Кабелна стълба 60x200x3000mm t=1,5mm",47571/151025/11,1785439929539495387,,,«0000N0000000000,0.0,0.0,0.0,0.0,0.0,0.0,M,L,L,8.881107,0.0,0.0,0,,0.0,0.0,2026-02-17 14:47:38.775,2026-02-17 14:47:38.775
6390,5,1,1317131524,0. СКЛАД - ОСНОВЕН,Кабелни Канали,"С-профил, шлиц 16 mm, 30x15x3000mm, перфорирана",47914/041125/1,1785439929539495388,,,«0000N0000000000,0.0,0.0,,,0.0,0.0,M,L,L,2.1014019999999998,0.0,0.0,0,,0.0,0.0,2026-01-28 09:29:08.496,2026-01-28 09:29:08.496
6390,6,1,1319661724,0. СКЛАД - ОСНОВЕН,Кабелни Канали,"Стенна конзола 90x610mm 2,5kN",47571/151025/3,1785439929539495389,,,«0000N0000000000,0.0,0.0,0.0,0.0,0.0,0.0,M,L,L,6.017882999999999,0.0,0.0,0,,0.0,0.0,2026-02-17 14:48:50.236,2026-02-17 14:48:50.236
6390,7,1,,0. СКЛАД - ОСНОВЕН,1.2.2 Съдове (Очиска),Топлообменник HE40,2301001885401010002,1785439929539495606,,,«0000N0000000000,1.0,0.0,,,0.0,0.0,M,L,L,327.0,0.0,0.0,0,,0.0,0.0,2026-01-28 07:50:11.911,2026-01-28 07:50:11.911
6390,8,1,1319661733,0. СКЛАД - ОСНОВЕН,Кабелни Канали,Фуния за кабелна скара напречна 60х150mm,47571/151025/10,1785439929539495390,,,«0000N0000000000,0.0,0.0,0.0,0.0,0.0,0.0,M,L,L,38.305847,0.0,0.0,0,,0.0,0.0,2026-02-17 14:48:58.063,2026-02-17 14:48:58.063
6390,10,1,1319661741,0. СКЛАД - ОСНОВЕН,Кабелни Канали,Фуния за кабелна скара напречна 60х200mm,47571/151025/9,1785439929539495391,,,«0000N0000000000,0.0,0.0,0.0,0.0,0.0,0.0,M,L,L,39.098346,0.0,0.0,0,,0.0,0.0,2026-02-17 14:49:05.156,2026-02-17 14:49:05.156
6390,12,1,1319661756,0. СКЛАД - ОСНОВЕН,Кабелни Канали,Ъгъл 90° за кабелна скара 60х202mm с неперфорира,47571/151025/4,1785439929539495392,,,«0000N0000000000,0.0,0.0,0.0,0.0,0.0,0.0,M,L,L,8.906672,0.0,0.0,0,,0.0,0.0,2026-02-17 14:49:18.140,2026-02-17 14:49:18.140
6390,14,1,,Склад,1.1.2. Крепежи (Електролизьор),Гайка шест. 8.8 M56x4,230126/1,1785439929539495395,,,«0000N0000000000,0.0,0.0,,,0.0,0.0,M,L,L,16.616925,0.0,0.0,0,,0.0,0.0,2026-01-28 07:58:56.298,2026-01-28 07:58:56.298
6390,17,1,1317136431,Склад,1.1.1. Части (Електролизьор),"Перфорирана ламарина 316L LB 1000x2000x0,5мм",1216/230925,1785439929539495396,,,«0000N0000000000,0.0,0.0,,,0.0,0.0,M,L,L,60.122591,0.0,0.0,0,,0.0,0.0,2026-01-28 07:59:37.737,2026-01-28 07:59:37.737
6390,18,1,,Склад,Газ анализ - Арматури,2 micron element kit for 2F series - филтър,0005335353,1785439929539495397,,,«0000N0000000000,0.0,0.0,,,0.0,0.0,M,L,L,8.7,0.0,0.0,0,,0.0,0.0,2026-01-28 08:00:51.097,2026-01-28 08:00:51.097
6390,19,1,,Склад,Газ анализ - Арматури,2 micron element kit for 2F series - филтър,0005330327,1785439929539495398,,,«0000N0000000000,0.0,0.0,,,0.0,0.0,M,L,L,8.7,0.0,0.0,0,,0.0,0.0,2026-01-28 08:00:45.035,2026-01-28 08:00:45.035
6390,20,1,,Склад,Газ анализ - Фитинги,"Instr., low profile sleeve -",0005550271,1785439929539495399,,,«0000N0000000000,0.0,0.0,,,0.0,0.0,M,L,L,69.26,0.0,0.0,0,,0.0,0.0,2026-01-28 08:03:31.097,2026-01-28 08:03:31.097
6390,21,1,1320962482,2. МЕТАЛХИДРИД,Вътрешни изделия и детайли,Пълнеж за бутилка,230126/10,1785439929539495400,,|137—9 часа 45 мин|,«0000N0000000000,0.0,0.0,,,0.0,0.0,M,L,L,23.932464249619517,0.0,0.0,0,,0.0,0.0,2026-01-23 09:59:58.332,2026-01-23 09:59:58.332
6390,23,1,1320962482,2. МЕТАЛХИДРИД,Вътрешни изделия и детайли,Тапа за бутилка,230126/11,1785439929539495401,,|137—30 мин|,«0000N0000000000,0.0,0.0,,,0.0,0.0,M,L,L,0.7544827586206879,0.0,0.0,0,,0.0,0.0,2026-03-02 14:59:44.910,2026-01-23 09:58:25.959
6390,25,1,1320962482,2. МЕТАЛХИДРИД,Вътрешни изделия и детайли,Дъно за бутилка,230126/12,1785439929539495402,,|137—15 мин|,«0000N0000000000,0.0,0.0,,,0.0,0.0,M,L,L,0.6077777777777778,0.0,0.0,0,,0.0,0.0,2026-01-23 09:58:25.975,2026-01-23 09:58:25.975
6401,0,1,1320962482,2. МЕТАЛХИДРИД,Вътрешни изделия и детайли,Тяло на бутилка,230126/13,1785439929539495403,,|137—15 мин|,«0000N0000000000,0.0,0.0,,,0.0,0.0,M,L,L,1.9078207299270074,0.0,0.0,0,,0.0,0.0,2026-01-23 09:58:25.990,2026-01-23 09:58:25.990
6401,1,1,1320962482,System - 10kW Italy,1.3. Металхидрид,Бутилки Металхидрид - Готови,121225/1,1785439929539495404,,,«0000N0000000000,10.0,0.0,,,0.0,0.0,M,L,L,86.93716919117101,0.0,0.0,0,,0.0,0.0,2026-03-02 14:59:44.925,2026-01-23 09:57:39.669
6401,2,1,1320962482,Неактивен 2,1.3. Металхидрид,Бутилки Металхидрид - Полуготови,230126/20,1785439929539495405,,,«0000N0000000000,0.0,0.0,,,0.0,0.0,M,L,L,3.270081266325473,0.0,0.0,0,,0.0,0.0,2026-01-23 09:59:58.263,2026-01-23 09:59:58.263
6401,3,1,,Склад,Газ анализ - Фитинги,MALE CONNECTOR 6MM SWA - 1/8`` NPT,230126/12,1785439929539495406,,,«0000N0000000000,0.0,0.0,,,0.0,0.0,M,L,L,11.45,0.0,0.0,0,,0.0,0.0,2026-01-28 08:02:57.833,2026-01-28 08:02:57.833
6401,4,1,1317632889,Склад,Газ анализ - Фитинги,"Тройник, union tee 6mm SWA",230126/14,1785439929539495407,,,«0000N0000000000,0.0,0.0,0.0,0.0,0.0,0.0,M,L,L,36.516332,0.0,0.0,0,,0.0,0.0,2026-01-28 08:03:54.502,2026-01-28 08:03:54.502
6401,5,1,1320962482,System - 90kW Volkswagen (59),2.1. Тръби,"Тръба шевна 304L (33,7x2) 1``",10143532/110925/33.7,1785439929539495408,,,«0000N0000000000,46.0,0.0,,,0.0,0.0,M,L,L,11.544970677410612,0.0,0.0,0,,0.0,0.0,2026-03-02 14:59:44.941,2026-02-06 07:57:46.072
6401,6,1,1317159074,System - 90kW Volkswagen (59),2.1. Тръби,"Тръба шевна 304L (48,3х2) 1 1/2``",10143532/110925/48.3,1785439929539495409,,,«0000N0000000000,8.0,0.0,,,0.0,0.0,M,L,L,14.909215999999999,0.0,0.0,0,,0.0,0.0,2026-01-23 14:10:40.454,2026-01-23 14:10:40.454
6401,7,1,1317159979,System - 90kW Volkswagen (59),Газ анализ - Сензори,Електрохимичен кислороден анализатор OxyTrend E2,E250569/2,1785439929539495410,,|1—Електрохимичен кислороден анализатор|5—склад|,«0000N0000000000,1.0,0.0,,,0.0,0.0,M,L,L,1643.500802,0.0,0.0,0,,0.0,0.0,2026-01-23 14:23:42.733,2026-01-23 14:23:42.733
6401,9,1,1320962483,System - 90kW Volkswagen (59),Газ анализ - Сензори,Анализатор на общозапалими вещества Sirius 8866,E240801-6,1785439929539495411,,|1—Анализатор на общозапалими вещества|5—склад|,«0000N0000000000,0.0,0.0,,,0.0,0.0,M,L,L,1527.6787859885574,0.0,0.0,0,,0.0,0.0,2026-03-02 14:59:44.941,2026-02-23 09:04:27.785
6401,10,1,1320962483,System - 500kW Titan Zlatna Panega (58),Шини (Електроника),DIN-релса за модулна апаратура перфорирана 2m,1459019554/071125/1,1785439929539495412,,,«0000N0000000000,5.0,0.0,,,0.0,0.0,M,L,L,3.25181636440795,0.0,0.0,0,,0.0,0.0,2026-03-02 14:59:44.957,2026-01-26 08:14:23.963
6401,11,1,1320962483,System - 90kW Volkswagen (59),Шини (Електроника),DIN-релса за модулна апаратура перфорирана 2m,1459019554/071125/1,1785439929539495413,,,«0000N0000000000,1.0,0.0,,,0.0,0.0,M,L,L,3.25181636440795,0.0,0.0,0,,0.0,0.0,2026-03-02 14:59:44.957,2026-01-26 08:14:38.172
6401,12,1,1317434365,System - 90kW Volkswagen (59),Шини (Електроника),DIN-релса за модулна апаратура перфорирана 2m,1469000128/060126/5,1785439929539495414,,,«0000N0000000000,1.0,0.0,,,0.0,0.0,M,L,L,3.31,0.0,0.0,0,,0.0,0.0,2026-01-26 08:14:52.483,2026-01-26 08:14:52.483
6401,13,1,1317437700,System - 60kW Brikel (60),Газ анализ - Сензори,"Дебитомер Н2 Plexiglass, 0,02-0,5",E250569/11,1785439929539495415,,,«0000N0000000000,3.0,0.0,,,0.0,0.0,M,L,L,195.3,0.0,0.0,0,,0.0,0.0,2026-03-25 15:43:29.485,2026-03-25 15:43:29.485
6401,14,1,1333942117,System - 60kW Brikel (60),Газ анализ - Сензори,"Дебитомер О2 Plexiglass, Scale 0,2-3",E250569/10,1785439929539495416,,,«0000N0000000000,2.0,0.0,,,0.0,0.0,M,L,L,211.3,0.0,0.0,0,,0.0,0.0,2026-07-10 10:06:29.427,2026-07-10 10:05:27.161
6401,15,1,,Склад,Газ анализ - Сензори,"DP324B-P Dew point analyser, LCD display",E260004-01/140126/1,1785439929539495417,,,«0000N0000000000,0.0,0.0,,,0.0,0.0,M,L,L,1270.6,0.0,0.0,0,,0.0,0.0,2026-01-28 08:01:33.021,2026-01-28 08:01:33.021
6401,16,1,,Склад,Газ анализ - Крепежи,Fixing bracket for DP324,E260004-01/140126/2,1785439929539495418,,,«0000N0000000000,0.0,0.0,,,0.0,0.0,M,L,L,24.16,0.0,0.0,0,,0.0,0.0,2026-01-28 08:02:10.862,2026-01-28 08:02:10.862
6401,17,1,,Склад,Газ анализ - Сензори,"Дебитомер О2 Plexiglass, Scale 0,2-3",E260004-01/140126/3,1785439929539495419,,,«0000N0000000000,0.0,0.0,,,0.0,0.0,M,L,L,211.3,0.0,0.0,0,,0.0,0.0,2026-01-28 08:02:33.834,2026-01-28 08:02:33.834
6401,18,1,,Склад,Газ анализ - Арматури,Flowmeter and needle valve bracket - крепеж,E260004-01/140126/4,1785439929539495420,,,«0000N0000000000,0.0,0.0,,,0.0,0.0,M,L,L,25.765,0.0,0.0,0,,0.0,0.0,2026-01-28 08:02:46.474,2026-01-28 08:02:46.474
6401,19,1,,Склад,Газ анализ - Сензори,Мeasuring chamber for DPA- измервателна камера,E260004-01/140126/5,1785439929539495421,,,«0000N0000000000,0.0,0.0,,,0.0,0.0,M,L,L,316.56,0.0,0.0,0,,0.0,0.0,2026-01-28 08:03:24.441,2026-01-28 08:03:24.441
6401,20,1,,Склад,М6,Болт с шест.гл. А2 М6х40,0340047352/220126/1,1785439929539495422,,,«0000N0000000000,0.0,0.0,,,0.0,0.0,M,L,L,0.09,0.0,0.0,0,,0.0,0.0,2026-01-27 13:48:09.369,2026-01-27 13:48:09.369
6415,0,1,,Склад,М6,Гайка ниска А2 М6,0340047352/220126/2,1785439929539495423,,,«0000N0000000000,0.0,0.0,,,0.0,0.0,M,L,L,0.03,0.0,0.0,0,,0.0,0.0,2026-01-27 13:47:59.738,2026-01-27 13:47:59.738
6415,1,1,,Склад,2. Консумативи,Градински маркуч 25 мм,20231099/160126/1,1785439929539495426,,,«0000N0000000000,0.0,0.0,,,0.0,0.0,M,L,L,2.62,0.0,0.0,0,,0.0,0.0,2026-01-26 12:06:57.727,2026-01-26 12:06:57.727
6415,2,1,1317449774,System - 90kW Volkswagen (59),М6,Гайка ниска А2 М6,0340047352/220126/2,1785439929539495424,,,«0000N0000000000,3.0,0.0,,,0.0,0.0,M,L,L,0.03,0.0,0.0,0,,0.0,0.0,2026-01-26 11:56:45.555,2026-01-26 11:56:45.555
6415,3,1,1317449794,System - 90kW Volkswagen (59),М6,Болт с шест.гл. А2 М6х40,0340047352/220126/1,1785439929539495425,,,«0000N0000000000,24.0,0.0,,,0.0,0.0,M,L,L,0.09,0.0,0.0,0,,0.0,0.0,2026-01-26 11:57:02.491,2026-01-26 11:57:02.491
6415,4,1,,Склад,2. Консумативи,"Скоби  водни съединения, 1`",20231099/160126/2,1785439929539495427,,,«0000N0000000000,0.0,0.0,,,0.0,0.0,M,L,L,0.41,0.0,0.0,0,,0.0,0.0,2026-01-26 12:07:02.903,2026-01-26 12:07:02.903
6415,5,1,,Склад,Релета,Реле термично 4 - 6А размер 0,1469001221/220126/1,1785439929539495430,,,«0000N0000000000,0.0,0.0,,,0.0,0.0,M,L,L,17.76,0.0,0.0,0,,0.0,0.0,2026-01-26 13:15:22.915,2026-01-26 13:15:22.915
6415,6,1,1317450483,System - 10kW Italy,2. Консумативи,Градински маркуч 25 мм,20231099/160126/1,1785439929539495428,,,«0000N0000000000,25.0,0.0,,,0.0,0.0,M,L,L,2.62,0.0,0.0,0,,0.0,0.0,2026-01-26 12:06:57.741,2026-01-26 12:06:57.741
6415,7,1,,Склад,Релета,Реле термично за контактор 24 - 32А размер 1,1469001221/220126/2,1785439929539495431,,,«0000N0000000000,0.0,0.0,,,0.0,0.0,M,L,L,35.2,0.0,0.0,0,,0.0,0.0,2026-01-26 13:15:12.072,2026-01-26 13:15:12.072
6415,8,1,1317450489,System - 10kW Italy,2. Консумативи,"Скоби  водни съединения, 1`",20231099/160126/2,1785439929539495429,,,«0000N0000000000,12.0,0.0,,,0.0,0.0,M,L,L,0.41,0.0,0.0,0,,0.0,0.0,2026-01-26 12:07:02.916,2026-01-26 12:07:02.916
6415,9,1,,Склад,Контактори,"Контактор 15kW/32A, 1NO, 230V AC размер 1",1469001221/220126/3,1785439929539495432,,,«0000N0000000000,0.0,0.0,,,0.0,0.0,M,L,L,36.86,0.0,0.0,0,,0.0,0.0,2026-01-26 13:15:32.055,2026-01-26 13:15:32.055
6415,10,1,,Склад,"Прекъсвачи, Предпазители",Прекъсвач мин.авт. AMPARO 10kA D 25A 3P,1469001221/220126/4,1785439929539495433,,,«0000N0000000000,0.0,0.0,,,0.0,0.0,M,L,L,10.67,0.0,0.0,0,,0.0,0.0,2026-01-26 13:14:55.808,2026-01-26 13:14:55.808
6415,11,1,,Склад,2. Консумативи,Джоб за докумнти,1469001221/220126/5,1785439929539495434,,,«0000N0000000000,0.0,0.0,,,0.0,0.0,M,L,L,2.63,0.0,0.0,0,,0.0,0.0,2026-01-26 13:14:05.796,2026-01-26 13:14:05.796
6415,12,1,,Склад,"Кабелни накрайници, обувки","Обувка изол. М5, 1.5-2.5мм",1469001221/220126/6,1785439929539495435,,,«0000N0000000000,0.0,0.0,,,0.0,0.0,M,L,L,0.06,0.0,0.0,0,,0.0,0.0,2026-01-28 12:53:00.556,2026-01-28 12:53:00.556
6415,13,1,,Склад,"Кабелни накрайници, обувки",Съединител изол.0.25-1.5мм,1469001221/220126/7,1785439929539495436,,,«0000N0000000000,0.0,0.0,,,0.0,0.0,M,L,L,0.05,0.0,0.0,0,,0.0,0.0,2026-01-28 12:53:17.664,2026-01-28 12:53:17.664
6415,14,1,,Склад,"Кабелни накрайници, обувки","Кабелен накрайник дв., 8мм, 2х0.5мм",1469001221/220126/8,1785439929539495437,,,«0000N0000000000,0.0,0.0,,,0.0,0.0,M,L,L,0.0172,0.0,0.0,0,,0.0,0.0,2026-01-28 12:52:23.074,2026-01-28 12:52:23.074
6415,15,1,,Склад,"Кабелни накрайници, обувки","Кабелен накрайник дв.8 мм, 2х1мм",1469001221/220126/9,1785439929539495438,,,«0000N0000000000,0.0,0.0,,,0.0,0.0,M,L,L,0.02,0.0,0.0,0,,0.0,0.0,2026-01-28 12:52:40.401,2026-01-28 12:52:40.401
6415,16,1,,Склад,"Кабелни накрайници, обувки","Кабелен накрайник 8mm сив 2x0,75mm",1469001221/220126/10,1785439929539495439,,,«0000N0000000000,0.0,0.0,,,0.0,0.0,M,L,L,0.0176,0.0,0.0,0,,0.0,0.0,2026-01-28 12:51:44.342,2026-01-28 12:51:44.342
6415,17,1,,Склад,"Кабелни накрайници, обувки","Кабелен накрайник дв. 8мм, 2х1.5мм",1469001221/220126/11,1785439929539495440,,,«0000N0000000000,0.0,0.0,,,0.0,0.0,M,L,L,0.02,0.0,0.0,0,,0.0,0.0,2026-01-28 12:52:01.200,2026-01-28 12:52:01.200
6415,18,1,,Склад,"Кабелни накрайници, обувки","Обувка изол. М6, 0.25-1.5мм",1469001221/220126/12,1785439929539495441,,,«0000N0000000000,0.0,0.0,,,0.0,0.0,M,L,L,0.06,0.0,0.0,0,,0.0,0.0,2026-01-28 12:53:07.821,2026-01-28 12:53:07.821
6415,19,1,,Склад,"Кабелни накрайници, обувки","Кабелен накрайник дв.14мм, 2х6мм",1469001221/220126/13,1785439929539495442,,,«0000N0000000000,0.0,0.0,,,0.0,0.0,M,L,L,0.07,0.0,0.0,0,,0.0,0.0,2026-01-28 12:52:29.933,2026-01-28 12:52:29.933
5958,0,1,,Склад,"Кабелни накрайници, обувки","Кабелен накрайник дв., 10 mm, 2x2.5mm",1469001221/220126/14,1785439929539495443,,,«0000N0000000000,0.0,0.0,,,0.0,0.0,M,L,L,0.01,0.0,0.0,0,,0.0,0.0,2026-01-28 12:52:08.731,2026-01-28 12:52:08.731
5958,1,1,,Склад,"Кабелни накрайници, обувки","Кабелен накрайник дв., 12мм, 2х4мм",1469001221/220126/15,1785439929539495444,,,«0000N0000000000,0.0,0.0,,,0.0,0.0,M,L,L,0.051699999999999996,0.0,0.0,0,,0.0,0.0,2026-01-28 12:52:16.496,2026-01-28 12:52:16.496
5958,2,1,,Склад,Шрак техник ЕООД,Изолирбанд черен 19ммх25мм,1469001221/220126/16,1785439929539495445,,,«0000N0000000000,0.0,0.0,,,0.0,0.0,M,L,L,1.14,0.0,0.0,0,,0.0,0.0,2026-01-28 12:49:47.145,2026-01-28 12:49:47.145
5958,3,1,,Склад,Шрак техник ЕООД,Кабелна превръзка бяла 2.5х96,1469001221/220126/17,1785439929539495446,,,«0000N0000000000,0.0,0.0,,,0.0,0.0,M,L,L,0.01,0.0,0.0,0,,0.0,0.0,2026-01-28 12:52:53.478,2026-01-28 12:52:53.478
5958,4,1,,Склад,Шрак техник ЕООД,Каб. превръзка черна 2.5х96,1469001221/220126/18,1785439929539495447,,,«0000N0000000000,0.0,0.0,,,0.0,0.0,M,L,L,0.0062,0.0,0.0,0,,0.0,0.0,2026-01-28 12:49:55.613,2026-01-28 12:49:55.613
5958,5,1,,Склад,3. Инструменти,"Клещи за каб. обувки, 0.5-6мм",1469001221/220126/19,1785439929539495448,,,«0000N0000000000,0.0,0.0,,,0.0,0.0,M,L,L,47.67,0.0,0.0,0,,0.0,0.0,2026-01-28 09:54:54.614,2026-01-28 09:54:54.614
5958,6,1,1317455133,System - 90kW Volkswagen (59),2. Консумативи,Джоб за докумнти,1469001221/220126/5,1785439929539495449,,,«0000N0000000000,1.0,0.0,,,0.0,0.0,M,L,L,2.63,0.0,0.0,0,,0.0,0.0,2026-03-04 07:52:00.489,2026-03-04 07:52:00.489
5958,7,1,1317455145,System - 500kW Titan Zlatna Panega (58),2. Консумативи,Джоб за докумнти,1469001221/220126/5,1785439929539495450,,,«0000N0000000000,1.0,0.0,,,0.0,0.0,M,L,L,2.63,0.0,0.0,0,,0.0,0.0,2026-01-26 13:14:05.812,2026-01-26 13:14:05.812
5958,8,1,1317455203,System - 90kW Volkswagen (59),"Прекъсвачи, Предпазители",Прекъсвач мин.авт. AMPARO 10kA D 25A 3P,1469001221/220126/4,1785439929539495451,,,«0000N0000000000,1.0,0.0,,,0.0,0.0,M,L,L,10.67,0.0,0.0,0,,0.0,0.0,2026-03-04 07:52:00.927,2026-03-04 07:52:00.927
5958,9,1,1317455222,System - 90kW Volkswagen (59),Релета,Реле термично за контактор 24 - 32А размер 1,1469001221/220126/2,1785439929539495452,,,«0000N0000000000,1.0,0.0,,,0.0,0.0,M,L,L,35.2,0.0,0.0,0,,0.0,0.0,2026-03-04 07:52:00.817,2026-03-04 07:52:00.817
5958,10,1,1317455235,System - 90kW Volkswagen (59),Релета,Реле термично 4 - 6А размер 0,1469001221/220126/1,1785439929539495453,,,«0000N0000000000,1.0,0.0,,,0.0,0.0,M,L,L,17.76,0.0,0.0,0,,0.0,0.0,2026-03-04 07:52:00.833,2026-03-04 07:52:00.833
5958,11,1,1317455245,System - 90kW Volkswagen (59),Контактори,"Контактор 15kW/32A, 1NO, 230V AC размер 1",1469001221/220126/3,1785439929539495454,,,«0000N0000000000,1.0,0.0,,,0.0,0.0,M,L,L,36.86,0.0,0.0,0,,0.0,0.0,2026-03-04 07:52:00.661,2026-03-04 07:52:00.661
5958,12,1,,Склад,"Прекъсвачи, Предпазители",Прекъсвач мин. AMPARO 6kA C 32А 3P,1469001084/210126/1,1785439929539495455,,,«0000N0000000000,0.0,0.0,,,0.0,0.0,M,L,L,6.37,0.0,0.0,0,,0.0,0.0,2026-01-26 13:34:12.746,2026-01-26 13:34:12.746
5958,13,1,,Склад,"Прекъсвачи, Предпазители",Прекъсвач мин. AMPARO 6kA C 6A 1P,1469001084/210126/2,1785439929539495456,,,«0000N0000000000,0.0,0.0,,,0.0,0.0,M,L,L,2.06,0.0,0.0,0,,0.0,0.0,2026-01-26 13:34:22.605,2026-01-26 13:34:22.605
5958,14,1,,Склад,Шрак техник ЕООД,"Контактор 7,5kW/15A, AC-3, 1NO, 230V-AC",1469001084/210126/3,1785439929539495457,,,«0000N0000000000,0.0,0.0,,,0.0,0.0,M,L,L,17.03,0.0,0.0,0,,0.0,0.0,2026-01-26 13:34:34.948,2026-01-26 13:34:34.948
5958,15,1,,Склад,Релета,"Цокъл за реле RS/PT5 4CO, винт.кл. 10А",1469001084/210126/4,1785439929539495458,,,«0000N0000000000,0.0,0.0,,,0.0,0.0,M,L,L,1.86,0.0,0.0,0,,0.0,0.0,2026-01-26 13:34:49.041,2026-01-26 13:34:49.041
5958,16,1,,Склад,Шини (Електроника),"Носач изолационен за 2 шини 10, 16mm",1469001084/210126/5,1785439929539495459,,,«0000N0000000000,0.0,0.0,,,0.0,0.0,M,L,L,0.36,0.0,0.0,0,,0.0,0.0,2026-01-26 13:35:03.868,2026-01-26 13:35:03.868
5958,18,1,1317456541,System - 90kW Volkswagen (59),"Прекъсвачи, Предпазители",Прекъсвач мин. AMPARO 6kA C 32А 3P,1469001084/210126/1,1785439929539495460,,,«0000N0000000000,4.0,0.0,,,0.0,0.0,M,L,L,6.37,0.0,0.0,0,,0.0,0.0,2026-03-04 07:52:00.723,2026-03-04 07:52:00.723
5958,20,1,1317456553,System - 90kW Volkswagen (59),"Прекъсвачи, Предпазители",Прекъсвач мин. AMPARO 6kA C 6A 1P,1469001084/210126/2,1785439929539495461,,,«0000N0000000000,4.0,0.0,,,0.0,0.0,M,L,L,2.06,0.0,0.0,0,,0.0,0.0,2026-03-04 07:52:00.755,2026-03-04 07:52:00.755
5958,22,1,1317456567,System - 90kW Volkswagen (59),Шрак техник ЕООД,"Контактор 7,5kW/15A, AC-3, 1NO, 230V-AC",1469001084/210126/3,1785439929539495462,,,«0000N0000000000,4.0,0.0,,,0.0,0.0,M,L,L,17.03,0.0,0.0,0,,0.0,0.0,2026-03-04 07:52:00.677,2026-03-04 07:52:00.677
5958,24,1,1317456584,System - 90kW Volkswagen (59),Релета,"Цокъл за реле RS/PT5 4CO, винт.кл. 10А",1469001084/210126/4,1785439929539495463,,,«0000N0000000000,20.0,0.0,,,0.0,0.0,M,L,L,1.86,0.0,0.0,0,,0.0,0.0,2026-03-04 07:52:00.911,2026-03-04 07:52:00.911
6127,0,1,1317456602,System - 90kW Volkswagen (59),Шини (Електроника),"Носач изолационен за 2 шини 10, 16mm",1469001084/210126/5,1785439929539495464,,,«0000N0000000000,20.0,0.0,,,0.0,0.0,M,L,L,0.36,0.0,0.0,0,,0.0,0.0,2026-03-04 07:52:00.520,2026-03-04 07:52:00.520
6127,1,1,,Склад,Кабели - Мрежови,"Кабел F/UTP cat.5e, 4x2xAWG24/1, PVC",1469001151/210126/1,1785439929539495465,,,«0000N0000000000,0.0,0.0,,,0.0,0.0,M,L,L,0.39,0.0,0.0,0,,0.0,0.0,2026-01-28 09:51:19.092,2026-01-28 09:51:19.092
6127,2,1,,Склад,Кабели - Мрежови,"Кабел F/UTP cat.5e, 4x2xAWG24/1, PVC",1469001151/210126/2,1785439929539495466,,,«0000N0000000000,0.0,0.0,,,0.0,0.0,M,L,L,0.39,0.0,0.0,0,,0.0,0.0,2026-01-26 13:56:41.459,2026-01-26 13:56:41.459
6127,3,1,,Склад,Кабелни Канали,"Кабелна обувка М12, 70мм",1469001151/210126/2,1785439929539495467,,,«0000N0000000000,0.0,0.0,,,0.0,0.0,M,L,L,2.69,0.0,0.0,0,,0.0,0.0,2026-01-26 14:01:23.422,2026-01-26 14:01:23.422
6127,4,1,,Склад,"Кабелни накрайници, обувки","Конектор RJ45, cat.5, MP0011",1469001151/210126/3,1785439929539495468,,,«0000N0000000000,0.0,0.0,,,0.0,0.0,M,L,L,0.24,0.0,0.0,0,,0.0,0.0,2026-01-26 13:59:36.175,2026-01-26 13:59:36.175
6127,5,1,,Склад,2. Консумативи,"Термосв. шл, 25.4/12.7мм, 1м",1469001151/210126/4,1785439929539495469,,,«0000N0000000000,0.0,0.0,,,0.0,0.0,M,L,L,2.47,0.0,0.0,0,,0.0,0.0,2026-01-26 14:01:40.103,2026-01-26 14:01:40.103
6127,6,1,,Склад,Релета,Реле термично за контактор 12 - 16А размер 0,1469001151/210126/5,1785439929539495470,,,«0000N0000000000,0.0,0.0,,,0.0,0.0,M,L,L,20.65,0.0,0.0,0,,0.0,0.0,2026-01-26 13:59:22.039,2026-01-26 13:59:22.039
6127,7,1,,Склад,5. Устройства,Вентилатор (ZN080-ZIL.GQ.V7P3),42600137/160126,1785439929539495475,,,«0000N0000000000,0.0,0.0,,,0.0,0.0,M,L,L,1443.94,0.0,0.0,0,,0.0,0.0,2026-01-26 14:15:27.118,2026-01-26 14:15:27.118
6127,8,1,1317458289,System - 90kW Volkswagen (59),Релета,Реле термично за контактор 12 - 16А размер 0,1469001151/210126/5,1785439929539495471,,,«0000N0000000000,2.0,0.0,,,0.0,0.0,M,L,L,20.65,0.0,0.0,0,,0.0,0.0,2026-03-04 07:52:00.801,2026-03-04 07:52:00.801
6127,9,1,1317460901,Склад,Външна резба,Нипел намалител 316L 150LBS 1/4“х1/8“,120126/17,1785439929539495479,,|1—нипел намалител|2—1/4х1/8|5—склад|,«0000N0000000000,0.0,0.0,0.0,0.0,0.0,0.0,M,L,L,0.0,0.0,0.0,0,,0.0,0.0,2026-01-27 14:12:24.246,2026-01-27 14:12:24.246
6127,10,1,1317458306,System - 90kW Volkswagen (59),"Кабелни накрайници, обувки","Конектор RJ45, cat.5, MP0011",1469001151/210126/3,1785439929539495472,,,«0000N0000000000,100.0,0.0,,,0.0,0.0,M,L,L,0.24,0.0,0.0,0,,0.0,0.0,2026-03-04 07:52:00.645,2026-03-04 07:52:00.645
6127,11,1,1317459406,System - 90kW Volkswagen (59),5. Устройства,Вентилатор (ZN080-ZIL.GQ.V7P3),42600137/160126,1785439929539495476,,,«0000N0000000000,0.0,0.0,,,0.0,0.0,M,L,L,1443.94,0.0,0.0,0,,0.0,0.0,2026-03-05 09:48:30.449,2026-03-05 09:48:30.449
6127,12,1,1317458430,System - 90kW Volkswagen (59),Кабелни Канали,"Кабелна обувка М12, 70мм",1469001151/210126/2,1785439929539495473,,,«0000N0000000000,15.0,0.0,,,0.0,0.0,M,L,L,2.69,0.0,0.0,0,,0.0,0.0,2026-03-04 07:52:00.583,2026-03-04 07:52:00.583
6127,14,1,1317458449,System - 90kW Volkswagen (59),2. Консумативи,"Термосв. шл, 25.4/12.7мм, 1м",1469001151/210126/4,1785439929539495474,,,«0000N0000000000,10.0,0.0,,,0.0,0.0,M,L,L,2.47,0.0,0.0,0,,0.0,0.0,2026-03-04 07:52:00.848,2026-03-04 07:52:00.848
6127,15,1,1317462709,Склад,Колена на резба,Коляно 90° 316L резба вътрешна 1“,120126/18,1785439929539495480,,|1—коляно 90гр. вътр. резба|2—1`|5—склад|,«0000N0000000000,0.0,0.0,0.0,0.0,0.0,0.0,M,L,L,2.991047,0.0,0.0,0,,0.0,0.0,2026-01-27 14:10:48.953,2026-01-27 14:10:48.953
6127,17,1,1320962483,System - 90kW Volkswagen (59),Нипели на резба,Нипел шест. 304L резба 150LBS 1“,1469001151/210126/,1785439929539495481,,,«0000N0000000000,0.0,0.0,,,0.0,0.0,M,L,L,0.5112918811962185,0.0,0.0,0,,0.0,0.0,2026-03-02 14:59:45.035,2026-01-27 07:39:00.305
6127,19,1,1320962483,Склад,Колена на резба,Коляно 90° 316L резба вътрешна 3/4“,130126/2,1785439929539495485,,|1—коляно 90гр. вътр. резба|2—3/4`|5—склад|,«0000N0000000000,0.0,0.0,,,0.0,0.0,M,L,L,0.0,0.0,0.0,0,,0.0,0.0,2026-01-27 14:10:32.532,2026-01-27 14:10:32.532
6127,21,1,1318450691,System - 60kW Brikel (60),2.4. Фланци,Фланец плосък 304 T8 PN16 DN25,10143532/110925/25,1785439929539495483,,,«0000N0000000000,23.0,0.0,,,0.0,0.0,M,L,L,5.4,0.0,0.0,0,,0.0,0.0,2026-02-05 12:09:57.370,2026-02-05 12:09:36.387
6127,22,1,1317531988,System - 60kW Brikel (60),2.5.2. Кранове на заварка,Кран сфер. на зав. 3-части 316L PN63 (Акт) 1“,1419195/040925/2,1785439929539495484,,,«0000N0000000000,2.0,0.0,,,0.0,0.0,M,L,L,191.7,0.0,0.0,0,,0.0,0.0,2026-03-31 09:43:13.504,2026-03-31 09:43:13.504
6256,0,1,1318932375,0. СКЛАД - ОСНОВЕН,Фитинги - Щуцер на резба,Щуцер за маркуч 304 1/2“,270126/1,1785439929539495486,,|137—57 мин машинна работа/1 час пренастройка на машина|,«0000N0000000000,0.0,0.0,0.0,0.0,0.0,0.0,M,L,L,0.9363157894736841,0.0,0.0,0,,0.0,0.0,2026-02-10 07:46:12.722,2026-02-10 07:46:12.722
6256,1,1,,Склад,2.2. Фитинги за заваряване,Холендър 316L заварка PTFE 1“,10148565/270126/1,1785439929539495488,,"|1—холендер PTFE ж/ж, BSP|2—1`|5—склад|",«0000N0000000000,0.0,0.0,,,0.0,0.0,M,L,L,17.98,0.0,0.0,0,,0.0,0.0,2026-01-27 14:17:29.146,2026-01-27 14:17:29.146
6256,3,1,,Склад,М/Ж резба,Преход 316L резба М/Ж 1/2“х1/4“,10148565/270126/2,1785439929539495489,,|1—преход м/ж|2—1/2х1/4|5—склад|,«0000N0000000000,0.0,0.0,,,0.0,0.0,M,L,L,0.9899999999999999,0.0,0.0,0,,0.0,0.0,2026-01-27 14:15:02.487,2026-01-27 14:15:02.487
6256,4,1,,0. СКЛАД - ОСНОВЕН,2.6. Арматури,Филтър на фл. 316 INOX PN16 DN40,10148565/270126/3,1785439929539495490,,,«0000N0000000000,2.0,0.0,,,0.0,0.0,M,L,L,256.263661,0.0,0.0,0,,0.0,0.0,2026-01-27 12:23:11.698,2026-01-27 12:23:11.698
6256,5,1,,Склад,М/Ж резба,Преход 316L резба М/Ж 1/4“х1/8“,10148565/270126/4,1785439929539495491,,,«0000N0000000000,0.0,0.0,,,0.0,0.0,M,L,L,0.6999999999999998,0.0,0.0,0,,0.0,0.0,2026-01-27 14:14:30.195,2026-01-27 14:14:30.195
6256,7,1,1317553246,System - 60kW Brikel (60),М12,Болт с шест.гл. 8.8 vZn М12х40,10527503/071125/4,1785439929539495492,,|1—болт цинк|2—М12х40|5—склад|,«0000N0000000000,12.0,0.0,,,0.0,0.0,M,L,L,0.14,0.0,0.0,0,,0.0,0.0,2026-01-27 12:46:44.624,2026-01-27 12:46:44.624
6256,9,1,1317553256,System - 60kW Brikel (60),М12,Гайка шест. 8 vZn М12,091025/2,1785439929539495493,,|1—гайка цинк|2—М12|5—склад|,«0000N0000000000,20.0,0.0,,,0.0,0.0,M,L,L,0.03,0.0,0.0,0,,0.0,0.0,2026-02-06 14:02:21.200,2026-02-06 14:02:21.200
6256,10,1,1317553267,System - 60kW Brikel (60),М12,Шайба подложна vZn М12,241025/11,1785439929539495494,,|1—шайба цинк|2—М12|5—склад|,«0000N0000000000,24.0,0.0,,,0.0,0.0,M,L,L,0.01,0.0,0.0,0,,0.0,0.0,2026-01-28 08:31:12.523,2026-01-28 08:31:12.523
6256,11,1,,2. МЕТАЛХИДРИД,Интерметал,Материал за фитинги - шестостен S22,1184242/270126/1,1785439929539495495,,,«0000N0000000000,4.0,0.0,,,0.0,0.0,M,L,L,15.6775,0.0,0.0,0,,0.0,0.0,2026-01-27 13:12:26.501,2026-01-27 13:12:26.501
6256,12,1,,2. МЕТАЛХИДРИД,АНГЕЛ СТОИЛОВ,"Прът неръжд.304, ф35",1184242/270126/2,1785439929539495496,,,«0000N0000000000,1.63,0.0,,,0.0,0.0,M,L,L,25.635,0.0,0.0,0,,0.0,0.0,2026-04-06 08:13:54.338,2026-04-06 08:13:54.338
6256,13,1,1320962483,Неактивен 1,М6,Болт с шест.гл. 8.8 vZn М6х65,241025/18,1785439929539496061,,|1—болт цинк|2—М6х65|5—склад|,«0000N0000000000,16.0,0.0,,,0.0,0.0,M,L,L,0.0,0.0,0.0,0,,0.0,0.0,2026-03-02 14:59:45.066,2026-02-04 09:12:32.693
6256,14,1,1317555653,System - 90kW Volkswagen (59),2.2. Фитинги за заваряване,Холендър 316L заварка PTFE 1“,10148565/270126/1,1785439929539495497,,"|1—холендер PTFE ж/ж, BSP|2—1`|5—склад|",«0000N0000000000,4.0,0.0,,,0.0,0.0,M,L,L,17.98,0.0,0.0,0,,0.0,0.0,2026-01-28 14:15:31.630,2026-01-28 14:15:31.630
6256,15,1,1318833079,0. СКЛАД - ОСНОВЕН,М10,Болт с шест.гл. 8.8 vZn М10х30,10527503/071125/7,1785439929539495498,,|1—болт цинк|2—М10х30|5—склад|,«0000N0000000000,0.0,0.0,0.0,0.0,0.0,0.0,M,L,L,0.07158099999999999,0.0,0.0,0,,0.0,0.0,2026-02-09 07:56:20.315,2026-02-09 07:56:20.315
6256,17,1,1318833098,0. СКЛАД - ОСНОВЕН,М10,Болт с шест.гл. 8.8 vZn М10х40,10527503/071125/8,1785439929539495499,,|1—болт цинк|2—М10х40|5—склад|,«0000N0000000000,0.0,0.0,0.0,0.0,0.0,0.0,M,L,L,0.08553899999999999,0.0,0.0,0,,0.0,0.0,2026-02-09 07:56:36.647,2026-02-09 07:56:36.647
6256,18,1,1318338389,Неактивен 1,М6,Гайка шест. 8 vZn М6,031025/2,1785439929539496062,,|1—гайка|2—М6|5—склад|,«0000N0000000000,48.0,0.0,,,0.0,0.0,M,L,L,0.03,0.0,0.0,0,,0.0,0.0,2026-02-04 09:12:48.397,2026-02-04 09:12:48.397
6256,19,1,1318833104,0. СКЛАД - ОСНОВЕН,М10,Болт с шест.гл. 8.8 vZn М10х40,241025/5,1785439929539495500,,|1—болт цинк|2—М10х40|5—склад|,«0000N0000000000,0.0,0.0,0.0,0.0,0.0,0.0,M,L,L,0.09,0.0,0.0,0,,0.0,0.0,2026-02-09 07:56:42.100,2026-02-09 07:56:42.100
6256,21,1,1318833115,0. СКЛАД - ОСНОВЕН,М10,Болт с шест.гл. 8.8 vZn М10х45,241025/6,1785439929539495501,,|1—болт цинк|2—М10х45|5—склад|,«0000N0000000000,0.0,0.0,0.0,0.0,0.0,0.0,M,L,L,0.0,0.0,0.0,0,,0.0,0.0,2026-02-09 07:56:51.084,2026-02-09 07:56:51.084
6256,23,1,1318833123,0. СКЛАД - ОСНОВЕН,М10,Гайка шест. 8 vZn М10,10527503/071125/9,1785439929539495502,,|1—гайка цинк|2—М10|5—склад|,«0000N0000000000,0.0,0.0,0.0,0.0,0.0,0.0,M,L,L,0.018969,0.0,0.0,0,,0.0,0.0,2026-02-09 07:56:58.677,2026-02-09 07:56:58.677
6256,25,1,1318833127,0. СКЛАД - ОСНОВЕН,М10,Гайка шест. 8 vZn М10,241025/7,1785439929539495503,,|1—гайка цинк|2—М10|5—склад|,«0000N0000000000,0.0,0.0,0.0,0.0,0.0,0.0,M,L,L,0.02,0.0,0.0,0,,0.0,0.0,2026-02-09 07:57:01.599,2026-02-09 07:57:01.599
6463,0,1,1318833144,0. СКЛАД - ОСНОВЕН,М10,Шайба подложна vZn М10,10527503/071125/10,1785439929539495504,,|1—шайба цинк|2—М10|5—склад|,«0000N0000000000,0.0,0.0,0.0,0.0,0.0,0.0,M,L,L,0.007719999999999999,0.0,0.0,0,,0.0,0.0,2026-02-09 07:57:16.285,2026-02-09 07:57:16.285
6463,1,1,1318858387,System - 60kW Brikel (60),Шини (Електроника),DIN-релса за модулна апаратура перфорирана 2m,1469000128/060126/5,1785439929539496109,,,«0000N0000000000,3.0,0.0,,,0.0,0.0,M,L,L,3.31,0.0,0.0,0,,0.0,0.0,2026-02-09 14:00:47.649,2026-02-09 14:00:47.649
6463,2,1,1318833148,0. СКЛАД - ОСНОВЕН,М10,Шайба подложна vZn М10,241025/8,1785439929539495505,,|1—шайба цинк|2—М10|5—склад|,«0000N0000000000,0.0,0.0,0.0,0.0,0.0,0.0,M,L,L,0.01,0.0,0.0,0,,0.0,0.0,2026-02-09 07:57:19.676,2026-02-09 07:57:19.676
6463,3,1,1320962483,Неактивен 2,0. Разни,Разпробита капа,090226/1,1785439929539496110,,|137—13 мин|,«0000N0000000000,0.0,0.0,,,0.0,0.0,M,L,L,20.190842,0.0,0.0,0,,0.0,0.0,2026-02-09 14:50:12.392,2026-02-09 14:50:12.392
6463,4,1,1318833160,0. СКЛАД - ОСНОВЕН,М10,Шайба с широка периферия vZn М10,241025/9,1785439929539495506,,|1—широка шайба|2—М10|5—склад|,«0000N0000000000,0.0,0.0,0.0,0.0,0.0,0.0,M,L,L,0.0,0.0,0.0,0,,0.0,0.0,2026-02-09 07:57:30.603,2026-02-09 07:57:30.603
6463,5,1,1318833636,0. СКЛАД - ОСНОВЕН,М16,Шайба пружинна gvZn М16,340046105/181125,1785439929539495507,,,«0000N0000000000,0.0,0.0,0.0,0.0,0.0,0.0,M,L,L,0.2045167524784874,0.0,0.0,0,,0.0,0.0,2026-02-09 08:04:21.481,2026-02-09 08:04:21.481
6463,6,1,1318165392,System - 90kW Volkswagen (59),М8,Болт с шест.гл. 8.8 vZn М8х25,090925/16,1785439929539496038,,|1—болт цинк|2—М8х25|5—склад|,«0000N0000000000,2.0,0.0,,,0.0,0.0,M,L,L,0.04,0.0,0.0,0,,0.0,0.0,2026-02-02 15:41:39.460,2026-02-02 15:41:39.460
6463,7,1,1318834991,0. СКЛАД - ОСНОВЕН,М16,Болт с шест.гл. 8.8 vZn М16х40,10524822/311025/2,1785439929539495508,,|1—болт цинк|2—М16х40|5—склад|,«0000N0000000000,0.0,0.0,0.0,0.0,0.0,0.0,M,L,L,0.247158,0.0,0.0,0,,0.0,0.0,2026-02-09 08:23:52.176,2026-02-09 08:23:52.176
6463,8,1,1318835117,0. СКЛАД - ОСНОВЕН,М16,Гайка шест. 10 Bl. М16,10530304/171125/2,1785439929539495509,,,«0000N0000000000,0.0,0.0,0.0,0.0,0.0,0.0,M,L,L,0.09203253861531932,0.0,0.0,0,,0.0,0.0,2026-02-09 08:25:41.102,2026-02-09 08:25:41.102
6463,10,1,1318835126,0. СКЛАД - ОСНОВЕН,М16,Шайба пружинна-федер vZn М16,241025/1,1785439929539495510,,|1—федер шайба цинк|2—М16|5—склад|,«0000N0000000000,0.0,0.0,0.0,0.0,0.0,0.0,M,L,L,0.0,0.0,0.0,0,,0.0,0.0,2026-02-09 08:25:49.133,2026-02-09 08:25:49.133
6463,12,1,1318833596,0. СКЛАД - ОСНОВЕН,М16,Гайка самоос. 8 vZn М16,241025/3,1785439929539495511,,|1—шестоъгълна гайка с уплътнение цинк|2—М16|5—склад|,«0000N0000000000,0.0,0.0,0.0,0.0,0.0,0.0,M,L,L,0.38,0.0,0.0,0,,0.0,0.0,2026-02-09 08:03:47.202,2026-02-09 08:03:47.202
6463,14,1,1318835157,0. СКЛАД - ОСНОВЕН,М16,Шайба с широка периферия vZn M16,241025/4,1785439929539495512,,|1—широка шайба цинк|2—М16|5—склад|,«0000N0000000000,0.0,0.0,0.0,0.0,0.0,0.0,M,L,L,0.0,0.0,0.0,0,,0.0,0.0,2026-02-09 08:26:15.959,2026-02-09 08:26:15.959
6463,15,1,1318836550,0. СКЛАД - ОСНОВЕН,М3,Болт с шест.гл. А2 М3х25,10544810/120126/1,1785439929539495513,,,«0000N0000000000,0.0,0.0,0.0,0.0,0.0,0.0,M,L,L,0.05,0.0,0.0,0,,0.0,0.0,2026-02-09 08:46:19.505,2026-02-09 08:46:19.505
6463,16,1,1318836554,0. СКЛАД - ОСНОВЕН,М3,Болт с шест.гл. А2 М3х25,340047100/120126/1,1785439929539495514,,,«0000N0000000000,0.0,0.0,0.0,0.0,0.0,0.0,M,L,L,0.046015,0.0,0.0,0,,0.0,0.0,2026-02-09 08:46:22.582,2026-02-09 08:46:22.582
6463,17,1,1318836562,0. СКЛАД - ОСНОВЕН,М3,Болт с шест.гл. vZn М3х25,340047100/120126/2,1785439929539495515,,,«0000N0000000000,0.0,0.0,0.0,0.0,0.0,0.0,M,L,L,0.03,0.0,0.0,0,,0.0,0.0,2026-02-09 08:46:29.379,2026-02-09 08:46:29.379
6463,18,1,1318836571,0. СКЛАД - ОСНОВЕН,М3,Гайка шест. А2 М3,10544810/120126/2,1785439929539495516,,,«0000N0000000000,0.0,0.0,0.0,0.0,0.0,0.0,M,L,L,0.01,0.0,0.0,0,,0.0,0.0,2026-02-09 08:46:37.425,2026-02-09 08:46:37.425
6463,19,1,1318836574,0. СКЛАД - ОСНОВЕН,М3,Гайка шест. А2 М3,340047100/120126/3,1785439929539495517,,,«0000N0000000000,0.0,0.0,0.0,0.0,0.0,0.0,M,L,L,0.010226,0.0,0.0,0,,0.0,0.0,2026-02-09 08:46:40.066,2026-02-09 08:46:40.066
6463,20,1,1319852165,0. СКЛАД - ОСНОВЕН,Външна резба,Нипел намалител 316L 150LBS 1/2“х1/4“,201025/2,1785439929539496040,,|1—нипел намалител|2—1/2х1/4|5—склад|,«0000N0000000000,0.0,0.0,0.0,0.0,0.0,0.0,M,L,L,0.0,0.0,0.0,0,,0.0,0.0,2026-02-19 12:31:11.115,2026-02-19 12:31:11.115
6463,21,1,1318836643,0. СКЛАД - ОСНОВЕН,Винтове,"Винт самонарезен с шайба vZn ф4,2x13",10514758/021025,1785439929539495518,,,«0000N0000000000,0.0,0.0,0.0,0.0,0.0,0.0,M,L,L,0.04601626930765966,0.0,0.0,0,,0.0,0.0,2026-02-09 08:47:39.865,2026-02-09 08:47:39.865
6463,22,1,1318836653,0. СКЛАД - ОСНОВЕН,Винтове,"Винт самопробивен с шайба ф4,2х13",340045982/131125,1785439929539495519,,,«0000N0000000000,0.0,0.0,0.0,0.0,0.0,0.0,M,L,L,0.005112918811962185,0.0,0.0,0,,0.0,0.0,2026-02-09 08:47:48.849,2026-02-09 08:47:48.849
6463,26,1,1318836675,0. СКЛАД - ОСНОВЕН,М5,Винт с лещ.гл. 4.8 vZn М5х16,241025/14,1785439929539495521,,|1—кръстат винт цинк|2—М5х16|5—склад|,«0000N0000000000,0.0,0.0,0.0,0.0,0.0,0.0,M,L,L,0.0,0.0,0.0,0,,0.0,0.0,2026-02-09 08:48:07.571,2026-02-09 08:48:07.571
6488,0,1,1318836685,0. СКЛАД - ОСНОВЕН,М5,Винт с лещ.гл. 4.8 vZn М5х20,241025/13,1785439929539495522,,|1—кръстат винт цинк|2—М5х20|5—склад|,«0000N0000000000,0.0,0.0,0.0,0.0,0.0,0.0,M,L,L,0.0,0.0,0.0,0,,0.0,0.0,2026-02-09 08:48:16.430,2026-02-09 08:48:16.430
6488,1,1,1320962483,Неактивен 2,1.2.1. Части (Очиска),Демистър 4“ - Дъно,090226/2,1785439929539496111,,|137—77 мин|,«0000N0000000000,0.0,0.0,,,0.0,0.0,M,L,L,26.306630181999456,0.0,0.0,0,,0.0,0.0,2026-03-02 14:59:45.097,2026-02-09 14:53:31.934
6488,2,1,1318836697,0. СКЛАД - ОСНОВЕН,М5,Винт с лещ.гл. 4.8 vZn М5х12,241025/12,1785439929539495523,,|1—кръстат винт цинк|2—М5х12|5—склад|,«0000N0000000000,0.0,0.0,0.0,0.0,0.0,0.0,M,L,L,0.0,0.0,0.0,0,,0.0,0.0,2026-02-09 08:48:26.320,2026-02-09 08:48:26.320
6488,3,1,1319851540,0. СКЛАД - ОСНОВЕН,М/Ж резба,Преход 304L резба М/Ж 1/2``x1/4``,143284/02092025/5,1785439929539495545,,,«0000N0000000000,0.0,0.0,0.0,0.0,0.0,0.0,M,L,L,0.991903,0.0,0.0,0,,0.0,0.0,2026-02-19 12:22:11.059,2026-02-19 12:22:11.059
6488,5,1,1318836707,0. СКЛАД - ОСНОВЕН,М5,Винт с лещ.гл. 4.8 vZn М5х25,241025/14,1785439929539495524,,|1—кръстат винт цинк|2—М5х25|5—склад|,«0000N0000000000,0.0,0.0,0.0,0.0,0.0,0.0,M,L,L,0.0,0.0,0.0,0,,0.0,0.0,2026-02-09 08:48:35.428,2026-02-09 08:48:35.428
6488,6,1,1320962483,Неактивен 2,0. Разни,Среден фланец с тръба и коляно,090226/3,1785439929539496112,,|137—52 мин|,«0000N0000000000,0.0,0.0,,,0.0,0.0,M,L,L,9.204306947418743,0.0,0.0,0,,0.0,0.0,2026-03-02 14:59:45.113,2026-02-09 14:53:31.953
6488,7,1,1318836717,0. СКЛАД - ОСНОВЕН,М5,"Винт самопр. vZn М5,5х32",241025/15,1785439929539495525,,"|1—самопробивен винт цинк|2—М5,5х70|5—склад|",«0000N0000000000,0.0,0.0,0.0,0.0,0.0,0.0,M,L,L,0.0,0.0,0.0,0,,0.0,0.0,2026-02-09 08:48:44.287,2026-02-09 08:48:44.287
6488,9,1,1318836728,0. СКЛАД - ОСНОВЕН,М5,Шайба с широка периферия vZn М5,241025/17,1785439929539495526,,|1—широка шайба цинк|2—М5|5—склад|,«0000N0000000000,0.0,0.0,0.0,0.0,0.0,0.0,M,L,L,0.0,0.0,0.0,0,,0.0,0.0,2026-02-09 08:48:53.130,2026-02-09 08:48:53.130
6488,10,1,1318836761,0. СКЛАД - ОСНОВЕН,М6,Гайка ниска А2 М6,0340047352/220126/2,1785439929539495527,,,«0000N0000000000,0.0,0.0,0.0,0.0,0.0,0.0,M,L,L,0.03,0.0,0.0,0,,0.0,0.0,2026-02-09 08:49:22.102,2026-02-09 08:49:22.102
6488,11,1,1318836773,0. СКЛАД - ОСНОВЕН,М6,Болт с шест.гл. А2 М6х40,0340047352/220126/1,1785439929539495528,,,«0000N0000000000,0.0,0.0,0.0,0.0,0.0,0.0,M,L,L,0.09,0.0,0.0,0,,0.0,0.0,2026-02-09 08:49:32.633,2026-02-09 08:49:32.633
6488,12,1,1320962483,Неактивен 2,1) Грийн Иновейшън АД,"Вътрешна част(гъба,кръст,ос)",090226/4,1785439929539496113,,|137—20 мин|,«0000N0000000000,0.0,0.0,,,0.0,0.0,M,L,L,86.76110180624951,0.0,0.0,0,,0.0,0.0,2026-02-09 14:53:31.971,2026-02-09 14:53:31.971
6488,13,1,1318836784,0. СКЛАД - ОСНОВЕН,М6,Болт с шест.гл. 8.8 vZn М6х16,241025/19,1785439929539495529,,|1—болт цинк|2—М6х16|5—склад|,«0000N0000000000,0.0,0.0,0.0,0.0,0.0,0.0,M,L,L,0.0,0.0,0.0,0,,0.0,0.0,2026-02-09 08:49:42.007,2026-02-09 08:49:42.007
6488,15,1,,"Склад производство, 500kW",1.2.2 Съдове (Очиска),Демистър 4“,090226/5,1785439929539496114,,|137—5 часа и 33  мин|,«0000N0000000000,0.0,0.0,,,0.0,0.0,M,L,L,149.42000000000002,0.0,0.0,0,,0.0,0.0,2026-02-09 14:56:10.070,2026-02-09 14:56:10.070
6488,16,1,1318836795,0. СКЛАД - ОСНОВЕН,М6,Болт с шест.гл. 8.8 vZn М6х25,151025/4,1785439929539495530,,|1—болт цинк|2—М6х25|5—склад|,«0000N0000000000,0.0,0.0,0.0,0.0,0.0,0.0,M,L,L,0.0,0.0,0.0,0,,0.0,0.0,2026-02-09 08:49:51.241,2026-02-09 08:49:51.241
6488,18,1,1318836830,0. СКЛАД - ОСНОВЕН,М6,Болт с шест.гл. 8.8 vZn М6х60,10524822/311025/7,1785439929539495531,,|1—болт цинк|2—М6х60|5—склад|,«0000N0000000000,0.0,0.0,0.0,0.0,0.0,0.0,M,L,L,0.037273,0.0,0.0,0,,0.0,0.0,2026-02-09 08:50:21.634,2026-02-09 08:50:21.634
6488,20,1,1318836838,0. СКЛАД - ОСНОВЕН,М6,Болт с шест.гл. 8.8 vZn М6х65,241025/18,1785439929539495532,,|1—болт цинк|2—М6х65|5—склад|,«0000N0000000000,0.0,0.0,0.0,0.0,0.0,0.0,M,L,L,0.0,0.0,0.0,0,,0.0,0.0,2026-02-09 08:50:28.696,2026-02-09 08:50:28.696
6488,22,1,1318836848,0. СКЛАД - ОСНОВЕН,М6,Болт с шест.гл. 8.8 vZn М6х90,090925/3,1785439929539495533,,|1—болт цинк|2—М6х90|5—склад|,«0000N0000000000,0.0,0.0,0.0,0.0,0.0,0.0,M,L,L,0.0,0.0,0.0,0,,0.0,0.0,2026-02-09 08:50:36.930,2026-02-09 08:50:36.930
6488,24,1,1318837090,0. СКЛАД - ОСНОВЕН,М6,Болт с шест.гл. 8.8 vZn М6х50,241025/21,1785439929539495534,,|1—болт цинк|2—М6х50|5—склад|,«0000N0000000000,0.0,0.0,0.0,0.0,0.0,0.0,M,L,L,0.0,0.0,0.0,0,,0.0,0.0,2026-02-09 08:54:06.016,2026-02-09 08:54:06.016
6488,27,1,1318837116,0. СКЛАД - ОСНОВЕН,М6,Винт с лещ.гл. 4.8 vZn М6х16,230925/1,1785439929539495535,,|1—винт звезда цинк|2—М6х16|5—склад|,«0000N0000000000,0.0,0.0,0.0,0.0,0.0,0.0,M,L,L,0.0,0.0,0.0,0,,0.0,0.0,2026-02-09 08:54:28.181,2026-02-09 08:54:28.181
6488,29,1,1318837124,0. СКЛАД - ОСНОВЕН,М6,Винт с лещ.гл. 4.8 vZn М6х35,230925/3,1785439929539495536,,|1—винт звезда цинк|2—М6х35|5—склад|,«0000N0000000000,0.0,0.0,0.0,0.0,0.0,0.0,M,L,L,0.0,0.0,0.0,0,,0.0,0.0,2026-02-09 08:54:35.446,2026-02-09 08:54:35.446
6488,31,1,1318837133,0. СКЛАД - ОСНОВЕН,М6,Винт с върт.шест. 8.8 vZn М6х60,241025/22,1785439929539495537,,|1—винт с върт.шестостен цинк|2—М6х60|5—склад|,«0000N0000000000,0.0,0.0,0.0,0.0,0.0,0.0,M,L,L,0.0,0.0,0.0,0,,0.0,0.0,2026-02-09 08:54:43.539,2026-02-09 08:54:43.539
6490,0,1,1318837153,0. СКЛАД - ОСНОВЕН,М6,Гайка самоос. 8 vZn М6,241025/23,1785439929539495538,,|1—гайка с уплътнение цинк|2—М6|5—склад|,«0000N0000000000,0.0,0.0,0.0,0.0,0.0,0.0,M,L,L,0.0,0.0,0.0,0,,0.0,0.0,2026-02-09 08:55:00.288,2026-02-09 08:55:00.288
6490,2,1,1318358524,0. СКЛАД - ОСНОВЕН,М6,Шайба пружинна vZn М6,241025/24,1785439929539495539,,|1—федер шайба цинк|2—М6|5—склад|,«0000N0000000000,0.0,0.0,,,0.0,0.0,M,L,L,0.0,0.0,0.0,0,,0.0,0.0,2026-02-04 14:02:45.657,2026-02-02 13:43:43.944
6490,3,1,1318244491,System - 90kW Volkswagen (59),М16,Гайка шест. 8 Bl. М16,10524822/311025/1,1785439929539496046,,"|1—гайка шестостенна 10, цинк|2—М16|5—склад|",«0000N0000000000,8.0,0.0,,,0.0,0.0,M,L,L,0.062531,0.0,0.0,0,,0.0,0.0,2026-02-03 10:40:40.691,2026-02-03 10:40:40.691
6490,4,1,1318837232,0. СКЛАД - ОСНОВЕН,М8,Болт с шест.гл. 8.8 vZn М8х16,10527503/071125/1,1785439929539495540,,|1—болт цинк|2—М8х16|5—склад|,«0000N0000000000,0.0,0.0,0.0,0.0,0.0,0.0,M,L,L,0.032722999999999995,0.0,0.0,0,,0.0,0.0,2026-02-09 08:56:08.703,2026-02-09 08:56:08.703
6490,6,1,1318837242,0. СКЛАД - ОСНОВЕН,М8,Болт с шест.гл. 8.8 vZn М8х20,10524822/311025/6,1785439929539495541,,|1—болт цинк|2—М8х20|5—склад|,«0000N0000000000,0.0,0.0,0.0,0.0,0.0,0.0,M,L,L,0.036097,0.0,0.0,0,,0.0,0.0,2026-02-09 08:56:17.390,2026-02-09 08:56:17.390
6490,7,1,1318837264,0. СКЛАД - ОСНОВЕН,М8,Болт с шест.гл. 8.8 vZn М8х35,10527503/071125/2,1785439929539495542,,,«0000N0000000000,0.0,0.0,0.0,0.0,0.0,0.0,M,L,L,0.046016,0.0,0.0,0,,0.0,0.0,2026-02-09 08:56:36.139,2026-02-09 08:56:36.139
6490,8,1,,0. СКЛАД - ОСНОВЕН,2.5.4. Вентили,"Вентил предпазен 1216 НРЖ, PN40  1“х1“",10149208,1785439929539496208,,"|1—предпазен вентил 1216 НРЖ, PN40|2—1``-1``|5—склад|",«0000N0000000000,0.0,0.0,,,0.0,0.0,M,L,L,238.67,0.0,0.0,0,,0.0,0.0,2026-02-20 10:44:27.544,2026-02-20 10:44:27.544
6490,9,1,1318837290,0. СКЛАД - ОСНОВЕН,М8,Шайба пружинна vZn М8,201025/6,1785439929539495543,,|1—федер шайба цинк|2—М8|5—склад|,«0000N0000000000,0.0,0.0,0.0,0.0,0.0,0.0,M,L,L,0.0,0.0,0.0,0,,0.0,0.0,2026-02-09 08:56:58.883,2026-02-09 08:56:58.883
6490,10,1,1319851554,0. СКЛАД - ОСНОВЕН,М/Ж резба,Преход 304L резба М/Ж 2“х1“,10148002/120126,1785439929539495546,,,«0000N0000000000,0.0,0.0,0.0,0.0,0.0,0.0,M,L,L,5.46,0.0,0.0,0,,0.0,0.0,2026-02-19 12:22:22.840,2026-02-19 12:22:22.840
6490,12,1,1318837315,0. СКЛАД - ОСНОВЕН,М8,Шайба с широка периферия vZn М8,230925/2,1785439929539495544,,|1—широка шайба цинк|2—М8|5—склад|,«0000N0000000000,0.0,0.0,0.0,0.0,0.0,0.0,M,L,L,0.0164,0.0,0.0,0,,0.0,0.0,2026-02-09 08:57:20.526,2026-02-09 08:57:20.526
6490,13,1,1319851563,0. СКЛАД - ОСНОВЕН,М/Ж резба,Преход 316L резба М/Ж 1 1/4“-1/2“,181225/26,1785439929539495547,,,«0000N0000000000,0.0,0.0,0.0,0.0,0.0,0.0,M,L,L,9.116301,0.0,0.0,0,,0.0,0.0,2026-02-19 12:22:30.448,2026-02-19 12:22:30.448
6490,14,1,1318358645,0. СКЛАД - ОСНОВЕН,Тапи на резба,Тапа 304L резба 1/4“,16816512,1785439929539495548,,,«0000N0000000000,0.0,0.0,,,0.0,0.0,M,L,L,0.5112918811962185,0.0,0.0,0,,0.0,0.0,2026-02-11 14:14:31.169,2026-02-11 14:14:31.169
6490,15,1,1319851649,0. СКЛАД - ОСНОВЕН,Холендри на резба,Холендър 316L резба М/Ж PTFE 150LBS 1/2“,10143120/27082025/3,1785439929539495549,,,«0000N0000000000,0.0,0.0,0.0,0.0,0.0,0.0,M,L,L,11.054089999999999,0.0,0.0,0,,0.0,0.0,2026-02-19 12:23:44.543,2026-02-19 12:23:44.543
6490,16,1,1319851658,0. СКЛАД - ОСНОВЕН,Холендри на резба,Холендър 316L резба М/Ж PTFE 150LBS 1 1/2“,10145394/291025,1785439929539495550,,,«0000N0000000000,0.0,0.0,0.0,0.0,0.0,0.0,M,L,L,24.378396895435696,0.0,0.0,0,,0.0,0.0,2026-02-19 12:23:52.714,2026-02-19 12:23:52.714
6490,17,1,1319851674,0. СКЛАД - ОСНОВЕН,Холендри на резба,Холендър 316L резба М/М PTFE 150LBS 1/2“,10148408/210126/2,1785439929539495551,,,«0000N0000000000,0.0,0.0,0.0,0.0,0.0,0.0,M,L,L,9.46,0.0,0.0,0,,0.0,0.0,2026-02-19 12:24:06.854,2026-02-19 12:24:06.854
6490,18,1,1318963140,0. СКЛАД - ОСНОВЕН,Фитинги - Щуцер на резба,Щуцер за маркуч 304 1/4“,090925/6,1785439929539495552,,,«0000N0000000000,0.0,0.0,0.0,0.0,0.0,0.0,M,L,L,0.5112918811962185,0.0,0.0,0,,0.0,0.0,2026-02-10 15:09:13.110,2026-02-10 15:09:13.110
6490,20,1,1319851705,0. СКЛАД - ОСНОВЕН,Капи на резба,Капа 316L резба 1/4“,181225/9,1785439929539495553,,|1—капа|2—1/4`|5—склад|,«0000N0000000000,0.0,0.0,0.0,0.0,0.0,0.0,M,L,L,0.0,0.0,0.0,0,,0.0,0.0,2026-02-19 12:24:33.946,2026-02-19 12:24:33.946
6490,22,1,1319851696,0. СКЛАД - ОСНОВЕН,Капи на резба,Капа 316L резба 1/2“,181225/10,1785439929539495554,,|1—капа|2—1/2`|5—склад|,«0000N0000000000,0.0,0.0,0.0,0.0,0.0,0.0,M,L,L,0.0,0.0,0.0,0,,0.0,0.0,2026-02-19 12:24:25.603,2026-02-19 12:24:25.603
6490,24,1,1318358645,0. СКЛАД - ОСНОВЕН,Колена на резба,Коляно 45° 316L резба вътрешна 150LBS 1/2“,181225/11,1785439929539495555,,|1—коляно 45гр. вътр. резба|2—1/2`|5—склад|,«0000N0000000000,4.0,0.0,,,0.0,0.0,M,L,L,0.0,0.0,0.0,0,,0.0,0.0,2026-02-04 14:04:29.997,2026-01-27 14:07:46.935
6490,25,1,1319851747,0. СКЛАД - ОСНОВЕН,Колена на резба,Коляно 90° 304L резба вътрешна 1 1/4“,16984615,1785439929539495556,,,«0000N0000000000,0.0,0.0,0.0,0.0,0.0,0.0,M,L,L,0.5112918811962185,0.0,0.0,0,,0.0,0.0,2026-02-19 12:25:09.553,2026-02-19 12:25:09.553
6530,0,1,1319851751,0. СКЛАД - ОСНОВЕН,Колена на резба,Коляно 90° 304L резба М/Ж 1 1/2“,16813615,1785439929539495557,,,«0000N0000000000,0.0,0.0,0.0,0.0,0.0,0.0,M,L,L,0.5112918811962185,0.0,0.0,0,,0.0,0.0,2026-02-19 12:25:13.224,2026-02-19 12:25:13.224
6530,1,1,1319851761,0. СКЛАД - ОСНОВЕН,Колена на резба,Коляно 90° 304L резба М/Ж 1 1/4“,16846425,1785439929539495558,,,«0000N0000000000,0.0,0.0,0.0,0.0,0.0,0.0,M,L,L,0.5112918811962185,0.0,0.0,0,,0.0,0.0,2026-02-19 12:25:21.989,2026-02-19 12:25:21.989
6530,2,1,1319851770,0. СКЛАД - ОСНОВЕН,Колена на резба,Коляно 90° 304L резба М/Ж 2“,1684354,1785439929539495559,,,«0000N0000000000,0.0,0.0,0.0,0.0,0.0,0.0,M,L,L,0.5112918811962185,0.0,0.0,0,,0.0,0.0,2026-02-19 12:25:29.661,2026-02-19 12:25:29.661
6530,3,1,1319851782,0. СКЛАД - ОСНОВЕН,Колена на резба,Коляно 90° 304L резба М/Ж 1/2“,181225/8,1785439929539495560,,,«0000N0000000000,0.0,0.0,0.0,0.0,0.0,0.0,M,L,L,0.5112918811962185,0.0,0.0,0,,0.0,0.0,2026-02-19 12:25:39.769,2026-02-19 12:25:39.769
6530,4,1,1319851790,0. СКЛАД - ОСНОВЕН,Колена на резба,Коляно 90° 304L резба М/Ж 1“,16843651,1785439929539495561,,,«0000N0000000000,0.0,0.0,0.0,0.0,0.0,0.0,M,L,L,0.5112918811962185,0.0,0.0,0,,0.0,0.0,2026-02-19 12:25:47.285,2026-02-19 12:25:47.285
6530,5,1,1319944700,System - 90kW Volkswagen (59),2.5.4. Вентили,"Вентил предпазен 1216 НРЖ, PN40  1“х1“",202530315001,1785439929539496209,,"|1—предпазен вентил 1216 НРЖ, PN40|2—1``-1``|5—склад|",«0000N0000000000,1.0,0.0,,,0.0,0.0,M,L,L,242.93522443157124,0.0,0.0,0,,0.0,0.0,2026-02-20 10:43:41.001,2026-02-20 10:43:41.001
6530,6,1,1319851800,0. СКЛАД - ОСНОВЕН,Колена на резба,Коляно 90° 316L резба вътрешна 1/2“,101125/1,1785439929539495562,,|1—коляно 90гр. вътр. резба|2—1/2`|5—склад|,«0000N0000000000,0.0,0.0,0.0,0.0,0.0,0.0,M,L,L,0.0,0.0,0.0,0,,0.0,0.0,2026-02-19 12:25:55.362,2026-02-19 12:25:55.362
6530,8,1,1319851811,0. СКЛАД - ОСНОВЕН,Колена на резба,Коляно 90° 316L резба вътрешна 3/4“,130126/2,1785439929539495563,,|1—коляно 90гр. вътр. резба|2—3/4`|5—склад|,«0000N0000000000,0.0,0.0,0.0,0.0,0.0,0.0,M,L,L,0.0,0.0,0.0,0,,0.0,0.0,2026-02-19 12:26:05.158,2026-02-19 12:26:05.158
6530,10,1,1319851821,0. СКЛАД - ОСНОВЕН,Колена на резба,Коляно 90° 316L резба вътрешна 1/4“,260925/1,1785439929539495564,,|1—коляно 90гр. вътр. резба|2—1/4`|5—склад|,«0000N0000000000,0.0,0.0,0.0,0.0,0.0,0.0,M,L,L,0.0,0.0,0.0,0,,0.0,0.0,2026-02-19 12:26:13.470,2026-02-19 12:26:13.470
6530,12,1,1319851829,0. СКЛАД - ОСНОВЕН,Колена на резба,Коляно 90° 316L резба вътрешна 1“,120126/18,1785439929539495565,,|1—коляно 90гр. вътр. резба|2—1`|5—склад|,«0000N0000000000,0.0,0.0,0.0,0.0,0.0,0.0,M,L,L,2.991047,0.0,0.0,0,,0.0,0.0,2026-02-19 12:26:20.907,2026-02-19 12:26:20.907
6530,14,1,1319851850,0. СКЛАД - ОСНОВЕН,Колена на резба,Коляно 90° 316L резба М/Ж 1/4“,181225/12,1785439929539495566,,|1—коляно 90гр. вътр./вън. резба|2—1/4`|5—склад|,«0000N0000000000,0.0,0.0,0.0,0.0,0.0,0.0,M,L,L,0.0,0.0,0.0,0,,0.0,0.0,2026-02-19 12:26:39.047,2026-02-19 12:26:39.047
6530,15,1,1317561696,0. СКЛАД - ОСНОВЕН,1. Пречистване на вода,B520 PRO,81066/040925/1,1785439929539495602,,,«0000N0000000000,1.0,0.0,,,0.0,0.0,M,L,L,51.129,0.0,0.0,0,,0.0,0.0,2026-01-27 14:48:25.020,2026-01-27 14:48:25.020
6530,17,1,1319851839,0. СКЛАД - ОСНОВЕН,Колена на резба,Коляно 90° 316L резба М/Ж 1/2“,143284/02092025/3,1785439929539495567,,|1—коляно 90гр. вътр./вън. резба|2—1/2`|5—склад|,«0000N0000000000,0.0,0.0,0.0,0.0,0.0,0.0,M,L,L,2.000166,0.0,0.0,0,,0.0,0.0,2026-02-19 12:26:29.250,2026-02-19 12:26:29.250
6530,19,1,1318932127,0. СКЛАД - ОСНОВЕН,Кръстове на резба,Кръст 316L резба 1“,181225/13,1785439929539495568,,|1—кръст|2—1`|5—склад|,«0000N0000000000,0.0,0.0,0.0,0.0,0.0,0.0,M,L,L,0.0,0.0,0.0,0,,0.0,0.0,2026-02-10 07:42:38.016,2026-02-10 07:42:38.016
6530,22,1,1319851874,0. СКЛАД - ОСНОВЕН,Кръстове на резба,Кръст 316L резба 1 1/4`,10144596/101025/2,1785439929539495569,,|1—кръст|2—1 1/4`|5—склад|,«0000N0000000000,0.0,0.0,0.0,0.0,0.0,0.0,M,L,L,12.628909465546597,0.0,0.0,0,,0.0,0.0,2026-02-19 12:26:59.389,2026-02-19 12:26:59.389
6530,24,1,1319852050,0. СКЛАД - ОСНОВЕН,Вътрешна резба,Преход 316L резба вътрешна 150LBS 1/2“х1/4“,181225/16,1785439929539495570,,|1—муфа намалител|2—1/2х1/4|5—склад|,«0000N0000000000,0.0,0.0,0.0,0.0,0.0,0.0,M,L,L,0.0,0.0,0.0,0,,0.0,0.0,2026-02-19 12:29:31.644,2026-02-19 12:29:31.644
6530,26,1,1319852068,0. СКЛАД - ОСНОВЕН,Вътрешна резба,Преход 316L резба вътрешна 150LBS 1“х1/2“,181225/17,1785439929539495571,,|1—муфа намалител|2—1х1/2|5—склад|,«0000N0000000000,0.0,0.0,0.0,0.0,0.0,0.0,M,L,L,0.0,0.0,0.0,0,,0.0,0.0,2026-02-19 12:29:47.011,2026-02-19 12:29:47.011
6534,0,1,1319852041,0. СКЛАД - ОСНОВЕН,Вътрешна резба,Преход 316L резба вътрешна 150LBS 2“х1 1/2“,181225/18,1785439929539495572,,|1—муфа намалител|2—2х1 1/2|5—склад|,«0000N0000000000,0.0,0.0,0.0,0.0,0.0,0.0,M,L,L,0.0,0.0,0.0,0,,0.0,0.0,2026-02-19 12:29:23.879,2026-02-19 12:29:23.879
6534,1,1,1319944703,System - 90kW Volkswagen (59),2.5.4. Вентили,"Вентил предпазен 1216 НРЖ, PN40  1“х1“",202530315008,1785439929539496210,,"|1—предпазен вентил 1216 НРЖ, PN40|2—1``-1``|5—склад|",«0000N0000000000,1.0,0.0,,,0.0,0.0,M,L,L,242.93522443157124,0.0,0.0,0,,0.0,0.0,2026-02-20 10:43:43.001,2026-02-20 10:43:43.001
6534,2,1,1319852058,0. СКЛАД - ОСНОВЕН,Вътрешна резба,Преход 316L резба вътрешна 150LBS 1/2“х1/8“,201025/4,1785439929539495573,,|1—муфа намалител|2—1/2х1/8|5—склад|,«0000N0000000000,0.0,0.0,0.0,0.0,0.0,0.0,M,L,L,0.0,0.0,0.0,0,,0.0,0.0,2026-02-19 12:29:39.120,2026-02-19 12:29:39.120
6534,4,1,1319852104,0. СКЛАД - ОСНОВЕН,Външна резба,Нипел намалител 316L 150LBS 1/4“х1/8“,120126/17,1785439929539495574,,|1—нипел намалител|2—1/4х1/8|5—склад|,«0000N0000000000,0.0,0.0,0.0,0.0,0.0,0.0,M,L,L,0.0,0.0,0.0,0,,0.0,0.0,2026-02-19 12:30:18.790,2026-02-19 12:30:18.790
6534,5,1,1319661543,0. СКЛАД - ОСНОВЕН,Кабелни Канали,Вертканел ъгъл понижаващ 60х152mm с неперфориран,290126/1,1785439929539495892,,,«0000N0000000000,0.0,0.0,0.0,0.0,0.0,0.0,M,L,L,16.074958,0.0,0.0,0,,0.0,0.0,2026-02-17 14:46:13.907,2026-02-17 14:46:13.907
6534,6,1,1320962483,System - 90kW Volkswagen (59),2.5.3. Кранове на резба,Кран сфер. на рез. 316L PN64 DN25,16156,1785439929539495897,,|1—кран за задвижка|2—1` - DN25|5—склад|,«0000N0000000000,2.0,0.0,,,0.0,0.0,M,L,L,0.0,0.0,0.0,0,,0.0,0.0,2026-03-02 14:59:45.175,2026-01-29 15:28:46.678
6534,7,1,1317764666,System - 90kW Volkswagen (59),2.5.1. Кранове на фланци,Кран сфер. на фл. 2-части 316L PN40 (Акт) 1“,050126/2,1785439929539495898,,,«0000N0000000000,9.0,0.0,,,0.0,0.0,M,L,L,274.58,0.0,0.0,0,,0.0,0.0,2026-03-09 08:59:13.879,2026-03-09 08:59:13.879
6534,8,1,1319852136,0. СКЛАД - ОСНОВЕН,Външна резба,Нипел намалител 316L 150LBS 1/2“х3/8“,181225/19,1785439929539495576,,|1—нипел намалител|2—1/2х3/8|5—склад|,«0000N0000000000,0.0,0.0,0.0,0.0,0.0,0.0,M,L,L,0.0,0.0,0.0,0,,0.0,0.0,2026-02-19 12:30:46.429,2026-02-19 12:30:46.429
6534,9,1,1319944737,System - 60kW Brikel (60),2.5.4. Вентили,"Вентил предпазен 1216 НРЖ, PN40  1“х1“",10149208,1785439929539496211,,"|1—предпазен вентил 1216 НРЖ, PN40|2—1``-1``|5—склад|",«0000N0000000000,2.0,0.0,,,0.0,0.0,M,L,L,238.67,0.0,0.0,0,,0.0,0.0,2026-02-20 10:44:27.560,2026-02-20 10:44:27.560
6534,10,1,1319852153,0. СКЛАД - ОСНОВЕН,Външна резба,Нипел намалител 316L 150LBS 3/4“х1/2“,181225/20,1785439929539495577,,|1—нипел намалител|2—3/4х1/2|5—склад|,«0000N0000000000,0.0,0.0,0.0,0.0,0.0,0.0,M,L,L,0.0,0.0,0.0,0,,0.0,0.0,2026-02-19 12:31:01.193,2026-02-19 12:31:01.193
6534,12,1,1319852181,0. СКЛАД - ОСНОВЕН,Външна резба,Нипел намалител 316L 150LBS 1“х1/2“,120126/15,1785439929539495578,,|1—нипел намалител|2—1х1/2|5—склад|,«0000N0000000000,0.0,0.0,0.0,0.0,0.0,0.0,M,L,L,3.093305,0.0,0.0,0,,0.0,0.0,2026-02-19 12:31:25.176,2026-02-19 12:31:25.176
6534,14,1,1319852198,0. СКЛАД - ОСНОВЕН,Външна резба,Нипел намалител 316L 150LBS 2“х1“,120126/16,1785439929539495579,,|1—нипел намалител|2—2х1|5—склад|,«0000N0000000000,0.0,0.0,0.0,0.0,0.0,0.0,M,L,L,0.0,0.0,0.0,0,,0.0,0.0,2026-02-19 12:31:39.285,2026-02-19 12:31:39.285
6534,17,1,1319852340,0. СКЛАД - ОСНОВЕН,Нипели на резба,Нипел шест. 316L резба 150LBS 1/2“,143284/02092025/2,1785439929539495580,,|1—нипел шестостен|2—1/2`|5—склад|,«0000N0000000000,0.0,0.0,0.0,0.0,0.0,0.0,M,L,L,2.055386,0.0,0.0,0,,0.0,0.0,2026-02-19 12:33:42.573,2026-02-19 12:33:42.573
6534,18,1,1319852355,0. СКЛАД - ОСНОВЕН,Нипели на резба,Нипел шест. 304L резба 150LBS 1 1/4“,138546123,1785439929539495581,,,«0000N0000000000,0.0,0.0,0.0,0.0,0.0,0.0,M,L,L,0.5112918811962185,0.0,0.0,0,,0.0,0.0,2026-02-19 12:33:55.666,2026-02-19 12:33:55.666
6534,19,1,1319852364,0. СКЛАД - ОСНОВЕН,Нипели на резба,Нипел шест. 304L резба 150LBS 1/2“,10147297/101225,1785439929539495582,,,«0000N0000000000,0.0,0.0,0.0,0.0,0.0,0.0,M,L,L,0.9203253861531933,0.0,0.0,0,,0.0,0.0,2026-02-19 12:34:03.087,2026-02-19 12:34:03.087
6534,20,1,1318945516,0. СКЛАД - ОСНОВЕН,Нипели на резба,Нипел шест. 304L резба 150LBS 1“,135843612,1785439929539495583,,,«0000N0000000000,0.0,0.0,0.0,0.0,0.0,0.0,M,L,L,0.5112918811962185,0.0,0.0,0,,0.0,0.0,2026-02-10 10:55:26.996,2026-02-10 10:55:26.996
6534,21,1,1319852928,0. СКЛАД - ОСНОВЕН,М/Ж резба,Преход 316L резба М/Ж 1/4“х1/8“,10148565/270126/4,1785439929539495584,,,«0000N0000000000,0.0,0.0,0.0,0.0,0.0,0.0,M,L,L,0.6999999999999998,0.0,0.0,0,,0.0,0.0,2026-02-19 12:42:09.581,2026-02-19 12:42:09.581
6534,23,1,1319852449,0. СКЛАД - ОСНОВЕН,М/Ж резба,Преход 316L резба М/Ж 1/2“х1/4“,10148565/270126/2,1785439929539495585,,|1—преход м/ж|2—1/2х1/4|5—склад|,«0000N0000000000,0.0,0.0,0.0,0.0,0.0,0.0,M,L,L,0.9899999999999999,0.0,0.0,0,,0.0,0.0,2026-02-19 12:35:16.254,2026-02-19 12:35:16.254
6534,24,1,1319852453,0. СКЛАД - ОСНОВЕН,М/Ж резба,Преход 316L резба М/Ж 1/2“х1/4“,143284/02092025/6,1785439929539495586,,|1—преход м/ж|2—1/2х1/4|5—склад|,«0000N0000000000,0.0,0.0,0.0,0.0,0.0,0.0,M,L,L,0.9919062495206639,0.0,0.0,0,,0.0,0.0,2026-02-19 12:35:19.660,2026-02-19 12:35:19.660
6534,27,1,1319852586,0. СКЛАД - ОСНОВЕН,М/Ж резба,Преход 316L резба М/Ж 3/4“х1/2“,12345/1,1785439929539495587,,|1—преход м/ж|2—3/4х1/2|5—склад|,«0000N0000000000,0.0,0.0,0.0,0.0,0.0,0.0,M,L,L,0.0,0.0,0.0,0,,0.0,0.0,2026-02-19 12:37:14.341,2026-02-19 12:37:14.341
6546,0,1,1319852598,0. СКЛАД - ОСНОВЕН,М/Ж резба,Преход 316L резба М/Ж 1“х1/2“,181225/24,1785439929539495588,,|1—преход м/ж|2—1х1/2|5—склад|,«0000N0000000000,0.0,0.0,0.0,0.0,0.0,0.0,M,L,L,1.789515,0.0,0.0,0,,0.0,0.0,2026-02-19 12:37:24.834,2026-02-19 12:37:24.834
6546,2,1,1319852488,0. СКЛАД - ОСНОВЕН,М/Ж резба,Преход 316L резба М/Ж 1 1/2“х1/2“,181225/26,1785439929539495589,,|1—преход м/ж|2—1 1/2х1/2|5—склад|,«0000N0000000000,0.0,0.0,0.0,0.0,0.0,0.0,M,L,L,0.0,0.0,0.0,0,,0.0,0.0,2026-02-19 12:35:50.984,2026-02-19 12:35:50.984
6546,3,1,1319852613,0. СКЛАД - ОСНОВЕН,М/Ж резба,Преход 304L резба М/Ж 1“x1/2“,684625513,1785439929539495590,,,«0000N0000000000,0.0,0.0,0.0,0.0,0.0,0.0,M,L,L,2.234337,0.0,0.0,0,,0.0,0.0,2026-02-19 12:37:37.583,2026-02-19 12:37:37.583
6546,4,1,1319852978,0. СКЛАД - ОСНОВЕН,М/Ж резба,Преход 304L резба М/Ж 3/4“x1/2“,168453146,1785439929539495591,,,«0000N0000000000,0.0,0.0,0.0,0.0,0.0,0.0,M,L,L,0.5112918811962185,0.0,0.0,0,,0.0,0.0,2026-02-19 12:42:53.109,2026-02-19 12:42:53.109
6546,5,1,1318844810,0. СКЛАД - ОСНОВЕН,Тапи на резба,Тапа 304L резба 1 1/2“,354136123,1785439929539495592,,,«0000N0000000000,0.0,0.0,0.0,0.0,0.0,0.0,M,L,L,2.919466,0.0,0.0,0,,0.0,0.0,2026-02-09 10:45:16.596,2026-02-09 10:45:16.596
6546,6,1,1317561700,0. СКЛАД - ОСНОВЕН,1. Пречистване на вода,"Горен дистрибутор D5120-1, 1`",81066/040925/4,1785439929539495603,,,«0000N0000000000,1.0,0.0,,,0.0,0.0,M,L,L,10.000831999999999,0.0,0.0,0,,0.0,0.0,2026-01-27 14:48:28.942,2026-01-27 14:48:28.942
6546,7,1,1319853212,0. СКЛАД - ОСНОВЕН,Тройници на резба,Тройник 304L резба вътрешна 1 1/2“,16841351,1785439929539495593,,,«0000N0000000000,0.0,0.0,0.0,0.0,0.0,0.0,M,L,L,0.5112918811962185,0.0,0.0,0,,0.0,0.0,2026-02-19 12:46:15.939,2026-02-19 12:46:15.939
6546,9,1,1319853229,0. СКЛАД - ОСНОВЕН,Тройници на резба,Тройник 304L резба вътрешна 1 1/4“,36814861,1785439929539495594,,,«0000N0000000000,0.0,0.0,0.0,0.0,0.0,0.0,M,L,L,0.5112918811962185,0.0,0.0,0,,0.0,0.0,2026-02-19 12:46:30.344,2026-02-19 12:46:30.344
6546,11,1,1319853239,0. СКЛАД - ОСНОВЕН,Тройници на резба,Тройник 304L резба вътрешна 1“,16814681,1785439929539495595,,,«0000N0000000000,0.0,0.0,0.0,0.0,0.0,0.0,M,L,L,0.5112918811962185,0.0,0.0,0,,0.0,0.0,2026-02-19 12:46:39.047,2026-02-19 12:46:39.047
6546,12,1,1317561705,0. СКЛАД - ОСНОВЕН,1. Пречистване на вода,"Предфилтърен корпус, Викинг ПРО за студена вода",81066/040925/2,1785439929539495604,,,«0000N0000000000,1.0,0.0,,,0.0,0.0,M,L,L,93.05478,0.0,0.0,0,,0.0,0.0,2026-01-27 14:48:32.926,2026-01-27 14:48:32.926
6546,14,1,1319853263,0. СКЛАД - ОСНОВЕН,Тройници на резба,Тройник 316L резба вътрешна 1/2“,143284/02092025/7,1785439929539495596,,|1—тройник вътр. резба|2—1/2`|5—склад|,«0000N0000000000,0.0,0.0,0.0,0.0,0.0,0.0,M,L,L,2.325347,0.0,0.0,0,,0.0,0.0,2026-02-19 12:46:59.717,2026-02-19 12:46:59.717
6546,16,1,1319853275,0. СКЛАД - ОСНОВЕН,Тройници на резба,Тройник 316L резба вътрешна 1/4“,031125,1785439929539495597,,|1—тройник вътр. резба|2—1/4`|5—склад|,«0000N0000000000,0.0,0.0,0.0,0.0,0.0,0.0,M,L,L,0.0,0.0,0.0,0,,0.0,0.0,2026-02-19 12:47:09.670,2026-02-19 12:47:09.670
6546,17,1,,0. СКЛАД - ОСНОВЕН,Сензори,Сензор за проводимост,40428/270126/1,1785439929539496058,,,«0000N0000000000,0.0,0.0,,,0.0,0.0,M,L,L,633.81,0.0,0.0,0,,0.0,0.0,2026-03-02 09:04:27.035,2026-03-02 09:04:27.035
6546,18,1,1319853431,0. СКЛАД - ОСНОВЕН,Тройници на резба,Тройник 304L резба вътрешна 3/4“,16813512,1785439929539495598,,,«0000N0000000000,0.0,0.0,0.0,0.0,0.0,0.0,M,L,L,0.51129,0.0,0.0,0,,0.0,0.0,2026-02-19 12:49:24.692,2026-02-19 12:49:24.692
6546,20,1,1319853458,0. СКЛАД - ОСНОВЕН,Тапи на резба,Тапа 316L резба 1/4“,181225/25,1785439929539495599,,|1—хексагонална тапа|2—1/4`|5—склад|,«0000N0000000000,0.0,0.0,0.0,0.0,0.0,0.0,M,L,L,0.0,0.0,0.0,0,,0.0,0.0,2026-02-19 12:49:48.028,2026-02-19 12:49:48.028
6546,22,1,1317559547,0. СКЛАД - ОСНОВЕН,2.2. Фитинги за заваряване,Холендър 316L заварка PTFE 1“,10148565/270126/1,1785439929539495600,,"|1—холендер PTFE ж/ж, BSP|2—1`|5—склад|",«0000N0000000000,0.0,0.0,,,0.0,0.0,M,L,L,17.98,0.0,0.0,0,,0.0,0.0,2026-01-28 14:15:31.615,2026-01-28 14:15:31.615
6546,25,1,1318263915,0. СКЛАД - ОСНОВЕН,Холендри на резба,Холендър 316L резба вътрешна PTFE 150LBS 1/2“,10147733/231225,1785439929539495601,,|1—холендер вътр.резба PTFE|2—1/2`|5—склад|,«0000N0000000000,0.0,0.0,0.0,0.0,0.0,0.0,M,L,L,7.592657,0.0,0.0,0,,0.0,0.0,2026-02-10 09:49:56.230,2026-02-10 09:49:56.230
6546,26,1,1317561712,0. СКЛАД - ОСНОВЕН,1. Пречистване на вода,"Управляваща глава/клапан Runxin, H9901",81066/040925/5,1785439929539495605,,,«0000N0000000000,2.0,0.0,,,0.0,0.0,M,L,L,13.436701,0.0,0.0,0,,0.0,0.0,2026-01-27 14:48:39.551,2026-01-27 14:48:39.551
6562,0,1,1320962483,0. СКЛАД - ОСНОВЕН,1.1.1. Части (Електролизьор),Уплътнение (S.G.M. PTFE) 1060x900x5мм,VMA20250921/141025/1,1785439929539495607,,,«0000N0000000000,0.0,0.0,0.0,0.0,0.0,0.0,M,L,L,76.02,0.0,0.0,0,,0.0,0.0,2026-03-02 14:59:45.222,2026-02-11 08:40:44.721
6562,1,1,1320962483,0. СКЛАД - ОСНОВЕН,1.1.1. Части (Електролизьор),Уплътнение (S.G.M. PTFE) 393x325x5мм,050126/3,1785439929539495608,,,«0000N0000000000,0.0,0.0,0.0,0.0,0.0,0.0,M,L,L,12.6,0.0,0.0,0,,0.0,0.0,2026-03-02 14:59:45.222,2026-02-11 08:40:33.440
6562,2,1,1317634853,0. СКЛАД - ОСНОВЕН,Кабели - Захранващи,Кабел захранващ (Angled cabel socket),2250493/281125/1,1785439929539495648,,,«0000N0000000000,4.0,0.0,,,0.0,0.0,M,L,L,13.7,0.0,0.0,0,,0.0,0.0,2026-01-28 08:21:52.889,2026-01-28 08:21:52.889
6562,3,1,1319658500,0. СКЛАД - ОСНОВЕН,1.1.2. Крепежи (Електролизьор),Гайка шест. 8.8 M56x4,230126/1,1785439929539495609,,,«0000N0000000000,0.0,0.0,0.0,0.0,0.0,0.0,M,L,L,16.616925,0.0,0.0,0,,0.0,0.0,2026-02-17 14:02:24.292,2026-02-17 14:02:24.292
6562,4,1,1317634858,0. СКЛАД - ОСНОВЕН,Сензори,Дебитомер (Electromagnetic flowmeter) DN50,SAT012424/301025/1,1785439929539495649,,,«0000N0000000000,2.0,0.0,,,0.0,0.0,M,L,L,790.02,0.0,0.0,0,,0.0,0.0,2026-01-28 08:21:57.810,2026-01-28 08:21:57.810
6562,5,1,1319658507,0. СКЛАД - ОСНОВЕН,1.1.1. Части (Електролизьор),Гумен лист EPDM 6/1200мм,192741/031025,1785439929539495610,,,«0000N0000000000,0.0,0.0,0.0,0.0,0.0,0.0,M,L,L,55.219524,0.0,0.0,0,,0.0,0.0,2026-02-17 14:02:31.042,2026-02-17 14:02:31.042
6562,6,1,1317634864,0. СКЛАД - ОСНОВЕН,Сензори,Дебитомер (Magnetic Contact),SAT012424/301025/2,1785439929539495650,,,«0000N0000000000,2.0,0.0,,,0.0,0.0,M,L,L,78.665,0.0,0.0,0,,0.0,0.0,2026-01-28 08:22:02.922,2026-01-28 08:22:02.922
6562,7,1,1320962483,0. СКЛАД - ОСНОВЕН,1.1.1. Части (Електролизьор),Мембрани (Composite Membrane) 1х1м,VMA20250921/141025/2,1785439929539495611,,,«0000N0000000000,0.0,0.0,0.0,0.0,0.0,0.0,M,L,L,111.23279999999998,0.0,0.0,0,,0.0,0.0,2026-03-02 14:59:45.238,2026-02-17 14:02:43.432
6562,9,1,1319035675,0. СКЛАД - ОСНОВЕН,1.1.1. Части (Електролизьор),"Перфорирана ламарина 316L LB 1000x2000x0,5мм",1216/230925,1785439929539495612,,,«0000N0000000000,0.0,0.0,0.0,0.0,0.0,0.0,M,L,L,60.122591,0.0,0.0,0,,0.0,0.0,2026-02-11 08:33:43.635,2026-02-11 08:33:43.635
6562,11,1,1319658565,0. СКЛАД - ОСНОВЕН,1.1.1. Части (Електролизьор),Плетена мрежа  INOX AISI 316L H 1000мм,120126/7,1785439929539495613,,,«0000N0000000000,0.0,0.0,0.0,0.0,0.0,0.0,M,L,L,0.0,0.0,0.0,0,,0.0,0.0,2026-02-17 14:03:20.789,2026-02-17 14:03:20.789
6562,12,1,1319658692,0. СКЛАД - ОСНОВЕН,1.1.2. Крепежи (Електролизьор),Ринг гайка DIN582 C15 vZn M24,10527933/101125,1785439929539495614,,,«0000N0000000000,0.0,0.0,0.0,0.0,0.0,0.0,M,L,L,3.885804,0.0,0.0,0,,0.0,0.0,2026-02-17 14:05:11.169,2026-02-17 14:05:11.169
6562,14,1,1319658701,0. СКЛАД - ОСНОВЕН,1.1.1. Части (Електролизьор),Тефлонов лист 1200х1200х1мм,120126/4,1785439929539495615,,,«0000N0000000000,0.0,0.0,0.0,0.0,0.0,0.0,M,L,L,108.383254,0.0,0.0,0,,0.0,0.0,2026-02-17 14:05:18.809,2026-02-17 14:05:18.809
6562,16,1,1317633384,0. СКЛАД - ОСНОВЕН,Газ анализ - Арматури,2 micron element kit for 2F series - филтър,0005330327,1785439929539495616,,,«0000N0000000000,0.0,0.0,,,0.0,0.0,M,L,L,8.7,0.0,0.0,0,,0.0,0.0,2026-02-12 10:46:13.336,2026-02-12 10:46:13.336
6562,18,1,1317633392,0. СКЛАД - ОСНОВЕН,Газ анализ - Арматури,2 micron element kit for 2F series - филтър,0005335353,1785439929539495617,,,«0000N0000000000,1.0,0.0,,,0.0,0.0,M,L,L,8.7,0.0,0.0,0,,0.0,0.0,2026-03-13 14:18:09.476,2026-03-13 14:18:09.476
6562,20,1,1317633398,0. СКЛАД - ОСНОВЕН,Газ анализ - Арматури,3 Way Ball valve - трипътник,0005358918,1785439929539495618,,,«0000N0000000000,6.0,0.0,,,0.0,0.0,M,L,L,154.61,0.0,0.0,0,,0.0,0.0,2026-01-28 08:00:56.769,2026-01-28 08:00:56.769
6562,23,1,1317633413,0. СКЛАД - ОСНОВЕН,Газ анализ - Фитинги,BULKHEAD UNION 6MM SWA - удължен фитинг,0005235216,1785439929539495619,,,«0000N0000000000,17.0,0.0,,,0.0,0.0,M,L,L,30.57,0.0,0.0,0,,0.0,0.0,2026-03-05 08:31:23.298,2026-03-05 08:31:23.298
6562,25,1,1317633420,0. СКЛАД - ОСНОВЕН,Газ анализ - Крепежи,"Bolted Plastic Clamp Support Kit, 6 mm - скоба",0005315211,1785439929539495620,,,«0000N0000000000,36.0,0.0,,,0.0,0.0,M,L,L,7.43,0.0,0.0,0,,0.0,0.0,2026-03-27 16:22:07.062,2026-03-27 16:22:07.062
6562,28,1,1317633428,0. СКЛАД - ОСНОВЕН,Газ анализ - Крепежи,Cable gland 1/2` NPT PG 13.5 with OR modular,E250569/14,1785439929539495621,,,«0000N0000000000,9.0,0.0,,,0.0,0.0,M,L,L,8.74,0.0,0.0,0,,0.0,0.0,2026-02-23 09:38:20.324,2026-02-23 09:38:20.324
6562,31,1,1317633435,0. СКЛАД - ОСНОВЕН,Газ анализ - Крепежи,Cable gland 3/4` NPT PG 16 with OR modular,E250569/13,1785439929539495622,,,«0000N0000000000,5.0,0.0,,,0.0,0.0,M,L,L,8.74,0.0,0.0,0,,0.0,0.0,2026-01-28 08:01:27.834,2026-01-28 08:01:27.834
6565,0,1,1317633441,0. СКЛАД - ОСНОВЕН,Газ анализ - Сензори,"DP324B-P Dew point analyser, LCD display",E260004-01/140126/1,1785439929539495623,,,«0000N0000000000,0.0,0.0,,,0.0,0.0,M,L,L,1270.6,0.0,0.0,0,,0.0,0.0,2026-02-02 10:35:02.554,2026-02-02 10:35:02.554
6565,1,1,1317634870,0. СКЛАД - ОСНОВЕН,Сензори,Нивомер (Magnetic level indicator),SAT012424/301025/3,1785439929539495651,,,«0000N0000000000,2.0,0.0,,,0.0,0.0,M,L,L,304.265,0.0,0.0,0,,0.0,0.0,2026-01-28 08:22:07.579,2026-01-28 08:22:07.579
6565,3,1,1317633446,0. СКЛАД - ОСНОВЕН,Газ анализ - Сензори,Electrochemical sensor,05G034462,1785439929539495624,,,«0000N0000000000,1.0,0.0,,,0.0,0.0,M,L,L,269.5,0.0,0.0,0,,0.0,0.0,2026-01-28 08:01:37.802,2026-01-28 08:01:37.802
6565,4,1,1317634877,0. СКЛАД - ОСНОВЕН,Сензори,Нивомер (Magnetic level transmiter LCD),SAT012424/301025/4,1785439929539495652,,,«0000N0000000000,2.0,0.0,,,0.0,0.0,M,L,L,415.8,0.0,0.0,0,,0.0,0.0,2026-01-28 08:22:13.453,2026-01-28 08:22:13.453
6565,6,1,1317633451,0. СКЛАД - ОСНОВЕН,Газ анализ - Сензори,Electrochemical sensor,05G034467,1785439929539495625,,,«0000N0000000000,1.0,0.0,,,0.0,0.0,M,L,L,269.5,0.0,0.0,0,,0.0,0.0,2026-01-28 08:01:41.568,2026-01-28 08:01:41.568
6565,9,1,1317633479,0. СКЛАД - ОСНОВЕН,Газ анализ - Сензори,Electronic assembly for OxyTrend - рез. платка,E250569-B,1785439929539495626,,,«0000N0000000000,1.0,0.0,,,0.0,0.0,M,L,L,692.3,0.0,0.0,0,,0.0,0.0,2026-01-28 08:02:05.628,2026-01-28 08:02:05.628
6565,10,1,1317633485,0. СКЛАД - ОСНОВЕН,Газ анализ - Крепежи,Fixing bracket for DP324,E260004-01/140126/2,1785439929539495627,,,«0000N0000000000,0.0,0.0,,,0.0,0.0,M,L,L,24.16,0.0,0.0,0,,0.0,0.0,2026-02-02 09:59:25.938,2026-02-02 09:59:25.938
6565,13,1,1317633492,0. СКЛАД - ОСНОВЕН,Газ анализ - Сензори,"Дебитомер Н2 Plexiglass, 0,02-0,5",E250569/11,1785439929539495628,,,«0000N0000000000,4.0,0.0,,,0.0,0.0,M,L,L,195.3,0.0,0.0,0,,0.0,0.0,2026-03-25 15:43:29.470,2026-03-25 15:43:29.470
6565,16,1,1317633506,0. СКЛАД - ОСНОВЕН,Газ анализ - Сензори,"Дебитомер О2 Plexiglass, Scale 0,2-3",E250569/10,1785439929539495629,,,«0000N0000000000,2.0,0.0,,,0.0,0.0,M,L,L,211.3,0.0,0.0,0,,0.0,0.0,2026-07-10 10:05:27.152,2026-07-10 10:05:27.152
6565,17,1,1317633511,0. СКЛАД - ОСНОВЕН,Газ анализ - Сензори,"Дебитомер О2 Plexiglass, Scale 0,2-3",E260004-01/140126/3,1785439929539495630,,,«0000N0000000000,1.0,0.0,,,0.0,0.0,M,L,L,211.3,0.0,0.0,0,,0.0,0.0,2026-03-25 15:43:42.562,2026-03-25 15:43:42.562
6565,20,1,1317633520,0. СКЛАД - ОСНОВЕН,Газ анализ - Арматури,Flowmeter and needle valve bracket - крепеж,E250569/12,1785439929539495631,,,«0000N0000000000,16.0,0.0,,,0.0,0.0,M,L,L,25.77,0.0,0.0,0,,0.0,0.0,2026-01-28 08:02:41.474,2026-01-28 08:02:41.474
6565,21,1,1317633526,0. СКЛАД - ОСНОВЕН,Газ анализ - Арматури,Flowmeter and needle valve bracket - крепеж,E260004-01/140126/4,1785439929539495632,,,«0000N0000000000,0.0,0.0,,,0.0,0.0,M,L,L,25.765,0.0,0.0,0,,0.0,0.0,2026-02-02 10:00:52.260,2026-02-02 10:00:52.260
6565,22,1,1317633539,0. СКЛАД - ОСНОВЕН,Газ анализ - Фитинги,MALE CONNECTOR 6MM SWA - 1/8`` NPT,230126/12,1785439929539495633,,,«0000N0000000000,10.0,0.0,,,0.0,0.0,M,L,L,11.45,0.0,0.0,0,,0.0,0.0,2026-02-02 09:48:08.286,2026-02-02 09:48:08.286
6565,25,1,1317633552,0. СКЛАД - ОСНОВЕН,Газ анализ - Фитинги,MALE Elbow  6MM SWA – R 1/8``,0004494882,1785439929539495634,,,«0000N0000000000,0.0,0.0,,,0.0,0.0,M,L,L,23.1,0.0,0.0,0,,0.0,0.0,2026-02-02 09:48:50.220,2026-02-02 09:48:50.220
6565,28,1,1317633563,0. СКЛАД - ОСНОВЕН,Газ анализ - Арматури,Needle valve - иглен клапан,0005326933,1785439929539495635,,,«0000N0000000000,0.0,0.0,,,0.0,0.0,M,L,L,118.08,0.0,0.0,0,,0.0,0.0,2026-03-27 16:20:52.685,2026-03-27 16:20:52.685
6565,30,1,1317633570,0. СКЛАД - ОСНОВЕН,Газ анализ - Сензори,Мeasuring chamber for DPA- измервателна камера,E260004-01/140126/5,1785439929539495636,,,«0000N0000000000,0.0,0.0,,,0.0,0.0,M,L,L,316.56,0.0,0.0,0,,0.0,0.0,2026-02-02 10:01:39.194,2026-02-02 10:01:39.194
6565,31,1,1317633578,0. СКЛАД - ОСНОВЕН,Газ анализ - Фитинги,"Instr., low profile sleeve -",0005550271,1785439929539495637,,,«0000N0000000000,1.0,0.0,,,0.0,0.0,M,L,L,69.26,0.0,0.0,0,,0.0,0.0,2026-03-13 14:18:09.492,2026-03-13 14:18:09.492
6571,0,1,1317633583,0. СКЛАД - ОСНОВЕН,Газ анализ - Фитинги,Instrumentation quick connect - бърза връзка,0005450659,1785439929539495638,,,«0000N0000000000,1.0,0.0,,,0.0,0.0,M,L,L,382.29,0.0,0.0,0,,0.0,0.0,2026-01-28 08:03:35.519,2026-01-28 08:03:35.519
6571,1,1,1317634884,0. СКЛАД - ОСНОВЕН,Сензори,Нивомер (RFLS-35Xi high frequency level sensor),2250493/281125/2,1785439929539495653,,,«0000N0000000000,4.0,0.0,,,0.0,0.0,M,L,L,186.8,0.0,0.0,0,,0.0,0.0,2026-01-28 08:22:29.171,2026-01-28 08:22:29.171
6571,3,1,1317633590,0. СКЛАД - ОСНОВЕН,Газ анализ - Фитинги,"Stainless steel tube fitting, union 6mm",0005292001,1785439929539495639,,,«0000N0000000000,10.0,0.0,,,0.0,0.0,M,L,L,20.21,0.0,0.0,0,,0.0,0.0,2026-01-28 08:03:41.862,2026-01-28 08:03:41.862
6571,4,1,1317635449,System - 60kW Brikel (60),М12,Болт с шест.гл. 8.8 vZn М12х45,12345/12,1785439929539495654,,|1—болт цинк|2—М12х45|5—склад|,«0000N0000000000,0.0,0.0,,,0.0,0.0,M,L,L,0.14,0.0,0.0,0,,0.0,0.0,2026-01-28 08:31:36.990,2026-01-28 08:31:36.990
6571,6,1,1317633598,0. СКЛАД - ОСНОВЕН,Газ анализ - Крепежи,"Twin Bolted Plastic Clamp Tube Support Kit, 6 mm",0005418800,1785439929539495640,,,«0000N0000000000,10.0,0.0,,,0.0,0.0,M,L,L,9.85,0.0,0.0,0,,0.0,0.0,2026-03-27 16:27:03.863,2026-03-27 16:27:03.863
6571,7,1,1317633605,0. СКЛАД - ОСНОВЕН,Газ анализ - Фитинги,"Тройник, union tee 6mm SWA",230126/14,1785439929539495641,,,«0000N0000000000,7.0,0.0,,,0.0,0.0,M,L,L,36.516332,0.0,0.0,0,,0.0,0.0,2026-03-06 14:14:33.665,2026-03-06 14:14:33.665
6571,8,1,1317636367,0. СКЛАД - ОСНОВЕН,Апогей,Топлообменник XT,36342/261125,1785439929539495655,,,«0000N0000000000,0.0,0.0,,,0.0,0.0,M,L,L,779.9984599999999,0.0,0.0,0,,0.0,0.0,2026-01-29 13:48:20.337,2026-01-29 13:48:20.337
6571,10,1,1317633610,0. СКЛАД - ОСНОВЕН,Газ анализ - Сензори,Universal control unit,E250569/1111,1785439929539495642,,,«0000N0000000000,1.0,0.0,,,0.0,0.0,M,L,L,1527.68,0.0,0.0,0,,0.0,0.0,2026-01-28 08:03:59.220,2026-01-28 08:03:59.220
6571,11,1,1317636392,0. СКЛАД - ОСНОВЕН,Сензори,Дебитомер Н2,06c53400200,1785439929539495656,,,«0000N0000000000,1.0,0.0,,,0.0,0.0,M,L,L,1735.0,0.0,0.0,0,,0.0,0.0,2026-01-28 08:44:03.803,2026-01-28 08:44:03.803
6571,13,1,1317633614,0. СКЛАД - ОСНОВЕН,Газ анализ - Сензори,Universal control unit,E250569/2222,1785439929539495643,,,«0000N0000000000,1.0,0.0,,,0.0,0.0,M,L,L,1527.68,0.0,0.0,0,,0.0,0.0,2026-01-28 08:04:02.423,2026-01-28 08:04:02.423
6571,15,1,1317633620,0. СКЛАД - ОСНОВЕН,Газ анализ - Сензори,Анализатор на общозапалими вещества Sirius 8866,E250569/111,1785439929539495644,,|1—Анализатор на общозапалими вещества|5—склад|,«0000N0000000000,0.0,0.0,,,0.0,0.0,M,L,L,3033.6,0.0,0.0,0,,0.0,0.0,2026-03-24 10:32:56.175,2026-03-24 10:32:56.175
6571,16,1,1317636397,0. СКЛАД - ОСНОВЕН,Сензори,Дебитомер О2,06c53400199,1785439929539495657,,,«0000N0000000000,1.0,0.0,,,0.0,0.0,M,L,L,2506.0,0.0,0.0,0,,0.0,0.0,2026-01-28 08:44:07.584,2026-01-28 08:44:07.584
6571,18,1,1317633624,0. СКЛАД - ОСНОВЕН,Газ анализ - Сензори,Анализатор на общозапалими вещества Sirius 8866,E250569/222,1785439929539495645,,|1—Анализатор на общозапалими вещества|5—склад|,«0000N0000000000,0.0,0.0,,,0.0,0.0,M,L,L,3033.6,0.0,0.0,0,,0.0,0.0,2026-02-23 09:03:51.558,2026-02-23 09:03:51.558
6571,19,1,1317636407,0. СКЛАД - ОСНОВЕН,Кабели - Захранващи,Кабел захранващ 3м,928991/110925,1785439929539495658,,,«0000N0000000000,3.0,0.0,,,0.0,0.0,M,L,L,180.91,0.0,0.0,0,,0.0,0.0,2026-01-28 08:44:16.130,2026-01-28 08:44:16.130
6571,21,1,1317633630,0. СКЛАД - ОСНОВЕН,Газ анализ - Сензори,Електрохимичен кислороден анализатор OxyTrend E2,E250569/3,1785439929539495646,,|1—Електрохимичен кислороден анализатор|5—склад|,«0000N0000000000,0.0,0.0,,,0.0,0.0,M,L,L,1643.500802,0.0,0.0,0,,0.0,0.0,2026-03-24 10:33:14.705,2026-03-24 10:33:14.705
6571,22,1,1317636418,0. СКЛАД - ОСНОВЕН,Други (Електроника),Управление за дебитомери,06c53400198,1785439929539495659,,,«0000N0000000000,1.0,0.0,,,0.0,0.0,M,L,L,2254.0,0.0,0.0,0,,0.0,0.0,2026-01-28 08:44:26.286,2026-01-28 08:44:26.286
6571,24,1,1317633634,0. СКЛАД - ОСНОВЕН,Газ анализ - Сензори,Електрохимичен кислороден анализатор OxyTrend E2,E250569/4,1785439929539495647,,|1—Електрохимичен кислороден анализатор|5—склад|,«0000N0000000000,1.0,0.0,,,0.0,0.0,M,L,L,1643.500802,0.0,0.0,0,,0.0,0.0,2026-01-28 08:04:20.065,2026-01-28 08:04:20.065
6571,25,1,1319661560,0. СКЛАД - ОСНОВЕН,Кабелни Канали,Кабелна скара 60х150х3000мм.,47914/041125/2,1785439929539495660,,,«0000N0000000000,0.0,0.0,0.0,0.0,0.0,0.0,M,L,L,4.985078,0.0,0.0,0,,0.0,0.0,2026-02-17 14:46:29.124,2026-02-17 14:46:29.124
5964,0,1,1317639340,System - 90kW Volkswagen (59),Кабелни Канали,"T-образно разклонение за кабелна скар, 60х152mm",47571/151025/7,1785439929539495661,,,«0000N0000000000,2.0,0.0,,,0.0,0.0,M,L,L,6.396237999999999,0.0,0.0,0,,0.0,0.0,2026-01-28 09:26:30.043,2026-01-28 09:26:30.043
5964,1,1,1320962483,System - 90kW Volkswagen (59),Кабелни Канали,T-образно разклонение за кабелна скара 60х202mm,47571/151025/6,1785439929539495662,,,«0000N0000000000,3.0,0.0,,,0.0,0.0,M,L,L,6.682584887234576,0.0,0.0,0,,0.0,0.0,2026-03-02 14:59:45.300,2026-02-03 13:14:27.737
5964,2,1,1320962483,System - 500kW Titan Zlatna Panega (58),Кабелни Канали,T-разклонение за кабелна скара 60х202mm с неперф,47571/151025/5,1785439929539495663,,,«0000N0000000000,1.0,0.0,,,0.0,0.0,M,L,L,16.05456506956126,0.0,0.0,0,,0.0,0.0,2026-03-02 14:59:45.300,2026-01-28 09:27:08.208
5964,3,1,1317639418,System - 500kW Titan Zlatna Panega (58),Кабелни Канали,Вертканел ъгъл понижаващ 60х202mm с неперфориран,47571/151025/8,1785439929539495664,,,«0000N0000000000,1.0,0.0,,,0.0,0.0,M,L,L,16.739635,0.0,0.0,0,,0.0,0.0,2026-01-28 09:27:37.081,2026-01-28 09:27:37.081
5964,4,1,1317639496,System - 500kW Titan Zlatna Panega (58),Кабелни Канали,"Кабелна скара, перф.,с интегр. съед. 60х200х3000",47571/151025/2,1785439929539495665,,,«0000N0000000000,1.0,0.0,,,0.0,0.0,M,L,L,5.603738,0.0,0.0,0,,0.0,0.0,2026-01-28 09:28:44.779,2026-01-28 09:28:44.779
5964,5,1,1317639523,System - 500kW Titan Zlatna Panega (58),Кабелни Канали,"С-профил, шлиц 16 mm, 30x15x3000mm, перфорирана",47914/041125/1,1785439929539495666,,,«0000N0000000000,9.0,0.0,,,0.0,0.0,M,L,L,2.1014019999999998,0.0,0.0,0,,0.0,0.0,2026-01-28 09:29:08.496,2026-01-28 09:29:08.496
5964,6,1,1317639543,System - 500kW Titan Zlatna Panega (58),Кабелни Канали,"Стенна конзола 90x610mm 2,5kN",47571/151025/3,1785439929539495667,,,«0000N0000000000,13.0,0.0,,,0.0,0.0,M,L,L,6.017882999999999,0.0,0.0,0,,0.0,0.0,2026-01-28 09:29:25.917,2026-01-28 09:29:25.917
5964,7,1,1319661654,0. СКЛАД - ОСНОВЕН,Кабелни Канали,Капак за T-образно разклонение за кабелна скара,280126/1,1785439929539495669,,,«0000N0000000000,0.0,0.0,0.0,0.0,0.0,0.0,M,L,L,8.206204999999999,0.0,0.0,0,,0.0,0.0,2026-02-17 14:47:49.897,2026-02-17 14:47:49.897
5964,8,1,1317639569,System - 500kW Titan Zlatna Panega (58),Кабелни Канали,Ъгъл 90° за кабелна скара 60х202mm с неперфорира,47571/151025/4,1785439929539495668,,,«0000N0000000000,5.0,0.0,,,0.0,0.0,M,L,L,8.906672,0.0,0.0,0,,0.0,0.0,2026-01-28 09:29:48.212,2026-01-28 09:29:48.212
5964,9,1,1319661679,0. СКЛАД - ОСНОВЕН,Кабелни Канали,Капак за ъгъл 90° за кабелна скара,280126/2,1785439929539495670,,,«0000N0000000000,0.0,0.0,0.0,0.0,0.0,0.0,M,L,L,11.550041,0.0,0.0,0,,0.0,0.0,2026-02-17 14:48:11.083,2026-02-17 14:48:11.083
5964,10,1,1319661697,0. СКЛАД - ОСНОВЕН,Кабелни Канали,"Капак за ъгъл 90° за кабелна скара широчина 105,",280126/3,1785439929539495671,,,«0000N0000000000,0.0,0.0,0.0,0.0,0.0,0.0,M,L,L,4.985078,0.0,0.0,0,,0.0,0.0,2026-02-17 14:48:26.816,2026-02-17 14:48:26.816
5964,11,1,1319661687,0. СКЛАД - ОСНОВЕН,Кабелни Канали,Капак за ъгъл 90° за кабелна скара 100,280126/4,1785439929539495672,,,«0000N0000000000,0.0,0.0,0.0,0.0,0.0,0.0,M,L,L,2.183208,0.0,0.0,0,,0.0,0.0,2026-02-17 14:48:18.723,2026-02-17 14:48:18.723
5964,12,1,1319061236,0. СКЛАД - ОСНОВЕН,Кабели - Мрежови,"Кабел F/UTP cat.5e, 4x2xAWG24/1, PVC",1469001151/210126/1,1785439929539495674,,,«0000N0000000000,0.0,0.0,0.0,0.0,0.0,0.0,M,L,L,0.39,0.0,0.0,0,,0.0,0.0,2026-02-11 14:41:48.050,2026-02-11 14:41:48.050
5964,13,1,1319636364,0. СКЛАД - ОСНОВЕН,Клеми,Клема винтова 6mm AVK6 сива,1469000128/060126/7,1785439929539495675,,,«0000N0000000000,0.0,0.0,0.0,0.0,0.0,0.0,M,L,L,0.39,0.0,0.0,0,,0.0,0.0,2026-02-17 08:43:38.475,2026-02-17 08:43:38.475
5964,14,1,1319636376,0. СКЛАД - ОСНОВЕН,Клеми,Клема винтова 6mm AVK6 синя,1469000128/060126/8,1785439929539495676,,,«0000N0000000000,0.0,0.0,0.0,0.0,0.0,0.0,M,L,L,0.44,0.0,0.0,0,,0.0,0.0,2026-02-17 08:43:48.772,2026-02-17 08:43:48.772
5964,15,1,1319636385,0. СКЛАД - ОСНОВЕН,Клеми,Клема винтова заземителна 6-10mm AVK6/20Т,1469000128/060126/9,1785439929539495677,,,«0000N0000000000,0.0,0.0,0.0,0.0,0.0,0.0,M,L,L,1.39,0.0,0.0,0,,0.0,0.0,2026-02-17 08:43:56.427,2026-02-17 08:43:56.427
5964,17,1,1319636420,0. СКЛАД - ОСНОВЕН,Други (Електроника),Контакт доп. NC заден м-ж (ав. стоп),1459015258/090925/5,1785439929539495678,,,«0000N0000000000,0.0,0.0,0.0,0.0,0.0,0.0,M,L,L,1.9275703921097438,0.0,0.0,0,,0.0,0.0,2026-02-17 08:44:26.988,2026-02-17 08:44:26.988
5964,19,1,1319636522,0. СКЛАД - ОСНОВЕН,Шрак техник ЕООД,Кабелен канал  40x40mm,1459016267/240925,1785439929539495679,,,«0000N0000000000,0.0,0.0,0.0,0.0,0.0,0.0,M,L,L,5.5577427486028945,0.0,0.0,0,,0.0,0.0,2026-02-17 08:45:54.871,2026-02-17 08:45:54.871
5964,20,1,1319636535,0. СКЛАД - ОСНОВЕН,Кабелни Канали,Кабелен канал 60х25mm,1459019939/121125/7,1785439929539495680,,,«0000N0000000000,0.0,0.0,0.0,0.0,0.0,0.0,M,L,L,4.882837465423887,0.0,0.0,0,,0.0,0.0,2026-02-17 08:46:06.449,2026-02-17 08:46:06.449
6298,0,1,1319636545,0. СКЛАД - ОСНОВЕН,Кабелни Канали,Кабелен канал 60х40mm,1459019939/121125/6,1785439929539495681,,,«0000N0000000000,0.0,0.0,0.0,0.0,0.0,0.0,M,L,L,5.746920744645496,0.0,0.0,0,,0.0,0.0,2026-02-17 08:46:15.245,2026-02-17 08:46:15.245
6298,1,1,1319636550,0. СКЛАД - ОСНОВЕН,Кабелни Канали,Кабелен канал 60х40mm,1469000128/060126/4,1785439929539495682,,,«0000N0000000000,0.0,0.0,0.0,0.0,0.0,0.0,M,L,L,5.7469,0.0,0.0,0,,0.0,0.0,2026-02-17 08:46:19.042,2026-02-17 08:46:19.042
6298,2,1,1319636558,0. СКЛАД - ОСНОВЕН,Кабелни Канали,Кабелен канал 60х60mm,1459019996/121125,1785439929539495683,,,«0000N0000000000,0.0,0.0,0.0,0.0,0.0,0.0,M,L,L,8.0988633981481,0.0,0.0,0,,0.0,0.0,2026-02-17 08:46:25.901,2026-02-17 08:46:25.901
6298,3,1,1319636561,0. СКЛАД - ОСНОВЕН,Кабелни Канали,Кабелен канал 60х60mm,1469000128/060126/3,1785439929539495684,,,«0000N0000000000,0.0,0.0,0.0,0.0,0.0,0.0,M,L,L,8.098834,0.0,0.0,0,,0.0,0.0,2026-02-17 08:46:29.463,2026-02-17 08:46:29.463
6298,4,1,1319636613,0. СКЛАД - ОСНОВЕН,Клеми,Клемни марк.хор. DY5 1-50 (50 символа),1459019939/121125/1,1785439929539495685,,,«0000N0000000000,0.0,0.0,0.0,0.0,0.0,0.0,M,L,L,1.0941646257599076,0.0,0.0,0,,0.0,0.0,2026-02-17 08:47:14.085,2026-02-17 08:47:14.085
6298,5,1,1319636632,0. СКЛАД - ОСНОВЕН,Клеми,Клемни марк.хор. DY5 101-150 (50 символа),1459019939/121125/3,1785439929539495686,,,«0000N0000000000,0.0,0.0,0.0,0.0,0.0,0.0,M,L,L,1.0941646257599076,0.0,0.0,0,,0.0,0.0,2026-02-17 08:47:30.209,2026-02-17 08:47:30.209
6298,6,1,1319636646,0. СКЛАД - ОСНОВЕН,Клеми,Клемни марк.хор. DY5 151-200 (50 символа),1459019939/121125/4,1785439929539495687,,,«0000N0000000000,0.0,0.0,0.0,0.0,0.0,0.0,M,L,L,1.0941646257599076,0.0,0.0,0,,0.0,0.0,2026-02-17 08:47:42.098,2026-02-17 08:47:42.098
6298,7,1,1319636661,0. СКЛАД - ОСНОВЕН,Клеми,Клемни марк.хор. DY5 51-100 (50 символа),1459019939/121125/2,1785439929539495688,,,«0000N0000000000,0.0,0.0,0.0,0.0,0.0,0.0,M,L,L,1.0941646257599076,0.0,0.0,0,,0.0,0.0,2026-02-17 08:47:55.726,2026-02-17 08:47:55.726
6298,8,1,1319636675,0. СКЛАД - ОСНОВЕН,Клеми,"Клемни марк.верт.DY10/6,5 ненадписани (30х)",1459020514/191125/2,1785439929539495689,,,«0000N0000000000,0.0,0.0,0.0,0.0,0.0,0.0,M,L,L,0.7413732277345167,0.0,0.0,0,,0.0,0.0,2026-02-17 08:48:07.303,2026-02-17 08:48:07.303
6298,9,1,1319637265,0. СКЛАД - ОСНОВЕН,3. Инструменти,"Клещи за каб. обувки, 0.5-6мм",1469001221/220126/19,1785439929539495690,,,«0000N0000000000,0.0,0.0,0.0,0.0,0.0,0.0,M,L,L,47.67,0.0,0.0,0,,0.0,0.0,2026-02-17 08:56:36.800,2026-02-17 08:56:36.800
6298,10,1,1319852405,0. СКЛАД - ОСНОВЕН,2.2. Фитинги за заваряване,Полунипел 316L 150LBS 1“,1,1785439929539496197,,|1—полунипел|2—1`|5—склад|,«0000N0000000000,0.0,0.0,0.0,0.0,0.0,0.0,M,L,L,1.28845554061447,0.0,0.0,0,,0.0,0.0,2026-02-19 12:34:38.351,2026-02-19 12:34:38.351
6298,11,1,1319637308,0. СКЛАД - ОСНОВЕН,"Кабелни накрайници, обувки","Конектор RJ45, cat.5, MP0011",1459016513/290925,1785439929539495691,,,«0000N0000000000,0.0,0.0,0.0,0.0,0.0,0.0,M,L,L,0.24,0.0,0.0,0,,0.0,0.0,2026-02-17 08:57:14.376,2026-02-17 08:57:14.376
6298,12,1,1319637328,0. СКЛАД - ОСНОВЕН,Други (Електроника),"Контакт за DIN релса, 16А",1469000128/060126/6,1785439929539495692,,,«0000N0000000000,0.0,0.0,0.0,0.0,0.0,0.0,M,L,L,3.46,0.0,0.0,0,,0.0,0.0,2026-02-17 08:57:31.343,2026-02-17 08:57:31.343
6298,13,1,1319633987,0. СКЛАД - ОСНОВЕН,Контактори,"Контактор 30kW/65A, AC-3, 230V AC размер 2",181225/5,1785439929539495693,,,«0000N0000000000,0.0,0.0,0.0,0.0,0.0,0.0,M,L,L,73.04724848274134,0.0,0.0,0,,0.0,0.0,2026-02-17 08:09:25.103,2026-02-17 08:09:25.103
6298,14,1,1319637345,0. СКЛАД - ОСНОВЕН,Клеми,"Крайна секция за клеми 2,5-10мм сива",1469000014/050126/8,1785439929539495694,,,«0000N0000000000,0.0,0.0,0.0,0.0,0.0,0.0,M,L,L,0.21,0.0,0.0,0,,0.0,0.0,2026-02-17 08:57:46.202,2026-02-17 08:57:46.202
6298,15,1,1319637365,0. СКЛАД - ОСНОВЕН,Клеми,Кр. скоба за DIN релса,1459019733/101125/5,1785439929539495695,,,«0000N0000000000,0.0,0.0,0.0,0.0,0.0,0.0,M,L,L,0.276097615845958,0.0,0.0,0,,0.0,0.0,2026-02-17 08:58:03.482,2026-02-17 08:58:03.482
6298,16,1,1319637369,0. СКЛАД - ОСНОВЕН,Клеми,Кр. скоба за DIN релса,1459019939/121125/5,1785439929539495696,,,«0000N0000000000,0.0,0.0,0.0,0.0,0.0,0.0,M,L,L,0.276097615845958,0.0,0.0,0,,0.0,0.0,2026-02-17 08:58:06.919,2026-02-17 08:58:06.919
6298,17,1,1319637373,0. СКЛАД - ОСНОВЕН,Клеми,Кр. скоба за DIN релса,1469000014/050126/7,1785439929539495697,,,«0000N0000000000,0.0,0.0,0.0,0.0,0.0,0.0,M,L,L,0.28,0.0,0.0,0,,0.0,0.0,2026-02-17 08:58:10.450,2026-02-17 08:58:10.450
6298,18,1,1319637388,0. СКЛАД - ОСНОВЕН,Клеми,Крайна секция YBK 2F,1459019733/101125/3,1785439929539495698,,,«0000N0000000000,0.0,0.0,0.0,0.0,0.0,0.0,M,L,L,0.32722680396557985,0.0,0.0,0,,0.0,0.0,2026-02-17 08:58:23.308,2026-02-17 08:58:23.308
6298,19,1,1319637392,0. СКЛАД - ОСНОВЕН,Клеми,Крайна секция YBK 2F,1459020514/191125/3,1785439929539495699,,,«0000N0000000000,0.0,0.0,0.0,0.0,0.0,0.0,M,L,L,0.32722680396557985,0.0,0.0,0,,0.0,0.0,2026-02-17 08:58:26.964,2026-02-17 08:58:26.964
6298,20,1,1319637405,0. СКЛАД - ОСНОВЕН,Клеми,Крайна секция за IK690001,459020513/191125/1,1785439929539495700,,,«0000N0000000000,0.0,0.0,0.0,0.0,0.0,0.0,M,L,L,0.3170009663416555,0.0,0.0,0,,0.0,0.0,2026-02-17 08:58:38.464,2026-02-17 08:58:38.464
6507,0,1,1319637415,0. СКЛАД - ОСНОВЕН,Клеми,Крайна секция за YBK 6mm.,1459020514/191125/4,1785439929539495701,,,«0000N0000000000,0.0,0.0,0.0,0.0,0.0,0.0,M,L,L,0.17895215841867645,0.0,0.0,0,,0.0,0.0,2026-02-17 08:58:47.026,2026-02-17 08:58:47.026
6507,1,1,1317652371,System - 500kW Titan Zlatna Panega (58),Джусита,ВОДНО Рязане метал (Притискаща плоча),18834/250925,1785439929539495733,,|5—Полша|,«0000N0000000000,2.0,0.0,,,0.0,0.0,M,L,L,2760.966,0.0,0.0,0,,0.0,0.0,2026-01-28 12:34:08.904,2026-01-28 12:34:08.904
6507,2,1,1319637425,0. СКЛАД - ОСНОВЕН,Други (Електроника),Кутия за бутони с 1 отв. (ав. стоп),1459015258/090925/4,1785439929539495702,,,«0000N0000000000,0.0,0.0,0.0,0.0,0.0,0.0,M,L,L,7.04560212288389,0.0,0.0,0,,0.0,0.0,2026-02-17 08:58:55.853,2026-02-17 08:58:55.853
6507,3,1,1319637462,0. СКЛАД - ОСНОВЕН,Шини (Електроника),"Шина медна 1240А, 80х10mm, 2m",1469000886/190126,1785439929539495980,,,«0000N0000000000,0.0,0.0,0.0,0.0,0.0,0.0,M,L,L,231.26,0.0,0.0,0,,0.0,0.0,2026-02-17 08:59:27.226,2026-02-17 08:59:27.226
6507,4,1,1319636280,0. СКЛАД - ОСНОВЕН,"Прекъсвачи, Предпазители",Прекъсвач мин. AMPARO 6kA C 25А 3P,1459015258/090925/1,1785439929539495703,,,«0000N0000000000,0.0,0.0,0.0,0.0,0.0,0.0,M,L,L,7.490426059524601,0.0,0.0,0,,0.0,0.0,2026-02-17 08:42:26.965,2026-02-17 08:42:26.965
6507,5,1,1319636290,0. СКЛАД - ОСНОВЕН,"Прекъсвачи, Предпазители",Прекъсвач мин. AMPARO 6kA C 32А 3P,1469000014/050126/5,1785439929539495704,,,«0000N0000000000,0.0,0.0,0.0,0.0,0.0,0.0,M,L,L,6.37,0.0,0.0,0,,0.0,0.0,2026-02-17 08:42:35.355,2026-02-17 08:42:35.355
6507,6,1,1319637505,0. СКЛАД - ОСНОВЕН,3. Инструменти,Отвертка права 2.4х75,1459019554/071125/8,1785439929539495705,,,«0000N0000000000,0.0,0.0,0.0,0.0,0.0,0.0,M,L,L,3.2160259327242144,0.0,0.0,0,,0.0,0.0,2026-02-17 09:00:03.911,2026-02-17 09:00:03.911
6507,7,1,1318358289,0. СКЛАД - ОСНОВЕН,Клеми,"Пр. клема 2,5мм, сива, двуредна, YBK 2,5-2F",1459019554/071125/6,1785439929539495706,,,«0000N0000000000,0.0,0.0,,,0.0,0.0,M,L,L,1.135067976255605,0.0,0.0,0,,0.0,0.0,2026-02-04 13:59:21.768,2026-02-02 10:23:39.900
6507,8,1,1319638244,0. СКЛАД - ОСНОВЕН,Клеми,"Пр. клема 2,5мм, сива, двуредна, YBK 2,5-2F",1459019733/101125/2,1785439929539495707,,,«0000N0000000000,0.0,0.0,0.0,0.0,0.0,0.0,M,L,L,1.135067976255605,0.0,0.0,0,,0.0,0.0,2026-02-17 09:10:43.855,2026-02-17 09:10:43.855
6507,9,1,1319638251,0. СКЛАД - ОСНОВЕН,Клеми,"Пр. клема 2,5мм, сива, двуредна, YBK 2,5-2F",459020513/191125/2,1785439929539495708,,,«0000N0000000000,0.0,0.0,0.0,0.0,0.0,0.0,M,L,L,1.135067976255605,0.0,0.0,0,,0.0,0.0,2026-02-17 09:10:50.120,2026-02-17 09:10:50.120
6507,10,1,1318358289,0. СКЛАД - ОСНОВЕН,Клеми,"Пр. клема триредна, 2,5мм, YBK 2,5-3F",1459019554/071125/7,1785439929539495709,,,«0000N0000000000,0.0,0.0,,,0.0,0.0,M,L,L,1.5798919128963151,0.0,0.0,0,,0.0,0.0,2026-02-04 13:59:21.784,2026-02-02 10:24:37.156
6507,11,1,1319638260,0. СКЛАД - ОСНОВЕН,Клеми,"Пр. клема триредна, 2,5мм, YBK 2,5-3F",1459019733/101125/4,1785439929539495710,,,«0000N0000000000,0.0,0.0,0.0,0.0,0.0,0.0,M,L,L,1.5798919128963151,0.0,0.0,0,,0.0,0.0,2026-02-17 09:10:57.307,2026-02-17 09:10:57.307
6507,13,1,1319638287,0. СКЛАД - ОСНОВЕН,Клеми,"Пружинна клема, YBK 6mm",1459019733/101125/6,1785439929539495711,,,«0000N0000000000,0.0,0.0,0.0,0.0,0.0,0.0,M,L,L,0.5368564752560294,0.0,0.0,0,,0.0,0.0,2026-02-17 09:11:20.977,2026-02-17 09:11:20.977
6507,14,1,1319638366,0. СКЛАД - ОСНОВЕН,Релета,Реле мини тип PT 14 пина 4CO 230AC 6A,1459015834/170925/5,1785439929539495712,,,«0000N0000000000,0.0,0.0,0.0,0.0,0.0,0.0,M,L,L,4.749901576312869,0.0,0.0,0,,0.0,0.0,2026-02-17 09:12:29.386,2026-02-17 09:12:29.386
6507,16,1,1319638370,0. СКЛАД - ОСНОВЕН,Релета,Реле мини тип PT 14 пина 4CO 230AC 6A,pt154,1785439929539495713,,|1—реле с цокъл|2—6A/220V|5—склад|,«0000N0000000000,0.0,0.0,0.0,0.0,0.0,0.0,M,L,L,4.749901576312869,0.0,0.0,0,,0.0,0.0,2026-02-17 09:12:32.527,2026-02-17 09:12:32.527
6507,18,1,1319638381,0. СКЛАД - ОСНОВЕН,Клеми,Свързваща клема 2х0.2-4мм,1459019554/071125/2,1785439929539495714,,,«0000N0000000000,0.0,0.0,0.0,0.0,0.0,0.0,M,L,L,0.25053302178614706,0.0,0.0,0,,0.0,0.0,2026-02-17 09:12:42.260,2026-02-17 09:12:42.260
6507,20,1,1319638390,0. СКЛАД - ОСНОВЕН,Клеми,Свързваща клема 3х0.2-4мм,1459019554/071125/3,1785439929539495715,,,«0000N0000000000,0.0,0.0,0.0,0.0,0.0,0.0,M,L,L,0.3067751287177311,0.0,0.0,0,,0.0,0.0,2026-02-17 09:12:49.463,2026-02-17 09:12:49.463
6507,22,1,1319638398,0. СКЛАД - ОСНОВЕН,Клеми,Свързваща клема 5х0.2-4мм,1459019554/071125/4,1785439929539495716,,,«0000N0000000000,0.0,0.0,0.0,0.0,0.0,0.0,M,L,L,0.49595312476033193,0.0,0.0,0,,0.0,0.0,2026-02-17 09:12:56.869,2026-02-17 09:12:56.869
6507,23,1,1319638495,0. СКЛАД - ОСНОВЕН,2. Корпуси,"Табло с 2 врати, 1200х1200х300",1469000014/050126/6,1785439929539495717,,,«0000N0000000000,0.0,0.0,0.0,0.0,0.0,0.0,M,L,L,369.63,0.0,0.0,0,,0.0,0.0,2026-02-17 09:14:20.204,2026-02-17 09:14:20.204
6507,24,1,1319638587,0. СКЛАД - ОСНОВЕН,2. Корпуси,Табло с монт. пл. 1200х800х300,1469000014/050126/1,1785439929539495718,,,«0000N0000000000,0.0,0.0,0.0,0.0,0.0,0.0,M,L,L,242.06,0.0,0.0,0,,0.0,0.0,2026-02-17 09:15:39.511,2026-02-17 09:15:39.511
6518,0,1,1319638596,0. СКЛАД - ОСНОВЕН,Релета,Реле термично за контактор 12 - 16А размер 0,1469000014/050126/2,1785439929539495719,,,«0000N0000000000,0.0,0.0,0.0,0.0,0.0,0.0,M,L,L,20.65,0.0,0.0,0,,0.0,0.0,2026-02-17 09:15:47.104,2026-02-17 09:15:47.104
6518,1,1,1319638758,0. СКЛАД - ОСНОВЕН,Релета,"Цокъл за реле RS/PT5 4CO, винт.кл. 10А",1459019939/121125/14,1785439929539495720,,,«0000N0000000000,0.0,0.0,0.0,0.0,0.0,0.0,M,L,L,1.86,0.0,0.0,0,,0.0,0.0,2026-02-17 09:18:07.563,2026-02-17 09:18:07.563
6518,2,1,1319639456,System - 60kW Brikel (60),2.2. Фитинги за заваряване,Полунипел 316L 150LBS 1“,1,1785439929539496198,,|1—полунипел|2—1`|5—склад|,«0000N0000000000,2.0,0.0,,,0.0,0.0,M,L,L,1.28845554061447,0.0,0.0,0,,0.0,0.0,2026-02-17 09:28:09.865,2026-02-17 09:27:58.116
6518,3,1,1319634005,0. СКЛАД - ОСНОВЕН,Контактори,"Контактор 4kW/9A, AC-3, 1NO, 230V AC размер 0",181225/4,1785439929539495721,,|1—контактор|2—4KW|5—склад|,«0000N0000000000,0.0,0.0,0.0,0.0,0.0,0.0,M,L,L,0.0,0.0,0.0,0,,0.0,0.0,2026-02-17 08:09:40.836,2026-02-17 08:09:40.836
6518,4,1,,0. СКЛАД - ОСНОВЕН,2.5.4. Вентили,Магнетвентил мод. 6213 G1“ с бобина,946254,1785439929539496199,,,«0000N0000000000,0.0,0.0,,,0.0,0.0,M,M,M,384.0,0.0,0.0,0,,0.0,0.0,2026-02-17 10:40:38.976,2026-02-17 10:40:38.976
6518,5,1,1319634081,0. СКЛАД - ОСНОВЕН,Контактори,"Контактор 22kW/50A, AC-3, 230V AC размер 2",181225/3,1785439929539495722,,|1—контактор|2—22KW|5—склад|,«0000N0000000000,0.0,0.0,0.0,0.0,0.0,0.0,M,L,L,0.0,0.0,0.0,0,,0.0,0.0,2026-02-17 08:10:45.972,2026-02-17 08:10:45.972
6518,7,1,1319638921,0. СКЛАД - ОСНОВЕН,"Прекъсвачи, Предпазители",Предпазител LQA01230 16А,090925/14,1785439929539495723,,|1—предпазители|2—16А|5—склад|,«0000N0000000000,0.0,0.0,0.0,0.0,0.0,0.0,M,L,L,0.0,0.0,0.0,0,,0.0,0.0,2026-02-17 09:20:27.993,2026-02-17 09:20:27.993
6518,8,1,1319638939,0. СКЛАД - ОСНОВЕН,"Прекъсвачи, Предпазители",Прекъсвач мин.авт. C 32/1 6kA,BMS6,1785439929539495724,,,«0000N0000000000,0.0,0.0,0.0,0.0,0.0,0.0,M,L,L,0.5112918811962185,0.0,0.0,0,,0.0,0.0,2026-02-17 09:20:43.789,2026-02-17 09:20:43.789
6518,10,1,1319638961,0. СКЛАД - ОСНОВЕН,"Прекъсвачи, Предпазители",Прекъсвач (C20/3),201025/6,1785439929539495725,,|1—прекъсвач|5—склад|,«0000N0000000000,0.0,0.0,0.0,0.0,0.0,0.0,M,L,L,0.0,0.0,0.0,0,,0.0,0.0,2026-02-17 09:21:02.413,2026-02-17 09:21:02.413
6518,11,1,1318861489,0. СКЛАД - ОСНОВЕН,1.2.1. Части (Очиска),Демистър 4“ - Кръст,29416/271125/1,1785439929539495734,,,«0000N0000000000,0.0,0.0,0.0,0.0,0.0,0.0,M,L,L,2.351934,0.0,0.0,0,,0.0,0.0,2026-02-09 14:45:26.849,2026-02-09 14:45:26.849
6518,13,1,1319638981,0. СКЛАД - ОСНОВЕН,"Прекъсвачи, Предпазители",Прекъсвач (C43),181225/6,1785439929539495726,,|1—прекъсвач|5—склад|,«0000N0000000000,0.0,0.0,0.0,0.0,0.0,0.0,M,L,L,0.0,0.0,0.0,0,,0.0,0.0,2026-02-17 09:21:19.865,2026-02-17 09:21:19.865
6518,15,1,1319638992,0. СКЛАД - ОСНОВЕН,"Прекъсвачи, Предпазители",Прекъсвач (C63/3),181225/6,1785439929539495727,,|1—прекъсвач|5—склад|,«0000N0000000000,0.0,0.0,0.0,0.0,0.0,0.0,M,L,L,0.0,0.0,0.0,0,,0.0,0.0,2026-02-17 09:21:29.208,2026-02-17 09:21:29.208
6518,17,1,1319639010,0. СКЛАД - ОСНОВЕН,"Прекъсвачи, Предпазители","Прекъсвач (MCB 10kA,  D10/3)",220126/1,1785439929539495728,,|1—прекъсвач|5—склад|,«0000N0000000000,0.0,0.0,0.0,0.0,0.0,0.0,M,L,L,10.49,0.0,0.0,0,,0.0,0.0,2026-02-17 09:21:44.754,2026-02-17 09:21:44.754
6518,18,1,1319639021,0. СКЛАД - ОСНОВЕН,"Прекъсвачи, Предпазители",Прекъсвач мин.авт. AMPARO 10kA D 16A 3P,1469000014/050126/3,1785439929539495729,,,«0000N0000000000,0.0,0.0,0.0,0.0,0.0,0.0,M,L,L,10.49,0.0,0.0,0,,0.0,0.0,2026-02-17 09:21:54.566,2026-02-17 09:21:54.566
6518,19,1,1319639034,0. СКЛАД - ОСНОВЕН,"Прекъсвачи, Предпазители",Прекъсвач мин.авт. AMPARO 10kA D 20A 3P,1469000014/050126/4,1785439929539495730,,,«0000N0000000000,0.0,0.0,0.0,0.0,0.0,0.0,M,L,L,10.67,0.0,0.0,0,,0.0,0.0,2026-02-17 09:22:05.659,2026-02-17 09:22:05.659
6518,21,1,1319639053,0. СКЛАД - ОСНОВЕН,Релета,Времереле 24-240V AC/DC 1CO 8А/250V,1459017125/061025,1785439929539495731,,|1—реле за време - механично|2—8А|5—склад|,«0000N0000000000,0.0,0.0,0.0,0.0,0.0,0.0,M,L,L,27.016663002408187,0.0,0.0,0,,0.0,0.0,2026-02-17 09:22:22.486,2026-02-17 09:22:22.486
6518,22,1,1319056167,0. СКЛАД - ОСНОВЕН,1.2.1. Части (Очиска),Демистър 4“ - Ос,031225/1,1785439929539495735,,,«0000N0000000000,0.0,0.0,0.0,0.0,0.0,0.0,M,L,L,0.51129,0.0,0.0,0,,0.0,0.0,2026-02-11 13:28:48.267,2026-02-11 13:28:48.267
6518,23,1,1319061221,0. СКЛАД - ОСНОВЕН,Платки - Green Innovation, IRM-03-12 захранващо устройство,661/181125/1,1785439929539495736,,,«0000N0000000000,0.0,0.0,0.0,0.0,0.0,0.0,M,L,L,4.4738039604669115,0.0,0.0,0,,0.0,0.0,2026-02-11 14:41:35.786,2026-02-11 14:41:35.786
6518,24,1,1319061425,0. СКЛАД - ОСНОВЕН,М5,Болт М5х12,263403/211025/1,1785439929539495737,,,«0000N0000000000,0.0,0.0,0.0,0.0,0.0,0.0,M,L,L,0.09203253861531932,0.0,0.0,0,,0.0,0.0,2026-02-11 14:44:32.039,2026-02-11 14:44:32.039
6518,25,1,1319061429,0. СКЛАД - ОСНОВЕН,М5,Болт М5х12,265835/031225/4,1785439929539495738,,,«0000N0000000000,0.0,0.0,0.0,0.0,0.0,0.0,M,L,L,0.09203253861531932,0.0,0.0,0,,0.0,0.0,2026-02-11 14:44:34.852,2026-02-11 14:44:34.852
6518,26,1,1319636453,0. СКЛАД - ОСНОВЕН,"Схеми, софтуери",Интегрални схеми,432681/281025/1,1785439929539495739,,,«0000N0000000000,0.0,0.0,0.0,0.0,0.0,0.0,M,L,L,1.385600998041752,0.0,0.0,0,,0.0,0.0,2026-02-17 08:44:55.720,2026-02-17 08:44:55.720
6632,0,1,1319636462,0. СКЛАД - ОСНОВЕН,"Схеми, софтуери",Интегрални схеми 1,433309/061125/1,1785439929539495740,,,«0000N0000000000,0.0,0.0,0.0,0.0,0.0,0.0,M,L,L,0.1329358891110168,0.0,0.0,0,,0.0,0.0,2026-02-17 08:45:03.407,2026-02-17 08:45:03.407
6632,1,1,1319636473,0. СКЛАД - ОСНОВЕН,"Схеми, софтуери",Интегрални схеми 2,433309/061125/2,1785439929539495741,,,«0000N0000000000,0.0,0.0,0.0,0.0,0.0,0.0,M,L,L,1.2577780277426975,0.0,0.0,0,,0.0,0.0,2026-02-17 08:45:12.578,2026-02-17 08:45:12.578
6632,2,1,1319636483,0. СКЛАД - ОСНОВЕН,"Схеми, софтуери",Интегрални схеми 3,433309/061125/3,1785439929539495742,,,«0000N0000000000,0.0,0.0,0.0,0.0,0.0,0.0,M,L,L,1.7588440713149915,0.0,0.0,0,,0.0,0.0,2026-02-17 08:45:21.125,2026-02-17 08:45:21.125
6632,3,1,1319636588,0. СКЛАД - ОСНОВЕН,Кабелни Канали,Кабелна обувка без изолация,2730593/011225,1785439929539495743,,,«0000N0000000000,0.0,0.0,0.0,0.0,0.0,0.0,M,L,L,1.0992775445718697,0.0,0.0,0,,0.0,0.0,2026-02-17 08:46:52.321,2026-02-17 08:46:52.321
6632,4,1,1319636602,0. СКЛАД - ОСНОВЕН,Платки - Green Innovation,Кв. резонатор,434394/211125/1,1785439929539495744,,,«0000N0000000000,0.0,0.0,0.0,0.0,0.0,0.0,M,L,L,0.14827464554690334,0.0,0.0,0,,0.0,0.0,2026-02-17 08:47:04.195,2026-02-17 08:47:04.195
6632,5,1,1319636706,0. СКЛАД - ОСНОВЕН,Комет електроникс,Клеми,432483/241025/3,1785439929539495745,,,«0000N0000000000,0.0,0.0,0.0,0.0,0.0,0.0,M,L,L,0.7567119841704033,0.0,0.0,0,,0.0,0.0,2026-02-17 08:48:35.005,2026-02-17 08:48:35.005
6632,6,1,1319636718,0. СКЛАД - ОСНОВЕН,Комет електроникс,Клеми 1,432483/241025/4,1785439929539495746,,,«0000N0000000000,0.0,0.0,0.0,0.0,0.0,0.0,M,L,L,4.044318780262088,0.0,0.0,0,,0.0,0.0,2026-02-17 08:48:44.738,2026-02-17 08:48:44.738
6632,7,1,1319636728,0. СКЛАД - ОСНОВЕН,Комет електроникс,Клеми 3,432483/241025/5,1785439929539495747,,,«0000N0000000000,0.0,0.0,0.0,0.0,0.0,0.0,M,L,L,0.03067751287177311,0.0,0.0,0,,0.0,0.0,2026-02-17 08:48:53.269,2026-02-17 08:48:53.269
6632,8,1,1319637230,0. СКЛАД - ОСНОВЕН,Комет електроникс,Клеми 4,432483/241025/6,1785439929539495748,,,«0000N0000000000,0.0,0.0,0.0,0.0,0.0,0.0,M,L,L,1.0686000317000965,0.0,0.0,0,,0.0,0.0,2026-02-17 08:56:06.708,2026-02-17 08:56:06.708
6632,9,1,1319637238,0. СКЛАД - ОСНОВЕН,Комет електроникс,Клеми 5,432483/241025/7,1785439929539495749,,,«0000N0000000000,0.0,0.0,0.0,0.0,0.0,0.0,M,L,L,4.044318780262088,0.0,0.0,0,,0.0,0.0,2026-02-17 08:56:13.927,2026-02-17 08:56:13.927
6632,10,1,1319637247,0. СКЛАД - ОСНОВЕН,Комет електроникс,Клеми 6,432483/241025/8,1785439929539495750,,,«0000N0000000000,0.0,0.0,0.0,0.0,0.0,0.0,M,L,L,0.03067751287177311,0.0,0.0,0,,0.0,0.0,2026-02-17 08:56:21.239,2026-02-17 08:56:21.239
6632,11,1,1319637256,0. СКЛАД - ОСНОВЕН,Комет електроникс,Клеми HD,432681/281025/2,1785439929539495751,,,«0000N0000000000,0.0,0.0,0.0,0.0,0.0,0.0,M,L,L,1.7026019643834076,0.0,0.0,0,,0.0,0.0,2026-02-17 08:56:29.082,2026-02-17 08:56:29.082
6632,12,1,1317654918,0. СКЛАД - ОСНОВЕН,2.6. Арматури,Филтър на фл. 316 INOX PN16 DN50,10143532/110925/f50,1785439929539495883,,,«0000N0000000000,6.0,0.0,,,0.0,0.0,M,L,L,354.216599,0.0,0.0,0,,0.0,0.0,2026-01-28 13:10:49.844,2026-01-28 13:10:49.844
6632,13,1,1319637277,0. СКЛАД - ОСНОВЕН,Платки - Green Innovation,Кондензатори,35ZLH100MEFC6.3x11/19613,1785439929539495752,,,«0000N0000000000,0.0,0.0,0.0,0.0,0.0,0.0,M,L,L,0.05112918811962185,0.0,0.0,0,,0.0,0.0,2026-02-17 08:56:47.299,2026-02-17 08:56:47.299
6632,14,1,1319637296,0. СКЛАД - ОСНОВЕН,Платки - Green Innovation,Кондензатори 47uF 6.3V X5R Samsung,432681/281025/3,1785439929539495753,,,«0000N0000000000,0.0,0.0,0.0,0.0,0.0,0.0,M,L,L,0.035790431683735295,0.0,0.0,0,,0.0,0.0,2026-02-17 08:57:03.970,2026-02-17 08:57:03.970
6632,15,1,1319637319,0. СКЛАД - ОСНОВЕН,"Кабелни накрайници, обувки",Конектори cat.7a,19931/031225,1785439929539495754,,,«0000N0000000000,0.0,0.0,0.0,0.0,0.0,0.0,M,L,L,0.3885818297091261,0.0,0.0,0,,0.0,0.0,2026-02-17 08:57:23.609,2026-02-17 08:57:23.609
6632,18,1,1319637436,0. СКЛАД - ОСНОВЕН,2.5.4. Вентили,Магнетвентил 3/4“,181225/1,1785439929539495755,,|1—магнетвентил|2—3/4`|5—склад|,«0000N0000000000,0.0,0.0,0.0,0.0,0.0,0.0,M,L,L,0.0,0.0,0.0,0,,0.0,0.0,2026-02-17 08:59:04.868,2026-02-17 08:59:04.868
6632,20,1,1319637449,0. СКЛАД - ОСНОВЕН,2.5.4. Вентили,Магнетвентил 1/2“,181225/2,1785439929539495756,,,«0000N0000000000,0.0,0.0,0.0,0.0,0.0,0.0,M,L,L,106.4765342591125,0.0,0.0,0,,0.0,0.0,2026-02-17 08:59:16.414,2026-02-17 08:59:16.414
6632,21,1,1319637472,0. СКЛАД - ОСНОВЕН,Платки - Green Innovation,Модули,434285/201125,1785439929539495757,,,«0000N0000000000,0.0,0.0,0.0,0.0,0.0,0.0,M,L,L,3.5534785743137185,0.0,0.0,0,,0.0,0.0,2026-02-17 08:59:36.335,2026-02-17 08:59:36.335
6632,22,1,1319637484,0. СКЛАД - ОСНОВЕН,Платки - Green Innovation,Опртони,432483/241025/1,1785439929539495758,,,«0000N0000000000,0.0,0.0,0.0,0.0,0.0,0.0,M,L,L,0.04601626930765966,0.0,0.0,0,,0.0,0.0,2026-02-17 08:59:46.100,2026-02-17 08:59:46.100
6632,23,1,1319637493,0. СКЛАД - ОСНОВЕН,Платки - Green Innovation,Оптрони,432483/241025/2,1785439929539495759,,,«0000N0000000000,0.0,0.0,0.0,0.0,0.0,0.0,M,L,L,0.22496842772633613,0.0,0.0,0,,0.0,0.0,2026-02-17 08:59:54.318,2026-02-17 08:59:54.318
6632,24,1,1319638089,0. СКЛАД - ОСНОВЕН,Платки - Green Innovation,Платка GI1LZDV8,19860/141125/1,1785439929539495760,,,«0000N0000000000,0.0,0.0,0.0,0.0,0.0,0.0,M,L,L,9.612287366488907,0.0,0.0,0,,0.0,0.0,2026-02-17 09:08:29.394,2026-02-17 09:08:29.394
6636,0,1,1319638116,0. СКЛАД - ОСНОВЕН,Платки - Green Innovation,Платка GI1PWR02,19860/141125/2,1785439929539495761,,,«0000N0000000000,0.0,0.0,0.0,0.0,0.0,0.0,M,L,L,11.601212784342199,0.0,0.0,0,,0.0,0.0,2026-02-17 09:08:52.721,2026-02-17 09:08:52.721
6636,1,1,1319638137,0. СКЛАД - ОСНОВЕН,Платки - Green Innovation,Платка GI1RS485,19860/141125/3,1785439929539495762,,,«0000N0000000000,0.0,0.0,0.0,0.0,0.0,0.0,M,L,L,6.6928107248585,0.0,0.0,0,,0.0,0.0,2026-02-17 09:09:10.642,2026-02-17 09:09:10.642
6636,2,1,1319638146,0. СКЛАД - ОСНОВЕН,Платки - Green Innovation,Платка GI1TZDV8,19860/141125/4,1785439929539495763,,,«0000N0000000000,0.0,0.0,0.0,0.0,0.0,0.0,M,L,L,2.536007730733244,0.0,0.0,0,,0.0,0.0,2026-02-17 09:09:19.000,2026-02-17 09:09:19.000
6636,3,1,1319638156,0. СКЛАД - ОСНОВЕН,Платки - Green Innovation,Платка GI1UZDV8,19860/141125/5,1785439929539495764,,,«0000N0000000000,0.0,0.0,0.0,0.0,0.0,0.0,M,L,L,9.47935147737789,0.0,0.0,0,,0.0,0.0,2026-02-17 09:09:27.062,2026-02-17 09:09:27.062
6636,4,1,1318358634,0. СКЛАД - ОСНОВЕН,2.5.4. Вентили,Вентил предпазен 1216 НРЖ PN40 2“x2“,202530099001,1785439929539495885,,,«0000N0000000000,1.0,0.0,,,0.0,0.0,M,L,L,487.77245466119246,0.0,0.0,0,,0.0,0.0,2026-02-04 14:04:20.984,2026-01-28 13:37:12.571
6636,5,1,1318358289,0. СКЛАД - ОСНОВЕН,Платки - Green Innovation,Платки 1,GI1SCPU1/19614/190925,1785439929539495765,,,«0000N0000000000,8.0,0.0,,,0.0,0.0,M,L,L,8.661284467463942,0.0,0.0,0,,0.0,0.0,2026-02-04 13:59:21.909,2026-01-28 12:41:57.606
6636,6,1,,0. СКЛАД - ОСНОВЕН,2.5.4. Вентили,Магнетвентил мод. 6213 G1“ с бобина,946256,1785439929539496200,,,«0000N0000000000,0.0,0.0,,,0.0,0.0,M,M,M,384.0,0.0,0.0,0,,0.0,0.0,2026-02-17 10:40:41.810,2026-02-17 10:40:41.810
6636,7,1,1318358289,0. СКЛАД - ОСНОВЕН,Платки - Green Innovation,Платки 2,GI1UART2/19615/190925,1785439929539495766,,,«0000N0000000000,12.0,0.0,,,0.0,0.0,M,L,L,5.455484372363651,0.0,0.0,0,,0.0,0.0,2026-02-04 13:59:21.909,2026-01-28 12:42:04.777
6636,9,1,1318358289,0. СКЛАД - ОСНОВЕН,Платки - Green Innovation,Платки 3,GI3CIN16/19613/190925,1785439929539495767,,,«0000N0000000000,10.0,0.0,,,0.0,0.0,M,L,L,6.73882699416616,0.0,0.0,0,,0.0,0.0,2026-02-04 13:59:21.909,2026-01-28 12:42:11.121
6636,10,1,1319638275,0. СКЛАД - ОСНОВЕН,3. Инструменти,Преходник,263403/211025/2,1785439929539495768,,,«0000N0000000000,0.0,0.0,0.0,0.0,0.0,0.0,M,L,L,2.126974225776269,0.0,0.0,0,,0.0,0.0,2026-02-17 09:11:10.197,2026-02-17 09:11:10.197
6636,11,1,1319638278,0. СКЛАД - ОСНОВЕН,3. Инструменти,Преходник,265835/031225/3,1785439929539495769,,,«0000N0000000000,0.0,0.0,0.0,0.0,0.0,0.0,M,L,L,2.126974225776269,0.0,0.0,0,,0.0,0.0,2026-02-17 09:11:13.337,2026-02-17 09:11:13.337
6636,12,1,1319638302,0. СКЛАД - ОСНОВЕН,Платки - Green Innovation,Резистори 4.7K 5%,433867/131125/2,1785439929539495770,,,«0000N0000000000,0.0,0.0,0.0,0.0,0.0,0.0,M,L,L,0.005112918811962185,0.0,0.0,0,,0.0,0.0,2026-02-17 09:11:33.461,2026-02-17 09:11:33.461
6636,13,1,1319638408,0. СКЛАД - ОСНОВЕН,"Кабелни накрайници, обувки",Съединители,432681/281025/4,1785439929539495771,,,«0000N0000000000,0.0,0.0,0.0,0.0,0.0,0.0,M,L,L,0.11759713267513025,0.0,0.0,0,,0.0,0.0,2026-02-17 09:13:04.962,2026-02-17 09:13:04.962
6636,14,1,1319638416,0. СКЛАД - ОСНОВЕН,"Кабелни накрайници, обувки",Съединители 1,433867/131125/1,1785439929539495772,,,«0000N0000000000,0.0,0.0,0.0,0.0,0.0,0.0,M,L,L,0.19429091485456304,0.0,0.0,0,,0.0,0.0,2026-02-17 09:13:12.227,2026-02-17 09:13:12.227
6636,15,1,1319638426,0. СКЛАД - ОСНОВЕН,"Кабелни накрайници, обувки",Съединители 2,433309/061125/4,1785439929539495773,,,«0000N0000000000,0.0,0.0,0.0,0.0,0.0,0.0,M,L,L,0.15338756435886555,0.0,0.0,0,,0.0,0.0,2026-02-17 09:13:20.117,2026-02-17 09:13:20.117
6636,16,1,1319638436,0. СКЛАД - ОСНОВЕН,"Кабелни накрайници, обувки",Съединители 3,434394/211125/3,1785439929539495774,,,«0000N0000000000,0.0,0.0,0.0,0.0,0.0,0.0,M,L,L,0.015338756435886555,0.0,0.0,0,,0.0,0.0,2026-02-17 09:13:28.992,2026-02-17 09:13:28.992
6636,17,1,1319638473,0. СКЛАД - ОСНОВЕН,"Кабелни накрайници, обувки",Съединители 4,434394/211125/4,1785439929539495775,,,«0000N0000000000,0.0,0.0,0.0,0.0,0.0,0.0,M,L,L,0.03067751287177311,0.0,0.0,0,,0.0,0.0,2026-02-17 09:14:00.158,2026-02-17 09:14:00.158
6636,19,1,1319638634,0. СКЛАД - ОСНОВЕН,Сензори,"Термодвойка тип К1300, 150мм.",24295/141025,1785439929539495776,,,«0000N0000000000,0.0,0.0,0.0,0.0,0.0,0.0,M,L,L,32.615189,0.0,0.0,0,,0.0,0.0,2026-02-17 09:16:20.227,2026-02-17 09:16:20.227
6636,21,1,1319638647,0. СКЛАД - ОСНОВЕН,Други (Електроника),Торморегулатор REX C100 SSR,2025Y06M,1785439929539495777,,,«0000N0000000000,0.0,0.0,0.0,0.0,0.0,0.0,M,L,L,17.041296,0.0,0.0,0,,0.0,0.0,2026-02-17 09:16:30.867,2026-02-17 09:16:30.867
6636,23,1,1319638712,0. СКЛАД - ОСНОВЕН,Други (Електроника),Ф2.5 21L2K1T25 R42,12345,1785439929539495778,,|1—Ф2.5|2—R42|5—склад|,«0000N0000000000,0.0,0.0,0.0,0.0,0.0,0.0,M,L,L,0.0,0.0,0.0,0,,0.0,0.0,2026-02-17 09:17:27.426,2026-02-17 09:17:27.426
6636,25,1,1319638720,0. СКЛАД - ОСНОВЕН,Други (Електроника),Ф3.0 21L2K1T30 P08,123456,1785439929539495779,,|1—Ф3.0|2—P08|5—склад|,«0000N0000000000,0.0,0.0,0.0,0.0,0.0,0.0,M,L,L,0.0,0.0,0.0,0,,0.0,0.0,2026-02-17 09:17:34.769,2026-02-17 09:17:34.769
6636,27,1,1319638735,0. СКЛАД - ОСНОВЕН,Платки - Green Innovation,Цокли М8,429962/150925,1785439929539495780,,,«0000N0000000000,0.0,0.0,0.0,0.0,0.0,0.0,M,L,L,0.19429091485456304,0.0,0.0,0,,0.0,0.0,2026-02-17 09:17:47.096,2026-02-17 09:17:47.096
6640,0,1,1319638744,0. СКЛАД - ОСНОВЕН,Платки - Green Innovation,Цокъл  М16,434394/211125/2,1785439929539495781,,,«0000N0000000000,0.0,0.0,0.0,0.0,0.0,0.0,M,L,L,0.32211388515361766,0.0,0.0,0,,0.0,0.0,2026-02-17 09:17:55.361,2026-02-17 09:17:55.361
6640,1,1,1319638874,0. СКЛАД - ОСНОВЕН,Платки - Green Innovation,"Захранващо устройство, SDR-240-24",661/181125/3,1785439929539495782,,,«0000N0000000000,0.0,0.0,0.0,0.0,0.0,0.0,M,L,L,92.03253861531933,0.0,0.0,0,,0.0,0.0,2026-02-17 09:19:47.137,2026-02-17 09:19:47.137
6640,2,1,,0. СКЛАД - ОСНОВЕН,2.5.4. Вентили,Магнетвентил мод. 6213 G1“ с бобина,946253,1785439929539496201,,,«0000N0000000000,1.0,0.0,,,0.0,0.0,M,M,M,384.0,0.0,0.0,0,,0.0,0.0,2026-02-17 10:38:01.034,2026-02-17 10:38:01.034
6640,3,1,1319632188,0. СКЛАД - ОСНОВЕН,Други (Електроника),Щекер  (LD),265836/031225/2,1785439929539495783,,|1—щекер|2—без опаковка|5—склад|,«0000N0000000000,0.0,0.0,0.0,0.0,0.0,0.0,M,L,L,1.59,0.0,0.0,0,,0.0,0.0,2026-02-17 07:43:30.621,2026-02-17 07:43:30.621
6640,5,1,1319536874,0. СКЛАД - ОСНОВЕН,1.2.1. Части (Очиска),Демистър 4“ - Гъба (Wire mesh sep. mono circol.),246/141025,1785439929539495784,,,«0000N0000000000,0.0,0.0,0.0,0.0,0.0,0.0,M,L,L,82.00069,0.0,0.0,0,,0.0,0.0,2026-02-16 08:50:59.978,2026-02-16 08:50:59.978
6640,6,1,1319658536,0. СКЛАД - ОСНОВЕН,1.1.1. Части (Електролизьор),Ламарина кръг 1060мм 316L 3мм,140126/1,1785439929539495785,,,«0000N0000000000,0.0,0.0,0.0,0.0,0.0,0.0,M,L,L,1.0,0.0,0.0,0,,0.0,0.0,2026-02-17 14:02:55.790,2026-02-17 14:02:55.790
6640,7,1,1319658624,0. СКЛАД - ОСНОВЕН,1.1.1. Части (Електролизьор),Плочa PP 500x500x20мм,4033/171125,1785439929539495786,,,«0000N0000000000,0.0,0.0,0.0,0.0,0.0,0.0,M,L,L,53.685449999999996,0.0,0.0,0,,0.0,0.0,2026-02-17 14:04:12.130,2026-02-17 14:04:12.130
6640,8,1,1319658636,0. СКЛАД - ОСНОВЕН,1.1.1. Части (Електролизьор),Плочa PP 500x500x20мм,4046/121225,1785439929539495787,,,«0000N0000000000,0.0,0.0,0.0,0.0,0.0,0.0,M,L,L,53.685449999999996,0.0,0.0,0,,0.0,0.0,2026-02-17 14:04:21.973,2026-02-17 14:04:21.973
6640,9,1,1319035997,0. СКЛАД - ОСНОВЕН,1.1.1. Части (Електролизьор),"Уплътнение от експандиран теф. ф397х325х0,5мм",4507/241125,1785439929539495788,,,«0000N0000000000,0.0,0.0,0.0,0.0,0.0,0.0,M,L,L,9.561123,0.0,0.0,0,,0.0,0.0,2026-02-11 08:38:21.732,2026-02-11 08:38:21.732
6640,10,1,1319059329,System - 90kW Volkswagen (59),Муфи на резба,Муфа 304L резба 150LBS 1/4“,10143532/110925/1.4,1785439929539496132,,,«0000N0000000000,2.0,0.0,,,0.0,0.0,M,L,L,0.761822,0.0,0.0,0,,0.0,0.0,2026-02-11 14:14:20.607,2026-02-11 14:14:20.607
6640,11,1,1319056450,0. СКЛАД - ОСНОВЕН,2.2. Фитинги за заваряване,"Капа 316L (219,1х2) 8“",10148408/210126/1,1785439929539495789,,|1—капа зав. 316|2—219.1х2|,«0000N0000000000,0.0,0.0,0.0,0.0,0.0,0.0,M,L,L,26.438806,0.0,0.0,0,,0.0,0.0,2026-02-11 13:32:53.835,2026-02-11 13:32:53.835
6640,13,1,1319051958,0. СКЛАД - ОСНОВЕН,Кабели - Сензори,Кабел PUR М12 конектор 2м,28082025/31,1785439929539495790,,"|1—PUR кабел, М12 конектор|2—2 м.|",«0000N0000000000,0.0,0.0,0.0,0.0,0.0,0.0,M,L,L,0.0,0.0,0.0,0,,0.0,0.0,2026-02-11 12:28:11.519,2026-02-11 12:28:11.519
6640,16,1,1319051965,0. СКЛАД - ОСНОВЕН,Кабели - Сензори,Кабел PUR М12 конектор 10м,28082025/30,1785439929539495791,,"|1—PUR кабел, М12 конектор|2—10 м.|",«0000N0000000000,0.0,0.0,0.0,0.0,0.0,0.0,M,L,L,0.0,0.0,0.0,0,,0.0,0.0,2026-02-11 12:28:18.065,2026-02-11 12:28:18.065
6640,19,1,1319051977,0. СКЛАД - ОСНОВЕН,Кабели - Сензори,Кабел PUR М12 конектор 15м,38838/27082025,1785439929539495792,,"|1—PUR кабел, М12 конектор|2—15 м.|",«0000N0000000000,0.0,0.0,0.0,0.0,0.0,0.0,M,L,L,27.899152789352858,54.566,54.566,0,,0.0,0.0,2026-02-11 12:28:28.205,2026-02-11 12:28:28.205
6640,22,1,1319052006,0. СКЛАД - ОСНОВЕН,Кабели - Сензори,Кабел PUR М12 конектор 12м,28082025/32,1785439929539495793,,"|1—PUR кабел, М12 конектор|2—12 м.|",«0000N0000000000,0.0,0.0,5.0,5.0,0.0,0.0,M,L,L,0.0,0.0,0.0,0,,0.0,0.0,2026-02-11 12:28:53.688,2026-02-11 12:28:37.001
6640,23,1,1319056727,0. СКЛАД - ОСНОВЕН,Винтове,"Винт самопробивен с шайба 5,5х32",167836/041125/3,1785439929539495794,,,«0000N0000000000,0.0,0.0,0.0,0.0,0.0,0.0,M,L,L,0.12782297029905462,0.0,0.0,0,,0.0,0.0,2026-02-11 13:36:52.365,2026-02-11 13:36:52.365
6640,24,1,1319056737,0. СКЛАД - ОСНОВЕН,Гофри,Гофре армирано ф16 V филтър,8032/101125/1,1785439929539495795,,,«0000N0000000000,0.0,0.0,0.0,0.0,0.0,0.0,M,L,L,0.5982115009995755,0.0,0.0,0,,0.0,0.0,2026-02-11 13:37:01.365,2026-02-11 13:37:01.365
6640,25,1,1319056751,0. СКЛАД - ОСНОВЕН,Шрак техник ЕООД,Изолирбанд черен 19ммх25мм,1469001221/220126/16,1785439929539495796,,,«0000N0000000000,0.0,0.0,0.0,0.0,0.0,0.0,M,L,L,1.14,0.0,0.0,0,,0.0,0.0,2026-02-11 13:37:12.967,2026-02-11 13:37:12.967
6640,26,1,1319056774,0. СКЛАД - ОСНОВЕН,Шрак техник ЕООД,Каб. превръзка черна 2.5х96,1469001221/220126/18,1785439929539495797,,,«0000N0000000000,0.0,0.0,0.0,0.0,0.0,0.0,M,L,L,0.0062,0.0,0.0,0,,0.0,0.0,2026-02-11 13:37:33.200,2026-02-11 13:37:33.200
6646,0,1,1319051945,0. СКЛАД - ОСНОВЕН,7. Кабели,Кабел 4х0,201025/28871/1,1785439929539495798,,,«0000N0000000000,0.0,0.0,0.0,0.0,0.0,0.0,M,L,L,0.18406507723063864,0.0,0.0,0,,0.0,0.0,2026-02-11 12:28:00.629,2026-02-11 12:28:00.629
6646,1,1,1319051935,0. СКЛАД - ОСНОВЕН,7. Кабели,Кабел 6х1,201025/28871/2,1785439929539495799,,,«0000N0000000000,0.0,0.0,0.0,0.0,0.0,0.0,M,L,L,0.24542010297418487,0.0,0.0,0,,0.0,0.0,2026-02-11 12:27:52.020,2026-02-11 12:27:52.020
6646,2,1,1319051877,0. СКЛАД - ОСНОВЕН,7. Кабели,"Кабел ШВПЛ-Б 2х0,5, бял",8378/070126/6,1785439929539495800,,,«0000N0000000000,0.0,0.0,0.0,0.0,0.0,0.0,M,L,L,0.27,0.0,0.0,0,,0.0,0.0,2026-02-11 12:27:02.258,2026-02-11 12:27:02.258
6646,3,1,1319051854,0. СКЛАД - ОСНОВЕН,7. Кабели,"Кабел ШВПС 2х0,75, бял",8032/101125/2,1785439929539495801,,,«0000N0000000000,0.0,0.0,0.0,0.0,0.0,0.0,M,L,L,0.41,0.0,0.0,0,,0.0,0.0,2026-02-11 12:26:42.509,2026-02-11 12:26:42.509
6646,4,1,1319051859,0. СКЛАД - ОСНОВЕН,7. Кабели,"Кабел ШВПС 2х0,75, бял",8378/070126/1,1785439929539495802,,,«0000N0000000000,0.0,0.0,0.0,0.0,0.0,0.0,M,L,L,0.41,0.0,0.0,0,,0.0,0.0,2026-02-11 12:26:46.400,2026-02-11 12:26:46.400
6646,5,1,1319051840,0. СКЛАД - ОСНОВЕН,7. Кабели,"Кабел ШВПС 3х0,75, бял",8378/070126/2,1785439929539495803,,,«0000N0000000000,0.0,0.0,0.0,0.0,0.0,0.0,M,L,L,0.49,0.0,0.0,0,,0.0,0.0,2026-02-11 12:26:30.369,2026-02-11 12:26:30.369
6646,6,1,1319051814,0. СКЛАД - ОСНОВЕН,7. Кабели,"Кабел ШВПС 3х1, бял",8378/070126/3,1785439929539495804,,,«0000N0000000000,0.0,0.0,0.0,0.0,0.0,0.0,M,L,L,0.62,0.0,0.0,0,,0.0,0.0,2026-02-11 12:26:07.574,2026-02-11 12:26:07.574
6646,7,1,1319059341,System - 90kW Volkswagen (59),Тапи на резба,Тапа 304L резба 1/4“,16816512,1785439929539496133,,,«0000N0000000000,1.0,0.0,,,0.0,0.0,M,L,L,0.5112918811962185,0.0,0.0,0,,0.0,0.0,2026-02-11 14:14:31.169,2026-02-11 14:14:31.169
6646,8,1,1319051700,0. СКЛАД - ОСНОВЕН,7. Кабели,"Кабел ШВПС 3х1,5, кв. бял",8378/070126/4,1785439929539495805,,,«0000N0000000000,0.0,0.0,0.0,0.0,0.0,0.0,M,L,L,0.84,0.0,0.0,0,,0.0,0.0,2026-02-11 12:24:28.500,2026-02-11 12:24:28.500
6646,10,1,1319051827,0. СКЛАД - ОСНОВЕН,7. Кабели,"Кабел ШВПС 5х1,5 бял",8378/070126/5,1785439929539495806,,,«0000N0000000000,0.0,0.0,0.0,0.0,0.0,0.0,M,L,L,1.38,0.0,0.0,0,,0.0,0.0,2026-02-11 12:26:18.448,2026-02-11 12:26:18.448
6646,11,1,1319056784,0. СКЛАД - ОСНОВЕН,7. Кабели,Кабел HO7V-K 25мм жълт/зелен,213597/011225/1,1785439929539495807,,,«0000N0000000000,0.0,0.0,0.0,0.0,0.0,0.0,M,L,L,2.817208,0.0,0.0,0,,0.0,0.0,2026-02-11 13:37:41.449,2026-02-11 13:37:41.449
6646,12,1,1319056799,0. СКЛАД - ОСНОВЕН,Шрак техник ЕООД,"Кабелен накрайник 6мм 0,34мм",1459019554/071125/5,1785439929539495808,,,«0000N0000000000,0.0,0.0,0.0,0.0,0.0,0.0,M,L,L,0.015338756435886555,0.0,0.0,0,,0.0,0.0,2026-02-11 13:37:54.753,2026-02-11 13:37:54.753
6646,13,1,1319056804,0. СКЛАД - ОСНОВЕН,Шрак техник ЕООД,"Кабелен накрайник 6мм 0,34мм",1459019733/101125/7,1785439929539495809,,,«0000N0000000000,0.0,0.0,0.0,0.0,0.0,0.0,M,L,L,0.015338756435886555,0.0,0.0,0,,0.0,0.0,2026-02-11 13:37:58.998,2026-02-11 13:37:58.998
6646,14,1,1319056808,0. СКЛАД - ОСНОВЕН,Шрак техник ЕООД,"Кабелен накрайник 6мм 0,34мм",1459022054/101225,1785439929539495810,,,«0000N0000000000,0.0,0.0,0.0,0.0,0.0,0.0,M,L,L,0.015338756435886555,0.0,0.0,0,,0.0,0.0,2026-02-11 13:38:02.295,2026-02-11 13:38:02.295
6646,15,1,1319056826,0. СКЛАД - ОСНОВЕН,"Кабелни накрайници, обувки","Кабелен накрайник 8mm сив 2x0,75mm",1469001221/220126/10,1785439929539495811,,,«0000N0000000000,0.0,0.0,0.0,0.0,0.0,0.0,M,L,L,0.0176,0.0,0.0,0,,0.0,0.0,2026-02-11 13:38:18.153,2026-02-11 13:38:18.153
6646,16,1,1319056837,0. СКЛАД - ОСНОВЕН,"Кабелни накрайници, обувки","Кабелен накрайник дв. 8mm 2x0,5mm",1459020514/191125/1,1785439929539495812,,,«0000N0000000000,0.0,0.0,0.0,0.0,0.0,0.0,M,L,L,0.015338756435886555,0.0,0.0,0,,0.0,0.0,2026-02-11 13:38:27.450,2026-02-11 13:38:27.450
6646,17,1,1319057038,0. СКЛАД - ОСНОВЕН,"Кабелни накрайници, обувки","Кабелен накрайник дв. 8мм, 2х1.5мм",1469001221/220126/11,1785439929539495813,,,«0000N0000000000,0.0,0.0,0.0,0.0,0.0,0.0,M,L,L,0.02,0.0,0.0,0,,0.0,0.0,2026-02-11 13:41:21.196,2026-02-11 13:41:21.196
6646,18,1,1319057048,0. СКЛАД - ОСНОВЕН,"Кабелни накрайници, обувки","Кабелен накрайник дв., 10 mm, 2x2.5mm",1469001221/220126/14,1785439929539495814,,,«0000N0000000000,0.0,0.0,0.0,0.0,0.0,0.0,M,L,L,0.01,0.0,0.0,0,,0.0,0.0,2026-02-11 13:41:29.711,2026-02-11 13:41:29.711
6646,19,1,1319057057,0. СКЛАД - ОСНОВЕН,"Кабелни накрайници, обувки","Кабелен накрайник дв., 12мм, 2х4мм",1469001221/220126/15,1785439929539495815,,,«0000N0000000000,0.0,0.0,0.0,0.0,0.0,0.0,M,L,L,0.051699999999999996,0.0,0.0,0,,0.0,0.0,2026-02-11 13:41:37.929,2026-02-11 13:41:37.929
6646,20,1,1319057066,0. СКЛАД - ОСНОВЕН,"Кабелни накрайници, обувки","Кабелен накрайник дв., 8мм, 2х0.5мм",1469001221/220126/8,1785439929539495816,,,«0000N0000000000,0.0,0.0,0.0,0.0,0.0,0.0,M,L,L,0.0172,0.0,0.0,0,,0.0,0.0,2026-02-11 13:41:46.116,2026-02-11 13:41:46.116
6652,0,1,1319057077,0. СКЛАД - ОСНОВЕН,"Кабелни накрайници, обувки","Кабелен накрайник дв.14мм, 2х6мм",1469001221/220126/13,1785439929539495817,,,«0000N0000000000,0.0,0.0,0.0,0.0,0.0,0.0,M,L,L,0.07,0.0,0.0,0,,0.0,0.0,2026-02-11 13:41:55.913,2026-02-11 13:41:55.913
6652,1,1,1319057086,0. СКЛАД - ОСНОВЕН,"Кабелни накрайници, обувки","Кабелен накрайник дв.8 мм, 2х1мм",1469001221/220126/9,1785439929539495818,,,«0000N0000000000,0.0,0.0,0.0,0.0,0.0,0.0,M,L,L,0.02,0.0,0.0,0,,0.0,0.0,2026-02-11 13:42:02.943,2026-02-11 13:42:02.943
6652,2,1,1319057099,0. СКЛАД - ОСНОВЕН,Шрак техник ЕООД,Кабелна превръзка бяла 2.5х96,1469001221/220126/17,1785439929539495819,,,«0000N0000000000,0.0,0.0,0.0,0.0,0.0,0.0,M,L,L,0.01,0.0,0.0,0,,0.0,0.0,2026-02-11 13:42:14.364,2026-02-11 13:42:14.364
6652,3,1,1319057120,0. СКЛАД - ОСНОВЕН,"Кабелни накрайници, обувки","Обувка изол. М5, 1.5-2.5мм",1469001221/220126/6,1785439929539495820,,,«0000N0000000000,0.0,0.0,0.0,0.0,0.0,0.0,M,L,L,0.06,0.0,0.0,0,,0.0,0.0,2026-02-11 13:42:33.004,2026-02-11 13:42:33.004
6652,4,1,1319057131,0. СКЛАД - ОСНОВЕН,"Кабелни накрайници, обувки","Обувка изол. М6, 0.25-1.5мм",1469001221/220126/12,1785439929539495821,,,«0000N0000000000,0.0,0.0,0.0,0.0,0.0,0.0,M,L,L,0.06,0.0,0.0,0,,0.0,0.0,2026-02-11 13:42:41.534,2026-02-11 13:42:41.534
6652,5,1,1319057201,0. СКЛАД - ОСНОВЕН,"Кабелни накрайници, обувки",Съединител изол.0.25-1.5мм,1469001221/220126/7,1785439929539495822,,,«0000N0000000000,0.0,0.0,0.0,0.0,0.0,0.0,M,L,L,0.05,0.0,0.0,0,,0.0,0.0,2026-02-11 13:43:42.593,2026-02-11 13:43:42.593
6652,6,1,1319057212,0. СКЛАД - ОСНОВЕН,Ивда Гео,"Шкурка CRD руло 5м./115, P120",8032/101125/4,1785439929539495823,,,«0000N0000000000,0.0,0.0,0.0,0.0,0.0,0.0,M,L,L,0.634001932683311,0.0,0.0,0,,0.0,0.0,2026-02-11 13:43:51.663,2026-02-11 13:43:51.663
6652,7,1,1319662340,0. СКЛАД - ОСНОВЕН,2. Консумативи,20`` DV Контейнер,167/121125,1785439929539495824,,,«0000N0000000000,0.0,0.0,0.0,0.0,0.0,0.0,M,L,L,3425.655604014664,0.0,0.0,0,,0.0,0.0,2026-02-17 14:57:42.252,2026-02-17 14:57:42.252
6652,8,1,1319662352,0. СКЛАД - ОСНОВЕН,2. Консумативи,Вентилатор за баня МТ100С,20218272/111125/1,1785439929539495825,,,«0000N0000000000,0.0,0.0,0.0,0.0,0.0,0.0,M,L,L,20.446562329036777,0.0,0.0,0,,0.0,0.0,2026-02-17 14:57:52.141,2026-02-17 14:57:52.141
6652,9,1,1319662369,0. СКЛАД - ОСНОВЕН,2. Консумативи,"Диск рязане ф125х1, прав",81288/211125/1,1785439929539495826,,,«0000N0000000000,0.0,0.0,0.0,0.0,0.0,0.0,M,L,L,1.104390463383832,0.0,0.0,0,,0.0,0.0,2026-02-17 14:58:06.984,2026-02-17 14:58:06.984
6652,12,1,1319662379,0. СКЛАД - ОСНОВЕН,2. Консумативи,Етилов алкохол 96%,74922/260925,1785439929539495827,,,«0000N0000000000,0.0,0.0,0.0,0.0,0.0,0.0,M,L,L,9.694094067480304,0.0,0.0,0,,0.0,0.0,2026-02-17 14:58:15.655,2026-02-17 14:58:15.655
6652,13,1,1319662387,0. СКЛАД - ОСНОВЕН,2. Консумативи,Клапа ф100,20218272/111125/2,1785439929539495828,,,«0000N0000000000,0.0,0.0,0.0,0.0,0.0,0.0,M,L,L,5.107805893150223,0.0,0.0,0,,0.0,0.0,2026-02-17 14:58:23.123,2026-02-17 14:58:23.123
6652,14,1,1319662397,0. СКЛАД - ОСНОВЕН,2. Консумативи,Клапа ф120,20218272/111125/3,1785439929539495829,,,«0000N0000000000,0.0,0.0,0.0,0.0,0.0,0.0,M,L,L,5.619097774346441,0.0,0.0,0,,0.0,0.0,2026-02-17 14:58:31.013,2026-02-17 14:58:31.013
6652,15,1,1319662410,0. СКЛАД - ОСНОВЕН,2. Консумативи,"Нитрилни ръкавици, оранжеви, XL",460167323/211125/1,1785439929539495830,,,«0000N0000000000,0.0,0.0,0.0,0.0,0.0,0.0,M,L,L,0.07669378217943278,0.0,0.0,0,,0.0,0.0,2026-02-17 14:58:42.700,2026-02-17 14:58:42.700
6652,16,1,1319662421,0. СКЛАД - ОСНОВЕН,2. Консумативи,"Нитрилни ръкавици, оранжеви, XXL",460167323/211125/2,1785439929539495831,,,«0000N0000000000,0.0,0.0,0.0,0.0,0.0,0.0,M,L,L,0.07669378217943278,0.0,0.0,0,,0.0,0.0,2026-02-17 14:58:52.324,2026-02-17 14:58:52.324
6652,17,1,1319662431,0. СКЛАД - ОСНОВЕН,2. Консумативи,Свредло цилидрично ф10,10544810/120126/3,1785439929539495832,,,«0000N0000000000,0.0,0.0,0.0,0.0,0.0,0.0,M,L,L,8.03,0.0,0.0,0,,0.0,0.0,2026-02-17 14:59:00.636,2026-02-17 14:59:00.636
6652,18,1,1319733809,0. СКЛАД - ОСНОВЕН,2. Консумативи,Свредло цилидрично ф6,10544810/120126/4,1785439929539495833,,,«0000N0000000000,0.0,0.0,0.0,0.0,0.0,0.0,M,L,L,3.6,0.0,0.0,0,,0.0,0.0,2026-02-18 08:06:51.319,2026-02-18 08:06:51.319
6652,19,1,1319733816,0. СКЛАД - ОСНОВЕН,2. Консумативи,Свредло цилидрично ф8,10544810/120126/5,1785439929539495834,,,«0000N0000000000,0.0,0.0,0.0,0.0,0.0,0.0,M,L,L,5.35,0.0,0.0,0,,0.0,0.0,2026-02-18 08:06:57.865,2026-02-18 08:06:57.865
6652,20,1,1319661890,0. СКЛАД - ОСНОВЕН,2. Консумативи,Смола за дейонизатор,122217/18082025,1785439929539495835,,,«0000N0000000000,0.0,0.0,0.0,0.0,0.0,0.0,M,L,L,15.952306693322017,0.0,0.0,0,,0.0,0.0,2026-02-17 14:51:13.551,2026-02-17 14:51:13.551
6652,22,1,1319661905,0. СКЛАД - ОСНОВЕН,2. Консумативи,"Тефлонова лента, 13м 3/4`",3901-00,1785439929539495836,,,«0000N0000000000,0.0,0.0,0.0,0.0,0.0,0.0,M,L,L,1.736347228542358,0.0,0.0,0,,0.0,0.0,2026-02-17 14:51:26.550,2026-02-17 14:51:26.550
6661,0,1,1319661921,0. СКЛАД - ОСНОВЕН,2. Консумативи,"Тефлонова лента, 7м. 1/2`",3899-00,1785439929539495837,,,«0000N0000000000,0.0,0.0,0.0,0.0,0.0,0.0,M,L,L,0.7976153346661009,0.0,0.0,0,,0.0,0.0,2026-02-17 14:51:40.346,2026-02-17 14:51:40.346
6661,1,1,1318855470,0. СКЛАД - ОСНОВЕН,2.8. Маркучи,Шлаух полиамид бял 8/6,261188/090925/1,1785439929539495838,,,«0000N0000000000,0.0,0.0,,,0.0,0.0,M,L,L,2.46953978617774,0.0,0.0,0,,0.0,0.0,2026-02-09 13:18:46.317,2026-02-09 13:18:25.313
6661,2,1,1318855470,0. СКЛАД - ОСНОВЕН,2.8. Маркучи,"Шлаух полиамид бял 15/12,5",265835/031225/5,1785439929539495839,,,«0000N0000000000,0.0,0.0,,,0.0,0.0,M,L,L,2.70984697033996,0.0,0.0,0,,0.0,0.0,2026-02-09 13:18:46.458,2026-02-09 13:18:39.552
6661,3,1,1323151839,0. СКЛАД - ОСНОВЕН,2.5.1. Кранове на фланци,Кран сфер. на фл. 2-части 316L PN40 1“,84818081/101225,1785439929539495840,,,«0000N0000000000,0.0,0.0,0.0,0.0,0.0,0.0,M,L,L,66.73,0.0,0.0,0,,0.0,0.0,2026-03-24 12:26:29.510,2026-03-24 12:26:29.510
6661,4,1,1317653924,0. СКЛАД - ОСНОВЕН,2.5.6. Актуатори,Актуатор (Electric act. GE-15 24/240V),85439000/101225,1785439929539495841,,,«0000N0000000000,4.0,0.0,,,0.0,0.0,M,L,L,309.93,0.0,0.0,0,,0.0,0.0,2026-03-02 13:53:46.115,2026-03-02 13:53:46.115
6661,5,1,1317852890,0. СКЛАД - ОСНОВЕН,2.5.2. Кранове на заварка,Кран сфер. на зав. 3-части 316L PN63 1“,84818099/1/101225,1785439929539495842,,,«0000N0000000000,8.0,0.0,0.0,0.0,0.0,0.0,M,L,L,15.783522,0.0,0.0,0,,0.0,0.0,2026-03-02 13:53:37.365,2026-03-02 13:53:37.365
6661,7,1,1331636296,0. СКЛАД - ОСНОВЕН,2.5.3. Кранове на резба,Кран сфер. на рез. 316L PN64 DN15,265835/031225/2,1785439929539495843,,|1—кран за задвижка|2—1/2 - DN15|5—склад|,«0000N0000000000,3.0,0.0,,,0.0,0.0,M,L,L,56.4977528721821,0.0,0.0,0,,0.0,0.0,2026-06-17 15:30:40.899,2026-06-17 15:30:40.899
6661,9,1,1318358450,0. СКЛАД - ОСНОВЕН,2.5.3. Кранове на резба,Кран сфер. на рез. 316L PN64 DN25,16156,1785439929539495844,,|1—кран за задвижка|2—1` - DN25|5—склад|,«0000N0000000000,3.0,0.0,,,0.0,0.0,M,L,L,0.0,0.0,0.0,0,,0.0,0.0,2026-02-04 14:01:41.135,2026-01-29 15:28:46.662
6661,11,1,1318358450,0. СКЛАД - ОСНОВЕН,2.5.3. Кранове на резба,Кран сфер. на рез. 316L PN64 DN20,263496/221025,1785439929539495845,,|1—сферичен кран|2—3/4` - DN20|5—склад|,«0000N0000000000,1.0,0.0,,,0.0,0.0,M,L,L,38.41847195308386,0.0,0.0,0,,0.0,0.0,2026-02-04 14:01:41.135,2026-01-28 12:56:57.742
6661,13,1,1322359521,0. СКЛАД - ОСНОВЕН,2.5.3. Кранове на резба,Кран сфер. на рез. 316L DN15,265835/031225/1,1785439929539495846,,|1—сферичен кран с резба|2—1/2 - DN15|5—склад|,«0000N0000000000,0.0,0.0,0.0,0.0,0.0,0.0,M,L,L,33.37713400448914,0.0,0.0,0,,0.0,0.0,2026-03-16 14:17:06.633,2026-03-16 14:17:06.633
6661,14,1,1319051906,0. СКЛАД - ОСНОВЕН,Кабели - Захранващи,Кабел 70мм HO7V-K червен,215187/300126/1,1785439929539495920,,,«0000N0000000000,0.0,0.0,0.0,0.0,0.0,0.0,M,L,L,9.919,0.0,0.0,0,,0.0,0.0,2026-02-11 12:27:27.272,2026-02-11 12:27:27.272
6661,15,1,1319051894,0. СКЛАД - ОСНОВЕН,Кабели - Захранващи,Кабел 70мм HO7V-K черен,215187/300126/2,1785439929539495921,,,«0000N0000000000,0.0,0.0,0.0,0.0,0.0,0.0,M,L,L,9.919,0.0,0.0,0,,0.0,0.0,2026-02-11 12:27:16.569,2026-02-11 12:27:16.569
6661,17,1,1318358450,0. СКЛАД - ОСНОВЕН,2.5.3. Кранове на резба,Кран сфер. на рез. 3-части 316L PN63 (Акт) 1“,28082025/15,1785439929539495848,,|1—сферичен кран със задвижка|,«0000N0000000000,3.0,0.0,0.0,0.0,0.0,0.0,M,L,L,0.0,0.0,0.0,0,,0.0,0.0,2026-03-02 13:53:01.919,2026-03-02 13:53:01.919
6661,18,1,1318358634,0. СКЛАД - ОСНОВЕН,2.5.4. Вентили,Вентил предпазен 1216 НРЖ PN40 2“x2“,202530099002,1785439929539495886,,,«0000N0000000000,1.0,0.0,,,0.0,0.0,M,L,L,487.77245466119246,0.0,0.0,0,,0.0,0.0,2026-02-04 14:04:21.000,2026-01-28 13:37:16.977
6661,19,1,1318837331,0. СКЛАД - ОСНОВЕН,2. Консумативи,"О пръстен 47.22/3.53, EPDM 70",196057/131025,1785439929539495849,,,«0000N0000000000,0.0,0.0,0.0,0.0,0.0,0.0,M,L,L,0.419259,0.0,0.0,0,,0.0,0.0,2026-02-09 08:57:34.166,2026-02-09 08:57:34.166
6661,20,1,1318837341,0. СКЛАД - ОСНОВЕН,М16,Шайба пружинна vZn M16,1200180962/251125,1785439929539495850,,,«0000N0000000000,0.0,0.0,0.0,0.0,0.0,0.0,M,L,L,0.342565,0.0,0.0,0,,0.0,0.0,2026-02-09 08:57:43.369,2026-02-09 08:57:43.369
6661,21,1,1319658358,0. СКЛАД - ОСНОВЕН,3. Метални Елементи,Винкел ГВ 40/40/3,134462/191125/1,1785439929539495851,,,«0000N0000000000,0.0,0.0,0.0,0.0,0.0,0.0,M,L,L,1.978692,0.0,0.0,0,,0.0,0.0,2026-02-17 14:00:21.691,2026-02-17 14:00:21.691
6661,22,1,1319535621,0. СКЛАД - ОСНОВЕН,3. Метални Елементи,"Профилна тръба 304 20х20х1,5",10147014/031225,1785439929539495852,,,«0000N0000000000,0.0,0.0,0.0,0.0,0.0,0.0,M,L,L,5.11,0.0,0.0,0,,0.0,0.0,2026-02-16 08:32:57.933,2026-02-16 08:32:57.933
6661,23,1,1319535670,0. СКЛАД - ОСНОВЕН,2.1. Тръби,"Тръба шевна 304L (48,3х3) 1 1/2“",10143532/110925/48x3x3,1785439929539495853,,,«0000N0000000000,0.0,0.0,0.0,0.0,0.0,0.0,M,L,L,16.14148468936462,0.0,0.0,0,,0.0,0.0,2026-02-16 08:33:39.582,2026-02-16 08:33:39.582
6664,0,1,1319535732,0. СКЛАД - ОСНОВЕН,2.1. Тръби,"Тръба шевна 304L (33,7x2) 1``",10143532/110925/33.7,1785439929539495854,,,«0000N0000000000,0.0,0.0,0.0,0.0,0.0,0.0,M,L,L,11.544970677410612,0.0,0.0,0,,0.0,0.0,2026-02-16 08:34:33.155,2026-02-16 08:34:33.155
6664,1,1,1318358614,0. СКЛАД - ОСНОВЕН,2.1. Тръби,"Тръба шевна 304L (33,7x2) 1``",28082025/3,1785439929539495855,,,«0000N0000000000,0.0,0.0,,,0.0,0.0,M,L,L,11.544970677410612,0.0,0.0,0,,0.0,0.0,2026-02-06 07:57:39.198,2026-02-06 07:57:39.198
6664,2,1,1319535763,0. СКЛАД - ОСНОВЕН,2.1. Тръби,"Тръба шевна 304L (33,7х3) 1“",10143532/110925/33.7/3,1785439929539495856,,,«0000N0000000000,0.0,0.0,0.0,0.0,0.0,0.0,M,L,L,11.544970677410612,0.0,0.0,0,,0.0,0.0,2026-02-16 08:34:59.903,2026-02-16 08:34:59.903
6664,3,1,1321660669,0. СКЛАД - ОСНОВЕН,Сензори,Трансмитер за налягане 0-3 bar,131125/rem,1785439929539495857,,,«0000N0000000000,5.0,0.0,0.0,0.0,0.0,0.0,M,L,L,0.5112918811962185,0.0,0.0,0,,0.0,0.0,2026-03-09 14:33:38.449,2026-03-09 14:33:38.449
6664,4,1,1318358634,0. СКЛАД - ОСНОВЕН,Скоби,Скоба укрепваща с уплътнение 2“,10144596/101025/4,1785439929539495887,,,«0000N0000000000,4.0,0.0,,,0.0,0.0,M,L,L,0.8231799287259118,0.0,0.0,0,,0.0,0.0,2026-02-04 14:04:21.000,2026-01-28 13:37:24.273
6664,6,1,1318358634,0. СКЛАД - ОСНОВЕН,Сензори,Трансмитер за налягане 0-10 bar. G 1/2“,25685,1785439929539495858,,|1—датчик|5—склад|,«0000N0000000000,1.0,0.0,,,0.0,0.0,M,L,L,326.9363901770604,0.0,0.0,0,,0.0,0.0,2026-02-04 14:04:21.000,2026-01-28 13:03:30.993
6664,9,1,1318358634,0. СКЛАД - ОСНОВЕН,Сензори,Трансмитер за налягане 0-10 bar. G 1/2“,25686,1785439929539495859,,|1—датчик|5—склад|,«0000N0000000000,1.0,0.0,,,0.0,0.0,M,L,L,326.9363901770604,0.0,0.0,0,,0.0,0.0,2026-02-04 14:04:21.015,2026-01-28 13:03:35.368
6664,12,1,1318358634,0. СКЛАД - ОСНОВЕН,Сензори,Трансмитер за налягане 0-10 bar. G 1/2“,25687,1785439929539495860,,|1—датчик|5—склад|,«0000N0000000000,1.0,0.0,,,0.0,0.0,M,L,L,326.9363901770604,0.0,0.0,0,,0.0,0.0,2026-02-04 14:04:21.015,2026-01-28 13:03:38.774
6664,15,1,1335654747,0. СКЛАД - ОСНОВЕН,Сензори,Трансмитер за налягане 0-10 bar. G 1/2“,25688,1785439929539495861,,|1—датчик|5—склад|,«0000N0000000000,0.0,0.0,,,0.0,0.0,M,L,L,326.93639017706,0.0,0.0,0,,0.0,0.0,2026-07-27 13:08:22.223,2026-07-27 13:02:01.034
6664,18,1,1318358634,0. СКЛАД - ОСНОВЕН,Сензори,Трансмитер за налягане 0-10 bar. G 1/2“,25689,1785439929539495862,,|1—датчик|5—склад|,«0000N0000000000,1.0,0.0,,,0.0,0.0,M,L,L,326.9363901770604,0.0,0.0,0,,0.0,0.0,2026-02-04 14:04:21.015,2026-01-28 13:03:45.919
6664,21,1,1323232680,0. СКЛАД - ОСНОВЕН,Сензори,Трансмитер за налягане 0-10 bar. G 1/2“,25690,1785439929539495863,,|1—датчик|5—склад|,«0000N0000000000,0.0,0.0,0.0,0.0,0.0,0.0,M,L,L,326.9363901770604,0.0,0.0,0,,0.0,0.0,2026-03-25 07:50:36.454,2026-03-25 07:50:36.454
6664,23,1,1323155366,0. СКЛАД - ОСНОВЕН,Сензори,Трансмитер за налягане 0-10 bar. G 1/2“,25691,1785439929539495864,,|1—датчик|5—склад|,«0000N0000000000,0.0,0.0,0.0,0.0,0.0,0.0,M,L,L,326.935367593298,0.0,0.0,0,,0.0,0.0,2026-03-24 13:17:16.953,2026-03-24 13:15:41.525
6664,26,1,1323155366,0. СКЛАД - ОСНОВЕН,Сензори,Трансмитер за налягане 0-10 bar. G 1/2“,25692,1785439929539495865,,|1—датчик|5—склад|,«0000N0000000000,0.0,0.0,0.0,0.0,0.0,0.0,M,L,L,326.935367593298,0.0,0.0,0,,0.0,0.0,2026-03-24 13:17:16.953,2026-03-24 13:15:34.286
6664,29,1,1335654747,0. СКЛАД - ОСНОВЕН,Сензори,Трансмитер за налягане 0-10 bar. G 1/2“,25693,1785439929539495866,,|1—датчик|5—склад|,«0000N0000000000,0.0,0.0,,,0.0,0.0,M,L,L,326.93639017706,0.0,0.0,0,,0.0,0.0,2026-07-27 13:08:22.223,2026-07-27 13:02:06.314
6664,31,1,1323155366,0. СКЛАД - ОСНОВЕН,Сензори,Трансмитер за налягане 0-10 bar. G 1/2“,25695,1785439929539495867,,|1—датчик|5—склад|,«0000N0000000000,0.0,0.0,,,0.0,0.0,M,L,L,326.935367593298,0.0,0.0,0,,0.0,0.0,2026-03-24 13:17:16.953,2026-03-24 13:15:51.278
6664,34,1,1323232712,0. СКЛАД - ОСНОВЕН,Сензори,Трансмитер за налягане 0-10 bar. G 1/2“,25696,1785439929539495868,,|1—датчик|5—склад|,«0000N0000000000,0.0,0.0,0.0,0.0,0.0,0.0,M,L,L,326.93536759329794,0.0,0.0,0,,0.0,0.0,2026-03-25 07:51:03.470,2026-03-25 07:51:03.470
6673,0,1,1318358635,0. СКЛАД - ОСНОВЕН,Сензори,Трансмитер за налягане 0-10 bar. G 1/2“,25700,1785439929539495869,,|1—датчик|5—склад|,«0000N0000000000,1.0,0.0,,,0.0,0.0,M,L,L,326.93536759329794,0.0,0.0,0,,0.0,0.0,2026-02-04 14:04:21.047,2026-01-28 13:04:24.213
6673,2,1,1323155366,0. СКЛАД - ОСНОВЕН,Сензори,Трансмитер за налягане 0-10 bar. G 1/2“,25699,1785439929539495870,,|1—датчик|5—склад|,«0000N0000000000,0.0,0.0,0.0,0.0,0.0,0.0,M,L,L,326.935367593298,0.0,0.0,0,,0.0,0.0,2026-03-24 13:17:16.953,2026-03-24 13:15:27.807
6673,3,1,1318358635,0. СКЛАД - ОСНОВЕН,2.5.5. Клапани,Иглен клапан (0-6bar G 1/4“ EPDM),1031,1785439929539495871,,,«0000N0000000000,1.0,0.0,,,0.0,0.0,M,L,L,640.7765501091608,0.0,0.0,0,,0.0,0.0,2026-02-04 14:04:21.047,2026-01-28 13:04:35.040
6673,4,1,1318358635,0. СКЛАД - ОСНОВЕН,2.5.5. Клапани,Иглен клапан (0-6bar G 1/4“ EPDM),1034,1785439929539495872,,,«0000N0000000000,1.0,0.0,,,0.0,0.0,M,L,L,640.7765501091608,0.0,0.0,0,,0.0,0.0,2026-02-04 14:04:21.062,2026-01-28 13:04:38.618
6673,5,1,1318358635,0. СКЛАД - ОСНОВЕН,2.5.5. Клапани,Иглен клапан (0-6bar G 1/4“ EPDM),1036,1785439929539495873,,,«0000N0000000000,1.0,0.0,,,0.0,0.0,M,L,L,640.7765501091608,0.0,0.0,0,,0.0,0.0,2026-02-04 14:04:21.062,2026-01-28 13:04:42.826
6673,6,1,1318358635,0. СКЛАД - ОСНОВЕН,2.5.5. Клапани,Иглен клапан (0-6bar G 1/4“ FKM),1064,1785439929539495874,,,«0000N0000000000,1.0,0.0,,,0.0,0.0,M,L,L,640.7765501091608,0.0,0.0,0,,0.0,0.0,2026-02-04 14:04:21.062,2026-01-28 13:04:49.279
6673,7,1,1318358635,0. СКЛАД - ОСНОВЕН,2.5.4. Вентили,"Вентил предпазен 1216 НРЖ, PN40  1“х1“",202530315001,1785439929539495888,,"|1—предпазен вентил 1216 НРЖ, PN40|2—1``-1``|5—склад|",«0000N0000000000,0.0,0.0,,,0.0,0.0,M,L,L,242.93522443157124,0.0,0.0,0,,0.0,0.0,2026-02-20 10:43:40.986,2026-02-20 10:43:40.986
6673,8,1,1318358635,0. СКЛАД - ОСНОВЕН,"Кабелни накрайници, обувки","Куплунг M12, 8-пина, кабел 2m.",pbc786382,1785439929539495875,,,«0000N0000000000,4.0,0.0,,,0.0,0.0,M,L,L,73.02781939125589,0.0,0.0,0,,0.0,0.0,2026-02-04 14:04:21.062,2026-01-28 13:04:56.231
6673,10,1,1317654516,0. СКЛАД - ОСНОВЕН,5. Устройства,Панел HMI 7`,h70072968,1785439929539495876,,,«0000N0000000000,1.0,0.0,,,0.0,0.0,M,L,L,295.2,0.0,0.0,0,,0.0,0.0,2026-01-28 13:05:02.778,2026-01-28 13:05:02.778
6673,11,1,1317654522,0. СКЛАД - ОСНОВЕН,Сензори,Дебитомер (flowmeter) малък,N01840812254,1785439929539495877,,,«0000N0000000000,1.0,0.0,,,0.0,0.0,M,L,L,554.06,0.0,0.0,0,,0.0,0.0,2026-01-28 13:05:07.855,2026-01-28 13:05:07.855
6673,12,1,1317654526,0. СКЛАД - ОСНОВЕН,Сензори,Дебитомер (flowmeter) малък,N01980812258,1785439929539495878,,,«0000N0000000000,1.0,0.0,,,0.0,0.0,M,L,L,554.06,0.0,0.0,0,,0.0,0.0,2026-01-28 13:05:11.449,2026-01-28 13:05:11.449
6673,13,1,,0. СКЛАД - ОСНОВЕН,1.2.2 Съдове (Очиска),Топлообменник XT Hexonic FF.PRO.SS.Gr.1,220004523002,1785439929539496250,,,«0000N0000000000,0.0,0.0,,,0.0,0.0,M,M,M,1005.0,0.0,0.0,0,,0.0,0.0,2026-03-11 08:58:31.572,2026-03-11 08:58:31.572
6673,14,1,1321660710,0. СКЛАД - ОСНОВЕН,Сензори,Трансмитер за налягане 0-15 bar,230925/6,1785439929539495879,,|1—датчици за налягане|2—0-15 bar|5—склад|,«0000N0000000000,2.0,0.0,0.0,0.0,0.0,0.0,M,L,L,0.0,0.0,0.0,0,,0.0,0.0,2026-03-09 14:34:13.541,2026-03-09 14:34:13.541
6673,15,1,1319851357,0. СКЛАД - ОСНОВЕН,Фитинги - Щуцер на резба,Гайки за щуцери 1/2“,261922/240925,1785439929539495880,,,«0000N0000000000,0.0,0.0,0.0,0.0,0.0,0.0,M,L,L,0.940774,0.0,0.0,0,,0.0,0.0,2026-02-19 12:19:32.768,2026-02-19 12:19:32.768
6673,17,1,1319856416,0. СКЛАД - ОСНОВЕН,Фитинги - Щуцер на резба,Връзка ъглова 1500  8/6“х1/4“,101225/3,1785439929539495881,,|1—ъглова връзка|2—8/6х1/4|5—склад|,«0000N0000000000,0.0,0.0,0.0,0.0,0.0,0.0,M,L,L,1.5338756435886554,0.0,0.0,0,,0.0,0.0,2026-02-19 13:32:23.591,2026-02-19 13:32:23.591
6673,18,1,1318358635,0. СКЛАД - ОСНОВЕН,2.5.4. Вентили,"Вентил предпазен 1216 НРЖ, PN40  1“х1“",202530315008,1785439929539495889,,"|1—предпазен вентил 1216 НРЖ, PN40|2—1``-1``|5—склад|",«0000N0000000000,0.0,0.0,,,0.0,0.0,M,L,L,242.93522443157124,0.0,0.0,0,,0.0,0.0,2026-02-20 10:43:42.986,2026-02-20 10:43:42.986
6673,20,1,1318358635,0. СКЛАД - ОСНОВЕН,2.5.4. Вентили,"Пружина TOSACA 2,1-4,0 bar M2170",10142820/19082025,1785439929539495890,,|1—пружина TOSACA 2.1-4.0 obarg|2—M2170|,«0000N0000000000,2.0,0.0,,,0.0,0.0,M,L,L,41.68051415511573,0.0,0.0,0,,0.0,0.0,2026-02-04 14:04:21.078,2026-01-28 13:37:40.416
6673,21,1,1317656789,0. СКЛАД - ОСНОВЕН,2.5.4. Вентили,"Пружина TOSACA 4,1-8,0 bar M2215",10147786/050126/2,1785439929539495891,,,«0000N0000000000,2.0,0.0,,,0.0,0.0,M,L,L,43.3,0.0,0.0,0,,0.0,0.0,2026-01-28 13:37:45.822,2026-01-28 13:37:45.822
6673,22,1,1317733310,System - 90kW Volkswagen (59),Кабелни Канали,Вертканел ъгъл понижаващ 60х152mm с неперфориран,290126/1,1785439929539495893,,,«0000N0000000000,2.0,0.0,,,0.0,0.0,M,L,L,16.074958,0.0,0.0,0,,0.0,0.0,2026-02-02 08:35:41.780,2026-02-02 08:35:41.780
6746,0,1,1319851926,0. СКЛАД - ОСНОВЕН,Муфи на резба,Муфа 316L резба 150LBS 3/4“,290126/3,1785439929539495895,,|1—муфа вътр. резба|2—3/4`|5—склад|,«0000N0000000000,0.0,0.0,0.0,0.0,0.0,0.0,M,L,L,0.0,0.0,0.0,0,,0.0,0.0,2026-02-19 12:27:44.730,2026-02-19 12:27:44.730
6746,2,1,1317759880,System - 90kW Volkswagen (59),2.2. Фитинги за заваряване,"Коляно 90° 304L заварка (33,7х2) 1``",10143532/110925/k1`,1785439929539495896,,,«0000N0000000000,61.0,0.0,,,0.0,0.0,M,L,L,2.996159,5.86,5.86,0,,0.0,0.0,2026-01-29 14:24:33.772,2026-01-29 14:24:33.772
6746,3,1,1319853699,0. СКЛАД - ОСНОВЕН,2.2. Фитинги за заваряване,Холендър 316L заварка PTFE 1“,10148677/290126/1,1785439929539495899,,"|1—холендер PTFE ж/ж, BSP|2—1`|5—склад|",«0000N0000000000,0.0,0.0,0.0,0.0,0.0,0.0,M,L,L,17.98,0.0,0.0,0,,0.0,0.0,2026-02-19 12:53:15.842,2026-02-19 12:53:15.842
6746,4,1,1318863280,0. СКЛАД - ОСНОВЕН,2.4. Фланци,Фланец плосък 304 T8 PN16 DN25,10148677/290126/2,1785439929539495900,,,«0000N0000000000,0.0,0.0,0.0,0.0,0.0,0.0,M,L,L,5.4,0.0,0.0,0,,0.0,0.0,2026-02-09 15:11:13.747,2026-02-09 15:11:13.747
6746,5,1,1318456128,System - 90kW Volkswagen (59),"2.7. PP, Месинг, Хром връзки",Коляно PP 90° ф32,171926/050226/2,1785439929539496096,,,«0000N0000000000,10.0,0.0,,,0.0,0.0,M,L,L,0.49000000000000005,0.0,0.0,0,,0.0,0.0,2026-02-05 13:28:14.606,2026-02-05 13:28:14.606
6746,6,1,1319737667,0. СКЛАД - ОСНОВЕН,2.4. Фланци,Уплътнение CF3000 PTFE DN25,10148677/290126/3,1785439929539495901,,|1—уплътнение CF3000 PTFE|2—DN25|5—склад|,«0000N0000000000,0.0,0.0,0.0,0.0,0.0,0.0,M,L,L,1.08,0.0,0.0,0,,0.0,0.0,2026-02-18 09:02:24.872,2026-02-18 09:02:24.872
6746,7,1,1317833215,System - 90kW Volkswagen (59),Сензори,Датчик за температура,082025,1785439929539495902,,,«0000N0000000000,6.0,0.0,,,0.0,0.0,M,L,L,105.67853,0.0,0.0,0,,0.0,0.0,2026-01-30 13:27:17.597,2026-01-30 13:27:17.597
6746,8,1,1317834960,System - 90kW Volkswagen (59),М/Ж резба,Преход 316L резба М/Ж 1/2“х1/4“,10148565/270126/2,1785439929539495903,,|1—преход м/ж|2—1/2х1/4|5—склад|,«0000N0000000000,0.0,0.0,,,0.0,0.0,M,L,L,0.9899999999999999,0.0,0.0,0,,0.0,0.0,2026-01-30 08:24:27.435,2026-01-30 08:24:27.435
6746,9,1,1318833062,0. СКЛАД - ОСНОВЕН,М10,Шайба пружинна vZn М10,340047510/290126/1,1785439929539495905,,,«0000N0000000000,0.0,0.0,0.0,0.0,0.0,0.0,M,L,L,0.01,0.0,0.0,0,,0.0,0.0,2026-02-09 07:56:06.113,2026-02-09 07:56:06.113
6746,10,1,1317835032,System - 10kW Italy,М/Ж резба,Преход 316L резба М/Ж 1/2“х1/4“,10148565/270126/2,1785439929539495904,,|1—преход м/ж|2—1/2х1/4|5—склад|,«0000N0000000000,4.0,0.0,,,0.0,0.0,M,L,L,0.9899999999999999,0.0,0.0,0,,0.0,0.0,2026-01-30 08:24:27.450,2026-01-30 08:24:27.450
6746,11,1,1318833312,0. СКЛАД - ОСНОВЕН,М12,Шайба пружинна vZn М12,340047510/290126/2,1785439929539495906,,,«0000N0000000000,0.0,0.0,0.0,0.0,0.0,0.0,M,L,L,0.015,0.0,0.0,0,,0.0,0.0,2026-02-09 07:59:41.432,2026-02-09 07:59:41.432
6746,12,1,,0. СКЛАД - ОСНОВЕН,Газ анализ - Крепежи,"Винт с вътршен шестостен, А2, М4х10",10549203/270126/1,1785439929539495907,,,«0000N0000000000,20.0,0.0,,,0.0,0.0,M,L,L,0.04,0.0,0.0,0,,0.0,0.0,2026-01-30 10:54:05.947,2026-01-30 10:54:05.947
6746,13,1,,0. СКЛАД - ОСНОВЕН,Газ анализ - Крепежи,"Винт с вътршен шестостен, А2, М4х5",10549203/270126/2,1785439929539495908,,,«0000N0000000000,20.0,0.0,,,0.0,0.0,M,L,L,0.07,0.0,0.0,0,,0.0,0.0,2026-01-30 10:54:12.447,2026-01-30 10:54:12.447
6746,14,1,,0. СКЛАД - ОСНОВЕН,Газ анализ - Крепежи,"Винт с вътршен шестостен, А2, М5х20",10549203/270126/3,1785439929539495909,,,«0000N0000000000,20.0,0.0,,,0.0,0.0,M,L,L,0.07,0.0,0.0,0,,0.0,0.0,2026-01-30 10:54:18.540,2026-01-30 10:54:18.540
6746,15,1,,0. СКЛАД - ОСНОВЕН,Газ анализ - Крепежи,"Винт с вътршен шестостен, А2, М6х30",10549203/270126/4,1785439929539495910,,,«0000N0000000000,50.0,0.0,,,0.0,0.0,M,L,L,0.11,0.0,0.0,0,,0.0,0.0,2026-01-30 10:54:24.696,2026-01-30 10:54:24.696
6746,16,1,,0. СКЛАД - ОСНОВЕН,Газ анализ - Крепежи,"Винт с конусна глава, А2, М4х8",10549203/270126/5,1785439929539495911,,,«0000N0000000000,10.0,0.0,,,0.0,0.0,M,L,L,0.02,0.0,0.0,0,,0.0,0.0,2026-03-26 15:29:16.336,2026-03-26 15:29:16.336
6746,17,1,,0. СКЛАД - ОСНОВЕН,Газ анализ - Крепежи,"Нит-гайка с накат.нам.,цинк, М4/ф6х10",10549203/270126/6,1785439929539495912,,,«0000N0000000000,0.0,0.0,,,0.0,0.0,M,L,L,0.05,0.0,0.0,0,,0.0,0.0,2026-01-30 14:35:46.401,2026-01-30 14:35:46.401
6746,18,1,,0. СКЛАД - ОСНОВЕН,Газ анализ - Крепежи,"Нит-гайка с накат.нам.,цинк, М5/ф7х12",10549203/270126/7,1785439929539495913,,,«0000N0000000000,20.0,0.0,,,0.0,0.0,M,L,L,0.05,0.0,0.0,0,,0.0,0.0,2026-01-30 10:54:42.929,2026-01-30 10:54:42.929
6746,19,1,,0. СКЛАД - ОСНОВЕН,Газ анализ - Крепежи,"Нит-гайка с накат.нам.,цинк, М6/ф9х15",10549203/270126/8,1785439929539495914,,,«0000N0000000000,0.0,0.0,,,0.0,0.0,M,L,L,0.07,0.0,0.0,0,,0.0,0.0,2026-03-27 12:43:10.014,2026-03-27 12:43:10.014
6761,0,1,,0. СКЛАД - ОСНОВЕН,Газ анализ - Крепежи,"Нит-гайка с накат.нам.,цинк, М8/ф11х16",10549203/270126/9,1785439929539495915,,,«0000N0000000000,10.0,0.0,,,0.0,0.0,M,L,L,0.08,0.0,0.0,0,,0.0,0.0,2026-01-30 10:54:58.100,2026-01-30 10:54:58.100
6761,1,1,,0. СКЛАД - ОСНОВЕН,Газ анализ - Крепежи,"Шайба с широка периферия, А2, м8",10549203/270126/10,1785439929539495916,,,«0000N0000000000,10.0,0.0,,,0.0,0.0,M,L,L,0.08,0.0,0.0,0,,0.0,0.0,2026-02-02 09:38:51.864,2026-02-02 09:38:51.864
6761,2,1,,0. СКЛАД - ОСНОВЕН,Газ анализ - Крепежи,"Шайба с широка периферия, А2, м5",10549203/270126/11,1785439929539495917,,,«0000N0000000000,30.0,0.0,,,0.0,0.0,M,L,L,0.02,0.0,0.0,0,,0.0,0.0,2026-01-30 10:55:12.271,2026-01-30 10:55:12.271
6761,3,1,,0. СКЛАД - ОСНОВЕН,Газ анализ - Крепежи,"Шайба с широка периферия, А2, м4",10549203/270126/12,1785439929539495918,,,«0000N0000000000,20.0,0.0,,,0.0,0.0,M,L,L,0.01,0.0,0.0,0,,0.0,0.0,2026-01-30 10:55:18.551,2026-01-30 10:55:18.551
6761,4,1,1317849250,System - 90kW Volkswagen (59),Газ анализ - Крепежи,"Винт с конусна глава, А2, М4х8",10549203/270126/5,1785439929539495919,,,«0000N0000000000,6.0,0.0,,,0.0,0.0,M,L,L,0.02,0.0,0.0,0,,0.0,0.0,2026-01-30 11:49:12.252,2026-01-30 11:49:12.252
6761,5,1,,0. СКЛАД - ОСНОВЕН,Кабелни Канали,Кабелна скара 60х150х3000мм.,476/290126/1,1785439929539495922,,,«0000N0000000000,0.0,0.0,,,0.0,0.0,M,L,L,5.14,0.0,0.0,0,,0.0,0.0,2026-01-30 13:59:01.677,2026-01-30 13:59:01.677
6761,6,1,,0. СКЛАД - ОСНОВЕН,Кабелни Канали,"Ъгъл 90° за каб. скара, 60х152мм",476/290126/2,1785439929539495923,,,«0000N0000000000,0.0,0.0,,,0.0,0.0,M,L,L,10.61,0.0,0.0,0,,0.0,0.0,2026-01-30 13:58:46.677,2026-01-30 13:58:46.677
6761,7,1,,0. СКЛАД - ОСНОВЕН,Кабелни Канали,"Капак за ъгъл 90° за каб. скара, 155,5мм",476/290126/3,1785439929539495924,,,«0000N0000000000,0.0,0.0,,,0.0,0.0,M,L,L,9.99,0.0,0.0,0,,0.0,0.0,2026-01-30 13:58:38.958,2026-01-30 13:58:38.958
6761,8,1,,0. СКЛАД - ОСНОВЕН,5. Устройства,Кондензно котле SA-61 резбово 1/2“,2025000001445/171225/1,1785439929539495930,,,«0000N0000000000,0.0,0.0,,,0.0,0.0,M,L,L,320.0,0.0,0.0,0,,0.0,0.0,2026-01-30 14:21:41.306,2026-01-30 14:21:41.306
6761,9,1,1317858239,System - 90kW Volkswagen (59),Кабелни Канали,"Капак за ъгъл 90° за каб. скара, 155,5мм",476/290126/3,1785439929539495925,,,«0000N0000000000,2.0,0.0,,,0.0,0.0,M,L,L,9.99,0.0,0.0,0,,0.0,0.0,2026-01-30 13:58:38.971,2026-01-30 13:58:38.971
6761,10,1,,0. СКЛАД - ОСНОВЕН,5. Устройства,Кондензно котле SA-61 фланцово 1“,2025000001445/171225/2,1785439929539495931,,,«0000N0000000000,2.0,0.0,,,0.0,0.0,M,L,L,430.0,0.0,0.0,0,,0.0,0.0,2026-03-13 09:36:23.708,2026-03-13 09:36:23.708
6761,11,1,1317858248,System - 90kW Volkswagen (59),Кабелни Канали,"Ъгъл 90° за каб. скара, 60х152мм",476/290126/2,1785439929539495926,,,«0000N0000000000,2.0,0.0,,,0.0,0.0,M,L,L,10.61,0.0,0.0,0,,0.0,0.0,2026-01-30 13:58:46.689,2026-01-30 13:58:46.689
6761,12,1,1317860817,System - 90kW Volkswagen (59),Газ анализ - Крепежи,"Нит-гайка с накат.нам.,цинк, М4/ф6х10",10549203/270126/6,1785439929539495934,,,«0000N0000000000,20.0,0.0,,,0.0,0.0,M,L,L,0.05,0.0,0.0,0,,0.0,0.0,2026-01-30 14:35:46.415,2026-01-30 14:35:46.415
6761,13,1,1317858265,System - 90kW Volkswagen (59),Кабелни Канали,Кабелна скара 60х150х3000мм.,476/290126/1,1785439929539495927,,,«0000N0000000000,3.0,0.0,,,0.0,0.0,M,L,L,5.14,0.0,0.0,0,,0.0,0.0,2026-01-30 13:59:01.688,2026-01-30 13:59:01.688
6761,14,1,1317858296,System - 90kW Volkswagen (59),М12,Шайба пружинна vZn М12,340047510/290126/2,1785439929539495928,,,«0000N0000000000,56.0,0.0,,,0.0,0.0,M,L,L,0.015,0.0,0.0,0,,0.0,0.0,2026-02-06 13:28:35.085,2026-02-06 13:28:35.085
6761,16,1,1317858308,System - 90kW Volkswagen (59),М12,Болт с шест.гл. 8.8 vZn М12х40,10527503/071125/4,1785439929539495929,,|1—болт цинк|2—М12х40|5—склад|,«0000N0000000000,8.0,0.0,,,0.0,0.0,M,L,L,0.14,0.0,0.0,0,,0.0,0.0,2026-01-30 13:59:38.582,2026-01-30 13:59:38.582
6761,17,1,1317859839,System - 10kW Italy,5. Устройства,Кондензно котле SA-61 резбово 1/2“,2025000001445/171225/1,1785439929539495932,,,«0000N0000000000,1.0,0.0,,,0.0,0.0,M,L,L,320.0,0.0,0.0,0,,0.0,0.0,2026-01-30 14:21:41.319,2026-01-30 14:21:41.319
6761,18,1,1319038205,0. СКЛАД - ОСНОВЕН,1.1.1. Части (Електролизьор),Плоча S355 J2+N HRP 2x6 70мм,300126/1,1785439929539495935,,,«0000N0000000000,0.0,0.0,,,0.0,0.0,M,L,L,1819.80382,0.0,0.0,0,,0.0,0.0,2026-02-11 09:06:51.580,2026-02-11 09:06:51.580
6761,19,1,1317859850,System - 90kW Volkswagen (59),5. Устройства,Кондензно котле SA-61 фланцово 1“,2025000001445/171225/2,1785439929539495933,,,«0000N0000000000,0.0,0.0,,,0.0,0.0,M,L,L,430.0,0.0,0.0,0,,0.0,0.0,2026-03-13 09:36:23.693,2026-03-13 09:36:23.693
6761,20,1,1320962483,System - 60kW Brikel (60),1.1.1. Части (Електролизьор),Гумен лист EPDM 6/1200мм,192741/031025,1785439929539495936,,,«0000N0000000000,2.0,0.0,,,0.0,0.0,M,L,L,55.219523169191596,0.0,0.0,0,,0.0,0.0,2026-03-02 14:59:45.582,2026-01-30 14:59:07.299
6771,0,1,1319658756,0. СКЛАД - ОСНОВЕН,1.1.2. Крепежи (Електролизьор),Шпилка 5.5 М56х4,300126/2,1785439929539495937,,,«0000N0000000000,0.0,0.0,0.0,0.0,0.0,0.0,M,L,L,176.9,0.0,0.0,0,,0.0,0.0,2026-02-17 14:06:06.374,2026-02-17 14:06:06.374
6771,1,1,1319658765,0. СКЛАД - ОСНОВЕН,1.1.2. Крепежи (Електролизьор),Шпилка 4.5 М56х4,300126/3,1785439929539495938,,,«0000N0000000000,0.0,0.0,0.0,0.0,0.0,0.0,M,L,L,176.90634,0.0,0.0,0,,0.0,0.0,2026-02-17 14:06:14.217,2026-02-17 14:06:14.217
6771,2,1,1319658741,0. СКЛАД - ОСНОВЕН,1.1.2. Крепежи (Електролизьор),Шайба подложна DIN125A vZn M56,300126/4,1785439929539495939,,,«0000N0000000000,0.0,0.0,0.0,0.0,0.0,0.0,M,L,L,170.438521,0.0,0.0,0,,0.0,0.0,2026-02-17 14:05:52.890,2026-02-17 14:05:52.890
6771,3,1,1318135839,System - 90kW Volkswagen (59),Кабелни Канали,Фуния за кабелна скара напречна 60х150mm,47571/151025/10,1785439929539495941,,,«0000N0000000000,1.0,0.0,,,0.0,0.0,M,L,L,38.305847,0.0,0.0,0,,0.0,0.0,2026-02-02 08:36:05.799,2026-02-02 08:36:05.799
6771,4,1,1317863353,System - 60kW Brikel (60),1.1.2. Крепежи (Електролизьор),Шпилка 5.5 М56х4,300126/2,1785439929539495940,,,«0000N0000000000,5.0,0.0,,,0.0,0.0,M,L,L,176.9,0.0,0.0,0,,0.0,0.0,2026-01-30 15:12:16.707,2026-01-30 15:12:16.707
6771,5,1,1318140060,System - 90kW Volkswagen (59),Газ анализ - Крепежи,"Шайба с широка периферия, А2, м8",10549203/270126/10,1785439929539495942,,,«0000N0000000000,0.0,0.0,,,0.0,0.0,M,L,L,0.08,0.0,0.0,0,,0.0,0.0,2026-02-02 09:38:51.864,2026-02-02 09:38:51.864
6771,6,1,1318140261,System - 90kW Volkswagen (59),М6,Болт с шест.гл. 8.8 vZn М6х35,241025/20,1785439929539495943,,|1—болт цинк|2—М6х35|5—склад|,«0000N0000000000,30.0,0.0,,,0.0,0.0,M,L,L,0.02,0.0,0.0,0,,0.0,0.0,2026-02-02 09:39:46.141,2026-02-02 09:39:46.141
6771,7,1,1318140348,System - 90kW Volkswagen (59),Газ анализ - Арматури,Needle valve - иглен клапан,0005326933,1785439929539495944,,,«0000N0000000000,2.0,0.0,,,0.0,0.0,M,L,L,118.08,0.0,0.0,0,,0.0,0.0,2026-02-02 09:41:01.091,2026-02-02 09:41:01.091
6771,8,1,1318140545,System - 90kW Volkswagen (59),2.5.1. Кранове на фланци,Кран сфер. на фл. 2-части 316L PN40 (Акт) 1 1/2“,1419195/040925/5,1785439929539495945,,,«0000N0000000000,2.0,0.0,,,0.0,0.0,M,L,L,379.755535,0.0,0.0,0,,0.0,0.0,2026-02-02 09:43:51.376,2026-02-02 09:43:51.376
6771,9,1,1318140679,System - 90kW Volkswagen (59),2.4. Фланци,Фланец плосък 304 T8 PN16 DN25,10148677/290126/2,1785439929539495946,,,«0000N0000000000,2.0,0.0,,,0.0,0.0,M,L,L,5.4,0.0,0.0,0,,0.0,0.0,2026-02-02 09:45:47.936,2026-02-02 09:45:47.936
6771,10,1,1318140689,System - 90kW Volkswagen (59),2.4. Фланци,Фланец плосък 304 T10 PN16 DN40,10143532/110925/40,1785439929539495947,,,«0000N0000000000,4.0,0.0,,,0.0,0.0,M,L,L,11.015077999999999,0.0,0.0,0,,0.0,0.0,2026-02-02 09:45:56.061,2026-02-02 09:45:56.061
6771,11,1,1318140842,System - 90kW Volkswagen (59),Газ анализ - Фитинги,MALE CONNECTOR 6MM SWA - 1/8`` NPT,230126/12,1785439929539495948,,,«0000N0000000000,8.0,0.0,,,0.0,0.0,M,L,L,11.45,0.0,0.0,0,,0.0,0.0,2026-02-02 09:48:08.301,2026-02-02 09:48:08.301
6771,12,1,1318140891,System - 90kW Volkswagen (59),Газ анализ - Фитинги,MALE Elbow  6MM SWA – R 1/8``,0004494882,1785439929539495949,,,«0000N0000000000,1.0,0.0,,,0.0,0.0,M,L,L,23.1,0.0,0.0,0,,0.0,0.0,2026-02-02 09:48:50.236,2026-02-02 09:48:50.236
6771,13,1,1318140942,System - 90kW Volkswagen (59),Газ анализ - Фитинги,BULKHEAD UNION 6MM SWA - удължен фитинг,0005235216,1785439929539495950,,,«0000N0000000000,6.0,0.0,,,0.0,0.0,M,L,L,30.57,0.0,0.0,0,,0.0,0.0,2026-03-05 08:31:23.314,2026-03-05 08:31:23.314
6771,14,1,1318140964,System - 90kW Volkswagen (59),2.1. Тръби,"Тръба безшевна 316L 6x1,0",10143532/110925/6x1,1785439929539495951,,,«0000N0000000000,12.0,0.0,,,0.0,0.0,M,L,L,5.051545,0.0,0.0,0,,0.0,0.0,2026-02-02 09:49:53.245,2026-02-02 09:49:53.245
6771,15,1,1318141086,System - 90kW Volkswagen (59),Газ анализ - Крепежи,"Bolted Plastic Clamp Support Kit, 6 mm - скоба",0005315211,1785439929539495952,,,«0000N0000000000,15.0,0.0,,,0.0,0.0,M,L,L,7.43,0.0,0.0,0,,0.0,0.0,2026-03-05 08:31:35.876,2026-03-05 08:31:35.876
6771,16,1,1318141627,System - 90kW Volkswagen (59),Газ анализ - Крепежи,Fixing bracket for DP324,E260004-01/140126/2,1785439929539495953,,,«0000N0000000000,1.0,0.0,,,0.0,0.0,M,L,L,24.16,0.0,0.0,0,,0.0,0.0,2026-02-02 09:59:25.954,2026-02-02 09:59:25.954
6771,17,1,1318141727,System - 90kW Volkswagen (59),Газ анализ - Арматури,Flowmeter and needle valve bracket - крепеж,E260004-01/140126/4,1785439929539495954,,,«0000N0000000000,2.0,0.0,,,0.0,0.0,M,L,L,25.765,0.0,0.0,0,,0.0,0.0,2026-02-02 10:00:52.276,2026-02-02 10:00:52.276
6771,18,1,1318141781,System - 90kW Volkswagen (59),Газ анализ - Сензори,Мeasuring chamber for DPA- измервателна камера,E260004-01/140126/5,1785439929539495955,,,«0000N0000000000,1.0,0.0,,,0.0,0.0,M,L,L,316.56,0.0,0.0,0,,0.0,0.0,2026-02-02 10:01:39.194,2026-02-02 10:01:39.194
6771,20,1,1320962483,System - 90kW Volkswagen (59),Други (Електроника),Ф2.5 21L2K1T25 R42,12345,1785439929539495956,,|1—Ф2.5|2—R42|5—склад|,«0000N0000000000,4.0,0.0,,,0.0,0.0,M,L,L,0.0,0.0,0.0,0,,0.0,0.0,2026-03-04 07:52:00.895,2026-03-04 07:52:00.895
6777,0,1,1320962483,System - 90kW Volkswagen (59),Кабелни Канали,Кабелен канал 60х60mm,1459019996/121125,1785439929539495957,,,«0000N0000000000,10.0,0.0,,,0.0,0.0,M,L,L,8.0988633981481,0.0,0.0,0,,0.0,0.0,2026-03-04 07:52:00.567,2026-03-04 07:52:00.567
6777,1,1,1320962483,System - 90kW Volkswagen (59),Кабелни Канали,Кабелен канал 60х40mm,1459019939/121125/6,1785439929539495958,,,«0000N0000000000,4.0,0.0,,,0.0,0.0,M,L,L,5.746920744645496,0.0,0.0,0,,0.0,0.0,2026-03-04 07:52:00.552,2026-03-04 07:52:00.552
6777,2,1,1320962483,System - 90kW Volkswagen (59),Кабелни Канали,Кабелен канал 60х25mm,1459019939/121125/7,1785439929539495959,,,«0000N0000000000,4.0,0.0,,,0.0,0.0,M,L,L,4.882837465423887,0.0,0.0,0,,0.0,0.0,2026-03-04 07:52:00.536,2026-03-04 07:52:00.536
6777,3,1,1320962483,System - 90kW Volkswagen (59),Клеми,Клемни марк.хор. DY5 1-50 (50 символа),1459019939/121125/1,1785439929539495960,,,«0000N0000000000,2.0,0.0,,,0.0,0.0,M,L,L,1.0941646257599076,0.0,0.0,0,,0.0,0.0,2026-03-04 07:52:00.598,2026-03-04 07:52:00.598
6777,4,1,1320962483,System - 90kW Volkswagen (59),Клеми,Клемни марк.хор. DY5 101-150 (50 символа),1459019939/121125/3,1785439929539495961,,,«0000N0000000000,2.0,0.0,,,0.0,0.0,M,L,L,1.0941646257599076,0.0,0.0,0,,0.0,0.0,2026-03-04 07:52:00.598,2026-03-04 07:52:00.598
6777,5,1,1320962483,System - 90kW Volkswagen (59),Клеми,Клемни марк.хор. DY5 151-200 (50 символа),1459019939/121125/4,1785439929539495962,,,«0000N0000000000,2.0,0.0,,,0.0,0.0,M,L,L,1.0941646257599076,0.0,0.0,0,,0.0,0.0,2026-03-04 07:52:00.614,2026-03-04 07:52:00.614
6777,6,1,1320962483,System - 90kW Volkswagen (59),Клеми,Клемни марк.хор. DY5 51-100 (50 символа),1459019939/121125/2,1785439929539495963,,,«0000N0000000000,2.0,0.0,,,0.0,0.0,M,L,L,1.0941646257599076,0.0,0.0,0,,0.0,0.0,2026-03-04 07:52:00.630,2026-03-04 07:52:00.630
6777,7,1,1320962483,System - 90kW Volkswagen (59),Клеми,Кр. скоба за DIN релса,1459019733/101125/5,1785439929539495964,,,«0000N0000000000,30.0,0.0,,,0.0,0.0,M,L,L,0.276097615845958,0.0,0.0,0,,0.0,0.0,2026-03-04 07:52:00.692,2026-03-04 07:52:00.692
6777,8,1,1320962483,System - 90kW Volkswagen (59),Клеми,"Пр. клема 2,5мм, сива, двуредна, YBK 2,5-2F",1459019554/071125/6,1785439929539495965,,,«0000N0000000000,4.0,0.0,,,0.0,0.0,M,L,L,1.135067976255605,0.0,0.0,0,,0.0,0.0,2026-03-04 07:52:00.755,2026-03-04 07:52:00.755
6777,9,1,1320962483,System - 90kW Volkswagen (59),Клеми,"Пр. клема 2,5мм, сива, двуредна, YBK 2,5-2F",1459019733/101125/2,1785439929539495966,,,«0000N0000000000,70.0,0.0,,,0.0,0.0,M,L,L,1.135067976255605,0.0,0.0,0,,0.0,0.0,2026-03-04 07:52:00.770,2026-03-04 07:52:00.770
6777,10,1,1320962483,System - 90kW Volkswagen (59),Клеми,Крайна секция YBK 2F,1459019733/101125/3,1785439929539495967,,,«0000N0000000000,10.0,0.0,,,0.0,0.0,M,L,L,0.32722680396557985,0.0,0.0,0,,0.0,0.0,2026-03-04 07:52:00.708,2026-03-04 07:52:00.708
6777,11,1,1320962483,System - 90kW Volkswagen (59),Клеми,"Пр. клема триредна, 2,5мм, YBK 2,5-3F",1459019554/071125/7,1785439929539495968,,,«0000N0000000000,4.0,0.0,,,0.0,0.0,M,L,L,1.5798919128963151,0.0,0.0,0,,0.0,0.0,2026-03-04 07:52:00.770,2026-03-04 07:52:00.770
6777,12,1,1320962483,System - 90kW Volkswagen (59),Клеми,"Пр. клема триредна, 2,5мм, YBK 2,5-3F",1459019733/101125/4,1785439929539495969,,,«0000N0000000000,12.0,0.0,,,0.0,0.0,M,L,L,1.5798919128963151,0.0,0.0,0,,0.0,0.0,2026-03-04 07:52:00.786,2026-03-04 07:52:00.786
6777,13,1,1320962483,System - 90kW Volkswagen (59),Клеми,"Пружинна клема, YBK 6mm",1459019733/101125/6,1785439929539495970,,,«0000N0000000000,7.0,0.0,,,0.0,0.0,M,L,L,0.5368564752560294,0.0,0.0,0,,0.0,0.0,2026-03-04 07:52:00.801,2026-03-04 07:52:00.801
6777,14,1,1318143685,System - 90kW Volkswagen (59),Сензори,Сензор за газ H2 GS-220,25070100108,1785439929539495971,,,«0000N0000000000,1.0,0.0,,,0.0,0.0,M,L,L,177.315372,0.0,0.0,0,,0.0,0.0,2026-02-02 10:29:04.995,2026-02-02 10:29:04.995
6777,15,1,1318143691,System - 90kW Volkswagen (59),Други (Електроника),Управление за сензор за газ GA-220,213814/130825,1785439929539495972,,,«0000N0000000000,1.0,0.0,,,0.0,0.0,M,L,L,138.201687,0.0,0.0,0,,0.0,0.0,2026-03-12 13:38:59.989,2026-03-12 13:38:59.989
6777,16,1,1318143948,System - 90kW Volkswagen (59),Други (Електроника),Трансмитер с галванично разделяне,A807.1/09.2025,1785439929539495973,,,«0000N0000000000,1.0,0.0,,,0.0,0.0,M,L,L,113.50638,0.0,0.0,0,,0.0,0.0,2026-03-04 07:52:00.864,2026-03-04 07:52:00.864
6777,17,1,1318143952,System - 90kW Volkswagen (59),Други (Електроника),Трансмитер с галванично разделяне,A807.10/09.2025,1785439929539495974,,,«0000N0000000000,1.0,0.0,,,0.0,0.0,M,L,L,113.50638,0.0,0.0,0,,0.0,0.0,2026-03-04 07:52:00.864,2026-03-04 07:52:00.864
6777,18,1,1318143954,System - 90kW Volkswagen (59),Други (Електроника),Трансмитер с галванично разделяне,A807.11/09.2025,1785439929539495975,,,«0000N0000000000,1.0,0.0,,,0.0,0.0,M,L,L,113.50638,0.0,0.0,0,,0.0,0.0,2026-03-04 07:52:00.864,2026-03-04 07:52:00.864
6777,19,1,1318143957,System - 90kW Volkswagen (59),Други (Електроника),Трансмитер с галванично разделяне,A807.12/09.2025,1785439929539495976,,,«0000N0000000000,1.0,0.0,,,0.0,0.0,M,L,L,113.50638,0.0,0.0,0,,0.0,0.0,2026-03-04 07:52:00.880,2026-03-04 07:52:00.880
6781,0,1,1318541504,System - 90kW Volkswagen (59),Кабели - Сензори,Кабел PUR М12 конектор 10м,28082025/30,1785439929539495977,,"|1—PUR кабел, М12 конектор|2—10 м.|",«0000N0000000000,7.0,0.0,,,0.0,0.0,M,L,L,0.0,0.0,0.0,0,,0.0,0.0,2026-02-06 09:57:40.395,2026-02-06 09:57:00.835
6781,2,1,1320962483,System - 90kW Volkswagen (59),Кабели - Сензори,Кабел PUR М12 конектор 15м,38838/27082025,1785439929539495978,,"|1—PUR кабел, М12 конектор|2—15 м.|",«0000N0000000000,2.0,0.0,,,0.0,0.0,M,L,L,27.899152789352858,54.566,54.566,0,,0.0,0.0,2026-03-02 14:59:45.691,2026-02-02 10:34:05.331
6781,3,1,1318144100,System - 90kW Volkswagen (59),Газ анализ - Сензори,"DP324B-P Dew point analyser, LCD display",E260004-01/140126/1,1785439929539495979,,,«0000N0000000000,1.0,0.0,,,0.0,0.0,M,L,L,1270.6,0.0,0.0,0,,0.0,0.0,2026-02-02 10:35:02.570,2026-02-02 10:35:02.570
6781,4,1,,0. СКЛАД - ОСНОВЕН,Контактори,"Контактор 15kW/32A, 1NO, 230V AC размер 1",1469000887/190126/1,1785439929539495981,,,«0000N0000000000,0.0,0.0,,,0.0,0.0,M,L,L,36.86,0.0,0.0,0,,0.0,0.0,2026-02-02 10:51:47.926,2026-02-02 10:51:47.926
6781,5,1,,0. СКЛАД - ОСНОВЕН,Контактори,"Контактен блок допълнителен 0-1, 2 NO 2 NC",1469000887/190126/2,1785439929539495982,,,«0000N0000000000,0.0,0.0,,,0.0,0.0,M,L,L,6.2,0.0,0.0,0,,0.0,0.0,2026-02-02 10:51:34.302,2026-02-02 10:51:34.302
6781,6,1,1319638165,0. СКЛАД - ОСНОВЕН,Платки - Green Innovation,Платка GI1UZDV8-,20054/220126/1,1785439929539495985,,,«0000N0000000000,0.0,0.0,0.0,0.0,0.0,0.0,M,L,L,4.23,0.0,0.0,0,,0.0,0.0,2026-02-17 09:09:35.452,2026-02-17 09:09:35.452
6781,7,1,1318145247,System - 90kW Volkswagen (59),Контактори,"Контактен блок допълнителен 0-1, 2 NO 2 NC",1469000887/190126/2,1785439929539495983,,,«0000N0000000000,1.0,0.0,,,0.0,0.0,M,L,L,6.2,0.0,0.0,0,,0.0,0.0,2026-03-04 07:52:00.505,2026-03-04 07:52:00.505
6781,8,1,1319638127,0. СКЛАД - ОСНОВЕН,Платки - Green Innovation,Платка GI1PWR02-,20054/220126/2,1785439929539495986,,,«0000N0000000000,0.0,0.0,0.0,0.0,0.0,0.0,M,L,L,4.3,0.0,0.0,0,,0.0,0.0,2026-02-17 09:09:02.298,2026-02-17 09:09:02.298
6781,9,1,1318145263,System - 90kW Volkswagen (59),Контактори,"Контактор 15kW/32A, 1NO, 230V AC размер 1",1469000887/190126/1,1785439929539495984,,,«0000N0000000000,1.0,0.0,,,0.0,0.0,M,L,L,36.86,0.0,0.0,0,,0.0,0.0,2026-03-04 07:52:00.645,2026-03-04 07:52:00.645
6781,10,1,1319638097,0. СКЛАД - ОСНОВЕН,Платки - Green Innovation,Платка GI1LZDV8-,20054/220126/3,1785439929539495987,,,«0000N0000000000,0.0,0.0,0.0,0.0,0.0,0.0,M,L,L,3.31,0.0,0.0,0,,0.0,0.0,2026-02-17 09:08:36.503,2026-02-17 09:08:36.503
6781,11,1,1319638176,0. СКЛАД - ОСНОВЕН,Платки - Green Innovation,Платка HG1LED8,20104/290126,1785439929539495988,,,«0000N0000000000,0.0,0.0,0.0,0.0,0.0,0.0,M,L,L,5.26,0.0,0.0,0,,0.0,0.0,2026-02-17 09:09:44.842,2026-02-17 09:09:44.842
6781,12,1,1319638107,0. СКЛАД - ОСНОВЕН,Платки - Green Innovation,Платка GI1OUT44,20062/230126,1785439929539495989,,,«0000N0000000000,0.0,0.0,0.0,0.0,0.0,0.0,M,L,L,10.23,0.0,0.0,0,,0.0,0.0,2026-02-17 09:08:45.425,2026-02-17 09:08:45.425
6781,13,1,1319636579,0. СКЛАД - ОСНОВЕН,Кабелни Канали,"Кабелна обувка М12, 70мм",1469001851/020226/1,1785439929539495990,,,«0000N0000000000,0.0,0.0,0.0,0.0,0.0,0.0,M,L,L,2.69,0.0,0.0,0,,0.0,0.0,2026-02-17 08:46:44.477,2026-02-17 08:46:44.477
6781,14,1,1319636697,0. СКЛАД - ОСНОВЕН,Клеми,Клема свързващо WAGO 60br. 1x4mm,1469001851/020226/2,1785439929539495991,,,«0000N0000000000,0.0,0.0,0.0,0.0,0.0,0.0,M,L,L,0.36,0.0,0.0,0,,0.0,0.0,2026-02-17 08:48:26.302,2026-02-17 08:48:26.302
6781,15,1,1319638499,0. СКЛАД - ОСНОВЕН,2. Корпуси,"Табло с 2 врати, 1200х1200х300",1469001851/020226/3,1785439929539495992,,,«0000N0000000000,0.0,0.0,0.0,0.0,0.0,0.0,M,L,L,369.63,0.0,0.0,0,,0.0,0.0,2026-02-17 09:14:23.141,2026-02-17 09:14:23.141
6781,16,1,1319658341,0. СКЛАД - ОСНОВЕН,Шини (Електроника),DIN-релса за модулна апаратура перфорирана 2m,1469001851/020226/4,1785439929539495993,,,«0000N0000000000,0.0,0.0,0.0,0.0,0.0,0.0,M,L,L,1.655,0.0,0.0,0,,0.0,0.0,2026-02-17 14:00:06.630,2026-02-17 14:00:06.630
6781,17,1,1319636566,0. СКЛАД - ОСНОВЕН,Кабелни Канали,Кабелен канал 60х60mm,1469001851/020226/5,1785439929539495994,,,«0000N0000000000,0.0,0.0,0.0,0.0,0.0,0.0,M,L,L,8.1,0.0,0.0,0,,0.0,0.0,2026-02-17 08:46:33.072,2026-02-17 08:46:33.072
6781,18,1,1319636526,0. СКЛАД - ОСНОВЕН,Шрак техник ЕООД,Кабелен канал  40x40mm,1469001851/020226/6,1785439929539495995,,,«0000N0000000000,0.0,0.0,0.0,0.0,0.0,0.0,M,L,L,4.57,0.0,0.0,0,,0.0,0.0,2026-02-17 08:45:58.512,2026-02-17 08:45:58.512
6781,19,1,1319636404,0. СКЛАД - ОСНОВЕН,2. Консумативи,Джоб за докумнти,1469001851/020226/7,1785439929539495996,,,«0000N0000000000,0.0,0.0,0.0,0.0,0.0,0.0,M,L,L,2.63,0.0,0.0,0,,0.0,0.0,2026-02-17 08:44:13.332,2026-02-17 08:44:13.332
6781,20,1,1319638248,0. СКЛАД - ОСНОВЕН,Клеми,"Пр. клема 2,5мм, сива, двуредна, YBK 2,5-2F",1469001851/020226/8,1785439929539495997,,,«0000N0000000000,0.0,0.0,0.0,0.0,0.0,0.0,M,L,L,1.16,0.0,0.0,0,,0.0,0.0,2026-02-17 09:10:46.854,2026-02-17 09:10:46.854
6790,0,1,1319637396,0. СКЛАД - ОСНОВЕН,Клеми,Крайна секция YBK 2F,1469001851/020226/9,1785439929539495998,,,«0000N0000000000,0.0,0.0,0.0,0.0,0.0,0.0,M,L,L,0.34,0.0,0.0,0,,0.0,0.0,2026-02-17 08:58:30.464,2026-02-17 08:58:30.464
6790,1,1,1319637377,0. СКЛАД - ОСНОВЕН,Клеми,Кр. скоба за DIN релса,1469001851/020226/10,1785439929539495999,,,«0000N0000000000,0.0,0.0,0.0,0.0,0.0,0.0,M,L,L,0.28,0.0,0.0,0,,0.0,0.0,2026-02-17 08:58:14.465,2026-02-17 08:58:14.465
6790,2,1,1319638264,0. СКЛАД - ОСНОВЕН,Клеми,"Пр. клема триредна, 2,5мм, YBK 2,5-3F",1469001851/020226/11,1785439929539496000,,,«0000N0000000000,0.0,0.0,0.0,0.0,0.0,0.0,M,L,L,1.61,0.0,0.0,0,,0.0,0.0,2026-02-17 09:11:00.807,2026-02-17 09:11:00.807
6790,3,1,1319636618,0. СКЛАД - ОСНОВЕН,Клеми,Клемни марк.хор. DY5 1-50 (50 символа),1469001851/020226/12,1785439929539496001,,,«0000N0000000000,0.0,0.0,0.0,0.0,0.0,0.0,M,L,L,1.12,0.0,0.0,0,,0.0,0.0,2026-02-17 08:47:18.553,2026-02-17 08:47:18.553
6790,4,1,1319636665,0. СКЛАД - ОСНОВЕН,Клеми,Клемни марк.хор. DY5 51-100 (50 символа),1469001851/020226/13,1785439929539496002,,,«0000N0000000000,0.0,0.0,0.0,0.0,0.0,0.0,M,L,L,1.12,0.0,0.0,0,,0.0,0.0,2026-02-17 08:47:59.038,2026-02-17 08:47:59.038
6790,5,1,1319636636,0. СКЛАД - ОСНОВЕН,Клеми,Клемни марк.хор. DY5 101-150 (50 символа),1469001851/020226/14,1785439929539496003,,,«0000N0000000000,0.0,0.0,0.0,0.0,0.0,0.0,M,L,L,1.12,0.0,0.0,0,,0.0,0.0,2026-02-17 08:47:33.833,2026-02-17 08:47:33.833
6790,6,1,1319636650,0. СКЛАД - ОСНОВЕН,Клеми,Клемни марк.хор. DY5 151-200 (50 символа),1469001851/020226/15,1785439929539496004,,,«0000N0000000000,0.0,0.0,0.0,0.0,0.0,0.0,M,L,L,1.12,0.0,0.0,0,,0.0,0.0,2026-02-17 08:47:45.803,2026-02-17 08:47:45.803
6790,7,1,1319636367,0. СКЛАД - ОСНОВЕН,Клеми,Клема винтова 6mm AVK6 сива,1469001851/020226/16,1785439929539496005,,,«0000N0000000000,0.0,0.0,0.0,0.0,0.0,0.0,M,L,L,0.39,0.0,0.0,0,,0.0,0.0,2026-02-17 08:43:41.584,2026-02-17 08:43:41.584
6790,8,1,1319637349,0. СКЛАД - ОСНОВЕН,Клеми,"Крайна секция за клеми 2,5-10мм сива",1469001851/020226/17,1785439929539496006,,,«0000N0000000000,0.0,0.0,0.0,0.0,0.0,0.0,M,L,L,0.21,0.0,0.0,0,,0.0,0.0,2026-02-17 08:57:49.842,2026-02-17 08:57:49.842
6790,9,1,1319636346,0. СКЛАД - ОСНОВЕН,Клеми,"Клема винтова 2,5mm AVK2,5 синя",1469001851/020226/18,1785439929539496007,,,«0000N0000000000,0.0,0.0,0.0,0.0,0.0,0.0,M,L,L,0.29,0.0,0.0,0,,0.0,0.0,2026-02-17 08:43:24.054,2026-02-17 08:43:24.054
6790,10,1,1319636394,0. СКЛАД - ОСНОВЕН,Клеми,"Клема винтова заземителна 2,5-4mm AVK2,5/4Т",1469001851/020226/19,1785439929539496008,,,«0000N0000000000,0.0,0.0,0.0,0.0,0.0,0.0,M,L,L,1.12,0.0,0.0,0,,0.0,0.0,2026-02-17 08:44:04.786,2026-02-17 08:44:04.786
6790,11,1,1319636335,0. СКЛАД - ОСНОВЕН,Клеми,"Клема винтове 2,5mm AVK2,5 сива",1469001851/020226/20,1785439929539496009,,,«0000N0000000000,0.0,0.0,0.0,0.0,0.0,0.0,M,L,L,0.27,0.0,0.0,0,,0.0,0.0,2026-02-17 08:43:14.258,2026-02-17 08:43:14.258
6790,12,1,1319558850,0. СКЛАД - ОСНОВЕН,"Прекъсвачи, Предпазители",Прекъсвач мин. AMPARO 6kA C 32А 1P,1469001851/020226/21,1785439929539496010,,,«0000N0000000000,0.0,0.0,0.0,0.0,0.0,0.0,M,L,L,1.91,0.0,0.0,0,,0.0,0.0,2026-02-16 14:07:26.710,2026-02-16 14:07:26.710
6790,13,1,1319636305,0. СКЛАД - ОСНОВЕН,"Прекъсвачи, Предпазители",Прекъсвач мин. AMPARO 6kA C 6A 1P,1469001851/020226/22,1785439929539496011,,,«0000N0000000000,0.0,0.0,0.0,0.0,0.0,0.0,M,L,L,2.06,0.0,0.0,0,,0.0,0.0,2026-02-17 08:42:48.166,2026-02-17 08:42:48.166
6790,14,1,1319637332,0. СКЛАД - ОСНОВЕН,Други (Електроника),"Контакт за DIN релса, 16А",1469001851/020226/23,1785439929539496012,,,«0000N0000000000,0.0,0.0,0.0,0.0,0.0,0.0,M,L,L,3.46,0.0,0.0,0,,0.0,0.0,2026-02-17 08:57:34.843,2026-02-17 08:57:34.843
6790,15,1,1319633997,0. СКЛАД - ОСНОВЕН,Контактори,"Контактор 7,5kW/15A, AC-3, 1NO, 230V AC размер 0",1469001851/020226/24,1785439929539496013,,,«0000N0000000000,0.0,0.0,0.0,0.0,0.0,0.0,M,L,L,17.03,0.0,0.0,0,,0.0,0.0,2026-02-17 08:09:33.415,2026-02-17 08:09:33.415
6790,16,1,1319638622,0. СКЛАД - ОСНОВЕН,Релета,Реле термично 4 - 6А размер 0,1469001851/020226/25,1785439929539496014,,,«0000N0000000000,0.0,0.0,0.0,0.0,0.0,0.0,M,L,L,17.76,0.0,0.0,0,,0.0,0.0,2026-02-17 09:16:09.650,2026-02-17 09:16:09.650
6790,17,1,1319638599,0. СКЛАД - ОСНОВЕН,Релета,Реле термично за контактор 12 - 16А размер 0,1469001851/020226/26,1785439929539496015,,,«0000N0000000000,0.0,0.0,0.0,0.0,0.0,0.0,M,L,L,20.65,0.0,0.0,0,,0.0,0.0,2026-02-17 09:15:49.963,2026-02-17 09:15:49.963
6790,18,1,1319633977,0. СКЛАД - ОСНОВЕН,Контактори,"Контактор 15kW/32A, 1NO, 230V AC размер 1",1469001851/020226/27,1785439929539496016,,,«0000N0000000000,0.0,0.0,0.0,0.0,0.0,0.0,M,L,L,36.86,0.0,0.0,0,,0.0,0.0,2026-02-17 08:09:16.385,2026-02-17 08:09:16.385
6790,19,1,1319636293,0. СКЛАД - ОСНОВЕН,"Прекъсвачи, Предпазители",Прекъсвач мин. AMPARO 6kA C 32А 3P,1469001851/020226/28,1785439929539496017,,,«0000N0000000000,0.0,0.0,0.0,0.0,0.0,0.0,M,L,L,6.37,0.0,0.0,0,,0.0,0.0,2026-02-17 08:42:38.058,2026-02-17 08:42:38.058
6798,0,1,1319639044,0. СКЛАД - ОСНОВЕН,"Прекъсвачи, Предпазители",Прекъсвач мин.авт. AMPARO 10kA D 25A 3P,1469001851/020226/29,1785439929539496018,,,«0000N0000000000,0.0,0.0,0.0,0.0,0.0,0.0,M,L,L,10.67,0.0,0.0,0,,0.0,0.0,2026-02-17 09:22:14.424,2026-02-17 09:22:14.424
6798,1,1,1319639025,0. СКЛАД - ОСНОВЕН,"Прекъсвачи, Предпазители",Прекъсвач мин.авт. AMPARO 10kA D 16A 3P,1469001851/020226/30,1785439929539496019,,,«0000N0000000000,0.0,0.0,0.0,0.0,0.0,0.0,M,L,L,10.49,0.0,0.0,0,,0.0,0.0,2026-02-17 09:21:58.331,2026-02-17 09:21:58.331
6798,3,1,1319639005,0. СКЛАД - ОСНОВЕН,"Прекъсвачи, Предпазители","Прекъсвач (MCB 10kA,  D10/3)",1469001851/020226/31,1785439929539496020,,|1—прекъсвач|5—склад|,«0000N0000000000,0.0,0.0,0.0,0.0,0.0,0.0,M,L,L,10.49,0.0,0.0,0,,0.0,0.0,2026-02-17 09:21:40.817,2026-02-17 09:21:40.817
6798,4,1,1319636318,0. СКЛАД - ОСНОВЕН,Шини (Електроника),"Гребен разпределителен, виличен, 3P, 1m, 10mm",1469001851/020226/32,1785439929539496021,,,«0000N0000000000,0.0,0.0,0.0,0.0,0.0,0.0,M,L,L,16.01,0.0,0.0,0,,0.0,0.0,2026-02-17 08:42:59.775,2026-02-17 08:42:59.775
6798,5,1,1319638762,0. СКЛАД - ОСНОВЕН,Релета,"Цокъл за реле RS/PT5 4CO, винт.кл. 10А",1469001851/020226/33,1785439929539496022,,,«0000N0000000000,0.0,0.0,0.0,0.0,0.0,0.0,M,L,L,1.86,0.0,0.0,0,,0.0,0.0,2026-02-17 09:18:11.094,2026-02-17 09:18:11.094
6798,6,1,1319638778,0. СКЛАД - ОСНОВЕН,Шини (Електроника),"Шина нулева/земя месинг. 166 изх., 1m, 10mm, 40А",1469001851/020226/34,1785439929539496023,,,«0000N0000000000,0.0,0.0,0.0,0.0,0.0,0.0,M,L,L,14.67,0.0,0.0,0,,0.0,0.0,2026-02-17 09:18:24.594,2026-02-17 09:18:24.594
6798,7,1,1319636684,0. СКЛАД - ОСНОВЕН,Клеми,"Клема за шина 10mm 1,5-16mm 65A",1469001851/020226/35,1785439929539496024,,,«0000N0000000000,0.0,0.0,0.0,0.0,0.0,0.0,M,L,L,0.8699999999999999,0.0,0.0,0,,0.0,0.0,2026-02-17 08:48:15.069,2026-02-17 08:48:15.069
6798,8,1,1319637518,0. СКЛАД - ОСНОВЕН,Кабели - Мрежови,"Кабел пач RJ45 екр. Cat.6 сив 0,5м",1469001851/020226/36,1785439929539496025,,,«0000N0000000000,0.0,0.0,0.0,0.0,0.0,0.0,M,L,L,0.92,0.0,0.0,0,,0.0,0.0,2026-02-17 09:00:15.613,2026-02-17 09:00:15.613
6798,9,1,1319637529,0. СКЛАД - ОСНОВЕН,Кабели - Мрежови,"Кабел пач RJ45 екр. Cat.6 сив 1,0м",1469001851/020226/37,1785439929539496026,,,«0000N0000000000,0.0,0.0,0.0,0.0,0.0,0.0,M,L,L,1.12,0.0,0.0,0,,0.0,0.0,2026-02-17 09:00:25.331,2026-02-17 09:00:25.331
6798,10,1,1319057104,0. СКЛАД - ОСНОВЕН,Шрак техник ЕООД,Кабелна превръзка бяла 2.5х96,1469001851/020226/38,1785439929539496027,,,«0000N0000000000,0.0,0.0,0.0,0.0,0.0,0.0,M,L,L,0.01,0.0,0.0,0,,0.0,0.0,2026-02-11 13:42:18.661,2026-02-11 13:42:18.661
6798,11,1,1319638613,0. СКЛАД - ОСНОВЕН,Релета,Реле термично за контактор 24 - 32А размер 1,1469001851/020226/39,1785439929539496028,,,«0000N0000000000,0.0,0.0,0.0,0.0,0.0,0.0,M,L,L,35.2,0.0,0.0,0,,0.0,0.0,2026-02-17 09:16:01.713,2026-02-17 09:16:01.713
6798,12,1,1319636492,0. СКЛАД - ОСНОВЕН,Кабелни Канали,Кабелен канал 40x25mm,1469001851/020226/40,1785439929539496029,,,«0000N0000000000,0.0,0.0,0.0,0.0,0.0,0.0,M,L,L,3.62,0.0,0.0,0,,0.0,0.0,2026-02-17 08:45:29.187,2026-02-17 08:45:29.187
6798,13,1,1318862234,System - 60kW Brikel (60),1.2.2 Съдове (Очиска),Демистър 4“,090226/5,1785439929539496115,,|137—5 часа и 33  мин|,«0000N0000000000,4.0,0.0,,,0.0,0.0,M,L,L,149.42000000000002,0.0,0.0,0,,0.0,0.0,2026-02-09 14:56:10.086,2026-02-09 14:56:10.086
6798,14,1,1318837311,0. СКЛАД - ОСНОВЕН,М8,Шайба с широка периферия vZn М8,0340047549/020226/1,1785439929539496030,,|1—широка шайба цинк|2—М8|5—склад|,«0000N0000000000,0.0,0.0,0.0,0.0,0.0,0.0,M,L,L,0.0164,0.0,0.0,0,,0.0,0.0,2026-02-09 08:57:16.511,2026-02-09 08:57:16.511
6798,15,1,1318837196,0. СКЛАД - ОСНОВЕН,М8,Шпилка 4.8 vZn М8х2000,0340047549/020226/2,1785439929539496031,,,«0000N0000000000,0.0,0.0,0.0,0.0,0.0,0.0,M,L,L,1.08,0.0,0.0,0,,0.0,0.0,2026-02-09 08:55:37.438,2026-02-09 08:55:37.438
6798,17,1,1320962483,System - 90kW Volkswagen (59),М6,Болт с шест.гл. 8.8 vZn М6х16,241025/19,1785439929539496032,,|1—болт цинк|2—М6х16|5—склад|,«0000N0000000000,5.0,0.0,,,0.0,0.0,M,L,L,0.0,0.0,0.0,0,,0.0,0.0,2026-03-02 14:59:45.753,2026-02-02 13:43:24.831
6798,19,1,1318157193,System - 90kW Volkswagen (59),М6,Гайка шест. 8 vZn М6,031025/2,1785439929539496033,,|1—гайка|2—М6|5—склад|,«0000N0000000000,5.0,0.0,,,0.0,0.0,M,L,L,0.03,0.0,0.0,0,,0.0,0.0,2026-02-02 13:43:35.944,2026-02-02 13:43:35.944
6798,21,1,1320962483,System - 90kW Volkswagen (59),М6,Шайба пружинна vZn М6,241025/24,1785439929539496034,,|1—федер шайба цинк|2—М6|5—склад|,«0000N0000000000,5.0,0.0,,,0.0,0.0,M,L,L,0.0,0.0,0.0,0,,0.0,0.0,2026-03-02 14:59:45.753,2026-02-02 13:43:43.959
6798,22,1,1318836633,0. СКЛАД - ОСНОВЕН,Винтове,Винт 4.8 vZn М4х30,020226/1,1785439929539496036,,,«0000N0000000000,0.0,0.0,0.0,0.0,0.0,0.0,M,L,L,0.03,0.0,0.0,0,,0.0,0.0,2026-02-09 08:47:31.147,2026-02-09 08:47:31.147
6798,23,1,1318157380,System - 90kW Volkswagen (59),Кабелни Канали,Кабелен канал 40x25mm,1469001851/020226/40,1785439929539496035,,,«0000N0000000000,3.0999999999999996,0.0,,,0.0,0.0,M,L,L,3.62,0.0,0.0,0,,0.0,0.0,2026-03-04 07:52:00.536,2026-03-04 07:52:00.536
6796,0,1,1318836625,0. СКЛАД - ОСНОВЕН,Винтове,Винт 4.8 vZn М4х12,020226/2,1785439929539496037,,,«0000N0000000000,0.0,0.0,0.0,0.0,0.0,0.0,M,L,L,0.02,0.0,0.0,0,,0.0,0.0,2026-02-09 08:47:24.210,2026-02-09 08:47:24.210
6796,1,1,1318836663,0. СКЛАД - ОСНОВЕН,Винтове,"Винт самопробивен ф4,8х50",0010479589/050526,1785439929539496039,,,«0000N0000000000,0.0,0.0,0.0,0.0,0.0,0.0,M,L,L,0.03,0.0,0.0,0,,0.0,0.0,2026-02-09 08:47:57.176,2026-02-09 08:47:57.176
6796,2,1,1319853449,0. СКЛАД - ОСНОВЕН,Тапи на резба,Тапа 316L резба 1 1/4“,020226/5,1785439929539496041,,|1—хексагонална тапа|2—1.25|5—склад|,«0000N0000000000,0.0,0.0,0.0,0.0,0.0,0.0,M,L,L,0.0,0.0,0.0,0,,0.0,0.0,2026-02-19 12:49:40.326,2026-02-19 12:49:40.326
6796,3,1,1319853477,0. СКЛАД - ОСНОВЕН,Тапи на резба,Тапа 316L резба 2“,020226/6,1785439929539496042,,|1—хексагонална тапа|2—2`|5—склад|,«0000N0000000000,0.0,0.0,0.0,0.0,0.0,0.0,M,L,L,0.0,0.0,0.0,0,,0.0,0.0,2026-02-19 12:50:04.168,2026-02-19 12:50:04.168
6796,4,1,1318240155,System - 90kW Volkswagen (59),7. Кабели,"Кабел ШВПЛ-Б 2х0,5, бял",8378/070126/6,1785439929539496043,,,«0000N0000000000,25.0,0.0,,,0.0,0.0,M,L,L,0.27,0.0,0.0,0,,0.0,0.0,2026-02-03 09:38:14.792,2026-02-03 09:38:14.792
6796,5,1,1318242004,System - 90kW Volkswagen (59),М8,Шайба с широка периферия vZn М8,0340047549/020226/1,1785439929539496044,,|1—широка шайба цинк|2—М8|5—склад|,«0000N0000000000,5.0,0.0,,,0.0,0.0,M,L,L,0.0164,0.0,0.0,0,,0.0,0.0,2026-02-03 10:07:28.513,2026-02-03 10:07:28.513
6796,6,1,1320962483,System - 90kW Volkswagen (59),М16,Шайба пружинна-федер vZn М16,241025/1,1785439929539496047,,|1—федер шайба цинк|2—М16|5—склад|,«0000N0000000000,16.0,0.0,,,0.0,0.0,M,L,L,0.0,0.0,0.0,0,,0.0,0.0,2026-03-02 14:59:45.769,2026-02-03 10:40:47.674
6796,8,1,1318244512,System - 90kW Volkswagen (59),М16,Шайба подложна vZn М16,10524822/311025/5,1785439929539496048,,|1—шайба цинк|2—М16|5—склад|,«0000N0000000000,16.0,0.0,,,0.0,0.0,M,L,L,0.025921999999999997,0.0,0.0,0,,0.0,0.0,2026-02-03 10:40:58.783,2026-02-03 10:40:58.783
6796,9,1,1320962483,System - 90kW Volkswagen (59),М10,Болт с шест.гл. 8.8 vZn М10х40,10527503/071125/8,1785439929539496049,,|1—болт цинк|2—М10х40|5—склад|,«0000N0000000000,4.0,0.0,,,0.0,0.0,M,L,L,0.08553913172412736,0.0,0.0,0,,0.0,0.0,2026-03-02 14:59:45.769,2026-02-03 12:35:53.651
6796,11,1,1320962483,System - 90kW Volkswagen (59),М10,Гайка шест. 8 vZn М10,241025/7,1785439929539496050,,|1—гайка цинк|2—М10|5—склад|,«0000N0000000000,4.0,0.0,,,0.0,0.0,M,L,L,0.0,0.0,0.0,0,,0.0,0.0,2026-03-02 14:59:45.785,2026-02-03 12:36:44.962
6796,12,1,1318252699,System - 90kW Volkswagen (59),М10,Шайба пружинна vZn М10,340047510/290126/1,1785439929539496051,,,«0000N0000000000,4.0,0.0,,,0.0,0.0,M,L,L,0.01,0.0,0.0,0,,0.0,0.0,2026-02-03 12:38:53.194,2026-02-03 12:38:53.194
6796,14,1,1320962483,System - 90kW Volkswagen (59),М10,Шайба подложна vZn М10,241025/8,1785439929539496052,,|1—шайба цинк|2—М10|5—склад|,«0000N0000000000,8.0,0.0,,,0.0,0.0,M,L,L,0.0,0.0,0.0,0,,0.0,0.0,2026-03-02 14:59:45.785,2026-02-03 12:39:31.901
6796,15,1,1318255201,System - 90kW Volkswagen (59),Кабелни Канали,Кабелна скара 60х150х3000мм.,47914/041125/2,1785439929539496053,,,«0000N0000000000,1.0,0.0,,,0.0,0.0,M,L,L,4.985078,0.0,0.0,0,,0.0,0.0,2026-02-03 13:14:53.958,2026-02-03 13:14:53.958
6796,16,1,1319856381,0. СКЛАД - ОСНОВЕН,Холендри на резба,Холендър 316L резба М/Ж 150LBS 2“,020226/7,1785439929539496054,,|1—холендер вътр./вън. резба|2—2`|5—склад|,«0000N0000000000,0.0,0.0,0.0,0.0,0.0,0.0,M,L,L,0.0,0.0,0.0,0,,0.0,0.0,2026-02-19 13:31:52.937,2026-02-19 13:31:52.937
6796,17,1,1319856388,0. СКЛАД - ОСНОВЕН,Холендри на резба,Холендър 316L резба вътрешна PTFE 150LBS 1 1/2“,020226/9,1785439929539496055,,|1—холендер с PTFE|2—1.5|5—склад|,«0000N0000000000,0.0,0.0,0.0,0.0,0.0,0.0,M,L,L,0.0,0.0,0.0,0,,0.0,0.0,2026-02-19 13:31:59.593,2026-02-19 13:31:59.593
6796,19,1,1319856396,0. СКЛАД - ОСНОВЕН,Холендри на резба,Холендър 316L резба вътрешна PTFE 150LBS 2“,020226/10,1785439929539496056,,|1—холендер с PTFE|2—2`|5—склад|,«0000N0000000000,0.0,0.0,0.0,0.0,0.0,0.0,M,L,L,0.0,0.0,0.0,0,,0.0,0.0,2026-02-19 13:32:06.655,2026-02-19 13:32:06.655
6796,20,1,1319853717,0. СКЛАД - ОСНОВЕН,Холендри на резба,Холендър 316L резба вътрешна PTFE 150LBS 1“,020226/11,1785439929539496057,,|1—холендер вътр.резба PTFE|2—1`|5—склад|,«0000N0000000000,0.0,0.0,0.0,0.0,0.0,0.0,M,L,L,13.5,0.0,0.0,0,,0.0,0.0,2026-02-19 12:53:31.419,2026-02-19 12:53:31.419
6796,22,1,,0. СКЛАД - ОСНОВЕН,Кабели - Мрежови,Свързващ кабел с конектор,40428/270126/2,1785439929539496059,,,«0000N0000000000,0.0,0.0,,,0.0,0.0,M,L,L,32.09,0.0,0.0,0,,0.0,0.0,2026-03-02 09:03:12.253,2026-03-02 09:03:12.253
6796,23,1,,0. СКЛАД - ОСНОВЕН,ИФМ,Заваръчен адаптер за процесни сензори,40428/270126/3,1785439929539496060,,,«0000N0000000000,0.0,0.0,,,0.0,0.0,M,L,L,37.83,0.0,0.0,0,,0.0,0.0,2026-03-02 09:03:03.863,2026-03-02 09:03:03.863
6796,24,1,1320962483,Неактивен 1,М6,Шайба подложна vZn М6,031025/1,1785439929539496063,,|1—шайба цинк|2—М6|5—склад|,«0000N0000000000,64.0,0.0,,,0.0,0.0,M,L,L,0.005112918811962185,0.0,0.0,0,,0.0,0.0,2026-03-02 14:59:45.800,2026-02-04 09:13:09.923
6821,0,1,1319852080,0. СКЛАД - ОСНОВЕН,Вътрешна резба,Преход 316L резба вътрешна 150LBS 3/4“х1/2“,030226/1,1785439929539496064,,|1—муфа намалител|2—3/4х1/2|5—склад|,«0000N0000000000,0.0,0.0,0.0,0.0,0.0,0.0,M,L,L,0.0,0.0,0.0,0,,0.0,0.0,2026-02-19 12:29:57.651,2026-02-19 12:29:57.651
6821,1,1,1320237767,System - 90kW Volkswagen (59),Газ анализ - Сензори,Анализатор на общозапалими вещества Sirius 8866,E250569/222,1785439929539496212,,|1—Анализатор на общозапалими вещества|5—склад|,«0000N0000000000,1.0,0.0,,,0.0,0.0,M,L,L,3033.6,0.0,0.0,0,,0.0,0.0,2026-02-23 09:03:51.574,2026-02-23 09:03:51.574
6821,2,1,1319852095,0. СКЛАД - ОСНОВЕН,Вътрешна резба,Преход 316L резба вътрешна 150LBS 3/8“х1/4“,030226/2,1785439929539496065,,|1—муфа намалител|2—3/8х1/4|5—склад|,«0000N0000000000,0.0,0.0,0.0,0.0,0.0,0.0,M,L,L,0.9612287366488907,0.0,0.0,0,,0.0,0.0,2026-02-19 12:30:10.978,2026-02-19 12:30:10.978
6821,3,1,1318346567,System - 60kW Brikel (60),Сензори,Сензор за газ H2 GS-220,25070100096,1785439929539496071,,,«0000N0000000000,0.0,0.0,,,0.0,0.0,M,L,L,177.315372,0.0,0.0,0,,0.0,0.0,2026-02-04 11:31:22.363,2026-02-04 11:31:22.363
6821,4,1,1318360457,System - 90kW Volkswagen (59),Кабели - Захранващи,Кабел 70мм HO7V-K черен,215187/300126/2,1785439929539496072,,,«0000N0000000000,70.0,0.0,,,0.0,0.0,M,L,L,9.919,0.0,0.0,0,,0.0,0.0,2026-02-04 14:30:35.806,2026-02-04 14:30:35.806
6821,5,1,1318360529,System - 90kW Volkswagen (59),Кабели - Захранващи,Кабел 70мм HO7V-K червен,215187/300126/1,1785439929539496073,,,«0000N0000000000,49.0,0.0,,,0.0,0.0,M,L,L,9.919,0.0,0.0,0,,0.0,0.0,2026-02-04 14:31:37.473,2026-02-04 14:31:37.473
6821,6,1,,0. СКЛАД - ОСНОВЕН,Сензори,Пожароизвестител оптично-димен,1841860/1,1785439929539496074,,,«0000N0000000000,1.0,0.0,,,0.0,0.0,M,M,M,42.084,0.0,0.0,0,,0.0,0.0,2026-02-05 08:33:06.078,2026-02-05 08:33:06.078
6821,7,1,,0. СКЛАД - ОСНОВЕН,Сензори,Пожароизвестител оптично-димен,1841860/2,1785439929539496075,,,«0000N0000000000,1.0,0.0,,,0.0,0.0,M,M,M,42.084,0.0,0.0,0,,0.0,0.0,2026-02-05 07:50:53.742,2026-02-05 07:50:53.742
6821,9,1,,0. СКЛАД - ОСНОВЕН,Сензори,Пожароизвестител оптично-димен,1841860/3,1785439929539496076,,,«0000N0000000000,1.0,0.0,,,0.0,0.0,M,M,M,42.084,0.0,0.0,0,,0.0,0.0,2026-02-05 07:50:53.773,2026-02-05 07:50:53.773
6821,10,1,,0. СКЛАД - ОСНОВЕН,Сензори,Пожароизвестител оптично-димен,1841860/4,1785439929539496077,,,«0000N0000000000,1.0,0.0,,,0.0,0.0,M,M,M,42.084,0.0,0.0,0,,0.0,0.0,2026-02-05 07:50:53.805,2026-02-05 07:50:53.805
6821,11,1,,0. СКЛАД - ОСНОВЕН,Сензори,Пожароизвестител оптично-димен,1841860/5,1785439929539496078,,,«0000N0000000000,1.0,0.0,,,0.0,0.0,M,M,M,42.084,0.0,0.0,0,,0.0,0.0,2026-02-05 07:50:53.820,2026-02-05 07:50:53.820
6821,12,1,,0. СКЛАД - ОСНОВЕН,Сензори,Пожароизвестител оптично-димен,1841860/6,1785439929539496079,,,«0000N0000000000,1.0,0.0,,,0.0,0.0,M,M,M,42.084,0.0,0.0,0,,0.0,0.0,2026-02-05 07:50:53.851,2026-02-05 07:50:53.851
6821,13,1,,0. СКЛАД - ОСНОВЕН,Сензори,Пожароизвестител оптично-димен,1841860/7,1785439929539496080,,,«0000N0000000000,1.0,0.0,,,0.0,0.0,M,M,M,42.084,0.0,0.0,0,,0.0,0.0,2026-02-05 07:50:53.883,2026-02-05 07:50:53.883
6821,14,1,,0. СКЛАД - ОСНОВЕН,Сензори,Пожароизвестител оптично-димен,1841860/8,1785439929539496081,,,«0000N0000000000,1.0,0.0,,,0.0,0.0,M,M,M,42.084,0.0,0.0,0,,0.0,0.0,2026-02-05 07:50:53.898,2026-02-05 07:50:53.898
6821,16,1,1318435619,System - 90kW Volkswagen (59),Сензори,Пожароизвестител оптично-димен,1841860/1,1785439929539496082,,,«0000N0000000000,0.0,0.0,,,0.0,0.0,M,M,M,42.084,0.0,0.0,0,,0.0,0.0,2026-02-05 08:33:06.078,2026-02-05 08:33:06.078
6821,17,1,1318436893,System - 90kW Volkswagen (59),М12,Болт с шест.гл. 8.8 vZn М12х60,10527503/071125/5,1785439929539496083,,|1—болт цинк|2—М12х60|5—склад|,«0000N0000000000,40.0,0.0,,,0.0,0.0,M,L,L,0.159471,0.0,0.0,0,,0.0,0.0,2026-02-06 13:28:05.259,2026-02-06 13:28:05.259
6821,18,1,1318436963,System - 60kW Brikel (60),М10,Болт с шест.гл. 8.8 vZn М10х30,10527503/071125/7,1785439929539496084,,|1—болт цинк|2—М10х30|5—склад|,«0000N0000000000,21.0,0.0,,,0.0,0.0,M,L,L,0.07158099999999999,0.0,0.0,0,,0.0,0.0,2026-02-05 14:32:56.269,2026-02-05 14:32:56.269
6821,19,1,1318449052,System - 90kW Volkswagen (59),7. Кабели,"Кабел ШВПС 5х1,5 бял",8378/070126/5,1785439929539496085,,,«0000N0000000000,16.0,0.0,,,0.0,0.0,M,L,L,1.38,0.0,0.0,0,,0.0,0.0,2026-02-05 11:46:21.490,2026-02-05 11:46:21.490
6821,20,1,1318451703,System - 90kW Volkswagen (59),2.4. Фланци,Фланец плосък с резба 304L PN10/16/40 DN25 x1“,10143532/110925/r25,1785439929539496086,,,«0000N0000000000,5.0,0.0,,,0.0,0.0,M,L,L,17.166459,0.0,0.0,0,,0.0,0.0,2026-02-06 10:06:47.771,2026-02-06 10:06:47.771
6821,22,1,1318453177,System - 60kW Brikel (60),Колена на резба,Коляно 90° 316L резба вътрешна 1/4“,260925/1,1785439929539496087,,|1—коляно 90гр. вътр. резба|2—1/4`|5—склад|,«0000N0000000000,0.0,0.0,,,0.0,0.0,M,L,L,0.0,0.0,0.0,0,,0.0,0.0,2026-02-05 12:47:01.453,2026-02-05 12:47:01.453
6918,1,1,1319056178,0. СКЛАД - ОСНОВЕН,2.2. Фитинги за заваряване,"Капа 304L (88,9х2) 3“",10148872/050226,1785439929539496088,,,«0000N0000000000,0.0,0.0,0.0,0.0,0.0,0.0,M,L,L,4.177239,0.0,0.0,0,,0.0,0.0,2026-02-11 13:28:58.016,2026-02-11 13:28:58.016
6918,2,1,1319535754,0. СКЛАД - ОСНОВЕН,2.1. Тръби,"Тръба шевна 304L (33,7x2.6) 1“",10148871/050226/1,1785439929539496089,,,«0000N0000000000,0.0,0.0,0.0,0.0,0.0,0.0,M,L,L,10.89,0.0,0.0,0,,0.0,0.0,2026-02-16 08:34:51.982,2026-02-16 08:34:51.982
6918,3,1,1320237990,0. СКЛАД - ОСНОВЕН,Газ анализ - Сензори,Анализатор на общозапалими вещества Sirius 8866,E240801-6,1785439929539496213,Този датчик е повреден и ще се изпрати за ремонт,|1—Анализатор на общозапалими вещества|5—склад|,«0000N0000000000,1.0,0.0,0.0,0.0,0.0,0.0,M,L,L,1527.678786,0.0,0.0,0,,0.0,0.0,2026-02-23 09:07:03.212,2026-02-23 09:04:27.800
6918,4,1,1319737671,0. СКЛАД - ОСНОВЕН,2.4. Фланци,Уплътнение CF3000 PTFE DN25,10148871/050226/2,1785439929539496090,,|1—уплътнение CF3000 PTFE|2—DN25|5—склад|,«0000N0000000000,0.0,0.0,0.0,0.0,0.0,0.0,M,L,L,1.08,0.0,0.0,0,,0.0,0.0,2026-02-18 09:02:28.621,2026-02-18 09:02:28.621
6918,5,1,1319737632,0. СКЛАД - ОСНОВЕН,2.4. Фланци,Фланец плосък с резба 304L PN10/16/40 DN25 x1“,10148870/050226,1785439929539496091,,,«0000N0000000000,0.0,0.0,0.0,0.0,0.0,0.0,M,L,L,14.81,0.0,0.0,0,,0.0,0.0,2026-02-18 09:01:54.514,2026-02-18 09:01:54.514
6918,6,1,,0. СКЛАД - ОСНОВЕН,"2.7. PP, Месинг, Хром връзки",Преход PP резба външна ф32х1“,171926/050226/1,1785439929539496092,,,«0000N0000000000,0.0,0.0,,,0.0,0.0,M,L,L,4.86,0.0,0.0,0,,0.0,0.0,2026-02-05 13:28:41.791,2026-02-05 13:28:41.791
6918,7,1,,0. СКЛАД - ОСНОВЕН,"2.7. PP, Месинг, Хром връзки",Коляно PP 90° ф32,171926/050226/2,1785439929539496093,,,«0000N0000000000,0.0,0.0,,,0.0,0.0,M,L,L,0.49000000000000005,0.0,0.0,0,,0.0,0.0,2026-02-05 13:28:14.590,2026-02-05 13:28:14.590
6918,8,1,,0. СКЛАД - ОСНОВЕН,"2.7. PP, Месинг, Хром връзки",Разглобяема свръзка месинг ф32,171926/050226/3,1785439929539496094,,,«0000N0000000000,0.0,0.0,,,0.0,0.0,M,L,L,7.7,0.0,0.0,0,,0.0,0.0,2026-02-05 13:28:47.197,2026-02-05 13:28:47.197
6918,9,1,,0. СКЛАД - ОСНОВЕН,"2.7. PP, Месинг, Хром връзки",Тройник PP ф32,171926/050226/4,1785439929539496095,,,«0000N0000000000,0.0,0.0,,,0.0,0.0,M,L,L,0.7799999999999999,0.0,0.0,0,,0.0,0.0,2026-02-05 13:28:53.728,2026-02-05 13:28:53.728
6918,10,1,1319851635,0. СКЛАД - ОСНОВЕН,Тапи на резба,Тапа 304L резба 1/4“,10148889/050226/1,1785439929539496100,,,«0000N0000000000,0.0,0.0,0.0,0.0,0.0,0.0,M,L,L,0.511291881196218,0.0,0.0,0,,0.0,0.0,2026-02-19 12:23:32.669,2026-02-19 12:23:32.669
6918,12,1,1318456159,System - 90kW Volkswagen (59),"2.7. PP, Месинг, Хром връзки",Преход PP резба външна ф32х1“,171926/050226/1,1785439929539496097,,,«0000N0000000000,9.0,0.0,,,0.0,0.0,M,L,L,4.86,0.0,0.0,0,,0.0,0.0,2026-02-05 13:28:41.791,2026-02-05 13:28:41.791
6918,13,1,1319852177,0. СКЛАД - ОСНОВЕН,Външна резба,Нипел намалител 316L 150LBS 1“х1/2“,10148889/050226/2,1785439929539496101,,|1—нипел намалител|2—1х1/2|5—склад|,«0000N0000000000,0.0,0.0,0.0,0.0,0.0,0.0,M,L,L,3.093305,0.0,0.0,0,,0.0,0.0,2026-02-19 12:31:21.411,2026-02-19 12:31:21.411
6918,14,1,1318456166,System - 90kW Volkswagen (59),"2.7. PP, Месинг, Хром връзки",Разглобяема свръзка месинг ф32,171926/050226/3,1785439929539496098,,,«0000N0000000000,4.0,0.0,,,0.0,0.0,M,L,L,7.7,0.0,0.0,0,,0.0,0.0,2026-02-05 13:28:47.213,2026-02-05 13:28:47.213
6918,15,1,1318533170,System - 90kW Volkswagen (59),2.1. Тръби,"Тръба шевна 304L (33,7x2) 1``",28082025/3,1785439929539496102,,,«0000N0000000000,0.22,0.0,,,0.0,0.0,M,L,L,11.544970677410612,0.0,0.0,0,,0.0,0.0,2026-02-06 07:57:39.213,2026-02-06 07:57:39.213
6918,16,1,1318456173,System - 90kW Volkswagen (59),"2.7. PP, Месинг, Хром връзки",Тройник PP ф32,171926/050226/4,1785439929539496099,,,«0000N0000000000,6.0,0.0,,,0.0,0.0,M,L,L,0.7799999999999999,0.0,0.0,0,,0.0,0.0,2026-02-05 13:28:53.728,2026-02-05 13:28:53.728
6918,17,1,1318541450,System - 90kW Volkswagen (59),Кабели - Сензори,Кабел PUR М12 конектор 2м,28082025/31,1785439929539496103,,"|1—PUR кабел, М12 конектор|2—2 м.|",«0000N0000000000,1.0,0.0,,,0.0,0.0,M,L,L,0.0,0.0,0.0,0,,0.0,0.0,2026-02-06 09:56:53.914,2026-02-06 09:56:53.914
6918,18,1,1318941200,System - 90kW Volkswagen (59),2.2. Фитинги за заваряване,Тройник 304L заварка (33.7х2) 1`,10143532/110925/t1`,1785439929539496116,,|1—тройник|2—33.7х2|,«0000N0000000000,6.0,0.0,,,0.0,0.0,M,L,L,6.033222,0.0,0.0,0,,0.0,0.0,2026-02-10 09:53:16.950,2026-02-09 15:33:53.750
6918,19,1,1318542142,System - 90kW Volkswagen (59),2.4. Фланци,Фланец плосък с резба 304L PN10/16/40 DN25 x1“,10148870/050226,1785439929539496104,,,«0000N0000000000,7.0,0.0,,,0.0,0.0,M,L,L,14.81,0.0,0.0,0,,0.0,0.0,2026-02-12 13:37:10.990,2026-02-12 13:37:10.990
6918,20,1,1318940967,System - 60kW Brikel (60),Холендри на резба,Холендър 316L резба вътрешна PTFE 150LBS 1/2“,10147733/231225,1785439929539496117,,|1—холендер вътр.резба PTFE|2—1/2`|5—склад|,«0000N0000000000,2.0,0.0,,,0.0,0.0,M,L,L,7.592657,0.0,0.0,0,,0.0,0.0,2026-02-10 09:49:56.245,2026-02-10 09:49:56.245
6918,21,1,1318941011,System - 60kW Brikel (60),Муфи на резба,Муфа 304L резбa 150LBS L42 1``,10143532/110925/1.,1785439929539496118,,,«0000N0000000000,2.0,0.0,,,0.0,0.0,M,L,L,2.970595,0.0,0.0,0,,0.0,0.0,2026-02-10 09:50:34.805,2026-02-10 09:50:34.805
7089,0,1,1318941034,System - 60kW Brikel (60),М/Ж резба,Преход 316L резба М/Ж 3/4“х1/4“,10143532/110925/1,1785439929539496119,,|1—преход м/ж|2—3/4х1/4|5—склад|,«0000N0000000000,2.0,0.0,,,0.0,0.0,M,L,L,3.527901,0.0,0.0,0,,0.0,0.0,2026-02-10 09:50:53.637,2026-02-10 09:50:53.637
7089,1,1,1318941105,System - 60kW Brikel (60),2.2. Фитинги за заваряване,Кръст зав. 316L W/W DIN11850 SERIE2 DN32,1,1785439929539496120,,,«0000N0000000000,2.0,0.0,,,0.0,0.0,M,L,L,12.63,0.0,0.0,0,,0.0,0.0,2026-02-10 09:51:56.013,2026-02-10 09:51:56.013
7089,3,1,1318941200,System - 60kW Brikel (60),2.2. Фитинги за заваряване,Тройник 304L заварка (33.7х2) 1`,10143532/110925/t1`,1785439929539496121,,|1—тройник|2—33.7х2|,«0000N0000000000,4.0,0.0,,,0.0,0.0,M,L,L,6.033222,0.0,0.0,0,,0.0,0.0,2026-02-10 09:53:16.950,2026-02-10 09:52:13.558
7089,4,1,1318956609,0. СКЛАД - ОСНОВЕН,2.2. Фитинги за заваряване,Тройник 304L заварка (33.7х2) 1`,100226/1,1785439929539496122,,|1—тройник|2—33.7х2|,«0000N0000000000,0.0,0.0,0.0,0.0,0.0,0.0,M,L,L,5.49,0.0,0.0,0,,0.0,0.0,2026-02-10 13:35:10.546,2026-02-10 13:35:10.546
7089,5,1,,0. СКЛАД - ОСНОВЕН,2.5.1. Кранове на фланци,Кран седлови на фл. 316 PN40 DN25,100226/2,1785439929539496123,,,«0000N0000000000,2.0,0.0,,,0.0,0.0,M,L,L,407.4,0.0,0.0,0,,0.0,0.0,2026-02-10 13:33:31.478,2026-02-10 13:33:31.478
7089,6,1,1319038205,System - 60kW Brikel (60),1.1.1. Части (Електролизьор),Плоча S355 J2+N HRP 2x6 70мм,300126/1,1785439929539496124,,,«0000N0000000000,2.0,0.0,,,0.0,0.0,M,L,L,1819.80382,0.0,0.0,0,,0.0,0.0,2026-02-11 09:10:10.364,2026-02-11 09:06:51.596
7089,7,1,1319037995,System - 60kW Brikel (60),1.1.2. Крепежи (Електролизьор),Гайка шест. 8.8 M56x4,230126/1,1785439929539496125,,,«0000N0000000000,20.0,0.0,,,0.0,0.0,M,L,L,16.616925,0.0,0.0,0,,0.0,0.0,2026-02-11 09:07:07.907,2026-02-11 09:07:07.907
7089,8,1,1319038004,System - 60kW Brikel (60),1.1.2. Крепежи (Електролизьор),Шайба подложна DIN125A vZn M56,300126/4,1785439929539496126,,,«0000N0000000000,20.0,0.0,,,0.0,0.0,M,L,L,170.438521,0.0,0.0,0,,0.0,0.0,2026-02-11 09:07:15.328,2026-02-11 09:07:15.328
7089,9,1,1319038113,System - 60kW Brikel (60),1.1.1. Части (Електролизьор),Тефлонов лист 1200х1200х1мм,120126/4,1785439929539496127,,,«0000N0000000000,2.0,0.0,,,0.0,0.0,M,L,L,108.383254,0.0,0.0,0,,0.0,0.0,2026-02-11 09:08:50.478,2026-02-11 09:08:50.478
7089,10,1,1320962484,System - 60kW Brikel (60),1.1.1. Части (Електролизьор),Мембрани (Composite Membrane) 1х1м,VMA20250921/141025/2,1785439929539496128,,,«0000N0000000000,22.0,0.0,,,0.0,0.0,M,L,L,111.23279999999998,0.0,0.0,0,,0.0,0.0,2026-03-02 14:59:45.847,2026-02-11 09:09:08.633
7089,11,1,1319038206,System - 60kW Brikel (60),1.1.1. Части (Електролизьор),Плетена мрежа  INOX AISI 316L H 1000мм,120126/7,1785439929539496129,,,«0000N0000000000,44.0,0.0,,,0.0,0.0,M,L,L,0.0,0.0,0.0,0,,0.0,0.0,2026-02-11 09:10:10.943,2026-02-11 09:09:51.850
7089,12,1,1319041619,System - 90kW Volkswagen (59),2.4. Фланци,Уплътнение CF3000 PTFE DN25,10148677/290126/3,1785439929539496130,,|1—уплътнение CF3000 PTFE|2—DN25|5—склад|,«0000N0000000000,13.0,0.0,,,0.0,0.0,M,L,L,1.08,0.0,0.0,0,,0.0,0.0,2026-02-12 14:06:42.581,2026-02-12 14:06:42.581
7089,13,1,1319045737,System - 60kW Brikel (60),2.4. Фланци,Уплътнение CF3000 PTFE DN25,10148677/290126/3,1785439929539496131,,|1—уплътнение CF3000 PTFE|2—DN25|5—склад|,«0000N0000000000,8.0,0.0,,,0.0,0.0,M,L,L,1.08,0.0,0.0,0,,0.0,0.0,2026-02-11 10:58:36.697,2026-02-11 10:58:36.697
7089,14,1,1319059344,System - 90kW Volkswagen (59),Тапи на резба,Тапа 304L резба 1/4“,10148889/050226/1,1785439929539496134,,,«0000N0000000000,0.0,0.0,,,0.0,0.0,M,L,L,0.511291881196218,0.0,0.0,0,,0.0,0.0,2026-02-11 15:15:32.472,2026-02-11 15:15:32.472
7089,15,1,1319063565,System - 60kW Brikel (60),Тапи на резба,Тапа 304L резба 1/4“,10148889/050226/1,1785439929539496135,,,«0000N0000000000,3.0,0.0,,,0.0,0.0,M,L,L,0.511291881196218,0.0,0.0,0,,0.0,0.0,2026-02-11 15:15:28.348,2026-02-11 15:15:28.348
7089,16,1,1319135081,System - 60kW Brikel (60),Муфи на резба,Муфа 304L резба 150LBS 1/4“,10143532/110925/1.4,1785439929539496136,,,«0000N0000000000,2.0,0.0,,,0.0,0.0,M,L,L,0.761822,0.0,0.0,0,,0.0,0.0,2026-02-12 08:25:09.952,2026-02-12 08:25:09.952
7089,17,1,1320962484,2. МЕТАЛХИДРИД,Вътрешни изделия и детайли,Тапа за бутилка,120226/1,1785439929539496137,,|137—30 мин|,«0000N0000000000,0.0,0.0,,,0.0,0.0,M,L,L,0.5893103448275874,0.0,0.0,0,,0.0,0.0,2026-03-02 14:59:45.863,2026-02-12 10:43:25.692
7089,18,1,1320962484,2. МЕТАЛХИДРИД,Вътрешни изделия и детайли,Дъно за бутилка,120226/2,1785439929539496138,,|137—15 мин|,«0000N0000000000,0.0,0.0,,,0.0,0.0,M,L,L,0.47472222222222227,0.0,0.0,0,,0.0,0.0,2026-03-02 14:59:45.863,2026-02-12 10:43:25.707
7089,19,1,1320962484,2. МЕТАЛХИДРИД,Вътрешни изделия и детайли,Тяло на бутилка,120226/3,1785439929539496139,,|137—15 мин|,«0000N0000000000,0.0,0.0,,,0.0,0.0,M,L,L,1.9078207299270074,0.0,0.0,0,,0.0,0.0,2026-02-12 10:43:25.723,2026-02-12 10:43:25.723
7089,20,1,1320962484,Неактивен 2,1.3. Металхидрид,Бутилки Металхидрид - Полуготови,120226/4,1785439929539496140,,,«0000N0000000000,0.0,0.0,,,0.0,0.0,M,L,L,3.27,0.0,0.0,0,,0.0,0.0,2026-02-12 10:46:13.320,2026-02-12 10:46:13.320
7125,0,1,1320962484,2. МЕТАЛХИДРИД,Вътрешни изделия и детайли,Пълнеж за бутилка,120226/5,1785439929539496141,,|137—9 часа 45 мин|,«0000N0000000000,0.0,0.0,,,0.0,0.0,M,L,L,23.93066666666667,0.0,0.0,0,,0.0,0.0,2026-02-12 10:46:13.367,2026-02-12 10:46:13.367
7125,1,1,1331559073,Неактивен 3,1.3. Металхидрид,Бутилки Металхидрид - Готови,120226/6,1785439929539496142,,|137—5 часа 20 мин|,«0000N0000000000,0.0,0.0,,,0.0,0.0,M,L,L,90.2669,0.0,0.0,0,,0.0,0.0,2026-06-16 14:10:39.592,2026-06-16 14:10:34.975
7125,2,1,1323056454,0. СКЛАД - ОСНОВЕН,Сензори,Дебитомер SM 9500,20010300126,1785439929539496143,Този номер е получен с протокол за доставка 1011543079 и е за заменка на неработещ такъв в Полша!,,«0000N0000000000,1.0,0.0,0.0,0.0,0.0,0.0,M,L,L,508.2,0.0,0.0,0,,0.0,0.0,2026-03-23 13:32:56.130,2026-02-13 09:57:45.082
7125,4,1,,0. СКЛАД - ОСНОВЕН,3. Метални Елементи,Винкел ГВ 40/40/3,210126,1785439929539496144,,,«0000N0000000000,0.0,0.0,,,0.0,0.0,M,L,L,6.725,0.0,0.0,0,,0.0,0.0,2026-02-13 10:52:25.789,2026-02-13 10:52:25.789
7125,5,1,,0. СКЛАД - ОСНОВЕН,Сензори,Нивомер поплавъчен тип 8181,060226/1,1785439929539496146,,,«0000N0000000000,4.0,0.0,,,0.0,0.0,M,L,L,87.92,0.0,0.0,0,,0.0,0.0,2026-02-13 12:33:19.482,2026-02-13 12:33:19.482
7125,6,1,1319245307,System - 60kW Brikel (60),3. Метални Елементи,Винкел ГВ 40/40/3,210126,1785439929539496145,,,«0000N0000000000,4.0,0.0,,,0.0,0.0,M,L,L,6.725,0.0,0.0,0,,0.0,0.0,2026-02-13 10:52:25.804,2026-02-13 10:52:25.804
7125,7,1,1320962484,Неактивен 2,0. Разни,Разпробита капа,160226/1,1785439929539496147,,|137—13 мин|,«0000N0000000000,0.0,0.0,,,0.0,0.0,M,L,L,20.190842,0.0,0.0,0,,0.0,0.0,2026-02-16 08:27:02.868,2026-02-16 08:27:02.868
7125,8,1,1320962484,Неактивен 2,1.2.1. Части (Очиска),Демистър 4“ - Дъно,160226/2,1785439929539496148,,|137—77 мин|,«0000N0000000000,0.0,0.0,,,0.0,0.0,M,L,L,26.30578818199946,0.0,0.0,0,,0.0,0.0,2026-02-16 08:30:07.637,2026-02-16 08:30:07.637
7125,9,1,1320962484,Неактивен 2,1) Грийн Иновейшън АД,"Вътрешна част(гъба,кръст,ос)",160226/3,1785439929539496149,,|137—20 мин|,«0000N0000000000,0.0,0.0,,,0.0,0.0,M,L,L,86.7601099,0.0,0.0,0,,0.0,0.0,2026-02-16 08:30:07.669,2026-02-16 08:30:07.669
7125,10,1,1320962484,Неактивен 2,1) Грийн Иновейшън АД,Тяло на демистър,160226/4,1785439929539496150,,|137—65 мин|,«0000N0000000000,0.0,0.0,,,0.0,0.0,M,L,L,15.1392969,0.0,0.0,0,,0.0,0.0,2026-06-16 14:03:44.417,2026-06-16 14:03:44.417
7125,11,1,1320962484,Неактивен 2,0. Разни,Среден фланец с тръба и коляно,160226/5,1785439929539496151,,|137—52 мин|,«0000N0000000000,0.0,0.0,,,0.0,0.0,M,L,L,8.578147947418744,0.0,0.0,0,,0.0,0.0,2026-03-02 14:59:45.910,2026-02-16 08:30:07.653
7125,13,1,1319535445,0. СКЛАД - ОСНОВЕН,1.2.2 Съдове (Очиска),Демистър 4“,160226/6,1785439929539496152,,|137—5 часа и 33  мин|,«0000N0000000000,0.0,0.0,,,0.0,0.0,M,L,L,148.59,0.0,0.0,0,,0.0,0.0,2026-02-16 08:31:05.997,2026-02-16 08:31:05.997
7125,14,1,1319552764,0. СКЛАД - ОСНОВЕН,Автометан,"Маркуч 70 Mpa, 3 м.",12599/090126/1,1785439929539496154,,,«0000N0000000000,1.0,0.0,,,0.0,0.0,M,L,L,1803.13,0.0,0.0,0,,0.0,0.0,2026-03-13 15:06:16.970,2026-03-13 15:06:16.970
7125,16,1,1319555494,System - 90kW Volkswagen (59),1.2.2 Съдове (Очиска),Демистър 4“,160226/6,1785439929539496153,,|137—5 часа и 33  мин|,«0000N0000000000,4.0,0.0,0.0,0.0,0.0,0.0,M,L,L,148.59,0.0,0.0,0,,0.0,0.0,2026-02-16 13:19:07.331,2026-02-16 13:19:07.331
7125,17,1,1319552764,0. СКЛАД - ОСНОВЕН,Автометан,Накрайник за зареждане TK20,12599/090126/2,1785439929539496155,,,«0000N0000000000,1.0,0.0,,,0.0,0.0,M,L,L,7490.32,0.0,0.0,0,,0.0,0.0,2026-03-13 15:06:22.157,2026-03-13 15:06:22.157
7125,18,1,1319552764,0. СКЛАД - ОСНОВЕН,Автометан,Филтър TSF2,12599/090126/3,1785439929539496156,,,«0000N0000000000,1.0,0.0,,,0.0,0.0,M,L,L,2130.19,0.0,0.0,0,,0.0,0.0,2026-03-13 15:06:27.766,2026-03-13 15:06:27.766
7125,19,1,1320962484,0. СКЛАД - ОСНОВЕН,Машини,Ампер клещи Total TMT46003,H12B-G010591,1785439929539496157,,|1—Ампер клещи|3—Total|4—TMT46003|5—хале|,«0000N0000000000,0.0,0.0,,,0.0,0.0,M,L,L,0.0,0.0,0.0,0,,0.0,0.0,2026-03-02 14:59:45.925,2026-02-16 12:40:58.862
7125,20,1,1320962484,0. СКЛАД - ОСНОВЕН,Машини,Ампер клещи Uni-t UT230R 1,C220357511,1785439929539496159,,|1—Ампер клещи|3—Uni-t|4—UT230R|5—хале|,«0000N0000000000,0.0,0.0,,,0.0,0.0,M,L,L,0.0,0.0,0.0,0,,0.0,0.0,2026-03-02 14:59:45.925,2026-02-16 12:40:58.825
7125,21,1,1320962484,0. СКЛАД - ОСНОВЕН,Машини,Ампер клещи Uni-t UT230R 2,C220357514,1785439929539496160,,|1—Ампер клещи|3—Uni-t|4—UT230R|5—хале|,«0000N0000000000,0.0,0.0,,,0.0,0.0,M,L,L,0.0,0.0,0.0,0,,0.0,0.0,2026-03-02 14:59:45.925,2026-02-16 12:40:58.806
7172,0,1,1320962484,0. СКЛАД - ОСНОВЕН,Машини,Бормашина Metabo BEV 1300-2,574000,1785439929539496161,,|1—Бормашина|3—Metabo|4—BEV 1300-2|5—производствен цех|,«0000N0000000000,0.0,0.0,,,0.0,0.0,M,L,L,0.0,0.0,0.0,0,,0.0,0.0,2026-03-02 14:59:45.941,2026-02-16 12:40:58.788
7172,2,1,1320962484,0. СКЛАД - ОСНОВЕН,Машини,Бормашина Parkside PSBM1100B1,87202,1785439929539496162,,|1—Бормашина|3—Parkside|4—PSBM1100B1|5—хале|,«0000N0000000000,0.0,0.0,,,0.0,0.0,M,L,L,0.0,0.0,0.0,0,,0.0,0.0,2026-03-02 14:59:45.941,2026-02-16 12:40:58.770
7172,3,1,1320962484,0. СКЛАД - ОСНОВЕН,Машини,Виноверт Bavaria BCD14,01BG-14-2026,1785439929539496163,,|1—Виноверт|3—Bavaria|4—BCD14|5—хале|,«0000N0000000000,0.0,0.0,,,0.0,0.0,M,L,L,0.0,0.0,0.0,0,,0.0,0.0,2026-03-02 14:59:45.941,2026-02-16 12:40:58.749
7172,4,1,1320962484,0. СКЛАД - ОСНОВЕН,Машини,Винтоверт Makita DDF482,725801R,1785439929539496164,,|1—Винтоверт|3—Makita|4—DDF482|5—производствен цех|,«0000N0000000000,0.0,0.0,,,0.0,0.0,M,L,L,0.0,0.0,0.0,0,,0.0,0.0,2026-03-02 14:59:45.957,2026-02-16 12:40:58.730
7172,5,1,1320962484,0. СКЛАД - ОСНОВЕН,Машини,Винтоверт Makita DDf458,0395523Y,1785439929539496165,,|1—Винтоверт|3—Makita|4—DDf458|5—производствен цех|,«0000N0000000000,0.0,0.0,,,0.0,0.0,M,L,L,0.0,0.0,0.0,0,,0.0,0.0,2026-03-02 14:59:45.957,2026-02-16 12:40:58.711
7172,6,1,1320962484,0. СКЛАД - ОСНОВЕН,Машини,Винтоверт Makita DHP482,491544R,1785439929539496166,,|1—Винтоверт|3—Makita|4—DHP482|5—производствен цех|,«0000N0000000000,0.0,0.0,,,0.0,0.0,M,L,L,0.0,0.0,0.0,0,,0.0,0.0,2026-03-02 14:59:45.957,2026-02-16 12:40:58.693
7172,7,1,1320962484,0. СКЛАД - ОСНОВЕН,Машини,Газ анализатор Testo 300 633300250,62649073,1785439929539496167,,|1—Газ анализатор|3—Testo 300|4—633300250|5—хале/склад|,«0000N0000000000,0.0,0.0,,,0.0,0.0,M,L,L,0.0,0.0,0.0,0,,0.0,0.0,2026-03-02 14:59:45.957,2026-02-16 12:40:58.675
7172,8,1,1320962484,0. СКЛАД - ОСНОВЕН,Машини,Гайковерт Makita DTW285,0503327Y,1785439929539496168,,|1—Гайковерт|3—Makita|4—DTW285|5—производствен цех|,«0000N0000000000,0.0,0.0,,,0.0,0.0,M,L,L,0.0,0.0,0.0,0,,0.0,0.0,2026-03-02 14:59:45.972,2026-02-16 12:40:58.645
7172,9,1,1320962484,0. СКЛАД - ОСНОВЕН,Машини,Дигитален термометър PeakTeck 5110,200204430,1785439929539496169,,|1—Дигитален термометър|3—PeakTeck|4—5110|5—хале|,«0000N0000000000,0.0,0.0,,,0.0,0.0,M,L,L,0.0,0.0,0.0,0,,0.0,0.0,2026-03-02 14:59:45.972,2026-02-16 12:40:58.626
7172,10,1,1320962484,0. СКЛАД - ОСНОВЕН,Машини,Ексцентършлайф Bosch GEX 125-1 AE,327001725,1785439929539496170,,|1—Ексцентършлайф|3—Bosch|4—GEX 125-1 AE|5—производствен цех|,«0000N0000000000,0.0,0.0,,,0.0,0.0,M,L,L,0.0,0.0,0.0,0,,0.0,0.0,2026-03-02 14:59:45.972,2026-02-16 12:40:58.608
7172,11,1,1320962484,0. СКЛАД - ОСНОВЕН,Машини,Електрическа отвертка Makita,0569316Y,1785439929539496171,,|1—Електрическа отвертка|3—Makita|5—хале|,«0000N0000000000,0.0,0.0,,,0.0,0.0,M,L,L,0.0,0.0,0.0,0,,0.0,0.0,2026-03-02 14:59:45.988,2026-02-16 12:40:58.590
7172,13,1,1320962484,0. СКЛАД - ОСНОВЕН,Машини,Електрическа отвертка Makita DF011D,6854,1785439929539496172,,|1—Електрическа отвертка|3—Makita|4—DF011D|5—хале|,«0000N0000000000,0.0,0.0,,,0.0,0.0,M,L,L,0.0,0.0,0.0,0,,0.0,0.0,2026-03-02 14:59:45.988,2026-02-16 12:40:58.571
7172,15,1,1320962484,0. СКЛАД - ОСНОВЕН,Машини,Зеге Raider RDP-JS21,50201,1785439929539496173,,|1—Зеге|3—Raider|4—RDP-JS21|5—хале|,«0000N0000000000,0.0,0.0,,,0.0,0.0,M,L,L,0.0,0.0,0.0,0,,0.0,0.0,2026-03-02 14:59:45.988,2026-02-16 12:40:58.528
7172,17,1,1320962484,0. СКЛАД - ОСНОВЕН,Машини,Импакт Makita DTD152,395879N,1785439929539496174,,|1—Импакт|3—Makita|4—DTD152|5—хале|,«0000N0000000000,0.0,0.0,,,0.0,0.0,M,L,L,0.0,0.0,0.0,0,,0.0,0.0,2026-03-02 14:59:45.988,2026-02-16 12:40:58.498
7172,19,1,1320962484,0. СКЛАД - ОСНОВЕН,Машини,Лазерен нивелир Bosch Quingo Plus,324032899,1785439929539496175,,|1—Лазерен нивелир|3—Bosch|4—Quingo Plus|5—производствен цех|,«0000N0000000000,0.0,0.0,,,0.0,0.0,M,L,L,0.0,0.0,0.0,0,,0.0,0.0,2026-03-02 14:59:46.003,2026-02-16 12:40:58.481
7172,21,1,1320962484,0. СКЛАД - ОСНОВЕН,Машини,Лазерен термометър Infrared DT8016H,210636056,1785439929539496176,,|1—Лазерен термометър|3—Infrared|4—DT8016H|5—хале|,«0000N0000000000,0.0,0.0,,,0.0,0.0,M,L,L,0.0,0.0,0.0,0,,0.0,0.0,2026-03-02 14:59:46.003,2026-02-16 12:40:58.463
7172,23,1,1320962484,0. СКЛАД - ОСНОВЕН,Машини,Лепачка за тръби Total TT328151,24137910792,1785439929539496177,,|1—Лепачка за тръби|3—Total|4—TT328151|5—производствен цех|,«0000N0000000000,0.0,0.0,,,0.0,0.0,M,L,L,0.0,0.0,0.0,0,,0.0,0.0,2026-03-02 14:59:46.003,2026-02-16 12:40:58.445
7172,25,1,1320962484,0. СКЛАД - ОСНОВЕН,Машини,Манометър Bauihr 5110,MAN-277,1785439929539496178,,|1—Манометър|3—Bauihr|4—5110|5—хале|,«0000N0000000000,0.0,0.0,,,0.0,0.0,M,L,L,0.0,0.0,0.0,0,,0.0,0.0,2026-03-02 14:59:46.019,2026-02-16 12:40:58.428
7175,0,1,1320962484,0. СКЛАД - ОСНОВЕН,Машини,Машина за заостряне на волфрамови електроди Delt,SN2021010,1785439929539496179,,|1—Машина за заостряне на волфрамови електроди|3—Deltech|4—RDD-M02|5—производствен цех|,«0000N0000000000,0.0,0.0,,,0.0,0.0,M,L,L,0.0,0.0,0.0,0,,0.0,0.0,2026-03-02 14:59:46.019,2026-02-16 12:40:58.410
7175,2,1,1320962484,0. СКЛАД - ОСНОВЕН,Машини,Машина за полиране Bosch GPO14CE,328055617,1785439929539496180,,|1—Машина за полиране|3—Bosch|4—GPO14CE|5—производствен цех|,«0000N0000000000,0.0,0.0,,,0.0,0.0,M,L,L,0.0,0.0,0.0,0,,0.0,0.0,2026-03-02 14:59:46.019,2026-02-16 12:40:58.392
7175,4,1,1320962484,0. СКЛАД - ОСНОВЕН,Машини,Мултицет CAT JTW838,201007751,1785439929539496181,,|1—Мултицет|3—CAT|4—JTW838|5—хале|,«0000N0000000000,0.0,0.0,,,0.0,0.0,M,L,L,0.0,0.0,0.0,0,,0.0,0.0,2026-03-02 14:59:46.035,2026-02-16 12:40:58.374
7175,6,1,1320962484,0. СКЛАД - ОСНОВЕН,Машини,Мултицет Schneider IMT23202,8A-2021-11-23,1785439929539496182,,|1—Мултицет|3—Schneider|4—IMT23202|5—хале|,«0000N0000000000,0.0,0.0,,,0.0,0.0,M,L,L,0.0,0.0,0.0,0,,0.0,0.0,2026-03-02 14:59:46.035,2026-02-16 12:40:58.343
7175,8,1,1320962484,0. СКЛАД - ОСНОВЕН,Машини,Мултишлайф Dremel 4000,F013400046,1785439929539496183,,|1—Мултишлайф|3—Dremel|4—4000|5—хале|,«0000N0000000000,0.0,0.0,,,0.0,0.0,M,L,L,0.0,0.0,0.0,0,,0.0,0.0,2026-03-02 14:59:46.035,2026-02-16 12:40:58.312
7175,9,1,1320962484,0. СКЛАД - ОСНОВЕН,Машини,Оберфреза Makita RP0900,587575,1785439929539496184,,|1—Оберфреза|3—Makita|4—RP0900|5—производствен цех|,«0000N0000000000,0.0,0.0,,,0.0,0.0,M,L,L,0.0,0.0,0.0,0,,0.0,0.0,2026-03-02 14:59:46.035,2026-02-16 12:40:58.294
7175,12,1,1320962484,0. СКЛАД - ОСНОВЕН,Машини,Перфоратор Bosch GBH 2-24D,3611BA0000,1785439929539496185,,|1—Перфоратор|3—Bosch|4—GBH 2-24D|5—производствен цех|,«0000N0000000000,0.0,0.0,,,0.0,0.0,M,L,L,0.0,0.0,0.0,0,,0.0,0.0,2026-03-02 14:59:46.050,2026-02-16 12:40:58.275
7175,13,1,1320962484,0. СКЛАД - ОСНОВЕН,Машини,Перфоратор Makita DHR241,0503327Y,1785439929539496186,,|1—Перфоратор|3—Makita|4—DHR241|5—хале|,«0000N0000000000,0.0,0.0,,,0.0,0.0,M,L,L,0.0,0.0,0.0,0,,0.0,0.0,2026-03-02 14:59:46.050,2026-02-16 12:40:58.257
7175,16,1,1320962484,0. СКЛАД - ОСНОВЕН,Машини,Пистолет за топъл въздух Daewoo DAHG 2000,DHG0650PRBUL2106,1785439929539496187,,|1—Пистолет за топъл въздух|3—Daewoo|4—DAHG 2000|5—производствен цех|,«0000N0000000000,0.0,0.0,,,0.0,0.0,M,L,L,0.0,0.0,0.0,0,,0.0,0.0,2026-03-02 14:59:46.050,2026-02-16 12:40:58.239
7175,17,1,1320962484,0. СКЛАД - ОСНОВЕН,Машини,Пистолет за топъл въздух Stainel,SN506000660,1785439929539496188,,|1—Пистолет за топъл въздух|3—Stainel|5—хале|,«0000N0000000000,0.0,0.0,,,0.0,0.0,M,L,L,0.0,0.0,0.0,0,,0.0,0.0,2026-03-02 14:59:46.066,2026-02-16 12:40:58.222
7175,19,1,1320962484,0. СКЛАД - ОСНОВЕН,Машини,Пневматичен винтоверт Raider RD-AD02,80103,1785439929539496189,,|1—Пневматичен винтоверт|3—Raider|4—RD-AD02|5—производствен цех|,«0000N0000000000,0.0,0.0,,,0.0,0.0,M,L,L,0.0,0.0,0.0,0,,0.0,0.0,2026-03-02 14:59:46.066,2026-02-16 12:40:58.203
7175,21,1,1320962484,0. СКЛАД - ОСНОВЕН,Машини,Флекс Bosch GWS17-125S,323001071,1785439929539496190,,|1—Флекс|3—Bosch|4—GWS17-125S|5—производствен цех|,«0000N0000000000,0.0,0.0,,,0.0,0.0,M,L,L,0.0,0.0,0.0,0,,0.0,0.0,2026-03-02 14:59:46.066,2026-02-16 12:40:58.184
7175,23,1,1320962484,0. СКЛАД - ОСНОВЕН,Машини,Флекс Bosch GWS2200,327029927,1785439929539496191,,|1—Флекс|3—Bosch|4—GWS2200|5—производствен цех|,«0000N0000000000,0.0,0.0,,,0.0,0.0,M,L,L,0.0,0.0,0.0,0,,0.0,0.0,2026-03-02 14:59:46.066,2026-02-16 12:40:58.166
7175,25,1,1320962484,0. СКЛАД - ОСНОВЕН,Машини,Флекс Bosch GWS750,124088157,1785439929539496192,,|1—Флекс|3—Bosch|4—GWS750|5—производствен цех|,«0000N0000000000,0.0,0.0,,,0.0,0.0,M,L,L,0.0,0.0,0.0,0,,0.0,0.0,2026-03-02 14:59:46.082,2026-02-16 12:40:58.148
7175,27,1,1320962484,0. СКЛАД - ОСНОВЕН,Машини,Флекс Bosch GWS9-125S,911061887,1785439929539496193,,|1—Флекс|3—Bosch|4—GWS9-125S|5—производствен цех|,«0000N0000000000,0.0,0.0,,,0.0,0.0,M,L,L,0.0,0.0,0.0,0,,0.0,0.0,2026-03-02 14:59:46.082,2026-02-16 12:40:58.130
7175,29,1,1320962484,0. СКЛАД - ОСНОВЕН,Машини,Флекс Bosch GWS9-125S 0,123061469,1785439929539496194,,|1—Флекс|3—Bosch|4—GWS9-125S|5—производствен цех|,«0000N0000000000,0.0,0.0,,,0.0,0.0,M,L,L,0.0,0.0,0.0,0,,0.0,0.0,2026-03-02 14:59:46.082,2026-02-16 12:40:58.111
7180,0,1,1320962484,0. СКЛАД - ОСНОВЕН,Машини,Фреза Makita N5900B,1354710,1785439929539496195,,|1—Фреза|3—Makita|4—N5900B|5—хале|,«0000N0000000000,0.0,0.0,,,0.0,0.0,M,L,L,0.0,0.0,0.0,0,,0.0,0.0,2026-03-02 14:59:46.097,2026-02-16 12:40:58.080
7180,2,1,1320962484,0. СКЛАД - ОСНОВЕН,Машини,Циркуляр Metabo KGS305M,19305000,1785439929539496196,,|1—Циркуляр|3—Metabo|4—KGS305M|5—производствен цех|,«0000N0000000000,0.0,0.0,,,0.0,0.0,M,L,L,0.0,0.0,0.0,0,,0.0,0.0,2026-03-02 14:59:46.097,2026-02-16 12:40:58.062
7180,3,1,,0. СКЛАД - ОСНОВЕН,2.5.4. Вентили,Магнетвентил мод. 6213 G1“ с бобина,946255,1785439929539496202,,,«0000N0000000000,1.0,0.0,,,0.0,0.0,M,M,M,384.0,0.0,0.0,0,,0.0,0.0,2026-02-17 10:38:01.065,2026-02-17 10:38:01.065
7180,4,1,,0. СКЛАД - ОСНОВЕН,2.5.4. Вентили,Магнетвентил мод. 6213 G1“ с бобина,946252,1785439929539496203,,,«0000N0000000000,1.0,0.0,,,0.0,0.0,M,M,M,384.0,0.0,0.0,0,,0.0,0.0,2026-02-17 10:38:00.987,2026-02-17 10:38:00.987
7180,5,1,1319644489,System - 60kW Brikel (60),2.5.4. Вентили,Магнетвентил мод. 6213 G1“ с бобина,946254,1785439929539496204,,,«0000N0000000000,1.0,0.0,,,0.0,0.0,M,M,M,384.0,0.0,0.0,0,,0.0,0.0,2026-02-17 10:40:38.992,2026-02-17 10:40:38.992
7180,6,1,1319644492,System - 60kW Brikel (60),2.5.4. Вентили,Магнетвентил мод. 6213 G1“ с бобина,946256,1785439929539496205,,,«0000N0000000000,1.0,0.0,,,0.0,0.0,M,M,M,384.0,0.0,0.0,0,,0.0,0.0,2026-02-17 10:40:41.810,2026-02-17 10:40:41.810
7180,7,1,1319644736,System - 60kW Brikel (60),Други (Електроника),Управление за сензор за газ GA-220,213814/130825,1785439929539496206,,,«0000N0000000000,1.0,0.0,,,0.0,0.0,M,L,L,138.201687,0.0,0.0,0,,0.0,0.0,2026-02-17 10:44:11.858,2026-02-17 10:44:11.858
7180,8,1,1319757175,System - 60kW Brikel (60),2.5.3. Кранове на резба,Кран сфер. на рез. 316L DN15,265835/031225/1,1785439929539496207,,|1—сферичен кран с резба|2—1/2 - DN15|5—склад|,«0000N0000000000,2.0,0.0,,,0.0,0.0,M,L,L,33.37713400448914,0.0,0.0,0,,0.0,0.0,2026-02-18 13:43:20.331,2026-02-18 13:43:20.331
7180,9,1,1320240161,System - 90kW Volkswagen (59),Газ анализ - Крепежи,Cable gland 1/2` NPT PG 13.5 with OR modular,E250569/14,1785439929539496214,,,«0000N0000000000,1.0,0.0,,,0.0,0.0,M,L,L,8.74,0.0,0.0,0,,0.0,0.0,2026-02-23 09:38:20.340,2026-02-23 09:38:20.340
7180,10,1,1320358921,System - 60kW Brikel (60),2.5.1. Кранове на фланци,Кран сфер. на фл. 2-части 316L PN40 1“,84818081/101225,1785439929539496215,,,«0000N0000000000,1.0,0.0,,,0.0,0.0,M,L,L,66.73,0.0,0.0,0,,0.0,0.0,2026-02-24 14:08:28.429,2026-02-24 14:08:28.429
7180,11,1,,0. СКЛАД - ОСНОВЕН,2.5.5. Клапани,Иглен клапан (Slid. Gate Mot. Valve 8038 H2) 1“,3047950001/1,1785439929539496216,,,«0000N0000000000,1.0,0.0,,,0.0,0.0,M,L,L,3672.49,0.0,0.0,0,,0.0,0.0,2026-02-25 10:34:07.351,2026-02-25 10:34:07.351
7180,12,1,,0. СКЛАД - ОСНОВЕН,2.5.5. Клапани,Иглен клапан (Slid. Gate Mot. Valve 8038 O2) 1``,3047950002/1,1785439929539496217,,,«0000N0000000000,1.0,0.0,,,0.0,0.0,M,M,M,3336.34,0.0,0.0,0,,0.0,0.0,2026-02-25 10:38:15.863,2026-02-25 10:38:15.863
7180,13,1,1323468639,0. СКЛАД - ОСНОВЕН,Газ анализ - Сензори,Мeasuring chamber for DPA- измервателна камера,260108-2,1785439929539496218,,,«0000N0000000000,0.0,0.0,,,0.0,0.0,M,L,L,316.56,0.0,0.0,0,,0.0,0.0,2026-03-27 16:28:13.470,2026-03-27 16:28:13.470
7180,14,1,,0. СКЛАД - ОСНОВЕН,Газ анализ - Крепежи,Fixing bracket for DP324,260108-3,1785439929539496219,,,«0000N0000000000,0.0,0.0,,,0.0,0.0,M,L,L,26.16,0.0,0.0,0,,0.0,0.0,2026-03-27 16:20:18.351,2026-03-27 16:20:18.351
7180,15,1,,0. СКЛАД - ОСНОВЕН,Газ анализ - Сензори,Dew Point Analyser with integral touchscreen LCD,260108-6,1785439929539496220,,,«0000N0000000000,1.0,0.0,,,0.0,0.0,M,L,L,1146.8,0.0,0.0,0,,0.0,0.0,2026-02-25 13:55:00.372,2026-02-25 13:55:00.372
7180,16,1,,0. СКЛАД - ОСНОВЕН,Газ анализ - Арматури,"Отцедник за течности SS316, 1/2`, DP320B",1-000735,1785439929539496222,,,«0000N0000000000,0.0,0.0,,,0.0,0.0,M,M,M,278.4,0.0,0.0,0,,0.0,0.0,2026-02-25 14:07:59.518,2026-02-25 14:07:59.518
7180,17,1,,0. СКЛАД - ОСНОВЕН,Газ анализ - Арматури,"Отцедник за течности SS316, 1/2`, DP320B",1-000739,1785439929539496223,,,«0000N0000000000,0.0,0.0,,,0.0,0.0,M,M,M,278.4,0.0,0.0,0,,0.0,0.0,2026-02-25 14:08:02.252,2026-02-25 14:08:02.252
7180,18,1,,0. СКЛАД - ОСНОВЕН,Газ анализ - Сензори,"Предавател, DP320B, dew point transmitter",260108-4,1785439929539496224,,,«0000N0000000000,1.0,0.0,,,0.0,0.0,M,M,M,963.2,0.0,0.0,0,,0.0,0.0,2026-02-25 13:57:57.630,2026-02-25 13:57:57.630
7180,19,1,,0. СКЛАД - ОСНОВЕН,Газ анализ - Сензори,Dew Point Analyser with integral touchscreen LCD,260108-1,1785439929539496225,,,«0000N0000000000,0.0,0.0,,,0.0,0.0,M,L,L,1457.0,0.0,0.0,0,,0.0,0.0,2026-03-26 15:30:53.216,2026-03-26 15:30:53.216
7180,21,1,1320458888,System - 90kW Volkswagen (59),Газ анализ - Арматури,"Отцедник за течности SS316, 1/2`, DP320B",1-000735,1785439929539496226,,,«0000N0000000000,1.0,0.0,,,0.0,0.0,M,M,M,278.4,0.0,0.0,0,,0.0,0.0,2026-02-25 14:07:59.533,2026-02-25 14:07:59.533
7332,0,1,1320458891,System - 90kW Volkswagen (59),Газ анализ - Арматури,"Отцедник за течности SS316, 1/2`, DP320B",1-000739,1785439929539496227,,,«0000N0000000000,1.0,0.0,,,0.0,0.0,M,M,M,278.4,0.0,0.0,0,,0.0,0.0,2026-02-25 14:08:02.252,2026-02-25 14:08:02.252
7332,1,1,1320937712,System - 90kW Volkswagen (59),ИФМ,Заваръчен адаптер за процесни сензори,40428/270126/3,1785439929539496228,,,«0000N0000000000,1.0,0.0,,,0.0,0.0,M,L,L,37.83,0.0,0.0,0,,0.0,0.0,2026-03-02 09:03:03.879,2026-03-02 09:03:03.879
7332,2,1,1320937722,System - 90kW Volkswagen (59),Кабели - Мрежови,Свързващ кабел с конектор,40428/270126/2,1785439929539496229,,,«0000N0000000000,1.0,0.0,,,0.0,0.0,M,L,L,32.09,0.0,0.0,0,,0.0,0.0,2026-03-02 09:03:12.269,2026-03-02 09:03:12.269
7332,3,1,1320937808,System - 90kW Volkswagen (59),Сензори,Сензор за проводимост,40428/270126/1,1785439929539496230,,,«0000N0000000000,1.0,0.0,,,0.0,0.0,M,L,L,633.81,0.0,0.0,0,,0.0,0.0,2026-03-02 09:04:27.050,2026-03-02 09:04:27.050
7332,4,1,1320957890,System - 90kW Volkswagen (59),2.5.2. Кранове на заварка,Кран сфер. на зав. 3-части 316L PN63 1“,84818099/1/101225,1785439929539496232,,,«0000N0000000000,1.0,0.0,,,0.0,0.0,M,L,L,15.783522,0.0,0.0,0,,0.0,0.0,2026-03-02 13:53:37.381,2026-03-02 13:53:37.381
7332,5,1,1320957900,System - 90kW Volkswagen (59),2.5.6. Актуатори,Актуатор (Electric act. GE-15 24/240V),85439000/101225,1785439929539496233,,,«0000N0000000000,1.0,0.0,,,0.0,0.0,M,L,L,309.93,0.0,0.0,0,,0.0,0.0,2026-03-02 13:53:46.130,2026-03-02 13:53:46.130
7332,6,1,1320962484,System - 500kW Titan Zlatna Panega (58),Вътрешни изделия и детайли,Табло Металхидрид,281125/1,1785439929539496234,,,«0000N0000000000,1.0,0.0,,,0.0,0.0,M,L,L,6138.682809855662,0.0,0.0,0,,0.0,0.0,2026-03-04 08:11:02.454,2026-03-04 08:11:02.454
7332,7,1,1320962484,"Склад производство, 500kW",ИТТ,Шайба пружинна vZn-M12,12314,1785439929539496235,,,«0000N0000000000,0.0,0.0,,,0.0,0.0,M,L,L,1.3651493227939033,0.0,0.0,0,,0.0,0.0,2026-03-04 08:11:01.110,2026-03-04 08:11:01.110
7332,8,1,1321157828,0. СКЛАД - ОСНОВЕН,Логисофт,"Контролер (Simatic HMI, 7``TFT display)",2505/071025/1,1785439929539496236,,,«0000N0000000000,1.0,0.0,,,0.0,0.0,M,L,L,760.983584,0.0,0.0,0,,0.0,0.0,2026-03-04 13:52:43.260,2026-03-04 13:52:43.260
7332,9,1,1321235547,System - 90kW Volkswagen (59),Газ анализ - Фитинги,"Тройник, union tee 6mm SWA",230126/14,1785439929539496240,,,«0000N0000000000,3.0,0.0,,,0.0,0.0,M,L,L,36.516332,0.0,0.0,0,,0.0,0.0,2026-03-06 14:14:33.665,2026-03-06 14:14:33.665
7332,10,1,1321157835,0. СКЛАД - ОСНОВЕН,Логисофт,Карта памет (Simatic S7),2505/071025/2,1785439929539496237,,,«0000N0000000000,1.0,0.0,,,0.0,0.0,M,L,L,195.997909,0.0,0.0,0,,0.0,0.0,2026-03-04 13:52:49.509,2026-03-04 13:52:49.509
7332,11,1,1321240868,0. СКЛАД - ОСНОВЕН,5. Устройства,Вентилатор (ZN080-ZIL.GQ.V7P3),42600137/160126,1785439929539496241,,,«0000N0000000000,1.0,0.0,,,0.0,0.0,M,L,L,1443.94,0.0,0.0,0,,0.0,0.0,2026-03-05 09:48:30.464,2026-03-05 09:48:30.464
7332,13,1,1321157841,0. СКЛАД - ОСНОВЕН,Логисофт,Електроника (Simatic S7-1200 G2),2505/071025/3,1785439929539496238,,,«0000N0000000000,1.0,0.0,,,0.0,0.0,M,L,L,429.989777,0.0,0.0,0,,0.0,0.0,2026-03-04 13:52:54.806,2026-03-04 13:52:54.806
7332,14,1,1321245167,0. СКЛАД - ОСНОВЕН,"2.7. PP, Месинг, Хром връзки",Капа PP G8301 ф32,10146144/141125/2,1785439929539496242,,,«0000N0000000000,5.0,0.0,,,0.0,0.0,M,L,L,1.022583762392437,0.0,0.0,0,,0.0,0.0,2026-03-05 10:50:24.718,2026-03-05 10:50:24.718
7332,15,1,1321157847,0. СКЛАД - ОСНОВЕН,Логисофт,"Захранване (Sitop PSU100L,24V/10A pow.sup.inp.)",2505/071025/4,1785439929539496239,,,«0000N0000000000,1.0,0.0,,,0.0,0.0,M,L,L,124.995066,0.0,0.0,0,,0.0,0.0,2026-03-04 13:52:59.899,2026-03-04 13:52:59.899
7332,16,1,,0. СКЛАД - ОСНОВЕН,5. Устройства,Помпа HTM 10 с фланци,260279/1,1785439929539496243,,,«0000N0000000000,0.0,0.0,,,0.0,0.0,M,M,M,2218.1,0.0,0.0,0,,0.0,0.0,2026-03-06 15:09:33.283,2026-03-06 15:09:33.283
7332,18,1,,0. СКЛАД - ОСНОВЕН,5. Устройства,Помпа HTM 10 с фланци,260279/2,1785439929539496244,,,«0000N0000000000,0.0,0.0,,,0.0,0.0,M,M,M,2218.1,0.0,0.0,0,,0.0,0.0,2026-03-06 15:09:36.578,2026-03-06 15:09:36.578
7332,20,1,1321363163,System - 60kW Brikel (60),5. Устройства,Помпа HTM 10 с фланци,260279/1,1785439929539496245,,,«0000N0000000000,1.0,0.0,,,0.0,0.0,M,M,M,2218.1,0.0,0.0,0,,0.0,0.0,2026-03-06 15:09:33.298,2026-03-06 15:09:33.298
7332,22,1,1321637459,System - 500kW Titan Zlatna Panega (58),2.5.1. Кранове на фланци,Кран сфер. на фл. 2-части 316L PN40 (Акт) 1“,050126/2,1785439929539496247,,,«0000N0000000000,5.0,0.0,,,0.0,0.0,M,L,L,274.58,0.0,0.0,0,,0.0,0.0,2026-03-09 08:59:25.144,2026-03-09 08:59:25.144
7332,23,1,1321363166,System - 60kW Brikel (60),5. Устройства,Помпа HTM 10 с фланци,260279/2,1785439929539496246,,,«0000N0000000000,1.0,0.0,,,0.0,0.0,M,M,M,2218.1,0.0,0.0,0,,0.0,0.0,2026-03-06 15:09:36.593,2026-03-06 15:09:36.593
7671,1,1,1323155366,System - 60kW Brikel (60),Сензори,Трансмитер за налягане 0-10 bar. G 1/2“,25699,1785439929539496248,,|1—датчик|5—склад|,«0000N0000000000,2.0,0.0,,,0.0,0.0,M,L,L,326.935367593298,0.0,0.0,0,,0.0,0.0,2026-03-24 13:17:16.953,2026-03-24 13:15:27.818
7671,3,1,1323155366,System - 60kW Brikel (60),Сензори,Трансмитер за налягане 0-10 bar. G 1/2“,25692,1785439929539496249,,|1—датчик|5—склад|,«0000N0000000000,2.0,0.0,,,0.0,0.0,M,L,L,326.935367593298,0.0,0.0,0,,0.0,0.0,2026-03-24 13:17:16.953,2026-03-24 13:15:34.295
7671,4,1,,0. СКЛАД - ОСНОВЕН,1.2.2 Съдове (Очиска),Топлообменник XT Hexonic FF.PRO.SS.Gr.1,220004523001,1785439929539496251,,,«0000N0000000000,0.0,0.0,,,0.0,0.0,M,M,M,1005.0,0.0,0.0,0,,0.0,0.0,2026-03-11 08:58:28.651,2026-03-11 08:58:28.651
7671,5,1,,0. СКЛАД - ОСНОВЕН,1.2.2 Съдове (Очиска),Топлообменник XT Hexonic JAD X 2.11.08.68,140022080001,1785439929539496252,,,«0000N0000000000,1.0,0.0,,,0.0,0.0,M,M,M,1655.0,0.0,0.0,0,,0.0,0.0,2026-03-11 08:57:34.514,2026-03-11 08:57:34.514
7671,6,1,,0. СКЛАД - ОСНОВЕН,1.2.2 Съдове (Очиска),Топлообменник XT Hexonic JAD X 2.11.08.68,140022080002,1785439929539496253,,,«0000N0000000000,1.0,0.0,,,0.0,0.0,M,M,M,1655.0,0.0,0.0,0,,0.0,0.0,2026-03-11 08:57:34.545,2026-03-11 08:57:34.545
7671,7,1,1321837397,System - 60kW Brikel (60),1.2.2 Съдове (Очиска),Топлообменник XT Hexonic FF.PRO.SS.Gr.1,220004523002,1785439929539496255,,,«0000N0000000000,1.0,0.0,,,0.0,0.0,M,M,M,1005.0,0.0,0.0,0,,0.0,0.0,2026-03-11 08:58:31.588,2026-03-11 08:58:31.588
7671,8,1,1321837394,System - 60kW Brikel (60),1.2.2 Съдове (Очиска),Топлообменник XT Hexonic FF.PRO.SS.Gr.1,220004523001,1785439929539496254,,,«0000N0000000000,1.0,0.0,,,0.0,0.0,M,M,M,1005.0,0.0,0.0,0,,0.0,0.0,2026-03-11 08:58:28.666,2026-03-11 08:58:28.666
7671,9,1,1321839215,System - 60kW Brikel (60),2.5.1. Кранове на фланци,Кран сфер. на фл. 2-части 316L PN40 (Акт) 1 1/2“,1419195/040925/5,1785439929539496256,,,«0000N0000000000,2.0,0.0,,,0.0,0.0,M,L,L,379.755535,0.0,0.0,0,,0.0,0.0,2026-03-11 09:24:41.581,2026-03-11 09:24:41.581
7671,11,1,1321839226,System - 60kW Brikel (60),2.5.1. Кранове на фланци,Кран сфер. на фл. 2-части 316L PN40 (Акт) 1“,050126/2,1785439929539496257,,,«0000N0000000000,6.0,0.0,,,0.0,0.0,M,L,L,274.58,0.0,0.0,0,,0.0,0.0,2026-04-08 12:46:15.136,2026-04-08 12:46:15.136
7671,12,1,1321956332,System - 90kW Volkswagen (59),Сензори,Сензор за газ H2 GS-220,25070100099,1785439929539496258,,,«0000N0000000000,1.0,0.0,,,0.0,0.0,M,L,L,177.315372,0.0,0.0,0,,0.0,0.0,2026-03-12 13:31:10.948,2026-03-12 13:31:10.948
7671,13,1,1321956337,System - 90kW Volkswagen (59),Сензори,Сензор за газ H2 GS-220,25070100100,1785439929539496259,,,«0000N0000000000,0.0,0.0,,,0.0,0.0,M,L,L,177.315372,0.0,0.0,0,,0.0,0.0,2026-05-20 08:30:16.557,2026-05-20 08:30:16.557
7671,14,1,,Неактивен 2,0. Разни,Разпробита капа,130326/1,1785439929539496261,,|137—13 мин|,«0000N0000000000,0.0,0.0,,,0.0,0.0,M,L,L,20.190842,0.0,0.0,0,,0.0,0.0,2026-03-13 09:02:24.583,2026-03-13 09:02:24.583
7671,16,1,1322037667,Неактивен 2,1.2.1. Части (Очиска),Демистър 4“ - Дъно,130326/2,1785439929539496262,,|137—77 мин|,«0000N0000000000,0.0,0.0,,,0.0,0.0,M,L,L,25.98928,0.0,0.0,0,,0.0,0.0,2026-03-13 09:07:43.072,2026-03-13 09:07:43.072
7671,18,1,1322037694,Неактивен 2,0. Разни,Среден фланец с тръба и коляно,130326/3,1785439929539496263,,|137—52 мин|,«0000N0000000000,0.0,0.0,,,0.0,0.0,M,L,L,8.2208,0.0,0.0,0,,0.0,0.0,2026-03-13 09:07:43.088,2026-03-13 09:07:43.088
7671,19,1,,Неактивен 2,1) Грийн Иновейшън АД,"Вътрешна част(гъба,кръст,ос)",130326/4,1785439929539496264,,|137—20 мин|,«0000N0000000000,0.0,0.0,,,0.0,0.0,M,L,L,86.7601099,0.0,0.0,0,,0.0,0.0,2026-03-13 09:07:43.103,2026-03-13 09:07:43.103
7671,21,1,1322038035,0. СКЛАД - ОСНОВЕН,1.2.2 Съдове (Очиска),Демистър 4“,130326/5,1785439929539496265,,|137—5 часа и 33  мин|,«0000N0000000000,0.0,0.0,,,0.0,0.0,M,L,L,163.73,0.0,0.0,0,,0.0,0.0,2026-03-13 09:08:14.429,2026-03-13 09:08:14.429
7671,22,1,1322059346,2. МЕТАЛХИДРИД,Вътрешни изделия и детайли,Тяло на бутилка,130326/11,1785439929539496267,,|137—15 мин|,«0000N0000000000,0.0,0.0,,,0.0,0.0,M,L,L,1.83050847457627,0.0,0.0,0,,0.0,0.0,2026-03-13 14:16:59.976,2026-03-13 14:16:59.976
7671,23,1,1322038071,System - 60kW Brikel (60),1.2.2 Съдове (Очиска),Демистър 4“,130326/5,1785439929539496266,,|137—5 часа и 33  мин|,«0000N0000000000,1.0,0.0,,,0.0,0.0,M,L,L,163.73,0.0,0.0,0,,0.0,0.0,2026-03-13 09:08:14.445,2026-03-13 09:08:14.445
7671,25,1,,2. МЕТАЛХИДРИД,Вътрешни изделия и детайли,Дъно за бутилка,130326/12,1785439929539496268,,|137—15 мин|,«0000N0000000000,0.0,0.0,,,0.0,0.0,M,L,L,0.4747222222222222,0.0,0.0,0,,0.0,0.0,2026-03-13 14:16:59.960,2026-03-13 14:16:59.960
7673,1,1,,2. МЕТАЛХИДРИД,Вътрешни изделия и детайли,Тапа за бутилка,130326/13,1785439929539496269,,|137—30 мин|,«0000N0000000000,0.0,0.0,,,0.0,0.0,M,L,L,0.5893103448275863,0.0,0.0,0,,0.0,0.0,2026-03-13 14:16:59.945,2026-03-13 14:16:59.945
7673,3,1,,2. МЕТАЛХИДРИД,Вътрешни изделия и детайли,Пълнеж за бутилка,130326/14,1785439929539496270,,|137—9 часа 45 мин|,«0000N0000000000,0.0,0.0,,,0.0,0.0,M,L,L,23.93066666666667,0.0,0.0,0,,0.0,0.0,2026-03-13 14:18:09.508,2026-03-13 14:18:09.508
7673,4,1,,0. СКЛАД - ОСНОВЕН,2. Консумативи,Ръкавици ярешка кожа,250320261,1785439929539496310,,,«0000N0000000000,10.0,0.0,,,0.0,0.0,M,L,L,4.47,0.0,0.0,0,,0.0,0.0,2026-03-25 14:09:27.844,2026-03-25 14:09:27.844
7673,5,1,,Неактивен 2,1.3. Металхидрид,Бутилки Металхидрид - Полуготови,130326/15,1785439929539496271,,,«0000N0000000000,0.0,0.0,,,0.0,0.0,M,L,L,3.2699999999999996,0.0,0.0,0,,0.0,0.0,2026-03-13 14:18:09.461,2026-03-13 14:18:09.461
7673,6,1,,Неактивен 3,1.3. Металхидрид,Бутилки Металхидрид - Готови,130326/16,1785439929539496272,,|137—5 часа 20 мин|,«0000N0000000000,0.0,0.0,,,0.0,0.0,M,L,L,90.2669,0.0,0.0,0,,0.0,0.0,2026-06-16 14:10:34.928,2026-06-16 14:10:34.928
7673,8,1,1322534465,System - 60kW Brikel (60),Сензори,Датчик за температура,082025,1785439929539496273,,,«0000N0000000000,4.0,0.0,,,0.0,0.0,M,L,L,105.67853,0.0,0.0,0,,0.0,0.0,2026-03-18 08:16:18.473,2026-03-18 08:16:18.473
7673,10,1,1322635949,System - 60kW Brikel (60),2.5.1. Кранове на фланци,Кран сфер. на фл. трипътен 316L (Акт) 1“,84818099/2/101225,1785439929539496274,,,«0000N0000000000,1.0,0.0,,,0.0,0.0,M,L,L,485.2,0.0,0.0,0,,0.0,0.0,2026-03-19 08:37:39.809,2026-03-19 08:37:39.809
7673,11,1,1323152705,0. СКЛАД - ОСНОВЕН,2.5.2. Кранове на заварка,Кран сфер. на зав. 3-части 316L PN63 (Акт) 1“,1447687/190326,1785439929539496275,"За “60kW Брикел“ са със сменени уплътнения. Преместена локация А11/3
",,«0000N0000000000,2.0,0.0,0.0,0.0,0.0,0.0,M,L,L,201.795,0.0,0.0,0,,0.0,0.0,2026-03-24 12:40:11.053,2026-03-24 12:40:11.053
7673,12,1,1323452997,System - 90kW Volkswagen (59),Газ анализ - Крепежи,"Нит-гайка с накат.нам.,цинк, М6/ф9х15",10549203/270126/8,1785439929539496314,,,«0000N0000000000,50.0,0.0,,,0.0,0.0,M,L,L,0.07,0.0,0.0,0,,0.0,0.0,2026-03-27 12:43:10.039,2026-03-27 12:43:10.039
7673,15,1,,0. СКЛАД - ОСНОВЕН,Апогей,Топлообменник XT,26N220004485002,1785439929539496276,,,«0000N0000000000,0.0,0.0,,,0.0,0.0,M,L,L,780.0,0.0,0.0,0,,0.0,0.0,2026-03-20 09:26:05.347,2026-03-20 09:26:05.347
7673,16,1,1323364532,System - 60kW Brikel (60),Газ анализ - Крепежи,"Винт с конусна глава, А2, М4х8",10549203/270126/5,1785439929539496312,,,«0000N0000000000,4.0,0.0,,,0.0,0.0,M,L,L,0.02,0.0,0.0,0,,0.0,0.0,2026-03-26 15:29:16.351,2026-03-26 15:29:16.351
7673,18,1,,0. СКЛАД - ОСНОВЕН,Апогей,Топлообменник XT,26N220004485003,1785439929539496277,,,«0000N0000000000,0.0,0.0,,,0.0,0.0,M,L,L,780.0,0.0,0.0,0,,0.0,0.0,2026-03-20 09:26:05.394,2026-03-20 09:26:05.394
7673,20,1,1322739311,System - 60kW Brikel (60),Апогей,Топлообменник XT,26N220004485002,1785439929539496278,,,«0000N0000000000,1.0,0.0,,,0.0,0.0,M,L,L,780.0,0.0,0.0,0,,0.0,0.0,2026-03-20 09:26:05.363,2026-03-20 09:26:05.363
7673,22,1,1323364645,System - 60kW Brikel (60),Газ анализ - Сензори,Dew Point Analyser with integral touchscreen LCD,260108-1,1785439929539496313,,,«0000N0000000000,1.0,0.0,,,0.0,0.0,M,L,L,1457.0,0.0,0.0,0,,0.0,0.0,2026-03-26 15:30:53.232,2026-03-26 15:30:53.232
7675,1,1,1323265534,System - 60kW Brikel (60),Газ анализ - Сензори,"Дебитомер О2 Plexiglass, Scale 0,2-3",E260004-01/140126/3,1785439929539496311,,,«0000N0000000000,1.0,0.0,,,0.0,0.0,M,L,L,211.3,0.0,0.0,0,,0.0,0.0,2026-03-25 15:43:42.578,2026-03-25 15:43:42.578
7675,2,1,1322739311,System - 60kW Brikel (60),Апогей,Топлообменник XT,26N220004485003,1785439929539496279,,,«0000N0000000000,1.0,0.0,,,0.0,0.0,M,L,L,780.0,0.0,0.0,0,,0.0,0.0,2026-03-20 09:26:05.410,2026-03-20 09:26:05.410
7675,3,1,,0. СКЛАД - ОСНОВЕН,Газ анализ - Крепежи,"Нит-гайка с накат.нам.,цинк, М6/ф9х15",27032026 1,1785439929539496315,,,«0000N0000000000,0.0,0.0,,,0.0,0.0,M,L,L,0.07,0.0,0.0,0,,0.0,0.0,2026-03-27 16:27:41.639,2026-03-27 16:27:41.639
7675,4,1,,0. СКЛАД - ОСНОВЕН,Газ анализ - Крепежи,"Винт с вътршен шестостен, А2, М6х30",27032026 2,1785439929539496316,,,«0000N0000000000,0.0,0.0,,,0.0,0.0,M,L,L,0.11,0.0,0.0,0,,0.0,0.0,2026-03-27 16:27:58.356,2026-03-27 16:27:58.356
7675,5,1,1322755721,System - 10kW Italy,KOBOLD,Compact flow meter - датчик налягане,45251383,1785439929539496280,RnD Италия,,«0000N0000000000,0.0,0.0,,,0.0,0.0,M,L,L,1506.45,0.0,0.0,0,,0.0,0.0,2026-06-16 13:44:22.655,2026-06-16 13:44:22.655
7675,7,1,1322755725,System - 10kW Italy,KOBOLD,"Plug connector M12x1,cabel 5m - конектор с кабел",448937/171125/2,1785439929539496281,,,«0000N0000000000,0.0,0.0,,,0.0,0.0,M,L,L,49.55,0.0,0.0,0,,0.0,0.0,2026-06-16 13:44:22.716,2026-06-16 13:44:22.716
7675,9,1,1322755727,System - 10kW Italy,KOBOLD,Service software - софтуер,448937/171125/3,1785439929539496282,,,«0000N0000000000,0.0,0.0,,,0.0,0.0,M,L,L,378.5,0.0,0.0,0,,0.0,0.0,2026-06-16 13:44:22.775,2026-06-16 13:44:22.775
7675,10,1,1323468077,System - 60kW Brikel (60),Газ анализ - Крепежи,Fixing bracket for DP324,260108-3,1785439929539496317,,,«0000N0000000000,1.0,0.0,,,0.0,0.0,M,L,L,26.16,0.0,0.0,0,,0.0,0.0,2026-03-27 16:20:18.364,2026-03-27 16:20:18.364
7675,12,1,1323468116,System - 60kW Brikel (60),Газ анализ - Арматури,Needle valve - иглен клапан,0005326933,1785439929539496318,,,«0000N0000000000,4.0,0.0,,,0.0,0.0,M,L,L,118.08,0.0,0.0,0,,0.0,0.0,2026-03-27 16:20:52.701,2026-03-27 16:20:52.701
7675,13,1,1322755980,System - 10kW Italy,ИФМ,Намур сензор,39804/251125,1785439929539496283,,,«0000N0000000000,0.0,0.0,,,0.0,0.0,M,L,L,128.364939693123,0.0,0.0,0,,0.0,0.0,2026-06-16 13:44:23.020,2026-06-16 13:44:23.020
7675,15,1,1322755980,System - 10kW Italy,Други (Електроника),Бобина прав ток 12W,265836/031225/1,1785439929539496284,,|1—прав ток|2—12W|5—склад|,«0000N0000000000,0.0,0.0,,,0.0,0.0,M,L,L,12.6902644912901,0.0,0.0,0,,0.0,0.0,2026-06-16 13:44:22.941,2026-06-16 13:44:22.941
7675,16,1,1323468153,System - 60kW Brikel (60),Газ анализ - Крепежи,"Twin Bolted Plastic Clamp Tube Support Kit, 6 mm",0005418800,1785439929539496319,,,«0000N0000000000,0.0,0.0,,,0.0,0.0,M,L,L,9.85,0.0,0.0,0,,0.0,0.0,2026-03-27 16:27:03.873,2026-03-27 16:27:03.873
7675,18,1,1323142712,0. СКЛАД - ОСНОВЕН,2.5.2. Кранове на заварка,Кран сфер. на зав. 3-части 316L PN63 (Акт) 1“,026011235071,1785439929539496285,,,«0000N0000000000,1.0,0.0,,,0.0,0.0,M,L,L,205.128,0.0,0.0,0,,0.0,0.0,2026-03-24 10:12:02.023,2026-03-24 10:12:02.023
7676,1,1,1323142712,0. СКЛАД - ОСНОВЕН,2.5.2. Кранове на заварка,Кран сфер. на зав. 3-части 316L PN63 (Акт) 1“,026011235079,1785439929539496286,,,«0000N0000000000,1.0,0.0,,,0.0,0.0,M,L,L,205.128,0.0,0.0,0,,0.0,0.0,2026-03-24 10:12:02.116,2026-03-24 10:12:02.116
7676,2,1,1323468202,System - 60kW Brikel (60),Газ анализ - Крепежи,"Bolted Plastic Clamp Support Kit, 6 mm - скоба",0005315211,1785439929539496320,,,«0000N0000000000,20.0,0.0,,,0.0,0.0,M,L,L,7.43,0.0,0.0,0,,0.0,0.0,2026-03-27 16:22:07.076,2026-03-27 16:22:07.076
7676,4,1,1323142712,0. СКЛАД - ОСНОВЕН,2.5.2. Кранове на заварка,Кран сфер. на зав. 3-части 316L PN63 (Акт) 1“,026011235068,1785439929539496287,,,«0000N0000000000,1.0,0.0,,,0.0,0.0,M,L,L,205.128,0.0,0.0,0,,0.0,0.0,2026-03-24 10:12:01.944,2026-03-24 10:12:01.944
7676,6,1,1323142712,0. СКЛАД - ОСНОВЕН,2.5.2. Кранове на заварка,Кран сфер. на зав. 3-части 316L PN63 (Акт) 1“,026011235072,1785439929539496288,,,«0000N0000000000,1.0,0.0,,,0.0,0.0,M,L,L,205.128,0.0,0.0,0,,0.0,0.0,2026-03-24 10:12:02.054,2026-03-24 10:12:02.054
7676,8,1,1323142712,0. СКЛАД - ОСНОВЕН,2.5.2. Кранове на заварка,Кран сфер. на зав. 3-части 316L PN63 (Акт) 1“,026011235082,1785439929539496289,,,«0000N0000000000,1.0,0.0,,,0.0,0.0,M,L,L,205.128,0.0,0.0,0,,0.0,0.0,2026-03-24 10:12:02.179,2026-03-24 10:12:02.179
7676,9,1,1323468589,System - 60kW Brikel (60),Газ анализ - Крепежи,"Нит-гайка с накат.нам.,цинк, М6/ф9х15",27032026 1,1785439929539496321,,,«0000N0000000000,50.0,0.0,,,0.0,0.0,M,L,L,0.07,0.0,0.0,0,,0.0,0.0,2026-03-27 16:27:41.651,2026-03-27 16:27:41.651
7676,10,1,1323142712,0. СКЛАД - ОСНОВЕН,2.5.2. Кранове на заварка,Кран сфер. на зав. 3-части 316L PN63 (Акт) 1“,026011235269,1785439929539496290,,,«0000N0000000000,1.0,0.0,,,0.0,0.0,M,L,L,205.128,0.0,0.0,0,,0.0,0.0,2026-03-24 10:12:02.257,2026-03-24 10:12:02.257
7676,12,1,1323142712,0. СКЛАД - ОСНОВЕН,2.5.2. Кранове на заварка,Кран сфер. на зав. 3-части 316L PN63 (Акт) 1“,026011235085,1785439929539496291,,,«0000N0000000000,1.0,0.0,,,0.0,0.0,M,L,L,205.128,0.0,0.0,0,,0.0,0.0,2026-03-24 10:12:02.210,2026-03-24 10:12:02.210
7676,13,1,1323468609,System - 60kW Brikel (60),Газ анализ - Крепежи,"Винт с вътршен шестостен, А2, М6х30",27032026 2,1785439929539496322,,,«0000N0000000000,50.0,0.0,,,0.0,0.0,M,L,L,0.11,0.0,0.0,0,,0.0,0.0,2026-03-27 16:27:58.367,2026-03-27 16:27:58.367
7676,15,1,1323142712,0. СКЛАД - ОСНОВЕН,2.5.2. Кранове на заварка,Кран сфер. на зав. 3-части 316L PN63 (Акт) 1“,026011235081,1785439929539496292,,,«0000N0000000000,1.0,0.0,,,0.0,0.0,M,L,L,205.128,0.0,0.0,0,,0.0,0.0,2026-03-24 10:12:02.148,2026-03-24 10:12:02.148
7676,16,1,1323468639,System - 60kW Brikel (60),Газ анализ - Сензори,Мeasuring chamber for DPA- измервателна камера,260108-2,1785439929539496323,,,«0000N0000000000,1.0,0.0,,,0.0,0.0,M,L,L,316.56,0.0,0.0,0,,0.0,0.0,2026-03-27 16:28:24.124,2026-03-27 16:28:13.482
7676,20,1,,0. СКЛАД - ОСНОВЕН,Сензори,Дебитомер (flowmeter) калиева основа,E240373-2,1785439929539496324,,,«0000N0000000000,1.0,0.0,,,0.0,0.0,M,L,L,512.266659167719,0.0,0.0,0,,0.0,0.0,2026-03-30 13:38:22.029,2026-03-30 13:38:22.029
6631,1,1,,System - 60kW Brikel (60),2.5.2. Кранове на заварка,Кран сфер. на зав. 3-части 316L PN63 (Акт) 1“,026011235066,1785439929539496325,,,«0000N0000000000,0.0,0.0,,,0.0,0.0,M,L,L,191.7,0.0,0.0,0,,0.0,0.0,2026-03-31 09:44:31.119,2026-03-31 09:44:31.119
6631,2,1,1323142712,0. СКЛАД - ОСНОВЕН,2.5.2. Кранове на заварка,Кран сфер. на зав. 3-части 316L PN63 (Акт) 1“,026011235069,1785439929539496293,,,«0000N0000000000,1.0,0.0,,,0.0,0.0,M,L,L,205.128,0.0,0.0,0,,0.0,0.0,2026-03-24 10:12:01.991,2026-03-24 10:12:01.991
6631,3,1,,System - 60kW Brikel (60),2.5.2. Кранове на заварка,Кран сфер. на зав. 3-части 316L PN63 (Акт) 1“,026011235074,1785439929539496326,,,«0000N0000000000,0.0,0.0,,,0.0,0.0,M,L,L,191.7,0.0,0.0,0,,0.0,0.0,2026-03-31 09:44:32.228,2026-03-31 09:44:32.228
6631,4,1,1323142712,0. СКЛАД - ОСНОВЕН,2.5.2. Кранове на заварка,Кран сфер. на зав. 3-части 316L PN63 (Акт) 1“,026011235078,1785439929539496294,,,«0000N0000000000,1.0,0.0,,,0.0,0.0,M,L,L,205.128,0.0,0.0,0,,0.0,0.0,2026-03-24 10:12:02.085,2026-03-24 10:12:02.085
6631,5,1,,0. СКЛАД - ОСНОВЕН,Сензори,Нивомер вибрационен 4-pin G1/2 TLS-1/2“,958294,1785439929539496329,,,«0000N0000000000,0.0,0.0,,,0.0,0.0,M,M,M,272.73,0.0,0.0,0,,0.0,0.0,2026-04-08 15:10:47.041,2026-04-08 15:10:47.041
6631,6,1,1323143954,System - 60kW Brikel (60),Газ анализ - Сензори,Анализатор на общозапалими вещества Sirius 8866,E250569/111,1785439929539496295,,|1—Анализатор на общозапалими вещества|5—склад|,«0000N0000000000,1.0,0.0,,,0.0,0.0,M,L,L,3033.6,0.0,0.0,0,,0.0,0.0,2026-03-24 10:32:56.206,2026-03-24 10:32:56.206
6631,7,1,1323840591,0. СКЛАД - ОСНОВЕН,2.5.2. Кранове на заварка,Кран сфер. на зав. 3-части 316L PN63 (Акт) 1“,026011235066,1785439929539496327,,,«0000N0000000000,1.0,0.0,,,0.0,0.0,M,L,L,191.7,0.0,0.0,0,,0.0,0.0,2026-03-31 09:44:31.134,2026-03-31 09:44:31.134
6631,9,1,1323840592,0. СКЛАД - ОСНОВЕН,2.5.2. Кранове на заварка,Кран сфер. на зав. 3-части 316L PN63 (Акт) 1“,026011235074,1785439929539496328,,,«0000N0000000000,1.0,0.0,,,0.0,0.0,M,L,L,191.7,0.0,0.0,0,,0.0,0.0,2026-03-31 09:44:32.244,2026-03-31 09:44:32.244
6631,10,1,1323143975,System - 60kW Brikel (60),Газ анализ - Сензори,Електрохимичен кислороден анализатор OxyTrend E2,E250569/3,1785439929539496296,,|1—Електрохимичен кислороден анализатор|5—склад|,«0000N0000000000,1.0,0.0,,,0.0,0.0,M,L,L,1643.500802,0.0,0.0,0,,0.0,0.0,2026-03-24 10:33:14.720,2026-03-24 10:33:14.720
6631,11,1,,0. СКЛАД - ОСНОВЕН,Сензори,Нивомер вибрационен 4-pin G1/2 TLS-1/2“,958303,1785439929539496330,,,«0000N0000000000,0.0,0.0,,,0.0,0.0,M,M,M,272.73,0.0,0.0,0,,0.0,0.0,2026-04-01 07:55:05.942,2026-04-01 07:55:05.942
6631,12,1,,0. СКЛАД - ОСНОВЕН,Газ анализ - Сензори,Електрохимичен анализатор - 0-100ppm vol. O2,E240373-1,1785439929539496297,,,«0000N0000000000,0.0,0.0,,,0.0,0.0,M,L,L,2568.0,0.0,0.0,0,,0.0,0.0,2026-03-24 10:48:04.985,2026-03-24 10:48:04.985
6631,14,1,,0. СКЛАД - ОСНОВЕН,2.5.1. Кранове на фланци,Кран сфер. на фл. 2-части 316L PN40 1“,14483172403261,1785439929539496299,,,«0000N0000000000,6.0,0.0,,,0.0,0.0,M,L,L,66.73,0.0,0.0,0,,0.0,0.0,2026-05-07 08:37:40.018,2026-05-07 08:37:40.018
6631,15,1,,0. СКЛАД - ОСНОВЕН,Сензори,Нивомер вибрационен 4-pin G1/2 TLS-1/2“,958299,1785439929539496331,,,«0000N0000000000,0.0,0.0,,,0.0,0.0,M,M,M,272.73,0.0,0.0,0,,0.0,0.0,2026-04-01 07:55:03.256,2026-04-01 07:55:03.256
6631,16,1,1323145006,System - 60kW Brikel (60),Газ анализ - Сензори,Електрохимичен анализатор - 0-100ppm vol. O2,E240373-1,1785439929539496298,,,«0000N0000000000,1.0,0.0,,,0.0,0.0,M,L,L,2568.0,0.0,0.0,0,,0.0,0.0,2026-03-24 10:48:05.001,2026-03-24 10:48:05.001
6631,17,1,,0. СКЛАД - ОСНОВЕН,Сензори,Нивомер вибрационен 4-pin G1/2 TLS-1/2“,958304,1785439929539496332,,,«0000N0000000000,0.0,0.0,,,0.0,0.0,M,M,M,272.73,0.0,0.0,0,,0.0,0.0,2026-04-01 07:55:06.830,2026-04-01 07:55:06.830
6631,19,1,,0. СКЛАД - ОСНОВЕН,Сензори,Нивомер вибрационен 4-pin G1/2 TLS-1/2“,958291,1785439929539496333,,,«0000N0000000000,0.0,0.0,,,0.0,0.0,M,M,M,272.73,0.0,0.0,0,,0.0,0.0,2026-04-01 07:54:56.132,2026-04-01 07:54:56.132
6631,20,1,,0. СКЛАД - ОСНОВЕН,Сензори,Нивомер вибрационен 4-pin G1/2 TLS-1/2“,958292,1785439929539496334,,,«0000N0000000000,0.0,0.0,,,0.0,0.0,M,M,M,272.73,0.0,0.0,0,,0.0,0.0,2026-04-01 07:54:57.668,2026-04-01 07:54:57.668
6631,21,1,,0. СКЛАД - ОСНОВЕН,Сензори,Нивомер вибрационен 4-pin G1/2 TLS-1/2“,958297,1785439929539496335,,,«0000N0000000000,0.0,0.0,,,0.0,0.0,M,M,M,272.73,0.0,0.0,0,,0.0,0.0,2026-04-01 07:55:00.377,2026-04-01 07:55:00.377
6631,22,1,1323932981,System - 60kW Brikel (60),Сензори,Нивомер вибрационен 4-pin G1/2 TLS-1/2“,958291,1785439929539496343,,,«0000N0000000000,1.0,0.0,,,0.0,0.0,M,M,M,272.73,0.0,0.0,0,,0.0,0.0,2026-04-01 07:54:56.148,2026-04-01 07:54:56.148
6651,1,1,,0. СКЛАД - ОСНОВЕН,2.5.2. Кранове на заварка,Кран сфер. на зав. 3-части 316L PN63 1“,14483172403262,1785439929539496300,,,«0000N0000000000,6.0,0.0,,,0.0,0.0,M,L,L,20.77,0.0,0.0,0,,0.0,0.0,2026-03-24 12:13:57.711,2026-03-24 12:13:57.711
6651,2,1,,0. СКЛАД - ОСНОВЕН,Сензори,Нивомер вибрационен 4-pin G1/2 TLS-1/2“,958300,1785439929539496336,,,«0000N0000000000,0.0,0.0,,,0.0,0.0,M,M,M,272.73,0.0,0.0,0,,0.0,0.0,2026-04-01 07:55:02.353,2026-04-01 07:55:02.353
6651,3,1,,0. СКЛАД - ОСНОВЕН,2.5.1. Кранове на фланци,Кран сфер. на фл. 2-части 316L PN40 (Акт) 1“,025041174345,1785439929539496301,,,«0000N0000000000,1.0,0.0,,,0.0,0.0,M,L,L,274.58,0.0,0.0,0,,0.0,0.0,2026-03-24 12:24:34.628,2026-03-24 12:24:34.628
6651,4,1,,0. СКЛАД - ОСНОВЕН,2.5.1. Кранове на фланци,Кран сфер. на фл. 2-части 316L PN40 (Акт) 1“,025041174343,1785439929539496302,,,«0000N0000000000,1.0,0.0,,,0.0,0.0,M,L,L,274.58,0.0,0.0,0,,0.0,0.0,2026-03-24 12:24:34.590,2026-03-24 12:24:34.590
6651,5,1,,0. СКЛАД - ОСНОВЕН,Сензори,Нивомер вибрационен 4-pin G1/2 TLS-1/2“,958301,1785439929539496337,,,«0000N0000000000,0.0,0.0,,,0.0,0.0,M,M,M,272.73,0.0,0.0,0,,0.0,0.0,2026-04-01 07:55:04.206,2026-04-01 07:55:04.206
6651,6,1,1323152791,System - 60kW Brikel (60),2.5.2. Кранове на заварка,Кран сфер. на зав. 3-части 316L PN63 (Акт) 1“,1447687/190326,1785439929539496307,За “60kW Брикел“ са със сменени уплътнения. Преместена локация А11/3,,«0000N0000000000,4.0,0.0,,,0.0,0.0,M,L,L,201.795,0.0,0.0,0,,0.0,0.0,2026-03-24 12:40:11.066,2026-03-24 12:40:11.066
6651,7,1,,0. СКЛАД - ОСНОВЕН,Сензори,Нивомер вибрационен 4-pin G1/2 TLS-1/2“,958293,1785439929539496338,,,«0000N0000000000,0.0,0.0,,,0.0,0.0,M,M,M,272.73,0.0,0.0,0,,0.0,0.0,2026-04-01 07:54:58.518,2026-04-01 07:54:58.518
6651,8,1,,0. СКЛАД - ОСНОВЕН,2.5.1. Кранове на фланци,Кран сфер. на фл. 2-части 316L PN40 (Акт) 1“,025071195781,1785439929539496303,,,«0000N0000000000,0.0,0.0,,,0.0,0.0,M,L,L,274.58,0.0,0.0,0,,0.0,0.0,2026-04-14 07:59:03.150,2026-04-14 07:59:03.150
6651,9,1,,0. СКЛАД - ОСНОВЕН,Сензори,Нивомер вибрационен 4-pin G1/2 TLS-1/2“,958295,1785439929539496339,,,«0000N0000000000,0.0,0.0,,,0.0,0.0,M,M,M,272.73,0.0,0.0,0,,0.0,0.0,2026-04-01 07:54:59.390,2026-04-01 07:54:59.390
6651,10,1,,0. СКЛАД - ОСНОВЕН,2.5.1. Кранове на фланци,Кран сфер. на фл. 2-части 316L PN40 (Акт) 1“,025071195782,1785439929539496304,,,«0000N0000000000,1.0,0.0,,,0.0,0.0,M,L,L,274.58,0.0,0.0,0,,0.0,0.0,2026-03-24 12:24:34.697,2026-03-24 12:24:34.697
6651,11,1,,0. СКЛАД - ОСНОВЕН,Сензори,Нивомер вибрационен 4-pin G1/2 TLS-1/2“,958926,1785439929539496340,,,«0000N0000000000,0.0,0.0,,,0.0,0.0,M,M,M,272.73,0.0,0.0,0,,0.0,0.0,2026-04-01 07:55:07.701,2026-04-01 07:55:07.701
6651,12,1,,0. СКЛАД - ОСНОВЕН,2.5.1. Кранове на фланци,Кран сфер. на фл. 2-части 316L PN40 (Акт) 1“,025071195924,1785439929539496305,,,«0000N0000000000,1.0,0.0,,,0.0,0.0,M,L,L,274.58,0.0,0.0,0,,0.0,0.0,2026-03-24 12:24:34.765,2026-03-24 12:24:34.765
6651,13,1,,0. СКЛАД - ОСНОВЕН,Сензори,Нивомер вибрационен 4-pin G1/2 TLS-1/2“,958302,1785439929539496341,,,«0000N0000000000,0.0,0.0,,,0.0,0.0,M,M,M,272.73,0.0,0.0,0,,0.0,0.0,2026-04-01 07:55:05.124,2026-04-01 07:55:05.124
6651,14,1,,0. СКЛАД - ОСНОВЕН,2.5.1. Кранове на фланци,Кран сфер. на фл. 2-части 316L PN40 (Акт) 1“,025071195787,1785439929539496306,,,«0000N0000000000,1.0,0.0,,,0.0,0.0,M,L,L,274.58,0.0,0.0,0,,0.0,0.0,2026-03-24 12:24:34.731,2026-03-24 12:24:34.731
6651,15,1,,0. СКЛАД - ОСНОВЕН,Сензори,Нивомер вибрационен 4-pin G1/2 TLS-1/2“,958298,1785439929539496342,,,«0000N0000000000,0.0,0.0,,,0.0,0.0,M,M,M,272.73,0.0,0.0,0,,0.0,0.0,2026-04-01 07:55:01.180,2026-04-01 07:55:01.180
6651,16,1,1323932983,System - 60kW Brikel (60),Сензори,Нивомер вибрационен 4-pin G1/2 TLS-1/2“,958292,1785439929539496344,,,«0000N0000000000,1.0,0.0,,,0.0,0.0,M,M,M,272.73,0.0,0.0,0,,0.0,0.0,2026-04-01 07:54:57.668,2026-04-01 07:54:57.668
6651,17,1,1323932987,System - 60kW Brikel (60),Сензори,Нивомер вибрационен 4-pin G1/2 TLS-1/2“,958297,1785439929539496347,,,«0000N0000000000,1.0,0.0,,,0.0,0.0,M,M,M,272.73,0.0,0.0,0,,0.0,0.0,2026-04-01 07:55:00.377,2026-04-01 07:55:00.377
6651,18,1,1323932984,System - 60kW Brikel (60),Сензори,Нивомер вибрационен 4-pin G1/2 TLS-1/2“,958293,1785439929539496345,,,«0000N0000000000,1.0,0.0,,,0.0,0.0,M,M,M,272.73,0.0,0.0,0,,0.0,0.0,2026-04-01 07:54:58.518,2026-04-01 07:54:58.518
6651,19,1,1323932985,System - 60kW Brikel (60),Сензори,Нивомер вибрационен 4-pin G1/2 TLS-1/2“,958295,1785439929539496346,,,«0000N0000000000,1.0,0.0,,,0.0,0.0,M,M,M,272.73,0.0,0.0,0,,0.0,0.0,2026-04-01 07:54:59.390,2026-04-01 07:54:59.390
6651,21,1,1323932987,System - 60kW Brikel (60),Сензори,Нивомер вибрационен 4-pin G1/2 TLS-1/2“,958298,1785439929539496348,,,«0000N0000000000,1.0,0.0,,,0.0,0.0,M,M,M,272.73,0.0,0.0,0,,0.0,0.0,2026-04-01 07:55:01.195,2026-04-01 07:55:01.195
6676,1,1,1323155366,System - 60kW Brikel (60),Сензори,Трансмитер за налягане 0-10 bar. G 1/2“,25691,1785439929539496308,,|1—датчик|5—склад|,«0000N0000000000,1.0,0.0,,,0.0,0.0,M,L,L,326.935367593298,0.0,0.0,0,,0.0,0.0,2026-03-24 13:17:16.953,2026-03-24 13:15:41.540
6676,2,1,1323932989,System - 60kW Brikel (60),Сензори,Нивомер вибрационен 4-pin G1/2 TLS-1/2“,958300,1785439929539496349,,,«0000N0000000000,1.0,0.0,,,0.0,0.0,M,M,M,272.73,0.0,0.0,0,,0.0,0.0,2026-04-01 07:55:02.368,2026-04-01 07:55:02.368
6676,3,1,1323155366,System - 60kW Brikel (60),Сензори,Трансмитер за налягане 0-10 bar. G 1/2“,25695,1785439929539496309,,|1—датчик|5—склад|,«0000N0000000000,1.0,0.0,,,0.0,0.0,M,L,L,326.935367593298,0.0,0.0,0,,0.0,0.0,2026-03-24 13:17:16.953,2026-03-24 13:15:51.292
6676,4,1,1323932990,System - 60kW Brikel (60),Сензори,Нивомер вибрационен 4-pin G1/2 TLS-1/2“,958299,1785439929539496350,,,«0000N0000000000,1.0,0.0,,,0.0,0.0,M,M,M,272.73,0.0,0.0,0,,0.0,0.0,2026-04-01 07:55:03.271,2026-04-01 07:55:03.271
6676,5,1,1323932991,System - 60kW Brikel (60),Сензори,Нивомер вибрационен 4-pin G1/2 TLS-1/2“,958301,1785439929539496351,,,«0000N0000000000,1.0,0.0,,,0.0,0.0,M,M,M,272.73,0.0,0.0,0,,0.0,0.0,2026-04-01 07:55:04.206,2026-04-01 07:55:04.206
6676,6,1,1323932992,System - 60kW Brikel (60),Сензори,Нивомер вибрационен 4-pin G1/2 TLS-1/2“,958302,1785439929539496352,,,«0000N0000000000,1.0,0.0,,,0.0,0.0,M,M,M,272.73,0.0,0.0,0,,0.0,0.0,2026-04-01 07:55:05.124,2026-04-01 07:55:05.124
6676,7,1,1323932993,System - 60kW Brikel (60),Сензори,Нивомер вибрационен 4-pin G1/2 TLS-1/2“,958303,1785439929539496353,,,«0000N0000000000,1.0,0.0,,,0.0,0.0,M,M,M,272.73,0.0,0.0,0,,0.0,0.0,2026-04-01 07:55:05.942,2026-04-01 07:55:05.942
6676,8,1,1323932994,System - 60kW Brikel (60),Сензори,Нивомер вибрационен 4-pin G1/2 TLS-1/2“,958304,1785439929539496354,,,«0000N0000000000,1.0,0.0,,,0.0,0.0,M,M,M,272.73,0.0,0.0,0,,0.0,0.0,2026-04-01 07:55:06.845,2026-04-01 07:55:06.845
6676,9,1,1323932995,System - 60kW Brikel (60),Сензори,Нивомер вибрационен 4-pin G1/2 TLS-1/2“,958926,1785439929539496355,,,«0000N0000000000,1.0,0.0,,,0.0,0.0,M,M,M,272.73,0.0,0.0,0,,0.0,0.0,2026-04-01 07:55:07.717,2026-04-01 07:55:07.717
6676,10,1,,0. СКЛАД - ОСНОВЕН,2.5.4. Вентили,Магнетвентил 1“,955622,1785439929539496356,,,«0000N0000000000,1.0,0.0,,,0.0,0.0,M,L,L,191.66,0.0,0.0,0,,0.0,0.0,2026-04-01 08:13:54.440,2026-04-01 08:13:54.440
6676,12,1,,0. СКЛАД - ОСНОВЕН,2.5.4. Вентили,Магнетвентил 1“,955623,1785439929539496357,,,«0000N0000000000,1.0,0.0,,,0.0,0.0,M,L,L,191.66,0.0,0.0,0,,0.0,0.0,2026-04-01 08:13:54.475,2026-04-01 08:13:54.475
6676,14,1,,0. СКЛАД - ОСНОВЕН,2.5.4. Вентили,Магнетвентил 1“,955624,1785439929539496360,,,«0000N0000000000,1.0,0.0,,,0.0,0.0,M,L,L,191.66,0.0,0.0,0,,0.0,0.0,2026-04-01 08:17:41.647,2026-04-01 08:17:41.647
6676,16,1,,0. СКЛАД - ОСНОВЕН,2.5.4. Вентили,Магнетвентил 1“,955621,1785439929539496358,,,«0000N0000000000,1.0,0.0,,,0.0,0.0,M,L,L,191.66,0.0,0.0,0,,0.0,0.0,2026-04-01 08:13:54.402,2026-04-01 08:13:54.402
6676,17,1,,0. СКЛАД - ОСНОВЕН,2.5.4. Вентили,Магнетвентил 1“,955619,1785439929539496359,,,«0000N0000000000,1.0,0.0,,,0.0,0.0,M,L,L,191.66,0.0,0.0,0,,0.0,0.0,2026-04-01 08:13:54.364,2026-04-01 08:13:54.364
6676,18,1,,0. СКЛАД - ОСНОВЕН,2.5.4. Вентили,Магнетвентил 1“,955620,1785439929539496361,,,«0000N0000000000,1.0,0.0,,,0.0,0.0,M,L,L,191.66,0.0,0.0,0,,0.0,0.0,2026-04-01 08:17:41.610,2026-04-01 08:17:41.610
6676,19,1,,0. СКЛАД - ОСНОВЕН,5. Устройства,Захранване 90kW,F-01-07-26007,1785439929539496362,,,«0000N0000000000,0.0,0.0,,,0.0,0.0,M,M,M,17207.01,0.0,0.0,0,,0.0,0.0,2026-04-08 12:58:18.488,2026-04-08 12:58:18.488
6676,20,1,,0. СКЛАД - ОСНОВЕН,Газ анализ - Фитинги,MALE CONNECTOR 6MM SWA – R 1/8`` - мъжка връзка,5477898,1785439929539496363,,,«0000N0000000000,14.0,0.0,,,0.0,0.0,M,L,L,12.54,0.0,0.0,0,,0.0,0.0,2026-06-17 08:59:03.917,2026-06-17 08:59:03.917
6676,21,1,1323963600,0. СКЛАД - ОСНОВЕН,Газ анализ - Фитинги,Male connector 6MM SWA-1/4`` GAS-CONICO,5338976,1785439929539496364,,,«0000N0000000000,5.0,0.0,0.0,0.0,0.0,0.0,M,L,L,13.08,0.0,0.0,0,,0.0,0.0,2026-06-17 08:58:51.223,2026-06-17 08:58:51.223
6676,22,1,1323963606,0. СКЛАД - ОСНОВЕН,Газ анализ - Фитинги,Male connector 6MM SWA-1/4`` GAS-CONICO,5509248,1785439929539496365,,,«0000N0000000000,0.0,0.0,0.0,0.0,0.0,0.0,M,L,L,13.08,0.0,0.0,0,,0.0,0.0,2026-06-17 08:58:35.160,2026-06-17 08:58:35.160
6676,23,1,,0. СКЛАД - ОСНОВЕН,Газ анализ - Арматури,3 Way Ball valve - трипътник,5580809,1785439929539496366,,,«0000N0000000000,4.0,0.0,,,0.0,0.0,M,L,L,155.11,0.0,0.0,0,,0.0,0.0,2026-04-01 15:11:43.929,2026-04-01 15:11:43.929
6682,1,1,1324654345,0. СКЛАД - ОСНОВЕН,Сензори,Дебитомер DN25-R1-M-24V-PTFE,2260080,1785439929539496374,,,«0000N0000000000,0.0,0.0,0.0,0.0,0.0,0.0,M,M,M,1357.5,0.0,0.0,0,,0.0,0.0,2026-04-08 13:02:35.192,2026-04-08 13:02:35.192
6682,2,1,,0. СКЛАД - ОСНОВЕН,Газ анализ - Фитинги,"Фитинг, коляно, 6mm Tube OD",5253417,1785439929539496367,,,«0000N0000000000,6.0,0.0,,,0.0,0.0,M,M,M,29.540000000000003,0.0,0.0,0,,0.0,0.0,2026-04-01 15:13:32.975,2026-04-01 15:13:32.975
6682,3,1,,0. СКЛАД - ОСНОВЕН,Газ анализ - Фитинги,316 SS Ferrule set - комплект ферули,5205716,1785439929539496368,,,«0000N0000000000,10.0,0.0,,,0.0,0.0,M,L,L,3.69,0.0,0.0,0,,0.0,0.0,2026-04-01 15:13:50.297,2026-04-01 15:13:50.297
6682,4,1,,0. СКЛАД - ОСНОВЕН,Газ анализ - Арматури,Needle valve - иглен клапан,5589029,1785439929539496369,,,«0000N0000000000,3.0,0.0,,,0.0,0.0,M,L,L,118.746,0.0,0.0,0,,0.0,0.0,2026-04-01 15:14:11.561,2026-04-01 15:14:11.561
6682,5,1,,0. СКЛАД - ОСНОВЕН,Газ анализ - Арматури,"Тарелков възвратен клапан, фикс. налягане, 6мм",5377566,1785439929539496370,,,«0000N0000000000,8.0,0.0,,,0.0,0.0,M,M,M,84.58,0.0,0.0,0,,0.0,0.0,2026-04-01 15:14:28.897,2026-04-01 15:14:28.897
6682,6,1,,0. СКЛАД - ОСНОВЕН,Газ анализ - Фитинги,"Мъжка връзка, 6mm TubeOD x 1/8 in",5573988,1785439929539496371,,,«0000N0000000000,6.0,0.0,,,0.0,0.0,M,M,M,14.589999999999998,0.0,0.0,0,,0.0,0.0,2026-04-01 15:14:40.361,2026-04-01 15:14:40.361
6682,7,1,,0. СКЛАД - ОСНОВЕН,Газ анализ - Фитинги,MALE CONNECTOR 6MM SWA - 1/8`` NPT,5544635,1785439929539496372,,,«0000N0000000000,10.0,0.0,,,0.0,0.0,M,L,L,12.64,0.0,0.0,0,,0.0,0.0,2026-04-01 15:14:51.836,2026-04-01 15:14:51.836
6682,8,1,,0. СКЛАД - ОСНОВЕН,Газ анализ - Фитинги,MALE Elbow  6MM SWA – R 1/8``,5456612,1785439929539496373,,,«0000N0000000000,8.0,0.0,,,0.0,0.0,M,L,L,23.36,0.0,0.0,0,,0.0,0.0,2026-07-10 10:03:41.097,2026-07-10 10:03:41.097
6682,10,1,,2. МЕТАЛХИДРИД,Вътрешни изделия и детайли,Тапа за бутилка,519519,1785439929539496377,,|137—30 мин|,«0000N0000000000,0.0,0.0,,,0.0,0.0,M,L,L,0.5893103448275863,0.0,0.0,0,,0.0,0.0,2026-04-06 08:13:54.322,2026-04-06 08:13:54.322
6682,12,1,,0. СКЛАД - ОСНОВЕН,Газ анализ - Фитинги,"Instr., low profile sleeve -",5653773,1785439929539496375,,,«0000N0000000000,40.0,0.0,,,0.0,0.0,M,L,L,67.9747,0.0,0.0,0,,0.0,0.0,2026-04-03 12:34:05.254,2026-04-03 12:34:05.254
6682,13,1,,0. СКЛАД - ОСНОВЕН,Газ анализ - Арматури,2 micron element kit for 2F series - филтър,5493542,1785439929539496376,,,«0000N0000000000,40.0,0.0,,,0.0,0.0,M,L,L,8.95,0.0,0.0,0,,0.0,0.0,2026-04-03 12:34:18.397,2026-04-03 12:34:18.397
7178,3,1,1324654049,System - 60kW Brikel (60),5. Устройства,Захранване 90kW,F-01-07-26007,1785439929539496378,,,«0000N0000000000,1.0,0.0,,,0.0,0.0,M,M,M,17207.01,0.0,0.0,0,,0.0,0.0,2026-04-08 12:58:18.504,2026-04-08 12:58:18.504
7178,6,1,1331664630,System - 20kW Warsaw,2.5.3. Кранове на резба,Кран сфер. на рез. 316L PN64 DN15,265835/031225/2,1785439929539496410,,|1—кран за задвижка|2—1/2 - DN15|5—склад|,«0000N0000000000,2.0,0.0,,,0.0,0.0,M,L,L,56.4977528721821,0.0,0.0,0,,0.0,0.0,2026-06-17 15:30:40.915,2026-06-17 15:30:40.915
7178,7,1,1324663248,System - 60kW Brikel (60),Сензори,Нивомер вибрационен 4-pin G1/2 TLS-1/2“,958294,1785439929539496379,,,«0000N0000000000,1.0,0.0,,,0.0,0.0,M,M,M,272.73,0.0,0.0,0,,0.0,0.0,2026-04-08 15:10:47.057,2026-04-08 15:10:47.057
7178,9,1,1325233267,System - 60kW Brikel (60),2.5.1. Кранове на фланци,Кран сфер. на фл. 2-части 316L PN40 (Акт) 1“,025071195781,1785439929539496380,,,«0000N0000000000,1.0,0.0,,,0.0,0.0,M,L,L,274.58,0.0,0.0,0,,0.0,0.0,2026-04-14 07:59:03.166,2026-04-14 07:59:03.166
7178,11,1,1325340040,0. СКЛАД - ОСНОВЕН,Други (Електроника),Контакт вграден IEN 3253,1,1785439929539496381,,,«0000N0000000000,1.0,0.0,,,0.0,0.0,M,M,M,6.48,0.0,0.0,0,,0.0,0.0,2026-04-15 09:36:35.037,2026-04-15 09:25:29.461
7178,13,1,1327535927,System - 500kW Titan Zlatna Panega (58),2.5.1. Кранове на фланци,Кран сфер. на фл. 2-части 316L PN40 1“,14483172403261,1785439929539496382,,,«0000N0000000000,4.0,0.0,,,0.0,0.0,M,L,L,66.73,0.0,0.0,0,,0.0,0.0,2026-05-07 08:37:40.018,2026-05-07 08:37:40.018
7178,15,1,,0. СКЛАД - ОСНОВЕН,7. Кабели,Кабел ШВПС 5х1 бял,1,1785439929539496383,,,«0000N0000000000,100.0,0.0,,,0.0,0.0,M,L,L,1.13,0.0,0.0,0,,0.0,0.0,2026-06-03 08:16:53.621,2026-06-03 08:16:53.621
7178,17,1,1330335556,0. СКЛАД - ОСНОВЕН,2. Консумативи,Каменна вата с AL деб.40мм ф114мм,1,1785439929539496384,,,«0000N0000000000,4.0,0.0,,,0.0,0.0,M,M,M,18.5,0.0,0.0,0,,0.0,0.0,2026-06-04 08:32:00.656,2026-06-04 08:32:00.656
7178,18,1,,0. СКЛАД - ОСНОВЕН,2. Консумативи,Каменна вата с AL деб.30мм ф168мм,1,1785439929539496385,,,«0000N0000000000,4.0,0.0,,,0.0,0.0,M,M,M,21.34,0.0,0.0,0,,0.0,0.0,2026-06-04 09:19:10.817,2026-06-04 09:19:10.817
7178,19,1,,0. СКЛАД - ОСНОВЕН,Сензори,Нивомер вибрационен 4-pin G1/2 TLS-1/2“,#PBC961375,1785439929539496386,,,«0000N0000000000,6.0,0.0,,,0.0,0.0,M,M,M,272.73,0.0,0.0,0,,0.0,0.0,2026-06-04 10:51:51.338,2026-06-04 10:51:51.338
7178,20,1,,0. СКЛАД - ОСНОВЕН,2.5.1. Кранове на фланци,Кран сфер. на фл. трипътен 316L (Акт) 1“,1,1785439929539496387,,,«0000N0000000000,3.0,0.0,,,0.0,0.0,M,L,L,485.2,0.0,0.0,0,,0.0,0.0,2026-06-04 12:31:18.451,2026-06-04 12:31:18.451
7178,21,1,1330354428,0. СКЛАД - ОСНОВЕН,2. Корпуси,Табло с монт. пл. 400х300х150,1,1785439929539496388,,,«0000N0000000000,1.0,0.0,,,0.0,0.0,M,M,M,44.74,0.0,0.0,0,,0.0,0.0,2026-06-04 13:03:46.124,2026-06-04 13:03:46.124
7178,22,1,1330733493,0. СКЛАД - ОСНОВЕН,1.3. Металхидрид,Контейнер за пробоотбиране PE-LD 500мл с винт.к.,1,1785439929539496389,,,«0000N0000000000,20.0,0.0,,,0.0,0.0,M,M,M,3.1,0.0,0.0,0,,0.0,0.0,2026-06-08 08:02:18.727,2026-06-08 08:02:18.727
7178,28,1,,0. СКЛАД - ОСНОВЕН,АЛУСИЛ,Сликагел - тип ORANGE,1,1785439929539496390,,,«0000N0000000000,0.0,0.0,,,0.0,0.0,M,M,M,8.0,0.0,0.0,0,,0.0,0.0,2026-06-08 09:44:29.954,2026-06-08 09:44:29.954
7969,1,1,1331741124,0. СКЛАД - ОСНОВЕН,3. Консумативи,Силикагел - тип ORANGE,1,1785439929539496411,,,«0000N0000000000,3.0,0.0,,,0.0,0.0,M,L,L,8.0,0.0,0.0,0,,0.0,0.0,2026-06-18 09:52:11.478,2026-06-18 09:52:11.478
7969,2,1,1331558071,3. ПРОИЗВОДСТВО,Унител,захранване за DIN шина SDR-120-24 24V/5A,661/181125/2,1785439929539496394,,|1—захранване за DIN шина|2—24V/5A|5—склад|,«0000N0000000000,1.0,0.0,,,0.0,0.0,M,L,L,44.87,0.0,0.0,0,,0.0,0.0,2026-06-16 13:56:13.424,2026-06-16 13:56:13.424
7969,4,1,1332343423,0. СКЛАД - ОСНОВЕН,Сензори,Нивомер вибрационен 4-pin G1/2 TLS-1/2“,1,1785439929539496412,,,«0000N0000000000,17.0,0.0,,,0.0,0.0,M,M,M,222.03,0.0,0.0,0,,0.0,0.0,2026-06-24 10:25:18.319,2026-06-24 10:25:18.319
7969,5,1,1331558593,3. ПРОИЗВОДСТВО,1) Грийн Иновейшън АД,Тяло на демистър,160226/4,1785439929539496395,,|137—65 мин|,«0000N0000000000,2.0,0.0,,,0.0,0.0,M,L,L,15.1392969,0.0,0.0,0,,0.0,0.0,2026-06-16 14:03:44.431,2026-06-16 14:03:44.431
7969,9,1,1331559073,2. МЕТАЛХИДРИД,1.3. Металхидрид,Бутилки Металхидрид - Готови,301025/fpb,1785439929539496401,,,«0000N0000000000,25.0,0.0,,,0.0,0.0,M,L,L,90.2669,0.0,0.0,0,,0.0,0.0,2026-06-16 14:10:39.592,2026-06-16 14:10:34.890
7969,18,1,1331559068,2. МЕТАЛХИДРИД,1.3. Металхидрид,Бутилки Металхидрид - Готови,130326/16,1785439929539496402,,|137—5 часа 20 мин|,«0000N0000000000,10.0,0.0,,,0.0,0.0,M,L,L,90.2669,0.0,0.0,0,,0.0,0.0,2026-06-16 14:10:34.940,2026-06-16 14:10:34.940
7969,22,1,1331559073,2. МЕТАЛХИДРИД,1.3. Металхидрид,Бутилки Металхидрид - Готови,120226/6,1785439929539496403,,|137—5 часа 20 мин|,«0000N0000000000,20.0,0.0,,,0.0,0.0,M,L,L,90.2669,0.0,0.0,0,,0.0,0.0,2026-06-16 14:10:39.592,2026-06-16 14:10:34.986
7969,26,1,1331636296,System - 500kW Titan Zlatna Panega (58),2.5.3. Кранове на резба,Кран сфер. на рез. 316L PN64 DN15,265835/031225/2,1785439929539496404,,|1—кран за задвижка|2—1/2 - DN15|5—склад|,«0000N0000000000,1.0,0.0,,,0.0,0.0,M,L,L,56.4977528721821,0.0,0.0,0,,0.0,0.0,2026-06-17 08:42:40.400,2026-06-17 08:39:45.960
7969,28,1,1331636687,0. СКЛАД - ОСНОВЕН,Други (Електроника),Бобина прав ток 12W,1,1785439929539496405,,|1—прав ток|2—12W|,«0000N0000000000,-5.0,0.0,,,0.0,0.0,M,L,L,12.69,0.0,0.0,0,,0.0,0.0,2026-06-17 08:48:18.379,2026-06-17 08:48:18.379
7969,29,1,1331637401,System - 60kW Brikel (60),Газ анализ - Фитинги,Male connector 6MM SWA-1/4`` GAS-CONICO,5509248,1785439929539496407,,,«0000N0000000000,12.0,0.0,,,0.0,0.0,M,L,L,13.08,0.0,0.0,0,,0.0,0.0,2026-06-17 08:58:35.174,2026-06-17 08:58:35.174
7969,32,1,1331636687,System - 60kW Brikel (60),Други (Електроника),Бобина прав ток 12W,1,1785439929539496406,,|1—прав ток|2—12W|,«0000N0000000000,5.0,0.0,,,0.0,0.0,M,L,L,12.69,0.0,0.0,0,,0.0,0.0,2026-06-17 08:48:18.394,2026-06-17 08:48:18.394
10432,1,1,1331637419,System - 60kW Brikel (60),Газ анализ - Фитинги,Male connector 6MM SWA-1/4`` GAS-CONICO,5338976,1785439929539496408,,,«0000N0000000000,3.0,0.0,,,0.0,0.0,M,L,L,13.08,0.0,0.0,0,,0.0,0.0,2026-06-17 08:58:51.234,2026-06-17 08:58:51.234
10432,3,1,1331637434,System - 60kW Brikel (60),Газ анализ - Фитинги,MALE CONNECTOR 6MM SWA – R 1/8`` - мъжка връзка,5477898,1785439929539496409,,,«0000N0000000000,6.0,0.0,,,0.0,0.0,M,L,L,12.54,0.0,0.0,0,,0.0,0.0,2026-06-17 08:59:03.931,2026-06-17 08:59:03.931
10432,5,1,1333933888,0. СКЛАД - ОСНОВЕН,Газ анализ - Фитинги,"Instr., low profile sleeve -",1,1785439929539496413,,,«0000N0000000000,80.0,0.0,,,0.0,0.0,M,L,L,68.17,0.0,0.0,0,,0.0,0.0,2026-07-10 08:08:00.109,2026-07-10 08:04:29.846
10432,10,1,1333933900,0. СКЛАД - ОСНОВЕН,Газ анализ - Арматури,2 micron element kit for 2F series - филтър,1,1785439929539496414,,,«0000N0000000000,80.0,0.0,,,0.0,0.0,M,L,L,8.76,0.0,0.0,0,,0.0,0.0,2026-07-10 08:05:13.095,2026-07-10 08:05:13.095
10432,21,1,1333941922,System - 60kW Brikel (60),Газ анализ - Фитинги,MALE Elbow  6MM SWA – R 1/8``,5456612,1785439929539496415,,,«0000N0000000000,2.0,0.0,,,0.0,0.0,M,L,L,23.36,0.0,0.0,0,,0.0,0.0,2026-07-10 10:03:41.114,2026-07-10 10:03:41.114
10435,3,1,1334342765,0. СКЛАД - ОСНОВЕН,Други (Електроника),Кутия за бутони с 1 отвор/Жълта,1,1785439929539496416,,,«0000N0000000000,1.0,0.0,,,0.0,0.0,M,L,L,6.79,0.0,0.0,0,,0.0,0.0,2026-07-14 10:15:50.118,2026-07-14 10:15:50.118
10435,7,1,1335153909,0. СКЛАД - ОСНОВЕН,9. Други,О-пръстен 6600 EPDM HTM 15 POS 3,1,1785439929539496417,"Цена с отстъпка: 5.0357 €
Цена за опаковане: 1 €",,«0000N0000000000,0.0,0.0,,,0.0,0.0,M,M,M,6.04,0.0,0.0,0,,0.0,0.0,2026-07-22 12:57:10.100,2026-07-22 12:57:10.100
10435,10,1,1335156423,0. СКЛАД - ОСНОВЕН,7. Кабели,"Проводник H05V-K (ПВ-А2) 500V 0,5mm бял",1,1785439929539496418,"Проводник 500V 0,5mm бял",,«0000N0000000000,0.0,0.0,,,0.0,0.0,M,L,L,11.85,0.0,0.0,0,,0.0,0.0,2026-07-22 13:35:24.813,2026-07-22 13:35:24.813
10435,22,1,1335159599,0. СКЛАД - ОСНОВЕН,"Кабелни накрайници, обувки",Кабелен накрайник 6мм жълт 12мм,1,1785439929539496419,Кабелен накрайник 12mm жълт 6mm,,«0000N0000000000,100.0,0.0,,,0.0,0.0,M,L,L,0.0292,0.0,0.0,0,,0.0,0.0,2026-07-22 14:18:14.371,2026-07-22 14:18:14.371
10435,24,1,,0. СКЛАД - ОСНОВЕН,Сензори,Дебитомер SLAENH-207367,06C62200410,1785439929539496420,,,«0000N0000000000,1.0,0.0,,,0.0,0.0,M,M,M,3962.0,0.0,0.0,0,,0.0,0.0,2026-07-22 15:16:41.527,2026-07-22 15:16:41.527
10435,25,1,,0. СКЛАД - ОСНОВЕН,Сензори,Дебитомер SLAENH-207367,06C62200409,1785439929539496421,,,«0000N0000000000,1.0,0.0,,,0.0,0.0,M,M,M,3962.0,0.0,0.0,0,,0.0,0.0,2026-07-22 15:16:41.480,2026-07-22 15:16:41.480
10435,27,1,1335638535,0. СКЛАД - ОСНОВЕН,Сензори,Трансмитер за налягане 0-10 bar. G 1/2“,1,1785439929539496422,,|1—датчик|5—склад|,«0000N0000000000,0.0,0.0,,,0.0,0.0,M,L,L,326.94,0.0,0.0,0,,0.0,0.0,2026-07-27 11:42:44.905,2026-07-27 11:42:44.905
10435,30,1,1335638535,System - 30KW ЦЕХ,Сензори,Трансмитер за налягане 0-10 bar. G 1/2“,1,1785439929539496423,,|1—датчик|5—склад|,«0000N0000000000,0.0,0.0,,,0.0,0.0,M,L,L,326.94,0.0,0.0,0,,0.0,0.0,2026-07-27 11:42:44.921,2026-07-27 11:42:44.921
10438,2,1,1335654747,System - 30KW ЦЕХ,Сензори,Трансмитер за налягане 0-10 bar. G 1/2“,25688,1785439929539496424,,|1—датчик|5—склад|,«0000N0000000000,1.0,0.0,,,0.0,0.0,M,L,L,326.93639017706,0.0,0.0,0,,0.0,0.0,2026-07-27 13:08:22.223,2026-07-27 13:02:01.049
10438,5,1,1335654747,System - 30KW ЦЕХ,Сензори,Трансмитер за налягане 0-10 bar. G 1/2“,25693,1785439929539496425,,|1—датчик|5—склад|,«0000N0000000000,1.0,0.0,,,0.0,0.0,M,L,L,326.93639017706,0.0,0.0,0,,0.0,0.0,2026-07-27 13:08:22.223,2026-07-27 13:02:06.330
