table,source_page,source_line,field,blob_relation,blob_record,kind,length_bytes,subtype,level,file_path
PROD,5979,4,PROPS,233,480,text,15,1,0,
PROD,5979,9,PROPS,233,725,text,15,1,0,
PROD,5970,8,PROPS,233,490,text,351,1,0,
PROD,5970,13,PROPS,233,968,text,351,1,0,
PROD,6108,4,PROPS,233,1198,text,400,1,0,
PROD,6108,9,PROPS,233,1203,text,400,1,0,
PROD,5895,2,PROPS,233,1674,text,355,1,0,
PROD,5895,4,PROPS,233,1676,text,113,1,0,
PROD,5895,6,PROPS,233,1678,text,668,1,0,
PROD,5895,8,PROPS,233,1680,text,220,1,0,
PROD,5895,10,PROPS,233,1682,text,277,1,0,
PROD,5895,12,PROPS,233,1684,text,113,1,0,
PROD,5895,14,PROPS,233,1441,text,400,1,0,
PROD,5900,0,PROPS,233,1686,text,113,1,0,
PROD,5900,2,PROPS,233,1913,text,355,1,0,
PROD,5900,4,PROPS,233,1915,text,355,1,0,
PROD,5900,6,PROPS,233,1917,text,277,1,0,
PROD,5900,8,PROPS,233,1919,text,277,1,0,
PROD,5900,10,PROPS,233,1921,text,220,1,0,
PROD,5900,12,PROPS,233,1923,text,220,1,0,
PROD,5905,1,PROPS,233,2151,text,668,1,0,
PROD,5905,3,PROPS,233,2153,text,668,1,0,
PROD,5905,10,PROPS,233,2159,text,191,1,0,
PROD,6192,1,PROPS,233,1451,text,202,1,0,
PROD,6192,6,PROPS,233,2395,text,191,1,0,
PROD,6192,10,PROPS,233,2399,text,351,1,0,
PROD,6192,12,PROPS,233,2401,text,346,1,0,
PROD,6192,14,PROPS,233,2403,text,191,1,0,
PROD,6398,1,PROPS,233,1197,text,177,1,0,
PROD,6398,4,PROPS,233,2632,text,177,1,0,
PROD,6398,5,PROPS,233,2631,text,351,1,0,
PROD,6398,7,PROPS,233,2160,text,351,1,0,
PROD,6398,8,PROPS,233,2393,text,346,1,0,
PROD,6398,9,PROPS,233,2394,text,191,1,0,
PROD,6398,11,PROPS,233,2639,text,346,1,0,
PROD,6398,13,PROPS,233,2641,text,177,1,0,
PROD,6398,15,PROPS,233,2643,text,15,1,0,
PROD,6402,1,PROPS,233,2645,text,170,1,0,
PROD,6402,2,PROPS,233,2405,text,170,1,0,
PROD,6402,4,PROPS,233,2871,text,170,1,0,
PROD,6402,6,PROPS,233,2873,text,202,1,0,
PROD,6402,8,PROPS,233,2875,text,202,1,0,
PROD,6402,11,PROPS,233,2157,text,400,1,0,
PROD,6402,13,PROPS,233,2880,text,355,1,0,
PROD,6462,2,PROPS,233,3108,text,16,1,0,
PROD,6462,4,PROPS,233,3110,text,16,1,0,
PROD,6462,5,PROPS,233,2882,text,113,1,0,
PROD,6462,8,PROPS,233,3113,text,668,1,0,
PROD,6462,9,PROPS,233,3114,text,220,1,0,
PROD,6462,11,PROPS,233,3117,text,277,1,0,
PROD,6462,13,PROPS,233,3119,text,113,1,0,
PROD,6462,15,PROPS,233,3121,text,113,1,0,
PROD,7079,1,PROPS,233,3346,text,668,1,0,
PROD,7079,3,PROPS,233,3348,text,668,1,0,
PROD,7079,5,PROPS,233,3350,text,355,1,0,
PROD,7079,7,PROPS,233,3352,text,113,1,0,
PROD,7079,10,PROPS,233,3355,text,113,1,0,
PROD,7079,11,PROPS,233,3354,text,113,1,0,
PROD,7080,2,PROPS,233,2877,text,346,1,0,
PROD,7080,4,PROPS,233,3588,text,177,1,0,
PROD,7080,7,PROPS,233,3590,text,202,1,0,
PROD,7080,11,PROPS,233,3595,text,351,1,0,
PROD,7119,1,PROPS,233,2397,text,177,1,0,
PROD,7119,5,PROPS,233,3826,text,346,1,0,
PROD,7119,7,PROPS,233,3830,text,191,1,0,
PROD,7119,8,PROPS,233,3601,text,177,1,0,
PROD,7119,10,PROPS,233,3833,text,351,1,0,
PROD,7119,12,PROPS,233,3835,text,346,1,0,
PROD,7124,0,PROPS,233,3837,text,191,1,0,
PROD,7124,2,PROPS,233,4064,text,170,1,0,
PROD,7124,4,PROPS,233,4066,text,351,1,0,
PROD,7124,5,PROPS,233,3838,text,170,1,0,
PROD,7124,7,PROPS,233,3827,text,202,1,0,
PROD,7124,8,PROPS,233,4069,text,202,1,0,
PROD,7124,14,PROPS,233,4074,text,16,1,0,
PROD,6435,4,PROPS,233,4305,text,355,1,0,
PROD,6435,6,PROPS,233,4307,text,668,1,0,
PROD,6435,8,PROPS,233,4309,text,220,1,0,
PROD,6435,9,PROPS,233,3586,text,277,1,0,
PROD,6435,11,PROPS,233,4312,text,171,1,0,
PROD,6442,0,PROPS,233,4314,text,355,1,0,
PROD,6442,2,PROPS,233,4542,text,277,1,0,
PROD,6442,4,PROPS,233,4544,text,277,1,0,
PROD,6442,5,PROPS,233,4315,text,171,1,0,
PROD,6442,7,PROPS,233,4547,text,171,1,0,
PROD,6442,9,PROPS,233,4549,text,220,1,0,
PROD,6442,11,PROPS,233,4551,text,220,1,0,
PROD,6448,0,PROPS,233,4553,text,668,1,0,
PROD,6448,2,PROPS,233,4781,text,668,1,0,
PROD,6448,12,PROPS,233,4788,text,113,1,0,
PROD,6448,13,PROPS,233,4791,text,171,1,0,
PROD,7170,1,PROPS,233,4785,text,355,1,0,
PROD,7170,2,PROPS,233,4789,text,220,1,0,
PROD,7170,4,PROPS,233,3600,text,170,1,0,
PROD,7170,5,PROPS,233,4787,text,668,1,0,
PROD,7170,11,PROPS,233,5028,text,355,1,0,
PROD,7170,13,PROPS,233,4786,text,113,1,0,
PROD,7354,2,PROPS,233,5259,text,355,1,0,
PROD,7354,4,PROPS,233,5261,text,355,1,0,
PROD,7354,5,PROPS,233,3123,text,220,1,0,
PROD,7354,9,PROPS,233,5266,text,220,1,0,
PROD,7354,11,PROPS,233,5268,text,277,1,0,
PROD,7354,13,PROPS,233,5270,text,277,1,0,
PROD,7758,0,PROPS,233,5031,text,668,1,0,
PROD,7758,1,PROPS,233,5033,text,220,1,0,
PROD,7758,3,PROPS,233,5499,text,277,1,0,
PROD,7758,5,PROPS,233,5501,text,171,1,0,
PROD,7758,7,PROPS,233,5503,text,113,1,0,
PROD,7758,9,PROPS,233,5505,text,355,1,0,
PROD,7758,11,PROPS,233,5507,text,220,1,0,
PROD,7758,13,PROPS,233,5509,text,171,1,0,
PROD,7760,3,PROPS,233,5738,text,277,1,0,
PROD,7760,4,PROPS,233,5737,text,277,1,0,
PROD,7760,6,PROPS,233,5741,text,668,1,0,
PROD,7760,7,PROPS,233,3594,text,170,1,0,
PROD,7760,8,PROPS,233,3599,text,202,1,0,
PROD,7760,10,PROPS,233,5745,text,346,1,0,
PROD,7760,12,PROPS,233,5747,text,191,1,0,
PROD,7772,0,PROPS,233,4078,text,177,1,0,
PROD,7772,2,PROPS,233,5976,text,351,1,0,
PROD,7772,4,PROPS,233,5978,text,177,1,0,
PROD,7772,5,PROPS,233,5749,text,191,1,0,
PROD,7772,7,PROPS,233,5981,text,346,1,0,
PROD,7772,9,PROPS,233,5983,text,351,1,0,
PROD,7772,11,PROPS,233,5985,text,170,1,0,
PROD,7775,0,PROPS,233,5987,text,202,1,0,
PROD_VARS,5246,1,PROPS,234,730,text,0,1,0,
PROD_VARS,5246,2,PROPS,234,503,text,12,1,0,
PROD_VARS,5246,3,PROPS,234,13,text,0,1,0,
PROD_VARS,5246,5,PROPS,234,257,text,0,1,0,
PROD_VARS,5246,6,PROPS,234,4,text,12,1,0,
PROD_VARS,5246,10,PROPS,234,252,text,0,1,0,
PROD_VARS,5246,11,PROPS,234,253,text,0,1,0,
PROD_VARS,5246,14,PROPS,234,1952,text,0,1,0,
PROD_VARS,5246,18,PROPS,234,20,text,0,1,0,
PROD_VARS,5246,30,PROPS,234,32,text,19,1,0,
PROD_VARS,5856,1,PROPS,234,260,text,0,1,0,
PROD_VARS,5856,2,PROPS,234,262,text,0,1,0,
PROD_VARS,5856,4,PROPS,234,270,text,0,1,0,
PROD_VARS,5856,6,PROPS,234,261,text,0,1,0,
PROD_VARS,5856,7,PROPS,234,17,text,56,1,0,
PROD_VARS,5856,8,PROPS,234,264,text,0,1,0,
PROD_VARS,5856,10,PROPS,234,254,text,0,1,0,
PROD_VARS,5856,11,PROPS,234,263,text,0,1,0,
PROD_VARS,5856,12,PROPS,234,479,text,0,1,0,
PROD_VARS,5856,16,PROPS,234,273,text,0,1,0,
PROD_VARS,5856,17,PROPS,234,275,text,0,1,0,
PROD_VARS,5856,19,PROPS,234,276,text,0,1,0,
PROD_VARS,5856,20,PROPS,234,480,text,0,1,0,
PROD_VARS,5856,26,PROPS,234,2662,text,0,1,0,
PROD_VARS,5856,27,PROPS,234,2400,text,0,1,0,
PROD_VARS,5856,29,PROPS,234,282,text,0,1,0,
PROD_VARS,5856,30,PROPS,234,500,text,0,1,0,
PROD_VARS,5856,32,PROPS,234,281,text,0,1,0,
PROD_VARS,5978,0,PROPS,234,481,text,0,1,0,
PROD_VARS,5978,4,PROPS,234,487,text,0,1,0,
PROD_VARS,5978,5,PROPS,234,489,text,0,1,0,
PROD_VARS,5978,6,PROPS,234,497,text,56,1,0,
PROD_VARS,5978,7,PROPS,234,491,text,0,1,0,
PROD_VARS,5978,8,PROPS,234,494,text,0,1,0,
PROD_VARS,5978,10,PROPS,234,496,text,0,1,0,
PROD_VARS,5978,12,PROPS,234,512,text,56,1,0,
PROD_VARS,5978,14,PROPS,234,498,text,0,1,0,
PROD_VARS,5978,15,PROPS,234,517,text,56,1,0,
PROD_VARS,5978,17,PROPS,234,508,text,12,1,0,
PROD_VARS,5978,21,PROPS,234,504,text,0,1,0,
PROD_VARS,5978,23,PROPS,234,1228,text,12,1,0,
PROD_VARS,5978,24,PROPS,234,1715,text,0,1,0,
PROD_VARS,5978,29,PROPS,234,518,text,0,1,0,
PROD_VARS,5978,31,PROPS,234,520,text,0,1,0,
PROD_VARS,5978,32,PROPS,234,731,text,0,1,0,
PROD_VARS,5978,37,PROPS,234,522,text,0,1,0,
PROD_VARS,5978,38,PROPS,234,506,text,0,1,0,
PROD_VARS,6139,1,PROPS,234,2401,text,0,1,0,
PROD_VARS,6139,2,PROPS,234,1941,text,12,1,0,
PROD_VARS,6139,4,PROPS,234,1686,text,19,1,0,
PROD_VARS,6139,5,PROPS,234,2170,text,12,1,0,
PROD_VARS,6139,7,PROPS,234,723,text,12,1,0,
PROD_VARS,6139,8,PROPS,234,734,text,0,1,0,
PROD_VARS,6139,9,PROPS,234,1942,text,12,1,0,
PROD_VARS,6139,11,PROPS,234,1934,text,22,1,0,
PROD_VARS,6139,15,PROPS,234,748,text,0,1,0,
PROD_VARS,6139,16,PROPS,234,755,text,0,1,0,
PROD_VARS,6139,18,PROPS,234,1210,text,22,1,0,
PROD_VARS,6139,19,PROPS,234,1197,text,12,1,0,
PROD_VARS,6139,20,PROPS,234,757,text,0,1,0,
PROD_VARS,6139,21,PROPS,234,747,text,12,1,0,
PROD_VARS,6139,22,PROPS,234,1690,text,0,1,0,
PROD_VARS,6139,24,PROPS,234,1205,text,12,1,0,
PROD_VARS,6139,26,PROPS,234,749,text,12,1,0,
PROD_VARS,6139,27,PROPS,234,750,text,12,1,0,
PROD_VARS,6139,28,PROPS,234,751,text,12,1,0,
PROD_VARS,6139,29,PROPS,234,754,text,12,1,0,
PROD_VARS,6139,36,PROPS,234,1198,text,12,1,0,
PROD_VARS,6964,1,PROPS,234,1199,text,12,1,0,
PROD_VARS,6964,5,PROPS,234,756,text,12,1,0,
PROD_VARS,6964,6,PROPS,234,1206,text,12,1,0,
PROD_VARS,6964,7,PROPS,234,1211,text,22,1,0,
PROD_VARS,6964,8,PROPS,234,1212,text,0,1,0,
PROD_VARS,6964,9,PROPS,234,1208,text,12,1,0,
PROD_VARS,6964,12,PROPS,234,1214,text,0,1,0,
PROD_VARS,6964,14,PROPS,234,1213,text,22,1,0,
PROD_VARS,6964,20,PROPS,234,1224,text,12,1,0,
PROD_VARS,6964,21,PROPS,234,1949,text,12,1,0,
PROD_VARS,6964,22,PROPS,234,1230,text,12,1,0,
PROD_VARS,6964,23,PROPS,234,1231,text,12,1,0,
PROD_VARS,6964,24,PROPS,234,34,text,19,1,0,
PROD_VARS,6964,26,PROPS,234,35,text,19,1,0,
PROD_VARS,6964,27,PROPS,234,1233,text,12,1,0,
PROD_VARS,6964,28,PROPS,234,1226,text,12,1,0,
PROD_VARS,6964,30,PROPS,234,1237,text,12,1,0,
PROD_VARS,6964,32,PROPS,234,1232,text,12,1,0,
PROD_VARS,6964,34,PROPS,234,1235,text,12,1,0,
PROD_VARS,7788,1,PROPS,234,36,text,0,1,0,
PROD_VARS,7788,2,PROPS,234,1680,text,0,1,0,
PROD_VARS,7788,3,PROPS,234,1682,text,0,1,0,
PROD_VARS,7788,4,PROPS,234,1687,text,19,1,0,
PROD_VARS,7788,5,PROPS,234,1684,text,0,1,0,
PROD_VARS,7788,6,PROPS,234,1688,text,19,1,0,
PROD_VARS,7788,16,PROPS,234,1691,text,0,1,0,
PROD_VARS,7788,20,PROPS,234,1918,text,12,1,0,
PROD_VARS,7788,21,PROPS,234,1716,text,0,1,0,
PROD_VARS,7788,22,PROPS,234,1709,text,12,1,0,
PROD_VARS,7788,24,PROPS,234,1923,text,12,1,0,
PROD_VARS,7788,27,PROPS,234,274,text,0,1,0,
PROD_VARS,7788,28,PROPS,234,278,text,0,1,0,
PROD_VARS,7788,31,PROPS,234,1929,text,12,1,0,
PROD_VARS,7788,32,PROPS,234,1712,text,12,1,0,
PROD_VARS,7788,34,PROPS,234,1714,text,12,1,0,
PROD_VARS,7788,38,PROPS,234,1718,text,0,1,0,
PROD_VARS,8180,1,PROPS,234,1919,text,12,1,0,
PROD_VARS,8180,2,PROPS,234,1925,text,12,1,0,
PROD_VARS,8180,3,PROPS,234,1930,text,12,1,0,
PROD_VARS,8180,4,PROPS,234,1921,text,12,1,0,
PROD_VARS,8180,8,PROPS,234,1935,text,22,1,0,
PROD_VARS,8180,10,PROPS,234,1927,text,12,1,0,
PROD_VARS,8180,14,PROPS,234,2187,text,22,1,0,
PROD_VARS,8180,16,PROPS,234,1932,text,12,1,0,
PROD_VARS,8180,19,PROPS,234,1956,text,12,1,0,
PROD_VARS,8180,21,PROPS,234,1937,text,22,1,0,
PROD_VARS,8180,24,PROPS,234,248,text,19,1,0,
PROD_VARS,8180,26,PROPS,234,1945,text,19,1,0,
PROD_VARS,8180,27,PROPS,234,1951,text,12,1,0,
PROD_VARS,8180,31,PROPS,234,1954,text,0,1,0,
PROD_VARS,8180,32,PROPS,234,2153,text,12,1,0,
PROD_VARS,8180,34,PROPS,234,2156,text,19,1,0,
PROD_VARS,8180,35,PROPS,234,1953,text,12,1,0,
PROD_VARS,8180,36,PROPS,234,1950,text,12,1,0,
PROD_VARS,8389,1,PROPS,234,2154,text,12,1,0,
PROD_VARS,8389,4,PROPS,234,2157,text,19,1,0,
PROD_VARS,8389,7,PROPS,234,1955,text,19,1,0,
PROD_VARS,8389,8,PROPS,234,15,text,19,1,0,
PROD_VARS,8389,9,PROPS,234,7,text,12,1,0,
PROD_VARS,8389,12,PROPS,234,514,text,12,1,0,
PROD_VARS,8389,13,PROPS,234,2179,text,12,1,0,
PROD_VARS,8389,14,PROPS,234,2183,text,12,1,0,
PROD_VARS,8389,15,PROPS,234,2171,text,12,1,0,
PROD_VARS,8389,16,PROPS,234,2172,text,12,1,0,
PROD_VARS,8389,17,PROPS,234,2176,text,12,1,0,
PROD_VARS,8389,18,PROPS,234,2178,text,12,1,0,
PROD_VARS,8389,22,PROPS,234,2180,text,12,1,0,
PROD_VARS,8389,24,PROPS,234,2185,text,12,1,0,
PROD_VARS,8389,26,PROPS,234,2189,text,22,1,0,
PROD_VARS,8389,35,PROPS,234,2191,text,22,1,0,
PROD_VARS,8503,3,PROPS,234,2392,text,12,1,0,
PROD_VARS,8503,5,PROPS,234,2394,text,22,1,0,
PROD_VARS,8503,6,PROPS,234,2391,text,12,1,0,
PROD_VARS,8503,8,PROPS,234,2402,text,0,1,0,
PROD_VARS,8503,13,PROPS,234,2399,text,12,1,0,
PROD_VARS,8503,15,PROPS,234,2408,text,0,1,0,
PROD_VARS,8503,16,PROPS,234,2190,text,12,1,0,
PROD_VARS,8503,17,PROPS,234,2409,text,0,1,0,
PROD_VARS,8503,20,PROPS,234,2428,text,0,1,0,
PROD_VARS,8503,22,PROPS,234,2414,text,0,1,0,
PROD_VARS,8503,25,PROPS,234,2631,text,12,1,0,
PROD_VARS,8503,27,PROPS,234,2641,text,22,1,0,
PROD_VARS,8503,29,PROPS,234,2434,text,0,1,0,
PROD_VARS,8503,30,PROPS,234,2431,text,12,1,0,
PROD_VARS,8503,31,PROPS,234,2425,text,12,1,0,
PROD_VARS,8503,32,PROPS,234,2635,text,12,1,0,
PROD_VARS,8503,34,PROPS,234,2432,text,12,1,0,
PROD_VARS,8503,37,PROPS,234,2638,text,12,1,0,
PROD_VARS,8503,39,PROPS,234,2433,text,12,1,0,
PROD_VARS,8618,1,PROPS,234,2632,text,12,1,0,
PROD_VARS,8618,4,PROPS,234,2636,text,12,1,0,
PROD_VARS,8618,8,PROPS,234,2639,text,12,1,0,
PROD_VARS,8618,11,PROPS,234,2642,text,22,1,0,
PROD_VARS,8618,15,PROPS,234,2665,text,19,1,0,
PROD_VARS,8618,16,PROPS,234,2657,text,12,1,0,
PROD_VARS,8618,17,PROPS,234,2659,text,19,1,0,
PROD_VARS,8618,18,PROPS,234,2655,text,12,1,0,
PROD_VARS,8618,19,PROPS,234,2660,text,12,1,0,
PROD_VARS,8618,20,PROPS,234,2654,text,12,1,0,
PROD_VARS,8618,21,PROPS,234,2663,text,0,1,0,
PROD_VARS,8618,22,PROPS,234,2661,text,19,1,0,
PROD_VARS,8618,23,PROPS,234,2658,text,12,1,0,
PROD_VARS,8618,24,PROPS,234,2656,text,12,1,0,
PROD_VARS,8618,35,PROPS,234,2667,text,19,1,0,
PROD_VARS,8618,37,PROPS,234,8,text,12,1,0,
PROD_VARS,7339,20,PROPS,234,3130,text,0,1,0,
PROD_VARS,7339,22,PROPS,234,3131,text,0,1,0,
SER_NO,1750,1,PROPS,257,0,text,51,1,0,
SER_NO,1750,3,PROPS,257,2,text,51,1,0,
SER_NO,1750,5,PROPS,257,4,text,51,1,0,
SER_NO,1750,7,PROPS,257,6,text,51,1,0,
SER_NO,1750,9,PROPS,257,8,text,39,1,0,
SER_NO,1750,11,PROPS,257,10,text,46,1,0,
SER_NO,1750,13,PROPS,257,12,text,51,1,0,
SER_NO,1750,15,PROPS,257,14,text,47,1,0,
SER_NO,1750,17,PROPS,257,16,text,49,1,0,
SER_NO,1750,19,PROPS,257,18,text,50,1,0,
SER_NO,1750,21,PROPS,257,20,text,49,1,0,
SER_NO,1750,23,PROPS,257,22,text,51,1,0,
SER_NO,1750,25,PROPS,257,24,text,61,1,0,
SER_NO,1750,27,PROPS,257,26,text,60,1,0,
SER_NO,1750,29,PROPS,257,28,text,87,1,0,
SER_NO,1756,0,PROPS,257,30,text,64,1,0,
SER_NO,1756,2,PROPS,257,240,text,69,1,0,
SER_NO,1756,4,PROPS,257,242,text,61,1,0,
SER_NO,1756,6,PROPS,257,244,text,54,1,0,
SER_NO,1756,8,PROPS,257,246,text,55,1,0,
SER_NO,1756,10,PROPS,257,248,text,59,1,0,
SER_NO,1756,12,PROPS,257,250,text,35,1,0,
SER_NO,1756,14,PROPS,257,252,text,44,1,0,
SER_NO,1756,16,PROPS,257,254,text,34,1,0,
SER_NO,1756,18,PROPS,257,256,text,39,1,0,
SER_NO,1756,20,PROPS,257,258,text,39,1,0,
SER_NO,1756,22,PROPS,257,260,text,39,1,0,
SER_NO,1756,24,PROPS,257,262,text,41,1,0,
SER_NO,1756,26,PROPS,257,264,text,50,1,0,
SER_NO,1756,28,PROPS,257,266,text,36,1,0,
SER_NO,1756,30,PROPS,257,268,text,45,1,0,
SER_NO,1758,0,PROPS,257,270,text,37,1,0,
SER_NO,1758,2,PROPS,257,479,text,35,1,0,
SER_NO,1758,4,PROPS,257,481,text,49,1,0,
SER_NO,1758,6,PROPS,257,483,text,42,1,0,
SER_NO,1758,8,PROPS,257,485,text,37,1,0,
SER_NO,1758,10,PROPS,257,487,text,50,1,0,
SER_NO,1758,12,PROPS,257,489,text,41,1,0,
SER_NO,1758,14,PROPS,257,491,text,55,1,0,
SER_NO,1758,16,PROPS,257,493,text,34,1,0,
SER_NO,1758,21,PROPS,257,2885,text,27,1,0,
SER_NO,1758,23,PROPS,257,2634,text,30,1,0,
SER_NO,1758,25,PROPS,257,13163,text,40,1,0,
SER_NO,1758,31,PROPS,257,508,text,40,1,0,
SER_NO,5263,0,PROPS,257,6473,text,30,1,0,
SER_NO,5263,1,PROPS,257,7422,text,38,1,0,
SER_NO,5263,3,PROPS,257,719,text,51,1,0,
SER_NO,5263,7,PROPS,257,723,text,47,1,0,
SER_NO,5263,13,PROPS,257,2662,text,27,1,0,
SER_NO,5363,18,PROPS,257,505,text,41,1,0,
SER_NO,5363,20,PROPS,257,5289,text,40,1,0,
SER_NO,5363,22,PROPS,257,8139,text,39,1,0,
SER_NO,5373,0,PROPS,257,979,text,46,1,0,
SER_NO,5373,4,PROPS,257,1204,text,53,1,0,
SER_NO,5373,6,PROPS,257,1200,text,40,1,0,
SER_NO,5373,12,PROPS,257,1198,text,53,1,0,
SER_NO,5373,14,PROPS,257,7913,text,42,1,0,
SER_NO,5373,17,PROPS,257,1210,text,42,1,0,
SER_NO,5373,21,PROPS,257,8373,text,53,1,0,
SER_NO,5440,1,PROPS,257,511,text,44,1,0,
SER_NO,5440,4,PROPS,257,7435,text,30,1,0,
SER_NO,5440,6,PROPS,257,1439,text,30,1,0,
SER_NO,5440,8,PROPS,257,8387,text,28,1,0,
SER_NO,5440,10,PROPS,257,1443,text,28,1,0,
SER_NO,5440,11,PROPS,257,1220,text,43,1,0,
SER_NO,5440,13,PROPS,257,1446,text,43,1,0,
SER_NO,5440,14,PROPS,257,743,text,46,1,0,
SER_NO,5440,18,PROPS,257,1451,text,22,1,0,
SER_NO,5440,20,PROPS,257,3847,text,22,1,0,
SER_NO,5440,22,PROPS,257,1455,text,22,1,0,
SER_NO,5440,25,PROPS,257,1458,text,22,1,0,
SER_NO,5440,28,PROPS,257,1457,text,22,1,0,
SER_NO,5468,2,PROPS,257,4093,text,27,1,0,
SER_NO,5468,3,PROPS,257,1464,text,39,1,0,
SER_NO,5468,5,PROPS,257,1677,text,27,1,0,
SER_NO,5468,7,PROPS,257,5762,text,39,1,0,
SER_NO,5468,11,PROPS,257,1683,text,39,1,0,
SER_NO,5565,8,PROPS,257,1918,text,48,1,0,
SER_NO,5565,12,PROPS,257,1922,text,30,1,0,
SER_NO,5572,5,PROPS,257,2175,text,17,1,0,
SER_NO,5572,6,PROPS,257,1940,text,17,1,0,
SER_NO,5572,7,PROPS,257,1941,text,17,1,0,
SER_NO,5572,8,PROPS,257,1942,text,25,1,0,
SER_NO,5572,9,PROPS,257,1943,text,25,1,0,
SER_NO,5572,14,PROPS,257,2166,text,35,1,0,
SER_NO,5572,16,PROPS,257,3848,text,35,1,0,
SER_NO,5572,18,PROPS,257,8613,text,34,1,0,
SER_NO,5572,20,PROPS,257,2170,text,35,1,0,
SER_NO,5572,22,PROPS,257,2172,text,35,1,0,
SER_NO,5543,0,PROPS,257,2174,text,18,1,0,
SER_NO,5543,2,PROPS,257,2391,text,18,1,0,
SER_NO,5543,4,PROPS,257,2393,text,18,1,0,
SER_NO,5543,6,PROPS,257,2395,text,18,1,0,
SER_NO,5543,8,PROPS,257,10067,text,18,1,0,
SER_NO,5543,10,PROPS,257,2399,text,18,1,0,
SER_NO,5543,12,PROPS,257,2401,text,18,1,0,
SER_NO,5543,14,PROPS,257,2403,text,18,1,0,
SER_NO,5543,16,PROPS,257,2405,text,18,1,0,
SER_NO,5543,20,PROPS,257,7431,text,37,1,0,
SER_NO,5543,22,PROPS,257,3609,text,37,1,0,
SER_NO,5543,27,PROPS,257,2397,text,34,1,0,
SER_NO,5597,0,PROPS,257,15785,text,48,1,0,
SER_NO,5597,4,PROPS,257,13391,text,32,1,0,
SER_NO,5597,6,PROPS,257,2657,text,38,1,0,
SER_NO,5597,8,PROPS,257,3586,text,32,1,0,
SER_NO,5597,10,PROPS,257,2638,text,53,1,0,
SER_NO,5597,11,PROPS,257,1221,text,42,1,0,
SER_NO,5597,17,PROPS,257,7440,text,30,1,0,
SER_NO,5597,19,PROPS,257,2647,text,30,1,0,
SER_NO,5597,21,PROPS,257,8388,text,34,1,0,
SER_NO,5597,23,PROPS,257,2651,text,34,1,0,
SER_NO,5597,24,PROPS,257,12908,text,35,1,0,
SER_NO,5506,0,PROPS,257,2654,text,35,1,0,
SER_NO,5506,9,PROPS,257,2876,text,40,1,0,
SER_NO,5506,10,PROPS,257,507,text,27,1,0,
SER_NO,5506,11,PROPS,257,506,text,34,1,0,
SER_NO,5506,13,PROPS,257,2420,text,30,1,0,
SER_NO,5506,14,PROPS,257,3851,text,32,1,0,
SER_NO,5506,18,PROPS,257,16019,text,38,1,0,
SER_NO,5608,2,PROPS,257,512,text,35,1,0,
SER_NO,5608,3,PROPS,257,3141,text,22,1,0,
SER_NO,5608,5,PROPS,257,3111,text,22,1,0,
SER_NO,5608,7,PROPS,257,5290,text,29,1,0,
SER_NO,5608,9,PROPS,257,3115,text,29,1,0,
SER_NO,5608,11,PROPS,257,5286,text,29,1,0,
SER_NO,5608,13,PROPS,257,3119,text,29,1,0,
SER_NO,5608,18,PROPS,257,6238,text,41,1,0,
SER_NO,5608,20,PROPS,257,3126,text,41,1,0,
SER_NO,5608,22,PROPS,257,3138,text,41,1,0,
SER_NO,5608,24,PROPS,257,3130,text,41,1,0,
SER_NO,5608,27,PROPS,257,12211,text,30,1,0,
SER_NO,5620,0,PROPS,257,3135,text,30,1,0,
SER_NO,5620,1,PROPS,257,1223,text,53,1,0,
SER_NO,5620,3,PROPS,257,2632,text,29,1,0,
SER_NO,5620,5,PROPS,257,3350,text,29,1,0,
SER_NO,5620,8,PROPS,257,3353,text,35,1,0,
SER_NO,5620,17,PROPS,257,2896,text,32,1,0,
SER_NO,5644,2,PROPS,257,16022,text,32,1,0,
SER_NO,5644,14,PROPS,257,3604,text,20,1,0,
SER_NO,5644,16,PROPS,257,3849,text,20,1,0,
SER_NO,5644,20,PROPS,257,6001,text,30,1,0,
SER_NO,5644,22,PROPS,257,6481,text,41,1,0,
SER_NO,5644,23,PROPS,257,2179,text,30,1,0,
SER_NO,5646,0,PROPS,257,6482,text,41,1,0,
SER_NO,5646,2,PROPS,257,3600,text,41,1,0,
SER_NO,5646,8,PROPS,257,3831,text,53,1,0,
SER_NO,5646,11,PROPS,257,3834,text,40,1,0,
SER_NO,5646,17,PROPS,257,982,text,41,1,0,
SER_NO,5646,21,PROPS,257,981,text,41,1,0,
SER_NO,5643,0,PROPS,257,3113,text,36,1,0,
SER_NO,5643,2,PROPS,257,4064,text,36,1,0,
SER_NO,5643,4,PROPS,257,5288,text,34,1,0,
SER_NO,5643,6,PROPS,257,4068,text,34,1,0,
SER_NO,5643,8,PROPS,257,2890,text,36,1,0,
SER_NO,5643,10,PROPS,257,4072,text,36,1,0,
SER_NO,5643,12,PROPS,257,4074,text,36,1,0,
SER_NO,5643,14,PROPS,257,4076,text,36,1,0,
SER_NO,5643,16,PROPS,257,1465,text,36,1,0,
SER_NO,5643,18,PROPS,257,4080,text,36,1,0,
SER_NO,5643,20,PROPS,257,2421,text,42,1,0,
SER_NO,5643,22,PROPS,257,4084,text,42,1,0,
SER_NO,5643,26,PROPS,257,4088,text,35,1,0,
SER_NO,5653,0,PROPS,257,3611,text,44,1,0,
SER_NO,5653,2,PROPS,257,3615,text,49,1,0,
SER_NO,5653,5,PROPS,257,4306,text,44,1,0,
SER_NO,5653,7,PROPS,257,4308,text,49,1,0,
SER_NO,5653,11,PROPS,257,4312,text,44,1,0,
SER_NO,5653,13,PROPS,257,4314,text,49,1,0,
SER_NO,5660,0,PROPS,257,4562,text,33,1,0,
SER_NO,5660,3,PROPS,257,4782,text,33,1,0,
SER_NO,5660,5,PROPS,257,4784,text,46,1,0,
SER_NO,5660,7,PROPS,257,13161,text,43,1,0,
SER_NO,5660,9,PROPS,257,4788,text,43,1,0,
SER_NO,5660,10,PROPS,257,3352,text,35,1,0,
SER_NO,5660,11,PROPS,257,3370,text,30,1,0,
SER_NO,5660,13,PROPS,257,4792,text,30,1,0,
SER_NO,5660,17,PROPS,257,4796,text,35,1,0,
SER_NO,5670,9,PROPS,257,5027,text,46,1,0,
SER_NO,5670,19,PROPS,257,5037,text,46,1,0,
SER_NO,5676,5,PROPS,257,5764,text,39,1,0,
SER_NO,5676,7,PROPS,257,5264,text,39,1,0,
SER_NO,5676,20,PROPS,257,13171,text,36,1,0,
SER_NO,5395,2,PROPS,257,5498,text,46,1,0,
SER_NO,5395,6,PROPS,257,9337,text,30,1,0,
SER_NO,5395,8,PROPS,257,5504,text,30,1,0,
SER_NO,5395,10,PROPS,257,5506,text,47,1,0,
SER_NO,5395,11,PROPS,257,725,text,47,1,0,
SER_NO,5395,13,PROPS,257,5509,text,48,1,0,
SER_NO,5395,15,PROPS,257,5511,text,48,1,0,
SER_NO,5395,17,PROPS,257,5513,text,48,1,0,
SER_NO,5395,19,PROPS,257,5515,text,48,1,0,
SER_NO,5744,21,PROPS,257,4092,text,27,1,0,
SER_NO,5626,5,PROPS,257,5979,text,41,1,0,
SER_NO,5626,7,PROPS,257,5758,text,27,1,0,
SER_NO,5626,9,PROPS,257,6480,text,46,1,0,
SER_NO,5626,10,PROPS,257,3117,text,22,1,0,
SER_NO,5626,12,PROPS,257,5986,text,22,1,0,
SER_NO,5626,14,PROPS,257,2658,text,29,1,0,
SER_NO,5626,16,PROPS,257,5990,text,29,1,0,
SER_NO,5626,21,PROPS,257,2655,text,41,1,0,
SER_NO,5626,23,PROPS,257,5997,text,41,1,0,
SER_NO,5484,9,PROPS,257,6222,text,44,1,0,
SER_NO,5484,10,PROPS,257,7437,text,30,1,0,
SER_NO,5484,12,PROPS,257,6225,text,30,1,0,
SER_NO,5484,13,PROPS,257,6000,text,9,1,0,
SER_NO,5528,1,PROPS,257,2895,text,34,1,0,
SER_NO,5528,4,PROPS,257,6456,text,34,1,0,
SER_NO,5528,5,PROPS,257,5988,text,31,1,0,
SER_NO,5528,6,PROPS,257,2894,text,28,1,0,
SER_NO,5528,8,PROPS,257,6460,text,28,1,0,
SER_NO,5528,10,PROPS,257,8619,text,31,1,0,
SER_NO,5528,12,PROPS,257,6464,text,31,1,0,
SER_NO,5528,14,PROPS,257,5282,text,34,1,0,
SER_NO,5528,17,PROPS,257,6469,text,18,1,0,
SER_NO,5528,18,PROPS,257,2422,text,41,1,0,
SER_NO,5528,19,PROPS,257,3610,text,20,1,0,
SER_NO,5528,21,PROPS,257,10280,text,34,1,0,
SER_NO,5528,24,PROPS,257,6476,text,26,1,0,
SER_NO,5546,3,PROPS,257,6697,text,42,1,0,
SER_NO,5546,6,PROPS,257,6699,text,42,1,0,
SER_NO,5546,8,PROPS,257,2656,text,30,1,0,
SER_NO,5546,10,PROPS,257,6701,text,30,1,0,
SER_NO,5546,11,PROPS,257,2419,text,18,1,0,
SER_NO,5546,12,PROPS,257,2891,text,42,1,0,
SER_NO,5546,15,PROPS,257,6706,text,42,1,0,
SER_NO,5546,16,PROPS,257,6705,text,18,1,0,
SER_NO,5546,18,PROPS,257,6709,text,18,1,0,
SER_NO,5546,20,PROPS,257,6711,text,18,1,0,
SER_NO,5546,22,PROPS,257,6713,text,18,1,0,
SER_NO,5546,24,PROPS,257,5277,text,18,1,0,
SER_NO,5546,25,PROPS,257,5284,text,36,1,0,
SER_NO,5727,2,PROPS,257,2177,text,22,1,0,
SER_NO,5727,3,PROPS,257,2423,text,18,1,0,
SER_NO,5727,5,PROPS,257,2424,text,18,1,0,
SER_NO,5727,8,PROPS,257,6938,text,18,1,0,
SER_NO,5727,11,PROPS,257,6941,text,18,1,0,
SER_NO,5727,12,PROPS,257,6940,text,20,1,0,
SER_NO,5720,16,PROPS,257,8369,text,30,1,0,
SER_NO,5720,18,PROPS,257,7187,text,30,1,0,
SER_NO,5843,6,PROPS,257,5760,text,27,1,0,
SER_NO,5843,8,PROPS,257,7416,text,27,1,0,
SER_NO,5843,10,PROPS,257,4070,text,22,1,0,
SER_NO,5843,12,PROPS,257,7420,text,22,1,0,
SER_NO,5843,14,PROPS,257,4332,text,29,1,0,
SER_NO,5843,16,PROPS,257,7424,text,29,1,0,
SER_NO,5843,19,PROPS,257,2649,text,38,1,0,
SER_NO,5843,21,PROPS,257,7429,text,38,1,0,
SER_NO,5843,23,PROPS,257,19370,text,37,1,0,
SER_NO,5843,25,PROPS,257,7433,text,37,1,0,
SER_NO,5869,0,PROPS,257,3373,text,48,1,0,
SER_NO,5869,2,PROPS,257,7649,text,48,1,0,
SER_NO,5869,4,PROPS,257,9098,text,36,1,0,
SER_NO,5869,6,PROPS,257,7653,text,36,1,0,
SER_NO,5869,8,PROPS,257,7655,text,21,1,0,
SER_NO,5869,10,PROPS,257,7657,text,21,1,0,
SER_NO,5869,12,PROPS,257,7675,text,21,1,0,
SER_NO,5869,14,PROPS,257,7661,text,21,1,0,
SER_NO,5869,23,PROPS,257,7670,text,34,1,0,
SER_NO,5869,25,PROPS,257,4565,text,33,1,0,
SER_NO,5873,2,PROPS,257,7888,text,34,1,0,
SER_NO,5873,8,SER_NOTE,257,7896,text,8,1,0,
SER_NO,5873,14,PROPS,257,7900,text,33,1,0,
SER_NO,5873,16,PROPS,257,7902,text,33,1,0,
SER_NO,5873,18,PROPS,257,7904,text,27,1,0,
SER_NO,5873,20,PROPS,257,7906,text,27,1,0,
SER_NO,5889,3,PROPS,257,8128,text,39,1,0,
SER_NO,5889,12,PROPS,257,5759,text,39,1,0,
SER_NO,5889,15,PROPS,257,8140,text,39,1,0,
SER_NO,5889,18,PROPS,257,8143,text,39,1,0,
SER_NO,5889,20,PROPS,257,8142,text,39,1,0,
SER_NO,5908,1,PROPS,257,7196,text,30,1,0,
SER_NO,5908,2,PROPS,257,1217,text,53,1,0,
SER_NO,5908,3,PROPS,257,2178,text,34,1,0,
SER_NO,5908,5,PROPS,257,2180,text,28,1,0,
SER_NO,5908,7,PROPS,257,8371,text,53,1,0,
SER_NO,5908,9,PROPS,257,4326,text,35,1,0,
SER_NO,5908,11,PROPS,257,8375,text,30,1,0,
SER_NO,5908,13,PROPS,257,8377,text,30,1,0,
SER_NO,5908,15,PROPS,257,8379,text,28,1,0,
SER_NO,5908,17,PROPS,257,8381,text,28,1,0,
SER_NO,5908,19,PROPS,257,8383,text,30,1,0,
SER_NO,5908,21,PROPS,257,2892,text,30,1,0,
SER_NO,5908,25,PROPS,257,6462,text,28,1,0,
SER_NO,5908,27,PROPS,257,4329,text,37,1,0,
SER_NO,5908,29,PROPS,257,4328,text,37,1,0,
SER_NO,5908,31,PROPS,257,8395,text,37,1,0,
SER_NO,5908,33,PROPS,257,4327,text,37,1,0,
SER_NO,5930,0,PROPS,257,4330,text,44,1,0,
SER_NO,5930,2,PROPS,257,8605,text,45,1,0,
SER_NO,5930,4,PROPS,257,8607,text,34,1,0,
SER_NO,5930,6,PROPS,257,8609,text,29,1,0,
SER_NO,5930,8,PROPS,257,4331,text,29,1,0,
SER_NO,5930,10,PROPS,257,3128,text,29,1,0,
SER_NO,5930,11,PROPS,257,1697,text,34,1,0,
SER_NO,5930,12,PROPS,257,3139,text,29,1,0,
SER_NO,5930,14,PROPS,257,8617,text,46,1,0,
SER_NO,5930,16,PROPS,257,4094,text,40,1,0,
SER_NO,5930,17,PROPS,257,4096,text,33,1,0,
SER_NO,5930,19,PROPS,257,2176,text,34,1,0,
SER_NO,5930,21,PROPS,257,8624,text,29,1,0,
SER_NO,5930,23,PROPS,257,2660,text,29,1,0,
SER_NO,5930,24,PROPS,257,7194,text,21,1,0,
SER_NO,5972,17,PROPS,257,4095,text,34,1,0,
SER_NO,5972,22,PROPS,257,8863,text,30,1,0,
SER_NO,5969,12,PROPS,257,9093,text,32,1,0,
SER_NO,5969,13,PROPS,257,7677,text,38,1,0,
SER_NO,5969,15,PROPS,257,9096,text,38,1,0,
SER_NO,5469,2,PROPS,257,7191,text,18,1,0,
SER_NO,5469,3,PROPS,257,6720,text,18,1,0,
SER_NO,5469,4,PROPS,257,6241,text,44,1,0,
SER_NO,5469,6,PROPS,257,5285,text,30,1,0,
SER_NO,5469,8,PROPS,257,7197,text,30,1,0,
SER_NO,5469,11,PROPS,257,6242,text,28,1,0,
SER_NO,5469,13,PROPS,257,5287,text,29,1,0,
SER_NO,5469,15,PROPS,257,2659,text,29,1,0,
SER_NO,5469,19,PROPS,257,4563,text,29,1,0,
SER_NO,5993,4,PROPS,257,3369,text,35,1,0,
SER_NO,5993,16,PROPS,257,15787,text,43,1,0,
SER_NO,6021,17,PROPS,257,2181,text,29,1,0,
SER_NO,6036,0,PROPS,257,5761,text,27,1,0,
SER_NO,6036,2,PROPS,257,7439,text,30,1,0,
SER_NO,6036,4,PROPS,257,7441,text,30,1,0,
SER_NO,6036,6,PROPS,257,7442,text,31,1,0,
SER_NO,6036,8,PROPS,257,10045,text,30,1,0,
SER_NO,6036,10,PROPS,257,10047,text,30,1,0,
SER_NO,6036,12,PROPS,257,10049,text,28,1,0,
SER_NO,6036,14,PROPS,257,10051,text,28,1,0,
SER_NO,6036,25,PROPS,257,6237,text,41,1,0,
SER_NO,6034,1,PROPS,257,2411,text,34,1,0,
SER_NO,6034,4,PROPS,257,1436,text,28,1,0,
SER_NO,6034,19,PROPS,257,4564,text,33,1,0,
SER_NO,6065,18,SER_NOTE,257,6719,text,6,1,0,
SER_NO,5398,3,PROPS,257,10996,text,42,1,0,
SER_NO,5398,4,PROPS,257,6239,text,28,1,0,
SER_NO,5586,2,PROPS,257,7192,text,21,1,0,
SER_NO,5586,5,PROPS,257,4303,text,49,1,0,
SER_NO,5586,7,PROPS,257,6243,text,28,1,0,
SER_NO,5586,12,PROPS,257,11244,text,40,1,0,
SER_NO,5586,14,PROPS,257,3133,text,27,1,0,
SER_NO,5586,15,PROPS,257,3123,text,34,1,0,
SER_NO,5586,16,PROPS,257,1463,text,36,1,0,
SER_NO,5586,18,PROPS,257,11250,text,36,1,0,
SER_NO,5781,18,PROPS,257,2893,text,29,1,0,
SER_NO,5781,20,PROPS,257,11491,text,27,1,0,
SER_NO,5781,22,PROPS,257,11493,text,29,1,0,
SER_NO,5507,0,PROPS,257,11495,text,40,1,0,
SER_NO,5507,2,PROPS,257,11712,text,27,1,0,
SER_NO,5507,6,PROPS,257,11716,text,21,1,0,
SER_NO,5852,18,PROPS,257,3612,text,12,1,0,
SER_NO,5852,19,PROPS,257,3613,text,12,1,0,
SER_NO,5852,20,PROPS,257,6240,text,12,1,0,
SER_NO,5852,22,PROPS,257,272,text,39,1,0,
SER_NO,5902,0,PROPS,257,3614,text,12,1,0,
SER_NO,5902,1,PROPS,257,11971,text,22,1,0,
SER_NO,5902,4,PROPS,257,11016,text,22,1,0,
SER_NO,5902,5,PROPS,257,8154,text,19,1,0,
SER_NO,5902,7,PROPS,257,12195,text,19,1,0,
SER_NO,5902,15,PROPS,257,12203,text,46,1,0,
SER_NO,5902,16,PROPS,257,2164,text,28,1,0,
SER_NO,5902,17,PROPS,257,4066,text,41,1,0,
SER_NO,5902,21,PROPS,257,3846,text,46,1,0,
SER_NO,5931,2,PROPS,257,12435,text,32,1,0,
SER_NO,5931,4,PROPS,257,12431,text,26,1,0,
SER_NO,5931,6,PROPS,257,12433,text,26,1,0,
SER_NO,5931,8,PROPS,257,13154,text,32,1,0,
SER_NO,6081,1,PROPS,257,9821,text,29,1,0,
SER_NO,6081,2,PROPS,257,8626,text,33,1,0,
SER_NO,6081,3,PROPS,257,7914,text,27,1,0,
SER_NO,6081,5,PROPS,257,6479,text,27,1,0,
SER_NO,6081,9,PROPS,257,4086,text,43,1,0,
SER_NO,6081,15,PROPS,257,12681,text,38,1,0,
SER_NO,6081,16,PROPS,257,9104,text,26,1,0,
SER_NO,6081,17,PROPS,257,12452,text,22,1,0,
SER_NO,6081,18,PROPS,257,11259,text,30,1,0,
SER_NO,6081,21,PROPS,257,12694,text,37,1,0,
SER_NO,6081,23,PROPS,257,12689,text,37,1,0,
SER_NO,6081,25,PROPS,257,3362,text,34,1,0,
SER_NO,6090,0,PROPS,257,12693,text,34,1,0,
SER_NO,6090,3,PROPS,257,7438,text,35,1,0,
SER_NO,6090,5,PROPS,257,12910,text,35,1,0,
SER_NO,6083,4,PROPS,257,3371,text,27,1,0,
SER_NO,6083,6,PROPS,257,7659,text,21,1,0,
SER_NO,6083,8,PROPS,257,17698,text,21,1,0,
SER_NO,6083,11,PROPS,257,975,text,23,1,0,
SER_NO,6083,13,PROPS,257,13157,text,23,1,0,
SER_NO,6083,15,PROPS,257,13159,text,43,1,0,
SER_NO,6083,17,PROPS,257,4786,text,48,1,0,
SER_NO,6083,19,PROPS,257,2418,text,22,1,0,
SER_NO,6083,21,PROPS,257,2875,text,35,1,0,
SER_NO,6083,23,PROPS,257,11256,text,34,1,0,
SER_NO,6083,25,PROPS,257,7651,text,36,1,0,
SER_NO,6186,0,PROPS,257,13172,text,36,1,0,
SER_NO,6186,1,PROPS,257,13389,text,35,1,0,
SER_NO,6186,2,PROPS,257,12687,text,37,1,0,
SER_NO,6186,4,PROPS,257,13387,text,37,1,0,
SER_NO,6186,6,PROPS,257,4567,text,34,1,0,
SER_NO,6186,8,PROPS,257,2636,text,30,1,0,
SER_NO,6186,10,PROPS,257,9105,text,36,1,0,
SER_NO,6186,13,PROPS,257,13396,text,34,1,0,
SER_NO,6186,21,PROPS,257,13404,text,48,1,0,
SER_NO,6186,23,PROPS,257,1218,text,43,1,0,
SER_NO,6186,26,PROPS,257,13409,text,43,1,0,
SER_NO,6220,0,PROPS,257,10066,text,30,1,0,
SER_NO,6220,1,PROPS,257,10068,text,28,1,0,
SER_NO,6220,2,PROPS,257,3598,text,28,1,0,
SER_NO,6220,15,PROPS,257,10065,text,28,1,0,
SER_NO,6220,16,PROPS,257,10064,text,28,1,0,
SER_NO,6220,17,PROPS,257,11017,text,30,1,0,
SER_NO,6220,21,PROPS,257,12695,text,32,1,0,
SER_NO,6238,11,PROPS,257,13872,text,32,1,0,
SER_NO,6238,12,PROPS,257,13871,text,34,1,0,
SER_NO,6238,21,PROPS,257,13881,text,46,1,0,
SER_NO,6247,0,PROPS,257,9107,text,32,1,0,
SER_NO,6247,3,PROPS,257,14103,text,33,1,0,
SER_NO,6247,6,PROPS,257,14106,text,43,1,0,
SER_NO,6247,8,PROPS,257,14108,text,26,1,0,
SER_NO,6247,10,PROPS,257,14110,text,32,1,0,
SER_NO,6247,13,PROPS,257,3137,text,33,1,0,
SER_NO,6247,15,PROPS,257,14115,text,33,1,0,
SER_NO,6111,2,PROPS,257,14341,text,21,1,0,
SER_NO,6111,4,PROPS,257,14343,text,21,1,0,
SER_NO,6265,8,PROPS,257,14127,text,38,1,0,
SER_NO,6265,18,PROPS,257,14596,text,30,1,0,
SER_NO,6265,19,PROPS,257,13412,text,36,1,0,
SER_NO,6265,21,PROPS,257,14599,text,35,1,0,
SER_NO,6265,23,PROPS,257,14601,text,28,1,0,
SER_NO,6191,0,PROPS,257,14603,text,28,1,0,
SER_NO,6191,6,PROPS,257,6002,text,41,1,0,
SER_NO,6191,8,PROPS,257,14825,text,41,1,0,
SER_NO,6191,12,PROPS,257,14829,text,26,1,0,
SER_NO,6310,6,PROPS,257,14126,text,33,1,0,
SER_NO,6310,7,PROPS,257,10295,text,41,1,0,
SER_NO,6310,9,PROPS,257,15543,text,41,1,0,
SER_NO,6310,11,PROPS,257,15545,text,32,1,0,
SER_NO,6310,12,PROPS,257,12453,text,43,1,0,
SER_NO,6319,1,PROPS,257,16756,text,30,1,0,
SER_NO,6319,6,PROPS,257,17223,text,20,1,0,
SER_NO,6319,9,PROPS,257,14128,text,20,1,0,
SER_NO,6319,22,PROPS,257,13647,text,41,1,0,
SER_NO,6319,24,PROPS,257,9582,text,41,1,0,
SER_NO,6319,27,PROPS,257,5521,text,41,1,0,
SER_NO,6330,10,PROPS,257,12691,text,38,1,0,
SER_NO,6330,14,PROPS,257,14604,text,32,1,0,
SER_NO,6338,2,PROPS,257,1466,text,35,1,0,
SER_NO,6338,4,PROPS,257,4097,text,27,1,0,
SER_NO,6338,7,PROPS,257,6715,text,32,1,0,
SER_NO,6338,8,PROPS,257,12696,text,33,1,0,
SER_NO,6338,9,PROPS,257,14605,text,34,1,0,
SER_NO,6338,11,PROPS,257,5523,text,39,1,0,
SER_NO,6338,13,PROPS,257,5525,text,39,1,0,
SER_NO,6338,18,PROPS,257,8401,text,31,1,0,
SER_NO,6338,20,PROPS,257,7193,text,31,1,0,
SER_NO,6338,22,PROPS,257,13650,text,30,1,0,
SER_NO,6338,24,PROPS,257,13651,text,30,1,0,
SER_NO,6338,26,PROPS,257,5274,text,30,1,0,
SER_NO,6350,0,PROPS,257,5281,text,30,1,0,
SER_NO,6350,3,PROPS,257,5283,text,30,1,0,
SER_NO,6350,5,PROPS,257,13152,text,29,1,0,
SER_NO,6350,7,PROPS,257,15795,text,30,1,0,
SER_NO,6350,9,PROPS,257,16269,text,30,1,0,
SER_NO,6350,11,PROPS,257,13887,text,29,1,0,
SER_NO,6350,13,PROPS,257,13889,text,29,1,0,
SER_NO,6350,16,PROPS,257,16281,text,22,1,0,
SER_NO,6350,18,PROPS,257,10539,text,49,1,0,
SER_NO,6350,20,PROPS,257,16271,text,28,1,0,
SER_NO,6350,22,PROPS,257,13173,text,27,1,0,
SER_NO,6350,24,PROPS,257,10540,text,44,1,0,
SER_NO,6350,26,PROPS,257,16273,text,28,1,0,
SER_NO,6350,28,PROPS,257,10542,text,28,1,0,
SER_NO,6350,30,PROPS,257,10543,text,28,1,0,
SER_NO,6351,1,PROPS,257,16283,text,27,1,0,
SER_NO,6351,3,PROPS,257,16732,text,27,1,0,
SER_NO,6351,5,PROPS,257,16033,text,21,1,0,
SER_NO,6351,22,PROPS,257,8866,text,30,1,0,
SER_NO,6362,13,PROPS,257,16983,text,41,1,0,
SER_NO,6362,20,PROPS,257,11975,text,21,1,0,
SER_NO,6369,0,PROPS,257,11976,text,21,1,0,
SER_NO,6369,2,PROPS,257,4566,text,39,1,0,
SER_NO,6373,5,PROPS,257,14842,text,30,1,0,
SER_NO,6373,14,PROPS,257,17460,text,33,1,0,
SER_NO,6373,16,PROPS,257,16503,text,33,1,0,
SER_NO,6373,18,PROPS,257,12457,text,41,1,0,
SER_NO,6383,1,PROPS,257,14363,text,21,1,0,
SER_NO,6383,6,PROPS,257,17691,text,26,1,0,
SER_NO,6383,8,PROPS,257,17693,text,32,1,0,
SER_NO,6383,9,PROPS,257,12454,text,27,1,0,
SER_NO,6383,11,PROPS,257,7672,text,21,1,0,
SER_NO,6383,13,PROPS,257,13167,text,21,1,0,
SER_NO,6383,17,PROPS,257,4078,text,41,1,0,
SER_NO,6383,19,PROPS,257,17704,text,41,1,0,
SER_NO,6390,21,PROPS,257,8149,text,19,1,0,
SER_NO,6390,23,PROPS,257,17947,text,12,1,0,
SER_NO,6390,25,PROPS,257,17949,text,12,1,0,
SER_NO,6401,0,PROPS,257,17951,text,12,1,0,
SER_NO,6401,7,PROPS,257,15315,text,48,1,0,
SER_NO,6401,9,PROPS,257,18172,text,47,1,0,
SER_NO,6127,9,PROPS,257,18894,text,37,1,0,
SER_NO,6127,15,PROPS,257,18897,text,41,1,0,
SER_NO,6127,19,PROPS,257,3372,text,43,1,0,
SER_NO,6256,0,PROPS,257,13177,text,56,1,0,
SER_NO,6256,1,PROPS,257,15790,text,39,1,0,
SER_NO,6256,3,PROPS,257,19122,text,32,1,0,
SER_NO,6256,7,PROPS,257,19126,text,30,1,0,
SER_NO,6256,9,PROPS,257,19128,text,28,1,0,
SER_NO,6256,10,PROPS,257,16524,text,28,1,0,
SER_NO,6256,13,PROPS,257,13413,text,29,1,0,
SER_NO,6256,14,PROPS,257,17215,text,39,1,0,
SER_NO,6256,15,PROPS,257,13649,text,30,1,0,
SER_NO,6256,17,PROPS,257,8399,text,30,1,0,
SER_NO,6256,18,PROPS,257,19136,text,22,1,0,
SER_NO,6256,19,PROPS,257,8393,text,30,1,0,
SER_NO,6256,21,PROPS,257,8397,text,30,1,0,
SER_NO,6256,23,PROPS,257,8400,text,28,1,0,
SER_NO,6256,25,PROPS,257,2897,text,28,1,0,
SER_NO,6463,0,PROPS,257,2898,text,28,1,0,
SER_NO,6463,2,PROPS,257,8385,text,28,1,0,
SER_NO,6463,3,PROPS,257,15316,text,12,1,0,
SER_NO,6463,4,PROPS,257,8391,text,30,1,0,
SER_NO,6463,6,PROPS,257,10538,text,29,1,0,
SER_NO,6463,7,PROPS,257,10537,text,30,1,0,
SER_NO,6463,10,PROPS,257,10541,text,34,1,0,
SER_NO,6463,12,PROPS,257,16275,text,53,1,0,
SER_NO,6463,14,PROPS,257,16030,text,35,1,0,
SER_NO,6463,20,PROPS,257,4810,text,37,1,0,
SER_NO,6463,26,PROPS,257,10039,text,37,1,0,
SER_NO,6488,0,PROPS,257,10041,text,37,1,0,
SER_NO,6488,1,PROPS,257,19368,text,12,1,0,
SER_NO,6488,2,PROPS,257,10043,text,37,1,0,
SER_NO,6488,5,PROPS,257,10069,text,37,1,0,
SER_NO,6488,6,PROPS,257,19602,text,12,1,0,
SER_NO,6488,7,PROPS,257,16034,text,44,1,0,
SER_NO,6488,9,PROPS,257,16036,text,34,1,0,
SER_NO,6488,12,PROPS,257,19606,text,12,1,0,
SER_NO,6488,13,PROPS,257,16037,text,29,1,0,
SER_NO,6488,15,PROPS,257,19612,text,22,1,0,
SER_NO,6488,16,PROPS,257,16039,text,29,1,0,
SER_NO,6488,18,PROPS,257,16277,text,29,1,0,
SER_NO,6488,20,PROPS,257,13885,text,29,1,0,
SER_NO,6488,22,PROPS,257,13886,text,29,1,0,
SER_NO,6488,24,PROPS,257,13888,text,29,1,0,
SER_NO,6488,27,PROPS,257,13890,text,36,1,0,
SER_NO,6488,29,PROPS,257,16279,text,36,1,0,
SER_NO,6488,31,PROPS,257,16280,text,46,1,0,
SER_NO,6490,0,PROPS,257,16282,text,40,1,0,
SER_NO,6490,2,PROPS,257,19838,text,33,1,0,
SER_NO,6490,3,PROPS,257,16753,text,44,1,0,
SER_NO,6490,4,PROPS,257,16493,text,29,1,0,
SER_NO,6490,6,PROPS,257,12699,text,29,1,0,
SER_NO,6490,8,PROPS,257,9108,text,53,1,0,
SER_NO,6490,9,PROPS,257,13174,text,33,1,0,
SER_NO,6490,12,PROPS,257,13176,text,34,1,0,
SER_NO,6490,20,PROPS,257,980,text,23,1,0,
SER_NO,6490,22,PROPS,257,977,text,23,1,0,
SER_NO,6490,24,PROPS,257,19860,text,43,1,0,
SER_NO,6530,5,PROPS,257,19848,text,53,1,0,
SER_NO,6530,6,PROPS,257,983,text,43,1,0,
SER_NO,6530,8,PROPS,257,984,text,43,1,0,
SER_NO,6530,10,PROPS,257,985,text,43,1,0,
SER_NO,6530,12,PROPS,257,1219,text,41,1,0,
SER_NO,6530,14,PROPS,257,1437,text,48,1,0,
SER_NO,6530,17,PROPS,257,1222,text,48,1,0,
SER_NO,6530,19,PROPS,257,16505,text,22,1,0,
SER_NO,6530,22,PROPS,257,1453,text,26,1,0,
SER_NO,6530,24,PROPS,257,3374,text,36,1,0,
SER_NO,6530,26,PROPS,257,3606,text,34,1,0,
SER_NO,6534,0,PROPS,257,1468,text,36,1,0,
SER_NO,6534,1,PROPS,257,20083,text,53,1,0,
SER_NO,6534,2,PROPS,257,3375,text,36,1,0,
SER_NO,6534,4,PROPS,257,4807,text,37,1,0,
SER_NO,6534,6,PROPS,257,12697,text,40,1,0,
SER_NO,6534,8,PROPS,257,4808,text,37,1,0,
SER_NO,6534,9,PROPS,257,20318,text,53,1,0,
SER_NO,6534,10,PROPS,257,4809,text,37,1,0,
SER_NO,6534,12,PROPS,257,5267,text,35,1,0,
SER_NO,6534,14,PROPS,257,6228,text,33,1,0,
SER_NO,6534,17,PROPS,257,2416,text,34,1,0,
SER_NO,6534,23,PROPS,257,4087,text,32,1,0,
SER_NO,6534,24,PROPS,257,6723,text,32,1,0,
SER_NO,6534,27,PROPS,257,7412,text,32,1,0,
SER_NO,6546,0,PROPS,257,7443,text,30,1,0,
SER_NO,6546,2,PROPS,257,6725,text,34,1,0,
SER_NO,6546,14,PROPS,257,8151,text,38,1,0,
SER_NO,6546,16,PROPS,257,8152,text,38,1,0,
SER_NO,6546,20,PROPS,257,8634,text,36,1,0,
SER_NO,6546,22,PROPS,257,20575,text,39,1,0,
SER_NO,6546,25,PROPS,257,13411,text,43,1,0,
SER_NO,6571,4,PROPS,257,12912,text,30,1,0,
SER_NO,6571,15,PROPS,257,21285,text,47,1,0,
SER_NO,6571,18,PROPS,257,17940,text,47,1,0,
SER_NO,6571,21,PROPS,257,17941,text,48,1,0,
SER_NO,6571,24,PROPS,257,17952,text,48,1,0,
SER_NO,6298,10,PROPS,257,6722,text,26,1,0,
SER_NO,6507,1,PROPS,257,6955,text,9,1,0,
SER_NO,6507,16,PROPS,257,7682,text,34,1,0,
SER_NO,6518,2,PROPS,257,21770,text,26,1,0,
SER_NO,6518,3,PROPS,257,11978,text,27,1,0,
SER_NO,6518,5,PROPS,257,11979,text,28,1,0,
SER_NO,6518,7,PROPS,257,6484,text,30,1,0,
SER_NO,6518,10,PROPS,257,7917,text,21,1,0,
SER_NO,6518,13,PROPS,257,7918,text,21,1,0,
SER_NO,6518,15,PROPS,257,7919,text,21,1,0,
SER_NO,6518,17,PROPS,257,12455,text,21,1,0,
SER_NO,6518,21,PROPS,257,12456,text,42,1,0,
SER_NO,6632,18,PROPS,257,11980,text,31,1,0,
SER_NO,6636,23,PROPS,257,7915,text,22,1,0,
SER_NO,6636,25,PROPS,257,7916,text,22,1,0,
SER_NO,6640,3,PROPS,257,11977,text,32,1,0,
SER_NO,6640,11,PROPS,257,15556,text,27,1,0,
SER_NO,6640,13,PROPS,257,17217,text,34,1,0,
SER_NO,6640,16,PROPS,257,17219,text,35,1,0,
SER_NO,6640,19,PROPS,257,17221,text,35,1,0,
SER_NO,6640,22,PROPS,257,17225,text,35,1,0,
SER_NO,6661,7,PROPS,257,23667,text,41,1,0,
SER_NO,6661,9,PROPS,257,23669,text,40,1,0,
SER_NO,6661,11,PROPS,257,23671,text,39,1,0,
SER_NO,6661,13,PROPS,257,11237,text,46,1,0,
SER_NO,6661,17,PROPS,257,2645,text,30,1,0,
SER_NO,6664,6,PROPS,257,23905,text,18,1,0,
SER_NO,6664,9,PROPS,257,23908,text,18,1,0,
SER_NO,6664,12,PROPS,257,23911,text,18,1,0,
SER_NO,6664,15,PROPS,257,23914,text,18,1,0,
SER_NO,6664,18,PROPS,257,23917,text,18,1,0,
SER_NO,6664,21,PROPS,257,9343,text,18,1,0,
SER_NO,6664,23,PROPS,257,28454,text,18,1,0,
SER_NO,6664,26,PROPS,257,3603,text,18,1,0,
SER_NO,6664,29,PROPS,257,23928,text,18,1,0,
SER_NO,6664,31,PROPS,257,23930,text,18,1,0,
SER_NO,6664,34,PROPS,257,9827,text,18,1,0,
SER_NO,6673,0,PROPS,257,23936,text,18,1,0,
SER_NO,6673,2,PROPS,257,9828,text,18,1,0,
SER_NO,6673,7,PROPS,257,23907,text,53,1,0,
SER_NO,6673,14,PROPS,257,3140,text,42,1,0,
SER_NO,6673,17,PROPS,257,9106,text,35,1,0,
SER_NO,6673,18,PROPS,257,24148,text,53,1,0,
SER_NO,6673,20,PROPS,257,24158,text,40,1,0,
SER_NO,6746,0,PROPS,257,1467,text,35,1,0,
SER_NO,6746,3,PROPS,257,8636,text,39,1,0,
SER_NO,6746,6,PROPS,257,16508,text,41,1,0,
SER_NO,6746,8,PROPS,257,16991,text,32,1,0,
SER_NO,6746,10,PROPS,257,20330,text,32,1,0,
SER_NO,6761,16,PROPS,257,24632,text,30,1,0,
SER_NO,6771,6,PROPS,257,24638,text,29,1,0,
SER_NO,6771,20,PROPS,257,24875,text,22,1,0,
SER_NO,6781,0,PROPS,257,25115,text,35,1,0,
SER_NO,6781,2,PROPS,257,25335,text,35,1,0,
SER_NO,6798,3,PROPS,257,7920,text,21,1,0,
SER_NO,6798,13,PROPS,257,19617,text,22,1,0,
SER_NO,6798,14,PROPS,257,13175,text,34,1,0,
SER_NO,6798,17,PROPS,257,25828,text,29,1,0,
SER_NO,6798,19,PROPS,257,25830,text,22,1,0,
SER_NO,6798,21,PROPS,257,25832,text,33,1,0,
SER_NO,6796,2,PROPS,257,8622,text,36,1,0,
SER_NO,6796,3,PROPS,257,8635,text,34,1,0,
SER_NO,6796,5,PROPS,257,12698,text,34,1,0,
SER_NO,6796,6,PROPS,257,19842,text,34,1,0,
SER_NO,6796,8,PROPS,257,26058,text,28,1,0,
SER_NO,6796,9,PROPS,257,16253,text,30,1,0,
SER_NO,6796,11,PROPS,257,26061,text,28,1,0,
SER_NO,6796,14,PROPS,257,26064,text,28,1,0,
SER_NO,6796,16,PROPS,257,5526,text,42,1,0,
SER_NO,6796,17,PROPS,257,8637,text,33,1,0,
SER_NO,6796,19,PROPS,257,8638,text,32,1,0,
SER_NO,6796,20,PROPS,257,5524,text,41,1,0,
SER_NO,6796,24,PROPS,257,19142,text,27,1,0,
SER_NO,6821,0,PROPS,257,4098,text,36,1,0,
SER_NO,6821,1,PROPS,257,14841,text,47,1,0,
SER_NO,6821,2,PROPS,257,4794,text,36,1,0,
SER_NO,6821,3,SER_NOTE,257,16755,text,0,1,0,
SER_NO,6821,3,PROPS,257,16754,text,0,1,0,
SER_NO,6821,16,SER_NOTE,257,26305,text,0,1,0,
SER_NO,6821,16,PROPS,257,26298,text,0,1,0,
SER_NO,6821,17,PROPS,257,16523,text,30,1,0,
SER_NO,6821,18,PROPS,257,13648,text,30,1,0,
SER_NO,6821,22,SER_NOTE,257,26311,text,0,1,0,
SER_NO,6821,22,PROPS,257,17936,text,43,1,0,
SER_NO,6918,3,SER_NOTE,257,18186,text,48,1,0,
SER_NO,6918,3,PROPS,257,21276,text,47,1,0,
SER_NO,6918,4,PROPS,257,9581,text,41,1,0,
SER_NO,6918,13,PROPS,257,4811,text,35,1,0,
SER_NO,6918,17,PROPS,257,18185,text,34,1,0,
SER_NO,6918,18,PROPS,257,16506,text,20,1,0,
SER_NO,6918,20,PROPS,257,13178,text,43,1,0,
SER_NO,7089,0,PROPS,257,26551,text,32,1,0,
SER_NO,7089,3,PROPS,257,26770,text,20,1,0,
SER_NO,7089,4,PROPS,257,13891,text,20,1,0,
SER_NO,7089,12,PROPS,257,20801,text,41,1,0,
SER_NO,7089,13,PROPS,257,24399,text,41,1,0,
SER_NO,7089,17,PROPS,257,16040,text,12,1,0,
SER_NO,7089,18,PROPS,257,19140,text,12,1,0,
SER_NO,7089,19,PROPS,257,19144,text,12,1,0,
SER_NO,7125,0,PROPS,257,20806,text,19,1,0,
SER_NO,7125,1,PROPS,257,20808,text,19,1,0,
SER_NO,7125,2,SER_NOTE,257,27010,text,97,1,0,
SER_NO,7125,7,PROPS,257,18901,text,12,1,0,
SER_NO,7125,8,PROPS,257,23910,text,12,1,0,
SER_NO,7125,9,PROPS,257,22956,text,12,1,0,
SER_NO,7125,10,PROPS,257,15319,text,12,1,0,
SER_NO,7125,11,PROPS,257,23913,text,12,1,0,
SER_NO,7125,13,PROPS,257,27019,text,22,1,0,
SER_NO,7125,16,PROPS,257,11974,text,22,1,0,
SER_NO,7125,19,PROPS,257,15077,text,41,1,0,
SER_NO,7125,20,PROPS,257,273,text,39,1,0,
SER_NO,7125,21,PROPS,257,274,text,39,1,0,
SER_NO,7172,0,PROPS,257,27029,text,55,1,0,
SER_NO,7172,2,PROPS,257,27247,text,44,1,0,
SER_NO,7172,3,PROPS,257,271,text,37,1,0,
SER_NO,7172,4,PROPS,257,498,text,51,1,0,
SER_NO,7172,5,PROPS,257,32,text,51,1,0,
SER_NO,7172,6,PROPS,257,33,text,51,1,0,
SER_NO,7172,7,PROPS,257,31,text,55,1,0,
SER_NO,7172,8,PROPS,257,500,text,51,1,0,
SER_NO,7172,9,PROPS,257,34,text,49,1,0,
SER_NO,7172,10,PROPS,257,504,text,61,1,0,
SER_NO,7172,11,PROPS,257,510,text,41,1,0,
SER_NO,7172,13,PROPS,257,27258,text,50,1,0,
SER_NO,7172,15,PROPS,257,27260,text,35,1,0,
SER_NO,7172,17,PROPS,257,27262,text,35,1,0,
SER_NO,7172,19,PROPS,257,27264,text,61,1,0,
SER_NO,7172,21,PROPS,257,27266,text,50,1,0,
SER_NO,7172,23,PROPS,257,27268,text,59,1,0,
SER_NO,7172,25,PROPS,257,27270,text,36,1,0,
SER_NO,7175,0,PROPS,257,27272,text,87,1,0,
SER_NO,7175,2,PROPS,257,27486,text,60,1,0,
SER_NO,7175,4,PROPS,257,27488,text,34,1,0,
SER_NO,7175,6,PROPS,257,27490,text,42,1,0,
SER_NO,7175,8,PROPS,257,27492,text,37,1,0,
SER_NO,7175,9,PROPS,257,502,text,51,1,0,
SER_NO,7175,12,PROPS,257,27496,text,54,1,0,
SER_NO,7175,13,PROPS,257,27495,text,39,1,0,
SER_NO,7175,16,PROPS,257,27500,text,69,1,0,
SER_NO,7175,17,PROPS,257,27499,text,45,1,0,
SER_NO,7175,19,PROPS,257,27503,text,64,1,0,
SER_NO,7175,21,PROPS,257,27505,text,50,1,0,
SER_NO,7175,23,PROPS,257,27507,text,47,1,0,
SER_NO,7175,25,PROPS,257,27509,text,46,1,0,
SER_NO,7175,27,PROPS,257,27511,text,49,1,0,
SER_NO,7175,29,PROPS,257,27513,text,49,1,0,
SER_NO,7180,0,PROPS,257,27515,text,34,1,0,
SER_NO,7180,2,PROPS,257,27725,text,51,1,0,
SER_NO,7180,8,PROPS,257,5522,text,46,1,0,
SER_NO,7671,1,PROPS,257,20328,text,18,1,0,
SER_NO,7671,3,PROPS,257,28204,text,18,1,0,
SER_NO,7671,14,PROPS,257,6003,text,12,1,0,
SER_NO,7671,16,PROPS,257,28217,text,12,1,0,
SER_NO,7671,18,PROPS,257,28219,text,12,1,0,
SER_NO,7671,19,PROPS,257,27022,text,12,1,0,
SER_NO,7671,21,PROPS,257,27030,text,22,1,0,
SER_NO,7671,22,PROPS,257,24639,text,12,1,0,
SER_NO,7671,23,PROPS,257,27032,text,22,1,0,
SER_NO,7671,25,PROPS,257,28226,text,12,1,0,
SER_NO,7673,1,PROPS,257,28228,text,12,1,0,
SER_NO,7673,3,PROPS,257,28443,text,19,1,0,
SER_NO,7673,6,PROPS,257,20810,text,19,1,0,
SER_NO,7673,11,SER_NOTE,257,29176,text,70,1,0,
SER_NO,7675,5,SER_NOTE,257,15561,text,10,1,0,
SER_NO,7675,15,PROPS,257,12671,text,26,1,0,
SER_NO,6631,6,PROPS,257,28706,text,47,1,0,
SER_NO,6631,10,PROPS,257,29166,text,48,1,0,
SER_NO,6651,6,SER_NOTE,257,28471,text,68,1,0,
SER_NO,6676,1,PROPS,257,13414,text,18,1,0,
SER_NO,6676,3,PROPS,257,23920,text,18,1,0,
SER_NO,6682,10,PROPS,257,29660,text,12,1,0,
SER_NO,7178,6,PROPS,257,18908,text,41,1,0,
SER_NO,7969,2,PROPS,257,14831,text,43,1,0,
SER_NO,7969,5,PROPS,257,14131,text,12,1,0,
SER_NO,7969,18,PROPS,257,12447,text,19,1,0,
SER_NO,7969,22,PROPS,257,27034,text,19,1,0,
SER_NO,7969,26,PROPS,257,8156,text,41,1,0,
SER_NO,7969,28,PROPS,257,12197,text,18,1,0,
SER_NO,7969,32,PROPS,257,30384,text,18,1,0,
SER_NO,10435,7,SER_NOTE,257,14827,text,49,1,0,
SER_NO,10435,10,SER_NOTE,257,31078,text,24,1,0,
SER_NO,10435,22,SER_NOTE,257,31082,text,31,1,0,
SER_NO,10435,27,PROPS,257,31096,text,18,1,0,
SER_NO,10435,30,PROPS,257,31099,text,18,1,0,
SER_NO,10438,2,PROPS,257,31098,text,18,1,0,
SER_NO,10438,5,PROPS,257,31313,text,18,1,0,
SKLADS,1715,14,NOTE,259,13,text,33,1,0,
SKLADS,1715,16,NOTE,259,17,text,89,1,0,
STOKI,1716,1,PROPS,263,12446,text,32,1,0,
STOKI,1716,1,NOTE,263,16,text,0,1,0,
STOKI,1716,3,PROPS,263,16287,text,32,1,0,
STOKI,1716,3,NOTE,263,1929,text,0,1,0,
STOKI,1716,5,PROPS,263,1949,text,32,1,0,
STOKI,1716,5,NOTE,263,2,text,0,1,0,
STOKI,1716,7,PROPS,263,11739,text,30,1,0,
STOKI,1716,7,NOTE,263,4,text,0,1,0,
STOKI,1716,9,PROPS,263,6,text,34,1,0,
STOKI,1716,9,NOTE,263,12024,text,0,1,0,
STOKI,1716,11,PROPS,263,34,text,28,1,0,
STOKI,1716,11,NOTE,263,12468,text,0,1,0,
STOKI,1716,13,PROPS,263,10,text,28,1,0,
STOKI,1716,13,NOTE,263,12471,text,0,1,0,
STOKI,1716,15,PROPS,263,12,text,26,1,0,
STOKI,1716,15,NOTE,263,12473,text,0,1,0,
STOKI,1716,17,PROPS,263,18169,text,30,1,0,
STOKI,1716,17,NOTE,263,6693,text,0,1,0,
STOKI,1716,19,PROPS,263,18691,text,37,1,0,
STOKI,1716,19,NOTE,263,2881,text,0,1,0,
STOKI,1716,21,PROPS,263,20576,text,37,1,0,
STOKI,1716,21,NOTE,263,18683,text,0,1,0,
STOKI,1716,23,PROPS,263,20102,text,37,1,0,
STOKI,1716,23,NOTE,263,12440,text,0,1,0,
STOKI,1716,25,PROPS,263,44,text,37,1,0,
STOKI,1716,25,NOTE,263,22,text,0,1,0,
STOKI,1716,27,PROPS,263,12469,text,35,1,0,
STOKI,1716,27,NOTE,263,12451,text,0,1,0,
STOKI,1716,29,PROPS,263,26,text,33,1,0,
STOKI,1716,29,NOTE,263,12453,text,0,1,0,
STOKI,1716,31,PROPS,263,28,text,37,1,0,
STOKI,1716,31,NOTE,263,12455,text,0,1,0,
STOKI,1716,33,PROPS,263,12433,text,34,1,0,
STOKI,1716,33,NOTE,263,11753,text,0,1,0,
STOKI,1716,35,PROPS,263,18692,text,34,1,0,
STOKI,1716,35,NOTE,263,18687,text,0,1,0,
STOKI,1716,37,PROPS,263,2163,text,32,1,0,
STOKI,1716,37,NOTE,263,2203,text,0,1,0,
STOKI,1717,0,PROPS,263,36,text,36,1,0,
STOKI,1717,0,NOTE,263,12459,text,0,1,0,
STOKI,1717,2,PROPS,263,38,text,32,1,0,
STOKI,1717,2,NOTE,263,12462,text,0,1,0,
STOKI,1717,4,PROPS,263,722,text,36,1,0,
STOKI,1717,4,NOTE,263,12430,text,0,1,0,
STOKI,1717,6,PROPS,263,2875,text,36,1,0,
STOKI,1717,6,NOTE,263,2889,text,0,1,0,
STOKI,1717,8,PROPS,263,7921,text,36,1,0,
STOKI,1717,8,NOTE,263,7930,text,0,1,0,
STOKI,1717,10,PROPS,263,2893,text,36,1,0,
STOKI,1717,10,NOTE,263,12437,text,0,1,0,
STOKI,1717,12,PROPS,263,12434,text,34,1,0,
STOKI,1717,12,NOTE,263,2895,text,0,1,0,
STOKI,1717,14,PROPS,263,2917,text,36,1,0,
STOKI,1717,14,NOTE,263,2897,text,0,1,0,
STOKI,1717,16,PROPS,263,14133,text,35,1,0,
STOKI,1717,16,NOTE,263,10532,text,0,1,0,
STOKI,1717,18,PROPS,263,14377,text,35,1,0,
STOKI,1717,18,NOTE,263,2162,text,0,1,0,
STOKI,1717,20,PROPS,263,2883,text,35,1,0,
STOKI,1717,20,NOTE,263,12243,text,0,1,0,
STOKI,1717,22,PROPS,263,485,text,43,1,0,
STOKI,1717,22,NOTE,263,489,text,0,1,0,
STOKI,1717,24,PROPS,263,18199,text,43,1,0,
STOKI,1717,24,NOTE,263,11732,text,0,1,0,
STOKI,1717,26,PROPS,263,973,text,43,1,0,
STOKI,1717,26,NOTE,263,11776,text,0,1,0,
STOKI,1717,28,PROPS,263,7920,text,41,1,0,
STOKI,1717,28,NOTE,263,977,text,0,1,0,
STOKI,1717,30,PROPS,263,979,text,45,1,0,
STOKI,1717,30,NOTE,263,12230,text,0,1,0,
STOKI,1717,32,PROPS,263,8639,text,48,1,0,
STOKI,1717,32,NOTE,263,522,text,0,1,0,
STOKI,1717,34,PROPS,263,9834,text,48,1,0,
STOKI,1717,34,NOTE,263,18197,text,0,1,0,
STOKI,1717,36,PROPS,263,743,text,43,1,0,
STOKI,1717,36,NOTE,263,720,text,0,1,0,
STOKI,1718,0,PROPS,263,274,text,45,1,0,
STOKI,1718,0,NOTE,263,12221,text,0,1,0,
STOKI,1718,2,PROPS,263,252,text,43,1,0,
STOKI,1718,2,NOTE,263,12496,text,0,1,0,
STOKI,1718,4,PROPS,263,254,text,42,1,0,
STOKI,1718,4,NOTE,263,12497,text,0,1,0,
STOKI,1718,6,PROPS,263,16290,text,39,1,0,
STOKI,1718,6,NOTE,263,16761,text,0,1,0,
STOKI,1718,8,PROPS,263,250,text,37,1,0,
STOKI,1718,8,NOTE,263,12495,text,0,1,0,
STOKI,1718,10,PROPS,263,260,text,33,1,0,
STOKI,1718,10,NOTE,263,12500,text,0,1,0,
STOKI,1718,12,PROPS,263,262,text,32,1,0,
STOKI,1718,12,NOTE,263,12501,text,0,1,0,
STOKI,1718,14,PROPS,263,256,text,43,1,0,
STOKI,1718,14,NOTE,263,12498,text,0,1,0,
STOKI,1718,16,PROPS,263,258,text,41,1,0,
STOKI,1718,16,NOTE,263,12499,text,0,1,0,
STOKI,1718,18,PROPS,263,244,text,39,1,0,
STOKI,1718,18,NOTE,263,12210,text,0,1,0,
STOKI,1718,20,PROPS,263,12916,text,39,1,0,
STOKI,1718,20,NOTE,263,12475,text,0,1,0,
STOKI,1718,22,PROPS,263,11747,text,36,1,0,
STOKI,1718,22,NOTE,263,11750,text,0,1,0,
STOKI,1718,24,PROPS,263,43,text,36,1,0,
STOKI,1718,24,NOTE,263,12489,text,0,1,0,
STOKI,1718,26,PROPS,263,240,text,36,1,0,
STOKI,1718,26,NOTE,263,12490,text,0,1,0,
STOKI,1718,28,PROPS,263,242,text,34,1,0,
STOKI,1718,28,NOTE,263,12491,text,0,1,0,
STOKI,1718,30,PROPS,263,8642,text,38,1,0,
STOKI,1718,30,NOTE,263,8619,text,0,1,0,
STOKI,1718,32,PROPS,263,16501,text,38,1,0,
STOKI,1718,32,NOTE,263,16289,text,0,1,0,
STOKI,1718,34,PROPS,263,2877,text,24,1,0,
STOKI,1718,34,NOTE,263,12235,text,0,1,0,
STOKI,1718,36,PROPS,263,750,text,22,1,0,
STOKI,1718,36,NOTE,263,511,text,0,1,0,
STOKI,1719,0,PROPS,263,2879,text,26,1,0,
STOKI,1719,0,NOTE,263,12238,text,0,1,0,
STOKI,1719,2,PROPS,263,11513,text,23,1,0,
STOKI,1719,2,NOTE,263,739,text,0,1,0,
STOKI,1719,4,PROPS,263,740,text,23,1,0,
STOKI,1719,4,NOTE,263,741,text,0,1,0,
STOKI,1719,6,PROPS,263,742,text,26,1,0,
STOKI,1719,6,NOTE,263,718,text,0,1,0,
STOKI,1719,7,PROPS,263,515,text,34,1,0,
STOKI,1719,7,NOTE,263,12441,text,0,1,0,
STOKI,1719,8,PROPS,263,2885,text,36,1,0,
STOKI,1719,8,NOTE,263,12429,text,0,1,0,
STOKI,1719,10,PROPS,263,726,text,51,1,0,
STOKI,1719,11,NOTE,263,16270,text,0,1,0,
STOKI,1719,14,NOTE,263,730,text,22,1,0,
STOKI,1719,15,PROPS,263,517,text,35,1,0,
STOKI,1719,15,NOTE,263,12241,text,0,1,0,
STOKI,1719,16,NOTE,263,17961,text,0,1,0,
STOKI,1719,34,PROPS,263,497,text,39,1,0,
STOKI,1719,34,NOTE,263,13419,text,0,1,0,
STOKI,1719,36,NOTE,263,752,text,31,1,0,
STOKI,1719,38,NOTE,263,754,text,15,1,0,
STOKI,1719,40,NOTE,263,34922,text,0,1,0,
STOKI,1719,41,NOTE,263,22982,text,0,1,0,
STOKI,1719,42,NOTE,263,11984,text,0,1,0,
STOKI,1719,43,NOTE,263,20351,text,0,1,0,
STOKI,1720,1,NOTE,263,20358,text,0,1,0,
STOKI,1720,3,NOTE,263,20355,text,0,1,0,
STOKI,1720,4,NOTE,263,20365,text,0,1,0,
STOKI,1720,5,NOTE,263,761,text,72,1,0,
STOKI,1720,6,PROPS,263,763,text,36,1,0,
STOKI,1720,6,NOTE,263,2899,text,0,1,0,
STOKI,1720,10,NOTE,263,965,text,37,1,0,
STOKI,1720,12,PROPS,263,762,text,34,1,0,
STOKI,1720,12,NOTE,263,11966,text,0,1,0,
STOKI,1720,28,PROPS,263,983,text,51,1,0,
STOKI,1720,32,PROPS,263,1200,text,39,1,0,
STOKI,1720,32,NOTE,263,1472,text,0,1,0,
STOKI,1720,34,PROPS,263,16286,text,35,1,0,
STOKI,1720,34,NOTE,263,16284,text,0,1,0,
STOKI,1720,36,PROPS,263,1471,text,34,1,0,
STOKI,1720,36,NOTE,263,11993,text,0,1,0,
STOKI,1720,38,PROPS,263,1236,text,34,1,0,
STOKI,1720,38,NOTE,263,993,text,0,1,0,
STOKI,1721,0,PROPS,263,991,text,34,1,0,
STOKI,1721,0,NOTE,263,995,text,0,1,0,
STOKI,1721,2,PROPS,263,1237,text,37,1,0,
STOKI,1721,2,NOTE,263,11997,text,0,1,0,
STOKI,1721,4,PROPS,263,1196,text,27,1,0,
STOKI,1721,4,NOTE,263,1228,text,0,1,0,
STOKI,1721,6,PROPS,263,1202,text,47,1,0,
STOKI,1721,6,NOTE,263,1470,text,0,1,0,
STOKI,1721,8,PROPS,263,1481,text,32,1,0,
STOKI,1721,8,NOTE,263,1198,text,0,1,0,
STOKI,1721,10,PROPS,263,1204,text,51,1,0,
STOKI,1721,12,PROPS,263,2193,text,21,1,0,
STOKI,1721,12,NOTE,263,1214,text,0,1,0,
STOKI,1721,14,PROPS,263,11953,text,21,1,0,
STOKI,1721,14,NOTE,263,11983,text,0,1,0,
STOKI,1721,16,PROPS,263,19381,text,21,1,0,
STOKI,1721,16,NOTE,263,1208,text,0,1,0,
STOKI,1721,18,PROPS,263,1474,text,21,1,0,
STOKI,1721,18,NOTE,263,1216,text,0,1,0,
STOKI,1721,20,PROPS,263,1449,text,21,1,0,
STOKI,1721,20,NOTE,263,1437,text,0,1,0,
STOKI,1721,22,PROPS,263,1206,text,21,1,0,
STOKI,1721,22,NOTE,263,1953,text,0,1,0,
STOKI,1721,24,PROPS,263,1212,text,21,1,0,
STOKI,1721,24,NOTE,263,11999,text,0,1,0,
STOKI,1721,26,PROPS,263,5751,text,42,1,0,
STOKI,1721,26,NOTE,263,1210,text,0,1,0,
STOKI,1721,28,PROPS,263,1941,text,33,1,0,
STOKI,1721,28,NOTE,263,1218,text,0,1,0,
STOKI,1721,30,PROPS,263,1220,text,41,1,0,
STOKI,1721,30,NOTE,263,12009,text,0,1,0,
STOKI,1721,32,PROPS,263,6457,text,41,1,0,
STOKI,1721,32,NOTE,263,1222,text,0,1,0,
STOKI,1721,34,PROPS,263,1441,text,41,1,0,
STOKI,1721,34,NOTE,263,12007,text,0,1,0,
STOKI,1721,36,PROPS,263,1234,text,28,1,0,
STOKI,1721,36,NOTE,263,1694,text,0,1,0,
STOKI,1721,38,PROPS,263,1230,text,28,1,0,
STOKI,1721,38,NOTE,263,1698,text,0,1,0,
STOKI,1722,0,PROPS,263,1240,text,27,1,0,
STOKI,1722,0,NOTE,263,1479,text,0,1,0,
STOKI,1722,2,PROPS,263,1232,text,24,1,0,
STOKI,1722,2,NOTE,263,1709,text,0,1,0,
STOKI,1722,4,PROPS,263,2417,text,30,1,0,
STOKI,1722,4,NOTE,263,1682,text,0,1,0,
STOKI,1722,6,PROPS,263,985,text,44,1,0,
STOKI,1722,6,NOTE,263,1476,text,0,1,0,
STOKI,1722,8,PROPS,263,1238,text,43,1,0,
STOKI,1722,8,NOTE,263,1477,text,0,1,0,
STOKI,1722,10,PROPS,263,1925,text,43,1,0,
STOKI,1722,10,NOTE,263,1226,text,0,1,0,
STOKI,1722,12,PROPS,263,1445,text,51,1,0,
STOKI,1722,14,PROPS,263,16498,text,34,1,0,
STOKI,1722,14,NOTE,263,11977,text,0,1,0,
STOKI,1722,16,PROPS,263,11980,text,35,1,0,
STOKI,1722,16,NOTE,263,11968,text,0,1,0,
STOKI,1722,18,PROPS,263,1451,text,35,1,0,
STOKI,1722,18,NOTE,263,11971,text,0,1,0,
STOKI,1722,20,PROPS,263,16499,text,35,1,0,
STOKI,1722,20,NOTE,263,12687,text,0,1,0,
STOKI,1722,22,PROPS,263,272,text,26,1,0,
STOKI,1722,22,NOTE,263,11955,text,0,1,0,
STOKI,1722,24,PROPS,263,1457,text,46,1,0,
STOKI,1722,26,PROPS,263,6739,text,41,1,0,
STOKI,1722,26,NOTE,263,264,text,0,1,0,
STOKI,1722,28,PROPS,263,737,text,40,1,0,
STOKI,1722,28,NOTE,263,266,text,0,1,0,
STOKI,1722,30,PROPS,263,14369,text,46,1,0,
STOKI,1722,30,NOTE,263,8625,text,0,1,0,
STOKI,1722,32,PROPS,263,6229,text,39,1,0,
STOKI,1722,32,NOTE,263,1469,text,0,1,0,
STOKI,1722,34,PROPS,263,7447,text,22,1,0,
STOKI,1722,34,NOTE,263,7448,text,0,1,0,
STOKI,1723,0,PROPS,263,1242,text,22,1,0,
STOKI,1723,0,NOTE,263,1920,text,0,1,0,
STOKI,1723,1,PROPS,263,1224,text,35,1,0,
STOKI,1723,1,NOTE,263,12242,text,0,1,0,
STOKI,1723,2,PROPS,263,7451,text,22,1,0,
STOKI,1723,2,NOTE,263,7452,text,0,1,0,
STOKI,1723,4,PROPS,263,16494,text,31,1,0,
STOKI,1723,4,NOTE,263,491,text,0,1,0,
STOKI,1723,6,PROPS,263,11957,text,41,1,0,
STOKI,1723,6,NOTE,263,11958,text,0,1,0,
STOKI,1723,7,PROPS,263,1678,text,28,1,0,
STOKI,1723,7,NOTE,263,1702,text,0,1,0,
STOKI,1723,8,PROPS,263,12689,text,21,1,0,
STOKI,1723,8,NOTE,263,11952,text,0,1,0,
STOKI,1723,10,PROPS,263,13406,text,42,1,0,
STOKI,1723,10,NOTE,263,13412,text,0,1,0,
STOKI,1723,11,NOTE,263,1241,text,0,1,0,
STOKI,1723,12,PROPS,263,13644,text,41,1,0,
STOKI,1723,12,NOTE,263,13650,text,0,1,0,
STOKI,1723,14,PROPS,263,12224,text,41,1,0,
STOKI,1723,14,NOTE,263,13421,text,0,1,0,
STOKI,1723,15,NOTE,263,11781,text,0,1,0,
STOKI,1723,16,PROPS,263,13667,text,41,1,0,
STOKI,1723,16,NOTE,263,14848,text,0,1,0,
STOKI,1723,18,PROPS,263,1461,text,26,1,0,
STOKI,1723,20,PROPS,263,487,text,37,1,0,
STOKI,1723,22,PROPS,263,16288,text,53,1,0,
STOKI,1723,22,NOTE,263,11974,text,0,1,0,
STOKI,1723,24,PROPS,263,10313,text,40,1,0,
STOKI,1723,24,NOTE,263,1696,text,0,1,0,
STOKI,1723,26,PROPS,263,13628,text,48,1,0,
STOKI,1723,26,NOTE,263,13630,text,0,1,0,
STOKI,1723,28,PROPS,263,6244,text,47,1,0,
STOKI,1723,28,NOTE,263,21528,text,54,1,0,
STOKI,1723,30,PROPS,263,1459,text,31,1,0,
STOKI,1723,30,NOTE,263,11965,text,0,1,0,
STOKI,1723,32,PROPS,263,1704,text,51,1,0,
STOKI,1723,34,PROPS,263,1706,text,48,1,0,
STOKI,1723,34,NOTE,263,1692,text,0,1,0,
STOKI,1724,0,PROPS,263,1708,text,30,1,0,
STOKI,1724,0,NOTE,263,5745,text,0,1,0,
STOKI,1724,3,PROPS,263,974,text,38,1,0,
STOKI,1724,3,NOTE,263,48,text,0,1,0,
STOKI,1724,4,NOTE,263,9101,text,0,1,0,
STOKI,1724,9,NOTE,263,10768,text,0,1,0,
STOKI,1724,12,PROPS,263,1923,text,47,1,0,
STOKI,1724,14,PROPS,263,2666,text,49,1,0,
STOKI,1724,14,NOTE,263,2668,text,0,1,0,
STOKI,1724,16,PROPS,263,2660,text,44,1,0,
STOKI,1724,16,NOTE,263,2664,text,0,1,0,
STOKI,1724,18,PROPS,263,2638,text,21,1,0,
STOKI,1724,18,NOTE,263,2656,text,0,1,0,
STOKI,1724,20,PROPS,263,1931,text,49,1,0,
STOKI,1724,23,NOTE,263,1955,text,0,1,0,
STOKI,1724,24,NOTE,263,10780,text,0,1,0,
STOKI,1724,25,NOTE,263,14850,text,0,1,0,
STOKI,1724,26,PROPS,263,1463,text,30,1,0,
STOKI,1724,26,NOTE,263,2168,text,0,1,0,
STOKI,1724,27,PROPS,263,976,text,37,1,0,
STOKI,1724,27,NOTE,263,270,text,0,1,0,
STOKI,1724,28,NOTE,263,1713,text,0,1,0,
STOKI,1724,32,PROPS,263,6012,text,20,1,0,
STOKI,1724,32,NOTE,263,17942,text,0,1,0,
STOKI,1724,34,PROPS,263,6006,text,20,1,0,
STOKI,1724,34,NOTE,263,6015,text,0,1,0,
STOKI,1727,1,PROPS,263,1942,text,48,1,0,
STOKI,1727,1,NOTE,263,745,text,0,1,0,
STOKI,1727,2,PROPS,263,1947,text,21,1,0,
STOKI,1727,2,NOTE,263,1453,text,0,1,0,
STOKI,1727,3,PROPS,263,1948,text,21,1,0,
STOKI,1727,3,NOTE,263,1447,text,0,1,0,
STOKI,1727,4,NOTE,263,2164,text,0,1,0,
STOKI,1727,5,PROPS,263,1954,text,39,1,0,
STOKI,1727,5,NOTE,263,14378,text,0,1,0,
STOKI,1727,6,NOTE,263,2172,text,0,1,0,
STOKI,1727,9,PROPS,263,2158,text,34,1,0,
STOKI,1727,9,NOTE,263,2159,text,18,1,0,
STOKI,1727,14,PROPS,263,15571,text,30,1,0,
STOKI,1727,14,NOTE,263,9829,text,0,1,0,
STOKI,1727,16,PROPS,263,13418,text,30,1,0,
STOKI,1727,16,NOTE,263,6972,text,0,1,0,
STOKI,1727,18,PROPS,263,15567,text,30,1,0,
STOKI,1727,18,NOTE,263,15565,text,0,1,0,
STOKI,1727,20,PROPS,263,15568,text,30,1,0,
STOKI,1727,20,NOTE,263,15569,text,0,1,0,
STOKI,1727,24,PROPS,263,2176,text,53,1,0,
STOKI,1727,24,NOTE,263,6732,text,0,1,0,
STOKI,1727,26,PROPS,263,17000,text,28,1,0,
STOKI,1727,26,NOTE,263,14852,text,0,1,0,
STOKI,1727,28,PROPS,263,6962,text,35,1,0,
STOKI,1727,28,NOTE,263,6245,text,0,1,0,
STOKI,1727,29,NOTE,263,6458,text,0,1,0,
STOKI,1727,30,PROPS,263,6461,text,34,1,0,
STOKI,1727,30,NOTE,263,6464,text,0,1,0,
STOKI,1727,32,PROPS,263,2184,text,28,1,0,
STOKI,1727,32,NOTE,263,6498,text,0,1,0,
STOKI,1727,34,PROPS,263,5744,text,26,1,0,
STOKI,1727,34,NOTE,263,5523,text,0,1,0,
STOKI,1727,36,PROPS,263,2188,text,26,1,0,
STOKI,1727,36,NOTE,263,5533,text,0,1,0,
STOKI,1728,0,PROPS,263,2182,text,32,1,0,
STOKI,1728,0,NOTE,263,5531,text,0,1,0,
STOKI,1728,2,PROPS,263,2391,text,50,1,0,
STOKI,1728,3,NOTE,263,248,text,37,1,0,
STOKI,1728,4,PROPS,263,18657,text,31,1,0,
STOKI,1728,4,NOTE,263,18658,text,0,1,0,
STOKI,1728,6,PROPS,263,18654,text,30,1,0,
STOKI,1728,6,NOTE,263,18656,text,0,1,0,
STOKI,1728,7,NOTE,263,2395,text,37,1,0,
STOKI,1728,8,PROPS,263,18653,text,30,1,0,
STOKI,1728,8,NOTE,263,16521,text,0,1,0,
STOKI,1728,9,PROPS,263,1914,text,35,1,0,
STOKI,1728,9,NOTE,263,12703,text,0,1,0,
STOKI,1728,10,PROPS,263,18652,text,30,1,0,
STOKI,1728,10,NOTE,263,18440,text,0,1,0,
STOKI,1728,11,NOTE,263,1919,text,47,1,0,
STOKI,1728,12,PROPS,263,18651,text,30,1,0,
STOKI,1728,12,NOTE,263,14379,text,0,1,0,
STOKI,1728,14,PROPS,263,18659,text,28,1,0,
STOKI,1728,14,NOTE,263,18660,text,0,1,0,
STOKI,1728,16,PROPS,263,5776,text,34,1,0,
STOKI,1728,16,NOTE,263,5778,text,0,1,0,
STOKI,1728,18,PROPS,263,18662,text,28,1,0,
STOKI,1728,18,NOTE,263,18664,text,0,1,0,
STOKI,1728,20,PROPS,263,2178,text,28,1,0,
STOKI,1728,20,NOTE,263,749,text,0,1,0,
STOKI,1728,22,PROPS,263,2190,text,26,1,0,
STOKI,1728,22,NOTE,263,2907,text,0,1,0,
STOKI,1728,24,PROPS,263,2192,text,26,1,0,
STOKI,1728,24,NOTE,263,2910,text,0,1,0,
STOKI,1728,26,PROPS,263,2191,text,32,1,0,
STOKI,1728,26,NOTE,263,2908,text,0,1,0,
STOKI,1728,28,PROPS,263,2189,text,29,1,0,
STOKI,1728,28,NOTE,263,2672,text,0,1,0,
STOKI,1728,30,PROPS,263,2419,text,49,1,0,
STOKI,1728,32,PROPS,263,6500,text,29,1,0,
STOKI,1728,32,NOTE,263,6510,text,0,1,0,
STOKI,1728,34,PROPS,263,16769,text,29,1,0,
STOKI,1728,34,NOTE,263,16763,text,0,1,0,
STOKI,1728,36,PROPS,263,6497,text,29,1,0,
STOKI,1728,36,NOTE,263,6499,text,0,1,0,
STOKI,1728,38,PROPS,263,6754,text,29,1,0,
STOKI,1728,38,NOTE,263,6513,text,0,1,0,
STOKI,1731,0,PROPS,263,6503,text,29,1,0,
STOKI,1731,0,NOTE,263,6504,text,0,1,0,
STOKI,1731,1,NOTE,263,24418,text,0,1,0,
STOKI,1731,2,PROPS,263,10547,text,29,1,0,
STOKI,1731,2,NOTE,263,6502,text,0,1,0,
STOKI,1731,3,NOTE,263,16527,text,0,1,0,
STOKI,1731,4,PROPS,263,6487,text,29,1,0,
STOKI,1731,4,NOTE,263,6496,text,0,1,0,
STOKI,1731,5,NOTE,263,24419,text,0,1,0,
STOKI,1731,6,PROPS,263,6484,text,29,1,0,
STOKI,1731,6,NOTE,263,6485,text,0,1,0,
STOKI,1731,7,NOTE,263,10294,text,0,1,0,
STOKI,1731,8,PROPS,263,6519,text,36,1,0,
STOKI,1731,8,NOTE,263,6695,text,0,1,0,
STOKI,1731,10,PROPS,263,6516,text,36,1,0,
STOKI,1731,10,NOTE,263,6517,text,0,1,0,
STOKI,1731,11,NOTE,263,10057,text,8,1,0,
STOKI,1731,12,PROPS,263,6506,text,46,1,0,
STOKI,1731,12,NOTE,263,6507,text,0,1,0,
STOKI,1731,13,NOTE,263,35136,text,0,1,0,
STOKI,1731,14,PROPS,263,18432,text,27,1,0,
STOKI,1731,14,NOTE,263,18416,text,0,1,0,
STOKI,1731,15,NOTE,263,22263,text,0,1,0,
STOKI,1731,16,PROPS,263,6509,text,33,1,0,
STOKI,1731,16,NOTE,263,6701,text,0,1,0,
STOKI,1731,18,PROPS,263,6711,text,34,1,0,
STOKI,1731,18,NOTE,263,6712,text,0,1,0,
STOKI,1731,20,PROPS,263,5788,text,40,1,0,
STOKI,1731,20,NOTE,263,6508,text,0,1,0,
STOKI,1731,22,PROPS,263,16770,text,22,1,0,
STOKI,1731,22,NOTE,263,16766,text,0,1,0,
STOKI,1731,24,PROPS,263,2652,text,51,1,0,
STOKI,1731,26,PROPS,263,6248,text,30,1,0,
STOKI,1731,26,NOTE,263,6249,text,0,1,0,
STOKI,1731,28,PROPS,263,6246,text,30,1,0,
STOKI,1731,28,NOTE,263,6247,text,0,1,0,
STOKI,1731,30,PROPS,263,738,text,30,1,0,
STOKI,1731,30,NOTE,263,2411,text,0,1,0,
STOKI,1731,32,PROPS,263,2405,text,28,1,0,
STOKI,1731,32,NOTE,263,734,text,0,1,0,
STOKI,1731,34,PROPS,263,6253,text,28,1,0,
STOKI,1731,34,NOTE,263,6254,text,0,1,0,
STOKI,1731,36,PROPS,263,15085,text,28,1,0,
STOKI,1731,36,NOTE,263,2654,text,0,1,0,
STOKI,1731,38,PROPS,263,6454,text,30,1,0,
STOKI,1731,38,NOTE,263,6456,text,0,1,0,
STOKI,1732,0,PROPS,263,2407,text,26,1,0,
STOKI,1732,0,NOTE,263,735,text,0,1,0,
STOKI,1732,2,PROPS,263,2409,text,32,1,0,
STOKI,1732,2,NOTE,263,736,text,0,1,0,
STOKI,1732,4,PROPS,263,2871,text,61,1,0,
STOKI,1732,6,PROPS,263,18428,text,29,1,0,
STOKI,1732,6,NOTE,263,18439,text,0,1,0,
STOKI,1732,8,PROPS,263,6716,text,29,1,0,
STOKI,1732,8,NOTE,263,6721,text,0,1,0,
STOKI,1732,10,PROPS,263,6713,text,29,1,0,
STOKI,1732,10,NOTE,263,6714,text,0,1,0,
STOKI,1732,12,PROPS,263,18441,text,27,1,0,
STOKI,1732,12,NOTE,263,15810,text,0,1,0,
STOKI,1732,14,PROPS,263,18445,text,27,1,0,
STOKI,1732,14,NOTE,263,18447,text,0,1,0,
STOKI,1732,16,PROPS,263,6735,text,34,1,0,
STOKI,1732,16,NOTE,263,2869,text,0,1,0,
STOKI,1732,18,PROPS,263,6733,text,33,1,0,
STOKI,1732,18,NOTE,263,2916,text,0,1,0,
STOKI,1732,20,PROPS,263,2887,text,60,1,0,
STOKI,1732,22,PROPS,263,6481,text,37,1,0,
STOKI,1732,22,NOTE,263,6482,text,0,1,0,
STOKI,1732,24,PROPS,263,6473,text,37,1,0,
STOKI,1732,24,NOTE,263,6476,text,0,1,0,
STOKI,1732,26,PROPS,263,6470,text,37,1,0,
STOKI,1732,26,NOTE,263,6472,text,0,1,0,
STOKI,1732,28,PROPS,263,6477,text,37,1,0,
STOKI,1732,28,NOTE,263,2914,text,0,1,0,
STOKI,1732,30,PROPS,263,6480,text,44,1,0,
STOKI,1732,30,NOTE,263,6483,text,0,1,0,
STOKI,1732,32,PROPS,263,6493,text,34,1,0,
STOKI,1732,32,NOTE,263,6494,text,0,1,0,
STOKI,1732,34,PROPS,263,6490,text,45,1,0,
STOKI,1732,34,NOTE,263,6492,text,0,1,0,
STOKI,1732,36,PROPS,263,2903,text,38,1,0,
STOKI,1734,0,PROPS,263,2905,text,87,1,0,
STOKI,1734,2,PROPS,263,3108,text,64,1,0,
STOKI,1734,4,PROPS,263,3110,text,37,1,0,
STOKI,1734,6,PROPS,263,3112,text,51,1,0,
STOKI,1734,8,PROPS,263,3114,text,69,1,0,
STOKI,1734,10,PROPS,263,3116,text,61,1,0,
STOKI,1734,12,PROPS,263,3118,text,41,1,0,
STOKI,1734,14,PROPS,263,3120,text,54,1,0,
STOKI,1734,16,PROPS,263,3122,text,55,1,0,
STOKI,1734,18,PROPS,263,3124,text,59,1,0,
STOKI,1734,20,PROPS,263,3126,text,39,1,0,
STOKI,1734,22,PROPS,263,3128,text,35,1,0,
STOKI,1734,24,PROPS,263,3130,text,44,1,0,
STOKI,1734,26,PROPS,263,3132,text,34,1,0,
STOKI,1734,28,PROPS,263,3134,text,39,1,0,
STOKI,1734,30,PROPS,263,3136,text,39,1,0,
STOKI,1734,32,PROPS,263,3138,text,39,1,0,
STOKI,1734,34,PROPS,263,3140,text,41,1,0,
STOKI,1735,0,PROPS,263,3142,text,50,1,0,
STOKI,1735,2,PROPS,263,3347,text,28,1,0,
STOKI,1735,4,PROPS,263,3349,text,36,1,0,
STOKI,1735,6,PROPS,263,3351,text,45,1,0,
STOKI,1735,8,PROPS,263,3353,text,37,1,0,
STOKI,1735,10,PROPS,263,3355,text,35,1,0,
STOKI,1735,12,PROPS,263,3357,text,49,1,0,
STOKI,1735,14,PROPS,263,3359,text,42,1,0,
STOKI,1735,16,PROPS,263,3361,text,37,1,0,
STOKI,1735,18,PROPS,263,3363,text,50,1,0,
STOKI,1735,20,PROPS,263,3365,text,41,1,0,
STOKI,1735,22,PROPS,263,3367,text,33,1,0,
STOKI,1735,24,PROPS,263,3369,text,55,1,0,
STOKI,1735,26,PROPS,263,3371,text,53,1,0,
STOKI,1735,28,PROPS,263,3373,text,33,1,0,
STOKI,1735,30,PROPS,263,3375,text,54,1,0,
STOKI,1735,32,PROPS,263,3377,text,45,1,0,
STOKI,1735,34,PROPS,263,3379,text,48,1,0,
STOKI,1737,0,PROPS,263,3381,text,49,1,0,
STOKI,1737,2,PROPS,263,3586,text,66,1,0,
STOKI,1737,4,PROPS,263,3588,text,53,1,0,
STOKI,1737,6,PROPS,263,3590,text,54,1,0,
STOKI,1737,8,PROPS,263,3592,text,61,1,0,
STOKI,1737,10,PROPS,263,3594,text,47,1,0,
STOKI,1737,12,PROPS,263,3596,text,61,1,0,
STOKI,1737,14,PROPS,263,3598,text,75,1,0,
STOKI,1737,16,PROPS,263,3600,text,50,1,0,
STOKI,1737,18,PROPS,263,3602,text,46,1,0,
STOKI,1737,20,PROPS,263,3604,text,44,1,0,
STOKI,1737,22,PROPS,263,3606,text,43,1,0,
STOKI,1737,24,PROPS,263,3608,text,43,1,0,
STOKI,1737,26,PROPS,263,3610,text,43,1,0,
STOKI,1737,28,PROPS,263,3612,text,43,1,0,
STOKI,1737,30,PROPS,263,3614,text,46,1,0,
STOKI,1738,0,PROPS,263,3616,text,50,1,0,
STOKI,1738,2,PROPS,263,3825,text,37,1,0,
STOKI,1738,4,PROPS,263,3827,text,38,1,0,
STOKI,1738,6,PROPS,263,3829,text,38,1,0,
STOKI,1738,8,PROPS,263,3831,text,38,1,0,
STOKI,1738,10,PROPS,263,3833,text,43,1,0,
STOKI,1738,12,PROPS,263,3835,text,42,1,0,
STOKI,1738,14,PROPS,263,3837,text,37,1,0,
STOKI,1738,16,PROPS,263,3839,text,37,1,0,
STOKI,1738,18,PROPS,263,3841,text,37,1,0,
STOKI,1738,20,PROPS,263,3843,text,46,1,0,
STOKI,1738,22,PROPS,263,3845,text,36,1,0,
STOKI,1738,24,PROPS,263,3847,text,49,1,0,
STOKI,1738,26,PROPS,263,3849,text,67,1,0,
STOKI,1738,28,PROPS,263,3851,text,50,1,0,
STOKI,1738,30,PROPS,263,3853,text,32,1,0,
STOKI,1738,32,PROPS,263,3855,text,38,1,0,
STOKI,1738,34,PROPS,263,3857,text,35,1,0,
STOKI,1739,0,PROPS,263,3859,text,43,1,0,
STOKI,1739,2,PROPS,263,4064,text,32,1,0,
STOKI,1739,4,PROPS,263,4066,text,37,1,0,
STOKI,1739,6,PROPS,263,4068,text,53,1,0,
STOKI,1739,8,PROPS,263,4070,text,38,1,0,
STOKI,1739,10,PROPS,263,4072,text,41,1,0,
STOKI,1739,12,PROPS,263,4074,text,35,1,0,
STOKI,1739,14,PROPS,263,4076,text,38,1,0,
STOKI,1739,16,PROPS,263,4078,text,42,1,0,
STOKI,1739,18,PROPS,263,4080,text,38,1,0,
STOKI,1739,20,PROPS,263,4082,text,45,1,0,
STOKI,1739,22,PROPS,263,4084,text,41,1,0,
STOKI,1739,24,PROPS,263,4086,text,48,1,0,
STOKI,1739,26,PROPS,263,4088,text,49,1,0,
STOKI,1739,28,PROPS,263,4090,text,39,1,0,
STOKI,1739,30,PROPS,263,4092,text,36,1,0,
STOKI,1739,32,PROPS,263,4094,text,45,1,0,
STOKI,1739,34,PROPS,263,4096,text,48,1,0,
STOKI,1740,0,PROPS,263,4098,text,25,1,0,
STOKI,1740,2,PROPS,263,4303,text,39,1,0,
STOKI,1740,4,PROPS,263,4305,text,32,1,0,
STOKI,1740,6,PROPS,263,4307,text,33,1,0,
STOKI,1740,8,PROPS,263,4309,text,37,1,0,
STOKI,1740,10,PROPS,263,4311,text,35,1,0,
STOKI,1740,12,PROPS,263,4313,text,28,1,0,
STOKI,1740,14,PROPS,263,4315,text,26,1,0,
STOKI,1740,16,PROPS,263,4317,text,23,1,0,
STOKI,1740,18,PROPS,263,4319,text,28,1,0,
STOKI,1740,20,PROPS,263,4321,text,25,1,0,
STOKI,1740,22,PROPS,263,4323,text,24,1,0,
STOKI,1740,24,PROPS,263,4325,text,35,1,0,
STOKI,1740,26,PROPS,263,4327,text,32,1,0,
STOKI,1740,28,PROPS,263,4329,text,44,1,0,
STOKI,1740,30,PROPS,263,4331,text,43,1,0,
STOKI,1740,32,PROPS,263,4333,text,35,1,0,
STOKI,1740,34,PROPS,263,4335,text,48,1,0,
STOKI,1740,36,PROPS,263,4337,text,50,1,0,
STOKI,1741,0,PROPS,263,4339,text,34,1,0,
STOKI,1741,2,PROPS,263,4542,text,24,1,0,
STOKI,1741,4,PROPS,263,4579,text,30,1,0,
STOKI,1741,4,NOTE,263,4544,text,0,1,0,
STOKI,1741,6,PROPS,263,4546,text,42,1,0,
STOKI,1741,8,PROPS,263,4548,text,22,1,0,
STOKI,1741,10,PROPS,263,4550,text,26,1,0,
STOKI,1741,12,PROPS,263,4552,text,23,1,0,
STOKI,1741,14,PROPS,263,4554,text,39,1,0,
STOKI,1741,16,PROPS,263,4556,text,36,1,0,
STOKI,1741,18,PROPS,263,4558,text,34,1,0,
STOKI,1741,20,PROPS,263,4560,text,53,1,0,
STOKI,1741,22,PROPS,263,4562,text,31,1,0,
STOKI,1741,24,PROPS,263,4564,text,34,1,0,
STOKI,1741,26,PROPS,263,4566,text,26,1,0,
STOKI,1741,28,PROPS,263,4568,text,31,1,0,
STOKI,1741,30,PROPS,263,4570,text,50,1,0,
STOKI,1741,32,PROPS,263,4572,text,67,1,0,
STOKI,1741,34,PROPS,263,4574,text,49,1,0,
STOKI,1741,36,PROPS,263,4576,text,50,1,0,
STOKI,1743,0,PROPS,263,4578,text,47,1,0,
STOKI,1743,2,PROPS,263,4781,text,50,1,0,
STOKI,1743,4,PROPS,263,4783,text,59,1,0,
STOKI,1743,6,PROPS,263,4785,text,45,1,0,
STOKI,1743,6,NOTE,263,17240,text,0,1,0,
STOKI,1743,8,PROPS,263,4787,text,52,1,0,
STOKI,1743,8,NOTE,263,4814,text,0,1,0,
STOKI,1743,10,PROPS,263,4789,text,51,1,0,
STOKI,1743,12,PROPS,263,4791,text,42,1,0,
STOKI,1743,14,PROPS,263,4793,text,47,1,0,
STOKI,1743,16,PROPS,263,4795,text,43,1,0,
STOKI,1743,18,PROPS,263,4797,text,63,1,0,
STOKI,1743,20,PROPS,263,4799,text,56,1,0,
STOKI,1743,20,NOTE,263,24175,text,0,1,0,
STOKI,1743,22,PROPS,263,4801,text,38,1,0,
STOKI,1743,22,NOTE,263,30894,text,0,1,0,
STOKI,1743,24,PROPS,263,4803,text,63,1,0,
STOKI,1743,26,PROPS,263,4805,text,70,1,0,
STOKI,1743,28,PROPS,263,4807,text,47,1,0,
STOKI,1743,28,NOTE,263,30895,text,0,1,0,
STOKI,1743,30,PROPS,263,4809,text,68,1,0,
STOKI,1743,32,PROPS,263,4811,text,74,1,0,
STOKI,1743,32,NOTE,263,5304,text,0,1,0,
STOKI,1745,0,PROPS,263,4813,text,85,1,0,
STOKI,1745,0,NOTE,263,5300,text,0,1,0,
STOKI,1745,2,PROPS,263,5020,text,72,1,0,
STOKI,1745,2,NOTE,263,5051,text,0,1,0,
STOKI,1745,4,PROPS,263,5022,text,82,1,0,
STOKI,1745,4,NOTE,263,6746,text,0,1,0,
STOKI,1745,6,PROPS,263,5024,text,74,1,0,
STOKI,1745,6,NOTE,263,15334,text,0,1,0,
STOKI,1745,8,PROPS,263,5026,text,74,1,0,
STOKI,1745,8,NOTE,263,5050,text,0,1,0,
STOKI,1745,10,PROPS,263,5028,text,78,1,0,
STOKI,1745,10,NOTE,263,5306,text,0,1,0,
STOKI,1745,12,PROPS,263,5030,text,78,1,0,
STOKI,1745,12,NOTE,263,5049,text,0,1,0,
STOKI,1745,14,PROPS,263,5032,text,91,1,0,
STOKI,1745,14,NOTE,263,5302,text,0,1,0,
STOKI,1745,16,PROPS,263,5034,text,87,1,0,
STOKI,1745,16,NOTE,263,5301,text,0,1,0,
STOKI,1745,18,PROPS,263,5036,text,88,1,0,
STOKI,1745,18,NOTE,263,5052,text,0,1,0,
STOKI,1745,20,PROPS,263,5038,text,91,1,0,
STOKI,1745,20,NOTE,263,6475,text,0,1,0,
STOKI,1745,22,PROPS,263,5040,text,91,1,0,
STOKI,1745,22,NOTE,263,6514,text,0,1,0,
STOKI,1745,24,PROPS,263,5042,text,64,1,0,
STOKI,1745,26,PROPS,263,5044,text,69,1,0,
STOKI,1745,26,NOTE,263,17964,text,0,1,0,
STOKI,1745,28,PROPS,263,5046,text,85,1,0,
STOKI,1746,0,PROPS,263,5048,text,72,1,0,
STOKI,1746,2,PROPS,263,5259,text,71,1,0,
STOKI,1746,4,PROPS,263,5261,text,40,1,0,
STOKI,1746,6,PROPS,263,5263,text,64,1,0,
STOKI,1746,6,NOTE,263,24168,text,0,1,0,
STOKI,1746,8,PROPS,263,5265,text,34,1,0,
STOKI,1746,10,PROPS,263,5267,text,35,1,0,
STOKI,1746,12,PROPS,263,5269,text,48,1,0,
STOKI,1746,14,PROPS,263,5271,text,43,1,0,
STOKI,1746,16,PROPS,263,5273,text,39,1,0,
STOKI,1746,18,PROPS,263,5275,text,32,1,0,
STOKI,1746,20,PROPS,263,5277,text,42,1,0,
STOKI,1746,22,PROPS,263,5279,text,35,1,0,
STOKI,1746,24,PROPS,263,5281,text,32,1,0,
STOKI,1746,24,NOTE,263,5297,text,0,1,0,
STOKI,1746,26,PROPS,263,5283,text,32,1,0,
STOKI,1746,26,NOTE,263,5298,text,0,1,0,
STOKI,1746,28,PROPS,263,5285,text,34,1,0,
STOKI,1746,28,NOTE,263,5299,text,0,1,0,
STOKI,1746,30,PROPS,263,5287,text,29,1,0,
STOKI,1746,32,PROPS,263,5289,text,34,1,0,
STOKI,1746,34,PROPS,263,5291,text,30,1,0,
STOKI,1746,36,PROPS,263,5293,text,27,1,0,
STOKI,1746,36,NOTE,263,24408,text,0,1,0,
STOKI,1748,0,PROPS,263,5295,text,24,1,0,
STOKI,1748,2,PROPS,263,5498,text,36,1,0,
STOKI,1748,4,PROPS,263,5500,text,21,1,0,
STOKI,1748,4,NOTE,263,30852,text,0,1,0,
STOKI,1748,6,PROPS,263,5502,text,28,1,0,
STOKI,1748,8,PROPS,263,5504,text,65,1,0,
STOKI,1748,10,PROPS,263,5506,text,56,1,0,
STOKI,1748,10,NOTE,263,30912,text,0,1,0,
STOKI,1748,12,PROPS,263,5508,text,70,1,0,
STOKI,1748,14,PROPS,263,5510,text,32,1,0,
STOKI,1748,16,PROPS,263,5512,text,34,1,0,
STOKI,1748,16,NOTE,263,5514,text,0,1,0,
STOKI,1748,19,PROPS,263,5515,text,43,1,0,
STOKI,1748,21,PROPS,263,5517,text,48,1,0,
STOKI,1748,23,PROPS,263,5519,text,51,1,0,
STOKI,1748,25,PROPS,263,5521,text,59,1,0,
STOKI,1748,27,PROPS,263,997,text,26,1,0,
STOKI,1748,27,NOTE,263,11995,text,0,1,0,
STOKI,1748,28,PROPS,263,1235,text,26,1,0,
STOKI,1748,28,NOTE,263,11996,text,0,1,0,
STOKI,1748,29,PROPS,263,277,text,34,1,0,
STOKI,1748,29,NOTE,263,11967,text,0,1,0,
STOKI,1748,31,PROPS,263,5527,text,20,1,0,
STOKI,1748,31,NOTE,263,6729,text,0,1,0,
STOKI,1748,33,PROPS,263,5529,text,40,1,0,
STOKI,1748,33,NOTE,263,12234,text,0,1,0,
STOKI,5260,0,PROPS,263,5534,text,20,1,0,
STOKI,5260,0,NOTE,263,2906,text,0,1,0,
STOKI,5260,1,PROPS,263,2901,text,29,1,0,
STOKI,5260,1,NOTE,263,11749,text,0,1,0,
STOKI,5260,2,PROPS,263,975,text,35,1,0,
STOKI,5260,2,NOTE,263,11969,text,0,1,0,
STOKI,5260,3,PROPS,263,998,text,30,1,0,
STOKI,5260,3,NOTE,263,12027,text,0,1,0,
STOKI,5260,4,PROPS,263,2873,text,22,1,0,
STOKI,5260,4,NOTE,263,11759,text,0,1,0,
STOKI,5260,6,PROPS,263,278,text,28,1,0,
STOKI,5260,6,NOTE,263,12486,text,0,1,0,
STOKI,5260,7,PROPS,263,18412,text,38,1,0,
STOKI,5260,7,NOTE,263,16285,text,0,1,0,
STOKI,5260,13,PROPS,263,5747,text,29,1,0,
STOKI,5260,22,NOTE,263,2161,text,30,1,0,
STOKI,5260,23,PROPS,263,5753,text,31,1,0,
STOKI,5260,23,NOTE,263,2909,text,0,1,0,
STOKI,5260,26,NOTE,263,5760,text,33,1,0,
STOKI,5260,31,NOTE,263,5766,text,24,1,0,
STOKI,5260,33,NOTE,263,5768,text,17,1,0,
STOKI,5260,35,PROPS,263,5741,text,27,1,0,
STOKI,5260,35,NOTE,263,11766,text,0,1,0,
STOKI,5317,0,NOTE,263,5770,text,26,1,0,
STOKI,5317,2,NOTE,263,5976,text,40,1,0,
STOKI,5317,4,NOTE,263,5978,text,40,1,0,
STOKI,5317,6,NOTE,263,5980,text,9,1,0,
STOKI,5317,8,NOTE,263,6217,text,35,1,0,
STOKI,5317,10,NOTE,263,5984,text,24,1,0,
STOKI,5317,12,NOTE,263,5986,text,25,1,0,
STOKI,5317,14,NOTE,263,5988,text,23,1,0,
STOKI,5317,16,NOTE,263,5990,text,32,1,0,
STOKI,5317,18,NOTE,263,6002,text,25,1,0,
STOKI,5317,20,NOTE,263,5994,text,10,1,0,
STOKI,5317,22,NOTE,263,12472,text,20,1,0,
STOKI,5317,24,NOTE,263,15809,text,25,1,0,
STOKI,5317,26,NOTE,263,17697,text,31,1,0,
STOKI,5317,28,NOTE,263,22952,text,29,1,0,
STOKI,5317,30,NOTE,263,6004,text,33,1,0,
STOKI,5317,32,NOTE,263,17701,text,29,1,0,
STOKI,5317,34,NOTE,263,5996,text,35,1,0,
STOKI,5317,36,NOTE,263,1917,text,20,1,0,
STOKI,5318,0,NOTE,263,9099,text,30,1,0,
STOKI,5318,2,NOTE,263,17699,text,30,1,0,
STOKI,5318,4,NOTE,263,12207,text,29,1,0,
STOKI,5318,5,NOTE,263,5763,text,36,1,0,
STOKI,5318,7,NOTE,263,6220,text,31,1,0,
STOKI,5318,8,NOTE,263,6224,text,0,1,0,
STOKI,5318,9,NOTE,263,5764,text,0,1,0,
STOKI,5318,11,NOTE,263,5779,text,10,1,0,
STOKI,5318,14,NOTE,263,5775,text,13,1,0,
STOKI,5318,16,PROPS,263,1958,text,39,1,0,
STOKI,5318,16,NOTE,263,17966,text,0,1,0,
STOKI,5318,18,NOTE,263,1239,text,12,1,0,
STOKI,5318,20,NOTE,263,1934,text,26,1,0,
STOKI,5318,22,NOTE,263,6235,text,29,1,0,
STOKI,5318,24,NOTE,263,6237,text,26,1,0,
STOKI,5318,26,PROPS,263,6239,text,39,1,0,
STOKI,5318,26,NOTE,263,20112,text,0,1,0,
STOKI,5318,27,NOTE,263,5785,text,29,1,0,
STOKI,5318,29,NOTE,263,6013,text,29,1,0,
STOKI,5319,2,NOTE,263,7205,text,36,1,0,
STOKI,5319,6,NOTE,263,11988,text,34,1,0,
STOKI,5319,7,PROPS,263,33495,text,44,1,0,
STOKI,5319,7,NOTE,263,33498,text,0,1,0,
STOKI,5319,14,NOTE,263,11266,text,22,1,0,
STOKI,5319,16,NOTE,263,7217,text,25,1,0,
STOKI,5321,0,NOTE,263,11964,text,30,1,0,
STOKI,5321,2,NOTE,263,7213,text,30,1,0,
STOKI,5321,4,PROPS,263,37789,text,28,1,0,
STOKI,5321,4,NOTE,263,6505,text,0,1,0,
STOKI,5321,7,NOTE,263,35378,text,0,1,0,
STOKI,5321,8,NOTE,263,14616,text,37,1,0,
STOKI,5321,12,NOTE,263,6703,text,19,1,0,
STOKI,5321,14,NOTE,263,6705,text,28,1,0,
STOKI,5321,17,PROPS,263,23453,text,35,1,0,
STOKI,5321,17,NOTE,263,5780,text,0,1,0,
STOKI,5321,32,NOTE,263,6971,text,19,1,0,
STOKI,5321,61,NOTE,263,6752,text,34,1,0,
STOKI,5323,1,NOTE,263,6717,text,21,1,0,
STOKI,5323,3,NOTE,263,6933,text,21,1,0,
STOKI,5323,5,PROPS,263,6720,text,27,1,0,
STOKI,5323,5,NOTE,263,26318,text,0,1,0,
STOKI,5323,7,NOTE,263,6935,text,21,1,0,
STOKI,5323,10,PROPS,263,2919,text,28,1,0,
STOKI,5323,10,NOTE,263,35199,text,0,1,0,
STOKI,5323,11,NOTE,263,6939,text,21,1,0,
STOKI,5323,13,NOTE,263,6943,text,21,1,0,
STOKI,5323,15,NOTE,263,6945,text,21,1,0,
STOKI,5323,17,NOTE,263,6947,text,21,1,0,
STOKI,5323,19,NOTE,263,6949,text,21,1,0,
STOKI,5323,20,NOTE,263,31798,text,0,1,0,
STOKI,5323,21,NOTE,263,5982,text,30,1,0,
STOKI,5323,23,NOTE,263,6953,text,30,1,0,
STOKI,5323,25,NOTE,263,6014,text,30,1,0,
STOKI,5323,27,NOTE,263,6957,text,61,1,0,
STOKI,5323,32,NOTE,263,493,text,37,1,0,
STOKI,5323,34,NOTE,263,10556,text,20,1,0,
STOKI,5323,36,NOTE,263,6968,text,40,1,0,
STOKI,5324,0,NOTE,263,10756,text,20,1,0,
STOKI,5324,3,NOTE,263,24632,text,0,1,0,
STOKI,5324,5,PROPS,263,6940,text,28,1,0,
STOKI,5324,5,NOTE,263,26320,text,0,1,0,
STOKI,5324,8,PROPS,263,7177,text,24,1,0,
STOKI,5324,8,NOTE,263,35202,text,0,1,0,
STOKI,5324,10,PROPS,263,7179,text,30,1,0,
STOKI,5324,10,NOTE,263,35205,text,0,1,0,
STOKI,5324,11,NOTE,263,35206,text,0,1,0,
STOKI,5324,14,PROPS,263,7183,text,21,1,0,
STOKI,5324,14,NOTE,263,35208,text,0,1,0,
STOKI,5324,15,PROPS,263,34902,text,32,1,0,
STOKI,5324,15,NOTE,263,22502,text,0,1,0,
STOKI,5324,17,PROPS,263,2670,text,21,1,0,
STOKI,5324,17,NOTE,263,35207,text,0,1,0,
STOKI,5324,19,NOTE,263,17958,text,0,1,0,
STOKI,5324,22,NOTE,263,19125,text,37,1,0,
STOKI,5324,24,PROPS,263,7193,text,21,1,0,
STOKI,5324,24,NOTE,263,22744,text,0,1,0,
STOKI,5324,26,NOTE,263,17959,text,27,1,0,
STOKI,5324,29,PROPS,263,7198,text,21,1,0,
STOKI,5324,29,NOTE,263,22748,text,0,1,0,
STOKI,5324,32,NOTE,263,7201,text,21,1,0,
STOKI,5324,34,NOTE,263,7203,text,19,1,0,
STOKI,5324,36,NOTE,263,7690,text,31,1,0,
STOKI,5325,0,NOTE,263,7211,text,17,1,0,
STOKI,5325,1,NOTE,263,32271,text,72,1,0,
STOKI,5325,2,PROPS,263,6961,text,41,1,0,
STOKI,5325,2,NOTE,263,38754,text,0,1,0,
STOKI,5325,4,NOTE,263,17002,text,32,1,0,
STOKI,5325,6,NOTE,263,11490,text,32,1,0,
STOKI,5325,7,PROPS,263,7693,text,21,1,0,
STOKI,5325,7,NOTE,263,7697,text,0,1,0,
STOKI,5325,8,NOTE,263,9828,text,27,1,0,
STOKI,5325,10,NOTE,263,13893,text,29,1,0,
STOKI,5325,12,NOTE,263,7214,text,20,1,0,
STOKI,5325,14,NOTE,263,1480,text,16,1,0,
STOKI,5325,16,NOTE,263,12926,text,64,1,0,
STOKI,5325,18,NOTE,263,13891,text,52,1,0,
STOKI,5325,20,NOTE,263,17003,text,23,1,0,
STOKI,5325,21,PROPS,263,31344,text,40,1,0,
STOKI,5325,21,NOTE,263,22260,text,0,1,0,
STOKI,5325,22,NOTE,263,17006,text,23,1,0,
STOKI,5325,24,PROPS,263,7651,text,39,1,0,
STOKI,5325,24,NOTE,263,7432,text,0,1,0,
STOKI,5325,26,NOTE,263,19132,text,24,1,0,
STOKI,5325,27,PROPS,263,35637,text,46,1,0,
STOKI,5325,27,NOTE,263,7434,text,0,1,0,
STOKI,5327,6,PROPS,263,41378,text,30,1,0,
STOKI,5327,6,NOTE,263,12225,text,0,1,0,
STOKI,5327,8,NOTE,263,2170,text,18,1,0,
STOKI,5327,9,NOTE,263,43744,text,29,1,0,
STOKI,5327,12,NOTE,263,6479,text,25,1,0,
STOKI,5327,13,PROPS,263,2669,text,34,1,0,
STOKI,5327,13,NOTE,263,35898,text,0,1,0,
STOKI,5327,17,PROPS,263,7664,text,34,1,0,
STOKI,5327,17,NOTE,263,35900,text,0,1,0,
STOKI,5327,18,PROPS,263,2431,text,34,1,0,
STOKI,5327,18,NOTE,263,35902,text,0,1,0,
STOKI,5327,19,NOTE,263,7687,text,16,1,0,
STOKI,5327,20,PROPS,263,1467,text,34,1,0,
STOKI,5327,20,NOTE,263,501,text,18,1,0,
STOKI,5327,23,PROPS,263,7171,text,37,1,0,
STOKI,5327,23,NOTE,263,7670,text,0,1,0,
STOKI,5327,26,PROPS,263,1473,text,27,1,0,
STOKI,5327,26,NOTE,263,23701,text,0,1,0,
STOKI,5327,29,PROPS,263,7676,text,47,1,0,
STOKI,5327,29,NOTE,263,23437,text,0,1,0,
STOKI,5327,32,PROPS,263,7679,text,35,1,0,
STOKI,5327,32,NOTE,263,30892,text,0,1,0,
STOKI,5327,34,NOTE,263,7191,text,8,1,0,
STOKI,5327,38,NOTE,263,19131,text,14,1,0,
STOKI,5328,0,NOTE,263,17005,text,31,1,0,
STOKI,5328,2,NOTE,263,7420,text,37,1,0,
STOKI,5328,4,NOTE,263,2403,text,6,1,0,
STOKI,5328,6,NOTE,263,2425,text,9,1,0,
STOKI,5328,7,NOTE,263,15795,text,0,1,0,
STOKI,5328,10,NOTE,263,7896,text,25,1,0,
STOKI,5328,12,NOTE,263,17007,text,13,1,0,
STOKI,5328,16,NOTE,263,7902,text,12,1,0,
STOKI,5328,18,NOTE,263,7904,text,17,1,0,
STOKI,5328,20,NOTE,263,7906,text,17,1,0,
STOKI,5328,22,NOTE,263,7908,text,24,1,0,
STOKI,5328,24,NOTE,263,7910,text,33,1,0,
STOKI,5328,26,NOTE,263,7912,text,22,1,0,
STOKI,5328,28,NOTE,263,7914,text,45,1,0,
STOKI,5328,30,NOTE,263,7916,text,19,1,0,
STOKI,5328,36,NOTE,263,7922,text,34,1,0,
STOKI,5328,38,NOTE,263,31075,text,19,1,0,
STOKI,5329,0,NOTE,263,8151,text,11,1,0,
STOKI,5329,1,PROPS,263,38975,text,39,1,0,
STOKI,5329,1,NOTE,263,30877,text,0,1,0,
STOKI,5329,2,NOTE,263,8146,text,0,1,0,
STOKI,5329,4,NOTE,263,16052,text,33,1,0,
STOKI,5329,6,NOTE,263,8164,text,28,1,0,
STOKI,5329,7,NOTE,263,26327,text,0,1,0,
STOKI,5329,8,NOTE,263,8372,text,25,1,0,
STOKI,5329,9,NOTE,263,22504,text,0,1,0,
STOKI,5329,11,NOTE,263,8136,text,10,1,0,
STOKI,5329,13,NOTE,263,8138,text,10,1,0,
STOKI,5329,15,NOTE,263,8140,text,10,1,0,
STOKI,5329,24,NOTE,263,8161,text,38,1,0,
STOKI,5329,26,NOTE,263,8149,text,18,1,0,
STOKI,5329,28,NOTE,263,8166,text,9,1,0,
STOKI,5329,30,NOTE,263,8153,text,18,1,0,
STOKI,5329,32,NOTE,263,8155,text,20,1,0,
STOKI,5329,34,NOTE,263,8163,text,11,1,0,
STOKI,5329,36,NOTE,263,8157,text,18,1,0,
STOKI,5330,0,NOTE,263,8159,text,12,1,0,
STOKI,5330,2,NOTE,263,7926,text,24,1,0,
STOKI,5330,4,NOTE,263,8366,text,24,1,0,
STOKI,5330,6,NOTE,263,8368,text,27,1,0,
STOKI,5330,8,NOTE,263,8168,text,26,1,0,
STOKI,5330,10,NOTE,263,8165,text,25,1,0,
STOKI,5330,12,NOTE,263,8167,text,26,1,0,
STOKI,5330,14,NOTE,263,7928,text,29,1,0,
STOKI,5330,16,NOTE,263,16050,text,25,1,0,
STOKI,5330,18,NOTE,263,8374,text,27,1,0,
STOKI,5330,20,NOTE,263,8370,text,27,1,0,
STOKI,5330,21,PROPS,263,6722,text,21,1,0,
STOKI,5330,21,NOTE,263,6742,text,0,1,0,
STOKI,5330,22,NOTE,263,16051,text,26,1,0,
STOKI,5330,23,NOTE,263,22714,text,0,1,0,
STOKI,5330,24,NOTE,263,8129,text,27,1,0,
STOKI,5330,26,NOTE,263,7890,text,28,1,0,
STOKI,5330,27,NOTE,263,8142,text,10,1,0,
STOKI,5330,28,NOTE,263,7892,text,36,1,0,
STOKI,5330,30,NOTE,263,7898,text,40,1,0,
STOKI,5330,34,NOTE,263,7924,text,31,1,0,
STOKI,5331,0,NOTE,263,8380,text,34,1,0,
STOKI,5331,1,PROPS,263,8390,text,41,1,0,
STOKI,5331,1,NOTE,263,1002,text,0,1,0,
STOKI,5331,2,NOTE,263,8382,text,33,1,0,
STOKI,5331,3,NOTE,263,12444,text,0,1,0,
STOKI,5331,4,NOTE,263,8378,text,31,1,0,
STOKI,5331,6,NOTE,263,8384,text,31,1,0,
STOKI,5331,8,NOTE,263,8611,text,46,1,0,
STOKI,5331,10,NOTE,263,8613,text,46,1,0,
STOKI,5331,12,NOTE,263,8615,text,18,1,0,
STOKI,5331,13,NOTE,263,19158,text,37,1,0,
STOKI,5331,16,NOTE,263,11250,text,38,1,0,
STOKI,5331,18,NOTE,263,8621,text,47,1,0,
STOKI,5331,20,NOTE,263,8623,text,42,1,0,
STOKI,5331,22,NOTE,263,8640,text,21,1,0,
STOKI,5331,24,NOTE,263,8627,text,61,1,0,
STOKI,5331,26,NOTE,263,8629,text,27,1,0,
STOKI,5331,28,NOTE,263,8631,text,19,1,0,
STOKI,5331,30,NOTE,263,8633,text,48,1,0,
STOKI,5331,32,NOTE,263,483,text,31,1,0,
STOKI,5331,34,NOTE,263,7929,text,22,1,0,
STOKI,5334,0,NOTE,263,2186,text,27,1,0,
STOKI,5334,2,NOTE,263,15078,text,26,1,0,
STOKI,5334,4,NOTE,263,8846,text,29,1,0,
STOKI,5334,6,NOTE,263,8848,text,48,1,0,
STOKI,5334,8,NOTE,263,8850,text,32,1,0,
STOKI,5334,10,NOTE,263,1712,text,17,1,0,
STOKI,5334,12,NOTE,263,8854,text,4,1,0,
STOKI,5334,14,NOTE,263,495,text,15,1,0,
STOKI,5334,16,NOTE,263,8858,text,4,1,0,
STOKI,5334,18,NOTE,263,8860,text,47,1,0,
STOKI,5334,20,NOTE,263,8887,text,14,1,0,
STOKI,5334,22,NOTE,263,8864,text,14,1,0,
STOKI,5334,24,NOTE,263,8866,text,16,1,0,
STOKI,5334,26,NOTE,263,8868,text,37,1,0,
STOKI,5334,28,NOTE,263,21061,text,37,1,0,
STOKI,5334,30,NOTE,263,8872,text,29,1,0,
STOKI,5334,32,NOTE,263,8874,text,26,1,0,
STOKI,5334,34,NOTE,263,8876,text,29,1,0,
STOKI,5334,36,NOTE,263,8878,text,7,1,0,
STOKI,5334,38,NOTE,263,8880,text,4,1,0,
STOKI,5334,40,NOTE,263,8882,text,15,1,0,
STOKI,5335,0,NOTE,263,8884,text,19,1,0,
STOKI,5335,2,NOTE,263,9083,text,20,1,0,
STOKI,5335,4,NOTE,263,9085,text,21,1,0,
STOKI,5335,6,NOTE,263,9087,text,30,1,0,
STOKI,5335,8,NOTE,263,9089,text,34,1,0,
STOKI,5335,9,NOTE,263,9100,text,20,1,0,
STOKI,5335,10,PROPS,263,6955,text,34,1,0,
STOKI,5335,10,NOTE,263,6466,text,0,1,0,
STOKI,5335,11,NOTE,263,10758,text,20,1,0,
STOKI,5335,12,PROPS,263,18205,text,30,1,0,
STOKI,5335,12,NOTE,263,5540,text,0,1,0,
STOKI,5335,13,NOTE,263,12936,text,0,1,0,
STOKI,5335,14,NOTE,263,13886,text,29,1,0,
STOKI,5335,15,NOTE,263,12939,text,0,1,0,
STOKI,5335,21,NOTE,263,8394,text,10,1,0,
STOKI,5335,23,NOTE,263,35219,text,47,1,0,
STOKI,5335,26,NOTE,263,9104,text,14,1,0,
STOKI,5335,30,NOTE,263,9109,text,16,1,0,
STOKI,5335,34,NOTE,263,9110,text,4,1,0,
STOKI,5335,38,NOTE,263,9111,text,29,1,0,
STOKI,5336,1,NOTE,263,9113,text,14,1,0,
STOKI,5336,2,NOTE,263,9327,text,85,1,0,
STOKI,5336,3,NOTE,263,9115,text,21,1,0,
STOKI,5336,4,NOTE,263,9106,text,10,1,0,
STOKI,5336,7,NOTE,263,30159,text,26,1,0,
STOKI,5336,9,NOTE,263,30163,text,20,1,0,
STOKI,5336,11,NOTE,263,9331,text,10,1,0,
STOKI,5336,13,NOTE,263,9333,text,10,1,0,
STOKI,5336,15,NOTE,263,9335,text,10,1,0,
STOKI,5336,17,NOTE,263,9337,text,10,1,0,
STOKI,5336,19,NOTE,263,9339,text,10,1,0,
STOKI,5336,21,NOTE,263,9341,text,10,1,0,
STOKI,5336,22,NOTE,263,13645,text,14,1,0,
STOKI,5336,24,NOTE,263,34928,text,39,1,0,
STOKI,5336,32,NOTE,263,9599,text,58,1,0,
STOKI,5336,33,NOTE,263,35856,text,0,1,0,
STOKI,5336,34,NOTE,263,22716,text,0,1,0,
STOKI,5336,35,NOTE,263,31093,text,0,1,0,
STOKI,5338,1,NOTE,263,8143,text,10,1,0,
STOKI,5338,2,NOTE,263,25609,text,0,1,0,
STOKI,5338,3,NOTE,263,34930,text,0,1,0,
STOKI,5338,4,NOTE,263,27514,text,0,1,0,
STOKI,5338,5,PROPS,263,7207,text,30,1,0,
STOKI,5338,5,NOTE,263,28709,text,0,1,0,
STOKI,5338,12,NOTE,263,9571,text,34,1,0,
STOKI,5338,14,NOTE,263,8856,text,34,1,0,
STOKI,5338,16,NOTE,263,8885,text,22,1,0,
STOKI,5338,18,NOTE,263,6465,text,32,1,0,
STOKI,5338,19,NOTE,263,6226,text,0,1,0,
STOKI,5338,22,NOTE,263,9581,text,29,1,0,
STOKI,5338,24,NOTE,263,9575,text,16,1,0,
STOKI,5338,25,NOTE,263,19873,text,0,1,0,
STOKI,5338,26,NOTE,263,9573,text,12,1,0,
STOKI,5338,28,NOTE,263,9577,text,16,1,0,
STOKI,5338,30,NOTE,263,9589,text,48,1,0,
STOKI,5338,32,NOTE,263,9583,text,43,1,0,
STOKI,5338,34,NOTE,263,31108,text,0,1,0,
STOKI,5338,35,NOTE,263,1711,text,0,1,0,
STOKI,5339,1,PROPS,263,9566,text,44,1,0,
STOKI,5339,1,NOTE,263,9601,text,0,1,0,
STOKI,5339,3,PROPS,263,27039,text,34,1,0,
STOKI,5339,3,NOTE,263,9801,text,0,1,0,
STOKI,5339,4,PROPS,263,3144,text,39,1,0,
STOKI,5339,5,PROPS,263,3145,text,39,1,0,
STOKI,5339,6,PROPS,263,3146,text,39,1,0,
STOKI,5339,9,PROPS,263,9362,text,48,1,0,
STOKI,5339,9,NOTE,263,22478,text,0,1,0,
STOKI,5339,10,NOTE,263,9358,text,60,1,0,
STOKI,5339,11,NOTE,263,16531,text,0,1,0,
STOKI,5339,12,NOTE,263,9832,text,55,1,0,
STOKI,5339,15,NOTE,263,8886,text,0,1,0,
STOKI,5339,16,NOTE,263,5761,text,0,1,0,
STOKI,5339,18,NOTE,263,34970,text,0,1,0,
STOKI,5339,19,NOTE,263,9833,text,0,1,0,
STOKI,5339,21,NOTE,263,26054,text,0,1,0,
STOKI,5339,22,NOTE,263,6463,text,39,1,0,
STOKI,5339,24,PROPS,263,9822,text,30,1,0,
STOKI,5339,24,NOTE,263,2202,text,0,1,0,
STOKI,5339,26,NOTE,263,21755,text,17,1,0,
STOKI,5339,28,PROPS,263,9826,text,44,1,0,
STOKI,5339,28,NOTE,263,1959,text,0,1,0,
STOKI,5341,2,NOTE,263,10039,text,28,1,0,
STOKI,5341,3,NOTE,263,10071,text,0,1,0,
STOKI,5341,4,NOTE,263,6010,text,27,1,0,
STOKI,5341,6,NOTE,263,15328,text,20,1,0,
STOKI,5341,8,NOTE,263,10045,text,27,1,0,
STOKI,5341,9,NOTE,263,10078,text,0,1,0,
STOKI,5341,10,NOTE,263,6016,text,25,1,0,
STOKI,5341,12,NOTE,263,6017,text,25,1,0,
STOKI,5341,14,NOTE,263,6018,text,25,1,0,
STOKI,5341,16,NOTE,263,10053,text,26,1,0,
STOKI,5341,18,NOTE,263,10055,text,17,1,0,
STOKI,5341,20,NOTE,263,10075,text,18,1,0,
STOKI,5341,22,NOTE,263,10061,text,28,1,0,
STOKI,5341,24,NOTE,263,10059,text,28,1,0,
STOKI,5341,26,NOTE,263,10063,text,40,1,0,
STOKI,5341,28,NOTE,263,10065,text,40,1,0,
STOKI,5341,30,NOTE,263,10067,text,40,1,0,
STOKI,5341,32,NOTE,263,10069,text,33,1,0,
STOKI,5341,34,NOTE,263,5998,text,9,1,0,
STOKI,5341,36,NOTE,263,5992,text,21,1,0,
STOKI,5342,0,NOTE,263,8888,text,45,1,0,
STOKI,5342,2,NOTE,263,16532,text,40,1,0,
STOKI,5342,3,NOTE,263,14362,text,14,1,0,
STOKI,5342,4,NOTE,263,7655,text,36,1,0,
STOKI,5342,6,NOTE,263,16533,text,40,1,0,
STOKI,5342,8,NOTE,263,16534,text,36,1,0,
STOKI,5342,14,NOTE,263,17940,text,33,1,0,
STOKI,5342,16,NOTE,263,16529,text,0,1,0,
STOKI,5342,18,NOTE,263,14375,text,44,1,0,
STOKI,5342,20,NOTE,263,17939,text,29,1,0,
STOKI,5342,22,NOTE,263,9600,text,34,1,0,
STOKI,5342,24,NOTE,263,21785,text,32,1,0,
STOKI,5342,26,NOTE,263,16525,text,33,1,0,
STOKI,5342,28,NOTE,263,10298,text,31,1,0,
STOKI,5342,30,NOTE,263,6488,text,30,1,0,
STOKI,5342,32,NOTE,263,10282,text,31,1,0,
STOKI,5342,34,NOTE,263,10284,text,31,1,0,
STOKI,5343,0,NOTE,263,11270,text,48,1,0,
STOKI,5343,1,NOTE,263,31574,text,0,1,0,
STOKI,5343,2,NOTE,263,10519,text,52,1,0,
STOKI,5343,4,NOTE,263,10292,text,45,1,0,
STOKI,5343,5,NOTE,263,6756,text,66,1,0,
STOKI,5343,7,NOTE,263,10522,text,66,1,0,
STOKI,5343,9,NOTE,263,31576,text,0,1,0,
STOKI,5343,12,NOTE,263,5774,text,31,1,0,
STOKI,5343,14,NOTE,263,7195,text,51,1,0,
STOKI,5343,20,NOTE,263,13165,text,63,1,0,
STOKI,5343,22,NOTE,263,10539,text,45,1,0,
STOKI,5343,24,NOTE,263,10545,text,49,1,0,
STOKI,5343,26,NOTE,263,7215,text,62,1,0,
STOKI,5343,28,NOTE,263,10537,text,40,1,0,
STOKI,5343,30,NOTE,263,10531,text,44,1,0,
STOKI,5345,0,NOTE,263,499,text,28,1,0,
STOKI,5345,2,NOTE,263,989,text,20,1,0,
STOKI,5345,4,NOTE,263,967,text,14,1,0,
STOKI,5345,6,NOTE,263,1000,text,20,1,0,
STOKI,5345,8,NOTE,263,999,text,20,1,0,
STOKI,5345,10,NOTE,263,1001,text,20,1,0,
STOKI,5345,12,NOTE,263,969,text,20,1,0,
STOKI,5345,14,NOTE,263,981,text,12,1,0,
STOKI,5345,16,NOTE,263,10770,text,24,1,0,
STOKI,5345,18,NOTE,263,10772,text,29,1,0,
STOKI,5345,20,NOTE,263,10782,text,29,1,0,
STOKI,5345,22,NOTE,263,9098,text,29,1,0,
STOKI,5345,24,NOTE,263,10796,text,74,1,0,
STOKI,5345,26,NOTE,263,10778,text,74,1,0,
STOKI,5345,28,NOTE,263,11007,text,56,1,0,
STOKI,5345,30,NOTE,263,10784,text,68,1,0,
STOKI,5345,32,NOTE,263,10788,text,20,1,0,
STOKI,5345,34,NOTE,263,10791,text,36,1,0,
STOKI,5347,0,NOTE,263,10774,text,60,1,0,
STOKI,5347,2,NOTE,263,10995,text,76,1,0,
STOKI,5347,4,NOTE,263,10997,text,76,1,0,
STOKI,5347,6,NOTE,263,10999,text,68,1,0,
STOKI,5347,8,NOTE,263,11011,text,40,1,0,
STOKI,5347,10,NOTE,263,11001,text,40,1,0,
STOKI,5347,12,NOTE,263,8609,text,53,1,0,
STOKI,5347,14,NOTE,263,8635,text,53,1,0,
STOKI,5347,16,NOTE,263,11003,text,63,1,0,
STOKI,5347,18,NOTE,263,10790,text,47,1,0,
STOKI,5347,20,NOTE,263,11013,text,57,1,0,
STOKI,5347,22,NOTE,263,19385,text,56,1,0,
STOKI,5347,24,NOTE,263,11234,text,33,1,0,
STOKI,5347,26,NOTE,263,11009,text,28,1,0,
STOKI,5347,28,NOTE,263,19391,text,50,1,0,
STOKI,5347,30,NOTE,263,11238,text,22,1,0,
STOKI,5348,0,NOTE,263,11240,text,21,1,0,
STOKI,5348,2,NOTE,263,19388,text,33,1,0,
STOKI,5348,4,NOTE,263,19599,text,43,1,0,
STOKI,5348,6,NOTE,263,11242,text,34,1,0,
STOKI,5348,8,NOTE,263,19393,text,41,1,0,
STOKI,5348,10,NOTE,263,11019,text,23,1,0,
STOKI,5348,12,NOTE,263,11246,text,26,1,0,
STOKI,5348,14,NOTE,263,11254,text,41,1,0,
STOKI,5348,16,NOTE,263,11244,text,50,1,0,
STOKI,5348,18,NOTE,263,11248,text,63,1,0,
STOKI,5348,20,NOTE,263,11236,text,39,1,0,
STOKI,5348,22,NOTE,263,11256,text,30,1,0,
STOKI,5348,24,NOTE,263,19394,text,48,1,0,
STOKI,5348,25,NOTE,263,13159,text,0,1,0,
STOKI,5348,27,NOTE,263,2199,text,0,1,0,
STOKI,5348,28,NOTE,263,4580,text,28,1,0,
STOKI,5348,30,NOTE,263,11262,text,16,1,0,
STOKI,5350,1,PROPS,263,7689,text,43,1,0,
STOKI,5350,1,NOTE,263,507,text,0,1,0,
STOKI,5350,2,NOTE,263,281,text,0,1,0,
STOKI,5350,3,NOTE,263,978,text,64,1,0,
STOKI,5350,5,PROPS,263,11476,text,33,1,0,
STOKI,5350,5,NOTE,263,1465,text,0,1,0,
STOKI,5350,6,NOTE,263,16771,text,0,1,0,
STOKI,5350,7,NOTE,263,513,text,0,1,0,
STOKI,5350,9,PROPS,263,11480,text,46,1,0,
STOKI,5350,9,NOTE,263,479,text,0,1,0,
STOKI,5350,11,PROPS,263,11482,text,39,1,0,
STOKI,5350,11,NOTE,263,280,text,0,1,0,
STOKI,5350,13,NOTE,263,11484,text,22,1,0,
STOKI,5350,14,NOTE,263,10776,text,0,1,0,
STOKI,5350,15,NOTE,263,2648,text,8,1,0,
STOKI,5350,24,NOTE,263,980,text,72,1,0,
STOKI,5350,25,NOTE,263,32042,text,0,1,0,
STOKI,5350,26,NOTE,263,15777,text,0,1,0,
STOKI,5350,27,NOTE,263,11492,text,0,1,0,
STOKI,5350,28,NOTE,263,11509,text,0,1,0,
STOKI,5350,29,NOTE,263,21275,text,0,1,0,
STOKI,5350,30,NOTE,263,35887,text,0,1,0,
STOKI,5350,31,NOTE,263,16271,text,0,1,0,
STOKI,5350,32,NOTE,263,12454,text,0,1,0,
STOKI,5350,33,NOTE,263,20324,text,0,1,0,
STOKI,5350,34,NOTE,263,11510,text,0,1,0,
STOKI,5360,0,NOTE,263,20331,text,0,1,0,
STOKI,5360,1,NOTE,263,18665,text,0,1,0,
STOKI,5360,2,NOTE,263,35908,text,0,1,0,
STOKI,5360,3,NOTE,263,35910,text,0,1,0,
STOKI,5360,5,NOTE,263,24403,text,0,1,0,
STOKI,5360,6,NOTE,263,11735,text,0,1,0,
STOKI,5360,7,PROPS,263,5772,text,43,1,0,
STOKI,5360,7,NOTE,263,12226,text,0,1,0,
STOKI,5360,10,PROPS,263,11720,text,37,1,0,
STOKI,5360,10,NOTE,263,12447,text,0,1,0,
STOKI,5360,11,PROPS,263,11719,text,36,1,0,
STOKI,5360,11,NOTE,263,12436,text,0,1,0,
STOKI,5360,12,PROPS,263,5773,text,29,1,0,
STOKI,5360,12,NOTE,263,11746,text,0,1,0,
STOKI,5360,14,PROPS,263,11724,text,34,1,0,
STOKI,5360,14,NOTE,263,12467,text,0,1,0,
STOKI,5360,16,NOTE,263,11726,text,36,1,0,
STOKI,5360,17,NOTE,263,6486,text,30,1,0,
STOKI,5360,18,NOTE,263,11493,text,0,1,0,
STOKI,5360,19,NOTE,263,11512,text,0,1,0,
STOKI,5360,20,PROPS,263,10793,text,32,1,0,
STOKI,5360,20,NOTE,263,47,text,0,1,0,
STOKI,5360,22,PROPS,263,10792,text,38,1,0,
STOKI,5360,22,NOTE,263,11741,text,0,1,0,
STOKI,5360,23,NOTE,263,14380,text,0,1,0,
STOKI,5360,25,NOTE,263,8637,text,0,1,0,
STOKI,5376,1,NOTE,263,20571,text,37,1,0,
STOKI,5376,4,NOTE,263,2201,text,0,1,0,
STOKI,5376,10,NOTE,263,10315,text,33,1,0,
STOKI,5376,12,PROPS,263,11264,text,29,1,0,
STOKI,5376,12,NOTE,263,12917,text,0,1,0,
STOKI,5376,20,NOTE,263,17723,text,27,1,0,
STOKI,5376,25,NOTE,263,22029,text,0,1,0,
STOKI,5376,61,NOTE,263,10300,text,0,1,0,
STOKI,5376,63,PROPS,263,11961,text,42,1,0,
STOKI,5376,63,NOTE,263,503,text,0,1,0,
STOKI,5376,64,NOTE,263,16970,text,23,1,0,
STOKI,5376,65,NOTE,263,21279,text,0,1,0,
STOKI,5376,68,PROPS,263,12017,text,30,1,0,
STOKI,5376,68,NOTE,263,12488,text,0,1,0,
STOKI,5376,69,PROPS,263,12016,text,39,1,0,
STOKI,5376,69,NOTE,263,12494,text,0,1,0,
STOKI,5441,0,PROPS,263,12023,text,26,1,0,
STOKI,5441,0,NOTE,263,41113,text,0,1,0,
STOKI,5441,2,PROPS,263,12190,text,30,1,0,
STOKI,5441,2,NOTE,263,5789,text,0,1,0,
STOKI,5441,4,PROPS,263,12192,text,28,1,0,
STOKI,5441,4,NOTE,263,6471,text,0,1,0,
STOKI,5441,6,PROPS,263,6233,text,43,1,0,
STOKI,5441,6,NOTE,263,11508,text,0,1,0,
STOKI,5441,7,PROPS,263,6250,text,32,1,0,
STOKI,5441,7,NOTE,263,12483,text,0,1,0,
STOKI,5441,8,PROPS,263,6227,text,43,1,0,
STOKI,5441,8,NOTE,263,12220,text,0,1,0,
STOKI,5441,10,PROPS,263,12198,text,46,1,0,
STOKI,5441,10,NOTE,263,481,text,0,1,0,
STOKI,5441,11,NOTE,263,8852,text,29,1,0,
STOKI,5441,13,PROPS,263,12201,text,22,1,0,
STOKI,5441,13,NOTE,263,19140,text,0,1,0,
STOKI,5441,15,NOTE,263,7453,text,20,1,0,
STOKI,5441,17,NOTE,263,12205,text,25,1,0,
STOKI,5441,19,NOTE,263,11267,text,47,1,0,
STOKI,5441,20,PROPS,263,12203,text,22,1,0,
STOKI,5441,20,NOTE,263,21071,text,0,1,0,
STOKI,5441,22,NOTE,263,20832,text,0,1,0,
STOKI,5441,24,PROPS,263,12212,text,27,1,0,
STOKI,5441,24,NOTE,263,6731,text,0,1,0,
STOKI,5441,26,NOTE,263,12214,text,38,1,0,
STOKI,5441,27,NOTE,263,22256,text,0,1,0,
STOKI,5458,7,NOTE,263,24877,text,0,1,0,
STOKI,5458,21,NOTE,263,20839,text,0,1,0,
STOKI,5458,74,NOTE,263,17241,text,0,1,0,
STOKI,5458,75,NOTE,263,10077,text,26,1,0,
STOKI,5458,79,NOTE,263,12933,text,27,1,0,
STOKI,5458,81,NOTE,263,15331,text,20,1,0,
STOKI,5458,83,NOTE,263,12510,text,25,1,0,
STOKI,5568,0,NOTE,263,12701,text,25,1,0,
STOKI,5568,2,NOTE,263,12668,text,25,1,0,
STOKI,5568,3,NOTE,263,13184,text,0,1,0,
STOKI,5568,5,NOTE,263,12671,text,15,1,0,
STOKI,5568,6,NOTE,263,12515,text,28,1,0,
STOKI,5568,10,PROPS,263,12684,text,17,1,0,
STOKI,5568,10,NOTE,263,5756,text,0,1,0,
STOKI,5568,11,PROPS,263,5754,text,17,1,0,
STOKI,5568,11,NOTE,263,5757,text,0,1,0,
STOKI,5568,12,NOTE,263,12675,text,27,1,0,
STOKI,5568,13,PROPS,263,5755,text,17,1,0,
STOKI,5568,13,NOTE,263,5777,text,0,1,0,
STOKI,5568,14,PROPS,263,5746,text,25,1,0,
STOKI,5568,14,NOTE,263,5783,text,0,1,0,
STOKI,5568,16,PROPS,263,12682,text,25,1,0,
STOKI,5568,16,NOTE,263,5784,text,0,1,0,
STOKI,5568,21,PROPS,263,11516,text,18,1,0,
STOKI,5568,21,NOTE,263,11489,text,0,1,0,
STOKI,5568,23,NOTE,263,7212,text,27,1,0,
STOKI,5568,24,NOTE,263,12685,text,30,1,0,
STOKI,5568,25,NOTE,263,10286,text,0,1,0,
STOKI,5568,27,NOTE,263,12686,text,36,1,0,
STOKI,5568,29,PROPS,263,12695,text,53,1,0,
STOKI,5568,29,NOTE,263,11979,text,0,1,0,
STOKI,5568,31,PROPS,263,12697,text,42,1,0,
STOKI,5568,31,NOTE,263,505,text,0,1,0,
STOKI,5600,0,NOTE,263,10549,text,62,1,0,
STOKI,5600,2,NOTE,263,12907,text,31,1,0,
STOKI,5600,3,PROPS,263,6491,text,30,1,0,
STOKI,5600,3,NOTE,263,5782,text,0,1,0,
STOKI,5600,4,PROPS,263,12700,text,35,1,0,
STOKI,5600,4,NOTE,263,986,text,0,1,0,
STOKI,5600,6,NOTE,263,12941,text,0,1,0,
STOKI,5600,8,NOTE,263,8844,text,17,1,0,
STOKI,5600,9,PROPS,263,6495,text,34,1,0,
STOKI,5600,9,NOTE,263,6474,text,0,1,0,
STOKI,5600,12,NOTE,263,6970,text,29,1,0,
STOKI,5600,13,PROPS,263,10550,text,48,1,0,
STOKI,5600,13,NOTE,263,748,text,0,1,0,
STOKI,5600,14,PROPS,263,10551,text,35,1,0,
STOKI,5600,14,NOTE,263,2173,text,0,1,0,
STOKI,5600,15,PROPS,263,10553,text,34,1,0,
STOKI,5600,15,NOTE,263,9587,text,0,1,0,
STOKI,5600,17,NOTE,263,12699,text,39,1,0,
STOKI,5600,19,NOTE,263,12924,text,33,1,0,
STOKI,5600,21,NOTE,263,18655,text,34,1,0,
STOKI,5600,22,NOTE,263,16272,text,0,1,0,
STOKI,5600,23,PROPS,263,12922,text,38,1,0,
STOKI,5600,23,NOTE,263,41,text,0,1,0,
STOKI,5600,24,NOTE,263,6747,text,0,1,0,
STOKI,5600,26,PROPS,263,20111,text,32,1,0,
STOKI,5600,26,NOTE,263,20113,text,0,1,0,
STOKI,5600,28,NOTE,263,13160,text,0,1,0,
STOKI,5600,29,PROPS,263,10548,text,35,1,0,
STOKI,5600,29,NOTE,263,11981,text,0,1,0,
STOKI,5600,32,PROPS,263,12937,text,29,1,0,
STOKI,5600,32,NOTE,263,6518,text,0,1,0,
STOKI,5614,0,PROPS,263,11745,text,29,1,0,
STOKI,5614,0,NOTE,263,6521,text,0,1,0,
STOKI,5614,1,NOTE,263,6468,text,0,1,0,
STOKI,5614,3,PROPS,263,13147,text,22,1,0,
STOKI,5614,3,NOTE,263,6710,text,0,1,0,
STOKI,5614,5,NOTE,263,13149,text,26,1,0,
STOKI,5614,6,PROPS,263,6231,text,41,1,0,
STOKI,5614,6,NOTE,263,963,text,0,1,0,
STOKI,5614,7,PROPS,263,6251,text,30,1,0,
STOKI,5614,7,NOTE,263,1714,text,0,1,0,
STOKI,5614,9,PROPS,263,13153,text,41,1,0,
STOKI,5614,9,NOTE,263,1950,text,0,1,0,
STOKI,5614,10,NOTE,263,14132,text,35,1,0,
STOKI,5614,11,PROPS,263,11748,text,29,1,0,
STOKI,5614,11,NOTE,263,6726,text,0,1,0,
STOKI,5614,12,PROPS,263,5786,text,35,1,0,
STOKI,5614,12,NOTE,263,5750,text,0,1,0,
STOKI,5614,13,NOTE,263,2421,text,0,1,0,
STOKI,5614,19,PROPS,263,13162,text,40,1,0,
STOKI,5614,23,NOTE,263,10290,text,31,1,0,
STOKI,5614,26,PROPS,263,13170,text,36,1,0,
STOKI,5614,26,NOTE,263,6697,text,0,1,0,
STOKI,5614,28,PROPS,263,11752,text,36,1,0,
STOKI,5614,28,NOTE,263,6707,text,0,1,0,
STOKI,5614,29,PROPS,263,6252,text,34,1,0,
STOKI,5614,29,NOTE,263,2918,text,0,1,0,
STOKI,5614,31,NOTE,263,20327,text,0,1,0,
STOKI,5614,32,NOTE,263,27989,text,0,1,0,
STOKI,5614,34,PROPS,263,13178,text,41,1,0,
STOKI,5614,34,NOTE,263,279,text,0,1,0,
STOKI,5641,1,PROPS,263,13175,text,36,1,0,
STOKI,5641,1,NOTE,263,6698,text,0,1,0,
STOKI,5641,2,PROPS,263,13182,text,34,1,0,
STOKI,5641,2,NOTE,263,6740,text,0,1,0,
STOKI,5641,3,NOTE,263,27991,text,0,1,0,
STOKI,5641,4,PROPS,263,13169,text,36,1,0,
STOKI,5641,4,NOTE,263,6708,text,0,1,0,
STOKI,5641,5,NOTE,263,20329,text,0,1,0,
STOKI,5641,6,PROPS,263,1918,text,41,1,0,
STOKI,5641,6,NOTE,263,519,text,0,1,0,
STOKI,5641,7,NOTE,263,13395,text,0,1,0,
STOKI,5641,8,PROPS,263,12438,text,36,1,0,
STOKI,5641,8,NOTE,263,21305,text,0,1,0,
STOKI,5641,9,NOTE,263,13417,text,0,1,0,
STOKI,5641,10,NOTE,263,1676,text,26,1,0,
STOKI,5641,14,PROPS,263,13397,text,44,1,0,
STOKI,5641,14,NOTE,263,1922,text,0,1,0,
STOKI,5641,16,PROPS,263,13399,text,49,1,0,
STOKI,5641,16,NOTE,263,2174,text,0,1,0,
STOKI,5641,17,NOTE,263,5781,text,5,1,0,
STOKI,5641,19,NOTE,263,34945,text,0,1,0,
STOKI,5641,21,NOTE,263,35142,text,0,1,0,
STOKI,5641,23,NOTE,263,7418,text,89,1,0,
STOKI,5641,25,NOTE,263,6976,text,8,1,0,
STOKI,5641,26,NOTE,263,6019,text,0,1,0,
STOKI,5641,27,NOTE,263,1913,text,36,1,0,
STOKI,5641,29,NOTE,263,17244,text,0,1,0,
STOKI,5596,1,NOTE,263,19156,text,27,1,0,
STOKI,5596,2,PROPS,263,11488,text,29,1,0,
STOKI,5596,2,NOTE,263,6515,text,0,1,0,
STOKI,5596,3,PROPS,263,8618,text,30,1,0,
STOKI,5596,3,NOTE,263,5536,text,0,1,0,
STOKI,5596,6,NOTE,263,12940,text,14,1,0,
STOKI,5596,10,NOTE,263,13631,text,38,1,0,
STOKI,5596,12,PROPS,263,11743,text,27,1,0,
STOKI,5596,12,NOTE,263,6745,text,0,1,0,
STOKI,5596,13,NOTE,263,9359,text,0,1,0,
STOKI,5596,14,NOTE,263,9360,text,0,1,0,
STOKI,5596,15,NOTE,263,15063,text,0,1,0,
STOKI,5596,16,NOTE,263,2196,text,31,1,0,
STOKI,5596,17,NOTE,263,13632,text,0,1,0,
STOKI,5596,19,NOTE,263,12439,text,0,1,0,
STOKI,5596,23,NOTE,263,14131,text,0,1,0,
STOKI,5596,26,PROPS,263,12942,text,41,1,0,
STOKI,5596,26,NOTE,263,2200,text,0,1,0,
STOKI,5596,28,NOTE,263,13414,text,27,1,0,
STOKI,5596,30,NOTE,263,15570,text,0,1,0,
STOKI,5596,32,NOTE,263,5748,text,0,1,0,
STOKI,5596,33,NOTE,263,2198,text,0,1,0,
STOKI,5538,0,PROPS,263,13660,text,18,1,0,
STOKI,5538,0,NOTE,263,13659,text,0,1,0,
STOKI,5538,1,PROPS,263,13186,text,20,1,0,
STOKI,5538,1,NOTE,263,7694,text,0,1,0,
STOKI,5538,4,PROPS,263,9580,text,34,1,0,
STOKI,5538,4,NOTE,263,9591,text,0,1,0,
STOKI,5538,5,PROPS,263,11265,text,42,1,0,
STOKI,5538,5,NOTE,263,14381,text,0,1,0,
STOKI,5538,6,PROPS,263,12194,text,36,1,0,
STOKI,5538,6,NOTE,263,2891,text,0,1,0,
STOKI,5538,7,PROPS,263,12223,text,22,1,0,
STOKI,5538,8,PROPS,263,12931,text,18,1,0,
STOKI,5538,8,NOTE,263,11515,text,0,1,0,
STOKI,5538,11,NOTE,263,13872,text,40,1,0,
STOKI,5538,13,PROPS,263,13874,text,20,1,0,
STOKI,5538,13,NOTE,263,7692,text,0,1,0,
STOKI,5538,14,NOTE,263,13865,text,0,1,0,
STOKI,5538,15,NOTE,263,11956,text,29,1,0,
STOKI,5538,16,NOTE,263,11507,text,32,1,0,
STOKI,5538,18,NOTE,263,13879,text,32,1,0,
STOKI,5538,19,NOTE,263,20829,text,20,1,0,
STOKI,5538,20,NOTE,263,21049,text,20,1,0,
STOKI,5538,21,NOTE,263,21068,text,43,1,0,
STOKI,5538,22,NOTE,263,13163,text,39,1,0,
STOKI,5538,23,NOTE,263,1951,text,0,1,0,
STOKI,5538,25,NOTE,263,11491,text,87,1,0,
STOKI,5538,26,NOTE,263,6748,text,0,1,0,
STOKI,5538,28,NOTE,263,15094,text,0,1,0,
STOKI,5730,0,NOTE,263,13892,text,39,1,0,
STOKI,5730,1,NOTE,263,13181,text,0,1,0,
STOKI,5730,2,NOTE,263,14853,text,0,1,0,
STOKI,5730,3,NOTE,263,10529,text,0,1,0,
STOKI,5730,4,NOTE,263,13662,text,33,1,0,
STOKI,5730,6,NOTE,263,14106,text,30,1,0,
STOKI,5730,8,NOTE,263,14108,text,30,1,0,
STOKI,5730,10,NOTE,263,14110,text,31,1,0,
STOKI,5730,11,PROPS,263,13663,text,30,1,0,
STOKI,5730,11,NOTE,263,6462,text,0,1,0,
STOKI,5730,12,NOTE,263,20820,text,7,1,0,
STOKI,5730,13,NOTE,263,20797,text,0,1,0,
STOKI,5730,14,NOTE,263,22991,text,0,1,0,
STOKI,5730,15,NOTE,263,14130,text,23,1,0,
STOKI,5730,16,NOTE,263,13648,text,7,1,0,
STOKI,5730,18,NOTE,263,20810,text,0,1,0,
STOKI,5730,20,NOTE,263,20361,text,0,1,0,
STOKI,5730,21,NOTE,263,20330,text,0,1,0,
STOKI,5730,22,PROPS,263,11973,text,29,1,0,
STOKI,5730,22,NOTE,263,6512,text,0,1,0,
STOKI,5853,1,NOTE,263,15092,text,0,1,0,
STOKI,5853,5,PROPS,263,11737,text,33,1,0,
STOKI,5853,5,NOTE,263,6736,text,0,1,0,
STOKI,5853,8,PROPS,263,14347,text,27,1,0,
STOKI,5853,8,NOTE,263,6738,text,0,1,0,
STOKI,5853,9,NOTE,263,12913,text,26,1,0,
STOKI,5853,10,NOTE,263,1952,text,0,1,0,
STOKI,5853,11,NOTE,263,982,text,47,1,0,
STOKI,5853,12,NOTE,263,26568,text,0,1,0,
STOKI,5853,14,PROPS,263,14353,text,30,1,0,
STOKI,5853,14,NOTE,263,15566,text,0,1,0,
STOKI,5853,15,NOTE,263,27513,text,0,1,0,
STOKI,5853,16,NOTE,263,34939,text,0,1,0,
STOKI,5853,17,NOTE,263,13408,text,0,1,0,
STOKI,5853,18,NOTE,263,35168,text,0,1,0,
STOKI,5853,23,NOTE,263,30610,text,0,1,0,
STOKI,5853,24,NOTE,263,30620,text,0,1,0,
STOKI,5853,25,NOTE,263,24144,text,0,1,0,
STOKI,5853,26,NOTE,263,24162,text,0,1,0,
STOKI,5853,27,NOTE,263,14370,text,0,1,0,
STOKI,5853,28,NOTE,263,14374,text,0,1,0,
STOKI,6013,0,NOTE,263,9102,text,0,1,0,
STOKI,6013,1,NOTE,263,14612,text,0,1,0,
STOKI,6013,2,NOTE,263,14372,text,0,1,0,
STOKI,6013,3,NOTE,263,14376,text,0,1,0,
STOKI,6013,4,NOTE,263,35162,text,0,1,0,
STOKI,6013,5,NOTE,263,9124,text,0,1,0,
STOKI,6013,6,NOTE,263,14614,text,0,1,0,
STOKI,6013,7,NOTE,263,35163,text,0,1,0,
STOKI,6013,8,NOTE,263,4815,text,0,1,0,
STOKI,6013,9,NOTE,263,31805,text,0,1,0,
STOKI,6013,10,NOTE,263,2912,text,0,1,0,
STOKI,6013,11,NOTE,263,14598,text,0,1,0,
STOKI,6013,12,NOTE,263,14599,text,0,1,0,
STOKI,6013,13,NOTE,263,14617,text,0,1,0,
STOKI,6013,14,NOTE,263,14594,text,0,1,0,
STOKI,6013,17,NOTE,263,14595,text,29,1,0,
STOKI,6013,18,NOTE,263,7698,text,0,1,0,
STOKI,6013,21,NOTE,263,27759,text,0,1,0,
STOKI,6013,22,NOTE,263,34966,text,0,1,0,
STOKI,6013,24,NOTE,263,34960,text,0,1,0,
STOKI,6013,25,NOTE,263,35150,text,0,1,0,
STOKI,6013,26,NOTE,263,14602,text,29,1,0,
STOKI,6013,27,NOTE,263,23938,text,0,1,0,
STOKI,6013,28,NOTE,263,14371,text,0,1,0,
STOKI,6013,29,NOTE,263,14373,text,0,1,0,
STOKI,6013,30,NOTE,263,28227,text,0,1,0,
STOKI,6031,0,NOTE,263,13657,text,31,1,0,
STOKI,6031,1,NOTE,263,10288,text,31,1,0,
STOKI,6031,2,NOTE,263,9126,text,48,1,0,
STOKI,6031,3,NOTE,263,9125,text,48,1,0,
STOKI,6031,4,NOTE,263,2194,text,0,1,0,
STOKI,6031,5,NOTE,263,9127,text,44,1,0,
STOKI,6031,6,PROPS,263,9596,text,28,1,0,
STOKI,6031,6,NOTE,263,6755,text,0,1,0,
STOKI,6031,7,NOTE,263,11987,text,0,1,0,
STOKI,6031,8,NOTE,263,16044,text,0,1,0,
STOKI,6031,9,NOTE,263,27526,text,0,1,0,
STOKI,6031,10,NOTE,263,27519,text,0,1,0,
STOKI,6031,11,NOTE,263,27522,text,0,1,0,
STOKI,6031,12,NOTE,263,11985,text,0,1,0,
STOKI,6031,13,NOTE,263,9598,text,0,1,0,
STOKI,6031,15,NOTE,263,15811,text,0,1,0,
STOKI,6031,17,NOTE,263,14834,text,28,1,0,
STOKI,6031,19,NOTE,263,10073,text,35,1,0,
STOKI,6031,20,NOTE,263,28711,text,0,1,0,
STOKI,6031,22,NOTE,263,14839,text,35,1,0,
STOKI,6031,23,NOTE,263,7450,text,0,1,0,
STOKI,6031,24,NOTE,263,7424,text,0,1,0,
STOKI,6031,27,NOTE,263,28712,text,0,1,0,
STOKI,6031,28,NOTE,263,7454,text,0,1,0,
STOKI,6049,0,NOTE,263,7449,text,0,1,0,
STOKI,6049,1,NOTE,263,24185,text,0,1,0,
STOKI,6049,2,NOTE,263,20120,text,0,1,0,
STOKI,6049,3,NOTE,263,20594,text,0,1,0,
STOKI,6049,4,NOTE,263,15086,text,0,1,0,
STOKI,6049,5,NOTE,263,26094,text,0,1,0,
STOKI,6049,7,NOTE,263,10786,text,0,1,0,
STOKI,6049,8,NOTE,263,10797,text,0,1,0,
STOKI,6049,9,NOTE,263,23696,text,0,1,0,
STOKI,6049,10,NOTE,263,24382,text,0,1,0,
STOKI,6049,11,NOTE,263,30125,text,0,1,0,
STOKI,6049,12,NOTE,263,30614,text,0,1,0,
STOKI,6049,13,NOTE,263,24888,text,0,1,0,
STOKI,6049,14,NOTE,263,2646,text,30,1,0,
STOKI,6049,15,NOTE,263,25366,text,30,1,0,
STOKI,6049,16,NOTE,263,10289,text,74,1,0,
STOKI,6049,17,NOTE,263,17484,text,0,1,0,
STOKI,6049,18,NOTE,263,11005,text,0,1,0,
STOKI,6049,19,NOTE,263,20843,text,0,1,0,
STOKI,6049,20,NOTE,263,10795,text,0,1,0,
STOKI,6049,22,NOTE,263,15300,text,0,1,0,
STOKI,6049,24,PROPS,263,15080,text,42,1,0,
STOKI,6049,24,NOTE,263,25362,text,0,1,0,
STOKI,6049,25,NOTE,263,9597,text,29,1,0,
STOKI,6049,27,NOTE,263,5765,text,0,1,0,
STOKI,5457,0,NOTE,263,6978,text,17,1,0,
STOKI,5457,1,NOTE,263,10049,text,27,1,0,
STOKI,5457,2,NOTE,263,10051,text,9,1,0,
STOKI,5457,3,NOTE,263,10043,text,14,1,0,
STOKI,5457,5,NOTE,263,15327,text,38,1,0,
STOKI,5457,6,NOTE,263,24894,text,0,1,0,
STOKI,5457,7,NOTE,263,25125,text,0,1,0,
STOKI,5457,8,NOTE,263,25119,text,0,1,0,
STOKI,5457,9,NOTE,263,25136,text,0,1,0,
STOKI,5457,10,NOTE,263,2413,text,0,1,0,
STOKI,5457,11,PROPS,263,7174,text,48,1,0,
STOKI,5457,11,NOTE,263,13666,text,0,1,0,
STOKI,5457,13,NOTE,263,15308,text,26,1,0,
STOKI,5457,14,PROPS,263,6741,text,35,1,0,
STOKI,5457,14,NOTE,263,2197,text,0,1,0,
STOKI,5457,15,NOTE,263,7186,text,0,1,0,
STOKI,5457,17,PROPS,263,15312,text,34,1,0,
STOKI,5457,17,NOTE,263,18690,text,0,1,0,
STOKI,5457,18,NOTE,263,25139,text,0,1,0,
STOKI,5457,20,NOTE,263,30629,text,0,1,0,
STOKI,5457,23,NOTE,263,30632,text,0,1,0,
STOKI,5457,25,NOTE,263,15320,text,16,1,0,
STOKI,5457,26,NOTE,263,30634,text,0,1,0,
STOKI,5457,27,NOTE,263,30638,text,0,1,0,
STOKI,5457,28,NOTE,263,23187,text,0,1,0,
STOKI,5786,0,NOTE,263,23189,text,0,1,0,
STOKI,5786,1,NOTE,263,23193,text,0,1,0,
STOKI,5786,2,NOTE,263,30649,text,0,1,0,
STOKI,5786,3,NOTE,263,23201,text,0,1,0,
STOKI,5786,4,NOTE,263,30641,text,0,1,0,
STOKI,5786,5,NOTE,263,30644,text,0,1,0,
STOKI,5786,6,NOTE,263,30654,text,0,1,0,
STOKI,5786,7,NOTE,263,30648,text,0,1,0,
STOKI,5786,8,NOTE,263,30658,text,0,1,0,
STOKI,5786,9,NOTE,263,30653,text,0,1,0,
STOKI,5786,10,NOTE,263,20841,text,0,1,0,
STOKI,5786,11,PROPS,263,12478,text,29,1,0,
STOKI,5786,11,NOTE,263,6743,text,0,1,0,
STOKI,5786,12,NOTE,263,30662,text,0,1,0,
STOKI,5786,13,PROPS,263,2650,text,21,1,0,
STOKI,5786,13,NOTE,263,13423,text,0,1,0,
STOKI,5786,15,PROPS,263,15549,text,29,1,0,
STOKI,5786,15,NOTE,263,6501,text,0,1,0,
STOKI,5786,17,PROPS,263,15551,text,40,1,0,
STOKI,5786,17,NOTE,263,6520,text,0,1,0,
STOKI,5786,18,NOTE,263,7422,text,0,1,0,
STOKI,5786,20,NOTE,263,30670,text,0,1,0,
STOKI,5786,23,NOTE,263,12704,text,0,1,0,
STOKI,5786,25,NOTE,263,15573,text,0,1,0,
STOKI,5786,26,NOTE,263,16042,text,0,1,0,
STOKI,5786,27,NOTE,263,30671,text,0,1,0,
STOKI,5786,29,NOTE,263,17963,text,0,1,0,
STOKI,5917,1,NOTE,263,30871,text,0,1,0,
STOKI,5917,2,NOTE,263,15783,text,0,1,0,
STOKI,5917,4,NOTE,263,30873,text,0,1,0,
STOKI,5917,5,NOTE,263,11511,text,27,1,0,
STOKI,5917,6,NOTE,263,30875,text,0,1,0,
STOKI,5917,8,NOTE,263,30881,text,0,1,0,
STOKI,5917,10,NOTE,263,17721,text,0,1,0,
STOKI,5917,11,NOTE,263,12482,text,27,1,0,
STOKI,5917,12,NOTE,263,15090,text,40,1,0,
STOKI,5917,16,NOTE,263,2915,text,0,1,0,
STOKI,5917,17,PROPS,263,14610,text,29,1,0,
STOKI,5917,17,NOTE,263,6715,text,0,1,0,
STOKI,5917,18,PROPS,263,6215,text,33,1,0,
STOKI,5917,18,NOTE,263,21050,text,0,1,0,
STOKI,5917,20,PROPS,263,15793,text,27,1,0,
STOKI,5917,20,NOTE,263,6758,text,0,1,0,
STOKI,5917,22,PROPS,263,10312,text,27,1,0,
STOKI,5917,22,NOTE,263,20833,text,0,1,0,
STOKI,5917,23,NOTE,263,5537,text,0,1,0,
STOKI,5917,24,NOTE,263,6725,text,0,1,0,
STOKI,5917,25,NOTE,263,30876,text,0,1,0,
STOKI,5917,27,NOTE,263,16999,text,0,1,0,
STOKI,5917,28,NOTE,263,13661,text,0,1,0,
STOKI,5917,30,PROPS,263,15803,text,38,1,0,
STOKI,5917,30,NOTE,263,11744,text,0,1,0,
STOKI,5878,1,NOTE,263,16045,text,0,1,0,
STOKI,5878,2,NOTE,263,30835,text,0,1,0,
STOKI,5878,3,NOTE,263,30833,text,0,1,0,
STOKI,5878,4,NOTE,263,17725,text,0,1,0,
STOKI,5878,5,NOTE,263,30839,text,0,1,0,
STOKI,5878,6,NOTE,263,30836,text,0,1,0,
STOKI,5878,7,NOTE,263,18450,text,0,1,0,
STOKI,5878,8,NOTE,263,30840,text,0,1,0,
STOKI,5878,10,NOTE,263,18442,text,0,1,0,
STOKI,5878,11,NOTE,263,30847,text,0,1,0,
STOKI,5878,12,NOTE,263,30844,text,0,1,0,
STOKI,5878,13,NOTE,263,30848,text,0,1,0,
STOKI,5878,14,NOTE,263,16043,text,0,1,0,
STOKI,5878,15,NOTE,263,15563,text,72,1,0,
STOKI,5878,16,NOTE,263,21059,text,0,1,0,
STOKI,5878,17,NOTE,263,21057,text,0,1,0,
STOKI,5878,18,NOTE,263,7412,text,25,1,0,
STOKI,5878,20,NOTE,263,19160,text,29,1,0,
STOKI,5878,21,NOTE,263,30867,text,0,1,0,
STOKI,5878,22,NOTE,263,30856,text,0,1,0,
STOKI,5878,23,NOTE,263,30869,text,0,1,0,
STOKI,5878,24,NOTE,263,15556,text,40,1,0,
STOKI,5878,25,NOTE,263,30860,text,0,1,0,
STOKI,5878,26,NOTE,263,15089,text,0,1,0,
STOKI,5878,28,NOTE,263,15091,text,0,1,0,
STOKI,6087,0,PROPS,263,12466,text,34,1,0,
STOKI,6087,0,NOTE,263,12445,text,0,1,0,
STOKI,6087,1,PROPS,263,15806,text,37,1,0,
STOKI,6087,1,NOTE,263,276,text,0,1,0,
STOKI,6087,2,PROPS,263,15805,text,26,1,0,
STOKI,6087,4,PROPS,263,16255,text,22,1,0,
STOKI,6087,4,NOTE,263,21077,text,0,1,0,
STOKI,6087,5,PROPS,263,15325,text,38,1,0,
STOKI,6087,5,NOTE,263,11742,text,0,1,0,
STOKI,6087,7,NOTE,263,17245,text,0,1,0,
STOKI,6087,8,NOTE,263,16258,text,22,1,0,
STOKI,6087,10,PROPS,263,16261,text,35,1,0,
STOKI,6087,10,NOTE,263,16497,text,0,1,0,
STOKI,6087,12,NOTE,263,18187,text,0,1,0,
STOKI,6087,13,NOTE,263,28716,text,0,1,0,
STOKI,6087,14,NOTE,263,2415,text,0,1,0,
STOKI,6087,15,NOTE,263,19641,text,0,1,0,
STOKI,6087,21,NOTE,263,31810,text,0,1,0,
STOKI,6087,22,NOTE,263,7688,text,37,1,0,
STOKI,6087,26,NOTE,263,12702,text,23,1,0,
STOKI,6087,28,NOTE,263,16279,text,31,1,0,
STOKI,6087,29,NOTE,263,12217,text,3,1,0,
STOKI,6087,30,NOTE,263,12218,text,3,1,0,
STOKI,6087,31,NOTE,263,32061,text,23,1,0,
STOKI,6099,1,NOTE,263,32049,text,23,1,0,
STOKI,6099,2,PROPS,263,521,text,46,1,0,
STOKI,6099,2,NOTE,263,24172,text,0,1,0,
STOKI,6099,4,NOTE,263,34981,text,0,1,0,
STOKI,6099,9,NOTE,263,17476,text,0,1,0,
STOKI,6099,11,NOTE,263,17483,text,0,1,0,
STOKI,6099,12,NOTE,263,35890,text,0,1,0,
STOKI,6099,13,NOTE,263,16530,text,0,1,0,
STOKI,6099,15,PROPS,263,16505,text,43,1,0,
STOKI,6099,15,NOTE,263,21296,text,0,1,0,
STOKI,6099,16,PROPS,263,11982,text,30,1,0,
STOKI,6099,16,NOTE,263,16528,text,0,1,0,
STOKI,6099,17,PROPS,263,2427,text,28,1,0,
STOKI,6099,17,NOTE,263,18661,text,0,1,0,
STOKI,6099,18,PROPS,263,2429,text,28,1,0,
STOKI,6099,18,NOTE,263,18666,text,0,1,0,
STOKI,6099,19,NOTE,263,14847,text,14,1,0,
STOKI,6099,20,NOTE,263,14854,text,0,1,0,
STOKI,6099,22,NOTE,263,10535,text,0,1,0,
STOKI,6099,23,NOTE,263,20842,text,0,1,0,
STOKI,6099,31,PROPS,263,16518,text,28,1,0,
STOKI,6099,31,NOTE,263,22019,text,0,1,0,
STOKI,6099,32,PROPS,263,16515,text,28,1,0,
STOKI,6099,32,NOTE,263,20364,text,0,1,0,
STOKI,6099,33,PROPS,263,10524,text,30,1,0,
STOKI,6099,33,NOTE,263,24867,text,0,1,0,
STOKI,6099,35,NOTE,263,17450,text,0,1,0,
STOKI,6230,2,PROPS,263,16263,text,32,1,0,
STOKI,6230,2,NOTE,263,20116,text,0,1,0,
STOKI,6230,3,NOTE,263,35172,text,0,1,0,
STOKI,6230,4,NOTE,263,35175,text,0,1,0,
STOKI,6230,5,NOTE,263,22964,text,0,1,0,
STOKI,6230,6,NOTE,263,22965,text,0,1,0,
STOKI,6230,7,NOTE,263,25607,text,0,1,0,
STOKI,6230,8,NOTE,263,34956,text,0,1,0,
STOKI,6230,9,NOTE,263,25612,text,0,1,0,
STOKI,6230,10,NOTE,263,25845,text,0,1,0,
STOKI,6230,11,NOTE,263,26317,text,0,1,0,
STOKI,6230,12,PROPS,263,14611,text,32,1,0,
STOKI,6230,12,NOTE,263,1933,text,0,1,0,
STOKI,6230,14,PROPS,263,16743,text,34,1,0,
STOKI,6230,14,NOTE,263,12911,text,0,1,0,
STOKI,6230,15,NOTE,263,21788,text,3,1,0,
STOKI,6230,16,NOTE,263,2430,text,0,1,0,
STOKI,6230,17,NOTE,263,16750,text,3,1,0,
STOKI,6230,18,NOTE,263,16751,text,3,1,0,
STOKI,6230,19,NOTE,263,16752,text,3,1,0,
STOKI,6230,24,NOTE,263,16755,text,0,1,0,
STOKI,6230,26,PROPS,263,15807,text,34,1,0,
STOKI,6230,26,NOTE,263,17716,text,0,1,0,
STOKI,6230,29,PROPS,263,27038,text,46,1,0,
STOKI,6230,29,NOTE,263,30631,text,0,1,0,
STOKI,6230,30,NOTE,263,15326,text,37,1,0,
STOKI,6246,0,PROPS,263,15800,text,32,1,0,
STOKI,6246,0,NOTE,263,20118,text,0,1,0,
STOKI,6246,2,PROPS,263,7428,text,33,1,0,
STOKI,6246,2,NOTE,263,15332,text,0,1,0,
STOKI,6246,4,NOTE,263,16972,text,27,1,0,
STOKI,6246,6,PROPS,263,16974,text,43,1,0,
STOKI,6246,6,NOTE,263,1478,text,0,1,0,
STOKI,6246,8,PROPS,263,16976,text,26,1,0,
STOKI,6246,9,PROPS,263,1455,text,33,1,0,
STOKI,6246,9,NOTE,263,17247,text,0,1,0,
STOKI,6246,11,PROPS,263,16979,text,32,1,0,
STOKI,6246,11,NOTE,263,30891,text,0,1,0,
STOKI,6246,12,NOTE,263,6522,text,0,1,0,
STOKI,6246,13,NOTE,263,7216,text,27,1,0,
STOKI,6246,14,NOTE,263,17001,text,0,1,0,
STOKI,6246,16,NOTE,263,21768,text,0,1,0,
STOKI,6246,18,NOTE,263,21780,text,0,1,0,
STOKI,6246,19,NOTE,263,21783,text,0,1,0,
STOKI,6246,20,NOTE,263,21075,text,0,1,0,
STOKI,6246,21,NOTE,263,22985,text,0,1,0,
STOKI,6246,22,NOTE,263,34954,text,0,1,0,
STOKI,6246,23,NOTE,263,34909,text,0,1,0,
STOKI,6246,24,NOTE,263,30898,text,0,1,0,
STOKI,6246,25,NOTE,263,34912,text,0,1,0,
STOKI,6246,27,NOTE,263,17243,text,0,1,0,
STOKI,6246,28,NOTE,263,34959,text,0,1,0,
STOKI,6246,29,NOTE,263,34918,text,0,1,0,
STOKI,6264,2,NOTE,263,31841,text,0,1,0,
STOKI,6264,3,NOTE,263,25856,text,0,1,0,
STOKI,6264,5,NOTE,263,18886,text,0,1,0,
STOKI,6264,6,NOTE,263,31845,text,0,1,0,
STOKI,6264,8,NOTE,263,27283,text,0,1,0,
STOKI,6264,9,NOTE,263,17239,text,0,1,0,
STOKI,6264,11,NOTE,263,5296,text,0,1,0,
STOKI,6264,12,NOTE,263,7673,text,0,1,0,
STOKI,6264,14,NOTE,263,23940,text,0,1,0,
STOKI,6264,16,NOTE,263,17223,text,64,1,0,
STOKI,6264,17,NOTE,263,10541,text,0,1,0,
STOKI,6264,18,NOTE,263,7678,text,0,1,0,
STOKI,6264,20,PROPS,263,17227,text,30,1,0,
STOKI,6264,20,NOTE,263,7691,text,0,1,0,
STOKI,6264,21,NOTE,263,10527,text,53,1,0,
STOKI,6264,22,PROPS,263,987,text,36,1,0,
STOKI,6264,22,NOTE,263,8641,text,0,1,0,
STOKI,6264,23,PROPS,263,12450,text,28,1,0,
STOKI,6264,23,NOTE,263,18429,text,0,1,0,
STOKI,6264,24,NOTE,263,14129,text,39,1,0,
STOKI,6264,26,PROPS,263,971,text,35,1,0,
STOKI,6264,26,NOTE,263,11978,text,0,1,0,
STOKI,6264,27,NOTE,263,35380,text,0,1,0,
STOKI,6264,28,NOTE,263,13871,text,47,1,0,
STOKI,6198,0,NOTE,263,15808,text,0,1,0,
STOKI,6198,1,PROPS,263,11268,text,41,1,0,
STOKI,6198,1,NOTE,263,13424,text,0,1,0,
STOKI,6198,4,PROPS,263,21539,text,41,1,0,
STOKI,6198,4,NOTE,263,13647,text,0,1,0,
STOKI,6198,10,NOTE,263,1439,text,36,1,0,
STOKI,6198,11,NOTE,263,11021,text,0,1,0,
STOKI,6198,12,NOTE,263,22718,text,0,1,0,
STOKI,6198,13,NOTE,263,22505,text,0,1,0,
STOKI,6198,14,NOTE,263,19866,text,68,1,0,
STOKI,6198,16,NOTE,263,17462,text,29,1,0,
STOKI,6198,17,NOTE,263,32270,text,0,1,0,
STOKI,6198,18,NOTE,263,22499,text,0,1,0,
STOKI,6198,19,NOTE,263,32309,text,0,1,0,
STOKI,6198,20,NOTE,263,18695,text,0,1,0,
STOKI,6198,21,NOTE,263,38745,text,0,1,0,
STOKI,6198,22,NOTE,263,19159,text,0,1,0,
STOKI,6198,23,NOTE,263,17238,text,22,1,0,
STOKI,6198,24,NOTE,263,27994,text,0,1,0,
STOKI,6198,25,NOTE,263,17719,text,5,1,0,
STOKI,6198,26,NOTE,263,17720,text,5,1,0,
STOKI,6198,28,NOTE,263,17722,text,5,1,0,
STOKI,6291,0,NOTE,263,19151,text,5,1,0,
STOKI,6291,1,NOTE,263,10076,text,28,1,0,
STOKI,6291,2,NOTE,263,14844,text,26,1,0,
STOKI,6291,3,NOTE,263,16032,text,0,1,0,
STOKI,6291,4,NOTE,263,14849,text,27,1,0,
STOKI,6291,5,NOTE,263,15329,text,20,1,0,
STOKI,6291,6,NOTE,263,12460,text,25,1,0,
STOKI,6291,7,NOTE,263,12452,text,25,1,0,
STOKI,6291,8,NOTE,263,12693,text,25,1,0,
STOKI,6291,9,NOTE,263,35853,text,0,1,0,
STOKI,6291,10,NOTE,263,12464,text,45,1,0,
STOKI,6291,12,NOTE,263,31570,text,0,1,0,
STOKI,6291,16,NOTE,263,17700,text,20,1,0,
STOKI,6291,17,NOTE,263,13889,text,20,1,0,
STOKI,6291,19,NOTE,263,6979,text,29,1,0,
STOKI,6291,20,NOTE,263,1927,text,26,1,0,
STOKI,6291,22,NOTE,263,36811,text,25,1,0,
STOKI,6291,23,NOTE,263,25120,text,0,1,0,
STOKI,6291,25,NOTE,263,32054,text,0,1,0,
STOKI,6291,27,NOTE,263,17712,text,30,1,0,
STOKI,6291,29,NOTE,263,32267,text,30,1,0,
STOKI,6306,1,NOTE,263,6242,text,31,1,0,
STOKI,6306,3,NOTE,263,17927,text,33,1,0,
STOKI,6306,5,NOTE,263,17929,text,29,1,0,
STOKI,6306,6,NOTE,263,32058,text,0,1,0,
STOKI,6306,7,NOTE,263,10534,text,16,1,0,
STOKI,6306,8,PROPS,263,10552,text,33,1,0,
STOKI,6306,8,NOTE,263,23933,text,0,1,0,
STOKI,6306,9,PROPS,263,10554,text,41,1,0,
STOKI,6306,9,NOTE,263,7172,text,0,1,0,
STOKI,6306,10,PROPS,263,10555,text,32,1,0,
STOKI,6306,10,NOTE,263,21076,text,0,1,0,
STOKI,6306,12,PROPS,263,17936,text,43,1,0,
STOKI,6306,12,NOTE,263,23463,text,0,1,0,
STOKI,6306,13,NOTE,263,12219,text,33,1,0,
STOKI,6306,16,NOTE,263,13420,text,10,1,0,
STOKI,6306,19,NOTE,263,17943,text,31,1,0,
STOKI,6306,21,NOTE,263,36830,text,33,1,0,
STOKI,6306,22,NOTE,263,27284,text,0,1,0,
STOKI,6306,24,NOTE,263,17948,text,40,1,0,
STOKI,6306,26,NOTE,263,39207,text,36,1,0,
STOKI,6306,28,NOTE,263,17952,text,40,1,0,
STOKI,6306,30,NOTE,263,17954,text,36,1,0,
STOKI,6306,32,NOTE,263,17956,text,33,1,0,
STOKI,6320,0,NOTE,263,18195,text,0,1,0,
STOKI,6320,2,PROPS,263,18165,text,20,1,0,
STOKI,6320,2,NOTE,263,27757,text,0,1,0,
STOKI,6320,4,PROPS,263,31356,text,20,1,0,
STOKI,6320,4,NOTE,263,18167,text,0,1,0,
STOKI,6320,6,PROPS,263,6744,text,30,1,0,
STOKI,6320,6,NOTE,263,29928,text,0,1,0,
STOKI,6320,7,NOTE,263,20109,text,0,1,0,
STOKI,6320,9,NOTE,263,18172,text,31,1,0,
STOKI,6320,11,NOTE,263,20352,text,31,1,0,
STOKI,6320,13,NOTE,263,30862,text,30,1,0,
STOKI,6320,14,NOTE,263,22230,text,0,1,0,
STOKI,6320,16,NOTE,263,18179,text,45,1,0,
STOKI,6320,19,NOTE,263,41145,text,48,1,0,
STOKI,6320,20,NOTE,263,32037,text,51,1,0,
STOKI,6320,22,NOTE,263,18185,text,52,1,0,
STOKI,6320,24,PROPS,263,21524,text,41,1,0,
STOKI,6320,24,NOTE,263,43283,text,0,1,0,
STOKI,6320,27,PROPS,263,18892,text,41,1,0,
STOKI,6320,27,NOTE,263,18924,text,0,1,0,
STOKI,6320,28,NOTE,263,41382,text,63,1,0,
STOKI,6320,30,PROPS,263,18925,text,41,1,0,
STOKI,6320,30,NOTE,263,18193,text,0,1,0,
STOKI,6332,0,NOTE,263,34904,text,62,1,0,
STOKI,6332,2,NOTE,263,7652,text,49,1,0,
STOKI,6332,4,NOTE,263,7653,text,45,1,0,
STOKI,6332,6,NOTE,263,39948,text,40,1,0,
STOKI,6332,7,NOTE,263,18408,text,0,1,0,
STOKI,6332,8,NOTE,263,38501,text,44,1,0,
STOKI,6332,10,PROPS,263,37768,text,38,1,0,
STOKI,6332,10,NOTE,263,16765,text,0,1,0,
STOKI,6332,12,PROPS,263,35876,text,32,1,0,
STOKI,6332,12,NOTE,263,12431,text,0,1,0,
STOKI,6332,14,NOTE,263,21314,text,0,1,0,
STOKI,6332,18,NOTE,263,21290,text,36,1,0,
STOKI,6332,21,NOTE,263,36133,text,30,1,0,
STOKI,6332,24,NOTE,263,36096,text,34,1,0,
STOKI,6332,28,NOTE,263,18430,text,30,1,0,
STOKI,6332,30,NOTE,263,39675,text,26,1,0,
STOKI,6332,31,PROPS,263,35875,text,35,1,0,
STOKI,6332,31,NOTE,263,7900,text,0,1,0,
STOKI,6332,33,PROPS,263,36091,text,35,1,0,
STOKI,6332,33,NOTE,263,36092,text,0,1,0,
STOKI,6340,0,PROPS,263,36123,text,32,1,0,
STOKI,6340,0,NOTE,263,35894,text,0,1,0,
STOKI,6340,2,PROPS,263,35882,text,34,1,0,
STOKI,6340,2,NOTE,263,35886,text,0,1,0,
STOKI,6340,4,PROPS,263,18645,text,39,1,0,
STOKI,6340,4,NOTE,263,21800,text,0,1,0,
STOKI,6340,7,PROPS,263,7663,text,39,1,0,
STOKI,6340,7,NOTE,263,7658,text,0,1,0,
STOKI,6340,28,NOTE,263,9568,text,0,1,0,
STOKI,6340,29,NOTE,263,13895,text,36,1,0,
STOKI,6340,31,NOTE,263,18672,text,20,1,0,
STOKI,6340,33,NOTE,263,18674,text,22,1,0,
STOKI,6340,35,NOTE,263,9570,text,0,1,0,
STOKI,6340,37,NOTE,263,29925,text,37,1,0,
STOKI,6340,40,PROPS,263,31589,text,31,1,0,
STOKI,6340,40,NOTE,263,22025,text,0,1,0,
STOKI,6340,42,PROPS,263,31590,text,30,1,0,
STOKI,6340,42,NOTE,263,19637,text,0,1,0,
STOKI,6340,44,PROPS,263,19868,text,30,1,0,
STOKI,6340,44,NOTE,263,19869,text,0,1,0,
STOKI,6348,1,NOTE,263,17233,text,32,1,0,
STOKI,6348,2,PROPS,263,12227,text,30,1,0,
STOKI,6348,2,NOTE,263,17718,text,0,1,0,
STOKI,6348,6,PROPS,263,18202,text,30,1,0,
STOKI,6348,6,NOTE,263,9567,text,0,1,0,
STOKI,6348,7,NOTE,263,18884,text,32,1,0,
STOKI,6348,9,PROPS,263,9813,text,30,1,0,
STOKI,6348,9,NOTE,263,9569,text,0,1,0,
STOKI,6348,10,NOTE,263,41389,text,64,1,0,
STOKI,6348,12,PROPS,263,31089,text,29,1,0,
STOKI,6348,12,NOTE,263,25840,text,0,1,0,
STOKI,6348,15,PROPS,263,19870,text,30,1,0,
STOKI,6348,15,NOTE,263,19871,text,0,1,0,
STOKI,6348,17,PROPS,263,20830,text,30,1,0,
STOKI,6348,17,NOTE,263,20840,text,0,1,0,
STOKI,6348,18,NOTE,263,18894,text,17,1,0,
STOKI,6348,20,PROPS,263,33030,text,29,1,0,
STOKI,6348,20,NOTE,263,26060,text,0,1,0,
STOKI,6348,23,PROPS,263,33257,text,29,1,0,
STOKI,6348,23,NOTE,263,20813,text,0,1,0,
STOKI,6348,25,PROPS,263,30402,text,22,1,0,
STOKI,6348,25,NOTE,263,22501,text,0,1,0,
STOKI,6348,28,PROPS,263,22497,text,49,1,0,
STOKI,6348,28,NOTE,263,24652,text,0,1,0,
STOKI,6348,31,PROPS,263,18900,text,28,1,0,
STOKI,6348,31,NOTE,263,18908,text,0,1,0,
STOKI,6348,34,PROPS,263,25843,text,27,1,0,
STOKI,6348,34,NOTE,263,25364,text,0,1,0,
STOKI,6348,36,PROPS,263,33502,text,28,1,0,
STOKI,6348,36,NOTE,263,33743,text,0,1,0,
STOKI,6348,37,PROPS,263,29428,text,27,1,0,
STOKI,6348,37,NOTE,263,6973,text,0,1,0,
STOKI,6348,40,PROPS,263,33258,text,27,1,0,
STOKI,6348,40,NOTE,263,25373,text,0,1,0,
STOKI,6348,42,PROPS,263,2423,text,21,1,0,
STOKI,6348,42,NOTE,263,25850,text,0,1,0,
STOKI,6359,1,NOTE,263,7426,text,37,1,0,
STOKI,6359,2,NOTE,263,17710,text,27,1,0,
STOKI,6359,4,NOTE,263,19123,text,23,1,0,
STOKI,6359,7,NOTE,263,23459,text,0,1,0,
STOKI,6359,9,NOTE,263,19128,text,31,1,0,
STOKI,6359,13,NOTE,263,31849,text,0,1,0,
STOKI,6359,14,NOTE,263,19619,text,0,1,0,
STOKI,6359,15,NOTE,263,25617,text,0,1,0,
STOKI,6359,17,NOTE,263,34911,text,0,1,0,
STOKI,6359,19,NOTE,263,26319,text,0,1,0,
STOKI,6359,21,NOTE,263,35183,text,89,1,0,
STOKI,6359,22,PROPS,263,32056,text,21,1,0,
STOKI,6359,22,NOTE,263,7681,text,0,1,0,
STOKI,6359,23,NOTE,263,21066,text,0,1,0,
STOKI,6359,24,NOTE,263,19634,text,0,1,0,
STOKI,6359,25,PROPS,263,7888,text,33,1,0,
STOKI,6359,25,NOTE,263,23936,text,0,1,0,
STOKI,6359,28,PROPS,263,13416,text,41,1,0,
STOKI,6359,28,NOTE,263,35212,text,0,1,0,
STOKI,6359,29,NOTE,263,19147,text,29,1,0,
STOKI,6359,30,NOTE,263,27988,text,0,1,0,
STOKI,6359,33,NOTE,263,19152,text,25,1,0,
STOKI,6380,0,NOTE,263,19155,text,28,1,0,
STOKI,6380,2,NOTE,263,19360,text,27,1,0,
STOKI,6380,3,NOTE,263,19136,text,66,1,0,
STOKI,6380,5,NOTE,263,19363,text,66,1,0,
STOKI,6380,7,NOTE,263,21046,text,0,1,0,
STOKI,6380,8,NOTE,263,25842,text,0,1,0,
STOKI,6380,9,NOTE,263,25611,text,0,1,0,
STOKI,6380,10,NOTE,263,22949,text,0,1,0,
STOKI,6380,12,PROPS,263,19370,text,21,1,0,
STOKI,6380,12,NOTE,263,35209,text,0,1,0,
STOKI,6380,13,NOTE,263,35210,text,0,1,0,
STOKI,6380,14,NOTE,263,29187,text,0,1,0,
STOKI,6380,17,PROPS,263,19375,text,26,1,0,
STOKI,6380,18,PROPS,263,19374,text,27,1,0,
STOKI,6380,18,NOTE,263,17962,text,0,1,0,
STOKI,6380,20,PROPS,263,19378,text,32,1,0,
STOKI,6380,20,NOTE,263,30897,text,0,1,0,
STOKI,6380,21,NOTE,263,20844,text,0,1,0,
STOKI,6380,23,NOTE,263,23903,text,76,1,0,
STOKI,6380,25,NOTE,263,14613,text,76,1,0,
STOKI,6380,28,NOTE,263,19383,text,68,1,0,
STOKI,6380,31,NOTE,263,18668,text,53,1,0,
STOKI,6389,0,NOTE,263,19386,text,68,1,0,
STOKI,6389,2,NOTE,263,35390,text,0,1,0,
STOKI,6389,4,NOTE,263,19389,text,36,1,0,
STOKI,6389,6,NOTE,263,37800,text,47,1,0,
STOKI,6389,8,NOTE,263,37801,text,29,1,0,
STOKI,6389,10,NOTE,263,22500,text,40,1,0,
STOKI,6389,12,NOTE,263,22503,text,40,1,0,
STOKI,6389,14,NOTE,263,37802,text,63,1,0,
STOKI,6389,15,NOTE,263,11015,text,16,1,0,
STOKI,6389,17,NOTE,263,6964,text,40,1,0,
STOKI,6389,19,NOTE,263,14851,text,0,1,0,
STOKI,6389,23,NOTE,263,6727,text,29,1,0,
STOKI,6389,29,NOTE,263,19625,text,33,1,0,
STOKI,6389,31,PROPS,263,9831,text,47,1,0,
STOKI,6389,31,NOTE,263,22480,text,54,1,0,
STOKI,6389,32,NOTE,263,18196,text,45,1,0,
STOKI,6389,33,NOTE,263,17707,text,45,1,0,
STOKI,6389,34,NOTE,263,15087,text,60,1,0,
STOKI,6413,0,NOTE,263,19633,text,55,1,0,
STOKI,6413,1,NOTE,263,16047,text,0,1,0,
STOKI,6413,2,NOTE,263,9352,text,43,1,0,
STOKI,6413,4,NOTE,263,19840,text,26,1,0,
STOKI,6413,5,NOTE,263,7218,text,0,1,0,
STOKI,6413,6,NOTE,263,16049,text,0,1,0,
STOKI,6413,7,NOTE,263,19872,text,0,1,0,
STOKI,6413,8,NOTE,263,23225,text,0,1,0,
STOKI,6413,9,NOTE,263,7219,text,0,1,0,
STOKI,6413,10,NOTE,263,23224,text,0,1,0,
STOKI,6413,11,NOTE,263,29905,text,0,1,0,
STOKI,6413,12,NOTE,263,22980,text,0,1,0,
STOKI,6413,13,NOTE,263,1435,text,0,1,0,
STOKI,6413,14,NOTE,263,22746,text,0,1,0,
STOKI,6413,15,NOTE,263,31823,text,0,1,0,
STOKI,6413,16,NOTE,263,28226,text,0,1,0,
STOKI,6413,17,NOTE,263,26805,text,0,1,0,
STOKI,6413,18,NOTE,263,31815,text,0,1,0,
STOKI,6413,19,NOTE,263,26797,text,0,1,0,
STOKI,6413,20,NOTE,263,19863,text,0,1,0,
STOKI,6413,21,NOTE,263,26809,text,0,1,0,
STOKI,6413,22,NOTE,263,26798,text,0,1,0,
STOKI,6413,23,NOTE,263,26801,text,0,1,0,
STOKI,6413,24,NOTE,263,20078,text,0,1,0,
STOKI,6413,25,NOTE,263,31819,text,0,1,0,
STOKI,6429,1,NOTE,263,27763,text,0,1,0,
STOKI,6429,3,NOTE,263,34942,text,0,1,0,
STOKI,6429,4,NOTE,263,22960,text,0,1,0,
STOKI,6429,6,NOTE,263,22962,text,0,1,0,
STOKI,6429,7,NOTE,263,20114,text,0,1,0,
STOKI,6429,8,NOTE,263,23227,text,0,1,0,
STOKI,6429,9,NOTE,263,23232,text,0,1,0,
STOKI,6429,10,NOTE,263,22988,text,0,1,0,
STOKI,6429,12,NOTE,263,35187,text,0,1,0,
STOKI,6429,13,NOTE,263,22958,text,0,1,0,
STOKI,6429,14,NOTE,263,31846,text,0,1,0,
STOKI,6429,15,NOTE,263,22968,text,0,1,0,
STOKI,6429,16,NOTE,263,23228,text,0,1,0,
STOKI,6429,19,NOTE,263,35182,text,0,1,0,
STOKI,6429,22,NOTE,263,34951,text,0,1,0,
STOKI,6429,23,NOTE,263,22970,text,0,1,0,
STOKI,6429,24,NOTE,263,35896,text,0,1,0,
STOKI,6429,25,NOTE,263,22978,text,0,1,0,
STOKI,6429,27,NOTE,263,23430,text,0,1,0,
STOKI,6429,28,NOTE,263,27752,text,0,1,0,
STOKI,6429,31,NOTE,263,36108,text,30,1,0,
STOKI,6254,0,NOTE,263,20108,text,62,1,0,
STOKI,6254,1,PROPS,263,17474,text,39,1,0,
STOKI,6254,1,NOTE,263,17479,text,0,1,0,
STOKI,6254,2,NOTE,263,21777,text,0,1,0,
STOKI,6254,3,PROPS,263,18669,text,30,1,0,
STOKI,6254,3,NOTE,263,24655,text,0,1,0,
STOKI,6254,5,PROPS,263,20319,text,28,1,0,
STOKI,6254,5,NOTE,263,22487,text,0,1,0,
STOKI,6254,7,PROPS,263,20321,text,28,1,0,
STOKI,6254,7,NOTE,263,7935,text,0,1,0,
STOKI,6254,8,PROPS,263,17481,text,28,1,0,
STOKI,6254,8,NOTE,263,39439,text,0,1,0,
STOKI,6254,10,NOTE,263,36329,text,25,1,0,
STOKI,6254,13,PROPS,263,20326,text,26,1,0,
STOKI,6254,13,NOTE,263,39441,text,0,1,0,
STOKI,6254,18,PROPS,263,20332,text,32,1,0,
STOKI,6254,18,NOTE,263,39445,text,0,1,0,
STOKI,6254,21,PROPS,263,8147,text,30,1,0,
STOKI,6254,21,NOTE,263,24656,text,0,1,0,
STOKI,6254,24,PROPS,263,29890,text,30,1,0,
STOKI,6254,24,NOTE,263,20338,text,0,1,0,
STOKI,6254,25,NOTE,263,21774,text,0,1,0,
STOKI,6254,27,PROPS,263,6511,text,30,1,0,
STOKI,6254,27,NOTE,263,20337,text,0,1,0,
STOKI,6254,30,PROPS,263,24648,text,28,1,0,
STOKI,6254,30,NOTE,263,21756,text,0,1,0,
STOKI,6254,32,PROPS,263,32072,text,28,1,0,
STOKI,6254,32,NOTE,263,21762,text,0,1,0,
STOKI,6254,35,PROPS,263,20593,text,30,1,0,
STOKI,6254,35,NOTE,263,20348,text,0,1,0,
STOKI,6254,39,PROPS,263,20353,text,28,1,0,
STOKI,6254,42,PROPS,263,20356,text,29,1,0,
STOKI,6459,1,PROPS,263,20359,text,26,1,0,
STOKI,6459,1,NOTE,263,41118,text,0,1,0,
STOKI,6459,2,NOTE,263,35905,text,37,1,0,
STOKI,6459,3,NOTE,263,36337,text,5,1,0,
STOKI,6459,4,PROPS,263,2911,text,32,1,0,
STOKI,6459,6,PROPS,263,20559,text,26,1,0,
STOKI,6459,8,PROPS,263,6728,text,28,1,0,
STOKI,6459,9,PROPS,263,5532,text,26,1,0,
STOKI,6459,10,NOTE,263,26559,text,0,1,0,
STOKI,6459,12,PROPS,263,20565,text,32,1,0,
STOKI,6459,13,NOTE,263,16762,text,0,1,0,
STOKI,6459,14,PROPS,263,5535,text,26,1,0,
STOKI,6459,16,NOTE,263,22492,text,0,1,0,
STOKI,6459,18,PROPS,263,31593,text,30,1,0,
STOKI,6459,18,NOTE,263,12222,text,0,1,0,
STOKI,6459,19,NOTE,263,28706,text,0,1,0,
STOKI,6459,21,PROPS,263,33500,text,34,1,0,
STOKI,6459,21,NOTE,263,33501,text,0,1,0,
STOKI,6459,23,PROPS,263,28707,text,53,1,0,
STOKI,6459,23,NOTE,263,22496,text,0,1,0,
STOKI,6459,25,PROPS,263,34901,text,35,1,0,
STOKI,6459,25,NOTE,263,20578,text,0,1,0,
STOKI,6459,26,NOTE,263,18190,text,0,1,0,
STOKI,6459,28,NOTE,263,18930,text,0,1,0,
STOKI,6459,29,NOTE,263,18889,text,0,1,0,
STOKI,6459,31,NOTE,263,26091,text,0,1,0,
STOKI,6459,32,NOTE,263,28718,text,0,1,0,
STOKI,6461,1,NOTE,263,30166,text,0,1,0,
STOKI,6461,3,NOTE,263,30893,text,0,1,0,
STOKI,6461,6,NOTE,263,35865,text,0,1,0,
STOKI,6461,7,PROPS,263,32076,text,37,1,0,
STOKI,6461,7,NOTE,263,20590,text,0,1,0,
STOKI,6461,10,PROPS,263,26070,text,37,1,0,
STOKI,6461,10,NOTE,263,20802,text,0,1,0,
STOKI,6461,13,PROPS,263,23468,text,37,1,0,
STOKI,6461,13,NOTE,263,20805,text,0,1,0,
STOKI,6461,16,PROPS,263,29429,text,37,1,0,
STOKI,6461,16,NOTE,263,20808,text,0,1,0,
STOKI,6461,19,PROPS,263,29430,text,44,1,0,
STOKI,6461,19,NOTE,263,20811,text,0,1,0,
STOKI,6461,22,PROPS,263,20835,text,34,1,0,
STOKI,6461,22,NOTE,263,20814,text,0,1,0,
STOKI,6461,23,NOTE,263,16048,text,0,1,0,
STOKI,6461,24,NOTE,263,18667,text,0,1,0,
STOKI,6461,26,PROPS,263,28474,text,29,1,0,
STOKI,6461,26,NOTE,263,18406,text,0,1,0,
STOKI,6461,29,PROPS,263,29431,text,29,1,0,
STOKI,6461,29,NOTE,263,18905,text,0,1,0,
STOKI,6461,31,PROPS,263,29656,text,29,1,0,
STOKI,6461,31,NOTE,263,18200,text,0,1,0,
STOKI,6461,33,PROPS,263,37551,text,29,1,0,
STOKI,6461,33,NOTE,263,30667,text,0,1,0,
STOKI,6461,35,PROPS,263,37552,text,29,1,0,
STOKI,6461,35,NOTE,263,30652,text,0,1,0,
STOKI,6461,38,PROPS,263,36611,text,29,1,0,
STOKI,6461,38,NOTE,263,37554,text,0,1,0,
STOKI,6461,41,PROPS,263,36603,text,36,1,0,
STOKI,6461,41,NOTE,263,30380,text,0,1,0,
STOKI,6461,44,PROPS,263,37553,text,36,1,0,
STOKI,6461,44,NOTE,263,35911,text,0,1,0,
STOKI,6464,1,PROPS,263,26563,text,23,1,0,
STOKI,6464,1,NOTE,263,20804,text,0,1,0,
STOKI,6464,3,PROPS,263,38962,text,23,1,0,
STOKI,6464,3,NOTE,263,21034,text,0,1,0,
STOKI,6464,4,PROPS,263,30398,text,46,1,0,
STOKI,6464,4,NOTE,263,20827,text,0,1,0,
STOKI,6464,7,PROPS,263,30408,text,40,1,0,
STOKI,6464,7,NOTE,263,21038,text,0,1,0,
STOKI,6464,10,PROPS,263,29926,text,33,1,0,
STOKI,6464,10,NOTE,263,21041,text,0,1,0,
STOKI,6464,12,PROPS,263,30410,text,29,1,0,
STOKI,6464,12,NOTE,263,17714,text,0,1,0,
STOKI,6464,13,PROPS,263,30850,text,43,1,0,
STOKI,6464,13,NOTE,263,36128,text,0,1,0,
STOKI,6464,15,PROPS,263,17724,text,29,1,0,
STOKI,6464,15,NOTE,263,21765,text,0,1,0,
STOKI,6464,16,NOTE,263,21043,text,0,1,0,
STOKI,6464,19,PROPS,263,25367,text,33,1,0,
STOKI,6464,19,NOTE,263,25847,text,0,1,0,
STOKI,6464,20,NOTE,263,35860,text,0,1,0,
STOKI,6464,22,PROPS,263,33259,text,34,1,0,
STOKI,6464,22,NOTE,263,25841,text,0,1,0,
STOKI,6464,24,NOTE,263,22719,text,0,1,0,
STOKI,6464,26,NOTE,263,35861,text,0,1,0,
STOKI,6464,28,NOTE,263,35863,text,0,1,0,
STOKI,6464,30,NOTE,263,21315,text,0,1,0,
STOKI,6464,32,NOTE,263,21280,text,0,1,0,
STOKI,6464,35,PROPS,263,38965,text,43,1,0,
STOKI,6464,35,NOTE,263,12442,text,0,1,0,
STOKI,6464,38,PROPS,263,38963,text,43,1,0,
STOKI,6464,38,NOTE,263,35880,text,0,1,0,
STOKI,6533,0,PROPS,263,38964,text,43,1,0,
STOKI,6533,0,NOTE,263,36090,text,0,1,0,
STOKI,6533,2,PROPS,263,21545,text,41,1,0,
STOKI,6533,2,NOTE,263,21297,text,0,1,0,
STOKI,6533,6,PROPS,263,38512,text,48,1,0,
STOKI,6533,6,NOTE,263,7659,text,0,1,0,
STOKI,6533,10,PROPS,263,7444,text,48,1,0,
STOKI,6533,10,NOTE,263,7649,text,0,1,0,
STOKI,6533,12,PROPS,263,21282,text,24,1,0,
STOKI,6533,12,NOTE,263,35867,text,0,1,0,
STOKI,6533,15,PROPS,263,31335,text,22,1,0,
STOKI,6533,15,NOTE,263,21285,text,0,1,0,
STOKI,6533,18,PROPS,263,21288,text,26,1,0,
STOKI,6533,18,NOTE,263,35869,text,0,1,0,
STOKI,6533,21,PROPS,263,38515,text,35,1,0,
STOKI,6533,21,NOTE,263,36131,text,0,1,0,
STOKI,6533,24,PROPS,263,38974,text,36,1,0,
STOKI,6533,24,NOTE,263,35871,text,0,1,0,
STOKI,6533,28,PROPS,263,35913,text,36,1,0,
STOKI,6533,28,NOTE,263,21298,text,0,1,0,
STOKI,6533,32,PROPS,263,38517,text,36,1,0,
STOKI,6533,32,NOTE,263,38518,text,0,1,0,
STOKI,6533,35,PROPS,263,38969,text,36,1,0,
STOKI,6533,35,NOTE,263,35874,text,0,1,0,
STOKI,6533,38,PROPS,263,35873,text,34,1,0,
STOKI,6533,38,NOTE,263,30624,text,0,1,0,
STOKI,6533,41,PROPS,263,38967,text,36,1,0,
STOKI,6533,41,NOTE,263,15088,text,0,1,0,
STOKI,6533,45,PROPS,263,38966,text,36,1,0,
STOKI,6533,45,NOTE,263,21313,text,0,1,0,
STOKI,6538,0,PROPS,263,10296,text,37,1,0,
STOKI,6538,0,NOTE,263,30623,text,0,1,0,
STOKI,6538,1,PROPS,263,18420,text,40,1,0,
STOKI,6538,1,NOTE,263,22264,text,0,1,0,
STOKI,6538,2,NOTE,263,18201,text,51,1,0,
STOKI,6538,4,PROPS,263,35879,text,37,1,0,
STOKI,6538,4,NOTE,263,7440,text,0,1,0,
STOKI,6538,6,PROPS,263,38972,text,37,1,0,
STOKI,6538,6,NOTE,263,38970,text,0,1,0,
STOKI,6538,8,PROPS,263,21304,text,35,1,0,
STOKI,6538,8,NOTE,263,21517,text,0,1,0,
STOKI,6538,10,PROPS,263,22727,text,33,1,0,
STOKI,6538,10,NOTE,263,21515,text,0,1,0,
STOKI,6538,12,PROPS,263,22736,text,37,1,0,
STOKI,6538,12,NOTE,263,21519,text,0,1,0,
STOKI,6538,13,NOTE,263,30899,text,0,1,0,
STOKI,6538,15,PROPS,263,35883,text,32,1,0,
STOKI,6538,15,NOTE,263,21521,text,0,1,0,
STOKI,6538,17,PROPS,263,21301,text,34,1,0,
STOKI,6538,17,NOTE,263,21526,text,0,1,0,
STOKI,6538,19,NOTE,263,22735,text,0,1,0,
STOKI,6538,22,NOTE,263,35897,text,0,1,0,
STOKI,6538,25,NOTE,263,27758,text,0,1,0,
STOKI,6538,27,PROPS,263,36093,text,28,1,0,
STOKI,6538,27,NOTE,263,36094,text,0,1,0,
STOKI,6538,30,PROPS,263,48291,text,28,1,0,
STOKI,6538,30,NOTE,263,35877,text,0,1,0,
STOKI,6538,33,PROPS,263,36134,text,26,1,0,
STOKI,6538,33,NOTE,263,36135,text,0,1,0,
STOKI,6538,34,NOTE,263,21801,text,0,1,0,
STOKI,6538,37,PROPS,263,36136,text,32,1,0,
STOKI,6538,37,NOTE,263,36328,text,0,1,0,
STOKI,6543,1,PROPS,263,36130,text,32,1,0,
STOKI,6543,1,NOTE,263,7650,text,0,1,0,
STOKI,6543,3,PROPS,263,43737,text,30,1,0,
STOKI,6543,3,NOTE,263,43739,text,0,1,0,
STOKI,6543,5,PROPS,263,38516,text,34,1,0,
STOKI,6543,5,NOTE,263,21753,text,0,1,0,
STOKI,6543,8,NOTE,263,36095,text,0,1,0,
STOKI,6543,11,NOTE,263,34900,text,0,1,0,
STOKI,6543,12,NOTE,263,21786,text,0,1,0,
STOKI,6543,14,NOTE,263,35892,text,0,1,0,
STOKI,6543,17,NOTE,263,34934,text,0,1,0,
STOKI,6543,20,NOTE,263,34701,text,0,1,0,
STOKI,6543,23,NOTE,263,34697,text,0,1,0,
STOKI,6543,24,NOTE,263,19865,text,16,1,0,
STOKI,6543,26,PROPS,263,23432,text,38,1,0,
STOKI,6543,26,NOTE,263,21291,text,0,1,0,
STOKI,6543,29,PROPS,263,35907,text,38,1,0,
STOKI,6543,29,NOTE,263,20349,text,0,1,0,
STOKI,6543,32,NOTE,263,35912,text,0,1,0,
STOKI,6543,35,PROPS,263,36364,text,36,1,0,
STOKI,6543,35,NOTE,263,36365,text,0,1,0,
STOKI,6543,38,PROPS,263,35917,text,36,1,0,
STOKI,6543,38,NOTE,263,21771,text,0,1,0,
STOKI,6543,41,PROPS,263,36368,text,34,1,0,
STOKI,6543,41,NOTE,263,35918,text,0,1,0,
STOKI,6543,43,PROPS,263,18643,text,39,1,0,
STOKI,6543,43,NOTE,263,18647,text,0,1,0,
STOKI,6545,1,NOTE,263,15333,text,0,1,0,
STOKI,6545,2,PROPS,263,21751,text,43,1,0,
STOKI,6545,2,NOTE,263,35920,text,0,1,0,
STOKI,6545,5,PROPS,263,35921,text,42,1,0,
STOKI,6545,5,NOTE,263,21992,text,0,1,0,
STOKI,6545,6,NOTE,263,22017,text,0,1,0,
STOKI,6545,7,NOTE,263,21300,text,76,1,0,
STOKI,6545,8,PROPS,263,35919,text,43,1,0,
STOKI,6545,8,NOTE,263,21287,text,0,1,0,
STOKI,6545,9,NOTE,263,21798,text,3,1,0,
STOKI,6545,11,PROPS,263,20360,text,41,1,0,
STOKI,6545,11,NOTE,263,20362,text,0,1,0,
STOKI,6545,12,NOTE,263,31572,text,0,1,0,
STOKI,6545,14,PROPS,263,18198,text,33,1,0,
STOKI,6545,14,NOTE,263,36369,text,0,1,0,
STOKI,6545,17,PROPS,263,35923,text,32,1,0,
STOKI,6545,17,NOTE,263,22004,text,0,1,0,
STOKI,6545,19,NOTE,263,29426,text,38,1,0,
STOKI,6545,22,NOTE,263,21796,text,3,1,0,
STOKI,6545,23,NOTE,263,12463,text,66,1,0,
STOKI,6545,27,NOTE,263,19864,text,66,1,0,
STOKI,6545,30,NOTE,263,37569,text,35,1,0,
STOKI,6545,32,NOTE,263,9344,text,0,1,0,
STOKI,6545,34,NOTE,263,41609,text,16,1,0,
STOKI,6545,35,NOTE,263,21758,text,0,1,0,
STOKI,6564,0,NOTE,263,21553,text,22,1,0,
STOKI,6564,2,NOTE,263,22228,text,43,1,0,
STOKI,6564,8,NOTE,263,22234,text,43,1,0,
STOKI,6564,11,NOTE,263,21795,text,3,1,0,
STOKI,6564,14,NOTE,263,22240,text,26,1,0,
STOKI,6564,16,NOTE,263,22242,text,60,1,0,
STOKI,6564,18,NOTE,263,22244,text,55,1,0,
STOKI,6564,20,NOTE,263,21767,text,34,1,0,
STOKI,6564,21,NOTE,263,41625,text,34,1,0,
STOKI,6564,22,NOTE,263,21793,text,3,1,0,
STOKI,6564,23,NOTE,263,41616,text,32,1,0,
STOKI,6564,24,NOTE,263,41620,text,29,1,0,
STOKI,6564,26,NOTE,263,41632,text,39,1,0,
STOKI,6564,27,NOTE,263,41631,text,12,1,0,
STOKI,6567,1,PROPS,263,13643,text,30,1,0,
STOKI,6567,1,NOTE,263,18926,text,0,1,0,
STOKI,6567,2,NOTE,263,22255,text,58,1,0,
STOKI,6567,7,NOTE,263,22472,text,48,1,0,
STOKI,6567,9,NOTE,263,22474,text,17,1,0,
STOKI,6567,11,NOTE,263,17482,text,5,1,0,
STOKI,6567,13,PROPS,263,35644,text,47,1,0,
STOKI,6567,13,NOTE,263,35645,text,54,1,0,
STOKI,6567,15,PROPS,263,41390,text,48,1,0,
STOKI,6567,15,NOTE,263,39949,text,0,1,0,
STOKI,6567,16,NOTE,263,21797,text,3,1,0,
STOKI,6567,20,NOTE,263,21991,text,3,1,0,
STOKI,6567,22,NOTE,263,40156,text,20,1,0,
STOKI,6567,23,NOTE,263,19146,text,37,1,0,
STOKI,6567,24,NOTE,263,20569,text,37,1,0,
STOKI,6567,25,NOTE,263,41854,text,16,1,0,
STOKI,6567,27,NOTE,263,22003,text,0,1,0,
STOKI,6567,28,NOTE,263,19154,text,27,1,0,
STOKI,6567,29,NOTE,263,19157,text,27,1,0,
STOKI,5854,0,NOTE,263,11017,text,57,1,0,
STOKI,5854,3,NOTE,263,22498,text,0,1,0,
STOKI,5854,5,NOTE,263,37792,text,53,1,0,
STOKI,5854,6,NOTE,263,19636,text,0,1,0,
STOKI,5854,7,NOTE,263,19392,text,20,1,0,
STOKI,5854,10,NOTE,263,37793,text,0,1,0,
STOKI,5854,12,NOTE,263,37795,text,74,1,0,
STOKI,5854,15,NOTE,263,37796,text,74,1,0,
STOKI,5854,18,NOTE,263,20584,text,0,1,0,
STOKI,5854,21,NOTE,263,35399,text,0,1,0,
STOKI,5854,25,NOTE,263,37798,text,56,1,0,
STOKI,5854,27,NOTE,263,37790,text,76,1,0,
STOKI,5854,28,NOTE,263,22734,text,29,1,0,
STOKI,5854,32,NOTE,263,37799,text,29,1,0,
STOKI,5854,33,NOTE,263,22724,text,76,1,0,
STOKI,5854,35,NOTE,263,22709,text,0,1,0,
STOKI,5854,37,NOTE,263,37797,text,60,1,0,
STOKI,6017,0,NOTE,263,22741,text,68,1,0,
STOKI,6017,1,NOTE,263,30626,text,0,1,0,
STOKI,6017,3,NOTE,263,22946,text,53,1,0,
STOKI,6017,4,NOTE,263,35393,text,0,1,0,
STOKI,6017,7,NOTE,263,22950,text,47,1,0,
STOKI,6017,10,NOTE,263,22953,text,29,1,0,
STOKI,6017,13,NOTE,263,22956,text,63,1,0,
STOKI,6017,19,NOTE,263,25138,text,0,1,0,
STOKI,6017,30,NOTE,263,34921,text,0,1,0,
STOKI,6017,32,NOTE,263,30901,text,0,1,0,
STOKI,6017,37,NOTE,263,34915,text,0,1,0,
STOKI,6017,39,NOTE,263,31852,text,0,1,0,
STOKI,6017,43,NOTE,263,22745,text,0,1,0,
STOKI,6017,45,NOTE,263,22739,text,19,1,0,
STOKI,6017,50,NOTE,263,22967,text,0,1,0,
STOKI,6017,51,NOTE,263,34924,text,0,1,0,
STOKI,6017,53,NOTE,263,20094,text,14,1,0,
STOKI,6505,0,NOTE,263,22973,text,0,1,0,
STOKI,6505,3,NOTE,263,23185,text,21,1,0,
STOKI,6505,5,NOTE,263,18203,text,0,1,0,
STOKI,6505,7,NOTE,263,17945,text,0,1,0,
STOKI,6505,9,NOTE,263,26092,text,0,1,0,
STOKI,6505,12,NOTE,263,22972,text,0,1,0,
STOKI,6505,13,NOTE,263,26331,text,0,1,0,
STOKI,6505,15,NOTE,263,27525,text,0,1,0,
STOKI,6505,17,NOTE,263,34929,text,0,1,0,
STOKI,6505,19,NOTE,263,34935,text,0,1,0,
STOKI,6505,21,NOTE,263,34947,text,0,1,0,
STOKI,6505,23,NOTE,263,22975,text,8,1,0,
STOKI,6505,24,NOTE,263,34955,text,0,1,0,
STOKI,6505,26,NOTE,263,34962,text,0,1,0,
STOKI,6505,29,NOTE,263,22992,text,0,1,0,
STOKI,6505,31,NOTE,263,23213,text,18,1,0,
STOKI,6505,33,NOTE,263,34965,text,0,1,0,
STOKI,6505,35,NOTE,263,34969,text,0,1,0,
STOKI,6505,37,NOTE,263,34975,text,0,1,0,
STOKI,6510,0,NOTE,263,25134,text,0,1,0,
STOKI,6510,1,NOTE,263,34976,text,0,1,0,
STOKI,6510,2,NOTE,263,25599,text,0,1,0,
STOKI,6510,4,NOTE,263,25614,text,0,1,0,
STOKI,6510,5,NOTE,263,22955,text,0,1,0,
STOKI,6510,7,NOTE,263,22990,text,24,1,0,
STOKI,6510,9,NOTE,263,23184,text,37,1,0,
STOKI,6510,11,NOTE,263,17950,text,0,1,0,
STOKI,6510,13,NOTE,263,22747,text,0,1,0,
STOKI,6510,16,NOTE,263,23208,text,0,1,0,
STOKI,6510,18,NOTE,263,23194,text,12,1,0,
STOKI,6510,20,NOTE,263,23203,text,33,1,0,
STOKI,6510,22,NOTE,263,23210,text,45,1,0,
STOKI,6510,24,NOTE,263,23211,text,17,1,0,
STOKI,6510,26,NOTE,263,23215,text,22,1,0,
STOKI,6510,27,NOTE,263,35192,text,0,1,0,
STOKI,6510,28,NOTE,263,23217,text,24,1,0,
STOKI,6510,30,NOTE,263,23219,text,17,1,0,
STOKI,6510,32,NOTE,263,23221,text,13,1,0,
STOKI,6510,34,NOTE,263,35146,text,0,1,0,
STOKI,6510,36,NOTE,263,35148,text,0,1,0,
STOKI,6515,0,NOTE,263,35156,text,0,1,0,
STOKI,6515,1,NOTE,263,11972,text,37,1,0,
STOKI,6515,2,NOTE,263,23222,text,25,1,0,
STOKI,6515,5,PROPS,263,23664,text,34,1,0,
STOKI,6515,5,NOTE,263,23665,text,18,1,0,
STOKI,6515,7,NOTE,263,35166,text,0,1,0,
STOKI,6515,9,NOTE,263,35170,text,0,1,0,
STOKI,6515,11,NOTE,263,4817,text,0,1,0,
STOKI,6515,13,NOTE,263,23223,text,29,1,0,
STOKI,6515,15,NOTE,263,20097,text,0,1,0,
STOKI,6515,16,NOTE,263,22257,text,20,1,0,
STOKI,6515,17,NOTE,263,35178,text,0,1,0,
STOKI,6515,19,NOTE,263,35184,text,0,1,0,
STOKI,6515,22,NOTE,263,23230,text,0,1,0,
STOKI,6515,25,NOTE,263,23428,text,0,1,0,
STOKI,6515,26,NOTE,263,23436,text,0,1,0,
STOKI,6515,30,NOTE,263,35193,text,0,1,0,
STOKI,6515,32,NOTE,263,23233,text,6,1,0,
STOKI,6515,34,NOTE,263,7895,text,9,1,0,
STOKI,6515,36,PROPS,263,6719,text,44,1,0,
STOKI,6515,36,NOTE,263,6723,text,0,1,0,
STOKI,6515,39,PROPS,263,23699,text,43,1,0,
STOKI,6515,39,NOTE,263,35197,text,0,1,0,
STOKI,6515,41,NOTE,263,35213,text,0,1,0,
STOKI,6579,0,NOTE,263,35216,text,0,1,0,
STOKI,6579,1,NOTE,263,23675,text,31,1,0,
STOKI,6579,5,NOTE,263,22731,text,53,1,0,
STOKI,6579,6,PROPS,263,22721,text,42,1,0,
STOKI,6579,6,NOTE,263,17237,text,0,1,0,
STOKI,6579,7,NOTE,263,6974,text,20,1,0,
STOKI,6579,9,PROPS,263,23908,text,41,1,0,
STOKI,6579,9,NOTE,263,24186,text,0,1,0,
STOKI,6579,10,NOTE,263,18438,text,36,1,0,
STOKI,6579,12,NOTE,263,7197,text,20,1,0,
STOKI,6579,13,PROPS,263,41352,text,41,1,0,
STOKI,6579,13,NOTE,263,41350,text,0,1,0,
STOKI,6579,15,NOTE,263,6977,text,12,1,0,
STOKI,6579,16,PROPS,263,23451,text,53,1,0,
STOKI,6579,18,NOTE,263,36361,text,14,1,0,
STOKI,6579,20,PROPS,263,23919,text,40,1,0,
STOKI,6579,22,NOTE,263,7209,text,28,1,0,
STOKI,6579,26,NOTE,263,35893,text,20,1,0,
STOKI,6579,28,NOTE,263,30865,text,0,1,0,
STOKI,6579,30,NOTE,263,30863,text,0,1,0,
STOKI,6579,32,NOTE,263,30859,text,0,1,0,
STOKI,6579,35,NOTE,263,23934,text,87,1,0,
STOKI,6579,37,NOTE,263,27515,text,0,1,0,
STOKI,6579,39,NOTE,263,30619,text,0,1,0,
STOKI,6625,2,NOTE,263,23698,text,0,1,0,
STOKI,6625,3,NOTE,263,28470,text,0,1,0,
STOKI,6625,4,NOTE,263,30621,text,0,1,0,
STOKI,6625,6,NOTE,263,24148,text,0,1,0,
STOKI,6625,8,NOTE,263,30855,text,0,1,0,
STOKI,6625,10,NOTE,263,30637,text,0,1,0,
STOKI,6625,12,NOTE,263,24150,text,21,1,0,
STOKI,6625,14,NOTE,263,24152,text,21,1,0,
STOKI,6625,16,NOTE,263,24154,text,21,1,0,
STOKI,6625,18,NOTE,263,24156,text,21,1,0,
STOKI,6625,20,NOTE,263,24158,text,21,1,0,
STOKI,6625,22,NOTE,263,24160,text,21,1,0,
STOKI,6625,24,NOTE,263,34944,text,0,1,0,
STOKI,6625,26,NOTE,263,34950,text,0,1,0,
STOKI,6625,28,NOTE,263,18414,text,0,1,0,
STOKI,6625,30,NOTE,263,30887,text,0,1,0,
STOKI,6625,32,PROPS,263,24170,text,31,1,0,
STOKI,6625,32,NOTE,263,34979,text,0,1,0,
STOKI,6625,35,NOTE,263,24173,text,0,1,0,
STOKI,6625,37,NOTE,263,30851,text,0,1,0,
STOKI,6625,39,NOTE,263,24177,text,21,1,0,
STOKI,6625,41,NOTE,263,24179,text,21,1,0,
STOKI,6625,43,NOTE,263,35139,text,0,1,0,
STOKI,6635,0,NOTE,263,24886,text,0,1,0,
STOKI,6635,1,NOTE,263,30127,text,0,1,0,
STOKI,6635,2,NOTE,263,35396,text,0,1,0,
STOKI,6635,3,NOTE,263,30618,text,0,1,0,
STOKI,6635,5,NOTE,263,25112,text,0,1,0,
STOKI,6635,6,NOTE,263,35400,text,0,1,0,
STOKI,6635,7,NOTE,263,35145,text,0,1,0,
STOKI,6635,8,NOTE,263,35416,text,0,1,0,
STOKI,6635,14,NOTE,263,24391,text,47,1,0,
STOKI,6635,16,NOTE,263,29884,text,0,1,0,
STOKI,6635,17,NOTE,263,35174,text,0,1,0,
STOKI,6635,19,NOTE,263,24393,text,0,1,0,
STOKI,6635,20,NOTE,263,24166,text,0,1,0,
STOKI,6635,22,NOTE,263,30640,text,0,1,0,
STOKI,6635,24,NOTE,263,30643,text,0,1,0,
STOKI,6635,27,NOTE,263,24404,text,7,1,0,
STOKI,6635,29,NOTE,263,35180,text,0,1,0,
STOKI,6635,32,PROPS,263,24409,text,22,1,0,
STOKI,6635,32,NOTE,263,23447,text,0,1,0,
STOKI,6635,34,PROPS,263,36598,text,22,1,0,
STOKI,6635,34,NOTE,263,19126,text,0,1,0,
STOKI,6635,36,NOTE,263,24413,text,5,1,0,
STOKI,6635,38,NOTE,263,24415,text,16,1,0,
STOKI,6635,39,NOTE,263,32038,text,0,1,0,
STOKI,6638,1,NOTE,263,24420,text,53,1,0,
STOKI,6638,2,NOTE,263,30140,text,0,1,0,
STOKI,6638,3,NOTE,263,26564,text,0,1,0,
STOKI,6638,4,NOTE,263,29681,text,0,1,0,
STOKI,6638,5,NOTE,263,31571,text,0,1,0,
STOKI,6638,7,PROPS,263,24623,text,30,1,0,
STOKI,6638,7,NOTE,263,29419,text,0,1,0,
STOKI,6638,8,PROPS,263,17960,text,27,1,0,
STOKI,6638,8,NOTE,263,23917,text,0,1,0,
STOKI,6638,9,NOTE,263,22706,text,6,1,0,
STOKI,6638,11,PROPS,263,31107,text,34,1,0,
STOKI,6638,11,NOTE,263,24627,text,0,1,0,
STOKI,6638,14,PROPS,263,38513,text,35,1,0,
STOKI,6638,14,NOTE,263,24630,text,0,1,0,
STOKI,6638,17,PROPS,263,24869,text,35,1,0,
STOKI,6638,17,NOTE,263,24633,text,0,1,0,
STOKI,6638,18,NOTE,263,24629,text,5,1,0,
STOKI,6638,20,PROPS,263,24658,text,35,1,0,
STOKI,6638,20,NOTE,263,24636,text,0,1,0,
STOKI,6638,22,NOTE,263,14382,text,0,1,0,
STOKI,6638,24,NOTE,263,42091,text,0,1,0,
STOKI,6638,25,NOTE,263,27760,text,0,1,0,
STOKI,6638,27,NOTE,263,31804,text,0,1,0,
STOKI,6638,28,NOTE,263,31801,text,0,1,0,
STOKI,6638,29,NOTE,263,24647,text,0,1,0,
STOKI,6638,32,NOTE,263,18693,text,0,1,0,
STOKI,6638,34,NOTE,263,31797,text,0,1,0,
STOKI,6638,36,NOTE,263,21079,text,0,1,0,
STOKI,6647,0,NOTE,263,18443,text,0,1,0,
STOKI,6647,1,NOTE,263,24643,text,6,1,0,
STOKI,6647,3,NOTE,263,18448,text,0,1,0,
STOKI,6647,4,NOTE,263,24858,text,5,1,0,
STOKI,6647,5,NOTE,263,24640,text,10,1,0,
STOKI,6647,6,NOTE,263,18663,text,0,1,0,
STOKI,6647,7,NOTE,263,22993,text,0,1,0,
STOKI,6647,8,NOTE,263,31115,text,0,1,0,
STOKI,6647,10,NOTE,263,31813,text,0,1,0,
STOKI,6647,12,NOTE,263,24865,text,34,1,0,
STOKI,6647,14,NOTE,263,25122,text,0,1,0,
STOKI,6647,16,NOTE,263,26800,text,0,1,0,
STOKI,6647,18,NOTE,263,26804,text,0,1,0,
STOKI,6647,20,NOTE,263,26808,text,0,1,0,
STOKI,6647,22,NOTE,263,31814,text,0,1,0,
STOKI,6647,24,NOTE,263,31818,text,0,1,0,
STOKI,6647,26,NOTE,263,31822,text,0,1,0,
STOKI,6647,28,NOTE,263,31826,text,0,1,0,
STOKI,6647,29,NOTE,263,31830,text,0,1,0,
STOKI,6647,31,NOTE,263,31827,text,0,1,0,
STOKI,6647,33,NOTE,263,28229,text,0,1,0,
STOKI,6647,34,NOTE,263,28233,text,0,1,0,
STOKI,6647,36,NOTE,263,24891,text,26,1,0,
STOKI,6655,1,PROPS,263,24893,text,26,1,0,
STOKI,6655,2,NOTE,263,24188,text,0,1,0,
STOKI,6655,3,NOTE,263,28472,text,0,1,0,
STOKI,6655,4,NOTE,263,7220,text,0,1,0,
STOKI,6655,6,NOTE,263,30657,text,0,1,0,
STOKI,6655,7,NOTE,263,25100,text,33,1,0,
STOKI,6655,8,NOTE,263,23441,text,16,1,0,
STOKI,6655,9,NOTE,263,20596,text,0,1,0,
STOKI,6655,11,NOTE,263,24184,text,0,1,0,
STOKI,6655,12,NOTE,263,30661,text,0,1,0,
STOKI,6655,13,NOTE,263,30651,text,0,1,0,
STOKI,6655,16,NOTE,263,25110,text,0,1,0,
STOKI,6655,19,NOTE,263,35154,text,0,1,0,
STOKI,6655,21,NOTE,263,25109,text,0,1,0,
STOKI,6655,23,NOTE,263,25117,text,23,1,0,
STOKI,6655,26,NOTE,263,26565,text,31,1,0,
STOKI,6655,29,NOTE,263,35420,text,15,1,0,
STOKI,6655,32,NOTE,263,25126,text,22,1,0,
STOKI,6655,34,NOTE,263,25128,text,27,1,0,
STOKI,6655,36,PROPS,263,25130,text,31,1,0,
STOKI,6655,36,NOTE,263,30627,text,0,1,0,
STOKI,6655,38,NOTE,263,36118,text,0,1,0,
STOKI,6655,40,NOTE,263,36847,text,0,1,0,
STOKI,6658,1,NOTE,263,25105,text,34,1,0,
STOKI,6658,2,NOTE,263,7438,text,44,1,0,
STOKI,6658,3,NOTE,263,28476,text,0,1,0,
STOKI,6658,4,NOTE,263,23694,text,0,1,0,
STOKI,6658,5,NOTE,263,22713,text,40,1,0,
STOKI,6658,6,NOTE,263,28710,text,0,1,0,
STOKI,6658,7,NOTE,263,19639,text,10,1,0,
STOKI,6658,9,NOTE,263,25342,text,17,1,0,
STOKI,6658,11,NOTE,263,29190,text,0,1,0,
STOKI,6658,12,NOTE,263,29191,text,0,1,0,
STOKI,6658,13,PROPS,263,25344,text,29,1,0,
STOKI,6658,13,NOTE,263,20798,text,0,1,0,
STOKI,6658,14,NOTE,263,31079,text,0,1,0,
STOKI,6658,17,PROPS,263,41386,text,18,1,0,
STOKI,6658,17,NOTE,263,25350,text,0,1,0,
STOKI,6658,19,NOTE,263,21063,text,20,1,0,
STOKI,6658,20,NOTE,263,25349,text,20,1,0,
STOKI,6658,21,NOTE,263,21065,text,43,1,0,
STOKI,6658,24,NOTE,263,25356,text,12,1,0,
STOKI,6658,26,NOTE,263,25359,text,10,1,0,
STOKI,6658,27,NOTE,263,37783,text,0,1,0,
STOKI,6658,29,PROPS,263,19603,text,42,1,0,
STOKI,6658,29,NOTE,263,31347,text,0,1,0,
STOKI,6658,31,NOTE,263,246,text,0,1,0,
STOKI,6774,0,NOTE,263,29654,text,31,1,0,
STOKI,6774,2,NOTE,263,25574,text,34,1,0,
STOKI,6774,4,NOTE,263,25576,text,29,1,0,
STOKI,6774,6,NOTE,263,25578,text,22,1,0,
STOKI,6774,8,NOTE,263,25580,text,25,1,0,
STOKI,6774,10,NOTE,263,25582,text,43,1,0,
STOKI,6774,12,NOTE,263,25584,text,43,1,0,
STOKI,6774,14,NOTE,263,25586,text,26,1,0,
STOKI,6774,17,NOTE,263,25589,text,58,1,0,
STOKI,6774,19,PROPS,263,20595,text,22,1,0,
STOKI,6774,19,NOTE,263,25352,text,0,1,0,
STOKI,6774,20,NOTE,263,35134,text,0,1,0,
STOKI,6774,21,NOTE,263,34919,text,0,1,0,
STOKI,6774,23,NOTE,263,26330,text,0,1,0,
STOKI,6774,24,NOTE,263,34923,text,0,1,0,
STOKI,6774,25,NOTE,263,26326,text,0,1,0,
STOKI,6774,27,NOTE,263,26321,text,0,1,0,
STOKI,6774,29,NOTE,263,27521,text,0,1,0,
STOKI,6774,31,NOTE,263,34926,text,0,1,0,
STOKI,6774,33,NOTE,263,34932,text,0,1,0,
STOKI,6774,35,NOTE,263,34938,text,0,1,0,
STOKI,6778,0,NOTE,263,34972,text,0,1,0,
STOKI,6778,1,NOTE,263,35149,text,0,1,0,
STOKI,6778,2,NOTE,263,34978,text,0,1,0,
STOKI,6778,3,NOTE,263,35152,text,0,1,0,
STOKI,6778,4,NOTE,263,35158,text,0,1,0,
STOKI,6778,5,NOTE,263,20081,text,23,1,0,
STOKI,6778,7,NOTE,263,25818,text,23,1,0,
STOKI,6778,10,NOTE,263,25821,text,31,1,0,
STOKI,6778,13,NOTE,263,25824,text,89,1,0,
STOKI,6778,14,NOTE,263,25820,text,24,1,0,
STOKI,6778,15,PROPS,263,25823,text,35,1,0,
STOKI,6778,15,NOTE,263,31113,text,0,1,0,
STOKI,6778,17,PROPS,263,25828,text,35,1,0,
STOKI,6778,17,NOTE,263,25858,text,0,1,0,
STOKI,6778,19,NOTE,263,25830,text,24,1,0,
STOKI,6778,20,NOTE,263,21534,text,0,1,0,
STOKI,6778,21,NOTE,263,35140,text,0,1,0,
STOKI,6778,22,NOTE,263,34936,text,0,1,0,
STOKI,6778,24,NOTE,263,25615,text,0,1,0,
STOKI,6778,25,NOTE,263,34916,text,0,1,0,
STOKI,6778,26,NOTE,263,29433,text,0,1,0,
STOKI,6778,27,NOTE,263,30635,text,0,1,0,
STOKI,6792,0,PROPS,263,27037,text,29,1,0,
STOKI,6792,0,NOTE,263,20838,text,0,1,0,
STOKI,6792,2,PROPS,263,35640,text,22,1,0,
STOKI,6792,2,NOTE,263,37316,text,0,1,0,
STOKI,6792,4,PROPS,263,37320,text,33,1,0,
STOKI,6792,4,NOTE,263,21078,text,0,1,0,
STOKI,6792,5,NOTE,263,29683,text,0,1,0,
STOKI,6792,6,NOTE,263,25854,text,0,1,0,
STOKI,6792,7,NOTE,263,27516,text,0,1,0,
STOKI,6792,8,PROPS,263,20561,text,29,1,0,
STOKI,6792,8,NOTE,263,31092,text,0,1,0,
STOKI,6792,10,NOTE,263,29685,text,0,1,0,
STOKI,6792,11,PROPS,263,18422,text,37,1,0,
STOKI,6792,11,NOTE,263,35878,text,0,1,0,
STOKI,6792,13,NOTE,263,21779,text,0,1,0,
STOKI,6792,14,PROPS,263,24650,text,28,1,0,
STOKI,6792,14,NOTE,263,6749,text,0,1,0,
STOKI,6792,15,PROPS,263,20581,text,30,1,0,
STOKI,6792,15,NOTE,263,24654,text,0,1,0,
STOKI,6792,16,NOTE,263,21998,text,51,1,0,
STOKI,6792,17,NOTE,263,25846,text,0,1,0,
STOKI,6792,20,NOTE,263,26069,text,52,1,0,
STOKI,6792,21,PROPS,263,23461,text,29,1,0,
STOKI,6792,21,NOTE,263,30625,text,0,1,0,
STOKI,6792,24,PROPS,263,26074,text,22,1,0,
STOKI,6792,24,NOTE,263,29435,text,0,1,0,
STOKI,6792,27,PROPS,263,26077,text,27,1,0,
STOKI,6792,27,NOTE,263,8145,text,0,1,0,
STOKI,6891,5,NOTE,263,47566,text,47,1,0,
STOKI,6891,6,NOTE,263,9593,text,21,1,0,
STOKI,6891,7,NOTE,263,30846,text,18,1,0,
STOKI,6892,3,NOTE,263,28471,text,53,1,0,
STOKI,6892,4,NOTE,263,26562,text,38,1,0,
STOKI,6894,4,NOTE,263,31808,text,34,1,0,
STOKI,6894,5,NOTE,263,39714,text,33,1,0,
STOKI,6894,6,NOTE,263,27990,text,25,1,0,
STOKI,6894,7,NOTE,263,27998,text,28,1,0,
STOKI,6894,14,NOTE,263,35419,text,22,1,0,
STOKI,6894,24,NOTE,263,34216,text,40,1,0,
STOKI,6894,25,NOTE,263,34218,text,40,1,0,
STOKI,6895,4,NOTE,263,27032,text,56,1,0,
STOKI,6895,7,NOTE,263,40411,text,49,1,0,
STOKI,6895,14,NOTE,263,41615,text,16,1,0,
STOKI,6895,18,NOTE,263,41626,text,34,1,0,
STOKI,6895,19,NOTE,263,41617,text,32,1,0,
STOKI,6895,20,NOTE,263,41621,text,29,1,0,
STOKI,6895,21,NOTE,263,41374,text,12,1,0,
STOKI,6897,0,NOTE,263,29192,text,25,1,0,
STOKI,6897,1,NOTE,263,21542,text,32,1,0,
STOKI,6897,2,NOTE,263,9107,text,14,1,0,
STOKI,6897,3,NOTE,263,27279,text,4,1,0,
STOKI,6897,4,NOTE,263,9114,text,14,1,0,
STOKI,6897,9,NOTE,263,18648,text,36,1,0,
STOKI,6897,11,NOTE,263,28468,text,18,1,0,
STOKI,6897,22,NOTE,263,37328,text,17,1,0,
STOKI,6897,24,NOTE,263,31836,text,20,1,0,
STOKI,6897,25,NOTE,263,31838,text,20,1,0,
STOKI,6897,27,NOTE,263,31839,text,20,1,0,
STOKI,6899,0,NOTE,263,31840,text,12,1,0,
STOKI,6899,1,NOTE,263,27512,text,14,1,0,
STOKI,6899,2,NOTE,263,31843,text,20,1,0,
STOKI,6899,19,NOTE,263,34925,text,14,1,0,
STOKI,6900,3,NOTE,263,35144,text,13,1,0,
STOKI,6900,4,NOTE,263,35153,text,25,1,0,
STOKI,6900,5,NOTE,263,2432,text,18,1,0,
STOKI,6900,6,NOTE,263,35191,text,6,1,0,
STOKI,6900,7,NOTE,263,35194,text,9,1,0,
STOKI,6900,14,NOTE,263,26560,text,16,1,0,
STOKI,6900,17,NOTE,263,31111,text,40,1,0,
STOKI,6900,18,NOTE,263,27756,text,44,1,0,
STOKI,6900,20,NOTE,263,27751,text,0,1,0,
STOKI,6902,5,NOTE,263,36608,text,18,1,0,
STOKI,6902,6,NOTE,263,42095,text,20,1,0,
STOKI,6902,12,NOTE,263,24873,text,31,1,0,
STOKI,6902,13,NOTE,263,31076,text,19,1,0,
STOKI,6902,17,NOTE,263,47592,text,24,1,0,
STOKI,6902,18,NOTE,263,31831,text,29,1,0,
STOKI,6902,19,NOTE,263,28717,text,25,1,0,
STOKI,6902,20,NOTE,263,47597,text,26,1,0,
STOKI,6902,21,NOTE,263,47601,text,26,1,0,
STOKI,6902,22,NOTE,263,28958,text,24,1,0,
STOKI,6902,23,NOTE,263,30617,text,27,1,0,
STOKI,6902,24,NOTE,263,34217,text,25,1,0,
STOKI,6903,0,NOTE,263,34459,text,26,1,0,
STOKI,6903,1,NOTE,263,47596,text,33,1,0,
STOKI,6903,2,NOTE,263,47603,text,27,1,0,
STOKI,6903,3,NOTE,263,39478,text,27,1,0,
STOKI,6903,4,NOTE,263,27997,text,25,1,0,
STOKI,6903,5,NOTE,263,28000,text,28,1,0,
STOKI,6903,6,NOTE,263,28001,text,27,1,0,
STOKI,6903,8,NOTE,263,31850,text,76,1,0,
STOKI,6903,9,NOTE,263,28230,text,76,1,0,
STOKI,6903,10,NOTE,263,28234,text,68,1,0,
STOKI,6903,11,NOTE,263,31853,text,57,1,0,
STOKI,6903,12,NOTE,263,35381,text,53,1,0,
STOKI,6903,13,NOTE,263,35386,text,53,1,0,
STOKI,6903,14,NOTE,263,35388,text,68,1,0,
STOKI,6903,15,NOTE,263,35392,text,36,1,0,
STOKI,6903,16,NOTE,263,35394,text,74,1,0,
STOKI,6903,17,NOTE,263,35398,text,60,1,0,
STOKI,6903,18,NOTE,263,35401,text,56,1,0,
STOKI,6903,19,NOTE,263,35404,text,29,1,0,
STOKI,6903,20,NOTE,263,35406,text,29,1,0,
STOKI,6903,21,NOTE,263,35408,text,47,1,0,
STOKI,6903,22,NOTE,263,19605,text,29,1,0,
STOKI,6903,23,NOTE,263,35410,text,40,1,0,
STOKI,6904,0,NOTE,263,35412,text,40,1,0,
STOKI,6904,1,NOTE,263,35414,text,63,1,0,
STOKI,6904,2,NOTE,263,35417,text,15,1,0,
STOKI,6904,5,NOTE,263,14832,text,40,1,0,
STOKI,6904,6,NOTE,263,18181,text,51,1,0,
STOKI,6904,7,NOTE,263,37785,text,63,1,0,
STOKI,6904,16,NOTE,263,28467,text,34,1,0,
STOKI,6904,20,NOTE,263,46400,text,37,1,0,
STOKI,6906,11,NOTE,263,22484,text,0,1,0,
STOKI,6906,13,NOTE,263,27281,text,45,1,0,
STOKI,6906,14,NOTE,263,32059,text,17,1,0,
STOKI,6907,3,NOTE,263,36857,text,40,1,0,
STOKI,6907,4,NOTE,263,44464,text,40,1,0,
STOKI,6908,4,NOTE,263,40415,text,49,1,0,
STOKI,6908,11,NOTE,263,41866,text,39,1,0,
STOKI,6908,14,NOTE,263,17704,text,20,1,0,
STOKI,6908,16,NOTE,263,29186,text,25,1,0,
STOKI,6908,17,NOTE,263,29188,text,20,1,0,
STOKI,6908,18,NOTE,263,32268,text,25,1,0,
STOKI,6908,19,NOTE,263,27277,text,32,1,0,
STOKI,6908,20,NOTE,263,29184,text,16,1,0,
STOKI,6908,22,NOTE,263,9117,text,21,1,0,
STOKI,6908,25,NOTE,263,30162,text,26,1,0,
STOKI,6910,0,NOTE,263,30165,text,20,1,0,
STOKI,6910,7,NOTE,263,7927,text,64,1,0,
STOKI,6910,10,NOTE,263,41388,text,29,1,0,
STOKI,6910,14,NOTE,263,26567,text,37,1,0,
STOKI,6910,15,NOTE,263,25113,text,45,1,0,
STOKI,6910,16,NOTE,263,18182,text,48,1,0,
STOKI,6910,17,NOTE,263,35382,text,52,1,0,
STOKI,6910,21,NOTE,263,13634,text,26,1,0,
STOKI,7040,1,PROPS,263,23671,text,35,1,0,
STOKI,7040,2,PROPS,263,26083,text,29,1,0,
STOKI,7040,3,PROPS,263,26084,text,22,1,0,
STOKI,7040,5,PROPS,263,29640,text,27,1,0,
STOKI,7040,6,NOTE,263,17453,text,27,1,0,
STOKI,7040,7,PROPS,263,17455,text,26,1,0,
STOKI,7040,8,PROPS,263,17478,text,32,1,0,
STOKI,7040,9,PROPS,263,17486,text,33,1,0,
STOKI,7040,17,PROPS,263,21307,text,0,1,0,
STOKI,7040,17,NOTE,263,21533,text,23,1,0,
STOKI,7040,21,PROPS,263,27274,text,37,1,0,
STOKI,7040,21,NOTE,263,27275,text,0,1,0,
STOKI,7040,22,PROPS,263,26089,text,34,1,0,
STOKI,7040,22,NOTE,263,26090,text,0,1,0,
STOKI,7040,25,PROPS,263,29659,text,43,1,0,
STOKI,7040,25,NOTE,263,29660,text,0,1,0,
STOKI,7040,28,PROPS,263,29662,text,0,1,0,
STOKI,7040,28,NOTE,263,29663,text,0,1,0,
STOKI,7040,31,PROPS,263,29665,text,0,1,0,
STOKI,7040,31,NOTE,263,29666,text,26,1,0,
STOKI,7040,32,PROPS,263,20587,text,0,1,0,
STOKI,7040,32,NOTE,263,20588,text,22,1,0,
STOKI,7040,35,PROPS,263,29669,text,36,1,0,
STOKI,7040,35,NOTE,263,29670,text,0,1,0,
STOKI,7040,38,PROPS,263,29672,text,43,1,0,
STOKI,7040,38,NOTE,263,29673,text,0,1,0,
STOKI,6915,0,PROPS,263,23924,text,34,1,0,
STOKI,6915,0,NOTE,263,23925,text,0,1,0,
STOKI,6915,3,PROPS,263,29876,text,34,1,0,
STOKI,6915,3,NOTE,263,29877,text,0,1,0,
STOKI,6915,6,PROPS,263,29879,text,0,1,0,
STOKI,6915,6,NOTE,263,29880,text,0,1,0,
STOKI,6915,7,PROPS,263,24388,text,0,1,0,
STOKI,6915,7,NOTE,263,24396,text,0,1,0,
STOKI,6915,8,PROPS,263,23921,text,39,1,0,
STOKI,6915,8,NOTE,263,23927,text,0,1,0,
STOKI,6915,13,PROPS,263,29886,text,33,1,0,
STOKI,6915,13,NOTE,263,29887,text,0,1,0,
STOKI,6915,16,PROPS,263,29885,text,35,1,0,
STOKI,6915,16,NOTE,263,29889,text,0,1,0,
STOKI,6915,19,PROPS,263,29892,text,37,1,0,
STOKI,6915,19,NOTE,263,29893,text,0,1,0,
STOKI,6915,22,PROPS,263,29895,text,43,1,0,
STOKI,6915,22,NOTE,263,29896,text,0,1,0,
STOKI,6915,25,PROPS,263,29898,text,37,1,0,
STOKI,6915,25,NOTE,263,29899,text,0,1,0,
STOKI,6915,28,PROPS,263,29901,text,36,1,0,
STOKI,6915,28,NOTE,263,29902,text,0,1,0,
STOKI,6915,31,PROPS,263,22722,text,36,1,0,
STOKI,6915,31,NOTE,263,29904,text,0,1,0,
STOKI,6915,35,PROPS,263,29907,text,32,1,0,
STOKI,6915,35,NOTE,263,29909,text,0,1,0,
STOKI,6915,38,PROPS,263,29911,text,35,1,0,
STOKI,6915,38,NOTE,263,29912,text,0,1,0,
STOKI,6915,41,PROPS,263,29914,text,28,1,0,
STOKI,6915,41,NOTE,263,29915,text,0,1,0,
STOKI,6915,44,PROPS,263,29917,text,28,1,0,
STOKI,6915,44,NOTE,263,29918,text,0,1,0,
STOKI,6932,0,PROPS,263,29920,text,35,1,0,
STOKI,6932,0,NOTE,263,29921,text,0,1,0,
STOKI,6932,3,PROPS,263,30115,text,0,1,0,
STOKI,6932,3,NOTE,263,30116,text,0,1,0,
STOKI,6932,6,PROPS,263,30118,text,36,1,0,
STOKI,6932,6,NOTE,263,30119,text,0,1,0,
STOKI,6932,10,PROPS,263,30121,text,41,1,0,
STOKI,6932,10,NOTE,263,30123,text,0,1,0,
STOKI,6932,12,PROPS,263,24399,text,38,1,0,
STOKI,6932,12,NOTE,263,24401,text,0,1,0,
STOKI,6932,16,PROPS,263,30128,text,0,1,0,
STOKI,6932,16,NOTE,263,30129,text,36,1,0,
STOKI,6932,19,PROPS,263,30131,text,26,1,0,
STOKI,6932,19,NOTE,263,30132,text,0,1,0,
STOKI,6932,22,PROPS,263,30134,text,32,1,0,
STOKI,6932,22,NOTE,263,30135,text,0,1,0,
STOKI,6932,25,PROPS,263,30137,text,0,1,0,
STOKI,6932,25,NOTE,263,30138,text,25,1,0,
STOKI,6932,29,NOTE,263,30141,text,0,1,0,
STOKI,6932,31,PROPS,263,30142,text,39,1,0,
STOKI,6932,31,NOTE,263,30144,text,0,1,0,
STOKI,6932,32,NOTE,263,19645,text,0,1,0,
STOKI,6932,35,PROPS,263,30147,text,48,1,0,
STOKI,6932,35,NOTE,263,30148,text,0,1,0,
STOKI,6932,38,PROPS,263,30150,text,0,1,0,
STOKI,6932,38,NOTE,263,30151,text,0,1,0,
STOKI,6932,39,PROPS,263,25371,text,33,1,0,
STOKI,6932,39,NOTE,263,25372,text,0,1,0,
STOKI,6932,42,PROPS,263,30154,text,27,1,0,
STOKI,6932,42,NOTE,263,30155,text,0,1,0,
STOKI,6942,0,PROPS,263,30157,text,34,1,0,
STOKI,6942,0,NOTE,263,30158,text,0,1,0,
STOKI,6942,3,PROPS,263,30354,text,0,1,0,
STOKI,6942,3,NOTE,263,30355,text,0,1,0,
STOKI,6942,6,PROPS,263,30357,text,29,1,0,
STOKI,6942,6,NOTE,263,30358,text,0,1,0,
STOKI,6942,9,PROPS,263,30360,text,29,1,0,
STOKI,6942,9,NOTE,263,30361,text,0,1,0,
STOKI,6942,12,PROPS,263,30363,text,29,1,0,
STOKI,6942,12,NOTE,263,30364,text,0,1,0,
STOKI,6942,15,PROPS,263,30366,text,40,1,0,
STOKI,6942,15,NOTE,263,30367,text,0,1,0,
STOKI,6942,18,PROPS,263,30369,text,22,1,0,
STOKI,6942,18,NOTE,263,30370,text,0,1,0,
STOKI,6942,21,PROPS,263,30372,text,36,1,0,
STOKI,6942,21,NOTE,263,30373,text,0,1,0,
STOKI,6942,25,PROPS,263,30375,text,36,1,0,
STOKI,6942,25,NOTE,263,30377,text,0,1,0,
STOKI,6942,29,PROPS,263,30379,text,46,1,0,
STOKI,6942,29,NOTE,263,30381,text,0,1,0,
STOKI,6942,32,PROPS,263,30383,text,29,1,0,
STOKI,6942,32,NOTE,263,30384,text,0,1,0,
STOKI,6942,33,PROPS,263,23689,text,0,1,0,
STOKI,6942,33,NOTE,263,23690,text,0,1,0,
STOKI,6942,37,PROPS,263,30388,text,0,1,0,
STOKI,6942,37,NOTE,263,30389,text,0,1,0,
STOKI,6942,40,PROPS,263,30391,text,29,1,0,
STOKI,6942,40,NOTE,263,30392,text,0,1,0,
STOKI,6942,43,PROPS,263,30394,text,29,1,0,
STOKI,6942,43,NOTE,263,30395,text,0,1,0,
STOKI,6942,47,PROPS,263,30397,text,29,1,0,
STOKI,6942,47,NOTE,263,30399,text,0,1,0,
STOKI,6942,51,PROPS,263,30401,text,29,1,0,
STOKI,6942,51,NOTE,263,30403,text,0,1,0,
STOKI,6956,0,PROPS,263,30405,text,29,1,0,
STOKI,6956,0,NOTE,263,30406,text,0,1,0,
STOKI,6956,3,PROPS,263,30593,text,29,1,0,
STOKI,6956,3,NOTE,263,30594,text,0,1,0,
STOKI,6956,6,PROPS,263,23685,text,29,1,0,
STOKI,6956,6,NOTE,263,30596,text,0,1,0,
STOKI,6956,9,PROPS,263,23684,text,0,1,0,
STOKI,6956,9,NOTE,263,30599,text,0,1,0,
STOKI,6956,12,PROPS,263,30602,text,38,1,0,
STOKI,6956,12,NOTE,263,30603,text,0,1,0,
STOKI,6956,15,PROPS,263,30605,text,0,1,0,
STOKI,6956,15,NOTE,263,30606,text,44,1,0,
STOKI,6956,17,PROPS,263,30600,text,30,1,0,
STOKI,6956,17,NOTE,263,30608,text,0,1,0,
STOKI,6956,21,PROPS,263,30611,text,0,1,0,
STOKI,6956,21,NOTE,263,30612,text,0,1,0,
STOKI,6956,24,PROPS,263,24390,text,30,1,0,
STOKI,6956,24,NOTE,263,24406,text,0,1,0,
STOKI,7048,57,NOTE,263,23682,text,0,1,0,
STOKI,7048,71,NOTE,263,32039,text,48,1,0,
STOKI,7048,72,NOTE,263,27276,text,32,1,0,
STOKI,7048,73,NOTE,263,24657,text,0,1,0,
STOKI,7048,74,NOTE,263,37048,text,0,1,0,
STOKI,7048,75,NOTE,263,27278,text,0,1,0,
STOKI,7048,76,NOTE,263,27286,text,0,1,0,
STOKI,7048,77,NOTE,263,32030,text,0,1,0,
STOKI,7048,78,NOTE,263,37060,text,0,1,0,
STOKI,7048,79,NOTE,263,37309,text,0,1,0,
STOKI,7057,0,NOTE,263,39484,text,0,1,0,
STOKI,7057,1,NOTE,263,44477,text,0,1,0,
STOKI,7057,4,NOTE,263,7933,text,0,1,0,
STOKI,7057,7,NOTE,263,35885,text,0,1,0,
STOKI,7057,8,NOTE,263,35868,text,0,1,0,
STOKI,7057,15,PROPS,263,31084,text,34,1,0,
STOKI,7057,15,NOTE,263,31806,text,0,1,0,
STOKI,7057,16,NOTE,263,38958,text,0,1,0,
STOKI,7057,17,PROPS,263,29675,text,0,1,0,
STOKI,7057,17,NOTE,263,29676,text,0,1,0,
STOKI,7057,18,NOTE,263,31594,text,0,1,0,
STOKI,7057,24,NOTE,263,23679,text,34,1,0,
STOKI,7057,26,NOTE,263,23425,text,0,1,0,
STOKI,7057,27,NOTE,263,33493,text,0,1,0,
STOKI,7057,29,NOTE,263,31592,text,0,1,0,
STOKI,7077,2,NOTE,263,31310,text,41,1,0,
STOKI,7077,5,NOTE,263,31313,text,22,1,0,
STOKI,7077,7,NOTE,263,31315,text,27,1,0,
STOKI,7077,8,NOTE,263,43760,text,0,1,0,
STOKI,7077,12,NOTE,263,31800,text,0,1,0,
STOKI,7077,13,NOTE,263,31320,text,45,1,0,
STOKI,7077,15,PROPS,263,31323,text,30,1,0,
STOKI,7077,15,NOTE,263,31091,text,0,1,0,
STOKI,7077,16,NOTE,263,32310,text,0,1,0,
STOKI,7077,18,PROPS,263,31326,text,28,1,0,
STOKI,7077,18,NOTE,263,29924,text,0,1,0,
STOKI,7077,19,PROPS,263,30866,text,33,1,0,
STOKI,7077,22,PROPS,263,31330,text,28,1,0,
STOKI,7077,22,NOTE,263,22012,text,0,1,0,
STOKI,7077,23,PROPS,263,23467,text,20,1,0,
STOKI,7077,23,NOTE,263,30872,text,0,1,0,
STOKI,7077,29,PROPS,263,31336,text,39,1,0,
STOKI,7077,29,NOTE,263,31337,text,0,1,0,
STOKI,7077,31,NOTE,263,31339,text,30,1,0,
STOKI,7077,33,PROPS,263,31341,text,32,1,0,
STOKI,7077,33,NOTE,263,35854,text,0,1,0,
STOKI,7090,0,NOTE,263,27753,text,0,1,0,
STOKI,7090,2,PROPS,263,31549,text,20,1,0,
STOKI,7090,2,NOTE,263,31554,text,0,1,0,
STOKI,7090,9,NOTE,263,37570,text,22,1,0,
STOKI,7090,12,PROPS,263,27750,text,0,1,0,
STOKI,7090,12,NOTE,263,27754,text,0,1,0,
STOKI,7090,15,PROPS,263,29927,text,0,1,0,
STOKI,7090,15,NOTE,263,31106,text,0,1,0,
STOKI,7090,16,PROPS,263,23681,text,0,1,0,
STOKI,7090,16,NOTE,263,23688,text,0,1,0,
STOKI,7090,17,PROPS,263,22725,text,0,1,0,
STOKI,7090,17,NOTE,263,22728,text,0,1,0,
STOKI,7090,21,PROPS,263,31567,text,30,1,0,
STOKI,7090,21,NOTE,263,31568,text,0,1,0,
STOKI,7090,33,NOTE,263,31580,text,22,1,0,
STOKI,7090,34,NOTE,263,31579,text,14,1,0,
STOKI,7090,36,NOTE,263,31583,text,16,1,0,
STOKI,7090,37,NOTE,263,18446,text,0,1,0,
STOKI,7090,39,NOTE,263,31586,text,34,1,0,
STOKI,7090,40,NOTE,263,32078,text,0,1,0,
STOKI,7100,0,NOTE,263,30864,text,0,1,0,
STOKI,7100,2,NOTE,263,31788,text,39,1,0,
STOKI,7100,3,PROPS,263,26558,text,41,1,0,
STOKI,7100,3,NOTE,263,35424,text,0,1,0,
STOKI,7100,4,NOTE,263,37566,text,0,1,0,
STOKI,7100,5,NOTE,263,26566,text,0,1,0,
STOKI,7100,6,NOTE,263,35385,text,0,1,0,
STOKI,7100,7,NOTE,263,23914,text,0,1,0,
STOKI,7100,9,NOTE,263,31795,text,38,1,0,
STOKI,7100,48,NOTE,263,35855,text,0,1,0,
STOKI,7100,50,NOTE,263,26570,text,0,1,0,
STOKI,7118,0,NOTE,263,35858,text,0,1,0,
STOKI,7118,3,NOTE,263,35647,text,0,1,0,
STOKI,7118,5,NOTE,263,29185,text,16,1,0,
STOKI,7118,6,NOTE,263,35384,text,0,1,0,
STOKI,7118,7,NOTE,263,35649,text,0,1,0,
STOKI,7118,8,NOTE,263,22262,text,31,1,0,
STOKI,7118,10,NOTE,263,33494,text,0,1,0,
STOKI,7118,15,PROPS,263,17488,text,43,1,0,
STOKI,7118,20,NOTE,263,6980,text,0,1,0,
STOKI,7118,22,NOTE,263,35432,text,0,1,0,
STOKI,7118,24,NOTE,263,35650,text,0,1,0,
STOKI,7118,31,NOTE,263,40160,text,23,1,0,
STOKI,7118,34,NOTE,263,25375,text,0,1,0,
STOKI,7118,41,NOTE,263,32065,text,17,1,0,
STOKI,7118,43,NOTE,263,37806,text,0,1,0,
STOKI,6446,1,NOTE,263,32313,text,0,1,0,
STOKI,6446,8,NOTE,263,38744,text,0,1,0,
STOKI,6446,9,NOTE,263,38747,text,0,1,0,
STOKI,6446,10,NOTE,263,38751,text,0,1,0,
STOKI,6446,11,PROPS,263,32272,text,41,1,0,
STOKI,6446,12,PROPS,263,3147,text,55,1,0,
STOKI,6446,13,PROPS,263,3148,text,44,1,0,
STOKI,6446,14,PROPS,263,3143,text,37,1,0,
STOKI,6446,15,PROPS,263,3383,text,51,1,0,
STOKI,6446,16,PROPS,263,3382,text,51,1,0,
STOKI,6446,18,PROPS,263,32282,text,51,1,0,
STOKI,6446,20,PROPS,263,32284,text,55,1,0,
STOKI,6446,21,PROPS,263,3385,text,33,1,0,
STOKI,6446,22,PROPS,263,3384,text,51,1,0,
STOKI,6446,24,PROPS,263,32288,text,49,1,0,
STOKI,6446,26,PROPS,263,32290,text,61,1,0,
STOKI,6446,27,PROPS,263,3387,text,41,1,0,
STOKI,6446,29,PROPS,263,32293,text,50,1,0,
STOKI,6446,31,PROPS,263,32295,text,41,1,0,
STOKI,6446,33,PROPS,263,32297,text,28,1,0,
STOKI,7173,0,PROPS,263,32299,text,35,1,0,
STOKI,7173,2,PROPS,263,32505,text,37,1,0,
STOKI,7173,4,PROPS,263,32507,text,35,1,0,
STOKI,7173,6,PROPS,263,32509,text,61,1,0,
STOKI,7173,8,PROPS,263,32511,text,50,1,0,
STOKI,7173,10,PROPS,263,32513,text,59,1,0,
STOKI,7173,12,PROPS,263,32515,text,36,1,0,
STOKI,7173,14,PROPS,263,32517,text,87,1,0,
STOKI,7173,16,PROPS,263,32519,text,60,1,0,
STOKI,7173,17,PROPS,263,3386,text,34,1,0,
STOKI,7173,19,PROPS,263,32522,text,51,1,0,
STOKI,7173,21,PROPS,263,32524,text,42,1,0,
STOKI,7173,23,PROPS,263,32526,text,32,1,0,
STOKI,7173,25,PROPS,263,32528,text,37,1,0,
STOKI,7173,26,PROPS,263,5538,text,51,1,0,
STOKI,7173,29,PROPS,263,32532,text,54,1,0,
STOKI,7173,30,PROPS,263,32531,text,39,1,0,
STOKI,7173,32,PROPS,263,32535,text,69,1,0,
STOKI,7177,0,PROPS,263,32538,text,45,1,0,
STOKI,7177,1,PROPS,263,32537,text,64,1,0,
STOKI,7177,3,PROPS,263,32745,text,50,1,0,
STOKI,7177,5,PROPS,263,32747,text,47,1,0,
STOKI,7177,7,PROPS,263,32749,text,46,1,0,
STOKI,7177,9,PROPS,263,32751,text,49,1,0,
STOKI,7177,11,PROPS,263,32753,text,49,1,0,
STOKI,7177,14,PROPS,263,32756,text,38,1,0,
STOKI,7177,15,PROPS,263,32755,text,34,1,0,
STOKI,7177,17,PROPS,263,32759,text,51,1,0,
STOKI,7177,20,PROPS,263,32762,text,70,1,0,
STOKI,7177,22,PROPS,263,32764,text,34,1,0,
STOKI,7177,24,PROPS,263,32766,text,35,1,0,
STOKI,7177,26,PROPS,263,32768,text,48,1,0,
STOKI,7177,28,PROPS,263,32770,text,43,1,0,
STOKI,7177,30,PROPS,263,32772,text,39,1,0,
STOKI,7177,32,PROPS,263,32774,text,28,1,0,
STOKI,7177,34,PROPS,263,32776,text,29,1,0,
STOKI,7181,0,PROPS,263,32778,text,65,1,0,
STOKI,7181,1,PROPS,263,32779,text,24,1,0,
STOKI,7181,2,PROPS,263,32780,text,36,1,0,
STOKI,7181,3,PROPS,263,32781,text,35,1,0,
STOKI,7181,4,PROPS,263,32782,text,32,1,0,
STOKI,7181,5,PROPS,263,32761,text,42,1,0,
STOKI,7181,7,PROPS,263,32988,text,34,1,0,
STOKI,7181,9,PROPS,263,32990,text,30,1,0,
STOKI,7181,11,PROPS,263,32992,text,32,1,0,
STOKI,7181,13,PROPS,263,32994,text,32,1,0,
STOKI,7181,15,PROPS,263,32996,text,34,1,0,
STOKI,7181,17,PROPS,263,32998,text,27,1,0,
STOKI,7181,20,PROPS,263,33001,text,56,1,0,
STOKI,7181,22,PROPS,263,33003,text,21,1,0,
STOKI,7181,23,PROPS,263,33000,text,32,1,0,
STOKI,7181,24,PROPS,263,3860,text,66,1,0,
STOKI,7181,25,PROPS,263,3617,text,50,1,0,
STOKI,7181,26,PROPS,263,3862,text,49,1,0,
STOKI,7181,27,PROPS,263,3863,text,37,1,0,
STOKI,7181,29,PROPS,263,33010,text,46,1,0,
STOKI,7181,30,PROPS,263,3861,text,46,1,0,
STOKI,7181,31,PROPS,263,3619,text,44,1,0,
STOKI,7183,0,PROPS,263,3620,text,53,1,0,
STOKI,7183,1,PROPS,263,3621,text,53,1,0,
STOKI,7183,3,PROPS,263,33223,text,54,1,0,
STOKI,7183,5,PROPS,263,33225,text,49,1,0,
STOKI,7183,6,PROPS,263,3618,text,45,1,0,
STOKI,7183,8,PROPS,263,33228,text,43,1,0,
STOKI,7183,10,PROPS,263,33230,text,61,1,0,
STOKI,7183,12,PROPS,263,33232,text,50,1,0,
STOKI,7183,14,PROPS,263,33234,text,48,1,0,
STOKI,7183,16,PROPS,263,33236,text,51,1,0,
STOKI,7183,18,PROPS,263,33238,text,59,1,0,
STOKI,7183,20,PROPS,263,33240,text,48,1,0,
STOKI,7183,22,PROPS,263,33242,text,36,1,0,
STOKI,7183,24,PROPS,263,33244,text,61,1,0,
STOKI,7183,26,PROPS,263,33246,text,47,1,0,
STOKI,7183,28,PROPS,263,33248,text,46,1,0,
STOKI,7183,30,PROPS,263,33250,text,43,1,0,
STOKI,7185,0,PROPS,263,33252,text,43,1,0,
STOKI,7185,3,PROPS,263,33462,text,67,1,0,
STOKI,7185,5,PROPS,263,33464,text,43,1,0,
STOKI,7185,7,PROPS,263,33466,text,42,1,0,
STOKI,7185,9,PROPS,263,33468,text,38,1,0,
STOKI,7185,11,PROPS,263,33470,text,38,1,0,
STOKI,7185,12,PROPS,263,33461,text,43,1,0,
STOKI,7185,14,PROPS,263,33473,text,43,1,0,
STOKI,7185,16,PROPS,263,33475,text,50,1,0,
STOKI,7185,18,PROPS,263,33477,text,75,1,0,
STOKI,7185,20,PROPS,263,33479,text,54,1,0,
STOKI,7185,23,PROPS,263,33482,text,37,1,0,
STOKI,7185,25,PROPS,263,33484,text,37,1,0,
STOKI,7185,26,PROPS,263,33481,text,37,1,0,
STOKI,7185,28,PROPS,263,33487,text,33,1,0,
STOKI,7185,30,PROPS,263,33489,text,38,1,0,
STOKI,7187,0,PROPS,263,33491,text,71,1,0,
STOKI,7187,2,PROPS,263,33700,text,67,1,0,
STOKI,7187,3,PROPS,263,4581,text,70,1,0,
STOKI,7187,4,PROPS,263,4819,text,63,1,0,
STOKI,7187,5,PROPS,263,4818,text,40,1,0,
STOKI,7187,6,PROPS,263,5307,text,51,1,0,
STOKI,7187,7,PROPS,263,4820,text,50,1,0,
STOKI,7187,8,PROPS,263,4583,text,49,1,0,
STOKI,7187,10,PROPS,263,33708,text,50,1,0,
STOKI,7187,13,PROPS,263,33711,text,63,1,0,
STOKI,7187,15,PROPS,263,33713,text,68,1,0,
STOKI,7187,17,PROPS,263,33715,text,42,1,0,
STOKI,7187,19,PROPS,263,33717,text,72,1,0,
STOKI,7187,21,PROPS,263,33719,text,85,1,0,
STOKI,7187,23,PROPS,263,33721,text,59,1,0,
STOKI,7187,24,PROPS,263,33710,text,50,1,0,
STOKI,7187,26,PROPS,263,33724,text,47,1,0,
STOKI,7187,29,PROPS,263,33727,text,64,1,0,
STOKI,7187,30,PROPS,263,33726,text,47,1,0,
STOKI,7189,0,PROPS,263,33730,text,43,1,0,
STOKI,7189,3,PROPS,263,33940,text,64,1,0,
STOKI,7189,4,PROPS,263,33939,text,45,1,0,
STOKI,7189,6,PROPS,263,33943,text,52,1,0,
STOKI,7189,9,PROPS,263,33946,text,74,1,0,
STOKI,7189,11,PROPS,263,33948,text,78,1,0,
STOKI,7189,13,PROPS,263,33950,text,74,1,0,
STOKI,7189,15,PROPS,263,33952,text,72,1,0,
STOKI,7189,16,PROPS,263,33945,text,88,1,0,
STOKI,7189,18,PROPS,263,33955,text,85,1,0,
STOKI,7189,20,PROPS,263,33957,text,87,1,0,
STOKI,7189,23,PROPS,263,33960,text,91,1,0,
STOKI,7189,25,PROPS,263,33962,text,74,1,0,
STOKI,7189,27,PROPS,263,33964,text,78,1,0,
STOKI,7189,30,PROPS,263,33967,text,91,1,0,
STOKI,7192,0,PROPS,263,33970,text,91,1,0,
STOKI,7192,3,PROPS,263,34179,text,82,1,0,
STOKI,7192,6,PROPS,263,34182,text,69,1,0,
STOKI,7192,8,PROPS,263,34184,text,56,1,0,
STOKI,7192,10,PROPS,263,34186,text,38,1,0,
STOKI,7192,12,PROPS,263,34188,text,47,1,0,
STOKI,7192,14,PROPS,263,34190,text,36,1,0,
STOKI,7192,16,PROPS,263,34192,text,25,1,0,
STOKI,7192,17,PROPS,263,4341,text,26,1,0,
STOKI,7192,18,PROPS,263,4342,text,23,1,0,
STOKI,7192,19,PROPS,263,4343,text,28,1,0,
STOKI,7192,20,PROPS,263,4344,text,28,1,0,
STOKI,7192,21,PROPS,263,4345,text,24,1,0,
STOKI,7192,23,PROPS,263,34199,text,35,1,0,
STOKI,7192,25,PROPS,263,34201,text,32,1,0,
STOKI,7192,27,PROPS,263,34203,text,33,1,0,
STOKI,7192,29,PROPS,263,34205,text,37,1,0,
STOKI,7192,31,PROPS,263,34207,text,48,1,0,
STOKI,7192,32,PROPS,263,4346,text,35,1,0,
STOKI,7194,0,PROPS,263,34210,text,35,1,0,
STOKI,7194,2,PROPS,263,34417,text,32,1,0,
STOKI,7194,4,PROPS,263,34419,text,43,1,0,
STOKI,7194,6,PROPS,263,34421,text,50,1,0,
STOKI,7194,8,PROPS,263,34423,text,44,1,0,
STOKI,7194,9,PROPS,263,4340,text,34,1,0,
STOKI,7194,11,PROPS,263,34426,text,26,1,0,
STOKI,7194,13,PROPS,263,34428,text,31,1,0,
STOKI,7194,15,PROPS,263,34430,text,34,1,0,
STOKI,7194,17,PROPS,263,34432,text,53,1,0,
STOKI,7194,19,PROPS,263,34434,text,42,1,0,
STOKI,7194,20,PROPS,263,4584,text,30,1,0,
STOKI,7194,22,PROPS,263,34437,text,34,1,0,
STOKI,7194,24,PROPS,263,34439,text,25,1,0,
STOKI,7194,26,PROPS,263,34441,text,39,1,0,
STOKI,7194,28,PROPS,263,34443,text,42,1,0,
STOKI,7194,29,PROPS,263,4100,text,38,1,0,
STOKI,7194,30,PROPS,263,4101,text,38,1,0,
STOKI,7194,31,PROPS,263,4102,text,45,1,0,
STOKI,7196,0,PROPS,263,4103,text,41,1,0,
STOKI,7196,2,PROPS,263,34656,text,43,1,0,
STOKI,7196,4,PROPS,263,34658,text,41,1,0,
STOKI,7196,6,PROPS,263,34660,text,38,1,0,
STOKI,7196,8,PROPS,263,34662,text,53,1,0,
STOKI,7196,10,PROPS,263,34664,text,48,1,0,
STOKI,7196,12,PROPS,263,34666,text,38,1,0,
STOKI,7196,13,PROPS,263,4099,text,35,1,0,
STOKI,7196,16,PROPS,263,34670,text,37,1,0,
STOKI,7196,18,PROPS,263,34672,text,35,1,0,
STOKI,7196,20,PROPS,263,34674,text,32,1,0,
STOKI,7196,21,PROPS,263,34669,text,31,1,0,
STOKI,7196,23,PROPS,263,34677,text,39,1,0,
STOKI,7196,25,PROPS,263,34679,text,24,1,0,
STOKI,7196,27,PROPS,263,34681,text,22,1,0,
STOKI,7196,29,PROPS,263,34683,text,23,1,0,
STOKI,7196,31,PROPS,263,34685,text,26,1,0,
STOKI,7196,33,PROPS,263,34687,text,49,1,0,
STOKI,7198,0,PROPS,263,34689,text,39,1,0,
STOKI,7198,2,PROPS,263,34895,text,36,1,0,
STOKI,7198,3,PROPS,263,4582,text,48,1,0,
STOKI,7198,5,PROPS,263,34898,text,45,1,0,
STOKI,7218,18,NOTE,263,35157,text,0,1,0,
STOKI,7218,70,NOTE,263,35376,text,0,1,0,
STOKI,7218,84,NOTE,263,24875,text,0,1,0,
STOKI,7218,89,NOTE,263,35221,text,22,1,0,
STOKI,7232,0,NOTE,263,35415,text,0,1,0,
STOKI,7232,3,NOTE,263,35933,text,0,1,0,
STOKI,7232,5,NOTE,263,22509,text,0,1,0,
STOKI,7232,7,NOTE,263,35374,text,31,1,0,
STOKI,7232,50,NOTE,263,35421,text,15,1,0,
STOKI,7232,56,NOTE,263,22252,text,0,1,0,
STOKI,7252,3,NOTE,263,22239,text,0,1,0,
STOKI,7252,25,PROPS,263,35635,text,46,1,0,
STOKI,7252,25,NOTE,263,7446,text,0,1,0,
STOKI,7252,31,NOTE,263,9348,text,0,1,0,
STOKI,7252,32,NOTE,263,37568,text,0,1,0,
STOKI,7254,2,NOTE,263,30870,text,35,1,0,
STOKI,7254,7,PROPS,263,26322,text,30,1,0,
STOKI,7254,80,NOTE,263,35928,text,89,1,0,
STOKI,7254,82,NOTE,263,35931,text,81,1,0,
STOKI,7306,9,PROPS,263,36097,text,53,1,0,
STOKI,7306,11,PROPS,263,36099,text,53,1,0,
STOKI,7306,13,NOTE,263,36101,text,35,1,0,
STOKI,7306,14,NOTE,263,36117,text,0,1,0,
STOKI,7306,17,NOTE,263,28228,text,0,1,0,
STOKI,7306,20,NOTE,263,35160,text,30,1,0,
STOKI,7306,24,NOTE,263,37565,text,47,1,0,
STOKI,7306,27,NOTE,263,36820,text,0,1,0,
STOKI,7306,33,NOTE,263,36121,text,38,1,0,
STOKI,7326,5,NOTE,263,29908,text,0,1,0,
STOKI,7326,7,NOTE,263,18419,text,31,1,0,
STOKI,7326,10,NOTE,263,20106,text,29,1,0,
STOKI,7326,12,NOTE,263,27033,text,56,1,0,
STOKI,7326,14,NOTE,263,27035,text,28,1,0,
STOKI,7326,15,NOTE,263,36341,text,28,1,0,
STOKI,7326,18,PROPS,263,36345,text,32,1,0,
STOKI,7326,23,NOTE,263,36350,text,89,1,0,
STOKI,7326,25,NOTE,263,36352,text,52,1,0,
STOKI,7326,26,NOTE,263,44480,text,0,1,0,
STOKI,7326,28,NOTE,263,36355,text,51,1,0,
STOKI,7326,30,NOTE,263,36357,text,76,1,0,
STOKI,7326,32,NOTE,263,37781,text,0,1,0,
STOKI,7342,0,NOTE,263,30880,text,0,1,0,
STOKI,7342,1,NOTE,263,37099,text,0,1,0,
STOKI,7342,2,NOTE,263,44481,text,0,1,0,
STOKI,7342,4,NOTE,263,39455,text,0,1,0,
STOKI,7342,7,NOTE,263,36573,text,20,1,0,
STOKI,7342,8,NOTE,263,36570,text,131,1,0,
STOKI,7342,11,NOTE,263,36577,text,131,1,0,
STOKI,7342,12,NOTE,263,36576,text,10,1,0,
STOKI,7342,13,NOTE,263,37129,text,0,1,0,
STOKI,7342,15,NOTE,263,37527,text,13,1,0,
STOKI,7342,17,NOTE,263,36583,text,6,1,0,
STOKI,7342,18,NOTE,263,40648,text,0,1,0,
STOKI,7342,20,NOTE,263,36586,text,13,1,0,
STOKI,7342,22,NOTE,263,36588,text,19,1,0,
STOKI,7342,24,NOTE,263,36590,text,25,1,0,
STOKI,7342,26,NOTE,263,40673,text,19,1,0,
STOKI,7342,28,NOTE,263,36594,text,18,1,0,
STOKI,7342,29,PROPS,263,18885,text,30,1,0,
STOKI,7342,30,PROPS,263,18895,text,28,1,0,
STOKI,7342,30,NOTE,263,22485,text,0,1,0,
STOKI,7352,1,PROPS,263,36600,text,28,1,0,
STOKI,7352,1,NOTE,263,18189,text,0,1,0,
STOKI,7352,2,NOTE,263,22507,text,0,1,0,
STOKI,7352,3,PROPS,263,18903,text,41,1,0,
STOKI,7352,3,NOTE,263,18204,text,0,1,0,
STOKI,7352,4,PROPS,263,36601,text,30,1,0,
STOKI,7352,4,NOTE,263,17477,text,0,1,0,
STOKI,7352,7,NOTE,263,29427,text,16,1,0,
STOKI,7352,10,NOTE,263,36815,text,44,1,0,
STOKI,7352,11,NOTE,263,41392,text,0,1,0,
STOKI,7356,6,NOTE,263,37050,text,33,1,0,
STOKI,7356,14,NOTE,263,37110,text,0,1,0,
STOKI,7356,48,NOTE,263,37092,text,81,1,0,
STOKI,7356,50,NOTE,263,37094,text,30,1,0,
STOKI,7356,53,NOTE,263,37097,text,30,1,0,
STOKI,7356,64,NOTE,263,37114,text,0,1,0,
STOKI,7356,68,NOTE,263,37124,text,34,1,0,
STOKI,7356,80,NOTE,263,37117,text,21,1,0,
STOKI,7394,2,NOTE,263,37128,text,191,1,0,
STOKI,7394,6,NOTE,263,37288,text,21,1,0,
STOKI,7394,21,NOTE,263,37304,text,191,1,0,
STOKI,7394,23,NOTE,263,37310,text,61,1,0,
STOKI,7394,28,NOTE,263,37131,text,17,1,0,
STOKI,7394,30,NOTE,263,37564,text,0,1,0,
STOKI,7635,8,NOTE,263,31812,text,8,1,0,
STOKI,7635,17,NOTE,263,37327,text,0,1,0,
STOKI,7635,18,NOTE,263,37563,text,7,1,0,
STOKI,7635,20,NOTE,263,37535,text,0,1,0,
STOKI,7635,23,NOTE,263,37545,text,20,1,0,
STOKI,7635,26,NOTE,263,37525,text,0,1,0,
STOKI,7635,37,PROPS,263,37559,text,36,1,0,
STOKI,7672,8,NOTE,263,39209,text,0,1,0,
STOKI,7672,10,NOTE,263,37777,text,19,1,0,
STOKI,7672,11,NOTE,263,39213,text,0,1,0,
STOKI,7672,14,NOTE,263,37774,text,7,1,0,
STOKI,7672,16,NOTE,263,15824,text,17,1,0,
STOKI,7672,18,NOTE,263,37330,text,51,1,0,
STOKI,7672,24,NOTE,263,18907,text,0,1,0,
STOKI,7672,26,NOTE,263,32040,text,0,1,0,
STOKI,7672,29,NOTE,263,19161,text,0,1,0,
STOKI,7672,43,PROPS,263,37804,text,18,1,0,
STOKI,7672,43,NOTE,263,37803,text,0,1,0,
STOKI,7674,4,NOTE,263,38010,text,21,1,0,
STOKI,7674,8,NOTE,263,38007,text,20,1,0,
STOKI,7674,11,NOTE,263,38011,text,20,1,0,
STOKI,7674,17,NOTE,263,38021,text,0,1,0,
STOKI,7674,19,NOTE,263,38008,text,0,1,0,
STOKI,7674,30,NOTE,263,38024,text,0,1,0,
STOKI,7677,4,NOTE,263,21536,text,0,1,0,
STOKI,7677,24,NOTE,263,25835,text,0,1,0,
STOKI,7735,4,NOTE,263,38482,text,21,1,0,
STOKI,7735,6,NOTE,263,37779,text,33,1,0,
STOKI,7735,9,NOTE,263,38487,text,21,1,0,
STOKI,7735,11,NOTE,263,38489,text,51,1,0,
STOKI,7735,13,NOTE,263,37807,text,31,1,0,
STOKI,7735,15,PROPS,263,38493,text,30,1,0,
STOKI,7735,15,NOTE,263,21799,text,0,1,0,
STOKI,7735,18,PROPS,263,38495,text,20,1,0,
STOKI,7735,21,NOTE,263,38510,text,0,1,0,
STOKI,7735,24,PROPS,263,38502,text,30,1,0,
STOKI,7735,25,PROPS,263,32055,text,30,1,0,
STOKI,7735,25,NOTE,263,6256,text,0,1,0,
STOKI,7735,27,PROPS,263,38505,text,28,1,0,
STOKI,7735,30,PROPS,263,38508,text,44,1,0,
STOKI,7735,43,PROPS,263,38521,text,41,1,0,
STOKI,7754,1,NOTE,263,36127,text,36,1,0,
STOKI,7754,3,NOTE,263,9835,text,0,1,0,
STOKI,7754,5,NOTE,263,38726,text,0,1,0,
STOKI,7754,6,NOTE,263,9846,text,29,1,0,
STOKI,7754,15,NOTE,263,38732,text,17,1,0,
STOKI,7754,16,NOTE,263,39713,text,0,1,0,
STOKI,7754,25,NOTE,263,42811,text,0,1,0,
STOKI,7754,30,NOTE,263,25601,text,48,1,0,
STOKI,7754,34,NOTE,263,37106,text,0,1,0,
STOKI,7801,0,NOTE,263,38961,text,0,1,0,
STOKI,7801,22,NOTE,263,38755,text,37,1,0,
STOKI,7801,23,PROPS,263,38756,text,27,1,0,
STOKI,7801,29,NOTE,263,38019,text,34,1,0,
STOKI,7801,34,PROPS,263,38990,text,34,1,0,
STOKI,7801,35,NOTE,263,24879,text,0,1,0,
STOKI,7801,36,PROPS,263,37571,text,35,1,0,
STOKI,7801,37,PROPS,263,25851,text,35,1,0,
STOKI,7836,3,NOTE,263,39198,text,31,1,0,
STOKI,7836,5,NOTE,263,39200,text,19,1,0,
STOKI,7836,12,NOTE,263,31558,text,16,1,0,
STOKI,7836,15,NOTE,263,39210,text,16,1,0,
STOKI,7836,18,NOTE,263,31821,text,0,1,0,
STOKI,7836,19,NOTE,263,39217,text,0,1,0,
STOKI,7836,23,PROPS,263,22508,text,27,1,0,
STOKI,7836,25,PROPS,263,35924,text,33,1,0,
STOKI,7836,29,PROPS,263,39223,text,27,1,0,
STOKI,7863,19,NOTE,263,37534,text,0,1,0,
STOKI,7863,25,NOTE,263,39458,text,30,1,0,
STOKI,7863,32,NOTE,263,37537,text,25,1,0,
STOKI,7870,8,NOTE,263,31333,text,26,1,0,
STOKI,7870,19,NOTE,263,39689,text,14,1,0,
STOKI,7870,27,NOTE,263,39699,text,20,1,0,
STOKI,7875,13,NOTE,263,39918,text,36,1,0,
STOKI,7875,21,NOTE,263,39930,text,40,1,0,
STOKI,7875,25,PROPS,263,22265,text,20,1,0,
STOKI,7885,1,PROPS,263,35418,text,31,1,0,
STOKI,7885,2,NOTE,263,37053,text,53,1,0,
STOKI,7885,5,PROPS,263,39922,text,41,1,0,
STOKI,7885,5,NOTE,263,37544,text,0,1,0,
STOKI,7885,15,NOTE,263,36843,text,10,1,0,
STOKI,7885,26,NOTE,263,38271,text,14,1,0,
STOKI,7862,7,PROPS,263,37057,text,47,1,0,
STOKI,7862,7,NOTE,263,39443,text,54,1,0,
STOKI,7862,13,PROPS,263,40401,text,48,1,0,
STOKI,7862,13,NOTE,263,41395,text,0,1,0,
STOKI,7862,16,PROPS,263,40164,text,29,1,0,
STOKI,7862,18,NOTE,263,40399,text,49,1,0,
STOKI,7862,27,NOTE,263,40417,text,49,1,0,
STOKI,7862,49,PROPS,263,9602,text,32,1,0,
STOKI,7862,52,NOTE,263,40442,text,10,1,0,
STOKI,7931,1,NOTE,263,40184,text,15,1,0,
STOKI,7931,2,NOTE,263,40448,text,56,1,0,
STOKI,7931,3,PROPS,263,31561,text,30,1,0,
STOKI,7931,9,NOTE,263,40636,text,32,1,0,
STOKI,7932,32,NOTE,263,35185,text,10,1,0,
STOKI,7932,34,NOTE,263,20574,text,10,1,0,
STOKI,8461,0,PROPS,263,43057,text,32,1,0,
STOKI,8461,3,PROPS,263,41110,text,26,1,0,
STOKI,8461,4,NOTE,263,37542,text,68,1,0,
STOKI,8461,7,PROPS,263,41114,text,32,1,0,
STOKI,8461,8,NOTE,263,41109,text,48,1,0,
STOKI,8461,19,PROPS,263,21541,text,26,1,0,
STOKI,8461,23,NOTE,263,34949,text,20,1,0,
STOKI,8461,27,NOTE,263,41140,text,0,1,0,
STOKI,8461,31,NOTE,263,41138,text,34,1,0,
STOKI,8461,36,NOTE,263,41143,text,0,1,0,
STOKI,7941,1,NOTE,263,40906,text,58,1,0,
STOKI,7941,2,NOTE,263,36821,text,26,1,0,
STOKI,7941,4,NOTE,263,39227,text,12,1,0,
STOKI,7941,6,NOTE,263,39691,text,48,1,0,
STOKI,7941,8,NOTE,263,41354,text,43,1,0,
STOKI,7941,12,NOTE,263,15789,text,40,1,0,
STOKI,7941,23,NOTE,263,40173,text,20,1,0,
STOKI,7941,50,NOTE,263,41398,text,27,1,0,
STOKI,8555,0,PROPS,263,39920,text,36,1,0,
STOKI,8555,1,NOTE,263,21293,text,0,1,0,
STOKI,8555,5,NOTE,263,41590,text,36,1,0,
STOKI,8555,7,PROPS,263,21776,text,34,1,0,
STOKI,8555,9,PROPS,263,39487,text,48,1,0,
STOKI,8555,11,NOTE,263,41596,text,25,1,0,
STOKI,8555,12,PROPS,263,40194,text,38,1,0,
STOKI,8555,16,PROPS,263,41601,text,28,1,0,
STOKI,8555,18,NOTE,263,22961,text,31,1,0,
STOKI,8555,20,NOTE,263,41605,text,40,1,0,
STOKI,8555,22,NOTE,263,41607,text,41,1,0,
STOKI,8555,25,NOTE,263,41610,text,41,1,0,
STOKI,8555,27,NOTE,263,41612,text,40,1,0,
STOKI,7957,22,NOTE,263,46877,text,0,1,0,
STOKI,7957,26,PROPS,263,20818,text,18,1,0,
STOKI,7957,27,NOTE,263,46882,text,0,1,0,
STOKI,7957,36,NOTE,263,31802,text,25,1,0,
STOKI,7957,37,NOTE,263,41628,text,0,1,0,
STOKI,7957,38,NOTE,263,41864,text,95,1,0,
STOKI,7957,42,NOTE,263,41629,text,19,1,0,
STOKI,7957,44,NOTE,263,39503,text,0,1,0,
STOKI,7961,3,PROPS,263,41870,text,29,1,0,
STOKI,7961,5,PROPS,263,27993,text,32,1,0,
STOKI,7961,7,NOTE,263,38759,text,16,1,0,
STOKI,7963,9,PROPS,263,28469,text,30,1,0,
STOKI,7963,34,NOTE,263,37782,text,0,1,0,
STOKI,7965,10,PROPS,263,42329,text,28,1,0,
STOKI,7965,15,NOTE,263,35901,text,36,1,0,
STOKI,7965,21,PROPS,263,42555,text,28,1,0,
STOKI,7967,4,NOTE,263,42784,text,0,1,0,
STOKI,7967,6,NOTE,263,42789,text,0,1,0,
STOKI,7967,11,NOTE,263,41865,text,31,1,0,
STOKI,7967,16,NOTE,263,38976,text,25,1,0,
STOKI,7967,20,NOTE,263,42800,text,25,1,0,
STOKI,7967,27,NOTE,263,40660,text,0,1,0,
STOKI,7970,5,PROPS,263,31817,text,44,1,0,
STOKI,7970,9,PROPS,263,43027,text,33,1,0,
STOKI,7970,10,PROPS,263,38761,text,29,1,0,
STOKI,7970,19,PROPS,263,43038,text,26,1,0,
STOKI,7970,19,NOTE,263,41121,text,0,1,0,
STOKI,7970,20,PROPS,263,42805,text,27,1,0,
STOKI,7970,22,PROPS,263,39711,text,27,1,0,
STOKI,7970,24,PROPS,263,42803,text,33,1,0,
STOKI,7970,26,PROPS,263,43045,text,46,1,0,
STOKI,7970,29,PROPS,263,43048,text,26,1,0,
STOKI,7970,29,NOTE,263,41122,text,0,1,0,
STOKI,7970,33,PROPS,263,43051,text,26,1,0,
STOKI,8613,1,PROPS,263,39472,text,43,1,0,
STOKI,8613,3,PROPS,263,34953,text,28,1,0,
STOKI,8613,3,NOTE,263,35904,text,0,1,0,
STOKI,8613,6,PROPS,263,41129,text,32,1,0,
STOKI,8613,9,PROPS,263,41592,text,48,1,0,
STOKI,8613,11,NOTE,263,43269,text,26,1,0,
STOKI,8613,15,NOTE,263,43272,text,36,1,0,
STOKI,8613,19,PROPS,263,43277,text,38,1,0,
STOKI,8613,20,PROPS,263,36332,text,30,1,0,
STOKI,8613,21,PROPS,263,41130,text,46,1,0,
STOKI,8613,23,PROPS,263,18916,text,28,1,0,
STOKI,8613,23,NOTE,263,39226,text,0,1,0,
STOKI,8613,25,NOTE,263,21530,text,0,1,0,
STOKI,8613,26,NOTE,263,43266,text,19,1,0,
STOKI,8613,28,PROPS,263,21759,text,35,1,0,
STOKI,8613,29,NOTE,263,7701,text,0,1,0,
STOKI,9312,1,NOTE,263,43292,text,30,1,0,
STOKI,9312,4,PROPS,263,39925,text,28,1,0,
STOKI,9312,4,NOTE,263,39231,text,0,1,0,
STOKI,9312,5,NOTE,263,43505,text,0,1,0,
STOKI,9312,8,NOTE,263,43504,text,30,1,0,
STOKI,9312,10,NOTE,263,43510,text,0,1,0,
STOKI,9312,11,PROPS,263,39469,text,48,1,0,
STOKI,9312,14,PROPS,263,43511,text,34,1,0,
STOKI,9312,15,NOTE,263,42821,text,0,1,0,
STOKI,9312,20,NOTE,263,43517,text,18,1,0,
STOKI,9312,25,NOTE,263,38740,text,57,1,0,
STOKI,9312,27,NOTE,263,40217,text,20,1,0,
STOKI,9312,35,PROPS,263,43532,text,30,1,0,
STOKI,9312,35,NOTE,263,43538,text,0,1,0,
STOKI,9312,45,NOTE,263,43542,text,34,1,0,
STOKI,9530,6,PROPS,263,43742,text,20,1,0,
STOKI,9530,8,NOTE,263,43741,text,19,1,0,
STOKI,9530,10,NOTE,263,43746,text,18,1,0,
STOKI,9530,12,NOTE,263,43748,text,19,1,0,
STOKI,9530,16,NOTE,263,43751,text,18,1,0,
STOKI,9530,18,NOTE,263,43757,text,0,1,0,
STOKI,9530,19,NOTE,263,43754,text,18,1,0,
STOKI,9530,26,NOTE,263,43765,text,0,1,0,
STOKI,9530,31,NOTE,263,43775,text,0,1,0,
STOKI,9530,33,NOTE,263,43772,text,0,1,0,
STOKI,9530,41,NOTE,263,43780,text,0,1,0,
STOKI,9530,49,PROPS,263,43785,text,34,1,0,
STOKI,9530,52,PROPS,263,43788,text,46,1,0,
STOKI,9534,15,NOTE,263,43990,text,26,1,0,
STOKI,9534,20,NOTE,263,44000,text,0,1,0,
STOKI,9534,22,NOTE,263,44003,text,0,1,0,
STOKI,9534,35,NOTE,263,7932,text,0,1,0,
STOKI,9534,39,PROPS,263,44014,text,38,1,0,
STOKI,9534,42,NOTE,263,44017,text,26,1,0,
STOKI,9352,15,NOTE,263,48543,text,0,1,0,
STOKI,9642,35,NOTE,263,42323,text,30,1,0,
STOKI,9642,36,NOTE,263,32035,text,31,1,0,
STOKI,9642,38,NOTE,263,44491,text,31,1,0,
STOKI,9642,40,NOTE,263,44493,text,45,1,0,
STOKI,9642,42,NOTE,263,44495,text,48,1,0,
STOKI,9642,44,NOTE,263,44497,text,52,1,0,
STOKI,9642,46,PROPS,263,44499,text,41,1,0,
STOKI,10403,0,PROPS,263,44501,text,41,1,0,
STOKI,10403,2,PROPS,263,44694,text,41,1,0,
STOKI,10403,3,PROPS,263,39447,text,22,1,0,
STOKI,10403,5,PROPS,263,44697,text,27,1,0,
STOKI,10403,8,PROPS,263,40163,text,33,1,0,
STOKI,10403,10,PROPS,263,39717,text,29,1,0,
STOKI,10403,12,PROPS,263,39923,text,29,1,0,
STOKI,10403,13,PROPS,263,44699,text,29,1,0,
STOKI,10403,16,PROPS,263,39931,text,29,1,0,
STOKI,10403,18,PROPS,263,30122,text,29,1,0,
STOKI,10403,21,PROPS,263,44713,text,37,1,0,
STOKI,10403,23,PROPS,263,44715,text,37,1,0,
STOKI,10403,25,PROPS,263,44717,text,37,1,0,
STOKI,10403,27,PROPS,263,34693,text,37,1,0,
STOKI,10403,29,PROPS,263,44721,text,27,1,0,
STOKI,10403,31,PROPS,263,43276,text,27,1,0,
STOKI,10403,35,PROPS,263,44727,text,33,1,0,
STOKI,10405,0,PROPS,263,38243,text,29,1,0,
STOKI,10405,1,PROPS,263,43281,text,29,1,0,
STOKI,10405,2,PROPS,263,41588,text,29,1,0,
STOKI,10405,7,PROPS,263,44938,text,28,1,0,
STOKI,10405,9,PROPS,263,40871,text,28,1,0,
STOKI,10405,11,PROPS,263,40653,text,30,1,0,
STOKI,10405,12,PROPS,263,40872,text,30,1,0,
STOKI,10405,14,PROPS,263,42562,text,28,1,0,
STOKI,10405,16,PROPS,263,44947,text,28,1,0,
STOKI,10405,19,PROPS,263,44950,text,30,1,0,
STOKI,10405,22,PROPS,263,44953,text,30,1,0,
STOKI,10405,26,PROPS,263,44957,text,31,1,0,
STOKI,10405,28,PROPS,263,44959,text,44,1,0,
STOKI,10405,30,PROPS,263,40675,text,34,1,0,
STOKI,10405,32,PROPS,263,44963,text,30,1,0,
STOKI,10409,1,PROPS,263,44966,text,43,1,0,
STOKI,10409,2,PROPS,263,44967,text,38,1,0,
STOKI,10409,3,PROPS,263,40168,text,39,1,0,
STOKI,10409,4,PROPS,263,40400,text,41,1,0,
STOKI,10409,5,PROPS,263,40419,text,33,1,0,
STOKI,10409,6,PROPS,263,44971,text,24,1,0,
STOKI,10409,7,PROPS,263,39936,text,34,1,0,
STOKI,10409,8,NOTE,263,44973,text,36,1,0,
STOKI,10409,11,PROPS,263,45181,text,35,1,0,
STOKI,10409,13,NOTE,263,45183,text,30,1,0,
STOKI,10409,15,NOTE,263,43524,text,34,1,0,
STOKI,10409,19,NOTE,263,45189,text,30,1,0,
STOKI,10409,21,PROPS,263,45191,text,34,1,0,
STOKI,10409,23,PROPS,263,45193,text,34,1,0,
STOKI,10409,25,PROPS,263,45195,text,32,1,0,
STOKI,10409,27,PROPS,263,39222,text,32,1,0,
STOKI,10409,28,PROPS,263,39679,text,37,1,0,
STOKI,10413,0,PROPS,263,43293,text,37,1,0,
STOKI,10413,3,PROPS,263,45412,text,35,1,0,
STOKI,10413,5,PROPS,263,39700,text,33,1,0,
STOKI,10413,7,NOTE,263,45416,text,25,1,0,
STOKI,10413,9,NOTE,263,45418,text,37,1,0,
STOKI,10413,10,PROPS,263,40159,text,34,1,0,
STOKI,10413,14,PROPS,263,45423,text,36,1,0,
STOKI,10413,16,NOTE,263,45425,text,22,1,0,
STOKI,10413,20,PROPS,263,39942,text,34,1,0,
STOKI,10413,22,PROPS,263,45431,text,28,1,0,
STOKI,10413,24,PROPS,263,45433,text,28,1,0,
STOKI,10413,24,NOTE,263,39242,text,0,1,0,
STOKI,10413,26,PROPS,263,45435,text,26,1,0,
STOKI,10413,27,PROPS,263,43275,text,30,1,0,
STOKI,10413,29,PROPS,263,45438,text,39,1,0,
STOKI,10413,31,NOTE,263,45440,text,36,1,0,
STOKI,10416,0,NOTE,263,33260,text,40,1,0,
STOKI,10416,2,NOTE,263,35141,text,36,1,0,
STOKI,10416,4,PROPS,263,45652,text,20,1,0,
STOKI,10416,6,PROPS,263,45654,text,20,1,0,
STOKI,10416,8,NOTE,263,31095,text,33,1,0,
STOKI,10416,12,NOTE,263,45660,text,20,1,0,
STOKI,10416,15,NOTE,263,35159,text,14,1,0,
STOKI,10461,16,PROPS,263,43526,text,30,1,0,
STOKI,10461,19,PROPS,263,45905,text,28,1,0,
STOKI,10461,25,PROPS,263,45911,text,28,1,0,
STOKI,10471,3,NOTE,263,45917,text,37,1,0,
STOKI,10471,7,NOTE,263,45922,text,48,1,0,
STOKI,10471,16,NOTE,263,46140,text,30,1,0,
STOKI,10471,20,NOTE,263,46145,text,72,1,0,
STOKI,10471,21,PROPS,263,46144,text,27,1,0,
STOKI,10471,22,PROPS,263,39696,text,41,1,0,
STOKI,10471,26,PROPS,263,46150,text,27,1,0,
STOKI,8240,14,NOTE,263,46379,text,46,1,0,
STOKI,8240,22,NOTE,263,46387,text,26,1,0,
STOKI,10692,2,PROPS,263,39707,text,27,1,0,
STOKI,10692,3,PROPS,263,39722,text,33,1,0,
STOKI,10692,11,PROPS,263,42083,text,27,1,0,
STOKI,10692,14,PROPS,263,41858,text,29,1,0,
STOKI,10692,18,PROPS,263,46621,text,27,1,0,
STOKI,10692,21,PROPS,263,46625,text,34,1,0,
STOKI,10692,23,PROPS,263,46627,text,33,1,0,
STOKI,10692,26,PROPS,263,46630,text,28,1,0,
STOKI,10692,28,PROPS,263,40423,text,29,1,0,
STOKI,10692,30,NOTE,263,36858,text,29,1,0,
STOKI,10692,35,NOTE,263,46638,text,31,1,0,
STOKI,10489,14,NOTE,263,39932,text,30,1,0,
STOKI,10489,21,NOTE,263,46859,text,60,1,0,
STOKI,10489,25,NOTE,263,46863,text,72,1,0,
STOKI,10495,2,NOTE,263,46873,text,61,1,0,
STOKI,10495,6,NOTE,263,46875,text,30,1,0,
STOKI,10495,15,NOTE,263,39943,text,31,1,0,
STOKI,10495,20,NOTE,263,47101,text,29,1,0,
STOKI,10495,22,PROPS,263,20807,text,30,1,0,
STOKI,10495,23,PROPS,263,42568,text,28,1,0,
STOKI,10495,25,PROPS,263,43028,text,35,1,0,
STOKI,10495,26,PROPS,263,36115,text,30,1,0,
STOKI,10501,3,PROPS,263,47111,text,26,1,0,
STOKI,10501,6,PROPS,263,42574,text,41,1,0,
STOKI,10501,8,NOTE,263,40402,text,31,1,0,
STOKI,10501,14,PROPS,263,41831,text,30,1,0,
STOKI,10501,18,PROPS,263,41361,text,30,1,0,
STOKI,10501,24,PROPS,263,36126,text,41,1,0,
STOKI,10501,27,PROPS,263,42074,text,28,1,0,
STOKI,10501,32,PROPS,263,43036,text,34,1,0,
STOKI,10501,36,PROPS,263,47356,text,44,1,0,
STOKI,10501,39,PROPS,263,39687,text,30,1,0,
STOKI,10501,40,NOTE,263,47115,text,87,1,0,
STOKI,10805,8,NOTE,263,46401,text,37,1,0,
STOKI,10805,11,NOTE,263,47571,text,28,1,0,
STOKI,10805,18,NOTE,263,41603,text,24,1,0,
STOKI,10805,20,NOTE,263,47580,text,45,1,0,
STOKI,10805,22,NOTE,263,47584,text,54,1,0,
STOKI,10508,1,PROPS,263,28232,text,29,1,0,
STOKI,10508,3,NOTE,263,20105,text,26,1,0,
STOKI,10508,5,PROPS,263,45185,text,26,1,0,
STOKI,10508,7,PROPS,263,45202,text,28,1,0,
STOKI,10508,7,NOTE,263,39245,text,0,1,0,
STOKI,10508,11,PROPS,263,26052,text,38,1,0,
STOKI,10508,15,PROPS,263,40875,text,35,1,0,
STOKI,10508,17,NOTE,263,40877,text,36,1,0,
STOKI,10508,18,PROPS,263,44708,text,36,1,0,
STOKI,10511,2,PROPS,263,44702,text,48,1,0,
STOKI,10511,3,NOTE,263,41366,text,22,1,0,
STOKI,10511,4,PROPS,263,39951,text,18,1,0,
STOKI,10511,5,NOTE,263,25115,text,25,1,0,
STOKI,10511,8,NOTE,263,47113,text,36,1,0,
STOKI,10511,13,NOTE,263,48050,text,22,1,0,
STOKI,10511,15,PROPS,263,48053,text,20,1,0,
STOKI,10511,18,NOTE,263,45920,text,39,1,0,
STOKI,10511,19,NOTE,263,45926,text,32,1,0,
STOKI,10511,24,NOTE,263,48068,text,0,1,0,
STOKI,10511,32,NOTE,263,24638,text,0,1,0,
STOKI,10514,1,PROPS,263,48075,text,27,1,0,
STOKI,10514,2,PROPS,263,48076,text,34,1,0,
STOKI,10514,3,PROPS,263,40637,text,41,1,0,
STOKI,10514,15,NOTE,263,46369,text,47,1,0,
STOKI,10909,3,NOTE,263,48519,text,27,1,0,
STOKI,10909,5,NOTE,263,48521,text,26,1,0,
STOKI,10909,7,NOTE,263,48523,text,25,1,0,
STOKI,10909,10,NOTE,263,48526,text,27,1,0,
STOKI,10909,12,NOTE,263,48528,text,31,1,0,
STOKI,10909,28,PROPS,263,42566,text,30,1,0,
STOKI,10909,31,PROPS,263,48547,text,28,1,0,
STOKI,10909,33,PROPS,263,48549,text,28,1,0,
STOKI,10909,34,PROPS,263,47092,text,35,1,0,
STOKI,10909,36,PROPS,263,46649,text,18,1,0,
STOKI,10946,0,PROPS,263,40177,text,41,1,0,
STOKI,10946,1,PROPS,263,21513,text,29,1,0,
STOKI,10946,3,PROPS,263,46613,text,27,1,0,
STOKI,10946,6,PROPS,263,48761,text,40,1,0,
STOKI,10946,12,NOTE,263,40425,text,8,1,0,
STOKI,10946,13,NOTE,263,47119,text,44,1,0,
STOKI,10946,14,NOTE,263,30842,text,40,1,0,
STOKI_DEF,1662,2,PROPS,264,1255,text,24,1,0,
STOKI_DEF,1662,2,NOTE,264,965,text,0,1,0,
STOKI_DEF,1662,4,PROPS,264,18181,text,24,1,0,
STOKI_DEF,1662,4,NOTE,264,969,text,0,1,0,
STOKI_DEF,1662,6,PROPS,264,1202,text,24,1,0,
STOKI_DEF,1662,6,NOTE,264,973,text,0,1,0,
STOKI_DEF,1662,8,PROPS,264,975,text,22,1,0,
STOKI_DEF,1662,8,NOTE,264,977,text,0,1,0,
STOKI_DEF,1662,10,PROPS,264,967,text,26,1,0,
STOKI_DEF,1662,10,NOTE,264,1201,text,0,1,0,
STOKI_DEF,1662,12,PROPS,264,743,text,20,1,0,
STOKI_DEF,1662,12,NOTE,264,267,text,0,1,0,
STOKI_DEF,1662,14,PROPS,264,504,text,20,1,0,
STOKI_DEF,1662,14,NOTE,264,741,text,0,1,0,
STOKI_DEF,1662,16,PROPS,264,268,text,18,1,0,
STOKI_DEF,1662,16,NOTE,264,742,text,0,1,0,
STOKI_DEF,1662,18,PROPS,264,18432,text,22,1,0,
STOKI_DEF,1662,18,NOTE,264,728,text,0,1,0,
STOKI_DEF,1662,20,PROPS,264,1248,text,29,1,0,
STOKI_DEF,1662,20,NOTE,264,265,text,0,1,0,
STOKI_DEF,1662,22,PROPS,264,1251,text,29,1,0,
STOKI_DEF,1662,22,NOTE,264,491,text,0,1,0,
STOKI_DEF,1662,24,PROPS,264,266,text,29,1,0,
STOKI_DEF,1662,24,NOTE,264,487,text,0,1,0,
STOKI_DEF,1662,26,PROPS,264,1249,text,29,1,0,
STOKI_DEF,1662,26,NOTE,264,1250,text,0,1,0,
STOKI_DEF,1666,0,PROPS,264,493,text,27,1,0,
STOKI_DEF,1666,0,NOTE,264,499,text,0,1,0,
STOKI_DEF,1666,2,PROPS,264,501,text,25,1,0,
STOKI_DEF,1666,2,NOTE,264,240,text,0,1,0,
STOKI_DEF,1666,4,PROPS,264,3590,text,29,1,0,
STOKI_DEF,1666,4,NOTE,264,242,text,0,1,0,
STOKI_DEF,1666,6,PROPS,264,1218,text,26,1,0,
STOKI_DEF,1666,6,NOTE,264,244,text,0,1,0,
STOKI_DEF,1666,8,PROPS,264,734,text,26,1,0,
STOKI_DEF,1666,8,NOTE,264,246,text,0,1,0,
STOKI_DEF,1666,10,PROPS,264,18183,text,24,1,0,
STOKI_DEF,1666,10,NOTE,264,248,text,0,1,0,
STOKI_DEF,1666,12,PROPS,264,508,text,28,1,0,
STOKI_DEF,1666,12,NOTE,264,250,text,0,1,0,
STOKI_DEF,1666,14,PROPS,264,503,text,24,1,0,
STOKI_DEF,1666,14,NOTE,264,252,text,0,1,0,
STOKI_DEF,1666,16,PROPS,264,1247,text,28,1,0,
STOKI_DEF,1666,16,NOTE,264,254,text,0,1,0,
STOKI_DEF,1666,18,PROPS,264,483,text,28,1,0,
STOKI_DEF,1666,18,NOTE,264,256,text,0,1,0,
STOKI_DEF,1666,20,PROPS,264,1244,text,28,1,0,
STOKI_DEF,1666,20,NOTE,264,258,text,0,1,0,
STOKI_DEF,1666,22,PROPS,264,485,text,28,1,0,
STOKI_DEF,1666,22,NOTE,264,260,text,0,1,0,
STOKI_DEF,1666,24,PROPS,264,479,text,26,1,0,
STOKI_DEF,1666,24,NOTE,264,262,text,0,1,0,
STOKI_DEF,1667,0,PROPS,264,1243,text,28,1,0,
STOKI_DEF,1667,0,NOTE,264,264,text,0,1,0,
STOKI_DEF,1667,2,PROPS,264,1234,text,27,1,0,
STOKI_DEF,1667,2,NOTE,264,1236,text,0,1,0,
STOKI_DEF,1667,4,PROPS,264,1231,text,27,1,0,
STOKI_DEF,1667,4,NOTE,264,1233,text,0,1,0,
STOKI_DEF,1667,6,PROPS,264,1237,text,27,1,0,
STOKI_DEF,1667,6,NOTE,264,1239,text,0,1,0,
STOKI_DEF,1667,8,PROPS,264,17237,text,35,1,0,
STOKI_DEF,1667,8,NOTE,264,18408,text,0,1,0,
STOKI_DEF,1667,10,PROPS,264,14603,text,35,1,0,
STOKI_DEF,1667,10,NOTE,264,18404,text,0,1,0,
STOKI_DEF,1667,12,PROPS,264,18406,text,35,1,0,
STOKI_DEF,1667,12,NOTE,264,17236,text,0,1,0,
STOKI_DEF,1667,14,PROPS,264,1206,text,33,1,0,
STOKI_DEF,1667,14,NOTE,264,497,text,0,1,0,
STOKI_DEF,1667,16,PROPS,264,18425,text,37,1,0,
STOKI_DEF,1667,16,NOTE,264,18426,text,0,1,0,
STOKI_DEF,1667,18,PROPS,264,1224,text,40,1,0,
STOKI_DEF,1667,18,NOTE,264,1225,text,0,1,0,
STOKI_DEF,1667,20,PROPS,264,1215,text,40,1,0,
STOKI_DEF,1667,20,NOTE,264,1222,text,0,1,0,
STOKI_DEF,1667,22,PROPS,264,17234,text,35,1,0,
STOKI_DEF,1667,22,NOTE,264,7431,text,0,1,0,
STOKI_DEF,1668,0,PROPS,264,18415,text,37,1,0,
STOKI_DEF,1668,0,NOTE,264,18416,text,0,1,0,
STOKI_DEF,1668,2,PROPS,264,1213,text,35,1,0,
STOKI_DEF,1668,2,NOTE,264,718,text,0,1,0,
STOKI_DEF,1668,4,PROPS,264,1216,text,34,1,0,
STOKI_DEF,1668,4,NOTE,264,720,text,0,1,0,
STOKI_DEF,1668,6,PROPS,264,1211,text,31,1,0,
STOKI_DEF,1668,6,NOTE,264,722,text,0,1,0,
STOKI_DEF,1668,8,PROPS,264,736,text,29,1,0,
STOKI_DEF,1668,8,NOTE,264,724,text,0,1,0,
STOKI_DEF,1668,10,PROPS,264,740,text,25,1,0,
STOKI_DEF,1668,10,NOTE,264,726,text,0,1,0,
STOKI_DEF,1668,12,PROPS,264,749,text,24,1,0,
STOKI_DEF,1668,12,NOTE,264,1217,text,0,1,0,
STOKI_DEF,1668,14,PROPS,264,961,text,35,1,0,
STOKI_DEF,1668,14,NOTE,264,730,text,0,1,0,
STOKI_DEF,1668,16,PROPS,264,1209,text,33,1,0,
STOKI_DEF,1668,16,NOTE,264,732,text,0,1,0,
STOKI_DEF,1668,18,PROPS,264,746,text,31,1,0,
STOKI_DEF,1668,18,NOTE,264,1203,text,0,1,0,
STOKI_DEF,1668,20,PROPS,264,1204,text,31,1,0,
STOKI_DEF,1668,20,NOTE,264,1205,text,0,1,0,
STOKI_DEF,1668,22,PROPS,264,16990,text,28,1,0,
STOKI_DEF,1668,22,NOTE,264,738,text,0,1,0,
STOKI_DEF,1669,0,PROPS,264,1207,text,28,1,0,
STOKI_DEF,1669,0,NOTE,264,1208,text,0,1,0,
STOKI_DEF,1669,2,PROPS,264,18421,text,28,1,0,
STOKI_DEF,1669,2,NOTE,264,15787,text,0,1,0,
STOKI_DEF,1669,4,PROPS,264,957,text,26,1,0,
STOKI_DEF,1669,4,NOTE,264,959,text,0,1,0,
STOKI_DEF,1669,6,PROPS,264,18419,text,30,1,0,
STOKI_DEF,1669,6,NOTE,264,18420,text,0,1,0,
STOKI_DEF,1669,8,PROPS,264,18417,text,30,1,0,
STOKI_DEF,1669,8,NOTE,264,18418,text,0,1,0,
STOKI_DEF,1669,10,PROPS,264,1226,text,16,1,0,
STOKI_DEF,1669,10,NOTE,264,1221,text,0,1,0,
STOKI_DEF,1669,12,PROPS,264,489,text,14,1,0,
STOKI_DEF,1669,12,NOTE,264,1196,text,0,1,0,
STOKI_DEF,1669,14,PROPS,264,1227,text,18,1,0,
STOKI_DEF,1669,14,NOTE,264,1229,text,0,1,0,
STOKI_DEF,1669,16,PROPS,264,17232,text,15,1,0,
STOKI_DEF,1669,16,NOTE,264,16506,text,0,1,0,
STOKI_DEF,1669,18,PROPS,264,26542,text,15,1,0,
STOKI_DEF,1669,18,NOTE,264,17215,text,0,1,0,
STOKI_DEF,1669,20,PROPS,264,18411,text,18,1,0,
STOKI_DEF,1669,20,NOTE,264,18412,text,0,1,0,
STOKI_DEF,1669,22,PROPS,264,28225,text,28,1,0,
STOKI_DEF,1669,22,NOTE,264,30366,text,0,1,0,
STOKI_DEF,1669,25,PROPS,264,979,text,51,1,0,
STOKI_DEF,5466,0,NOTE,264,17233,text,28,1,0,
STOKI_DEF,5466,2,NOTE,264,17932,text,8,1,0,
STOKI_DEF,5466,3,NOTE,264,18670,text,0,1,0,
STOKI_DEF,5466,5,NOTE,264,30116,text,47,1,0,
STOKI_DEF,5466,24,NOTE,264,1220,text,0,1,0,
STOKI_DEF,1671,3,NOTE,264,1449,text,0,1,0,
STOKI_DEF,1671,21,NOTE,264,17710,text,0,1,0,
STOKI_DEF,1671,35,NOTE,264,1677,text,81,1,0,
STOKI_DEF,1671,42,NOTE,264,1477,text,89,1,0,
STOKI_DEF,1672,1,PROPS,264,982,text,51,1,0,
STOKI_DEF,1672,5,PROPS,264,1467,text,31,1,0,
STOKI_DEF,1672,5,NOTE,264,1468,text,0,1,0,
STOKI_DEF,1672,7,PROPS,264,1454,text,27,1,0,
STOKI_DEF,1672,7,NOTE,264,1466,text,0,1,0,
STOKI_DEF,1672,8,NOTE,264,10064,text,0,1,0,
STOKI_DEF,1672,9,PROPS,264,744,text,26,1,0,
STOKI_DEF,1672,9,NOTE,264,745,text,0,1,0,
STOKI_DEF,1672,11,PROPS,264,1253,text,26,1,0,
STOKI_DEF,1672,11,NOTE,264,1254,text,0,1,0,
STOKI_DEF,1672,13,PROPS,264,1252,text,26,1,0,
STOKI_DEF,1672,13,NOTE,264,963,text,0,1,0,
STOKI_DEF,1672,15,PROPS,264,1689,text,29,1,0,
STOKI_DEF,1672,15,NOTE,264,1691,text,0,1,0,
STOKI_DEF,1672,17,PROPS,264,18413,text,19,1,0,
STOKI_DEF,1672,17,NOTE,264,18414,text,0,1,0,
STOKI_DEF,1672,19,PROPS,264,1438,text,39,1,0,
STOKI_DEF,1672,19,NOTE,264,1446,text,0,1,0,
STOKI_DEF,1672,21,PROPS,264,28942,text,24,1,0,
STOKI_DEF,1672,21,NOTE,264,9831,text,0,1,0,
STOKI_DEF,1672,24,PROPS,264,1695,text,51,1,0,
STOKI_DEF,1673,0,PROPS,264,2154,text,13,1,0,
STOKI_DEF,1673,0,NOTE,264,2654,text,0,1,0,
STOKI_DEF,1673,2,PROPS,264,21034,text,13,1,0,
STOKI_DEF,1673,2,NOTE,264,1913,text,0,1,0,
STOKI_DEF,1673,4,PROPS,264,22254,text,13,1,0,
STOKI_DEF,1673,4,NOTE,264,1915,text,0,1,0,
STOKI_DEF,1673,6,PROPS,264,2657,text,13,1,0,
STOKI_DEF,1673,6,NOTE,264,1917,text,0,1,0,
STOKI_DEF,1673,8,PROPS,264,9834,text,13,1,0,
STOKI_DEF,1673,8,NOTE,264,1919,text,0,1,0,
STOKI_DEF,1673,10,PROPS,264,12909,text,13,1,0,
STOKI_DEF,1673,10,NOTE,264,9829,text,0,1,0,
STOKI_DEF,1673,12,PROPS,264,3114,text,13,1,0,
STOKI_DEF,1673,12,NOTE,264,1923,text,0,1,0,
STOKI_DEF,1673,14,PROPS,264,28694,text,34,1,0,
STOKI_DEF,1673,14,NOTE,264,7432,text,0,1,0,
STOKI_DEF,1673,16,PROPS,264,30604,text,25,1,0,
STOKI_DEF,1673,16,NOTE,264,1925,text,0,1,0,
STOKI_DEF,1673,18,PROPS,264,12911,text,33,1,0,
STOKI_DEF,1673,18,NOTE,264,12210,text,0,1,0,
STOKI_DEF,1673,20,PROPS,264,12216,text,33,1,0,
STOKI_DEF,1673,20,NOTE,264,12928,text,0,1,0,
STOKI_DEF,1673,22,PROPS,264,7439,text,33,1,0,
STOKI_DEF,1673,22,NOTE,264,7440,text,0,1,0,
STOKI_DEF,1673,24,PROPS,264,9109,text,20,1,0,
STOKI_DEF,1673,24,NOTE,264,9110,text,0,1,0,
STOKI_DEF,1675,0,PROPS,264,4807,text,20,1,0,
STOKI_DEF,1675,0,NOTE,264,3108,text,0,1,0,
STOKI_DEF,1675,2,PROPS,264,27751,text,19,1,0,
STOKI_DEF,1675,2,NOTE,264,2152,text,0,1,0,
STOKI_DEF,1675,4,PROPS,264,14601,text,16,1,0,
STOKI_DEF,1675,4,NOTE,264,3110,text,0,1,0,
STOKI_DEF,1675,6,PROPS,264,12907,text,22,1,0,
STOKI_DEF,1675,6,NOTE,264,3112,text,0,1,0,
STOKI_DEF,1675,8,PROPS,264,19142,text,36,1,0,
STOKI_DEF,1675,8,NOTE,264,21063,text,0,1,0,
STOKI_DEF,1675,10,PROPS,264,2656,text,35,1,0,
STOKI_DEF,1675,10,NOTE,264,2160,text,0,1,0,
STOKI_DEF,1675,12,PROPS,264,27034,text,35,1,0,
STOKI_DEF,1675,12,NOTE,264,2162,text,0,1,0,
STOKI_DEF,1675,13,PROPS,264,1698,text,51,1,0,
STOKI_DEF,1675,15,PROPS,264,25358,text,34,1,0,
STOKI_DEF,1675,15,NOTE,264,2417,text,0,1,0,
STOKI_DEF,1675,17,PROPS,264,2879,text,35,1,0,
STOKI_DEF,1675,17,NOTE,264,2884,text,0,1,0,
STOKI_DEF,1675,19,PROPS,264,2896,text,35,1,0,
STOKI_DEF,1675,19,NOTE,264,2165,text,0,1,0,
STOKI_DEF,1675,21,PROPS,264,2888,text,35,1,0,
STOKI_DEF,1675,21,NOTE,264,2895,text,0,1,0,
STOKI_DEF,1676,0,PROPS,264,2902,text,18,1,0,
STOKI_DEF,1676,0,NOTE,264,8633,text,0,1,0,
STOKI_DEF,1676,1,PROPS,264,2173,text,46,1,0,
STOKI_DEF,1676,3,PROPS,264,2648,text,33,1,0,
STOKI_DEF,1676,3,NOTE,264,2634,text,0,1,0,
STOKI_DEF,1676,5,PROPS,264,2644,text,32,1,0,
STOKI_DEF,1676,5,NOTE,264,2646,text,0,1,0,
STOKI_DEF,1676,7,PROPS,264,2642,text,38,1,0,
STOKI_DEF,1676,7,NOTE,264,2651,text,0,1,0,
STOKI_DEF,1676,9,PROPS,264,2640,text,31,1,0,
STOKI_DEF,1676,9,NOTE,264,2418,text,0,1,0,
STOKI_DEF,1676,12,PROPS,264,6240,text,14,1,0,
STOKI_DEF,1676,12,NOTE,264,9085,text,0,1,0,
STOKI_DEF,1676,14,PROPS,264,9087,text,14,1,0,
STOKI_DEF,1676,14,NOTE,264,9091,text,0,1,0,
STOKI_DEF,1676,16,PROPS,264,1489,text,14,1,0,
STOKI_DEF,1676,16,NOTE,264,31,text,0,1,0,
STOKI_DEF,1676,18,PROPS,264,19858,text,23,1,0,
STOKI_DEF,1676,18,NOTE,264,25111,text,0,1,0,
STOKI_DEF,1676,20,PROPS,264,1494,text,33,1,0,
STOKI_DEF,1676,20,NOTE,264,1495,text,0,1,0,
STOKI_DEF,1676,22,PROPS,264,1496,text,13,1,0,
STOKI_DEF,1676,22,NOTE,264,1497,text,0,1,0,
STOKI_DEF,1677,0,PROPS,264,1490,text,34,1,0,
STOKI_DEF,1677,0,NOTE,264,1491,text,0,1,0,
STOKI_DEF,1677,2,PROPS,264,16255,text,33,1,0,
STOKI_DEF,1677,2,NOTE,264,16269,text,0,1,0,
STOKI_DEF,1677,4,PROPS,264,15550,text,33,1,0,
STOKI_DEF,1677,4,NOTE,264,3116,text,0,1,0,
STOKI_DEF,1677,6,PROPS,264,16271,text,33,1,0,
STOKI_DEF,1677,6,NOTE,264,19135,text,0,1,0,
STOKI_DEF,1677,8,PROPS,264,2636,text,18,1,0,
STOKI_DEF,1677,10,PROPS,264,2638,text,29,1,0,
STOKI_DEF,1677,12,PROPS,264,1498,text,45,1,0,
STOKI_DEF,1677,12,NOTE,264,1499,text,0,1,0,
STOKI_DEF,1677,14,PROPS,264,1500,text,40,1,0,
STOKI_DEF,1677,14,NOTE,264,1501,text,0,1,0,
STOKI_DEF,1677,16,PROPS,264,9812,text,52,1,0,
STOKI_DEF,1677,16,NOTE,264,10538,text,0,1,0,
STOKI_DEF,1677,18,PROPS,264,19377,text,51,1,0,
STOKI_DEF,1677,18,NOTE,264,13150,text,54,1,0,
STOKI_DEF,1677,20,PROPS,264,11255,text,23,1,0,
STOKI_DEF,1677,20,NOTE,264,13408,text,0,1,0,
STOKI_DEF,1677,21,PROPS,264,2400,text,51,1,0,
STOKI_DEF,1679,0,PROPS,264,9344,text,48,1,0,
STOKI_DEF,1679,0,NOTE,264,2177,text,0,1,0,
STOKI_DEF,1679,2,PROPS,264,19623,text,30,1,0,
STOKI_DEF,1679,2,NOTE,264,2869,text,0,1,0,
STOKI_DEF,1679,4,PROPS,264,8389,text,17,1,0,
STOKI_DEF,1679,4,NOTE,264,2871,text,0,1,0,
STOKI_DEF,1679,6,PROPS,264,2901,text,17,1,0,
STOKI_DEF,1679,6,NOTE,264,2873,text,0,1,0,
STOKI_DEF,1679,8,PROPS,264,3840,text,17,1,0,
STOKI_DEF,1679,8,NOTE,264,2875,text,0,1,0,
STOKI_DEF,1679,10,PROPS,264,15559,text,25,1,0,
STOKI_DEF,1679,10,NOTE,264,3838,text,0,1,0,
STOKI_DEF,1679,12,PROPS,264,3846,text,25,1,0,
STOKI_DEF,1679,12,NOTE,264,2877,text,0,1,0,
STOKI_DEF,1679,14,PROPS,264,2881,text,26,1,0,
STOKI_DEF,1679,15,PROPS,264,2652,text,47,1,0,
STOKI_DEF,1679,17,PROPS,264,4307,text,41,1,0,
STOKI_DEF,1679,17,NOTE,264,3586,text,0,1,0,
STOKI_DEF,1679,19,PROPS,264,3588,text,36,1,0,
STOKI_DEF,1679,19,NOTE,264,13630,text,0,1,0,
STOKI_DEF,1679,21,PROPS,264,9327,text,21,1,0,
STOKI_DEF,1679,21,NOTE,264,8629,text,0,1,0,
STOKI_DEF,1679,24,PROPS,264,2890,text,49,1,0,
STOKI_DEF,1682,0,PROPS,264,2396,text,32,1,0,
STOKI_DEF,1682,0,NOTE,264,2398,text,0,1,0,
STOKI_DEF,1682,2,PROPS,264,2392,text,33,1,0,
STOKI_DEF,1682,2,NOTE,264,2394,text,0,1,0,
STOKI_DEF,1682,4,PROPS,264,2409,text,33,1,0,
STOKI_DEF,1682,4,NOTE,264,2411,text,0,1,0,
STOKI_DEF,1682,6,PROPS,264,2401,text,33,1,0,
STOKI_DEF,1682,6,NOTE,264,2403,text,0,1,0,
STOKI_DEF,1682,8,PROPS,264,2405,text,33,1,0,
STOKI_DEF,1682,8,NOTE,264,2407,text,0,1,0,
STOKI_DEF,1682,10,PROPS,264,11240,text,20,1,0,
STOKI_DEF,1682,10,NOTE,264,3118,text,0,1,0,
STOKI_DEF,1682,12,PROPS,264,25360,text,20,1,0,
STOKI_DEF,1682,12,NOTE,264,8609,text,0,1,0,
STOKI_DEF,1682,13,NOTE,264,3124,text,0,1,0,
STOKI_DEF,1682,14,PROPS,264,2421,text,24,1,0,
STOKI_DEF,1682,14,NOTE,264,2422,text,0,1,0,
STOKI_DEF,1682,16,PROPS,264,2630,text,30,1,0,
STOKI_DEF,1682,16,NOTE,264,2632,text,0,1,0,
STOKI_DEF,1682,18,PROPS,264,2413,text,30,1,0,
STOKI_DEF,1682,18,NOTE,264,2414,text,0,1,0,
STOKI_DEF,1682,20,PROPS,264,2415,text,24,1,0,
STOKI_DEF,1682,20,NOTE,264,2416,text,0,1,0,
STOKI_DEF,1682,22,PROPS,264,2180,text,27,1,0,
STOKI_DEF,1682,22,NOTE,264,2181,text,0,1,0,
STOKI_DEF,1683,0,PROPS,264,17229,text,27,1,0,
STOKI_DEF,1683,0,NOTE,264,2182,text,0,1,0,
STOKI_DEF,1683,2,PROPS,264,2171,text,23,1,0,
STOKI_DEF,1683,2,NOTE,264,2174,text,0,1,0,
STOKI_DEF,1683,4,PROPS,264,2178,text,32,1,0,
STOKI_DEF,1683,4,NOTE,264,2179,text,0,1,0,
STOKI_DEF,1683,7,PROPS,264,3377,text,22,1,0,
STOKI_DEF,1683,7,NOTE,264,3352,text,0,1,0,
STOKI_DEF,1683,9,PROPS,264,4805,text,22,1,0,
STOKI_DEF,1683,9,NOTE,264,3354,text,0,1,0,
STOKI_DEF,1683,11,PROPS,264,3349,text,22,1,0,
STOKI_DEF,1683,11,NOTE,264,3356,text,0,1,0,
STOKI_DEF,1683,13,PROPS,264,13403,text,22,1,0,
STOKI_DEF,1683,13,NOTE,264,3358,text,0,1,0,
STOKI_DEF,1683,15,PROPS,264,3362,text,32,1,0,
STOKI_DEF,1683,15,NOTE,264,3360,text,0,1,0,
STOKI_DEF,1683,17,PROPS,264,14586,text,45,1,0,
STOKI_DEF,1683,17,NOTE,264,2894,text,0,1,0,
STOKI_DEF,1683,19,PROPS,264,4553,text,20,1,0,
STOKI_DEF,1683,19,NOTE,264,4565,text,0,1,0,
STOKI_DEF,1683,21,PROPS,264,21049,text,27,1,0,
STOKI_DEF,1683,21,NOTE,264,3364,text,0,1,0,
STOKI_DEF,1683,23,PROPS,264,20334,text,26,1,0,
STOKI_DEF,1683,23,NOTE,264,20338,text,0,1,0,
STOKI_DEF,1684,0,PROPS,264,4331,text,20,1,0,
STOKI_DEF,1684,0,NOTE,264,3351,text,0,1,0,
STOKI_DEF,1684,2,PROPS,264,3370,text,18,1,0,
STOKI_DEF,1684,2,NOTE,264,3371,text,0,1,0,
STOKI_DEF,1684,4,PROPS,264,3374,text,18,1,0,
STOKI_DEF,1684,4,NOTE,264,3375,text,0,1,0,
STOKI_DEF,1684,6,PROPS,264,3372,text,24,1,0,
STOKI_DEF,1684,6,NOTE,264,3373,text,0,1,0,
STOKI_DEF,1684,7,PROPS,264,2893,text,50,1,0,
STOKI_DEF,1684,9,PROPS,264,10542,text,23,1,0,
STOKI_DEF,1684,9,NOTE,264,3605,text,0,1,0,
STOKI_DEF,1684,11,PROPS,264,4089,text,22,1,0,
STOKI_DEF,1684,11,NOTE,264,4303,text,0,1,0,
STOKI_DEF,1684,13,PROPS,264,4573,text,22,1,0,
STOKI_DEF,1684,13,NOTE,264,4087,text,0,1,0,
STOKI_DEF,1684,15,PROPS,264,4085,text,22,1,0,
STOKI_DEF,1684,15,NOTE,264,4572,text,0,1,0,
STOKI_DEF,1684,17,PROPS,264,3597,text,22,1,0,
STOKI_DEF,1684,17,NOTE,264,3601,text,0,1,0,
STOKI_DEF,1684,19,PROPS,264,29880,text,20,1,0,
STOKI_DEF,1684,19,NOTE,264,3599,text,0,1,0,
STOKI_DEF,1684,21,PROPS,264,30139,text,26,1,0,
STOKI_DEF,1684,21,NOTE,264,4309,text,0,1,0,
STOKI_DEF,1684,23,PROPS,264,4090,text,20,1,0,
STOKI_DEF,1684,23,NOTE,264,4305,text,0,1,0,
STOKI_DEF,1685,0,PROPS,264,1488,text,20,1,0,
STOKI_DEF,1685,0,NOTE,264,3850,text,0,1,0,
STOKI_DEF,1685,2,PROPS,264,6719,text,18,1,0,
STOKI_DEF,1685,2,NOTE,264,3825,text,0,1,0,
STOKI_DEF,1685,4,PROPS,264,3854,text,18,1,0,
STOKI_DEF,1685,4,NOTE,264,3827,text,0,1,0,
STOKI_DEF,1685,6,PROPS,264,3853,text,24,1,0,
STOKI_DEF,1685,6,NOTE,264,3829,text,0,1,0,
STOKI_DEF,1685,8,PROPS,264,3851,text,21,1,0,
STOKI_DEF,1685,8,NOTE,264,3831,text,0,1,0,
STOKI_DEF,1685,9,PROPS,264,3610,text,49,1,0,
STOKI_DEF,1685,11,PROPS,264,4570,text,21,1,0,
STOKI_DEF,1685,11,NOTE,264,4567,text,0,1,0,
STOKI_DEF,1685,13,PROPS,264,27966,text,21,1,0,
STOKI_DEF,1685,13,NOTE,264,26300,text,0,1,0,
STOKI_DEF,1685,15,PROPS,264,4564,text,21,1,0,
STOKI_DEF,1685,15,NOTE,264,4569,text,0,1,0,
STOKI_DEF,1685,17,PROPS,264,4545,text,21,1,0,
STOKI_DEF,1685,17,NOTE,264,4555,text,0,1,0,
STOKI_DEF,1685,19,PROPS,264,4549,text,21,1,0,
STOKI_DEF,1685,19,NOTE,264,4551,text,0,1,0,
STOKI_DEF,1685,21,PROPS,264,4568,text,21,1,0,
STOKI_DEF,1685,21,NOTE,264,4547,text,0,1,0,
STOKI_DEF,1685,23,PROPS,264,4329,text,21,1,0,
STOKI_DEF,1685,23,NOTE,264,4543,text,0,1,0,
STOKI_DEF,1686,0,PROPS,264,27254,text,21,1,0,
STOKI_DEF,1686,0,NOTE,264,4322,text,0,1,0,
STOKI_DEF,1686,2,PROPS,264,4566,text,28,1,0,
STOKI_DEF,1686,2,NOTE,264,4064,text,0,1,0,
STOKI_DEF,1686,4,PROPS,264,26079,text,28,1,0,
STOKI_DEF,1686,4,NOTE,264,4066,text,0,1,0,
STOKI_DEF,1686,6,PROPS,264,26310,text,38,1,0,
STOKI_DEF,1686,6,NOTE,264,4068,text,0,1,0,
STOKI_DEF,1686,8,PROPS,264,26312,text,19,1,0,
STOKI_DEF,1686,8,NOTE,264,4070,text,0,1,0,
STOKI_DEF,1686,10,PROPS,264,8390,text,25,1,0,
STOKI_DEF,1686,10,NOTE,264,4072,text,0,1,0,
STOKI_DEF,1686,12,PROPS,264,8393,text,26,1,0,
STOKI_DEF,1686,12,NOTE,264,4074,text,0,1,0,
STOKI_DEF,1686,14,PROPS,264,8380,text,32,1,0,
STOKI_DEF,1686,14,NOTE,264,4076,text,0,1,0,
STOKI_DEF,1686,16,PROPS,264,8379,text,14,1,0,
STOKI_DEF,1686,16,NOTE,264,4078,text,0,1,0,
STOKI_DEF,1686,17,PROPS,264,3849,text,51,1,0,
STOKI_DEF,1686,19,PROPS,264,5765,text,22,1,0,
STOKI_DEF,1686,19,NOTE,264,5999,text,0,1,0,
STOKI_DEF,1686,21,PROPS,264,4804,text,22,1,0,
STOKI_DEF,1686,21,NOTE,264,4806,text,0,1,0,
STOKI_DEF,1686,23,PROPS,264,28469,text,22,1,0,
STOKI_DEF,1686,23,NOTE,264,4081,text,0,1,0,
STOKI_DEF,1688,0,PROPS,264,31089,text,20,1,0,
STOKI_DEF,1688,0,NOTE,264,4311,text,0,1,0,
STOKI_DEF,1688,2,PROPS,264,6000,text,20,1,0,
STOKI_DEF,1688,2,NOTE,264,6001,text,0,1,0,
STOKI_DEF,1688,4,PROPS,264,6002,text,20,1,0,
STOKI_DEF,1688,4,NOTE,264,8151,text,0,1,0,
STOKI_DEF,1688,6,PROPS,264,8156,text,22,1,0,
STOKI_DEF,1688,6,NOTE,264,5046,text,0,1,0,
STOKI_DEF,1688,8,PROPS,264,31090,text,18,1,0,
STOKI_DEF,1688,8,NOTE,264,5760,text,0,1,0,
STOKI_DEF,1688,10,PROPS,264,5761,text,24,1,0,
STOKI_DEF,1688,10,NOTE,264,5762,text,0,1,0,
STOKI_DEF,1688,11,PROPS,264,4088,text,61,1,0,
STOKI_DEF,1688,13,PROPS,264,8394,text,21,1,0,
STOKI_DEF,1688,13,NOTE,264,4314,text,0,1,0,
STOKI_DEF,1688,15,PROPS,264,25576,text,21,1,0,
STOKI_DEF,1688,15,NOTE,264,4316,text,0,1,0,
STOKI_DEF,1688,17,PROPS,264,9814,text,21,1,0,
STOKI_DEF,1688,17,NOTE,264,4091,text,0,1,0,
STOKI_DEF,1688,19,PROPS,264,8396,text,19,1,0,
STOKI_DEF,1688,19,NOTE,264,4320,text,0,1,0,
STOKI_DEF,1688,21,PROPS,264,25593,text,19,1,0,
STOKI_DEF,1688,21,NOTE,264,4318,text,0,1,0,
STOKI_DEF,1688,23,PROPS,264,8392,text,26,1,0,
STOKI_DEF,1688,23,NOTE,264,4324,text,0,1,0,
STOKI_DEF,1689,0,PROPS,264,8395,text,25,1,0,
STOKI_DEF,1689,0,NOTE,264,4326,text,0,1,0,
STOKI_DEF,1689,1,PROPS,264,4327,text,60,1,0,
STOKI_DEF,1689,3,PROPS,264,19866,text,29,1,0,
STOKI_DEF,1689,3,NOTE,264,19867,text,0,1,0,
STOKI_DEF,1689,5,PROPS,264,25577,text,29,1,0,
STOKI_DEF,1689,5,NOTE,264,19865,text,0,1,0,
STOKI_DEF,1689,7,PROPS,264,6479,text,29,1,0,
STOKI_DEF,1689,7,NOTE,264,6480,text,0,1,0,
STOKI_DEF,1689,9,PROPS,264,25584,text,29,1,0,
STOKI_DEF,1689,9,NOTE,264,3366,text,0,1,0,
STOKI_DEF,1689,11,PROPS,264,26054,text,36,1,0,
STOKI_DEF,1689,11,NOTE,264,19868,text,0,1,0,
STOKI_DEF,1689,13,PROPS,264,26070,text,26,1,0,
STOKI_DEF,1689,13,NOTE,264,26056,text,0,1,0,
STOKI_DEF,1689,15,PROPS,264,3607,text,37,1,0,
STOKI_DEF,1689,15,NOTE,264,3609,text,0,1,0,
STOKI_DEF,1689,17,PROPS,264,4557,text,38,1,0,
STOKI_DEF,1689,19,PROPS,264,4559,text,87,1,0,
STOKI_DEF,1689,21,PROPS,264,4561,text,64,1,0,
STOKI_DEF,1691,0,PROPS,264,4563,text,37,1,0,
STOKI_DEF,1691,2,PROPS,264,4781,text,51,1,0,
STOKI_DEF,1691,4,PROPS,264,4783,text,69,1,0,
STOKI_DEF,1691,6,PROPS,264,4785,text,61,1,0,
STOKI_DEF,1691,8,PROPS,264,4787,text,41,1,0,
STOKI_DEF,1691,10,PROPS,264,4789,text,54,1,0,
STOKI_DEF,1691,12,PROPS,264,4791,text,55,1,0,
STOKI_DEF,1691,14,PROPS,264,4793,text,59,1,0,
STOKI_DEF,1691,16,PROPS,264,4795,text,39,1,0,
STOKI_DEF,1691,18,PROPS,264,4797,text,35,1,0,
STOKI_DEF,1691,20,PROPS,264,4799,text,44,1,0,
STOKI_DEF,1691,22,PROPS,264,4801,text,34,1,0,
STOKI_DEF,1693,0,PROPS,264,4803,text,39,1,0,
STOKI_DEF,1693,2,PROPS,264,5020,text,39,1,0,
STOKI_DEF,1693,4,PROPS,264,5022,text,39,1,0,
STOKI_DEF,1693,6,PROPS,264,5024,text,41,1,0,
STOKI_DEF,1693,8,PROPS,264,5026,text,50,1,0,
STOKI_DEF,1693,10,PROPS,264,5028,text,28,1,0,
STOKI_DEF,1693,12,PROPS,264,5030,text,36,1,0,
STOKI_DEF,1693,14,PROPS,264,5032,text,45,1,0,
STOKI_DEF,1693,16,PROPS,264,5034,text,37,1,0,
STOKI_DEF,1693,18,PROPS,264,5036,text,35,1,0,
STOKI_DEF,1693,20,PROPS,264,5038,text,49,1,0,
STOKI_DEF,1693,22,PROPS,264,5040,text,42,1,0,
STOKI_DEF,1694,0,PROPS,264,5042,text,37,1,0,
STOKI_DEF,1694,2,PROPS,264,5259,text,50,1,0,
STOKI_DEF,1694,4,PROPS,264,5261,text,41,1,0,
STOKI_DEF,1694,6,PROPS,264,5263,text,33,1,0,
STOKI_DEF,1694,8,PROPS,264,5265,text,55,1,0,
STOKI_DEF,1694,10,PROPS,264,5267,text,53,1,0,
STOKI_DEF,1694,12,PROPS,264,5269,text,33,1,0,
STOKI_DEF,1694,14,PROPS,264,5271,text,54,1,0,
STOKI_DEF,1694,16,PROPS,264,5273,text,45,1,0,
STOKI_DEF,1694,18,PROPS,264,5275,text,48,1,0,
STOKI_DEF,1694,20,PROPS,264,5277,text,49,1,0,
STOKI_DEF,1694,22,PROPS,264,5279,text,66,1,0,
STOKI_DEF,1698,0,PROPS,264,5281,text,53,1,0,
STOKI_DEF,1698,2,PROPS,264,5498,text,54,1,0,
STOKI_DEF,1698,4,PROPS,264,5500,text,61,1,0,
STOKI_DEF,1698,6,PROPS,264,5502,text,47,1,0,
STOKI_DEF,1698,8,PROPS,264,5504,text,61,1,0,
STOKI_DEF,1698,10,PROPS,264,5506,text,75,1,0,
STOKI_DEF,1698,12,PROPS,264,5508,text,50,1,0,
STOKI_DEF,1698,14,PROPS,264,5510,text,46,1,0,
STOKI_DEF,1698,16,PROPS,264,5512,text,44,1,0,
STOKI_DEF,1698,18,PROPS,264,5514,text,43,1,0,
STOKI_DEF,1698,20,PROPS,264,5516,text,43,1,0,
STOKI_DEF,1698,22,PROPS,264,28,text,32,1,0,
STOKI_DEF,1698,22,NOTE,264,5520,text,0,1,0,
STOKI_DEF,1700,0,PROPS,264,5518,text,43,1,0,
STOKI_DEF,1700,2,PROPS,264,5737,text,43,1,0,
STOKI_DEF,1700,4,PROPS,264,5739,text,46,1,0,
STOKI_DEF,1700,6,PROPS,264,5741,text,50,1,0,
STOKI_DEF,1700,8,PROPS,264,5743,text,37,1,0,
STOKI_DEF,1700,10,PROPS,264,5745,text,38,1,0,
STOKI_DEF,1700,12,PROPS,264,5747,text,38,1,0,
STOKI_DEF,1700,14,PROPS,264,5749,text,38,1,0,
STOKI_DEF,1700,16,PROPS,264,5751,text,43,1,0,
STOKI_DEF,1700,18,PROPS,264,5753,text,42,1,0,
STOKI_DEF,1700,20,PROPS,264,5755,text,37,1,0,
STOKI_DEF,1700,22,PROPS,264,5757,text,37,1,0,
STOKI_DEF,1701,0,PROPS,264,5759,text,37,1,0,
STOKI_DEF,1701,2,PROPS,264,5976,text,46,1,0,
STOKI_DEF,1701,4,PROPS,264,5978,text,36,1,0,
STOKI_DEF,1701,6,PROPS,264,5980,text,49,1,0,
STOKI_DEF,1701,8,PROPS,264,5982,text,67,1,0,
STOKI_DEF,1701,10,PROPS,264,5984,text,50,1,0,
STOKI_DEF,1701,12,PROPS,264,5986,text,32,1,0,
STOKI_DEF,1701,14,PROPS,264,5988,text,38,1,0,
STOKI_DEF,1701,16,PROPS,264,5990,text,35,1,0,
STOKI_DEF,1701,18,PROPS,264,5992,text,43,1,0,
STOKI_DEF,1701,20,PROPS,264,5994,text,32,1,0,
STOKI_DEF,1701,22,PROPS,264,5996,text,37,1,0,
STOKI_DEF,1702,0,PROPS,264,5998,text,53,1,0,
STOKI_DEF,1702,2,PROPS,264,6215,text,38,1,0,
STOKI_DEF,1702,4,PROPS,264,6217,text,41,1,0,
STOKI_DEF,1702,6,PROPS,264,6219,text,35,1,0,
STOKI_DEF,1702,8,PROPS,264,6221,text,38,1,0,
STOKI_DEF,1702,10,PROPS,264,6223,text,42,1,0,
STOKI_DEF,1702,12,PROPS,264,6225,text,38,1,0,
STOKI_DEF,1702,14,PROPS,264,6227,text,45,1,0,
STOKI_DEF,1702,16,PROPS,264,6229,text,41,1,0,
STOKI_DEF,1702,18,PROPS,264,6231,text,48,1,0,
STOKI_DEF,1702,20,PROPS,264,6233,text,49,1,0,
STOKI_DEF,1702,22,PROPS,264,6235,text,39,1,0,
STOKI_DEF,1703,0,PROPS,264,6237,text,36,1,0,
STOKI_DEF,1703,2,PROPS,264,6454,text,45,1,0,
STOKI_DEF,1703,4,PROPS,264,6456,text,48,1,0,
STOKI_DEF,1703,6,PROPS,264,6458,text,25,1,0,
STOKI_DEF,1703,8,PROPS,264,6460,text,39,1,0,
STOKI_DEF,1703,10,PROPS,264,6462,text,32,1,0,
STOKI_DEF,1703,12,PROPS,264,6464,text,33,1,0,
STOKI_DEF,1703,14,PROPS,264,6466,text,37,1,0,
STOKI_DEF,1703,16,PROPS,264,6468,text,35,1,0,
STOKI_DEF,1703,18,PROPS,264,6470,text,28,1,0,
STOKI_DEF,1703,20,PROPS,264,6472,text,26,1,0,
STOKI_DEF,1703,22,PROPS,264,6474,text,23,1,0,
STOKI_DEF,1703,24,PROPS,264,6476,text,28,1,0,
STOKI_DEF,1704,0,PROPS,264,6478,text,25,1,0,
STOKI_DEF,1704,2,PROPS,264,6693,text,24,1,0,
STOKI_DEF,1704,4,PROPS,264,6695,text,35,1,0,
STOKI_DEF,1704,6,PROPS,264,6697,text,32,1,0,
STOKI_DEF,1704,8,PROPS,264,6699,text,44,1,0,
STOKI_DEF,1704,10,PROPS,264,6701,text,43,1,0,
STOKI_DEF,1704,12,PROPS,264,6703,text,35,1,0,
STOKI_DEF,1704,14,PROPS,264,6705,text,48,1,0,
STOKI_DEF,1704,16,PROPS,264,6707,text,50,1,0,
STOKI_DEF,1704,18,PROPS,264,6709,text,34,1,0,
STOKI_DEF,1704,20,PROPS,264,6711,text,24,1,0,
STOKI_DEF,1704,22,PROPS,264,6713,text,30,1,0,
STOKI_DEF,1704,22,NOTE,264,6718,text,0,1,0,
STOKI_DEF,1704,24,PROPS,264,6715,text,42,1,0,
STOKI_DEF,1706,0,PROPS,264,6717,text,22,1,0,
STOKI_DEF,1706,2,PROPS,264,6932,text,26,1,0,
STOKI_DEF,1706,4,PROPS,264,6934,text,23,1,0,
STOKI_DEF,1706,6,PROPS,264,6936,text,39,1,0,
STOKI_DEF,1706,8,PROPS,264,6938,text,36,1,0,
STOKI_DEF,1706,10,PROPS,264,6940,text,34,1,0,
STOKI_DEF,1706,12,PROPS,264,6942,text,53,1,0,
STOKI_DEF,1706,14,PROPS,264,6944,text,31,1,0,
STOKI_DEF,1706,16,PROPS,264,6946,text,34,1,0,
STOKI_DEF,1706,18,PROPS,264,6948,text,26,1,0,
STOKI_DEF,1706,20,PROPS,264,6950,text,31,1,0,
STOKI_DEF,1706,22,PROPS,264,6952,text,50,1,0,
STOKI_DEF,1706,24,PROPS,264,6954,text,67,1,0,
STOKI_DEF,1707,0,PROPS,264,6956,text,49,1,0,
STOKI_DEF,1707,2,PROPS,264,7171,text,50,1,0,
STOKI_DEF,1707,4,PROPS,264,7173,text,47,1,0,
STOKI_DEF,1707,6,PROPS,264,7175,text,50,1,0,
STOKI_DEF,1707,8,PROPS,264,7177,text,59,1,0,
STOKI_DEF,1707,10,PROPS,264,7894,text,45,1,0,
STOKI_DEF,1707,10,NOTE,264,7179,text,0,1,0,
STOKI_DEF,1707,12,PROPS,264,7911,text,52,1,0,
STOKI_DEF,1707,12,NOTE,264,7181,text,0,1,0,
STOKI_DEF,1707,14,PROPS,264,7183,text,51,1,0,
STOKI_DEF,1707,16,PROPS,264,7185,text,42,1,0,
STOKI_DEF,1707,18,PROPS,264,7187,text,47,1,0,
STOKI_DEF,1707,20,PROPS,264,7189,text,43,1,0,
STOKI_DEF,1707,22,PROPS,264,7191,text,63,1,0,
STOKI_DEF,1709,0,PROPS,264,20347,text,56,1,0,
STOKI_DEF,1709,0,NOTE,264,7193,text,0,1,0,
STOKI_DEF,1709,2,PROPS,264,9833,text,38,1,0,
STOKI_DEF,1709,2,NOTE,264,7410,text,0,1,0,
STOKI_DEF,1709,4,PROPS,264,7412,text,63,1,0,
STOKI_DEF,1709,6,PROPS,264,7414,text,70,1,0,
STOKI_DEF,1709,8,PROPS,264,20089,text,47,1,0,
STOKI_DEF,1709,8,NOTE,264,7416,text,0,1,0,
STOKI_DEF,1709,10,PROPS,264,7418,text,68,1,0,
STOKI_DEF,1709,12,PROPS,264,7671,text,74,1,0,
STOKI_DEF,1709,12,NOTE,264,7420,text,0,1,0,
STOKI_DEF,1709,14,PROPS,264,7657,text,85,1,0,
STOKI_DEF,1709,14,NOTE,264,7422,text,0,1,0,
STOKI_DEF,1709,16,PROPS,264,7651,text,72,1,0,
STOKI_DEF,1709,16,NOTE,264,7424,text,0,1,0,
STOKI_DEF,1709,18,PROPS,264,7673,text,82,1,0,
STOKI_DEF,1709,18,NOTE,264,7426,text,0,1,0,
STOKI_DEF,1709,20,PROPS,264,7913,text,74,1,0,
STOKI_DEF,1709,20,NOTE,264,7428,text,0,1,0,
STOKI_DEF,1710,0,PROPS,264,7435,text,74,1,0,
STOKI_DEF,1710,0,NOTE,264,7430,text,0,1,0,
STOKI_DEF,1710,2,PROPS,264,7438,text,78,1,0,
STOKI_DEF,1710,2,NOTE,264,7649,text,0,1,0,
STOKI_DEF,1710,4,PROPS,264,7433,text,78,1,0,
STOKI_DEF,1710,4,NOTE,264,7434,text,0,1,0,
STOKI_DEF,1710,6,PROPS,264,7669,text,91,1,0,
STOKI_DEF,1710,6,NOTE,264,7653,text,0,1,0,
STOKI_DEF,1710,8,PROPS,264,8127,text,87,1,0,
STOKI_DEF,1710,8,NOTE,264,7655,text,0,1,0,
STOKI_DEF,1710,10,PROPS,264,7436,text,88,1,0,
STOKI_DEF,1710,10,NOTE,264,7437,text,0,1,0,
STOKI_DEF,1710,12,PROPS,264,8129,text,91,1,0,
STOKI_DEF,1710,12,NOTE,264,7659,text,0,1,0,
STOKI_DEF,1710,14,PROPS,264,7672,text,91,1,0,
STOKI_DEF,1710,14,NOTE,264,7661,text,0,1,0,
STOKI_DEF,1710,16,PROPS,264,7663,text,64,1,0,
STOKI_DEF,1710,18,PROPS,264,8131,text,69,1,0,
STOKI_DEF,1710,18,NOTE,264,7665,text,0,1,0,
STOKI_DEF,1710,20,PROPS,264,7670,text,34,1,0,
STOKI_DEF,1710,20,NOTE,264,5521,text,0,1,0,
STOKI_DEF,1712,0,PROPS,264,7667,text,85,1,0,
STOKI_DEF,1712,2,PROPS,264,7888,text,72,1,0,
STOKI_DEF,1712,4,PROPS,264,7890,text,71,1,0,
STOKI_DEF,1712,6,PROPS,264,7892,text,40,1,0,
STOKI_DEF,1712,8,PROPS,264,6241,text,64,1,0,
STOKI_DEF,1712,8,NOTE,264,6243,text,0,1,0,
STOKI_DEF,1712,10,PROPS,264,7896,text,34,1,0,
STOKI_DEF,1712,12,PROPS,264,7898,text,35,1,0,
STOKI_DEF,1712,14,PROPS,264,7900,text,48,1,0,
STOKI_DEF,1712,16,PROPS,264,7902,text,43,1,0,
STOKI_DEF,1712,18,PROPS,264,7904,text,39,1,0,
STOKI_DEF,1712,20,PROPS,264,7906,text,32,1,0,
STOKI_DEF,1712,22,PROPS,264,7908,text,42,1,0,
STOKI_DEF,1713,0,PROPS,264,7910,text,35,1,0,
STOKI_DEF,1713,2,PROPS,264,7195,text,32,1,0,
STOKI_DEF,1713,2,NOTE,264,7196,text,0,1,0,
STOKI_DEF,1713,4,PROPS,264,7197,text,32,1,0,
STOKI_DEF,1713,4,NOTE,264,7198,text,0,1,0,
STOKI_DEF,1713,6,PROPS,264,7199,text,34,1,0,
STOKI_DEF,1713,6,NOTE,264,7200,text,0,1,0,
STOKI_DEF,1713,8,PROPS,264,8133,text,29,1,0,
STOKI_DEF,1713,10,PROPS,264,8135,text,34,1,0,
STOKI_DEF,1713,12,PROPS,264,8137,text,30,1,0,
STOKI_DEF,1713,14,PROPS,264,1940,text,27,1,0,
STOKI_DEF,1713,14,NOTE,264,1941,text,0,1,0,
STOKI_DEF,1713,16,PROPS,264,8141,text,24,1,0,
STOKI_DEF,1713,18,PROPS,264,8143,text,36,1,0,
STOKI_DEF,1713,20,PROPS,264,21060,text,21,1,0,
STOKI_DEF,1713,20,NOTE,264,8145,text,0,1,0,
STOKI_DEF,1713,22,PROPS,264,8147,text,28,1,0,
STOKI_DEF,1713,24,PROPS,264,8149,text,65,1,0,
STOKI_DEF,1714,0,PROPS,264,25355,text,56,1,0,
STOKI_DEF,1714,0,NOTE,264,9099,text,0,1,0,
STOKI_DEF,1714,2,PROPS,264,8366,text,70,1,0,
STOKI_DEF,1714,3,PROPS,264,5522,text,43,1,0,
STOKI_DEF,1714,3,NOTE,264,8369,text,0,1,0,
STOKI_DEF,1714,6,PROPS,264,8370,text,48,1,0,
STOKI_DEF,1714,6,NOTE,264,8372,text,0,1,0,
STOKI_DEF,1714,9,PROPS,264,8373,text,51,1,0,
STOKI_DEF,1714,9,NOTE,264,8375,text,0,1,0,
STOKI_DEF,1714,12,PROPS,264,8376,text,59,1,0,
STOKI_DEF,1714,12,NOTE,264,8378,text,0,1,0,
STOKI_DEF,1714,16,PROPS,264,9103,text,35,1,0,
STOKI_DEF,1714,16,NOTE,264,2886,text,0,1,0,
STOKI_DEF,1714,17,PROPS,264,1453,text,38,1,0,
STOKI_DEF,1714,17,NOTE,264,8383,text,0,1,0,
STOKI_DEF,1714,20,PROPS,264,8607,text,18,1,0,
STOKI_DEF,1714,20,NOTE,264,8611,text,0,1,0,
STOKI_DEF,1714,21,NOTE,264,8387,text,0,1,0,
STOKI_DEF,1714,23,NOTE,264,9107,text,0,1,0,
STOKI_DEF,5269,0,PROPS,264,9345,text,48,1,0,
STOKI_DEF,5269,0,NOTE,264,8384,text,0,1,0,
STOKI_DEF,5269,2,PROPS,264,20344,text,30,1,0,
STOKI_DEF,5269,2,NOTE,264,8605,text,0,1,0,
STOKI_DEF,5269,4,PROPS,264,8870,text,17,1,0,
STOKI_DEF,5269,4,NOTE,264,15542,text,0,1,0,
STOKI_DEF,5269,6,PROPS,264,15544,text,17,1,0,
STOKI_DEF,5269,6,NOTE,264,15546,text,0,1,0,
STOKI_DEF,5269,8,PROPS,264,3842,text,17,1,0,
STOKI_DEF,5269,8,NOTE,264,3844,text,0,1,0,
STOKI_DEF,5269,10,PROPS,264,8630,text,25,1,0,
STOKI_DEF,5269,10,NOTE,264,8613,text,0,1,0,
STOKI_DEF,5269,12,PROPS,264,8631,text,25,1,0,
STOKI_DEF,5269,12,NOTE,264,8615,text,0,1,0,
STOKI_DEF,5269,14,PROPS,264,8617,text,41,1,0,
STOKI_DEF,5269,16,PROPS,264,8619,text,36,1,0,
STOKI_DEF,5269,18,PROPS,264,9827,text,21,1,0,
STOKI_DEF,5269,18,NOTE,264,8621,text,0,1,0,
STOKI_DEF,5269,20,NOTE,264,8623,text,24,1,0,
STOKI_DEF,5269,22,NOTE,264,9822,text,17,1,0,
STOKI_DEF,5269,24,NOTE,264,1707,text,0,1,0,
STOKI_DEF,5270,0,NOTE,264,8627,text,26,1,0,
STOKI_DEF,5270,2,NOTE,264,30860,text,40,1,0,
STOKI_DEF,5270,4,NOTE,264,8844,text,40,1,0,
STOKI_DEF,5270,6,NOTE,264,8848,text,9,1,0,
STOKI_DEF,5270,8,NOTE,264,9340,text,35,1,0,
STOKI_DEF,5270,10,NOTE,264,8852,text,24,1,0,
STOKI_DEF,5270,12,NOTE,264,8854,text,25,1,0,
STOKI_DEF,5270,14,NOTE,264,8856,text,23,1,0,
STOKI_DEF,5270,16,NOTE,264,16026,text,32,1,0,
STOKI_DEF,5270,18,NOTE,264,24402,text,25,1,0,
STOKI_DEF,5270,20,NOTE,264,8625,text,10,1,0,
STOKI_DEF,5270,22,NOTE,264,9824,text,20,1,0,
STOKI_DEF,5271,0,NOTE,264,11242,text,25,1,0,
STOKI_DEF,5271,2,NOTE,264,27486,text,31,1,0,
STOKI_DEF,5271,4,NOTE,264,27488,text,29,1,0,
STOKI_DEF,5271,6,NOTE,264,9821,text,33,1,0,
STOKI_DEF,5271,8,NOTE,264,27492,text,29,1,0,
STOKI_DEF,5271,10,NOTE,264,11953,text,35,1,0,
STOKI_DEF,5271,12,NOTE,264,20580,text,20,1,0,
STOKI_DEF,5271,14,NOTE,264,9826,text,30,1,0,
STOKI_DEF,5271,16,NOTE,264,20587,text,30,1,0,
STOKI_DEF,5271,18,NOTE,264,20585,text,29,1,0,
STOKI_DEF,5271,20,NOTE,264,1461,text,28,1,0,
STOKI_DEF,5271,22,NOTE,264,14602,text,0,1,0,
STOKI_DEF,5273,0,NOTE,264,1459,text,33,1,0,
STOKI_DEF,5273,2,NOTE,264,1460,text,32,1,0,
STOKI_DEF,5273,3,NOTE,264,9325,text,0,1,0,
STOKI_DEF,5273,5,NOTE,264,1,text,0,1,0,
STOKI_DEF,5273,7,NOTE,264,19864,text,0,1,0,
STOKI_DEF,5273,9,NOTE,264,9332,text,0,1,0,
STOKI_DEF,5273,10,NOTE,264,9806,text,12,1,0,
STOKI_DEF,5273,12,NOTE,264,1210,text,26,1,0,
STOKI_DEF,5273,14,NOTE,264,9336,text,29,1,0,
STOKI_DEF,5273,16,NOTE,264,9563,text,26,1,0,
STOKI_DEF,5273,17,NOTE,264,9339,text,0,1,0,
STOKI_DEF,5273,20,NOTE,264,9322,text,0,1,0,
STOKI_DEF,5274,1,NOTE,264,9566,text,0,1,0,
STOKI_DEF,5274,2,NOTE,264,9564,text,0,1,0,
STOKI_DEF,5274,5,NOTE,264,17211,text,0,1,0,
STOKI_DEF,5274,8,NOTE,264,1199,text,36,1,0,
STOKI_DEF,5274,9,NOTE,264,9570,text,0,1,0,
STOKI_DEF,5274,12,NOTE,264,15781,text,34,1,0,
STOKI_DEF,5274,13,NOTE,264,9574,text,0,1,0,
STOKI_DEF,5274,15,NOTE,264,9576,text,0,1,0,
STOKI_DEF,5274,17,NOTE,264,9578,text,0,1,0,
STOKI_DEF,5274,19,NOTE,264,9585,text,0,1,0,
STOKI_DEF,5274,20,NOTE,264,26069,text,22,1,0,
STOKI_DEF,5274,26,NOTE,264,2167,text,0,1,0,
STOKI_DEF,5274,28,NOTE,264,9589,text,0,1,0,
STOKI_DEF,5275,0,NOTE,264,25351,text,25,1,0,
STOKI_DEF,5275,2,NOTE,264,9590,text,0,1,0,
STOKI_DEF,5275,3,NOTE,264,9803,text,0,1,0,
STOKI_DEF,5275,6,NOTE,264,9807,text,0,1,0,
STOKI_DEF,5275,9,NOTE,264,9811,text,0,1,0,
STOKI_DEF,5275,10,NOTE,264,9800,text,41,1,0,
STOKI_DEF,5275,14,NOTE,264,9815,text,0,1,0,
STOKI_DEF,5275,18,NOTE,264,9816,text,0,1,0,
STOKI_DEF,5275,19,NOTE,264,9820,text,0,1,0,
STOKI_DEF,5275,20,NOTE,264,13399,text,30,1,0,
STOKI_DEF,5275,29,NOTE,264,9832,text,0,1,0,
STOKI_DEF,5277,0,NOTE,264,18174,text,30,1,0,
STOKI_DEF,5277,1,NOTE,264,10041,text,0,1,0,
STOKI_DEF,5277,4,NOTE,264,10060,text,0,1,0,
STOKI_DEF,5277,6,NOTE,264,26068,text,37,1,0,
STOKI_DEF,5277,10,NOTE,264,10047,text,19,1,0,
STOKI_DEF,5277,11,NOTE,264,10063,text,0,1,0,
STOKI_DEF,5277,12,NOTE,264,18442,text,28,1,0,
STOKI_DEF,5277,14,NOTE,264,10051,text,50,1,0,
STOKI_DEF,5277,16,NOTE,264,10053,text,45,1,0,
STOKI_DEF,5277,18,NOTE,264,10055,text,38,1,0,
STOKI_DEF,5277,20,NOTE,264,10057,text,34,1,0,
STOKI_DEF,5278,0,NOTE,264,10059,text,32,1,0,
STOKI_DEF,5278,4,NOTE,264,10282,text,37,1,0,
STOKI_DEF,5278,6,NOTE,264,10782,text,42,1,0,
STOKI_DEF,5278,8,NOTE,264,10278,text,19,1,0,
STOKI_DEF,5278,10,NOTE,264,10286,text,44,1,0,
STOKI_DEF,5278,12,NOTE,264,10288,text,50,1,0,
STOKI_DEF,5278,14,NOTE,264,10290,text,51,1,0,
STOKI_DEF,5278,16,NOTE,264,10292,text,51,1,0,
STOKI_DEF,5278,18,NOTE,264,10294,text,17,1,0,
STOKI_DEF,5278,20,NOTE,264,10280,text,34,1,0,
STOKI_DEF,5279,0,NOTE,264,10298,text,17,1,0,
STOKI_DEF,5279,2,NOTE,264,10517,text,39,1,0,
STOKI_DEF,5279,4,NOTE,264,10519,text,39,1,0,
STOKI_DEF,5279,6,NOTE,264,10521,text,39,1,0,
STOKI_DEF,5279,8,NOTE,264,10523,text,32,1,0,
STOKI_DEF,5279,10,NOTE,264,10525,text,33,1,0,
STOKI_DEF,5279,12,NOTE,264,10527,text,33,1,0,
STOKI_DEF,5279,14,NOTE,264,10529,text,33,1,0,
STOKI_DEF,5279,16,NOTE,264,10531,text,33,1,0,
STOKI_DEF,5279,18,NOTE,264,25365,text,34,1,0,
STOKI_DEF,5279,20,NOTE,264,10535,text,39,1,0,
STOKI_DEF,5280,0,NOTE,264,8391,text,37,1,0,
STOKI_DEF,5280,2,NOTE,264,10756,text,20,1,0,
STOKI_DEF,5280,4,NOTE,264,10758,text,20,1,0,
STOKI_DEF,5280,6,NOTE,264,10760,text,14,1,0,
STOKI_DEF,5280,8,NOTE,264,10762,text,25,1,0,
STOKI_DEF,5280,10,NOTE,264,10764,text,22,1,0,
STOKI_DEF,5280,12,NOTE,264,10766,text,10,1,0,
STOKI_DEF,5280,14,NOTE,264,10768,text,10,1,0,
STOKI_DEF,5280,16,NOTE,264,10770,text,18,1,0,
STOKI_DEF,5280,18,NOTE,264,10772,text,14,1,0,
STOKI_DEF,5280,20,NOTE,264,10774,text,17,1,0,
STOKI_DEF,5280,22,NOTE,264,10776,text,16,1,0,
STOKI_DEF,5280,23,NOTE,264,10779,text,0,1,0,
STOKI_DEF,5281,0,NOTE,264,25815,text,37,1,0,
STOKI_DEF,5281,2,NOTE,264,10995,text,23,1,0,
STOKI_DEF,5281,4,NOTE,264,3848,text,27,1,0,
STOKI_DEF,5281,6,NOTE,264,10999,text,43,1,0,
STOKI_DEF,5281,8,NOTE,264,11001,text,16,1,0,
STOKI_DEF,5281,10,NOTE,264,11003,text,21,1,0,
STOKI_DEF,5281,12,NOTE,264,11005,text,19,1,0,
STOKI_DEF,5281,14,NOTE,264,10300,text,31,1,0,
STOKI_DEF,5281,16,NOTE,264,11009,text,8,1,0,
STOKI_DEF,5281,18,NOTE,264,11011,text,29,1,0,
STOKI_DEF,5281,20,NOTE,264,11018,text,17,1,0,
STOKI_DEF,5281,22,NOTE,264,11015,text,51,1,0,
STOKI_DEF,5283,0,NOTE,264,8866,text,32,1,0,
STOKI_DEF,5283,1,NOTE,264,11244,text,0,1,0,
STOKI_DEF,5283,2,NOTE,264,8860,text,32,1,0,
STOKI_DEF,5283,4,NOTE,264,10043,text,27,1,0,
STOKI_DEF,5283,6,NOTE,264,16273,text,29,1,0,
STOKI_DEF,5283,8,NOTE,264,18428,text,20,1,0,
STOKI_DEF,5283,10,NOTE,264,10302,text,16,1,0,
STOKI_DEF,5283,12,NOTE,264,11236,text,64,1,0,
STOKI_DEF,5283,14,NOTE,264,11246,text,52,1,0,
STOKI_DEF,5283,16,NOTE,264,11718,text,23,1,0,
STOKI_DEF,5283,18,NOTE,264,11961,text,23,1,0,
STOKI_DEF,5283,20,NOTE,264,11252,text,40,1,0,
STOKI_DEF,5284,0,NOTE,264,11254,text,24,1,0,
STOKI_DEF,5284,2,NOTE,264,11473,text,28,1,0,
STOKI_DEF,5284,4,NOTE,264,11475,text,39,1,0,
STOKI_DEF,5284,6,NOTE,264,11477,text,34,1,0,
STOKI_DEF,5284,8,NOTE,264,11479,text,21,1,0,
STOKI_DEF,5284,10,NOTE,264,11481,text,22,1,0,
STOKI_DEF,5284,12,NOTE,264,11483,text,22,1,0,
STOKI_DEF,5284,14,NOTE,264,11485,text,27,1,0,
STOKI_DEF,5284,16,NOTE,264,11487,text,20,1,0,
STOKI_DEF,5284,18,NOTE,264,11489,text,18,1,0,
STOKI_DEF,5284,20,NOTE,264,28685,text,18,1,0,
STOKI_DEF,5284,22,NOTE,264,11493,text,17,1,0,
STOKI_DEF,5285,0,NOTE,264,11495,text,18,1,0,
STOKI_DEF,5285,2,NOTE,264,11712,text,28,1,0,
STOKI_DEF,5285,4,NOTE,264,11714,text,18,1,0,
STOKI_DEF,5285,6,NOTE,264,11716,text,8,1,0,
STOKI_DEF,5285,8,NOTE,264,25366,text,18,1,0,
STOKI_DEF,5285,10,NOTE,264,11720,text,24,1,0,
STOKI_DEF,5285,12,NOTE,264,11722,text,28,1,0,
STOKI_DEF,5285,14,NOTE,264,11724,text,28,1,0,
STOKI_DEF,5285,16,NOTE,264,11726,text,28,1,0,
STOKI_DEF,5285,18,NOTE,264,11728,text,28,1,0,
STOKI_DEF,5285,20,NOTE,264,11730,text,6,1,0,
STOKI_DEF,5285,22,NOTE,264,11732,text,8,1,0,
STOKI_DEF,5286,0,NOTE,264,11734,text,15,1,0,
STOKI_DEF,5286,2,NOTE,264,18913,text,14,1,0,
STOKI_DEF,5286,4,NOTE,264,11248,text,31,1,0,
STOKI_DEF,5286,6,NOTE,264,11955,text,37,1,0,
STOKI_DEF,5286,8,NOTE,264,24644,text,6,1,0,
STOKI_DEF,5286,10,NOTE,264,24645,text,9,1,0,
STOKI_DEF,5286,12,NOTE,264,15785,text,24,1,0,
STOKI_DEF,5286,14,NOTE,264,25364,text,25,1,0,
STOKI_DEF,5286,16,NOTE,264,26058,text,13,1,0,
STOKI_DEF,5286,18,NOTE,264,11967,text,18,1,0,
STOKI_DEF,5286,20,NOTE,264,11969,text,12,1,0,
STOKI_DEF,5286,22,NOTE,264,11971,text,17,1,0,
STOKI_DEF,5286,24,NOTE,264,11973,text,17,1,0,
STOKI_DEF,5288,0,NOTE,264,11975,text,24,1,0,
STOKI_DEF,5288,2,NOTE,264,12190,text,33,1,0,
STOKI_DEF,5288,4,NOTE,264,12192,text,22,1,0,
STOKI_DEF,5288,6,NOTE,264,12194,text,45,1,0,
STOKI_DEF,5288,8,NOTE,264,12196,text,19,1,0,
STOKI_DEF,5288,10,NOTE,264,12198,text,35,1,0,
STOKI_DEF,5288,12,NOTE,264,12202,text,0,1,0,
STOKI_DEF,5288,14,NOTE,264,13889,text,34,1,0,
STOKI_DEF,5288,16,NOTE,264,12915,text,19,1,0,
STOKI_DEF,5288,18,NOTE,264,12211,text,11,1,0,
STOKI_DEF,5288,20,NOTE,264,12208,text,14,1,0,
STOKI_DEF,5289,0,NOTE,264,37055,text,33,1,0,
STOKI_DEF,5289,2,NOTE,264,37050,text,28,1,0,
STOKI_DEF,5289,4,NOTE,264,12431,text,25,1,0,
STOKI_DEF,5289,6,NOTE,264,12433,text,40,1,0,
STOKI_DEF,5289,8,NOTE,264,12435,text,23,1,0,
STOKI_DEF,5289,10,NOTE,264,12437,text,20,1,0,
STOKI_DEF,5289,12,NOTE,264,12439,text,12,1,0,
STOKI_DEF,5289,14,NOTE,264,12441,text,23,1,0,
STOKI_DEF,5289,16,NOTE,264,12443,text,19,1,0,
STOKI_DEF,5289,18,NOTE,264,12445,text,18,1,0,
STOKI_DEF,5289,20,NOTE,264,12447,text,38,1,0,
STOKI_DEF,5290,0,NOTE,264,12454,text,18,1,0,
STOKI_DEF,5290,2,NOTE,264,12668,text,9,1,0,
STOKI_DEF,5290,4,NOTE,264,33226,text,18,1,0,
STOKI_DEF,5290,6,NOTE,264,32521,text,20,1,0,
STOKI_DEF,5290,8,NOTE,264,12449,text,11,1,0,
STOKI_DEF,5290,10,NOTE,264,12453,text,18,1,0,
STOKI_DEF,5290,12,NOTE,264,12670,text,12,1,0,
STOKI_DEF,5290,14,NOTE,264,25833,text,24,1,0,
STOKI_DEF,5290,16,NOTE,264,12913,text,24,1,0,
STOKI_DEF,5290,18,NOTE,264,12917,text,27,1,0,
STOKI_DEF,5290,20,NOTE,264,25840,text,26,1,0,
STOKI_DEF,5290,22,NOTE,264,12214,text,25,1,0,
STOKI_DEF,5291,0,NOTE,264,12672,text,26,1,0,
STOKI_DEF,5291,2,NOTE,264,12686,text,29,1,0,
STOKI_DEF,5291,4,NOTE,264,37051,text,25,1,0,
STOKI_DEF,5291,6,NOTE,264,12429,text,27,1,0,
STOKI_DEF,5291,8,NOTE,264,37056,text,27,1,0,
STOKI_DEF,5291,10,NOTE,264,37052,text,26,1,0,
STOKI_DEF,5291,12,NOTE,264,12930,text,27,1,0,
STOKI_DEF,5291,14,NOTE,264,12206,text,28,1,0,
STOKI_DEF,5291,16,NOTE,264,12212,text,36,1,0,
STOKI_DEF,5291,18,NOTE,264,12213,text,40,1,0,
STOKI_DEF,5291,20,NOTE,264,12925,text,31,1,0,
STOKI_DEF,5292,0,NOTE,264,26311,text,31,1,0,
STOKI_DEF,5292,2,NOTE,264,12921,text,34,1,0,
STOKI_DEF,5292,4,NOTE,264,12923,text,33,1,0,
STOKI_DEF,5292,6,NOTE,264,12919,text,31,1,0,
STOKI_DEF,5292,8,NOTE,264,12927,text,31,1,0,
STOKI_DEF,5292,10,NOTE,264,13154,text,46,1,0,
STOKI_DEF,5292,12,NOTE,264,13156,text,46,1,0,
STOKI_DEF,5292,14,NOTE,264,17219,text,18,1,0,
STOKI_DEF,5292,16,NOTE,264,15779,text,53,1,0,
STOKI_DEF,5292,18,NOTE,264,29878,text,38,1,0,
STOKI_DEF,5292,20,NOTE,264,13146,text,47,1,0,
STOKI_DEF,5293,0,NOTE,264,13166,text,42,1,0,
STOKI_DEF,5293,2,NOTE,264,13401,text,21,1,0,
STOKI_DEF,5293,4,NOTE,264,13387,text,61,1,0,
STOKI_DEF,5293,6,NOTE,264,13389,text,27,1,0,
STOKI_DEF,5293,8,NOTE,264,13391,text,19,1,0,
STOKI_DEF,5293,10,NOTE,264,13393,text,48,1,0,
STOKI_DEF,5293,12,NOTE,264,13644,text,31,1,0,
STOKI_DEF,5293,13,NOTE,264,971,text,0,1,0,
STOKI_DEF,5293,14,NOTE,264,11238,text,22,1,0,
STOKI_DEF,5293,16,NOTE,264,22256,text,27,1,0,
STOKI_DEF,5293,18,NOTE,264,17209,text,26,1,0,
STOKI_DEF,5293,20,NOTE,264,16984,text,29,1,0,
STOKI_DEF,5294,0,NOTE,264,24881,text,48,1,0,
STOKI_DEF,5294,2,NOTE,264,13624,text,32,1,0,
STOKI_DEF,5294,3,NOTE,264,16970,text,23,1,0,
STOKI_DEF,5294,4,NOTE,264,15305,text,17,1,0,
STOKI_DEF,5294,6,NOTE,264,13628,text,4,1,0,
STOKI_DEF,5294,8,NOTE,264,495,text,15,1,0,
STOKI_DEF,5294,10,NOTE,264,13634,text,4,1,0,
STOKI_DEF,5294,12,NOTE,264,10062,text,47,1,0,
STOKI_DEF,5294,14,NOTE,264,16024,text,14,1,0,
STOKI_DEF,5294,16,NOTE,264,13638,text,14,1,0,
STOKI_DEF,5294,18,NOTE,264,13640,text,16,1,0,
STOKI_DEF,5294,20,NOTE,264,13642,text,37,1,0,
STOKI_DEF,5294,22,NOTE,264,13892,text,37,1,0,
STOKI_DEF,5296,0,NOTE,264,24165,text,29,1,0,
STOKI_DEF,5296,2,NOTE,264,13863,text,26,1,0,
STOKI_DEF,5296,4,NOTE,264,13865,text,29,1,0,
STOKI_DEF,5296,6,NOTE,264,13867,text,7,1,0,
STOKI_DEF,5296,8,NOTE,264,13869,text,4,1,0,
STOKI_DEF,5296,10,NOTE,264,13871,text,15,1,0,
STOKI_DEF,5296,12,NOTE,264,13873,text,19,1,0,
STOKI_DEF,5296,14,NOTE,264,13875,text,20,1,0,
STOKI_DEF,5296,16,NOTE,264,13877,text,21,1,0,
STOKI_DEF,5296,18,NOTE,264,13879,text,30,1,0,
STOKI_DEF,5296,20,NOTE,264,13881,text,34,1,0,
STOKI_DEF,5296,22,NOTE,264,13883,text,11,1,0,
STOKI_DEF,5296,24,NOTE,264,13885,text,14,1,0,
STOKI_DEF,5297,0,NOTE,264,13887,text,13,1,0,
STOKI_DEF,5297,2,NOTE,264,14102,text,18,1,0,
STOKI_DEF,5297,4,NOTE,264,14104,text,19,1,0,
STOKI_DEF,5297,6,NOTE,264,14106,text,10,1,0,
STOKI_DEF,5297,8,NOTE,264,14108,text,19,1,0,
STOKI_DEF,5297,10,NOTE,264,14110,text,21,1,0,
STOKI_DEF,5297,12,NOTE,264,14112,text,20,1,0,
STOKI_DEF,5297,14,NOTE,264,14114,text,19,1,0,
STOKI_DEF,5297,16,NOTE,264,14116,text,10,1,0,
STOKI_DEF,5297,18,NOTE,264,14118,text,9,1,0,
STOKI_DEF,5297,20,NOTE,264,14120,text,30,1,0,
STOKI_DEF,5297,22,NOTE,264,14122,text,6,1,0,
STOKI_DEF,5297,24,NOTE,264,14124,text,30,1,0,
STOKI_DEF,5298,0,NOTE,264,14126,text,13,1,0,
STOKI_DEF,5298,2,NOTE,264,14341,text,23,1,0,
STOKI_DEF,5298,4,NOTE,264,14343,text,12,1,0,
STOKI_DEF,5298,6,NOTE,264,14345,text,17,1,0,
STOKI_DEF,5298,8,NOTE,264,14347,text,12,1,0,
STOKI_DEF,5298,10,NOTE,264,14349,text,16,1,0,
STOKI_DEF,5298,12,NOTE,264,14351,text,27,1,0,
STOKI_DEF,5298,14,NOTE,264,14353,text,18,1,0,
STOKI_DEF,5298,16,NOTE,264,22232,text,20,1,0,
STOKI_DEF,5298,18,NOTE,264,14357,text,22,1,0,
STOKI_DEF,5298,20,NOTE,264,14359,text,22,1,0,
STOKI_DEF,5298,22,NOTE,264,14361,text,8,1,0,
STOKI_DEF,5298,24,NOTE,264,14355,text,49,1,0,
STOKI_DEF,5299,0,NOTE,264,14365,text,46,1,0,
STOKI_DEF,5299,2,NOTE,264,14580,text,49,1,0,
STOKI_DEF,5299,4,NOTE,264,14582,text,59,1,0,
STOKI_DEF,5299,6,NOTE,264,14584,text,56,1,0,
STOKI_DEF,5299,8,NOTE,264,27270,text,58,1,0,
STOKI_DEF,5299,9,NOTE,264,14589,text,0,1,0,
STOKI_DEF,5299,11,NOTE,264,14591,text,0,1,0,
STOKI_DEF,5299,14,NOTE,264,14592,text,34,1,0,
STOKI_DEF,5299,16,NOTE,264,14594,text,48,1,0,
STOKI_DEF,5299,18,NOTE,264,14596,text,51,1,0,
STOKI_DEF,5299,20,NOTE,264,14600,text,0,1,0,
STOKI_DEF,5300,0,NOTE,264,14598,text,16,1,0,
STOKI_DEF,5300,2,NOTE,264,14819,text,38,1,0,
STOKI_DEF,5300,4,NOTE,264,15058,text,34,1,0,
STOKI_DEF,5300,6,NOTE,264,14821,text,34,1,0,
STOKI_DEF,5300,8,NOTE,264,13649,text,22,1,0,
STOKI_DEF,5300,10,NOTE,264,14823,text,32,1,0,
STOKI_DEF,5300,12,NOTE,264,14827,text,30,1,0,
STOKI_DEF,5300,14,NOTE,264,14829,text,29,1,0,
STOKI_DEF,5300,16,NOTE,264,14833,text,18,1,0,
STOKI_DEF,5300,18,NOTE,264,15085,text,12,1,0,
STOKI_DEF,5300,20,NOTE,264,13648,text,16,1,0,
STOKI_DEF,5300,22,NOTE,264,14841,text,0,1,0,
STOKI_DEF,5301,0,NOTE,264,15297,text,48,1,0,
STOKI_DEF,5301,2,NOTE,264,13646,text,43,1,0,
STOKI_DEF,5301,4,NOTE,264,15060,text,43,1,0,
STOKI_DEF,5301,6,NOTE,264,15062,text,21,1,0,
STOKI_DEF,5301,8,NOTE,264,15064,text,43,1,0,
STOKI_DEF,5301,10,NOTE,264,15066,text,45,1,0,
STOKI_DEF,5301,12,NOTE,264,15068,text,49,1,0,
STOKI_DEF,5301,14,NOTE,264,14842,text,60,1,0,
STOKI_DEF,5301,16,NOTE,264,28465,text,55,1,0,
STOKI_DEF,5301,18,NOTE,264,15074,text,20,1,0,
STOKI_DEF,5301,20,NOTE,264,15070,text,0,1,0,
STOKI_DEF,5303,0,NOTE,264,15084,text,32,1,0,
STOKI_DEF,5303,2,NOTE,264,14837,text,22,1,0,
STOKI_DEF,5303,3,NOTE,264,15301,text,0,1,0,
STOKI_DEF,5303,4,NOTE,264,15072,text,39,1,0,
STOKI_DEF,5303,6,NOTE,264,14831,text,39,1,0,
STOKI_DEF,5303,8,NOTE,264,15076,text,35,1,0,
STOKI_DEF,5303,10,NOTE,264,14839,text,17,1,0,
STOKI_DEF,5303,12,NOTE,264,14835,text,32,1,0,
STOKI_DEF,5303,14,NOTE,264,14825,text,20,1,0,
STOKI_DEF,5303,16,NOTE,264,15311,text,46,1,0,
STOKI_DEF,5303,18,NOTE,264,15313,text,41,1,0,
STOKI_DEF,5303,20,NOTE,264,11963,text,28,1,0,
STOKI_DEF,5305,0,NOTE,264,13160,text,27,1,0,
STOKI_DEF,5305,1,NOTE,264,15540,text,0,1,0,
STOKI_DEF,5305,2,NOTE,264,13167,text,20,1,0,
STOKI_DEF,5305,4,NOTE,264,26540,text,27,1,0,
STOKI_DEF,5305,6,NOTE,264,15307,text,25,1,0,
STOKI_DEF,5305,8,NOTE,264,15538,text,25,1,0,
STOKI_DEF,5305,10,NOTE,264,10046,text,25,1,0,
STOKI_DEF,5305,12,NOTE,264,12929,text,26,1,0,
STOKI_DEF,5305,14,NOTE,264,17687,text,17,1,0,
STOKI_DEF,5305,16,NOTE,264,15552,text,18,1,0,
STOKI_DEF,5305,18,NOTE,264,16513,text,28,1,0,
STOKI_DEF,5305,20,NOTE,264,20576,text,28,1,0,
STOKI_DEF,5305,22,NOTE,264,15558,text,0,1,0,
STOKI_DEF,5306,0,NOTE,264,15556,text,40,1,0,
STOKI_DEF,5306,2,NOTE,264,15775,text,40,1,0,
STOKI_DEF,5306,4,NOTE,264,15777,text,40,1,0,
STOKI_DEF,5306,6,NOTE,264,15795,text,33,1,0,
STOKI_DEF,5306,8,NOTE,264,15548,text,9,1,0,
STOKI_DEF,5306,10,NOTE,264,20577,text,21,1,0,
STOKI_DEF,5306,12,NOTE,264,11957,text,45,1,0,
STOKI_DEF,5306,14,NOTE,264,3126,text,40,1,0,
STOKI_DEF,5306,16,NOTE,264,17217,text,36,1,0,
STOKI_DEF,5306,17,NOTE,264,985,text,0,1,0,
STOKI_DEF,5306,18,NOTE,264,3130,text,40,1,0,
STOKI_DEF,5306,20,NOTE,264,3131,text,36,1,0,
STOKI_DEF,5307,0,NOTE,264,9347,text,33,1,0,
STOKI_DEF,5307,1,NOTE,264,26779,text,39,1,0,
STOKI_DEF,5307,2,NOTE,264,9804,text,37,1,0,
STOKI_DEF,5307,4,NOTE,264,18657,text,33,1,0,
STOKI_DEF,5307,6,NOTE,264,16028,text,0,1,0,
STOKI_DEF,5307,8,NOTE,264,10997,text,44,1,0,
STOKI_DEF,5307,9,NOTE,264,16018,text,47,1,0,
STOKI_DEF,5307,10,NOTE,264,9343,text,29,1,0,
STOKI_DEF,5307,12,NOTE,264,26558,text,34,1,0,
STOKI_DEF,5307,14,NOTE,264,3128,text,32,1,0,
STOKI_DEF,5307,16,NOTE,264,33478,text,33,1,0,
STOKI_DEF,5307,18,NOTE,264,30355,text,31,1,0,
STOKI_DEF,5307,20,NOTE,264,28214,text,30,1,0,
STOKI_DEF,5308,0,NOTE,264,9810,text,31,1,0,
STOKI_DEF,5308,2,NOTE,264,16259,text,31,1,0,
STOKI_DEF,5308,4,NOTE,264,16253,text,48,1,0,
STOKI_DEF,5308,5,NOTE,264,16267,text,0,1,0,
STOKI_DEF,5308,6,NOTE,264,11020,text,52,1,0,
STOKI_DEF,5308,8,NOTE,264,28216,text,45,1,0,
STOKI_DEF,5308,10,NOTE,264,16261,text,41,1,0,
STOKI_DEF,5308,12,NOTE,264,16263,text,41,1,0,
STOKI_DEF,5308,14,NOTE,264,16265,text,41,1,0,
STOKI_DEF,5308,16,NOTE,264,14128,text,31,1,0,
STOKI_DEF,5308,18,NOTE,264,9825,text,51,1,0,
STOKI_DEF,5308,20,NOTE,264,1451,text,39,1,0,
STOKI_DEF,5309,0,NOTE,264,1452,text,47,1,0,
STOKI_DEF,5309,1,NOTE,264,16500,text,0,1,0,
STOKI_DEF,5309,2,NOTE,264,1450,text,63,1,0,
STOKI_DEF,5309,4,NOTE,264,1457,text,45,1,0,
STOKI_DEF,5309,5,NOTE,264,18191,text,25,1,0,
STOKI_DEF,5309,6,NOTE,264,1456,text,49,1,0,
STOKI_DEF,5309,8,NOTE,264,31100,text,62,1,0,
STOKI_DEF,5309,10,NOTE,264,1458,text,40,1,0,
STOKI_DEF,5309,12,NOTE,264,20575,text,44,1,0,
STOKI_DEF,5309,14,NOTE,264,10040,text,28,1,0,
STOKI_DEF,5309,16,NOTE,264,8850,text,20,1,0,
STOKI_DEF,5309,18,NOTE,264,9587,text,14,1,0,
STOKI_DEF,5309,20,NOTE,264,27255,text,20,1,0,
STOKI_DEF,5310,0,NOTE,264,8858,text,20,1,0,
STOKI_DEF,5310,2,NOTE,264,34438,text,20,1,0,
STOKI_DEF,5310,4,NOTE,264,16733,text,20,1,0,
STOKI_DEF,5310,6,NOTE,264,9567,text,12,1,0,
STOKI_DEF,5310,8,NOTE,264,16737,text,24,1,0,
STOKI_DEF,5310,10,NOTE,264,16986,text,29,1,0,
STOKI_DEF,5310,12,NOTE,264,16747,text,29,1,0,
STOKI_DEF,5310,14,NOTE,264,16749,text,29,1,0,
STOKI_DEF,5310,16,NOTE,264,16735,text,74,1,0,
STOKI_DEF,5310,18,NOTE,264,16743,text,74,1,0,
STOKI_DEF,5310,20,NOTE,264,16980,text,56,1,0,
STOKI_DEF,5311,0,NOTE,264,26064,text,68,1,0,
STOKI_DEF,5311,2,NOTE,264,24643,text,20,1,0,
STOKI_DEF,5311,4,NOTE,264,24885,text,36,1,0,
STOKI_DEF,5311,6,NOTE,264,16752,text,60,1,0,
STOKI_DEF,5311,8,NOTE,264,24883,text,76,1,0,
STOKI_DEF,5311,10,NOTE,264,16991,text,76,1,0,
STOKI_DEF,5311,12,NOTE,264,16972,text,68,1,0,
STOKI_DEF,5311,14,NOTE,264,16754,text,40,1,0,
STOKI_DEF,5311,16,NOTE,264,16739,text,40,1,0,
STOKI_DEF,5311,18,NOTE,264,16992,text,53,1,0,
STOKI_DEF,5313,0,NOTE,264,16989,text,53,1,0,
STOKI_DEF,5313,2,NOTE,264,16988,text,63,1,0,
STOKI_DEF,5313,4,NOTE,264,16753,text,47,1,0,
STOKI_DEF,5313,6,NOTE,264,16976,text,57,1,0,
STOKI_DEF,5313,8,NOTE,264,28453,text,56,1,0,
STOKI_DEF,5313,10,NOTE,264,28446,text,33,1,0,
STOKI_DEF,5313,12,NOTE,264,17452,text,28,1,0,
STOKI_DEF,5313,14,NOTE,264,17450,text,50,1,0,
STOKI_DEF,5313,16,NOTE,264,17466,text,22,1,0,
STOKI_DEF,5313,18,NOTE,264,17464,text,21,1,0,
STOKI_DEF,5313,20,NOTE,264,28451,text,33,1,0,
STOKI_DEF,5314,0,NOTE,264,17462,text,43,1,0,
STOKI_DEF,5314,2,NOTE,264,28454,text,34,1,0,
STOKI_DEF,5314,4,NOTE,264,26320,text,41,1,0,
STOKI_DEF,5314,6,NOTE,264,17448,text,23,1,0,
STOKI_DEF,5314,8,NOTE,264,26307,text,26,1,0,
STOKI_DEF,5314,10,NOTE,264,26308,text,41,1,0,
STOKI_DEF,5314,12,NOTE,264,17460,text,50,1,0,
STOKI_DEF,5314,14,NOTE,264,26301,text,63,1,0,
STOKI_DEF,5314,16,NOTE,264,17458,text,39,1,0,
STOKI_DEF,5314,18,NOTE,264,17454,text,30,1,0,
STOKI_DEF,5314,20,NOTE,264,17456,text,48,1,0,
STOKI_DEF,5315,0,NOTE,264,1436,text,39,1,0,
STOKI_DEF,5315,2,NOTE,264,28920,text,47,1,0,
STOKI_DEF,5315,3,NOTE,264,17691,text,0,1,0,
STOKI_DEF,5315,4,NOTE,264,17695,text,0,1,0,
STOKI_DEF,5315,6,NOTE,264,1445,text,25,1,0,
STOKI_DEF,5315,8,NOTE,264,1439,text,18,1,0,
STOKI_DEF,5315,10,NOTE,264,1441,text,53,1,0,
STOKI_DEF,5315,11,NOTE,264,17699,text,0,1,0,
STOKI_DEF,5315,12,NOTE,264,1442,text,38,1,0,
STOKI_DEF,5315,14,NOTE,264,1444,text,35,1,0,
STOKI_DEF,5315,16,NOTE,264,1448,text,33,1,0,
STOKI_DEF,5315,18,NOTE,264,19852,text,16,1,0,
STOKI_DEF,5315,20,NOTE,264,1447,text,34,1,0,
STOKI_DEF,5316,0,NOTE,264,1435,text,22,1,0,
STOKI_DEF,5316,1,NOTE,264,17928,text,0,1,0,
STOKI_DEF,5316,2,NOTE,264,1440,text,28,1,0,
STOKI_DEF,5316,4,NOTE,264,1443,text,8,1,0,
STOKI_DEF,5316,6,NOTE,264,980,text,9,1,0,
STOKI_DEF,5316,8,NOTE,264,984,text,3,1,0,
STOKI_DEF,5316,10,NOTE,264,27494,text,72,1,0,
STOKI_DEF,5316,11,NOTE,264,24882,text,0,1,0,
STOKI_DEF,5316,12,NOTE,264,27976,text,0,1,0,
STOKI_DEF,5316,13,NOTE,264,24874,text,0,1,0,
STOKI_DEF,5316,14,NOTE,264,17940,text,0,1,0,
STOKI_DEF,5316,16,NOTE,264,17942,text,0,1,0,
STOKI_DEF,5316,18,NOTE,264,17944,text,0,1,0,
STOKI_DEF,5316,20,NOTE,264,17946,text,0,1,0,
STOKI_DEF,5316,22,NOTE,264,17948,text,0,1,0,
STOKI_DEF,5351,1,NOTE,264,17711,text,38,1,0,
STOKI_DEF,5351,2,NOTE,264,18167,text,0,1,0,
STOKI_DEF,5351,4,NOTE,264,18169,text,0,1,0,
STOKI_DEF,5351,6,NOTE,264,18171,text,0,1,0,
STOKI_DEF,5351,8,NOTE,264,18173,text,0,1,0,
STOKI_DEF,5351,11,NOTE,264,18176,text,0,1,0,
STOKI_DEF,5351,13,NOTE,264,18178,text,0,1,0,
STOKI_DEF,5351,15,NOTE,264,18180,text,0,1,0,
STOKI_DEF,5351,18,NOTE,264,20795,text,35,1,0,
STOKI_DEF,5351,20,NOTE,264,20819,text,33,1,0,
STOKI_DEF,5351,24,NOTE,264,24879,text,34,1,0,
STOKI_DEF,5351,26,NOTE,264,18189,text,22,1,0,
STOKI_DEF,5455,0,NOTE,264,28926,text,0,1,0,
STOKI_DEF,5455,19,NOTE,264,9105,text,35,1,0,
STOKI_DEF,5455,20,NOTE,264,18424,text,0,1,0,
STOKI_DEF,5455,37,NOTE,264,18441,text,0,1,0,
STOKI_DEF,5455,40,NOTE,264,18444,text,0,1,0,
STOKI_DEF,5455,42,NOTE,264,18446,text,0,1,0,
STOKI_DEF,5455,44,NOTE,264,18448,text,0,1,0,
STOKI_DEF,5455,46,NOTE,264,18450,text,0,1,0,
STOKI_DEF,5455,48,NOTE,264,18187,text,0,1,0,
STOKI_DEF,5637,2,NOTE,264,18645,text,0,1,0,
STOKI_DEF,5637,4,NOTE,264,34914,text,26,1,0,
STOKI_DEF,5637,6,NOTE,264,30839,text,5,1,0,
STOKI_DEF,5637,7,NOTE,264,18650,text,0,1,0,
STOKI_DEF,5637,9,NOTE,264,18652,text,0,1,0,
STOKI_DEF,5637,11,NOTE,264,18654,text,0,1,0,
STOKI_DEF,5637,13,NOTE,264,18656,text,0,1,0,
STOKI_DEF,5637,16,NOTE,264,16020,text,89,1,0,
STOKI_DEF,5637,18,NOTE,264,18659,text,8,1,0,
STOKI_DEF,5637,19,NOTE,264,18662,text,0,1,0,
STOKI_DEF,5637,21,NOTE,264,18664,text,0,1,0,
STOKI_DEF,5637,23,NOTE,264,27256,text,16,1,0,
STOKI_DEF,5637,25,NOTE,264,18668,text,0,1,0,
STOKI_DEF,5678,0,NOTE,264,18882,text,0,1,0,
STOKI_DEF,5678,2,NOTE,264,18884,text,0,1,0,
STOKI_DEF,5678,4,NOTE,264,18886,text,0,1,0,
STOKI_DEF,5678,6,NOTE,264,11951,text,0,1,0,
STOKI_DEF,5678,8,NOTE,264,18890,text,0,1,0,
STOKI_DEF,5678,10,NOTE,264,18892,text,0,1,0,
STOKI_DEF,5678,14,NOTE,264,18896,text,0,1,0,
STOKI_DEF,5678,16,NOTE,264,18898,text,0,1,0,
STOKI_DEF,5678,18,NOTE,264,18900,text,0,1,0,
STOKI_DEF,5678,21,NOTE,264,18901,text,37,1,0,
STOKI_DEF,5678,22,NOTE,264,18904,text,0,1,0,
STOKI_DEF,5678,24,NOTE,264,18906,text,0,1,0,
STOKI_DEF,5492,0,NOTE,264,19121,text,0,1,0,
STOKI_DEF,5492,2,NOTE,264,19123,text,0,1,0,
STOKI_DEF,5492,4,NOTE,264,19125,text,0,1,0,
STOKI_DEF,5492,6,NOTE,264,9584,text,20,1,0,
STOKI_DEF,5492,7,NOTE,264,18647,text,43,1,0,
STOKI_DEF,5492,8,NOTE,264,10539,text,20,1,0,
STOKI_DEF,5492,10,NOTE,264,2419,text,31,1,0,
STOKI_DEF,5492,12,NOTE,264,19131,text,29,1,0,
STOKI_DEF,5492,14,NOTE,264,19133,text,41,1,0,
STOKI_DEF,5492,16,NOTE,264,19144,text,29,1,0,
STOKI_DEF,5492,18,NOTE,264,19137,text,29,1,0,
STOKI_DEF,5492,20,NOTE,264,19139,text,41,1,0,
STOKI_DEF,5582,1,NOTE,264,28207,text,37,1,0,
STOKI_DEF,5582,3,NOTE,264,28447,text,37,1,0,
STOKI_DEF,5582,5,NOTE,264,28443,text,27,1,0,
STOKI_DEF,5582,7,NOTE,264,28228,text,27,1,0,
STOKI_DEF,5582,10,NOTE,264,19370,text,0,1,0,
STOKI_DEF,5582,12,NOTE,264,14843,text,0,1,0,
STOKI_DEF,5582,14,NOTE,264,19374,text,0,1,0,
STOKI_DEF,5582,16,NOTE,264,19376,text,0,1,0,
STOKI_DEF,5582,19,NOTE,264,19379,text,0,1,0,
STOKI_DEF,5582,22,NOTE,264,19382,text,0,1,0,
STOKI_DEF,5582,24,NOTE,264,19384,text,0,1,0,
STOKI_DEF,5582,26,NOTE,264,19386,text,0,1,0,
STOKI_DEF,5796,1,NOTE,264,19141,text,32,1,0,
STOKI_DEF,5796,3,NOTE,264,19600,text,32,1,0,
STOKI_DEF,5796,5,NOTE,264,19602,text,32,1,0,
STOKI_DEF,5796,7,NOTE,264,19604,text,30,1,0,
STOKI_DEF,5796,9,NOTE,264,19606,text,34,1,0,
STOKI_DEF,5796,11,NOTE,264,19608,text,30,1,0,
STOKI_DEF,5796,14,NOTE,264,19611,text,26,1,0,
STOKI_DEF,5796,16,NOTE,264,19613,text,34,1,0,
STOKI_DEF,5796,18,NOTE,264,19615,text,32,1,0,
STOKI_DEF,5796,20,NOTE,264,19617,text,37,1,0,
STOKI_DEF,5796,22,NOTE,264,19619,text,29,1,0,
STOKI_DEF,5604,2,NOTE,264,19840,text,0,1,0,
STOKI_DEF,5604,4,NOTE,264,19843,text,0,1,0,
STOKI_DEF,5604,7,NOTE,264,19845,text,0,1,0,
STOKI_DEF,5604,9,NOTE,264,19842,text,0,1,0,
STOKI_DEF,5604,11,NOTE,264,19851,text,38,1,0,
STOKI_DEF,5604,12,NOTE,264,19838,text,0,1,0,
STOKI_DEF,5604,13,NOTE,264,10061,text,14,1,0,
STOKI_DEF,5604,16,NOTE,264,26066,text,0,1,0,
STOKI_DEF,5604,18,NOTE,264,19856,text,0,1,0,
STOKI_DEF,5604,20,NOTE,264,19854,text,0,1,0,
STOKI_DEF,5604,22,NOTE,264,19860,text,0,1,0,
STOKI_DEF,5604,24,NOTE,264,19862,text,0,1,0,
STOKI_DEF,5783,0,NOTE,264,19621,text,35,1,0,
STOKI_DEF,5783,2,NOTE,264,20077,text,54,1,0,
STOKI_DEF,5783,4,NOTE,264,20079,text,48,1,0,
STOKI_DEF,5783,6,NOTE,264,20081,text,38,1,0,
STOKI_DEF,5783,8,NOTE,264,20083,text,12,1,0,
STOKI_DEF,5783,10,NOTE,264,20085,text,37,1,0,
STOKI_DEF,5783,12,NOTE,264,20087,text,26,1,0,
STOKI_DEF,5783,14,NOTE,264,26539,text,28,1,0,
STOKI_DEF,5783,16,NOTE,264,20091,text,38,1,0,
STOKI_DEF,5783,18,NOTE,264,20093,text,40,1,0,
STOKI_DEF,5783,20,NOTE,264,20095,text,41,1,0,
STOKI_DEF,5806,0,NOTE,264,20097,text,12,1,0,
STOKI_DEF,5806,2,NOTE,264,20316,text,36,1,0,
STOKI_DEF,5806,4,NOTE,264,20318,text,26,1,0,
STOKI_DEF,5806,6,NOTE,264,20320,text,36,1,0,
STOKI_DEF,5806,8,NOTE,264,20322,text,22,1,0,
STOKI_DEF,5806,10,NOTE,264,20324,text,25,1,0,
STOKI_DEF,5806,12,NOTE,264,20326,text,45,1,0,
STOKI_DEF,5806,14,NOTE,264,20328,text,13,1,0,
STOKI_DEF,5806,16,NOTE,264,20330,text,13,1,0,
STOKI_DEF,5806,18,NOTE,264,20332,text,39,1,0,
STOKI_DEF,5810,1,NOTE,264,20336,text,10,1,0,
STOKI_DEF,5810,3,NOTE,264,20556,text,10,1,0,
STOKI_DEF,5810,5,NOTE,264,20558,text,10,1,0,
STOKI_DEF,5810,7,NOTE,264,20560,text,10,1,0,
STOKI_DEF,5810,9,NOTE,264,20562,text,10,1,0,
STOKI_DEF,5810,11,NOTE,264,20564,text,10,1,0,
STOKI_DEF,5810,13,NOTE,264,20566,text,10,1,0,
STOKI_DEF,5810,15,NOTE,264,20568,text,10,1,0,
STOKI_DEF,5810,17,NOTE,264,20570,text,10,1,0,
STOKI_DEF,5810,19,NOTE,264,21065,text,10,1,0,
STOKI_DEF,5812,1,NOTE,264,20574,text,10,1,0,
STOKI_DEF,5812,3,NOTE,264,20572,text,10,1,0,
STOKI_DEF,5812,4,NOTE,264,20798,text,0,1,0,
STOKI_DEF,5812,6,NOTE,264,20800,text,0,1,0,
STOKI_DEF,5812,8,NOTE,264,11013,text,5,1,0,
STOKI_DEF,5812,10,NOTE,264,20802,text,6,1,0,
STOKI_DEF,5812,11,NOTE,264,20805,text,0,1,0,
STOKI_DEF,5812,13,NOTE,264,20807,text,0,1,0,
STOKI_DEF,5812,15,NOTE,264,20809,text,0,1,0,
STOKI_DEF,5812,17,NOTE,264,20811,text,0,1,0,
STOKI_DEF,5812,19,NOTE,264,20813,text,0,1,0,
STOKI_DEF,5812,21,NOTE,264,20815,text,0,1,0,
STOKI_DEF,5816,1,NOTE,264,1927,text,0,1,0,
STOKI_DEF,5816,4,NOTE,264,21038,text,0,1,0,
STOKI_DEF,5816,7,NOTE,264,20821,text,0,1,0,
STOKI_DEF,5816,9,NOTE,264,21042,text,0,1,0,
STOKI_DEF,5816,11,NOTE,264,21044,text,0,1,0,
STOKI_DEF,5816,13,NOTE,264,21050,text,0,1,0,
STOKI_DEF,5816,23,NOTE,264,21054,text,32,1,0,
STOKI_DEF,5816,34,NOTE,264,21067,text,0,1,0,
STOKI_DEF,5816,40,NOTE,264,21069,text,76,1,0,
STOKI_DEF,5817,0,NOTE,264,21056,text,32,1,0,
STOKI_DEF,5817,2,NOTE,264,21272,text,37,1,0,
STOKI_DEF,5817,4,NOTE,264,21274,text,27,1,0,
STOKI_DEF,5817,6,NOTE,264,21276,text,19,1,0,
STOKI_DEF,5817,8,NOTE,264,21278,text,27,1,0,
STOKI_DEF,5817,10,NOTE,264,21280,text,20,1,0,
STOKI_DEF,5817,12,NOTE,264,21282,text,16,1,0,
STOKI_DEF,5817,14,NOTE,264,21284,text,25,1,0,
STOKI_DEF,5817,16,NOTE,264,21286,text,23,1,0,
STOKI_DEF,5817,17,NOTE,264,21290,text,0,1,0,
STOKI_DEF,5817,18,NOTE,264,17238,text,21,1,0,
STOKI_DEF,5817,20,NOTE,264,17235,text,31,1,0,
STOKI_DEF,5818,0,NOTE,264,21292,text,31,1,0,
STOKI_DEF,5818,2,NOTE,264,21511,text,18,1,0,
STOKI_DEF,5818,4,NOTE,264,21513,text,25,1,0,
STOKI_DEF,5818,6,NOTE,264,21515,text,72,1,0,
STOKI_DEF,5818,8,NOTE,264,21517,text,60,1,0,
STOKI_DEF,5818,10,NOTE,264,21519,text,55,1,0,
STOKI_DEF,5818,12,NOTE,264,21521,text,32,1,0,
STOKI_DEF,5818,14,NOTE,264,21523,text,22,1,0,
STOKI_DEF,5818,16,NOTE,264,21525,text,39,1,0,
STOKI_DEF,5818,18,NOTE,264,21527,text,39,1,0,
STOKI_DEF,5819,0,NOTE,264,21529,text,35,1,0,
STOKI_DEF,5819,2,NOTE,264,21750,text,17,1,0,
STOKI_DEF,5819,4,NOTE,264,21752,text,32,1,0,
STOKI_DEF,5819,6,NOTE,264,21754,text,20,1,0,
STOKI_DEF,5819,8,NOTE,264,21756,text,58,1,0,
STOKI_DEF,5819,10,NOTE,264,21758,text,60,1,0,
STOKI_DEF,5819,12,NOTE,264,21760,text,55,1,0,
STOKI_DEF,5819,14,NOTE,264,21762,text,34,1,0,
STOKI_DEF,5819,16,NOTE,264,21764,text,34,1,0,
STOKI_DEF,5819,18,NOTE,264,21766,text,22,1,0,
STOKI_DEF,5819,20,NOTE,264,21768,text,32,1,0,
STOKI_DEF,5820,0,NOTE,264,21770,text,30,1,0,
STOKI_DEF,5820,2,NOTE,264,21989,text,29,1,0,
STOKI_DEF,5820,4,NOTE,264,21991,text,18,1,0,
STOKI_DEF,5820,6,NOTE,264,21993,text,12,1,0,
STOKI_DEF,5820,8,NOTE,264,21995,text,16,1,0,
STOKI_DEF,5820,10,NOTE,264,21997,text,48,1,0,
STOKI_DEF,5820,12,NOTE,264,21999,text,43,1,0,
STOKI_DEF,5820,14,NOTE,264,19367,text,26,1,0,
STOKI_DEF,5820,16,NOTE,264,22003,text,15,1,0,
STOKI_DEF,5820,18,NOTE,264,22005,text,21,1,0,
STOKI_DEF,5820,20,NOTE,264,22007,text,31,1,0,
STOKI_DEF,5820,22,NOTE,264,22009,text,22,1,0,
STOKI_DEF,5821,0,NOTE,264,22253,text,27,1,0,
STOKI_DEF,5821,2,NOTE,264,22228,text,37,1,0,
STOKI_DEF,5821,4,NOTE,264,22230,text,28,1,0,
STOKI_DEF,5821,6,NOTE,264,1938,text,6,1,0,
STOKI_DEF,5821,8,NOTE,264,22234,text,6,1,0,
STOKI_DEF,5821,10,NOTE,264,22236,text,6,1,0,
STOKI_DEF,5821,12,NOTE,264,22238,text,6,1,0,
STOKI_DEF,5821,14,NOTE,264,22240,text,6,1,0,
STOKI_DEF,5821,16,NOTE,264,22242,text,6,1,0,
STOKI_DEF,5821,18,NOTE,264,22244,text,6,1,0,
STOKI_DEF,5821,20,NOTE,264,22246,text,6,1,0,
STOKI_DEF,5821,22,NOTE,264,22248,text,6,1,0,
STOKI_DEF,5821,24,NOTE,264,22250,text,6,1,0,
STOKI_DEF,5822,0,NOTE,264,22252,text,6,1,0,
STOKI_DEF,5822,2,NOTE,264,22467,text,6,1,0,
STOKI_DEF,5822,4,NOTE,264,22469,text,6,1,0,
STOKI_DEF,5822,6,NOTE,264,22471,text,6,1,0,
STOKI_DEF,5822,8,NOTE,264,22473,text,12,1,0,
STOKI_DEF,5822,10,NOTE,264,22475,text,12,1,0,
STOKI_DEF,5822,12,NOTE,264,22477,text,12,1,0,
STOKI_DEF,5822,14,NOTE,264,22479,text,12,1,0,
STOKI_DEF,5822,16,NOTE,264,22481,text,14,1,0,
STOKI_DEF,5822,18,NOTE,264,22483,text,14,1,0,
STOKI_DEF,5822,20,NOTE,264,22485,text,15,1,0,
STOKI_DEF,5822,22,NOTE,264,22487,text,15,1,0,
STOKI_DEF,5822,24,NOTE,264,22489,text,15,1,0,
STOKI_DEF,5823,0,NOTE,264,22491,text,16,1,0,
STOKI_DEF,5823,2,NOTE,264,22706,text,17,1,0,
STOKI_DEF,5823,4,NOTE,264,22708,text,16,1,0,
STOKI_DEF,5823,6,NOTE,264,9097,text,16,1,0,
STOKI_DEF,5823,8,NOTE,264,22712,text,17,1,0,
STOKI_DEF,5823,10,NOTE,264,22714,text,19,1,0,
STOKI_DEF,5823,12,NOTE,264,22716,text,13,1,0,
STOKI_DEF,5823,14,NOTE,264,22718,text,13,1,0,
STOKI_DEF,5823,16,NOTE,264,22720,text,13,1,0,
STOKI_DEF,5823,18,NOTE,264,22722,text,17,1,0,
STOKI_DEF,5823,20,NOTE,264,22724,text,18,1,0,
STOKI_DEF,5823,22,NOTE,264,22726,text,19,1,0,
STOKI_DEF,5823,24,NOTE,264,22728,text,19,1,0,
STOKI_DEF,5824,0,NOTE,264,22730,text,19,1,0,
STOKI_DEF,5824,2,NOTE,264,22945,text,19,1,0,
STOKI_DEF,5824,4,NOTE,264,22947,text,17,1,0,
STOKI_DEF,5824,6,NOTE,264,22949,text,17,1,0,
STOKI_DEF,5824,8,NOTE,264,22951,text,17,1,0,
STOKI_DEF,5824,10,NOTE,264,22953,text,17,1,0,
STOKI_DEF,5824,12,NOTE,264,22955,text,18,1,0,
STOKI_DEF,5824,14,NOTE,264,22957,text,15,1,0,
STOKI_DEF,5824,16,NOTE,264,22959,text,17,1,0,
STOKI_DEF,5824,18,NOTE,264,22961,text,11,1,0,
STOKI_DEF,5824,20,NOTE,264,22963,text,15,1,0,
STOKI_DEF,5824,22,NOTE,264,22965,text,16,1,0,
STOKI_DEF,5825,0,NOTE,264,22967,text,16,1,0,
STOKI_DEF,5825,2,NOTE,264,23184,text,12,1,0,
STOKI_DEF,5825,4,NOTE,264,23186,text,12,1,0,
STOKI_DEF,5825,6,NOTE,264,23188,text,13,1,0,
STOKI_DEF,5825,8,NOTE,264,23190,text,13,1,0,
STOKI_DEF,5825,10,NOTE,264,23192,text,13,1,0,
STOKI_DEF,5825,12,NOTE,264,23194,text,12,1,0,
STOKI_DEF,5825,14,NOTE,264,23196,text,12,1,0,
STOKI_DEF,5825,16,NOTE,264,23198,text,12,1,0,
STOKI_DEF,5825,18,NOTE,264,23200,text,15,1,0,
STOKI_DEF,5825,20,NOTE,264,23202,text,13,1,0,
STOKI_DEF,5825,22,NOTE,264,23204,text,16,1,0,
STOKI_DEF,5826,0,NOTE,264,23206,text,18,1,0,
STOKI_DEF,5826,2,NOTE,264,23423,text,18,1,0,
STOKI_DEF,5826,4,NOTE,264,23425,text,19,1,0,
STOKI_DEF,5826,6,NOTE,264,23427,text,17,1,0,
STOKI_DEF,5826,8,NOTE,264,23429,text,17,1,0,
STOKI_DEF,5826,10,NOTE,264,23431,text,17,1,0,
STOKI_DEF,5826,12,NOTE,264,23433,text,17,1,0,
STOKI_DEF,5826,14,NOTE,264,23435,text,15,1,0,
STOKI_DEF,5826,16,NOTE,264,23437,text,12,1,0,
STOKI_DEF,5826,18,NOTE,264,23439,text,13,1,0,
STOKI_DEF,5826,20,NOTE,264,23441,text,14,1,0,
STOKI_DEF,5826,22,NOTE,264,23443,text,13,1,0,
STOKI_DEF,5826,24,NOTE,264,23445,text,13,1,0,
STOKI_DEF,5827,0,NOTE,264,23447,text,17,1,0,
STOKI_DEF,5827,2,NOTE,264,23662,text,17,1,0,
STOKI_DEF,5827,4,NOTE,264,23664,text,15,1,0,
STOKI_DEF,5827,6,NOTE,264,23666,text,12,1,0,
STOKI_DEF,5827,8,NOTE,264,23668,text,17,1,0,
STOKI_DEF,5827,10,NOTE,264,23670,text,13,1,0,
STOKI_DEF,5827,12,NOTE,264,23672,text,13,1,0,
STOKI_DEF,5827,14,NOTE,264,23674,text,17,1,0,
STOKI_DEF,5827,16,NOTE,264,23676,text,17,1,0,
STOKI_DEF,5827,18,NOTE,264,23678,text,17,1,0,
STOKI_DEF,5827,20,NOTE,264,23680,text,17,1,0,
STOKI_DEF,5827,22,NOTE,264,23682,text,10,1,0,
STOKI_DEF,5828,0,NOTE,264,23684,text,15,1,0,
STOKI_DEF,5828,2,NOTE,264,23901,text,12,1,0,
STOKI_DEF,5828,4,NOTE,264,23903,text,12,1,0,
STOKI_DEF,5828,6,NOTE,264,23905,text,12,1,0,
STOKI_DEF,5828,8,NOTE,264,23907,text,12,1,0,
STOKI_DEF,5828,10,NOTE,264,23909,text,12,1,0,
STOKI_DEF,5828,12,NOTE,264,23911,text,15,1,0,
STOKI_DEF,5828,14,NOTE,264,23913,text,8,1,0,
STOKI_DEF,5828,16,NOTE,264,23915,text,16,1,0,
STOKI_DEF,5828,18,NOTE,264,23917,text,12,1,0,
STOKI_DEF,5828,20,NOTE,264,23919,text,12,1,0,
STOKI_DEF,5828,22,NOTE,264,23921,text,12,1,0,
STOKI_DEF,5828,24,NOTE,264,23923,text,17,1,0,
STOKI_DEF,5829,0,NOTE,264,23925,text,8,1,0,
STOKI_DEF,5829,2,NOTE,264,24140,text,17,1,0,
STOKI_DEF,5829,4,NOTE,264,24142,text,12,1,0,
STOKI_DEF,5829,6,NOTE,264,24144,text,18,1,0,
STOKI_DEF,5829,8,NOTE,264,24146,text,17,1,0,
STOKI_DEF,5829,10,NOTE,264,24148,text,15,1,0,
STOKI_DEF,5829,12,NOTE,264,24150,text,12,1,0,
STOKI_DEF,5829,14,NOTE,264,24152,text,13,1,0,
STOKI_DEF,5829,16,NOTE,264,24154,text,13,1,0,
STOKI_DEF,5829,18,NOTE,264,24156,text,15,1,0,
STOKI_DEF,5829,20,NOTE,264,24158,text,17,1,0,
STOKI_DEF,5829,22,NOTE,264,24160,text,17,1,0,
STOKI_DEF,5829,24,NOTE,264,24162,text,16,1,0,
STOKI_DEF,5830,0,NOTE,264,24164,text,13,1,0,
STOKI_DEF,5830,2,NOTE,264,24379,text,17,1,0,
STOKI_DEF,5830,4,NOTE,264,24381,text,15,1,0,
STOKI_DEF,5830,6,NOTE,264,24383,text,12,1,0,
STOKI_DEF,5830,8,NOTE,264,24385,text,13,1,0,
STOKI_DEF,5830,10,NOTE,264,24387,text,17,1,0,
STOKI_DEF,5830,12,NOTE,264,24389,text,17,1,0,
STOKI_DEF,5830,14,NOTE,264,24391,text,17,1,0,
STOKI_DEF,5830,16,NOTE,264,24393,text,17,1,0,
STOKI_DEF,5830,18,NOTE,264,24395,text,15,1,0,
STOKI_DEF,5830,19,NOTE,264,5050,text,0,1,0,
STOKI_DEF,5830,21,NOTE,264,28690,text,7,1,0,
STOKI_DEF,5830,23,NOTE,264,4332,text,0,1,0,
STOKI_DEF,5865,0,NOTE,264,24618,text,0,1,0,
STOKI_DEF,5865,2,NOTE,264,24620,text,0,1,0,
STOKI_DEF,5865,4,NOTE,264,24622,text,0,1,0,
STOKI_DEF,5865,6,NOTE,264,24624,text,0,1,0,
STOKI_DEF,5865,8,NOTE,264,24626,text,0,1,0,
STOKI_DEF,5865,10,NOTE,264,24628,text,0,1,0,
STOKI_DEF,5865,12,NOTE,264,24630,text,0,1,0,
STOKI_DEF,5865,14,NOTE,264,24632,text,0,1,0,
STOKI_DEF,5865,16,NOTE,264,24634,text,0,1,0,
STOKI_DEF,5865,18,NOTE,264,24636,text,0,1,0,
STOKI_DEF,5865,20,NOTE,264,24638,text,0,1,0,
STOKI_DEF,5865,22,NOTE,264,24640,text,0,1,0,
STOKI_DEF,5865,24,NOTE,264,24642,text,0,1,0,
STOKI_DEF,5985,1,NOTE,264,24860,text,29,1,0,
STOKI_DEF,5985,2,NOTE,264,24859,text,0,1,0,
STOKI_DEF,5985,5,NOTE,264,24884,text,0,1,0,
STOKI_DEF,5985,6,NOTE,264,24864,text,0,1,0,
STOKI_DEF,5985,7,NOTE,264,18888,text,66,1,0,
STOKI_DEF,5985,9,NOTE,264,24866,text,0,1,0,
STOKI_DEF,5985,11,NOTE,264,24868,text,0,1,0,
STOKI_DEF,5985,13,NOTE,264,24870,text,0,1,0,
STOKI_DEF,5985,15,NOTE,264,9093,text,3,1,0,
STOKI_DEF,5985,17,NOTE,264,9101,text,3,1,0,
STOKI_DEF,5985,19,NOTE,264,24876,text,0,1,0,
STOKI_DEF,5985,21,NOTE,264,24878,text,0,1,0,
STOKI_DEF,5921,1,NOTE,264,15799,text,10,1,0,
STOKI_DEF,5921,2,NOTE,264,11019,text,21,1,0,
STOKI_DEF,5921,3,NOTE,264,15796,text,13,1,0,
STOKI_DEF,5921,5,NOTE,264,10284,text,21,1,0,
STOKI_DEF,5921,7,NOTE,264,21040,text,21,1,0,
STOKI_DEF,5921,9,NOTE,264,21059,text,21,1,0,
STOKI_DEF,5921,11,NOTE,264,25099,text,21,1,0,
STOKI_DEF,5921,13,NOTE,264,25101,text,21,1,0,
STOKI_DEF,5921,15,NOTE,264,25103,text,21,1,0,
STOKI_DEF,5921,17,NOTE,264,25105,text,21,1,0,
STOKI_DEF,5921,19,NOTE,264,25113,text,30,1,0,
STOKI_DEF,5921,21,NOTE,264,25115,text,30,1,0,
STOKI_DEF,5921,23,NOTE,264,25117,text,30,1,0,
STOKI_DEF,5887,1,NOTE,264,20337,text,87,1,0,
STOKI_DEF,5887,3,NOTE,264,26060,text,47,1,0,
STOKI_DEF,5887,4,NOTE,264,25347,text,0,1,0,
STOKI_DEF,5887,5,NOTE,264,25341,text,61,1,0,
STOKI_DEF,5887,8,NOTE,264,25340,text,40,1,0,
STOKI_DEF,5887,9,NOTE,264,20816,text,66,1,0,
STOKI_DEF,5887,10,NOTE,264,25346,text,0,1,0,
STOKI_DEF,5887,11,NOTE,264,5043,text,0,1,0,
STOKI_DEF,5887,14,NOTE,264,25349,text,0,1,0,
STOKI_DEF,5887,16,NOTE,264,20582,text,20,1,0,
STOKI_DEF,5887,19,NOTE,264,9830,text,0,1,0,
STOKI_DEF,5887,22,NOTE,264,20817,text,0,1,0,
STOKI_DEF,6029,1,NOTE,264,4330,text,0,1,0,
STOKI_DEF,6029,5,NOTE,264,25579,text,0,1,0,
STOKI_DEF,6029,7,NOTE,264,25597,text,0,1,0,
STOKI_DEF,6029,9,NOTE,264,25835,text,0,1,0,
STOKI_DEF,6029,14,NOTE,264,25588,text,0,1,0,
STOKI_DEF,6029,16,NOTE,264,25585,text,0,1,0,
STOKI_DEF,6029,18,NOTE,264,25592,text,0,1,0,
STOKI_DEF,6029,21,NOTE,264,25595,text,0,1,0,
STOKI_DEF,6029,23,NOTE,264,25605,text,0,1,0,
STOKI_DEF,6029,25,NOTE,264,25599,text,0,1,0,
STOKI_DEF,6029,27,NOTE,264,25575,text,0,1,0,
STOKI_DEF,6029,29,NOTE,264,25604,text,0,1,0,
STOKI_DEF,6005,1,NOTE,264,5048,text,0,1,0,
STOKI_DEF,6005,2,NOTE,264,25817,text,0,1,0,
STOKI_DEF,6005,4,NOTE,264,6238,text,0,1,0,
STOKI_DEF,6005,6,NOTE,264,26062,text,0,1,0,
STOKI_DEF,6005,8,NOTE,264,25821,text,0,1,0,
STOKI_DEF,6005,10,NOTE,264,34428,text,0,1,0,
STOKI_DEF,6005,12,NOTE,264,25361,text,0,1,0,
STOKI_DEF,6005,13,NOTE,264,25828,text,0,1,0,
STOKI_DEF,6005,14,NOTE,264,25586,text,0,1,0,
STOKI_DEF,6005,17,NOTE,264,25830,text,0,1,0,
STOKI_DEF,6005,19,NOTE,264,12215,text,0,1,0,
STOKI_DEF,6005,22,NOTE,264,25836,text,0,1,0,
STOKI_DEF,6005,25,NOTE,264,25838,text,0,1,0,
STOKI_DEF,6045,1,NOTE,264,11007,text,0,1,0,
STOKI_DEF,6045,2,NOTE,264,7201,text,0,1,0,
STOKI_DEF,6045,4,NOTE,264,7202,text,0,1,0,
STOKI_DEF,6045,6,NOTE,264,13168,text,0,1,0,
STOKI_DEF,6045,8,NOTE,264,27754,text,0,1,0,
STOKI_DEF,6045,10,NOTE,264,27753,text,0,1,0,
STOKI_DEF,6045,12,NOTE,264,25336,text,0,1,0,
STOKI_DEF,6045,14,NOTE,264,13407,text,0,1,0,
STOKI_DEF,6045,16,NOTE,264,13148,text,0,1,0,
STOKI_DEF,6045,23,NOTE,264,13636,text,0,1,0,
STOKI_DEF,6045,25,NOTE,264,20349,text,0,1,0,
STOKI_DEF,6045,27,NOTE,264,8632,text,0,1,0,
STOKI_DEF,6040,1,NOTE,264,18666,text,0,1,0,
STOKI_DEF,6040,2,NOTE,264,26294,text,0,1,0,
STOKI_DEF,6040,3,NOTE,264,18669,text,0,1,0,
STOKI_DEF,6040,5,NOTE,264,7203,text,0,1,0,
STOKI_DEF,6040,6,NOTE,264,26303,text,0,1,0,
STOKI_DEF,6040,7,NOTE,264,21061,text,0,1,0,
STOKI_DEF,6040,8,NOTE,264,26299,text,0,1,0,
STOKI_DEF,6040,12,NOTE,264,26306,text,0,1,0,
STOKI_DEF,6040,14,NOTE,264,12218,text,0,1,0,
STOKI_DEF,6040,19,NOTE,264,2183,text,0,1,0,
STOKI_DEF,6040,23,NOTE,264,26319,text,0,1,0,
STOKI_DEF,6040,26,NOTE,264,8139,text,0,1,0,
STOKI_DEF,6053,1,NOTE,264,8153,text,0,1,0,
STOKI_DEF,6053,2,NOTE,264,25120,text,0,1,0,
STOKI_DEF,6053,3,NOTE,264,26533,text,0,1,0,
STOKI_DEF,6053,5,NOTE,264,17949,text,0,1,0,
STOKI_DEF,6053,6,NOTE,264,9823,text,0,1,0,
STOKI_DEF,6053,7,NOTE,264,26541,text,0,1,0,
STOKI_DEF,6053,9,NOTE,264,17930,text,0,1,0,
STOKI_DEF,6053,14,NOTE,264,2658,text,0,1,0,
STOKI_DEF,6053,15,NOTE,264,28220,text,8,1,0,
STOKI_DEF,6053,17,NOTE,264,2169,text,0,1,0,
STOKI_DEF,6053,23,NOTE,264,25109,text,0,1,0,
STOKI_DEF,6053,25,NOTE,264,30620,text,14,1,0,
STOKI_DEF,6053,33,NOTE,264,20100,text,0,1,0,
STOKI_DEF,6066,1,NOTE,264,17227,text,0,1,0,
STOKI_DEF,6066,3,NOTE,264,26772,text,0,1,0,
STOKI_DEF,6066,5,NOTE,264,26780,text,0,1,0,
STOKI_DEF,6066,6,NOTE,264,21035,text,0,1,0,
STOKI_DEF,6066,8,NOTE,264,26775,text,0,1,0,
STOKI_DEF,6066,9,NOTE,264,21037,text,0,1,0,
STOKI_DEF,6066,13,NOTE,264,1701,text,0,1,0,
STOKI_DEF,6066,15,NOTE,264,2655,text,0,1,0,
STOKI_DEF,6066,17,NOTE,264,16974,text,0,1,0,
STOKI_DEF,6066,20,NOTE,264,16982,text,0,1,0,
STOKI_DEF,6066,25,NOTE,264,7204,text,0,1,0,
STOKI_DEF,6066,28,NOTE,264,7442,text,0,1,0,
STOKI_DEF,6066,31,NOTE,264,21058,text,0,1,0,
STOKI_DEF,5722,1,NOTE,264,27014,text,0,1,0,
STOKI_DEF,5722,2,NOTE,264,27010,text,0,1,0,
STOKI_DEF,5722,4,NOTE,264,27012,text,0,1,0,
STOKI_DEF,5722,6,NOTE,264,27015,text,0,1,0,
STOKI_DEF,5722,10,NOTE,264,27018,text,0,1,0,
STOKI_DEF,5722,13,NOTE,264,27021,text,0,1,0,
STOKI_DEF,5722,15,NOTE,264,27023,text,0,1,0,
STOKI_DEF,5722,17,NOTE,264,27025,text,0,1,0,
STOKI_DEF,5722,19,NOTE,264,27027,text,0,1,0,
STOKI_DEF,5722,21,NOTE,264,27029,text,0,1,0,
STOKI_DEF,5722,23,NOTE,264,27031,text,0,1,0,
STOKI_DEF,5722,25,NOTE,264,27033,text,0,1,0,
STOKI_DEF,5845,1,NOTE,264,27036,text,16,1,0,
STOKI_DEF,5845,2,NOTE,264,27016,text,0,1,0,
STOKI_DEF,5845,3,NOTE,264,19145,text,0,1,0,
STOKI_DEF,5845,5,NOTE,264,27252,text,0,1,0,
STOKI_DEF,5845,7,NOTE,264,27250,text,0,1,0,
STOKI_DEF,5845,13,NOTE,264,19372,text,43,1,0,
STOKI_DEF,5845,14,NOTE,264,21052,text,0,1,0,
STOKI_DEF,5845,18,NOTE,264,12204,text,0,1,0,
STOKI_DEF,5845,21,NOTE,264,27268,text,0,1,0,
STOKI_DEF,5845,23,NOTE,264,27271,text,0,1,0,
STOKI_DEF,5845,27,NOTE,264,26561,text,3,1,0,
STOKI_DEF,5845,30,NOTE,264,26559,text,3,1,0,
STOKI_DEF,5845,32,NOTE,264,27258,text,23,1,0,
STOKI_DEF,6242,0,NOTE,264,13632,text,3,1,0,
STOKI_DEF,6242,2,NOTE,264,9106,text,3,1,0,
STOKI_DEF,6242,4,NOTE,264,27490,text,0,1,0,
STOKI_DEF,6242,6,NOTE,264,16510,text,0,1,0,
STOKI_DEF,6242,8,NOTE,264,16508,text,0,1,0,
STOKI_DEF,6242,10,NOTE,264,16516,text,0,1,0,
STOKI_DEF,6242,12,NOTE,264,25603,text,0,1,0,
STOKI_DEF,6242,14,NOTE,264,7441,text,0,1,0,
STOKI_DEF,6242,16,NOTE,264,27502,text,0,1,0,
STOKI_DEF,6242,18,NOTE,264,27496,text,0,1,0,
STOKI_DEF,6242,20,NOTE,264,27498,text,0,1,0,
STOKI_DEF,6242,22,NOTE,264,27500,text,0,1,0,
STOKI_DEF,6242,24,NOTE,264,27510,text,0,1,0,
STOKI_DEF,6103,1,NOTE,264,27726,text,0,1,0,
STOKI_DEF,6103,3,NOTE,264,27728,text,0,1,0,
STOKI_DEF,6103,5,NOTE,264,27730,text,0,1,0,
STOKI_DEF,6103,7,NOTE,264,27732,text,0,1,0,
STOKI_DEF,6103,9,NOTE,264,27734,text,0,1,0,
STOKI_DEF,6103,11,NOTE,264,27750,text,0,1,0,
STOKI_DEF,6103,12,NOTE,264,27737,text,0,1,0,
STOKI_DEF,6103,14,NOTE,264,27739,text,0,1,0,
STOKI_DEF,6103,16,NOTE,264,27741,text,0,1,0,
STOKI_DEF,6103,18,NOTE,264,27743,text,0,1,0,
STOKI_DEF,6103,20,NOTE,264,27745,text,0,1,0,
STOKI_DEF,6103,22,NOTE,264,27747,text,0,1,0,
STOKI_DEF,6103,24,NOTE,264,27749,text,0,1,0,
STOKI_DEF,6263,0,NOTE,264,27964,text,0,1,0,
STOKI_DEF,6263,2,NOTE,264,27994,text,0,1,0,
STOKI_DEF,6263,4,NOTE,264,27980,text,0,1,0,
STOKI_DEF,6263,6,NOTE,264,20340,text,0,1,0,
STOKI_DEF,6263,8,NOTE,264,27972,text,0,1,0,
STOKI_DEF,6263,10,NOTE,264,27974,text,0,1,0,
STOKI_DEF,6263,12,NOTE,264,25357,text,0,1,0,
STOKI_DEF,6263,14,NOTE,264,27978,text,0,1,0,
STOKI_DEF,6263,16,NOTE,264,16978,text,0,1,0,
STOKI_DEF,6263,18,NOTE,264,16741,text,0,1,0,
STOKI_DEF,6263,20,NOTE,264,16745,text,0,1,0,
STOKI_DEF,6263,22,NOTE,264,27968,text,0,1,0,
STOKI_DEF,6263,24,NOTE,264,27988,text,0,1,0,
STOKI_DEF,6206,0,NOTE,264,27986,text,0,1,0,
STOKI_DEF,6206,2,NOTE,264,32746,text,5,1,0,
STOKI_DEF,6206,4,NOTE,264,28205,text,5,1,0,
STOKI_DEF,6206,6,NOTE,264,28209,text,0,1,0,
STOKI_DEF,6206,9,NOTE,264,28221,text,0,1,0,
STOKI_DEF,6206,10,NOTE,264,3347,text,131,1,0,
STOKI_DEF,6206,11,NOTE,264,25583,text,20,1,0,
STOKI_DEF,6206,13,NOTE,264,16016,text,0,1,0,
STOKI_DEF,6206,15,NOTE,264,16030,text,0,1,0,
STOKI_DEF,6206,17,NOTE,264,27262,text,0,1,0,
STOKI_DEF,6206,20,NOTE,264,18643,text,10,1,0,
STOKI_DEF,6206,22,NOTE,264,15789,text,0,1,0,
STOKI_DEF,6336,1,NOTE,264,26537,text,0,1,0,
STOKI_DEF,6336,4,NOTE,264,28448,text,0,1,0,
STOKI_DEF,6336,8,NOTE,264,28455,text,0,1,0,
STOKI_DEF,6336,11,NOTE,264,13890,text,0,1,0,
STOKI_DEF,6336,20,NOTE,264,27263,text,26,1,0,
STOKI_DEF,6336,21,NOTE,264,28466,text,0,1,0,
STOKI_DEF,6336,27,NOTE,264,26073,text,0,1,0,
STOKI_DEF,6336,30,NOTE,264,11017,text,0,1,0,
STOKI_DEF,6336,34,NOTE,264,9089,text,0,1,0,
STOKI_DEF,6336,36,NOTE,264,12200,text,0,1,0,
STOKI_DEF,6336,38,NOTE,264,25823,text,0,1,0,
STOKI_DEF,6353,1,NOTE,264,25819,text,0,1,0,
STOKI_DEF,6353,2,NOTE,264,33720,text,72,1,0,
STOKI_DEF,6353,4,NOTE,264,17213,text,0,1,0,
STOKI_DEF,6353,7,NOTE,264,15783,text,0,1,0,
STOKI_DEF,6353,8,NOTE,264,25362,text,0,1,0,
STOKI_DEF,6353,11,NOTE,264,25363,text,0,1,0,
STOKI_DEF,6353,13,NOTE,264,25832,text,0,1,0,
STOKI_DEF,6353,16,NOTE,264,12450,text,0,1,0,
STOKI_DEF,6353,18,NOTE,264,25827,text,0,1,0,
STOKI_DEF,6353,20,NOTE,264,20099,text,0,1,0,
STOKI_DEF,6353,22,NOTE,264,28692,text,0,1,0,
STOKI_DEF,6353,24,NOTE,264,28686,text,0,1,0,
STOKI_DEF,6353,26,NOTE,264,28683,text,0,1,0,
STOKI_DEF,5456,0,NOTE,264,28689,text,0,1,0,
STOKI_DEF,5456,2,NOTE,264,24880,text,0,1,0,
STOKI_DEF,5456,4,NOTE,264,28924,text,0,1,0,
STOKI_DEF,5456,6,NOTE,264,10780,text,0,1,0,
STOKI_DEF,5456,8,NOTE,264,25601,text,0,1,0,
STOKI_DEF,5456,10,NOTE,264,10045,text,0,1,0,
STOKI_DEF,5456,11,NOTE,264,28936,text,0,1,0,
STOKI_DEF,5456,12,NOTE,264,2420,text,0,1,0,
STOKI_DEF,5456,14,NOTE,264,18409,text,0,1,0,
STOKI_DEF,5456,16,NOTE,264,18894,text,39,1,0,
STOKI_DEF,5456,19,NOTE,264,28937,text,56,1,0,
STOKI_DEF,5456,21,NOTE,264,28939,text,20,1,0,
STOKI_DEF,5456,22,NOTE,264,28450,text,0,1,0,
STOKI_DEF,6914,1,NOTE,264,29160,text,0,1,0,
STOKI_DEF,6914,3,NOTE,264,29165,text,0,1,0,
STOKI_DEF,6914,4,NOTE,264,29163,text,0,1,0,
STOKI_DEF,6914,8,NOTE,264,29168,text,0,1,0,
STOKI_DEF,6914,11,NOTE,264,29170,text,0,1,0,
STOKI_DEF,6914,13,NOTE,264,29172,text,0,1,0,
STOKI_DEF,6914,15,NOTE,264,29174,text,0,1,0,
STOKI_DEF,6914,17,NOTE,264,29176,text,0,1,0,
STOKI_DEF,6914,19,NOTE,264,29178,text,0,1,0,
STOKI_DEF,6914,21,NOTE,264,29180,text,0,1,0,
STOKI_DEF,6914,23,NOTE,264,29182,text,0,1,0,
STOKI_DEF,6914,26,NOTE,264,29185,text,0,1,0,
STOKI_DEF,7721,0,NOTE,264,29398,text,0,1,0,
STOKI_DEF,7721,2,NOTE,264,29400,text,0,1,0,
STOKI_DEF,7721,4,NOTE,264,29402,text,0,1,0,
STOKI_DEF,7721,6,NOTE,264,29404,text,0,1,0,
STOKI_DEF,7721,8,NOTE,264,29406,text,0,1,0,
STOKI_DEF,7721,10,NOTE,264,29408,text,0,1,0,
STOKI_DEF,7721,12,NOTE,264,29410,text,0,1,0,
STOKI_DEF,7721,14,NOTE,264,29412,text,0,1,0,
STOKI_DEF,7721,16,NOTE,264,29414,text,0,1,0,
STOKI_DEF,7721,18,NOTE,264,29416,text,0,1,0,
STOKI_DEF,7721,20,NOTE,264,29418,text,0,1,0,
STOKI_DEF,7721,22,NOTE,264,29420,text,0,1,0,
STOKI_DEF,7390,2,NOTE,264,29640,text,34,1,0,
STOKI_DEF,7390,3,NOTE,264,29641,text,0,1,0,
STOKI_DEF,7390,6,NOTE,264,29643,text,0,1,0,
STOKI_DEF,7390,9,NOTE,264,29644,text,21,1,0,
STOKI_DEF,7390,11,NOTE,264,29646,text,191,1,0,
STOKI_DEF,7390,13,NOTE,264,29648,text,61,1,0,
STOKI_DEF,7390,14,NOTE,264,29651,text,0,1,0,
STOKI_DEF,7390,17,NOTE,264,29654,text,0,1,0,
STOKI_DEF,7390,19,NOTE,264,29656,text,0,1,0,
STOKI_DEF,7390,21,NOTE,264,29658,text,0,1,0,
STOKI_DEF,7390,23,NOTE,264,29660,text,0,1,0,
STOKI_DEF,6427,1,NOTE,264,29898,text,0,1,0,
STOKI_DEF,6427,2,NOTE,264,16755,text,0,1,0,
STOKI_DEF,6427,4,NOTE,264,16751,text,0,1,0,
STOKI_DEF,6427,6,NOTE,264,9342,text,24,1,0,
STOKI_DEF,6427,8,NOTE,264,25121,text,24,1,0,
STOKI_DEF,6427,9,NOTE,264,20581,text,0,1,0,
STOKI_DEF,6427,10,NOTE,264,29890,text,0,1,0,
STOKI_DEF,6427,12,NOTE,264,21073,text,52,1,0,
STOKI_DEF,6427,14,NOTE,264,25122,text,23,1,0,
STOKI_DEF,6427,18,NOTE,264,6239,text,0,1,0,
STOKI_DEF,6427,19,NOTE,264,25107,text,0,1,0,
STOKI_DEF,6427,21,NOTE,264,27752,text,0,1,0,
STOKI_DEF,6427,24,NOTE,264,29888,text,51,1,0,
STOKI_DEF,7736,0,NOTE,264,18186,text,21,1,0,
STOKI_DEF,7736,1,NOTE,264,30119,text,0,1,0,
STOKI_DEF,7736,3,NOTE,264,18410,text,33,1,0,
STOKI_DEF,7736,6,NOTE,264,30121,text,0,1,0,
STOKI_DEF,7736,8,NOTE,264,30123,text,0,1,0,
STOKI_DEF,7736,10,NOTE,264,30125,text,0,1,0,
STOKI_DEF,7736,12,NOTE,264,30127,text,0,1,0,
STOKI_DEF,7736,14,NOTE,264,30129,text,0,1,0,
STOKI_DEF,7736,16,NOTE,264,30131,text,0,1,0,
STOKI_DEF,7736,18,NOTE,264,30133,text,0,1,0,
STOKI_DEF,7736,20,NOTE,264,30135,text,0,1,0,
STOKI_DEF,7736,22,NOTE,264,30137,text,0,1,0,
STOKI_DEF,7753,0,NOTE,264,30354,text,0,1,0,
STOKI_DEF,7753,3,NOTE,264,30357,text,0,1,0,
STOKI_DEF,7753,5,NOTE,264,30359,text,0,1,0,
STOKI_DEF,7753,7,NOTE,264,30361,text,0,1,0,
STOKI_DEF,7753,9,NOTE,264,30363,text,0,1,0,
STOKI_DEF,7753,11,NOTE,264,26770,text,53,1,0,
STOKI_DEF,7753,22,NOTE,264,30376,text,0,1,0,
STOKI_DEF,7753,24,NOTE,264,30378,text,0,1,0,
STOKI_DEF,7753,26,NOTE,264,30380,text,0,1,0,
STOKI_DEF,7753,28,NOTE,264,30382,text,0,1,0,
STOKI_DEF,7753,30,NOTE,264,30384,text,0,1,0,
STOKI_DEF,7753,32,NOTE,264,30386,text,0,1,0,
STOKI_DEF,6657,2,NOTE,264,30595,text,0,1,0,
STOKI_DEF,6657,4,NOTE,264,30597,text,0,1,0,
STOKI_DEF,6657,6,NOTE,264,30599,text,0,1,0,
STOKI_DEF,6657,8,NOTE,264,30601,text,0,1,0,
STOKI_DEF,6657,11,NOTE,264,30619,text,0,1,0,
STOKI_DEF,6657,13,NOTE,264,30606,text,0,1,0,
STOKI_DEF,6657,15,NOTE,264,30608,text,0,1,0,
STOKI_DEF,6657,17,NOTE,264,30610,text,0,1,0,
STOKI_DEF,6657,19,NOTE,264,30612,text,0,1,0,
STOKI_DEF,6657,21,NOTE,264,30614,text,0,1,0,
STOKI_DEF,6657,23,NOTE,264,30616,text,0,1,0,
STOKI_DEF,6657,25,NOTE,264,30618,text,0,1,0,
STOKI_DEF,7634,1,NOTE,264,30834,text,0,1,0,
STOKI_DEF,7634,4,NOTE,264,30836,text,0,1,0,
STOKI_DEF,7634,6,NOTE,264,30849,text,7,1,0,
STOKI_DEF,7634,7,NOTE,264,30850,text,0,1,0,
STOKI_DEF,7634,9,NOTE,264,30367,text,0,1,0,
STOKI_DEF,7634,11,NOTE,264,30843,text,0,1,0,
STOKI_DEF,7634,13,NOTE,264,30845,text,0,1,0,
STOKI_DEF,7634,16,NOTE,264,30848,text,0,1,0,
STOKI_DEF,7634,20,NOTE,264,30852,text,0,1,0,
STOKI_DEF,7634,22,NOTE,264,30854,text,0,1,0,
STOKI_DEF,7634,24,NOTE,264,2653,text,0,1,0,
STOKI_DEF,7634,26,NOTE,264,30858,text,0,1,0,
STOKI_DEF,7828,0,NOTE,264,31071,text,0,1,0,
STOKI_DEF,7828,2,NOTE,264,31073,text,0,1,0,
STOKI_DEF,7828,4,NOTE,264,31075,text,0,1,0,
STOKI_DEF,7828,6,NOTE,264,31077,text,0,1,0,
STOKI_DEF,7828,8,NOTE,264,31079,text,0,1,0,
STOKI_DEF,7828,10,NOTE,264,31081,text,0,1,0,
STOKI_DEF,7828,12,NOTE,264,31083,text,0,1,0,
STOKI_DEF,7828,15,NOTE,264,31086,text,0,1,0,
STOKI_DEF,7828,17,NOTE,264,31088,text,0,1,0,
STOKI_DEF,7828,23,NOTE,264,31095,text,0,1,0,
STOKI_DEF,7828,26,NOTE,264,31097,text,0,1,0,
STOKI_DEF,7828,28,NOTE,264,31099,text,0,1,0,
STOKI_DEF,7636,1,NOTE,264,31311,text,0,1,0,
STOKI_DEF,7636,3,NOTE,264,31313,text,0,1,0,
STOKI_DEF,7636,6,NOTE,264,31314,text,20,1,0,
STOKI_DEF,7636,9,NOTE,264,31317,text,21,1,0,
STOKI_DEF,7636,10,NOTE,264,31320,text,0,1,0,
STOKI_DEF,7636,12,NOTE,264,31322,text,0,1,0,
STOKI_DEF,7636,14,NOTE,264,31324,text,0,1,0,
STOKI_DEF,7636,16,NOTE,264,31326,text,0,1,0,
STOKI_DEF,7636,18,NOTE,264,31328,text,0,1,0,
STOKI_DEF,7636,20,NOTE,264,31330,text,0,1,0,
STOKI_DEF,7636,22,NOTE,264,31332,text,0,1,0,
STOKI_DEF,7636,24,NOTE,264,31334,text,0,1,0,
STOKI_DEF,7854,1,NOTE,264,31550,text,0,1,0,
STOKI_DEF,7854,4,NOTE,264,31551,text,25,1,0,
STOKI_DEF,7854,7,NOTE,264,31556,text,0,1,0,
STOKI_DEF,7854,10,NOTE,264,31557,text,33,1,0,
STOKI_DEF,7854,11,NOTE,264,31561,text,0,1,0,
STOKI_DEF,7854,14,NOTE,264,31563,text,0,1,0,
STOKI_DEF,7854,16,NOTE,264,31568,text,14,1,0,
STOKI_DEF,7854,17,NOTE,264,31571,text,0,1,0,
STOKI_DEF,7854,21,NOTE,264,28226,text,15,1,0,
STOKI_DEF,7854,24,NOTE,264,31573,text,0,1,0,
STOKI_DEF,7854,26,NOTE,264,31575,text,0,1,0,
STOKI_DEF,7854,28,NOTE,264,31577,text,0,1,0,
STOKI_DEF,7898,1,NOTE,264,31790,text,0,1,0,
STOKI_DEF,7898,2,NOTE,264,31794,text,0,1,0,
STOKI_DEF,7898,4,NOTE,264,31792,text,0,1,0,
STOKI_DEF,7898,6,NOTE,264,31578,text,32,1,0,
STOKI_DEF,7898,8,NOTE,264,31796,text,0,1,0,
STOKI_DEF,7898,10,NOTE,264,31798,text,0,1,0,
STOKI_DEF,7898,12,NOTE,264,31800,text,0,1,0,
STOKI_DEF,7898,14,NOTE,264,31802,text,0,1,0,
STOKI_DEF,7898,16,NOTE,264,31804,text,0,1,0,
STOKI_DEF,7898,18,NOTE,264,31806,text,0,1,0,
STOKI_DEF,7898,20,NOTE,264,31808,text,0,1,0,
STOKI_DEF,7898,22,NOTE,264,31810,text,0,1,0,
STOKI_DEF,6925,1,NOTE,264,32028,text,0,1,0,
STOKI_DEF,6925,3,NOTE,264,32030,text,0,1,0,
STOKI_DEF,6925,5,NOTE,264,32053,text,30,1,0,
STOKI_DEF,6925,6,NOTE,264,32034,text,0,1,0,
STOKI_DEF,6925,9,NOTE,264,32036,text,0,1,0,
STOKI_DEF,6925,11,NOTE,264,32038,text,0,1,0,
STOKI_DEF,6925,13,NOTE,264,32040,text,0,1,0,
STOKI_DEF,6925,15,NOTE,264,29427,text,0,1,0,
STOKI_DEF,6925,17,NOTE,264,32044,text,0,1,0,
STOKI_DEF,6925,19,NOTE,264,32046,text,0,1,0,
STOKI_DEF,6925,21,NOTE,264,32048,text,0,1,0,
STOKI_DEF,6925,23,NOTE,264,32050,text,0,1,0,
STOKI_DEF,6925,25,NOTE,264,32052,text,85,1,0,
STOKI_DEF,7860,1,NOTE,264,32270,text,0,1,0,
STOKI_DEF,7860,2,NOTE,264,32269,text,0,1,0,
STOKI_DEF,7860,6,NOTE,264,32272,text,0,1,0,
STOKI_DEF,7860,8,NOTE,264,32274,text,0,1,0,
STOKI_DEF,7860,10,NOTE,264,32268,text,0,1,0,
STOKI_DEF,7860,12,NOTE,264,32279,text,0,1,0,
STOKI_DEF,7860,15,NOTE,264,32281,text,0,1,0,
STOKI_DEF,7860,18,NOTE,264,32282,text,25,1,0,
STOKI_DEF,7860,20,NOTE,264,32284,text,95,1,0,
STOKI_DEF,7860,21,NOTE,264,26787,text,0,1,0,
STOKI_DEF,7860,24,NOTE,264,26778,text,19,1,0,
STOKI_DEF,7860,25,NOTE,264,26784,text,0,1,0,
STOKI_DEF,8086,1,NOTE,264,32507,text,0,1,0,
STOKI_DEF,8086,5,NOTE,264,28444,text,16,1,0,
STOKI_DEF,8086,6,NOTE,264,32517,text,0,1,0,
STOKI_DEF,8086,7,NOTE,264,32512,text,0,1,0,
STOKI_DEF,8086,9,NOTE,264,32514,text,0,1,0,
STOKI_DEF,8086,11,NOTE,264,32524,text,0,1,0,
STOKI_DEF,8086,12,NOTE,264,32518,text,0,1,0,
STOKI_DEF,8086,21,NOTE,264,32526,text,0,1,0,
STOKI_DEF,8086,26,NOTE,264,32531,text,0,1,0,
STOKI_DEF,8086,29,NOTE,264,32534,text,0,1,0,
STOKI_DEF,8086,33,NOTE,264,32539,text,0,1,0,
STOKI_DEF,8086,38,NOTE,264,32544,text,0,1,0,
STOKI_DEF,6929,1,NOTE,264,32745,text,0,1,0,
STOKI_DEF,6929,4,NOTE,264,28210,text,28,1,0,
STOKI_DEF,6929,5,NOTE,264,32749,text,0,1,0,
STOKI_DEF,6929,7,NOTE,264,32751,text,0,1,0,
STOKI_DEF,6929,9,NOTE,264,32753,text,0,1,0,
STOKI_DEF,6929,11,NOTE,264,32755,text,0,1,0,
STOKI_DEF,6929,13,NOTE,264,32757,text,0,1,0,
STOKI_DEF,6929,15,NOTE,264,32760,text,0,1,0,
STOKI_DEF,6929,16,NOTE,264,9582,text,19,1,0,
STOKI_DEF,6929,18,NOTE,264,28227,text,10,1,0,
STOKI_DEF,6929,20,NOTE,264,30370,text,13,1,0,
STOKI_DEF,6929,22,NOTE,264,27504,text,6,1,0,
STOKI_DEF,6929,23,NOTE,264,28218,text,0,1,0,
STOKI_DEF,8179,0,NOTE,264,32983,text,0,1,0,
STOKI_DEF,8179,2,NOTE,264,32985,text,0,1,0,
STOKI_DEF,8179,4,NOTE,264,32987,text,0,1,0,
STOKI_DEF,8179,6,NOTE,264,32989,text,0,1,0,
STOKI_DEF,8179,8,NOTE,264,32992,text,0,1,0,
STOKI_DEF,8179,9,NOTE,264,32998,text,0,1,0,
STOKI_DEF,8179,11,NOTE,264,32995,text,0,1,0,
STOKI_DEF,8179,12,NOTE,264,30369,text,19,1,0,
STOKI_DEF,8179,17,NOTE,264,33000,text,0,1,0,
STOKI_DEF,8179,19,NOTE,264,33002,text,0,1,0,
STOKI_DEF,8179,21,NOTE,264,33004,text,0,1,0,
STOKI_DEF,8179,23,NOTE,264,33006,text,0,1,0,
STOKI_DEF,8179,25,NOTE,264,33008,text,0,1,0,
STOKI_DEF,8561,0,NOTE,264,33222,text,0,1,0,
STOKI_DEF,8561,2,NOTE,264,31553,text,40,1,0,
STOKI_DEF,8561,3,NOTE,264,33225,text,0,1,0,
STOKI_DEF,8561,6,NOTE,264,33231,text,0,1,0,
STOKI_DEF,8561,7,NOTE,264,33230,text,0,1,0,
STOKI_DEF,8561,8,NOTE,264,30371,text,41,1,0,
STOKI_DEF,8561,11,NOTE,264,28203,text,0,1,0,
STOKI_DEF,8561,12,NOTE,264,18185,text,57,1,0,
STOKI_DEF,8561,13,NOTE,264,33235,text,0,1,0,
STOKI_DEF,8561,15,NOTE,264,33237,text,0,1,0,
STOKI_DEF,8561,17,NOTE,264,33239,text,0,1,0,
STOKI_DEF,8561,19,NOTE,264,33241,text,0,1,0,
STOKI_DEF,8561,21,NOTE,264,33243,text,0,1,0,
STOKI_DEF,9310,1,NOTE,264,33244,text,19,1,0,
STOKI_DEF,9310,3,NOTE,264,33462,text,18,1,0,
STOKI_DEF,9310,5,NOTE,264,33464,text,19,1,0,
STOKI_DEF,9310,7,NOTE,264,33466,text,18,1,0,
STOKI_DEF,9310,9,NOTE,264,33468,text,18,1,0,
STOKI_DEF,9310,10,NOTE,264,33471,text,0,1,0,
STOKI_DEF,9310,12,NOTE,264,33473,text,0,1,0,
STOKI_DEF,9310,14,NOTE,264,33475,text,0,1,0,
STOKI_DEF,9310,16,NOTE,264,33477,text,0,1,0,
STOKI_DEF,9310,19,NOTE,264,33480,text,0,1,0,
STOKI_DEF,9310,21,NOTE,264,33482,text,0,1,0,
STOKI_DEF,9310,23,NOTE,264,33484,text,0,1,0,
STOKI_DEF,9311,1,NOTE,264,30365,text,0,1,0,
STOKI_DEF,9311,2,NOTE,264,33702,text,0,1,0,
STOKI_DEF,9311,4,NOTE,264,33704,text,0,1,0,
STOKI_DEF,9311,6,NOTE,264,33706,text,0,1,0,
STOKI_DEF,9311,8,NOTE,264,33708,text,0,1,0,
STOKI_DEF,9311,10,NOTE,264,33710,text,0,1,0,
STOKI_DEF,9311,12,NOTE,264,33712,text,0,1,0,
STOKI_DEF,9311,14,NOTE,264,33714,text,0,1,0,
STOKI_DEF,9311,16,NOTE,264,33716,text,0,1,0,
STOKI_DEF,9311,18,NOTE,264,33718,text,0,1,0,
STOKI_DEF,9311,20,NOTE,264,33721,text,0,1,0,
STOKI_DEF,9311,23,NOTE,264,33723,text,0,1,0,
STOKI_DEF,9311,25,NOTE,264,33725,text,0,1,0,
STOKI_DEF,9533,1,NOTE,264,33940,text,0,1,0,
STOKI_DEF,9533,3,NOTE,264,33942,text,0,1,0,
STOKI_DEF,9533,5,NOTE,264,33944,text,0,1,0,
STOKI_DEF,9533,7,NOTE,264,18194,text,0,1,0,
STOKI_DEF,9533,8,NOTE,264,33947,text,0,1,0,
STOKI_DEF,9533,10,NOTE,264,33949,text,0,1,0,
STOKI_DEF,9533,12,NOTE,264,33952,text,0,1,0,
STOKI_DEF,9533,13,NOTE,264,18196,text,0,1,0,
STOKI_DEF,9533,15,NOTE,264,33954,text,0,1,0,
STOKI_DEF,9533,17,NOTE,264,33956,text,0,1,0,
STOKI_DEF,9533,19,NOTE,264,33958,text,0,1,0,
STOKI_DEF,9533,22,NOTE,264,33961,text,0,1,0,
STOKI_DEF,9533,31,NOTE,264,33970,text,0,1,0,
STOKI_DEF,10014,1,NOTE,264,34179,text,0,1,0,
STOKI_DEF,10014,3,NOTE,264,11250,text,0,1,0,
STOKI_DEF,10014,4,NOTE,264,34182,text,0,1,0,
STOKI_DEF,10014,6,NOTE,264,34184,text,0,1,0,
STOKI_DEF,10014,8,NOTE,264,34186,text,0,1,0,
STOKI_DEF,10014,10,NOTE,264,34188,text,0,1,0,
STOKI_DEF,10014,12,NOTE,264,34190,text,0,1,0,
STOKI_DEF,10014,14,NOTE,264,34194,text,0,1,0,
STOKI_DEF,10014,15,NOTE,264,34193,text,0,1,0,
STOKI_DEF,10014,18,NOTE,264,34196,text,0,1,0,
STOKI_DEF,10014,20,NOTE,264,34198,text,0,1,0,
STOKI_DEF,10014,22,NOTE,264,34200,text,0,1,0,
STOKI_DEF,10014,24,NOTE,264,34417,text,0,1,0,
STOKI_DEF,10029,2,NOTE,264,34419,text,0,1,0,
STOKI_DEF,10029,4,NOTE,264,34421,text,0,1,0,
STOKI_DEF,10029,6,NOTE,264,34425,text,0,1,0,
STOKI_DEF,10029,7,NOTE,264,34439,text,0,1,0,
STOKI_DEF,10029,8,NOTE,264,1693,text,0,1,0,
STOKI_DEF,10029,10,NOTE,264,34427,text,0,1,0,
STOKI_DEF,10029,13,NOTE,264,34430,text,0,1,0,
STOKI_DEF,10029,15,NOTE,264,34432,text,0,1,0,
STOKI_DEF,10029,17,NOTE,264,34434,text,0,1,0,
STOKI_DEF,10029,19,NOTE,264,34436,text,0,1,0,
STOKI_DEF,10029,24,NOTE,264,28928,text,0,1,0,
STOKI_DEF,10029,28,NOTE,264,34446,text,0,1,0,
STOKI_DEF,10429,1,NOTE,264,34657,text,0,1,0,
STOKI_DEF,10429,4,NOTE,264,34660,text,0,1,0,
STOKI_DEF,10429,6,NOTE,264,34664,text,0,1,0,
STOKI_DEF,10429,7,NOTE,264,34670,text,0,1,0,
STOKI_DEF,10429,10,NOTE,264,34666,text,0,1,0,
STOKI_DEF,10429,13,NOTE,264,34671,text,0,1,0,
STOKI_DEF,10429,17,NOTE,264,34676,text,0,1,0,
STOKI_DEF,10429,22,NOTE,264,34678,text,0,1,0,
STOKI_DEF,10429,24,NOTE,264,34681,text,0,1,0,
STOKI_DEF,10429,28,NOTE,264,34684,text,0,1,0,
STOKI_DEF,10429,30,NOTE,264,34686,text,0,1,0,
STOKI_DEF,10433,1,NOTE,264,34896,text,0,1,0,
STOKI_DEF,10433,3,NOTE,264,34898,text,0,1,0,
STOKI_DEF,10433,5,NOTE,264,34900,text,61,1,0,
STOKI_DEF,10433,7,NOTE,264,34903,text,60,1,0,
STOKI_DEF,10433,8,NOTE,264,34905,text,0,1,0,
STOKI_DEF,10433,12,NOTE,264,34907,text,0,1,0,
STOKI_DEF,10433,14,NOTE,264,34909,text,0,1,0,
STOKI_DEF,10433,16,NOTE,264,34911,text,0,1,0,
STOKI_DEF,10433,18,NOTE,264,34913,text,0,1,0,
STOKI_DEF,10433,22,NOTE,264,24398,text,46,1,0,
STOKI_DEF,10437,1,NOTE,264,35139,text,0,1,0,
STOKI_DEF,10437,11,NOTE,264,35149,text,0,1,0,
STOKI_DEF,10437,20,NOTE,264,35155,text,0,1,0,
STOKI_DEF,10437,23,NOTE,264,35157,text,0,1,0,
STOKI_DEF,10437,26,NOTE,264,35160,text,0,1,0,
STOKI_DEF,10437,28,NOTE,264,35163,text,0,1,0,
STOKI_DEF,10437,32,NOTE,264,35167,text,0,1,0,
STOKI_DEF,10437,36,NOTE,264,35171,text,0,1,0,
STOKI_DEF,10439,1,NOTE,264,35374,text,0,1,0,
STOKI_DEF,10439,3,NOTE,264,35376,text,0,1,0,
STOKI_DEF,10439,5,NOTE,264,35378,text,0,1,0,
STOKI_DEF,10439,7,NOTE,264,35380,text,0,1,0,
STOKI_DEF,10439,9,NOTE,264,35382,text,0,1,0,
STOKI_DEF,10439,11,NOTE,264,35384,text,0,1,0,
STOKI_DEF,10439,13,NOTE,264,35386,text,0,1,0,
STOKI_DEF,10439,15,NOTE,264,35389,text,0,1,0,
STOKI_DEF,10439,18,NOTE,264,35391,text,0,1,0,
STOKI_DEF,10439,20,NOTE,264,35393,text,0,1,0,
STOKI_DEF,10439,23,NOTE,264,35396,text,0,1,0,
STOKI_DEF,10439,25,NOTE,264,35399,text,54,1,0,
STOKI_DEF,6945,1,NOTE,264,35861,text,0,1,0,
STOKI_DEF,6945,2,NOTE,264,32768,text,13,1,0,
STOKI_DEF,6945,4,NOTE,264,35853,text,19,1,0,
STOKI_DEF,6945,6,NOTE,264,35855,text,25,1,0,
STOKI_DEF,6945,8,NOTE,264,28229,text,19,1,0,
STOKI_DEF,6945,10,NOTE,264,28223,text,18,1,0,
STOKI_DEF,6945,12,NOTE,264,35863,text,0,1,0,
STOKI_DEF,6945,14,NOTE,264,35865,text,0,1,0,
STOKI_DEF,6945,16,NOTE,264,35867,text,0,1,0,
STOKI_DEF,6945,18,NOTE,264,35869,text,0,1,0,
STOKI_DEF,6945,20,NOTE,264,35871,text,0,1,0,
STOKI_DEF,6945,22,NOTE,264,35873,text,0,1,0,
STOKI_DEF,6945,24,NOTE,264,35875,text,0,1,0,
STOKI_DEF,8048,1,NOTE,264,37047,text,0,1,0,
STOKI_DEF,8048,3,NOTE,264,37049,text,0,1,0,
STOKI_DEF,8048,12,NOTE,264,37058,text,0,1,0,
STOKI_DEF,8048,14,NOTE,264,37060,text,0,1,0,
STOKI_DEF,8048,16,NOTE,264,37062,text,0,1,0,
STOKI_DEF,8048,18,NOTE,264,37065,text,0,1,0,
STOKI_DEF,8048,19,NOTE,264,31811,text,49,1,0,
STOKI_DEF,8048,21,NOTE,264,37067,text,0,1,0,
STOKI_DEF,7962,1,NOTE,264,41349,text,0,1,0,
STOKI_DEF,7962,3,NOTE,264,41351,text,0,1,0,
STOKI_DEF,7962,5,NOTE,264,41353,text,0,1,0,
STOKI_DEF,7962,8,NOTE,264,41356,text,0,1,0,
STOKI_DEF,7962,10,NOTE,264,41358,text,0,1,0,
STOKI_DEF,7962,12,NOTE,264,41363,text,0,1,0,
STOKI_DEF,7962,13,NOTE,264,41362,text,0,1,0,
STOKI_DEF,7962,17,NOTE,264,41366,text,0,1,0,
STOKI_DEF,7962,18,NOTE,264,34437,text,0,1,0,
STOKI_DEF,7962,21,NOTE,264,41369,text,0,1,0,
STOKI_DEF,7962,24,NOTE,264,41372,text,0,1,0,
STOKI_DEF,7962,29,NOTE,264,41377,text,0,1,0,
SHABLONI,1654,1,SHABLON_DATA,271,5,binary,713,0,0,blobs/SHABLONI/blob_271_5.bin
SHABLONI,1654,3,SHABLON_DATA,271,2,binary,14522347,0,2,blobs/SHABLONI/blob_271_2.bin
TRANSFER,6382,9,PROPS,274,725,text,0,1,0,
TRANSFER,6382,11,PROPS,274,727,text,0,1,0,
TRANSFER,6382,13,PROPS,274,731,text,0,1,0,
TRANSFER,6382,15,PROPS,274,729,text,0,1,0,
TRANSFER,6382,17,PROPS,274,733,text,0,1,0,
TRANSFER,6382,19,PROPS,274,735,text,0,1,0,
TRANSFER,6382,23,PROPS,274,737,text,0,1,0,
TRANSFER,6382,25,PROPS,274,743,text,0,1,0,
TRANSFER,6382,28,PROPS,274,747,text,0,1,0,
TRANSFER,6382,29,PROPS,274,741,text,0,1,0,
TRANSFER,7098,1,PROPS,274,959,text,0,1,0,
ORG_1,5664,2,F_11,353,3,text,5,1,0,
ORG_1,5664,2,F_13,353,4,text,5,1,0,
ORG_1,5664,6,F_11,353,1,text,1,1,0,
ORG_1,5664,6,F_13,353,5,text,5,1,0,
