relation_id,table,field_position,field_name,dtype_code,dtype,length,scale,subtype,offset_latest_format,latest_format
128,A_OPER,0,ID,9,long,4,0,0,4,1
128,A_OPER,1,SM_TYPE,9,long,4,0,0,8,1
128,A_OPER,2,SM_DATETIME,9,long,4,0,0,12,1
128,A_OPER,3,OPERATION_ID,9,long,4,0,0,16,1
128,A_OPER,4,USER_ID,9,long,4,0,0,20,1
128,A_OPER,5,OPERATION_DT,16,timestamp,8,0,0,24,1
129,A_OPER_DEF,0,ID,9,long,4,0,0,4,1
129,A_OPER_DEF,1,OPERATION,1,text,48,0,0,8,1
129,A_OPER_DEF,2,POS,9,long,4,0,0,56,1
130,ACTIVI,0,ACTIV_ID,9,long,4,0,0,4,1
130,ACTIVI,1,ID,9,long,4,0,0,8,1
130,ACTIVI,2,TIP,1,text,4,0,0,12,1
130,ACTIVI,3,NAME,1,text,128,0,0,16,1
130,ACTIVI,4,DT_ACT,9,long,4,0,0,144,1
130,ACTIVI,5,DT_DEACT,9,long,4,0,0,148,1
130,ACTIVI,6,SKLAD,1,text,48,0,0,152,1
130,ACTIVI,7,KB_ID,9,long,4,0,0,200,1
130,ACTIVI,8,GRUPA,1,text,48,0,0,204,1
130,ACTIVI,9,STOKA,1,text,48,0,0,252,1
130,ACTIVI,10,TIP_CENI,1,text,4,0,0,300,1
130,ACTIVI,11,SUMA_BEG,12,double,8,0,0,304,1
130,ACTIVI,12,SUMA_END,12,double,8,0,0,312,1
130,ACTIVI,13,PROC,12,double,8,0,0,320,1
131,ALIGN,0,DATETIME,9,long,4,0,0,4,1
131,ALIGN,1,DT_DOC,9,long,4,0,0,8,1
131,ALIGN,2,DT_CHANGED,9,long,4,0,0,12,1
131,ALIGN,3,SMETKA,1,text,32,0,0,16,1
131,ALIGN,4,FIRMA1,1,text,48,0,0,48,1
131,ALIGN,5,FIRMA2,1,text,48,0,0,96,1
131,ALIGN,6,OWNER,1,text,48,0,0,144,1
131,ALIGN,7,CENA,12,double,8,0,0,192,1
131,ALIGN,8,VALUTA,1,text,1,0,0,200,1
131,ALIGN,9,NOTE,1,text,255,0,0,201,1
131,ALIGN,10,IS_OPEN,1,text,1,0,0,456,1
131,ALIGN,11,LV_ZA_USD,12,double,8,0,0,464,1
131,ALIGN,12,LV_ZA_DM,12,double,8,0,0,472,1
131,ALIGN,13,DM_ZA_USD,12,double,8,0,0,480,1
131,ALIGN,14,LV_ZA_1,12,double,8,0,0,488,1
131,ALIGN,15,LV_ZA_2,12,double,8,0,0,496,1
131,ALIGN,16,LV_ZA_3,12,double,8,0,0,504,1
131,ALIGN,17,LV_ZA_4,12,double,8,0,0,512,1
131,ALIGN,18,LV_ZA_5,12,double,8,0,0,520,1
132,ALIGN_ITEMS,0,DATETIME,9,long,4,0,0,4,1
132,ALIGN_ITEMS,1,NUM,9,long,4,0,0,8,1
132,ALIGN_ITEMS,2,POS,9,long,4,0,0,12,1
132,ALIGN_ITEMS,3,DT_PLASHTA,9,long,4,0,0,16,1
132,ALIGN_ITEMS,4,DT_PRODAWA,9,long,4,0,0,20,1
132,ALIGN_ITEMS,5,DT_KUPUWA,9,long,4,0,0,24,1
133,BACK_STOKA,0,DATETIME,9,long,4,0,0,8,1
133,BACK_STOKA,1,DT_DOC,9,long,4,0,0,12,1
133,BACK_STOKA,2,DT_DOC_2S,9,long,4,0,0,16,1
133,BACK_STOKA,3,DT_CHANGED,9,long,4,0,0,20,1
133,BACK_STOKA,4,KASA,1,text,1,0,0,24,1
133,BACK_STOKA,5,SMETKA,1,text,32,0,0,25,1
133,BACK_STOKA,6,JUAN,1,text,1,0,0,57,1
133,BACK_STOKA,7,FIRMA,1,text,48,0,0,58,1
133,BACK_STOKA,8,AGENT,1,text,48,0,0,106,1
133,BACK_STOKA,9,BROKER,1,text,48,0,0,154,1
133,BACK_STOKA,10,F_CONTACT,1,text,48,0,0,202,1
133,BACK_STOKA,11,USD,12,double,8,0,0,256,1
133,BACK_STOKA,12,DM,12,double,8,0,0,264,1
133,BACK_STOKA,13,LV,12,double,8,0,0,272,1
133,BACK_STOKA,14,S_1,12,double,8,0,0,280,1
133,BACK_STOKA,15,S_2,12,double,8,0,0,288,1
133,BACK_STOKA,16,S_3,12,double,8,0,0,296,1
133,BACK_STOKA,17,S_4,12,double,8,0,0,304,1
133,BACK_STOKA,18,S_5,12,double,8,0,0,312,1
133,BACK_STOKA,19,LV_ZA_USD,12,double,8,0,0,320,1
133,BACK_STOKA,20,LV_ZA_DM,12,double,8,0,0,328,1
133,BACK_STOKA,21,DM_ZA_USD,12,double,8,0,0,336,1
133,BACK_STOKA,22,LV_ZA_1,12,double,8,0,0,344,1
133,BACK_STOKA,23,LV_ZA_2,12,double,8,0,0,352,1
133,BACK_STOKA,24,LV_ZA_3,12,double,8,0,0,360,1
133,BACK_STOKA,25,LV_ZA_4,12,double,8,0,0,368,1
133,BACK_STOKA,26,LV_ZA_5,12,double,8,0,0,376,1
133,BACK_STOKA,27,OWNER,1,text,48,0,0,384,1
133,BACK_STOKA,28,SIGN_BY,1,text,48,0,0,432,1
133,BACK_STOKA,29,FACTUR_ID,1,text,1,0,0,480,1
133,BACK_STOKA,30,FACTUR_BY,1,text,48,0,0,481,1
133,BACK_STOKA,31,FACTUR_NO,1,text,16,0,0,529,1
133,BACK_STOKA,32,FACTUR_DT,9,long,4,0,0,548,1
133,BACK_STOKA,33,FACTUR_EX,1,text,1,0,0,552,1
133,BACK_STOKA,34,FACTUR_PN,1,text,16,0,0,553,1
133,BACK_STOKA,35,FACTUR_PD,9,long,4,0,0,572,1
133,BACK_STOKA,36,FACTUR_OS,1,text,64,0,0,576,1
133,BACK_STOKA,37,PROPS,17,blob,8,0,1,640,1
133,BACK_STOKA,38,NOTE,1,text,255,0,0,648,1
133,BACK_STOKA,39,IS_OPEN,1,text,1,0,0,903,1
134,AVANS_LINKS,0,DATETIME,9,long,4,0,0,4,1
134,AVANS_LINKS,1,SM_TYPE,9,long,4,0,0,8,1
134,AVANS_LINKS,2,NUM,9,long,4,0,0,12,1
134,AVANS_LINKS,3,DT_AVANS,9,long,4,0,0,16,1
135,BACK_STOKA_ITEMS,0,DATETIME,9,long,4,0,0,8,2
135,BACK_STOKA_ITEMS,1,NUM,8,short,2,0,0,12,2
135,BACK_STOKA_ITEMS,2,POS,9,long,4,0,0,16,2
135,BACK_STOKA_ITEMS,3,IS_FACTUR,1,text,1,0,0,20,2
135,BACK_STOKA_ITEMS,4,ZA_DATETIME,9,long,4,0,0,24,2
135,BACK_STOKA_ITEMS,5,ZA_NUM,8,short,2,0,0,28,2
135,BACK_STOKA_ITEMS,6,ZA_SMETKA,1,text,32,0,0,30,2
135,BACK_STOKA_ITEMS,7,SKLAD,1,text,48,0,0,62,2
135,BACK_STOKA_ITEMS,8,GRUPA,1,text,48,0,0,110,2
135,BACK_STOKA_ITEMS,9,STOKA,1,text,48,0,0,158,2
135,BACK_STOKA_ITEMS,10,SER_NO,1,text,48,0,0,206,2
135,BACK_STOKA_ITEMS,11,KOLICH,12,double,8,0,0,256,2
135,BACK_STOKA_ITEMS,12,KOLICH2,12,double,8,0,0,264,2
135,BACK_STOKA_ITEMS,13,REAL_KOLICH,12,double,8,0,0,272,2
135,BACK_STOKA_ITEMS,14,REAL_KOLICH2,12,double,8,0,0,280,2
135,BACK_STOKA_ITEMS,15,KOLICH_CHECK,12,double,8,0,0,288,2
135,BACK_STOKA_ITEMS,16,DDS,12,double,8,0,0,296,2
135,BACK_STOKA_ITEMS,17,CENA,12,double,8,0,0,304,2
135,BACK_STOKA_ITEMS,18,VALUTA,1,text,1,0,0,312,2
135,BACK_STOKA_ITEMS,19,KONSIGNACIA,1,text,1,0,0,313,2
135,BACK_STOKA_ITEMS,20,KB_ID,9,long,4,0,0,316,2
135,BACK_STOKA_ITEMS,21,CENA_LIST,1,text,48,0,0,320,2
135,BACK_STOKA_ITEMS,22,CENA_LIST_TYPE,1,text,1,0,0,368,2
135,BACK_STOKA_ITEMS,23,WARRANTY,1,text,80,0,0,369,2
135,BACK_STOKA_ITEMS,24,RP_USD,12,double,8,0,0,456,2
135,BACK_STOKA_ITEMS,25,RP_DM,12,double,8,0,0,464,2
135,BACK_STOKA_ITEMS,26,RP_LV,12,double,8,0,0,472,2
135,BACK_STOKA_ITEMS,27,RP_1,12,double,8,0,0,480,2
135,BACK_STOKA_ITEMS,28,RP_2,12,double,8,0,0,488,2
135,BACK_STOKA_ITEMS,29,RP_3,12,double,8,0,0,496,2
135,BACK_STOKA_ITEMS,30,RP_4,12,double,8,0,0,504,2
135,BACK_STOKA_ITEMS,31,RP_5,12,double,8,0,0,512,2
135,BACK_STOKA_ITEMS,32,NOTE,1,text,64,0,0,520,2
135,BACK_STOKA_ITEMS,33,BONUS,12,double,8,0,0,584,2
135,BACK_STOKA_ITEMS,34,PROPS_ROW,17,blob,8,0,1,592,2
135,BACK_STOKA_ITEMS,35,ZA_FISCAL_SMETKA,1,text,48,0,0,600,2
135,BACK_STOKA_ITEMS,36,STORNO_REASON,9,long,4,0,0,648,2
135,BACK_STOKA_ITEMS,37,WMS_KOLICH,12,double,8,0,0,656,2
136,BARCODES,0,DOSTAW,1,text,48,0,0,4,1
136,BARCODES,1,BARCODE,1,text,48,0,0,52,1
136,BARCODES,2,GRUPA,1,text,48,0,0,100,1
136,BARCODES,3,STOKA,1,text,48,0,0,148,1
136,BARCODES,4,NOTE,1,text,255,0,0,196,1
137,BOX,0,DATETIME,9,long,4,0,0,4,1
137,BOX,1,DT_DOC,9,long,4,0,0,8,1
137,BOX,2,DT_CHANGED,9,long,4,0,0,12,1
137,BOX,3,SMETKA,1,text,32,0,0,16,1
137,BOX,4,FIRMA,1,text,48,0,0,48,1
137,BOX,5,AGENT,1,text,48,0,0,96,1
137,BOX,6,PREWOZ,1,text,48,0,0,144,1
137,BOX,7,OWNER,1,text,48,0,0,192,1
137,BOX,8,SIGN_BY,1,text,48,0,0,240,1
137,BOX,9,BARCODE_BOX,1,text,32,0,0,288,1
137,BOX,10,PROPS,17,blob,8,0,1,320,1
137,BOX,11,NOTE,1,text,255,0,0,328,1
137,BOX,12,IS_OPEN,1,text,1,0,0,583,1
137,BOX,13,RAZFAS_BOX,1,text,8,0,0,584,1
137,BOX,14,KASA,1,text,1,0,0,592,1
137,BOX,15,USD,12,double,8,0,0,600,1
137,BOX,16,DM,12,double,8,0,0,608,1
137,BOX,17,LV,12,double,8,0,0,616,1
137,BOX,18,S_1,12,double,8,0,0,624,1
137,BOX,19,S_2,12,double,8,0,0,632,1
137,BOX,20,S_3,12,double,8,0,0,640,1
137,BOX,21,S_4,12,double,8,0,0,648,1
137,BOX,22,S_5,12,double,8,0,0,656,1
137,BOX,23,LV_ZA_USD,12,double,8,0,0,664,1
137,BOX,24,LV_ZA_DM,12,double,8,0,0,672,1
137,BOX,25,DM_ZA_USD,12,double,8,0,0,680,1
137,BOX,26,LV_ZA_1,12,double,8,0,0,688,1
137,BOX,27,LV_ZA_2,12,double,8,0,0,696,1
137,BOX,28,LV_ZA_3,12,double,8,0,0,704,1
137,BOX,29,LV_ZA_4,12,double,8,0,0,712,1
137,BOX,30,LV_ZA_5,12,double,8,0,0,720,1
138,BOX_ITEMS,0,DATETIME,9,long,4,0,0,4,1
138,BOX_ITEMS,1,NUM,9,long,4,0,0,8,1
138,BOX_ITEMS,2,POS,9,long,4,0,0,12,1
138,BOX_ITEMS,3,SKLAD,1,text,48,0,0,16,1
138,BOX_ITEMS,4,GRUPA,1,text,48,0,0,64,1
138,BOX_ITEMS,5,STOKA,1,text,48,0,0,112,1
138,BOX_ITEMS,6,SER_NO,1,text,48,0,0,160,1
138,BOX_ITEMS,7,KOLICH,12,double,8,0,0,208,1
138,BOX_ITEMS,8,KOLICH2,12,double,8,0,0,216,1
138,BOX_ITEMS,9,KOLICH_SELL,12,double,8,0,0,224,1
138,BOX_ITEMS,10,KOLICH_SELL2,12,double,8,0,0,232,1
138,BOX_ITEMS,11,KOLICH_CHECK,12,double,8,0,0,240,1
138,BOX_ITEMS,12,KOLICH_CANCEL,12,double,8,0,0,248,1
138,BOX_ITEMS,13,KOLICH_CANCEL2,12,double,8,0,0,256,1
138,BOX_ITEMS,14,NOTE,1,text,64,0,0,264,1
138,BOX_ITEMS,15,PROPS_ROW,17,blob,8,0,1,328,1
138,BOX_ITEMS,16,KONSIGNACIA,1,text,1,0,0,336,1
138,BOX_ITEMS,17,KB_ID,9,long,4,0,0,340,1
138,BOX_ITEMS,18,CENA_LIST,1,text,48,0,0,344,1
138,BOX_ITEMS,19,CENA_LIST_TYPE,1,text,1,0,0,392,1
138,BOX_ITEMS,20,ENDDATE,16,timestamp,8,0,0,400,1
138,BOX_ITEMS,21,DDS,12,double,8,0,0,408,1
138,BOX_ITEMS,22,CENA,12,double,8,0,0,416,1
138,BOX_ITEMS,23,VALUTA,1,text,1,0,0,424,1
138,BOX_ITEMS,24,DISCOUNT,12,double,8,0,0,432,1
138,BOX_ITEMS,25,DISCOUNT2,12,double,8,0,0,440,1
138,BOX_ITEMS,26,IS_REL_DISCOUNT,1,text,1,0,0,448,1
139,BUDGET,0,BUDG_ID,9,long,4,0,0,4,1
139,BUDGET,1,SCENARIO,1,text,32,0,0,8,1
139,BUDGET,2,BUDG_YEAR,9,long,4,0,0,40,1
139,BUDGET,3,PERO_ID,9,long,4,0,0,44,1
139,BUDGET,4,PERIOD,9,long,4,0,0,48,1
139,BUDGET,5,PRIHOD,12,double,8,0,0,56,1
139,BUDGET,6,RAZHOD,12,double,8,0,0,64,1
140,BUDGET_ACTIVI,0,ACTIV_ID,9,long,4,0,0,4,1
140,BUDGET_ACTIVI,1,AYEAR,9,long,4,0,0,8,1
140,BUDGET_ACTIVI,2,AMONTH,9,long,4,0,0,12,1
140,BUDGET_ACTIVI,3,SUMA,12,double,8,0,0,16,1
141,B_MARKET,0,ID,9,long,4,0,0,4,1
141,B_MARKET,1,PARENT_ID,9,long,4,0,0,8,1
141,B_MARKET,2,TYPE,9,long,4,0,0,12,1
141,B_MARKET,3,SORT_ORD,9,long,4,0,0,16,1
141,B_MARKET,4,CAPTION,1,text,48,0,0,20,1
141,B_MARKET,5,COMMAND,1,text,48,0,0,68,1
141,B_MARKET,6,SKLAD,1,text,48,0,0,116,1
141,B_MARKET,7,GRUPA,1,text,48,0,0,164,1
141,B_MARKET,8,STOKA,1,text,48,0,0,212,1
141,B_MARKET,9,SER_NO,1,text,48,0,0,260,1
141,B_MARKET,10,FOTO,17,blob,8,0,0,312,1
142,CAT_CATEGS,0,ID,8,short,2,0,0,4,1
142,CAT_CATEGS,1,NAME,1,text,48,0,0,6,1
142,CAT_CATEGS,2,ORD,8,short,2,0,0,54,1
142,CAT_CATEGS,3,SORT_MODE,8,short,2,0,0,56,1
143,CAT_VALUES,0,ID,9,long,4,0,0,4,1
143,CAT_VALUES,1,CATEG_ID,8,short,2,0,0,8,1
143,CAT_VALUES,2,VAL,1,text,48,0,0,10,1
144,CAT_LINKS,0,SERIA_ID,9,long,4,0,0,4,1
144,CAT_LINKS,1,STOKA_ID,9,long,4,0,0,8,1
144,CAT_LINKS,2,CATEG_ID,8,short,2,0,0,12,1
144,CAT_LINKS,3,VALUE_ID,9,long,4,0,0,16,1
145,CENI,0,DATETIME,9,long,4,0,0,4,1
145,CENI,1,DT_DOC,9,long,4,0,0,8,1
145,CENI,2,DT_CHANGED,9,long,4,0,0,12,1
145,CENI,3,SMETKA,1,text,32,0,0,16,1
145,CENI,4,OWNER,1,text,48,0,0,48,1
145,CENI,5,SIGN_BY,1,text,48,0,0,96,1
145,CENI,6,NOTE,1,text,255,0,0,144,1
145,CENI,7,IS_OPEN,1,text,1,0,0,399,1
145,CENI,8,BY_MODUL,1,text,48,0,0,400,1
145,CENI,9,BY_SMETKA,1,text,32,0,0,448,1
145,CENI,10,BY_SMTYPE,9,long,4,0,0,480,1
145,CENI,11,IS_REALIZED,1,text,1,0,0,484,1
146,CENI_ITEMS,0,DATETIME,9,long,4,0,0,4,1
146,CENI_ITEMS,1,NUM,9,long,4,0,0,8,1
146,CENI_ITEMS,2,GRUPA,1,text,48,0,0,12,1
146,CENI_ITEMS,3,STOKA,1,text,48,0,0,60,1
146,CENI_ITEMS,4,SKLAD,1,text,48,0,0,108,1
146,CENI_ITEMS,5,OLD_VALUTA_KUP,1,text,1,0,0,156,1
146,CENI_ITEMS,6,OLD_CENA_KUP,12,double,8,0,0,160,1
146,CENI_ITEMS,7,OLD_VALUTA_PROD_ED,1,text,1,0,0,168,1
146,CENI_ITEMS,8,OLD_CENA_PROD_ED1,12,double,8,0,0,176,1
146,CENI_ITEMS,9,OLD_VALUTA_PROD_DR,1,text,1,0,0,184,1
146,CENI_ITEMS,10,OLD_CENA_PROD_DR1,12,double,8,0,0,192,1
146,CENI_ITEMS,11,NEW_VALUTA_KUP,1,text,1,0,0,200,1
146,CENI_ITEMS,12,NEW_CENA_KUP,12,double,8,0,0,208,1
146,CENI_ITEMS,13,NEW_VALUTA_PROD_ED,1,text,1,0,0,216,1
146,CENI_ITEMS,14,NEW_CENA_PROD_ED1,12,double,8,0,0,224,1
146,CENI_ITEMS,15,NEW_VALUTA_PROD_DR,1,text,1,0,0,232,1
146,CENI_ITEMS,16,NEW_CENA_PROD_DR1,12,double,8,0,0,240,1
146,CENI_ITEMS,17,NOTE,1,text,64,0,0,248,1
146,CENI_ITEMS,18,AVG_VALUTA_KUP,1,text,1,0,0,312,1
146,CENI_ITEMS,19,AVG_CENA_KUP,12,double,8,0,0,320,1
146,CENI_ITEMS,20,AVG_KOLICH,12,double,8,0,0,328,1
146,CENI_ITEMS,21,AVG_DT,9,long,4,0,0,336,1
146,CENI_ITEMS,22,NALICH,12,double,8,0,0,344,1
146,CENI_ITEMS,23,IS_CHANGED,1,text,1,0,0,352,1
146,CENI_ITEMS,24,IS_TEMP,1,text,1,0,0,353,1
147,CODES,0,CODE,1,text,16,0,0,4,1
147,CODES,1,SCRIPT,1,text,128,0,0,20,1
147,CODES,2,NOTE,1,text,128,0,0,148,1
147,CODES,3,USD,12,double,8,0,0,280,1
147,CODES,4,DM,12,double,8,0,0,288,1
147,CODES,5,LV,12,double,8,0,0,296,1
147,CODES,6,S_1,12,double,8,0,0,304,1
147,CODES,7,S_2,12,double,8,0,0,312,1
147,CODES,8,S_3,12,double,8,0,0,320,1
147,CODES,9,S_4,12,double,8,0,0,328,1
147,CODES,10,S_5,12,double,8,0,0,336,1
147,CODES,11,TIP,8,short,2,0,0,344,1
148,CONNECTS_BY,0,CONNECT_BY,1,text,48,0,0,4,1
149,COUNTRIES,0,CODE,1,text,2,0,0,4,1
149,COUNTRIES,1,NAME,1,text,48,0,0,6,1
149,COUNTRIES,2,NAME_BG,1,text,48,0,0,54,1
149,COUNTRIES,3,IS_EU,1,text,1,0,0,102,1
149,COUNTRIES,4,OSS_VAT,12,double,8,0,0,104,1
150,CRM_CUSTOM_FIELDS_DEF,0,ID,9,long,4,0,0,4,1
150,CRM_CUSTOM_FIELDS_DEF,1,IS_TASK,1,text,1,0,0,8,1
150,CRM_CUSTOM_FIELDS_DEF,2,NAME,1,text,48,0,0,9,1
150,CRM_CUSTOM_FIELDS_DEF,3,FTYPE,9,long,4,0,0,60,1
151,CRM_NOTIFICATIONS,0,ID_TASK,9,long,4,0,0,4,1
151,CRM_NOTIFICATIONS,1,TYPE,9,long,4,0,0,8,1
151,CRM_NOTIFICATIONS,2,SINGLEVAL,9,long,4,0,0,12,1
151,CRM_NOTIFICATIONS,3,SINGLEUNIT,9,long,4,0,0,16,1
151,CRM_NOTIFICATIONS,4,DELAY,12,double,8,0,0,24,1
151,CRM_NOTIFICATIONS,5,FROMSTART,1,text,1,0,0,32,1
151,CRM_NOTIFICATIONS,6,DT_START,9,long,4,0,0,36,1
151,CRM_NOTIFICATIONS,7,MULTIVAL,9,long,4,0,0,40,1
151,CRM_NOTIFICATIONS,8,MULTIUNIT,9,long,4,0,0,44,1
151,CRM_NOTIFICATIONS,9,TEMPLATE,1,text,7,0,0,48,1
151,CRM_NOTIFICATIONS,10,DT_OPEN,9,long,4,0,0,56,1
152,CRM_REPORTS,0,ID,9,long,4,0,0,4,1
152,CRM_REPORTS,1,FROM_ID_TASK,9,long,4,0,0,8,1
152,CRM_REPORTS,2,TO_USER,1,text,48,0,0,12,1
152,CRM_REPORTS,3,FIRMA,1,text,48,0,0,60,1
152,CRM_REPORTS,4,SUBJECT,1,text,48,0,0,108,1
152,CRM_REPORTS,5,NOTE,3,varying,1026,0,0,156,1
152,CRM_REPORTS,6,DT_START,9,long,4,0,0,1184,1
152,CRM_REPORTS,7,DT_FINISH,9,long,4,0,0,1188,1
152,CRM_REPORTS,8,DT_CREATED,9,long,4,0,0,1192,1
152,CRM_REPORTS,9,DT_CHANGED,9,long,4,0,0,1196,1
152,CRM_REPORTS,10,ID_STATUS,9,long,4,0,0,1200,1
152,CRM_REPORTS,11,CONNECT_BY,1,text,48,0,0,1204,1
152,CRM_REPORTS,12,IS_OPEN,1,text,1,0,0,1252,1
153,CRM_STATUSES,0,ID,9,long,4,0,0,4,1
153,CRM_STATUSES,1,STATUS,1,text,48,0,0,8,1
154,CRM_TASK_CUSTOM_FIELDS,0,ID_TASK,9,long,4,0,0,4,1
154,CRM_TASK_CUSTOM_FIELDS,1,IS_TASK,1,text,1,0,0,8,1
154,CRM_TASK_CUSTOM_FIELDS,2,ID_FIELD,9,long,4,0,0,12,1
154,CRM_TASK_CUSTOM_FIELDS,3,FVALUE,3,varying,257,0,0,16,1
155,CRM_TASK_DOC,0,ID_TASK,9,long,4,0,0,4,1
155,CRM_TASK_DOC,1,IS_TASK,1,text,1,0,0,8,1
155,CRM_TASK_DOC,2,NUM,9,long,4,0,0,12,1
155,CRM_TASK_DOC,3,SM_TYPE,9,long,4,0,0,16,1
155,CRM_TASK_DOC,4,DATETIME,9,long,4,0,0,20,1
155,CRM_TASK_DOC,5,SUBJECT,1,text,48,0,0,24,1
155,CRM_TASK_DOC,6,NOTE,3,varying,1026,0,0,72,1
155,CRM_TASK_DOC,7,SMETKA,1,text,32,0,0,1098,1
156,CRM_TASK_EMAIL,0,ID_TASK,9,long,4,0,0,4,1
156,CRM_TASK_EMAIL,1,IS_TASK,1,text,1,0,0,8,1
156,CRM_TASK_EMAIL,2,NUM,9,long,4,0,0,12,1
156,CRM_TASK_EMAIL,3,ENTRYID,1,text,48,0,0,16,1
156,CRM_TASK_EMAIL,4,FOLDERID,1,text,48,0,0,64,1
156,CRM_TASK_EMAIL,5,DT_RECEIVED,16,timestamp,8,0,0,112,1
156,CRM_TASK_EMAIL,6,FOLDERPATH,1,text,48,0,0,120,1
156,CRM_TASK_EMAIL,7,FROM_EMAIL,1,text,48,0,0,168,1
156,CRM_TASK_EMAIL,8,SUBJECT,1,text,48,0,0,216,1
156,CRM_TASK_EMAIL,9,BODY,3,varying,4098,0,0,264,1
156,CRM_TASK_EMAIL,10,NOTE,3,varying,1026,0,0,4362,1
157,CRM_TASK_FIRMA,0,ID_TASK,9,long,4,0,0,4,1
157,CRM_TASK_FIRMA,1,IS_TASK,1,text,1,0,0,8,1
157,CRM_TASK_FIRMA,2,NUM,9,long,4,0,0,12,1
157,CRM_TASK_FIRMA,3,FIRMA,1,text,48,0,0,16,1
157,CRM_TASK_FIRMA,4,ADDR,1,text,255,0,0,64,1
157,CRM_TASK_FIRMA,5,TEL,1,text,128,0,0,319,1
157,CRM_TASK_FIRMA,6,NOTE,3,varying,1026,0,0,448,1
158,CRM_TASK_LINK,0,ID_TASK,9,long,4,0,0,4,1
158,CRM_TASK_LINK,1,IS_TASK,1,text,1,0,0,8,1
158,CRM_TASK_LINK,2,NUM,9,long,4,0,0,12,1
158,CRM_TASK_LINK,3,LINK,1,text,1024,0,0,16,1
158,CRM_TASK_LINK,4,NOTE,3,varying,1026,0,0,1040,1
159,CRM_TASK_LOG,0,ID,9,long,4,0,0,4,1
159,CRM_TASK_LOG,1,OWNER,1,text,48,0,0,8,1
159,CRM_TASK_LOG,2,DT_EVENT,9,long,4,0,0,56,1
159,CRM_TASK_LOG,3,ID_TASK,9,long,4,0,0,60,1
159,CRM_TASK_LOG,4,IS_TASK,1,text,1,0,0,64,1
159,CRM_TASK_LOG,5,EVENT,1,text,48,0,0,65,1
159,CRM_TASK_LOG,6,FLDCHANGED,1,text,256,0,0,113,1
159,CRM_TASK_LOG,7,SKLAD,1,text,48,0,0,369,1
159,CRM_TASK_LOG,8,GRUPA,1,text,48,0,0,417,1
159,CRM_TASK_LOG,9,STOKA,1,text,48,0,0,465,1
159,CRM_TASK_LOG,10,FIRMA,1,text,48,0,0,513,1
159,CRM_TASK_LOG,11,OLDVALUE,3,varying,1026,0,0,562,1
159,CRM_TASK_LOG,12,NEWVALUE,3,varying,1026,0,0,1588,1
160,CRM_TASK_STOKA,0,ID_TASK,9,long,4,0,0,4,1
160,CRM_TASK_STOKA,1,IS_TASK,1,text,1,0,0,8,1
160,CRM_TASK_STOKA,2,NUM,9,long,4,0,0,12,1
160,CRM_TASK_STOKA,3,SKLAD,1,text,48,0,0,16,1
160,CRM_TASK_STOKA,4,GRUPA,1,text,48,0,0,64,1
160,CRM_TASK_STOKA,5,STOKA,1,text,48,0,0,112,1
160,CRM_TASK_STOKA,6,NOTE,3,varying,1026,0,0,160,1
161,CRM_TASKS,0,ID,9,long,4,0,0,4,3
161,CRM_TASKS,1,TO_USER,1,text,48,0,0,8,3
161,CRM_TASKS,2,FROM_USER,1,text,48,0,0,56,3
161,CRM_TASKS,3,OWNER,1,text,48,0,0,104,3
161,CRM_TASKS,4,WAVE,9,long,4,0,0,152,3
161,CRM_TASKS,5,SUBJECT,1,text,48,0,0,156,3
161,CRM_TASKS,6,NOTE,3,varying,1026,0,0,204,3
161,CRM_TASKS,7,DT_START,9,long,4,0,0,1232,3
161,CRM_TASKS,8,DT_FINISH,9,long,4,0,0,1236,3
161,CRM_TASKS,9,DT_CREATED,9,long,4,0,0,1240,3
161,CRM_TASKS,10,DT_CHANGED,9,long,4,0,0,1244,3
161,CRM_TASKS,11,FROM_ID_REPORT,9,long,4,0,0,1248,3
161,CRM_TASKS,12,ID_STATUS,9,long,4,0,0,1252,3
161,CRM_TASKS,13,SMETKA,1,text,48,0,0,1256,3
161,CRM_TASKS,14,IS_OPEN,1,text,1,0,0,1304,3
161,CRM_TASKS,15,URGENCY,9,long,4,0,0,1308,3
161,CRM_TASKS,16,TASKTYPE,9,long,4,0,0,1312,3
161,CRM_TASKS,17,TO_USERS,3,varying,1026,0,0,1316,3
162,CTRL_POINTS,0,POINT_ROUTER,9,long,4,0,0,4,1
162,CTRL_POINTS,1,POINT_DOOR,9,long,4,0,0,8,1
162,CTRL_POINTS,2,POINT_TIP,1,text,8,0,0,12,1
162,CTRL_POINTS,3,POINT_NOTE,1,text,64,0,0,20,1
163,CTRL_CARDS,0,CARD_ID,1,text,10,0,0,4,1
163,CTRL_CARDS,1,CARD_TIP,1,text,8,0,0,14,1
163,CTRL_CARDS,2,CARD_LINK,1,text,64,0,0,22,1
164,CTRL_STATS,0,STAT_DT,9,long,4,0,0,4,1
164,CTRL_STATS,1,STAT_TIP,1,text,8,0,0,8,1
164,CTRL_STATS,2,STAT_OBJ,1,text,64,0,0,16,1
164,CTRL_STATS,3,STAT_RESULT,1,text,64,0,0,80,1
165,DISTRIB_TAB,0,OBOROT,12,double,8,0,0,8,1
165,DISTRIB_TAB,1,PROCENT,12,double,8,0,0,16,1
166,DISTRIB_TEMP,0,DT_NO,9,long,4,0,0,4,1
166,DISTRIB_TEMP,1,DT_LEVEL,9,long,4,0,0,8,1
166,DISTRIB_TEMP,2,DT_CODE,1,text,8,0,0,12,1
166,DISTRIB_TEMP,3,DT_NAME,1,text,48,0,0,20,1
166,DISTRIB_TEMP,4,DT_OBOROT,12,double,8,0,0,72,1
166,DISTRIB_TEMP,5,DT_LICHEN,12,double,8,0,0,80,1
166,DISTRIB_TEMP,6,DT_PERCENT,12,double,8,0,0,88,1
166,DISTRIB_TEMP,7,DT_PAYMANT,12,double,8,0,0,96,1
166,DISTRIB_TEMP,8,DT_SUBPAY,12,double,8,0,0,104,1
166,DISTRIB_TEMP,9,DT_PUREPAY,12,double,8,0,0,112,1
167,DOC_CONTACTS,0,DATETIME,9,long,4,0,0,4,1
167,DOC_CONTACTS,1,SM_TYPE,9,long,4,0,0,8,1
167,DOC_CONTACTS,2,COUNTRY,1,text,2,0,0,12,1
167,DOC_CONTACTS,3,CITY,1,text,32,0,0,14,1
167,DOC_CONTACTS,4,ADDR,1,text,128,0,0,46,1
167,DOC_CONTACTS,5,POST,1,text,16,0,0,174,1
167,DOC_CONTACTS,6,TEL,1,text,128,0,0,190,1
167,DOC_CONTACTS,7,EMAIL,1,text,64,0,0,318,1
167,DOC_CONTACTS,8,CONTACT,1,text,48,0,0,382,1
167,DOC_CONTACTS,9,NOTE,3,varying,1026,0,0,430,1
168,DOC_CONTAINER,0,DT_CREATED,9,long,4,0,0,4,1
168,DOC_CONTAINER,1,DATETIME,9,long,4,0,0,8,1
168,DOC_CONTAINER,2,NUM,8,short,2,0,0,12,1
168,DOC_CONTAINER,3,OWNER,1,text,48,0,0,14,1
168,DOC_CONTAINER,4,SM_TYPE,8,short,2,0,0,62,1
168,DOC_CONTAINER,5,SMETKA,1,text,32,0,0,64,1
168,DOC_CONTAINER,6,DT_DOC,9,long,4,0,0,96,1
168,DOC_CONTAINER,7,SKLAD,1,text,48,0,0,100,1
168,DOC_CONTAINER,8,GRUPA,1,text,48,0,0,148,1
168,DOC_CONTAINER,9,STOKA,1,text,48,0,0,196,1
168,DOC_CONTAINER,10,SER_NO,1,text,48,0,0,244,1
168,DOC_CONTAINER,11,KOLICH,12,double,8,0,0,296,1
168,DOC_CONTAINER,12,KOLICH2,12,double,8,0,0,304,1
168,DOC_CONTAINER,13,WARRANTY,1,text,80,0,0,312,1
168,DOC_CONTAINER,14,NOTE,1,text,64,0,0,392,1
168,DOC_CONTAINER,15,AGENT,1,text,48,0,0,456,1
168,DOC_CONTAINER,16,BROKER,1,text,48,0,0,504,1
168,DOC_CONTAINER,17,PROPS,17,blob,8,0,1,552,1
168,DOC_CONTAINER,18,PROPS_ROW,17,blob,8,0,1,560,1
168,DOC_CONTAINER,19,CENA,12,double,8,0,0,568,1
168,DOC_CONTAINER,20,VALUTA,1,text,1,0,0,576,1
168,DOC_CONTAINER,21,DISCOUNT,12,double,8,0,0,584,1
168,DOC_CONTAINER,22,DDS,12,double,8,0,0,592,1
168,DOC_CONTAINER,23,CENA_LIST,1,text,48,0,0,600,1
168,DOC_CONTAINER,24,DISCOUNT2,12,double,8,0,0,648,1
168,DOC_CONTAINER,25,IS_REL_DISCOUNT,1,text,1,0,0,656,1
169,DOC_LINKS,0,ID,9,long,4,0,0,4,1
169,DOC_LINKS,1,SM_FROM,9,long,4,0,0,8,1
169,DOC_LINKS,2,DATETIME_FROM,9,long,4,0,0,12,1
169,DOC_LINKS,3,NUM_FROM,9,long,4,0,0,16,1
169,DOC_LINKS,4,SM_TO,9,long,4,0,0,20,1
169,DOC_LINKS,5,DATETIME_TO,9,long,4,0,0,24,1
169,DOC_LINKS,6,NUM_TO,9,long,4,0,0,28,1
169,DOC_LINKS,7,DT_CHANGED,9,long,4,0,0,32,1
170,DRUGI,0,DATETIME,9,long,4,0,0,8,1
170,DRUGI,1,DT_DOC,9,long,4,0,0,12,1
170,DRUGI,2,DT_CHANGED,9,long,4,0,0,16,1
170,DRUGI,3,KASA,1,text,1,0,0,20,1
170,DRUGI,4,SMETKA,1,text,32,0,0,21,1
170,DRUGI,5,FIRMA,1,text,48,0,0,53,1
170,DRUGI,6,PRIHOD,1,text,1,0,0,101,1
170,DRUGI,7,CODE,1,text,16,0,0,102,1
170,DRUGI,8,SCRIPT,1,text,128,0,0,118,1
170,DRUGI,9,NOTE,1,text,128,0,0,246,1
170,DRUGI,10,PROPS,17,blob,8,0,1,376,1
170,DRUGI,11,USD,12,double,8,0,0,384,1
170,DRUGI,12,DM,12,double,8,0,0,392,1
170,DRUGI,13,LV,12,double,8,0,0,400,1
170,DRUGI,14,S_1,12,double,8,0,0,408,1
170,DRUGI,15,S_2,12,double,8,0,0,416,1
170,DRUGI,16,S_3,12,double,8,0,0,424,1
170,DRUGI,17,S_4,12,double,8,0,0,432,1
170,DRUGI,18,S_5,12,double,8,0,0,440,1
170,DRUGI,19,KONSIGNACIA,1,text,1,0,0,448,1
170,DRUGI,20,KB_ID,9,long,4,0,0,452,1
170,DRUGI,21,OWNER,1,text,48,0,0,456,1
170,DRUGI,22,SIGN_BY,1,text,48,0,0,504,1
170,DRUGI,23,IS_OPEN,1,text,1,0,0,552,1
170,DRUGI,24,JUAN,1,text,1,0,0,553,1
170,DRUGI,25,FACTUR_ID,1,text,1,0,0,554,1
170,DRUGI,26,FACTUR_BY,1,text,48,0,0,555,1
170,DRUGI,27,FACTUR_NO,1,text,16,0,0,603,1
170,DRUGI,28,FACTUR_DT,9,long,4,0,0,620,1
170,DRUGI,29,FACTUR_EX,1,text,1,0,0,624,1
170,DRUGI,30,FACTUR_PN,1,text,16,0,0,625,1
170,DRUGI,31,FACTUR_PD,9,long,4,0,0,644,1
170,DRUGI,32,FACTUR_OS,1,text,64,0,0,648,1
170,DRUGI,33,DDS,12,double,8,0,0,712,1
171,ETAPS,0,ID,9,long,4,0,0,4,1
171,ETAPS,1,NAME,1,text,48,0,0,8,1
171,ETAPS,2,IS_ACTIVE,1,text,1,0,0,56,1
172,ETAPS_MACHINES,0,ID,9,long,4,0,0,4,1
172,ETAPS_MACHINES,1,NAME,1,text,48,0,0,8,1
172,ETAPS_MACHINES,2,IS_ACTIVE,1,text,1,0,0,56,1
173,ETAPS_PROD,0,ID,9,long,4,0,0,4,1
173,ETAPS_PROD,1,PROD_DT_CREATED,9,long,4,0,0,8,1
173,ETAPS_PROD,2,PROD_DT_STP,9,long,4,0,0,12,1
173,ETAPS_PROD,3,ETAP_FOLLOW_NUM,9,long,4,0,0,16,1
173,ETAPS_PROD,4,VARIANT_NUM,9,long,4,0,0,20,1
173,ETAPS_PROD,5,ETAP_ID,9,long,4,0,0,24,1
173,ETAPS_PROD,6,MACHINE_ID,9,long,4,0,0,28,1
173,ETAPS_PROD,7,TIME_TO_PREPARE,9,long,4,0,0,32,1
173,ETAPS_PROD,8,TIME_TO_WORK,9,long,4,0,0,36,1
173,ETAPS_PROD,9,TIME_TO_FINISH,9,long,4,0,0,40,1
173,ETAPS_PROD,10,FOR_KOLICH,1,text,1,0,0,44,1
173,ETAPS_PROD,11,DT_START,9,long,4,0,0,48,1
173,ETAPS_PROD,12,DT_FINISH,9,long,4,0,0,52,1
174,FAC_NO,0,KASA,1,text,1,0,0,4,1
174,FAC_NO,1,FACTUR_BY,1,text,48,0,0,5,1
174,FAC_NO,2,DOC,1,text,16,0,0,53,1
174,FAC_NO,3,NUM,12,double,8,0,0,72,1
175,FINGERS,0,FIRMA,1,text,48,0,0,4,1
175,FINGERS,1,FINGER,9,long,4,0,0,52,1
175,FINGERS,2,TIP,1,text,1,0,0,56,1
175,FINGERS,3,PRINT_,17,blob,8,0,0,64,1
176,FIRM_CONTACTS,0,FIRMA,1,text,48,0,0,4,2
176,FIRM_CONTACTS,1,CONTACT,1,text,48,0,0,52,2
176,FIRM_CONTACTS,2,ID,9,long,4,0,0,100,2
176,FIRM_CONTACTS,3,OCCUPATION,1,text,48,0,0,104,2
176,FIRM_CONTACTS,4,CODE,1,text,24,0,0,152,2
176,FIRM_CONTACTS,5,COUNTRY,1,text,2,0,0,176,2
176,FIRM_CONTACTS,6,CITY,1,text,32,0,0,178,2
176,FIRM_CONTACTS,7,ADDR,1,text,128,0,0,210,2
176,FIRM_CONTACTS,8,POST,1,text,16,0,0,338,2
176,FIRM_CONTACTS,9,TEL,1,text,128,0,0,354,2
176,FIRM_CONTACTS,10,EMAIL,1,text,64,0,0,482,2
176,FIRM_CONTACTS,11,NOTE,3,varying,1026,0,0,546,2
176,FIRM_CONTACTS,12,IS_ACTIVE,1,text,1,0,0,1572,2
176,FIRM_CONTACTS,13,GR_CONTACT,1,text,48,0,0,1573,2
176,FIRM_CONTACTS,14,ID_EUROSPED,1,text,24,0,0,1621,2
177,FIRMI,0,DT_CHANGED,9,long,4,0,0,12,2
177,FIRMI,1,FIRMA,1,text,48,0,0,16,2
177,FIRMI,2,ID_FIRMA,9,long,4,0,0,64,2
177,FIRMI,3,CODE,1,text,24,0,0,68,2
177,FIRMI,4,COUNTRY,1,text,2,0,0,92,2
177,FIRMI,5,CITY,1,text,32,0,0,94,2
177,FIRMI,6,ADDR,1,text,128,0,0,126,2
177,FIRMI,7,POST,1,text,16,0,0,254,2
177,FIRMI,8,C_COUNTRY,1,text,2,0,0,270,2
177,FIRMI,9,C_CITY,1,text,32,0,0,272,2
177,FIRMI,10,C_ADDR,1,text,128,0,0,304,2
177,FIRMI,11,C_POST,1,text,16,0,0,432,2
177,FIRMI,12,TEL,1,text,128,0,0,448,2
177,FIRMI,13,MOL,1,text,48,0,0,576,2
177,FIRMI,14,EGN,1,text,10,0,0,624,2
177,FIRMI,15,EMAIL,1,text,64,0,0,634,2
177,FIRMI,16,DAN_NO,1,text,16,0,0,698,2
177,FIRMI,17,BULSTAT,1,text,16,0,0,714,2
177,FIRMI,18,EIK_VAT,1,text,16,0,0,730,2
177,FIRMI,19,BANK,1,text,32,0,0,746,2
177,FIRMI,20,BANK_CODE,1,text,16,0,0,778,2
177,FIRMI,21,BANK_KLON,1,text,32,0,0,794,2
177,FIRMI,22,BANK_SMETKA,1,text,32,0,0,826,2
177,FIRMI,23,DDS_BANK,1,text,32,0,0,858,2
177,FIRMI,24,DDS_BANK_CODE,1,text,16,0,0,890,2
177,FIRMI,25,DDS_BANK_KLON,1,text,32,0,0,906,2
177,FIRMI,26,DDS_BANK_SMETKA,1,text,32,0,0,938,2
177,FIRMI,27,POLUCHATEL,1,text,48,0,0,970,2
177,FIRMI,28,POLUCHATEL_EGN,1,text,10,0,0,1018,2
177,FIRMI,29,PREWOZ,1,text,48,0,0,1028,2
177,FIRMI,30,CAR_NO,1,text,8,0,0,1076,2
177,FIRMI,31,PARENT,1,text,48,0,0,1084,2
177,FIRMI,32,BROKER,1,text,48,0,0,1132,2
177,FIRMI,33,PASSWRD,1,text,32,0,0,1180,2
177,FIRMI,34,INIT_SALDO_USD,12,double,8,0,0,1216,2
177,FIRMI,35,INIT_SALDO_DM,12,double,8,0,0,1224,2
177,FIRMI,36,INIT_SALDO_LV,12,double,8,0,0,1232,2
177,FIRMI,37,INIT_SALDO_1,12,double,8,0,0,1240,2
177,FIRMI,38,INIT_SALDO_2,12,double,8,0,0,1248,2
177,FIRMI,39,INIT_SALDO_3,12,double,8,0,0,1256,2
177,FIRMI,40,INIT_SALDO_4,12,double,8,0,0,1264,2
177,FIRMI,41,INIT_SALDO_5,12,double,8,0,0,1272,2
177,FIRMI,42,SALDO_USD,12,double,8,0,0,1280,2
177,FIRMI,43,SALDO_DM,12,double,8,0,0,1288,2
177,FIRMI,44,SALDO_LV,12,double,8,0,0,1296,2
177,FIRMI,45,SALDO_1,12,double,8,0,0,1304,2
177,FIRMI,46,SALDO_2,12,double,8,0,0,1312,2
177,FIRMI,47,SALDO_3,12,double,8,0,0,1320,2
177,FIRMI,48,SALDO_4,12,double,8,0,0,1328,2
177,FIRMI,49,SALDO_5,12,double,8,0,0,1336,2
177,FIRMI,50,NOTE,17,blob,8,0,1,1344,2
177,FIRMI,51,MOL_EGN,1,text,10,0,0,1352,2
177,FIRMI,52,TIP,1,text,1,0,0,1362,2
177,FIRMI,53,IS_TIP_REAL,1,text,1,0,0,1363,2
177,FIRMI,54,IS_LOST,1,text,1,0,0,1364,2
177,FIRMI,55,WANTED,1,text,64,0,0,1365,2
177,FIRMI,56,IS_DDS_REG,1,text,1,0,0,1429,2
177,FIRMI,57,AGENT,1,text,48,0,0,1430,2
177,FIRMI,58,F_GRUPA,1,text,48,0,0,1478,2
177,FIRMI,59,CONNECT_BY,1,text,48,0,0,1526,2
177,FIRMI,60,DATE_CREATED,9,long,4,0,0,1576,2
177,FIRMI,61,PROPS,17,blob,8,0,1,1584,2
177,FIRMI,62,LIMIT_CREDIT,12,double,8,0,0,1592,2
177,FIRMI,63,LIMIT_CREDIT_VAL,1,text,1,0,0,1600,2
177,FIRMI,64,LIMIT_DEBIT,12,double,8,0,0,1608,2
177,FIRMI,65,LIMIT_DEBIT_VAL,1,text,1,0,0,1616,2
177,FIRMI,66,IS_LIMIT_PADEZH,1,text,1,0,0,1617,2
177,FIRMI,67,WEB_NAME,1,text,48,0,0,1618,2
177,FIRMI,68,WEB_PASS,1,text,32,0,0,1666,2
177,FIRMI,69,FOTO,17,blob,8,0,0,1704,2
177,FIRMI,70,WOP_IS_USED,1,text,1,0,0,1712,2
177,FIRMI,71,WOP_KONSIGNACIA,1,text,1,0,0,1713,2
177,FIRMI,72,WOP_KB_ID,9,long,4,0,0,1716,2
177,FIRMI,73,WOP_IS_DDS,1,text,1,0,0,1720,2
177,FIRMI,74,WOP_DAYS,9,long,4,0,0,1724,2
177,FIRMI,75,AUTO_FACTUR_ID,1,text,1,0,0,1728,2
177,FIRMI,76,IS_ACTIVE,1,text,1,0,0,1729,2
177,FIRMI,77,ACC_CODE,9,long,4,0,0,1732,2
177,FIRMI,78,ACC_NAME,1,text,48,0,0,1736,2
177,FIRMI,79,IS_SPEC_DISCOUNT,1,text,1,0,0,1784,2
177,FIRMI,80,IS_PARTEX,1,text,1,0,0,1785,2
177,FIRMI,81,SPEC_DISCOUNT_DATE,9,long,4,0,0,1788,2
177,FIRMI,82,SPEC_DISCOUNT_SALDO,12,double,8,0,0,1792,2
177,FIRMI,83,INIT_SALDO_BONUS,12,double,8,0,0,1800,2
177,FIRMI,84,SALDO_BONUS,12,double,8,0,0,1808,2
177,FIRMI,85,WEB_IS_SPEC_CENI,1,text,1,0,0,1816,2
177,FIRMI,86,LIMIT_EXTRA_DAYS,9,long,4,0,0,1820,2
177,FIRMI,87,PRIVATE_SPEC,1,text,1,0,0,1824,2
177,FIRMI,88,IS_PERSON,1,text,1,0,0,1825,2
177,FIRMI,89,IS_CONST_PRICES,1,text,1,0,0,1826,2
177,FIRMI,90,F_ROLE,1,text,48,0,0,1827,2
177,FIRMI,91,DISCOUNT_SCH_ID,9,long,4,0,0,1876,2
177,FIRMI,92,USE_BONUS,1,text,1,0,0,1880,2
177,FIRMI,93,SPEEDY_ADDRESS,3,varying,514,0,0,1882,2
177,FIRMI,94,WAVE,9,long,4,0,0,2396,2
177,FIRMI,95,SROK_DOST,9,long,4,0,0,2400,2
178,FISCAL_UNITS,0,ID,9,long,4,0,0,4,1
178,FISCAL_UNITS,1,DT_CREATED,9,long,4,0,0,8,1
178,FISCAL_UNITS,2,FU_NUMBER,1,text,20,0,0,12,1
178,FISCAL_UNITS,3,FU_MEMORY,1,text,20,0,0,32,1
178,FISCAL_UNITS,4,FU_BULSTAT,1,text,15,0,0,52,1
178,FISCAL_UNITS,5,FU_OBEKT,1,text,48,0,0,67,1
178,FISCAL_UNITS,6,FU_SKLAD,1,text,48,0,0,115,1
178,FISCAL_UNITS,7,FU_COUNTER,9,long,4,0,0,164,1
179,GDPR,0,ID,9,long,4,0,0,4,1
179,GDPR,1,FIRMA,1,text,48,0,0,8,1
179,GDPR,2,FORGOTTEN,12,double,8,0,0,56,1
180,GDPR_CONSENTS,0,ID,9,long,4,0,0,4,1
180,GDPR_CONSENTS,1,CONSENT,1,text,48,0,0,8,1
180,GDPR_CONSENTS,2,IS_CHECKED,1,text,1,0,0,56,1
181,GDPR_GOALS,0,ID,9,long,4,0,0,4,1
181,GDPR_GOALS,1,GOAL,1,text,48,0,0,8,1
181,GDPR_GOALS,2,IS_CHECKED,1,text,1,0,0,56,1
182,GDPR_PERSON_GOALS,0,FIRMA,1,text,48,0,0,4,1
182,GDPR_PERSON_GOALS,1,GOAL_ID,9,long,4,0,0,52,1
183,GDPR_PERSON_FIELDS,0,FIRMA,1,text,48,0,0,4,1
183,GDPR_PERSON_FIELDS,1,F_EGN,1,text,1,0,0,52,1
183,GDPR_PERSON_FIELDS,2,F_ADDR,1,text,1,0,0,53,1
183,GDPR_PERSON_FIELDS,3,F_TEL,1,text,1,0,0,54,1
183,GDPR_PERSON_FIELDS,4,F_EMAIL,1,text,1,0,0,55,1
183,GDPR_PERSON_FIELDS,5,F_BANK,1,text,1,0,0,56,1
183,GDPR_PERSON_FIELDS,6,F_PROPS,1,text,1,0,0,57,1
183,GDPR_PERSON_FIELDS,7,F_NOTE,1,text,1,0,0,58,1
183,GDPR_PERSON_FIELDS,8,START_DT,9,long,4,0,0,60,1
183,GDPR_PERSON_FIELDS,9,STOP_DT,9,long,4,0,0,64,1
183,GDPR_PERSON_FIELDS,10,TERM_DAYS,9,long,4,0,0,68,1
183,GDPR_PERSON_FIELDS,11,CONSENT_ID,9,long,4,0,0,72,1
183,GDPR_PERSON_FIELDS,12,NOTE,3,varying,257,0,0,76,1
184,GRUPI,0,DT_CHANGED,9,long,4,0,0,8,1
184,GRUPI,1,GRUPA,1,text,48,0,0,12,1
184,GRUPI,2,PARENT_GR,1,text,48,0,0,60,1
184,GRUPI,3,CODE,1,text,48,0,0,108,1
184,GRUPI,4,BARCODE,1,text,32,0,0,156,1
184,GRUPI,5,VALUTA_KUP,1,text,1,0,0,188,1
184,GRUPI,6,VALUTA_PROD_ED,1,text,1,0,0,189,1
184,GRUPI,7,VALUTA_PROD_DR,1,text,1,0,0,190,1
184,GRUPI,8,RAZFAS1,1,text,8,0,0,191,1
184,GRUPI,9,RAZFAS2,1,text,8,0,0,199,1
184,GRUPI,10,RELATOR,12,double,8,0,0,208,1
184,GRUPI,11,CENA_KUP,12,double,8,0,0,216,1
184,GRUPI,12,CENA_PROD_ED1,12,double,8,0,0,224,1
184,GRUPI,13,CENA_PROD_DR1,12,double,8,0,0,232,1
184,GRUPI,14,DDS_DEF,12,double,8,0,0,240,1
184,GRUPI,15,PROPS,17,blob,8,0,1,248,1
184,GRUPI,16,NOTE,17,blob,8,0,1,256,1
184,GRUPI,17,IS_SER_NO,1,text,1,0,0,264,1
184,GRUPI,18,MIN_KOLICH,12,double,8,0,0,272,1
184,GRUPI,19,MAX_KOLICH,12,double,8,0,0,280,1
184,GRUPI,20,DOSTAW,1,text,48,0,0,288,1
184,GRUPI,21,INTRASTAT,1,text,16,0,0,336,1
184,GRUPI,22,COUNTRY,1,text,2,0,0,352,1
184,GRUPI,23,TEGLO,12,double,8,0,0,360,1
184,GRUPI,24,TREND,12,double,8,0,0,368,1
184,GRUPI,25,IS_ACTIVE,1,text,1,0,0,376,1
184,GRUPI,26,ACC_TIP,8,short,2,0,0,378,1
184,GRUPI,27,EEO_NO,1,text,8,0,0,380,1
184,GRUPI,28,EEO_TEGLO,12,double,8,0,0,392,1
184,GRUPI,29,IS_ACTIVE_WEB,1,text,1,0,0,400,1
184,GRUPI,30,IS_ACTIVE_PARENT,1,text,1,0,0,401,1
184,GRUPI,31,IS_ACTIVE_WEB_PARENT,1,text,1,0,0,402,1
184,GRUPI,32,GROUP_ID,9,long,4,0,0,404,1
184,GRUPI,33,FOLLOW_NUM,12,double,8,0,0,408,1
184,GRUPI,34,ID_PROPS_GRP_G,1,text,20,0,0,416,1
184,GRUPI,35,IS_RESTRICT,9,long,4,0,0,436,1
185,IN_WORK,0,OWNER,1,text,48,0,0,4,1
185,IN_WORK,1,KASA,1,text,1,0,0,52,1
185,IN_WORK,2,REG_DATETIME,9,long,4,0,0,56,1
186,IO_GRAPH,0,ID,9,long,4,0,0,4,1
186,IO_GRAPH,1,ID_RAMP,9,long,4,0,0,8,1
186,IO_GRAPH,2,START_TIME,9,long,4,0,0,12,1
186,IO_GRAPH,3,NAME,1,text,48,0,0,16,1
187,IO_RAMPS,0,ID,9,long,4,0,0,4,1
187,IO_RAMPS,1,NAME,1,text,48,0,0,8,1
187,IO_RAMPS,2,IS_IO,1,text,1,0,0,56,1
188,IO_TRUCKS,0,DATETIME,9,long,4,0,0,4,1
188,IO_TRUCKS,1,SMETKA,1,text,32,0,0,8,1
188,IO_TRUCKS,2,TRUCK_NO,1,text,32,0,0,40,1
188,IO_TRUCKS,3,FIRMA,1,text,48,0,0,72,1
188,IO_TRUCKS,4,OWNER,1,text,48,0,0,120,1
188,IO_TRUCKS,5,WEIGHT_BEFORE,12,double,8,0,0,168,1
188,IO_TRUCKS,6,WEIGHT_AFTER,12,double,8,0,0,176,1
188,IO_TRUCKS,7,DT_BEFORE,9,long,4,0,0,184,1
188,IO_TRUCKS,8,DT_AFTER,9,long,4,0,0,188,1
188,IO_TRUCKS,9,NOTE,3,varying,257,0,0,192,1
188,IO_TRUCKS,10,ORD_TYPE,9,long,4,0,0,452,1
188,IO_TRUCKS,11,ORD_DATETIME,9,long,4,0,0,456,1
188,IO_TRUCKS,12,IS_ACTIVE,1,text,1,0,0,460,1
188,IO_TRUCKS,13,SM_TYPE,9,long,4,0,0,464,1
188,IO_TRUCKS,14,SM_DATETIME,9,long,4,0,0,468,1
189,KASI_BANKI,0,KB_ID,9,long,4,0,0,4,1
189,KASI_BANKI,1,KB_TIP,1,text,1,0,0,8,1
189,KASI_BANKI,2,KB_NAME,1,text,48,0,0,9,1
189,KASI_BANKI,3,KB_MOL,1,text,48,0,0,57,1
189,KASI_BANKI,4,KB_ADDR,1,text,48,0,0,105,1
189,KASI_BANKI,5,BANK_CODE,1,text,16,0,0,153,1
189,KASI_BANKI,6,BANK_KLON,1,text,32,0,0,169,1
189,KASI_BANKI,7,BANK_SMETKA,1,text,32,0,0,201,1
189,KASI_BANKI,8,IS_ACTIVE,1,text,1,0,0,233,1
189,KASI_BANKI,9,CASH_PAYMENT,9,long,4,0,0,236,1
189,KASI_BANKI,10,LIMIT,12,double,8,0,0,240,1
189,KASI_BANKI,11,ACCOUNT,1,text,32,0,0,248,1
190,KUPUWA,0,DATETIME,9,long,4,0,0,8,1
190,KUPUWA,1,DT_DOC,9,long,4,0,0,12,1
190,KUPUWA,2,DT_DOC_2S,9,long,4,0,0,16,1
190,KUPUWA,3,DT_CHANGED,9,long,4,0,0,20,1
190,KUPUWA,4,KASA,1,text,1,0,0,24,1
190,KUPUWA,5,SMETKA,1,text,32,0,0,25,1
190,KUPUWA,6,FIRMA,1,text,48,0,0,57,1
190,KUPUWA,7,AGENT,1,text,48,0,0,105,1
190,KUPUWA,8,PREWOZ,1,text,48,0,0,153,1
190,KUPUWA,9,P_CONTACT,1,text,48,0,0,201,1
190,KUPUWA,10,F_CONTACT,1,text,48,0,0,249,1
190,KUPUWA,11,USD,12,double,8,0,0,304,1
190,KUPUWA,12,DM,12,double,8,0,0,312,1
190,KUPUWA,13,LV,12,double,8,0,0,320,1
190,KUPUWA,14,S_1,12,double,8,0,0,328,1
190,KUPUWA,15,S_2,12,double,8,0,0,336,1
190,KUPUWA,16,S_3,12,double,8,0,0,344,1
190,KUPUWA,17,S_4,12,double,8,0,0,352,1
190,KUPUWA,18,S_5,12,double,8,0,0,360,1
190,KUPUWA,19,LV_ZA_USD,12,double,8,0,0,368,1
190,KUPUWA,20,LV_ZA_DM,12,double,8,0,0,376,1
190,KUPUWA,21,DM_ZA_USD,12,double,8,0,0,384,1
190,KUPUWA,22,LV_ZA_1,12,double,8,0,0,392,1
190,KUPUWA,23,LV_ZA_2,12,double,8,0,0,400,1
190,KUPUWA,24,LV_ZA_3,12,double,8,0,0,408,1
190,KUPUWA,25,LV_ZA_4,12,double,8,0,0,416,1
190,KUPUWA,26,LV_ZA_5,12,double,8,0,0,424,1
190,KUPUWA,27,OWNER,1,text,48,0,0,432,1
190,KUPUWA,28,SIGN_BY,1,text,48,0,0,480,1
190,KUPUWA,29,FACTUR_ID,1,text,1,0,0,528,1
190,KUPUWA,30,FACTUR_BY,1,text,48,0,0,529,1
190,KUPUWA,31,FACTUR_NO,1,text,16,0,0,577,1
190,KUPUWA,32,FACTUR_DT,9,long,4,0,0,596,1
190,KUPUWA,33,FACTUR_EX,1,text,1,0,0,600,1
190,KUPUWA,34,FACTUR_PN,1,text,16,0,0,601,1
190,KUPUWA,35,FACTUR_PD,9,long,4,0,0,620,1
190,KUPUWA,36,FACTUR_OS,1,text,64,0,0,624,1
190,KUPUWA,37,ISTAT_DEAL_TYPE,1,text,2,0,0,688,1
190,KUPUWA,38,ISTAT_STAT_PROC,1,text,1,0,0,690,1
190,KUPUWA,39,ISTAT_TERMS,1,text,3,0,0,691,1
190,KUPUWA,40,ISTAT_TRANS_TYPE,1,text,1,0,0,694,1
190,KUPUWA,41,ISTAT_TRANS_FROM,1,text,2,0,0,695,1
190,KUPUWA,42,ISTAT_REGION,1,text,3,0,0,697,1
190,KUPUWA,43,PROPS,17,blob,8,0,1,704,1
190,KUPUWA,44,NOTE,1,text,255,0,0,712,1
190,KUPUWA,45,IS_OPEN,1,text,1,0,0,967,1
190,KUPUWA,46,DT_AVANS,9,long,4,0,0,968,1
190,KUPUWA,47,CD_J_NUMBER,1,text,32,0,0,972,1
190,KUPUWA,48,CD_J_DATE,9,long,4,0,0,1004,1
190,KUPUWA,49,CD_DDS,12,double,8,0,0,1008,1
190,KUPUWA,50,CD_DUTY,12,double,8,0,0,1016,1
191,KUPUWA_ITEMS,0,DATETIME,9,long,4,0,0,8,5
191,KUPUWA_ITEMS,1,NUM,8,short,2,0,0,12,5
191,KUPUWA_ITEMS,2,POS,9,long,4,0,0,16,5
191,KUPUWA_ITEMS,3,IS_FACTUR,1,text,1,0,0,20,5
191,KUPUWA_ITEMS,4,SKLAD,1,text,48,0,0,21,5
191,KUPUWA_ITEMS,5,GRUPA,1,text,48,0,0,69,5
191,KUPUWA_ITEMS,6,STOKA,1,text,48,0,0,117,5
191,KUPUWA_ITEMS,7,SER_NO,1,text,48,0,0,165,5
191,KUPUWA_ITEMS,8,KOLICH,12,double,8,0,0,216,5
191,KUPUWA_ITEMS,9,KOLICH2,12,double,8,0,0,224,5
191,KUPUWA_ITEMS,10,PAY_KOLICH,12,double,8,0,0,232,5
191,KUPUWA_ITEMS,11,PAY_KOLICH2,12,double,8,0,0,240,5
191,KUPUWA_ITEMS,12,BACK_KOLICH,12,double,8,0,0,248,5
191,KUPUWA_ITEMS,13,BACK_KOLICH2,12,double,8,0,0,256,5
191,KUPUWA_ITEMS,14,REV_KOLICH,12,double,8,0,0,264,5
191,KUPUWA_ITEMS,15,REV_KOLICH2,12,double,8,0,0,272,5
191,KUPUWA_ITEMS,16,BACK_T_KOLICH,12,double,8,0,0,280,5
191,KUPUWA_ITEMS,17,BACK_T_KOLICH2,12,double,8,0,0,288,5
191,KUPUWA_ITEMS,18,REAL_KOLICH,12,double,8,0,0,296,5
191,KUPUWA_ITEMS,19,REAL_KOLICH2,12,double,8,0,0,304,5
191,KUPUWA_ITEMS,20,KOLICH_CHECK,12,double,8,0,0,312,5
191,KUPUWA_ITEMS,21,KONSIGNACIA,1,text,1,0,0,320,5
191,KUPUWA_ITEMS,22,KB_ID,9,long,4,0,0,324,5
191,KUPUWA_ITEMS,23,CENA_LIST,1,text,48,0,0,328,5
191,KUPUWA_ITEMS,24,CENA_LIST_TYPE,1,text,1,0,0,376,5
191,KUPUWA_ITEMS,25,ENDDATE,16,timestamp,8,0,0,384,5
191,KUPUWA_ITEMS,26,DDS,12,double,8,0,0,392,5
191,KUPUWA_ITEMS,27,CENA,12,double,8,0,0,400,5
191,KUPUWA_ITEMS,28,VALUTA,1,text,1,0,0,408,5
191,KUPUWA_ITEMS,29,DISCOUNT,12,double,8,0,0,416,5
191,KUPUWA_ITEMS,30,DISCOUNT2,12,double,8,0,0,424,5
191,KUPUWA_ITEMS,31,IS_REL_DISCOUNT,1,text,1,0,0,432,5
191,KUPUWA_ITEMS,32,WARRANTY,1,text,80,0,0,433,5
191,KUPUWA_ITEMS,33,KUP_CENA,12,double,8,0,0,520,5
191,KUPUWA_ITEMS,34,KUP_VALUTA,1,text,1,0,0,528,5
191,KUPUWA_ITEMS,35,P_DATETIME,9,long,4,0,0,532,5
191,KUPUWA_ITEMS,36,P_NUM,9,long,4,0,0,536,5
191,KUPUWA_ITEMS,37,RP_USD,12,double,8,0,0,544,5
191,KUPUWA_ITEMS,38,RP_DM,12,double,8,0,0,552,5
191,KUPUWA_ITEMS,39,RP_LV,12,double,8,0,0,560,5
191,KUPUWA_ITEMS,40,RP_1,12,double,8,0,0,568,5
191,KUPUWA_ITEMS,41,RP_2,12,double,8,0,0,576,5
191,KUPUWA_ITEMS,42,RP_3,12,double,8,0,0,584,5
191,KUPUWA_ITEMS,43,RP_4,12,double,8,0,0,592,5
191,KUPUWA_ITEMS,44,RP_5,12,double,8,0,0,600,5
191,KUPUWA_ITEMS,45,R_CENA,12,double,8,0,0,608,5
191,KUPUWA_ITEMS,46,R_CENADDS,12,double,8,0,0,616,5
191,KUPUWA_ITEMS,47,R_VALUTA,1,text,1,0,0,624,5
191,KUPUWA_ITEMS,48,D_EDCENA,12,double,8,0,0,632,5
191,KUPUWA_ITEMS,49,D_VALUTA,1,text,1,0,0,640,5
191,KUPUWA_ITEMS,50,DR_CENA,12,double,8,0,0,648,5
191,KUPUWA_ITEMS,51,DR_VALUTA,1,text,1,0,0,656,5
191,KUPUWA_ITEMS,52,CD_ROW_DUTY,12,double,8,0,0,664,5
191,KUPUWA_ITEMS,53,CD_SELL_KOLICH,12,double,8,0,0,672,5
191,KUPUWA_ITEMS,54,PRODUCT_TAX,12,double,8,0,0,680,5
191,KUPUWA_ITEMS,55,O_DATETIME,9,long,4,0,0,688,5
191,KUPUWA_ITEMS,56,O_NUM,9,long,4,0,0,692,5
191,KUPUWA_ITEMS,57,NOTE,1,text,64,0,0,696,5
191,KUPUWA_ITEMS,58,PROPS_ROW,17,blob,8,0,1,760,5
191,KUPUWA_ITEMS,59,WMS_KOLICH,12,double,8,0,0,768,5
191,KUPUWA_ITEMS,60,I_DATETIME,9,long,4,0,0,776,5
191,KUPUWA_ITEMS,61,I_NUM,8,short,2,0,0,780,5
191,KUPUWA_ITEMS,62,I_SMETKA,1,text,32,0,0,782,5
192,KURS,0,DATETIME,16,timestamp,8,0,0,8,1
192,KURS,1,LV_ZA_USD,12,double,8,0,0,16,1
192,KURS,2,LV_ZA_DM,12,double,8,0,0,24,1
192,KURS,3,DM_ZA_USD,12,double,8,0,0,32,1
192,KURS,4,LV_ZA_1,12,double,8,0,0,40,1
192,KURS,5,LV_ZA_2,12,double,8,0,0,48,1
192,KURS,6,LV_ZA_3,12,double,8,0,0,56,1
192,KURS,7,LV_ZA_4,12,double,8,0,0,64,1
192,KURS,8,LV_ZA_5,12,double,8,0,0,72,1
193,LOCK_PERIOD,0,ID,9,long,4,0,0,4,1
193,LOCK_PERIOD,1,DT_CHANGED,9,long,4,0,0,8,1
193,LOCK_PERIOD,2,START_DT,9,long,4,0,0,12,1
193,LOCK_PERIOD,3,END_DT,9,long,4,0,0,16,1
193,LOCK_PERIOD,4,STATUS,9,long,4,0,0,20,1
193,LOCK_PERIOD,5,NOTE,1,text,64,0,0,24,1
193,LOCK_PERIOD,6,FACTUR_BY,1,text,48,0,0,88,1
194,LOCKED,0,DATETIME,9,long,4,0,0,8,1
194,LOCKED,1,DT_DOC,9,long,4,0,0,12,1
194,LOCKED,2,DT_CHANGED,9,long,4,0,0,16,1
194,LOCKED,3,KASA,1,text,1,0,0,20,1
194,LOCKED,4,SMETKA,1,text,32,0,0,21,1
194,LOCKED,5,FIRMA,1,text,48,0,0,53,1
194,LOCKED,6,AGENT,1,text,48,0,0,101,1
194,LOCKED,7,BROKER,1,text,48,0,0,149,1
194,LOCKED,8,PREWOZ,1,text,48,0,0,197,1
194,LOCKED,9,F_CONTACT,1,text,48,0,0,245,1
194,LOCKED,10,USD,12,double,8,0,0,296,1
194,LOCKED,11,DM,12,double,8,0,0,304,1
194,LOCKED,12,LV,12,double,8,0,0,312,1
194,LOCKED,13,S_1,12,double,8,0,0,320,1
194,LOCKED,14,S_2,12,double,8,0,0,328,1
194,LOCKED,15,S_3,12,double,8,0,0,336,1
194,LOCKED,16,S_4,12,double,8,0,0,344,1
194,LOCKED,17,S_5,12,double,8,0,0,352,1
194,LOCKED,18,LV_ZA_USD,12,double,8,0,0,360,1
194,LOCKED,19,LV_ZA_DM,12,double,8,0,0,368,1
194,LOCKED,20,DM_ZA_USD,12,double,8,0,0,376,1
194,LOCKED,21,LV_ZA_1,12,double,8,0,0,384,1
194,LOCKED,22,LV_ZA_2,12,double,8,0,0,392,1
194,LOCKED,23,LV_ZA_3,12,double,8,0,0,400,1
194,LOCKED,24,LV_ZA_4,12,double,8,0,0,408,1
194,LOCKED,25,LV_ZA_5,12,double,8,0,0,416,1
194,LOCKED,26,REALISED,1,text,1,0,0,424,1
194,LOCKED,27,OWNER,1,text,48,0,0,425,1
194,LOCKED,28,SIGN_BY,1,text,48,0,0,473,1
194,LOCKED,29,PROPS,17,blob,8,0,1,528,1
194,LOCKED,30,NOTE,1,text,255,0,0,536,1
194,LOCKED,31,IS_OPEN,1,text,1,0,0,791,1
194,LOCKED,32,DT_AVANS,9,long,4,0,0,792,1
194,LOCKED,33,FISCAL_SMETKA,1,text,48,0,0,796,1
194,LOCKED,34,OSS_COUNTRY,1,text,2,0,0,844,1
195,LOCKED_ITEMS,0,DATETIME,9,long,4,0,0,8,1
195,LOCKED_ITEMS,1,NUM,8,short,2,0,0,12,1
195,LOCKED_ITEMS,2,POS,9,long,4,0,0,16,1
195,LOCKED_ITEMS,3,IS_FACTUR,1,text,1,0,0,20,1
195,LOCKED_ITEMS,4,SKLAD,1,text,48,0,0,21,1
195,LOCKED_ITEMS,5,GRUPA,1,text,48,0,0,69,1
195,LOCKED_ITEMS,6,STOKA,1,text,48,0,0,117,1
195,LOCKED_ITEMS,7,SER_NO,1,text,48,0,0,165,1
195,LOCKED_ITEMS,8,KOLICH,12,double,8,0,0,216,1
195,LOCKED_ITEMS,9,KOLICH2,12,double,8,0,0,224,1
195,LOCKED_ITEMS,10,KOLICH_CHECK,12,double,8,0,0,232,1
195,LOCKED_ITEMS,11,KONSIGNACIA,1,text,1,0,0,240,1
195,LOCKED_ITEMS,12,KB_ID,9,long,4,0,0,244,1
195,LOCKED_ITEMS,13,CENA_LIST,1,text,48,0,0,248,1
195,LOCKED_ITEMS,14,CENA_LIST_TYPE,1,text,1,0,0,296,1
195,LOCKED_ITEMS,15,ENDDATE,16,timestamp,8,0,0,304,1
195,LOCKED_ITEMS,16,DDS,12,double,8,0,0,312,1
195,LOCKED_ITEMS,17,CENA,12,double,8,0,0,320,1
195,LOCKED_ITEMS,18,VALUTA,1,text,1,0,0,328,1
195,LOCKED_ITEMS,19,DISCOUNT,12,double,8,0,0,336,1
195,LOCKED_ITEMS,20,DISCOUNT2,12,double,8,0,0,344,1
195,LOCKED_ITEMS,21,IS_REL_DISCOUNT,1,text,1,0,0,352,1
195,LOCKED_ITEMS,22,VALIDDATE,9,long,4,0,0,356,1
195,LOCKED_ITEMS,23,WARRANTY,1,text,80,0,0,360,1
195,LOCKED_ITEMS,24,NOTE,1,text,64,0,0,440,1
195,LOCKED_ITEMS,25,BONUS,12,double,8,0,0,504,1
195,LOCKED_ITEMS,26,IS_LOCKED,1,text,1,0,0,512,1
195,LOCKED_ITEMS,27,START_LOCKED,9,long,4,0,0,516,1
195,LOCKED_ITEMS,28,KOLICH_LOCKED,12,double,8,0,0,0,1
195,LOCKED_ITEMS,29,KOLICH_LOCKED2,12,double,8,0,0,0,1
195,LOCKED_ITEMS,30,O_DATETIME,9,long,4,0,0,520,1
195,LOCKED_ITEMS,31,O_NUM,9,long,4,0,0,524,1
195,LOCKED_ITEMS,32,PROPS_ROW,17,blob,8,0,1,528,1
195,LOCKED_ITEMS,33,OSS_VAT,12,double,8,0,0,536,1
195,LOCKED_ITEMS,34,ID_SPEC_CENA,9,long,4,0,0,544,1
196,LOCKED_BGR_MAT,0,ZA_DATETIME,9,long,4,0,0,4,1
196,LOCKED_BGR_MAT,1,ZA_NUM,8,short,2,0,0,8,1
196,LOCKED_BGR_MAT,2,SKLAD,1,text,48,0,0,10,1
196,LOCKED_BGR_MAT,3,GRUPA,1,text,48,0,0,58,1
196,LOCKED_BGR_MAT,4,STOKA,1,text,48,0,0,106,1
196,LOCKED_BGR_MAT,5,CENA,12,double,8,0,0,160,1
196,LOCKED_BGR_MAT,6,VALUTA,1,text,1,0,0,168,1
196,LOCKED_BGR_MAT,7,ED_CENA,12,double,8,0,0,176,1
196,LOCKED_BGR_MAT,8,DISCOUNT,12,double,8,0,0,184,1
196,LOCKED_BGR_MAT,9,SIZE_X,12,double,8,0,0,192,1
196,LOCKED_BGR_MAT,10,SIZE_Y,12,double,8,0,0,200,1
196,LOCKED_BGR_MAT,11,SIZE_Z,12,double,8,0,0,208,1
196,LOCKED_BGR_MAT,12,FIRA,12,double,8,0,0,216,1
196,LOCKED_BGR_MAT,13,OBRABOTKA,1,text,8,0,0,224,1
196,LOCKED_BGR_MAT,14,VID_CENA,9,long,4,0,0,232,1
197,LOCKED_BGR_OBR,0,ZA_DATETIME,9,long,4,0,0,4,1
197,LOCKED_BGR_OBR,1,ZA_NUM,8,short,2,0,0,8,1
197,LOCKED_BGR_OBR,2,NUM,8,short,2,0,0,10,1
197,LOCKED_BGR_OBR,3,SKLAD,1,text,48,0,0,12,1
197,LOCKED_BGR_OBR,4,GRUPA,1,text,48,0,0,60,1
197,LOCKED_BGR_OBR,5,STOKA,1,text,48,0,0,108,1
197,LOCKED_BGR_OBR,6,NORMA,12,double,8,0,0,160,1
197,LOCKED_BGR_OBR,7,KOLICH,12,double,8,0,0,168,1
197,LOCKED_BGR_OBR,8,KOLICH2,12,double,8,0,0,176,1
197,LOCKED_BGR_OBR,9,CENA,12,double,8,0,0,184,1
197,LOCKED_BGR_OBR,10,VALUTA,1,text,1,0,0,192,1
197,LOCKED_BGR_OBR,11,DISCOUNT,12,double,8,0,0,200,1
198,LOCKED_BGR_SER,0,ZA_DATETIME,9,long,4,0,0,4,1
198,LOCKED_BGR_SER,1,ZA_NUM,8,short,2,0,0,8,1
198,LOCKED_BGR_SER,2,NUM,8,short,2,0,0,10,1
198,LOCKED_BGR_SER,3,SER_NO,1,text,48,0,0,12,1
198,LOCKED_BGR_SER,4,KOLICH,12,double,8,0,0,64,1
198,LOCKED_BGR_SER,5,KOLICH2,12,double,8,0,0,72,1
198,LOCKED_BGR_SER,6,BROJ_DET,9,long,4,0,0,80,1
199,LOG,0,ID,9,long,4,0,0,4,1
199,LOG,1,OFFICE_ID,9,long,4,0,0,8,1
199,LOG,2,LOG_DATE,16,timestamp,8,0,0,16,1
199,LOG,3,LOG_USER,1,text,48,0,0,24,1
199,LOG,4,LOG_TIP,9,long,4,0,0,72,1
199,LOG,5,LOG_MODUL,1,text,48,0,0,76,1
199,LOG,6,LOG_COMP,1,text,48,0,0,124,1
200,LOG_1,0,ID,9,long,4,0,0,4,1
200,LOG_1,1,OFFICE_ID,9,long,4,0,0,8,1
200,LOG_1,2,SKLAD,1,text,48,0,0,12,1
200,LOG_1,3,GRUPA,1,text,48,0,0,60,1
200,LOG_1,4,STOKA,1,text,48,0,0,108,1
200,LOG_1,5,SER_NO,1,text,48,0,0,156,1
200,LOG_1,6,OLD_VALUTA,1,text,1,0,0,204,1
200,LOG_1,7,OLD_CENA,12,double,8,0,0,208,1
200,LOG_1,8,NEW_VALUTA,1,text,1,0,0,216,1
200,LOG_1,9,NEW_CENA,12,double,8,0,0,224,1
200,LOG_1,10,OLD_VALUE,1,text,255,0,0,232,1
200,LOG_1,11,NEW_VALUE,1,text,255,0,0,487,1
201,LOG_2,0,ID,9,long,4,0,0,4,1
201,LOG_2,1,OFFICE_ID,9,long,4,0,0,8,1
201,LOG_2,2,OLD_SKLAD,1,text,48,0,0,12,1
201,LOG_2,3,OLD_GRUPA,1,text,48,0,0,60,1
201,LOG_2,4,OLD_STOKA,1,text,48,0,0,108,1
201,LOG_2,5,OLD_VALUE,1,text,48,0,0,156,1
201,LOG_2,6,NEW_SKLAD,1,text,48,0,0,204,1
201,LOG_2,7,NEW_GRUPA,1,text,48,0,0,252,1
201,LOG_2,8,NEW_STOKA,1,text,48,0,0,300,1
201,LOG_2,9,NEW_VALUE,1,text,48,0,0,348,1
202,LOG_3,0,ID,9,long,4,0,0,4,1
202,LOG_3,1,OFFICE_ID,9,long,4,0,0,8,1
202,LOG_3,2,OLD_SMTYPE,9,long,4,0,0,12,1
202,LOG_3,3,OLD_DATETIME,9,long,4,0,0,16,1
202,LOG_3,4,OLD_DT_STP,9,long,4,0,0,20,1
202,LOG_3,5,OLD_DT_DOC,9,long,4,0,0,24,1
202,LOG_3,6,OLD_SMETKA,1,text,48,0,0,28,1
203,LOG_4,0,ID,9,long,4,0,0,4,1
203,LOG_4,1,OFFICE_ID,9,long,4,0,0,8,1
203,LOG_4,2,TIP,1,text,1,0,0,12,1
203,LOG_4,3,RELATOR,1,text,48,0,0,13,1
203,LOG_4,4,SKLAD,1,text,48,0,0,61,1
203,LOG_4,5,GRUPA,1,text,48,0,0,109,1
203,LOG_4,6,STOKA,1,text,48,0,0,157,1
203,LOG_4,7,KOLICH,9,long,4,0,0,208,1
203,LOG_4,8,OLD_VALUTA,1,text,1,0,0,212,1
203,LOG_4,9,OLD_CENA,12,double,8,0,0,216,1
203,LOG_4,10,OLD_FROM_LIST,1,text,48,0,0,224,1
203,LOG_4,11,OLD_FR_DATE,16,timestamp,8,0,0,272,1
203,LOG_4,12,OLD_TO_DATE,16,timestamp,8,0,0,280,1
203,LOG_4,13,OLD_IS_ACTIVE,1,text,1,0,0,288,1
203,LOG_4,14,NEW_VALUTA,1,text,1,0,0,289,1
203,LOG_4,15,NEW_CENA,12,double,8,0,0,296,1
203,LOG_4,16,NEW_FROM_LIST,1,text,48,0,0,304,1
203,LOG_4,17,NEW_FR_DATE,16,timestamp,8,0,0,352,1
203,LOG_4,18,NEW_TO_DATE,16,timestamp,8,0,0,360,1
203,LOG_4,19,NEW_IS_ACTIVE,1,text,1,0,0,368,1
204,LOG_5,0,ID,9,long,4,0,0,4,1
204,LOG_5,1,OFFICE_ID,9,long,4,0,0,8,1
204,LOG_5,2,SMTYPE,9,long,4,0,0,12,1
204,LOG_5,3,DATETIME,9,long,4,0,0,16,1
204,LOG_5,4,NUM,9,long,4,0,0,20,1
204,LOG_5,5,DT_DOC,9,long,4,0,0,24,1
204,LOG_5,6,SMETKA,1,text,48,0,0,28,1
204,LOG_5,7,SKLAD,1,text,48,0,0,76,1
204,LOG_5,8,GRUPA,1,text,48,0,0,124,1
204,LOG_5,9,STOKA,1,text,48,0,0,172,1
204,LOG_5,10,SER_NO,1,text,48,0,0,220,1
204,LOG_5,11,RAZHOD,1,text,48,0,0,268,1
204,LOG_5,12,OLD_VALUE,12,double,8,0,0,320,1
204,LOG_5,13,OLD_TEXT,1,text,80,0,0,328,1
204,LOG_5,14,NEW_VALUE,12,double,8,0,0,408,1
204,LOG_5,15,NEW_TEXT,1,text,80,0,0,416,1
204,LOG_5,16,FIRMA,1,text,48,0,0,496,1
205,LOG_EMAILS,0,RECEIVED,16,timestamp,8,0,0,8,1
205,LOG_EMAILS,1,K_EMAIL,1,text,48,0,0,16,1
205,LOG_EMAILS,2,K_FIRMA,1,text,48,0,0,64,1
205,LOG_EMAILS,3,K_CONTACT,1,text,48,0,0,112,1
205,LOG_EMAILS,4,K_NAME,3,varying,50,0,0,160,1
205,LOG_EMAILS,5,FOLDER,9,long,4,0,0,212,1
205,LOG_EMAILS,6,SUBJECT,3,varying,50,0,0,216,1
205,LOG_EMAILS,7,F_EMAIL,3,varying,50,0,0,266,1
205,LOG_EMAILS,8,F_NAME,3,varying,50,0,0,316,1
205,LOG_EMAILS,9,ENTRYID,1,text,48,0,0,366,1
205,LOG_EMAILS,10,FOLDER_NAME,1,text,48,0,0,414,1
205,LOG_EMAILS,11,SUBFOLDER_NAME,1,text,48,0,0,462,1
205,LOG_EMAILS,12,COUNT_ATT,9,long,4,0,0,512,1
205,LOG_EMAILS,13,BODY,17,blob,8,0,1,520,1
206,LOG_ERROR,0,ID,9,long,4,0,0,4,1
206,LOG_ERROR,1,LOG_USER,1,text,48,0,0,8,1
206,LOG_ERROR,2,LOG_DATE,16,timestamp,8,0,0,56,1
206,LOG_ERROR,3,LOG_SOURCE,1,text,16,0,0,64,1
206,LOG_ERROR,4,LOG_KEY,1,text,48,0,0,80,1
206,LOG_ERROR,5,LOG_MESSAGE,3,varying,32002,0,0,128,1
207,LOG_SEARCH,0,DATETIME,9,long,4,0,0,4,1
207,LOG_SEARCH,1,SEARCH,1,text,48,0,0,8,1
207,LOG_SEARCH,2,IN_NOMENCLATURE,1,text,1,0,0,56,1
207,LOG_SEARCH,3,OWNER,1,text,48,0,0,57,1
208,OFFER,0,DATETIME,9,long,4,0,0,8,1
208,OFFER,1,DT_DOC,9,long,4,0,0,12,1
208,OFFER,2,DT_CHANGED,9,long,4,0,0,16,1
208,OFFER,3,KASA,1,text,1,0,0,20,1
208,OFFER,4,SMETKA,1,text,32,0,0,21,1
208,OFFER,5,FIRMA,1,text,48,0,0,53,1
208,OFFER,6,AGENT,1,text,48,0,0,101,1
208,OFFER,7,BROKER,1,text,48,0,0,149,1
208,OFFER,8,PREWOZ,1,text,48,0,0,197,1
208,OFFER,9,F_CONTACT,1,text,48,0,0,245,1
208,OFFER,10,USD,12,double,8,0,0,296,1
208,OFFER,11,DM,12,double,8,0,0,304,1
208,OFFER,12,LV,12,double,8,0,0,312,1
208,OFFER,13,S_1,12,double,8,0,0,320,1
208,OFFER,14,S_2,12,double,8,0,0,328,1
208,OFFER,15,S_3,12,double,8,0,0,336,1
208,OFFER,16,S_4,12,double,8,0,0,344,1
208,OFFER,17,S_5,12,double,8,0,0,352,1
208,OFFER,18,LV_ZA_USD,12,double,8,0,0,360,1
208,OFFER,19,LV_ZA_DM,12,double,8,0,0,368,1
208,OFFER,20,DM_ZA_USD,12,double,8,0,0,376,1
208,OFFER,21,LV_ZA_1,12,double,8,0,0,384,1
208,OFFER,22,LV_ZA_2,12,double,8,0,0,392,1
208,OFFER,23,LV_ZA_3,12,double,8,0,0,400,1
208,OFFER,24,LV_ZA_4,12,double,8,0,0,408,1
208,OFFER,25,LV_ZA_5,12,double,8,0,0,416,1
208,OFFER,26,REALISED,1,text,1,0,0,424,1
208,OFFER,27,OWNER,1,text,48,0,0,425,1
208,OFFER,28,SIGN_BY,1,text,48,0,0,473,1
208,OFFER,29,PROPS,17,blob,8,0,1,528,1
208,OFFER,30,NOTE,1,text,255,0,0,536,1
208,OFFER,31,IS_OPEN,1,text,1,0,0,791,1
208,OFFER,32,DT_AVANS,9,long,4,0,0,792,1
208,OFFER,33,OSS_COUNTRY,1,text,2,0,0,796,1
209,OFFER_ITEMS,0,DATETIME,9,long,4,0,0,8,4
209,OFFER_ITEMS,1,NUM,8,short,2,0,0,12,4
209,OFFER_ITEMS,2,POS,9,long,4,0,0,16,4
209,OFFER_ITEMS,3,IS_FACTUR,1,text,1,0,0,20,4
209,OFFER_ITEMS,4,SKLAD,1,text,48,0,0,21,4
209,OFFER_ITEMS,5,GRUPA,1,text,48,0,0,69,4
209,OFFER_ITEMS,6,STOKA,1,text,48,0,0,117,4
209,OFFER_ITEMS,7,KOLICH,12,double,8,0,0,168,4
209,OFFER_ITEMS,8,KOLICH2,12,double,8,0,0,176,4
209,OFFER_ITEMS,9,KOLICH_CHECK,12,double,8,0,0,184,4
209,OFFER_ITEMS,10,KONSIGNACIA,1,text,1,0,0,192,4
209,OFFER_ITEMS,11,KB_ID,9,long,4,0,0,196,4
209,OFFER_ITEMS,12,CENA_LIST,1,text,48,0,0,200,4
209,OFFER_ITEMS,13,CENA_LIST_TYPE,1,text,1,0,0,248,4
209,OFFER_ITEMS,14,ENDDATE,16,timestamp,8,0,0,256,4
209,OFFER_ITEMS,15,DDS,12,double,8,0,0,264,4
209,OFFER_ITEMS,16,CENA,12,double,8,0,0,272,4
209,OFFER_ITEMS,17,VALUTA,1,text,1,0,0,280,4
209,OFFER_ITEMS,18,DISCOUNT,12,double,8,0,0,288,4
209,OFFER_ITEMS,19,DISCOUNT2,12,double,8,0,0,296,4
209,OFFER_ITEMS,20,IS_REL_DISCOUNT,1,text,1,0,0,304,4
209,OFFER_ITEMS,21,VALIDDATE,9,long,4,0,0,308,4
209,OFFER_ITEMS,22,WARRANTY,1,text,80,0,0,312,4
209,OFFER_ITEMS,23,NOTE,1,text,64,0,0,392,4
209,OFFER_ITEMS,24,BONUS,12,double,8,0,0,456,4
209,OFFER_ITEMS,25,SER_NO,1,text,48,0,0,464,4
209,OFFER_ITEMS,26,PROPS_ROW,17,blob,8,0,1,512,4
209,OFFER_ITEMS,27,OSS_VAT,12,double,8,0,0,520,4
209,OFFER_ITEMS,28,KUP_CENA2,12,double,8,0,0,528,4
209,OFFER_ITEMS,29,KUP_VALUTA2,1,text,1,0,0,536,4
209,OFFER_ITEMS,30,ID_SPEC_CENA,9,long,4,0,0,540,4
209,OFFER_ITEMS,31,I_DATETIME,9,long,4,0,0,544,4
209,OFFER_ITEMS,32,I_NUM,8,short,2,0,0,548,4
209,OFFER_ITEMS,33,I_SMETKA,1,text,32,0,0,550,4
210,OPER_ITEMS,0,TIP_DOC,9,long,4,0,0,4,1
210,OPER_ITEMS,1,DATETIME,9,long,4,0,0,8,1
210,OPER_ITEMS,2,NUM,8,short,2,0,0,12,1
210,OPER_ITEMS,3,NUM_OPER,8,short,2,0,0,14,1
210,OPER_ITEMS,4,SKLAD,1,text,48,0,0,16,1
210,OPER_ITEMS,5,GRUPA,1,text,48,0,0,64,1
210,OPER_ITEMS,6,STOKA,1,text,48,0,0,112,1
210,OPER_ITEMS,7,SER_NO,1,text,48,0,0,160,1
210,OPER_ITEMS,8,KOLICH,12,double,8,0,0,208,1
210,OPER_ITEMS,9,KOLICH2,12,double,8,0,0,216,1
210,OPER_ITEMS,10,VALUTA,1,text,1,0,0,224,1
210,OPER_ITEMS,11,CENA,12,double,8,0,0,232,1
210,OPER_ITEMS,12,NOTE,1,text,64,0,0,240,1
210,OPER_ITEMS,13,IS_RAZHOD,1,text,1,0,0,304,1
211,ORG_EVENTS,0,ID_EVENT,9,long,4,0,0,4,1
211,ORG_EVENTS,1,ICON,8,short,2,0,0,8,1
211,ORG_EVENTS,2,NAME,1,text,48,0,0,10,1
212,ORG_FIELDS,0,ID_FIELD,9,long,4,0,0,4,1
212,ORG_FIELDS,1,ID_EVENT,9,long,4,0,0,8,1
212,ORG_FIELDS,2,ORD,8,short,2,0,0,12,1
212,ORG_FIELDS,3,TIP,1,text,1,0,0,14,1
212,ORG_FIELDS,4,NAME,1,text,48,0,0,15,1
212,ORG_FIELDS,5,IS_VIP,1,text,1,0,0,63,1
212,ORG_FIELDS,6,IS_NUL,1,text,1,0,0,64,1
212,ORG_FIELDS,7,IS_ARR,1,text,1,0,0,65,1
212,ORG_FIELDS,8,IS_INT,1,text,1,0,0,66,1
212,ORG_FIELDS,9,IS_POS,1,text,1,0,0,67,1
212,ORG_FIELDS,10,IS_GRAY,1,text,1,0,0,68,1
212,ORG_FIELDS,11,IS_CUR_DATE,1,text,1,0,0,69,1
212,ORG_FIELDS,12,IS_SET_DATE,1,text,1,0,0,70,1
212,ORG_FIELDS,13,IS_TIME,1,text,1,0,0,71,1
212,ORG_FIELDS,14,RECUR_TIP,1,text,1,0,0,72,1
212,ORG_FIELDS,15,RECUR_WEEK,1,text,7,0,0,73,1
212,ORG_FIELDS,16,IS_ALARM,1,text,1,0,0,80,1
212,ORG_FIELDS,17,ALARM_BEFORE,9,long,4,0,0,84,1
212,ORG_FIELDS,18,BEFORE_TIP,1,text,1,0,0,88,1
212,ORG_FIELDS,19,LINK_TIP,1,text,1,0,0,89,1
212,ORG_FIELDS,20,FIRMA_TIP,1,text,7,0,0,90,1
212,ORG_FIELDS,21,DEF_VAL,1,text,128,0,0,97,1
212,ORG_FIELDS,22,IS_MOBILECAL,1,text,1,0,0,225,1
212,ORG_FIELDS,23,IS_EMAIL,1,text,1,0,0,226,1
213,ORG_ALARMS,0,ID_ALARM,9,long,4,0,0,4,1
213,ORG_ALARMS,1,ID_EVENT,9,long,4,0,0,8,1
213,ORG_ALARMS,2,ID_FIELD,9,long,4,0,0,12,1
213,ORG_ALARMS,3,ID_ZAPIS,9,long,4,0,0,16,1
213,ORG_ALARMS,4,ENTER_DT,9,long,4,0,0,20,1
213,ORG_ALARMS,5,OCCUR_DT,9,long,4,0,0,24,1
213,ORG_ALARMS,6,ALARM_DT,9,long,4,0,0,28,1
213,ORG_ALARMS,7,DONE_DT,9,long,4,0,0,32,1
213,ORG_ALARMS,8,RECUR_TIP,1,text,1,0,0,36,1
213,ORG_ALARMS,9,RECUR_WEEK,1,text,7,0,0,37,1
213,ORG_ALARMS,10,IS_ALARM,1,text,1,0,0,44,1
213,ORG_ALARMS,11,ALARM_BEFORE,9,long,4,0,0,48,1
213,ORG_ALARMS,12,BEFORE_TIP,1,text,1,0,0,52,1
213,ORG_ALARMS,13,IS_DONE,1,text,1,0,0,53,1
214,PARAMS,0,PARAM,1,text,64,0,0,4,1
214,PARAMS,1,VAL,1,text,64,0,0,68,1
214,PARAMS,2,VAL1,17,blob,8,0,0,136,1
215,PASSBOOK,0,ID,9,long,4,0,0,4,1
215,PASSBOOK,1,MYPASS,1,text,48,0,0,8,1
215,PASSBOOK,2,TEMPLATENAME,1,text,48,0,0,56,1
215,PASSBOOK,3,STYLETYPE,9,long,4,0,0,104,1
215,PASSBOOK,4,TRANSITTYPE,9,long,4,0,0,108,1
215,PASSBOOK,5,SERIALNUMBER,1,text,48,0,0,112,1
215,PASSBOOK,6,DESCRIPTION,1,text,48,0,0,160,1
215,PASSBOOK,7,ORGANIZATIONNAME,1,text,48,0,0,208,1
215,PASSBOOK,8,FOREGROUNDCOLOR,9,long,4,0,0,256,1
215,PASSBOOK,9,BACKGROUNDCOLOR,9,long,4,0,0,260,1
215,PASSBOOK,10,LOGOTEXT,1,text,48,0,0,264,1
215,PASSBOOK,11,SUPPRESSSTRIPSHINE,8,short,2,0,0,312,1
215,PASSBOOK,12,BACKGROUND,17,blob,8,0,0,320,1
215,PASSBOOK,13,FOOTER,17,blob,8,0,0,328,1
215,PASSBOOK,14,ICON,17,blob,8,0,0,336,1
215,PASSBOOK,15,STRIP,17,blob,8,0,0,344,1
215,PASSBOOK,16,THUMBNAIL,17,blob,8,0,0,352,1
215,PASSBOOK,17,LOGO,17,blob,8,0,0,360,1
215,PASSBOOK,18,BARCODETYPE,9,long,4,0,0,368,1
215,PASSBOOK,19,BARCODETEXT,1,text,160,0,0,372,1
215,PASSBOOK,20,BARCODEENCODING,1,text,16,0,0,532,1
215,PASSBOOK,21,BARCODEALTERNATETEXT,1,text,48,0,0,548,1
216,PASSBOOKFIELD,0,ID,9,long,4,0,0,4,1
216,PASSBOOKFIELD,1,ID_PASSBOOK,9,long,4,0,0,8,1
216,PASSBOOKFIELD,2,TYPE,9,long,4,0,0,12,1
216,PASSBOOKFIELD,3,FIELDKEY,1,text,5,0,0,16,1
216,PASSBOOKFIELD,4,FIELDLABEL,1,text,48,0,0,21,1
216,PASSBOOKFIELD,5,CHANGEMESSAGE,1,text,48,0,0,69,1
216,PASSBOOKFIELD,6,TEXTALIGNMENTTYPE,9,long,4,0,0,120,1
216,PASSBOOKFIELD,7,VALUETYPE,9,long,4,0,0,124,1
216,PASSBOOKFIELD,8,STRVALUE,17,blob,8,0,1,128,1
216,PASSBOOKFIELD,9,NUMBERTYPE,9,long,4,0,0,136,1
216,PASSBOOKFIELD,10,NUMBERCURRENCY,1,text,3,0,0,140,1
216,PASSBOOKFIELD,11,NUMBERVALUE,12,double,8,0,0,144,1
216,PASSBOOKFIELD,12,DATEDATETYPE,9,long,4,0,0,152,1
216,PASSBOOKFIELD,13,DATETIMETYPE,9,long,4,0,0,156,1
216,PASSBOOKFIELD,14,DATEISRELATIVE,8,short,2,0,0,160,1
216,PASSBOOKFIELD,15,DATEVALUE,1,text,48,0,0,162,1
217,PASSBOOKLOCATION,0,ID,9,long,4,0,0,4,1
217,PASSBOOKLOCATION,1,ID_PASSBOOK,9,long,4,0,0,8,1
217,PASSBOOKLOCATION,2,DESCRIPTION,1,text,48,0,0,12,1
217,PASSBOOKLOCATION,3,ADDRESS,1,text,128,0,0,60,1
217,PASSBOOKLOCATION,4,LATITUDE,12,double,8,0,0,192,1
217,PASSBOOKLOCATION,5,LONGITUDE,12,double,8,0,0,200,1
217,PASSBOOKLOCATION,6,ALTITUDE,12,double,8,0,0,208,1
218,PERA,0,PERO_ID,9,long,4,0,0,4,1
218,PERA,1,NAME,1,text,48,0,0,8,1
218,PERA,2,NOTE,1,text,128,0,0,56,1
218,PERA,3,IS_PRIHOD,1,text,1,0,0,184,1
218,PERA,4,IS_ACTIVE,1,text,1,0,0,185,1
219,PERA_ITEMS,0,ID,9,long,4,0,0,4,1
219,PERA_ITEMS,1,PERO_ID,9,long,4,0,0,8,1
219,PERA_ITEMS,2,NOTE,1,text,128,0,0,12,1
219,PERA_ITEMS,3,IS_PRIHOD,1,text,1,0,0,140,1
219,PERA_ITEMS,4,PLUS,1,text,1,0,0,141,1
219,PERA_ITEMS,5,SKLAD,1,text,48,0,0,142,1
219,PERA_ITEMS,6,GRUPA,1,text,48,0,0,190,1
219,PERA_ITEMS,7,STOKA,1,text,48,0,0,238,1
219,PERA_ITEMS,8,CODE_PR,1,text,16,0,0,286,1
219,PERA_ITEMS,9,KB_ID,9,long,4,0,0,304,1
219,PERA_ITEMS,10,FIRMA,1,text,48,0,0,308,1
219,PERA_ITEMS,11,FIRMA_TIP,1,text,1,0,0,356,1
220,PLAN_STOKI,0,PLAN_ID,9,long,4,0,0,4,1
220,PLAN_STOKI,1,PLAN_YEAR,9,long,4,0,0,8,1
220,PLAN_STOKI,2,PERIOD,9,long,4,0,0,12,1
220,PLAN_STOKI,3,FIRMA,1,text,48,0,0,16,1
220,PLAN_STOKI,4,GRUPA,1,text,48,0,0,64,1
220,PLAN_STOKI,5,STOKA,1,text,48,0,0,112,1
220,PLAN_STOKI,6,SCENARIO,1,text,15,0,0,160,1
220,PLAN_STOKI,7,KOLICH,12,double,8,0,0,176,1
220,PLAN_STOKI,8,CENA,12,double,8,0,0,184,1
220,PLAN_STOKI,9,OLD_KOLICH,12,double,8,0,0,192,1
220,PLAN_STOKI,10,OLD_CENA,12,double,8,0,0,200,1
220,PLAN_STOKI,11,VALUTA,1,text,1,0,0,208,1
221,PLASHTA,0,DATETIME,9,long,4,0,0,8,1
221,PLASHTA,1,DT_DOC,9,long,4,0,0,12,1
221,PLASHTA,2,DT_CREATED,9,long,4,0,0,16,1
221,PLASHTA,3,DT_CHANGED,9,long,4,0,0,20,1
221,PLASHTA,4,KASA,1,text,1,0,0,24,1
221,PLASHTA,5,SMETKA,1,text,32,0,0,25,1
221,PLASHTA,6,JUAN,1,text,1,0,0,57,1
221,PLASHTA,7,FIRMA,1,text,48,0,0,58,1
221,PLASHTA,8,F_CONTACT,1,text,48,0,0,106,1
221,PLASHTA,9,BROKER,1,text,48,0,0,154,1
221,PLASHTA,10,USD,12,double,8,0,0,208,1
221,PLASHTA,11,DM,12,double,8,0,0,216,1
221,PLASHTA,12,LV,12,double,8,0,0,224,1
221,PLASHTA,13,S_1,12,double,8,0,0,232,1
221,PLASHTA,14,S_2,12,double,8,0,0,240,1
221,PLASHTA,15,S_3,12,double,8,0,0,248,1
221,PLASHTA,16,S_4,12,double,8,0,0,256,1
221,PLASHTA,17,S_5,12,double,8,0,0,264,1
221,PLASHTA,18,LV_ZA_USD,12,double,8,0,0,272,1
221,PLASHTA,19,LV_ZA_DM,12,double,8,0,0,280,1
221,PLASHTA,20,DM_ZA_USD,12,double,8,0,0,288,1
221,PLASHTA,21,LV_ZA_1,12,double,8,0,0,296,1
221,PLASHTA,22,LV_ZA_2,12,double,8,0,0,304,1
221,PLASHTA,23,LV_ZA_3,12,double,8,0,0,312,1
221,PLASHTA,24,LV_ZA_4,12,double,8,0,0,320,1
221,PLASHTA,25,LV_ZA_5,12,double,8,0,0,328,1
221,PLASHTA,26,OWNER,1,text,48,0,0,336,1
221,PLASHTA,27,SIGN_BY,1,text,48,0,0,384,1
221,PLASHTA,28,FACTUR_ID,1,text,1,0,0,432,1
221,PLASHTA,29,FACTUR_BY,1,text,48,0,0,433,1
221,PLASHTA,30,FACTUR_NO,1,text,16,0,0,481,1
221,PLASHTA,31,FACTUR_DT,9,long,4,0,0,500,1
221,PLASHTA,32,FACTUR_EX,1,text,1,0,0,504,1
221,PLASHTA,33,FACTUR_PN,1,text,16,0,0,505,1
221,PLASHTA,34,FACTUR_PD,9,long,4,0,0,524,1
221,PLASHTA,35,FACTUR_OS,1,text,64,0,0,528,1
221,PLASHTA,36,PROPS,17,blob,8,0,1,592,1
221,PLASHTA,37,NOTE,1,text,255,0,0,600,1
221,PLASHTA,38,IS_OPEN,1,text,1,0,0,855,1
221,PLASHTA,39,W_DATETIME,9,long,4,0,0,856,1
221,PLASHTA,40,DT_AVANS,9,long,4,0,0,860,1
221,PLASHTA,41,DT_MULTIPAY,9,long,4,0,0,864,1
221,PLASHTA,42,FISCAL_SMETKA,1,text,48,0,0,868,1
221,PLASHTA,43,FISCAL_MEMORY,1,text,20,0,0,916,1
221,PLASHTA,44,FROM_ALIGN,1,text,1,0,0,936,1
222,PLASHTA_ITEMS,0,DATETIME,9,long,4,0,0,8,1
222,PLASHTA_ITEMS,1,NUM,8,short,2,0,0,12,1
222,PLASHTA_ITEMS,2,POS,9,long,4,0,0,16,1
222,PLASHTA_ITEMS,3,IS_FACTUR,1,text,1,0,0,20,1
222,PLASHTA_ITEMS,4,ZA_DATETIME,9,long,4,0,0,24,1
222,PLASHTA_ITEMS,5,ZA_NUM,8,short,2,0,0,28,1
222,PLASHTA_ITEMS,6,ZA_SMETKA,1,text,32,0,0,30,1
222,PLASHTA_ITEMS,7,SKLAD,1,text,48,0,0,62,1
222,PLASHTA_ITEMS,8,GRUPA,1,text,48,0,0,110,1
222,PLASHTA_ITEMS,9,STOKA,1,text,48,0,0,158,1
222,PLASHTA_ITEMS,10,SER_NO,1,text,48,0,0,206,1
222,PLASHTA_ITEMS,11,KOLICH,12,double,8,0,0,256,1
222,PLASHTA_ITEMS,12,KOLICH2,12,double,8,0,0,264,1
222,PLASHTA_ITEMS,13,KOLICH_CHECK,12,double,8,0,0,272,1
222,PLASHTA_ITEMS,14,DDS,12,double,8,0,0,280,1
222,PLASHTA_ITEMS,15,CENA,12,double,8,0,0,288,1
222,PLASHTA_ITEMS,16,VALUTA,1,text,1,0,0,296,1
222,PLASHTA_ITEMS,17,KONSIGNACIA,1,text,1,0,0,297,1
222,PLASHTA_ITEMS,18,KB_ID,9,long,4,0,0,300,1
222,PLASHTA_ITEMS,19,CENA_LIST,1,text,48,0,0,304,1
222,PLASHTA_ITEMS,20,CENA_LIST_TYPE,1,text,1,0,0,352,1
222,PLASHTA_ITEMS,21,RP_USD,12,double,8,0,0,360,1
222,PLASHTA_ITEMS,22,RP_DM,12,double,8,0,0,368,1
222,PLASHTA_ITEMS,23,RP_LV,12,double,8,0,0,376,1
222,PLASHTA_ITEMS,24,RP_1,12,double,8,0,0,384,1
222,PLASHTA_ITEMS,25,RP_2,12,double,8,0,0,392,1
222,PLASHTA_ITEMS,26,RP_3,12,double,8,0,0,400,1
222,PLASHTA_ITEMS,27,RP_4,12,double,8,0,0,408,1
222,PLASHTA_ITEMS,28,RP_5,12,double,8,0,0,416,1
222,PLASHTA_ITEMS,29,NOTE,1,text,64,0,0,424,1
222,PLASHTA_ITEMS,30,BONUS,12,double,8,0,0,488,1
222,PLASHTA_ITEMS,31,IS_REV_KOLICH,1,text,1,0,0,496,1
222,PLASHTA_ITEMS,32,IS_BACK_T_KOLICH,1,text,1,0,0,497,1
222,PLASHTA_ITEMS,33,R_DATETIME,9,long,4,0,0,500,1
222,PLASHTA_ITEMS,34,R_NUM,8,short,2,0,0,504,1
222,PLASHTA_ITEMS,35,PROPS_ROW,17,blob,8,0,1,512,1
223,R_OPER_DEF,0,ID,9,long,4,0,0,4,1
223,R_OPER_DEF,1,NAME,1,text,48,0,0,8,1
223,R_OPER_DEF,2,SM_TYPE,9,long,4,0,0,56,1
223,R_OPER_DEF,3,NORMA,9,long,4,0,0,60,1
224,R_OPER_LIST,0,ID,9,long,4,0,0,4,1
224,R_OPER_LIST,1,SM_TYPE,9,long,4,0,0,8,1
224,R_OPER_LIST,2,SM_DATETIME,9,long,4,0,0,12,1
224,R_OPER_LIST,3,R_OPER_DEF_ID,9,long,4,0,0,16,1
224,R_OPER_LIST,4,PRIORITY,9,long,4,0,0,20,1
224,R_OPER_LIST,5,NORMA,9,long,4,0,0,24,1
224,R_OPER_LIST,6,DT_CREATED,9,long,4,0,0,28,1
224,R_OPER_LIST,7,DT_START,9,long,4,0,0,32,1
224,R_OPER_LIST,8,DT_FINISH,9,long,4,0,0,36,1
225,R_OPER_WORKERS,0,ID,9,long,4,0,0,4,1
225,R_OPER_WORKERS,1,ID_OPER,9,long,4,0,0,8,1
225,R_OPER_WORKERS,2,WORKER,1,text,48,0,0,12,1
225,R_OPER_WORKERS,3,IS_FIRST,1,text,1,0,0,60,1
225,R_OPER_WORKERS,4,DT_START,9,long,4,0,0,64,1
225,R_OPER_WORKERS,5,DT_FINISH,9,long,4,0,0,68,1
226,RAZFAS,0,RAZFAS,1,text,8,0,0,4,1
226,RAZFAS,1,RAZFAS_EN,1,text,8,0,0,12,1
226,RAZFAS,2,RAZFAS_STEP,12,double,8,0,0,24,1
226,RAZFAS,3,KOLICH_STEP,12,double,8,0,0,32,1
227,REVALUE,0,DATETIME,9,long,4,0,0,8,1
227,REVALUE,1,DT_DOC,9,long,4,0,0,12,1
227,REVALUE,2,DT_CHANGED,9,long,4,0,0,16,1
227,REVALUE,3,KASA,1,text,1,0,0,20,1
227,REVALUE,4,SMETKA,1,text,32,0,0,21,1
227,REVALUE,5,JUAN,1,text,1,0,0,53,1
227,REVALUE,6,FIRMA,1,text,48,0,0,54,1
227,REVALUE,7,F_CONTACT,1,text,48,0,0,102,1
227,REVALUE,8,USD,12,double,8,0,0,152,1
227,REVALUE,9,DM,12,double,8,0,0,160,1
227,REVALUE,10,LV,12,double,8,0,0,168,1
227,REVALUE,11,S_1,12,double,8,0,0,176,1
227,REVALUE,12,S_2,12,double,8,0,0,184,1
227,REVALUE,13,S_3,12,double,8,0,0,192,1
227,REVALUE,14,S_4,12,double,8,0,0,200,1
227,REVALUE,15,S_5,12,double,8,0,0,208,1
227,REVALUE,16,LV_ZA_USD,12,double,8,0,0,216,1
227,REVALUE,17,LV_ZA_DM,12,double,8,0,0,224,1
227,REVALUE,18,DM_ZA_USD,12,double,8,0,0,232,1
227,REVALUE,19,LV_ZA_1,12,double,8,0,0,240,1
227,REVALUE,20,LV_ZA_2,12,double,8,0,0,248,1
227,REVALUE,21,LV_ZA_3,12,double,8,0,0,256,1
227,REVALUE,22,LV_ZA_4,12,double,8,0,0,264,1
227,REVALUE,23,LV_ZA_5,12,double,8,0,0,272,1
227,REVALUE,24,OWNER,1,text,48,0,0,280,1
227,REVALUE,25,SIGN_BY,1,text,48,0,0,328,1
227,REVALUE,26,FACTUR_ID,1,text,1,0,0,376,1
227,REVALUE,27,FACTUR_BY,1,text,48,0,0,377,1
227,REVALUE,28,FACTUR_NO,1,text,16,0,0,425,1
227,REVALUE,29,FACTUR_DT,9,long,4,0,0,444,1
227,REVALUE,30,FACTUR_EX,1,text,1,0,0,448,1
227,REVALUE,31,FACTUR_PN,1,text,16,0,0,449,1
227,REVALUE,32,FACTUR_PD,9,long,4,0,0,468,1
227,REVALUE,33,FACTUR_OS,1,text,64,0,0,472,1
227,REVALUE,34,PROPS,17,blob,8,0,1,536,1
227,REVALUE,35,NOTE,1,text,255,0,0,544,1
227,REVALUE,36,IS_OPEN,1,text,1,0,0,799,1
227,REVALUE,37,IS_CREDIT,1,text,1,0,0,800,1
227,REVALUE,38,FISCAL_SMETKA,1,text,48,0,0,801,1
227,REVALUE,39,FISCAL_MEMORY,1,text,20,0,0,849,1
228,REVALUE_ITEMS,0,DATETIME,9,long,4,0,0,4,1
228,REVALUE_ITEMS,1,NUM,8,short,2,0,0,8,1
228,REVALUE_ITEMS,2,POS,9,long,4,0,0,12,1
228,REVALUE_ITEMS,3,IS_FACTUR,1,text,1,0,0,16,1
228,REVALUE_ITEMS,4,ZA_DATETIME,9,long,4,0,0,20,1
228,REVALUE_ITEMS,5,ZA_NUM,8,short,2,0,0,24,1
228,REVALUE_ITEMS,6,ZA_SMETKA,1,text,32,0,0,26,1
228,REVALUE_ITEMS,7,SKLAD,1,text,48,0,0,58,1
228,REVALUE_ITEMS,8,GRUPA,1,text,48,0,0,106,1
228,REVALUE_ITEMS,9,STOKA,1,text,48,0,0,154,1
228,REVALUE_ITEMS,10,SER_NO,1,text,48,0,0,202,1
228,REVALUE_ITEMS,11,KOLICH,12,double,8,0,0,256,1
228,REVALUE_ITEMS,12,KOLICH2,12,double,8,0,0,264,1
228,REVALUE_ITEMS,13,KOLICH_CHECK,12,double,8,0,0,272,1
228,REVALUE_ITEMS,14,DDS,12,double,8,0,0,280,1
228,REVALUE_ITEMS,15,CENA,12,double,8,0,0,288,1
228,REVALUE_ITEMS,16,VALUTA,1,text,1,0,0,296,1
228,REVALUE_ITEMS,17,KONSIGNACIA,1,text,1,0,0,297,1
228,REVALUE_ITEMS,18,KB_ID,9,long,4,0,0,300,1
228,REVALUE_ITEMS,19,CENA_LIST,1,text,48,0,0,304,1
228,REVALUE_ITEMS,20,CENA_LIST_TYPE,1,text,1,0,0,352,1
228,REVALUE_ITEMS,21,NOTE,1,text,64,0,0,353,1
228,REVALUE_ITEMS,22,PROPS_ROW,17,blob,8,0,1,424,1
228,REVALUE_ITEMS,23,ZA_FISCAL_SMETKA,1,text,48,0,0,432,1
228,REVALUE_ITEMS,24,STORNO_REASON,9,long,4,0,0,480,1
229,PRODAWA,0,DATETIME,9,long,4,0,0,8,1
229,PRODAWA,1,DT_DOC,9,long,4,0,0,12,1
229,PRODAWA,2,DT_DOC_2S,9,long,4,0,0,16,1
229,PRODAWA,3,DT_CHANGED,9,long,4,0,0,20,1
229,PRODAWA,4,KASA,1,text,1,0,0,24,1
229,PRODAWA,5,SMETKA,1,text,32,0,0,25,1
229,PRODAWA,6,FIRMA,1,text,48,0,0,57,1
229,PRODAWA,7,AGENT,1,text,48,0,0,105,1
229,PRODAWA,8,BROKER,1,text,48,0,0,153,1
229,PRODAWA,9,PREWOZ,1,text,48,0,0,201,1
229,PRODAWA,10,P_CONTACT,1,text,48,0,0,249,1
229,PRODAWA,11,F_CONTACT,1,text,48,0,0,297,1
229,PRODAWA,12,USD,12,double,8,0,0,352,1
229,PRODAWA,13,DM,12,double,8,0,0,360,1
229,PRODAWA,14,LV,12,double,8,0,0,368,1
229,PRODAWA,15,S_1,12,double,8,0,0,376,1
229,PRODAWA,16,S_2,12,double,8,0,0,384,1
229,PRODAWA,17,S_3,12,double,8,0,0,392,1
229,PRODAWA,18,S_4,12,double,8,0,0,400,1
229,PRODAWA,19,S_5,12,double,8,0,0,408,1
229,PRODAWA,20,LV_ZA_USD,12,double,8,0,0,416,1
229,PRODAWA,21,LV_ZA_DM,12,double,8,0,0,424,1
229,PRODAWA,22,DM_ZA_USD,12,double,8,0,0,432,1
229,PRODAWA,23,LV_ZA_1,12,double,8,0,0,440,1
229,PRODAWA,24,LV_ZA_2,12,double,8,0,0,448,1
229,PRODAWA,25,LV_ZA_3,12,double,8,0,0,456,1
229,PRODAWA,26,LV_ZA_4,12,double,8,0,0,464,1
229,PRODAWA,27,LV_ZA_5,12,double,8,0,0,472,1
229,PRODAWA,28,OWNER,1,text,48,0,0,480,1
229,PRODAWA,29,SIGN_BY,1,text,48,0,0,528,1
229,PRODAWA,30,FACTUR_ID,1,text,1,0,0,576,1
229,PRODAWA,31,FACTUR_BY,1,text,48,0,0,577,1
229,PRODAWA,32,FACTUR_NO,1,text,16,0,0,625,1
229,PRODAWA,33,FACTUR_DT,9,long,4,0,0,644,1
229,PRODAWA,34,FACTUR_EX,1,text,1,0,0,648,1
229,PRODAWA,35,FACTUR_PN,1,text,16,0,0,649,1
229,PRODAWA,36,FACTUR_PD,9,long,4,0,0,668,1
229,PRODAWA,37,FACTUR_OS,1,text,64,0,0,672,1
229,PRODAWA,38,ISTAT_DEAL_TYPE,1,text,2,0,0,736,1
229,PRODAWA,39,ISTAT_STAT_PROC,1,text,1,0,0,738,1
229,PRODAWA,40,ISTAT_TERMS,1,text,3,0,0,739,1
229,PRODAWA,41,ISTAT_TRANS_TYPE,1,text,1,0,0,742,1
229,PRODAWA,42,ISTAT_TRANS_FROM,1,text,2,0,0,743,1
229,PRODAWA,43,ISTAT_REGION,1,text,3,0,0,745,1
229,PRODAWA,44,PROPS,17,blob,8,0,1,752,1
229,PRODAWA,45,NOTE,1,text,255,0,0,760,1
229,PRODAWA,46,IS_OPEN,1,text,1,0,0,1015,1
229,PRODAWA,47,DT_AVANS,9,long,4,0,0,1016,1
229,PRODAWA,48,DT_MULTIPAY,9,long,4,0,0,1020,1
229,PRODAWA,49,FISCAL_SMETKA,1,text,48,0,0,1024,1
229,PRODAWA,50,FISCAL_MEMORY,1,text,20,0,0,1072,1
229,PRODAWA,51,FISCAL_STATUS,1,text,1,0,0,1092,1
229,PRODAWA,52,OSS_COUNTRY,1,text,2,0,0,1093,1
229,PRODAWA,53,SHIP_DATE,16,timestamp,8,0,0,1096,1
230,PRODAWA_ITEMS,0,DATETIME,9,long,4,0,0,12,5
230,PRODAWA_ITEMS,1,NUM,8,short,2,0,0,16,5
230,PRODAWA_ITEMS,2,POS,9,long,4,0,0,20,5
230,PRODAWA_ITEMS,3,IS_FACTUR,1,text,1,0,0,24,5
230,PRODAWA_ITEMS,4,SKLAD,1,text,48,0,0,25,5
230,PRODAWA_ITEMS,5,GRUPA,1,text,48,0,0,73,5
230,PRODAWA_ITEMS,6,STOKA,1,text,48,0,0,121,5
230,PRODAWA_ITEMS,7,SER_NO,1,text,48,0,0,169,5
230,PRODAWA_ITEMS,8,KOLICH,12,double,8,0,0,224,5
230,PRODAWA_ITEMS,9,KOLICH2,12,double,8,0,0,232,5
230,PRODAWA_ITEMS,10,PAY_KOLICH,12,double,8,0,0,240,5
230,PRODAWA_ITEMS,11,PAY_KOLICH2,12,double,8,0,0,248,5
230,PRODAWA_ITEMS,12,BACK_KOLICH,12,double,8,0,0,256,5
230,PRODAWA_ITEMS,13,BACK_KOLICH2,12,double,8,0,0,264,5
230,PRODAWA_ITEMS,14,REV_KOLICH,12,double,8,0,0,272,5
230,PRODAWA_ITEMS,15,REV_KOLICH2,12,double,8,0,0,280,5
230,PRODAWA_ITEMS,16,BACK_T_KOLICH,12,double,8,0,0,288,5
230,PRODAWA_ITEMS,17,BACK_T_KOLICH2,12,double,8,0,0,296,5
230,PRODAWA_ITEMS,18,REAL_KOLICH,12,double,8,0,0,304,5
230,PRODAWA_ITEMS,19,REAL_KOLICH2,12,double,8,0,0,312,5
230,PRODAWA_ITEMS,20,KOLICH_CHECK,12,double,8,0,0,320,5
230,PRODAWA_ITEMS,21,KONSIGNACIA,1,text,1,0,0,328,5
230,PRODAWA_ITEMS,22,KB_ID,9,long,4,0,0,332,5
230,PRODAWA_ITEMS,23,CENA_LIST,1,text,48,0,0,336,5
230,PRODAWA_ITEMS,24,CENA_LIST_TYPE,1,text,1,0,0,384,5
230,PRODAWA_ITEMS,25,ENDDATE,16,timestamp,8,0,0,392,5
230,PRODAWA_ITEMS,26,DDS,12,double,8,0,0,400,5
230,PRODAWA_ITEMS,27,CENA,12,double,8,0,0,408,5
230,PRODAWA_ITEMS,28,VALUTA,1,text,1,0,0,416,5
230,PRODAWA_ITEMS,29,DISCOUNT,12,double,8,0,0,424,5
230,PRODAWA_ITEMS,30,DISCOUNT2,12,double,8,0,0,432,5
230,PRODAWA_ITEMS,31,IS_REL_DISCOUNT,1,text,1,0,0,440,5
230,PRODAWA_ITEMS,32,WARRANTY,1,text,80,0,0,441,5
230,PRODAWA_ITEMS,33,KUP_CENA,12,double,8,0,0,528,5
230,PRODAWA_ITEMS,34,KUP_VALUTA,1,text,1,0,0,536,5
230,PRODAWA_ITEMS,35,S_DATETIME,9,long,4,0,0,540,5
230,PRODAWA_ITEMS,36,S_NUM,9,long,4,0,0,544,5
230,PRODAWA_ITEMS,37,O_DATETIME,9,long,4,0,0,548,5
230,PRODAWA_ITEMS,38,O_NUM,9,long,4,0,0,552,5
230,PRODAWA_ITEMS,39,L_DATETIME,9,long,4,0,0,556,5
230,PRODAWA_ITEMS,40,L_NUM,9,long,4,0,0,560,5
230,PRODAWA_ITEMS,41,RP_USD,12,double,8,0,0,568,5
230,PRODAWA_ITEMS,42,RP_DM,12,double,8,0,0,576,5
230,PRODAWA_ITEMS,43,RP_LV,12,double,8,0,0,584,5
230,PRODAWA_ITEMS,44,RP_1,12,double,8,0,0,592,5
230,PRODAWA_ITEMS,45,RP_2,12,double,8,0,0,600,5
230,PRODAWA_ITEMS,46,RP_3,12,double,8,0,0,608,5
230,PRODAWA_ITEMS,47,RP_4,12,double,8,0,0,616,5
230,PRODAWA_ITEMS,48,RP_5,12,double,8,0,0,624,5
230,PRODAWA_ITEMS,49,NOTE,1,text,64,0,0,632,5
230,PRODAWA_ITEMS,50,BONUS,12,double,8,0,0,696,5
230,PRODAWA_ITEMS,51,PARTEX_P_DATETIME,9,long,4,0,0,704,5
230,PRODAWA_ITEMS,52,PARTEX_P_NUM,9,long,4,0,0,708,5
230,PRODAWA_ITEMS,53,PROPS_ROW,17,blob,8,0,1,712,5
230,PRODAWA_ITEMS,54,FISCAL_R_STATUS,1,text,2,0,0,720,5
230,PRODAWA_ITEMS,55,FISCAL_ZA_NUM,9,long,4,0,0,724,5
230,PRODAWA_ITEMS,56,ZA_FISCAL_SMETKA,1,text,48,0,0,728,5
230,PRODAWA_ITEMS,57,IS_LOCKED,1,text,1,0,0,776,5
230,PRODAWA_ITEMS,58,KOLICH_LOCKED,12,double,8,0,0,0,5
230,PRODAWA_ITEMS,59,KOLICH_LOCKED2,12,double,8,0,0,0,5
230,PRODAWA_ITEMS,60,OSS_VAT,12,double,8,0,0,784,5
230,PRODAWA_ITEMS,61,ID_SPEC_CENA,9,long,4,0,0,792,5
230,PRODAWA_ITEMS,62,WMS_KOLICH,12,double,8,0,0,800,5
230,PRODAWA_ITEMS,63,I_DATETIME,9,long,4,0,0,808,5
230,PRODAWA_ITEMS,64,I_NUM,8,short,2,0,0,812,5
230,PRODAWA_ITEMS,65,I_SMETKA,1,text,32,0,0,814,5
231,PROD_GRUPI,0,PR_GRUPA,1,text,48,0,0,4,1
231,PROD_GRUPI,1,DT_CHANGED,9,long,4,0,0,52,1
232,PROD_PLNS,0,DT_CREATED,9,long,4,0,0,4,1
232,PROD_PLNS,1,DT_CHANGED,9,long,4,0,0,8,1
232,PROD_PLNS,2,SMETKA,1,text,32,0,0,12,1
232,PROD_PLNS,3,NOTE,1,text,64,0,0,44,1
233,PROD,0,DT_CREATED,9,long,4,0,0,8,1
233,PROD,1,DT_CHANGED,9,long,4,0,0,12,1
233,PROD,2,DT_STP,9,long,4,0,0,16,1
233,PROD,3,DT_PLANS,9,long,4,0,0,20,1
233,PROD,4,DT_DOC,9,long,4,0,0,24,1
233,PROD,5,DT_MADE,9,long,4,0,0,28,1
233,PROD,6,DT_TECH,9,long,4,0,0,32,1
233,PROD,7,DURATION,9,long,4,0,0,36,1
233,PROD,8,SMETKA,1,text,32,0,0,40,1
233,PROD,9,FIRMA,1,text,48,0,0,72,1
233,PROD,10,F_CONTACT,1,text,48,0,0,120,1
233,PROD,11,STP_TIP,1,text,2,0,0,168,1
233,PROD,12,RAZPAD,9,long,4,0,0,172,1
233,PROD,13,SKLAD,1,text,48,0,0,176,1
233,PROD,14,GRUPA,1,text,48,0,0,224,1
233,PROD,15,STOKA,1,text,48,0,0,272,1
233,PROD,16,CENA_TIP,8,short,2,0,0,320,1
233,PROD,17,VALUTA,1,text,1,0,0,322,1
233,PROD,18,NOTE,1,text,255,0,0,323,1
233,PROD,19,OWNER,1,text,48,0,0,578,1
233,PROD,20,SIGN_BY,1,text,48,0,0,626,1
233,PROD,21,KASA,1,text,1,0,0,674,1
233,PROD,22,PR_GRUPA,1,text,48,0,0,675,1
233,PROD,23,PROPS,17,blob,8,0,1,728,1
233,PROD,24,IS_OPEN,1,text,1,0,0,736,1
233,PROD,25,LV_ZA_USD,12,double,8,0,0,744,1
233,PROD,26,LV_ZA_DM,12,double,8,0,0,752,1
233,PROD,27,DM_ZA_USD,12,double,8,0,0,760,1
233,PROD,28,LV_ZA_1,12,double,8,0,0,768,1
233,PROD,29,LV_ZA_2,12,double,8,0,0,776,1
233,PROD,30,LV_ZA_3,12,double,8,0,0,784,1
233,PROD,31,LV_ZA_4,12,double,8,0,0,792,1
233,PROD,32,LV_ZA_5,12,double,8,0,0,800,1
233,PROD,33,VAR_101,9,long,4,0,0,808,1
233,PROD,34,ROW_101,9,long,4,0,0,812,1
233,PROD,35,PLN_101,9,long,4,0,0,816,1
233,PROD,36,WRK_101,9,long,4,0,0,820,1
233,PROD,37,PRD_101,9,long,4,0,0,824,1
233,PROD,38,BRK_101,9,long,4,0,0,828,1
233,PROD,39,KOLICH_PLN,12,double,8,0,0,832,1
233,PROD,40,KOLICH_PLN2,12,double,8,0,0,840,1
233,PROD,41,KOLICH_WRK,12,double,8,0,0,848,1
233,PROD,42,KOLICH_WRK2,12,double,8,0,0,856,1
233,PROD,43,KOLICH_PRD,12,double,8,0,0,864,1
233,PROD,44,KOLICH_PRD2,12,double,8,0,0,872,1
233,PROD,45,KOLICH_BRK,12,double,8,0,0,880,1
233,PROD,46,KOLICH_BRK2,12,double,8,0,0,888,1
233,PROD,47,PROD_EX,1,text,1,0,0,896,1
234,PROD_VARS,0,DT_CREATED,9,long,4,0,0,4,1
234,PROD_VARS,1,DT_VAR,9,long,4,0,0,8,1
234,PROD_VARS,2,DT_STP,9,long,4,0,0,12,1
234,PROD_VARS,3,POS,9,long,4,0,0,16,1
234,PROD_VARS,4,ED_CENA,12,double,8,0,0,24,1
234,PROD_VARS,5,KOLICH,12,double,8,0,0,32,1
234,PROD_VARS,6,KOLICH2,12,double,8,0,0,40,1
234,PROD_VARS,7,MODIFY_MAT_VAL,12,double,8,0,0,48,1
234,PROD_VARS,8,MODIFY_MAT_TIP,1,text,1,0,0,56,1
234,PROD_VARS,9,MODIFY_VAL,12,double,8,0,0,64,1
234,PROD_VARS,10,MODIFY_TIP,1,text,1,0,0,72,1
234,PROD_VARS,11,PROPS,17,blob,8,0,1,80,1
234,PROD_VARS,12,SIZE1,3,varying,4098,0,0,88,1
235,PROD_ROWS,0,DT_CREATED,9,long,4,0,0,4,1
235,PROD_ROWS,1,DT_ROW,9,long,4,0,0,8,1
235,PROD_ROWS,2,DT_STP,9,long,4,0,0,12,1
235,PROD_ROWS,3,POS,9,long,4,0,0,16,1
235,PROD_ROWS,4,SUB,9,long,4,0,0,20,1
235,PROD_ROWS,5,TIP,1,text,1,0,0,24,1
235,PROD_ROWS,6,SKLAD,1,text,48,0,0,25,1
235,PROD_ROWS,7,GRUPA,1,text,48,0,0,73,1
235,PROD_ROWS,8,STOKA,1,text,48,0,0,121,1
235,PROD_ROWS,9,CENA_TIP,8,short,2,0,0,170,1
235,PROD_ROWS,10,ED_CENA,12,double,8,0,0,176,1
235,PROD_ROWS,11,VALUTA,1,text,1,0,0,184,1
235,PROD_ROWS,12,OC_CENA_TIP,8,short,2,0,0,186,1
235,PROD_ROWS,13,OC_CENA,12,double,8,0,0,192,1
235,PROD_ROWS,14,OC_VALUTA,1,text,1,0,0,200,1
235,PROD_ROWS,15,NOTE,1,text,64,0,0,201,1
236,PROD_CELS,0,DT_CREATED,9,long,4,0,0,4,1
236,PROD_CELS,1,DT_VAR,9,long,4,0,0,8,1
236,PROD_CELS,2,DT_ROW,9,long,4,0,0,12,1
236,PROD_CELS,3,DT_STP,9,long,4,0,0,16,1
236,PROD_CELS,4,ED_CENA,12,double,8,0,0,24,1
236,PROD_CELS,5,KOLICH,12,double,8,0,0,32,1
236,PROD_CELS,6,KOLICH2,12,double,8,0,0,40,1
236,PROD_CELS,7,KOLICH_SUB,12,double,8,0,0,48,1
236,PROD_CELS,8,KOLICH_SUB2,12,double,8,0,0,56,1
236,PROD_CELS,9,NORMA,12,double,8,0,0,64,1
236,PROD_CELS,10,NORMA2,12,double,8,0,0,72,1
236,PROD_CELS,11,FIRA,12,double,8,0,0,80,1
236,PROD_CELS,12,SIZE1,3,varying,257,0,0,88,1
237,PROD_SERS,0,DT_CREATED,9,long,4,0,0,4,1
237,PROD_SERS,1,DT_VAR,9,long,4,0,0,8,1
237,PROD_SERS,2,DT_ROW,9,long,4,0,0,12,1
237,PROD_SERS,3,DT_STP,9,long,4,0,0,16,1
237,PROD_SERS,4,SER_NO,1,text,48,0,0,20,1
237,PROD_SERS,5,NUM,9,long,4,0,0,68,1
237,PROD_SERS,6,ED_CENA,12,double,8,0,0,72,1
237,PROD_SERS,7,VALUTA,1,text,1,0,0,80,1
237,PROD_SERS,8,KOLICH,12,double,8,0,0,88,1
237,PROD_SERS,9,KOLICH2,12,double,8,0,0,96,1
238,PROD_WRKS,0,DT_CREATED,9,long,4,0,0,4,1
238,PROD_WRKS,1,DT_VAR,9,long,4,0,0,8,1
238,PROD_WRKS,2,DT_ROW,9,long,4,0,0,12,1
238,PROD_WRKS,3,DT_STP,9,long,4,0,0,16,1
238,PROD_WRKS,4,WORKER,1,text,48,0,0,20,1
238,PROD_WRKS,5,PERCENT_,12,double,8,0,0,72,1
238,PROD_WRKS,6,IS_PAYED,1,text,1,0,0,80,1
239,PROD_DAYS,0,DEN,9,long,4,0,0,4,1
239,PROD_DAYS,1,MACHINE_ID,9,long,4,0,0,8,1
239,PROD_DAYS,2,TIP,1,text,1,0,0,12,1
239,PROD_DAYS,3,TIME11,9,long,4,0,0,16,1
239,PROD_DAYS,4,TIME12,9,long,4,0,0,20,1
239,PROD_DAYS,5,TIME21,9,long,4,0,0,24,1
239,PROD_DAYS,6,TIME22,9,long,4,0,0,28,1
239,PROD_DAYS,7,TIME31,9,long,4,0,0,32,1
239,PROD_DAYS,8,TIME32,9,long,4,0,0,36,1
239,PROD_DAYS,9,TIME41,9,long,4,0,0,40,1
239,PROD_DAYS,10,TIME42,9,long,4,0,0,44,1
240,PROTECT,0,USER_ID,1,text,48,0,0,4,1
240,PROTECT,1,MODUL_ID,9,long,4,0,0,52,1
241,PROTECT2,0,USER_ID,1,text,48,0,0,4,1
241,PROTECT2,1,KASA,1,text,1,0,0,52,1
241,PROTECT2,2,SKLAD,1,text,48,0,0,53,1
241,PROTECT2,3,READ_ONLY,1,text,1,0,0,101,1
242,PROTECT3,0,USER_ID,1,text,48,0,0,4,1
242,PROTECT3,1,KASA,1,text,1,0,0,52,1
242,PROTECT3,2,KB_ID,9,long,4,0,0,56,1
242,PROTECT3,3,READ_ONLY,1,text,1,0,0,60,1
243,PROTECT4,0,USER_ID,1,text,48,0,0,4,1
243,PROTECT4,1,KASA,1,text,1,0,0,52,1
243,PROTECT4,2,FIRMA,1,text,48,0,0,53,1
243,PROTECT4,3,READ_ONLY,1,text,1,0,0,101,1
244,PROTECT5,0,USER_ID,1,text,48,0,0,4,1
244,PROTECT5,1,KASA,1,text,1,0,0,52,1
244,PROTECT5,2,CODE,1,text,16,0,0,53,1
244,PROTECT5,3,READ_ONLY,1,text,1,0,0,69,1
245,PROTECT6,0,USER_ID,1,text,48,0,0,4,1
245,PROTECT6,1,KASA,1,text,1,0,0,52,1
245,PROTECT6,2,F_GRUPA,1,text,48,0,0,53,1
245,PROTECT6,3,READ_ONLY,1,text,1,0,0,101,1
246,PROTECT7,0,USER_ID,1,text,48,0,0,4,1
246,PROTECT7,1,KASA,1,text,1,0,0,52,1
246,PROTECT7,2,PR_GRUPA,1,text,48,0,0,53,1
246,PROTECT7,3,READ_ONLY,1,text,1,0,0,101,1
247,P_OFFER,0,DATETIME,9,long,4,0,0,8,1
247,P_OFFER,1,DT_DOC,9,long,4,0,0,12,1
247,P_OFFER,2,DT_CHANGED,9,long,4,0,0,16,1
247,P_OFFER,3,KASA,1,text,1,0,0,20,1
247,P_OFFER,4,SMETKA,1,text,32,0,0,21,1
247,P_OFFER,5,FIRMA,1,text,48,0,0,53,1
247,P_OFFER,6,AGENT,1,text,48,0,0,101,1
247,P_OFFER,7,BROKER,1,text,48,0,0,149,1
247,P_OFFER,8,PREWOZ,1,text,48,0,0,197,1
247,P_OFFER,9,F_CONTACT,1,text,48,0,0,245,1
247,P_OFFER,10,USD,12,double,8,0,0,296,1
247,P_OFFER,11,DM,12,double,8,0,0,304,1
247,P_OFFER,12,LV,12,double,8,0,0,312,1
247,P_OFFER,13,S_1,12,double,8,0,0,320,1
247,P_OFFER,14,S_2,12,double,8,0,0,328,1
247,P_OFFER,15,S_3,12,double,8,0,0,336,1
247,P_OFFER,16,S_4,12,double,8,0,0,344,1
247,P_OFFER,17,S_5,12,double,8,0,0,352,1
247,P_OFFER,18,LV_ZA_USD,12,double,8,0,0,360,1
247,P_OFFER,19,LV_ZA_DM,12,double,8,0,0,368,1
247,P_OFFER,20,DM_ZA_USD,12,double,8,0,0,376,1
247,P_OFFER,21,LV_ZA_1,12,double,8,0,0,384,1
247,P_OFFER,22,LV_ZA_2,12,double,8,0,0,392,1
247,P_OFFER,23,LV_ZA_3,12,double,8,0,0,400,1
247,P_OFFER,24,LV_ZA_4,12,double,8,0,0,408,1
247,P_OFFER,25,LV_ZA_5,12,double,8,0,0,416,1
247,P_OFFER,26,REALISED,1,text,1,0,0,424,1
247,P_OFFER,27,OWNER,1,text,48,0,0,425,1
247,P_OFFER,28,SIGN_BY,1,text,48,0,0,473,1
247,P_OFFER,29,PROPS,17,blob,8,0,1,528,1
247,P_OFFER,30,NOTE,1,text,255,0,0,536,1
247,P_OFFER,31,IS_OPEN,1,text,1,0,0,791,1
247,P_OFFER,32,DT_AVANS,9,long,4,0,0,792,1
248,P_OFFER_ITEMS,0,DATETIME,9,long,4,0,0,4,6
248,P_OFFER_ITEMS,1,NUM,8,short,2,0,0,8,6
248,P_OFFER_ITEMS,2,POS,9,long,4,0,0,12,6
248,P_OFFER_ITEMS,3,IS_FACTUR,1,text,1,0,0,16,6
248,P_OFFER_ITEMS,4,SKLAD,1,text,48,0,0,17,6
248,P_OFFER_ITEMS,5,GRUPA,1,text,48,0,0,65,6
248,P_OFFER_ITEMS,6,STOKA,1,text,48,0,0,113,6
248,P_OFFER_ITEMS,7,KOLICH,12,double,8,0,0,168,6
248,P_OFFER_ITEMS,8,KOLICH2,12,double,8,0,0,176,6
248,P_OFFER_ITEMS,9,KOLICH_CHECK,12,double,8,0,0,184,6
248,P_OFFER_ITEMS,10,KONSIGNACIA,1,text,1,0,0,192,6
248,P_OFFER_ITEMS,11,KB_ID,9,long,4,0,0,196,6
248,P_OFFER_ITEMS,12,CENA_LIST,1,text,48,0,0,200,6
248,P_OFFER_ITEMS,13,CENA_LIST_TYPE,1,text,1,0,0,248,6
248,P_OFFER_ITEMS,14,ENDDATE,16,timestamp,8,0,0,256,6
248,P_OFFER_ITEMS,15,DDS,12,double,8,0,0,264,6
248,P_OFFER_ITEMS,16,CENA,12,double,8,0,0,272,6
248,P_OFFER_ITEMS,17,VALUTA,1,text,1,0,0,280,6
248,P_OFFER_ITEMS,18,DISCOUNT,12,double,8,0,0,288,6
248,P_OFFER_ITEMS,19,DISCOUNT2,12,double,8,0,0,296,6
248,P_OFFER_ITEMS,20,IS_REL_DISCOUNT,1,text,1,0,0,304,6
248,P_OFFER_ITEMS,21,VALIDDATE,9,long,4,0,0,308,6
248,P_OFFER_ITEMS,22,WARRANTY,1,text,80,0,0,312,6
248,P_OFFER_ITEMS,23,NOTE,1,text,64,0,0,392,6
248,P_OFFER_ITEMS,24,SER_NO,1,text,48,0,0,456,6
248,P_OFFER_ITEMS,25,PROPS_ROW,17,blob,8,0,1,504,6
248,P_OFFER_ITEMS,26,I_DATETIME,9,long,4,0,0,512,6
248,P_OFFER_ITEMS,27,I_NUM,8,short,2,0,0,516,6
248,P_OFFER_ITEMS,28,I_SMETKA,1,text,32,0,0,518,6
248,P_OFFER_ITEMS,29,DOP_RAZHOD,12,double,8,0,0,552,6
248,P_OFFER_ITEMS,30,SROK_DOST,9,long,4,0,0,560,6
249,P_ORDER,0,DATETIME,9,long,4,0,0,8,1
249,P_ORDER,1,DT_DOC,9,long,4,0,0,12,1
249,P_ORDER,2,DT_CHANGED,9,long,4,0,0,16,1
249,P_ORDER,3,SMETKA,1,text,32,0,0,20,1
249,P_ORDER,4,FIRMA,1,text,48,0,0,52,1
249,P_ORDER,5,AGENT,1,text,48,0,0,100,1
249,P_ORDER,6,PREWOZ,1,text,48,0,0,148,1
249,P_ORDER,7,P_CONTACT,1,text,48,0,0,196,1
249,P_ORDER,8,F_CONTACT,1,text,48,0,0,244,1
249,P_ORDER,9,USD,12,double,8,0,0,296,1
249,P_ORDER,10,DM,12,double,8,0,0,304,1
249,P_ORDER,11,LV,12,double,8,0,0,312,1
249,P_ORDER,12,S_1,12,double,8,0,0,320,1
249,P_ORDER,13,S_2,12,double,8,0,0,328,1
249,P_ORDER,14,S_3,12,double,8,0,0,336,1
249,P_ORDER,15,S_4,12,double,8,0,0,344,1
249,P_ORDER,16,S_5,12,double,8,0,0,352,1
249,P_ORDER,17,PAYED_USD,12,double,8,0,0,360,1
249,P_ORDER,18,PAYED_DM,12,double,8,0,0,368,1
249,P_ORDER,19,PAYED_LV,12,double,8,0,0,376,1
249,P_ORDER,20,PAYED_1,12,double,8,0,0,384,1
249,P_ORDER,21,PAYED_2,12,double,8,0,0,392,1
249,P_ORDER,22,PAYED_3,12,double,8,0,0,400,1
249,P_ORDER,23,PAYED_4,12,double,8,0,0,408,1
249,P_ORDER,24,PAYED_5,12,double,8,0,0,416,1
249,P_ORDER,25,LV_ZA_USD,12,double,8,0,0,424,1
249,P_ORDER,26,LV_ZA_DM,12,double,8,0,0,432,1
249,P_ORDER,27,DM_ZA_USD,12,double,8,0,0,440,1
249,P_ORDER,28,LV_ZA_1,12,double,8,0,0,448,1
249,P_ORDER,29,LV_ZA_2,12,double,8,0,0,456,1
249,P_ORDER,30,LV_ZA_3,12,double,8,0,0,464,1
249,P_ORDER,31,LV_ZA_4,12,double,8,0,0,472,1
249,P_ORDER,32,LV_ZA_5,12,double,8,0,0,480,1
249,P_ORDER,33,OWNER,1,text,48,0,0,488,1
249,P_ORDER,34,SIGN_BY,1,text,48,0,0,536,1
249,P_ORDER,35,KASA,1,text,1,0,0,584,1
249,P_ORDER,36,PROPS,17,blob,8,0,1,592,1
249,P_ORDER,37,NOTE,1,text,255,0,0,600,1
249,P_ORDER,38,STATUS,9,long,4,0,0,856,1
249,P_ORDER,39,IS_OPEN,1,text,1,0,0,860,1
249,P_ORDER,40,DT_AVANS,9,long,4,0,0,864,1
249,P_ORDER,41,SHIP_DATE,16,timestamp,8,0,0,872,1
249,P_ORDER,42,IO_DATE,9,long,4,0,0,880,1
249,P_ORDER,43,ID_RAMP,9,long,4,0,0,884,1
250,P_ORDER_ITEMS,0,DATETIME,9,long,4,0,0,8,2
250,P_ORDER_ITEMS,1,NUM,9,long,4,0,0,12,2
250,P_ORDER_ITEMS,2,POS,9,long,4,0,0,16,2
250,P_ORDER_ITEMS,3,IS_FACTUR,1,text,1,0,0,20,2
250,P_ORDER_ITEMS,4,S_DATETIME,9,long,4,0,0,24,2
250,P_ORDER_ITEMS,5,S_NUM,9,long,4,0,0,28,2
250,P_ORDER_ITEMS,6,SKLAD,1,text,48,0,0,32,2
250,P_ORDER_ITEMS,7,GRUPA,1,text,48,0,0,80,2
250,P_ORDER_ITEMS,8,STOKA,1,text,48,0,0,128,2
250,P_ORDER_ITEMS,9,KOLICH,12,double,8,0,0,176,2
250,P_ORDER_ITEMS,10,KOLICH2,12,double,8,0,0,184,2
250,P_ORDER_ITEMS,11,KOLICH_COME,12,double,8,0,0,192,2
250,P_ORDER_ITEMS,12,KOLICH_COME2,12,double,8,0,0,200,2
250,P_ORDER_ITEMS,13,KOLICH_REAL,12,double,8,0,0,208,2
250,P_ORDER_ITEMS,14,KOLICH_REAL2,12,double,8,0,0,216,2
250,P_ORDER_ITEMS,15,KOLICH_CHECK,12,double,8,0,0,224,2
250,P_ORDER_ITEMS,16,DDS,12,double,8,0,0,232,2
250,P_ORDER_ITEMS,17,CENA,12,double,8,0,0,240,2
250,P_ORDER_ITEMS,18,VALUTA,1,text,1,0,0,248,2
250,P_ORDER_ITEMS,19,DISCOUNT,12,double,8,0,0,256,2
250,P_ORDER_ITEMS,20,DISCOUNT2,12,double,8,0,0,264,2
250,P_ORDER_ITEMS,21,IS_REL_DISCOUNT,1,text,1,0,0,272,2
250,P_ORDER_ITEMS,22,KONSIGNACIA,1,text,1,0,0,273,2
250,P_ORDER_ITEMS,23,KB_ID,9,long,4,0,0,276,2
250,P_ORDER_ITEMS,24,CENA_LIST,1,text,48,0,0,280,2
250,P_ORDER_ITEMS,25,CENA_LIST_TYPE,1,text,1,0,0,328,2
250,P_ORDER_ITEMS,26,ENDDATE,16,timestamp,8,0,0,336,2
250,P_ORDER_ITEMS,27,WARRANTY,1,text,80,0,0,344,2
250,P_ORDER_ITEMS,28,COME_DATETIME,9,long,4,0,0,424,2
250,P_ORDER_ITEMS,29,D_EDCENA,12,double,8,0,0,432,2
250,P_ORDER_ITEMS,30,D_VALUTA,1,text,1,0,0,440,2
250,P_ORDER_ITEMS,31,NOTE,1,text,64,0,0,441,2
250,P_ORDER_ITEMS,32,STATUS,9,long,4,0,0,508,2
250,P_ORDER_ITEMS,33,SER_NO,1,text,48,0,0,512,2
250,P_ORDER_ITEMS,34,O_DATETIME,9,long,4,0,0,560,2
250,P_ORDER_ITEMS,35,O_NUM,9,long,4,0,0,564,2
250,P_ORDER_ITEMS,36,PROPS_ROW,17,blob,8,0,1,568,2
250,P_ORDER_ITEMS,37,WMS_KOLICH,12,double,8,0,0,576,2
251,T_ORDER,0,DATETIME,9,long,4,0,0,8,1
251,T_ORDER,1,DT_DOC,9,long,4,0,0,12,1
251,T_ORDER,2,DT_CHANGED,9,long,4,0,0,16,1
251,T_ORDER,3,SMETKA,1,text,32,0,0,20,1
251,T_ORDER,4,FIRMA,1,text,48,0,0,52,1
251,T_ORDER,5,F_CONTACT,1,text,48,0,0,100,1
251,T_ORDER,6,USD,12,double,8,0,0,152,1
251,T_ORDER,7,DM,12,double,8,0,0,160,1
251,T_ORDER,8,LV,12,double,8,0,0,168,1
251,T_ORDER,9,S_1,12,double,8,0,0,176,1
251,T_ORDER,10,S_2,12,double,8,0,0,184,1
251,T_ORDER,11,S_3,12,double,8,0,0,192,1
251,T_ORDER,12,S_4,12,double,8,0,0,200,1
251,T_ORDER,13,S_5,12,double,8,0,0,208,1
251,T_ORDER,14,LV_ZA_USD,12,double,8,0,0,216,1
251,T_ORDER,15,LV_ZA_DM,12,double,8,0,0,224,1
251,T_ORDER,16,DM_ZA_USD,12,double,8,0,0,232,1
251,T_ORDER,17,LV_ZA_1,12,double,8,0,0,240,1
251,T_ORDER,18,LV_ZA_2,12,double,8,0,0,248,1
251,T_ORDER,19,LV_ZA_3,12,double,8,0,0,256,1
251,T_ORDER,20,LV_ZA_4,12,double,8,0,0,264,1
251,T_ORDER,21,LV_ZA_5,12,double,8,0,0,272,1
251,T_ORDER,22,OWNER,1,text,48,0,0,280,1
251,T_ORDER,23,SIGN_BY,1,text,48,0,0,328,1
251,T_ORDER,24,KASA,1,text,1,0,0,376,1
251,T_ORDER,25,PROPS,17,blob,8,0,1,384,1
251,T_ORDER,26,NOTE,1,text,255,0,0,392,1
251,T_ORDER,27,STATUS,9,long,4,0,0,648,1
251,T_ORDER,28,IS_OPEN,1,text,1,0,0,652,1
251,T_ORDER,29,SHIP_DATE,16,timestamp,8,0,0,656,1
251,T_ORDER,30,IO_DATE,9,long,4,0,0,664,1
251,T_ORDER,31,ID_RAMP,9,long,4,0,0,668,1
251,T_ORDER,32,IO_DATE2,9,long,4,0,0,672,1
251,T_ORDER,33,ID_RAMP2,9,long,4,0,0,676,1
252,T_ORDER_ITEMS,0,DATETIME,9,long,4,0,0,8,2
252,T_ORDER_ITEMS,1,NUM,9,long,4,0,0,12,2
252,T_ORDER_ITEMS,2,POS,9,long,4,0,0,16,2
252,T_ORDER_ITEMS,3,IS_FACTUR,1,text,1,0,0,20,2
252,T_ORDER_ITEMS,4,S_DATETIME,9,long,4,0,0,24,2
252,T_ORDER_ITEMS,5,S_NUM,9,long,4,0,0,28,2
252,T_ORDER_ITEMS,6,SKLAD_1,1,text,48,0,0,32,2
252,T_ORDER_ITEMS,7,SKLAD_2,1,text,48,0,0,80,2
252,T_ORDER_ITEMS,8,GRUPA,1,text,48,0,0,128,2
252,T_ORDER_ITEMS,9,STOKA,1,text,48,0,0,176,2
252,T_ORDER_ITEMS,10,KOLICH,12,double,8,0,0,224,2
252,T_ORDER_ITEMS,11,KOLICH2,12,double,8,0,0,232,2
252,T_ORDER_ITEMS,12,KOLICH_COME,12,double,8,0,0,240,2
252,T_ORDER_ITEMS,13,KOLICH_COME2,12,double,8,0,0,248,2
252,T_ORDER_ITEMS,14,KOLICH_CHECK,12,double,8,0,0,256,2
252,T_ORDER_ITEMS,15,DDS,12,double,8,0,0,264,2
252,T_ORDER_ITEMS,16,CENA,12,double,8,0,0,272,2
252,T_ORDER_ITEMS,17,VALUTA,1,text,1,0,0,280,2
252,T_ORDER_ITEMS,18,DISCOUNT,12,double,8,0,0,288,2
252,T_ORDER_ITEMS,19,KONSIGNACIA,1,text,1,0,0,296,2
252,T_ORDER_ITEMS,20,KB_ID,9,long,4,0,0,300,2
252,T_ORDER_ITEMS,21,CENA_LIST,1,text,48,0,0,304,2
252,T_ORDER_ITEMS,22,CENA_LIST_TYPE,1,text,1,0,0,352,2
252,T_ORDER_ITEMS,23,ENDDATE,16,timestamp,8,0,0,360,2
252,T_ORDER_ITEMS,24,WARRANTY,1,text,80,0,0,368,2
252,T_ORDER_ITEMS,25,COME_DATETIME,9,long,4,0,0,448,2
252,T_ORDER_ITEMS,26,NOTE,1,text,64,0,0,452,2
252,T_ORDER_ITEMS,27,STATUS,9,long,4,0,0,516,2
252,T_ORDER_ITEMS,28,SER_NO,1,text,48,0,0,520,2
252,T_ORDER_ITEMS,29,IS_LOCKED,1,text,1,0,0,568,2
252,T_ORDER_ITEMS,30,START_LOCKED,9,long,4,0,0,572,2
252,T_ORDER_ITEMS,31,KOLICH_LOCKED,12,double,8,0,0,0,2
252,T_ORDER_ITEMS,32,KOLICH_LOCKED2,12,double,8,0,0,0,2
252,T_ORDER_ITEMS,33,PROPS_ROW,17,blob,8,0,1,576,2
252,T_ORDER_ITEMS,34,WMS_KOLICH,12,double,8,0,0,584,2
253,RAZHODI,0,DT_CHANGED,9,long,4,0,0,4,1
253,RAZHODI,1,RAZHOD,1,text,48,0,0,8,1
253,RAZHODI,2,CODE,1,text,48,0,0,56,1
253,RAZHODI,3,BARCODE,1,text,32,0,0,104,1
253,RAZHODI,4,VALUTA,1,text,1,0,0,136,1
253,RAZHODI,5,CENA,12,double,8,0,0,144,1
253,RAZHODI,6,VALUTA_PROD,1,text,1,0,0,152,1
253,RAZHODI,7,CENA_PROD,12,double,8,0,0,160,1
253,RAZHODI,8,IS_CENA_KUP,1,text,1,0,0,168,1
253,RAZHODI,9,IS_FACTUR,1,text,1,0,0,169,1
253,RAZHODI,10,IS_INTRASTAT,1,text,1,0,0,170,1
253,RAZHODI,11,IS_SALDO,1,text,1,0,0,171,1
253,RAZHODI,12,NOTE,1,text,128,0,0,172,1
253,RAZHODI,13,IS_ACTIVE,1,text,1,0,0,300,1
254,RAZHODI_ITEMS,0,TIP,1,text,1,0,0,4,1
254,RAZHODI_ITEMS,1,DATETIME,9,long,4,0,0,8,1
254,RAZHODI_ITEMS,2,NUM,8,short,2,0,0,12,1
254,RAZHODI_ITEMS,3,RAZHOD,1,text,48,0,0,14,1
254,RAZHODI_ITEMS,4,KOLICH,12,double,8,0,0,64,1
254,RAZHODI_ITEMS,5,KONSIGNACIA,1,text,1,0,0,72,1
254,RAZHODI_ITEMS,6,KB_ID,9,long,4,0,0,76,1
254,RAZHODI_ITEMS,7,DDS,12,double,8,0,0,80,1
254,RAZHODI_ITEMS,8,CENA,12,double,8,0,0,88,1
254,RAZHODI_ITEMS,9,VALUTA,1,text,1,0,0,96,1
254,RAZHODI_ITEMS,10,DISCOUNT,12,double,8,0,0,104,1
254,RAZHODI_ITEMS,11,NOTE,1,text,64,0,0,112,1
255,REWIZIA,0,DATETIME,9,long,4,0,0,4,1
255,REWIZIA,1,DT_DOC,9,long,4,0,0,8,1
255,REWIZIA,2,DT_CHANGED,9,long,4,0,0,12,1
255,REWIZIA,3,SMETKA,1,text,32,0,0,16,1
255,REWIZIA,4,SKLAD,1,text,48,0,0,48,1
255,REWIZIA,5,CENA_TIP,9,long,4,0,0,96,1
255,REWIZIA,6,PROPS,17,blob,8,0,1,104,1
255,REWIZIA,7,NOTE,1,text,255,0,0,112,1
255,REWIZIA,8,OWNER,1,text,48,0,0,367,1
255,REWIZIA,9,SIGN_BY,1,text,48,0,0,415,1
255,REWIZIA,10,KASA,1,text,1,0,0,463,1
255,REWIZIA,11,IS_OPEN,1,text,1,0,0,464,1
255,REWIZIA,12,IS_BLOCKED,1,text,1,0,0,465,1
256,REWIZIA_ITEMS,0,DATETIME,9,long,4,0,0,4,1
256,REWIZIA_ITEMS,1,GRUPA,1,text,48,0,0,8,1
256,REWIZIA_ITEMS,2,STOKA,1,text,48,0,0,56,1
256,REWIZIA_ITEMS,3,SER_NO,1,text,48,0,0,104,1
256,REWIZIA_ITEMS,4,KOLICH1,12,double,8,0,0,152,1
256,REWIZIA_ITEMS,5,KOLICH12,12,double,8,0,0,160,1
256,REWIZIA_ITEMS,6,KOLICH2,12,double,8,0,0,168,1
256,REWIZIA_ITEMS,7,KOLICH22,12,double,8,0,0,176,1
256,REWIZIA_ITEMS,8,IS_CHECK,1,text,1,0,0,184,1
256,REWIZIA_ITEMS,9,ED_CENA,12,double,8,0,0,192,1
256,REWIZIA_ITEMS,10,ED_VALUTA,1,text,1,0,0,200,1
256,REWIZIA_ITEMS,11,KUP_CENA,12,double,8,0,0,208,1
256,REWIZIA_ITEMS,12,KUP_VALUTA,1,text,1,0,0,216,1
256,REWIZIA_ITEMS,13,NOTE,1,text,64,0,0,217,1
256,REWIZIA_ITEMS,14,STOCK_POSITION,1,text,32,0,0,281,1
257,SER_NO,0,DT_CHANGED,9,long,4,0,0,4,1
257,SER_NO,1,SKLAD,1,text,48,0,0,8,1
257,SER_NO,2,GRUPA,1,text,48,0,0,56,1
257,SER_NO,3,STOKA,1,text,48,0,0,104,1
257,SER_NO,4,SER_NO,1,text,48,0,0,152,1
257,SER_NO,5,ID,1,text,20,0,0,200,1
257,SER_NO,6,SER_NOTE,17,blob,8,0,1,224,1
257,SER_NO,7,PROPS,17,blob,8,0,1,232,1
257,SER_NO,8,WARRANTY,1,text,80,0,0,240,1
257,SER_NO,9,KOLICH,12,double,8,0,0,320,1
257,SER_NO,10,KOLICH2,12,double,8,0,0,328,1
257,SER_NO,11,MIN_KOLICH,12,double,8,0,0,336,1
257,SER_NO,12,MAX_KOLICH,12,double,8,0,0,344,1
257,SER_NO,13,TMP_KOLICH,12,double,8,0,0,352,1
257,SER_NO,14,TMP_KOLICH2,12,double,8,0,0,360,1
257,SER_NO,15,VALUTA_KUP,1,text,1,0,0,368,1
257,SER_NO,16,VALUTA_PROD_ED,1,text,1,0,0,369,1
257,SER_NO,17,VALUTA_PROD_DR,1,text,1,0,0,370,1
257,SER_NO,18,CENA_KUP,12,double,8,0,0,376,1
257,SER_NO,19,CENA_PROD_ED1,12,double,8,0,0,384,1
257,SER_NO,20,CENA_PROD_DR1,12,double,8,0,0,392,1
257,SER_NO,21,PROCES_ID,9,long,4,0,0,400,1
257,SER_NO,22,IN_USE,1,text,1,0,0,404,1
257,SER_NO,23,KOLICH_LOCKED,12,double,8,0,0,408,1
257,SER_NO,24,KOLICH_LOCKED2,12,double,8,0,0,416,1
257,SER_NO,25,DATA_CHANGED,16,timestamp,8,0,0,424,1
257,SER_NO,26,KOLICH_CHANGED,16,timestamp,8,0,0,432,1
258,SHIPMENTS,0,ID,9,long,4,0,0,4,1
258,SHIPMENTS,1,FIRMA,1,text,48,0,0,8,1
258,SHIPMENTS,2,SM_DATETIME,9,long,4,0,0,56,1
258,SHIPMENTS,3,SM_TYPE,9,long,4,0,0,60,1
258,SHIPMENTS,4,SPEEDY_ADDRESS,3,varying,514,0,0,64,1
258,SHIPMENTS,5,ECONT_ADDRESS,3,varying,514,0,0,578,1
259,SKLADS,0,DT_CHANGED,9,long,4,0,0,4,1
259,SKLADS,1,SKLAD,1,text,48,0,0,8,1
259,SKLADS,2,CODE,1,text,16,0,0,56,1
259,SKLADS,3,ADDR,1,text,64,0,0,72,1
259,SKLADS,4,MOL,1,text,48,0,0,136,1
259,SKLADS,5,DEF_FIRMA,1,text,48,0,0,184,1
259,SKLADS,6,NOTE,17,blob,8,0,1,232,1
259,SKLADS,7,PROPS_SKLAD,17,blob,8,0,1,240,1
259,SKLADS,8,TIP,1,text,1,0,0,248,1
259,SKLADS,9,CENA_KUP_WITH_DDS,1,text,1,0,0,249,1
259,SKLADS,10,CENA_EDRO_WITH_DDS,1,text,1,0,0,250,1
259,SKLADS,11,CENA_DREB_WITH_DDS,1,text,1,0,0,251,1
259,SKLADS,12,DDS_SKLAD,12,double,8,0,0,256,1
259,SKLADS,13,CD_DUTY_LIMIT,12,double,8,0,0,264,1
259,SKLADS,14,FOLLOW_NUM,12,double,8,0,0,272,1
259,SKLADS,15,DEF_KASA,9,long,4,0,0,280,1
259,SKLADS,16,DEF_BANK,9,long,4,0,0,284,1
260,CENI_LIST,0,LIST,1,text,48,0,0,4,1
260,CENI_LIST,1,CENA,12,double,8,0,0,56,1
260,CENI_LIST,2,VALUTA,1,text,1,0,0,64,1
260,CENI_LIST,3,FROM_LIST,1,text,48,0,0,65,1
260,CENI_LIST,4,IS_ACTIVE,1,text,1,0,0,113,1
260,CENI_LIST,5,FR_DATE,9,long,4,0,0,116,1
260,CENI_LIST,6,TO_DATE,9,long,4,0,0,120,1
260,CENI_LIST,7,DT_CHANGED,9,long,4,0,0,124,1
260,CENI_LIST,8,NOTE,1,text,48,0,0,128,1
260,CENI_LIST,9,TO_VALUTA,1,text,1,0,0,176,1
260,CENI_LIST,10,PRIORITY,9,long,4,0,0,180,1
260,CENI_LIST,11,IS_ALLOWED,1,text,1,0,0,184,1
260,CENI_LIST,12,KOLICH_LIMIT,9,long,4,0,0,188,1
261,CENI_LIST_FIRMI,0,LIST,1,text,48,0,0,4,1
261,CENI_LIST_FIRMI,1,FIRMA,1,text,48,0,0,52,1
262,SPEC_CENI,0,TIP,1,text,1,0,0,4,1
262,SPEC_CENI,1,RELATOR,1,text,48,0,0,5,1
262,SPEC_CENI,2,SKLAD,1,text,48,0,0,53,1
262,SPEC_CENI,3,GRUPA,1,text,48,0,0,101,1
262,SPEC_CENI,4,STOKA,1,text,48,0,0,149,1
262,SPEC_CENI,5,KOLICH,9,long,4,0,0,200,1
262,SPEC_CENI,6,CENA,12,double,8,0,0,208,1
262,SPEC_CENI,7,VALUTA,1,text,1,0,0,216,1
262,SPEC_CENI,8,FROM_LIST,1,text,48,0,0,217,1
262,SPEC_CENI,9,IS_ACTIVE,1,text,1,0,0,265,1
262,SPEC_CENI,10,FR_DATE,9,long,4,0,0,268,1
262,SPEC_CENI,11,TO_DATE,9,long,4,0,0,272,1
262,SPEC_CENI,12,DT_CHANGED,9,long,4,0,0,276,1
262,SPEC_CENI,13,NOTE,1,text,48,0,0,280,1
262,SPEC_CENI,14,TO_VALUTA,1,text,1,0,0,328,1
262,SPEC_CENI,15,KOLICH_LIMIT,9,long,4,0,0,332,1
262,SPEC_CENI,16,KOLICH_REST,9,long,4,0,0,336,1
262,SPEC_CENI,17,FINISH_DATE,9,long,4,0,0,340,1
262,SPEC_CENI,18,ID_SC,9,long,4,0,0,344,1
263,STOKI,0,DT_CHANGED,9,long,4,0,0,4,1
263,STOKI,1,SKLAD,1,text,48,0,0,8,1
263,STOKI,2,GRUPA,1,text,48,0,0,56,1
263,STOKI,3,STOKA,1,text,48,0,0,104,1
263,STOKI,4,VALUTA_KUP,1,text,1,0,0,152,1
263,STOKI,5,VALUTA_PROD_ED,1,text,1,0,0,153,1
263,STOKI,6,VALUTA_PROD_DR,1,text,1,0,0,154,1
263,STOKI,7,CENA_KUP,12,double,8,0,0,160,1
263,STOKI,8,CENA_PROD_ED1,12,double,8,0,0,168,1
263,STOKI,9,CENA_PROD_DR1,12,double,8,0,0,176,1
263,STOKI,10,KOLICH,12,double,8,0,0,184,1
263,STOKI,11,KOLICH2,12,double,8,0,0,192,1
263,STOKI,12,MIN_KOLICH,12,double,8,0,0,200,1
263,STOKI,13,MAX_KOLICH,12,double,8,0,0,208,1
263,STOKI,14,STOCK_POSITION,1,text,32,0,0,216,1
263,STOKI,15,PROPS,17,blob,8,0,1,248,1
263,STOKI,16,NOTE,17,blob,8,0,1,256,1
263,STOKI,17,KOLICH_LOCKED,12,double,8,0,0,264,1
263,STOKI,18,KOLICH_LOCKED2,12,double,8,0,0,272,1
263,STOKI,19,DATA_CHANGED,16,timestamp,8,0,0,280,1
263,STOKI,20,KOLICH_CHANGED,16,timestamp,8,0,0,288,1
263,STOKI,21,IS_BLOCKED,1,text,1,0,0,296,1
263,STOKI,22,IS_RESTRICT,9,long,4,0,0,300,1
263,STOKI,23,S_DOSTAW,1,text,48,0,0,304,1
264,STOKI_DEF,0,DATE_CREATED,16,timestamp,8,0,0,16,1
264,STOKI_DEF,1,DT_CHANGED,9,long,4,0,0,24,1
264,STOKI_DEF,2,STOKA_CHANGED,16,timestamp,8,0,0,32,1
264,STOKI_DEF,3,GRUPA,1,text,48,0,0,40,1
264,STOKI_DEF,4,STOKA,1,text,48,0,0,88,1
264,STOKI_DEF,5,CODE,1,text,255,0,0,136,1
264,STOKI_DEF,6,BARCODE,1,text,32,0,0,391,1
264,STOKI_DEF,7,VALUTA_KUP,1,text,1,0,0,423,1
264,STOKI_DEF,8,VALUTA_PROD_ED,1,text,1,0,0,424,1
264,STOKI_DEF,9,VALUTA_PROD_DR,1,text,1,0,0,425,1
264,STOKI_DEF,10,RAZFAS1,1,text,8,0,0,426,1
264,STOKI_DEF,11,RAZFAS2,1,text,8,0,0,434,1
264,STOKI_DEF,12,RELATOR,12,double,8,0,0,448,1
264,STOKI_DEF,13,CENA_KUP,12,double,8,0,0,456,1
264,STOKI_DEF,14,CENA_PROD_ED1,12,double,8,0,0,464,1
264,STOKI_DEF,15,CENA_PROD_DR1,12,double,8,0,0,472,1
264,STOKI_DEF,16,DDS_DEF,12,double,8,0,0,480,1
264,STOKI_DEF,17,PROPS,17,blob,8,0,1,488,1
264,STOKI_DEF,18,NOTE,17,blob,8,0,1,496,1
264,STOKI_DEF,19,IS_SER_NO,1,text,1,0,0,504,1
264,STOKI_DEF,20,MIN_KOLICH,12,double,8,0,0,512,1
264,STOKI_DEF,21,MAX_KOLICH,12,double,8,0,0,520,1
264,STOKI_DEF,22,WARRANTY,1,text,80,0,0,528,1
264,STOKI_DEF,23,DOSTAW,1,text,48,0,0,608,1
264,STOKI_DEF,24,INTRASTAT,1,text,16,0,0,656,1
264,STOKI_DEF,25,COUNTRY,1,text,2,0,0,672,1
264,STOKI_DEF,26,TEGLO,12,double,8,0,0,680,1
264,STOKI_DEF,27,TREND,12,double,8,0,0,688,1
264,STOKI_DEF,28,FOTO,17,blob,8,0,0,696,1
264,STOKI_DEF,29,FOTO2,17,blob,8,0,0,704,1
264,STOKI_DEF,30,FOTO3,17,blob,8,0,0,712,1
264,STOKI_DEF,31,THUMBNAIL,17,blob,8,0,0,720,1
264,STOKI_DEF,32,THUMBNAIL2,17,blob,8,0,0,728,1
264,STOKI_DEF,33,THUMBNAIL3,17,blob,8,0,0,736,1
264,STOKI_DEF,34,ASSOC,9,long,4,0,0,744,1
264,STOKI_DEF,35,IS_ACTIVE,1,text,1,0,0,748,1
264,STOKI_DEF,36,ACC_TIP,8,short,2,0,0,750,1
264,STOKI_DEF,37,EEO_NO,1,text,8,0,0,752,1
264,STOKI_DEF,38,EEO_TEGLO,12,double,8,0,0,760,1
264,STOKI_DEF,39,WEB_IS_FOTO_CHANGED,1,text,1,0,0,768,1
264,STOKI_DEF,40,CAT_ID,9,long,4,0,0,772,1
264,STOKI_DEF,41,BONUS_ADD,12,double,8,0,0,776,1
264,STOKI_DEF,42,BONUS_SUB,12,double,8,0,0,784,1
264,STOKI_DEF,43,IS_ACTIVE_WEB,1,text,1,0,0,792,1
264,STOKI_DEF,44,IS_ACTIVE_PARENT,1,text,1,0,0,793,1
264,STOKI_DEF,45,IS_ACTIVE_WEB_PARENT,1,text,1,0,0,794,1
264,STOKI_DEF,46,IS_VALID_EAN13,1,text,1,0,0,795,1
264,STOKI_DEF,47,ITEM_ID,9,long,4,0,0,796,1
264,STOKI_DEF,48,DT_CHANGED_FOTO,9,long,4,0,0,800,1
264,STOKI_DEF,49,FOLLOW_NUM,12,double,8,0,0,808,1
264,STOKI_DEF,50,WEB_PRODUCT_NAME,3,varying,257,0,0,816,1
264,STOKI_DEF,51,WEB_PRODUCT_NOTE,3,varying,1026,0,0,1074,1
264,STOKI_DEF,52,WEB_PRODUCT_NAME_EN,3,varying,257,0,0,2100,1
264,STOKI_DEF,53,WEB_PRODUCT_NOTE_EN,3,varying,1026,0,0,2358,1
264,STOKI_DEF,54,WEB_PRODUCT_NAME2,3,varying,66,0,0,3384,1
264,STOKI_DEF,55,WEB_PRODUCT_NAME2_EN,3,varying,66,0,0,3450,1
264,STOKI_DEF,56,NOTE2,3,varying,1026,0,0,3516,1
264,STOKI_DEF,57,RAZFAS_STEP,12,double,8,0,0,4544,1
264,STOKI_DEF,58,WEB_MIN_KOLICH,12,double,8,0,0,4552,1
264,STOKI_DEF,59,KOLICH_STEP,12,double,8,0,0,4560,1
264,STOKI_DEF,60,KOLICH_STEP_DOST,12,double,8,0,0,4568,1
264,STOKI_DEF,61,NOTE_FG_COLOR,9,long,4,0,0,4576,1
264,STOKI_DEF,62,SIZE_X,12,double,8,0,0,4584,1
264,STOKI_DEF,63,SIZE_Y,12,double,8,0,0,4592,1
264,STOKI_DEF,64,SIZE_Z,12,double,8,0,0,4600,1
264,STOKI_DEF,65,WIN_MIN_KOLICH,12,double,8,0,0,4608,1
264,STOKI_DEF,66,FISCAL_RISK,1,text,1,0,0,4616,1
265,SUPPORT,0,DT_BEGIN,9,long,4,0,0,4,1
265,SUPPORT,1,DT_LENGTH,9,long,4,0,0,8,1
265,SUPPORT,2,FIRMA,3,varying,50,0,0,12,1
265,SUPPORT,3,NUM,9,long,4,0,0,64,1
265,SUPPORT,4,OWNER,3,varying,50,0,0,68,1
265,SUPPORT,5,KM,9,long,4,0,0,120,1
265,SUPPORT,6,TASK,3,varying,257,0,0,124,1
265,SUPPORT,7,NOTE,3,varying,257,0,0,382,1
265,SUPPORT,8,MONEY,9,long,4,0,0,640,1
266,S_ORDER,0,DATETIME,9,long,4,0,0,8,1
266,S_ORDER,1,DT_DOC,9,long,4,0,0,12,1
266,S_ORDER,2,DT_CHANGED,9,long,4,0,0,16,1
266,S_ORDER,3,SMETKA,1,text,32,0,0,20,1
266,S_ORDER,4,FIRMA,1,text,48,0,0,52,1
266,S_ORDER,5,AGENT,1,text,48,0,0,100,1
266,S_ORDER,6,BROKER,1,text,48,0,0,148,1
266,S_ORDER,7,PREWOZ,1,text,48,0,0,196,1
266,S_ORDER,8,P_CONTACT,1,text,48,0,0,244,1
266,S_ORDER,9,F_CONTACT,1,text,48,0,0,292,1
266,S_ORDER,10,USD,12,double,8,0,0,344,1
266,S_ORDER,11,DM,12,double,8,0,0,352,1
266,S_ORDER,12,LV,12,double,8,0,0,360,1
266,S_ORDER,13,S_1,12,double,8,0,0,368,1
266,S_ORDER,14,S_2,12,double,8,0,0,376,1
266,S_ORDER,15,S_3,12,double,8,0,0,384,1
266,S_ORDER,16,S_4,12,double,8,0,0,392,1
266,S_ORDER,17,S_5,12,double,8,0,0,400,1
266,S_ORDER,18,PAYED_USD,12,double,8,0,0,408,1
266,S_ORDER,19,PAYED_DM,12,double,8,0,0,416,1
266,S_ORDER,20,PAYED_LV,12,double,8,0,0,424,1
266,S_ORDER,21,PAYED_1,12,double,8,0,0,432,1
266,S_ORDER,22,PAYED_2,12,double,8,0,0,440,1
266,S_ORDER,23,PAYED_3,12,double,8,0,0,448,1
266,S_ORDER,24,PAYED_4,12,double,8,0,0,456,1
266,S_ORDER,25,PAYED_5,12,double,8,0,0,464,1
266,S_ORDER,26,LV_ZA_USD,12,double,8,0,0,472,1
266,S_ORDER,27,LV_ZA_DM,12,double,8,0,0,480,1
266,S_ORDER,28,DM_ZA_USD,12,double,8,0,0,488,1
266,S_ORDER,29,LV_ZA_1,12,double,8,0,0,496,1
266,S_ORDER,30,LV_ZA_2,12,double,8,0,0,504,1
266,S_ORDER,31,LV_ZA_3,12,double,8,0,0,512,1
266,S_ORDER,32,LV_ZA_4,12,double,8,0,0,520,1
266,S_ORDER,33,LV_ZA_5,12,double,8,0,0,528,1
266,S_ORDER,34,OWNER,1,text,48,0,0,536,1
266,S_ORDER,35,SIGN_BY,1,text,48,0,0,584,1
266,S_ORDER,36,KASA,1,text,1,0,0,632,1
266,S_ORDER,37,PROPS,17,blob,8,0,1,640,1
266,S_ORDER,38,NOTE,1,text,255,0,0,648,1
266,S_ORDER,39,STATUS,9,long,4,0,0,904,1
266,S_ORDER,40,IS_OPEN,1,text,1,0,0,908,1
266,S_ORDER,41,DT_AVANS,9,long,4,0,0,912,1
266,S_ORDER,42,SC_ORDER_ID,9,long,4,0,0,916,1
266,S_ORDER,43,WEB_STATUS,9,long,4,0,0,920,1
266,S_ORDER,44,WEB_STATUS_DATE,16,timestamp,8,0,0,928,1
266,S_ORDER,45,WEB_PAYMENT,9,long,4,0,0,936,1
266,S_ORDER,46,SHIP_DATE,16,timestamp,8,0,0,944,1
266,S_ORDER,47,IO_DATE,9,long,4,0,0,952,1
266,S_ORDER,48,ID_RAMP,9,long,4,0,0,956,1
266,S_ORDER,49,FISCAL_SMETKA,1,text,48,0,0,960,1
266,S_ORDER,50,OSS_COUNTRY,1,text,2,0,0,1008,1
267,S_ORDER_ITEMS,0,DATETIME,9,long,4,0,0,8,2
267,S_ORDER_ITEMS,1,NUM,9,long,4,0,0,12,2
267,S_ORDER_ITEMS,2,POS,9,long,4,0,0,16,2
267,S_ORDER_ITEMS,3,IS_FACTUR,1,text,1,0,0,20,2
267,S_ORDER_ITEMS,4,SKLAD,1,text,48,0,0,21,2
267,S_ORDER_ITEMS,5,GRUPA,1,text,48,0,0,69,2
267,S_ORDER_ITEMS,6,STOKA,1,text,48,0,0,117,2
267,S_ORDER_ITEMS,7,SER_NO,1,text,48,0,0,165,2
267,S_ORDER_ITEMS,8,KOLICH,12,double,8,0,0,216,2
267,S_ORDER_ITEMS,9,KOLICH2,12,double,8,0,0,224,2
267,S_ORDER_ITEMS,10,KOLICH_PURCH,12,double,8,0,0,232,2
267,S_ORDER_ITEMS,11,KOLICH_PURCH2,12,double,8,0,0,240,2
267,S_ORDER_ITEMS,12,KOLICH_COME,12,double,8,0,0,248,2
267,S_ORDER_ITEMS,13,KOLICH_COME2,12,double,8,0,0,256,2
267,S_ORDER_ITEMS,14,KOLICH_SELL,12,double,8,0,0,264,2
267,S_ORDER_ITEMS,15,KOLICH_SELL2,12,double,8,0,0,272,2
267,S_ORDER_ITEMS,16,KOLICH_CANCEL,12,double,8,0,0,280,2
267,S_ORDER_ITEMS,17,KOLICH_CANCEL2,12,double,8,0,0,288,2
267,S_ORDER_ITEMS,18,KOLICH_REAL,12,double,8,0,0,296,2
267,S_ORDER_ITEMS,19,KOLICH_REAL2,12,double,8,0,0,304,2
267,S_ORDER_ITEMS,20,KOLICH_CHECK,12,double,8,0,0,312,2
267,S_ORDER_ITEMS,21,DDS,12,double,8,0,0,320,2
267,S_ORDER_ITEMS,22,CENA,12,double,8,0,0,328,2
267,S_ORDER_ITEMS,23,VALUTA,1,text,1,0,0,336,2
267,S_ORDER_ITEMS,24,DISCOUNT,12,double,8,0,0,344,2
267,S_ORDER_ITEMS,25,DISCOUNT2,12,double,8,0,0,352,2
267,S_ORDER_ITEMS,26,IS_REL_DISCOUNT,1,text,1,0,0,360,2
267,S_ORDER_ITEMS,27,KONSIGNACIA,1,text,1,0,0,361,2
267,S_ORDER_ITEMS,28,KB_ID,9,long,4,0,0,364,2
267,S_ORDER_ITEMS,29,CENA_LIST,1,text,48,0,0,368,2
267,S_ORDER_ITEMS,30,CENA_LIST_TYPE,1,text,1,0,0,416,2
267,S_ORDER_ITEMS,31,ENDDATE,16,timestamp,8,0,0,424,2
267,S_ORDER_ITEMS,32,WARRANTY,1,text,80,0,0,432,2
267,S_ORDER_ITEMS,33,COME_DATETIME,9,long,4,0,0,512,2
267,S_ORDER_ITEMS,34,NOTE,1,text,64,0,0,516,2
267,S_ORDER_ITEMS,35,STATUS,9,long,4,0,0,580,2
267,S_ORDER_ITEMS,36,BONUS,12,double,8,0,0,584,2
267,S_ORDER_ITEMS,37,PARTEX_P_DATETIME,9,long,4,0,0,592,2
267,S_ORDER_ITEMS,38,PARTEX_P_NUM,9,long,4,0,0,596,2
267,S_ORDER_ITEMS,39,ID_WEB_PRODUCT,1,text,20,0,0,600,2
267,S_ORDER_ITEMS,40,IS_LOCKED,1,text,1,0,0,620,2
267,S_ORDER_ITEMS,41,START_LOCKED,9,long,4,0,0,624,2
267,S_ORDER_ITEMS,42,FINISH_LOCKED,9,long,4,0,0,628,2
267,S_ORDER_ITEMS,43,KOLICH_LOCKED,12,double,8,0,0,0,2
267,S_ORDER_ITEMS,44,KOLICH_LOCKED2,12,double,8,0,0,0,2
267,S_ORDER_ITEMS,45,O_DATETIME,9,long,4,0,0,632,2
267,S_ORDER_ITEMS,46,O_NUM,9,long,4,0,0,636,2
267,S_ORDER_ITEMS,47,PROPS_ROW,17,blob,8,0,1,640,2
267,S_ORDER_ITEMS,48,OSS_VAT,12,double,8,0,0,648,2
267,S_ORDER_ITEMS,49,ID_SPEC_CENA,9,long,4,0,0,656,2
267,S_ORDER_ITEMS,50,WMS_KOLICH,12,double,8,0,0,664,2
268,SERVICE,0,DATETIME,9,long,4,0,0,4,1
268,SERVICE,1,DT_CHANGED,9,long,4,0,0,8,1
268,SERVICE,2,DT_DOC,9,long,4,0,0,12,1
268,SERVICE,3,SMETKA,1,text,32,0,0,16,1
268,SERVICE,4,FIRMA,1,text,48,0,0,48,1
268,SERVICE,5,SKLAD,1,text,48,0,0,96,1
268,SERVICE,6,GRUPA,1,text,48,0,0,144,1
268,SERVICE,7,STOKA,1,text,48,0,0,192,1
268,SERVICE,8,SER_NO,1,text,48,0,0,240,1
268,SERVICE,9,SKLAD2,1,text,48,0,0,288,1
268,SERVICE,10,GRUPA2,1,text,48,0,0,336,1
268,SERVICE,11,STOKA2,1,text,48,0,0,384,1
268,SERVICE,12,SER_NO2,1,text,48,0,0,432,1
268,SERVICE,13,OWNER,1,text,48,0,0,480,1
268,SERVICE,14,SIGN_BY,1,text,48,0,0,528,1
268,SERVICE,15,FACTUR_BY,1,text,48,0,0,576,1
268,SERVICE,16,NOTE,1,text,255,0,0,624,1
268,SERVICE,17,IS_OPEN,1,text,1,0,0,879,1
268,SERVICE,18,PROPS,17,blob,8,0,1,880,1
268,SERVICE,19,WARRANTY_TIP,9,long,4,0,0,888,1
268,SERVICE,20,LAST_DT_STP,9,long,4,0,0,892,1
268,SERVICE,21,LAST_TIP,9,long,4,0,0,896,1
268,SERVICE,22,FISCAL_SMETKA,1,text,48,0,0,900,1
268,SERVICE,23,F_CONTACT,1,text,48,0,0,948,1
269,SERVICE_ITEMS,0,DT_STP,9,long,4,0,0,4,1
269,SERVICE_ITEMS,1,POS,9,long,4,0,0,8,1
269,SERVICE_ITEMS,2,DATETIME,9,long,4,0,0,12,1
269,SERVICE_ITEMS,3,DT_IN,9,long,4,0,0,16,1
269,SERVICE_ITEMS,4,DT_OUT,9,long,4,0,0,20,1
269,SERVICE_ITEMS,5,DESCRIPTION,3,varying,257,0,0,24,1
269,SERVICE_ITEMS,6,NOTE,1,text,48,0,0,281,1
269,SERVICE_ITEMS,7,ID_STEP,9,long,4,0,0,332,1
269,SERVICE_ITEMS,8,OWNER,1,text,48,0,0,336,1
269,SERVICE_ITEMS,9,WORKER,1,text,48,0,0,384,1
269,SERVICE_ITEMS,10,SM_DATETIME,9,long,4,0,0,432,1
269,SERVICE_ITEMS,11,SM_NUM,9,long,4,0,0,436,1
270,SERVICE_STEPS,0,ID_STEP,9,long,4,0,0,4,1
270,SERVICE_STEPS,1,POS,9,long,4,0,0,8,1
270,SERVICE_STEPS,2,TIP,9,long,4,0,0,12,1
270,SERVICE_STEPS,3,DT_CHANGED,9,long,4,0,0,16,1
270,SERVICE_STEPS,4,NAME,1,text,48,0,0,20,1
270,SERVICE_STEPS,5,IS_ACTIVE,1,text,1,0,0,68,1
270,SERVICE_STEPS,6,SM_TYPE,9,long,4,0,0,72,1
270,SERVICE_STEPS,7,FG_COLOR,9,long,4,0,0,76,1
271,SHABLONI,0,SHABLON_ID,1,text,48,0,0,4,1
271,SHABLONI,1,SHABLON_DATA,17,blob,8,0,0,56,1
272,PROPS_DEF,0,PROP_ID,9,long,4,0,0,4,1
272,PROPS_DEF,1,PROP_TIP,1,text,1,0,0,8,1
272,PROPS_DEF,2,PROP_SUBTIP,9,long,4,0,0,12,1
272,PROPS_DEF,3,PROP_POS,9,long,4,0,0,16,1
272,PROPS_DEF,4,PROP_NAME,1,text,48,0,0,20,1
272,PROPS_DEF,5,WEB_NAME,1,text,64,0,0,68,1
272,PROPS_DEF,6,WEB_NAME_EN,3,varying,66,0,0,132,1
272,PROPS_DEF,7,VAL_ORDER_TYPE,9,long,4,0,0,200,1
273,PROPS_VAL,0,PROP_ID,9,long,4,0,0,4,1
273,PROPS_VAL,1,PROP_VAL,1,text,128,0,0,8,1
273,PROPS_VAL,2,PROP_VAL_EN,3,varying,50,0,0,136,1
273,PROPS_VAL,3,PROP_NUM,9,long,4,0,0,188,1
273,PROPS_VAL,4,VAL_ID,9,long,4,0,0,192,1
274,TRANSFER,0,DATETIME,9,long,4,0,0,8,1
274,TRANSFER,1,DT_DOC,9,long,4,0,0,12,1
274,TRANSFER,2,DT_DOC_2S,9,long,4,0,0,16,1
274,TRANSFER,3,DT_CHANGED,9,long,4,0,0,20,1
274,TRANSFER,4,KASA,1,text,1,0,0,24,1
274,TRANSFER,5,SMETKA,1,text,32,0,0,25,1
274,TRANSFER,6,FIRMA,1,text,48,0,0,57,1
274,TRANSFER,7,F_CONTACT,1,text,48,0,0,105,1
274,TRANSFER,8,USD,12,double,8,0,0,160,1
274,TRANSFER,9,DM,12,double,8,0,0,168,1
274,TRANSFER,10,LV,12,double,8,0,0,176,1
274,TRANSFER,11,S_1,12,double,8,0,0,184,1
274,TRANSFER,12,S_2,12,double,8,0,0,192,1
274,TRANSFER,13,S_3,12,double,8,0,0,200,1
274,TRANSFER,14,S_4,12,double,8,0,0,208,1
274,TRANSFER,15,S_5,12,double,8,0,0,216,1
274,TRANSFER,16,LV_ZA_USD,12,double,8,0,0,224,1
274,TRANSFER,17,LV_ZA_DM,12,double,8,0,0,232,1
274,TRANSFER,18,DM_ZA_USD,12,double,8,0,0,240,1
274,TRANSFER,19,LV_ZA_1,12,double,8,0,0,248,1
274,TRANSFER,20,LV_ZA_2,12,double,8,0,0,256,1
274,TRANSFER,21,LV_ZA_3,12,double,8,0,0,264,1
274,TRANSFER,22,LV_ZA_4,12,double,8,0,0,272,1
274,TRANSFER,23,LV_ZA_5,12,double,8,0,0,280,1
274,TRANSFER,24,OWNER,1,text,48,0,0,288,1
274,TRANSFER,25,SIGN_BY,1,text,48,0,0,336,1
274,TRANSFER,26,PROPS,17,blob,8,0,1,384,1
274,TRANSFER,27,NOTE,1,text,255,0,0,392,1
274,TRANSFER,28,IS_OPEN,1,text,1,0,0,647,1
274,TRANSFER,29,IS_2S,1,text,1,0,0,648,1
274,TRANSFER,30,CD_H_NUMBER,1,text,32,0,0,649,1
274,TRANSFER,31,CD_H_DATE,9,long,4,0,0,684,1
274,TRANSFER,32,IO_DATE,9,long,4,0,0,688,1
274,TRANSFER,33,IO_DATE2,9,long,4,0,0,692,1
275,TRANSFER_ITEMS,0,DATETIME,9,long,4,0,0,8,3
275,TRANSFER_ITEMS,1,NUM,8,short,2,0,0,12,3
275,TRANSFER_ITEMS,2,POS,9,long,4,0,0,16,3
275,TRANSFER_ITEMS,3,IS_FACTUR,1,text,1,0,0,20,3
275,TRANSFER_ITEMS,4,SKLAD_1,1,text,48,0,0,21,3
275,TRANSFER_ITEMS,5,SKLAD_2,1,text,48,0,0,69,3
275,TRANSFER_ITEMS,6,GRUPA,1,text,48,0,0,117,3
275,TRANSFER_ITEMS,7,STOKA,1,text,48,0,0,165,3
275,TRANSFER_ITEMS,8,SER_NO,1,text,48,0,0,213,3
275,TRANSFER_ITEMS,9,KOLICH,12,double,8,0,0,264,3
275,TRANSFER_ITEMS,10,KOLICH2,12,double,8,0,0,272,3
275,TRANSFER_ITEMS,11,KOLICH_2S,12,double,8,0,0,280,3
275,TRANSFER_ITEMS,12,KOLICH2_2S,12,double,8,0,0,288,3
275,TRANSFER_ITEMS,13,KOLICH_CHECK,12,double,8,0,0,296,3
275,TRANSFER_ITEMS,14,DDS,12,double,8,0,0,304,3
275,TRANSFER_ITEMS,15,CENA,12,double,8,0,0,312,3
275,TRANSFER_ITEMS,16,VALUTA,1,text,1,0,0,320,3
275,TRANSFER_ITEMS,17,DISCOUNT,12,double,8,0,0,328,3
275,TRANSFER_ITEMS,18,KONSIGNACIA,1,text,1,0,0,336,3
275,TRANSFER_ITEMS,19,KB_ID,9,long,4,0,0,340,3
275,TRANSFER_ITEMS,20,CENA_LIST,1,text,48,0,0,344,3
275,TRANSFER_ITEMS,21,CENA_LIST_TYPE,1,text,1,0,0,392,3
275,TRANSFER_ITEMS,22,ENDDATE,16,timestamp,8,0,0,400,3
275,TRANSFER_ITEMS,23,WARRANTY,1,text,80,0,0,408,3
275,TRANSFER_ITEMS,24,KUP_CENA,12,double,8,0,0,488,3
275,TRANSFER_ITEMS,25,KUP_VALUTA,1,text,1,0,0,496,3
275,TRANSFER_ITEMS,26,NOTE,1,text,64,0,0,497,3
275,TRANSFER_ITEMS,27,NOTE2,1,text,64,0,0,561,3
275,TRANSFER_ITEMS,28,T_DATETIME,9,long,4,0,0,628,3
275,TRANSFER_ITEMS,29,T_NUM,9,long,4,0,0,632,3
275,TRANSFER_ITEMS,30,CD_SELL_KOLICH,12,double,8,0,0,640,3
275,TRANSFER_ITEMS,31,PROPS_ROW,17,blob,8,0,1,648,3
275,TRANSFER_ITEMS,32,CENA_DR_1,12,double,8,0,0,656,3
275,TRANSFER_ITEMS,33,CENA_DR_2,12,double,8,0,0,664,3
275,TRANSFER_ITEMS,34,VALUTA_DR_1,1,text,1,0,0,672,3
275,TRANSFER_ITEMS,35,VALUTA_DR_2,1,text,1,0,0,673,3
275,TRANSFER_ITEMS,36,WMS_KOLICH,12,double,8,0,0,680,3
275,TRANSFER_ITEMS,37,WMS_KOLICH_2S,12,double,8,0,0,688,3
276,USERS_ACTIONS,0,OWNER,1,text,48,0,0,4,1
276,USERS_ACTIONS,1,DT_ACTION,16,timestamp,8,0,0,56,1
276,USERS_ACTIONS,2,ACTION,1,text,48,0,0,64,1
276,USERS_ACTIONS,3,OWNER_ROLE,1,text,48,0,0,112,1
276,USERS_ACTIONS,4,USER_ROLE,1,text,48,0,0,160,1
276,USERS_ACTIONS,5,USER_NAME,1,text,48,0,0,208,1
276,USERS_ACTIONS,6,NOTE,1,text,48,0,0,256,1
277,VALUTS,0,V_ID,1,text,1,0,0,4,1
277,VALUTS,1,V_NAME,1,text,32,0,0,5,1
277,VALUTS,2,V_CODE,1,text,3,0,0,37,1
277,VALUTS,3,V_PREFIX,1,text,8,0,0,40,1
277,VALUTS,4,V_SUFFIX,1,text,8,0,0,48,1
277,VALUTS,5,V_ISO,1,text,3,0,0,56,1
277,VALUTS,6,V_NUM,9,long,4,0,0,60,1
278,WNOSKI,0,DATETIME,9,long,4,0,0,8,1
278,WNOSKI,1,DT_DOC,9,long,4,0,0,12,1
278,WNOSKI,2,DT_CHANGED,9,long,4,0,0,16,1
278,WNOSKI,3,KASA,1,text,1,0,0,20,1
278,WNOSKI,4,SMETKA,1,text,32,0,0,21,1
278,WNOSKI,5,JUAN,1,text,1,0,0,53,1
278,WNOSKI,6,FIRMA,1,text,48,0,0,54,1
278,WNOSKI,7,F_CONTACT,1,text,48,0,0,102,1
278,WNOSKI,8,V_USD,12,double,8,0,0,152,1
278,WNOSKI,9,V_DM,12,double,8,0,0,160,1
278,WNOSKI,10,V_LV,12,double,8,0,0,168,1
278,WNOSKI,11,V_1,12,double,8,0,0,176,1
278,WNOSKI,12,V_2,12,double,8,0,0,184,1
278,WNOSKI,13,V_3,12,double,8,0,0,192,1
278,WNOSKI,14,V_4,12,double,8,0,0,200,1
278,WNOSKI,15,V_5,12,double,8,0,0,208,1
278,WNOSKI,16,R_USD,12,double,8,0,0,216,1
278,WNOSKI,17,R_DM,12,double,8,0,0,224,1
278,WNOSKI,18,R_LV,12,double,8,0,0,232,1
278,WNOSKI,19,R_1,12,double,8,0,0,240,1
278,WNOSKI,20,R_2,12,double,8,0,0,248,1
278,WNOSKI,21,R_3,12,double,8,0,0,256,1
278,WNOSKI,22,R_4,12,double,8,0,0,264,1
278,WNOSKI,23,R_5,12,double,8,0,0,272,1
278,WNOSKI,24,DDS,12,double,8,0,0,280,1
278,WNOSKI,25,KONSIGNACIA,1,text,1,0,0,288,1
278,WNOSKI,26,KB_ID,9,long,4,0,0,292,1
278,WNOSKI,27,LV_ZA_USD,12,double,8,0,0,296,1
278,WNOSKI,28,LV_ZA_DM,12,double,8,0,0,304,1
278,WNOSKI,29,DM_ZA_USD,12,double,8,0,0,312,1
278,WNOSKI,30,LV_ZA_1,12,double,8,0,0,320,1
278,WNOSKI,31,LV_ZA_2,12,double,8,0,0,328,1
278,WNOSKI,32,LV_ZA_3,12,double,8,0,0,336,1
278,WNOSKI,33,LV_ZA_4,12,double,8,0,0,344,1
278,WNOSKI,34,LV_ZA_5,12,double,8,0,0,352,1
278,WNOSKI,35,AGENT,1,text,48,0,0,360,1
278,WNOSKI,36,BROKER,1,text,48,0,0,408,1
278,WNOSKI,37,OWNER,1,text,48,0,0,456,1
278,WNOSKI,38,SIGN_BY,1,text,48,0,0,504,1
278,WNOSKI,39,FACTUR_ID,1,text,1,0,0,552,1
278,WNOSKI,40,FACTUR_BY,1,text,48,0,0,553,1
278,WNOSKI,41,FACTUR_NO,1,text,16,0,0,601,1
278,WNOSKI,42,FACTUR_DT,9,long,4,0,0,620,1
278,WNOSKI,43,FACTUR_EX,1,text,1,0,0,624,1
278,WNOSKI,44,FACTUR_PN,1,text,16,0,0,625,1
278,WNOSKI,45,FACTUR_PD,9,long,4,0,0,644,1
278,WNOSKI,46,FACTUR_OS,1,text,64,0,0,648,1
278,WNOSKI,47,PROPS,17,blob,8,0,1,712,1
278,WNOSKI,48,NOTE,1,text,255,0,0,720,1
278,WNOSKI,49,IS_OPEN,1,text,1,0,0,975,1
278,WNOSKI,50,DT_AVANS,9,long,4,0,0,976,1
278,WNOSKI,51,FISCAL_SMETKA,1,text,48,0,0,980,1
278,WNOSKI,52,FISCAL_MEMORY,1,text,20,0,0,1028,1
279,WORK_TIME,0,DATETIME,9,long,4,0,0,4,1
279,WORK_TIME,1,OWNER,1,text,48,0,0,8,1
279,WORK_TIME,2,MARK_ACT,9,long,4,0,0,56,1
279,WORK_TIME,3,MARK_PAS,9,long,4,0,0,60,1
279,WORK_TIME,4,MINS_ACT,9,long,4,0,0,64,1
279,WORK_TIME,5,MINS_PAS,9,long,4,0,0,68,1
280,F_GRUPI,0,F_GRUPA,1,text,48,0,0,4,1
281,WEB_CART,0,FIRMA,1,text,48,0,0,4,1
281,WEB_CART,1,ID_PRODUCT,1,text,20,0,0,52,1
281,WEB_CART,2,ID_SER_NO,1,text,20,0,0,72,1
281,WEB_CART,3,POS,9,long,4,0,0,92,1
281,WEB_CART,4,KOLICH,12,double,8,0,0,96,1
281,WEB_CART,5,CENA,12,double,8,0,0,104,1
281,WEB_CART,6,VALUTA,1,text,1,0,0,112,1
281,WEB_CART,7,DISCOUNT,12,double,8,0,0,120,1
281,WEB_CART,8,CENA_LIST,1,text,48,0,0,128,1
281,WEB_CART,9,CENA_LIST_TYPE,1,text,1,0,0,176,1
281,WEB_CART,10,DDS,12,double,8,0,0,184,1
281,WEB_CART,11,IS_DDS,1,text,1,0,0,192,1
281,WEB_CART,12,MODIFY_DATE,16,timestamp,8,0,0,200,1
281,WEB_CART,13,NOTE,1,text,48,0,0,208,1
282,WEB_CATALOGS,0,ID,1,text,20,0,0,4,1
282,WEB_CATALOGS,1,NAME,3,varying,66,0,0,24,1
282,WEB_CATALOGS,2,CODE,3,varying,50,0,0,90,1
282,WEB_CATALOGS,3,IS_ACTIVE,1,text,1,0,0,140,1
282,WEB_CATALOGS,4,FOTO,17,blob,8,0,0,144,1
282,WEB_CATALOGS,5,THUMBNAIL,17,blob,8,0,0,152,1
283,WEB_CATEGORIES,0,ID,1,text,20,0,0,4,1
283,WEB_CATEGORIES,1,POS,9,long,4,0,0,24,1
283,WEB_CATEGORIES,2,NAME,3,varying,66,0,0,28,1
283,WEB_CATEGORIES,3,CODE,3,varying,50,0,0,94,1
283,WEB_CATEGORIES,4,ID_CATALOG,1,text,20,0,0,144,1
283,WEB_CATEGORIES,5,ID_PARENT,1,text,20,0,0,164,1
283,WEB_CATEGORIES,6,ID_PROPS_GRP,1,text,20,0,0,184,1
283,WEB_CATEGORIES,7,GRUPA,1,text,48,0,0,204,1
283,WEB_CATEGORIES,8,IS_ACTIVE,1,text,1,0,0,252,1
283,WEB_CATEGORIES,9,IS_ACTIVE_PARENT,1,text,1,0,0,253,1
283,WEB_CATEGORIES,10,VARIANT_TYPE,9,long,4,0,0,256,1
283,WEB_CATEGORIES,11,SECTION_TYPE,9,long,4,0,0,260,1
283,WEB_CATEGORIES,12,CATEGORY_TYPE,9,long,4,0,0,264,1
283,WEB_CATEGORIES,13,NOTE,3,varying,1026,0,0,268,1
283,WEB_CATEGORIES,14,NAME_EN,3,varying,66,0,0,1294,1
283,WEB_CATEGORIES,15,NOTE_EN,3,varying,1026,0,0,1360,1
283,WEB_CATEGORIES,16,FOTO,17,blob,8,0,0,2392,1
283,WEB_CATEGORIES,17,THUMBNAIL,17,blob,8,0,0,2400,1
284,WEB_PRODUCTS,0,ID,1,text,20,0,0,4,1
284,WEB_PRODUCTS,1,ID_CATEGORY,1,text,20,0,0,24,1
284,WEB_PRODUCTS,2,GRUPA,1,text,48,0,0,44,1
284,WEB_PRODUCTS,3,STOKA,1,text,48,0,0,92,1
284,WEB_PRODUCTS,4,IS_ACTIVE_PARENT,1,text,1,0,0,140,1
284,WEB_PRODUCTS,5,FOLLOW_NUM,12,double,8,0,0,144,1
285,WMS_STORES_DEF,0,ID,9,long,4,0,0,4,1
285,WMS_STORES_DEF,1,NAME,1,text,48,0,0,8,1
285,WMS_STORES_DEF,2,CITY,1,text,48,0,0,56,1
285,WMS_STORES_DEF,3,ADDRESS,1,text,128,0,0,104,1
285,WMS_STORES_DEF,4,MAX_FLOORS,9,long,4,0,0,232,1
285,WMS_STORES_DEF,5,RACK_NT,9,long,4,0,0,236,1
285,WMS_STORES_DEF,6,COLUMN_NT,9,long,4,0,0,240,1
285,WMS_STORES_DEF,7,FLOOR_NT,9,long,4,0,0,244,1
285,WMS_STORES_DEF,8,DEEP_NT,9,long,4,0,0,248,1
285,WMS_STORES_DEF,9,LEADING_ZEROS,9,long,4,0,0,252,1
285,WMS_STORES_DEF,10,DEF_CELL_IN_ID,9,long,4,0,0,256,1
285,WMS_STORES_DEF,11,DEF_CELL_OUT_ID,9,long,4,0,0,260,1
285,WMS_STORES_DEF,12,FINISHED,1,text,1,0,0,264,1
285,WMS_STORES_DEF,13,IS_ACTIVE,1,text,1,0,0,265,1
286,WMS_STORES,0,SKLAD,1,text,48,0,0,4,1
286,WMS_STORES,1,STORE_NAME,1,text,48,0,0,52,1
287,WMS_TYPES,0,ID,9,long,4,0,0,4,1
287,WMS_TYPES,1,SIZE_X,9,long,4,0,0,8,1
287,WMS_TYPES,2,SIZE_Y,9,long,4,0,0,12,1
287,WMS_TYPES,3,SIZE_Z,9,long,4,0,0,16,1
287,WMS_TYPES,4,NAME,1,text,48,0,0,20,1
287,WMS_TYPES,5,TYPE,9,long,4,0,0,68,1
287,WMS_TYPES,6,COLOR,9,long,4,0,0,72,1
287,WMS_TYPES,7,MAX_WEIGHT,9,long,4,0,0,76,1
287,WMS_TYPES,8,ACCEPT_CARGO,1,text,1,0,0,80,1
287,WMS_TYPES,9,IS_SYSTEM,1,text,1,0,0,81,1
288,WMS_ITEMS,0,ID,9,long,4,0,0,4,1
288,WMS_ITEMS,1,STORE_ID,9,long,4,0,0,8,1
288,WMS_ITEMS,2,TYPE_ID,9,long,4,0,0,12,1
288,WMS_ITEMS,3,NUM,1,text,48,0,0,16,1
288,WMS_ITEMS,4,NAME,1,text,48,0,0,64,1
288,WMS_ITEMS,5,FLOORS,9,long,4,0,0,112,1
288,WMS_ITEMS,6,AREA_LEFT,9,long,4,0,0,116,1
288,WMS_ITEMS,7,AREA_RIGHT,9,long,4,0,0,120,1
288,WMS_ITEMS,8,AREA_TOP,9,long,4,0,0,124,1
288,WMS_ITEMS,9,AREA_BOTTOM,9,long,4,0,0,128,1
289,WMS_CELLS,0,ID,9,long,4,0,0,4,1
289,WMS_CELLS,1,STORE_ID,9,long,4,0,0,8,1
289,WMS_CELLS,2,ITEM_ID,9,long,4,0,0,12,1
289,WMS_CELLS,3,TYPE_ID,9,long,4,0,0,16,1
289,WMS_CELLS,4,CELL_NO,9,long,4,0,0,20,1
289,WMS_CELLS,5,CELL_LEVEL,9,long,4,0,0,24,1
289,WMS_CELLS,6,X,9,long,4,0,0,28,1
289,WMS_CELLS,7,Y,9,long,4,0,0,32,1
289,WMS_CELLS,8,NAME,1,text,48,0,0,36,1
289,WMS_CELLS,9,RACK,1,text,2,0,0,84,1
289,WMS_CELLS,10,COL,1,text,2,0,0,86,1
289,WMS_CELLS,11,FLOOR,1,text,2,0,0,88,1
289,WMS_CELLS,12,DEPTH,1,text,2,0,0,90,1
289,WMS_CELLS,13,IN_USE,1,text,1,0,0,92,1
289,WMS_CELLS,14,IS_ACTIVE,1,text,1,0,0,93,1
289,WMS_CELLS,15,SKIP_CELLS,9,long,4,0,0,96,1
290,WMS_STOKI_ACCESS,0,ID,9,long,4,0,0,4,1
290,WMS_STOKI_ACCESS,1,CELL_NAME,1,text,48,0,0,8,1
290,WMS_STOKI_ACCESS,2,STORE_ID,9,long,4,0,0,56,1
290,WMS_STOKI_ACCESS,3,SKLAD,1,text,48,0,0,60,1
290,WMS_STOKI_ACCESS,4,GRUPA,1,text,48,0,0,108,1
290,WMS_STOKI_ACCESS,5,STOKA,1,text,48,0,0,156,1
290,WMS_STOKI_ACCESS,6,CAN_USE,1,text,1,0,0,204,1
291,WMS_STOKI,0,ID,9,long,4,0,0,4,1
291,WMS_STOKI,1,CELL_NAME,1,text,48,0,0,8,1
291,WMS_STOKI,2,SKLAD,1,text,48,0,0,56,1
291,WMS_STOKI,3,GRUPA,1,text,48,0,0,104,1
291,WMS_STOKI,4,STOKA,1,text,48,0,0,152,1
291,WMS_STOKI,5,SER_NO,1,text,48,0,0,200,1
291,WMS_STOKI,6,IN_DATE,9,long,4,0,0,248,1
291,WMS_STOKI,7,IN_DOC_TYPE,9,long,4,0,0,252,1
291,WMS_STOKI,8,IN_DOC_NUM,1,text,32,0,0,256,1
291,WMS_STOKI,9,STORE_ID,9,long,4,0,0,288,1
291,WMS_STOKI,10,KOLICH,12,double,8,0,0,296,1
292,WMS_DOCS,0,DATETIME,9,long,4,0,0,4,2
292,WMS_DOCS,1,DT_DOC,9,long,4,0,0,8,2
292,WMS_DOCS,2,DT_CHANGED,9,long,4,0,0,12,2
292,WMS_DOCS,3,SMETKA,1,text,32,0,0,16,2
292,WMS_DOCS,4,OWNER,1,text,48,0,0,48,2
292,WMS_DOCS,5,NOTE,1,text,255,0,0,96,2
292,WMS_DOCS,6,IS_OPEN,1,text,1,0,0,351,2
292,WMS_DOCS,7,TYPE,1,text,1,0,0,352,2
292,WMS_DOCS,8,DT_FINISHED,9,long,4,0,0,356,2
293,WMS_DOCS_ITEMS,0,ID,1,text,38,0,0,4,2
293,WMS_DOCS_ITEMS,1,DATETIME,9,long,4,0,0,44,2
293,WMS_DOCS_ITEMS,2,NUM,9,long,4,0,0,48,2
293,WMS_DOCS_ITEMS,3,SKLAD,1,text,48,0,0,52,2
293,WMS_DOCS_ITEMS,4,GRUPA,1,text,48,0,0,100,2
293,WMS_DOCS_ITEMS,5,STOKA,1,text,48,0,0,148,2
293,WMS_DOCS_ITEMS,6,SER_NO,1,text,48,0,0,196,2
293,WMS_DOCS_ITEMS,7,IN_DATE,9,long,4,0,0,244,2
293,WMS_DOCS_ITEMS,8,IN_DOC_TYPE,9,long,4,0,0,248,2
293,WMS_DOCS_ITEMS,9,IN_DOC_NUM,1,text,32,0,0,252,2
293,WMS_DOCS_ITEMS,10,KOLICH,12,double,8,0,0,288,2
293,WMS_DOCS_ITEMS,11,KOLICH_CHECKED,12,double,8,0,0,296,2
293,WMS_DOCS_ITEMS,12,SM_TYPE,9,long,4,0,0,304,2
293,WMS_DOCS_ITEMS,13,SM_DATETIME,9,long,4,0,0,308,2
293,WMS_DOCS_ITEMS,14,SM_NUM,9,long,4,0,0,312,2
293,WMS_DOCS_ITEMS,15,FROM_CELL_NAME,1,text,48,0,0,316,2
293,WMS_DOCS_ITEMS,16,TO_CELL_NAME,1,text,48,0,0,364,2
293,WMS_DOCS_ITEMS,17,CONVERTED,1,text,1,0,0,412,2
293,WMS_DOCS_ITEMS,18,STORE_ID,9,long,4,0,0,416,2
293,WMS_DOCS_ITEMS,19,DT_PROCESSED,9,long,4,0,0,420,2
294,PROPS_GRP,0,ID,1,text,20,0,0,4,1
294,PROPS_GRP,1,NAME,3,varying,50,0,0,24,1
294,PROPS_GRP,2,PROP_TIP,1,text,1,0,0,74,1
295,PROPS_GRP_ITEMS,0,ID_PROPS_GRP,1,text,20,0,0,4,1
295,PROPS_GRP_ITEMS,1,PROP_ID,9,long,4,0,0,24,1
295,PROPS_GRP_ITEMS,2,TIP,9,long,4,0,0,28,1
295,PROPS_GRP_ITEMS,3,IS_BASIC,1,text,1,0,0,32,1
295,PROPS_GRP_ITEMS,4,IS_OPTION,1,text,1,0,0,33,1
295,PROPS_GRP_ITEMS,5,POS,9,long,4,0,0,36,1
296,ACC_ADD_EXPENSE,0,ID_DOCUMENTS,9,long,4,0,0,4,1
296,ACC_ADD_EXPENSE,1,ID_DOC_EXPENSE_FROM,9,long,4,0,0,8,1
296,ACC_ADD_EXPENSE,2,ID_DOC_EXPENSE_LINE,9,long,4,0,0,12,1
296,ACC_ADD_EXPENSE,3,MOMENT,16,timestamp,8,0,0,16,1
296,ACC_ADD_EXPENSE,4,EXPENS_NAME,3,varying,50,0,0,24,1
296,ACC_ADD_EXPENSE,5,AMOUNT,12,double,8,0,0,80,1
296,ACC_ADD_EXPENSE,6,DISTRIB_UNPRICE,8,short,2,0,0,88,1
296,ACC_ADD_EXPENSE,7,ADDTO_AMOUNT,8,short,2,0,0,90,1
297,ACC_BANK,0,FIRM_ID,9,long,4,0,0,4,1
297,ACC_BANK,1,ID,9,long,4,0,0,8,1
297,ACC_BANK,2,TYPE_BANK_KASA,3,varying,10,0,0,12,1
297,ACC_BANK,3,NAME,3,varying,34,0,0,22,1
297,ACC_BANK,4,KLON,3,varying,34,0,0,56,1
297,ACC_BANK,5,IBAN,3,varying,24,0,0,90,1
297,ACC_BANK,6,BIC,3,varying,10,0,0,114,1
297,ACC_BANK,7,VALUT,1,text,3,0,0,124,1
297,ACC_BANK,8,ACCNUMBERSTR,3,varying,12,0,0,128,1
297,ACC_BANK,9,IS_IMPORTED,8,short,2,0,0,140,1
297,ACC_BANK,10,MW_KB_ID,9,long,4,0,0,144,1
298,ACC_BOOKNUMS,0,FIRM_ID,9,long,4,0,0,4,1
298,ACC_BOOKNUMS,1,ASTROYEAR,8,short,2,0,0,8,1
298,ACC_BOOKNUMS,2,ID_BOOKTYPES,9,long,4,0,0,12,1
298,ACC_BOOKNUMS,3,CURRNUMBER,9,long,4,0,0,16,1
299,ACC_BOOKTYPES,0,ID,9,long,4,0,0,4,1
299,ACC_BOOKTYPES,1,NAME,3,varying,34,0,0,8,1
300,ACC_CONDUCIVEBOOK,0,ID,9,long,4,0,0,4,1
300,ACC_CONDUCIVEBOOK,1,NAME,3,varying,34,0,0,8,1
300,ACC_CONDUCIVEBOOK,2,NAMECODE,3,varying,18,0,0,42,1
300,ACC_CONDUCIVEBOOK,3,FORMATCODE,3,varying,12,0,0,60,1
300,ACC_CONDUCIVEBOOK,4,NAMEINFO1,3,varying,18,0,0,72,1
300,ACC_CONDUCIVEBOOK,5,NAMEINFO2,3,varying,18,0,0,90,1
300,ACC_CONDUCIVEBOOK,6,NAMEINFO3,3,varying,18,0,0,108,1
300,ACC_CONDUCIVEBOOK,7,ISNATURE,8,short,2,0,0,126,1
300,ACC_CONDUCIVEBOOK,8,ISPARTIDA,8,short,2,0,0,128,1
301,ACC_CONDUCIVECODE,0,ID_CONDUCIVEBOOK,9,long,4,0,0,4,1
301,ACC_CONDUCIVECODE,1,CODE,3,varying,12,0,0,8,1
301,ACC_CONDUCIVECODE,2,NAME,3,varying,34,0,0,20,1
301,ACC_CONDUCIVECODE,3,INFO1,3,varying,34,0,0,54,1
301,ACC_CONDUCIVECODE,4,INFO2,3,varying,34,0,0,88,1
301,ACC_CONDUCIVECODE,5,INFO3,3,varying,34,0,0,122,1
301,ACC_CONDUCIVECODE,6,ID_FORMATNATURE,8,short,2,0,0,156,1
301,ACC_CONDUCIVECODE,7,PARTIDA,9,long,4,0,0,160,1
302,ACC_CONTO,0,FIRM_ID,9,long,4,0,0,4,1
302,ACC_CONTO,1,ACCYEAR,8,short,2,0,0,8,1
302,ACC_CONTO,2,ID_BOOKTYPES,9,long,4,0,0,12,1
302,ACC_CONTO,3,BN_NUMBER,9,long,4,0,0,16,1
302,ACC_CONTO,4,LINE_NO,8,short,2,0,0,20,1
302,ACC_CONTO,5,DTACC,9,long,4,0,0,24,1
302,ACC_CONTO,6,DTACC_CONDBOOK,9,long,4,0,0,28,1
302,ACC_CONTO,7,DTACC_CODE,3,varying,12,0,0,32,1
302,ACC_CONTO,8,DT_QTY,12,double,8,0,0,48,1
302,ACC_CONTO,9,KTACC,9,long,4,0,0,56,1
302,ACC_CONTO,10,KTACC_CONDBOOK,9,long,4,0,0,60,1
302,ACC_CONTO,11,KTACC_CODE,3,varying,12,0,0,64,1
302,ACC_CONTO,12,KT_QTY,12,double,8,0,0,80,1
302,ACC_CONTO,13,AMOUNT,12,double,8,0,0,88,1
302,ACC_CONTO,14,ID_PERIOD,9,long,4,0,0,96,1
302,ACC_CONTO,15,ID_REASON,9,long,4,0,0,100,1
302,ACC_CONTO,16,REVERSE,8,short,2,0,0,104,1
302,ACC_CONTO,17,REV_ACCYEAR,8,short,2,0,0,106,1
302,ACC_CONTO,18,REV_BN_NUMBER,9,long,4,0,0,108,1
302,ACC_CONTO,19,OPERATIONMOMENT,16,timestamp,8,0,0,112,1
302,ACC_CONTO,20,CONTO_TYPE,8,short,2,0,0,120,1
303,ACC_CONTRAGENTS,0,FIRM_ID,9,long,4,0,0,4,1
303,ACC_CONTRAGENTS,1,ID,9,long,4,0,0,8,1
303,ACC_CONTRAGENTS,2,IDENT_NUM,3,varying,18,0,0,12,1
303,ACC_CONTRAGENTS,3,FIRM_NAME,3,varying,50,0,0,30,1
303,ACC_CONTRAGENTS,4,MOL_NAME,3,varying,50,0,0,80,1
303,ACC_CONTRAGENTS,5,IS_SUPPLIER,8,short,2,0,0,130,1
303,ACC_CONTRAGENTS,6,IS_CLIENT,8,short,2,0,0,132,1
303,ACC_CONTRAGENTS,7,IS_MOL,8,short,2,0,0,134,1
303,ACC_CONTRAGENTS,8,IS_FIRMOWNER,8,short,2,0,0,136,1
303,ACC_CONTRAGENTS,9,DDS_IDENT_NUM,3,varying,17,0,0,138,1
303,ACC_CONTRAGENTS,10,MOL_EGN,3,varying,14,0,0,156,1
303,ACC_CONTRAGENTS,11,IS_FIRM,8,short,2,0,0,170,1
303,ACC_CONTRAGENTS,12,COUNTRY,1,text,2,0,0,172,1
303,ACC_CONTRAGENTS,13,IS_EU,8,short,2,0,0,174,1
303,ACC_CONTRAGENTS,14,SUPPLIER_ACCNUM,9,long,4,0,0,176,1
303,ACC_CONTRAGENTS,15,CLIENT_ACCNUM,9,long,4,0,0,180,1
303,ACC_CONTRAGENTS,16,IS_PERSONNEL,8,short,2,0,0,184,1
303,ACC_CONTRAGENTS,17,PERSONNEL_ACCNUM,9,long,4,0,0,188,1
303,ACC_CONTRAGENTS,18,IS_ACTBLPERSON,8,short,2,0,0,192,1
303,ACC_CONTRAGENTS,19,ACTBLPERSON_ACCNUM,9,long,4,0,0,196,1
303,ACC_CONTRAGENTS,20,AVANSCLIENT_ACCNUM,9,long,4,0,0,200,1
303,ACC_CONTRAGENTS,21,AVANSSUPPL_ACCNUM,9,long,4,0,0,204,1
303,ACC_CONTRAGENTS,22,CITY,3,varying,22,0,0,208,1
303,ACC_CONTRAGENTS,23,ADDRESS,3,varying,130,0,0,230,1
304,ACC_DOCTYPES,0,ID,9,long,4,0,0,4,1
304,ACC_DOCTYPES,1,FULLNAME,3,varying,66,0,0,8,1
304,ACC_DOCTYPES,2,SHORTNAME,3,varying,12,0,0,74,1
304,ACC_DOCTYPES,3,DDSDISK_NUM,3,varying,4,0,0,86,1
304,ACC_DOCTYPES,4,PRIMARYTYPE,8,short,2,0,0,90,1
304,ACC_DOCTYPES,5,DOCUMENTTYPE,8,short,2,0,0,92,1
304,ACC_DOCTYPES,6,INOUTTYPE,8,short,2,0,0,94,1
304,ACC_DOCTYPES,7,ENABLED,8,short,2,0,0,96,1
304,ACC_DOCTYPES,8,DDSDISK_2007,3,varying,4,0,0,98,1
304,ACC_DOCTYPES,9,FULLNAME_2007,3,varying,66,0,0,102,1
304,ACC_DOCTYPES,10,SHORTNAME_2007,3,varying,12,0,0,168,1
305,ACC_DOCUMENTS,0,FIRM_ID,9,long,4,0,0,4,1
305,ACC_DOCUMENTS,1,ID,9,long,4,0,0,8,1
305,ACC_DOCUMENTS,2,ID_DOCTYPES,9,long,4,0,0,12,1
305,ACC_DOCUMENTS,3,ID_DOCTYPES_SUB,9,long,4,0,0,16,1
305,ACC_DOCUMENTS,4,ID_BOOKTYPES,9,long,4,0,0,20,1
305,ACC_DOCUMENTS,5,BN_YEAR,8,short,2,0,0,24,1
305,ACC_DOCUMENTS,6,BN_NUMBER,9,long,4,0,0,28,1
305,ACC_DOCUMENTS,7,REGMOMENT,16,timestamp,8,0,0,32,1
305,ACC_DOCUMENTS,8,DOC_NUMBER,3,varying,22,0,0,40,1
305,ACC_DOCUMENTS,9,DOC_DATE,16,timestamp,8,0,0,64,1
305,ACC_DOCUMENTS,10,DOC_AMOUNT,12,double,8,0,0,72,1
305,ACC_DOCUMENTS,11,DOC_SUMDDS,12,double,8,0,0,80,1
305,ACC_DOCUMENTS,12,ID_CONTRAGENT,9,long,4,0,0,88,1
305,ACC_DOCUMENTS,13,IS_ACCOUNTED,8,short,2,0,0,92,1
305,ACC_DOCUMENTS,14,IS_IMPORTED,8,short,2,0,0,94,1
305,ACC_DOCUMENTS,15,PAYMENT_TYPE,1,text,1,0,0,96,1
305,ACC_DOCUMENTS,16,PAY_BANK_KASA_ID,9,long,4,0,0,100,1
305,ACC_DOCUMENTS,17,LINKED_TO_DOC_ID,9,long,4,0,0,104,1
305,ACC_DOCUMENTS,18,TAXEVENT_DATE,16,timestamp,8,0,0,112,1
305,ACC_DOCUMENTS,19,DOC_DDSRATE,12,double,8,0,0,120,1
305,ACC_DOCUMENTS,20,NOTE,3,varying,66,0,0,128,1
305,ACC_DOCUMENTS,21,DOC_STATE,8,short,2,0,0,194,1
305,ACC_DOCUMENTS,22,VALUT_CODE,1,text,3,0,0,196,1
305,ACC_DOCUMENTS,23,VALUT_RATE,12,double,8,0,0,200,1
305,ACC_DOCUMENTS,24,FOLDER_ID,9,long,4,0,0,208,1
305,ACC_DOCUMENTS,25,FOLDER_DOCNUM,9,long,4,0,0,212,1
305,ACC_DOCUMENTS,26,IS_PAYMENT,8,short,2,0,0,216,1
305,ACC_DOCUMENTS,27,PROD_DT_STP,9,long,4,0,0,220,1
305,ACC_DOCUMENTS,28,DDS_PERIOD_ID,9,long,4,0,0,224,1
305,ACC_DOCUMENTS,29,ACC_OSS_COUNTRY,1,text,2,0,0,228,1
306,ACC_DOCTYPES_SUB,0,ID,9,long,4,0,0,4,1
306,ACC_DOCTYPES_SUB,1,ID_DOCTYPES,9,long,4,0,0,8,1
306,ACC_DOCTYPES_SUB,2,FULLNAME,3,varying,74,0,0,12,1
307,ACC_DOCUMENTS_ITEMS,0,ID_DOCUMENTS,9,long,4,0,0,4,1
307,ACC_DOCUMENTS_ITEMS,1,LINE_NUMBER,8,short,2,0,0,8,1
307,ACC_DOCUMENTS_ITEMS,2,DATETIME,9,long,4,0,0,12,1
307,ACC_DOCUMENTS_ITEMS,3,STOCK_ID,9,long,4,0,0,16,1
307,ACC_DOCUMENTS_ITEMS,4,ID_STOCKSTYPES,9,long,4,0,0,20,1
307,ACC_DOCUMENTS_ITEMS,5,QUANTITY,12,double,8,0,0,24,1
307,ACC_DOCUMENTS_ITEMS,6,ID_MEASURE,9,long,4,0,0,32,1
307,ACC_DOCUMENTS_ITEMS,7,UN_PRICE,12,double,8,0,0,40,1
307,ACC_DOCUMENTS_ITEMS,8,DDS_RATE,12,double,8,0,0,48,1
307,ACC_DOCUMENTS_ITEMS,9,DDS_SUM,12,double,8,0,0,56,1
307,ACC_DOCUMENTS_ITEMS,10,TOTAL_PRICE,12,double,8,0,0,64,1
307,ACC_DOCUMENTS_ITEMS,11,ID_ACC_DEBIT,9,long,4,0,0,72,1
307,ACC_DOCUMENTS_ITEMS,12,ID_ACC_CREDIT,9,long,4,0,0,76,1
307,ACC_DOCUMENTS_ITEMS,13,NOTE,3,varying,66,0,0,80,1
307,ACC_DOCUMENTS_ITEMS,14,SUM_ADDEXPENSE,12,double,8,0,0,152,1
307,ACC_DOCUMENTS_ITEMS,15,ID_STORES,9,long,4,0,0,160,1
307,ACC_DOCUMENTS_ITEMS,16,SUM_DISCHARGE,12,double,8,0,0,168,1
307,ACC_DOCUMENTS_ITEMS,17,QTY_DISCHARGE,12,double,8,0,0,176,1
307,ACC_DOCUMENTS_ITEMS,18,TYPE_DISCHARGE,8,short,2,0,0,184,1
307,ACC_DOCUMENTS_ITEMS,19,IS_ADDEXPENSE,8,short,2,0,0,186,1
308,ACC_FORMATACCOUNT,0,ID,8,short,2,0,0,4,1
308,ACC_FORMATACCOUNT,1,FORMATACC,3,varying,17,0,0,6,1
309,ACC_MEASURES,0,ID,8,short,2,0,0,4,1
309,ACC_MEASURES,1,CATEGORYNAME,3,varying,32,0,0,6,1
309,ACC_MEASURES,2,DP_PRECISION,8,short,2,0,0,38,1
309,ACC_MEASURES,3,ISUSERDEF,8,short,2,0,0,40,1
310,ACC_MEASURES_ITEMS,0,ID,8,short,2,0,0,4,1
310,ACC_MEASURES_ITEMS,1,MEASURES_ID,8,short,2,0,0,6,1
310,ACC_MEASURES_ITEMS,2,NAME_BG,3,varying,32,0,0,8,1
310,ACC_MEASURES_ITEMS,3,SHORTNAME_BG,3,varying,10,0,0,40,1
310,ACC_MEASURES_ITEMS,4,NAME_INT,3,varying,32,0,0,50,1
310,ACC_MEASURES_ITEMS,5,SHORTNAME_INT,3,varying,10,0,0,82,1
310,ACC_MEASURES_ITEMS,6,COEFFICIENT,12,double,8,0,0,96,1
310,ACC_MEASURES_ITEMS,7,ISBASE,8,short,2,0,0,104,1
310,ACC_MEASURES_ITEMS,8,ISUSERDEF,8,short,2,0,0,106,1
311,ACC_PARAMS_DEF,0,FIRM_ID,9,long,4,0,0,4,1
311,ACC_PARAMS_DEF,1,NAME,3,varying,34,0,0,8,1
311,ACC_PARAMS_DEF,2,ID_DEF,9,long,4,0,0,44,1
311,ACC_PARAMS_DEF,3,ID_TEXT,3,varying,66,0,0,48,1
312,ACC_PERIODS,0,FIRM_ID,9,long,4,0,0,4,1
312,ACC_PERIODS,1,ID,9,long,4,0,0,8,1
312,ACC_PERIODS,2,PERIOD_TYPE,8,short,2,0,0,12,1
312,ACC_PERIODS,3,BEGINDATE,16,timestamp,8,0,0,16,1
312,ACC_PERIODS,4,ENDDATE,16,timestamp,8,0,0,24,1
312,ACC_PERIODS,5,PERIODYEAR,8,short,2,0,0,32,1
312,ACC_PERIODS,6,ISFINISHED,8,short,2,0,0,34,1
313,ACC_REASONS,0,FIRM_ID,9,long,4,0,0,4,1
313,ACC_REASONS,1,ID,9,long,4,0,0,8,1
313,ACC_REASONS,2,ID_DOCUMENTS,9,long,4,0,0,12,1
313,ACC_REASONS,3,COMMENT,3,varying,130,0,0,16,1
313,ACC_REASONS,4,DOC_LINE_NUMBER,9,long,4,0,0,148,1
314,ACC_SALDOPERIOD,0,FIRM_ID,9,long,4,0,0,4,1
314,ACC_SALDOPERIOD,1,ID_PERIOD,9,long,4,0,0,8,1
314,ACC_SALDOPERIOD,2,ID_SMETKOPLANUSER,9,long,4,0,0,12,1
314,ACC_SALDOPERIOD,3,BEG_SALDOTYPE,1,text,2,0,0,16,1
314,ACC_SALDOPERIOD,4,BEG_AMOUNT,12,double,8,0,0,24,1
314,ACC_SALDOPERIOD,5,DT_OBOROT,12,double,8,0,0,32,1
314,ACC_SALDOPERIOD,6,KT_OBOROT,12,double,8,0,0,40,1
314,ACC_SALDOPERIOD,7,END_SALDOTYPE,1,text,2,0,0,48,1
314,ACC_SALDOPERIOD,8,END_AMOUNT,12,double,8,0,0,56,1
315,ACC_SMETKOPLANNS,0,ID,9,long,4,0,0,4,1
315,ACC_SMETKOPLANNS,1,ACCNUMBER,9,long,4,0,0,8,1
315,ACC_SMETKOPLANNS,2,ACCNUMBERSTR,3,varying,12,0,0,12,1
315,ACC_SMETKOPLANNS,3,ACCNAME,3,varying,130,0,0,24,1
315,ACC_SMETKOPLANNS,4,ISACTIVE,8,short,2,0,0,154,1
315,ACC_SMETKOPLANNS,5,ISPASIVE,8,short,2,0,0,156,1
315,ACC_SMETKOPLANNS,6,ISTRANSIT,8,short,2,0,0,158,1
315,ACC_SMETKOPLANNS,7,ISGROUP,8,short,2,0,0,160,1
315,ACC_SMETKOPLANNS,8,ENABLED,8,short,2,0,0,162,1
316,ACC_SMETKOPLANUSER,0,FIRM_ID,9,long,4,0,0,4,1
316,ACC_SMETKOPLANUSER,1,ID,9,long,4,0,0,8,1
316,ACC_SMETKOPLANUSER,2,SM_YEAR,8,short,2,0,0,12,1
316,ACC_SMETKOPLANUSER,3,ID_SMETKOPLANNS,9,long,4,0,0,16,1
316,ACC_SMETKOPLANUSER,4,ACCNUMBER,9,long,4,0,0,20,1
316,ACC_SMETKOPLANUSER,5,ACCNUMBERSTR,3,varying,12,0,0,24,1
316,ACC_SMETKOPLANUSER,6,ACCNAME,3,varying,130,0,0,36,1
316,ACC_SMETKOPLANUSER,7,ENABLED,8,short,2,0,0,166,1
316,ACC_SMETKOPLANUSER,8,ISACTIVE,8,short,2,0,0,168,1
316,ACC_SMETKOPLANUSER,9,ISPASIVE,8,short,2,0,0,170,1
316,ACC_SMETKOPLANUSER,10,ISTRANSIT,8,short,2,0,0,172,1
316,ACC_SMETKOPLANUSER,11,CODE_VALUT,1,text,3,0,0,174,1
316,ACC_SMETKOPLANUSER,12,ISCONDUCIVEBOOK,8,short,2,0,0,178,1
316,ACC_SMETKOPLANUSER,13,ID_CONDUCIVEBOOK,9,long,4,0,0,180,1
316,ACC_SMETKOPLANUSER,14,ID_FORMATACCOUNT,8,short,2,0,0,184,1
316,ACC_SMETKOPLANUSER,15,ID_FORMATANALITIC,8,short,2,0,0,186,1
317,ACC_STOCKS,0,FIRM_ID,9,long,4,0,0,4,1
317,ACC_STOCKS,1,ID,9,long,4,0,0,8,1
317,ACC_STOCKS,2,STOCK_NAME,3,varying,130,0,0,12,1
317,ACC_STOCKS,3,ID_MEASURE,9,long,4,0,0,144,1
317,ACC_STOCKS,4,ID_STOCKSTYPES,9,long,4,0,0,148,1
317,ACC_STOCKS,5,ACC_NUMBER,9,long,4,0,0,152,1
317,ACC_STOCKS,6,ACC_NUMBER_KT,9,long,4,0,0,156,1
317,ACC_STOCKS,7,STOCK_STORE_KEY,1,text,48,0,0,160,1
317,ACC_STOCKS,8,GROUP_STORE_KEY,1,text,48,0,0,208,1
317,ACC_STOCKS,9,CODE_STORE_KEY,1,text,255,0,0,256,1
317,ACC_STOCKS,10,COL_8A,1,text,2,0,0,511,1
317,ACC_STOCKS,11,IS_ACTIVE,8,short,2,0,0,514,1
318,ACC_STOCKS_TYPES,0,ID,9,long,4,0,0,4,1
318,ACC_STOCKS_TYPES,1,FULLNAME,3,varying,34,0,0,8,1
318,ACC_STOCKS_TYPES,2,SHORTNAME,1,text,3,0,0,42,1
319,ACC_STOCKSSALDO,0,FIRM_ID,9,long,4,0,0,4,1
319,ACC_STOCKSSALDO,1,ID_PERIOD,9,long,4,0,0,8,1
319,ACC_STOCKSSALDO,2,ID_STOCKTYPES,9,long,4,0,0,12,1
319,ACC_STOCKSSALDO,3,ID_STOCKS,9,long,4,0,0,16,1
319,ACC_STOCKSSALDO,4,BEG_SALDOTYPE,1,text,2,0,0,20,1
319,ACC_STOCKSSALDO,5,BEG_AMOUNT,12,double,8,0,0,24,1
319,ACC_STOCKSSALDO,6,BEG_QUANTITY,12,double,8,0,0,32,1
319,ACC_STOCKSSALDO,7,DT_OBOROT,12,double,8,0,0,40,1
319,ACC_STOCKSSALDO,8,DT_QUANTITY,12,double,8,0,0,48,1
319,ACC_STOCKSSALDO,9,KT_OBOROT,12,double,8,0,0,56,1
319,ACC_STOCKSSALDO,10,KT_QUANTITY,12,double,8,0,0,64,1
319,ACC_STOCKSSALDO,11,END_SALDOTYPE,1,text,2,0,0,72,1
319,ACC_STOCKSSALDO,12,END_AMOUNT,12,double,8,0,0,80,1
319,ACC_STOCKSSALDO,13,END_QUANTITY,12,double,8,0,0,88,1
320,ACC_STORE_ASSOCIATE,0,ITEMTYPE,8,short,2,0,0,4,1
320,ACC_STORE_ASSOCIATE,1,NAMEINSTORE,3,varying,50,0,0,6,1
320,ACC_STORE_ASSOCIATE,2,ACC_NAMEID,9,long,4,0,0,56,1
321,ACC_FX_REPORT_DEF,0,FIRM_ID,9,long,4,0,0,4,1
321,ACC_FX_REPORT_DEF,1,ACCYEAR,8,short,2,0,0,8,1
321,ACC_FX_REPORT_DEF,2,TYPE_REP,8,short,2,0,0,10,1
321,ACC_FX_REPORT_DEF,3,FX_DEF,17,blob,8,0,1,16,1
322,ACC_DMA,0,FIRM_ID,9,long,4,0,0,4,1
322,ACC_DMA,1,ID_STOCKS,9,long,4,0,0,8,1
322,ACC_DMA,2,INVENTAREN_NO,3,varying,18,0,0,12,1
322,ACC_DMA,3,NAME,3,varying,130,0,0,30,1
322,ACC_DMA,4,MOL,9,long,4,0,0,160,1
322,ACC_DMA,5,POSITION_DMA,3,varying,50,0,0,164,1
322,ACC_DMA,6,OTCHETNA_STOINOST,12,double,8,0,0,216,1
322,ACC_DMA,7,LIKVID_STOINOST,12,double,8,0,0,224,1
322,ACC_DMA,8,AMORT_STOINOST,12,double,8,0,0,232,1
322,ACC_DMA,9,DATE_PRIDOBIVANE,16,timestamp,8,0,0,240,1
322,ACC_DMA,10,DATE_BEGAMORT,16,timestamp,8,0,0,248,1
322,ACC_DMA,11,DATE_OTPIS,16,timestamp,8,0,0,256,1
322,ACC_DMA,12,DAN_AM_BEGIN,8,short,2,0,0,264,1
322,ACC_DMA,13,ACC_AM_BEGIN,8,short,2,0,0,266,1
322,ACC_DMA,14,METOD_AMORT,8,short,2,0,0,268,1
322,ACC_DMA,15,ACC_AMORT_MONTH,8,short,2,0,0,270,1
322,ACC_DMA,16,AMORT_NORM,3,varying,152,0,0,272,1
322,ACC_DMA,17,MAXOBEM,9,long,4,0,0,424,1
322,ACC_DMA,18,AC20,9,long,4,0,0,428,1
322,ACC_DMA,19,AC241,9,long,4,0,0,432,1
322,ACC_DMA,20,AC603,9,long,4,0,0,436,1
322,ACC_DMA,21,AC61,9,long,4,0,0,440,1
322,ACC_DMA,22,DANAMORT_CODE,8,short,2,0,0,444,1
322,ACC_DMA,23,MOMENT_BEGIN,9,long,4,0,0,448,1
322,ACC_DMA,24,ACC_NABRANA,12,double,8,0,0,456,1
322,ACC_DMA,25,DAN_NABRANA,12,double,8,0,0,464,1
322,ACC_DMA,26,ID_DOCUMENTS,9,long,4,0,0,472,1
322,ACC_DMA,27,ISNONAMORTIZE,8,short,2,0,0,476,1
322,ACC_DMA,28,STATE_TYPE,8,short,2,0,0,478,1
322,ACC_DMA,29,STATE_DATE,16,timestamp,8,0,0,480,1
323,ACC_DMA_PLAN,0,ID,9,long,4,0,0,4,1
323,ACC_DMA_PLAN,1,ID_STOCKS,9,long,4,0,0,8,1
323,ACC_DMA_PLAN,2,PLAN_ID,8,short,2,0,0,12,1
323,ACC_DMA_PLAN,3,MONTH_AMORT,9,long,4,0,0,16,1
323,ACC_DMA_PLAN,4,BAZA_AMORT,12,double,8,0,0,24,1
323,ACC_DMA_PLAN,5,NORMA_AMORT,12,double,8,0,0,32,1
323,ACC_DMA_PLAN,6,KVOTA_AMORT,12,double,8,0,0,40,1
323,ACC_DMA_PLAN,7,BALANS_AMOUNT,12,double,8,0,0,48,1
323,ACC_DMA_PLAN,8,FROM_PERIOD,16,timestamp,8,0,0,56,1
323,ACC_DMA_PLAN,9,TO_PERIOD,16,timestamp,8,0,0,64,1
323,ACC_DMA_PLAN,10,AMORT_DOC_INFO,3,varying,66,0,0,72,1
323,ACC_DMA_PLAN,11,FIRM_ID,9,long,4,0,0,140,1
324,ACC_DMA_STATES,0,ID_STOCKS,9,long,4,0,0,4,1
324,ACC_DMA_STATES,1,MONTH_AMORT,9,long,4,0,0,8,1
324,ACC_DMA_STATES,2,STATE_TYPE,8,short,2,0,0,12,1
324,ACC_DMA_STATES,3,DATE_FROM,16,timestamp,8,0,0,16,1
324,ACC_DMA_STATES,4,DATE_TO,16,timestamp,8,0,0,24,1
324,ACC_DMA_STATES,5,STATE_VALUE,12,double,8,0,0,32,1
324,ACC_DMA_STATES,6,STATE_MOMENT,16,timestamp,8,0,0,40,1
324,ACC_DMA_STATES,7,MONTHS_COUNT,9,long,4,0,0,48,1
324,ACC_DMA_STATES,8,FIRM_ID,9,long,4,0,0,52,1
325,ACC_DAN_AMORTNORM,0,DAN_YEAR,8,short,2,0,0,4,1
325,ACC_DAN_AMORTNORM,1,CODE,8,short,2,0,0,6,1
325,ACC_DAN_AMORTNORM,2,PERCENT_NORM,8,short,2,-2,1,8,1
325,ACC_DAN_AMORTNORM,3,FIRM_ID,9,long,4,0,0,12,1
326,ACC_TYPE_AKTIV,0,CODE,8,short,2,0,0,4,1
326,ACC_TYPE_AKTIV,1,NAME,3,varying,130,0,0,6,1
327,ACC_BOOKPURCH,0,FIRM_ID,9,long,4,0,0,4,1
327,ACC_BOOKPURCH,1,ID_DOCUMENTS,9,long,4,0,0,8,1
327,ACC_BOOKPURCH,2,F03_30_DDSBASEANDSUMNOTAXCREDIT,12,double,8,0,0,16,1
327,ACC_BOOKPURCH,3,F03_31_DDSBASEFULLTAXCREDIT,12,double,8,0,0,24,1
327,ACC_BOOKPURCH,4,F03_41_DDSSUMFULLTAXCREDIT,12,double,8,0,0,32,1
327,ACC_BOOKPURCH,5,F03_32_DDSBASEPARTTAXCREDIT,12,double,8,0,0,40,1
327,ACC_BOOKPURCH,6,F03_42_DDSSUMPARTTAXCREDIT,12,double,8,0,0,48,1
327,ACC_BOOKPURCH,7,F03_43_YEARCORRECTION,12,double,8,0,0,56,1
327,ACC_BOOKPURCH,8,F03_44_DDSBASETRIPARTITE,12,double,8,0,0,64,1
327,ACC_BOOKPURCH,9,F03_45_DOST163A,3,varying,4,0,0,72,1
327,ACC_BOOKPURCH,10,STOCKSERVICETYPE,3,varying,32,0,0,76,1
328,ACC_BOOKSALES,0,FIRM_ID,9,long,4,0,0,4,1
328,ACC_BOOKSALES,1,ID_DOCUMENTS,9,long,4,0,0,8,1
328,ACC_BOOKSALES,2,F02_10_DDSBASETOTAL,12,double,8,0,0,16,1
328,ACC_BOOKSALES,3,F02_20_DDSSUMTOTAL,12,double,8,0,0,24,1
328,ACC_BOOKSALES,4,F02_11_DDS20BASE,12,double,8,0,0,32,1
328,ACC_BOOKSALES,5,F02_21_DDS20SUM,12,double,8,0,0,40,1
328,ACC_BOOKSALES,6,F02_12_VOPDDSBASE,12,double,8,0,0,48,1
328,ACC_BOOKSALES,7,F02_26_DDSBASECL82,12,double,8,0,0,56,1
328,ACC_BOOKSALES,8,F02_22_VOPDDSSUM,12,double,8,0,0,64,1
328,ACC_BOOKSALES,9,F02_23_OTHERDDS20SUM,12,double,8,0,0,72,1
328,ACC_BOOKSALES,10,F02_13_DDS7BASE,12,double,8,0,0,80,1
328,ACC_BOOKSALES,11,F02_24_DDS7SUM,12,double,8,0,0,88,1
328,ACC_BOOKSALES,12,F02_14_DDS0BASECH3,12,double,8,0,0,96,1
328,ACC_BOOKSALES,13,F02_15_DDS0BASEVOD,12,double,8,0,0,104,1
328,ACC_BOOKSALES,14,F02_16_DDS0BASECL140,12,double,8,0,0,112,1
328,ACC_BOOKSALES,15,F02_17_DDSBASECL21,12,double,8,0,0,120,1
328,ACC_BOOKSALES,16,F02_18_DDSBASEC69,12,double,8,0,0,128,1
328,ACC_BOOKSALES,17,F02_19_DDSBASEFREE,12,double,8,0,0,136,1
328,ACC_BOOKSALES,18,F02_25_DDSBASETRIPARTITE,12,double,8,0,0,144,1
328,ACC_BOOKSALES,19,F02_27_DOST163A,3,varying,4,0,0,152,1
328,ACC_BOOKSALES,20,VIES_STATE,9,long,4,0,0,156,1
328,ACC_BOOKSALES,21,STOCKSERVICETYPE,3,varying,32,0,0,160,1
329,ACC_CONTRAGENTS_SALDO,0,ID_PERIOD,9,long,4,0,0,4,1
329,ACC_CONTRAGENTS_SALDO,1,ID_CONTRAGENTS,9,long,4,0,0,8,1
329,ACC_CONTRAGENTS_SALDO,2,ID_SMETKOPLANUSER,9,long,4,0,0,12,1
329,ACC_CONTRAGENTS_SALDO,3,BEG_SALDOTYPE,1,text,2,0,0,16,1
329,ACC_CONTRAGENTS_SALDO,4,BEG_AMOUNT,12,double,8,0,0,24,1
329,ACC_CONTRAGENTS_SALDO,5,DT_OBOROT,12,double,8,0,0,32,1
329,ACC_CONTRAGENTS_SALDO,6,KT_OBOROT,12,double,8,0,0,40,1
329,ACC_CONTRAGENTS_SALDO,7,END_SALDOTYPE,1,text,2,0,0,48,1
329,ACC_CONTRAGENTS_SALDO,8,END_AMOUNT,12,double,8,0,0,56,1
330,ACC_DOCTYPES_ITEMS,0,ID_DOCTYPES,9,long,4,0,0,4,1
330,ACC_DOCTYPES_ITEMS,1,LINE_NUMBER,8,short,2,0,0,8,1
330,ACC_DOCTYPES_ITEMS,2,DISPLAY_CAPTION,3,varying,130,0,0,10,1
331,ACC_STOCKS_TYPES_ITEMS,0,ID_STOCKS_TYPES,9,long,4,0,0,4,1
331,ACC_STOCKS_TYPES_ITEMS,1,LINE_NUMBER,8,short,2,0,0,8,1
331,ACC_STOCKS_TYPES_ITEMS,2,DISPLAY_CAPTION,3,varying,130,0,0,10,1
332,ACC_VALUT_RATE,0,FIRM_ID,9,long,4,0,0,4,1
332,ACC_VALUT_RATE,1,THEDAY,16,timestamp,8,0,0,8,1
332,ACC_VALUT_RATE,2,VALUT_CODE,1,text,3,0,0,16,1
332,ACC_VALUT_RATE,3,VALUT_RATE,12,double,8,0,0,24,1
333,ACC_ANALYTIC_ACCOUNTS,0,ID_ACCOUNTUSER,9,long,4,0,0,4,1
333,ACC_ANALYTIC_ACCOUNTS,1,ID_ANALYTIC,9,long,4,0,0,8,1
334,ACC_ANALYTIC,0,ID,9,long,4,0,0,4,1
334,ACC_ANALYTIC,1,CODE,3,varying,34,0,0,8,1
334,ACC_ANALYTIC,2,NAME,3,varying,50,0,0,42,1
334,ACC_ANALYTIC,3,READ_FROM,3,varying,50,0,0,92,1
334,ACC_ANALYTIC,4,CREATE_FROM,3,varying,98,0,0,142,1
334,ACC_ANALYTIC,5,NOMENCLATURE_FROM,3,varying,98,0,0,240,1
334,ACC_ANALYTIC,6,IS_VALUE,8,short,2,0,0,338,1
335,ACC_ANALYTIC_CONTO,0,ID,9,long,4,0,0,4,1
335,ACC_ANALYTIC_CONTO,1,ID_ANALYTIC,9,long,4,0,0,8,1
335,ACC_ANALYTIC_CONTO,2,ID_CONTO,9,long,4,0,0,12,1
335,ACC_ANALYTIC_CONTO,3,LINE_NUM_CONTO,9,long,4,0,0,16,1
335,ACC_ANALYTIC_CONTO,4,ID_ACCOUNT,9,long,4,0,0,20,1
335,ACC_ANALYTIC_CONTO,5,PARAM1,9,long,4,0,0,24,1
335,ACC_ANALYTIC_CONTO,6,PARAM2,12,double,8,0,0,32,1
335,ACC_ANALYTIC_CONTO,7,PARAM3,3,varying,34,0,0,40,1
335,ACC_ANALYTIC_CONTO,8,LINE_NUM_DOCUMENT,9,long,4,0,0,76,1
335,ACC_ANALYTIC_CONTO,9,ACCYEAR,8,short,2,0,0,80,1
335,ACC_ANALYTIC_CONTO,10,IS_AUTO,8,short,2,0,0,82,1
336,ACC_ANALYTIC_SALDO,0,ANALYTIC_CODE,3,varying,34,0,0,4,1
336,ACC_ANALYTIC_SALDO,1,ID_NOMENCLATURE,9,long,4,0,0,40,1
336,ACC_ANALYTIC_SALDO,2,CODE_NOMENCLATURE,3,varying,10,0,0,44,1
336,ACC_ANALYTIC_SALDO,3,ID_PERIOD,9,long,4,0,0,56,1
336,ACC_ANALYTIC_SALDO,4,ID_ACCOUNT,9,long,4,0,0,60,1
336,ACC_ANALYTIC_SALDO,5,BEG_SALDO,12,double,8,0,0,64,1
336,ACC_ANALYTIC_SALDO,6,DT_OBOROTI,12,double,8,0,0,72,1
336,ACC_ANALYTIC_SALDO,7,KT_OBOROTI,12,double,8,0,0,80,1
336,ACC_ANALYTIC_SALDO,8,END_SALDO,12,double,8,0,0,88,1
336,ACC_ANALYTIC_SALDO,9,ID_STORES,9,long,4,0,0,96,1
336,ACC_ANALYTIC_SALDO,10,ANALYTIC_ID,9,long,4,0,0,100,1
337,ACC_DOCFOLDERS,0,FIRM_ID,9,long,4,0,0,4,1
337,ACC_DOCFOLDERS,1,ID,9,long,4,0,0,8,1
337,ACC_DOCFOLDERS,2,FOLDER_CODE,3,varying,7,0,0,12,1
337,ACC_DOCFOLDERS,3,FOLDER_NAME,3,varying,66,0,0,20,1
337,ACC_DOCFOLDERS,4,AYEAR,8,short,2,0,0,86,1
337,ACC_DOCFOLDERS,5,PERIOD_ID,9,long,4,0,0,88,1
337,ACC_DOCFOLDERS,6,CURR_NUMBER,9,long,4,0,0,92,1
338,ACC_STORES,0,FIRM_ID,9,long,4,0,0,4,1
338,ACC_STORES,1,ID,9,long,4,0,0,8,1
338,ACC_STORES,2,NAME,3,varying,50,0,0,12,1
338,ACC_STORES,3,STORE_KEY,1,text,48,0,0,62,1
338,ACC_STORES,4,IS_IMPORTED,8,short,2,0,0,110,1
339,ACC_ANALYTIC_SUB,0,ID,9,long,4,0,0,4,1
339,ACC_ANALYTIC_SUB,1,SUBID,9,long,4,0,0,8,1
339,ACC_ANALYTIC_SUB,2,NAME,3,varying,50,0,0,12,1
339,ACC_ANALYTIC_SUB,3,IS_VALUE,8,short,2,0,0,62,1
339,ACC_ANALYTIC_SUB,4,READ_FROM,3,varying,50,0,0,64,1
339,ACC_ANALYTIC_SUB,5,CREATE_FROM,3,varying,98,0,0,114,1
339,ACC_ANALYTIC_SUB,6,NOMENCLATURE_FROM,3,varying,98,0,0,212,1
340,ACC_UNITED_DOC_IMPORT,0,ID,9,long,4,0,0,4,1
340,ACC_UNITED_DOC_IMPORT,1,ID_DOCTYPES,9,long,4,0,0,8,1
340,ACC_UNITED_DOC_IMPORT,2,DOC_NUMBER,3,varying,22,0,0,12,1
340,ACC_UNITED_DOC_IMPORT,3,DOC_DATE,16,timestamp,8,0,0,40,1
340,ACC_UNITED_DOC_IMPORT,4,ID_CONTRAGENT,9,long,4,0,0,48,1
340,ACC_UNITED_DOC_IMPORT,5,REG_IN_DOCUMENT_ID,9,long,4,0,0,52,1
340,ACC_UNITED_DOC_IMPORT,6,IMPORT_TYPE,9,long,4,0,0,56,1
340,ACC_UNITED_DOC_IMPORT,7,FIRM_ID,9,long,4,0,0,60,1
353,ORG_1,0,ID_ZAPIS,9,long,4,0,0,4,3
353,ORG_1,1,DT_CREATED,9,long,4,0,0,8,3
353,ORG_1,2,DT_CHANGED,9,long,4,0,0,12,3
353,ORG_1,3,F_11,17,blob,8,0,1,16,3
353,ORG_1,4,F_12,9,long,4,0,0,24,3
353,ORG_1,5,F_13,17,blob,8,0,1,32,3
354,ORG_2,0,ID_ZAPIS,9,long,4,0,0,4,1
354,ORG_2,1,DT_CREATED,9,long,4,0,0,8,1
354,ORG_2,2,DT_CHANGED,9,long,4,0,0,12,1
354,ORG_2,3,F_21,3,varying,50,0,0,16,1
354,ORG_2,4,F_22,9,long,4,0,0,68,1
354,ORG_2,5,F_23,17,blob,8,0,1,72,1
354,ORG_2,6,F_24,17,blob,8,0,1,80,1
355,ORG_3,0,ID_ZAPIS,9,long,4,0,0,4,1
355,ORG_3,1,DT_CREATED,9,long,4,0,0,8,1
355,ORG_3,2,DT_CHANGED,9,long,4,0,0,12,1
355,ORG_3,3,F_31,3,varying,50,0,0,16,1
355,ORG_3,4,F_32,9,long,4,0,0,68,1
355,ORG_3,5,F_33,3,varying,66,0,0,72,1
355,ORG_3,6,F_34,17,blob,8,0,1,144,1
355,ORG_3,7,F_35,17,blob,8,0,1,152,1
356,CRM_SHABLON,0,NAME,1,text,48,0,0,4,1
356,CRM_SHABLON,1,NUM,9,long,4,0,0,52,1
356,CRM_SHABLON,2,ID_STEP,9,long,4,0,0,56,1
356,CRM_SHABLON,3,ID_PARENT,9,long,4,0,0,60,1
357,CRM_STEPS,0,ID,9,long,4,0,0,4,1
357,CRM_STEPS,1,ID_PARENT,9,long,4,0,0,8,1
357,CRM_STEPS,2,NAME,1,text,48,0,0,12,1
358,CRM_TASK_STEP,0,ID_TASK,9,long,4,0,0,4,1
358,CRM_TASK_STEP,1,NUM,9,long,4,0,0,8,1
358,CRM_TASK_STEP,2,ID_STEP,9,long,4,0,0,12,1
358,CRM_TASK_STEP,3,ID_PARENT,9,long,4,0,0,16,1
358,CRM_TASK_STEP,4,TO_USER,1,text,48,0,0,20,1
358,CRM_TASK_STEP,5,KOLICH,12,double,8,0,0,72,1
358,CRM_TASK_STEP,6,KOLICH_DONE,12,double,8,0,0,80,1
358,CRM_TASK_STEP,7,NOTE,1,text,255,0,0,88,1
359,LOG_WMS,0,ID,9,long,4,0,0,4,1
359,LOG_WMS,1,WMS_DOC_ITEMS_ID,1,text,38,0,0,8,1
359,LOG_WMS,2,ACTION_DATE,9,long,4,0,0,48,1
359,LOG_WMS,3,USERNAME,1,text,48,0,0,52,1
359,LOG_WMS,4,KOLICH,12,double,8,0,0,104,1
359,LOG_WMS,5,ACTION_ID,9,long,4,0,0,112,1
360,S_INQUIRY,0,DATETIME,9,long,4,0,0,4,1
360,S_INQUIRY,1,DT_DOC,9,long,4,0,0,8,1
360,S_INQUIRY,2,DT_CHANGED,9,long,4,0,0,12,1
360,S_INQUIRY,3,SMETKA,1,text,32,0,0,16,1
360,S_INQUIRY,4,FIRMA,1,text,48,0,0,48,1
360,S_INQUIRY,5,F_CONTACT,1,text,48,0,0,96,1
360,S_INQUIRY,6,OWNER,1,text,48,0,0,144,1
360,S_INQUIRY,7,PROPS,17,blob,8,0,1,192,1
360,S_INQUIRY,8,NOTE,3,varying,257,0,0,200,1
360,S_INQUIRY,9,IS_OPEN,1,text,1,0,0,457,1
361,S_INQUIRY_ITEMS,0,DATETIME,1,text,1,0,0,4,1
361,S_INQUIRY_ITEMS,1,NUM,1,text,255,0,0,5,1
361,S_INQUIRY_ITEMS,2,SKLAD,9,long,4,0,0,260,1
361,S_INQUIRY_ITEMS,3,GRUPA,9,long,4,0,0,264,1
361,S_INQUIRY_ITEMS,4,STOKA,1,text,48,0,0,268,1
361,S_INQUIRY_ITEMS,5,KOLICH,1,text,48,0,0,316,1
361,S_INQUIRY_ITEMS,6,KOLICH2,1,text,48,0,0,364,1
361,S_INQUIRY_ITEMS,7,CENA,12,double,8,0,0,416,1
361,S_INQUIRY_ITEMS,8,VALUTA,12,double,8,0,0,424,1
361,S_INQUIRY_ITEMS,9,SHIP_DATE,12,double,8,0,0,432,1
361,S_INQUIRY_ITEMS,10,NOTE1,1,text,1,0,0,440,1
361,S_INQUIRY_ITEMS,11,NOTE2,16,timestamp,8,0,0,448,1
361,S_INQUIRY_ITEMS,12,O_DATETIME,3,varying,257,0,0,456,1
361,S_INQUIRY_ITEMS,13,O_NUM,3,varying,257,0,0,714,1
361,S_INQUIRY_ITEMS,14,O_SMETKA,9,long,4,0,0,972,1
361,S_INQUIRY_ITEMS,15,PROPS_ROW,9,long,4,0,0,976,1
361,S_INQUIRY_ITEMS,16,CENA_BY,1,text,32,0,0,980,1
361,S_INQUIRY_ITEMS,17,IS_FUTURE,17,blob,8,0,1,1016,1
361,S_INQUIRY_ITEMS,18,CENA_FROM,1,text,48,0,0,1024,1
362,P_INQUIRY,0,DATETIME,9,long,4,0,0,4,1
362,P_INQUIRY,1,DT_DOC,9,long,4,0,0,8,1
362,P_INQUIRY,2,DT_CHANGED,9,long,4,0,0,12,1
362,P_INQUIRY,3,SMETKA,1,text,32,0,0,16,1
362,P_INQUIRY,4,FIRMA,1,text,48,0,0,48,1
362,P_INQUIRY,5,OWNER,1,text,48,0,0,96,1
362,P_INQUIRY,6,PROPS,17,blob,8,0,1,144,1
362,P_INQUIRY,7,NOTE,3,varying,257,0,0,152,1
362,P_INQUIRY,8,IS_OPEN,1,text,1,0,0,409,1
362,P_INQUIRY,9,DT_SENT,16,timestamp,8,0,0,416,1
362,P_INQUIRY,10,STATUS,1,text,1,0,0,424,1
363,P_INQUIRY_ITEMS,0,DATETIME,9,long,4,0,0,4,1
363,P_INQUIRY_ITEMS,1,NUM,9,long,4,0,0,8,1
363,P_INQUIRY_ITEMS,2,SKLAD,1,text,48,0,0,12,1
363,P_INQUIRY_ITEMS,3,GRUPA,1,text,48,0,0,60,1
363,P_INQUIRY_ITEMS,4,STOKA,1,text,48,0,0,108,1
363,P_INQUIRY_ITEMS,5,KOLICH,12,double,8,0,0,160,1
363,P_INQUIRY_ITEMS,6,KOLICH2,12,double,8,0,0,168,1
363,P_INQUIRY_ITEMS,7,CENA,12,double,8,0,0,176,1
363,P_INQUIRY_ITEMS,8,VALUTA,1,text,1,0,0,184,1
363,P_INQUIRY_ITEMS,9,NOTE1,3,varying,257,0,0,186,1
363,P_INQUIRY_ITEMS,10,NOTE2,3,varying,257,0,0,444,1
363,P_INQUIRY_ITEMS,11,I_DATETIME,9,long,4,0,0,704,1
363,P_INQUIRY_ITEMS,12,I_NUM,9,long,4,0,0,708,1
363,P_INQUIRY_ITEMS,13,I_SMETKA,1,text,32,0,0,712,1
363,P_INQUIRY_ITEMS,14,PROPS_ROW,17,blob,8,0,1,744,1
363,P_INQUIRY_ITEMS,15,IS_FUTURE,1,text,1,0,0,752,1
364,RAZHOD,0,TIP,1,text,1,0,0,8,1
364,RAZHOD,1,DATETIME,9,long,4,0,0,12,1
364,RAZHOD,2,NUM,8,short,2,0,0,16,1
364,RAZHOD,3,DT_DOC,9,long,4,0,0,20,1
364,RAZHOD,4,RAZHOD,1,text,48,0,0,24,1
364,RAZHOD,5,CODE,1,text,48,0,0,72,1
364,RAZHOD,6,BARCODE,1,text,32,0,0,120,1
364,RAZHOD,7,KOLICH,12,double,8,0,0,152,1
364,RAZHOD,8,KONSIGNACIA,1,text,1,0,0,160,1
364,RAZHOD,9,KB_ID,9,long,4,0,0,164,1
364,RAZHOD,10,DDS,12,double,8,0,0,168,1
364,RAZHOD,11,CENA,12,double,8,0,0,176,1
364,RAZHOD,12,VALUTA,1,text,1,0,0,184,1
364,RAZHOD,13,DISCOUNT,12,double,8,0,0,192,1
364,RAZHOD,14,SMETKA,1,text,32,0,0,200,1
364,RAZHOD,15,FIRMA,1,text,48,0,0,232,1
364,RAZHOD,16,AGENT,1,text,48,0,0,280,1
364,RAZHOD,17,PREWOZ,1,text,48,0,0,328,1
364,RAZHOD,18,FACTUR_ID,1,text,1,0,0,376,1
364,RAZHOD,19,FACTUR_BY,1,text,48,0,0,377,1
364,RAZHOD,20,FACTUR_NO,1,text,16,0,0,425,1
364,RAZHOD,21,FACTUR_DT,9,long,4,0,0,444,1
364,RAZHOD,22,LV_ZA_USD,12,double,8,0,0,448,1
364,RAZHOD,23,LV_ZA_DM,12,double,8,0,0,456,1
364,RAZHOD,24,DM_ZA_USD,12,double,8,0,0,464,1
364,RAZHOD,25,LV_ZA_1,12,double,8,0,0,472,1
364,RAZHOD,26,LV_ZA_2,12,double,8,0,0,480,1
364,RAZHOD,27,LV_ZA_3,12,double,8,0,0,488,1
364,RAZHOD,28,LV_ZA_4,12,double,8,0,0,496,1
364,RAZHOD,29,LV_ZA_5,12,double,8,0,0,504,1
364,RAZHOD,30,OWNER,1,text,48,0,0,512,1
364,RAZHOD,31,SIGN_BY,1,text,48,0,0,560,1
364,RAZHOD,32,KASA,1,text,1,0,0,608,1
364,RAZHOD,33,PROPS,17,blob,8,0,1,616,1
364,RAZHOD,34,NOTE,1,text,64,0,0,624,1
364,RAZHOD,35,IS_SALDO,1,text,1,0,0,688,1
365,FACTURI,0,TIP,1,text,1,0,0,4,1
365,FACTURI,1,FIRMA,1,text,48,0,0,5,1
365,FACTURI,2,FACTUR_ID,1,text,1,0,0,53,1
365,FACTURI,3,FACTUR_BY,1,text,48,0,0,54,1
365,FACTURI,4,FACTUR_NO,1,text,16,0,0,102,1
365,FACTURI,5,FACTUR_DT,9,long,4,0,0,120,1
365,FACTURI,6,FACTUR_EX,1,text,1,0,0,124,1
365,FACTURI,7,FACTUR_PN,1,text,16,0,0,125,1
365,FACTURI,8,FACTUR_PD,9,long,4,0,0,144,1
365,FACTURI,9,FACTUR_OS,1,text,64,0,0,148,1
365,FACTURI,10,MAX_DT_DOC,9,long,4,0,0,212,1
366,FACTURI_BAY,0,TIP,1,text,1,0,0,4,1
366,FACTURI_BAY,1,FIRMA,1,text,48,0,0,5,1
366,FACTURI_BAY,2,FACTUR_ID,1,text,1,0,0,53,1
366,FACTURI_BAY,3,FACTUR_BY,1,text,48,0,0,54,1
366,FACTURI_BAY,4,FACTUR_NO,1,text,16,0,0,102,1
366,FACTURI_BAY,5,FACTUR_DT,9,long,4,0,0,120,1
366,FACTURI_BAY,6,FACTUR_EX,1,text,1,0,0,124,1
366,FACTURI_BAY,7,FACTUR_PN,1,text,16,0,0,125,1
366,FACTURI_BAY,8,FACTUR_PD,9,long,4,0,0,144,1
366,FACTURI_BAY,9,FACTUR_OS,1,text,64,0,0,148,1
366,FACTURI_BAY,10,MAX_DT_DOC,9,long,4,0,0,212,1
367,FACTURI_D,0,TIP,1,text,1,0,0,4,1
367,FACTURI_D,1,FIRMA,1,text,48,0,0,5,1
367,FACTURI_D,2,FACTUR_ID,1,text,1,0,0,53,1
367,FACTURI_D,3,FACTUR_BY,1,text,48,0,0,54,1
367,FACTURI_D,4,FACTUR_NO,1,text,16,0,0,102,1
367,FACTURI_D,5,FACTUR_DT,9,long,4,0,0,120,1
367,FACTURI_D,6,FACTUR_EX,1,text,1,0,0,124,1
367,FACTURI_D,7,FACTUR_PN,1,text,16,0,0,125,1
367,FACTURI_D,8,FACTUR_PD,9,long,4,0,0,144,1
367,FACTURI_D,9,FACTUR_OS,1,text,64,0,0,148,1
367,FACTURI_D,10,MAX_DT_DOC,9,long,4,0,0,212,1
368,SALDOS,0,TIP,1,text,1,0,0,4,1
368,SALDOS,1,CODE,1,text,24,0,0,5,1
368,SALDOS,2,FIRMA,1,text,48,0,0,29,1
368,SALDOS,3,SALDO_USD,12,double,8,0,0,80,1
368,SALDOS,4,SALDO_DM,12,double,8,0,0,88,1
368,SALDOS,5,SALDO_LV,12,double,8,0,0,96,1
368,SALDOS,6,SALDO_1,12,double,8,0,0,104,1
368,SALDOS,7,SALDO_2,12,double,8,0,0,112,1
368,SALDOS,8,SALDO_3,12,double,8,0,0,120,1
368,SALDOS,9,SALDO_4,12,double,8,0,0,128,1
368,SALDOS,10,SALDO_5,12,double,8,0,0,136,1
368,SALDOS,11,SALDO_INLV,12,double,8,0,0,144,1
368,SALDOS,12,SALDO_INDM,12,double,8,0,0,152,1
368,SALDOS,13,SALDO_INUSD,12,double,8,0,0,160,1
368,SALDOS,14,SALDO_IN1,12,double,8,0,0,168,1
368,SALDOS,15,SALDO_IN2,12,double,8,0,0,176,1
368,SALDOS,16,SALDO_IN3,12,double,8,0,0,184,1
368,SALDOS,17,SALDO_IN4,12,double,8,0,0,192,1
368,SALDOS,18,SALDO_IN5,12,double,8,0,0,200,1
368,SALDOS,19,INIT_SALDO_USD,12,double,8,0,0,208,1
368,SALDOS,20,INIT_SALDO_DM,12,double,8,0,0,216,1
368,SALDOS,21,INIT_SALDO_LV,12,double,8,0,0,224,1
368,SALDOS,22,INIT_SALDO_1,12,double,8,0,0,232,1
368,SALDOS,23,INIT_SALDO_2,12,double,8,0,0,240,1
368,SALDOS,24,INIT_SALDO_3,12,double,8,0,0,248,1
368,SALDOS,25,INIT_SALDO_4,12,double,8,0,0,256,1
368,SALDOS,26,INIT_SALDO_5,12,double,8,0,0,264,1
368,SALDOS,27,SALDO_BONUS,12,double,8,0,0,272,1
368,SALDOS,28,INIT_SALDO_BONUS,12,double,8,0,0,280,1
369,VIEW_PROD,0,DT_CREATED,9,long,4,0,0,8,1
369,VIEW_PROD,1,DT_CHANGED,9,long,4,0,0,12,1
369,VIEW_PROD,2,DT_STP,9,long,4,0,0,16,1
369,VIEW_PROD,3,DT_PLANS,9,long,4,0,0,20,1
369,VIEW_PROD,4,DT_DOC,9,long,4,0,0,24,1
369,VIEW_PROD,5,SMETKA,1,text,32,0,0,28,1
369,VIEW_PROD,6,FIRMA,1,text,48,0,0,60,1
369,VIEW_PROD,7,STP_TIP,1,text,2,0,0,108,1
369,VIEW_PROD,8,RAZPAD,9,long,4,0,0,112,1
369,VIEW_PROD,9,SKLAD,1,text,48,0,0,116,1
369,VIEW_PROD,10,GRUPA,1,text,48,0,0,164,1
369,VIEW_PROD,11,STOKA,1,text,48,0,0,212,1
369,VIEW_PROD,12,CENA_TIP,8,short,2,0,0,260,1
369,VIEW_PROD,13,ED_CENA,12,double,8,0,0,264,1
369,VIEW_PROD,14,VALUTA,1,text,1,0,0,272,1
369,VIEW_PROD,15,NOTE,1,text,255,0,0,273,1
369,VIEW_PROD,16,OWNER,1,text,48,0,0,528,1
369,VIEW_PROD,17,SIGN_BY,1,text,48,0,0,576,1
369,VIEW_PROD,18,KASA,1,text,1,0,0,624,1
369,VIEW_PROD,19,PROPS,17,blob,8,0,1,632,1
369,VIEW_PROD,20,IS_OPEN,1,text,1,0,0,640,1
369,VIEW_PROD,21,LV_ZA_USD,12,double,8,0,0,648,1
369,VIEW_PROD,22,LV_ZA_DM,12,double,8,0,0,656,1
369,VIEW_PROD,23,DM_ZA_USD,12,double,8,0,0,664,1
369,VIEW_PROD,24,LV_ZA_1,12,double,8,0,0,672,1
369,VIEW_PROD,25,LV_ZA_2,12,double,8,0,0,680,1
369,VIEW_PROD,26,LV_ZA_3,12,double,8,0,0,688,1
369,VIEW_PROD,27,LV_ZA_4,12,double,8,0,0,696,1
369,VIEW_PROD,28,LV_ZA_5,12,double,8,0,0,704,1
369,VIEW_PROD,29,VAR_101,9,long,4,0,0,712,1
369,VIEW_PROD,30,ROW_101,9,long,4,0,0,716,1
369,VIEW_PROD,31,PLN_101,9,long,4,0,0,720,1
369,VIEW_PROD,32,WRK_101,9,long,4,0,0,724,1
369,VIEW_PROD,33,PRD_101,9,long,4,0,0,728,1
369,VIEW_PROD,34,BRK_101,9,long,4,0,0,732,1
369,VIEW_PROD,35,KOLICH_PLN_SUM,12,double,8,0,0,736,1
369,VIEW_PROD,36,KOLICH_PLN_SUM2,12,double,8,0,0,744,1
369,VIEW_PROD,37,KOLICH_PLN,12,double,8,0,0,752,1
369,VIEW_PROD,38,KOLICH_PLN2,12,double,8,0,0,760,1
369,VIEW_PROD,39,KOLICH_WRK,12,double,8,0,0,768,1
369,VIEW_PROD,40,KOLICH_WRK2,12,double,8,0,0,776,1
369,VIEW_PROD,41,KOLICH_PRD,12,double,8,0,0,784,1
369,VIEW_PROD,42,KOLICH_PRD2,12,double,8,0,0,792,1
369,VIEW_PROD,43,KOLICH_BRK,12,double,8,0,0,800,1
369,VIEW_PROD,44,KOLICH_BRK2,12,double,8,0,0,808,1
370,PRODAWA_OVER_ENDDATE,0,FIRMA,1,text,48,0,0,4,1
371,KUPUWA_OVER_ENDDATE,0,FIRMA,1,text,48,0,0,4,1
372,NORMA_PLAN,0,DT_CREATED,9,long,4,0,0,4,1
372,NORMA_PLAN,1,DT_ROW,9,long,4,0,0,8,1
372,NORMA_PLAN,2,DT_VAR,9,long,4,0,0,12,1
372,NORMA_PLAN,3,NORMA,12,double,8,0,0,16,1
372,NORMA_PLAN,4,NORMA2,12,double,8,0,0,24,1
372,NORMA_PLAN,5,FIRA,12,double,8,0,0,32,1
372,NORMA_PLAN,6,IS_PLN_OR_WRK,9,long,4,0,0,40,1
373,WMS_DOC_SKLAD_IN,0,IO_DATE,9,long,4,0,0,4,1
373,WMS_DOC_SKLAD_IN,1,IO_SMETKA,1,text,32,0,0,8,1
373,WMS_DOC_SKLAD_IN,2,IO_DT_DOC,9,long,4,0,0,40,1
373,WMS_DOC_SKLAD_IN,3,IO_FIRMA,1,text,48,0,0,44,1
373,WMS_DOC_SKLAD_IN,4,IO_SM_TYPE,9,long,4,0,0,92,1
373,WMS_DOC_SKLAD_IN,5,IO_DATETIME,9,long,4,0,0,96,1
373,WMS_DOC_SKLAD_IN,6,NOTE,1,text,255,0,0,100,1
373,WMS_DOC_SKLAD_IN,7,PROPS,17,blob,8,0,1,360,1
373,WMS_DOC_SKLAD_IN,8,IO_SKLAD,1,text,48,0,0,368,1
373,WMS_DOC_SKLAD_IN,9,IO_GRUPA,1,text,48,0,0,416,1
373,WMS_DOC_SKLAD_IN,10,IO_STOKA,1,text,48,0,0,464,1
373,WMS_DOC_SKLAD_IN,11,IO_SER_NO,1,text,48,0,0,512,1
373,WMS_DOC_SKLAD_IN,12,IO_NUM,9,long,4,0,0,560,1
373,WMS_DOC_SKLAD_IN,13,IO_KOLICH,12,double,8,0,0,568,1
373,WMS_DOC_SKLAD_IN,14,IO_REAL_KOLICH,12,double,8,0,0,576,1
373,WMS_DOC_SKLAD_IN,15,IO_UNCHECK,12,double,8,0,0,584,1
374,WMS_DOC_SKLAD_OUT,0,IO_DATE,9,long,4,0,0,4,1
374,WMS_DOC_SKLAD_OUT,1,IO_SMETKA,1,text,32,0,0,8,1
374,WMS_DOC_SKLAD_OUT,2,IO_DT_DOC,9,long,4,0,0,40,1
374,WMS_DOC_SKLAD_OUT,3,IO_FIRMA,1,text,48,0,0,44,1
374,WMS_DOC_SKLAD_OUT,4,IO_SM_TYPE,9,long,4,0,0,92,1
374,WMS_DOC_SKLAD_OUT,5,IO_DATETIME,9,long,4,0,0,96,1
374,WMS_DOC_SKLAD_OUT,6,NOTE,1,text,255,0,0,100,1
374,WMS_DOC_SKLAD_OUT,7,PROPS,17,blob,8,0,1,360,1
374,WMS_DOC_SKLAD_OUT,8,IO_SKLAD,1,text,48,0,0,368,1
374,WMS_DOC_SKLAD_OUT,9,IO_GRUPA,1,text,48,0,0,416,1
374,WMS_DOC_SKLAD_OUT,10,IO_STOKA,1,text,48,0,0,464,1
374,WMS_DOC_SKLAD_OUT,11,IO_SER_NO,1,text,48,0,0,512,1
374,WMS_DOC_SKLAD_OUT,12,IO_NUM,9,long,4,0,0,560,1
374,WMS_DOC_SKLAD_OUT,13,IO_KOLICH,12,double,8,0,0,568,1
374,WMS_DOC_SKLAD_OUT,14,IO_REAL_KOLICH,12,double,8,0,0,576,1
374,WMS_DOC_SKLAD_OUT,15,IO_UNCHECK,12,double,8,0,0,584,1
375,WMS_SKLAD_IN,0,IO_DATE,9,long,4,0,0,4,1
375,WMS_SKLAD_IN,1,IO_SMETKA,1,text,32,0,0,8,1
375,WMS_SKLAD_IN,2,IO_DT_DOC,9,long,4,0,0,40,1
375,WMS_SKLAD_IN,3,IO_FIRMA,1,text,48,0,0,44,1
375,WMS_SKLAD_IN,4,IO_SM_TYPE,9,long,4,0,0,92,1
375,WMS_SKLAD_IN,5,IO_DATETIME,9,long,4,0,0,96,1
375,WMS_SKLAD_IN,6,NOTE,1,text,255,0,0,100,1
375,WMS_SKLAD_IN,7,PROPS,17,blob,8,0,1,360,1
375,WMS_SKLAD_IN,8,IO_SKLAD,1,text,48,0,0,368,1
375,WMS_SKLAD_IN,9,IO_GRUPA,1,text,48,0,0,416,1
375,WMS_SKLAD_IN,10,IO_STOKA,1,text,48,0,0,464,1
375,WMS_SKLAD_IN,11,IO_SER_NO,1,text,48,0,0,512,1
375,WMS_SKLAD_IN,12,IO_NUM,9,long,4,0,0,560,1
375,WMS_SKLAD_IN,13,IO_KOLICH,12,double,8,0,0,568,1
375,WMS_SKLAD_IN,14,IO_REAL_KOLICH,12,double,8,0,0,576,1
375,WMS_SKLAD_IN,15,IO_UNCHECK,12,double,8,0,0,584,1
376,WMS_SKLAD_OUT,0,IO_DATE,9,long,4,0,0,4,1
376,WMS_SKLAD_OUT,1,IO_SMETKA,1,text,32,0,0,8,1
376,WMS_SKLAD_OUT,2,IO_DT_DOC,9,long,4,0,0,40,1
376,WMS_SKLAD_OUT,3,IO_FIRMA,1,text,48,0,0,44,1
376,WMS_SKLAD_OUT,4,IO_SM_TYPE,9,long,4,0,0,92,1
376,WMS_SKLAD_OUT,5,IO_DATETIME,9,long,4,0,0,96,1
376,WMS_SKLAD_OUT,6,NOTE,1,text,255,0,0,100,1
376,WMS_SKLAD_OUT,7,PROPS,17,blob,8,0,1,360,1
376,WMS_SKLAD_OUT,8,IO_SKLAD,1,text,48,0,0,368,1
376,WMS_SKLAD_OUT,9,IO_GRUPA,1,text,48,0,0,416,1
376,WMS_SKLAD_OUT,10,IO_STOKA,1,text,48,0,0,464,1
376,WMS_SKLAD_OUT,11,IO_SER_NO,1,text,48,0,0,512,1
376,WMS_SKLAD_OUT,12,IO_NUM,9,long,4,0,0,560,1
376,WMS_SKLAD_OUT,13,IO_KOLICH,12,double,8,0,0,568,1
376,WMS_SKLAD_OUT,14,IO_REAL_KOLICH,12,double,8,0,0,576,1
376,WMS_SKLAD_OUT,15,IO_UNCHECK,12,double,8,0,0,584,1
377,WMS_SKLAD_ALL_IN,0,IO_DATE,9,long,4,0,0,4,1
377,WMS_SKLAD_ALL_IN,1,IO_SMETKA,1,text,32,0,0,8,1
377,WMS_SKLAD_ALL_IN,2,IO_DT_DOC,9,long,4,0,0,40,1
377,WMS_SKLAD_ALL_IN,3,IO_FIRMA,1,text,48,0,0,44,1
377,WMS_SKLAD_ALL_IN,4,IO_SM_TYPE,9,long,4,0,0,92,1
377,WMS_SKLAD_ALL_IN,5,IO_DATETIME,9,long,4,0,0,96,1
377,WMS_SKLAD_ALL_IN,6,NOTE,1,text,255,0,0,100,1
378,WMS_SKLAD_ALL_OUT,0,IO_DATE,9,long,4,0,0,4,1
378,WMS_SKLAD_ALL_OUT,1,IO_SMETKA,1,text,32,0,0,8,1
378,WMS_SKLAD_ALL_OUT,2,IO_DT_DOC,9,long,4,0,0,40,1
378,WMS_SKLAD_ALL_OUT,3,IO_FIRMA,1,text,48,0,0,44,1
378,WMS_SKLAD_ALL_OUT,4,IO_SM_TYPE,9,long,4,0,0,92,1
378,WMS_SKLAD_ALL_OUT,5,IO_DATETIME,9,long,4,0,0,96,1
378,WMS_SKLAD_ALL_OUT,6,NOTE,1,text,255,0,0,100,1
379,DOUBLE_BARCODE,0,BARCODE,1,text,32,0,0,4,1
380,DOUBLE_STOKA,0,STOKA,1,text,48,0,0,4,1
381,DOUBLE_CODE,0,CODE,1,text,255,0,0,4,1
